"title"	"description"	"keywords"	"reward"	"creationtime"	"assignments"	"numavailable"	"numpending"	"numcomplete"	"hitstatus"	"reviewstatus"	"annotation"	"assignmentduration"	"autoapprovaldelay"	"hitlifetime"	"workerid"	"assignmentstatus"	"deadline"	"Answer.item"	"Answer.target_property"	"Answer.logical_property"	"Answer.foil_property"	"Answer.target_position"	"Answer.logical_position"	"Answer.target_frequency"	"Answer.familiarization_cond"	"Answer.participant_response_type_condition"	"Answer.participant_feature_count_condition"	"Answer.linguistic_framing_condition"	"Answer.target_filler_sequence_condition"	"Answer.question_type_condition"	"Answer.manip_check_target"	"Answer.manip_check_dist"	"Answer.manip_check_foil"	"Answer.name_check_correct"	"Answer.choice"	"Answer.choice_correct"	"Answer.money_allocated_to_foil"	"Answer.money_allocated_to_target"	"Answer.money_allocated_to_logical"	"Answer.Likert_value_foil"	"Answer.Likert_value_target"	"Answer.Likert_value_logical"	"Answer.about"	"Answer.comment"	"Answer.age"	"Answer.gender"	"Answer.scale_and_levels_condition"	"Answer.familiarization_present_in_study"	"Answer.top_question_order"	"Answer.middle_question_order"	"Answer.bottom_question_order"	"Answer.image_version"	"Answer.hand_position"
"What is he talking about? (1-2 mins)"	"Short and fun! A 1-2 minute word game about what someone is talking about."	"experiment, psychology, game"	"$0.20"	"Wed May 14 00:04:50 PDT 2014"	"200"	"0"	"0"	"200"	"Reviewable"	"NotReviewed"	"1 scales"	"600"	"60000"	"Wed May 21 00:04:50 PDT 2014"	"S81050"	"Approved"	""	"""sundae"""	"""chocolate"""	"""whipped cream"""	"""cherry"""	"""middle"""	"""right"""	"0"	"-1"	"0"	"2"	"10"	"0"	"0"	"""2"""	"""2"""	"""2"""	"""TRUE"""	"""twin_2"""	"""FALSE"""	"-1"	"-1"	"-1"	"-1"	"-1"	"-1"	"""Bob and Ice Cream"""	"""Odd"""	"""49"""	"""m"""	"8"	"0"	"1"	"2"	"0"	"""3"""	"-1"
"What is he talking about? (1-2 mins)"	"Short and fun! A 1-2 minute word game about what someone is talking about."	"experiment, psychology, game"	"$0.20"	"Wed May 14 00:04:50 PDT 2014"	"200"	"0"	"0"	"200"	"Reviewable"	"NotReviewed"	"1 scales"	"600"	"60000"	"Wed May 21 00:04:50 PDT 2014"	"S53577"	"Approved"	""	"""boat"""	"""sail"""	"""motor"""	"""cabin"""	"""left"""	"""right"""	"0"	"-1"	"0"	"2"	"10"	"0"	"0"	"""2"""	"""2"""	"""2"""	"""TRUE"""	"""twin_2"""	"""FALSE"""	"-1"	"-1"	"-1"	"-1"	"-1"	"-1"	"""How to interpret and choose when there are two valid choices"""	"""Only having the word sail indicates to me a boat with sail but no motor"""	""""""	"""m"""	"8"	"0"	"1"	"0"	"2"	"""3"""	"-1"
"What is he talking about? (1-2 mins)"	"Short and fun! A 1-2 minute word game about what someone is talking about."	"experiment, psychology, game"	"$0.20"	"Wed May 14 00:04:50 PDT 2014"	"200"	"0"	"0"	"200"	"Reviewable"	"NotReviewed"	"1 scales"	"600"	"60000"	"Wed May 21 00:04:50 PDT 2014"	"S98442"	"Approved"	""	"""snowman"""	"""mittens"""	"""scarf"""	"""hat"""	"""right"""	"""middle"""	"0"	"-1"	"0"	"2"	"10"	"0"	"0"	"""2"""	"""2"""	"""2"""	"""TRUE"""	"""odd_one"""	"""FALSE"""	"-1"	"-1"	"-1"	"-1"	"-1"	"-1"	"""snowmen"""	""""""	""""""	""""""	"8"	"0"	"0"	"1"	"2"	"""3"""	"-1"
"What is he talking about? (1-2 mins)"	"Short and fun! A 1-2 minute word game about what someone is talking about."	"experiment, psychology, game"	"$0.20"	"Wed May 14 00:04:50 PDT 2014"	"200"	"0"	"0"	"200"	"Reviewable"	"NotReviewed"	"1 scales"	"600"	"60000"	"Wed May 21 00:04:50 PDT 2014"	"S83403"	"Approved"	""	"""friend"""	"""glasses"""	"""hat"""	"""mustache"""	"""left"""	"""right"""	"0"	"-1"	"0"	"2"	"10"	"0"	"0"	"""2"""	"""2"""	"""2"""	"""TRUE"""	"""twin_1"""	"""FALSE"""	"-1"	"-1"	"-1"	"-1"	"-1"	"-1"	"""What Bob means when he says glasses"""	"""Interesting survey"""	"""30"""	"""m"""	"8"	"0"	"2"	"0"	"1"	"""3"""	"-1"
"What is he talking about? (1-2 mins)"	"Short and fun! A 1-2 minute word game about what someone is talking about."	"experiment, psychology, game"	"$0.20"	"Wed May 14 00:04:50 PDT 2014"	"200"	"0"	"0"	"200"	"Reviewable"	"NotReviewed"	"1 scales"	"600"	"60000"	"Wed May 21 00:04:50 PDT 2014"	"S53120"	"Approved"	""	"""boat"""	"""sail"""	"""cabin"""	"""motor"""	"""left"""	"""right"""	"0"	"-1"	"0"	"2"	"10"	"0"	"0"	"""2"""	"""2"""	"""2"""	"""TRUE"""	"""twin_1"""	"""FALSE"""	"-1"	"-1"	"-1"	"-1"	"-1"	"-1"	"""boats!"""	""""""	"""28"""	"""f"""	"8"	"0"	"1"	"2"	"0"	"""3"""	"-1"
"What is he talking about? (1-2 mins)"	"Short and fun! A 1-2 minute word game about what someone is talking about."	"experiment, psychology, game"	"$0.20"	"Wed May 14 00:04:50 PDT 2014"	"200"	"0"	"0"	"200"	"Reviewable"	"NotReviewed"	"1 scales"	"600"	"60000"	"Wed May 21 00:04:50 PDT 2014"	"S85487"	"Approved"	""	"""Christmas tree"""	"""lights"""	"""ornaments"""	"""star"""	"""left"""	"""middle"""	"0"	"-1"	"0"	"2"	"9"	"0"	"0"	"""2"""	"""2"""	"""2"""	"""TRUE"""	"""odd_one"""	"""FALSE"""	"-1"	"-1"	"-1"	"-1"	"-1"	"-1"	"""Christmas trees"""	""""""	"""30"""	"""F"""	"8"	"0"	"2"	"0"	"1"	"""3"""	"0"
"What is he talking about? (1-2 mins)"	"Short and fun! A 1-2 minute word game about what someone is talking about."	"experiment, psychology, game"	"$0.20"	"Wed May 14 00:04:50 PDT 2014"	"200"	"0"	"0"	"200"	"Reviewable"	"NotReviewed"	"1 scales"	"600"	"60000"	"Wed May 21 00:04:50 PDT 2014"	"S40530"	"Approved"	""	"""sundae"""	"""whipped cream"""	"""chocolate"""	"""cherry"""	"""right"""	"""middle"""	"0"	"-1"	"0"	"2"	"10"	"0"	"0"	"""2"""	"""2"""	"""2"""	"""TRUE"""	"""twin_2"""	"""FALSE"""	"-1"	"-1"	"-1"	"-1"	"-1"	"-1"	"""My perception of one word meanings."""	"""No comments, thanks"""	"""55"""	"""f"""	"8"	"0"	"0"	"1"	"2"	"""3"""	"-1"
"What is he talking about? (1-2 mins)"	"Short and fun! A 1-2 minute word game about what someone is talking about."	"experiment, psychology, game"	"$0.20"	"Wed May 14 00:04:50 PDT 2014"	"200"	"0"	"0"	"200"	"Reviewable"	"NotReviewed"	"1 scales"	"600"	"60000"	"Wed May 21 00:04:50 PDT 2014"	"S02510"	"Approved"	""	"""snowman"""	"""hat"""	"""scarf"""	"""mittens"""	"""right"""	"""left"""	"0"	"-1"	"0"	"2"	"10"	"0"	"0"	"""2"""	"""2"""	"""2"""	"""TRUE"""	"""odd_one"""	"""FALSE"""	"-1"	"-1"	"-1"	"-1"	"-1"	"-1"	"""snowmen"""	"""I love snowmen!"""	"""21"""	"""Male"""	"8"	"0"	"2"	"1"	"0"	"""3"""	"-1"
"What is he talking about? (1-2 mins)"	"Short and fun! A 1-2 minute word game about what someone is talking about."	"experiment, psychology, game"	"$0.20"	"Wed May 14 00:04:50 PDT 2014"	"200"	"0"	"0"	"200"	"Reviewable"	"NotReviewed"	"1 scales"	"600"	"60000"	"Wed May 21 00:04:50 PDT 2014"	"S80644"	"Approved"	""	"""friend"""	"""hat"""	"""glasses"""	"""mustache"""	"""left"""	"""right"""	"0"	"-1"	"0"	"2"	"9"	"0"	"0"	"""2"""	"""2"""	"""2"""	"""TRUE"""	"""twin_1"""	"""FALSE"""	"-1"	"-1"	"-1"	"-1"	"-1"	"-1"	"""The survey was about Bob visiting a friend and which friend."""	""""""	"""31"""	"""m"""	"8"	"0"	"0"	"2"	"1"	"""3"""	"1"
"What is he talking about? (1-2 mins)"	"Short and fun! A 1-2 minute word game about what someone is talking about."	"experiment, psychology, game"	"$0.20"	"Wed May 14 00:04:50 PDT 2014"	"200"	"0"	"0"	"200"	"Reviewable"	"NotReviewed"	"1 scales"	"600"	"60000"	"Wed May 21 00:04:50 PDT 2014"	"S03480"	"Approved"	""	"""boat"""	"""cabin"""	"""motor"""	"""sail"""	"""middle"""	"""left"""	"0"	"-1"	"0"	"2"	"10"	"0"	"0"	"""2"""	"""2"""	"""2"""	"""TRUE"""	"""twin_2"""	"""FALSE"""	"-1"	"-1"	"-1"	"-1"	"-1"	"-1"	"""No clue!  """	""""""	"""32"""	"""F"""	"8"	"0"	"2"	"0"	"1"	"""3"""	"-1"
"What is he talking about? (1-2 mins)"	"Short and fun! A 1-2 minute word game about what someone is talking about."	"experiment, psychology, game"	"$0.20"	"Wed May 14 00:04:50 PDT 2014"	"200"	"0"	"0"	"200"	"Reviewable"	"NotReviewed"	"1 scales"	"600"	"60000"	"Wed May 21 00:04:50 PDT 2014"	"S24716"	"Approved"	""	"""Christmas tree"""	"""lights"""	"""star"""	"""ornaments"""	"""left"""	"""middle"""	"0"	"-1"	"0"	"2"	"9"	"0"	"0"	"""2"""	"""2"""	"""2"""	"""TRUE"""	"""twin_2"""	"""FALSE"""	"-1"	"-1"	"-1"	"-1"	"-1"	"-1"	"""things that bob liked"""	""""""	"""43"""	"""m"""	"8"	"0"	"0"	"1"	"2"	"""3"""	"0"
"What is he talking about? (1-2 mins)"	"Short and fun! A 1-2 minute word game about what someone is talking about."	"experiment, psychology, game"	"$0.20"	"Wed May 14 00:04:50 PDT 2014"	"200"	"0"	"0"	"200"	"Reviewable"	"NotReviewed"	"1 scales"	"600"	"60000"	"Wed May 21 00:04:50 PDT 2014"	"S77629"	"Approved"	""	"""pizza"""	"""olives"""	"""mushrooms"""	"""peppers"""	"""left"""	"""middle"""	"0"	"-1"	"0"	"2"	"10"	"0"	"0"	"""2"""	"""2"""	"""2"""	"""TRUE"""	"""twin_1"""	"""FALSE"""	"-1"	"-1"	"-1"	"-1"	"-1"	"-1"	"""which pizza Bob wanted when he said \""Olives\"""""	"""no"""	"""53"""	"""f"""	"8"	"0"	"2"	"0"	"1"	"""3"""	"-1"
"What is he talking about? (1-2 mins)"	"Short and fun! A 1-2 minute word game about what someone is talking about."	"experiment, psychology, game"	"$0.20"	"Wed May 14 00:04:50 PDT 2014"	"200"	"0"	"0"	"200"	"Reviewable"	"NotReviewed"	"1 scales"	"600"	"60000"	"Wed May 21 00:04:50 PDT 2014"	"S52901"	"Approved"	""	"""snowman"""	"""hat"""	"""scarf"""	"""mittens"""	"""right"""	"""left"""	"0"	"-1"	"0"	"2"	"10"	"0"	"0"	"""2"""	"""2"""	"""2"""	"""TRUE"""	"""twin_2"""	"""FALSE"""	"-1"	"-1"	"-1"	"-1"	"-1"	"-1"	"""No idea!! Perceptions????"""	"""Strange but interesting --Thanks!"""	"""59"""	"""f"""	"8"	"0"	"0"	"2"	"1"	"""3"""	"-1"
"What is he talking about? (1-2 mins)"	"Short and fun! A 1-2 minute word game about what someone is talking about."	"experiment, psychology, game"	"$0.20"	"Wed May 14 00:04:50 PDT 2014"	"200"	"0"	"0"	"200"	"Reviewable"	"NotReviewed"	"1 scales"	"600"	"60000"	"Wed May 21 00:04:50 PDT 2014"	"S17599"	"Approved"	""	"""Christmas tree"""	"""star"""	"""lights"""	"""ornaments"""	"""right"""	"""middle"""	"0"	"-1"	"0"	"2"	"10"	"0"	"0"	"""2"""	"""2"""	"""2"""	"""TRUE"""	"""odd_one"""	"""FALSE"""	"-1"	"-1"	"-1"	"-1"	"-1"	"-1"	"""Language and empathy"""	"""Bob wants to put a star on the third tree."""	"""38"""	"""F"""	"8"	"0"	"2"	"1"	"0"	"""3"""	"-1"
"What is he talking about? (1-2 mins)"	"Short and fun! A 1-2 minute word game about what someone is talking about."	"experiment, psychology, game"	"$0.20"	"Wed May 14 00:04:50 PDT 2014"	"200"	"0"	"0"	"200"	"Reviewable"	"NotReviewed"	"1 scales"	"600"	"60000"	"Wed May 21 00:04:50 PDT 2014"	"S60287"	"Approved"	""	"""friend"""	"""mustache"""	"""glasses"""	"""hat"""	"""middle"""	"""left"""	"0"	"-1"	"0"	"2"	"10"	"0"	"0"	"""2"""	"""2"""	"""2"""	"""FALSE"""	"""twin_2"""	"""FALSE"""	"-1"	"-1"	"-1"	"-1"	"-1"	"-1"	"""Identification."""	"""Nope."""	"""25."""	"""f"""	"8"	"0"	"0"	"1"	"2"	"""3"""	"-1"
"What is he talking about? (1-2 mins)"	"Short and fun! A 1-2 minute word game about what someone is talking about."	"experiment, psychology, game"	"$0.20"	"Wed May 14 00:04:50 PDT 2014"	"200"	"0"	"0"	"200"	"Reviewable"	"NotReviewed"	"1 scales"	"600"	"60000"	"Wed May 21 00:04:50 PDT 2014"	"S56257"	"Approved"	""	"""Christmas tree"""	"""lights"""	"""star"""	"""ornaments"""	"""left"""	"""middle"""	"0"	"-1"	"0"	"2"	"9"	"0"	"0"	"""2"""	"""2"""	"""2"""	"""TRUE"""	"""twin_1"""	"""FALSE"""	"-1"	"-1"	"-1"	"-1"	"-1"	"-1"	"""unsure"""	"""n/a"""	"""29"""	"""m"""	"8"	"0"	"1"	"2"	"0"	"""3"""	"0"
"What is he talking about? (1-2 mins)"	"Short and fun! A 1-2 minute word game about what someone is talking about."	"experiment, psychology, game"	"$0.20"	"Wed May 14 00:04:50 PDT 2014"	"200"	"0"	"0"	"200"	"Reviewable"	"NotReviewed"	"1 scales"	"600"	"60000"	"Wed May 21 00:04:50 PDT 2014"	"S62804"	"Approved"	""	"""pizza"""	"""mushrooms"""	"""peppers"""	"""olives"""	"""left"""	"""right"""	"0"	"-1"	"0"	"2"	"9"	"0"	"0"	"""2"""	"""2"""	"""2"""	"""TRUE"""	"""twin_2"""	"""FALSE"""	"-1"	"-1"	"-1"	"-1"	"-1"	"-1"	"""pizza"""	"""no"""	"""25"""	"""m"""	"8"	"0"	"1"	"0"	"2"	"""3"""	"0"
"What is he talking about? (1-2 mins)"	"Short and fun! A 1-2 minute word game about what someone is talking about."	"experiment, psychology, game"	"$0.20"	"Wed May 14 00:04:50 PDT 2014"	"200"	"0"	"0"	"200"	"Reviewable"	"NotReviewed"	"1 scales"	"600"	"60000"	"Wed May 21 00:04:50 PDT 2014"	"S60228"	"Approved"	""	"""friend"""	"""hat"""	"""glasses"""	"""mustache"""	"""left"""	"""middle"""	"0"	"-1"	"0"	"2"	"9"	"0"	"0"	"""2"""	"""2"""	"""2"""	"""TRUE"""	"""twin_1"""	"""FALSE"""	"-1"	"-1"	"-1"	"-1"	"-1"	"-1"	"""visual leanings.how you identify with visual characteristics"""	""""""	"""39"""	"""f"""	"8"	"0"	"2"	"1"	"0"	"""3"""	"1"
"What is he talking about? (1-2 mins)"	"Short and fun! A 1-2 minute word game about what someone is talking about."	"experiment, psychology, game"	"$0.20"	"Wed May 14 00:04:50 PDT 2014"	"200"	"0"	"0"	"200"	"Reviewable"	"NotReviewed"	"1 scales"	"600"	"60000"	"Wed May 21 00:04:50 PDT 2014"	"S02915"	"Approved"	""	"""friend"""	"""glasses"""	"""mustache"""	"""hat"""	"""right"""	"""left"""	"0"	"-1"	"0"	"2"	"10"	"0"	"0"	"""2"""	"""2"""	"""2"""	"""TRUE"""	"""twin_1"""	"""FALSE"""	"-1"	"-1"	"-1"	"-1"	"-1"	"-1"	"""diversion of attention"""	"""you got me!"""	"""38"""	"""f"""	"8"	"0"	"0"	"2"	"1"	"""3"""	"-1"
"What is he talking about? (1-2 mins)"	"Short and fun! A 1-2 minute word game about what someone is talking about."	"experiment, psychology, game"	"$0.20"	"Wed May 14 00:04:50 PDT 2014"	"200"	"0"	"0"	"200"	"Reviewable"	"NotReviewed"	"1 scales"	"600"	"60000"	"Wed May 21 00:04:50 PDT 2014"	"S94586"	"Approved"	""	"""snowman"""	"""hat"""	"""mittens"""	"""scarf"""	"""left"""	"""middle"""	"0"	"-1"	"0"	"2"	"9"	"0"	"0"	"""2"""	"""2"""	"""2"""	"""TRUE"""	"""twin_2"""	"""FALSE"""	"-1"	"-1"	"-1"	"-1"	"-1"	"-1"	"""bob's snowmen"""	""""""	"""29"""	"""m"""	"8"	"0"	"0"	"2"	"1"	"""3"""	"2"
"What is he talking about? (1-2 mins)"	"Short and fun! A 1-2 minute word game about what someone is talking about."	"experiment, psychology, game"	"$0.20"	"Wed May 14 00:04:50 PDT 2014"	"200"	"0"	"0"	"200"	"Reviewable"	"NotReviewed"	"1 scales"	"600"	"60000"	"Wed May 21 00:04:50 PDT 2014"	"S49375"	"Approved"	""	"""boat"""	"""motor"""	"""cabin"""	"""sail"""	"""middle"""	"""left"""	"0"	"-1"	"0"	"2"	"9"	"0"	"0"	"""2"""	"""2"""	"""2"""	"""TRUE"""	"""twin_1"""	"""FALSE"""	"-1"	"-1"	"-1"	"-1"	"-1"	"-1"	"""interpret what someone means when he did not describe the correct things in speech"""	"""n/a"""	"""29"""	"""f"""	"8"	"0"	"0"	"2"	"1"	"""3"""	"2"
"What is he talking about? (1-2 mins)"	"Short and fun! A 1-2 minute word game about what someone is talking about."	"experiment, psychology, game"	"$0.20"	"Wed May 14 00:04:50 PDT 2014"	"200"	"0"	"0"	"200"	"Reviewable"	"NotReviewed"	"1 scales"	"600"	"60000"	"Wed May 21 00:04:50 PDT 2014"	"S10231"	"Approved"	""	"""pizza"""	"""peppers"""	"""mushrooms"""	"""olives"""	"""right"""	"""middle"""	"0"	"-1"	"0"	"2"	"10"	"0"	"0"	"""2"""	"""2"""	"""2"""	"""TRUE"""	"""twin_2"""	"""FALSE"""	"-1"	"-1"	"-1"	"-1"	"-1"	"-1"	"""Choosing which pizza Bob ate, but why? I have no idea."""	"""Very quick survey. Thank you."""	"""44"""	"""m"""	"8"	"0"	"2"	"1"	"0"	"""3"""	"-1"
"What is he talking about? (1-2 mins)"	"Short and fun! A 1-2 minute word game about what someone is talking about."	"experiment, psychology, game"	"$0.20"	"Wed May 14 00:04:50 PDT 2014"	"200"	"0"	"0"	"200"	"Reviewable"	"NotReviewed"	"1 scales"	"600"	"60000"	"Wed May 21 00:04:50 PDT 2014"	"S68701"	"Approved"	""	"""Christmas tree"""	"""ornaments"""	"""star"""	"""lights"""	"""left"""	"""right"""	"0"	"-1"	"0"	"2"	"9"	"0"	"0"	"""2"""	"""2"""	"""2"""	"""TRUE"""	"""twin_1"""	"""FALSE"""	"-1"	"-1"	"-1"	"-1"	"-1"	"-1"	"""Apparently about the perception of ornaments versus lights in the representation."""	"""My interpretation was subjective in that I viewed the yellow dots as more likely to be lights than the purple dots."""	"""56"""	"""f"""	"8"	"0"	"2"	"1"	"0"	"""3"""	"1"
"What is he talking about? (1-2 mins)"	"Short and fun! A 1-2 minute word game about what someone is talking about."	"experiment, psychology, game"	"$0.20"	"Wed May 14 00:04:50 PDT 2014"	"200"	"0"	"0"	"200"	"Reviewable"	"NotReviewed"	"1 scales"	"600"	"60000"	"Wed May 21 00:04:50 PDT 2014"	"S82706"	"Approved"	""	"""friend"""	"""hat"""	"""mustache"""	"""glasses"""	"""middle"""	"""right"""	"0"	"-1"	"0"	"2"	"9"	"0"	"0"	"""2"""	"""2"""	"""2"""	"""TRUE"""	"""odd_one"""	"""FALSE"""	"-1"	"-1"	"-1"	"-1"	"-1"	"-1"	"""decisions"""	"""ok"""	""""""	"""m"""	"8"	"0"	"1"	"0"	"2"	"""3"""	"1"
"What is he talking about? (1-2 mins)"	"Short and fun! A 1-2 minute word game about what someone is talking about."	"experiment, psychology, game"	"$0.20"	"Wed May 14 00:04:50 PDT 2014"	"200"	"0"	"0"	"200"	"Reviewable"	"NotReviewed"	"1 scales"	"600"	"60000"	"Wed May 21 00:04:50 PDT 2014"	"S26765"	"Approved"	""	"""boat"""	"""cabin"""	"""sail"""	"""motor"""	"""middle"""	"""right"""	"0"	"-1"	"0"	"2"	"10"	"0"	"0"	"""2"""	"""2"""	"""2"""	"""FALSE"""	"""odd_one"""	"""FALSE"""	"-1"	"-1"	"-1"	"-1"	"-1"	"-1"	"""joe renting a boat"""	"""none"""	"""35"""	"""m"""	"8"	"0"	"0"	"1"	"2"	"""3"""	"-1"
"What is he talking about? (1-2 mins)"	"Short and fun! A 1-2 minute word game about what someone is talking about."	"experiment, psychology, game"	"$0.20"	"Wed May 14 00:04:50 PDT 2014"	"200"	"0"	"0"	"200"	"Reviewable"	"NotReviewed"	"1 scales"	"600"	"60000"	"Wed May 21 00:04:50 PDT 2014"	"S00234"	"Approved"	""	"""pizza"""	"""peppers"""	"""mushrooms"""	"""olives"""	"""left"""	"""middle"""	"0"	"-1"	"0"	"2"	"10"	"0"	"0"	"""2"""	"""2"""	"""2"""	"""TRUE"""	"""twin_2"""	"""FALSE"""	"-1"	"-1"	"-1"	"-1"	"-1"	"-1"	"""Choices and communication"""	"""You can not make assumptions when there are two pizzas with peppers! Can he point?"""	"""29"""	"""f"""	"8"	"0"	"0"	"2"	"1"	"""3"""	"-1"
"What is he talking about? (1-2 mins)"	"Short and fun! A 1-2 minute word game about what someone is talking about."	"experiment, psychology, game"	"$0.20"	"Wed May 14 00:04:50 PDT 2014"	"200"	"0"	"0"	"200"	"Reviewable"	"NotReviewed"	"1 scales"	"600"	"60000"	"Wed May 21 00:04:50 PDT 2014"	"S61905"	"Approved"	""	"""friend"""	"""hat"""	"""mustache"""	"""glasses"""	"""right"""	"""left"""	"0"	"-1"	"0"	"2"	"9"	"0"	"0"	"""2"""	"""2"""	"""2"""	"""TRUE"""	"""twin_2"""	"""FALSE"""	"-1"	"-1"	"-1"	"-1"	"-1"	"-1"	"""Which friend Bob pointed to"""	""""""	"""23"""	"""f"""	"8"	"0"	"1"	"0"	"2"	"""3"""	"0"
"What is he talking about? (1-2 mins)"	"Short and fun! A 1-2 minute word game about what someone is talking about."	"experiment, psychology, game"	"$0.20"	"Wed May 14 00:04:50 PDT 2014"	"200"	"0"	"0"	"200"	"Reviewable"	"NotReviewed"	"1 scales"	"600"	"60000"	"Wed May 21 00:04:50 PDT 2014"	"S34983"	"Approved"	""	"""Christmas tree"""	"""ornaments"""	"""star"""	"""lights"""	"""middle"""	"""right"""	"0"	"-1"	"0"	"2"	"10"	"0"	"0"	"""2"""	"""2"""	"""2"""	"""TRUE"""	"""twin_1"""	"""FALSE"""	"-1"	"-1"	"-1"	"-1"	"-1"	"-1"	"""language"""	""""""	"""36"""	"""f"""	"8"	"0"	"1"	"2"	"0"	"""3"""	"-1"
"What is he talking about? (1-2 mins)"	"Short and fun! A 1-2 minute word game about what someone is talking about."	"experiment, psychology, game"	"$0.20"	"Wed May 14 00:04:50 PDT 2014"	"200"	"0"	"0"	"200"	"Reviewable"	"NotReviewed"	"1 scales"	"600"	"60000"	"Wed May 21 00:04:50 PDT 2014"	"S76991"	"Approved"	""	"""snowman"""	"""scarf"""	"""mittens"""	"""hat"""	"""middle"""	"""left"""	"0"	"-1"	"0"	"2"	"10"	"0"	"0"	"""2"""	"""2"""	"""2"""	"""TRUE"""	"""twin_1"""	"""FALSE"""	"-1"	"-1"	"-1"	"-1"	"-1"	"-1"	"""which snowman Bob refers to when he says scarf"""	"""no"""	"""36"""	"""f"""	"8"	"0"	"0"	"2"	"1"	"""3"""	"-1"
"What is he talking about? (1-2 mins)"	"Short and fun! A 1-2 minute word game about what someone is talking about."	"experiment, psychology, game"	"$0.20"	"Wed May 14 00:04:50 PDT 2014"	"200"	"0"	"0"	"200"	"Reviewable"	"NotReviewed"	"1 scales"	"600"	"60000"	"Wed May 21 00:04:50 PDT 2014"	"S53089"	"Approved"	""	"""snowman"""	"""scarf"""	"""hat"""	"""mittens"""	"""middle"""	"""left"""	"0"	"-1"	"0"	"2"	"10"	"0"	"0"	"""2"""	"""2"""	"""2"""	"""TRUE"""	"""twin_1"""	"""FALSE"""	"-1"	"-1"	"-1"	"-1"	"-1"	"-1"	"""Intepreting the meaning of Bob's statement."""	"""Wow, it really is a short survey!"""	"""57"""	"""f"""	"8"	"0"	"2"	"1"	"0"	"""3"""	"-1"
"What is he talking about? (1-2 mins)"	"Short and fun! A 1-2 minute word game about what someone is talking about."	"experiment, psychology, game"	"$0.20"	"Wed May 14 00:04:50 PDT 2014"	"200"	"0"	"0"	"200"	"Reviewable"	"NotReviewed"	"1 scales"	"600"	"60000"	"Wed May 21 00:04:50 PDT 2014"	"S59560"	"Approved"	""	"""Christmas tree"""	"""star"""	"""lights"""	"""ornaments"""	"""left"""	"""right"""	"0"	"-1"	"0"	"2"	"10"	"0"	"0"	"""2"""	"""2"""	"""2"""	"""TRUE"""	"""twin_1"""	"""FALSE"""	"-1"	"-1"	"-1"	"-1"	"-1"	"-1"	"""christmas trees"""	"""no"""	"""31"""	"""f"""	"8"	"0"	"2"	"1"	"0"	"""3"""	"-1"
"What is he talking about? (1-2 mins)"	"Short and fun! A 1-2 minute word game about what someone is talking about."	"experiment, psychology, game"	"$0.20"	"Wed May 14 00:04:50 PDT 2014"	"200"	"0"	"0"	"200"	"Reviewable"	"NotReviewed"	"1 scales"	"600"	"60000"	"Wed May 21 00:04:50 PDT 2014"	"S54219"	"Approved"	""	"""sundae"""	"""chocolate"""	"""cherry"""	"""whipped cream"""	"""left"""	"""right"""	"0"	"-1"	"0"	"2"	"9"	"0"	"0"	"""2"""	"""2"""	"""2"""	"""TRUE"""	"""twin_2"""	"""FALSE"""	"-1"	"-1"	"-1"	"-1"	"-1"	"-1"	"""interpreting what people mean"""	"""I wish I had some ice cream."""	"""32"""	"""f"""	"8"	"0"	"1"	"2"	"0"	"""3"""	"1"
"What is he talking about? (1-2 mins)"	"Short and fun! A 1-2 minute word game about what someone is talking about."	"experiment, psychology, game"	"$0.20"	"Wed May 14 00:04:50 PDT 2014"	"200"	"0"	"0"	"200"	"Reviewable"	"NotReviewed"	"1 scales"	"600"	"60000"	"Wed May 21 00:04:50 PDT 2014"	"S58260"	"Approved"	""	"""sundae"""	"""cherry"""	"""chocolate"""	"""whipped cream"""	"""left"""	"""right"""	"0"	"-1"	"0"	"2"	"9"	"0"	"0"	"""2"""	"""2"""	"""2"""	"""TRUE"""	"""twin_2"""	"""FALSE"""	"-1"	"-1"	"-1"	"-1"	"-1"	"-1"	"""Ice Cream Sundaes"""	"""No"""	"""34"""	"""f"""	"8"	"0"	"2"	"0"	"1"	"""3"""	"2"
"What is he talking about? (1-2 mins)"	"Short and fun! A 1-2 minute word game about what someone is talking about."	"experiment, psychology, game"	"$0.20"	"Wed May 14 00:04:50 PDT 2014"	"200"	"0"	"0"	"200"	"Reviewable"	"NotReviewed"	"1 scales"	"600"	"60000"	"Wed May 21 00:04:50 PDT 2014"	"S45296"	"Approved"	""	"""pizza"""	"""mushrooms"""	"""olives"""	"""peppers"""	"""right"""	"""left"""	"0"	"-1"	"0"	"2"	"10"	"0"	"0"	"""2"""	"""2"""	"""2"""	"""TRUE"""	"""twin_1"""	"""FALSE"""	"-1"	"-1"	"-1"	"-1"	"-1"	"-1"	"""mushroom pizza"""	"""no"""	"""20"""	"""f"""	"8"	"0"	"0"	"1"	"2"	"""3"""	"-1"
"What is he talking about? (1-2 mins)"	"Short and fun! A 1-2 minute word game about what someone is talking about."	"experiment, psychology, game"	"$0.20"	"Wed May 14 00:04:50 PDT 2014"	"200"	"0"	"0"	"200"	"Reviewable"	"NotReviewed"	"1 scales"	"600"	"60000"	"Wed May 21 00:04:50 PDT 2014"	"S55760"	"Approved"	""	"""sundae"""	"""chocolate"""	"""cherry"""	"""whipped cream"""	"""right"""	"""left"""	"0"	"-1"	"0"	"2"	"10"	"0"	"0"	"""2"""	"""2"""	"""2"""	"""TRUE"""	"""twin_1"""	"""FALSE"""	"-1"	"-1"	"-1"	"-1"	"-1"	"-1"	"""what bob liked"""	"""nope"""	"""24"""	"""m"""	"8"	"0"	"2"	"0"	"1"	"""3"""	"-1"
"What is he talking about? (1-2 mins)"	"Short and fun! A 1-2 minute word game about what someone is talking about."	"experiment, psychology, game"	"$0.20"	"Wed May 14 00:04:50 PDT 2014"	"200"	"0"	"0"	"200"	"Reviewable"	"NotReviewed"	"1 scales"	"600"	"60000"	"Wed May 21 00:04:50 PDT 2014"	"S06293"	"Approved"	""	"""boat"""	"""cabin"""	"""sail"""	"""motor"""	"""middle"""	"""right"""	"0"	"-1"	"0"	"2"	"10"	"0"	"0"	"""2"""	"""2"""	"""2"""	"""TRUE"""	"""twin_2"""	"""FALSE"""	"-1"	"-1"	"-1"	"-1"	"-1"	"-1"	"""What bob wanted"""	""""""	"""27"""	"""Female"""	"8"	"0"	"0"	"2"	"1"	"""3"""	"-1"
"What is he talking about? (1-2 mins)"	"Short and fun! A 1-2 minute word game about what someone is talking about."	"experiment, psychology, game"	"$0.20"	"Wed May 14 00:04:50 PDT 2014"	"200"	"0"	"0"	"200"	"Reviewable"	"NotReviewed"	"1 scales"	"600"	"60000"	"Wed May 21 00:04:50 PDT 2014"	"S75006"	"Approved"	""	"""Christmas tree"""	"""ornaments"""	"""star"""	"""lights"""	"""right"""	"""middle"""	"0"	"-1"	"0"	"2"	"10"	"0"	"0"	"""2"""	"""2"""	"""2"""	"""TRUE"""	"""twin_2"""	"""FALSE"""	"-1"	"-1"	"-1"	"-1"	"-1"	"-1"	"""Bob likes to trim Christmas trees. Determining from one word which tree Bob likes."""	"""No"""	"""21"""	"""m"""	"8"	"0"	"1"	"2"	"0"	"""3"""	"-1"
"What is he talking about? (1-2 mins)"	"Short and fun! A 1-2 minute word game about what someone is talking about."	"experiment, psychology, game"	"$0.20"	"Wed May 14 00:04:50 PDT 2014"	"200"	"0"	"0"	"200"	"Reviewable"	"NotReviewed"	"1 scales"	"600"	"60000"	"Wed May 21 00:04:50 PDT 2014"	"S13479"	"Approved"	""	"""boat"""	"""cabin"""	"""motor"""	"""sail"""	"""left"""	"""middle"""	"0"	"-1"	"0"	"2"	"10"	"0"	"0"	"""2"""	"""2"""	"""2"""	"""TRUE"""	"""twin_2"""	"""FALSE"""	"-1"	"-1"	"-1"	"-1"	"-1"	"-1"	"""figuring out what Bob was referring to correctly"""	"""None"""	"""40"""	"""f"""	"8"	"0"	"0"	"2"	"1"	"""3"""	"-1"
"What is he talking about? (1-2 mins)"	"Short and fun! A 1-2 minute word game about what someone is talking about."	"experiment, psychology, game"	"$0.20"	"Wed May 14 00:04:50 PDT 2014"	"200"	"0"	"0"	"200"	"Reviewable"	"NotReviewed"	"1 scales"	"600"	"60000"	"Wed May 21 00:04:50 PDT 2014"	"S53902"	"Approved"	""	"""pizza"""	"""olives"""	"""mushrooms"""	"""peppers"""	"""right"""	"""left"""	"0"	"-1"	"0"	"2"	"10"	"0"	"0"	"""2"""	"""2"""	"""2"""	"""TRUE"""	"""odd_one"""	"""FALSE"""	"-1"	"-1"	"-1"	"-1"	"-1"	"-1"	"""Communication cues"""	""""""	"""24"""	"""m"""	"8"	"0"	"0"	"1"	"2"	"""3"""	"-1"
"What is he talking about? (1-2 mins)"	"Short and fun! A 1-2 minute word game about what someone is talking about."	"experiment, psychology, game"	"$0.20"	"Wed May 14 00:04:50 PDT 2014"	"200"	"0"	"0"	"200"	"Reviewable"	"NotReviewed"	"1 scales"	"600"	"60000"	"Wed May 21 00:04:50 PDT 2014"	"S68457"	"Approved"	""	"""friend"""	"""mustache"""	"""glasses"""	"""hat"""	"""right"""	"""middle"""	"0"	"-1"	"0"	"2"	"10"	"0"	"0"	"""2"""	"""2"""	"""2"""	"""TRUE"""	"""twin_1"""	"""FALSE"""	"-1"	"-1"	"-1"	"-1"	"-1"	"-1"	"""Which friend bob will visit on sunday"""	"""I dont understand the purpose of this survey"""	"""23"""	"""f"""	"8"	"0"	"1"	"2"	"0"	"""3"""	"-1"
"What is he talking about? (1-2 mins)"	"Short and fun! A 1-2 minute word game about what someone is talking about."	"experiment, psychology, game"	"$0.20"	"Wed May 14 00:04:50 PDT 2014"	"200"	"0"	"0"	"200"	"Reviewable"	"NotReviewed"	"1 scales"	"600"	"60000"	"Wed May 21 00:04:50 PDT 2014"	"S52016"	"Approved"	""	"""Christmas tree"""	"""lights"""	"""ornaments"""	"""star"""	"""middle"""	"""right"""	"0"	"-1"	"0"	"2"	"10"	"0"	"0"	"""2"""	"""2"""	"""2"""	"""TRUE"""	"""odd_one"""	"""FALSE"""	"-1"	"-1"	"-1"	"-1"	"-1"	"-1"	"""Interpreting word choice"""	""""""	""""""	"""m"""	"8"	"0"	"0"	"2"	"1"	"""3"""	"-1"
"What is he talking about? (1-2 mins)"	"Short and fun! A 1-2 minute word game about what someone is talking about."	"experiment, psychology, game"	"$0.20"	"Wed May 14 00:04:50 PDT 2014"	"200"	"0"	"0"	"200"	"Reviewable"	"NotReviewed"	"1 scales"	"600"	"60000"	"Wed May 21 00:04:50 PDT 2014"	"S27125"	"Approved"	""	"""friend"""	"""mustache"""	"""hat"""	"""glasses"""	"""left"""	"""middle"""	"0"	"-1"	"0"	"2"	"9"	"0"	"0"	"""2"""	"""2"""	"""2"""	"""TRUE"""	"""twin_1"""	"""FALSE"""	"-1"	"-1"	"-1"	"-1"	"-1"	"-1"	"""Details about bob visiting friends"""	"""no"""	"""23"""	"""f"""	"8"	"0"	"1"	"2"	"0"	"""3"""	"1"
"What is he talking about? (1-2 mins)"	"Short and fun! A 1-2 minute word game about what someone is talking about."	"experiment, psychology, game"	"$0.20"	"Wed May 14 00:04:50 PDT 2014"	"200"	"0"	"0"	"200"	"Reviewable"	"NotReviewed"	"1 scales"	"600"	"60000"	"Wed May 21 00:04:50 PDT 2014"	"S12591"	"Approved"	""	"""pizza"""	"""peppers"""	"""olives"""	"""mushrooms"""	"""left"""	"""right"""	"0"	"-1"	"0"	"2"	"9"	"0"	"0"	"""2"""	"""2"""	"""2"""	"""TRUE"""	"""odd_one"""	"""FALSE"""	"-1"	"-1"	"-1"	"-1"	"-1"	"-1"	"""how we make choices"""	""""""	"""70"""	"""f"""	"8"	"0"	"0"	"2"	"1"	"""3"""	"0"
"What is he talking about? (1-2 mins)"	"Short and fun! A 1-2 minute word game about what someone is talking about."	"experiment, psychology, game"	"$0.20"	"Wed May 14 00:04:50 PDT 2014"	"200"	"0"	"0"	"200"	"Reviewable"	"NotReviewed"	"1 scales"	"600"	"60000"	"Wed May 21 00:04:50 PDT 2014"	"S28102"	"Approved"	""	"""boat"""	"""cabin"""	"""motor"""	"""sail"""	"""left"""	"""right"""	"0"	"-1"	"0"	"2"	"10"	"0"	"0"	"""2"""	"""2"""	"""2"""	"""TRUE"""	"""odd_one"""	"""FALSE"""	"-1"	"-1"	"-1"	"-1"	"-1"	"-1"	"""Picking which boat Bob was talking about"""	"""no"""	"""43"""	"""m"""	"8"	"0"	"0"	"2"	"1"	"""3"""	"-1"
"What is he talking about? (1-2 mins)"	"Short and fun! A 1-2 minute word game about what someone is talking about."	"experiment, psychology, game"	"$0.20"	"Wed May 14 00:04:50 PDT 2014"	"200"	"0"	"0"	"200"	"Reviewable"	"NotReviewed"	"1 scales"	"600"	"60000"	"Wed May 21 00:04:50 PDT 2014"	"S32281"	"Approved"	""	"""sundae"""	"""chocolate"""	"""whipped cream"""	"""cherry"""	"""right"""	"""left"""	"0"	"-1"	"0"	"2"	"10"	"0"	"0"	"""2"""	"""2"""	"""2"""	"""TRUE"""	"""twin_2"""	"""FALSE"""	"-1"	"-1"	"-1"	"-1"	"-1"	"-1"	"""Sundaes"""	"""No"""	"""27"""	"""M"""	"8"	"0"	"0"	"2"	"1"	"""3"""	"-1"
"What is he talking about? (1-2 mins)"	"Short and fun! A 1-2 minute word game about what someone is talking about."	"experiment, psychology, game"	"$0.20"	"Wed May 14 00:04:50 PDT 2014"	"200"	"0"	"0"	"200"	"Reviewable"	"NotReviewed"	"1 scales"	"600"	"60000"	"Wed May 21 00:04:50 PDT 2014"	"S50529"	"Approved"	""	"""boat"""	"""sail"""	"""motor"""	"""cabin"""	"""right"""	"""left"""	"0"	"-1"	"0"	"2"	"9"	"0"	"0"	"""2"""	"""2"""	"""2"""	"""TRUE"""	"""twin_2"""	"""FALSE"""	"-1"	"-1"	"-1"	"-1"	"-1"	"-1"	"""boat bob likes"""	"""np"""	"""49"""	"""female"""	"8"	"0"	"0"	"1"	"2"	"""3"""	"2"
"What is he talking about? (1-2 mins)"	"Short and fun! A 1-2 minute word game about what someone is talking about."	"experiment, psychology, game"	"$0.20"	"Wed May 14 00:04:50 PDT 2014"	"200"	"0"	"0"	"200"	"Reviewable"	"NotReviewed"	"1 scales"	"600"	"60000"	"Wed May 21 00:04:50 PDT 2014"	"S52653"	"Approved"	""	"""boat"""	"""sail"""	"""cabin"""	"""motor"""	"""middle"""	"""right"""	"0"	"-1"	"0"	"2"	"9"	"0"	"0"	"""2"""	"""2"""	"""2"""	"""FALSE"""	"""twin_1"""	"""FALSE"""	"-1"	"-1"	"-1"	"-1"	"-1"	"-1"	"""bob likes sailboats"""	""""""	"""27"""	"""m"""	"8"	"0"	"2"	"0"	"1"	"""3"""	"0"
"What is he talking about? (1-2 mins)"	"Short and fun! A 1-2 minute word game about what someone is talking about."	"experiment, psychology, game"	"$0.20"	"Wed May 14 00:04:50 PDT 2014"	"200"	"0"	"0"	"200"	"Reviewable"	"NotReviewed"	"1 scales"	"600"	"60000"	"Wed May 21 00:04:50 PDT 2014"	"S43839"	"Approved"	""	"""pizza"""	"""olives"""	"""mushrooms"""	"""peppers"""	"""middle"""	"""right"""	"0"	"-1"	"0"	"2"	"9"	"0"	"0"	"""2"""	"""2"""	"""2"""	"""TRUE"""	"""twin_1"""	"""FALSE"""	"-1"	"-1"	"-1"	"-1"	"-1"	"-1"	"""Bob's indication of a particular pizza"""	"""very subjective"""	"""47"""	"""m"""	"8"	"0"	"0"	"1"	"2"	"""3"""	"1"
"What is he talking about? (1-2 mins)"	"Short and fun! A 1-2 minute word game about what someone is talking about."	"experiment, psychology, game"	"$0.20"	"Wed May 14 00:04:50 PDT 2014"	"200"	"0"	"0"	"200"	"Reviewable"	"NotReviewed"	"1 scales"	"600"	"60000"	"Wed May 21 00:04:50 PDT 2014"	"S47947"	"Approved"	""	"""friend"""	"""glasses"""	"""mustache"""	"""hat"""	"""left"""	"""middle"""	"0"	"-1"	"0"	"2"	"10"	"0"	"0"	"""2"""	"""2"""	"""2"""	"""TRUE"""	"""twin_2"""	"""FALSE"""	"-1"	"-1"	"-1"	"-1"	"-1"	"-1"	"""I don't know."""	"""No."""	"""36"""	"""m"""	"8"	"0"	"2"	"0"	"1"	"""3"""	"-1"
"What is he talking about? (1-2 mins)"	"Short and fun! A 1-2 minute word game about what someone is talking about."	"experiment, psychology, game"	"$0.20"	"Wed May 14 00:04:50 PDT 2014"	"200"	"0"	"0"	"200"	"Reviewable"	"NotReviewed"	"1 scales"	"600"	"60000"	"Wed May 21 00:04:50 PDT 2014"	"S52832"	"Approved"	""	"""boat"""	"""cabin"""	"""sail"""	"""motor"""	"""left"""	"""middle"""	"0"	"-1"	"0"	"2"	"10"	"0"	"0"	"""2"""	"""2"""	"""2"""	"""TRUE"""	"""twin_1"""	"""FALSE"""	"-1"	"-1"	"-1"	"-1"	"-1"	"-1"	"""boats"""	"""no"""	"""48"""	"""f"""	"8"	"0"	"2"	"1"	"0"	"""3"""	"-1"
"What is he talking about? (1-2 mins)"	"Short and fun! A 1-2 minute word game about what someone is talking about."	"experiment, psychology, game"	"$0.20"	"Wed May 14 00:04:50 PDT 2014"	"200"	"0"	"0"	"200"	"Reviewable"	"NotReviewed"	"1 scales"	"600"	"60000"	"Wed May 21 00:04:50 PDT 2014"	"S12039"	"Approved"	""	"""snowman"""	"""mittens"""	"""scarf"""	"""hat"""	"""left"""	"""middle"""	"0"	"-1"	"0"	"2"	"9"	"0"	"0"	"""2"""	"""2"""	"""2"""	"""TRUE"""	"""twin_1"""	"""FALSE"""	"-1"	"-1"	"-1"	"-1"	"-1"	"-1"	"""?"""	""""""	""""""	""""""	"8"	"0"	"2"	"0"	"1"	"""3"""	"1"
"What is he talking about? (1-2 mins)"	"Short and fun! A 1-2 minute word game about what someone is talking about."	"experiment, psychology, game"	"$0.20"	"Wed May 14 00:04:50 PDT 2014"	"200"	"0"	"0"	"200"	"Reviewable"	"NotReviewed"	"1 scales"	"600"	"60000"	"Wed May 21 00:04:50 PDT 2014"	"S58758"	"Approved"	""	"""snowman"""	"""scarf"""	"""mittens"""	"""hat"""	"""middle"""	"""left"""	"0"	"-1"	"0"	"2"	"10"	"0"	"0"	"""2"""	"""2"""	"""2"""	"""TRUE"""	"""twin_2"""	"""FALSE"""	"-1"	"-1"	"-1"	"-1"	"-1"	"-1"	"""bob building a snowman and recognizing it"""	"""nope!"""	"""23"""	"""m"""	"8"	"0"	"2"	"0"	"1"	"""3"""	"-1"
"What is he talking about? (1-2 mins)"	"Short and fun! A 1-2 minute word game about what someone is talking about."	"experiment, psychology, game"	"$0.20"	"Wed May 14 00:04:50 PDT 2014"	"200"	"0"	"0"	"200"	"Reviewable"	"NotReviewed"	"1 scales"	"600"	"60000"	"Wed May 21 00:04:50 PDT 2014"	"S49588"	"Approved"	""	"""Christmas tree"""	"""lights"""	"""ornaments"""	"""star"""	"""middle"""	"""left"""	"0"	"-1"	"0"	"2"	"9"	"0"	"0"	"""2"""	"""2"""	"""2"""	"""TRUE"""	"""twin_2"""	"""FALSE"""	"-1"	"-1"	"-1"	"-1"	"-1"	"-1"	"""Learning about the things Bob says"""	""""""	"""25"""	"""m"""	"8"	"0"	"1"	"0"	"2"	"""3"""	"2"
"What is he talking about? (1-2 mins)"	"Short and fun! A 1-2 minute word game about what someone is talking about."	"experiment, psychology, game"	"$0.20"	"Wed May 14 00:04:50 PDT 2014"	"200"	"0"	"0"	"200"	"Reviewable"	"NotReviewed"	"1 scales"	"600"	"60000"	"Wed May 21 00:04:50 PDT 2014"	"S48682"	"Approved"	""	"""pizza"""	"""olives"""	"""mushrooms"""	"""peppers"""	"""middle"""	"""left"""	"0"	"-1"	"0"	"2"	"10"	"0"	"0"	"""2"""	"""2"""	"""1"""	"""FALSE"""	"""twin_2"""	"""FALSE"""	"-1"	"-1"	"-1"	"-1"	"-1"	"-1"	"""Word perceptions"""	"""I cant remember if it was Joe or Bob!"""	"""23"""	"""M"""	"8"	"0"	"2"	"0"	"1"	"""3"""	"-1"
"What is he talking about? (1-2 mins)"	"Short and fun! A 1-2 minute word game about what someone is talking about."	"experiment, psychology, game"	"$0.20"	"Wed May 14 00:04:50 PDT 2014"	"200"	"0"	"0"	"200"	"Reviewable"	"NotReviewed"	"1 scales"	"600"	"60000"	"Wed May 21 00:04:50 PDT 2014"	"S59387"	"Approved"	""	"""friend"""	"""hat"""	"""mustache"""	"""glasses"""	"""middle"""	"""right"""	"0"	"-1"	"0"	"2"	"9"	"0"	"0"	"""2"""	"""2"""	"""2"""	"""FALSE"""	"""odd_one"""	"""FALSE"""	"-1"	"-1"	"-1"	"-1"	"-1"	"-1"	"""Pattern matching and logic"""	"""none"""	"""22"""	"""m"""	"8"	"0"	"2"	"0"	"1"	"""3"""	"1"
"What is he talking about? (1-2 mins)"	"Short and fun! A 1-2 minute word game about what someone is talking about."	"experiment, psychology, game"	"$0.20"	"Wed May 14 00:04:50 PDT 2014"	"200"	"0"	"0"	"200"	"Reviewable"	"NotReviewed"	"1 scales"	"600"	"60000"	"Wed May 21 00:04:50 PDT 2014"	"S75388"	"Approved"	""	"""Christmas tree"""	"""ornaments"""	"""star"""	"""lights"""	"""middle"""	"""right"""	"0"	"-1"	"0"	"2"	"9"	"0"	"0"	"""2"""	"""2"""	"""2"""	"""TRUE"""	"""twin_2"""	"""FALSE"""	"-1"	"-1"	"-1"	"-1"	"-1"	"-1"	"""Christmas Trees"""	"""no"""	"""21"""	"""m"""	"8"	"0"	"0"	"1"	"2"	"""3"""	"1"
"What is he talking about? (1-2 mins)"	"Short and fun! A 1-2 minute word game about what someone is talking about."	"experiment, psychology, game"	"$0.20"	"Wed May 14 00:04:50 PDT 2014"	"200"	"0"	"0"	"200"	"Reviewable"	"NotReviewed"	"1 scales"	"600"	"60000"	"Wed May 21 00:04:50 PDT 2014"	"S36406"	"Approved"	""	"""friend"""	"""mustache"""	"""glasses"""	"""hat"""	"""right"""	"""left"""	"0"	"-1"	"0"	"2"	"10"	"0"	"0"	"""2"""	"""2"""	"""2"""	"""TRUE"""	"""twin_2"""	"""FALSE"""	"-1"	"-1"	"-1"	"-1"	"-1"	"-1"	"""identification"""	"""no"""	"""32"""	"""m"""	"8"	"0"	"1"	"0"	"2"	"""3"""	"-1"
"What is he talking about? (1-2 mins)"	"Short and fun! A 1-2 minute word game about what someone is talking about."	"experiment, psychology, game"	"$0.20"	"Wed May 14 00:04:50 PDT 2014"	"200"	"0"	"0"	"200"	"Reviewable"	"NotReviewed"	"1 scales"	"600"	"60000"	"Wed May 21 00:04:50 PDT 2014"	"S36407"	"Approved"	""	"""sundae"""	"""whipped cream"""	"""cherry"""	"""chocolate"""	"""left"""	"""right"""	"0"	"-1"	"0"	"2"	"10"	"0"	"0"	"""2"""	"""2"""	"""2"""	"""TRUE"""	"""twin_1"""	"""FALSE"""	"-1"	"-1"	"-1"	"-1"	"-1"	"-1"	"""sundaes"""	""""""	"""34"""	"""male"""	"8"	"0"	"1"	"0"	"2"	"""3"""	"-1"
"What is he talking about? (1-2 mins)"	"Short and fun! A 1-2 minute word game about what someone is talking about."	"experiment, psychology, game"	"$0.20"	"Wed May 14 00:04:50 PDT 2014"	"200"	"0"	"0"	"200"	"Reviewable"	"NotReviewed"	"1 scales"	"600"	"60000"	"Wed May 21 00:04:50 PDT 2014"	"S06993"	"Approved"	""	"""Christmas tree"""	"""star"""	"""lights"""	"""ornaments"""	"""middle"""	"""left"""	"0"	"-1"	"0"	"2"	"9"	"0"	"0"	"""2"""	"""2"""	"""2"""	"""TRUE"""	"""twin_2"""	"""FALSE"""	"-1"	"-1"	"-1"	"-1"	"-1"	"-1"	"""it about understanding what others talking about"""	"""interesting survey"""	"""35"""	"""f"""	"8"	"0"	"2"	"0"	"1"	"""3"""	"2"
"What is he talking about? (1-2 mins)"	"Short and fun! A 1-2 minute word game about what someone is talking about."	"experiment, psychology, game"	"$0.20"	"Wed May 14 00:04:50 PDT 2014"	"200"	"0"	"0"	"200"	"Reviewable"	"NotReviewed"	"1 scales"	"600"	"60000"	"Wed May 21 00:04:50 PDT 2014"	"S15970"	"Approved"	""	"""sundae"""	"""cherry"""	"""chocolate"""	"""whipped cream"""	"""right"""	"""middle"""	"0"	"-1"	"0"	"2"	"9"	"0"	"0"	"""2"""	"""2"""	"""2"""	"""TRUE"""	"""twin_2"""	"""FALSE"""	"-1"	"-1"	"-1"	"-1"	"-1"	"-1"	"""perception"""	""""""	""""""	"""male"""	"8"	"0"	"2"	"1"	"0"	"""3"""	"1"
"What is he talking about? (1-2 mins)"	"Short and fun! A 1-2 minute word game about what someone is talking about."	"experiment, psychology, game"	"$0.20"	"Wed May 14 00:04:50 PDT 2014"	"200"	"0"	"0"	"200"	"Reviewable"	"NotReviewed"	"1 scales"	"600"	"60000"	"Wed May 21 00:04:50 PDT 2014"	"S50397"	"Approved"	""	"""pizza"""	"""olives"""	"""mushrooms"""	"""peppers"""	"""left"""	"""right"""	"0"	"-1"	"0"	"2"	"10"	"0"	"0"	"""2"""	"""2"""	"""2"""	"""TRUE"""	"""twin_1"""	"""FALSE"""	"-1"	"-1"	"-1"	"-1"	"-1"	"-1"	"""communication"""	""""""	"""26"""	"""f"""	"8"	"0"	"2"	"1"	"0"	"""3"""	"-1"
"What is he talking about? (1-2 mins)"	"Short and fun! A 1-2 minute word game about what someone is talking about."	"experiment, psychology, game"	"$0.20"	"Wed May 14 00:04:50 PDT 2014"	"200"	"0"	"0"	"200"	"Reviewable"	"NotReviewed"	"1 scales"	"600"	"60000"	"Wed May 21 00:04:50 PDT 2014"	"S76484"	"Approved"	""	"""Christmas tree"""	"""ornaments"""	"""star"""	"""lights"""	"""middle"""	"""left"""	"0"	"-1"	"0"	"2"	"9"	"0"	"0"	"""2"""	"""2"""	"""2"""	"""TRUE"""	"""twin_1"""	"""FALSE"""	"-1"	"-1"	"-1"	"-1"	"-1"	"-1"	"""What I think the person is talking about, based on the info given."""	"""2 of the trees had blue ornaments, but it was only obvious on 1."""	"""60"""	"""f"""	"8"	"0"	"1"	"2"	"0"	"""3"""	"0"
"What is he talking about? (1-2 mins)"	"Short and fun! A 1-2 minute word game about what someone is talking about."	"experiment, psychology, game"	"$0.20"	"Wed May 14 00:04:50 PDT 2014"	"200"	"0"	"0"	"200"	"Reviewable"	"NotReviewed"	"1 scales"	"600"	"60000"	"Wed May 21 00:04:50 PDT 2014"	"S91161"	"Approved"	""	"""friend"""	"""glasses"""	"""hat"""	"""mustache"""	"""left"""	"""middle"""	"0"	"-1"	"0"	"2"	"10"	"0"	"0"	"""2"""	"""2"""	"""2"""	"""TRUE"""	"""twin_1"""	"""FALSE"""	"-1"	"-1"	"-1"	"-1"	"-1"	"-1"	"""communication"""	"""no"""	"""33"""	"""m"""	"8"	"0"	"2"	"0"	"1"	"""3"""	"-1"
"What is he talking about? (1-2 mins)"	"Short and fun! A 1-2 minute word game about what someone is talking about."	"experiment, psychology, game"	"$0.20"	"Wed May 14 00:04:50 PDT 2014"	"200"	"0"	"0"	"200"	"Reviewable"	"NotReviewed"	"1 scales"	"600"	"60000"	"Wed May 21 00:04:50 PDT 2014"	"S93128"	"Approved"	""	"""Christmas tree"""	"""ornaments"""	"""star"""	"""lights"""	"""left"""	"""middle"""	"0"	"-1"	"0"	"2"	"9"	"0"	"0"	"""3"""	"""2"""	"""2"""	"""TRUE"""	"""twin_2"""	"""FALSE"""	"-1"	"-1"	"-1"	"-1"	"-1"	"-1"	"""Bob and Bob's Christmas trees"""	"""none"""	"""28"""	"""m"""	"8"	"0"	"1"	"0"	"2"	"""3"""	"0"
"What is he talking about? (1-2 mins)"	"Short and fun! A 1-2 minute word game about what someone is talking about."	"experiment, psychology, game"	"$0.20"	"Wed May 14 00:04:50 PDT 2014"	"200"	"0"	"0"	"200"	"Reviewable"	"NotReviewed"	"1 scales"	"600"	"60000"	"Wed May 21 00:04:50 PDT 2014"	"S58273"	"Approved"	""	"""pizza"""	"""olives"""	"""mushrooms"""	"""peppers"""	"""right"""	"""middle"""	"0"	"-1"	"0"	"2"	"10"	"0"	"0"	"""2"""	"""2"""	"""2"""	"""TRUE"""	"""twin_2"""	"""FALSE"""	"-1"	"-1"	"-1"	"-1"	"-1"	"-1"	"""guessing what someone is talking about"""	"""nice and simple. thanks"""	"""34"""	"""m"""	"8"	"0"	"1"	"0"	"2"	"""3"""	"-1"
"What is he talking about? (1-2 mins)"	"Short and fun! A 1-2 minute word game about what someone is talking about."	"experiment, psychology, game"	"$0.20"	"Wed May 14 00:04:50 PDT 2014"	"200"	"0"	"0"	"200"	"Reviewable"	"NotReviewed"	"1 scales"	"600"	"60000"	"Wed May 21 00:04:50 PDT 2014"	"S68345"	"Approved"	""	"""Christmas tree"""	"""ornaments"""	"""lights"""	"""star"""	"""left"""	"""right"""	"0"	"-1"	"0"	"2"	"10"	"0"	"0"	"""2"""	"""2"""	"""2"""	"""TRUE"""	"""twin_2"""	"""FALSE"""	"-1"	"-1"	"-1"	"-1"	"-1"	"-1"	"""Bob and how he trims Christmas Trees and he gave a clue."""	"""no"""	"""24"""	"""f"""	"8"	"0"	"1"	"2"	"0"	"""3"""	"-1"
"What is he talking about? (1-2 mins)"	"Short and fun! A 1-2 minute word game about what someone is talking about."	"experiment, psychology, game"	"$0.20"	"Wed May 14 00:04:50 PDT 2014"	"200"	"0"	"0"	"200"	"Reviewable"	"NotReviewed"	"1 scales"	"600"	"60000"	"Wed May 21 00:04:50 PDT 2014"	"S71342"	"Approved"	""	"""Christmas tree"""	"""ornaments"""	"""star"""	"""lights"""	"""left"""	"""right"""	"0"	"-1"	"0"	"2"	"10"	"0"	"0"	"""2"""	"""2"""	"""2"""	"""FALSE"""	"""twin_1"""	"""FALSE"""	"-1"	"-1"	"-1"	"-1"	"-1"	"-1"	"""christmas trees"""	"""no"""	"""22"""	"""f"""	"8"	"0"	"2"	"1"	"0"	"""3"""	"-1"
"What is he talking about? (1-2 mins)"	"Short and fun! A 1-2 minute word game about what someone is talking about."	"experiment, psychology, game"	"$0.20"	"Wed May 14 00:04:50 PDT 2014"	"200"	"0"	"0"	"200"	"Reviewable"	"NotReviewed"	"1 scales"	"600"	"60000"	"Wed May 21 00:04:50 PDT 2014"	"S44356"	"Approved"	""	"""Christmas tree"""	"""star"""	"""lights"""	"""ornaments"""	"""left"""	"""middle"""	"0"	"-1"	"0"	"2"	"10"	"0"	"0"	"""2"""	"""2"""	"""2"""	"""TRUE"""	"""twin_1"""	"""FALSE"""	"-1"	"-1"	"-1"	"-1"	"-1"	"-1"	"""What I think Bob was talking about"""	"""So, Bob had 3 trees, I assumed they were chronological during this, so I thought he would talk about the most recent tree that had the feature he said."""	"""27"""	"""m"""	"8"	"0"	"1"	"2"	"0"	"""3"""	"-1"
"What is he talking about? (1-2 mins)"	"Short and fun! A 1-2 minute word game about what someone is talking about."	"experiment, psychology, game"	"$0.20"	"Wed May 14 00:04:50 PDT 2014"	"200"	"0"	"0"	"200"	"Reviewable"	"NotReviewed"	"1 scales"	"600"	"60000"	"Wed May 21 00:04:50 PDT 2014"	"S26317"	"Approved"	""	"""friend"""	"""glasses"""	"""mustache"""	"""hat"""	"""right"""	"""middle"""	"0"	"-1"	"0"	"2"	"9"	"0"	"0"	"""2"""	"""2"""	"""2"""	"""TRUE"""	"""twin_1"""	"""FALSE"""	"-1"	"-1"	"-1"	"-1"	"-1"	"-1"	"""Bob's friends with glasses, hats, and mustaches. """	"""None. """	"""26"""	"""Male"""	"8"	"0"	"1"	"2"	"0"	"""3"""	"0"
"What is he talking about? (1-2 mins)"	"Short and fun! A 1-2 minute word game about what someone is talking about."	"experiment, psychology, game"	"$0.20"	"Wed May 14 00:04:50 PDT 2014"	"200"	"0"	"0"	"200"	"Reviewable"	"NotReviewed"	"1 scales"	"600"	"60000"	"Wed May 21 00:04:50 PDT 2014"	"S29066"	"Approved"	""	"""friend"""	"""glasses"""	"""hat"""	"""mustache"""	"""left"""	"""right"""	"0"	"-1"	"0"	"2"	"9"	"0"	"0"	"""2"""	"""2"""	"""2"""	"""FALSE"""	"""twin_1"""	"""FALSE"""	"-1"	"-1"	"-1"	"-1"	"-1"	"-1"	"""Decision Making"""	""""""	"""30"""	"""m"""	"8"	"0"	"0"	"1"	"2"	"""3"""	"2"
"What is he talking about? (1-2 mins)"	"Short and fun! A 1-2 minute word game about what someone is talking about."	"experiment, psychology, game"	"$0.20"	"Wed May 14 00:04:50 PDT 2014"	"200"	"0"	"0"	"200"	"Reviewable"	"NotReviewed"	"1 scales"	"600"	"60000"	"Wed May 21 00:04:50 PDT 2014"	"S55777"	"Approved"	""	"""friend"""	"""mustache"""	"""hat"""	"""glasses"""	"""right"""	"""left"""	"0"	"-1"	"0"	"2"	"9"	"0"	"0"	"""2"""	"""2"""	"""2"""	"""TRUE"""	"""twin_2"""	"""FALSE"""	"-1"	"-1"	"-1"	"-1"	"-1"	"-1"	"""decision making"""	"""no"""	"""22"""	"""f"""	"8"	"0"	"0"	"1"	"2"	"""3"""	"0"
"What is he talking about? (1-2 mins)"	"Short and fun! A 1-2 minute word game about what someone is talking about."	"experiment, psychology, game"	"$0.20"	"Wed May 14 00:04:50 PDT 2014"	"200"	"0"	"0"	"200"	"Reviewable"	"NotReviewed"	"1 scales"	"600"	"60000"	"Wed May 21 00:04:50 PDT 2014"	"S77888"	"Approved"	""	"""snowman"""	"""hat"""	"""mittens"""	"""scarf"""	"""left"""	"""right"""	"0"	"-1"	"0"	"2"	"10"	"0"	"0"	"""2"""	"""2"""	"""2"""	"""TRUE"""	"""odd_one"""	"""FALSE"""	"-1"	"-1"	"-1"	"-1"	"-1"	"-1"	"""I have no idea"""	"""Thanks"""	"""32"""	"""m"""	"8"	"0"	"1"	"0"	"2"	"""3"""	"-1"
"What is he talking about? (1-2 mins)"	"Short and fun! A 1-2 minute word game about what someone is talking about."	"experiment, psychology, game"	"$0.20"	"Wed May 14 00:04:50 PDT 2014"	"200"	"0"	"0"	"200"	"Reviewable"	"NotReviewed"	"1 scales"	"600"	"60000"	"Wed May 21 00:04:50 PDT 2014"	"S70816"	"Approved"	""	"""boat"""	"""sail"""	"""motor"""	"""cabin"""	"""middle"""	"""right"""	"0"	"-1"	"0"	"2"	"9"	"0"	"0"	"""2"""	"""2"""	"""2"""	"""TRUE"""	"""twin_1"""	"""FALSE"""	"-1"	"-1"	"-1"	"-1"	"-1"	"-1"	"""Guessing which boat was being talked about"""	"""No"""	"""27"""	"""m"""	"8"	"0"	"1"	"0"	"2"	"""3"""	"2"
"What is he talking about? (1-2 mins)"	"Short and fun! A 1-2 minute word game about what someone is talking about."	"experiment, psychology, game"	"$0.20"	"Wed May 14 00:04:50 PDT 2014"	"200"	"0"	"0"	"200"	"Reviewable"	"NotReviewed"	"1 scales"	"600"	"60000"	"Wed May 21 00:04:50 PDT 2014"	"S51641"	"Approved"	""	"""snowman"""	"""scarf"""	"""mittens"""	"""hat"""	"""left"""	"""middle"""	"0"	"-1"	"0"	"2"	"10"	"0"	"0"	"""2"""	"""2"""	"""2"""	"""TRUE"""	"""twin_1"""	"""FALSE"""	"-1"	"-1"	"-1"	"-1"	"-1"	"-1"	"""guessing bobs thoughts through one word"""	"""no"""	"""23"""	"""female """	"8"	"0"	"0"	"1"	"2"	"""3"""	"-1"
"What is he talking about? (1-2 mins)"	"Short and fun! A 1-2 minute word game about what someone is talking about."	"experiment, psychology, game"	"$0.20"	"Wed May 14 00:04:50 PDT 2014"	"200"	"0"	"0"	"200"	"Reviewable"	"NotReviewed"	"1 scales"	"600"	"60000"	"Wed May 21 00:04:50 PDT 2014"	"S50890"	"Approved"	""	"""Christmas tree"""	"""ornaments"""	"""star"""	"""lights"""	"""right"""	"""middle"""	"0"	"-1"	"0"	"2"	"10"	"0"	"0"	"""2"""	"""2"""	"""2"""	"""TRUE"""	"""twin_1"""	"""FALSE"""	"-1"	"-1"	"-1"	"-1"	"-1"	"-1"	"""Bob's Christmas trees """	"""No"""	""""""	"""f"""	"8"	"0"	"2"	"0"	"1"	"""3"""	"-1"
"What is he talking about? (1-2 mins)"	"Short and fun! A 1-2 minute word game about what someone is talking about."	"experiment, psychology, game"	"$0.20"	"Wed May 14 00:04:50 PDT 2014"	"200"	"0"	"0"	"200"	"Reviewable"	"NotReviewed"	"1 scales"	"600"	"60000"	"Wed May 21 00:04:50 PDT 2014"	"S65588"	"Approved"	""	"""snowman"""	"""mittens"""	"""scarf"""	"""hat"""	"""left"""	"""right"""	"0"	"-1"	"0"	"2"	"9"	"0"	"0"	"""2"""	"""2"""	"""2"""	"""TRUE"""	"""twin_1"""	"""FALSE"""	"-1"	"-1"	"-1"	"-1"	"-1"	"-1"	"""It was about Bob who likes to make snowmen and makes one every year."""	"""Thanks... very strange and interesting survey, haha!"""	"""35"""	"""f"""	"8"	"0"	"2"	"1"	"0"	"""3"""	"0"
"What is he talking about? (1-2 mins)"	"Short and fun! A 1-2 minute word game about what someone is talking about."	"experiment, psychology, game"	"$0.20"	"Wed May 14 00:04:50 PDT 2014"	"200"	"0"	"0"	"200"	"Reviewable"	"NotReviewed"	"1 scales"	"600"	"60000"	"Wed May 21 00:04:50 PDT 2014"	"S94055"	"Approved"	""	"""boat"""	"""sail"""	"""cabin"""	"""motor"""	"""right"""	"""middle"""	"0"	"-1"	"0"	"2"	"10"	"0"	"0"	"""2"""	"""2"""	"""2"""	"""TRUE"""	"""twin_2"""	"""FALSE"""	"-1"	"-1"	"-1"	"-1"	"-1"	"-1"	"""Sail vs non sail bots"""	""""""	""""""	"""male"""	"8"	"0"	"2"	"0"	"1"	"""3"""	"-1"
"What is he talking about? (1-2 mins)"	"Short and fun! A 1-2 minute word game about what someone is talking about."	"experiment, psychology, game"	"$0.20"	"Wed May 14 00:04:50 PDT 2014"	"200"	"0"	"0"	"200"	"Reviewable"	"NotReviewed"	"1 scales"	"600"	"60000"	"Wed May 21 00:04:50 PDT 2014"	"S24020"	"Approved"	""	"""friend"""	"""mustache"""	"""glasses"""	"""hat"""	"""middle"""	"""right"""	"0"	"-1"	"0"	"2"	"9"	"0"	"0"	"""2"""	"""2"""	"""2"""	"""TRUE"""	"""twin_2"""	"""FALSE"""	"-1"	"-1"	"-1"	"-1"	"-1"	"-1"	"""The friends that he hangs out with on Sunday"""	"""no"""	"""33"""	"""f"""	"8"	"0"	"0"	"2"	"1"	"""3"""	"2"
"What is he talking about? (1-2 mins)"	"Short and fun! A 1-2 minute word game about what someone is talking about."	"experiment, psychology, game"	"$0.20"	"Wed May 14 00:04:50 PDT 2014"	"200"	"0"	"0"	"200"	"Reviewable"	"NotReviewed"	"1 scales"	"600"	"60000"	"Wed May 21 00:04:50 PDT 2014"	"S69450"	"Approved"	""	"""sundae"""	"""whipped cream"""	"""cherry"""	"""chocolate"""	"""right"""	"""left"""	"0"	"-1"	"0"	"2"	"10"	"0"	"0"	"""2"""	"""2"""	"""2"""	"""TRUE"""	"""twin_1"""	"""FALSE"""	"-1"	"-1"	"-1"	"-1"	"-1"	"-1"	"""Bob eating ice cream sundaes"""	""""""	"""35"""	"""m"""	"8"	"0"	"2"	"1"	"0"	"""3"""	"-1"
"What is he talking about? (1-2 mins)"	"Short and fun! A 1-2 minute word game about what someone is talking about."	"experiment, psychology, game"	"$0.20"	"Wed May 14 00:04:50 PDT 2014"	"200"	"0"	"0"	"200"	"Reviewable"	"NotReviewed"	"1 scales"	"600"	"60000"	"Wed May 21 00:04:50 PDT 2014"	"S95242"	"Approved"	""	"""friend"""	"""hat"""	"""mustache"""	"""glasses"""	"""right"""	"""middle"""	"0"	"-1"	"0"	"2"	"9"	"0"	"0"	"""2"""	"""2"""	"""2"""	"""TRUE"""	"""twin_1"""	"""FALSE"""	"-1"	"-1"	"-1"	"-1"	"-1"	"-1"	"""Bob and his friends"""	"""I like these HITs"""	"""24"""	"""m"""	"8"	"0"	"1"	"2"	"0"	"""3"""	"2"
"What is he talking about? (1-2 mins)"	"Short and fun! A 1-2 minute word game about what someone is talking about."	"experiment, psychology, game"	"$0.20"	"Wed May 14 00:04:50 PDT 2014"	"200"	"0"	"0"	"200"	"Reviewable"	"NotReviewed"	"1 scales"	"600"	"60000"	"Wed May 21 00:04:50 PDT 2014"	"S99278"	"Approved"	""	"""friend"""	"""glasses"""	"""hat"""	"""mustache"""	"""left"""	"""middle"""	"0"	"-1"	"0"	"2"	"9"	"0"	"0"	"""2"""	"""2"""	"""2"""	"""TRUE"""	"""twin_1"""	"""FALSE"""	"-1"	"-1"	"-1"	"-1"	"-1"	"-1"	"""How inferences affect our decision making"""	""""""	"""28"""	"""m"""	"8"	"0"	"2"	"0"	"1"	"""3"""	"2"
"What is he talking about? (1-2 mins)"	"Short and fun! A 1-2 minute word game about what someone is talking about."	"experiment, psychology, game"	"$0.20"	"Wed May 14 00:04:50 PDT 2014"	"200"	"0"	"0"	"200"	"Reviewable"	"NotReviewed"	"1 scales"	"600"	"60000"	"Wed May 21 00:04:50 PDT 2014"	"S77504"	"Approved"	""	"""sundae"""	"""whipped cream"""	"""cherry"""	"""chocolate"""	"""right"""	"""left"""	"0"	"-1"	"0"	"2"	"10"	"0"	"0"	"""2"""	"""2"""	"""2"""	"""TRUE"""	"""twin_2"""	"""FALSE"""	"-1"	"-1"	"-1"	"-1"	"-1"	"-1"	"""Guessing which sundae Bob was talking about given limited information"""	""""""	"""21"""	"""M"""	"8"	"0"	"0"	"2"	"1"	"""3"""	"-1"
"What is he talking about? (1-2 mins)"	"Short and fun! A 1-2 minute word game about what someone is talking about."	"experiment, psychology, game"	"$0.20"	"Wed May 14 00:04:50 PDT 2014"	"200"	"0"	"0"	"200"	"Reviewable"	"NotReviewed"	"1 scales"	"600"	"60000"	"Wed May 21 00:04:50 PDT 2014"	"S97364"	"Approved"	""	"""sundae"""	"""cherry"""	"""chocolate"""	"""whipped cream"""	"""right"""	"""middle"""	"0"	"-1"	"0"	"2"	"10"	"0"	"0"	"""2"""	"""2"""	"""2"""	"""TRUE"""	"""twin_1"""	"""FALSE"""	"-1"	"-1"	"-1"	"-1"	"-1"	"-1"	"""A guy named Bob who ate a Sundae every Friday"""	"""no"""	"""31"""	"""f"""	"8"	"0"	"0"	"1"	"2"	"""3"""	"-1"
"What is he talking about? (1-2 mins)"	"Short and fun! A 1-2 minute word game about what someone is talking about."	"experiment, psychology, game"	"$0.20"	"Wed May 14 00:04:50 PDT 2014"	"200"	"0"	"0"	"200"	"Reviewable"	"NotReviewed"	"1 scales"	"600"	"60000"	"Wed May 21 00:04:50 PDT 2014"	"S71692"	"Approved"	""	"""snowman"""	"""hat"""	"""scarf"""	"""mittens"""	"""left"""	"""right"""	"0"	"-1"	"0"	"2"	"10"	"0"	"0"	"""2"""	"""2"""	"""2"""	"""TRUE"""	"""odd_one"""	"""FALSE"""	"-1"	"-1"	"-1"	"-1"	"-1"	"-1"	"""Communicating what was still needed to decorate"""	""""""	"""62"""	"""f"""	"8"	"0"	"2"	"1"	"0"	"""3"""	"-1"
"What is he talking about? (1-2 mins)"	"Short and fun! A 1-2 minute word game about what someone is talking about."	"experiment, psychology, game"	"$0.20"	"Wed May 14 00:04:50 PDT 2014"	"200"	"0"	"0"	"200"	"Reviewable"	"NotReviewed"	"1 scales"	"600"	"60000"	"Wed May 21 00:04:50 PDT 2014"	"S81194"	"Approved"	""	"""Christmas tree"""	"""ornaments"""	"""lights"""	"""star"""	"""right"""	"""middle"""	"0"	"-1"	"0"	"2"	"9"	"0"	"0"	"""2"""	"""2"""	"""2"""	"""TRUE"""	"""twin_2"""	"""FALSE"""	"-1"	"-1"	"-1"	"-1"	"-1"	"-1"	"""Bob always buys a Christmas tree."""	""""""	""""""	"""F"""	"8"	"0"	"0"	"1"	"2"	"""3"""	"1"
"What is he talking about? (1-2 mins)"	"Short and fun! A 1-2 minute word game about what someone is talking about."	"experiment, psychology, game"	"$0.20"	"Wed May 14 00:04:50 PDT 2014"	"200"	"0"	"0"	"200"	"Reviewable"	"NotReviewed"	"1 scales"	"600"	"60000"	"Wed May 21 00:04:50 PDT 2014"	"S61516"	"Approved"	""	"""snowman"""	"""mittens"""	"""hat"""	"""scarf"""	"""left"""	"""right"""	"0"	"-1"	"0"	"2"	"10"	"0"	"0"	"""2"""	"""2"""	"""2"""	"""TRUE"""	"""twin_2"""	"""FALSE"""	"-1"	"-1"	"-1"	"-1"	"-1"	"-1"	"""Trying to figure out which snowman bob wants to talk about by having him describe one feature (Mittens) where there are multiple snowmen with that feature (2 snowmen (b&c) with mittens)"""	""""""	"""23"""	"""m"""	"8"	"0"	"2"	"1"	"0"	"""3"""	"-1"
"What is he talking about? (1-2 mins)"	"Short and fun! A 1-2 minute word game about what someone is talking about."	"experiment, psychology, game"	"$0.20"	"Wed May 14 00:04:50 PDT 2014"	"200"	"0"	"0"	"200"	"Reviewable"	"NotReviewed"	"1 scales"	"600"	"60000"	"Wed May 21 00:04:50 PDT 2014"	"S63112"	"Approved"	""	"""snowman"""	"""mittens"""	"""scarf"""	"""hat"""	"""middle"""	"""left"""	"0"	"-1"	"0"	"2"	"9"	"0"	"0"	"""2"""	"""2"""	"""2"""	"""TRUE"""	"""twin_2"""	"""FALSE"""	"-1"	"-1"	"-1"	"-1"	"-1"	"-1"	"""Snowmen"""	""""""	"""19"""	"""m"""	"8"	"0"	"2"	"0"	"1"	"""3"""	"2"
"What is he talking about? (1-2 mins)"	"Short and fun! A 1-2 minute word game about what someone is talking about."	"experiment, psychology, game"	"$0.20"	"Wed May 14 00:04:50 PDT 2014"	"200"	"0"	"0"	"200"	"Reviewable"	"NotReviewed"	"1 scales"	"600"	"60000"	"Wed May 21 00:04:50 PDT 2014"	"S69071"	"Approved"	""	"""snowman"""	"""scarf"""	"""hat"""	"""mittens"""	"""right"""	"""left"""	"0"	"-1"	"0"	"2"	"10"	"0"	"0"	"""2"""	"""2"""	"""2"""	"""TRUE"""	"""twin_2"""	"""FALSE"""	"-1"	"-1"	"-1"	"-1"	"-1"	"-1"	"""snowmen"""	""""""	"""29"""	"""f"""	"8"	"0"	"0"	"2"	"1"	"""3"""	"-1"
"What is he talking about? (1-2 mins)"	"Short and fun! A 1-2 minute word game about what someone is talking about."	"experiment, psychology, game"	"$0.20"	"Wed May 14 00:04:50 PDT 2014"	"200"	"0"	"0"	"200"	"Reviewable"	"NotReviewed"	"1 scales"	"600"	"60000"	"Wed May 21 00:04:50 PDT 2014"	"S43115"	"Approved"	""	"""snowman"""	"""hat"""	"""scarf"""	"""mittens"""	"""middle"""	"""right"""	"0"	"-1"	"0"	"2"	"9"	"0"	"0"	"""2"""	"""2"""	"""2"""	"""TRUE"""	"""odd_one"""	"""FALSE"""	"-1"	"-1"	"-1"	"-1"	"-1"	"-1"	"""Measuring cognitive abilities """	""""""	"""34"""	"""F"""	"8"	"0"	"1"	"2"	"0"	"""3"""	"1"
"What is he talking about? (1-2 mins)"	"Short and fun! A 1-2 minute word game about what someone is talking about."	"experiment, psychology, game"	"$0.20"	"Wed May 14 00:04:50 PDT 2014"	"200"	"0"	"0"	"200"	"Reviewable"	"NotReviewed"	"1 scales"	"600"	"60000"	"Wed May 21 00:04:50 PDT 2014"	"S96853"	"Approved"	""	"""pizza"""	"""olives"""	"""peppers"""	"""mushrooms"""	"""middle"""	"""right"""	"0"	"-1"	"0"	"2"	"10"	"0"	"0"	"""2"""	"""2"""	"""2"""	"""TRUE"""	"""twin_2"""	"""FALSE"""	"-1"	"-1"	"-1"	"-1"	"-1"	"-1"	"""communication"""	""""""	"""41"""	"""male"""	"8"	"0"	"2"	"0"	"1"	"""3"""	"-1"
"What is he talking about? (1-2 mins)"	"Short and fun! A 1-2 minute word game about what someone is talking about."	"experiment, psychology, game"	"$0.20"	"Wed May 14 00:04:50 PDT 2014"	"200"	"0"	"0"	"200"	"Reviewable"	"NotReviewed"	"1 scales"	"600"	"60000"	"Wed May 21 00:04:50 PDT 2014"	"S02473"	"Approved"	""	"""friend"""	"""glasses"""	"""mustache"""	"""hat"""	"""right"""	"""left"""	"0"	"-1"	"0"	"2"	"10"	"0"	"0"	"""2"""	"""2"""	"""2"""	"""TRUE"""	"""twin_1"""	"""FALSE"""	"-1"	"-1"	"-1"	"-1"	"-1"	"-1"	"""Trying to figure out what someone meant by only one word."""	"""interesting"""	"""47"""	"""female"""	"8"	"0"	"2"	"1"	"0"	"""3"""	"-1"
"What is he talking about? (1-2 mins)"	"Short and fun! A 1-2 minute word game about what someone is talking about."	"experiment, psychology, game"	"$0.20"	"Wed May 14 00:04:50 PDT 2014"	"200"	"0"	"0"	"200"	"Reviewable"	"NotReviewed"	"1 scales"	"600"	"60000"	"Wed May 21 00:04:50 PDT 2014"	"S09229"	"Approved"	""	"""snowman"""	"""hat"""	"""mittens"""	"""scarf"""	"""left"""	"""right"""	"0"	"-1"	"0"	"2"	"10"	"0"	"0"	"""2"""	"""2"""	"""2"""	"""TRUE"""	"""twin_2"""	"""FALSE"""	"-1"	"-1"	"-1"	"-1"	"-1"	"-1"	"""communication"""	"""no"""	"""26"""	"""f"""	"8"	"0"	"2"	"1"	"0"	"""3"""	"-1"
"What is he talking about? (1-2 mins)"	"Short and fun! A 1-2 minute word game about what someone is talking about."	"experiment, psychology, game"	"$0.20"	"Wed May 14 00:04:50 PDT 2014"	"200"	"0"	"0"	"200"	"Reviewable"	"NotReviewed"	"1 scales"	"600"	"60000"	"Wed May 21 00:04:50 PDT 2014"	"S52673"	"Approved"	""	"""friend"""	"""glasses"""	"""mustache"""	"""hat"""	"""right"""	"""left"""	"0"	"-1"	"0"	"2"	"10"	"0"	"0"	"""2"""	"""2"""	"""2"""	"""FALSE"""	"""twin_2"""	"""FALSE"""	"-1"	"-1"	"-1"	"-1"	"-1"	"-1"	"""features of tim's friends"""	""""""	"""25"""	"""f"""	"8"	"0"	"1"	"2"	"0"	"""3"""	"-1"
"What is he talking about? (1-2 mins)"	"Short and fun! A 1-2 minute word game about what someone is talking about."	"experiment, psychology, game"	"$0.20"	"Wed May 14 00:04:50 PDT 2014"	"200"	"0"	"0"	"200"	"Reviewable"	"NotReviewed"	"1 scales"	"600"	"60000"	"Wed May 21 00:04:50 PDT 2014"	"S57611"	"Approved"	""	"""friend"""	"""glasses"""	"""mustache"""	"""hat"""	"""middle"""	"""right"""	"0"	"-1"	"0"	"2"	"9"	"0"	"0"	"""2"""	"""2"""	"""2"""	"""TRUE"""	"""twin_2"""	"""FALSE"""	"-1"	"-1"	"-1"	"-1"	"-1"	"-1"	"""How people make judgment calls based on partial information."""	"""Very interesting study! Thank you!"""	"""32"""	"""m"""	"8"	"0"	"1"	"2"	"0"	"""3"""	"1"
"What is he talking about? (1-2 mins)"	"Short and fun! A 1-2 minute word game about what someone is talking about."	"experiment, psychology, game"	"$0.20"	"Wed May 14 00:04:50 PDT 2014"	"200"	"0"	"0"	"200"	"Reviewable"	"NotReviewed"	"1 scales"	"600"	"60000"	"Wed May 21 00:04:50 PDT 2014"	"S74682"	"Approved"	""	"""snowman"""	"""mittens"""	"""hat"""	"""scarf"""	"""middle"""	"""right"""	"0"	"-1"	"0"	"2"	"9"	"0"	"0"	"""2"""	"""2"""	"""2"""	"""TRUE"""	"""twin_2"""	"""FALSE"""	"-1"	"-1"	"-1"	"-1"	"-1"	"-1"	"""Choosing the snowman Bob was interested in"""	"""No additional comments"""	"""28"""	"""Male"""	"8"	"0"	"2"	"1"	"0"	"""3"""	"1"
"What is he talking about? (1-2 mins)"	"Short and fun! A 1-2 minute word game about what someone is talking about."	"experiment, psychology, game"	"$0.20"	"Wed May 14 00:04:50 PDT 2014"	"200"	"0"	"0"	"200"	"Reviewable"	"NotReviewed"	"1 scales"	"600"	"60000"	"Wed May 21 00:04:50 PDT 2014"	"S00708"	"Approved"	""	"""pizza"""	"""peppers"""	"""mushrooms"""	"""olives"""	"""middle"""	"""right"""	"0"	"-1"	"0"	"2"	"10"	"0"	"0"	"""2"""	"""2"""	"""2"""	"""TRUE"""	"""twin_2"""	"""FALSE"""	"-1"	"-1"	"-1"	"-1"	"-1"	"-1"	"""Pizzas"""	"""no"""	"""34"""	"""m"""	"8"	"0"	"1"	"0"	"2"	"""3"""	"-1"
"What is he talking about? (1-2 mins)"	"Short and fun! A 1-2 minute word game about what someone is talking about."	"experiment, psychology, game"	"$0.20"	"Wed May 14 00:04:50 PDT 2014"	"200"	"0"	"0"	"200"	"Reviewable"	"NotReviewed"	"1 scales"	"600"	"60000"	"Wed May 21 00:04:50 PDT 2014"	"S02532"	"Approved"	""	"""sundae"""	"""cherry"""	"""whipped cream"""	"""chocolate"""	"""middle"""	"""right"""	"0"	"-1"	"0"	"2"	"10"	"0"	"0"	"""2"""	"""2"""	"""2"""	"""TRUE"""	"""twin_1"""	"""FALSE"""	"-1"	"-1"	"-1"	"-1"	"-1"	"-1"	"""I'm not sure. Which sundae bob wanted while he could only say cherry?"""	""""""	"""24"""	"""m"""	"8"	"0"	"2"	"1"	"0"	"""3"""	"-1"
"What is he talking about? (1-2 mins)"	"Short and fun! A 1-2 minute word game about what someone is talking about."	"experiment, psychology, game"	"$0.20"	"Wed May 14 00:04:50 PDT 2014"	"200"	"0"	"0"	"200"	"Reviewable"	"NotReviewed"	"1 scales"	"600"	"60000"	"Wed May 21 00:04:50 PDT 2014"	"S94316"	"Approved"	""	"""friend"""	"""hat"""	"""mustache"""	"""glasses"""	"""right"""	"""left"""	"0"	"-1"	"0"	"2"	"10"	"0"	"0"	"""2"""	"""2"""	"""2"""	"""TRUE"""	"""twin_1"""	"""FALSE"""	"-1"	"-1"	"-1"	"-1"	"-1"	"-1"	"""Bob's friends"""	""""""	"""34"""	"""f"""	"8"	"0"	"1"	"0"	"2"	"""3"""	"-1"
"What is he talking about? (1-2 mins)"	"Short and fun! A 1-2 minute word game about what someone is talking about."	"experiment, psychology, game"	"$0.20"	"Wed May 14 00:04:50 PDT 2014"	"200"	"0"	"0"	"200"	"Reviewable"	"NotReviewed"	"1 scales"	"600"	"60000"	"Wed May 21 00:04:50 PDT 2014"	"S52720"	"Approved"	""	"""friend"""	"""hat"""	"""mustache"""	"""glasses"""	"""left"""	"""middle"""	"0"	"-1"	"0"	"2"	"9"	"0"	"0"	"""2"""	"""2"""	"""2"""	"""FALSE"""	"""twin_1"""	"""FALSE"""	"-1"	"-1"	"-1"	"-1"	"-1"	"-1"	"""Did i recognize the individual being mentioned"""	""""""	"""29"""	"""m"""	"8"	"0"	"2"	"0"	"1"	"""3"""	"2"
"What is he talking about? (1-2 mins)"	"Short and fun! A 1-2 minute word game about what someone is talking about."	"experiment, psychology, game"	"$0.20"	"Wed May 14 00:04:50 PDT 2014"	"200"	"0"	"0"	"200"	"Reviewable"	"NotReviewed"	"1 scales"	"600"	"60000"	"Wed May 21 00:04:50 PDT 2014"	"S80347"	"Approved"	""	"""boat"""	"""motor"""	"""cabin"""	"""sail"""	"""middle"""	"""right"""	"0"	"-1"	"0"	"2"	"9"	"0"	"0"	"""2"""	"""2"""	"""2"""	"""TRUE"""	"""twin_2"""	"""FALSE"""	"-1"	"-1"	"-1"	"-1"	"-1"	"-1"	"""bob renting a sailboat"""	"""no"""	"""55"""	"""f"""	"8"	"0"	"1"	"2"	"0"	"""3"""	"2"
"What is he talking about? (1-2 mins)"	"Short and fun! A 1-2 minute word game about what someone is talking about."	"experiment, psychology, game"	"$0.20"	"Wed May 14 00:04:50 PDT 2014"	"200"	"0"	"0"	"200"	"Reviewable"	"NotReviewed"	"1 scales"	"600"	"60000"	"Wed May 21 00:04:50 PDT 2014"	"S57169"	"Approved"	""	"""Christmas tree"""	"""star"""	"""lights"""	"""ornaments"""	"""left"""	"""middle"""	"0"	"-1"	"0"	"2"	"9"	"0"	"0"	"""2"""	"""2"""	"""2"""	"""TRUE"""	"""twin_1"""	"""FALSE"""	"-1"	"-1"	"-1"	"-1"	"-1"	"-1"	"""Perception"""	"""None"""	"""36"""	"""m"""	"8"	"0"	"2"	"0"	"1"	"""3"""	"2"
"What is he talking about? (1-2 mins)"	"Short and fun! A 1-2 minute word game about what someone is talking about."	"experiment, psychology, game"	"$0.20"	"Wed May 14 00:04:50 PDT 2014"	"200"	"0"	"0"	"200"	"Reviewable"	"NotReviewed"	"1 scales"	"600"	"60000"	"Wed May 21 00:04:50 PDT 2014"	"S76214"	"Approved"	""	"""snowman"""	"""scarf"""	"""mittens"""	"""hat"""	"""left"""	"""middle"""	"0"	"-1"	"0"	"2"	"9"	"0"	"0"	"""2"""	"""2"""	"""2"""	"""TRUE"""	"""twin_2"""	"""FALSE"""	"-1"	"-1"	"-1"	"-1"	"-1"	"-1"	"""Selecting which snowman we think Bob was talking about regarding scarf color"""	"""No comments"""	"""26"""	"""m"""	"8"	"0"	"0"	"1"	"2"	"""3"""	"1"
"What is he talking about? (1-2 mins)"	"Short and fun! A 1-2 minute word game about what someone is talking about."	"experiment, psychology, game"	"$0.20"	"Wed May 14 00:04:50 PDT 2014"	"200"	"0"	"0"	"200"	"Reviewable"	"NotReviewed"	"1 scales"	"600"	"60000"	"Wed May 21 00:04:50 PDT 2014"	"S63387"	"Approved"	""	"""snowman"""	"""scarf"""	"""hat"""	"""mittens"""	"""left"""	"""right"""	"0"	"-1"	"0"	"2"	"9"	"0"	"0"	"""2"""	"""2"""	"""2"""	"""TRUE"""	"""twin_2"""	"""FALSE"""	"-1"	"-1"	"-1"	"-1"	"-1"	"-1"	"""guessing which snowman bob was talking about"""	"""smile!"""	"""39"""	"""m"""	"8"	"0"	"1"	"0"	"2"	"""3"""	"0"
"What is he talking about? (1-2 mins)"	"Short and fun! A 1-2 minute word game about what someone is talking about."	"experiment, psychology, game"	"$0.20"	"Wed May 14 00:04:50 PDT 2014"	"200"	"0"	"0"	"200"	"Reviewable"	"NotReviewed"	"1 scales"	"600"	"60000"	"Wed May 21 00:04:50 PDT 2014"	"S94064"	"Approved"	""	"""Christmas tree"""	"""star"""	"""ornaments"""	"""lights"""	"""middle"""	"""right"""	"0"	"-1"	"0"	"2"	"9"	"0"	"0"	"""2"""	"""2"""	"""2"""	"""TRUE"""	"""twin_2"""	"""FALSE"""	"-1"	"-1"	"-1"	"-1"	"-1"	"-1"	"""attention to details"""	""""""	""""""	"""m"""	"8"	"0"	"1"	"2"	"0"	"""3"""	"2"
"What is he talking about? (1-2 mins)"	"Short and fun! A 1-2 minute word game about what someone is talking about."	"experiment, psychology, game"	"$0.20"	"Wed May 14 00:04:50 PDT 2014"	"200"	"0"	"0"	"200"	"Reviewable"	"NotReviewed"	"1 scales"	"600"	"60000"	"Wed May 21 00:04:50 PDT 2014"	"S60761"	"Approved"	""	"""friend"""	"""glasses"""	"""mustache"""	"""hat"""	"""right"""	"""middle"""	"0"	"-1"	"0"	"2"	"9"	"0"	"0"	"""2"""	"""2"""	"""2"""	"""TRUE"""	"""twin_2"""	"""FALSE"""	"-1"	"-1"	"-1"	"-1"	"-1"	"-1"	"""Picking out who Bob was referring to"""	"""no"""	"""27"""	"""m"""	"8"	"0"	"0"	"1"	"2"	"""3"""	"1"
"What is he talking about? (1-2 mins)"	"Short and fun! A 1-2 minute word game about what someone is talking about."	"experiment, psychology, game"	"$0.20"	"Wed May 14 00:04:50 PDT 2014"	"200"	"0"	"0"	"200"	"Reviewable"	"NotReviewed"	"1 scales"	"600"	"60000"	"Wed May 21 00:04:50 PDT 2014"	"S36347"	"Approved"	""	"""snowman"""	"""mittens"""	"""hat"""	"""scarf"""	"""right"""	"""left"""	"0"	"-1"	"0"	"2"	"10"	"0"	"0"	"""2"""	"""2"""	"""2"""	"""TRUE"""	"""twin_2"""	"""FALSE"""	"-1"	"-1"	"-1"	"-1"	"-1"	"-1"	"""Language"""	""""""	"""36"""	"""m"""	"8"	"0"	"1"	"2"	"0"	"""3"""	"-1"
"What is he talking about? (1-2 mins)"	"Short and fun! A 1-2 minute word game about what someone is talking about."	"experiment, psychology, game"	"$0.20"	"Wed May 14 00:04:50 PDT 2014"	"200"	"0"	"0"	"200"	"Reviewable"	"NotReviewed"	"1 scales"	"600"	"60000"	"Wed May 21 00:04:50 PDT 2014"	"S73988"	"Approved"	""	"""Christmas tree"""	"""lights"""	"""ornaments"""	"""star"""	"""middle"""	"""right"""	"0"	"-1"	"0"	"2"	"10"	"0"	"0"	"""2"""	"""2"""	"""2"""	"""TRUE"""	"""twin_2"""	"""FALSE"""	"-1"	"-1"	"-1"	"-1"	"-1"	"-1"	"""trimming trees"""	""""""	"""25"""	"""m"""	"8"	"0"	"1"	"0"	"2"	"""3"""	"-1"
"What is he talking about? (1-2 mins)"	"Short and fun! A 1-2 minute word game about what someone is talking about."	"experiment, psychology, game"	"$0.20"	"Wed May 14 00:04:50 PDT 2014"	"200"	"0"	"0"	"200"	"Reviewable"	"NotReviewed"	"1 scales"	"600"	"60000"	"Wed May 21 00:04:50 PDT 2014"	"S99670"	"Approved"	""	"""friend"""	"""glasses"""	"""mustache"""	"""hat"""	"""right"""	"""left"""	"0"	"-1"	"0"	"2"	"9"	"0"	"0"	"""2"""	"""2"""	"""2"""	"""TRUE"""	"""twin_2"""	"""FALSE"""	"-1"	"-1"	"-1"	"-1"	"-1"	"-1"	"""cognition"""	"""none"""	"""20"""	"""m"""	"8"	"0"	"0"	"1"	"2"	"""3"""	"0"
"What is he talking about? (1-2 mins)"	"Short and fun! A 1-2 minute word game about what someone is talking about."	"experiment, psychology, game"	"$0.20"	"Wed May 14 00:04:50 PDT 2014"	"200"	"0"	"0"	"200"	"Reviewable"	"NotReviewed"	"1 scales"	"600"	"60000"	"Wed May 21 00:04:50 PDT 2014"	"S52523"	"Approved"	""	"""boat"""	"""motor"""	"""cabin"""	"""sail"""	"""middle"""	"""right"""	"0"	"-1"	"0"	"2"	"10"	"0"	"0"	"""2"""	"""3"""	"""2"""	"""TRUE"""	"""twin_2"""	"""FALSE"""	"-1"	"-1"	"-1"	"-1"	"-1"	"-1"	"""How people look at certain words"""	"""nope"""	"""22"""	"""male"""	"8"	"0"	"2"	"0"	"1"	"""3"""	"-1"
"What is he talking about? (1-2 mins)"	"Short and fun! A 1-2 minute word game about what someone is talking about."	"experiment, psychology, game"	"$0.20"	"Wed May 14 00:04:50 PDT 2014"	"200"	"0"	"0"	"200"	"Reviewable"	"NotReviewed"	"1 scales"	"600"	"60000"	"Wed May 21 00:04:50 PDT 2014"	"S79253"	"Approved"	""	"""pizza"""	"""olives"""	"""mushrooms"""	"""peppers"""	"""right"""	"""left"""	"0"	"-1"	"0"	"2"	"9"	"0"	"0"	"""2"""	"""2"""	"""2"""	"""TRUE"""	"""twin_1"""	"""FALSE"""	"-1"	"-1"	"-1"	"-1"	"-1"	"-1"	"""Bob and his pizza"""	""""""	"""46"""	"""f"""	"8"	"0"	"2"	"0"	"1"	"""3"""	"1"
"What is he talking about? (1-2 mins)"	"Short and fun! A 1-2 minute word game about what someone is talking about."	"experiment, psychology, game"	"$0.20"	"Wed May 14 00:04:50 PDT 2014"	"200"	"0"	"0"	"200"	"Reviewable"	"NotReviewed"	"1 scales"	"600"	"60000"	"Wed May 21 00:04:50 PDT 2014"	"S04949"	"Approved"	""	"""friend"""	"""glasses"""	"""hat"""	"""mustache"""	"""left"""	"""right"""	"0"	"-1"	"0"	"2"	"9"	"0"	"0"	"""2"""	"""2"""	"""2"""	"""TRUE"""	"""twin_2"""	"""FALSE"""	"-1"	"-1"	"-1"	"-1"	"-1"	"-1"	"""Picking which friend Bob was talking about"""	"""Interesting"""	"""38"""	"""m"""	"8"	"0"	"2"	"1"	"0"	"""3"""	"1"
"What is he talking about? (1-2 mins)"	"Short and fun! A 1-2 minute word game about what someone is talking about."	"experiment, psychology, game"	"$0.20"	"Wed May 14 00:04:50 PDT 2014"	"200"	"0"	"0"	"200"	"Reviewable"	"NotReviewed"	"1 scales"	"600"	"60000"	"Wed May 21 00:04:50 PDT 2014"	"S29212"	"Approved"	""	"""Christmas tree"""	"""star"""	"""lights"""	"""ornaments"""	"""left"""	"""right"""	"0"	"-1"	"0"	"2"	"10"	"0"	"0"	"""2"""	"""2"""	"""2"""	"""TRUE"""	"""twin_2"""	"""FALSE"""	"-1"	"-1"	"-1"	"-1"	"-1"	"-1"	"""Christmas Trees"""	""""""	"""33"""	"""m"""	"8"	"0"	"0"	"2"	"1"	"""3"""	"-1"
"What is he talking about? (1-2 mins)"	"Short and fun! A 1-2 minute word game about what someone is talking about."	"experiment, psychology, game"	"$0.20"	"Wed May 14 00:04:50 PDT 2014"	"200"	"0"	"0"	"200"	"Reviewable"	"NotReviewed"	"1 scales"	"600"	"60000"	"Wed May 21 00:04:50 PDT 2014"	"S85359"	"Approved"	""	"""snowman"""	"""hat"""	"""scarf"""	"""mittens"""	"""right"""	"""middle"""	"0"	"-1"	"0"	"2"	"10"	"0"	"0"	"""2"""	"""2"""	"""2"""	"""TRUE"""	"""twin_2"""	"""FALSE"""	"-1"	"-1"	"-1"	"-1"	"-1"	"-1"	"""One of these things is not like the other"""	""""""	"""35"""	"""m"""	"8"	"0"	"2"	"0"	"1"	"""3"""	"-1"
"What is he talking about? (1-2 mins)"	"Short and fun! A 1-2 minute word game about what someone is talking about."	"experiment, psychology, game"	"$0.20"	"Wed May 14 00:04:50 PDT 2014"	"200"	"0"	"0"	"200"	"Reviewable"	"NotReviewed"	"1 scales"	"600"	"60000"	"Wed May 21 00:04:50 PDT 2014"	"S14910"	"Approved"	""	"""pizza"""	"""olives"""	"""mushrooms"""	"""peppers"""	"""left"""	"""middle"""	"0"	"-1"	"0"	"2"	"9"	"0"	"0"	"""2"""	"""2"""	"""2"""	"""TRUE"""	"""twin_1"""	"""FALSE"""	"-1"	"-1"	"-1"	"-1"	"-1"	"-1"	"""pizza toppings"""	""""""	"""40"""	"""m"""	"8"	"0"	"1"	"0"	"2"	"""3"""	"2"
"What is he talking about? (1-2 mins)"	"Short and fun! A 1-2 minute word game about what someone is talking about."	"experiment, psychology, game"	"$0.20"	"Wed May 14 00:04:50 PDT 2014"	"200"	"0"	"0"	"200"	"Reviewable"	"NotReviewed"	"1 scales"	"600"	"60000"	"Wed May 21 00:04:50 PDT 2014"	"S96538"	"Approved"	""	"""pizza"""	"""mushrooms"""	"""peppers"""	"""olives"""	"""middle"""	"""right"""	"0"	"-1"	"0"	"2"	"10"	"0"	"0"	"""2"""	"""2"""	"""2"""	"""TRUE"""	"""twin_1"""	"""FALSE"""	"-1"	"-1"	"-1"	"-1"	"-1"	"-1"	"""communication and pizza"""	""""""	"""31"""	"""m"""	"8"	"0"	"2"	"0"	"1"	"""3"""	"-1"
"What is he talking about? (1-2 mins)"	"Short and fun! A 1-2 minute word game about what someone is talking about."	"experiment, psychology, game"	"$0.20"	"Wed May 14 00:04:50 PDT 2014"	"200"	"0"	"0"	"200"	"Reviewable"	"NotReviewed"	"1 scales"	"600"	"60000"	"Wed May 21 00:04:50 PDT 2014"	"S23412"	"Approved"	""	"""sundae"""	"""chocolate"""	"""cherry"""	"""whipped cream"""	"""left"""	"""right"""	"0"	"-1"	"0"	"2"	"9"	"0"	"0"	"""2"""	"""2"""	"""2"""	"""TRUE"""	"""twin_1"""	"""FALSE"""	"-1"	"-1"	"-1"	"-1"	"-1"	"-1"	"""Bob eating ice cream sundaes and pointing to a chocolate sundae"""	""""""	""""""	""""""	"8"	"0"	"1"	"2"	"0"	"""3"""	"0"
"What is he talking about? (1-2 mins)"	"Short and fun! A 1-2 minute word game about what someone is talking about."	"experiment, psychology, game"	"$0.20"	"Wed May 14 00:04:50 PDT 2014"	"200"	"0"	"0"	"200"	"Reviewable"	"NotReviewed"	"1 scales"	"600"	"60000"	"Wed May 21 00:04:50 PDT 2014"	"S08832"	"Approved"	""	"""Christmas tree"""	"""star"""	"""lights"""	"""ornaments"""	"""left"""	"""right"""	"0"	"-1"	"0"	"2"	"9"	"0"	"0"	"""2"""	"""2"""	"""2"""	"""TRUE"""	"""twin_1"""	"""FALSE"""	"-1"	"-1"	"-1"	"-1"	"-1"	"-1"	"""Trying to decide which object he is referring to."""	""""""	"""27"""	"""m"""	"8"	"0"	"0"	"1"	"2"	"""3"""	"2"
"What is he talking about? (1-2 mins)"	"Short and fun! A 1-2 minute word game about what someone is talking about."	"experiment, psychology, game"	"$0.20"	"Wed May 14 00:04:50 PDT 2014"	"200"	"0"	"0"	"200"	"Reviewable"	"NotReviewed"	"1 scales"	"600"	"60000"	"Wed May 21 00:04:50 PDT 2014"	"S63668"	"Approved"	""	"""boat"""	"""motor"""	"""sail"""	"""cabin"""	"""left"""	"""middle"""	"0"	"-1"	"0"	"2"	"9"	"0"	"0"	"""2"""	"""2"""	"""2"""	"""TRUE"""	"""twin_2"""	"""FALSE"""	"-1"	"-1"	"-1"	"-1"	"-1"	"-1"	"""boats Bob has rented"""	""""""	"""20"""	"""f"""	"8"	"0"	"0"	"2"	"1"	"""3"""	"0"
"What is he talking about? (1-2 mins)"	"Short and fun! A 1-2 minute word game about what someone is talking about."	"experiment, psychology, game"	"$0.20"	"Wed May 14 00:04:50 PDT 2014"	"200"	"0"	"0"	"200"	"Reviewable"	"NotReviewed"	"1 scales"	"600"	"60000"	"Wed May 21 00:04:50 PDT 2014"	"S22880"	"Approved"	""	"""snowman"""	"""scarf"""	"""mittens"""	"""hat"""	"""right"""	"""middle"""	"0"	"-1"	"0"	"2"	"9"	"0"	"0"	"""2"""	"""2"""	"""2"""	"""TRUE"""	"""twin_2"""	"""FALSE"""	"-1"	"-1"	"-1"	"-1"	"-1"	"-1"	"""Language perception"""	""""""	"""28"""	"""f"""	"8"	"0"	"2"	"0"	"1"	"""3"""	"1"
"What is he talking about? (1-2 mins)"	"Short and fun! A 1-2 minute word game about what someone is talking about."	"experiment, psychology, game"	"$0.20"	"Wed May 14 00:04:50 PDT 2014"	"200"	"0"	"0"	"200"	"Reviewable"	"NotReviewed"	"1 scales"	"600"	"60000"	"Wed May 21 00:04:50 PDT 2014"	"S16164"	"Approved"	""	"""snowman"""	"""mittens"""	"""scarf"""	"""hat"""	"""right"""	"""middle"""	"0"	"-1"	"0"	"2"	"9"	"0"	"0"	"""2"""	"""2"""	"""2"""	"""TRUE"""	"""twin_1"""	"""FALSE"""	"-1"	"-1"	"-1"	"-1"	"-1"	"-1"	"""How people view what others are talking about"""	"""no"""	"""30"""	"""f"""	"8"	"0"	"1"	"0"	"2"	"""3"""	"0"
"What is he talking about? (1-2 mins)"	"Short and fun! A 1-2 minute word game about what someone is talking about."	"experiment, psychology, game"	"$0.20"	"Wed May 14 00:04:50 PDT 2014"	"200"	"0"	"0"	"200"	"Reviewable"	"NotReviewed"	"1 scales"	"600"	"60000"	"Wed May 21 00:04:50 PDT 2014"	"S51843"	"Approved"	""	"""snowman"""	"""hat"""	"""scarf"""	"""mittens"""	"""right"""	"""middle"""	"0"	"-1"	"0"	"2"	"10"	"0"	"0"	"""2"""	"""2"""	"""2"""	"""TRUE"""	"""twin_2"""	"""FALSE"""	"-1"	"-1"	"-1"	"-1"	"-1"	"-1"	"""About communicate survey"""	"""no"""	"""32"""	"""f"""	"8"	"0"	"1"	"2"	"0"	"""3"""	"-1"
"What is he talking about? (1-2 mins)"	"Short and fun! A 1-2 minute word game about what someone is talking about."	"experiment, psychology, game"	"$0.20"	"Wed May 14 00:04:50 PDT 2014"	"200"	"0"	"0"	"200"	"Reviewable"	"NotReviewed"	"1 scales"	"600"	"60000"	"Wed May 21 00:04:50 PDT 2014"	"S72854"	"Approved"	""	"""snowman"""	"""scarf"""	"""hat"""	"""mittens"""	"""right"""	"""left"""	"0"	"-1"	"0"	"2"	"10"	"0"	"0"	"""2"""	"""2"""	"""2"""	"""TRUE"""	"""twin_1"""	"""FALSE"""	"-1"	"-1"	"-1"	"-1"	"-1"	"-1"	"""Snowmen"""	"""I wasn't paying attention to his name! I hope it wasn't important."""	"""25"""	"""m"""	"8"	"0"	"2"	"0"	"1"	"""3"""	"-1"
"What is he talking about? (1-2 mins)"	"Short and fun! A 1-2 minute word game about what someone is talking about."	"experiment, psychology, game"	"$0.20"	"Wed May 14 00:04:50 PDT 2014"	"200"	"0"	"0"	"200"	"Reviewable"	"NotReviewed"	"1 scales"	"600"	"60000"	"Wed May 21 00:04:50 PDT 2014"	"S07360"	"Approved"	""	"""pizza"""	"""peppers"""	"""olives"""	"""mushrooms"""	"""left"""	"""right"""	"0"	"-1"	"0"	"2"	"9"	"0"	"0"	"""2"""	"""2"""	"""2"""	"""TRUE"""	"""twin_1"""	"""FALSE"""	"-1"	"-1"	"-1"	"-1"	"-1"	"-1"	"""Pizza"""	"""No comments"""	"""26"""	"""m"""	"8"	"0"	"1"	"2"	"0"	"""3"""	"0"
"What is he talking about? (1-2 mins)"	"Short and fun! A 1-2 minute word game about what someone is talking about."	"experiment, psychology, game"	"$0.20"	"Wed May 14 00:04:50 PDT 2014"	"200"	"0"	"0"	"200"	"Reviewable"	"NotReviewed"	"1 scales"	"600"	"60000"	"Wed May 21 00:04:50 PDT 2014"	"S65452"	"Approved"	""	"""Christmas tree"""	"""ornaments"""	"""lights"""	"""star"""	"""middle"""	"""right"""	"0"	"-1"	"0"	"2"	"9"	"0"	"0"	"""2"""	"""2"""	"""2"""	"""TRUE"""	"""odd_one"""	"""FALSE"""	"-1"	"-1"	"-1"	"-1"	"-1"	"-1"	"""Christmas Trees"""	"""I wonder if I picked the correct tree."""	"""30"""	"""male"""	"8"	"0"	"1"	"2"	"0"	"""3"""	"1"
"What is he talking about? (1-2 mins)"	"Short and fun! A 1-2 minute word game about what someone is talking about."	"experiment, psychology, game"	"$0.20"	"Wed May 14 00:04:50 PDT 2014"	"200"	"0"	"0"	"200"	"Reviewable"	"NotReviewed"	"1 scales"	"600"	"60000"	"Wed May 21 00:04:50 PDT 2014"	"S81125"	"Approved"	""	"""pizza"""	"""peppers"""	"""olives"""	"""mushrooms"""	"""left"""	"""middle"""	"0"	"-1"	"0"	"2"	"9"	"0"	"0"	"""2"""	"""2"""	"""1"""	"""TRUE"""	"""twin_1"""	"""FALSE"""	"-1"	"-1"	"-1"	"-1"	"-1"	"-1"	"""Making choices"""	""""""	"""34"""	"""m"""	"8"	"0"	"2"	"1"	"0"	"""3"""	"0"
"What is he talking about? (1-2 mins)"	"Short and fun! A 1-2 minute word game about what someone is talking about."	"experiment, psychology, game"	"$0.20"	"Wed May 14 00:04:50 PDT 2014"	"200"	"0"	"0"	"200"	"Reviewable"	"NotReviewed"	"1 scales"	"600"	"60000"	"Wed May 21 00:04:50 PDT 2014"	"S44804"	"Approved"	""	"""sundae"""	"""chocolate"""	"""whipped cream"""	"""cherry"""	"""left"""	"""middle"""	"0"	"-1"	"0"	"2"	"9"	"0"	"0"	"""2"""	"""2"""	"""2"""	"""TRUE"""	"""twin_1"""	"""FALSE"""	"-1"	"-1"	"-1"	"-1"	"-1"	"-1"	"""ice cream"""	""""""	"""49"""	"""m"""	"8"	"0"	"0"	"2"	"1"	"""3"""	"2"
"What is he talking about? (1-2 mins)"	"Short and fun! A 1-2 minute word game about what someone is talking about."	"experiment, psychology, game"	"$0.20"	"Wed May 14 00:04:50 PDT 2014"	"200"	"0"	"0"	"200"	"Reviewable"	"NotReviewed"	"1 scales"	"600"	"60000"	"Wed May 21 00:04:50 PDT 2014"	"S17780"	"Approved"	""	"""friend"""	"""hat"""	"""mustache"""	"""glasses"""	"""middle"""	"""left"""	"0"	"-1"	"0"	"2"	"9"	"0"	"0"	"""2"""	"""2"""	"""2"""	"""TRUE"""	"""twin_2"""	"""FALSE"""	"-1"	"-1"	"-1"	"-1"	"-1"	"-1"	"""language"""	""""""	"""30"""	"""m"""	"8"	"0"	"1"	"2"	"0"	"""3"""	"1"
"What is he talking about? (1-2 mins)"	"Short and fun! A 1-2 minute word game about what someone is talking about."	"experiment, psychology, game"	"$0.20"	"Wed May 14 00:04:50 PDT 2014"	"200"	"0"	"0"	"200"	"Reviewable"	"NotReviewed"	"1 scales"	"600"	"60000"	"Wed May 21 00:04:50 PDT 2014"	"S29400"	"Approved"	""	"""boat"""	"""cabin"""	"""sail"""	"""motor"""	"""right"""	"""left"""	"0"	"-1"	"0"	"2"	"9"	"0"	"0"	"""2"""	"""2"""	"""2"""	"""TRUE"""	"""twin_1"""	"""FALSE"""	"-1"	"-1"	"-1"	"-1"	"-1"	"-1"	"""Figuring out which boat Bob is talkin about"""	"""nope"""	"""32"""	"""f"""	"8"	"0"	"2"	"1"	"0"	"""3"""	"0"
"What is he talking about? (1-2 mins)"	"Short and fun! A 1-2 minute word game about what someone is talking about."	"experiment, psychology, game"	"$0.20"	"Wed May 14 00:04:50 PDT 2014"	"200"	"0"	"0"	"200"	"Reviewable"	"NotReviewed"	"1 scales"	"600"	"60000"	"Wed May 21 00:04:50 PDT 2014"	"S86885"	"Approved"	""	"""Christmas tree"""	"""ornaments"""	"""lights"""	"""star"""	"""right"""	"""left"""	"0"	"-1"	"0"	"2"	"10"	"0"	"0"	"""2"""	"""2"""	"""2"""	"""TRUE"""	"""twin_2"""	"""FALSE"""	"-1"	"-1"	"-1"	"-1"	"-1"	"-1"	"""Three different Christmas trees"""	""""""	"""22"""	"""f"""	"8"	"0"	"2"	"1"	"0"	"""3"""	"-1"
"What is he talking about? (1-2 mins)"	"Short and fun! A 1-2 minute word game about what someone is talking about."	"experiment, psychology, game"	"$0.20"	"Wed May 14 00:04:50 PDT 2014"	"200"	"0"	"0"	"200"	"Reviewable"	"NotReviewed"	"1 scales"	"600"	"60000"	"Wed May 21 00:04:50 PDT 2014"	"S70815"	"Approved"	""	"""snowman"""	"""mittens"""	"""hat"""	"""scarf"""	"""middle"""	"""left"""	"0"	"-1"	"0"	"2"	"10"	"0"	"0"	"""2"""	"""2"""	"""2"""	"""TRUE"""	"""twin_2"""	"""FALSE"""	"-1"	"-1"	"-1"	"-1"	"-1"	"-1"	"""Snowmen"""	"""No"""	"""35"""	"""m"""	"8"	"0"	"1"	"0"	"2"	"""3"""	"-1"
"What is he talking about? (1-2 mins)"	"Short and fun! A 1-2 minute word game about what someone is talking about."	"experiment, psychology, game"	"$0.20"	"Wed May 14 00:04:50 PDT 2014"	"200"	"0"	"0"	"200"	"Reviewable"	"NotReviewed"	"1 scales"	"600"	"60000"	"Wed May 21 00:04:50 PDT 2014"	"S77008"	"Approved"	""	"""pizza"""	"""olives"""	"""mushrooms"""	"""peppers"""	"""middle"""	"""right"""	"0"	"-1"	"0"	"2"	"10"	"0"	"0"	"""2"""	"""2"""	"""2"""	"""FALSE"""	"""twin_1"""	"""FALSE"""	"-1"	"-1"	"-1"	"-1"	"-1"	"-1"	"""whats he asking for"""	"""no"""	"""35"""	"""f"""	"8"	"0"	"2"	"0"	"1"	"""3"""	"-1"
"What is he talking about? (1-2 mins)"	"Short and fun! A 1-2 minute word game about what someone is talking about."	"experiment, psychology, game"	"$0.20"	"Wed May 14 00:04:50 PDT 2014"	"200"	"0"	"0"	"200"	"Reviewable"	"NotReviewed"	"1 scales"	"600"	"60000"	"Wed May 21 00:04:50 PDT 2014"	"S63291"	"Approved"	""	"""sundae"""	"""cherry"""	"""whipped cream"""	"""chocolate"""	"""left"""	"""right"""	"0"	"-1"	"0"	"2"	"9"	"0"	"0"	"""2"""	"""2"""	"""2"""	"""TRUE"""	"""twin_2"""	"""FALSE"""	"-1"	"-1"	"-1"	"-1"	"-1"	"-1"	"""identifying characteristics of sundaes"""	""""""	"""21"""	"""m"""	"8"	"0"	"0"	"1"	"2"	"""3"""	"1"
"What is he talking about? (1-2 mins)"	"Short and fun! A 1-2 minute word game about what someone is talking about."	"experiment, psychology, game"	"$0.20"	"Wed May 14 00:04:50 PDT 2014"	"200"	"0"	"0"	"200"	"Reviewable"	"NotReviewed"	"1 scales"	"600"	"60000"	"Wed May 21 00:04:50 PDT 2014"	"S53146"	"Approved"	""	"""friend"""	"""hat"""	"""glasses"""	"""mustache"""	"""left"""	"""middle"""	"0"	"-1"	"0"	"2"	"9"	"0"	"0"	"""2"""	"""2"""	"""2"""	"""TRUE"""	"""twin_1"""	"""FALSE"""	"-1"	"-1"	"-1"	"-1"	"-1"	"-1"	"""Faces, colors, and hats"""	"""No """	"""25"""	"""M"""	"8"	"0"	"2"	"1"	"0"	"""3"""	"1"
"What is he talking about? (1-2 mins)"	"Short and fun! A 1-2 minute word game about what someone is talking about."	"experiment, psychology, game"	"$0.20"	"Wed May 14 00:04:50 PDT 2014"	"200"	"0"	"0"	"200"	"Reviewable"	"NotReviewed"	"1 scales"	"600"	"60000"	"Wed May 21 00:04:50 PDT 2014"	"S41553"	"Approved"	""	"""pizza"""	"""peppers"""	"""mushrooms"""	"""olives"""	"""left"""	"""right"""	"0"	"-1"	"0"	"2"	"10"	"0"	"0"	"""2"""	"""2"""	"""2"""	"""TRUE"""	"""twin_1"""	"""FALSE"""	"-1"	"-1"	"-1"	"-1"	"-1"	"-1"	"""Communication """	""""""	"""18"""	"""m"""	"8"	"0"	"0"	"2"	"1"	"""3"""	"-1"
"What is he talking about? (1-2 mins)"	"Short and fun! A 1-2 minute word game about what someone is talking about."	"experiment, psychology, game"	"$0.20"	"Wed May 14 00:04:50 PDT 2014"	"200"	"0"	"0"	"200"	"Reviewable"	"NotReviewed"	"1 scales"	"600"	"60000"	"Wed May 21 00:04:50 PDT 2014"	"S15633"	"Approved"	""	"""Christmas tree"""	"""lights"""	"""ornaments"""	"""star"""	"""right"""	"""left"""	"0"	"-1"	"0"	"2"	"9"	"0"	"0"	"""2"""	"""2"""	"""2"""	"""TRUE"""	"""twin_2"""	"""FALSE"""	"-1"	"-1"	"-1"	"-1"	"-1"	"-1"	"""To see how people evaluate little information in making a decision."""	"""I have no comments to provide."""	"""27"""	"""m"""	"8"	"0"	"2"	"1"	"0"	"""3"""	"0"
"What is he talking about? (1-2 mins)"	"Short and fun! A 1-2 minute word game about what someone is talking about."	"experiment, psychology, game"	"$0.20"	"Wed May 14 00:04:50 PDT 2014"	"200"	"0"	"0"	"200"	"Reviewable"	"NotReviewed"	"1 scales"	"600"	"60000"	"Wed May 21 00:04:50 PDT 2014"	"S21890"	"Approved"	""	"""Christmas tree"""	"""lights"""	"""star"""	"""ornaments"""	"""right"""	"""left"""	"0"	"-1"	"0"	"2"	"9"	"0"	"0"	"""2"""	"""2"""	"""3"""	"""TRUE"""	"""twin_1"""	"""FALSE"""	"-1"	"-1"	"-1"	"-1"	"-1"	"-1"	"""Perception"""	""""""	"""28"""	"""m"""	"8"	"0"	"2"	"1"	"0"	"""3"""	"0"
"What is he talking about? (1-2 mins)"	"Short and fun! A 1-2 minute word game about what someone is talking about."	"experiment, psychology, game"	"$0.20"	"Wed May 14 00:04:50 PDT 2014"	"200"	"0"	"0"	"200"	"Reviewable"	"NotReviewed"	"1 scales"	"600"	"60000"	"Wed May 21 00:04:50 PDT 2014"	"S43097"	"Approved"	""	"""snowman"""	"""mittens"""	"""hat"""	"""scarf"""	"""right"""	"""left"""	"0"	"-1"	"0"	"2"	"10"	"0"	"0"	"""2"""	"""2"""	"""2"""	"""TRUE"""	"""twin_1"""	"""FALSE"""	"-1"	"-1"	"-1"	"-1"	"-1"	"-1"	"""Communication"""	"""No"""	"""27"""	"""f"""	"8"	"0"	"1"	"0"	"2"	"""3"""	"-1"
"What is he talking about? (1-2 mins)"	"Short and fun! A 1-2 minute word game about what someone is talking about."	"experiment, psychology, game"	"$0.20"	"Wed May 14 00:04:50 PDT 2014"	"200"	"0"	"0"	"200"	"Reviewable"	"NotReviewed"	"1 scales"	"600"	"60000"	"Wed May 21 00:04:50 PDT 2014"	"S53886"	"Approved"	""	"""Christmas tree"""	"""ornaments"""	"""star"""	"""lights"""	"""left"""	"""middle"""	"0"	"-1"	"0"	"2"	"9"	"0"	"0"	"""2"""	"""2"""	"""2"""	"""TRUE"""	"""twin_1"""	"""FALSE"""	"-1"	"-1"	"-1"	"-1"	"-1"	"-1"	"""picking a trimmed tree"""	"""no"""	"""30"""	"""m"""	"8"	"0"	"1"	"2"	"0"	"""3"""	"2"
"What is he talking about? (1-2 mins)"	"Short and fun! A 1-2 minute word game about what someone is talking about."	"experiment, psychology, game"	"$0.20"	"Wed May 14 00:04:50 PDT 2014"	"200"	"0"	"0"	"200"	"Reviewable"	"NotReviewed"	"1 scales"	"600"	"60000"	"Wed May 21 00:04:50 PDT 2014"	"S70354"	"Approved"	""	"""pizza"""	"""olives"""	"""mushrooms"""	"""peppers"""	"""left"""	"""right"""	"0"	"-1"	"0"	"2"	"9"	"0"	"0"	"""2"""	"""2"""	"""2"""	"""TRUE"""	"""twin_2"""	"""FALSE"""	"-1"	"-1"	"-1"	"-1"	"-1"	"-1"	"""language"""	""""""	""""""	"""m"""	"8"	"0"	"1"	"0"	"2"	"""3"""	"0"
"What is he talking about? (1-2 mins)"	"Short and fun! A 1-2 minute word game about what someone is talking about."	"experiment, psychology, game"	"$0.20"	"Wed May 14 00:04:50 PDT 2014"	"200"	"0"	"0"	"200"	"Reviewable"	"NotReviewed"	"1 scales"	"600"	"60000"	"Wed May 21 00:04:50 PDT 2014"	"S28849"	"Approved"	""	"""friend"""	"""hat"""	"""mustache"""	"""glasses"""	"""middle"""	"""right"""	"0"	"-1"	"0"	"2"	"9"	"0"	"0"	"""2"""	"""2"""	"""2"""	"""TRUE"""	"""odd_one"""	"""FALSE"""	"-1"	"-1"	"-1"	"-1"	"-1"	"-1"	"""Perceptions of situations"""	"""N/A"""	""""""	"""m"""	"8"	"0"	"0"	"1"	"2"	"""3"""	"1"
"What is he talking about? (1-2 mins)"	"Short and fun! A 1-2 minute word game about what someone is talking about."	"experiment, psychology, game"	"$0.20"	"Wed May 14 00:04:50 PDT 2014"	"200"	"0"	"0"	"200"	"Reviewable"	"NotReviewed"	"1 scales"	"600"	"60000"	"Wed May 21 00:04:50 PDT 2014"	"S30797"	"Approved"	""	"""friend"""	"""mustache"""	"""glasses"""	"""hat"""	"""left"""	"""right"""	"0"	"-1"	"0"	"2"	"9"	"0"	"0"	"""2"""	"""2"""	"""2"""	"""TRUE"""	"""twin_1"""	"""FALSE"""	"-1"	"-1"	"-1"	"-1"	"-1"	"-1"	"""Not quite sure."""	"""no"""	"""54"""	"""f"""	"8"	"0"	"0"	"2"	"1"	"""3"""	"1"
"What is he talking about? (1-2 mins)"	"Short and fun! A 1-2 minute word game about what someone is talking about."	"experiment, psychology, game"	"$0.20"	"Wed May 14 00:04:50 PDT 2014"	"200"	"0"	"0"	"200"	"Reviewable"	"NotReviewed"	"1 scales"	"600"	"60000"	"Wed May 21 00:04:50 PDT 2014"	"S99983"	"Approved"	""	"""pizza"""	"""mushrooms"""	"""olives"""	"""peppers"""	"""left"""	"""right"""	"0"	"-1"	"0"	"2"	"9"	"0"	"0"	"""2"""	"""2"""	"""2"""	"""TRUE"""	"""twin_2"""	"""FALSE"""	"-1"	"-1"	"-1"	"-1"	"-1"	"-1"	"""Bob and his love for pizza"""	"""Thank you!"""	"""27"""	"""M"""	"8"	"0"	"0"	"2"	"1"	"""3"""	"2"
"What is he talking about? (1-2 mins)"	"Short and fun! A 1-2 minute word game about what someone is talking about."	"experiment, psychology, game"	"$0.20"	"Wed May 14 00:04:50 PDT 2014"	"200"	"0"	"0"	"200"	"Reviewable"	"NotReviewed"	"1 scales"	"600"	"60000"	"Wed May 21 00:04:50 PDT 2014"	"S05899"	"Approved"	""	"""pizza"""	"""mushrooms"""	"""peppers"""	"""olives"""	"""right"""	"""left"""	"0"	"-1"	"0"	"2"	"9"	"0"	"0"	"""2"""	"""2"""	"""2"""	"""TRUE"""	"""twin_1"""	"""FALSE"""	"-1"	"-1"	"-1"	"-1"	"-1"	"-1"	"""Pizza toppings"""	"""N/A"""	"""29"""	"""m"""	"8"	"0"	"1"	"2"	"0"	"""3"""	"0"
"What is he talking about? (1-2 mins)"	"Short and fun! A 1-2 minute word game about what someone is talking about."	"experiment, psychology, game"	"$0.20"	"Wed May 14 00:04:50 PDT 2014"	"200"	"0"	"0"	"200"	"Reviewable"	"NotReviewed"	"1 scales"	"600"	"60000"	"Wed May 21 00:04:50 PDT 2014"	"S99254"	"Approved"	""	"""snowman"""	"""hat"""	"""mittens"""	"""scarf"""	"""right"""	"""middle"""	"0"	"-1"	"0"	"2"	"10"	"0"	"0"	"""2"""	"""2"""	"""2"""	"""TRUE"""	"""twin_1"""	"""FALSE"""	"-1"	"-1"	"-1"	"-1"	"-1"	"-1"	"""snowmen"""	"""none"""	"""32"""	"""f"""	"8"	"0"	"1"	"2"	"0"	"""3"""	"-1"
"What is he talking about? (1-2 mins)"	"Short and fun! A 1-2 minute word game about what someone is talking about."	"experiment, psychology, game"	"$0.20"	"Wed May 14 00:04:50 PDT 2014"	"200"	"0"	"0"	"200"	"Reviewable"	"NotReviewed"	"1 scales"	"600"	"60000"	"Wed May 21 00:04:50 PDT 2014"	"S00411"	"Approved"	""	"""boat"""	"""cabin"""	"""motor"""	"""sail"""	"""right"""	"""middle"""	"0"	"-1"	"0"	"2"	"9"	"0"	"0"	"""2"""	"""2"""	"""2"""	"""TRUE"""	"""twin_2"""	"""FALSE"""	"-1"	"-1"	"-1"	"-1"	"-1"	"-1"	"""The type of boats Bob sailed"""	"""I didn't see any boat when I had to click on A, B, or C for the type of boat bob was referring to.  Not sure if this was on purpose."""	"""26"""	"""f"""	"8"	"0"	"1"	"2"	"0"	"""3"""	"1"
"What is he talking about? (1-2 mins)"	"Short and fun! A 1-2 minute word game about what someone is talking about."	"experiment, psychology, game"	"$0.20"	"Wed May 14 00:04:50 PDT 2014"	"200"	"0"	"0"	"200"	"Reviewable"	"NotReviewed"	"1 scales"	"600"	"60000"	"Wed May 21 00:04:50 PDT 2014"	"S11689"	"Approved"	""	"""boat"""	"""cabin"""	"""sail"""	"""motor"""	"""right"""	"""left"""	"0"	"-1"	"0"	"2"	"10"	"0"	"0"	"""2"""	"""2"""	"""2"""	"""TRUE"""	"""twin_1"""	"""FALSE"""	"-1"	"-1"	"-1"	"-1"	"-1"	"-1"	"""Boats"""	""""""	"""19"""	"""m"""	"8"	"0"	"2"	"0"	"1"	"""3"""	"-1"
"What is he talking about? (1-2 mins)"	"Short and fun! A 1-2 minute word game about what someone is talking about."	"experiment, psychology, game"	"$0.20"	"Wed May 14 00:04:50 PDT 2014"	"200"	"0"	"0"	"200"	"Reviewable"	"NotReviewed"	"1 scales"	"600"	"60000"	"Wed May 21 00:04:50 PDT 2014"	"S50315"	"Approved"	""	"""boat"""	"""cabin"""	"""sail"""	"""motor"""	"""right"""	"""middle"""	"0"	"-1"	"0"	"2"	"10"	"0"	"0"	"""2"""	"""2"""	"""2"""	"""TRUE"""	"""odd_one"""	"""FALSE"""	"-1"	"-1"	"-1"	"-1"	"-1"	"-1"	"""Bob sailing boats"""	"""Thanks for the money"""	"""42"""	"""m"""	"8"	"0"	"2"	"1"	"0"	"""3"""	"-1"
"What is he talking about? (1-2 mins)"	"Short and fun! A 1-2 minute word game about what someone is talking about."	"experiment, psychology, game"	"$0.20"	"Wed May 14 00:04:50 PDT 2014"	"200"	"0"	"0"	"200"	"Reviewable"	"NotReviewed"	"1 scales"	"600"	"60000"	"Wed May 21 00:04:50 PDT 2014"	"S59304"	"Approved"	""	"""pizza"""	"""olives"""	"""mushrooms"""	"""peppers"""	"""right"""	"""left"""	"0"	"-1"	"0"	"2"	"9"	"0"	"0"	"""2"""	"""2"""	"""2"""	"""TRUE"""	"""twin_1"""	"""FALSE"""	"-1"	"-1"	"-1"	"-1"	"-1"	"-1"	"""pizza"""	""""""	"""19"""	"""m"""	"8"	"0"	"1"	"2"	"0"	"""3"""	"1"
"What is he talking about? (1-2 mins)"	"Short and fun! A 1-2 minute word game about what someone is talking about."	"experiment, psychology, game"	"$0.20"	"Wed May 14 00:04:50 PDT 2014"	"200"	"0"	"0"	"200"	"Reviewable"	"NotReviewed"	"1 scales"	"600"	"60000"	"Wed May 21 00:04:50 PDT 2014"	"S61949"	"Approved"	""	"""boat"""	"""sail"""	"""motor"""	"""cabin"""	"""left"""	"""right"""	"0"	"-1"	"0"	"2"	"9"	"0"	"0"	"""2"""	"""2"""	"""2"""	"""FALSE"""	"""twin_1"""	"""FALSE"""	"-1"	"-1"	"-1"	"-1"	"-1"	"-1"	"""How the boats compared"""	"""Nope"""	"""19"""	"""f"""	"8"	"0"	"1"	"0"	"2"	"""3"""	"1"
"What is he talking about? (1-2 mins)"	"Short and fun! A 1-2 minute word game about what someone is talking about."	"experiment, psychology, game"	"$0.20"	"Wed May 14 00:04:50 PDT 2014"	"200"	"0"	"0"	"200"	"Reviewable"	"NotReviewed"	"1 scales"	"600"	"60000"	"Wed May 21 00:04:50 PDT 2014"	"S61190"	"Approved"	""	"""pizza"""	"""mushrooms"""	"""olives"""	"""peppers"""	"""right"""	"""middle"""	"0"	"-1"	"0"	"2"	"9"	"0"	"0"	"""2"""	"""2"""	"""2"""	"""TRUE"""	"""twin_2"""	"""FALSE"""	"-1"	"-1"	"-1"	"-1"	"-1"	"-1"	"""Bob and his pizza then pointing at a color of mushrooms"""	"""Nope"""	"""23"""	"""m"""	"8"	"0"	"2"	"1"	"0"	"""3"""	"1"
"What is he talking about? (1-2 mins)"	"Short and fun! A 1-2 minute word game about what someone is talking about."	"experiment, psychology, game"	"$0.20"	"Wed May 14 00:04:50 PDT 2014"	"200"	"0"	"0"	"200"	"Reviewable"	"NotReviewed"	"1 scales"	"600"	"60000"	"Wed May 21 00:04:50 PDT 2014"	"S26696"	"Approved"	""	"""pizza"""	"""peppers"""	"""mushrooms"""	"""olives"""	"""middle"""	"""right"""	"0"	"-1"	"0"	"2"	"9"	"0"	"0"	"""2"""	"""2"""	"""2"""	"""TRUE"""	"""twin_1"""	"""FALSE"""	"-1"	"-1"	"-1"	"-1"	"-1"	"-1"	"""Bob eats a lot of pizza..."""	""""""	"""28"""	"""f"""	"8"	"0"	"1"	"2"	"0"	"""3"""	"0"
"What is he talking about? (1-2 mins)"	"Short and fun! A 1-2 minute word game about what someone is talking about."	"experiment, psychology, game"	"$0.20"	"Wed May 14 00:04:50 PDT 2014"	"200"	"0"	"0"	"200"	"Reviewable"	"NotReviewed"	"1 scales"	"600"	"60000"	"Wed May 21 00:04:50 PDT 2014"	"S07886"	"Approved"	""	"""boat"""	"""sail"""	"""motor"""	"""cabin"""	"""left"""	"""right"""	"0"	"-1"	"0"	"2"	"10"	"0"	"0"	"""2"""	"""2"""	"""2"""	"""TRUE"""	"""twin_2"""	"""FALSE"""	"-1"	"-1"	"-1"	"-1"	"-1"	"-1"	"""What boat has what."""	"""Bob is a weird guy."""	"""26"""	"""m"""	"8"	"0"	"2"	"1"	"0"	"""3"""	"-1"
"What is he talking about? (1-2 mins)"	"Short and fun! A 1-2 minute word game about what someone is talking about."	"experiment, psychology, game"	"$0.20"	"Wed May 14 00:04:50 PDT 2014"	"200"	"0"	"0"	"200"	"Reviewable"	"NotReviewed"	"1 scales"	"600"	"60000"	"Wed May 21 00:04:50 PDT 2014"	"S51469"	"Approved"	""	"""friend"""	"""mustache"""	"""glasses"""	"""hat"""	"""middle"""	"""right"""	"0"	"-1"	"0"	"2"	"9"	"0"	"0"	"""2"""	"""2"""	"""2"""	"""TRUE"""	"""twin_2"""	"""FALSE"""	"-1"	"-1"	"-1"	"-1"	"-1"	"-1"	"""I'm really not sure."""	""""""	"""28"""	"""m"""	"8"	"0"	"1"	"0"	"2"	"""3"""	"2"
"What is he talking about? (1-2 mins)"	"Short and fun! A 1-2 minute word game about what someone is talking about."	"experiment, psychology, game"	"$0.20"	"Wed May 14 00:04:50 PDT 2014"	"200"	"0"	"0"	"200"	"Reviewable"	"NotReviewed"	"1 scales"	"600"	"60000"	"Wed May 21 00:04:50 PDT 2014"	"S13010"	"Approved"	""	"""pizza"""	"""mushrooms"""	"""olives"""	"""peppers"""	"""right"""	"""middle"""	"0"	"-1"	"0"	"2"	"10"	"0"	"0"	"""2"""	"""2"""	"""2"""	"""TRUE"""	"""twin_1"""	"""FALSE"""	"-1"	"-1"	"-1"	"-1"	"-1"	"-1"	"""pizza"""	"""none"""	"""23"""	"""f"""	"8"	"0"	"2"	"0"	"1"	"""3"""	"-1"
"What is he talking about? (1-2 mins)"	"Short and fun! A 1-2 minute word game about what someone is talking about."	"experiment, psychology, game"	"$0.20"	"Wed May 14 00:04:50 PDT 2014"	"200"	"0"	"0"	"200"	"Reviewable"	"NotReviewed"	"1 scales"	"600"	"60000"	"Wed May 21 00:04:50 PDT 2014"	"S35228"	"Approved"	""	"""snowman"""	"""hat"""	"""scarf"""	"""mittens"""	"""right"""	"""left"""	"0"	"-1"	"0"	"2"	"10"	"0"	"0"	"""2"""	"""2"""	"""2"""	"""TRUE"""	"""twin_2"""	"""FALSE"""	"-1"	"-1"	"-1"	"-1"	"-1"	"-1"	"""snowmen"""	"""no"""	"""24"""	"""f"""	"8"	"0"	"2"	"1"	"0"	"""3"""	"-1"
"What is he talking about? (1-2 mins)"	"Short and fun! A 1-2 minute word game about what someone is talking about."	"experiment, psychology, game"	"$0.20"	"Wed May 14 00:04:50 PDT 2014"	"200"	"0"	"0"	"200"	"Reviewable"	"NotReviewed"	"1 scales"	"600"	"60000"	"Wed May 21 00:04:50 PDT 2014"	"S58494"	"Approved"	""	"""sundae"""	"""cherry"""	"""whipped cream"""	"""chocolate"""	"""middle"""	"""left"""	"0"	"-1"	"0"	"2"	"9"	"0"	"0"	"""2"""	"""2"""	"""2"""	"""TRUE"""	"""twin_2"""	"""FALSE"""	"-1"	"-1"	"-1"	"-1"	"-1"	"-1"	"""sundae"""	"""no"""	"""29"""	"""m"""	"8"	"0"	"1"	"0"	"2"	"""3"""	"0"
"What is he talking about? (1-2 mins)"	"Short and fun! A 1-2 minute word game about what someone is talking about."	"experiment, psychology, game"	"$0.20"	"Wed May 14 00:04:50 PDT 2014"	"200"	"0"	"0"	"200"	"Reviewable"	"NotReviewed"	"1 scales"	"600"	"60000"	"Wed May 21 00:04:50 PDT 2014"	"S97102"	"Approved"	""	"""snowman"""	"""mittens"""	"""scarf"""	"""hat"""	"""right"""	"""middle"""	"0"	"-1"	"0"	"2"	"9"	"0"	"0"	"""2"""	"""2"""	"""2"""	"""TRUE"""	"""twin_2"""	"""FALSE"""	"-1"	"-1"	"-1"	"-1"	"-1"	"-1"	"""snowmen and what is he talking about"""	""""""	"""55"""	"""f"""	"8"	"0"	"1"	"0"	"2"	"""3"""	"0"
"What is he talking about? (1-2 mins)"	"Short and fun! A 1-2 minute word game about what someone is talking about."	"experiment, psychology, game"	"$0.20"	"Wed May 14 00:04:50 PDT 2014"	"200"	"0"	"0"	"200"	"Reviewable"	"NotReviewed"	"1 scales"	"600"	"60000"	"Wed May 21 00:04:50 PDT 2014"	"S58348"	"Approved"	""	"""pizza"""	"""mushrooms"""	"""olives"""	"""peppers"""	"""middle"""	"""right"""	"0"	"-1"	"0"	"2"	"10"	"0"	"0"	"""2"""	"""2"""	"""2"""	"""TRUE"""	"""twin_1"""	"""FALSE"""	"-1"	"-1"	"-1"	"-1"	"-1"	"-1"	"""Picking a pizza out for a man named Bob"""	""""""	"""25"""	"""m"""	"8"	"0"	"2"	"1"	"0"	"""3"""	"-1"
"What is he talking about? (1-2 mins)"	"Short and fun! A 1-2 minute word game about what someone is talking about."	"experiment, psychology, game"	"$0.20"	"Wed May 14 00:04:50 PDT 2014"	"200"	"0"	"0"	"200"	"Reviewable"	"NotReviewed"	"1 scales"	"600"	"60000"	"Wed May 21 00:04:50 PDT 2014"	"S48552"	"Approved"	""	"""sundae"""	"""cherry"""	"""chocolate"""	"""whipped cream"""	"""right"""	"""middle"""	"0"	"-1"	"0"	"2"	"10"	"0"	"0"	"""2"""	"""2"""	"""2"""	"""FALSE"""	"""twin_2"""	"""FALSE"""	"-1"	"-1"	"-1"	"-1"	"-1"	"-1"	"""ice cream"""	""""""	"""30"""	"""m"""	"8"	"0"	"2"	"0"	"1"	"""3"""	"-1"
"What is he talking about? (1-2 mins)"	"Short and fun! A 1-2 minute word game about what someone is talking about."	"experiment, psychology, game"	"$0.20"	"Wed May 14 00:04:50 PDT 2014"	"200"	"0"	"0"	"200"	"Reviewable"	"NotReviewed"	"1 scales"	"600"	"60000"	"Wed May 21 00:04:50 PDT 2014"	"S31373"	"Approved"	""	"""pizza"""	"""peppers"""	"""mushrooms"""	"""olives"""	"""right"""	"""middle"""	"0"	"-1"	"0"	"2"	"10"	"0"	"0"	"""2"""	"""2"""	"""2"""	"""TRUE"""	"""twin_1"""	"""FALSE"""	"-1"	"-1"	"-1"	"-1"	"-1"	"-1"	"""Guessing intentionality, perhaps?"""	"""No"""	"""26"""	"""f"""	"8"	"0"	"2"	"1"	"0"	"""3"""	"-1"
"What is he talking about? (1-2 mins)"	"Short and fun! A 1-2 minute word game about what someone is talking about."	"experiment, psychology, game"	"$0.20"	"Wed May 14 00:04:50 PDT 2014"	"200"	"0"	"0"	"200"	"Reviewable"	"NotReviewed"	"1 scales"	"600"	"60000"	"Wed May 21 00:04:50 PDT 2014"	"S70427"	"Approved"	""	"""snowman"""	"""mittens"""	"""scarf"""	"""hat"""	"""right"""	"""left"""	"0"	"-1"	"0"	"2"	"9"	"0"	"0"	"""2"""	"""2"""	"""2"""	"""TRUE"""	"""twin_2"""	"""FALSE"""	"-1"	"-1"	"-1"	"-1"	"-1"	"-1"	"""bob likes to decorate snowmen"""	"""none"""	"""53"""	"""male"""	"8"	"0"	"1"	"2"	"0"	"""3"""	"2"
"What is he talking about? (1-2 mins)"	"Short and fun! A 1-2 minute word game about what someone is talking about."	"experiment, psychology, game"	"$0.20"	"Wed May 14 00:04:50 PDT 2014"	"200"	"0"	"0"	"200"	"Reviewable"	"NotReviewed"	"1 scales"	"600"	"60000"	"Wed May 21 00:04:50 PDT 2014"	"S31740"	"Approved"	""	"""pizza"""	"""mushrooms"""	"""peppers"""	"""olives"""	"""left"""	"""middle"""	"0"	"-1"	"0"	"2"	"9"	"0"	"0"	"""2"""	"""2"""	"""2"""	"""TRUE"""	"""twin_2"""	"""FALSE"""	"-1"	"-1"	"-1"	"-1"	"-1"	"-1"	"""Pizza"""	"""No."""	"""28"""	"""m"""	"8"	"0"	"1"	"0"	"2"	"""3"""	"2"
"What is he talking about? (1-2 mins)"	"Short and fun! A 1-2 minute word game about what someone is talking about."	"experiment, psychology, game"	"$0.20"	"Wed May 14 00:04:50 PDT 2014"	"200"	"0"	"0"	"200"	"Reviewable"	"NotReviewed"	"1 scales"	"600"	"60000"	"Wed May 21 00:04:50 PDT 2014"	"S73283"	"Approved"	""	"""snowman"""	"""mittens"""	"""scarf"""	"""hat"""	"""middle"""	"""left"""	"0"	"-1"	"0"	"2"	"9"	"0"	"0"	"""2"""	"""2"""	"""2"""	"""TRUE"""	"""twin_2"""	"""FALSE"""	"-1"	"-1"	"-1"	"-1"	"-1"	"-1"	"""bob and snowmen"""	""""""	"""21"""	"""f"""	"8"	"0"	"2"	"1"	"0"	"""3"""	"1"
"What is he talking about? (1-2 mins)"	"Short and fun! A 1-2 minute word game about what someone is talking about."	"experiment, psychology, game"	"$0.20"	"Wed May 14 00:04:50 PDT 2014"	"200"	"0"	"0"	"200"	"Reviewable"	"NotReviewed"	"1 scales"	"600"	"60000"	"Wed May 21 00:04:50 PDT 2014"	"S82802"	"Approved"	""	"""friend"""	"""glasses"""	"""mustache"""	"""hat"""	"""left"""	"""right"""	"0"	"-1"	"0"	"2"	"9"	"0"	"0"	"""2"""	"""2"""	"""2"""	"""TRUE"""	"""twin_1"""	"""FALSE"""	"-1"	"-1"	"-1"	"-1"	"-1"	"-1"	"""Picking the friend of the 3 Bob saw"""	"""Fun to do"""	"""63"""	"""f"""	"8"	"0"	"1"	"0"	"2"	"""3"""	"0"
"What is he talking about? (1-2 mins)"	"Short and fun! A 1-2 minute word game about what someone is talking about."	"experiment, psychology, game"	"$0.20"	"Wed May 14 00:04:50 PDT 2014"	"200"	"0"	"0"	"200"	"Reviewable"	"NotReviewed"	"1 scales"	"600"	"60000"	"Wed May 21 00:04:50 PDT 2014"	"S89274"	"Approved"	""	"""snowman"""	"""mittens"""	"""scarf"""	"""hat"""	"""middle"""	"""left"""	"0"	"-1"	"0"	"2"	"10"	"0"	"0"	"""2"""	"""2"""	"""2"""	"""TRUE"""	"""odd_one"""	"""FALSE"""	"-1"	"-1"	"-1"	"-1"	"-1"	"-1"	"""What snowmen he was referring to when saying mittens."""	""""""	"""28"""	"""M"""	"8"	"0"	"2"	"1"	"0"	"""3"""	"-1"
"What is he talking about? (1-2 mins)"	"Short and fun! A 1-2 minute word game about what someone is talking about."	"experiment, psychology, game"	"$0.20"	"Wed May 14 00:04:50 PDT 2014"	"200"	"0"	"0"	"200"	"Reviewable"	"NotReviewed"	"1 scales"	"600"	"60000"	"Wed May 21 00:04:50 PDT 2014"	"S62228"	"Approved"	""	"""Christmas tree"""	"""star"""	"""ornaments"""	"""lights"""	"""middle"""	"""right"""	"0"	"-1"	"0"	"2"	"10"	"0"	"0"	"""2"""	"""3"""	"""2"""	"""TRUE"""	"""twin_2"""	"""FALSE"""	"-1"	"-1"	"-1"	"-1"	"-1"	"-1"	"""Bob and his christmas trees"""	""""""	"""19"""	"""f"""	"8"	"0"	"1"	"2"	"0"	"""3"""	"-1"
"What is he talking about? (1-2 mins)"	"Short and fun! A 1-2 minute word game about what someone is talking about."	"experiment, psychology, game"	"$0.20"	"Wed May 14 00:04:50 PDT 2014"	"200"	"0"	"0"	"200"	"Reviewable"	"NotReviewed"	"1 scales"	"600"	"60000"	"Wed May 21 00:04:50 PDT 2014"	"S28025"	"Approved"	""	"""boat"""	"""sail"""	"""cabin"""	"""motor"""	"""middle"""	"""left"""	"0"	"-1"	"0"	"2"	"9"	"0"	"0"	"""2"""	"""2"""	"""2"""	"""TRUE"""	"""twin_2"""	"""FALSE"""	"-1"	"-1"	"-1"	"-1"	"-1"	"-1"	"""Boats?"""	"""None"""	"""24"""	"""m"""	"8"	"0"	"0"	"1"	"2"	"""3"""	"0"
"What is he talking about? (1-2 mins)"	"Short and fun! A 1-2 minute word game about what someone is talking about."	"experiment, psychology, game"	"$0.20"	"Wed May 14 00:04:50 PDT 2014"	"200"	"0"	"0"	"200"	"Reviewable"	"NotReviewed"	"1 scales"	"600"	"60000"	"Wed May 21 00:04:50 PDT 2014"	"S11172"	"Approved"	""	"""pizza"""	"""peppers"""	"""olives"""	"""mushrooms"""	"""left"""	"""middle"""	"0"	"-1"	"0"	"2"	"10"	"0"	"0"	"""2"""	"""2"""	"""2"""	"""TRUE"""	"""twin_2"""	"""FALSE"""	"-1"	"-1"	"-1"	"-1"	"-1"	"-1"	"""Figuring out what people are talking about."""	""""""	"""32"""	"""m"""	"8"	"0"	"1"	"0"	"2"	"""3"""	"-1"
"What is he talking about? (1-2 mins)"	"Short and fun! A 1-2 minute word game about what someone is talking about."	"experiment, psychology, game"	"$0.20"	"Wed May 14 00:04:50 PDT 2014"	"200"	"0"	"0"	"200"	"Reviewable"	"NotReviewed"	"1 scales"	"600"	"60000"	"Wed May 21 00:04:50 PDT 2014"	"S16793"	"Approved"	""	"""snowman"""	"""mittens"""	"""scarf"""	"""hat"""	"""right"""	"""left"""	"0"	"-1"	"0"	"2"	"9"	"0"	"0"	"""2"""	"""2"""	"""2"""	"""TRUE"""	"""twin_2"""	"""FALSE"""	"-1"	"-1"	"-1"	"-1"	"-1"	"-1"	"""colors"""	"""no"""	"""28"""	"""male"""	"8"	"0"	"1"	"2"	"0"	"""3"""	"0"
"What is he talking about? (1-2 mins)"	"Short and fun! A 1-2 minute word game about what someone is talking about."	"experiment, psychology, game"	"$0.20"	"Wed May 14 00:04:50 PDT 2014"	"200"	"0"	"0"	"200"	"Reviewable"	"NotReviewed"	"1 scales"	"600"	"60000"	"Wed May 21 00:04:50 PDT 2014"	"S06401"	"Approved"	""	"""friend"""	"""mustache"""	"""glasses"""	"""hat"""	"""left"""	"""right"""	"0"	"-1"	"0"	"2"	"10"	"0"	"0"	"""2"""	"""2"""	"""2"""	"""TRUE"""	"""odd_one"""	"""FALSE"""	"-1"	"-1"	"-1"	"-1"	"-1"	"-1"	"""who we think bob is talking about"""	"""thank you :)"""	"""29"""	"""f"""	"8"	"0"	"0"	"2"	"1"	"""3"""	"-1"
"What is he talking about? (1-2 mins)"	"Short and fun! A 1-2 minute word game about what someone is talking about."	"experiment, psychology, game"	"$0.20"	"Wed May 14 00:04:50 PDT 2014"	"200"	"0"	"0"	"200"	"Reviewable"	"NotReviewed"	"1 scales"	"600"	"60000"	"Wed May 21 00:04:50 PDT 2014"	"S86850"	"Approved"	""	"""sundae"""	"""whipped cream"""	"""chocolate"""	"""cherry"""	"""right"""	"""middle"""	"0"	"-1"	"0"	"2"	"10"	"0"	"0"	"""2"""	"""2"""	"""2"""	"""TRUE"""	"""twin_2"""	"""FALSE"""	"-1"	"-1"	"-1"	"-1"	"-1"	"-1"	"""Language"""	""""""	"""24"""	"""f"""	"8"	"0"	"2"	"1"	"0"	"""3"""	"-1"
"What is he talking about? (1-2 mins)"	"Short and fun! A 1-2 minute word game about what someone is talking about."	"experiment, psychology, game"	"$0.20"	"Wed May 14 00:04:50 PDT 2014"	"200"	"0"	"0"	"200"	"Reviewable"	"NotReviewed"	"1 scales"	"600"	"60000"	"Wed May 21 00:04:50 PDT 2014"	"S46797"	"Approved"	""	"""Christmas tree"""	"""lights"""	"""star"""	"""ornaments"""	"""left"""	"""middle"""	"0"	"-1"	"0"	"2"	"9"	"0"	"0"	"""2"""	"""2"""	"""2"""	"""TRUE"""	"""twin_1"""	"""FALSE"""	"-1"	"-1"	"-1"	"-1"	"-1"	"-1"	"""keeping things in order """	"""no comment """	"""28"""	"""male"""	"8"	"0"	"1"	"0"	"2"	"""3"""	"2"
"What is he talking about? (1-2 mins)"	"Short and fun! A 1-2 minute word game about what someone is talking about."	"experiment, psychology, game"	"$0.20"	"Wed May 14 00:04:50 PDT 2014"	"200"	"0"	"0"	"200"	"Reviewable"	"NotReviewed"	"1 scales"	"600"	"60000"	"Wed May 21 00:04:50 PDT 2014"	"S62288"	"Approved"	""	"""friend"""	"""mustache"""	"""glasses"""	"""hat"""	"""middle"""	"""left"""	"0"	"-1"	"0"	"2"	"9"	"0"	"0"	"""2"""	"""2"""	"""2"""	"""TRUE"""	"""twin_1"""	"""FALSE"""	"-1"	"-1"	"-1"	"-1"	"-1"	"-1"	"""Which friend he was talking about"""	""""""	"""21"""	"""F"""	"8"	"0"	"0"	"1"	"2"	"""3"""	"2"
"What is he talking about? (1-2 mins)"	"Short and fun! A 1-2 minute word game about what someone is talking about."	"experiment, psychology, game"	"$0.20"	"Wed May 14 00:04:50 PDT 2014"	"200"	"0"	"0"	"200"	"Reviewable"	"NotReviewed"	"1 scales"	"600"	"60000"	"Wed May 21 00:04:50 PDT 2014"	"S68999"	"Approved"	""	"""friend"""	"""hat"""	"""glasses"""	"""mustache"""	"""right"""	"""middle"""	"0"	"-1"	"0"	"2"	"9"	"0"	"0"	"""2"""	"""2"""	"""2"""	"""TRUE"""	"""twin_2"""	"""FALSE"""	"-1"	"-1"	"-1"	"-1"	"-1"	"-1"	"""This survey was about choices and our interpretation of it."""	""""""	"""24"""	"""m"""	"8"	"0"	"2"	"0"	"1"	"""3"""	"1"
"What is he talking about? (1-2 mins)"	"Short and fun! A 1-2 minute word game about what someone is talking about."	"experiment, psychology, game"	"$0.20"	"Wed May 14 00:04:50 PDT 2014"	"200"	"0"	"0"	"200"	"Reviewable"	"NotReviewed"	"1 scales"	"600"	"60000"	"Wed May 21 00:04:50 PDT 2014"	"S49878"	"Approved"	""	"""snowman"""	"""mittens"""	"""hat"""	"""scarf"""	"""middle"""	"""right"""	"0"	"-1"	"0"	"2"	"9"	"0"	"0"	"""2"""	"""2"""	"""2"""	"""TRUE"""	"""twin_1"""	"""FALSE"""	"-1"	"-1"	"-1"	"-1"	"-1"	"-1"	"""That Bob really likes to decorate snowmen"""	"""No comments"""	"""28"""	"""m"""	"8"	"0"	"0"	"1"	"2"	"""3"""	"0"
"What is he talking about? (1-2 mins)"	"Short and fun! A 1-2 minute word game about what someone is talking about."	"experiment, psychology, game"	"$0.20"	"Wed May 14 00:04:50 PDT 2014"	"200"	"0"	"0"	"200"	"Reviewable"	"NotReviewed"	"1 scales"	"600"	"60000"	"Wed May 21 00:04:50 PDT 2014"	"S29880"	"Approved"	""	"""pizza"""	"""peppers"""	"""olives"""	"""mushrooms"""	"""left"""	"""middle"""	"0"	"-1"	"0"	"2"	"10"	"0"	"0"	"""2"""	"""2"""	"""2"""	"""TRUE"""	"""twin_2"""	"""FALSE"""	"-1"	"-1"	"-1"	"-1"	"-1"	"-1"	"""What pizza Bob wanted."""	"""No."""	"""27"""	"""m"""	"8"	"0"	"0"	"1"	"2"	"""3"""	"-1"
"What is he talking about? (1-2 mins)"	"Short and fun! A 1-2 minute word game about what someone is talking about."	"experiment, psychology, game"	"$0.20"	"Wed May 14 00:04:50 PDT 2014"	"200"	"0"	"0"	"200"	"Reviewable"	"NotReviewed"	"1 scales"	"600"	"60000"	"Wed May 21 00:04:50 PDT 2014"	"S37716"	"Approved"	""	"""Christmas tree"""	"""lights"""	"""star"""	"""ornaments"""	"""left"""	"""right"""	"0"	"-1"	"0"	"2"	"9"	"0"	"0"	"""2"""	"""2"""	"""3"""	"""FALSE"""	"""twin_1"""	"""FALSE"""	"-1"	"-1"	"-1"	"-1"	"-1"	"-1"	"""trees"""	"""no"""	"""25"""	"""m"""	"8"	"0"	"2"	"0"	"1"	"""3"""	"1"
"What is he talking about? (1-2 mins)"	"Short and fun! A 1-2 minute word game about what someone is talking about."	"experiment, psychology, game"	"$0.20"	"Wed May 14 00:04:50 PDT 2014"	"200"	"0"	"0"	"200"	"Reviewable"	"NotReviewed"	"1 scales"	"600"	"60000"	"Wed May 21 00:04:50 PDT 2014"	"S75169"	"Approved"	""	"""friend"""	"""hat"""	"""mustache"""	"""glasses"""	"""right"""	"""middle"""	"0"	"-1"	"0"	"2"	"10"	"0"	"0"	"""2"""	"""2"""	"""2"""	"""TRUE"""	"""odd_one"""	"""FALSE"""	"-1"	"-1"	"-1"	"-1"	"-1"	"-1"	"""communication"""	""""""	"""34"""	"""f"""	"8"	"0"	"2"	"1"	"0"	"""3"""	"-1"
"What is he talking about? (1-2 mins)"	"Short and fun! A 1-2 minute word game about what someone is talking about."	"experiment, psychology, game"	"$0.20"	"Wed May 14 00:04:50 PDT 2014"	"200"	"0"	"0"	"200"	"Reviewable"	"NotReviewed"	"1 scales"	"600"	"60000"	"Wed May 21 00:04:50 PDT 2014"	"S51566"	"Approved"	""	"""Christmas tree"""	"""star"""	"""ornaments"""	"""lights"""	"""left"""	"""right"""	"0"	"-1"	"0"	"2"	"10"	"0"	"0"	"""2"""	"""2"""	"""2"""	"""TRUE"""	"""odd_one"""	"""FALSE"""	"-1"	"-1"	"-1"	"-1"	"-1"	"-1"	"""The survey is about how a person judges someone's statement."""	"""None"""	"""33"""	"""female"""	"8"	"0"	"2"	"0"	"1"	"""3"""	"-1"
"What is he talking about? (1-2 mins)"	"Short and fun! A 1-2 minute word game about what someone is talking about."	"experiment, psychology, game"	"$0.20"	"Wed May 14 00:04:50 PDT 2014"	"200"	"0"	"0"	"200"	"Reviewable"	"NotReviewed"	"1 scales"	"600"	"60000"	"Wed May 21 00:04:50 PDT 2014"	"S21267"	"Approved"	""	"""snowman"""	"""hat"""	"""scarf"""	"""mittens"""	"""middle"""	"""right"""	"0"	"-1"	"0"	"2"	"9"	"0"	"0"	"""2"""	"""2"""	"""2"""	"""TRUE"""	"""twin_1"""	"""FALSE"""	"-1"	"-1"	"-1"	"-1"	"-1"	"-1"	"""a snowman's clothing"""	"""no"""	"""30"""	"""female"""	"8"	"0"	"0"	"1"	"2"	"""3"""	"0"
"What is he talking about? (1-2 mins)"	"Short and fun! A 1-2 minute word game about what someone is talking about."	"experiment, psychology, game"	"$0.20"	"Wed May 14 00:04:50 PDT 2014"	"200"	"0"	"0"	"200"	"Reviewable"	"NotReviewed"	"1 scales"	"600"	"60000"	"Wed May 21 00:04:50 PDT 2014"	"S18137"	"Approved"	""	"""boat"""	"""sail"""	"""cabin"""	"""motor"""	"""left"""	"""middle"""	"0"	"-1"	"0"	"2"	"9"	"0"	"0"	"""2"""	"""2"""	"""2"""	"""TRUE"""	"""twin_1"""	"""FALSE"""	"-1"	"-1"	"-1"	"-1"	"-1"	"-1"	"""boats..."""	"""Nope"""	"""31"""	"""m"""	"8"	"0"	"1"	"2"	"0"	"""3"""	"1"
"What is he talking about? (1-2 mins)"	"Short and fun! A 1-2 minute word game about what someone is talking about."	"experiment, psychology, game"	"$0.20"	"Wed May 14 00:04:50 PDT 2014"	"200"	"0"	"0"	"200"	"Reviewable"	"NotReviewed"	"1 scales"	"600"	"60000"	"Wed May 21 00:04:50 PDT 2014"	"S55445"	"Approved"	""	"""friend"""	"""mustache"""	"""hat"""	"""glasses"""	"""right"""	"""middle"""	"0"	"-1"	"0"	"2"	"9"	"0"	"0"	"""2"""	"""2"""	"""2"""	"""TRUE"""	"""twin_2"""	"""FALSE"""	"-1"	"-1"	"-1"	"-1"	"-1"	"-1"	"""Making proper decisions based on information given"""	"""N/A"""	"""23"""	"""m"""	"8"	"0"	"1"	"0"	"2"	"""3"""	"1"
"What is he talking about? (1-2 mins)"	"Short and fun! A 1-2 minute word game about what someone is talking about."	"experiment, psychology, game"	"$0.20"	"Wed May 14 00:04:50 PDT 2014"	"200"	"0"	"0"	"200"	"Reviewable"	"NotReviewed"	"1 scales"	"600"	"60000"	"Wed May 21 00:04:50 PDT 2014"	"S81032"	"Approved"	""	"""pizza"""	"""mushrooms"""	"""peppers"""	"""olives"""	"""middle"""	"""left"""	"0"	"-1"	"0"	"2"	"9"	"0"	"0"	"""2"""	"""2"""	"""2"""	"""TRUE"""	"""twin_2"""	"""FALSE"""	"-1"	"-1"	"-1"	"-1"	"-1"	"-1"	"""I have no idea."""	"""This one was funny."""	"""33"""	"""f"""	"8"	"0"	"2"	"0"	"1"	"""3"""	"1"
"What is he talking about? (1-2 mins)"	"Short and fun! A 1-2 minute word game about what someone is talking about."	"experiment, psychology, game"	"$0.20"	"Wed May 14 00:04:50 PDT 2014"	"200"	"0"	"0"	"200"	"Reviewable"	"NotReviewed"	"1 scales"	"600"	"60000"	"Wed May 21 00:04:50 PDT 2014"	"S31463"	"Approved"	""	"""pizza"""	"""peppers"""	"""olives"""	"""mushrooms"""	"""right"""	"""left"""	"0"	"-1"	"0"	"2"	"9"	"0"	"0"	"""2"""	"""2"""	"""2"""	"""TRUE"""	"""twin_2"""	"""FALSE"""	"-1"	"-1"	"-1"	"-1"	"-1"	"-1"	"""not sure"""	""""""	"""35"""	"""m"""	"8"	"0"	"1"	"2"	"0"	"""3"""	"0"
"What is he talking about? (1-2 mins)"	"Short and fun! A 1-2 minute word game about what someone is talking about."	"experiment, psychology, game"	"$0.20"	"Wed May 14 00:04:50 PDT 2014"	"200"	"0"	"0"	"200"	"Reviewable"	"NotReviewed"	"1 scales"	"600"	"60000"	"Wed May 21 00:04:50 PDT 2014"	"S66204"	"Approved"	""	"""Christmas tree"""	"""ornaments"""	"""lights"""	"""star"""	"""middle"""	"""left"""	"0"	"-1"	"0"	"2"	"10"	"0"	"0"	"""2"""	"""2"""	"""2"""	"""TRUE"""	"""twin_2"""	"""FALSE"""	"-1"	"-1"	"-1"	"-1"	"-1"	"-1"	"""matching"""	"""no"""	"""41"""	"""m"""	"8"	"0"	"0"	"1"	"2"	"""3"""	"-1"
"What is he talking about? (1-2 mins)"	"Short and fun! A 1-2 minute word game about what someone is talking about."	"experiment, psychology, game"	"$0.20"	"Wed May 14 00:04:50 PDT 2014"	"200"	"0"	"0"	"200"	"Reviewable"	"NotReviewed"	"1 scales"	"600"	"60000"	"Wed May 21 00:04:50 PDT 2014"	"S32482"	"Approved"	""	"""sundae"""	"""cherry"""	"""whipped cream"""	"""chocolate"""	"""right"""	"""left"""	"0"	"-1"	"0"	"2"	"9"	"0"	"0"	"""2"""	"""2"""	"""2"""	"""TRUE"""	"""twin_1"""	"""FALSE"""	"-1"	"-1"	"-1"	"-1"	"-1"	"-1"	"""To see how people intrepret other's language"""	"""None"""	"""23"""	"""m"""	"8"	"0"	"0"	"2"	"1"	"""3"""	"2"
"What is he talking about? (1-2 mins)"	"Short and fun! A 1-2 minute word game about what someone is talking about."	"experiment, psychology, game"	"$0.20"	"Wed May 14 00:04:50 PDT 2014"	"200"	"0"	"0"	"200"	"Reviewable"	"NotReviewed"	"1 scales"	"600"	"60000"	"Wed May 21 00:04:50 PDT 2014"	"S52478"	"Approved"	""	"""friend"""	"""mustache"""	"""hat"""	"""glasses"""	"""right"""	"""middle"""	"0"	"-1"	"0"	"2"	"10"	"0"	"0"	"""2"""	"""2"""	"""2"""	"""TRUE"""	"""twin_1"""	"""FALSE"""	"-1"	"-1"	"-1"	"-1"	"-1"	"-1"	"""Language"""	"""No"""	"""42"""	"""Male"""	"8"	"0"	"2"	"1"	"0"	"""3"""	"-1"
"What is he talking about? (1-2 mins)"	"Short and fun! A 1-2 minute word game about what someone is talking about."	"experiment, psychology, game"	"$0.20"	"Wed May 14 00:04:50 PDT 2014"	"200"	"0"	"0"	"200"	"Reviewable"	"NotReviewed"	"1 scales"	"600"	"60000"	"Wed May 21 00:04:50 PDT 2014"	"S68266"	"Approved"	""	"""snowman"""	"""scarf"""	"""mittens"""	"""hat"""	"""middle"""	"""right"""	"0"	"-1"	"0"	"2"	"10"	"0"	"0"	"""2"""	"""2"""	"""2"""	"""TRUE"""	"""odd_one"""	"""FALSE"""	"-1"	"-1"	"-1"	"-1"	"-1"	"-1"	"""Decorating snowmen"""	"""None """	"""32"""	"""f"""	"8"	"0"	"2"	"0"	"1"	"""3"""	"-1"
"What is he talking about? (1-2 mins)"	"Short and fun! A 1-2 minute word game about what someone is talking about."	"experiment, psychology, game"	"$0.20"	"Wed May 14 00:04:50 PDT 2014"	"200"	"0"	"0"	"200"	"Reviewable"	"NotReviewed"	"1 scales"	"600"	"60000"	"Wed May 21 00:04:50 PDT 2014"	"S63712"	"Approved"	""	"""sundae"""	"""whipped cream"""	"""chocolate"""	"""cherry"""	"""left"""	"""middle"""	"0"	"-1"	"0"	"2"	"9"	"0"	"0"	"""1"""	"""1"""	"""1"""	"""TRUE"""	"""twin_2"""	"""FALSE"""	"-1"	"-1"	"-1"	"-1"	"-1"	"-1"	"""opinions about bob"""	""""""	"""24"""	"""male"""	"8"	"0"	"1"	"0"	"2"	"""3"""	"2"
"What is he talking about? (1-2 mins)"	"Short and fun! A 1-2 minute word game about what someone is talking about."	"experiment, psychology, game"	"$0.20"	"Wed May 14 00:04:50 PDT 2014"	"200"	"0"	"0"	"200"	"Reviewable"	"NotReviewed"	"1 scales"	"600"	"60000"	"Wed May 21 00:04:50 PDT 2014"	"S67608"	"Approved"	""	"""pizza"""	"""olives"""	"""peppers"""	"""mushrooms"""	"""middle"""	"""right"""	"0"	"-1"	"0"	"2"	"9"	"0"	"0"	"""2"""	"""1"""	"""1"""	"""TRUE"""	"""twin_1"""	"""FALSE"""	"-1"	"-1"	"-1"	"-1"	"-1"	"-1"	"""dont know"""	""""""	"""24"""	"""male"""	"8"	"0"	"2"	"0"	"1"	"""3"""	"0"
"What is he talking about? (1-2 mins)"	"Short and fun! A 1-2 minute word game about what someone is talking about."	"experiment, psychology, game"	"$0.20"	"Wed May 14 00:04:50 PDT 2014"	"200"	"0"	"0"	"200"	"Reviewable"	"NotReviewed"	"1 scales"	"600"	"60000"	"Wed May 21 00:04:50 PDT 2014"	"S89134"	"Approved"	""	"""snowman"""	"""hat"""	"""scarf"""	"""mittens"""	"""right"""	"""middle"""	"0"	"-1"	"0"	"2"	"10"	"0"	"0"	"""2"""	"""2"""	"""0"""	"""TRUE"""	"""twin_2"""	"""FALSE"""	"-1"	"-1"	"-1"	"-1"	"-1"	"-1"	"""opinions"""	""""""	"""24"""	"""male"""	"8"	"0"	"1"	"0"	"2"	"""3"""	"-1"
"What is he talking about? (1-2 mins)"	"Short and fun! A 1-2 minute word game about what someone is talking about."	"experiment, psychology, game"	"$0.20"	"Wed May 14 00:04:50 PDT 2014"	"200"	"0"	"0"	"200"	"Reviewable"	"NotReviewed"	"1 scales"	"600"	"60000"	"Wed May 21 00:04:50 PDT 2014"	"S06371"	"Approved"	""	"""friend"""	"""glasses"""	"""mustache"""	"""hat"""	"""left"""	"""middle"""	"0"	"-1"	"0"	"2"	"9"	"0"	"0"	"""2"""	"""2"""	"""1"""	"""TRUE"""	"""odd_one"""	"""FALSE"""	"-1"	"-1"	"-1"	"-1"	"-1"	"-1"	"""bob"""	""""""	"""23"""	"""male"""	"8"	"0"	"1"	"0"	"2"	"""3"""	"2"
"What is he talking about? (1-2 mins)"	"Short and fun! A 1-2 minute word game about what someone is talking about."	"experiment, psychology, game"	"$0.20"	"Wed May 14 00:04:50 PDT 2014"	"200"	"0"	"0"	"200"	"Reviewable"	"NotReviewed"	"1 scales"	"600"	"60000"	"Wed May 21 00:04:50 PDT 2014"	"S30741"	"Approved"	""	"""pizza"""	"""mushrooms"""	"""peppers"""	"""olives"""	"""right"""	"""middle"""	"0"	"-1"	"0"	"2"	"10"	"0"	"0"	"""2"""	"""2"""	"""2"""	"""TRUE"""	"""twin_1"""	"""FALSE"""	"-1"	"-1"	"-1"	"-1"	"-1"	"-1"	"""Pizza and language """	"""Have a nice day, thank you """	"""36"""	"""m"""	"8"	"0"	"1"	"0"	"2"	"""3"""	"-1"
"What is he talking about? (1-2 mins)"	"Short and fun! A 1-2 minute word game about what someone is talking about."	"experiment, psychology, game"	"$0.20"	"Wed May 14 00:04:50 PDT 2014"	"200"	"0"	"0"	"200"	"Reviewable"	"NotReviewed"	"1 scales"	"600"	"60000"	"Wed May 21 00:04:50 PDT 2014"	"S87810"	"Approved"	""	"""boat"""	"""sail"""	"""cabin"""	"""motor"""	"""middle"""	"""right"""	"0"	"-1"	"0"	"2"	"10"	"0"	"0"	"""2"""	"""2"""	"""2"""	"""TRUE"""	"""twin_2"""	"""FALSE"""	"-1"	"-1"	"-1"	"-1"	"-1"	"-1"	"""sail boats"""	"""nope"""	"""24"""	"""m"""	"8"	"0"	"0"	"1"	"2"	"""3"""	"-1"
"What is he talking about? (1-2 mins)"	"Short and fun! A 1-2 minute word game about what someone is talking about."	"experiment, psychology, game"	"$0.20"	"Wed May 14 00:04:50 PDT 2014"	"200"	"0"	"0"	"200"	"Reviewable"	"NotReviewed"	"1 scales"	"600"	"60000"	"Wed May 21 00:04:50 PDT 2014"	"S39236"	"Approved"	""	"""boat"""	"""cabin"""	"""sail"""	"""motor"""	"""left"""	"""right"""	"0"	"-1"	"0"	"2"	"10"	"0"	"0"	"""2"""	"""2"""	"""2"""	"""TRUE"""	"""twin_2"""	"""FALSE"""	"-1"	"-1"	"-1"	"-1"	"-1"	"-1"	"""boats"""	""""""	""""""	"""f"""	"8"	"0"	"2"	"1"	"0"	"""3"""	"-1"
"What is he talking about? (1-2 mins)"	"Short and fun! A 1-2 minute word game about what someone is talking about."	"experiment, psychology, game"	"$0.20"	"Wed May 14 00:04:50 PDT 2014"	"200"	"0"	"0"	"200"	"Reviewable"	"NotReviewed"	"1 scales"	"600"	"60000"	"Wed May 21 00:04:50 PDT 2014"	"S08605"	"Approved"	""	"""sundae"""	"""cherry"""	"""chocolate"""	"""whipped cream"""	"""right"""	"""left"""	"0"	"-1"	"0"	"2"	"9"	"0"	"0"	"""2"""	"""2"""	"""2"""	"""TRUE"""	"""twin_2"""	"""FALSE"""	"-1"	"-1"	"-1"	"-1"	"-1"	"-1"	"""Bob's sundaes"""	"""This was really strange"""	"""47"""	"""M"""	"8"	"0"	"0"	"1"	"2"	"""3"""	"2"
"What is he talking about? (1-2 mins)"	"Short and fun! A 1-2 minute word game about what someone is talking about."	"experiment, psychology, game"	"$0.20"	"Wed May 14 00:04:50 PDT 2014"	"200"	"0"	"0"	"200"	"Reviewable"	"NotReviewed"	"1 scales"	"600"	"60000"	"Wed May 21 00:04:50 PDT 2014"	"S75572"	"Approved"	""	"""boat"""	"""sail"""	"""cabin"""	"""motor"""	"""right"""	"""left"""	"0"	"-1"	"0"	"2"	"9"	"0"	"0"	"""2"""	"""2"""	"""2"""	"""TRUE"""	"""twin_2"""	"""FALSE"""	"-1"	"-1"	"-1"	"-1"	"-1"	"-1"	"""About bob's sailing and boats"""	"""Thank you"""	"""25"""	"""male"""	"8"	"0"	"1"	"0"	"2"	"""3"""	"0"
"What is he talking about? (1-2 mins)"	"Short and fun! A 1-2 minute word game about what someone is talking about."	"experiment, psychology, game"	"$0.20"	"Wed May 14 00:04:50 PDT 2014"	"200"	"0"	"0"	"200"	"Reviewable"	"NotReviewed"	"1 scales"	"600"	"60000"	"Wed May 21 00:04:50 PDT 2014"	"S10631"	"Approved"	""	"""snowman"""	"""hat"""	"""mittens"""	"""scarf"""	"""middle"""	"""right"""	"0"	"-1"	"0"	"2"	"9"	"0"	"0"	"""2"""	"""2"""	"""2"""	"""TRUE"""	"""twin_2"""	"""FALSE"""	"-1"	"-1"	"-1"	"-1"	"-1"	"-1"	"""how we make observations"""	""""""	"""53"""	"""m"""	"8"	"0"	"0"	"2"	"1"	"""3"""	"2"
"What is he talking about? (1-2 mins)"	"Short and fun! A 1-2 minute word game about what someone is talking about."	"experiment, psychology, game"	"$0.20"	"Wed May 14 00:04:50 PDT 2014"	"200"	"0"	"0"	"200"	"Reviewable"	"NotReviewed"	"1 scales"	"600"	"60000"	"Wed May 21 00:04:50 PDT 2014"	"S03490"	"Approved"	""	"""snowman"""	"""hat"""	"""mittens"""	"""scarf"""	"""middle"""	"""left"""	"0"	"-1"	"0"	"2"	"10"	"0"	"0"	"""2"""	"""2"""	"""2"""	"""TRUE"""	"""odd_one"""	"""FALSE"""	"-1"	"-1"	"-1"	"-1"	"-1"	"-1"	"""snowmen decorating"""	""""""	"""51"""	"""f"""	"8"	"0"	"2"	"0"	"1"	"""3"""	"-1"
"What is he talking about? (1-2 mins)"	"Short and fun! A 1-2 minute word game about what someone is talking about."	"experiment, psychology, game"	"$0.20"	"Wed May 14 00:04:50 PDT 2014"	"200"	"0"	"0"	"200"	"Reviewable"	"NotReviewed"	"1 scales"	"600"	"60000"	"Wed May 21 00:04:50 PDT 2014"	"S95065"	"Approved"	""	"""sundae"""	"""whipped cream"""	"""cherry"""	"""chocolate"""	"""middle"""	"""right"""	"0"	"-1"	"0"	"2"	"10"	"0"	"0"	"""2"""	"""2"""	"""2"""	"""TRUE"""	"""twin_2"""	"""FALSE"""	"-1"	"-1"	"-1"	"-1"	"-1"	"-1"	"""Sundaes."""	"""No."""	"""20"""	"""F"""	"8"	"0"	"0"	"1"	"2"	"""3"""	"-1"
