"title"	"description"	"keywords"	"reward"	"creationtime"	"assignments"	"numavailable"	"numpending"	"numcomplete"	"hitstatus"	"reviewstatus"	"annotation"	"assignmentduration"	"autoapprovaldelay"	"hitlifetime"	"workerid"	"assignmentstatus"	"deadline"	"Answer.item"	"Answer.target_property"	"Answer.target_position"	"Answer.left_items"	"Answer.middle_items"	"Answer.right_items"	"Answer.position_chosen"	"Answer.items_chosen"	"Answer.target_frequency"	"Answer.familiarization_cond"	"Answer.participant_response_type_condition"	"Answer.participant_feature_count_condition"	"Answer.linguistic_framing_condition"	"Answer.target_filler_sequence_condition"	"Answer.question_type_condition"	"Answer.manip_check_target"	"Answer.manip_check_dist"	"Answer.manip_check_foil"	"Answer.name_check_correct"	"Answer.choice"	"Answer.choice_correct"	"Answer.money_allocated_to_foil"	"Answer.money_allocated_to_target"	"Answer.money_allocated_to_logical"	"Answer.Likert_value_foil"	"Answer.Likert_value_target"	"Answer.Likert_value_logical"	"Answer.about"	"Answer.comment"	"Answer.age"	"Answer.gender"	"Answer.scale_and_levels_condition"	"Answer.familiarization_present_in_study"	"Answer.top_question_order"	"Answer.middle_question_order"	"Answer.bottom_question_order"	"Answer.image_version"	"Answer.color_salience"	"Answer.position_with_color"	"Answer.referent_with_color"	"Answer.hand_position"
"What is he talking about? (1-2 mins)"	"Short and fun! A 1-2 minute word game about what someone is talking about."	"experiment, psychology, game"	"$0.20"	"Mon Feb 23 12:05:59 PST 2015"	"200"	"0"	"0"	"200"	"Reviewable"	"NotReviewed"	"1 scales"	"600"	"60000"	"Mon Mar 02 12:05:59 PST 2015"	"S54774"	"Approved"	""	"""boat"""	"""cabin"""	"""left"""	"""cabin,"""	"""cabin,motor,"""	""""""	"""left"""	"""cabin,"""	"0"	"-1"	"0"	"1"	"1"	"0"	"0"	"""2"""	"""1"""	"-1"	"""TRUE"""	"""target"""	"""TRUE"""	"-1"	"-1"	"-1"	"-1"	"-1"	"-1"	"""language"""	""""""	"""63"""	"""m"""	"1"	"0"	"2"	"0"	"1"	"""3"""	"3"	"""middle"""	"""logical"""	"-1"
"What is he talking about? (1-2 mins)"	"Short and fun! A 1-2 minute word game about what someone is talking about."	"experiment, psychology, game"	"$0.20"	"Mon Feb 23 12:05:59 PST 2015"	"200"	"0"	"0"	"200"	"Reviewable"	"NotReviewed"	"1 scales"	"600"	"60000"	"Mon Mar 02 12:05:59 PST 2015"	"S24878"	"Approved"	""	"""boat"""	"""motor"""	"""middle"""	""""""	"""motor,"""	"""cabin,motor,"""	"""middle"""	"""motor,"""	"0"	"-1"	"0"	"1"	"1"	"0"	"0"	"""2"""	"""1"""	"-1"	"""TRUE"""	"""target"""	"""TRUE"""	"-1"	"-1"	"-1"	"-1"	"-1"	"-1"	"""sailing motorboats, apparently"""	"""no"""	"""63"""	"""m"""	"1"	"0"	"2"	"1"	"0"	"""3"""	"0"	"""none"""	"""none"""	"-1"
"What is he talking about? (1-2 mins)"	"Short and fun! A 1-2 minute word game about what someone is talking about."	"experiment, psychology, game"	"$0.20"	"Mon Feb 23 12:05:59 PST 2015"	"200"	"0"	"0"	"200"	"Reviewable"	"NotReviewed"	"1 scales"	"600"	"60000"	"Mon Mar 02 12:05:59 PST 2015"	"S00757"	"Approved"	""	"""pizza"""	"""olives"""	"""middle"""	"""mushrooms,olives,"""	"""olives,"""	""""""	"""middle"""	"""olives,"""	"0"	"-1"	"0"	"1"	"1"	"0"	"0"	"""2"""	"""1"""	"-1"	"""TRUE"""	"""target"""	"""TRUE"""	"-1"	"-1"	"-1"	"-1"	"-1"	"-1"	"""Figuring out what the person was talking about with minimal background"""	""""""	"""30"""	"""m"""	"1"	"0"	"1"	"2"	"0"	"""3"""	"2"	"""middle"""	"""target"""	"-1"
"What is he talking about? (1-2 mins)"	"Short and fun! A 1-2 minute word game about what someone is talking about."	"experiment, psychology, game"	"$0.20"	"Mon Feb 23 12:05:59 PST 2015"	"200"	"0"	"0"	"200"	"Reviewable"	"NotReviewed"	"1 scales"	"600"	"60000"	"Mon Mar 02 12:05:59 PST 2015"	"S75293"	"Approved"	""	"""pizza"""	"""peppers"""	"""right"""	"""mushrooms,peppers,"""	""""""	"""peppers,"""	"""right"""	"""peppers,"""	"0"	"-1"	"0"	"1"	"1"	"0"	"0"	"""2"""	"""1"""	"-1"	"""FALSE"""	"""target"""	"""TRUE"""	"-1"	"-1"	"-1"	"-1"	"-1"	"-1"	"""How people perceive words"""	"""No"""	"""29"""	"""m"""	"1"	"0"	"2"	"1"	"0"	"""3"""	"0"	"""none"""	"""none"""	"-1"
"What is he talking about? (1-2 mins)"	"Short and fun! A 1-2 minute word game about what someone is talking about."	"experiment, psychology, game"	"$0.20"	"Mon Feb 23 12:05:59 PST 2015"	"200"	"0"	"0"	"200"	"Reviewable"	"NotReviewed"	"1 scales"	"600"	"60000"	"Mon Mar 02 12:05:59 PST 2015"	"S45075"	"Approved"	""	"""Christmas tree"""	"""star"""	"""left"""	"""star,"""	""""""	"""ornaments,star,"""	"""left"""	"""star,"""	"0"	"-1"	"0"	"1"	"1"	"0"	"0"	"""2"""	"""1"""	"-1"	"""TRUE"""	"""target"""	"""TRUE"""	"-1"	"-1"	"-1"	"-1"	"-1"	"-1"	"""Determining what someone is talking about when given limited information."""	"""Thank you!"""	"""25"""	"""m"""	"1"	"0"	"0"	"1"	"2"	"""3"""	"2"	"""left"""	"""target"""	"-1"
"What is he talking about? (1-2 mins)"	"Short and fun! A 1-2 minute word game about what someone is talking about."	"experiment, psychology, game"	"$0.20"	"Mon Feb 23 12:05:59 PST 2015"	"200"	"0"	"0"	"200"	"Reviewable"	"NotReviewed"	"1 scales"	"600"	"60000"	"Mon Mar 02 12:05:59 PST 2015"	"S69827"	"Approved"	""	"""Christmas tree"""	"""lights"""	"""middle"""	""""""	"""lights,"""	"""lights,ornaments,"""	"""middle"""	"""lights,"""	"0"	"-1"	"0"	"1"	"1"	"0"	"0"	"""2"""	"""1"""	"-1"	"""TRUE"""	"""target"""	"""TRUE"""	"-1"	"-1"	"-1"	"-1"	"-1"	"-1"	"""How people interpret words"""	"""no"""	"""31"""	"""f"""	"1"	"0"	"1"	"0"	"2"	"""3"""	"3"	"""right"""	"""logical"""	"-1"
"What is he talking about? (1-2 mins)"	"Short and fun! A 1-2 minute word game about what someone is talking about."	"experiment, psychology, game"	"$0.20"	"Mon Feb 23 12:05:59 PST 2015"	"200"	"0"	"0"	"200"	"Reviewable"	"NotReviewed"	"1 scales"	"600"	"60000"	"Mon Mar 02 12:05:59 PST 2015"	"S34480"	"Approved"	""	"""friend"""	"""glasses"""	"""right"""	""""""	"""glasses,mustache,"""	"""glasses,"""	"""right"""	"""glasses,"""	"0"	"-1"	"0"	"1"	"1"	"0"	"0"	"""2"""	"""1"""	"-1"	"""TRUE"""	"""target"""	"""TRUE"""	"-1"	"-1"	"-1"	"-1"	"-1"	"-1"	"""Categories"""	"""Nope."""	"""41"""	"""m"""	"1"	"0"	"0"	"1"	"2"	"""3"""	"1"	"""left"""	"""foil"""	"-1"
"What is he talking about? (1-2 mins)"	"Short and fun! A 1-2 minute word game about what someone is talking about."	"experiment, psychology, game"	"$0.20"	"Mon Feb 23 12:05:59 PST 2015"	"200"	"0"	"0"	"200"	"Reviewable"	"NotReviewed"	"1 scales"	"600"	"60000"	"Mon Mar 02 12:05:59 PST 2015"	"S82075"	"Approved"	""	"""sundae"""	"""cherry"""	"""left"""	"""cherry,"""	""""""	"""cherry,whipped cream,"""	"""left"""	"""cherry,"""	"0"	"-1"	"0"	"1"	"1"	"0"	"0"	"""2"""	"""1"""	"-1"	"""FALSE"""	"""target"""	"""TRUE"""	"-1"	"-1"	"-1"	"-1"	"-1"	"-1"	"""icecream"""	""""""	"""23"""	"""m"""	"1"	"0"	"0"	"2"	"1"	"""3"""	"2"	"""left"""	"""target"""	"-1"
"What is he talking about? (1-2 mins)"	"Short and fun! A 1-2 minute word game about what someone is talking about."	"experiment, psychology, game"	"$0.20"	"Mon Feb 23 12:05:59 PST 2015"	"200"	"0"	"0"	"200"	"Reviewable"	"NotReviewed"	"1 scales"	"600"	"60000"	"Mon Mar 02 12:05:59 PST 2015"	"S53062"	"Approved"	""	"""snowman"""	"""hat"""	"""middle"""	"""hat,scarf,"""	"""hat,"""	""""""	"""middle"""	"""hat,"""	"0"	"-1"	"0"	"1"	"1"	"0"	"0"	"""2"""	"""1"""	"-1"	"""TRUE"""	"""target"""	"""TRUE"""	"-1"	"-1"	"-1"	"-1"	"-1"	"-1"	"""It was about how the average person would interpret what \""Bob\"" said. """	"""no"""	"""24"""	"""f"""	"1"	"0"	"2"	"1"	"0"	"""3"""	"1"	"""right"""	"""foil"""	"-1"
"What is he talking about? (1-2 mins)"	"Short and fun! A 1-2 minute word game about what someone is talking about."	"experiment, psychology, game"	"$0.20"	"Mon Feb 23 12:05:59 PST 2015"	"200"	"0"	"0"	"200"	"Reviewable"	"NotReviewed"	"1 scales"	"600"	"60000"	"Mon Mar 02 12:05:59 PST 2015"	"S19672"	"Approved"	""	"""friend"""	"""glasses"""	"""right"""	"""glasses,mustache,"""	""""""	"""glasses,"""	"""right"""	"""glasses,"""	"0"	"-1"	"0"	"1"	"1"	"0"	"0"	"""2"""	"""1"""	"-1"	"""TRUE"""	"""target"""	"""TRUE"""	"-1"	"-1"	"-1"	"-1"	"-1"	"-1"	"""How we identify people"""	""""""	"""21"""	"""m"""	"1"	"0"	"2"	"1"	"0"	"""3"""	"2"	"""right"""	"""target"""	"-1"
"What is he talking about? (1-2 mins)"	"Short and fun! A 1-2 minute word game about what someone is talking about."	"experiment, psychology, game"	"$0.20"	"Mon Feb 23 12:05:59 PST 2015"	"200"	"0"	"0"	"200"	"Reviewable"	"NotReviewed"	"1 scales"	"600"	"60000"	"Mon Mar 02 12:05:59 PST 2015"	"S55617"	"Approved"	""	"""Christmas tree"""	"""ornaments"""	"""right"""	"""lights,ornaments,"""	""""""	"""ornaments,"""	"""left"""	"""lights,ornaments,"""	"0"	"-1"	"0"	"1"	"1"	"0"	"0"	"""2"""	"""1"""	"-1"	"""TRUE"""	"""logical"""	"""FALSE"""	"-1"	"-1"	"-1"	"-1"	"-1"	"-1"	"""This survey was trying to figure out what someone was talking about based on one word"""	""""""	"""19"""	"""m"""	"1"	"0"	"1"	"2"	"0"	"""3"""	"3"	"""left"""	"""logical"""	"-1"
"What is he talking about? (1-2 mins)"	"Short and fun! A 1-2 minute word game about what someone is talking about."	"experiment, psychology, game"	"$0.20"	"Mon Feb 23 12:05:59 PST 2015"	"200"	"0"	"0"	"200"	"Reviewable"	"NotReviewed"	"1 scales"	"600"	"60000"	"Mon Mar 02 12:05:59 PST 2015"	"S73058"	"Approved"	""	"""sundae"""	"""whipped cream"""	"""middle"""	""""""	"""whipped cream,"""	"""whipped cream,chocolate,"""	"""middle"""	"""whipped cream,"""	"0"	"-1"	"0"	"1"	"1"	"0"	"0"	"""2"""	"""1"""	"-1"	"""TRUE"""	"""target"""	"""TRUE"""	"-1"	"-1"	"-1"	"-1"	"-1"	"-1"	"""ice cream sundaes :)"""	""""""	"""44"""	"""F"""	"1"	"0"	"1"	"2"	"0"	"""3"""	"3"	"""right"""	"""logical"""	"-1"
"What is he talking about? (1-2 mins)"	"Short and fun! A 1-2 minute word game about what someone is talking about."	"experiment, psychology, game"	"$0.20"	"Mon Feb 23 12:05:59 PST 2015"	"200"	"0"	"0"	"200"	"Reviewable"	"NotReviewed"	"1 scales"	"600"	"60000"	"Mon Mar 02 12:05:59 PST 2015"	"S60351"	"Approved"	""	"""friend"""	"""hat"""	"""right"""	"""hat,glasses,"""	""""""	"""hat,"""	"""right"""	"""hat,"""	"0"	"-1"	"0"	"1"	"1"	"0"	"0"	"""2"""	"""1"""	"-1"	"""TRUE"""	"""target"""	"""TRUE"""	"-1"	"-1"	"-1"	"-1"	"-1"	"-1"	"""memory"""	""""""	"""30"""	"""m"""	"1"	"0"	"1"	"0"	"2"	"""3"""	"2"	"""right"""	"""target"""	"-1"
"What is he talking about? (1-2 mins)"	"Short and fun! A 1-2 minute word game about what someone is talking about."	"experiment, psychology, game"	"$0.20"	"Mon Feb 23 12:05:59 PST 2015"	"200"	"0"	"0"	"200"	"Reviewable"	"NotReviewed"	"1 scales"	"600"	"60000"	"Mon Mar 02 12:05:59 PST 2015"	"S00701"	"Approved"	""	"""friend"""	"""glasses"""	"""right"""	"""glasses,mustache,"""	""""""	"""glasses,"""	"""right"""	"""glasses,"""	"0"	"-1"	"0"	"1"	"1"	"0"	"0"	"""2"""	"""1"""	"-1"	"""TRUE"""	"""target"""	"""TRUE"""	"-1"	"-1"	"-1"	"-1"	"-1"	"-1"	"""identify who bob is referring to"""	""""""	""""""	""""""	"1"	"0"	"1"	"0"	"2"	"""3"""	"0"	"""none"""	"""none"""	"-1"
"What is he talking about? (1-2 mins)"	"Short and fun! A 1-2 minute word game about what someone is talking about."	"experiment, psychology, game"	"$0.20"	"Mon Feb 23 12:05:59 PST 2015"	"200"	"0"	"0"	"200"	"Reviewable"	"NotReviewed"	"1 scales"	"600"	"60000"	"Mon Mar 02 12:05:59 PST 2015"	"S01532"	"Approved"	""	"""friend"""	"""hat"""	"""right"""	"""hat,mustache,"""	""""""	"""hat,"""	"""right"""	"""hat,"""	"0"	"-1"	"0"	"1"	"1"	"0"	"0"	"""2"""	"""1"""	"-1"	"""TRUE"""	"""target"""	"""TRUE"""	"-1"	"-1"	"-1"	"-1"	"-1"	"-1"	"""Rationalization"""	"""no thank you"""	"""33"""	"""m"""	"1"	"0"	"0"	"2"	"1"	"""3"""	"3"	"""left"""	"""logical"""	"-1"
"What is he talking about? (1-2 mins)"	"Short and fun! A 1-2 minute word game about what someone is talking about."	"experiment, psychology, game"	"$0.20"	"Mon Feb 23 12:05:59 PST 2015"	"200"	"0"	"0"	"200"	"Reviewable"	"NotReviewed"	"1 scales"	"600"	"60000"	"Mon Mar 02 12:05:59 PST 2015"	"S35035"	"Approved"	""	"""sundae"""	"""whipped cream"""	"""right"""	"""cherry,whipped cream,"""	""""""	"""whipped cream,"""	"""right"""	"""whipped cream,"""	"0"	"-1"	"0"	"1"	"1"	"0"	"0"	"""2"""	"""1"""	"-1"	"""TRUE"""	"""target"""	"""TRUE"""	"-1"	"-1"	"-1"	"-1"	"-1"	"-1"	"""what people mean when they say things"""	"""no, but thank you"""	"""51"""	"""f"""	"1"	"0"	"0"	"1"	"2"	"""3"""	"1"	"""middle"""	"""foil"""	"-1"
"What is he talking about? (1-2 mins)"	"Short and fun! A 1-2 minute word game about what someone is talking about."	"experiment, psychology, game"	"$0.20"	"Mon Feb 23 12:05:59 PST 2015"	"200"	"0"	"0"	"200"	"Reviewable"	"NotReviewed"	"1 scales"	"600"	"60000"	"Mon Mar 02 12:05:59 PST 2015"	"S69756"	"Approved"	""	"""pizza"""	"""olives"""	"""right"""	""""""	"""mushrooms,olives,"""	"""olives,"""	"""right"""	"""olives,"""	"0"	"-1"	"0"	"1"	"1"	"0"	"0"	"""2"""	"""1"""	"-1"	"""TRUE"""	"""target"""	"""TRUE"""	"-1"	"-1"	"-1"	"-1"	"-1"	"-1"	"""language"""	""""""	"""29"""	"""m"""	"1"	"0"	"0"	"1"	"2"	"""3"""	"3"	"""middle"""	"""logical"""	"-1"
"What is he talking about? (1-2 mins)"	"Short and fun! A 1-2 minute word game about what someone is talking about."	"experiment, psychology, game"	"$0.20"	"Mon Feb 23 12:05:59 PST 2015"	"200"	"0"	"0"	"200"	"Reviewable"	"NotReviewed"	"1 scales"	"600"	"60000"	"Mon Mar 02 12:05:59 PST 2015"	"S65420"	"Approved"	""	"""boat"""	"""cabin"""	"""left"""	"""cabin,"""	"""cabin,motor,"""	""""""	"""left"""	"""cabin,"""	"0"	"-1"	"0"	"1"	"1"	"0"	"0"	"""2"""	"""1"""	"-1"	"""TRUE"""	"""target"""	"""TRUE"""	"-1"	"-1"	"-1"	"-1"	"-1"	"-1"	"""Bob describing boats."""	""""""	"""27"""	"""f"""	"1"	"0"	"2"	"0"	"1"	"""3"""	"2"	"""left"""	"""target"""	"-1"
"What is he talking about? (1-2 mins)"	"Short and fun! A 1-2 minute word game about what someone is talking about."	"experiment, psychology, game"	"$0.20"	"Mon Feb 23 12:05:59 PST 2015"	"200"	"0"	"0"	"200"	"Reviewable"	"NotReviewed"	"1 scales"	"600"	"60000"	"Mon Mar 02 12:05:59 PST 2015"	"S61408"	"Approved"	""	"""snowman"""	"""scarf"""	"""middle"""	"""hat,scarf,"""	"""scarf,"""	""""""	"""right"""	""""""	"0"	"-1"	"0"	"1"	"1"	"0"	"0"	"""2"""	"""1"""	"-1"	"""TRUE"""	"""foil"""	"""FALSE"""	"-1"	"-1"	"-1"	"-1"	"-1"	"-1"	"""bob makes a snowman"""	""""""	"""27"""	"""f"""	"1"	"0"	"1"	"2"	"0"	"""3"""	"2"	"""middle"""	"""target"""	"-1"
"What is he talking about? (1-2 mins)"	"Short and fun! A 1-2 minute word game about what someone is talking about."	"experiment, psychology, game"	"$0.20"	"Mon Feb 23 12:05:59 PST 2015"	"200"	"0"	"0"	"200"	"Reviewable"	"NotReviewed"	"1 scales"	"600"	"60000"	"Mon Mar 02 12:05:59 PST 2015"	"S08332"	"Approved"	""	"""pizza"""	"""peppers"""	"""middle"""	""""""	"""peppers,"""	"""olives,peppers,"""	"""middle"""	"""peppers,"""	"0"	"-1"	"0"	"1"	"1"	"0"	"0"	"""2"""	"""1"""	"-1"	"""TRUE"""	"""target"""	"""TRUE"""	"-1"	"-1"	"-1"	"-1"	"-1"	"-1"	"""not sure"""	"""nope"""	"""29"""	"""m"""	"1"	"0"	"1"	"0"	"2"	"""3"""	"1"	"""left"""	"""foil"""	"-1"
"What is he talking about? (1-2 mins)"	"Short and fun! A 1-2 minute word game about what someone is talking about."	"experiment, psychology, game"	"$0.20"	"Mon Feb 23 12:05:59 PST 2015"	"200"	"0"	"0"	"200"	"Reviewable"	"NotReviewed"	"1 scales"	"600"	"60000"	"Mon Mar 02 12:05:59 PST 2015"	"S11781"	"Approved"	""	"""boat"""	"""motor"""	"""middle"""	"""cabin,motor,"""	"""motor,"""	""""""	"""middle"""	"""motor,"""	"0"	"-1"	"0"	"1"	"1"	"0"	"0"	"""2"""	"""1"""	"-1"	"""TRUE"""	"""target"""	"""TRUE"""	"-1"	"-1"	"-1"	"-1"	"-1"	"-1"	"""how to interpret what people are talking about/boats"""	"""no"""	"""42"""	"""f"""	"1"	"0"	"2"	"0"	"1"	"""3"""	"0"	"""none"""	"""none"""	"-1"
"What is he talking about? (1-2 mins)"	"Short and fun! A 1-2 minute word game about what someone is talking about."	"experiment, psychology, game"	"$0.20"	"Mon Feb 23 12:05:59 PST 2015"	"200"	"0"	"0"	"200"	"Reviewable"	"NotReviewed"	"1 scales"	"600"	"60000"	"Mon Mar 02 12:05:59 PST 2015"	"S62215"	"Approved"	""	"""pizza"""	"""mushrooms"""	"""middle"""	""""""	"""mushrooms,"""	"""mushrooms,olives,"""	"""middle"""	"""mushrooms,"""	"0"	"-1"	"0"	"1"	"1"	"0"	"0"	"""2"""	"""1"""	"-1"	"""TRUE"""	"""target"""	"""TRUE"""	"-1"	"-1"	"-1"	"-1"	"-1"	"-1"	"""not sure"""	""""""	"""24"""	"""m"""	"1"	"0"	"0"	"2"	"1"	"""3"""	"0"	"""none"""	"""none"""	"-1"
"What is he talking about? (1-2 mins)"	"Short and fun! A 1-2 minute word game about what someone is talking about."	"experiment, psychology, game"	"$0.20"	"Mon Feb 23 12:05:59 PST 2015"	"200"	"0"	"0"	"200"	"Reviewable"	"NotReviewed"	"1 scales"	"600"	"60000"	"Mon Mar 02 12:05:59 PST 2015"	"S63716"	"Approved"	""	"""boat"""	"""motor"""	"""middle"""	""""""	"""motor,"""	"""cabin,motor,"""	"""right"""	"""cabin,motor,"""	"0"	"-1"	"0"	"1"	"1"	"0"	"0"	"""2"""	"""1"""	"-1"	"""TRUE"""	"""logical"""	"""FALSE"""	"-1"	"-1"	"-1"	"-1"	"-1"	"-1"	"""Bob and a boat"""	"""This is the weirdest HIT I have done."""	"""34"""	"""Male"""	"1"	"0"	"0"	"2"	"1"	"""3"""	"1"	"""left"""	"""foil"""	"-1"
"What is he talking about? (1-2 mins)"	"Short and fun! A 1-2 minute word game about what someone is talking about."	"experiment, psychology, game"	"$0.20"	"Mon Feb 23 12:05:59 PST 2015"	"200"	"0"	"0"	"200"	"Reviewable"	"NotReviewed"	"1 scales"	"600"	"60000"	"Mon Mar 02 12:05:59 PST 2015"	"S15158"	"Approved"	""	"""friend"""	"""mustache"""	"""middle"""	"""glasses,mustache,"""	"""mustache,"""	""""""	"""middle"""	"""mustache,"""	"0"	"-1"	"0"	"1"	"1"	"0"	"0"	"""2"""	"""1"""	"-1"	"""TRUE"""	"""target"""	"""TRUE"""	"-1"	"-1"	"-1"	"-1"	"-1"	"-1"	"""don't know"""	"""no"""	"""33"""	"""m"""	"1"	"0"	"0"	"2"	"1"	"""3"""	"1"	"""right"""	"""foil"""	"-1"
"What is he talking about? (1-2 mins)"	"Short and fun! A 1-2 minute word game about what someone is talking about."	"experiment, psychology, game"	"$0.20"	"Mon Feb 23 12:05:59 PST 2015"	"200"	"0"	"0"	"200"	"Reviewable"	"NotReviewed"	"1 scales"	"600"	"60000"	"Mon Mar 02 12:05:59 PST 2015"	"S26379"	"Approved"	""	"""snowman"""	"""mittens"""	"""left"""	"""mittens,"""	""""""	"""hat,mittens,"""	"""left"""	"""mittens,"""	"0"	"-1"	"0"	"1"	"1"	"0"	"0"	"""2"""	"""1"""	"-1"	"""TRUE"""	"""target"""	"""TRUE"""	"-1"	"-1"	"-1"	"-1"	"-1"	"-1"	"""Snowmen"""	"""Kind of curious what this was studying... but I suppose that's a question, not a comment."""	"""27"""	"""m"""	"1"	"0"	"0"	"1"	"2"	"""3"""	"3"	"""right"""	"""logical"""	"-1"
"What is he talking about? (1-2 mins)"	"Short and fun! A 1-2 minute word game about what someone is talking about."	"experiment, psychology, game"	"$0.20"	"Mon Feb 23 12:05:59 PST 2015"	"200"	"0"	"0"	"200"	"Reviewable"	"NotReviewed"	"1 scales"	"600"	"60000"	"Mon Mar 02 12:05:59 PST 2015"	"S79253"	"Approved"	""	"""sundae"""	"""cherry"""	"""right"""	""""""	"""cherry,whipped cream,"""	"""cherry,"""	"""right"""	"""cherry,"""	"0"	"-1"	"0"	"1"	"1"	"0"	"0"	"""2"""	"""1"""	"-1"	"""TRUE"""	"""target"""	"""TRUE"""	"-1"	"-1"	"-1"	"-1"	"-1"	"-1"	"""understanding Bob"""	"""no"""	"""45"""	"""f"""	"1"	"0"	"0"	"1"	"2"	"""3"""	"1"	"""left"""	"""foil"""	"-1"
"What is he talking about? (1-2 mins)"	"Short and fun! A 1-2 minute word game about what someone is talking about."	"experiment, psychology, game"	"$0.20"	"Mon Feb 23 12:05:59 PST 2015"	"200"	"0"	"0"	"200"	"Reviewable"	"NotReviewed"	"1 scales"	"600"	"60000"	"Mon Mar 02 12:05:59 PST 2015"	"S21792"	"Approved"	""	"""Christmas tree"""	"""ornaments"""	"""right"""	"""lights,ornaments,"""	""""""	"""ornaments,"""	"""right"""	"""ornaments,"""	"0"	"-1"	"0"	"1"	"1"	"0"	"0"	"""2"""	"""1"""	"-1"	"""TRUE"""	"""target"""	"""TRUE"""	"-1"	"-1"	"-1"	"-1"	"-1"	"-1"	"""communicating with simple language"""	""""""	"""45"""	"""m"""	"1"	"0"	"0"	"2"	"1"	"""3"""	"0"	"""none"""	"""none"""	"-1"
"What is he talking about? (1-2 mins)"	"Short and fun! A 1-2 minute word game about what someone is talking about."	"experiment, psychology, game"	"$0.20"	"Mon Feb 23 12:05:59 PST 2015"	"200"	"0"	"0"	"200"	"Reviewable"	"NotReviewed"	"1 scales"	"600"	"60000"	"Mon Mar 02 12:05:59 PST 2015"	"S73771"	"Approved"	""	"""sundae"""	"""cherry"""	"""middle"""	""""""	"""cherry,"""	"""cherry,whipped cream,"""	"""middle"""	"""cherry,"""	"0"	"-1"	"0"	"1"	"1"	"0"	"0"	"""2"""	"""1"""	"-1"	"""TRUE"""	"""target"""	"""TRUE"""	"-1"	"-1"	"-1"	"-1"	"-1"	"-1"	"""Bob eating sundaes"""	"""no"""	"""30"""	"""f"""	"1"	"0"	"1"	"2"	"0"	"""3"""	"3"	"""right"""	"""logical"""	"-1"
"What is he talking about? (1-2 mins)"	"Short and fun! A 1-2 minute word game about what someone is talking about."	"experiment, psychology, game"	"$0.20"	"Mon Feb 23 12:05:59 PST 2015"	"200"	"0"	"0"	"200"	"Reviewable"	"NotReviewed"	"1 scales"	"600"	"60000"	"Mon Mar 02 12:05:59 PST 2015"	"S34179"	"Approved"	""	"""pizza"""	"""olives"""	"""middle"""	"""olives,peppers,"""	"""olives,"""	""""""	"""middle"""	"""olives,"""	"0"	"-1"	"0"	"1"	"1"	"0"	"0"	"""2"""	"""1"""	"-1"	"""TRUE"""	"""target"""	"""TRUE"""	"-1"	"-1"	"-1"	"-1"	"-1"	"-1"	"""Determining what pizza Bob wanted based on limited information."""	""""""	"""28"""	"""m"""	"1"	"0"	"2"	"0"	"1"	"""3"""	"0"	"""none"""	"""none"""	"-1"
"What is he talking about? (1-2 mins)"	"Short and fun! A 1-2 minute word game about what someone is talking about."	"experiment, psychology, game"	"$0.20"	"Mon Feb 23 12:05:59 PST 2015"	"200"	"0"	"0"	"200"	"Reviewable"	"NotReviewed"	"1 scales"	"600"	"60000"	"Mon Mar 02 12:05:59 PST 2015"	"S35929"	"Approved"	""	"""sundae"""	"""whipped cream"""	"""left"""	"""whipped cream,"""	""""""	"""cherry,whipped cream,"""	"""left"""	"""whipped cream,"""	"0"	"-1"	"0"	"1"	"1"	"0"	"0"	"""2"""	"""1"""	"-1"	"""TRUE"""	"""target"""	"""TRUE"""	"-1"	"-1"	"-1"	"-1"	"-1"	"-1"	"""Bob's love of sundaes and what he may want on them"""	""""""	"""32"""	"""f"""	"1"	"0"	"0"	"1"	"2"	"""3"""	"2"	"""left"""	"""target"""	"-1"
"What is he talking about? (1-2 mins)"	"Short and fun! A 1-2 minute word game about what someone is talking about."	"experiment, psychology, game"	"$0.20"	"Mon Feb 23 12:05:59 PST 2015"	"200"	"0"	"0"	"200"	"Reviewable"	"NotReviewed"	"1 scales"	"600"	"60000"	"Mon Mar 02 12:05:59 PST 2015"	"S11172"	"Approved"	""	"""friend"""	"""glasses"""	"""middle"""	""""""	"""glasses,"""	"""hat,glasses,"""	"""middle"""	"""glasses,"""	"0"	"-1"	"0"	"1"	"1"	"0"	"0"	"""2"""	"""1"""	"-1"	"""TRUE"""	"""target"""	"""TRUE"""	"-1"	"-1"	"-1"	"-1"	"-1"	"-1"	"""Guessing who Bob was talking about by saying \""glasses.\"""""	""""""	"""33"""	"""m"""	"1"	"0"	"0"	"2"	"1"	"""3"""	"2"	"""middle"""	"""target"""	"-1"
"What is he talking about? (1-2 mins)"	"Short and fun! A 1-2 minute word game about what someone is talking about."	"experiment, psychology, game"	"$0.20"	"Mon Feb 23 12:05:59 PST 2015"	"200"	"0"	"0"	"200"	"Reviewable"	"NotReviewed"	"1 scales"	"600"	"60000"	"Mon Mar 02 12:05:59 PST 2015"	"S33135"	"Approved"	""	"""sundae"""	"""chocolate"""	"""left"""	"""chocolate,"""	""""""	"""cherry,chocolate,"""	"""left"""	"""chocolate,"""	"0"	"-1"	"0"	"1"	"1"	"0"	"0"	"""2"""	"""1"""	"-1"	"""TRUE"""	"""target"""	"""TRUE"""	"-1"	"-1"	"-1"	"-1"	"-1"	"-1"	"""the types of ice cream bob  liked."""	"""no"""	"""19"""	"""m"""	"1"	"0"	"1"	"0"	"2"	"""3"""	"3"	"""right"""	"""logical"""	"-1"
"What is he talking about? (1-2 mins)"	"Short and fun! A 1-2 minute word game about what someone is talking about."	"experiment, psychology, game"	"$0.20"	"Mon Feb 23 12:05:59 PST 2015"	"200"	"0"	"0"	"200"	"Reviewable"	"NotReviewed"	"1 scales"	"600"	"60000"	"Mon Mar 02 12:05:59 PST 2015"	"S38881"	"Approved"	""	"""snowman"""	"""hat"""	"""right"""	"""hat,mittens,"""	""""""	"""hat,"""	"""left"""	"""hat,mittens,"""	"0"	"-1"	"0"	"1"	"1"	"0"	"0"	"""2"""	"""1"""	"-1"	"""TRUE"""	"""logical"""	"""FALSE"""	"-1"	"-1"	"-1"	"-1"	"-1"	"-1"	"""unsure"""	""""""	"""25"""	"""m"""	"1"	"0"	"2"	"1"	"0"	"""3"""	"3"	"""left"""	"""logical"""	"-1"
"What is he talking about? (1-2 mins)"	"Short and fun! A 1-2 minute word game about what someone is talking about."	"experiment, psychology, game"	"$0.20"	"Mon Feb 23 12:05:59 PST 2015"	"200"	"0"	"0"	"200"	"Reviewable"	"NotReviewed"	"1 scales"	"600"	"60000"	"Mon Mar 02 12:05:59 PST 2015"	"S66258"	"Approved"	""	"""pizza"""	"""olives"""	"""left"""	"""olives,"""	"""olives,peppers,"""	""""""	"""middle"""	"""olives,peppers,"""	"0"	"-1"	"0"	"1"	"1"	"0"	"0"	"""2"""	"""1"""	"-1"	"""TRUE"""	"""logical"""	"""FALSE"""	"-1"	"-1"	"-1"	"-1"	"-1"	"-1"	"""Language perspectivies"""	""""""	"""25"""	"""f"""	"1"	"0"	"2"	"1"	"0"	"""3"""	"2"	"""left"""	"""target"""	"-1"
"What is he talking about? (1-2 mins)"	"Short and fun! A 1-2 minute word game about what someone is talking about."	"experiment, psychology, game"	"$0.20"	"Mon Feb 23 12:05:59 PST 2015"	"200"	"0"	"0"	"200"	"Reviewable"	"NotReviewed"	"1 scales"	"600"	"60000"	"Mon Mar 02 12:05:59 PST 2015"	"S03647"	"Approved"	""	"""pizza"""	"""olives"""	"""left"""	"""olives,"""	""""""	"""mushrooms,olives,"""	"""left"""	"""olives,"""	"0"	"-1"	"0"	"1"	"1"	"0"	"0"	"""2"""	"""1"""	"-1"	"""TRUE"""	"""target"""	"""TRUE"""	"-1"	"-1"	"-1"	"-1"	"-1"	"-1"	"""pizza toppings """	""""""	"""24"""	"""m"""	"1"	"0"	"2"	"1"	"0"	"""3"""	"1"	"""middle"""	"""foil"""	"-1"
"What is he talking about? (1-2 mins)"	"Short and fun! A 1-2 minute word game about what someone is talking about."	"experiment, psychology, game"	"$0.20"	"Mon Feb 23 12:05:59 PST 2015"	"200"	"0"	"0"	"200"	"Reviewable"	"NotReviewed"	"1 scales"	"600"	"60000"	"Mon Mar 02 12:05:59 PST 2015"	"S97396"	"Approved"	""	"""pizza"""	"""mushrooms"""	"""right"""	""""""	"""mushrooms,olives,"""	"""mushrooms,"""	"""right"""	"""mushrooms,"""	"0"	"-1"	"0"	"1"	"1"	"0"	"0"	"""2"""	"""1"""	"-1"	"""TRUE"""	"""target"""	"""TRUE"""	"-1"	"-1"	"-1"	"-1"	"-1"	"-1"	"""I dont' know"""	""""""	"""32"""	"""m"""	"1"	"0"	"2"	"1"	"0"	"""3"""	"3"	"""middle"""	"""logical"""	"-1"
"What is he talking about? (1-2 mins)"	"Short and fun! A 1-2 minute word game about what someone is talking about."	"experiment, psychology, game"	"$0.20"	"Mon Feb 23 12:05:59 PST 2015"	"200"	"0"	"0"	"200"	"Reviewable"	"NotReviewed"	"1 scales"	"600"	"60000"	"Mon Mar 02 12:05:59 PST 2015"	"S43593"	"Approved"	""	"""sundae"""	"""cherry"""	"""right"""	"""cherry,whipped cream,"""	""""""	"""cherry,"""	"""right"""	"""cherry,"""	"0"	"-1"	"0"	"1"	"1"	"0"	"0"	"""2"""	"""1"""	"-1"	"""TRUE"""	"""target"""	"""TRUE"""	"-1"	"-1"	"-1"	"-1"	"-1"	"-1"	"""Sundae"""	"""no"""	"""33"""	"""M"""	"1"	"0"	"0"	"1"	"2"	"""3"""	"0"	"""none"""	"""none"""	"-1"
"What is he talking about? (1-2 mins)"	"Short and fun! A 1-2 minute word game about what someone is talking about."	"experiment, psychology, game"	"$0.20"	"Mon Feb 23 12:05:59 PST 2015"	"200"	"0"	"0"	"200"	"Reviewable"	"NotReviewed"	"1 scales"	"600"	"60000"	"Mon Mar 02 12:05:59 PST 2015"	"S44360"	"Approved"	""	"""pizza"""	"""olives"""	"""right"""	""""""	"""olives,peppers,"""	"""olives,"""	"""right"""	"""olives,"""	"0"	"-1"	"0"	"1"	"1"	"0"	"0"	"""2"""	"""1"""	"-1"	"""TRUE"""	"""target"""	"""TRUE"""	"-1"	"-1"	"-1"	"-1"	"-1"	"-1"	"""Bob's pizzas."""	"""none"""	"""23"""	"""f"""	"1"	"0"	"1"	"2"	"0"	"""3"""	"0"	"""none"""	"""none"""	"-1"
"What is he talking about? (1-2 mins)"	"Short and fun! A 1-2 minute word game about what someone is talking about."	"experiment, psychology, game"	"$0.20"	"Mon Feb 23 12:05:59 PST 2015"	"200"	"0"	"0"	"200"	"Reviewable"	"NotReviewed"	"1 scales"	"600"	"60000"	"Mon Mar 02 12:05:59 PST 2015"	"S17486"	"Approved"	""	"""pizza"""	"""mushrooms"""	"""middle"""	"""mushrooms,peppers,"""	"""mushrooms,"""	""""""	"""middle"""	"""mushrooms,"""	"0"	"-1"	"0"	"1"	"1"	"0"	"0"	"""2"""	"""1"""	"-1"	"""TRUE"""	"""target"""	"""TRUE"""	"-1"	"-1"	"-1"	"-1"	"-1"	"-1"	"""Pizza"""	"""np"""	"""22"""	"""F"""	"1"	"0"	"0"	"1"	"2"	"""3"""	"2"	"""middle"""	"""target"""	"-1"
"What is he talking about? (1-2 mins)"	"Short and fun! A 1-2 minute word game about what someone is talking about."	"experiment, psychology, game"	"$0.20"	"Mon Feb 23 12:05:59 PST 2015"	"200"	"0"	"0"	"200"	"Reviewable"	"NotReviewed"	"1 scales"	"600"	"60000"	"Mon Mar 02 12:05:59 PST 2015"	"S98015"	"Approved"	""	"""sundae"""	"""chocolate"""	"""middle"""	"""whipped cream,chocolate,"""	"""chocolate,"""	""""""	"""middle"""	"""chocolate,"""	"0"	"-1"	"0"	"1"	"1"	"0"	"0"	"""2"""	"""1"""	"-1"	"""TRUE"""	"""target"""	"""TRUE"""	"-1"	"-1"	"-1"	"-1"	"-1"	"-1"	"""Interpreting what he said."""	"""No."""	"""36"""	"""m"""	"1"	"0"	"0"	"1"	"2"	"""3"""	"2"	"""middle"""	"""target"""	"-1"
"What is he talking about? (1-2 mins)"	"Short and fun! A 1-2 minute word game about what someone is talking about."	"experiment, psychology, game"	"$0.20"	"Mon Feb 23 12:05:59 PST 2015"	"200"	"0"	"0"	"200"	"Reviewable"	"NotReviewed"	"1 scales"	"600"	"60000"	"Mon Mar 02 12:05:59 PST 2015"	"S29185"	"Approved"	""	"""snowman"""	"""hat"""	"""left"""	"""hat,"""	""""""	"""hat,scarf,"""	"""right"""	"""hat,scarf,"""	"0"	"-1"	"0"	"1"	"1"	"0"	"0"	"""2"""	"""1"""	"-1"	"""TRUE"""	"""logical"""	"""FALSE"""	"-1"	"-1"	"-1"	"-1"	"-1"	"-1"	"""Hats and Scarves on Snowmen."""	"""None, interesting survey"""	"""21"""	"""M"""	"1"	"0"	"0"	"1"	"2"	"""3"""	"2"	"""left"""	"""target"""	"-1"
"What is he talking about? (1-2 mins)"	"Short and fun! A 1-2 minute word game about what someone is talking about."	"experiment, psychology, game"	"$0.20"	"Mon Feb 23 12:05:59 PST 2015"	"200"	"0"	"0"	"200"	"Reviewable"	"NotReviewed"	"1 scales"	"600"	"60000"	"Mon Mar 02 12:05:59 PST 2015"	"S01186"	"Approved"	""	"""Christmas tree"""	"""star"""	"""left"""	"""star,"""	"""lights,star,"""	""""""	"""left"""	"""star,"""	"0"	"-1"	"0"	"1"	"1"	"0"	"0"	"""2"""	"""1"""	"-1"	"""TRUE"""	"""target"""	"""TRUE"""	"-1"	"-1"	"-1"	"-1"	"-1"	"-1"	"""To see if people understood what he meant by saying star"""	"""None very easy and fun survey though"""	"""24"""	"""Male"""	"1"	"0"	"0"	"1"	"2"	"""3"""	"2"	"""left"""	"""target"""	"-1"
"What is he talking about? (1-2 mins)"	"Short and fun! A 1-2 minute word game about what someone is talking about."	"experiment, psychology, game"	"$0.20"	"Mon Feb 23 12:05:59 PST 2015"	"200"	"0"	"0"	"200"	"Reviewable"	"NotReviewed"	"1 scales"	"600"	"60000"	"Mon Mar 02 12:05:59 PST 2015"	"S63575"	"Approved"	""	"""boat"""	"""sail"""	"""left"""	"""sail,"""	""""""	"""sail,motor,"""	"""left"""	"""sail,"""	"0"	"-1"	"0"	"1"	"1"	"0"	"0"	"""2"""	"""1"""	"-1"	"""TRUE"""	"""target"""	"""TRUE"""	"-1"	"-1"	"-1"	"-1"	"-1"	"-1"	"""decisions"""	""""""	"""51"""	"""f"""	"1"	"0"	"2"	"1"	"0"	"""3"""	"3"	"""right"""	"""logical"""	"-1"
"What is he talking about? (1-2 mins)"	"Short and fun! A 1-2 minute word game about what someone is talking about."	"experiment, psychology, game"	"$0.20"	"Mon Feb 23 12:05:59 PST 2015"	"200"	"0"	"0"	"200"	"Reviewable"	"NotReviewed"	"1 scales"	"600"	"60000"	"Mon Mar 02 12:05:59 PST 2015"	"S16328"	"Approved"	""	"""snowman"""	"""hat"""	"""right"""	""""""	"""hat,scarf,"""	"""hat,"""	"""right"""	"""hat,"""	"0"	"-1"	"0"	"1"	"1"	"0"	"0"	"""2"""	"""1"""	"-1"	"""TRUE"""	"""target"""	"""TRUE"""	"-1"	"-1"	"-1"	"-1"	"-1"	"-1"	"""Language"""	"""No"""	"""22"""	"""m"""	"1"	"0"	"0"	"1"	"2"	"""3"""	"1"	"""left"""	"""foil"""	"-1"
"What is he talking about? (1-2 mins)"	"Short and fun! A 1-2 minute word game about what someone is talking about."	"experiment, psychology, game"	"$0.20"	"Mon Feb 23 12:05:59 PST 2015"	"200"	"0"	"0"	"200"	"Reviewable"	"NotReviewed"	"1 scales"	"600"	"60000"	"Mon Mar 02 12:05:59 PST 2015"	"S84885"	"Approved"	""	"""Christmas tree"""	"""lights"""	"""left"""	"""lights,"""	""""""	"""lights,star,"""	"""middle"""	""""""	"0"	"-1"	"0"	"1"	"1"	"0"	"0"	"""2"""	"""1"""	"-1"	"""TRUE"""	"""foil"""	"""FALSE"""	"-1"	"-1"	"-1"	"-1"	"-1"	"-1"	"""What Bob does for a living, which was decorate Christmas trees."""	""""""	"""59"""	"""f"""	"1"	"0"	"1"	"2"	"0"	"""3"""	"1"	"""middle"""	"""foil"""	"-1"
"What is he talking about? (1-2 mins)"	"Short and fun! A 1-2 minute word game about what someone is talking about."	"experiment, psychology, game"	"$0.20"	"Mon Feb 23 12:05:59 PST 2015"	"200"	"0"	"0"	"200"	"Reviewable"	"NotReviewed"	"1 scales"	"600"	"60000"	"Mon Mar 02 12:05:59 PST 2015"	"S16803"	"Approved"	""	"""boat"""	"""cabin"""	"""middle"""	"""cabin,motor,"""	"""cabin,"""	""""""	"""left"""	"""cabin,motor,"""	"0"	"-1"	"0"	"1"	"1"	"0"	"0"	"""2"""	"""1"""	"-1"	"""TRUE"""	"""logical"""	"""FALSE"""	"-1"	"-1"	"-1"	"-1"	"-1"	"-1"	"""About Bob interacting with me"""	"""no comment"""	"""34"""	"""m"""	"1"	"0"	"1"	"0"	"2"	"""3"""	"2"	"""middle"""	"""target"""	"-1"
"What is he talking about? (1-2 mins)"	"Short and fun! A 1-2 minute word game about what someone is talking about."	"experiment, psychology, game"	"$0.20"	"Mon Feb 23 12:05:59 PST 2015"	"200"	"0"	"0"	"200"	"Reviewable"	"NotReviewed"	"1 scales"	"600"	"60000"	"Mon Mar 02 12:05:59 PST 2015"	"S71550"	"Approved"	""	"""sundae"""	"""cherry"""	"""left"""	"""cherry,"""	""""""	"""cherry,chocolate,"""	"""left"""	"""cherry,"""	"0"	"-1"	"0"	"1"	"1"	"0"	"0"	"""2"""	"""1"""	"-1"	"""FALSE"""	"""target"""	"""TRUE"""	"-1"	"-1"	"-1"	"-1"	"-1"	"-1"	"""communication"""	"""no"""	"""21"""	"""m"""	"1"	"0"	"2"	"1"	"0"	"""3"""	"0"	"""none"""	"""none"""	"-1"
"What is he talking about? (1-2 mins)"	"Short and fun! A 1-2 minute word game about what someone is talking about."	"experiment, psychology, game"	"$0.20"	"Mon Feb 23 12:05:59 PST 2015"	"200"	"0"	"0"	"200"	"Reviewable"	"NotReviewed"	"1 scales"	"600"	"60000"	"Mon Mar 02 12:05:59 PST 2015"	"S09287"	"Approved"	""	"""pizza"""	"""mushrooms"""	"""middle"""	""""""	"""mushrooms,"""	"""mushrooms,peppers,"""	"""right"""	"""mushrooms,peppers,"""	"0"	"-1"	"0"	"1"	"1"	"0"	"0"	"""2"""	"""0"""	"-1"	"""TRUE"""	"""logical"""	"""FALSE"""	"-1"	"-1"	"-1"	"-1"	"-1"	"-1"	"""food perception"""	""""""	""""""	"""f"""	"1"	"0"	"0"	"1"	"2"	"""3"""	"1"	"""left"""	"""foil"""	"-1"
"What is he talking about? (1-2 mins)"	"Short and fun! A 1-2 minute word game about what someone is talking about."	"experiment, psychology, game"	"$0.20"	"Mon Feb 23 12:05:59 PST 2015"	"200"	"0"	"0"	"200"	"Reviewable"	"NotReviewed"	"1 scales"	"600"	"60000"	"Mon Mar 02 12:05:59 PST 2015"	"S50387"	"Approved"	""	"""sundae"""	"""cherry"""	"""left"""	"""cherry,"""	"""cherry,chocolate,"""	""""""	"""middle"""	"""cherry,chocolate,"""	"0"	"-1"	"0"	"1"	"1"	"0"	"0"	"""2"""	"""1"""	"-1"	"""TRUE"""	"""logical"""	"""FALSE"""	"-1"	"-1"	"-1"	"-1"	"-1"	"-1"	"""ice cream"""	"""no idea"""	"""30"""	"""M"""	"1"	"0"	"0"	"1"	"2"	"""3"""	"3"	"""middle"""	"""logical"""	"-1"
"What is he talking about? (1-2 mins)"	"Short and fun! A 1-2 minute word game about what someone is talking about."	"experiment, psychology, game"	"$0.20"	"Mon Feb 23 12:05:59 PST 2015"	"200"	"0"	"0"	"200"	"Reviewable"	"NotReviewed"	"1 scales"	"600"	"60000"	"Mon Mar 02 12:05:59 PST 2015"	"S83524"	"Approved"	""	"""snowman"""	"""hat"""	"""right"""	""""""	"""hat,scarf,"""	"""hat,"""	"""right"""	"""hat,"""	"0"	"-1"	"0"	"1"	"1"	"0"	"0"	"""2"""	"""1"""	"-1"	"""TRUE"""	"""target"""	"""TRUE"""	"-1"	"-1"	"-1"	"-1"	"-1"	"-1"	"""Bob and his snowmans"""	""""""	"""20"""	"""F"""	"1"	"0"	"0"	"2"	"1"	"""3"""	"2"	"""right"""	"""target"""	"-1"
"What is he talking about? (1-2 mins)"	"Short and fun! A 1-2 minute word game about what someone is talking about."	"experiment, psychology, game"	"$0.20"	"Mon Feb 23 12:05:59 PST 2015"	"200"	"0"	"0"	"200"	"Reviewable"	"NotReviewed"	"1 scales"	"600"	"60000"	"Mon Mar 02 12:05:59 PST 2015"	"S72839"	"Approved"	""	"""Christmas tree"""	"""lights"""	"""middle"""	"""lights,star,"""	"""lights,"""	""""""	"""middle"""	"""lights,"""	"0"	"-1"	"0"	"1"	"1"	"0"	"0"	"""2"""	"""1"""	"-1"	"""TRUE"""	"""target"""	"""TRUE"""	"-1"	"-1"	"-1"	"-1"	"-1"	"-1"	"""choosing an object based on one word """	"""no comments """	"""22"""	"""f"""	"1"	"0"	"2"	"1"	"0"	"""3"""	"0"	"""none"""	"""none"""	"-1"
"What is he talking about? (1-2 mins)"	"Short and fun! A 1-2 minute word game about what someone is talking about."	"experiment, psychology, game"	"$0.20"	"Mon Feb 23 12:05:59 PST 2015"	"200"	"0"	"0"	"200"	"Reviewable"	"NotReviewed"	"1 scales"	"600"	"60000"	"Mon Mar 02 12:05:59 PST 2015"	"S49045"	"Approved"	""	"""Christmas tree"""	"""ornaments"""	"""left"""	"""ornaments,"""	""""""	"""lights,ornaments,"""	"""right"""	"""lights,ornaments,"""	"0"	"-1"	"0"	"1"	"1"	"0"	"0"	"""2"""	"""1"""	"-1"	"""TRUE"""	"""logical"""	"""FALSE"""	"-1"	"-1"	"-1"	"-1"	"-1"	"-1"	"""Christmas trees, language"""	""""""	"""38"""	"""f"""	"1"	"0"	"2"	"0"	"1"	"""3"""	"1"	"""middle"""	"""foil"""	"-1"
"What is he talking about? (1-2 mins)"	"Short and fun! A 1-2 minute word game about what someone is talking about."	"experiment, psychology, game"	"$0.20"	"Mon Feb 23 12:05:59 PST 2015"	"200"	"0"	"0"	"200"	"Reviewable"	"NotReviewed"	"1 scales"	"600"	"60000"	"Mon Mar 02 12:05:59 PST 2015"	"S63453"	"Approved"	""	"""friend"""	"""mustache"""	"""left"""	"""mustache,"""	"""glasses,mustache,"""	""""""	"""left"""	"""mustache,"""	"0"	"-1"	"0"	"1"	"1"	"0"	"0"	"""2"""	"""1"""	"-1"	"""TRUE"""	"""target"""	"""TRUE"""	"-1"	"-1"	"-1"	"-1"	"-1"	"-1"	"""Choosing the correct friend given only one attribute."""	"""Survey was easy to understand and navigate."""	"""31"""	"""m"""	"1"	"0"	"2"	"0"	"1"	"""3"""	"2"	"""left"""	"""target"""	"-1"
"What is he talking about? (1-2 mins)"	"Short and fun! A 1-2 minute word game about what someone is talking about."	"experiment, psychology, game"	"$0.20"	"Mon Feb 23 12:05:59 PST 2015"	"200"	"0"	"0"	"200"	"Reviewable"	"NotReviewed"	"1 scales"	"600"	"60000"	"Mon Mar 02 12:05:59 PST 2015"	"S70321"	"Approved"	""	"""pizza"""	"""olives"""	"""left"""	"""olives,"""	""""""	"""mushrooms,olives,"""	"""left"""	"""olives,"""	"0"	"-1"	"0"	"1"	"1"	"0"	"0"	"""2"""	"""1"""	"-1"	"""TRUE"""	"""target"""	"""TRUE"""	"-1"	"-1"	"-1"	"-1"	"-1"	"-1"	"""BOB'S PIZZAS"""	""""""	"""30"""	"""M"""	"1"	"0"	"0"	"1"	"2"	"""3"""	"3"	"""right"""	"""logical"""	"-1"
"What is he talking about? (1-2 mins)"	"Short and fun! A 1-2 minute word game about what someone is talking about."	"experiment, psychology, game"	"$0.20"	"Mon Feb 23 12:05:59 PST 2015"	"200"	"0"	"0"	"200"	"Reviewable"	"NotReviewed"	"1 scales"	"600"	"60000"	"Mon Mar 02 12:05:59 PST 2015"	"S76958"	"Approved"	""	"""Christmas tree"""	"""lights"""	"""left"""	"""lights,"""	""""""	"""lights,star,"""	"""left"""	"""lights,"""	"0"	"-1"	"0"	"1"	"1"	"0"	"0"	"""2"""	"""1"""	"-1"	"""TRUE"""	"""target"""	"""TRUE"""	"-1"	"-1"	"-1"	"-1"	"-1"	"-1"	"""language"""	"""no"""	"""28"""	"""f"""	"1"	"0"	"0"	"2"	"1"	"""3"""	"0"	"""none"""	"""none"""	"-1"
"What is he talking about? (1-2 mins)"	"Short and fun! A 1-2 minute word game about what someone is talking about."	"experiment, psychology, game"	"$0.20"	"Mon Feb 23 12:05:59 PST 2015"	"200"	"0"	"0"	"200"	"Reviewable"	"NotReviewed"	"1 scales"	"600"	"60000"	"Mon Mar 02 12:05:59 PST 2015"	"S51428"	"Approved"	""	"""snowman"""	"""hat"""	"""middle"""	"""hat,scarf,"""	"""hat,"""	""""""	"""left"""	"""hat,scarf,"""	"0"	"-1"	"0"	"1"	"1"	"0"	"0"	"""2"""	"""1"""	"-1"	"""FALSE"""	"""logical"""	"""FALSE"""	"-1"	"-1"	"-1"	"-1"	"-1"	"-1"	"""Perception"""	"""Nope"""	"""26"""	"""m"""	"1"	"0"	"1"	"2"	"0"	"""3"""	"3"	"""left"""	"""logical"""	"-1"
"What is he talking about? (1-2 mins)"	"Short and fun! A 1-2 minute word game about what someone is talking about."	"experiment, psychology, game"	"$0.20"	"Mon Feb 23 12:05:59 PST 2015"	"200"	"0"	"0"	"200"	"Reviewable"	"NotReviewed"	"1 scales"	"600"	"60000"	"Mon Mar 02 12:05:59 PST 2015"	"S20850"	"Approved"	""	"""snowman"""	"""hat"""	"""middle"""	"""hat,scarf,"""	"""hat,"""	""""""	"""middle"""	"""hat,"""	"0"	"-1"	"0"	"1"	"1"	"0"	"0"	"""2"""	"""1"""	"-1"	"""TRUE"""	"""target"""	"""TRUE"""	"-1"	"-1"	"-1"	"-1"	"-1"	"-1"	"""snowmen"""	"""no"""	"""31"""	"""f"""	"1"	"0"	"1"	"2"	"0"	"""3"""	"2"	"""middle"""	"""target"""	"-1"
"What is he talking about? (1-2 mins)"	"Short and fun! A 1-2 minute word game about what someone is talking about."	"experiment, psychology, game"	"$0.20"	"Mon Feb 23 12:05:59 PST 2015"	"200"	"0"	"0"	"200"	"Reviewable"	"NotReviewed"	"1 scales"	"600"	"60000"	"Mon Mar 02 12:05:59 PST 2015"	"S77401"	"Approved"	""	"""pizza"""	"""peppers"""	"""right"""	""""""	"""olives,peppers,"""	"""peppers,"""	"""middle"""	"""olives,peppers,"""	"0"	"-1"	"0"	"1"	"1"	"0"	"0"	"""1"""	"""0"""	"-1"	"""TRUE"""	"""logical"""	"""FALSE"""	"-1"	"-1"	"-1"	"-1"	"-1"	"-1"	"""To evaluate how people visually interpret words."""	"""No comments."""	"""25"""	"""m"""	"1"	"0"	"2"	"0"	"1"	"""3"""	"3"	"""middle"""	"""logical"""	"-1"
"What is he talking about? (1-2 mins)"	"Short and fun! A 1-2 minute word game about what someone is talking about."	"experiment, psychology, game"	"$0.20"	"Mon Feb 23 12:05:59 PST 2015"	"200"	"0"	"0"	"200"	"Reviewable"	"NotReviewed"	"1 scales"	"600"	"60000"	"Mon Mar 02 12:05:59 PST 2015"	"S07523"	"Approved"	""	"""sundae"""	"""whipped cream"""	"""right"""	""""""	"""cherry,whipped cream,"""	"""whipped cream,"""	"""right"""	"""whipped cream,"""	"0"	"-1"	"0"	"1"	"1"	"0"	"0"	"""2"""	"""1"""	"-1"	"""TRUE"""	"""target"""	"""TRUE"""	"-1"	"-1"	"-1"	"-1"	"-1"	"-1"	"""sundaes"""	"""none"""	"""41"""	"""m"""	"1"	"0"	"0"	"1"	"2"	"""3"""	"1"	"""left"""	"""foil"""	"-1"
"What is he talking about? (1-2 mins)"	"Short and fun! A 1-2 minute word game about what someone is talking about."	"experiment, psychology, game"	"$0.20"	"Mon Feb 23 12:05:59 PST 2015"	"200"	"0"	"0"	"200"	"Reviewable"	"NotReviewed"	"1 scales"	"600"	"60000"	"Mon Mar 02 12:05:59 PST 2015"	"S55042"	"Approved"	""	"""boat"""	"""sail"""	"""left"""	"""sail,"""	"""cabin,sail,"""	""""""	"""middle"""	"""cabin,sail,"""	"0"	"-1"	"0"	"1"	"1"	"0"	"0"	"""2"""	"""1"""	"-1"	"""TRUE"""	"""logical"""	"""FALSE"""	"-1"	"-1"	"-1"	"-1"	"-1"	"-1"	"""boats"""	""""""	"""25"""	"""m"""	"1"	"0"	"0"	"2"	"1"	"""3"""	"3"	"""middle"""	"""logical"""	"-1"
"What is he talking about? (1-2 mins)"	"Short and fun! A 1-2 minute word game about what someone is talking about."	"experiment, psychology, game"	"$0.20"	"Mon Feb 23 12:05:59 PST 2015"	"200"	"0"	"0"	"200"	"Reviewable"	"NotReviewed"	"1 scales"	"600"	"60000"	"Mon Mar 02 12:05:59 PST 2015"	"S48739"	"Approved"	""	"""friend"""	"""mustache"""	"""left"""	"""mustache,"""	""""""	"""glasses,mustache,"""	"""left"""	"""mustache,"""	"0"	"-1"	"0"	"1"	"1"	"0"	"0"	"""2"""	"""1"""	"-1"	"""TRUE"""	"""target"""	"""TRUE"""	"-1"	"-1"	"-1"	"-1"	"-1"	"-1"	"""Which friend is Bob is talking about."""	""""""	""""""	"""m"""	"1"	"0"	"1"	"0"	"2"	"""3"""	"2"	"""left"""	"""target"""	"-1"
"What is he talking about? (1-2 mins)"	"Short and fun! A 1-2 minute word game about what someone is talking about."	"experiment, psychology, game"	"$0.20"	"Mon Feb 23 12:05:59 PST 2015"	"200"	"0"	"0"	"200"	"Reviewable"	"NotReviewed"	"1 scales"	"600"	"60000"	"Mon Mar 02 12:05:59 PST 2015"	"S88375"	"Approved"	""	"""snowman"""	"""hat"""	"""right"""	""""""	"""hat,mittens,"""	"""hat,"""	"""left"""	""""""	"0"	"-1"	"0"	"1"	"1"	"0"	"0"	"""2"""	"""1"""	"-1"	"""TRUE"""	"""foil"""	"""FALSE"""	"-1"	"-1"	"-1"	"-1"	"-1"	"-1"	"""snowmen and their hats"""	""""""	"""56"""	"""m"""	"1"	"0"	"2"	"1"	"0"	"""3"""	"0"	"""none"""	"""none"""	"-1"
"What is he talking about? (1-2 mins)"	"Short and fun! A 1-2 minute word game about what someone is talking about."	"experiment, psychology, game"	"$0.20"	"Mon Feb 23 12:05:59 PST 2015"	"200"	"0"	"0"	"200"	"Reviewable"	"NotReviewed"	"1 scales"	"600"	"60000"	"Mon Mar 02 12:05:59 PST 2015"	"S78355"	"Approved"	""	"""boat"""	"""motor"""	"""left"""	"""motor,"""	""""""	"""sail,motor,"""	"""right"""	"""sail,motor,"""	"0"	"-1"	"0"	"1"	"1"	"0"	"0"	"""2"""	"""1"""	"-1"	"""TRUE"""	"""logical"""	"""FALSE"""	"-1"	"-1"	"-1"	"-1"	"-1"	"-1"	"""How we judge personalities"""	""""""	"""20"""	"""f"""	"1"	"0"	"2"	"1"	"0"	"""3"""	"3"	"""right"""	"""logical"""	"-1"
"What is he talking about? (1-2 mins)"	"Short and fun! A 1-2 minute word game about what someone is talking about."	"experiment, psychology, game"	"$0.20"	"Mon Feb 23 12:05:59 PST 2015"	"200"	"0"	"0"	"200"	"Reviewable"	"NotReviewed"	"1 scales"	"600"	"60000"	"Mon Mar 02 12:05:59 PST 2015"	"S25618"	"Approved"	""	"""pizza"""	"""olives"""	"""left"""	"""olives,"""	"""mushrooms,olives,"""	""""""	"""left"""	"""olives,"""	"0"	"-1"	"0"	"1"	"1"	"0"	"0"	"""2"""	"""1"""	"-1"	"""TRUE"""	"""target"""	"""TRUE"""	"-1"	"-1"	"-1"	"-1"	"-1"	"-1"	"""Communication"""	""""""	"""24"""	"""F"""	"1"	"0"	"0"	"2"	"1"	"""3"""	"0"	"""none"""	"""none"""	"-1"
"What is he talking about? (1-2 mins)"	"Short and fun! A 1-2 minute word game about what someone is talking about."	"experiment, psychology, game"	"$0.20"	"Mon Feb 23 12:05:59 PST 2015"	"200"	"0"	"0"	"200"	"Reviewable"	"NotReviewed"	"1 scales"	"600"	"60000"	"Mon Mar 02 12:05:59 PST 2015"	"S03915"	"Approved"	""	"""Christmas tree"""	"""lights"""	"""right"""	""""""	"""lights,star,"""	"""lights,"""	"""right"""	"""lights,"""	"0"	"-1"	"0"	"1"	"1"	"0"	"0"	"""2"""	"""1"""	"-1"	"""TRUE"""	"""target"""	"""TRUE"""	"-1"	"-1"	"-1"	"-1"	"-1"	"-1"	"""use of language"""	"""no"""	"""33"""	"""m"""	"1"	"0"	"0"	"1"	"2"	"""3"""	"2"	"""right"""	"""target"""	"-1"
"What is he talking about? (1-2 mins)"	"Short and fun! A 1-2 minute word game about what someone is talking about."	"experiment, psychology, game"	"$0.20"	"Mon Feb 23 12:05:59 PST 2015"	"200"	"0"	"0"	"200"	"Reviewable"	"NotReviewed"	"1 scales"	"600"	"60000"	"Mon Mar 02 12:05:59 PST 2015"	"S62922"	"Approved"	""	"""snowman"""	"""hat"""	"""right"""	"""hat,mittens,"""	""""""	"""hat,"""	"""right"""	"""hat,"""	"0"	"-1"	"0"	"1"	"1"	"0"	"0"	"""2"""	"""1"""	"-1"	"""TRUE"""	"""target"""	"""TRUE"""	"-1"	"-1"	"-1"	"-1"	"-1"	"-1"	"""Bob making snowmen"""	"""No."""	"""31"""	"""m"""	"1"	"0"	"1"	"2"	"0"	"""3"""	"2"	"""right"""	"""target"""	"-1"
"What is he talking about? (1-2 mins)"	"Short and fun! A 1-2 minute word game about what someone is talking about."	"experiment, psychology, game"	"$0.20"	"Mon Feb 23 12:05:59 PST 2015"	"200"	"0"	"0"	"200"	"Reviewable"	"NotReviewed"	"1 scales"	"600"	"60000"	"Mon Mar 02 12:05:59 PST 2015"	"S90130"	"Approved"	""	"""snowman"""	"""mittens"""	"""right"""	""""""	"""hat,mittens,"""	"""mittens,"""	"""right"""	"""mittens,"""	"0"	"-1"	"0"	"1"	"1"	"0"	"0"	"""2"""	"""1"""	"-1"	"""TRUE"""	"""target"""	"""TRUE"""	"-1"	"-1"	"-1"	"-1"	"-1"	"-1"	"""Bob and his snowmen"""	"""no"""	"""38"""	"""m"""	"1"	"0"	"0"	"1"	"2"	"""3"""	"1"	"""left"""	"""foil"""	"-1"
"What is he talking about? (1-2 mins)"	"Short and fun! A 1-2 minute word game about what someone is talking about."	"experiment, psychology, game"	"$0.20"	"Mon Feb 23 12:05:59 PST 2015"	"200"	"0"	"0"	"200"	"Reviewable"	"NotReviewed"	"1 scales"	"600"	"60000"	"Mon Mar 02 12:05:59 PST 2015"	"S71826"	"Approved"	""	"""sundae"""	"""whipped cream"""	"""left"""	"""whipped cream,"""	""""""	"""cherry,whipped cream,"""	"""left"""	"""whipped cream,"""	"0"	"-1"	"0"	"1"	"1"	"0"	"0"	"""2"""	"""1"""	"-1"	"""TRUE"""	"""target"""	"""TRUE"""	"-1"	"-1"	"-1"	"-1"	"-1"	"-1"	"""ice cream"""	""""""	"""26"""	"""m"""	"1"	"0"	"1"	"2"	"0"	"""3"""	"2"	"""left"""	"""target"""	"-1"
"What is he talking about? (1-2 mins)"	"Short and fun! A 1-2 minute word game about what someone is talking about."	"experiment, psychology, game"	"$0.20"	"Mon Feb 23 12:05:59 PST 2015"	"200"	"0"	"0"	"200"	"Reviewable"	"NotReviewed"	"1 scales"	"600"	"60000"	"Mon Mar 02 12:05:59 PST 2015"	"S00350"	"Approved"	""	"""boat"""	"""motor"""	"""right"""	""""""	"""cabin,motor,"""	"""motor,"""	"""right"""	"""motor,"""	"0"	"-1"	"0"	"1"	"1"	"0"	"0"	"""2"""	"""1"""	"-1"	"""TRUE"""	"""target"""	"""TRUE"""	"-1"	"-1"	"-1"	"-1"	"-1"	"-1"	"""Does Bob want extra things?"""	"""No"""	"""25"""	"""M"""	"1"	"0"	"2"	"1"	"0"	"""3"""	"1"	"""left"""	"""foil"""	"-1"
"What is he talking about? (1-2 mins)"	"Short and fun! A 1-2 minute word game about what someone is talking about."	"experiment, psychology, game"	"$0.20"	"Mon Feb 23 12:05:59 PST 2015"	"200"	"0"	"0"	"200"	"Reviewable"	"NotReviewed"	"1 scales"	"600"	"60000"	"Mon Mar 02 12:05:59 PST 2015"	"S22015"	"Approved"	""	"""boat"""	"""sail"""	"""middle"""	""""""	"""sail,"""	"""sail,motor,"""	"""right"""	"""sail,motor,"""	"0"	"-1"	"0"	"1"	"1"	"0"	"0"	"""2"""	"""1"""	"-1"	"""TRUE"""	"""logical"""	"""FALSE"""	"-1"	"-1"	"-1"	"-1"	"-1"	"-1"	"""Bob and sails"""	"""no"""	"""24"""	"""m"""	"1"	"0"	"1"	"0"	"2"	"""3"""	"3"	"""right"""	"""logical"""	"-1"
"What is he talking about? (1-2 mins)"	"Short and fun! A 1-2 minute word game about what someone is talking about."	"experiment, psychology, game"	"$0.20"	"Mon Feb 23 12:05:59 PST 2015"	"200"	"0"	"0"	"200"	"Reviewable"	"NotReviewed"	"1 scales"	"600"	"60000"	"Mon Mar 02 12:05:59 PST 2015"	"S62675"	"Approved"	""	"""Christmas tree"""	"""lights"""	"""right"""	"""lights,ornaments,"""	""""""	"""lights,"""	"""right"""	"""lights,"""	"0"	"-1"	"0"	"1"	"1"	"0"	"0"	"""2"""	"""1"""	"-1"	"""TRUE"""	"""target"""	"""TRUE"""	"-1"	"-1"	"-1"	"-1"	"-1"	"-1"	"""Christmas Trees and communication"""	""""""	"""28"""	"""m"""	"1"	"0"	"2"	"0"	"1"	"""3"""	"1"	"""middle"""	"""foil"""	"-1"
"What is he talking about? (1-2 mins)"	"Short and fun! A 1-2 minute word game about what someone is talking about."	"experiment, psychology, game"	"$0.20"	"Mon Feb 23 12:05:59 PST 2015"	"200"	"0"	"0"	"200"	"Reviewable"	"NotReviewed"	"1 scales"	"600"	"60000"	"Mon Mar 02 12:05:59 PST 2015"	"S77406"	"Approved"	""	"""pizza"""	"""mushrooms"""	"""middle"""	""""""	"""mushrooms,"""	"""mushrooms,olives,"""	"""middle"""	"""mushrooms,"""	"0"	"-1"	"0"	"1"	"1"	"0"	"0"	"""2"""	"""1"""	"-1"	"""TRUE"""	"""target"""	"""TRUE"""	"-1"	"-1"	"-1"	"-1"	"-1"	"-1"	"""Communication barriers."""	"""None at this time."""	"""34"""	"""m"""	"1"	"0"	"0"	"2"	"1"	"""3"""	"1"	"""left"""	"""foil"""	"-1"
"What is he talking about? (1-2 mins)"	"Short and fun! A 1-2 minute word game about what someone is talking about."	"experiment, psychology, game"	"$0.20"	"Mon Feb 23 12:05:59 PST 2015"	"200"	"0"	"0"	"200"	"Reviewable"	"NotReviewed"	"1 scales"	"600"	"60000"	"Mon Mar 02 12:05:59 PST 2015"	"S48797"	"Approved"	""	"""pizza"""	"""mushrooms"""	"""right"""	""""""	"""mushrooms,olives,"""	"""mushrooms,"""	"""right"""	"""mushrooms,"""	"0"	"-1"	"0"	"1"	"1"	"0"	"0"	"""2"""	"""1"""	"-1"	"""TRUE"""	"""target"""	"""TRUE"""	"-1"	"-1"	"-1"	"-1"	"-1"	"-1"	"""what we see or \""think\"" we see?"""	""""""	"""39"""	"""f"""	"1"	"0"	"0"	"2"	"1"	"""3"""	"1"	"""left"""	"""foil"""	"-1"
"What is he talking about? (1-2 mins)"	"Short and fun! A 1-2 minute word game about what someone is talking about."	"experiment, psychology, game"	"$0.20"	"Mon Feb 23 12:05:59 PST 2015"	"200"	"0"	"0"	"200"	"Reviewable"	"NotReviewed"	"1 scales"	"600"	"60000"	"Mon Mar 02 12:05:59 PST 2015"	"S11585"	"Approved"	""	"""sundae"""	"""chocolate"""	"""right"""	"""whipped cream,chocolate,"""	""""""	"""chocolate,"""	"""left"""	"""whipped cream,chocolate,"""	"0"	"-1"	"0"	"1"	"1"	"0"	"0"	"""2"""	"""1"""	"-1"	"""TRUE"""	"""logical"""	"""FALSE"""	"-1"	"-1"	"-1"	"-1"	"-1"	"-1"	"""Decision making"""	""""""	"""32"""	"""m"""	"1"	"0"	"1"	"0"	"2"	"""3"""	"1"	"""middle"""	"""foil"""	"-1"
"What is he talking about? (1-2 mins)"	"Short and fun! A 1-2 minute word game about what someone is talking about."	"experiment, psychology, game"	"$0.20"	"Mon Feb 23 12:05:59 PST 2015"	"200"	"0"	"0"	"200"	"Reviewable"	"NotReviewed"	"1 scales"	"600"	"60000"	"Mon Mar 02 12:05:59 PST 2015"	"S35476"	"Approved"	""	"""Christmas tree"""	"""ornaments"""	"""left"""	"""ornaments,"""	""""""	"""ornaments,star,"""	"""left"""	"""ornaments,"""	"0"	"-1"	"0"	"1"	"1"	"0"	"0"	"""2"""	"""1"""	"-1"	"""TRUE"""	"""target"""	"""TRUE"""	"-1"	"-1"	"-1"	"-1"	"-1"	"-1"	"""christmas trees"""	""""""	"""23"""	"""m"""	"1"	"0"	"2"	"0"	"1"	"""3"""	"1"	"""middle"""	"""foil"""	"-1"
"What is he talking about? (1-2 mins)"	"Short and fun! A 1-2 minute word game about what someone is talking about."	"experiment, psychology, game"	"$0.20"	"Mon Feb 23 12:05:59 PST 2015"	"200"	"0"	"0"	"200"	"Reviewable"	"NotReviewed"	"1 scales"	"600"	"60000"	"Mon Mar 02 12:05:59 PST 2015"	"S73971"	"Approved"	""	"""sundae"""	"""cherry"""	"""right"""	""""""	"""cherry,chocolate,"""	"""cherry,"""	"""right"""	"""cherry,"""	"0"	"-1"	"0"	"1"	"1"	"0"	"0"	"""2"""	"""1"""	"-1"	"""TRUE"""	"""target"""	"""TRUE"""	"-1"	"-1"	"-1"	"-1"	"-1"	"-1"	"""no idea"""	"""np"""	"""26"""	"""m"""	"1"	"0"	"1"	"2"	"0"	"""3"""	"3"	"""middle"""	"""logical"""	"-1"
"What is he talking about? (1-2 mins)"	"Short and fun! A 1-2 minute word game about what someone is talking about."	"experiment, psychology, game"	"$0.20"	"Mon Feb 23 12:05:59 PST 2015"	"200"	"0"	"0"	"200"	"Reviewable"	"NotReviewed"	"1 scales"	"600"	"60000"	"Mon Mar 02 12:05:59 PST 2015"	"S79265"	"Approved"	""	"""snowman"""	"""scarf"""	"""left"""	"""scarf,"""	"""scarf,mittens,"""	""""""	"""left"""	"""scarf,"""	"0"	"-1"	"0"	"1"	"1"	"0"	"0"	"""2"""	"""1"""	"-1"	"""TRUE"""	"""target"""	"""TRUE"""	"-1"	"-1"	"-1"	"-1"	"-1"	"-1"	"""don't know"""	"""no"""	"""24"""	"""f"""	"1"	"0"	"2"	"1"	"0"	"""3"""	"1"	"""right"""	"""foil"""	"-1"
"What is he talking about? (1-2 mins)"	"Short and fun! A 1-2 minute word game about what someone is talking about."	"experiment, psychology, game"	"$0.20"	"Mon Feb 23 12:05:59 PST 2015"	"200"	"0"	"0"	"200"	"Reviewable"	"NotReviewed"	"1 scales"	"600"	"60000"	"Mon Mar 02 12:05:59 PST 2015"	"S37913"	"Approved"	""	"""snowman"""	"""scarf"""	"""right"""	""""""	"""scarf,mittens,"""	"""scarf,"""	"""right"""	"""scarf,"""	"0"	"-1"	"0"	"1"	"1"	"0"	"0"	"""2"""	"""1"""	"-1"	"""TRUE"""	"""target"""	"""TRUE"""	"-1"	"-1"	"-1"	"-1"	"-1"	"-1"	"""building and identifying snowmen"""	"""none - thank you!"""	"""40"""	"""F"""	"1"	"0"	"1"	"2"	"0"	"""3"""	"2"	"""right"""	"""target"""	"-1"
"What is he talking about? (1-2 mins)"	"Short and fun! A 1-2 minute word game about what someone is talking about."	"experiment, psychology, game"	"$0.20"	"Mon Feb 23 12:05:59 PST 2015"	"200"	"0"	"0"	"200"	"Reviewable"	"NotReviewed"	"1 scales"	"600"	"60000"	"Mon Mar 02 12:05:59 PST 2015"	"S95731"	"Approved"	""	"""Christmas tree"""	"""star"""	"""left"""	"""star,"""	"""ornaments,star,"""	""""""	"""middle"""	"""ornaments,star,"""	"0"	"-1"	"0"	"1"	"1"	"0"	"0"	"""2"""	"""1"""	"-1"	"""FALSE"""	"""logical"""	"""FALSE"""	"-1"	"-1"	"-1"	"-1"	"-1"	"-1"	"""Christmas trees"""	""""""	"""36"""	"""f"""	"1"	"0"	"2"	"1"	"0"	"""3"""	"3"	"""middle"""	"""logical"""	"-1"
"What is he talking about? (1-2 mins)"	"Short and fun! A 1-2 minute word game about what someone is talking about."	"experiment, psychology, game"	"$0.20"	"Mon Feb 23 12:05:59 PST 2015"	"200"	"0"	"0"	"200"	"Reviewable"	"NotReviewed"	"1 scales"	"600"	"60000"	"Mon Mar 02 12:05:59 PST 2015"	"S62189"	"Approved"	""	"""friend"""	"""glasses"""	"""middle"""	"""glasses,mustache,"""	"""glasses,"""	""""""	"""left"""	"""glasses,mustache,"""	"0"	"-1"	"0"	"1"	"1"	"0"	"0"	"""2"""	"""1"""	"-1"	"""TRUE"""	"""logical"""	"""FALSE"""	"-1"	"-1"	"-1"	"-1"	"-1"	"-1"	"""Bob visiting his friends on Sunday's"""	"""No"""	"""32"""	"""Female """	"1"	"0"	"0"	"1"	"2"	"""3"""	"3"	"""left"""	"""logical"""	"-1"
"What is he talking about? (1-2 mins)"	"Short and fun! A 1-2 minute word game about what someone is talking about."	"experiment, psychology, game"	"$0.20"	"Mon Feb 23 12:05:59 PST 2015"	"200"	"0"	"0"	"200"	"Reviewable"	"NotReviewed"	"1 scales"	"600"	"60000"	"Mon Mar 02 12:05:59 PST 2015"	"S81280"	"Approved"	""	"""sundae"""	"""cherry"""	"""left"""	"""cherry,"""	""""""	"""cherry,chocolate,"""	"""left"""	"""cherry,"""	"0"	"-1"	"0"	"1"	"1"	"0"	"0"	"""2"""	"""1"""	"-1"	"""TRUE"""	"""target"""	"""TRUE"""	"-1"	"-1"	"-1"	"-1"	"-1"	"-1"	"""cherry choices"""	""""""	"""68"""	"""m"""	"1"	"0"	"1"	"0"	"2"	"""3"""	"1"	"""middle"""	"""foil"""	"-1"
"What is he talking about? (1-2 mins)"	"Short and fun! A 1-2 minute word game about what someone is talking about."	"experiment, psychology, game"	"$0.20"	"Mon Feb 23 12:05:59 PST 2015"	"200"	"0"	"0"	"200"	"Reviewable"	"NotReviewed"	"1 scales"	"600"	"60000"	"Mon Mar 02 12:05:59 PST 2015"	"S29841"	"Approved"	""	"""friend"""	"""glasses"""	"""left"""	"""glasses,"""	""""""	"""glasses,mustache,"""	"""left"""	"""glasses,"""	"0"	"-1"	"0"	"1"	"1"	"0"	"0"	"""2"""	"""1"""	"-1"	"""TRUE"""	"""target"""	"""TRUE"""	"-1"	"-1"	"-1"	"-1"	"-1"	"-1"	"""Guessing which person."""	"""I liked this HIT."""	"""29"""	"""f"""	"1"	"0"	"2"	"1"	"0"	"""3"""	"0"	"""none"""	"""none"""	"-1"
"What is he talking about? (1-2 mins)"	"Short and fun! A 1-2 minute word game about what someone is talking about."	"experiment, psychology, game"	"$0.20"	"Mon Feb 23 12:05:59 PST 2015"	"200"	"0"	"0"	"200"	"Reviewable"	"NotReviewed"	"1 scales"	"600"	"60000"	"Mon Mar 02 12:05:59 PST 2015"	"S39780"	"Approved"	""	"""boat"""	"""motor"""	"""right"""	"""sail,motor,"""	""""""	"""motor,"""	"""right"""	"""motor,"""	"0"	"-1"	"0"	"1"	"1"	"0"	"0"	"""2"""	"""1"""	"-1"	"""TRUE"""	"""target"""	"""TRUE"""	"-1"	"-1"	"-1"	"-1"	"-1"	"-1"	"""What boat Bob wanted when he could only speak one word."""	"""None"""	""""""	""""""	"1"	"0"	"0"	"1"	"2"	"""3"""	"0"	"""none"""	"""none"""	"-1"
"What is he talking about? (1-2 mins)"	"Short and fun! A 1-2 minute word game about what someone is talking about."	"experiment, psychology, game"	"$0.20"	"Mon Feb 23 12:05:59 PST 2015"	"200"	"0"	"0"	"200"	"Reviewable"	"NotReviewed"	"1 scales"	"600"	"60000"	"Mon Mar 02 12:05:59 PST 2015"	"S84572"	"Approved"	""	"""boat"""	"""cabin"""	"""middle"""	""""""	"""cabin,"""	"""cabin,motor,"""	"""left"""	""""""	"0"	"-1"	"0"	"1"	"1"	"0"	"0"	"""2"""	"""1"""	"-1"	"""TRUE"""	"""foil"""	"""FALSE"""	"-1"	"-1"	"-1"	"-1"	"-1"	"-1"	"""Bob and the boats he rents."""	"""no"""	"""31"""	"""m"""	"1"	"0"	"1"	"2"	"0"	"""3"""	"3"	"""right"""	"""logical"""	"-1"
"What is he talking about? (1-2 mins)"	"Short and fun! A 1-2 minute word game about what someone is talking about."	"experiment, psychology, game"	"$0.20"	"Mon Feb 23 12:05:59 PST 2015"	"200"	"0"	"0"	"200"	"Reviewable"	"NotReviewed"	"1 scales"	"600"	"60000"	"Mon Mar 02 12:05:59 PST 2015"	"S21194"	"Approved"	""	"""sundae"""	"""whipped cream"""	"""middle"""	"""whipped cream,chocolate,"""	"""whipped cream,"""	""""""	"""middle"""	"""whipped cream,"""	"0"	"-1"	"0"	"1"	"1"	"0"	"0"	"""2"""	"""1"""	"-1"	"""TRUE"""	"""target"""	"""TRUE"""	"-1"	"-1"	"-1"	"-1"	"-1"	"-1"	"""Ice cream sundaes"""	"""Now I want a sundae!"""	"""27"""	"""m"""	"1"	"0"	"2"	"0"	"1"	"""3"""	"1"	"""right"""	"""foil"""	"-1"
"What is he talking about? (1-2 mins)"	"Short and fun! A 1-2 minute word game about what someone is talking about."	"experiment, psychology, game"	"$0.20"	"Mon Feb 23 12:05:59 PST 2015"	"200"	"0"	"0"	"200"	"Reviewable"	"NotReviewed"	"1 scales"	"600"	"60000"	"Mon Mar 02 12:05:59 PST 2015"	"S03251"	"Approved"	""	"""boat"""	"""sail"""	"""left"""	"""sail,"""	""""""	"""cabin,sail,"""	"""left"""	"""sail,"""	"0"	"-1"	"0"	"1"	"1"	"0"	"0"	"""2"""	"""1"""	"-1"	"""TRUE"""	"""target"""	"""TRUE"""	"-1"	"-1"	"-1"	"-1"	"-1"	"-1"	"""Boats"""	"""No"""	"""31"""	"""m"""	"1"	"0"	"2"	"0"	"1"	"""3"""	"1"	"""middle"""	"""foil"""	"-1"
"What is he talking about? (1-2 mins)"	"Short and fun! A 1-2 minute word game about what someone is talking about."	"experiment, psychology, game"	"$0.20"	"Mon Feb 23 12:05:59 PST 2015"	"200"	"0"	"0"	"200"	"Reviewable"	"NotReviewed"	"1 scales"	"600"	"60000"	"Mon Mar 02 12:05:59 PST 2015"	"S35869"	"Approved"	""	"""Christmas tree"""	"""star"""	"""right"""	""""""	"""ornaments,star,"""	"""star,"""	"""right"""	"""star,"""	"0"	"-1"	"0"	"1"	"1"	"0"	"0"	"""2"""	"""1"""	"-1"	"""TRUE"""	"""target"""	"""TRUE"""	"-1"	"-1"	"-1"	"-1"	"-1"	"-1"	"""Understanding something with minimal communicative information"""	"""Thank you!"""	"""24"""	"""m"""	"1"	"0"	"1"	"2"	"0"	"""3"""	"0"	"""none"""	"""none"""	"-1"
"What is he talking about? (1-2 mins)"	"Short and fun! A 1-2 minute word game about what someone is talking about."	"experiment, psychology, game"	"$0.20"	"Mon Feb 23 12:05:59 PST 2015"	"200"	"0"	"0"	"200"	"Reviewable"	"NotReviewed"	"1 scales"	"600"	"60000"	"Mon Mar 02 12:05:59 PST 2015"	"S02467"	"Approved"	""	"""Christmas tree"""	"""star"""	"""right"""	"""ornaments,star,"""	""""""	"""star,"""	"""left"""	"""ornaments,star,"""	"0"	"-1"	"0"	"1"	"1"	"0"	"0"	"""2"""	"""1"""	"-1"	"""TRUE"""	"""logical"""	"""FALSE"""	"-1"	"-1"	"-1"	"-1"	"-1"	"-1"	"""christmas trees"""	"""no"""	"""30"""	"""f"""	"1"	"0"	"1"	"2"	"0"	"""3"""	"1"	"""middle"""	"""foil"""	"-1"
"What is he talking about? (1-2 mins)"	"Short and fun! A 1-2 minute word game about what someone is talking about."	"experiment, psychology, game"	"$0.20"	"Mon Feb 23 12:05:59 PST 2015"	"200"	"0"	"0"	"200"	"Reviewable"	"NotReviewed"	"1 scales"	"600"	"60000"	"Mon Mar 02 12:05:59 PST 2015"	"S78094"	"Approved"	""	"""boat"""	"""motor"""	"""right"""	""""""	"""cabin,motor,"""	"""motor,"""	"""middle"""	"""cabin,motor,"""	"0"	"-1"	"0"	"1"	"1"	"0"	"0"	"""2"""	"""1"""	"-1"	"""TRUE"""	"""logical"""	"""FALSE"""	"-1"	"-1"	"-1"	"-1"	"-1"	"-1"	"""boats"""	"""ty"""	"""59"""	"""m"""	"1"	"0"	"0"	"2"	"1"	"""3"""	"0"	"""none"""	"""none"""	"-1"
"What is he talking about? (1-2 mins)"	"Short and fun! A 1-2 minute word game about what someone is talking about."	"experiment, psychology, game"	"$0.20"	"Mon Feb 23 12:05:59 PST 2015"	"200"	"0"	"0"	"200"	"Reviewable"	"NotReviewed"	"1 scales"	"600"	"60000"	"Mon Mar 02 12:05:59 PST 2015"	"S51176"	"Approved"	""	"""friend"""	"""hat"""	"""left"""	"""hat,"""	""""""	"""hat,mustache,"""	"""right"""	"""hat,mustache,"""	"0"	"-1"	"0"	"1"	"1"	"0"	"0"	"""2"""	"""1"""	"-1"	"""TRUE"""	"""logical"""	"""FALSE"""	"-1"	"-1"	"-1"	"-1"	"-1"	"-1"	"""dont know"""	"""none"""	""""""	""""""	"1"	"0"	"0"	"1"	"2"	"""3"""	"0"	"""none"""	"""none"""	"-1"
"What is he talking about? (1-2 mins)"	"Short and fun! A 1-2 minute word game about what someone is talking about."	"experiment, psychology, game"	"$0.20"	"Mon Feb 23 12:05:59 PST 2015"	"200"	"0"	"0"	"200"	"Reviewable"	"NotReviewed"	"1 scales"	"600"	"60000"	"Mon Mar 02 12:05:59 PST 2015"	"S96479"	"Approved"	""	"""snowman"""	"""scarf"""	"""left"""	"""scarf,"""	"""scarf,mittens,"""	""""""	"""middle"""	"""scarf,mittens,"""	"0"	"-1"	"0"	"1"	"1"	"0"	"0"	"""2"""	"""1"""	"-1"	"""FALSE"""	"""logical"""	"""FALSE"""	"-1"	"-1"	"-1"	"-1"	"-1"	"-1"	"""n/a"""	""""""	"""23"""	"""f"""	"1"	"0"	"1"	"0"	"2"	"""3"""	"0"	"""none"""	"""none"""	"-1"
"What is he talking about? (1-2 mins)"	"Short and fun! A 1-2 minute word game about what someone is talking about."	"experiment, psychology, game"	"$0.20"	"Mon Feb 23 12:05:59 PST 2015"	"200"	"0"	"0"	"200"	"Reviewable"	"NotReviewed"	"1 scales"	"600"	"60000"	"Mon Mar 02 12:05:59 PST 2015"	"S64977"	"Approved"	""	"""pizza"""	"""olives"""	"""right"""	""""""	"""olives,peppers,"""	"""olives,"""	"""right"""	"""olives,"""	"0"	"-1"	"0"	"1"	"1"	"0"	"0"	"""2"""	"""1"""	"-1"	"""TRUE"""	"""target"""	"""TRUE"""	"-1"	"-1"	"-1"	"-1"	"-1"	"-1"	"""Gaining information from pictures"""	""""""	"""29"""	"""m"""	"1"	"0"	"1"	"2"	"0"	"""3"""	"0"	"""none"""	"""none"""	"-1"
"What is he talking about? (1-2 mins)"	"Short and fun! A 1-2 minute word game about what someone is talking about."	"experiment, psychology, game"	"$0.20"	"Mon Feb 23 12:05:59 PST 2015"	"200"	"0"	"0"	"200"	"Reviewable"	"NotReviewed"	"1 scales"	"600"	"60000"	"Mon Mar 02 12:05:59 PST 2015"	"S70247"	"Approved"	""	"""friend"""	"""mustache"""	"""left"""	"""mustache,"""	""""""	"""hat,mustache,"""	"""left"""	"""mustache,"""	"0"	"-1"	"0"	"1"	"1"	"0"	"0"	"""2"""	"""1"""	"-1"	"""TRUE"""	"""target"""	"""TRUE"""	"-1"	"-1"	"-1"	"-1"	"-1"	"-1"	"""Bob's friends and how I can visiually substantiate between them"""	"""Nope"""	"""22"""	"""m"""	"1"	"0"	"0"	"2"	"1"	"""3"""	"0"	"""none"""	"""none"""	"-1"
"What is he talking about? (1-2 mins)"	"Short and fun! A 1-2 minute word game about what someone is talking about."	"experiment, psychology, game"	"$0.20"	"Mon Feb 23 12:05:59 PST 2015"	"200"	"0"	"0"	"200"	"Reviewable"	"NotReviewed"	"1 scales"	"600"	"60000"	"Mon Mar 02 12:05:59 PST 2015"	"S83253"	"Approved"	""	"""snowman"""	"""hat"""	"""right"""	""""""	"""hat,scarf,"""	"""hat,"""	"""right"""	"""hat,"""	"0"	"-1"	"0"	"1"	"1"	"0"	"0"	"""2"""	"""1"""	"-1"	"""TRUE"""	"""target"""	"""TRUE"""	"-1"	"-1"	"-1"	"-1"	"-1"	"-1"	"""snowman"""	"""cute"""	"""43"""	"""f"""	"1"	"0"	"0"	"2"	"1"	"""3"""	"2"	"""right"""	"""target"""	"-1"
"What is he talking about? (1-2 mins)"	"Short and fun! A 1-2 minute word game about what someone is talking about."	"experiment, psychology, game"	"$0.20"	"Mon Feb 23 12:05:59 PST 2015"	"200"	"0"	"0"	"200"	"Reviewable"	"NotReviewed"	"1 scales"	"600"	"60000"	"Mon Mar 02 12:05:59 PST 2015"	"S15199"	"Approved"	""	"""Christmas tree"""	"""ornaments"""	"""left"""	"""ornaments,"""	"""lights,ornaments,"""	""""""	"""left"""	"""ornaments,"""	"0"	"-1"	"0"	"1"	"1"	"0"	"0"	"""2"""	"""1"""	"-1"	"""TRUE"""	"""target"""	"""TRUE"""	"-1"	"-1"	"-1"	"-1"	"-1"	"-1"	"""What tree Bob is referring to when he says ornaments."""	"""No"""	"""31"""	"""f"""	"1"	"0"	"2"	"1"	"0"	"""3"""	"0"	"""none"""	"""none"""	"-1"
"What is he talking about? (1-2 mins)"	"Short and fun! A 1-2 minute word game about what someone is talking about."	"experiment, psychology, game"	"$0.20"	"Mon Feb 23 12:05:59 PST 2015"	"200"	"0"	"0"	"200"	"Reviewable"	"NotReviewed"	"1 scales"	"600"	"60000"	"Mon Mar 02 12:05:59 PST 2015"	"S02037"	"Approved"	""	"""friend"""	"""glasses"""	"""left"""	"""glasses,"""	"""glasses,mustache,"""	""""""	"""left"""	"""glasses,"""	"0"	"-1"	"0"	"1"	"1"	"0"	"0"	"""2"""	"""1"""	"-1"	"""TRUE"""	"""target"""	"""TRUE"""	"-1"	"-1"	"-1"	"-1"	"-1"	"-1"	"""Bob visiting friends"""	"""n/a"""	"""35"""	"""f"""	"1"	"0"	"2"	"1"	"0"	"""3"""	"2"	"""left"""	"""target"""	"-1"
"What is he talking about? (1-2 mins)"	"Short and fun! A 1-2 minute word game about what someone is talking about."	"experiment, psychology, game"	"$0.20"	"Mon Feb 23 12:05:59 PST 2015"	"200"	"0"	"0"	"200"	"Reviewable"	"NotReviewed"	"1 scales"	"600"	"60000"	"Mon Mar 02 12:05:59 PST 2015"	"S03959"	"Approved"	""	"""friend"""	"""glasses"""	"""middle"""	""""""	"""glasses,"""	"""glasses,mustache,"""	"""middle"""	"""glasses,"""	"0"	"-1"	"0"	"1"	"1"	"0"	"0"	"""2"""	"""1"""	"-1"	"""TRUE"""	"""target"""	"""TRUE"""	"-1"	"-1"	"-1"	"-1"	"-1"	"-1"	"""Perceptions of people and their identifying markers"""	""""""	"""24"""	"""F"""	"1"	"0"	"2"	"1"	"0"	"""3"""	"3"	"""right"""	"""logical"""	"-1"
"What is he talking about? (1-2 mins)"	"Short and fun! A 1-2 minute word game about what someone is talking about."	"experiment, psychology, game"	"$0.20"	"Mon Feb 23 12:05:59 PST 2015"	"200"	"0"	"0"	"200"	"Reviewable"	"NotReviewed"	"1 scales"	"600"	"60000"	"Mon Mar 02 12:05:59 PST 2015"	"S55831"	"Approved"	""	"""friend"""	"""glasses"""	"""left"""	"""glasses,"""	"""glasses,mustache,"""	""""""	"""left"""	"""glasses,"""	"0"	"-1"	"0"	"1"	"1"	"0"	"0"	"""2"""	"""1"""	"-1"	"""TRUE"""	"""target"""	"""TRUE"""	"-1"	"-1"	"-1"	"-1"	"-1"	"-1"	"""This survey is designed to see who the target person is talking about"""	""""""	"""24"""	"""female"""	"1"	"0"	"0"	"2"	"1"	"""3"""	"3"	"""middle"""	"""logical"""	"-1"
"What is he talking about? (1-2 mins)"	"Short and fun! A 1-2 minute word game about what someone is talking about."	"experiment, psychology, game"	"$0.20"	"Mon Feb 23 12:05:59 PST 2015"	"200"	"0"	"0"	"200"	"Reviewable"	"NotReviewed"	"1 scales"	"600"	"60000"	"Mon Mar 02 12:05:59 PST 2015"	"S36655"	"Approved"	""	"""friend"""	"""glasses"""	"""middle"""	""""""	"""glasses,"""	"""hat,glasses,"""	"""middle"""	"""glasses,"""	"0"	"-1"	"0"	"1"	"1"	"0"	"0"	"""2"""	"""1"""	"-1"	"""TRUE"""	"""target"""	"""TRUE"""	"-1"	"-1"	"-1"	"-1"	"-1"	"-1"	"""how people process and use information"""	"""no"""	"""32"""	"""m"""	"1"	"0"	"0"	"1"	"2"	"""3"""	"0"	"""none"""	"""none"""	"-1"
"What is he talking about? (1-2 mins)"	"Short and fun! A 1-2 minute word game about what someone is talking about."	"experiment, psychology, game"	"$0.20"	"Mon Feb 23 12:05:59 PST 2015"	"200"	"0"	"0"	"200"	"Reviewable"	"NotReviewed"	"1 scales"	"600"	"60000"	"Mon Mar 02 12:05:59 PST 2015"	"S85833"	"Approved"	""	"""boat"""	"""cabin"""	"""middle"""	""""""	"""cabin,"""	"""cabin,sail,"""	"""left"""	""""""	"0"	"-1"	"0"	"1"	"1"	"0"	"0"	"""3"""	"""1"""	"-1"	"""TRUE"""	"""foil"""	"""FALSE"""	"-1"	"-1"	"-1"	"-1"	"-1"	"-1"	"""What part of the boat people identify as the cabin."""	""""""	"""20"""	"""M"""	"1"	"0"	"1"	"2"	"0"	"""3"""	"2"	"""middle"""	"""target"""	"-1"
"What is he talking about? (1-2 mins)"	"Short and fun! A 1-2 minute word game about what someone is talking about."	"experiment, psychology, game"	"$0.20"	"Mon Feb 23 12:05:59 PST 2015"	"200"	"0"	"0"	"200"	"Reviewable"	"NotReviewed"	"1 scales"	"600"	"60000"	"Mon Mar 02 12:05:59 PST 2015"	"S11829"	"Approved"	""	"""boat"""	"""sail"""	"""left"""	"""sail,"""	""""""	"""sail,motor,"""	"""left"""	"""sail,"""	"0"	"-1"	"0"	"1"	"1"	"0"	"0"	"""2"""	"""1"""	"-1"	"""TRUE"""	"""target"""	"""TRUE"""	"-1"	"-1"	"-1"	"-1"	"-1"	"-1"	"""This survey is about understanding the message of communication with limited data."""	"""no additional comments"""	"""27"""	"""male"""	"1"	"0"	"0"	"2"	"1"	"""3"""	"3"	"""right"""	"""logical"""	"-1"
"What is he talking about? (1-2 mins)"	"Short and fun! A 1-2 minute word game about what someone is talking about."	"experiment, psychology, game"	"$0.20"	"Mon Feb 23 12:05:59 PST 2015"	"200"	"0"	"0"	"200"	"Reviewable"	"NotReviewed"	"1 scales"	"600"	"60000"	"Mon Mar 02 12:05:59 PST 2015"	"S12450"	"Approved"	""	"""pizza"""	"""mushrooms"""	"""right"""	"""mushrooms,peppers,"""	""""""	"""mushrooms,"""	"""middle"""	""""""	"0"	"-1"	"0"	"1"	"1"	"0"	"0"	"""1"""	"""1"""	"-1"	"""TRUE"""	"""foil"""	"""FALSE"""	"-1"	"-1"	"-1"	"-1"	"-1"	"-1"	"""What pizza bob is talking about."""	"""No"""	"""59"""	"""f"""	"1"	"0"	"2"	"0"	"1"	"""3"""	"3"	"""left"""	"""logical"""	"-1"
"What is he talking about? (1-2 mins)"	"Short and fun! A 1-2 minute word game about what someone is talking about."	"experiment, psychology, game"	"$0.20"	"Mon Feb 23 12:05:59 PST 2015"	"200"	"0"	"0"	"200"	"Reviewable"	"NotReviewed"	"1 scales"	"600"	"60000"	"Mon Mar 02 12:05:59 PST 2015"	"S90299"	"Approved"	""	"""pizza"""	"""peppers"""	"""middle"""	""""""	"""peppers,"""	"""olives,peppers,"""	"""middle"""	"""peppers,"""	"0"	"-1"	"0"	"1"	"1"	"0"	"0"	"""2"""	"""1"""	"-1"	"""FALSE"""	"""target"""	"""TRUE"""	"-1"	"-1"	"-1"	"-1"	"-1"	"-1"	"""It was about pizza right now."""	"""No"""	"""27"""	"""male"""	"1"	"0"	"1"	"0"	"2"	"""3"""	"1"	"""left"""	"""foil"""	"-1"
"What is he talking about? (1-2 mins)"	"Short and fun! A 1-2 minute word game about what someone is talking about."	"experiment, psychology, game"	"$0.20"	"Mon Feb 23 12:05:59 PST 2015"	"200"	"0"	"0"	"200"	"Reviewable"	"NotReviewed"	"1 scales"	"600"	"60000"	"Mon Mar 02 12:05:59 PST 2015"	"S67887"	"Approved"	""	"""snowman"""	"""hat"""	"""right"""	"""hat,mittens,"""	""""""	"""hat,"""	"""right"""	"""hat,"""	"0"	"-1"	"0"	"1"	"1"	"0"	"0"	"""2"""	"""1"""	"-1"	"""TRUE"""	"""target"""	"""TRUE"""	"-1"	"-1"	"-1"	"-1"	"-1"	"-1"	"""Snowman identification"""	""""""	"""24"""	"""f"""	"1"	"0"	"2"	"0"	"1"	"""3"""	"0"	"""none"""	"""none"""	"-1"
"What is he talking about? (1-2 mins)"	"Short and fun! A 1-2 minute word game about what someone is talking about."	"experiment, psychology, game"	"$0.20"	"Mon Feb 23 12:05:59 PST 2015"	"200"	"0"	"0"	"200"	"Reviewable"	"NotReviewed"	"1 scales"	"600"	"60000"	"Mon Mar 02 12:05:59 PST 2015"	"S88345"	"Approved"	""	"""sundae"""	"""cherry"""	"""right"""	"""cherry,chocolate,"""	""""""	"""cherry,"""	"""right"""	"""cherry,"""	"0"	"-1"	"0"	"1"	"1"	"0"	"0"	"""2"""	"""1"""	"-1"	"""TRUE"""	"""target"""	"""TRUE"""	"-1"	"-1"	"-1"	"-1"	"-1"	"-1"	"""Sundaes"""	"""no"""	"""24"""	"""F"""	"1"	"0"	"2"	"1"	"0"	"""3"""	"2"	"""right"""	"""target"""	"-1"
"What is he talking about? (1-2 mins)"	"Short and fun! A 1-2 minute word game about what someone is talking about."	"experiment, psychology, game"	"$0.20"	"Mon Feb 23 12:05:59 PST 2015"	"200"	"0"	"0"	"200"	"Reviewable"	"NotReviewed"	"1 scales"	"600"	"60000"	"Mon Mar 02 12:05:59 PST 2015"	"S64420"	"Approved"	""	"""pizza"""	"""olives"""	"""left"""	"""olives,"""	"""mushrooms,olives,"""	""""""	"""left"""	"""olives,"""	"0"	"-1"	"0"	"1"	"1"	"0"	"0"	"""2"""	"""1"""	"-1"	"""TRUE"""	"""target"""	"""TRUE"""	"-1"	"-1"	"-1"	"-1"	"-1"	"-1"	"""Pizza choices"""	"""No, thanks"""	"""23"""	"""m"""	"1"	"0"	"1"	"0"	"2"	"""3"""	"1"	"""right"""	"""foil"""	"-1"
"What is he talking about? (1-2 mins)"	"Short and fun! A 1-2 minute word game about what someone is talking about."	"experiment, psychology, game"	"$0.20"	"Mon Feb 23 12:05:59 PST 2015"	"200"	"0"	"0"	"200"	"Reviewable"	"NotReviewed"	"1 scales"	"600"	"60000"	"Mon Mar 02 12:05:59 PST 2015"	"S30009"	"Approved"	""	"""Christmas tree"""	"""star"""	"""middle"""	""""""	"""star,"""	"""lights,star,"""	"""left"""	""""""	"0"	"-1"	"0"	"1"	"1"	"0"	"0"	"""2"""	"""1"""	"-1"	"""TRUE"""	"""foil"""	"""FALSE"""	"-1"	"-1"	"-1"	"-1"	"-1"	"-1"	"""bob trims christmas trees"""	"""nope"""	"""33"""	"""m"""	"1"	"0"	"2"	"0"	"1"	"""3"""	"3"	"""right"""	"""logical"""	"-1"
"What is he talking about? (1-2 mins)"	"Short and fun! A 1-2 minute word game about what someone is talking about."	"experiment, psychology, game"	"$0.20"	"Mon Feb 23 12:05:59 PST 2015"	"200"	"0"	"0"	"200"	"Reviewable"	"NotReviewed"	"1 scales"	"600"	"60000"	"Mon Mar 02 12:05:59 PST 2015"	"S53479"	"Approved"	""	"""sundae"""	"""cherry"""	"""middle"""	"""cherry,chocolate,"""	"""cherry,"""	""""""	"""middle"""	"""cherry,"""	"0"	"-1"	"0"	"1"	"1"	"0"	"0"	"""2"""	"""1"""	"-1"	"""TRUE"""	"""target"""	"""TRUE"""	"-1"	"-1"	"-1"	"-1"	"-1"	"-1"	"""sundaes"""	"""strange and interesting survey!"""	"""36"""	"""f"""	"1"	"0"	"2"	"0"	"1"	"""3"""	"2"	"""middle"""	"""target"""	"-1"
"What is he talking about? (1-2 mins)"	"Short and fun! A 1-2 minute word game about what someone is talking about."	"experiment, psychology, game"	"$0.20"	"Mon Feb 23 12:05:59 PST 2015"	"200"	"0"	"0"	"200"	"Reviewable"	"NotReviewed"	"1 scales"	"600"	"60000"	"Mon Mar 02 12:05:59 PST 2015"	"S29066"	"Approved"	""	"""boat"""	"""motor"""	"""left"""	"""motor,"""	""""""	"""sail,motor,"""	"""right"""	"""sail,motor,"""	"0"	"-1"	"0"	"1"	"1"	"0"	"0"	"""2"""	"""1"""	"-1"	"""TRUE"""	"""logical"""	"""FALSE"""	"-1"	"-1"	"-1"	"-1"	"-1"	"-1"	"""Decision Making"""	""""""	"""31"""	"""m"""	"1"	"0"	"2"	"1"	"0"	"""3"""	"3"	"""right"""	"""logical"""	"-1"
"What is he talking about? (1-2 mins)"	"Short and fun! A 1-2 minute word game about what someone is talking about."	"experiment, psychology, game"	"$0.20"	"Mon Feb 23 12:05:59 PST 2015"	"200"	"0"	"0"	"200"	"Reviewable"	"NotReviewed"	"1 scales"	"600"	"60000"	"Mon Mar 02 12:05:59 PST 2015"	"S02055"	"Approved"	""	"""boat"""	"""motor"""	"""middle"""	"""cabin,motor,"""	"""motor,"""	""""""	"""left"""	"""cabin,motor,"""	"0"	"-1"	"0"	"1"	"1"	"0"	"0"	"""2"""	"""1"""	"-1"	"""TRUE"""	"""logical"""	"""FALSE"""	"-1"	"-1"	"-1"	"-1"	"-1"	"-1"	"""Judging what people were saying based upon a short description"""	"""no"""	"""30"""	"""f"""	"1"	"0"	"2"	"1"	"0"	"""3"""	"3"	"""left"""	"""logical"""	"-1"
"What is he talking about? (1-2 mins)"	"Short and fun! A 1-2 minute word game about what someone is talking about."	"experiment, psychology, game"	"$0.20"	"Mon Feb 23 12:05:59 PST 2015"	"200"	"0"	"0"	"200"	"Reviewable"	"NotReviewed"	"1 scales"	"600"	"60000"	"Mon Mar 02 12:05:59 PST 2015"	"S65495"	"Approved"	""	"""sundae"""	"""chocolate"""	"""left"""	"""chocolate,"""	"""whipped cream,chocolate,"""	""""""	"""left"""	"""chocolate,"""	"0"	"-1"	"0"	"1"	"1"	"0"	"0"	"""2"""	"""1"""	"-1"	"""TRUE"""	"""target"""	"""TRUE"""	"-1"	"-1"	"-1"	"-1"	"-1"	"-1"	"""sundaes"""	"""n/a"""	"""39"""	"""f"""	"1"	"0"	"2"	"1"	"0"	"""3"""	"0"	"""none"""	"""none"""	"-1"
"What is he talking about? (1-2 mins)"	"Short and fun! A 1-2 minute word game about what someone is talking about."	"experiment, psychology, game"	"$0.20"	"Mon Feb 23 12:05:59 PST 2015"	"200"	"0"	"0"	"200"	"Reviewable"	"NotReviewed"	"1 scales"	"600"	"60000"	"Mon Mar 02 12:05:59 PST 2015"	"S57611"	"Approved"	""	"""Christmas tree"""	"""star"""	"""left"""	"""star,"""	""""""	"""ornaments,star,"""	"""left"""	"""star,"""	"0"	"-1"	"0"	"1"	"1"	"0"	"0"	"""2"""	"""1"""	"-1"	"""TRUE"""	"""target"""	"""TRUE"""	"-1"	"-1"	"-1"	"-1"	"-1"	"-1"	"""How people use incomplete information to make decisions."""	"""Great study!"""	"""33"""	"""m"""	"1"	"0"	"1"	"2"	"0"	"""3"""	"2"	"""left"""	"""target"""	"-1"
"What is he talking about? (1-2 mins)"	"Short and fun! A 1-2 minute word game about what someone is talking about."	"experiment, psychology, game"	"$0.20"	"Mon Feb 23 12:05:59 PST 2015"	"200"	"0"	"0"	"200"	"Reviewable"	"NotReviewed"	"1 scales"	"600"	"60000"	"Mon Mar 02 12:05:59 PST 2015"	"S27071"	"Approved"	""	"""boat"""	"""sail"""	"""right"""	"""sail,motor,"""	""""""	"""sail,"""	"""right"""	"""sail,"""	"0"	"-1"	"0"	"1"	"1"	"0"	"0"	"""2"""	"""1"""	"-1"	"""TRUE"""	"""target"""	"""TRUE"""	"-1"	"-1"	"-1"	"-1"	"-1"	"-1"	"""Which boat Bob was talking about"""	""""""	"""21"""	"""m"""	"1"	"0"	"2"	"0"	"1"	"""3"""	"1"	"""middle"""	"""foil"""	"-1"
"What is he talking about? (1-2 mins)"	"Short and fun! A 1-2 minute word game about what someone is talking about."	"experiment, psychology, game"	"$0.20"	"Mon Feb 23 12:05:59 PST 2015"	"200"	"0"	"0"	"200"	"Reviewable"	"NotReviewed"	"1 scales"	"600"	"60000"	"Mon Mar 02 12:05:59 PST 2015"	"S00690"	"Approved"	""	"""friend"""	"""glasses"""	"""left"""	"""glasses,"""	"""glasses,mustache,"""	""""""	"""left"""	"""glasses,"""	"0"	"-1"	"0"	"1"	"1"	"0"	"0"	"""2"""	"""1"""	"-1"	"""TRUE"""	"""target"""	"""TRUE"""	"-1"	"-1"	"-1"	"-1"	"-1"	"-1"	"""Who is bob talking about"""	""""""	"""21"""	"""m"""	"1"	"0"	"2"	"1"	"0"	"""3"""	"1"	"""right"""	"""foil"""	"-1"
"What is he talking about? (1-2 mins)"	"Short and fun! A 1-2 minute word game about what someone is talking about."	"experiment, psychology, game"	"$0.20"	"Mon Feb 23 12:05:59 PST 2015"	"200"	"0"	"0"	"200"	"Reviewable"	"NotReviewed"	"1 scales"	"600"	"60000"	"Mon Mar 02 12:05:59 PST 2015"	"S21278"	"Approved"	""	"""friend"""	"""hat"""	"""middle"""	""""""	"""hat,"""	"""hat,glasses,"""	"""middle"""	"""hat,"""	"0"	"-1"	"0"	"1"	"1"	"0"	"0"	"""2"""	"""1"""	"-1"	"""TRUE"""	"""target"""	"""TRUE"""	"-1"	"-1"	"-1"	"-1"	"-1"	"-1"	"""Bob and how he likes to visit his friends."""	"""Nope"""	"""38"""	"""F"""	"1"	"0"	"1"	"2"	"0"	"""3"""	"1"	"""left"""	"""foil"""	"-1"
"What is he talking about? (1-2 mins)"	"Short and fun! A 1-2 minute word game about what someone is talking about."	"experiment, psychology, game"	"$0.20"	"Mon Feb 23 12:05:59 PST 2015"	"200"	"0"	"0"	"200"	"Reviewable"	"NotReviewed"	"1 scales"	"600"	"60000"	"Mon Mar 02 12:05:59 PST 2015"	"S63343"	"Approved"	""	"""pizza"""	"""mushrooms"""	"""right"""	"""mushrooms,olives,"""	""""""	"""mushrooms,"""	"""right"""	"""mushrooms,"""	"0"	"-1"	"0"	"1"	"1"	"0"	"0"	"""2"""	"""1"""	"-1"	"""TRUE"""	"""target"""	"""TRUE"""	"-1"	"-1"	"-1"	"-1"	"-1"	"-1"	"""I honestly don't know. I guess trying to figure out what someone is saying by just one word?"""	"""Fun survey! His name is either Joe or Bob..."""	"""31"""	"""m"""	"1"	"0"	"1"	"2"	"0"	"""3"""	"0"	"""none"""	"""none"""	"-1"
"What is he talking about? (1-2 mins)"	"Short and fun! A 1-2 minute word game about what someone is talking about."	"experiment, psychology, game"	"$0.20"	"Mon Feb 23 12:05:59 PST 2015"	"200"	"0"	"0"	"200"	"Reviewable"	"NotReviewed"	"1 scales"	"600"	"60000"	"Mon Mar 02 12:05:59 PST 2015"	"S80402"	"Approved"	""	"""friend"""	"""hat"""	"""left"""	"""hat,"""	""""""	"""hat,mustache,"""	"""left"""	"""hat,"""	"0"	"-1"	"0"	"1"	"1"	"0"	"0"	"""2"""	"""1"""	"-1"	"""TRUE"""	"""target"""	"""TRUE"""	"-1"	"-1"	"-1"	"-1"	"-1"	"-1"	"""Bob visiting friends and seeing which guy represented the word hat."""	""""""	"""32"""	"""m"""	"1"	"0"	"0"	"2"	"1"	"""3"""	"2"	"""left"""	"""target"""	"-1"
"What is he talking about? (1-2 mins)"	"Short and fun! A 1-2 minute word game about what someone is talking about."	"experiment, psychology, game"	"$0.20"	"Mon Feb 23 12:05:59 PST 2015"	"200"	"0"	"0"	"200"	"Reviewable"	"NotReviewed"	"1 scales"	"600"	"60000"	"Mon Mar 02 12:05:59 PST 2015"	"S91211"	"Approved"	""	"""Christmas tree"""	"""star"""	"""middle"""	"""ornaments,star,"""	"""star,"""	""""""	"""middle"""	"""star,"""	"0"	"-1"	"0"	"1"	"1"	"0"	"0"	"""2"""	"""1"""	"-1"	"""TRUE"""	"""target"""	"""TRUE"""	"-1"	"-1"	"-1"	"-1"	"-1"	"-1"	"""christmastrees"""	""""""	"""20"""	"""m"""	"1"	"0"	"1"	"2"	"0"	"""3"""	"2"	"""middle"""	"""target"""	"-1"
"What is he talking about? (1-2 mins)"	"Short and fun! A 1-2 minute word game about what someone is talking about."	"experiment, psychology, game"	"$0.20"	"Mon Feb 23 12:05:59 PST 2015"	"200"	"0"	"0"	"200"	"Reviewable"	"NotReviewed"	"1 scales"	"600"	"60000"	"Mon Mar 02 12:05:59 PST 2015"	"S05219"	"Approved"	""	"""sundae"""	"""cherry"""	"""middle"""	"""cherry,chocolate,"""	"""cherry,"""	""""""	"""middle"""	"""cherry,"""	"0"	"-1"	"0"	"1"	"1"	"0"	"0"	"""2"""	"""1"""	"-1"	"""TRUE"""	"""target"""	"""TRUE"""	"-1"	"-1"	"-1"	"-1"	"-1"	"-1"	"""Which sundae bob wants."""	""""""	"""26"""	"""f"""	"1"	"0"	"0"	"1"	"2"	"""3"""	"2"	"""middle"""	"""target"""	"-1"
"What is he talking about? (1-2 mins)"	"Short and fun! A 1-2 minute word game about what someone is talking about."	"experiment, psychology, game"	"$0.20"	"Mon Feb 23 12:05:59 PST 2015"	"200"	"0"	"0"	"200"	"Reviewable"	"NotReviewed"	"1 scales"	"600"	"60000"	"Mon Mar 02 12:05:59 PST 2015"	"S44134"	"Approved"	""	"""snowman"""	"""hat"""	"""left"""	"""hat,"""	"""hat,mittens,"""	""""""	"""middle"""	"""hat,mittens,"""	"0"	"-1"	"0"	"1"	"1"	"0"	"0"	"""2"""	"""1"""	"-1"	"""TRUE"""	"""logical"""	"""FALSE"""	"-1"	"-1"	"-1"	"-1"	"-1"	"-1"	"""Interpretations of communication. """	"""Thanks!"""	"""36"""	"""m"""	"1"	"0"	"2"	"1"	"0"	"""3"""	"1"	"""right"""	"""foil"""	"-1"
"What is he talking about? (1-2 mins)"	"Short and fun! A 1-2 minute word game about what someone is talking about."	"experiment, psychology, game"	"$0.20"	"Mon Feb 23 12:05:59 PST 2015"	"200"	"0"	"0"	"200"	"Reviewable"	"NotReviewed"	"1 scales"	"600"	"60000"	"Mon Mar 02 12:05:59 PST 2015"	"S35504"	"Approved"	""	"""friend"""	"""hat"""	"""left"""	"""hat,"""	"""hat,glasses,"""	""""""	"""middle"""	"""hat,glasses,"""	"0"	"-1"	"0"	"1"	"1"	"0"	"0"	"""2"""	"""1"""	"-1"	"""TRUE"""	"""logical"""	"""FALSE"""	"-1"	"-1"	"-1"	"-1"	"-1"	"-1"	"""Trying to figure out what this guy is trying to say."""	""""""	"""24"""	"""f"""	"1"	"0"	"0"	"2"	"1"	"""3"""	"3"	"""middle"""	"""logical"""	"-1"
"What is he talking about? (1-2 mins)"	"Short and fun! A 1-2 minute word game about what someone is talking about."	"experiment, psychology, game"	"$0.20"	"Mon Feb 23 12:05:59 PST 2015"	"200"	"0"	"0"	"200"	"Reviewable"	"NotReviewed"	"1 scales"	"600"	"60000"	"Mon Mar 02 12:05:59 PST 2015"	"S87490"	"Approved"	""	"""pizza"""	"""olives"""	"""right"""	"""olives,peppers,"""	""""""	"""olives,"""	"""right"""	"""olives,"""	"0"	"-1"	"0"	"1"	"1"	"0"	"0"	"""2"""	"""1"""	"-1"	"""TRUE"""	"""target"""	"""TRUE"""	"-1"	"-1"	"-1"	"-1"	"-1"	"-1"	"""Pizza"""	""""""	"""21"""	"""M"""	"1"	"0"	"0"	"1"	"2"	"""3"""	"1"	"""middle"""	"""foil"""	"-1"
"What is he talking about? (1-2 mins)"	"Short and fun! A 1-2 minute word game about what someone is talking about."	"experiment, psychology, game"	"$0.20"	"Mon Feb 23 12:05:59 PST 2015"	"200"	"0"	"0"	"200"	"Reviewable"	"NotReviewed"	"1 scales"	"600"	"60000"	"Mon Mar 02 12:05:59 PST 2015"	"S21026"	"Approved"	""	"""snowman"""	"""scarf"""	"""right"""	""""""	"""hat,scarf,"""	"""scarf,"""	"""right"""	"""scarf,"""	"0"	"-1"	"0"	"1"	"1"	"0"	"0"	"""2"""	"""1"""	"-1"	"""TRUE"""	"""target"""	"""TRUE"""	"-1"	"-1"	"-1"	"-1"	"-1"	"-1"	"""descriptive language"""	"""nope"""	"""26"""	"""m"""	"1"	"0"	"0"	"2"	"1"	"""3"""	"0"	"""none"""	"""none"""	"-1"
"What is he talking about? (1-2 mins)"	"Short and fun! A 1-2 minute word game about what someone is talking about."	"experiment, psychology, game"	"$0.20"	"Mon Feb 23 12:05:59 PST 2015"	"200"	"0"	"0"	"200"	"Reviewable"	"NotReviewed"	"1 scales"	"600"	"60000"	"Mon Mar 02 12:05:59 PST 2015"	"S39529"	"Approved"	""	"""Christmas tree"""	"""lights"""	"""middle"""	""""""	"""lights,"""	"""lights,ornaments,"""	"""middle"""	"""lights,"""	"0"	"-1"	"0"	"1"	"1"	"0"	"0"	"""2"""	"""1"""	"-1"	"""TRUE"""	"""target"""	"""TRUE"""	"-1"	"-1"	"-1"	"-1"	"-1"	"-1"	"""Bob"""	"""No"""	"""24"""	"""m"""	"1"	"0"	"2"	"1"	"0"	"""3"""	"0"	"""none"""	"""none"""	"-1"
"What is he talking about? (1-2 mins)"	"Short and fun! A 1-2 minute word game about what someone is talking about."	"experiment, psychology, game"	"$0.20"	"Mon Feb 23 12:05:59 PST 2015"	"200"	"0"	"0"	"200"	"Reviewable"	"NotReviewed"	"1 scales"	"600"	"60000"	"Mon Mar 02 12:05:59 PST 2015"	"S94742"	"Approved"	""	"""friend"""	"""mustache"""	"""right"""	"""hat,mustache,"""	""""""	"""mustache,"""	"""middle"""	""""""	"0"	"-1"	"0"	"1"	"1"	"0"	"0"	"""2"""	"""1"""	"-1"	"""TRUE"""	"""foil"""	"""FALSE"""	"-1"	"-1"	"-1"	"-1"	"-1"	"-1"	"""Logical deduction (if more than one person has mustache, can't use to identify oneself; if only one person does not, he can use it to identify himself)"""	"""No, """	"""20"""	"""m"""	"1"	"0"	"2"	"0"	"1"	"""3"""	"3"	"""left"""	"""logical"""	"-1"
"What is he talking about? (1-2 mins)"	"Short and fun! A 1-2 minute word game about what someone is talking about."	"experiment, psychology, game"	"$0.20"	"Mon Feb 23 12:05:59 PST 2015"	"200"	"0"	"0"	"200"	"Reviewable"	"NotReviewed"	"1 scales"	"600"	"60000"	"Mon Mar 02 12:05:59 PST 2015"	"S10594"	"Approved"	""	"""boat"""	"""motor"""	"""right"""	""""""	"""cabin,motor,"""	"""motor,"""	"""right"""	"""motor,"""	"0"	"-1"	"0"	"1"	"1"	"0"	"0"	"""2"""	"""1"""	"-1"	"""TRUE"""	"""target"""	"""TRUE"""	"-1"	"-1"	"-1"	"-1"	"-1"	"-1"	"""language"""	""""""	"""33"""	"""f"""	"1"	"0"	"2"	"1"	"0"	"""3"""	"0"	"""none"""	"""none"""	"-1"
"What is he talking about? (1-2 mins)"	"Short and fun! A 1-2 minute word game about what someone is talking about."	"experiment, psychology, game"	"$0.20"	"Mon Feb 23 12:05:59 PST 2015"	"200"	"0"	"0"	"200"	"Reviewable"	"NotReviewed"	"1 scales"	"600"	"60000"	"Mon Mar 02 12:05:59 PST 2015"	"S14111"	"Approved"	""	"""sundae"""	"""cherry"""	"""middle"""	"""cherry,chocolate,"""	"""cherry,"""	""""""	"""middle"""	"""cherry,"""	"0"	"-1"	"0"	"1"	"1"	"0"	"0"	"""2"""	"""1"""	"-1"	"""TRUE"""	"""target"""	"""TRUE"""	"-1"	"-1"	"-1"	"-1"	"-1"	"-1"	"""Bob's Ice Cream choice"""	"""Interesting! Thanks!"""	"""29"""	"""f"""	"1"	"0"	"0"	"1"	"2"	"""3"""	"1"	"""right"""	"""foil"""	"-1"
"What is he talking about? (1-2 mins)"	"Short and fun! A 1-2 minute word game about what someone is talking about."	"experiment, psychology, game"	"$0.20"	"Mon Feb 23 12:05:59 PST 2015"	"200"	"0"	"0"	"200"	"Reviewable"	"NotReviewed"	"1 scales"	"600"	"60000"	"Mon Mar 02 12:05:59 PST 2015"	"S72999"	"Approved"	""	"""Christmas tree"""	"""star"""	"""left"""	"""star,"""	"""lights,star,"""	""""""	"""middle"""	"""lights,star,"""	"0"	"-1"	"0"	"1"	"1"	"0"	"0"	"""2"""	"""1"""	"-1"	"""TRUE"""	"""logical"""	"""FALSE"""	"-1"	"-1"	"-1"	"-1"	"-1"	"-1"	"""chrismas trees"""	""""""	"""32"""	"""f"""	"1"	"0"	"1"	"2"	"0"	"""3"""	"3"	"""middle"""	"""logical"""	"-1"
"What is he talking about? (1-2 mins)"	"Short and fun! A 1-2 minute word game about what someone is talking about."	"experiment, psychology, game"	"$0.20"	"Mon Feb 23 12:05:59 PST 2015"	"200"	"0"	"0"	"200"	"Reviewable"	"NotReviewed"	"1 scales"	"600"	"60000"	"Mon Mar 02 12:05:59 PST 2015"	"S46519"	"Approved"	""	"""Christmas tree"""	"""lights"""	"""left"""	"""lights,"""	""""""	"""lights,star,"""	"""left"""	"""lights,"""	"0"	"-1"	"0"	"1"	"1"	"0"	"0"	"""2"""	"""1"""	"-1"	"""TRUE"""	"""target"""	"""TRUE"""	"-1"	"-1"	"-1"	"-1"	"-1"	"-1"	"""Christmas trees and Bob's ability to trim them"""	"""nope"""	"""30"""	"""M"""	"1"	"0"	"2"	"1"	"0"	"""3"""	"3"	"""right"""	"""logical"""	"-1"
"What is he talking about? (1-2 mins)"	"Short and fun! A 1-2 minute word game about what someone is talking about."	"experiment, psychology, game"	"$0.20"	"Mon Feb 23 12:05:59 PST 2015"	"200"	"0"	"0"	"200"	"Reviewable"	"NotReviewed"	"1 scales"	"600"	"60000"	"Mon Mar 02 12:05:59 PST 2015"	"S04461"	"Approved"	""	"""boat"""	"""motor"""	"""right"""	""""""	"""cabin,motor,"""	"""motor,"""	"""middle"""	"""cabin,motor,"""	"0"	"-1"	"0"	"1"	"1"	"0"	"0"	"""2"""	"""1"""	"-1"	"""TRUE"""	"""logical"""	"""FALSE"""	"-1"	"-1"	"-1"	"-1"	"-1"	"-1"	"""How we communicate with limited words."""	"""No further comments."""	"""55"""	"""M"""	"1"	"0"	"2"	"0"	"1"	"""3"""	"0"	"""none"""	"""none"""	"-1"
"What is he talking about? (1-2 mins)"	"Short and fun! A 1-2 minute word game about what someone is talking about."	"experiment, psychology, game"	"$0.20"	"Mon Feb 23 12:05:59 PST 2015"	"200"	"0"	"0"	"200"	"Reviewable"	"NotReviewed"	"1 scales"	"600"	"60000"	"Mon Mar 02 12:05:59 PST 2015"	"S51646"	"Approved"	""	"""snowman"""	"""mittens"""	"""right"""	""""""	"""hat,mittens,"""	"""mittens,"""	"""right"""	"""mittens,"""	"0"	"-1"	"0"	"1"	"1"	"0"	"0"	"""2"""	"""1"""	"-1"	"""TRUE"""	"""target"""	"""TRUE"""	"-1"	"-1"	"-1"	"-1"	"-1"	"-1"	"""bob and snowmen"""	"""no"""	"""24"""	"""m"""	"1"	"0"	"0"	"2"	"1"	"""3"""	"0"	"""none"""	"""none"""	"-1"
"What is he talking about? (1-2 mins)"	"Short and fun! A 1-2 minute word game about what someone is talking about."	"experiment, psychology, game"	"$0.20"	"Mon Feb 23 12:05:59 PST 2015"	"200"	"0"	"0"	"200"	"Reviewable"	"NotReviewed"	"1 scales"	"600"	"60000"	"Mon Mar 02 12:05:59 PST 2015"	"S14580"	"Approved"	""	"""sundae"""	"""whipped cream"""	"""left"""	"""whipped cream,"""	"""whipped cream,chocolate,"""	""""""	"""middle"""	"""whipped cream,chocolate,"""	"0"	"-1"	"0"	"1"	"1"	"0"	"0"	"""2"""	"""1"""	"-1"	"""TRUE"""	"""logical"""	"""FALSE"""	"-1"	"-1"	"-1"	"-1"	"-1"	"-1"	"""ice cream choice"""	"""none"""	"""31"""	"""m"""	"1"	"0"	"2"	"1"	"0"	"""3"""	"3"	"""middle"""	"""logical"""	"-1"
"What is he talking about? (1-2 mins)"	"Short and fun! A 1-2 minute word game about what someone is talking about."	"experiment, psychology, game"	"$0.20"	"Mon Feb 23 12:05:59 PST 2015"	"200"	"0"	"0"	"200"	"Reviewable"	"NotReviewed"	"1 scales"	"600"	"60000"	"Mon Mar 02 12:05:59 PST 2015"	"S93560"	"Approved"	""	"""snowman"""	"""mittens"""	"""right"""	""""""	"""scarf,mittens,"""	"""mittens,"""	"""middle"""	"""scarf,mittens,"""	"0"	"-1"	"0"	"1"	"1"	"0"	"0"	"""2"""	"""1"""	"-1"	"""TRUE"""	"""logical"""	"""FALSE"""	"-1"	"-1"	"-1"	"-1"	"-1"	"-1"	"""I think it was about how people infer or make decisions based on visual cues."""	"""Not at this time."""	"""30"""	"""F"""	"1"	"0"	"1"	"0"	"2"	"""3"""	"2"	"""right"""	"""target"""	"-1"
"What is he talking about? (1-2 mins)"	"Short and fun! A 1-2 minute word game about what someone is talking about."	"experiment, psychology, game"	"$0.20"	"Mon Feb 23 12:05:59 PST 2015"	"200"	"0"	"0"	"200"	"Reviewable"	"NotReviewed"	"1 scales"	"600"	"60000"	"Mon Mar 02 12:05:59 PST 2015"	"S79281"	"Approved"	""	"""friend"""	"""glasses"""	"""left"""	"""glasses,"""	""""""	"""hat,glasses,"""	"""left"""	"""glasses,"""	"0"	"-1"	"0"	"1"	"1"	"0"	"0"	"""2"""	"""1"""	"-1"	"""TRUE"""	"""target"""	"""TRUE"""	"-1"	"-1"	"-1"	"-1"	"-1"	"-1"	"""How we perceive descriptions of people."""	"""no"""	"""26"""	"""male"""	"1"	"0"	"2"	"1"	"0"	"""3"""	"2"	"""left"""	"""target"""	"-1"
"What is he talking about? (1-2 mins)"	"Short and fun! A 1-2 minute word game about what someone is talking about."	"experiment, psychology, game"	"$0.20"	"Mon Feb 23 12:05:59 PST 2015"	"200"	"0"	"0"	"200"	"Reviewable"	"NotReviewed"	"1 scales"	"600"	"60000"	"Mon Mar 02 12:05:59 PST 2015"	"S05332"	"Approved"	""	"""Christmas tree"""	"""ornaments"""	"""left"""	"""ornaments,"""	""""""	"""ornaments,star,"""	"""left"""	"""ornaments,"""	"0"	"-1"	"0"	"1"	"1"	"0"	"0"	"""2"""	"""1"""	"-1"	"""FALSE"""	"""target"""	"""TRUE"""	"-1"	"-1"	"-1"	"-1"	"-1"	"-1"	"""Making judgments based on little given information."""	""""""	"""28"""	"""f"""	"1"	"0"	"0"	"2"	"1"	"""3"""	"0"	"""none"""	"""none"""	"-1"
"What is he talking about? (1-2 mins)"	"Short and fun! A 1-2 minute word game about what someone is talking about."	"experiment, psychology, game"	"$0.20"	"Mon Feb 23 12:05:59 PST 2015"	"200"	"0"	"0"	"200"	"Reviewable"	"NotReviewed"	"1 scales"	"600"	"60000"	"Mon Mar 02 12:05:59 PST 2015"	"S67831"	"Approved"	""	"""sundae"""	"""chocolate"""	"""right"""	""""""	"""whipped cream,chocolate,"""	"""chocolate,"""	"""middle"""	"""whipped cream,chocolate,"""	"0"	"-1"	"0"	"1"	"1"	"0"	"0"	"""2"""	"""1"""	"-1"	"""TRUE"""	"""logical"""	"""FALSE"""	"-1"	"-1"	"-1"	"-1"	"-1"	"-1"	"""chocolate"""	""""""	"""21"""	"""M"""	"1"	"0"	"0"	"2"	"1"	"""3"""	"3"	"""middle"""	"""logical"""	"-1"
"What is he talking about? (1-2 mins)"	"Short and fun! A 1-2 minute word game about what someone is talking about."	"experiment, psychology, game"	"$0.20"	"Mon Feb 23 12:05:59 PST 2015"	"200"	"0"	"0"	"200"	"Reviewable"	"NotReviewed"	"1 scales"	"600"	"60000"	"Mon Mar 02 12:05:59 PST 2015"	"S31842"	"Approved"	""	"""friend"""	"""hat"""	"""left"""	"""hat,"""	"""hat,mustache,"""	""""""	"""left"""	"""hat,"""	"0"	"-1"	"0"	"1"	"1"	"0"	"0"	"""2"""	"""1"""	"-1"	"""TRUE"""	"""target"""	"""TRUE"""	"-1"	"-1"	"-1"	"-1"	"-1"	"-1"	"""Bob's friends"""	"""This was fun"""	"""27"""	"""m"""	"1"	"0"	"2"	"0"	"1"	"""3"""	"1"	"""right"""	"""foil"""	"-1"
"What is he talking about? (1-2 mins)"	"Short and fun! A 1-2 minute word game about what someone is talking about."	"experiment, psychology, game"	"$0.20"	"Mon Feb 23 12:05:59 PST 2015"	"200"	"0"	"0"	"200"	"Reviewable"	"NotReviewed"	"1 scales"	"600"	"60000"	"Mon Mar 02 12:05:59 PST 2015"	"S40067"	"Approved"	""	"""boat"""	"""cabin"""	"""middle"""	"""cabin,motor,"""	"""cabin,"""	""""""	"""left"""	"""cabin,motor,"""	"0"	"-1"	"0"	"1"	"1"	"0"	"0"	"""2"""	"""1"""	"-1"	"""FALSE"""	"""logical"""	"""FALSE"""	"-1"	"-1"	"-1"	"-1"	"-1"	"-1"	"""Boats!"""	""""""	"""27"""	"""m"""	"1"	"0"	"0"	"2"	"1"	"""3"""	"1"	"""right"""	"""foil"""	"-1"
"What is he talking about? (1-2 mins)"	"Short and fun! A 1-2 minute word game about what someone is talking about."	"experiment, psychology, game"	"$0.20"	"Mon Feb 23 12:05:59 PST 2015"	"200"	"0"	"0"	"200"	"Reviewable"	"NotReviewed"	"1 scales"	"600"	"60000"	"Mon Mar 02 12:05:59 PST 2015"	"S51921"	"Approved"	""	"""snowman"""	"""scarf"""	"""right"""	""""""	"""scarf,mittens,"""	"""scarf,"""	"""right"""	"""scarf,"""	"0"	"-1"	"0"	"1"	"1"	"0"	"0"	"""2"""	"""1"""	"-1"	"""TRUE"""	"""target"""	"""TRUE"""	"-1"	"-1"	"-1"	"-1"	"-1"	"-1"	"""Bob decorating snowmen"""	"""none"""	"""26"""	"""f"""	"1"	"0"	"1"	"0"	"2"	"""3"""	"2"	"""right"""	"""target"""	"-1"
"What is he talking about? (1-2 mins)"	"Short and fun! A 1-2 minute word game about what someone is talking about."	"experiment, psychology, game"	"$0.20"	"Mon Feb 23 12:05:59 PST 2015"	"200"	"0"	"0"	"200"	"Reviewable"	"NotReviewed"	"1 scales"	"600"	"60000"	"Mon Mar 02 12:05:59 PST 2015"	"S28986"	"Approved"	""	"""friend"""	"""hat"""	"""left"""	"""hat,"""	"""hat,mustache,"""	""""""	"""left"""	"""hat,"""	"0"	"-1"	"0"	"1"	"1"	"0"	"0"	"""2"""	"""1"""	"-1"	"""TRUE"""	"""target"""	"""TRUE"""	"-1"	"-1"	"-1"	"-1"	"-1"	"-1"	"""communication"""	"""Everything was clear."""	"""67"""	"""f"""	"1"	"0"	"0"	"2"	"1"	"""3"""	"2"	"""left"""	"""target"""	"-1"
"What is he talking about? (1-2 mins)"	"Short and fun! A 1-2 minute word game about what someone is talking about."	"experiment, psychology, game"	"$0.20"	"Mon Feb 23 12:05:59 PST 2015"	"200"	"0"	"0"	"200"	"Reviewable"	"NotReviewed"	"1 scales"	"600"	"60000"	"Mon Mar 02 12:05:59 PST 2015"	"S83589"	"Approved"	""	"""snowman"""	"""scarf"""	"""left"""	"""scarf,"""	"""hat,scarf,"""	""""""	"""left"""	"""scarf,"""	"0"	"-1"	"0"	"1"	"1"	"0"	"0"	"""2"""	"""1"""	"-1"	"""TRUE"""	"""target"""	"""TRUE"""	"-1"	"-1"	"-1"	"-1"	"-1"	"-1"	"""i'm not sure"""	""""""	"""37"""	"""f"""	"1"	"0"	"2"	"0"	"1"	"""3"""	"2"	"""left"""	"""target"""	"-1"
"What is he talking about? (1-2 mins)"	"Short and fun! A 1-2 minute word game about what someone is talking about."	"experiment, psychology, game"	"$0.20"	"Mon Feb 23 12:05:59 PST 2015"	"200"	"0"	"0"	"200"	"Reviewable"	"NotReviewed"	"1 scales"	"600"	"60000"	"Mon Mar 02 12:05:59 PST 2015"	"S07098"	"Approved"	""	"""sundae"""	"""cherry"""	"""middle"""	""""""	"""cherry,"""	"""cherry,whipped cream,"""	"""right"""	"""cherry,whipped cream,"""	"0"	"-1"	"0"	"1"	"1"	"0"	"0"	"""2"""	"""1"""	"-1"	"""TRUE"""	"""logical"""	"""FALSE"""	"-1"	"-1"	"-1"	"-1"	"-1"	"-1"	"""Figuring out what a figure is trying to communicate"""	""""""	"""23"""	"""m"""	"1"	"0"	"1"	"2"	"0"	"""3"""	"2"	"""middle"""	"""target"""	"-1"
"What is he talking about? (1-2 mins)"	"Short and fun! A 1-2 minute word game about what someone is talking about."	"experiment, psychology, game"	"$0.20"	"Mon Feb 23 12:05:59 PST 2015"	"200"	"0"	"0"	"200"	"Reviewable"	"NotReviewed"	"1 scales"	"600"	"60000"	"Mon Mar 02 12:05:59 PST 2015"	"S40874"	"Approved"	""	"""Christmas tree"""	"""lights"""	"""left"""	"""lights,"""	""""""	"""lights,ornaments,"""	"""right"""	"""lights,ornaments,"""	"0"	"-1"	"0"	"1"	"1"	"0"	"0"	"""2"""	"""1"""	"-1"	"""TRUE"""	"""logical"""	"""FALSE"""	"-1"	"-1"	"-1"	"-1"	"-1"	"-1"	"""Bobs communication abilities"""	"""thanks"""	"""49"""	"""male"""	"1"	"0"	"2"	"1"	"0"	"""3"""	"3"	"""right"""	"""logical"""	"-1"
"What is he talking about? (1-2 mins)"	"Short and fun! A 1-2 minute word game about what someone is talking about."	"experiment, psychology, game"	"$0.20"	"Mon Feb 23 12:05:59 PST 2015"	"200"	"0"	"0"	"200"	"Reviewable"	"NotReviewed"	"1 scales"	"600"	"60000"	"Mon Mar 02 12:05:59 PST 2015"	"S31802"	"Approved"	""	"""pizza"""	"""olives"""	"""right"""	"""mushrooms,olives,"""	""""""	"""olives,"""	"""right"""	"""olives,"""	"0"	"-1"	"0"	"1"	"1"	"0"	"0"	"""2"""	"""1"""	"-1"	"""TRUE"""	"""target"""	"""TRUE"""	"-1"	"-1"	"-1"	"-1"	"-1"	"-1"	"""Pizza toppings"""	"""Nope. I love pizza"""	"""27"""	"""m"""	"1"	"0"	"2"	"1"	"0"	"""3"""	"1"	"""middle"""	"""foil"""	"-1"
"What is he talking about? (1-2 mins)"	"Short and fun! A 1-2 minute word game about what someone is talking about."	"experiment, psychology, game"	"$0.20"	"Mon Feb 23 12:05:59 PST 2015"	"200"	"0"	"0"	"200"	"Reviewable"	"NotReviewed"	"1 scales"	"600"	"60000"	"Mon Mar 02 12:05:59 PST 2015"	"S99295"	"Approved"	""	"""pizza"""	"""mushrooms"""	"""middle"""	""""""	"""mushrooms,"""	"""mushrooms,peppers,"""	"""middle"""	"""mushrooms,"""	"0"	"-1"	"0"	"1"	"1"	"0"	"0"	"""2"""	"""1"""	"-1"	"""TRUE"""	"""target"""	"""TRUE"""	"-1"	"-1"	"-1"	"-1"	"-1"	"-1"	"""pizza toppings"""	""""""	"""32"""	"""m"""	"1"	"0"	"2"	"0"	"1"	"""3"""	"3"	"""right"""	"""logical"""	"-1"
"What is he talking about? (1-2 mins)"	"Short and fun! A 1-2 minute word game about what someone is talking about."	"experiment, psychology, game"	"$0.20"	"Mon Feb 23 12:05:59 PST 2015"	"200"	"0"	"0"	"200"	"Reviewable"	"NotReviewed"	"1 scales"	"600"	"60000"	"Mon Mar 02 12:05:59 PST 2015"	"S89999"	"Approved"	""	"""snowman"""	"""mittens"""	"""middle"""	"""scarf,mittens,"""	"""mittens,"""	""""""	"""middle"""	"""mittens,"""	"0"	"-1"	"0"	"1"	"1"	"0"	"0"	"""2"""	"""1"""	"-1"	"""FALSE"""	"""target"""	"""TRUE"""	"-1"	"-1"	"-1"	"-1"	"-1"	"-1"	"""Snowmen"""	"""None"""	""""""	""""""	"1"	"0"	"2"	"0"	"1"	"""3"""	"3"	"""left"""	"""logical"""	"-1"
"What is he talking about? (1-2 mins)"	"Short and fun! A 1-2 minute word game about what someone is talking about."	"experiment, psychology, game"	"$0.20"	"Mon Feb 23 12:05:59 PST 2015"	"200"	"0"	"0"	"200"	"Reviewable"	"NotReviewed"	"1 scales"	"600"	"60000"	"Mon Mar 02 12:05:59 PST 2015"	"S49583"	"Approved"	""	"""friend"""	"""glasses"""	"""right"""	"""hat,glasses,"""	""""""	"""glasses,"""	"""right"""	"""glasses,"""	"0"	"-1"	"0"	"1"	"1"	"0"	"0"	"""2"""	"""1"""	"-1"	"""TRUE"""	"""target"""	"""TRUE"""	"-1"	"-1"	"-1"	"-1"	"-1"	"-1"	"""What Bob said"""	"""None"""	"""25"""	"""m"""	"1"	"0"	"1"	"2"	"0"	"""3"""	"1"	"""middle"""	"""foil"""	"-1"
"What is he talking about? (1-2 mins)"	"Short and fun! A 1-2 minute word game about what someone is talking about."	"experiment, psychology, game"	"$0.20"	"Mon Feb 23 12:05:59 PST 2015"	"200"	"0"	"0"	"200"	"Reviewable"	"NotReviewed"	"1 scales"	"600"	"60000"	"Mon Mar 02 12:05:59 PST 2015"	"S72314"	"Approved"	""	"""boat"""	"""motor"""	"""middle"""	"""sail,motor,"""	"""motor,"""	""""""	"""left"""	"""sail,motor,"""	"0"	"-1"	"0"	"1"	"1"	"0"	"0"	"""2"""	"""1"""	"-1"	"""TRUE"""	"""logical"""	"""FALSE"""	"-1"	"-1"	"-1"	"-1"	"-1"	"-1"	"""Picking a boat"""	""""""	""""""	"""m"""	"1"	"0"	"2"	"1"	"0"	"""3"""	"3"	"""left"""	"""logical"""	"-1"
"What is he talking about? (1-2 mins)"	"Short and fun! A 1-2 minute word game about what someone is talking about."	"experiment, psychology, game"	"$0.20"	"Mon Feb 23 12:05:59 PST 2015"	"200"	"0"	"0"	"200"	"Reviewable"	"NotReviewed"	"1 scales"	"600"	"60000"	"Mon Mar 02 12:05:59 PST 2015"	"S83924"	"Approved"	""	"""friend"""	"""glasses"""	"""left"""	"""glasses,"""	""""""	"""hat,glasses,"""	"""left"""	"""glasses,"""	"0"	"-1"	"0"	"1"	"1"	"0"	"0"	"""2"""	"""1"""	"-1"	"""TRUE"""	"""target"""	"""TRUE"""	"-1"	"-1"	"-1"	"-1"	"-1"	"-1"	"""Friend Bob visited"""	""""""	"""48"""	"""m"""	"1"	"0"	"0"	"2"	"1"	"""3"""	"2"	"""left"""	"""target"""	"-1"
"What is he talking about? (1-2 mins)"	"Short and fun! A 1-2 minute word game about what someone is talking about."	"experiment, psychology, game"	"$0.20"	"Mon Feb 23 12:05:59 PST 2015"	"200"	"0"	"0"	"200"	"Reviewable"	"NotReviewed"	"1 scales"	"600"	"60000"	"Mon Mar 02 12:05:59 PST 2015"	"S97412"	"Approved"	""	"""sundae"""	"""whipped cream"""	"""left"""	"""whipped cream,"""	""""""	"""cherry,whipped cream,"""	"""middle"""	""""""	"0"	"-1"	"0"	"1"	"1"	"0"	"0"	"""c"""	"""B"""	"-1"	"""TRUE"""	"""foil"""	"""FALSE"""	"-1"	"-1"	"-1"	"-1"	"-1"	"-1"	"""ice cream"""	"""no"""	"""29"""	"""female"""	"1"	"0"	"2"	"1"	"0"	"""3"""	"2"	"""left"""	"""target"""	"-1"
"What is he talking about? (1-2 mins)"	"Short and fun! A 1-2 minute word game about what someone is talking about."	"experiment, psychology, game"	"$0.20"	"Mon Feb 23 12:05:59 PST 2015"	"200"	"0"	"0"	"200"	"Reviewable"	"NotReviewed"	"1 scales"	"600"	"60000"	"Mon Mar 02 12:05:59 PST 2015"	"S36347"	"Approved"	""	"""boat"""	"""sail"""	"""right"""	"""cabin,sail,"""	""""""	"""sail,"""	"""right"""	"""sail,"""	"0"	"-1"	"0"	"1"	"1"	"0"	"0"	"""2"""	"""1"""	"-1"	"""TRUE"""	"""target"""	"""TRUE"""	"-1"	"-1"	"-1"	"-1"	"-1"	"-1"	"""Inferences on limited information"""	"""no comments"""	"""37"""	"""m"""	"1"	"0"	"2"	"1"	"0"	"""3"""	"2"	"""right"""	"""target"""	"-1"
"What is he talking about? (1-2 mins)"	"Short and fun! A 1-2 minute word game about what someone is talking about."	"experiment, psychology, game"	"$0.20"	"Mon Feb 23 12:05:59 PST 2015"	"200"	"0"	"0"	"200"	"Reviewable"	"NotReviewed"	"1 scales"	"600"	"60000"	"Mon Mar 02 12:05:59 PST 2015"	"S85135"	"Approved"	""	"""pizza"""	"""olives"""	"""middle"""	""""""	"""olives,"""	"""mushrooms,olives,"""	"""right"""	"""mushrooms,olives,"""	"0"	"-1"	"0"	"1"	"1"	"0"	"0"	"""2"""	"""0"""	"-1"	"""TRUE"""	"""logical"""	"""FALSE"""	"-1"	"-1"	"-1"	"-1"	"-1"	"-1"	"""The types of pizzas that Bob eates"""	"""thanks."""	"""40"""	"""m"""	"1"	"0"	"0"	"1"	"2"	"""3"""	"1"	"""left"""	"""foil"""	"-1"
"What is he talking about? (1-2 mins)"	"Short and fun! A 1-2 minute word game about what someone is talking about."	"experiment, psychology, game"	"$0.20"	"Mon Feb 23 12:05:59 PST 2015"	"200"	"0"	"0"	"200"	"Reviewable"	"NotReviewed"	"1 scales"	"600"	"60000"	"Mon Mar 02 12:05:59 PST 2015"	"S67976"	"Approved"	""	"""snowman"""	"""scarf"""	"""right"""	""""""	"""hat,scarf,"""	"""scarf,"""	"""right"""	"""scarf,"""	"0"	"-1"	"0"	"1"	"1"	"0"	"0"	"""2"""	"""1"""	"-1"	"""TRUE"""	"""target"""	"""TRUE"""	"-1"	"-1"	"-1"	"-1"	"-1"	"-1"	"""Snowmen"""	""""""	"""27"""	"""f"""	"1"	"0"	"0"	"2"	"1"	"""3"""	"2"	"""right"""	"""target"""	"-1"
"What is he talking about? (1-2 mins)"	"Short and fun! A 1-2 minute word game about what someone is talking about."	"experiment, psychology, game"	"$0.20"	"Mon Feb 23 12:05:59 PST 2015"	"200"	"0"	"0"	"200"	"Reviewable"	"NotReviewed"	"1 scales"	"600"	"60000"	"Mon Mar 02 12:05:59 PST 2015"	"S87834"	"Approved"	""	"""snowman"""	"""mittens"""	"""middle"""	""""""	"""mittens,"""	"""hat,mittens,"""	"""middle"""	"""mittens,"""	"0"	"-1"	"0"	"1"	"1"	"0"	"0"	"""2"""	"""1"""	"-1"	"""TRUE"""	"""target"""	"""TRUE"""	"-1"	"-1"	"-1"	"-1"	"-1"	"-1"	"""Bob, mittens and his snowmen"""	""""""	""""""	"""m"""	"1"	"0"	"1"	"0"	"2"	"""3"""	"3"	"""right"""	"""logical"""	"-1"
"What is he talking about? (1-2 mins)"	"Short and fun! A 1-2 minute word game about what someone is talking about."	"experiment, psychology, game"	"$0.20"	"Mon Feb 23 12:05:59 PST 2015"	"200"	"0"	"0"	"200"	"Reviewable"	"NotReviewed"	"1 scales"	"600"	"60000"	"Mon Mar 02 12:05:59 PST 2015"	"S46012"	"Approved"	""	"""snowman"""	"""hat"""	"""middle"""	""""""	"""hat,"""	"""hat,scarf,"""	"""middle"""	"""hat,"""	"0"	"-1"	"0"	"1"	"1"	"0"	"0"	"""2"""	"""1"""	"-1"	"""TRUE"""	"""target"""	"""TRUE"""	"-1"	"-1"	"-1"	"-1"	"-1"	"-1"	"""Testing out preceptive"""	"""This was an odd yet entertaining survey"""	"""25"""	"""F"""	"1"	"0"	"1"	"0"	"2"	"""3"""	"1"	"""left"""	"""foil"""	"-1"
"What is he talking about? (1-2 mins)"	"Short and fun! A 1-2 minute word game about what someone is talking about."	"experiment, psychology, game"	"$0.20"	"Mon Feb 23 12:05:59 PST 2015"	"200"	"0"	"0"	"200"	"Reviewable"	"NotReviewed"	"1 scales"	"600"	"60000"	"Mon Mar 02 12:05:59 PST 2015"	"S54843"	"Approved"	""	"""snowman"""	"""mittens"""	"""right"""	""""""	"""hat,mittens,"""	"""mittens,"""	"""right"""	"""mittens,"""	"0"	"-1"	"0"	"1"	"1"	"0"	"0"	"""2"""	"""1"""	"-1"	"""TRUE"""	"""target"""	"""TRUE"""	"-1"	"-1"	"-1"	"-1"	"-1"	"-1"	"""What bob meant"""	""""""	"""28"""	"""f"""	"1"	"0"	"0"	"2"	"1"	"""3"""	"0"	"""none"""	"""none"""	"-1"
"What is he talking about? (1-2 mins)"	"Short and fun! A 1-2 minute word game about what someone is talking about."	"experiment, psychology, game"	"$0.20"	"Mon Feb 23 12:05:59 PST 2015"	"200"	"0"	"0"	"200"	"Reviewable"	"NotReviewed"	"1 scales"	"600"	"60000"	"Mon Mar 02 12:05:59 PST 2015"	"S29245"	"Approved"	""	"""Christmas tree"""	"""ornaments"""	"""left"""	"""ornaments,"""	"""ornaments,star,"""	""""""	"""middle"""	"""ornaments,star,"""	"0"	"-1"	"0"	"1"	"1"	"0"	"0"	"""2"""	"""1"""	"-1"	"""TRUE"""	"""logical"""	"""FALSE"""	"-1"	"-1"	"-1"	"-1"	"-1"	"-1"	"""christmas trees"""	"""no"""	""""""	"""m"""	"1"	"0"	"2"	"1"	"0"	"""3"""	"0"	"""none"""	"""none"""	"-1"
"What is he talking about? (1-2 mins)"	"Short and fun! A 1-2 minute word game about what someone is talking about."	"experiment, psychology, game"	"$0.20"	"Mon Feb 23 12:05:59 PST 2015"	"200"	"0"	"0"	"200"	"Reviewable"	"NotReviewed"	"1 scales"	"600"	"60000"	"Mon Mar 02 12:05:59 PST 2015"	"S54191"	"Approved"	""	"""pizza"""	"""mushrooms"""	"""left"""	"""mushrooms,"""	""""""	"""mushrooms,olives,"""	"""left"""	"""mushrooms,"""	"0"	"-1"	"0"	"1"	"1"	"0"	"0"	"""2"""	"""1"""	"-1"	"""TRUE"""	"""target"""	"""TRUE"""	"-1"	"-1"	"-1"	"-1"	"-1"	"-1"	"""How to interpret what someone wants with one word."""	"""N/A"""	"""21"""	"""F"""	"1"	"0"	"1"	"2"	"0"	"""3"""	"1"	"""middle"""	"""foil"""	"-1"
"What is he talking about? (1-2 mins)"	"Short and fun! A 1-2 minute word game about what someone is talking about."	"experiment, psychology, game"	"$0.20"	"Mon Feb 23 12:05:59 PST 2015"	"200"	"0"	"0"	"200"	"Reviewable"	"NotReviewed"	"1 scales"	"600"	"60000"	"Mon Mar 02 12:05:59 PST 2015"	"S55288"	"Approved"	""	"""Christmas tree"""	"""lights"""	"""right"""	"""lights,star,"""	""""""	"""lights,"""	"""right"""	"""lights,"""	"0"	"-1"	"0"	"1"	"1"	"0"	"0"	"""2"""	"""1"""	"-1"	"""TRUE"""	"""target"""	"""TRUE"""	"-1"	"-1"	"-1"	"-1"	"-1"	"-1"	"""Christmas trees"""	""""""	"""33"""	"""m"""	"1"	"0"	"2"	"1"	"0"	"""3"""	"2"	"""right"""	"""target"""	"-1"
"What is he talking about? (1-2 mins)"	"Short and fun! A 1-2 minute word game about what someone is talking about."	"experiment, psychology, game"	"$0.20"	"Mon Feb 23 12:05:59 PST 2015"	"200"	"0"	"0"	"200"	"Reviewable"	"NotReviewed"	"1 scales"	"600"	"60000"	"Mon Mar 02 12:05:59 PST 2015"	"S49802"	"Approved"	""	"""sundae"""	"""whipped cream"""	"""middle"""	"""cherry,whipped cream,"""	"""whipped cream,"""	""""""	"""middle"""	"""whipped cream,"""	"0"	"-1"	"0"	"1"	"1"	"0"	"0"	"""2"""	"""1"""	"-1"	"""TRUE"""	"""target"""	"""TRUE"""	"-1"	"-1"	"-1"	"-1"	"-1"	"-1"	"""unsure"""	""""""	""""""	"""male"""	"1"	"0"	"0"	"1"	"2"	"""3"""	"1"	"""right"""	"""foil"""	"-1"
"What is he talking about? (1-2 mins)"	"Short and fun! A 1-2 minute word game about what someone is talking about."	"experiment, psychology, game"	"$0.20"	"Mon Feb 23 12:05:59 PST 2015"	"200"	"0"	"0"	"200"	"Reviewable"	"NotReviewed"	"1 scales"	"600"	"60000"	"Mon Mar 02 12:05:59 PST 2015"	"S55675"	"Approved"	""	"""snowman"""	"""scarf"""	"""left"""	"""scarf,"""	"""scarf,mittens,"""	""""""	"""left"""	"""scarf,"""	"0"	"-1"	"0"	"1"	"1"	"0"	"0"	"""2"""	"""1"""	"-1"	"""TRUE"""	"""target"""	"""TRUE"""	"-1"	"-1"	"-1"	"-1"	"-1"	"-1"	"""Understanding communication"""	""""""	"""25"""	"""f"""	"1"	"0"	"2"	"1"	"0"	"""3"""	"2"	"""left"""	"""target"""	"-1"
"What is he talking about? (1-2 mins)"	"Short and fun! A 1-2 minute word game about what someone is talking about."	"experiment, psychology, game"	"$0.20"	"Mon Feb 23 12:05:59 PST 2015"	"200"	"0"	"0"	"200"	"Reviewable"	"NotReviewed"	"1 scales"	"600"	"60000"	"Mon Mar 02 12:05:59 PST 2015"	"S27299"	"Approved"	""	"""Christmas tree"""	"""star"""	"""middle"""	"""lights,star,"""	"""star,"""	""""""	"""middle"""	"""star,"""	"0"	"-1"	"0"	"1"	"1"	"0"	"0"	"""2"""	"""1"""	"-1"	"""TRUE"""	"""target"""	"""TRUE"""	"-1"	"-1"	"-1"	"-1"	"-1"	"-1"	"""what Bob meant when he said Star"""	""""""	""""""	""""""	"1"	"0"	"2"	"1"	"0"	"""3"""	"1"	"""right"""	"""foil"""	"-1"
"What is he talking about? (1-2 mins)"	"Short and fun! A 1-2 minute word game about what someone is talking about."	"experiment, psychology, game"	"$0.20"	"Mon Feb 23 12:05:59 PST 2015"	"200"	"0"	"0"	"200"	"Reviewable"	"NotReviewed"	"1 scales"	"600"	"60000"	"Mon Mar 02 12:05:59 PST 2015"	"S65196"	"Approved"	""	"""sundae"""	"""whipped cream"""	"""left"""	"""whipped cream,"""	""""""	"""cherry,whipped cream,"""	"""left"""	"""whipped cream,"""	"0"	"-1"	"0"	"1"	"1"	"0"	"0"	"""2"""	"""1"""	"-1"	"""TRUE"""	"""target"""	"""TRUE"""	"-1"	"-1"	"-1"	"-1"	"-1"	"-1"	"""Decrypting intended meaning from one-word communication"""	"""N/A"""	"""28"""	"""m"""	"1"	"0"	"0"	"2"	"1"	"""3"""	"2"	"""left"""	"""target"""	"-1"
"What is he talking about? (1-2 mins)"	"Short and fun! A 1-2 minute word game about what someone is talking about."	"experiment, psychology, game"	"$0.20"	"Mon Feb 23 12:05:59 PST 2015"	"200"	"0"	"0"	"200"	"Reviewable"	"NotReviewed"	"1 scales"	"600"	"60000"	"Mon Mar 02 12:05:59 PST 2015"	"S67027"	"Approved"	""	"""friend"""	"""hat"""	"""left"""	"""hat,"""	"""hat,mustache,"""	""""""	"""middle"""	"""hat,mustache,"""	"0"	"-1"	"0"	"1"	"1"	"0"	"0"	"""2"""	"""1"""	"-1"	"""TRUE"""	"""logical"""	"""FALSE"""	"-1"	"-1"	"-1"	"-1"	"-1"	"-1"	"""no idea"""	""""""	"""53"""	"""f"""	"1"	"0"	"0"	"1"	"2"	"""3"""	"0"	"""none"""	"""none"""	"-1"
"What is he talking about? (1-2 mins)"	"Short and fun! A 1-2 minute word game about what someone is talking about."	"experiment, psychology, game"	"$0.20"	"Mon Feb 23 12:05:59 PST 2015"	"200"	"0"	"0"	"200"	"Reviewable"	"NotReviewed"	"1 scales"	"600"	"60000"	"Mon Mar 02 12:05:59 PST 2015"	"S60297"	"Approved"	""	"""snowman"""	"""hat"""	"""middle"""	"""hat,scarf,"""	"""hat,"""	""""""	"""middle"""	"""hat,"""	"0"	"-1"	"0"	"1"	"1"	"0"	"0"	"""2"""	"""1"""	"-1"	"""TRUE"""	"""target"""	"""TRUE"""	"-1"	"-1"	"-1"	"-1"	"-1"	"-1"	"""communication"""	""""""	"""27"""	"""m"""	"1"	"0"	"1"	"2"	"0"	"""3"""	"3"	"""left"""	"""logical"""	"-1"
"What is he talking about? (1-2 mins)"	"Short and fun! A 1-2 minute word game about what someone is talking about."	"experiment, psychology, game"	"$0.20"	"Mon Feb 23 12:05:59 PST 2015"	"200"	"0"	"0"	"200"	"Reviewable"	"NotReviewed"	"1 scales"	"600"	"60000"	"Mon Mar 02 12:05:59 PST 2015"	"S73095"	"Approved"	""	"""snowman"""	"""scarf"""	"""left"""	"""scarf,"""	"""hat,scarf,"""	""""""	"""left"""	"""scarf,"""	"0"	"-1"	"0"	"1"	"1"	"0"	"0"	"""2"""	"""1"""	"-1"	"""TRUE"""	"""target"""	"""TRUE"""	"-1"	"-1"	"-1"	"-1"	"-1"	"-1"	"""Bob's snowmen"""	"""Interesting..."""	"""23"""	"""m"""	"1"	"0"	"0"	"2"	"1"	"""3"""	"0"	"""none"""	"""none"""	"-1"
"What is he talking about? (1-2 mins)"	"Short and fun! A 1-2 minute word game about what someone is talking about."	"experiment, psychology, game"	"$0.20"	"Mon Feb 23 12:05:59 PST 2015"	"200"	"0"	"0"	"200"	"Reviewable"	"NotReviewed"	"1 scales"	"600"	"60000"	"Mon Mar 02 12:05:59 PST 2015"	"S94246"	"Approved"	""	"""friend"""	"""glasses"""	"""left"""	"""glasses,"""	""""""	"""glasses,mustache,"""	"""left"""	"""glasses,"""	"0"	"-1"	"0"	"1"	"1"	"0"	"0"	"""2"""	"""1"""	"-1"	"""TRUE"""	"""target"""	"""TRUE"""	"-1"	"-1"	"-1"	"-1"	"-1"	"-1"	"""picking a face based off the word 'glasses'"""	"""nope"""	"""25"""	"""m"""	"1"	"0"	"2"	"0"	"1"	"""3"""	"1"	"""middle"""	"""foil"""	"-1"
"What is he talking about? (1-2 mins)"	"Short and fun! A 1-2 minute word game about what someone is talking about."	"experiment, psychology, game"	"$0.20"	"Mon Feb 23 12:05:59 PST 2015"	"200"	"0"	"0"	"200"	"Reviewable"	"NotReviewed"	"1 scales"	"600"	"60000"	"Mon Mar 02 12:05:59 PST 2015"	"S97675"	"Approved"	""	"""Christmas tree"""	"""ornaments"""	"""right"""	""""""	"""lights,ornaments,"""	"""ornaments,"""	"""middle"""	"""lights,ornaments,"""	"0"	"-1"	"0"	"1"	"1"	"0"	"0"	"""2"""	"""1"""	"-1"	"""TRUE"""	"""logical"""	"""FALSE"""	"-1"	"-1"	"-1"	"-1"	"-1"	"-1"	"""Bob and his Christmas trees."""	"""nope"""	"""32"""	"""m"""	"1"	"0"	"0"	"1"	"2"	"""3"""	"3"	"""middle"""	"""logical"""	"-1"
"What is he talking about? (1-2 mins)"	"Short and fun! A 1-2 minute word game about what someone is talking about."	"experiment, psychology, game"	"$0.20"	"Mon Feb 23 12:05:59 PST 2015"	"200"	"0"	"0"	"200"	"Reviewable"	"NotReviewed"	"1 scales"	"600"	"60000"	"Mon Mar 02 12:05:59 PST 2015"	"S45588"	"Approved"	""	"""boat"""	"""sail"""	"""middle"""	""""""	"""sail,"""	"""sail,motor,"""	"""middle"""	"""sail,"""	"0"	"-1"	"0"	"1"	"1"	"0"	"0"	"""2"""	"""1"""	"-1"	"""TRUE"""	"""target"""	"""TRUE"""	"-1"	"-1"	"-1"	"-1"	"-1"	"-1"	"""language cognition"""	"""sail?"""	"""22"""	"""m"""	"1"	"0"	"2"	"1"	"0"	"""3"""	"1"	"""left"""	"""foil"""	"-1"
"What is he talking about? (1-2 mins)"	"Short and fun! A 1-2 minute word game about what someone is talking about."	"experiment, psychology, game"	"$0.20"	"Mon Feb 23 12:05:59 PST 2015"	"200"	"0"	"0"	"200"	"Reviewable"	"NotReviewed"	"1 scales"	"600"	"60000"	"Mon Mar 02 12:05:59 PST 2015"	"S95202"	"Approved"	""	"""boat"""	"""motor"""	"""left"""	"""motor,"""	""""""	"""cabin,motor,"""	"""right"""	"""cabin,motor,"""	"0"	"-1"	"0"	"1"	"1"	"0"	"0"	"""2"""	"""1"""	"-1"	"""TRUE"""	"""logical"""	"""FALSE"""	"-1"	"-1"	"-1"	"-1"	"-1"	"-1"	"""boats"""	"""no"""	"""23"""	"""m"""	"1"	"0"	"0"	"1"	"2"	"""3"""	"3"	"""right"""	"""logical"""	"-1"
"What is he talking about? (1-2 mins)"	"Short and fun! A 1-2 minute word game about what someone is talking about."	"experiment, psychology, game"	"$0.20"	"Mon Feb 23 12:05:59 PST 2015"	"200"	"0"	"0"	"200"	"Reviewable"	"NotReviewed"	"1 scales"	"600"	"60000"	"Mon Mar 02 12:05:59 PST 2015"	"S21634"	"Approved"	""	"""friend"""	"""glasses"""	"""left"""	"""glasses,"""	""""""	"""hat,glasses,"""	"""left"""	"""glasses,"""	"0"	"-1"	"0"	"1"	"1"	"0"	"0"	"""2"""	"""1"""	"-1"	"""TRUE"""	"""target"""	"""TRUE"""	"-1"	"-1"	"-1"	"-1"	"-1"	"-1"	"""No idea. """	"""No."""	"""55"""	"""f"""	"1"	"0"	"1"	"0"	"2"	"""3"""	"2"	"""left"""	"""target"""	"-1"
"What is he talking about? (1-2 mins)"	"Short and fun! A 1-2 minute word game about what someone is talking about."	"experiment, psychology, game"	"$0.20"	"Mon Feb 23 12:05:59 PST 2015"	"200"	"0"	"0"	"200"	"Reviewable"	"NotReviewed"	"1 scales"	"600"	"60000"	"Mon Mar 02 12:05:59 PST 2015"	"S11576"	"Approved"	""	"""snowman"""	"""hat"""	"""right"""	""""""	"""hat,scarf,"""	"""hat,"""	"""right"""	"""hat,"""	"0"	"-1"	"0"	"1"	"1"	"0"	"0"	"""2"""	"""1"""	"-1"	"""TRUE"""	"""target"""	"""TRUE"""	"-1"	"-1"	"-1"	"-1"	"-1"	"-1"	"""Bobs referral to a snowman"""	""""""	"""31"""	"""m"""	"1"	"0"	"2"	"0"	"1"	"""3"""	"1"	"""left"""	"""foil"""	"-1"
"What is he talking about? (1-2 mins)"	"Short and fun! A 1-2 minute word game about what someone is talking about."	"experiment, psychology, game"	"$0.20"	"Mon Feb 23 12:05:59 PST 2015"	"200"	"0"	"0"	"200"	"Reviewable"	"NotReviewed"	"1 scales"	"600"	"60000"	"Mon Mar 02 12:05:59 PST 2015"	"S85591"	"Approved"	""	"""snowman"""	"""hat"""	"""left"""	"""hat,"""	""""""	"""hat,scarf,"""	"""left"""	"""hat,"""	"0"	"-1"	"0"	"1"	"1"	"0"	"0"	"""2"""	"""1"""	"-1"	"""TRUE"""	"""target"""	"""TRUE"""	"-1"	"-1"	"-1"	"-1"	"-1"	"-1"	"""Choosing which snowman Bob built based on one word"""	""""""	"""31"""	"""m"""	"1"	"0"	"0"	"1"	"2"	"""3"""	"1"	"""middle"""	"""foil"""	"-1"
"What is he talking about? (1-2 mins)"	"Short and fun! A 1-2 minute word game about what someone is talking about."	"experiment, psychology, game"	"$0.20"	"Mon Feb 23 12:05:59 PST 2015"	"200"	"0"	"0"	"200"	"Reviewable"	"NotReviewed"	"1 scales"	"600"	"60000"	"Mon Mar 02 12:05:59 PST 2015"	"S74682"	"Approved"	""	"""Christmas tree"""	"""ornaments"""	"""right"""	"""lights,ornaments,"""	""""""	"""ornaments,"""	"""right"""	"""ornaments,"""	"0"	"-1"	"0"	"1"	"1"	"0"	"0"	"""2"""	"""1"""	"-1"	"""TRUE"""	"""target"""	"""TRUE"""	"-1"	"-1"	"-1"	"-1"	"-1"	"-1"	"""not too sure"""	"""none"""	""""""	""""""	"1"	"0"	"2"	"1"	"0"	"""3"""	"3"	"""left"""	"""logical"""	"-1"
"What is he talking about? (1-2 mins)"	"Short and fun! A 1-2 minute word game about what someone is talking about."	"experiment, psychology, game"	"$0.20"	"Mon Feb 23 12:05:59 PST 2015"	"200"	"0"	"0"	"200"	"Reviewable"	"NotReviewed"	"1 scales"	"600"	"60000"	"Mon Mar 02 12:05:59 PST 2015"	"S83831"	"Approved"	""	"""Christmas tree"""	"""ornaments"""	"""right"""	""""""	"""ornaments,star,"""	"""ornaments,"""	"""right"""	"""ornaments,"""	"0"	"-1"	"0"	"1"	"1"	"0"	"0"	"""2"""	"""1"""	"-1"	"""TRUE"""	"""target"""	"""TRUE"""	"-1"	"-1"	"-1"	"-1"	"-1"	"-1"	"""If color makes us choose C over B?"""	"""No"""	""""""	"""m"""	"1"	"0"	"1"	"0"	"2"	"""3"""	"2"	"""right"""	"""target"""	"-1"
"What is he talking about? (1-2 mins)"	"Short and fun! A 1-2 minute word game about what someone is talking about."	"experiment, psychology, game"	"$0.20"	"Mon Feb 23 12:05:59 PST 2015"	"200"	"0"	"0"	"200"	"Reviewable"	"NotReviewed"	"1 scales"	"600"	"60000"	"Mon Mar 02 12:05:59 PST 2015"	"S45147"	"Approved"	""	"""friend"""	"""mustache"""	"""right"""	"""hat,mustache,"""	""""""	"""mustache,"""	"""right"""	"""mustache,"""	"0"	"-1"	"0"	"1"	"1"	"0"	"0"	"""2"""	"""1"""	"-1"	"""TRUE"""	"""target"""	"""TRUE"""	"-1"	"-1"	"-1"	"-1"	"-1"	"-1"	"""If a person says which word who is he talking about."""	""""""	"""22"""	"""M"""	"1"	"0"	"0"	"1"	"2"	"""3"""	"2"	"""right"""	"""target"""	"-1"
"What is he talking about? (1-2 mins)"	"Short and fun! A 1-2 minute word game about what someone is talking about."	"experiment, psychology, game"	"$0.20"	"Mon Feb 23 12:05:59 PST 2015"	"200"	"0"	"0"	"200"	"Reviewable"	"NotReviewed"	"1 scales"	"600"	"60000"	"Mon Mar 02 12:05:59 PST 2015"	"S66633"	"Approved"	""	"""snowman"""	"""mittens"""	"""middle"""	""""""	"""mittens,"""	"""hat,mittens,"""	"""middle"""	"""mittens,"""	"0"	"-1"	"0"	"1"	"1"	"0"	"0"	"""2"""	"""1"""	"-1"	"""TRUE"""	"""target"""	"""TRUE"""	"-1"	"-1"	"-1"	"-1"	"-1"	"-1"	"""Snowmen Bob created"""	""""""	"""29"""	"""m"""	"1"	"0"	"0"	"2"	"1"	"""3"""	"0"	"""none"""	"""none"""	"-1"
"What is he talking about? (1-2 mins)"	"Short and fun! A 1-2 minute word game about what someone is talking about."	"experiment, psychology, game"	"$0.20"	"Mon Feb 23 12:05:59 PST 2015"	"200"	"0"	"0"	"200"	"Reviewable"	"NotReviewed"	"1 scales"	"600"	"60000"	"Mon Mar 02 12:05:59 PST 2015"	"S49798"	"Approved"	""	"""boat"""	"""motor"""	"""middle"""	""""""	"""motor,"""	"""sail,motor,"""	"""middle"""	"""motor,"""	"0"	"-1"	"0"	"1"	"1"	"0"	"0"	"""2"""	"""1"""	"-1"	"""TRUE"""	"""target"""	"""TRUE"""	"-1"	"-1"	"-1"	"-1"	"-1"	"-1"	"""How people interpret descriptions when multiple objects might be the object of discussion?"""	""""""	"""32"""	"""m"""	"1"	"0"	"2"	"1"	"0"	"""3"""	"0"	"""none"""	"""none"""	"-1"
"What is he talking about? (1-2 mins)"	"Short and fun! A 1-2 minute word game about what someone is talking about."	"experiment, psychology, game"	"$0.20"	"Mon Feb 23 12:05:59 PST 2015"	"200"	"0"	"0"	"200"	"Reviewable"	"NotReviewed"	"1 scales"	"600"	"60000"	"Mon Mar 02 12:05:59 PST 2015"	"S11865"	"Approved"	""	"""sundae"""	"""cherry"""	"""left"""	"""cherry,"""	"""cherry,chocolate,"""	""""""	"""left"""	"""cherry,"""	"0"	"-1"	"0"	"1"	"1"	"0"	"0"	"""2"""	"""1"""	"-1"	"""TRUE"""	"""target"""	"""TRUE"""	"-1"	"-1"	"-1"	"-1"	"-1"	"-1"	"""Bob and eating sundaes"""	"""none"""	"""26"""	"""m"""	"1"	"0"	"2"	"1"	"0"	"""3"""	"1"	"""right"""	"""foil"""	"-1"
"What is he talking about? (1-2 mins)"	"Short and fun! A 1-2 minute word game about what someone is talking about."	"experiment, psychology, game"	"$0.20"	"Mon Feb 23 12:05:59 PST 2015"	"200"	"0"	"0"	"200"	"Reviewable"	"NotReviewed"	"1 scales"	"600"	"60000"	"Mon Mar 02 12:05:59 PST 2015"	"S64875"	"Approved"	""	"""Christmas tree"""	"""ornaments"""	"""left"""	"""ornaments,"""	"""ornaments,star,"""	""""""	"""middle"""	"""ornaments,star,"""	"0"	"-1"	"0"	"1"	"1"	"0"	"0"	"""2"""	"""1"""	"-1"	"""TRUE"""	"""logical"""	"""FALSE"""	"-1"	"-1"	"-1"	"-1"	"-1"	"-1"	"""trees and ornments"""	""""""	"""32"""	"""m"""	"1"	"0"	"2"	"0"	"1"	"""3"""	"3"	"""middle"""	"""logical"""	"-1"
"What is he talking about? (1-2 mins)"	"Short and fun! A 1-2 minute word game about what someone is talking about."	"experiment, psychology, game"	"$0.20"	"Mon Feb 23 12:05:59 PST 2015"	"200"	"0"	"0"	"200"	"Reviewable"	"NotReviewed"	"1 scales"	"600"	"60000"	"Mon Mar 02 12:05:59 PST 2015"	"S96528"	"Approved"	""	"""boat"""	"""cabin"""	"""left"""	"""cabin,"""	"""cabin,motor,"""	""""""	"""middle"""	"""cabin,motor,"""	"0"	"-1"	"0"	"1"	"1"	"0"	"0"	"""2"""	"""1"""	"-1"	"""TRUE"""	"""logical"""	"""FALSE"""	"-1"	"-1"	"-1"	"-1"	"-1"	"-1"	"""not sure"""	"""no"""	""""""	"""m"""	"1"	"0"	"2"	"1"	"0"	"""3"""	"2"	"""left"""	"""target"""	"-1"
"What is he talking about? (1-2 mins)"	"Short and fun! A 1-2 minute word game about what someone is talking about."	"experiment, psychology, game"	"$0.20"	"Mon Feb 23 12:05:59 PST 2015"	"200"	"0"	"0"	"200"	"Reviewable"	"NotReviewed"	"1 scales"	"600"	"60000"	"Mon Mar 02 12:05:59 PST 2015"	"S57670"	"Approved"	""	"""Christmas tree"""	"""ornaments"""	"""left"""	"""ornaments,"""	"""ornaments,star,"""	""""""	"""left"""	"""ornaments,"""	"0"	"-1"	"0"	"1"	"1"	"0"	"0"	"""2"""	"""1"""	"-1"	"""TRUE"""	"""target"""	"""TRUE"""	"-1"	"-1"	"-1"	"-1"	"-1"	"-1"	"""Language"""	"""Thanks for the survey!"""	"""23"""	"""o"""	"1"	"0"	"1"	"0"	"2"	"""3"""	"0"	"""none"""	"""none"""	"-1"
"What is he talking about? (1-2 mins)"	"Short and fun! A 1-2 minute word game about what someone is talking about."	"experiment, psychology, game"	"$0.20"	"Mon Feb 23 12:05:59 PST 2015"	"200"	"0"	"0"	"200"	"Reviewable"	"NotReviewed"	"1 scales"	"600"	"60000"	"Mon Mar 02 12:05:59 PST 2015"	"S75596"	"Approved"	""	"""boat"""	"""motor"""	"""right"""	""""""	"""sail,motor,"""	"""motor,"""	"""middle"""	"""sail,motor,"""	"0"	"-1"	"0"	"1"	"1"	"0"	"0"	"""2"""	"""1"""	"-1"	"""TRUE"""	"""logical"""	"""FALSE"""	"-1"	"-1"	"-1"	"-1"	"-1"	"-1"	"""Not sure"""	"""No"""	"""35"""	"""f"""	"1"	"0"	"2"	"0"	"1"	"""3"""	"0"	"""none"""	"""none"""	"-1"
"What is he talking about? (1-2 mins)"	"Short and fun! A 1-2 minute word game about what someone is talking about."	"experiment, psychology, game"	"$0.20"	"Mon Feb 23 12:05:59 PST 2015"	"200"	"0"	"0"	"200"	"Reviewable"	"NotReviewed"	"1 scales"	"600"	"60000"	"Mon Mar 02 12:05:59 PST 2015"	"S78533"	"Approved"	""	"""snowman"""	"""hat"""	"""middle"""	""""""	"""hat,"""	"""hat,scarf,"""	"""middle"""	"""hat,"""	"0"	"-1"	"0"	"1"	"1"	"0"	"0"	"""2"""	"""1"""	"-1"	"""TRUE"""	"""target"""	"""TRUE"""	"-1"	"-1"	"-1"	"-1"	"-1"	"-1"	"""language perception"""	"""na"""	"""24"""	"""f"""	"1"	"0"	"1"	"0"	"2"	"""3"""	"3"	"""right"""	"""logical"""	"-1"
"What is he talking about? (1-2 mins)"	"Short and fun! A 1-2 minute word game about what someone is talking about."	"experiment, psychology, game"	"$0.20"	"Mon Feb 23 12:05:59 PST 2015"	"200"	"0"	"0"	"200"	"Reviewable"	"NotReviewed"	"1 scales"	"600"	"60000"	"Mon Mar 02 12:05:59 PST 2015"	"S32716"	"Approved"	""	"""boat"""	"""cabin"""	"""middle"""	"""cabin,sail,"""	"""cabin,"""	""""""	"""middle"""	"""cabin,"""	"0"	"-1"	"0"	"1"	"1"	"0"	"0"	"""2"""	"""1"""	"-1"	"""TRUE"""	"""target"""	"""TRUE"""	"-1"	"-1"	"-1"	"-1"	"-1"	"-1"	"""Inferring what a person is talking about based on pictures."""	""""""	"""27"""	"""m"""	"1"	"0"	"0"	"1"	"2"	"""3"""	"3"	"""left"""	"""logical"""	"-1"
"What is he talking about? (1-2 mins)"	"Short and fun! A 1-2 minute word game about what someone is talking about."	"experiment, psychology, game"	"$0.20"	"Mon Feb 23 12:05:59 PST 2015"	"200"	"0"	"0"	"200"	"Reviewable"	"NotReviewed"	"1 scales"	"600"	"60000"	"Mon Mar 02 12:05:59 PST 2015"	"S42954"	"Approved"	""	"""sundae"""	"""cherry"""	"""left"""	"""cherry,"""	""""""	"""cherry,whipped cream,"""	"""right"""	"""cherry,whipped cream,"""	"0"	"-1"	"0"	"1"	"1"	"0"	"0"	"""2"""	"""1"""	"-1"	"""TRUE"""	"""logical"""	"""FALSE"""	"-1"	"-1"	"-1"	"-1"	"-1"	"-1"	"""I don't know"""	"""No"""	"""29"""	"""m"""	"1"	"0"	"2"	"1"	"0"	"""3"""	"0"	"""none"""	"""none"""	"-1"
"What is he talking about? (1-2 mins)"	"Short and fun! A 1-2 minute word game about what someone is talking about."	"experiment, psychology, game"	"$0.20"	"Mon Feb 23 12:05:59 PST 2015"	"200"	"0"	"0"	"200"	"Reviewable"	"NotReviewed"	"1 scales"	"600"	"60000"	"Mon Mar 02 12:05:59 PST 2015"	"S04834"	"Approved"	""	"""sundae"""	"""whipped cream"""	"""right"""	"""whipped cream,chocolate,"""	""""""	"""whipped cream,"""	"""left"""	"""whipped cream,chocolate,"""	"0"	"-1"	"0"	"1"	"1"	"0"	"0"	"""2"""	"""1"""	"-1"	"""TRUE"""	"""logical"""	"""FALSE"""	"-1"	"-1"	"-1"	"-1"	"-1"	"-1"	"""sundae"""	"""No"""	"""25"""	"""f"""	"1"	"0"	"2"	"0"	"1"	"""3"""	"1"	"""middle"""	"""foil"""	"-1"
"What is he talking about? (1-2 mins)"	"Short and fun! A 1-2 minute word game about what someone is talking about."	"experiment, psychology, game"	"$0.20"	"Mon Feb 23 12:05:59 PST 2015"	"200"	"0"	"0"	"200"	"Reviewable"	"NotReviewed"	"1 scales"	"600"	"60000"	"Mon Mar 02 12:05:59 PST 2015"	"S53954"	"Approved"	""	"""pizza"""	"""peppers"""	"""right"""	""""""	"""mushrooms,peppers,"""	"""peppers,"""	"""right"""	"""peppers,"""	"0"	"-1"	"0"	"1"	"1"	"0"	"0"	"""1"""	"""1"""	"-1"	"""TRUE"""	"""target"""	"""TRUE"""	"-1"	"-1"	"-1"	"-1"	"-1"	"-1"	"""Language"""	""""""	"""30"""	"""M"""	"1"	"0"	"1"	"0"	"2"	"""3"""	"2"	"""right"""	"""target"""	"-1"
"What is he talking about? (1-2 mins)"	"Short and fun! A 1-2 minute word game about what someone is talking about."	"experiment, psychology, game"	"$0.20"	"Mon Feb 23 12:05:59 PST 2015"	"200"	"0"	"0"	"200"	"Reviewable"	"NotReviewed"	"1 scales"	"600"	"60000"	"Mon Mar 02 12:05:59 PST 2015"	"S73814"	"Approved"	""	"""Christmas tree"""	"""ornaments"""	"""right"""	"""ornaments,star,"""	""""""	"""ornaments,"""	"""right"""	"""ornaments,"""	"0"	"-1"	"0"	"1"	"1"	"0"	"0"	"""2"""	"""1"""	"-1"	"""TRUE"""	"""target"""	"""TRUE"""	"-1"	"-1"	"-1"	"-1"	"-1"	"-1"	"""No idea"""	""""""	""""""	""""""	"1"	"0"	"0"	"2"	"1"	"""3"""	"3"	"""left"""	"""logical"""	"-1"
"What is he talking about? (1-2 mins)"	"Short and fun! A 1-2 minute word game about what someone is talking about."	"experiment, psychology, game"	"$0.20"	"Mon Feb 23 12:05:59 PST 2015"	"200"	"0"	"0"	"200"	"Reviewable"	"NotReviewed"	"1 scales"	"600"	"60000"	"Mon Mar 02 12:05:59 PST 2015"	"S36405"	"Approved"	""	"""Christmas tree"""	"""lights"""	"""right"""	""""""	"""lights,ornaments,"""	"""lights,"""	"""middle"""	"""lights,ornaments,"""	"0"	"-1"	"0"	"1"	"1"	"0"	"0"	"""2"""	"""1"""	"-1"	"""TRUE"""	"""logical"""	"""FALSE"""	"-1"	"-1"	"-1"	"-1"	"-1"	"-1"	"""interpreting language"""	"""no"""	"""36"""	"""m"""	"1"	"0"	"0"	"1"	"2"	"""3"""	"1"	"""left"""	"""foil"""	"-1"
"What is he talking about? (1-2 mins)"	"Short and fun! A 1-2 minute word game about what someone is talking about."	"experiment, psychology, game"	"$0.20"	"Mon Feb 23 12:05:59 PST 2015"	"200"	"0"	"0"	"200"	"Reviewable"	"NotReviewed"	"1 scales"	"600"	"60000"	"Mon Mar 02 12:05:59 PST 2015"	"S99074"	"Approved"	""	"""snowman"""	"""scarf"""	"""middle"""	"""hat,scarf,"""	"""scarf,"""	""""""	"""middle"""	"""scarf,"""	"0"	"-1"	"0"	"1"	"1"	"0"	"0"	"""2"""	"""1"""	"-1"	"""TRUE"""	"""target"""	"""TRUE"""	"-1"	"-1"	"-1"	"-1"	"-1"	"-1"	"""snowmen"""	"""nope"""	"""33"""	"""m"""	"1"	"0"	"2"	"0"	"1"	"""3"""	"3"	"""left"""	"""logical"""	"-1"
"What is he talking about? (1-2 mins)"	"Short and fun! A 1-2 minute word game about what someone is talking about."	"experiment, psychology, game"	"$0.20"	"Mon Feb 23 12:05:59 PST 2015"	"200"	"0"	"0"	"200"	"Reviewable"	"NotReviewed"	"1 scales"	"600"	"60000"	"Mon Mar 02 12:05:59 PST 2015"	"S60147"	"Approved"	""	"""pizza"""	"""olives"""	"""right"""	"""mushrooms,olives,"""	""""""	"""olives,"""	"""right"""	"""olives,"""	"0"	"-1"	"0"	"1"	"1"	"0"	"0"	"""2"""	"""1"""	"-1"	"""FALSE"""	"""target"""	"""TRUE"""	"-1"	"-1"	"-1"	"-1"	"-1"	"-1"	"""pizza"""	"""no """	"""35"""	"""m"""	"1"	"0"	"0"	"1"	"2"	"""3"""	"3"	"""left"""	"""logical"""	"-1"
"What is he talking about? (1-2 mins)"	"Short and fun! A 1-2 minute word game about what someone is talking about."	"experiment, psychology, game"	"$0.20"	"Mon Feb 23 12:05:59 PST 2015"	"200"	"0"	"0"	"200"	"Reviewable"	"NotReviewed"	"1 scales"	"600"	"60000"	"Mon Mar 02 12:05:59 PST 2015"	"S23305"	"Approved"	""	"""friend"""	"""hat"""	"""right"""	"""hat,mustache,"""	""""""	"""hat,"""	"""right"""	"""hat,"""	"0"	"-1"	"0"	"1"	"1"	"0"	"0"	"""2"""	"""1"""	"-1"	"""TRUE"""	"""target"""	"""TRUE"""	"-1"	"-1"	"-1"	"-1"	"-1"	"-1"	"""How people would refer to people with one word"""	"""no"""	"""27"""	"""m"""	"1"	"0"	"0"	"2"	"1"	"""3"""	"1"	"""middle"""	"""foil"""	"-1"
"What is he talking about? (1-2 mins)"	"Short and fun! A 1-2 minute word game about what someone is talking about."	"experiment, psychology, game"	"$0.20"	"Mon Feb 23 12:05:59 PST 2015"	"200"	"0"	"0"	"200"	"Reviewable"	"NotReviewed"	"1 scales"	"600"	"60000"	"Mon Mar 02 12:05:59 PST 2015"	"S65219"	"Approved"	""	"""sundae"""	"""cherry"""	"""right"""	"""cherry,whipped cream,"""	""""""	"""cherry,"""	"""right"""	"""cherry,"""	"0"	"-1"	"0"	"1"	"1"	"0"	"0"	"""2"""	"""1"""	"-1"	"""TRUE"""	"""target"""	"""TRUE"""	"-1"	"-1"	"-1"	"-1"	"-1"	"-1"	"""Communication"""	"""Fun. Now I want a sundae! :D"""	"""24"""	"""m"""	"1"	"0"	"2"	"0"	"1"	"""3"""	"1"	"""middle"""	"""foil"""	"-1"
"What is he talking about? (1-2 mins)"	"Short and fun! A 1-2 minute word game about what someone is talking about."	"experiment, psychology, game"	"$0.20"	"Mon Feb 23 12:05:59 PST 2015"	"200"	"0"	"0"	"200"	"Reviewable"	"NotReviewed"	"1 scales"	"600"	"60000"	"Mon Mar 02 12:05:59 PST 2015"	"S97469"	"Approved"	""	"""friend"""	"""glasses"""	"""middle"""	"""hat,glasses,"""	"""glasses,"""	""""""	"""middle"""	"""glasses,"""	"0"	"-1"	"0"	"1"	"1"	"0"	"0"	"""2"""	"""1"""	"-1"	"""TRUE"""	"""target"""	"""TRUE"""	"-1"	"-1"	"-1"	"-1"	"-1"	"-1"	"""The survey was about Bob, and how he likes to visit friends. He chooses a friend to visit on a Sunday. I saw pictures of 3 of his friends and had to figure out which one Bob is talking about. But Bob can only say one word to me, and I had to guess which friend he meant by the word he said: \""glasses.\"" """	"""I enjoyed your survey and hope that my answers are beneficial to you! Thank you."""	"""28"""	"""f"""	"1"	"0"	"2"	"0"	"1"	"""3"""	"2"	"""middle"""	"""target"""	"-1"
"What is he talking about? (1-2 mins)"	"Short and fun! A 1-2 minute word game about what someone is talking about."	"experiment, psychology, game"	"$0.20"	"Mon Feb 23 12:05:59 PST 2015"	"200"	"0"	"0"	"200"	"Reviewable"	"NotReviewed"	"1 scales"	"600"	"60000"	"Mon Mar 02 12:05:59 PST 2015"	"S47264"	"Approved"	""	"""snowman"""	"""hat"""	"""right"""	"""hat,scarf,"""	""""""	"""hat,"""	"""right"""	"""hat,"""	"0"	"-1"	"0"	"1"	"1"	"0"	"0"	"""2"""	"""1"""	"-1"	"""TRUE"""	"""target"""	"""TRUE"""	"-1"	"-1"	"-1"	"-1"	"-1"	"-1"	"""bob makes snowmen"""	"""enjoyed the survey"""	"""26"""	"""m"""	"1"	"0"	"2"	"1"	"0"	"""3"""	"1"	"""middle"""	"""foil"""	"-1"
"What is he talking about? (1-2 mins)"	"Short and fun! A 1-2 minute word game about what someone is talking about."	"experiment, psychology, game"	"$0.20"	"Mon Feb 23 12:05:59 PST 2015"	"200"	"0"	"0"	"200"	"Reviewable"	"NotReviewed"	"1 scales"	"600"	"60000"	"Mon Mar 02 12:05:59 PST 2015"	"S41124"	"Approved"	""	"""snowman"""	"""mittens"""	"""middle"""	"""scarf,mittens,"""	"""mittens,"""	""""""	"""right"""	""""""	"0"	"-1"	"0"	"1"	"1"	"0"	"0"	"""2"""	"""1"""	"-1"	"""TRUE"""	"""foil"""	"""FALSE"""	"-1"	"-1"	"-1"	"-1"	"-1"	"-1"	"""understanding what bob by what he said"""	""""""	"""55"""	"""m"""	"1"	"0"	"0"	"1"	"2"	"""3"""	"1"	"""right"""	"""foil"""	"-1"
"What is he talking about? (1-2 mins)"	"Short and fun! A 1-2 minute word game about what someone is talking about."	"experiment, psychology, game"	"$0.20"	"Mon Feb 23 12:05:59 PST 2015"	"200"	"0"	"0"	"200"	"Reviewable"	"NotReviewed"	"1 scales"	"600"	"60000"	"Mon Mar 02 12:05:59 PST 2015"	"S83713"	"Approved"	""	"""boat"""	"""sail"""	"""middle"""	"""sail,motor,"""	"""sail,"""	""""""	"""middle"""	"""sail,"""	"0"	"-1"	"0"	"1"	"1"	"0"	"0"	"""2"""	"""1"""	"-1"	"""TRUE"""	"""target"""	"""TRUE"""	"-1"	"-1"	"-1"	"-1"	"-1"	"-1"	"""I have no idea."""	""""""	"""42"""	"""male"""	"1"	"0"	"2"	"1"	"0"	"""3"""	"3"	"""left"""	"""logical"""	"-1"
"What is he talking about? (1-2 mins)"	"Short and fun! A 1-2 minute word game about what someone is talking about."	"experiment, psychology, game"	"$0.20"	"Mon Feb 23 12:05:59 PST 2015"	"200"	"0"	"0"	"200"	"Reviewable"	"NotReviewed"	"1 scales"	"600"	"60000"	"Mon Mar 02 12:05:59 PST 2015"	"S94581"	"Approved"	""	"""Christmas tree"""	"""lights"""	"""middle"""	"""lights,ornaments,"""	"""lights,"""	""""""	"""middle"""	"""lights,"""	"0"	"-1"	"0"	"1"	"1"	"0"	"0"	"""2"""	"""1"""	"-1"	"""TRUE"""	"""target"""	"""TRUE"""	"-1"	"-1"	"-1"	"-1"	"-1"	"-1"	"""What he's talking about?"""	"""No."""	"""23"""	"""f"""	"1"	"0"	"0"	"1"	"2"	"""3"""	"3"	"""left"""	"""logical"""	"-1"
"What is he talking about? (1-2 mins)"	"Short and fun! A 1-2 minute word game about what someone is talking about."	"experiment, psychology, game"	"$0.20"	"Mon Feb 23 12:05:59 PST 2015"	"200"	"0"	"0"	"200"	"Reviewable"	"NotReviewed"	"1 scales"	"600"	"60000"	"Mon Mar 02 12:05:59 PST 2015"	"S67173"	"Approved"	""	"""snowman"""	"""scarf"""	"""middle"""	""""""	"""scarf,"""	"""scarf,mittens,"""	"""right"""	"""scarf,mittens,"""	"0"	"-1"	"0"	"1"	"1"	"0"	"0"	"""2"""	"""1"""	"-1"	"""TRUE"""	"""logical"""	"""FALSE"""	"-1"	"-1"	"-1"	"-1"	"-1"	"-1"	"""how bob decorated a snowman"""	"""no"""	"""42"""	"""f"""	"1"	"0"	"1"	"2"	"0"	"""3"""	"3"	"""right"""	"""logical"""	"-1"
