"title"	"description"	"keywords"	"reward"	"creationtime"	"assignments"	"numavailable"	"numpending"	"numcomplete"	"hitstatus"	"reviewstatus"	"annotation"	"assignmentduration"	"autoapprovaldelay"	"hitlifetime"	"workerid"	"assignmentstatus"	"deadline"	"Answer.item"	"Answer.target_property"	"Answer.distractor_property"	"Answer.target_position"	"Answer.distractor_position"	"Answer.target_frequency"	"Answer.familiarization_cond"	"Answer.level"	"Answer.participant_response_type_condition"	"Answer.participant_feature_count_condition"	"Answer.linguistic_framing_condition"	"Answer.target_filler_sequence_condition"	"Answer.question_type_condition"	"Answer.manip_check_target"	"Answer.manip_check_dist"	"Answer.manip_check_foil"	"Answer.name_check_correct"	"Answer.choice"	"Answer.choice_correct"	"Answer.money_allocated_to_foil"	"Answer.money_allocated_to_target"	"Answer.money_allocated_to_logical"	"Answer.Likert_value_foil"	"Answer.Likert_value_target"	"Answer.Likert_value_logical"	"Answer.about"	"Answer.comment"	"Answer.age"	"Answer.gender"	"Answer.matrix_number"	"Answer.familiarization_present_in_study"	"Answer.top_question_order"	"Answer.middle_question_order"	"Answer.bottom_question_order"	"Answer.image_version"	"Answer.hand_position"	"Answer.object_1_items"	"Answer.object_2_items"	"Answer.object_3_items"	"Answer.object_4_items"	"Answer.position_chosen"	"Answer.items_chosen"
"What is he talking about? (1-2 mins)"	"Short and fun! A 1-2 minute word game about what someone is talking about."	"experiment, psychology, game"	"$0.25"	"Fri Apr 03 03:04:47 EDT 2015"	"450"	"0"	"0"	"450"	"Reviewable"	"NotReviewed"	"1 scales"	"600"	"60000"	"Fri Apr 10 03:04:47 EDT 2015"	"S67359"	"Approved"	""	"""friend"""	"""glasses"""	"[""hat"",null]"	"[""left""]"	"[""middle2"",""right""]"	"0"	"-1"	"1"	"0"	"0"	"11"	"0"	"0"	"-1"	"-1"	"-1"	"""TRUE"""	"""distractor1"""	"""FALSE"""	"-1"	"-1"	"-1"	"-1"	"-1"	"-1"	"""Bob's friend choice"""	"""No"""	"""45"""	"""f"""	"2"	"0"	"2"	"1"	"0"	"""5"""	"-1"	""""""	"""hat,glasses,"""	""""""	"""glasses,"""	"""2"""	""""""
"What is he talking about? (1-2 mins)"	"Short and fun! A 1-2 minute word game about what someone is talking about."	"experiment, psychology, game"	"$0.25"	"Fri Apr 03 03:04:47 EDT 2015"	"450"	"0"	"0"	"450"	"Reviewable"	"NotReviewed"	"1 scales"	"600"	"60000"	"Fri Apr 10 03:04:47 EDT 2015"	"S41583"	"Approved"	""	"""pizza"""	"""olives"""	"[""mushrooms"",null,null]"	"[""left""]"	"[""middle2"",""right""]"	"0"	"-1"	"1"	"0"	"0"	"11"	"0"	"0"	"-1"	"-1"	"-1"	"""TRUE"""	"""distractor3"""	"""FALSE"""	"-1"	"-1"	"-1"	"-1"	"-1"	"-1"	"""I have no idea"""	""""""	"""39"""	"""m"""	"2"	"0"	"1"	"0"	"2"	"""5"""	"-1"	""""""	"""mushrooms,olives,"""	""""""	"""olives,"""	"""1"""	"""mushrooms,olives,"""
"What is he talking about? (1-2 mins)"	"Short and fun! A 1-2 minute word game about what someone is talking about."	"experiment, psychology, game"	"$0.25"	"Fri Apr 03 03:04:47 EDT 2015"	"450"	"0"	"0"	"450"	"Reviewable"	"NotReviewed"	"1 scales"	"600"	"60000"	"Fri Apr 10 03:04:47 EDT 2015"	"S97889"	"Approved"	""	"""snowman"""	"""scarf"""	"[""hat"",""mittens""]"	"[""right""]"	"[""middle1"",""left""]"	"0"	"-1"	"2"	"0"	"0"	"11"	"0"	"0"	"-1"	"-1"	"-1"	"""TRUE"""	"""distractor1"""	"""FALSE"""	"-1"	"-1"	"-1"	"-1"	"-1"	"-1"	"""snowmen and language"""	"""no"""	""""""	""""""	"4"	"0"	"0"	"1"	"2"	"""5"""	"-1"	"""hat,scarf,mittens,"""	"""scarf,mittens,"""	"""scarf,"""	""""""	"""1"""	"""scarf,mittens,"""
"What is he talking about? (1-2 mins)"	"Short and fun! A 1-2 minute word game about what someone is talking about."	"experiment, psychology, game"	"$0.25"	"Fri Apr 03 03:04:47 EDT 2015"	"450"	"0"	"0"	"450"	"Reviewable"	"NotReviewed"	"1 scales"	"600"	"60000"	"Fri Apr 10 03:04:47 EDT 2015"	"S95159"	"Approved"	""	"""pizza"""	"""sausage"""	"[""peppers"",""olives""]"	"[""right""]"	"[""left"",""middle1"",null]"	"0"	"-1"	"1"	"0"	"0"	"11"	"0"	"0"	"-1"	"-1"	"-1"	"""TRUE"""	"""target"""	"""TRUE"""	"-1"	"-1"	"-1"	"-1"	"-1"	"-1"	"""christmas pizzas!"""	"""language be like . . . sheesh."""	"""27"""	"""f"""	"7"	"0"	"2"	"0"	"1"	"""5"""	"-1"	"""mushrooms,olives,"""	"""mushrooms,olives,sausage,"""	"""mushrooms,olives,peppers,sausage,"""	""""""	"""2"""	"""mushrooms,olives,peppers,sausage,"""
"What is he talking about? (1-2 mins)"	"Short and fun! A 1-2 minute word game about what someone is talking about."	"experiment, psychology, game"	"$0.25"	"Fri Apr 03 03:04:47 EDT 2015"	"450"	"0"	"0"	"450"	"Reviewable"	"NotReviewed"	"1 scales"	"600"	"60000"	"Fri Apr 10 03:04:47 EDT 2015"	"S71481"	"Approved"	""	"""snowman"""	"""scarf"""	"[""hat"",null,null]"	"[""right""]"	"[""left"",""middle1"",null]"	"0"	"-1"	"1"	"0"	"0"	"11"	"0"	"0"	"-1"	"-1"	"-1"	"""TRUE"""	"""target"""	"""TRUE"""	"-1"	"-1"	"-1"	"-1"	"-1"	"-1"	"""To see how people react to words and pictures."""	"""I love your surveys."""	"""28"""	"""m"""	"1"	"0"	"2"	"0"	"1"	"""5"""	"-1"	""""""	"""scarf,"""	"""hat,scarf,"""	""""""	"""2"""	"""hat,scarf,"""
"What is he talking about? (1-2 mins)"	"Short and fun! A 1-2 minute word game about what someone is talking about."	"experiment, psychology, game"	"$0.25"	"Fri Apr 03 03:04:47 EDT 2015"	"450"	"0"	"0"	"450"	"Reviewable"	"NotReviewed"	"1 scales"	"600"	"60000"	"Fri Apr 10 03:04:47 EDT 2015"	"S49583"	"Approved"	""	"""Christmas tree"""	"undefined"	"[""ornaments"",""lights"",null]"	"[""right"",""left""]"	"[""middle1"",""middle2""]"	"0"	"-1"	"2"	"0"	"0"	"11"	"0"	"0"	"-1"	"-1"	"-1"	"""TRUE"""	"""distractor2"""	"""FALSE"""	"-1"	"-1"	"-1"	"-1"	"-1"	"-1"	"""picking a christmas tree"""	"""None"""	"""25"""	"""m"""	"2"	"0"	"1"	"0"	"2"	"""5"""	"-1"	""""""	"""lights,"""	"""lights,ornaments,"""	""""""	"""2"""	"""lights,ornaments,"""
"What is he talking about? (1-2 mins)"	"Short and fun! A 1-2 minute word game about what someone is talking about."	"experiment, psychology, game"	"$0.25"	"Fri Apr 03 03:04:47 EDT 2015"	"450"	"0"	"0"	"450"	"Reviewable"	"NotReviewed"	"1 scales"	"600"	"60000"	"Fri Apr 10 03:04:47 EDT 2015"	"S91330"	"Approved"	""	"""snowman"""	"""hat"""	"[""mittens"",""scarf"",null]"	"[""middle1"",""left""]"	"[""right"",null]"	"0"	"-1"	"2"	"0"	"0"	"11"	"0"	"0"	"-1"	"-1"	"-1"	"""TRUE"""	"""distractor1"""	"""FALSE"""	"-1"	"-1"	"-1"	"-1"	"-1"	"-1"	"""Observations"""	"""Poor Bob"""	"""33"""	"""f"""	"4"	"0"	"1"	"2"	"0"	"""5"""	"-1"	"""hat,scarf,"""	"""hat,"""	"""hat,scarf,mittens,"""	""""""	"""2"""	"""hat,scarf,mittens,"""
"What is he talking about? (1-2 mins)"	"Short and fun! A 1-2 minute word game about what someone is talking about."	"experiment, psychology, game"	"$0.25"	"Fri Apr 03 03:04:47 EDT 2015"	"450"	"0"	"0"	"450"	"Reviewable"	"NotReviewed"	"1 scales"	"600"	"60000"	"Fri Apr 10 03:04:47 EDT 2015"	"S05046"	"Approved"	""	"""pizza"""	"""peppers"""	"[""sausage"",""mushrooms""]"	"[""right""]"	"[""left"",""middle2""]"	"0"	"-1"	"1"	"0"	"0"	"11"	"0"	"0"	"-1"	"-1"	"-1"	"""TRUE"""	"""distractor2"""	"""FALSE"""	"-1"	"-1"	"-1"	"-1"	"-1"	"-1"	"""what pizza bob is talking about """	"""no"""	"""21"""	"""f"""	"8"	"0"	"2"	"0"	"1"	"""5"""	"-1"	"""mushrooms,olives,"""	"""mushrooms,olives,peppers,sausage,"""	"""mushrooms,olives,peppers,"""	"""mushrooms,olives,"""	"""2"""	"""mushrooms,olives,peppers,"""
"What is he talking about? (1-2 mins)"	"Short and fun! A 1-2 minute word game about what someone is talking about."	"experiment, psychology, game"	"$0.25"	"Fri Apr 03 03:04:47 EDT 2015"	"450"	"0"	"0"	"450"	"Reviewable"	"NotReviewed"	"1 scales"	"600"	"60000"	"Fri Apr 10 03:04:47 EDT 2015"	"S45846"	"Approved"	""	"""sundae"""	"""cherry"""	"[""sprinkles"",""whipped cream""]"	"[""right""]"	"[""left"",null]"	"0"	"-1"	"1"	"0"	"0"	"11"	"0"	"0"	"-1"	"-1"	"-1"	"""TRUE"""	"""target"""	"""TRUE"""	"-1"	"-1"	"-1"	"-1"	"-1"	"-1"	"""What I thought Bob was saying about what Christmas tree he was going to cut down and what sundaes he has eaten."""	"""This was confusing."""	"""18"""	"""m"""	"6"	"0"	"2"	"1"	"0"	"""5"""	"-1"	"""cherry,whipped cream,chocolate,"""	"""cherry,whipped cream,chocolate,sprinkles,"""	""""""	""""""	"""1"""	"""cherry,whipped cream,chocolate,sprinkles,"""
"What is he talking about? (1-2 mins)"	"Short and fun! A 1-2 minute word game about what someone is talking about."	"experiment, psychology, game"	"$0.25"	"Fri Apr 03 03:04:47 EDT 2015"	"450"	"0"	"0"	"450"	"Reviewable"	"NotReviewed"	"1 scales"	"600"	"60000"	"Fri Apr 10 03:04:47 EDT 2015"	"S01503"	"Approved"	""	"""Christmas tree"""	"""star"""	"[""ornaments"",""presents""]"	"[""middle1""]"	"[""middle2"",""left""]"	"0"	"-1"	"1"	"0"	"0"	"11"	"0"	"0"	"-1"	"-1"	"-1"	"""FALSE"""	"""distractor2"""	"""FALSE"""	"-1"	"-1"	"-1"	"-1"	"-1"	"-1"	"""decision making"""	"""none"""	"""33"""	"""f"""	"8"	"0"	"0"	"2"	"1"	"""5"""	"-1"	"""lights,star,presents,"""	"""lights,presents,"""	"""lights,presents,"""	"""lights,ornaments,star,presents,"""	"""0"""	"""lights,star,presents,"""
"What is he talking about? (1-2 mins)"	"Short and fun! A 1-2 minute word game about what someone is talking about."	"experiment, psychology, game"	"$0.25"	"Fri Apr 03 03:04:47 EDT 2015"	"450"	"0"	"0"	"450"	"Reviewable"	"NotReviewed"	"1 scales"	"600"	"60000"	"Fri Apr 10 03:04:47 EDT 2015"	"S06875"	"Approved"	""	"""snowman"""	"""mittens"""	"[""hat"",""scarf"",""belt""]"	"[""left""]"	"[""right"",null]"	"0"	"-1"	"2"	"0"	"0"	"11"	"0"	"0"	"-1"	"-1"	"-1"	"""TRUE"""	"""distractor1"""	"""FALSE"""	"-1"	"-1"	"-1"	"-1"	"-1"	"-1"	"""Snowmen"""	"""No"""	"""27"""	"""M"""	"6"	"0"	"0"	"2"	"1"	"""5"""	"-1"	"""scarf,mittens,belt,"""	"""hat,scarf,mittens,belt,"""	""""""	""""""	"""1"""	"""hat,scarf,mittens,belt,"""
"What is he talking about? (1-2 mins)"	"Short and fun! A 1-2 minute word game about what someone is talking about."	"experiment, psychology, game"	"$0.25"	"Fri Apr 03 03:04:47 EDT 2015"	"450"	"0"	"0"	"450"	"Reviewable"	"NotReviewed"	"1 scales"	"600"	"60000"	"Fri Apr 10 03:04:47 EDT 2015"	"S28330"	"Approved"	""	"""boat"""	"""motor"""	"[""cabin"",""sail"",null]"	"[""right""]"	"[""left"",""middle1"",""middle2""]"	"0"	"-1"	"1"	"0"	"0"	"11"	"0"	"0"	"-1"	"-1"	"-1"	"""TRUE"""	"""distractor3"""	"""FALSE"""	"-1"	"-1"	"-1"	"-1"	"-1"	"-1"	"""bob and his boats and or christmas tree"""	"""no"""	"""36"""	"""f"""	"5"	"0"	"2"	"0"	"1"	"""5"""	"-1"	"""sail,"""	"""sail,"""	"""cabin,sail,motor,"""	"""sail,motor,"""	"""2"""	"""cabin,sail,motor,"""
"What is he talking about? (1-2 mins)"	"Short and fun! A 1-2 minute word game about what someone is talking about."	"experiment, psychology, game"	"$0.25"	"Fri Apr 03 03:04:47 EDT 2015"	"450"	"0"	"0"	"450"	"Reviewable"	"NotReviewed"	"1 scales"	"600"	"60000"	"Fri Apr 10 03:04:47 EDT 2015"	"S71284"	"Approved"	""	"""snowman"""	"""hat"""	"[""belt"",""mittens"",""scarf""]"	"[""middle1"",""left""]"	"[""right"",null]"	"0"	"-1"	"2"	"0"	"0"	"11"	"0"	"0"	"-1"	"-1"	"-1"	"""TRUE"""	"""target"""	"""TRUE"""	"-1"	"-1"	"-1"	"-1"	"-1"	"-1"	"""snowmen"""	"""no"""	"""60"""	"""m"""	"7"	"0"	"2"	"1"	"0"	"""5"""	"-1"	"""hat,scarf,mittens,"""	"""hat,scarf,"""	"""hat,scarf,mittens,belt,"""	""""""	"""0"""	"""hat,scarf,mittens,"""
"What is he talking about? (1-2 mins)"	"Short and fun! A 1-2 minute word game about what someone is talking about."	"experiment, psychology, game"	"$0.25"	"Fri Apr 03 03:04:47 EDT 2015"	"450"	"0"	"0"	"450"	"Reviewable"	"NotReviewed"	"1 scales"	"600"	"60000"	"Fri Apr 10 03:04:47 EDT 2015"	"S86173"	"Approved"	""	"""Christmas tree"""	"""lights"""	"[""ornaments"",""star""]"	"[""right""]"	"[""left"",""middle1""]"	"0"	"-1"	"1"	"0"	"0"	"11"	"0"	"0"	"-1"	"-1"	"-1"	"""TRUE"""	"""distractor3"""	"""FALSE"""	"-1"	"-1"	"-1"	"-1"	"-1"	"-1"	"""what I think Bob is talking about just going by a little information on what he does"""	""""""	"""40"""	"""f"""	"5"	"0"	"2"	"0"	"1"	"""5"""	"-1"	"""star,"""	"""lights,star,"""	"""lights,ornaments,star,"""	"""star,"""	"""2"""	"""lights,ornaments,star,"""
"What is he talking about? (1-2 mins)"	"Short and fun! A 1-2 minute word game about what someone is talking about."	"experiment, psychology, game"	"$0.25"	"Fri Apr 03 03:04:47 EDT 2015"	"450"	"0"	"0"	"450"	"Reviewable"	"NotReviewed"	"1 scales"	"600"	"60000"	"Fri Apr 10 03:04:47 EDT 2015"	"S10594"	"Approved"	""	"""Christmas tree"""	"""ornaments"""	"[""presents"",""star"",""lights""]"	"[""right""]"	"[""left"",null]"	"0"	"-1"	"2"	"0"	"0"	"11"	"0"	"0"	"-1"	"-1"	"-1"	"""TRUE"""	"""target"""	"""TRUE"""	"-1"	"-1"	"-1"	"-1"	"-1"	"-1"	"""Language perception"""	""""""	"""33"""	"""f"""	"6"	"0"	"1"	"0"	"2"	"""5"""	"-1"	"""lights,ornaments,star,presents,"""	"""lights,ornaments,star,"""	""""""	""""""	"""1"""	"""lights,ornaments,star,"""
"What is he talking about? (1-2 mins)"	"Short and fun! A 1-2 minute word game about what someone is talking about."	"experiment, psychology, game"	"$0.25"	"Fri Apr 03 03:04:47 EDT 2015"	"450"	"0"	"0"	"450"	"Reviewable"	"NotReviewed"	"1 scales"	"600"	"60000"	"Fri Apr 10 03:04:47 EDT 2015"	"S76532"	"Approved"	""	"""pizza"""	"""mushrooms"""	"[""sausage"",""olives""]"	"[""middle1""]"	"[""left"",""right""]"	"0"	"-1"	"2"	"0"	"0"	"11"	"0"	"0"	"-1"	"-1"	"-1"	"""TRUE"""	"""target"""	"""TRUE"""	"-1"	"-1"	"-1"	"-1"	"-1"	"-1"	"""figuring out what bob wants"""	"""it said christmas tree in the study, not pizza"""	"""35"""	"""m"""	"7"	"0"	"2"	"0"	"1"	"""5"""	"-1"	"""mushrooms,olives,peppers,"""	"""mushrooms,peppers,"""	"""mushrooms,olives,peppers,sausage,"""	""""""	"""1"""	"""mushrooms,peppers,"""
"What is he talking about? (1-2 mins)"	"Short and fun! A 1-2 minute word game about what someone is talking about."	"experiment, psychology, game"	"$0.25"	"Fri Apr 03 03:04:47 EDT 2015"	"450"	"0"	"0"	"450"	"Reviewable"	"NotReviewed"	"1 scales"	"600"	"60000"	"Fri Apr 10 03:04:47 EDT 2015"	"S13801"	"Approved"	""	"""boat"""	"""motor"""	"[""sail"",""cabin"",null]"	"[""right"",""middle1""]"	"[""left"",null]"	"0"	"-1"	"2"	"0"	"0"	"11"	"0"	"0"	"-1"	"-1"	"-1"	"""TRUE"""	"""target"""	"""TRUE"""	"-1"	"-1"	"-1"	"-1"	"-1"	"-1"	"""Bob selecting which boat to sail"""	""""""	"""72"""	"""F"""	"4"	"0"	"0"	"1"	"2"	"""5"""	"-1"	"""cabin,sail,motor,"""	"""cabin,motor,"""	"""motor,"""	""""""	"""1"""	"""cabin,motor,"""
"What is he talking about? (1-2 mins)"	"Short and fun! A 1-2 minute word game about what someone is talking about."	"experiment, psychology, game"	"$0.25"	"Fri Apr 03 03:04:47 EDT 2015"	"450"	"0"	"0"	"450"	"Reviewable"	"NotReviewed"	"1 scales"	"600"	"60000"	"Fri Apr 10 03:04:47 EDT 2015"	"S07015"	"Approved"	""	"""friend"""	"""glasses"""	"[""hat"",""mustache"",""bowtie""]"	"[""right""]"	"[""left"",""middle2""]"	"0"	"-1"	"2"	"0"	"0"	"11"	"0"	"0"	"-1"	"-1"	"-1"	"""FALSE"""	"""distractor3"""	"""FALSE"""	"-1"	"-1"	"-1"	"-1"	"-1"	"-1"	"""Choose the right friend that Bob met"""	""""""	"""20"""	"""m"""	"8"	"0"	"2"	"1"	"0"	"""5"""	"-1"	"""glasses,bowtie,"""	"""hat,glasses,mustache,bowtie,"""	"""glasses,mustache,bowtie,"""	"""glasses,bowtie,"""	"""1"""	"""hat,glasses,mustache,bowtie,"""
"What is he talking about? (1-2 mins)"	"Short and fun! A 1-2 minute word game about what someone is talking about."	"experiment, psychology, game"	"$0.25"	"Fri Apr 03 03:04:47 EDT 2015"	"450"	"0"	"0"	"450"	"Reviewable"	"NotReviewed"	"1 scales"	"600"	"60000"	"Fri Apr 10 03:04:47 EDT 2015"	"S87834"	"Approved"	""	"""Christmas tree"""	"""star"""	"[""presents"",""ornaments""]"	"[""left""]"	"[""right"",null]"	"0"	"-1"	"2"	"0"	"0"	"11"	"0"	"0"	"-1"	"-1"	"-1"	"""TRUE"""	"""target"""	"""TRUE"""	"-1"	"-1"	"-1"	"-1"	"-1"	"-1"	"""Bob trimming trees, mumbling"""	""""""	"""42"""	"""m"""	"6"	"0"	"2"	"1"	"0"	"""5"""	"-1"	"""lights,ornaments,star,"""	"""lights,ornaments,star,presents,"""	""""""	""""""	"""0"""	"""lights,ornaments,star,"""
"What is he talking about? (1-2 mins)"	"Short and fun! A 1-2 minute word game about what someone is talking about."	"experiment, psychology, game"	"$0.25"	"Fri Apr 03 03:04:47 EDT 2015"	"450"	"0"	"0"	"450"	"Reviewable"	"NotReviewed"	"1 scales"	"600"	"60000"	"Fri Apr 10 03:04:47 EDT 2015"	"S97241"	"Approved"	""	"""sundae"""	"""cherry"""	"[""chocolate"",""whipped cream""]"	"[""right""]"	"[""left"",""middle1""]"	"0"	"-1"	"2"	"0"	"0"	"11"	"0"	"0"	"-1"	"-1"	"-1"	"""TRUE"""	"""distractor2"""	"""FALSE"""	"-1"	"-1"	"-1"	"-1"	"-1"	"-1"	"""trimming christmans trees"""	"""i like ice cream also"""	"""20"""	"""f"""	"4"	"0"	"0"	"1"	"2"	"""5"""	"-1"	"""cherry,whipped cream,"""	"""cherry,whipped cream,chocolate,"""	"""cherry,"""	""""""	"""1"""	"""cherry,whipped cream,chocolate,"""
"What is he talking about? (1-2 mins)"	"Short and fun! A 1-2 minute word game about what someone is talking about."	"experiment, psychology, game"	"$0.25"	"Fri Apr 03 03:04:47 EDT 2015"	"450"	"0"	"0"	"450"	"Reviewable"	"NotReviewed"	"1 scales"	"600"	"60000"	"Fri Apr 10 03:04:47 EDT 2015"	"S21792"	"Approved"	""	"""friend"""	"""glasses"""	"[""mustache"",""hat""]"	"[""left"",""right""]"	"[null,null]"	"0"	"-1"	"2"	"0"	"0"	"11"	"0"	"0"	"-1"	"-1"	"-1"	"""TRUE"""	"""target"""	"""TRUE"""	"-1"	"-1"	"-1"	"-1"	"-1"	"-1"	"""Christmas trees and Bob being unstable?"""	""""""	""""""	"""m"""	"3"	"0"	"0"	"1"	"2"	"""5"""	"-1"	"""hat,glasses,"""	"""hat,glasses,mustache,"""	""""""	""""""	"""0"""	"""hat,glasses,"""
"What is he talking about? (1-2 mins)"	"Short and fun! A 1-2 minute word game about what someone is talking about."	"experiment, psychology, game"	"$0.25"	"Fri Apr 03 03:04:47 EDT 2015"	"450"	"0"	"0"	"450"	"Reviewable"	"NotReviewed"	"1 scales"	"600"	"60000"	"Fri Apr 10 03:04:47 EDT 2015"	"S76347"	"Approved"	""	"""boat"""	"undefined"	"[""sail"",""cabin""]"	"[""middle1""]"	"[""left"",""right""]"	"0"	"-1"	"2"	"0"	"0"	"11"	"0"	"0"	"-1"	"-1"	"-1"	"""TRUE"""	"""distractor2"""	"""FALSE"""	"-1"	"-1"	"-1"	"-1"	"-1"	"-1"	"""Bob's sail boating"""	"""Instructions not very clear"""	"""26"""	"""f"""	"1"	"0"	"1"	"2"	"0"	"""5"""	"-1"	"""cabin,"""	""""""	"""cabin,sail,"""	""""""	"""2"""	"""cabin,sail,"""
"What is he talking about? (1-2 mins)"	"Short and fun! A 1-2 minute word game about what someone is talking about."	"experiment, psychology, game"	"$0.25"	"Fri Apr 03 03:04:47 EDT 2015"	"450"	"0"	"0"	"450"	"Reviewable"	"NotReviewed"	"1 scales"	"600"	"60000"	"Fri Apr 10 03:04:47 EDT 2015"	"S15158"	"Approved"	""	"""Christmas tree"""	"""star"""	"[""ornaments"",""presents""]"	"[""right""]"	"[""middle1"",""left""]"	"0"	"-1"	"1"	"0"	"0"	"11"	"0"	"0"	"-1"	"-1"	"-1"	"""TRUE"""	"""distractor3"""	"""FALSE"""	"-1"	"-1"	"-1"	"-1"	"-1"	"-1"	"""talking"""	""""""	"""33"""	"""m"""	"8"	"0"	"0"	"1"	"2"	"""5"""	"-1"	"""lights,star,presents,"""	"""lights,presents,"""	"""lights,ornaments,star,presents,"""	"""lights,presents,"""	"""2"""	"""lights,ornaments,star,presents,"""
"What is he talking about? (1-2 mins)"	"Short and fun! A 1-2 minute word game about what someone is talking about."	"experiment, psychology, game"	"$0.25"	"Fri Apr 03 03:04:47 EDT 2015"	"450"	"0"	"0"	"450"	"Reviewable"	"NotReviewed"	"1 scales"	"600"	"60000"	"Fri Apr 10 03:04:47 EDT 2015"	"S05593"	"Approved"	""	"""sundae"""	"""cherry"""	"[""chocolate"",""whipped cream"",""sprinkles""]"	"[""right""]"	"[""middle1"",""middle2""]"	"0"	"-1"	"2"	"0"	"0"	"11"	"0"	"0"	"-1"	"-1"	"-1"	"""TRUE"""	"""distractor1"""	"""FALSE"""	"-1"	"-1"	"-1"	"-1"	"-1"	"-1"	"""Figure out what bob is talking about"""	"""Why is Bob talking about Christmas trees when the first page says sundaes"""	"""25"""	"""f"""	"8"	"0"	"2"	"1"	"0"	"""5"""	"-1"	"""cherry,whipped cream,chocolate,sprinkles,"""	"""cherry,sprinkles,"""	"""cherry,whipped cream,sprinkles,"""	"""cherry,sprinkles,"""	"""1"""	"""cherry,sprinkles,"""
"What is he talking about? (1-2 mins)"	"Short and fun! A 1-2 minute word game about what someone is talking about."	"experiment, psychology, game"	"$0.25"	"Fri Apr 03 03:04:47 EDT 2015"	"450"	"0"	"0"	"450"	"Reviewable"	"NotReviewed"	"1 scales"	"600"	"60000"	"Fri Apr 10 03:04:47 EDT 2015"	"S83524"	"Approved"	""	"""pizza"""	"""peppers"""	"[""mushrooms"",""olives""]"	"[""middle1"",""left""]"	"[""right"",null]"	"0"	"-1"	"2"	"0"	"0"	"11"	"0"	"0"	"-1"	"-1"	"-1"	"""TRUE"""	"""distractor1"""	"""FALSE"""	"-1"	"-1"	"-1"	"-1"	"-1"	"-1"	"""Communication"""	""""""	"""20"""	"""F"""	"4"	"0"	"1"	"2"	"0"	"""5"""	"-1"	"""olives,peppers,"""	"""peppers,"""	"""mushrooms,olives,peppers,"""	""""""	"""2"""	"""mushrooms,olives,peppers,"""
"What is he talking about? (1-2 mins)"	"Short and fun! A 1-2 minute word game about what someone is talking about."	"experiment, psychology, game"	"$0.25"	"Fri Apr 03 03:04:47 EDT 2015"	"450"	"0"	"0"	"450"	"Reviewable"	"NotReviewed"	"1 scales"	"600"	"60000"	"Fri Apr 10 03:04:47 EDT 2015"	"S68227"	"Approved"	""	"""snowman"""	"undefined"	"[""scarf"",""hat"",null]"	"[""right""]"	"[""middle2"",""middle1""]"	"0"	"-1"	"2"	"0"	"0"	"11"	"0"	"0"	"-1"	"-1"	"-1"	"""TRUE"""	"""distractor3"""	"""FALSE"""	"-1"	"-1"	"-1"	"-1"	"-1"	"-1"	"""Snowmen"""	""""""	"""22"""	"""m"""	"2"	"0"	"1"	"2"	"0"	"""5"""	"-1"	"""hat,scarf,"""	"""hat,"""	""""""	""""""	"""0"""	"""hat,scarf,"""
"What is he talking about? (1-2 mins)"	"Short and fun! A 1-2 minute word game about what someone is talking about."	"experiment, psychology, game"	"$0.25"	"Fri Apr 03 03:04:47 EDT 2015"	"450"	"0"	"0"	"450"	"Reviewable"	"NotReviewed"	"1 scales"	"600"	"60000"	"Fri Apr 10 03:04:47 EDT 2015"	"S94581"	"Approved"	""	"""snowman"""	"""mittens"""	"[""belt"",""scarf"",""hat""]"	"[""left""]"	"[""right"",null]"	"0"	"-1"	"2"	"0"	"0"	"11"	"0"	"0"	"-1"	"-1"	"-1"	"""TRUE"""	"""target"""	"""TRUE"""	"-1"	"-1"	"-1"	"-1"	"-1"	"-1"	"""Deciphering mumbles"""	"""cute illustrations! """	"""23"""	"""f"""	"6"	"0"	"1"	"0"	"2"	"""5"""	"-1"	"""hat,scarf,mittens,"""	"""hat,scarf,mittens,belt,"""	""""""	""""""	"""0"""	"""hat,scarf,mittens,"""
"What is he talking about? (1-2 mins)"	"Short and fun! A 1-2 minute word game about what someone is talking about."	"experiment, psychology, game"	"$0.25"	"Fri Apr 03 03:04:47 EDT 2015"	"450"	"0"	"0"	"450"	"Reviewable"	"NotReviewed"	"1 scales"	"600"	"60000"	"Fri Apr 10 03:04:47 EDT 2015"	"S72686"	"Approved"	""	"""Christmas tree"""	"""ornaments"""	"[""lights"",""star""]"	"[""right""]"	"[""left"",null]"	"0"	"-1"	"2"	"0"	"0"	"11"	"0"	"0"	"-1"	"-1"	"-1"	"""FALSE"""	"""distractor1"""	"""FALSE"""	"-1"	"-1"	"-1"	"-1"	"-1"	"-1"	"""Christmas Tree"""	"""No"""	""""""	"""m"""	"3"	"0"	"1"	"2"	"0"	"""5"""	"-1"	"""lights,ornaments,star,"""	"""ornaments,star,"""	""""""	""""""	"""0"""	"""lights,ornaments,star,"""
"What is he talking about? (1-2 mins)"	"Short and fun! A 1-2 minute word game about what someone is talking about."	"experiment, psychology, game"	"$0.25"	"Fri Apr 03 03:04:47 EDT 2015"	"450"	"0"	"0"	"450"	"Reviewable"	"NotReviewed"	"1 scales"	"600"	"60000"	"Fri Apr 10 03:04:47 EDT 2015"	"S26476"	"Approved"	""	"""friend"""	"undefined"	"[""glasses"",""hat"",null]"	"[""right""]"	"[""left"",null]"	"0"	"-1"	"2"	"0"	"0"	"11"	"0"	"0"	"-1"	"-1"	"-1"	"""TRUE"""	"""target"""	"""TRUE"""	"-1"	"-1"	"-1"	"-1"	"-1"	"-1"	"""Linguistics"""	""""""	"""33"""	"""m"""	"0"	"0"	"2"	"0"	"1"	"""5"""	"-1"	"""hat,glasses,"""	"""hat,"""	""""""	""""""	"""1"""	"""hat,"""
"What is he talking about? (1-2 mins)"	"Short and fun! A 1-2 minute word game about what someone is talking about."	"experiment, psychology, game"	"$0.25"	"Fri Apr 03 03:04:47 EDT 2015"	"450"	"0"	"0"	"450"	"Reviewable"	"NotReviewed"	"1 scales"	"600"	"60000"	"Fri Apr 10 03:04:47 EDT 2015"	"S18699"	"Approved"	""	"""Christmas tree"""	"undefined"	"[""lights"",""ornaments"",null]"	"[""right"",""middle1""]"	"[""left"",null]"	"0"	"-1"	"2"	"0"	"0"	"11"	"0"	"0"	"-1"	"-1"	"-1"	"""TRUE"""	"""target"""	"""TRUE"""	"-1"	"-1"	"-1"	"-1"	"-1"	"-1"	"""Trying to determine which Christmas tree a man who can't speak my language is going to trim next"""	""""""	"""37"""	"""f"""	"1"	"0"	"2"	"1"	"0"	"""5"""	"-1"	"""lights,ornaments,"""	"""ornaments,"""	""""""	""""""	"""2"""	""""""
"What is he talking about? (1-2 mins)"	"Short and fun! A 1-2 minute word game about what someone is talking about."	"experiment, psychology, game"	"$0.25"	"Fri Apr 03 03:04:47 EDT 2015"	"450"	"0"	"0"	"450"	"Reviewable"	"NotReviewed"	"1 scales"	"600"	"60000"	"Fri Apr 10 03:04:47 EDT 2015"	"S95370"	"Approved"	""	"""sundae"""	"""whipped cream"""	"[""sprinkles"",""cherry"",""chocolate""]"	"[""right""]"	"[""left"",null]"	"0"	"-1"	"1"	"0"	"0"	"11"	"0"	"0"	"-1"	"-1"	"-1"	"""TRUE"""	"""target"""	"""TRUE"""	"-1"	"-1"	"-1"	"-1"	"-1"	"-1"	"""Ice cream and christmas trees"""	""""""	"""25"""	"""m"""	"6"	"0"	"1"	"0"	"2"	"""5"""	"-1"	"""cherry,whipped cream,chocolate,"""	"""cherry,whipped cream,chocolate,sprinkles,"""	""""""	""""""	"""1"""	"""cherry,whipped cream,chocolate,sprinkles,"""
"What is he talking about? (1-2 mins)"	"Short and fun! A 1-2 minute word game about what someone is talking about."	"experiment, psychology, game"	"$0.25"	"Fri Apr 03 03:04:47 EDT 2015"	"450"	"0"	"0"	"450"	"Reviewable"	"NotReviewed"	"1 scales"	"600"	"60000"	"Fri Apr 10 03:04:47 EDT 2015"	"S71825"	"Approved"	""	"""friend"""	"""bowtie"""	"[""glasses"",""mustache""]"	"[""middle1""]"	"[""middle2"",""left""]"	"0"	"-1"	"2"	"0"	"0"	"11"	"0"	"0"	"-1"	"-1"	"-1"	"""TRUE"""	"""distractor2"""	"""FALSE"""	"-1"	"-1"	"-1"	"-1"	"-1"	"-1"	"""Bob and his friends and christmas trees"""	""""""	"""45"""	"""m"""	"8"	"0"	"0"	"1"	"2"	"""5"""	"-1"	"""hat,mustache,bowtie,"""	"""hat,bowtie,"""	"""hat,bowtie,"""	"""hat,glasses,mustache,bowtie,"""	"""0"""	"""hat,mustache,bowtie,"""
"What is he talking about? (1-2 mins)"	"Short and fun! A 1-2 minute word game about what someone is talking about."	"experiment, psychology, game"	"$0.25"	"Fri Apr 03 03:04:47 EDT 2015"	"450"	"0"	"0"	"450"	"Reviewable"	"NotReviewed"	"1 scales"	"600"	"60000"	"Fri Apr 10 03:04:47 EDT 2015"	"S72731"	"Approved"	""	"""sundae"""	"""chocolate"""	"[""whipped cream"",""sprinkles"",""cherry""]"	"[""middle1""]"	"[""left"",""right"",null]"	"0"	"-1"	"1"	"0"	"0"	"11"	"0"	"0"	"-1"	"-1"	"-1"	"""TRUE"""	"""target"""	"""TRUE"""	"-1"	"-1"	"-1"	"-1"	"-1"	"-1"	"""sundaes and words """	"""N/A"""	"""28"""	"""m"""	"7"	"0"	"0"	"1"	"2"	"""5"""	"-1"	"""cherry,sprinkles,"""	"""cherry,whipped cream,chocolate,sprinkles,"""	"""cherry,chocolate,sprinkles,"""	""""""	"""1"""	"""cherry,whipped cream,chocolate,sprinkles,"""
"What is he talking about? (1-2 mins)"	"Short and fun! A 1-2 minute word game about what someone is talking about."	"experiment, psychology, game"	"$0.25"	"Fri Apr 03 03:04:47 EDT 2015"	"450"	"0"	"0"	"450"	"Reviewable"	"NotReviewed"	"1 scales"	"600"	"60000"	"Fri Apr 10 03:04:47 EDT 2015"	"S54730"	"Approved"	""	"""pizza"""	"""sausage"""	"[""peppers"",""mushrooms"",""olives""]"	"[null]"	"[""right"",""left"",null]"	"0"	"-1"	"1"	"0"	"0"	"11"	"0"	"0"	"-1"	"-1"	"-1"	"""TRUE"""	"""distractor2"""	"""FALSE"""	"-1"	"-1"	"-1"	"-1"	"-1"	"-1"	"""Bob and pizza? But also a Christmas tree? What? """	"""Christmas tree trimming and pizza? """	"""25"""	"""f"""	"6"	"0"	"1"	"2"	"0"	"""5"""	"-1"	"""mushrooms,olives,peppers,sausage,"""	"""mushrooms,olives,sausage,"""	""""""	""""""	"""0"""	"""mushrooms,olives,peppers,sausage,"""
"What is he talking about? (1-2 mins)"	"Short and fun! A 1-2 minute word game about what someone is talking about."	"experiment, psychology, game"	"$0.25"	"Fri Apr 03 03:04:47 EDT 2015"	"450"	"0"	"0"	"450"	"Reviewable"	"NotReviewed"	"1 scales"	"600"	"60000"	"Fri Apr 10 03:04:47 EDT 2015"	"S35517"	"Approved"	""	"""sundae"""	"""cherry"""	"[""whipped cream"",""chocolate"",null]"	"[""middle1""]"	"[""left"",""right""]"	"0"	"-1"	"1"	"0"	"0"	"11"	"0"	"0"	"-1"	"-1"	"-1"	"""TRUE"""	"""distractor2"""	"""FALSE"""	"-1"	"-1"	"-1"	"-1"	"-1"	"-1"	"""what sundae bob was talking about"""	""""""	"""28"""	"""f"""	"4"	"0"	"1"	"2"	"0"	"""5"""	"-1"	"""chocolate,"""	"""cherry,chocolate,"""	"""cherry,whipped cream,chocolate,"""	""""""	"""2"""	"""cherry,whipped cream,chocolate,"""
"What is he talking about? (1-2 mins)"	"Short and fun! A 1-2 minute word game about what someone is talking about."	"experiment, psychology, game"	"$0.25"	"Fri Apr 03 03:04:47 EDT 2015"	"450"	"0"	"0"	"450"	"Reviewable"	"NotReviewed"	"1 scales"	"600"	"60000"	"Fri Apr 10 03:04:47 EDT 2015"	"S14872"	"Approved"	""	"""sundae"""	"""sprinkles"""	"[""cherry"",""chocolate""]"	"[""left""]"	"[""right"",null]"	"0"	"-1"	"1"	"0"	"0"	"11"	"0"	"0"	"-1"	"-1"	"-1"	"""TRUE"""	"""target"""	"""TRUE"""	"-1"	"-1"	"-1"	"-1"	"-1"	"-1"	"""Choice"""	""""""	"""23"""	"""Male"""	"6"	"0"	"0"	"2"	"1"	"""5"""	"-1"	"""cherry,whipped cream,chocolate,sprinkles,"""	"""whipped cream,chocolate,sprinkles,"""	""""""	""""""	"""0"""	"""cherry,whipped cream,chocolate,sprinkles,"""
"What is he talking about? (1-2 mins)"	"Short and fun! A 1-2 minute word game about what someone is talking about."	"experiment, psychology, game"	"$0.25"	"Fri Apr 03 03:04:47 EDT 2015"	"450"	"0"	"0"	"450"	"Reviewable"	"NotReviewed"	"1 scales"	"600"	"60000"	"Fri Apr 10 03:04:47 EDT 2015"	"S86885"	"Approved"	""	"""pizza"""	"undefined"	"[""mushrooms"",""olives"",null]"	"[""left"",""right""]"	"[null,null]"	"0"	"-1"	"2"	"0"	"0"	"11"	"0"	"0"	"-1"	"-1"	"-1"	"""TRUE"""	"""target"""	"""TRUE"""	"-1"	"-1"	"-1"	"-1"	"-1"	"-1"	"""Choosing the option Bob was referring to"""	""""""	"""23"""	"""f"""	"0"	"0"	"2"	"0"	"1"	"""5"""	"-1"	"""olives,"""	"""mushrooms,olives,"""	""""""	""""""	"""1"""	"""mushrooms,olives,"""
"What is he talking about? (1-2 mins)"	"Short and fun! A 1-2 minute word game about what someone is talking about."	"experiment, psychology, game"	"$0.25"	"Fri Apr 03 03:04:47 EDT 2015"	"450"	"0"	"0"	"450"	"Reviewable"	"NotReviewed"	"1 scales"	"600"	"60000"	"Fri Apr 10 03:04:47 EDT 2015"	"S08175"	"Approved"	""	"""snowman"""	"""hat"""	"[""scarf"",""belt""]"	"[""right""]"	"[""left"",null]"	"0"	"-1"	"1"	"0"	"0"	"11"	"0"	"0"	"-1"	"-1"	"-1"	"""TRUE"""	"""distractor1"""	"""FALSE"""	"-1"	"-1"	"-1"	"-1"	"-1"	"-1"	"""What tree he was going to cut"""	""""""	"""25"""	"""m"""	"6"	"0"	"1"	"0"	"2"	"""5"""	"-1"	"""hat,mittens,belt,"""	"""hat,scarf,mittens,belt,"""	""""""	""""""	"""0"""	"""hat,mittens,belt,"""
"What is he talking about? (1-2 mins)"	"Short and fun! A 1-2 minute word game about what someone is talking about."	"experiment, psychology, game"	"$0.25"	"Fri Apr 03 03:04:47 EDT 2015"	"450"	"0"	"0"	"450"	"Reviewable"	"NotReviewed"	"1 scales"	"600"	"60000"	"Fri Apr 10 03:04:47 EDT 2015"	"S39585"	"Approved"	""	"""friend"""	"undefined"	"[""hat"",""glasses"",null]"	"[""right""]"	"[""middle2"",""left""]"	"0"	"-1"	"2"	"0"	"0"	"11"	"0"	"0"	"-1"	"-1"	"-1"	"""TRUE"""	"""distractor1"""	"""FALSE"""	"-1"	"-1"	"-1"	"-1"	"-1"	"-1"	"""which friend he visited and what he said when he said mumblemumble"""	"""why can't bob speak?"""	"""36"""	"""f"""	"2"	"0"	"2"	"1"	"0"	"""5"""	"-1"	"""glasses,"""	"""hat,glasses,"""	""""""	""""""	"""2"""	""""""
"What is he talking about? (1-2 mins)"	"Short and fun! A 1-2 minute word game about what someone is talking about."	"experiment, psychology, game"	"$0.25"	"Fri Apr 03 03:04:47 EDT 2015"	"450"	"0"	"0"	"450"	"Reviewable"	"NotReviewed"	"1 scales"	"600"	"60000"	"Fri Apr 10 03:04:47 EDT 2015"	"S82559"	"Approved"	""	"""boat"""	"""motor"""	"[""sail"",""cabin"",""flag""]"	"[""left""]"	"[""right"",""middle2""]"	"0"	"-1"	"1"	"0"	"0"	"11"	"0"	"0"	"-1"	"-1"	"-1"	"""TRUE"""	"""distractor1"""	"""FALSE"""	"-1"	"-1"	"-1"	"-1"	"-1"	"-1"	"""I have no idea"""	"""what does mumbling about Christmas trees have to do with boats? I'm confused."""	"""49"""	"""m"""	"8"	"0"	"0"	"1"	"2"	"""5"""	"-1"	"""cabin,flag,"""	"""cabin,sail,motor,flag,"""	"""cabin,motor,flag,"""	"""cabin,flag,"""	"""3"""	"""cabin,flag,"""
"What is he talking about? (1-2 mins)"	"Short and fun! A 1-2 minute word game about what someone is talking about."	"experiment, psychology, game"	"$0.25"	"Fri Apr 03 03:04:47 EDT 2015"	"450"	"0"	"0"	"450"	"Reviewable"	"NotReviewed"	"1 scales"	"600"	"60000"	"Fri Apr 10 03:04:47 EDT 2015"	"S81849"	"Approved"	""	"""pizza"""	"""mushrooms"""	"[""peppers"",""sausage""]"	"[""left"",""right""]"	"[null,null]"	"0"	"-1"	"2"	"0"	"0"	"11"	"0"	"0"	"-1"	"-1"	"-1"	"""TRUE"""	"""target"""	"""TRUE"""	"-1"	"-1"	"-1"	"-1"	"-1"	"-1"	"""pizza"""	"""no"""	"""30"""	"""m"""	"6"	"0"	"2"	"0"	"1"	"""5"""	"-1"	"""mushrooms,olives,sausage,"""	"""mushrooms,olives,peppers,sausage,"""	""""""	""""""	"""0"""	"""mushrooms,olives,sausage,"""
"What is he talking about? (1-2 mins)"	"Short and fun! A 1-2 minute word game about what someone is talking about."	"experiment, psychology, game"	"$0.25"	"Fri Apr 03 03:04:47 EDT 2015"	"450"	"0"	"0"	"450"	"Reviewable"	"NotReviewed"	"1 scales"	"600"	"60000"	"Fri Apr 10 03:04:47 EDT 2015"	"S33344"	"Approved"	""	"""snowman"""	"""mittens"""	"[""hat"",""scarf""]"	"[""right""]"	"[""left"",""middle1""]"	"0"	"-1"	"1"	"0"	"0"	"11"	"0"	"0"	"-1"	"-1"	"-1"	"""TRUE"""	"""distractor1"""	"""FALSE"""	"-1"	"-1"	"-1"	"-1"	"-1"	"-1"	"""Snowmen and maybe christmas trees. It did mention christmas trees being trimmed."""	"""no"""	"""49"""	"""f"""	"4"	"0"	"2"	"1"	"0"	"""5"""	"-1"	"""scarf,"""	"""hat,scarf,mittens,"""	"""scarf,mittens,"""	""""""	"""0"""	"""scarf,"""
"What is he talking about? (1-2 mins)"	"Short and fun! A 1-2 minute word game about what someone is talking about."	"experiment, psychology, game"	"$0.25"	"Fri Apr 03 03:04:47 EDT 2015"	"450"	"0"	"0"	"450"	"Reviewable"	"NotReviewed"	"1 scales"	"600"	"60000"	"Fri Apr 10 03:04:47 EDT 2015"	"S92483"	"Approved"	""	"""pizza"""	"""mushrooms"""	"[""peppers"",""olives""]"	"[""left""]"	"[""middle1"",""right"",null]"	"0"	"-1"	"1"	"0"	"0"	"11"	"0"	"0"	"-1"	"-1"	"-1"	"""TRUE"""	"""target"""	"""TRUE"""	"-1"	"-1"	"-1"	"-1"	"-1"	"-1"	"""poizza"""	""""""	"""26"""	"""m"""	"4"	"0"	"2"	"1"	"0"	"""5"""	"-1"	"""mushrooms,olives,peppers,"""	"""olives,"""	"""mushrooms,olives,"""	""""""	"""0"""	"""mushrooms,olives,peppers,"""
"What is he talking about? (1-2 mins)"	"Short and fun! A 1-2 minute word game about what someone is talking about."	"experiment, psychology, game"	"$0.25"	"Fri Apr 03 03:04:47 EDT 2015"	"450"	"0"	"0"	"450"	"Reviewable"	"NotReviewed"	"1 scales"	"600"	"60000"	"Fri Apr 10 03:04:47 EDT 2015"	"S65263"	"Approved"	""	"""pizza"""	"""mushrooms"""	"[""olives"",null]"	"[""middle2""]"	"[""left"",""middle1"",""right""]"	"0"	"-1"	"1"	"0"	"0"	"11"	"0"	"0"	"-1"	"-1"	"-1"	"""TRUE"""	"""target"""	"""TRUE"""	"-1"	"-1"	"-1"	"-1"	"-1"	"-1"	"""Language Recognition"""	""""""	"""22"""	"""m"""	"2"	"0"	"1"	"2"	"0"	"""5"""	"-1"	""""""	""""""	"""mushrooms,"""	"""mushrooms,olives,"""	"""2"""	"""mushrooms,"""
"What is he talking about? (1-2 mins)"	"Short and fun! A 1-2 minute word game about what someone is talking about."	"experiment, psychology, game"	"$0.25"	"Fri Apr 03 03:04:47 EDT 2015"	"450"	"0"	"0"	"450"	"Reviewable"	"NotReviewed"	"1 scales"	"600"	"60000"	"Fri Apr 10 03:04:47 EDT 2015"	"S48809"	"Approved"	""	"""snowman"""	"""scarf"""	"[""hat"",""mittens"",""belt""]"	"[""right""]"	"[""left"",""middle1"",null]"	"0"	"-1"	"1"	"0"	"0"	"11"	"0"	"0"	"-1"	"-1"	"-1"	"""TRUE"""	"""distractor2"""	"""FALSE"""	"-1"	"-1"	"-1"	"-1"	"-1"	"-1"	"""What Bob is saying"""	"""I don't understand what this survey accomplished, but I'm curious."""	"""43"""	"""f"""	"7"	"0"	"0"	"1"	"2"	"""5"""	"-1"	"""mittens,belt,"""	"""scarf,mittens,belt,"""	"""hat,scarf,mittens,belt,"""	""""""	"""1"""	"""scarf,mittens,belt,"""
"What is he talking about? (1-2 mins)"	"Short and fun! A 1-2 minute word game about what someone is talking about."	"experiment, psychology, game"	"$0.25"	"Fri Apr 03 03:04:47 EDT 2015"	"450"	"0"	"0"	"450"	"Reviewable"	"NotReviewed"	"1 scales"	"600"	"60000"	"Fri Apr 10 03:04:47 EDT 2015"	"S60118"	"Approved"	""	"""snowman"""	"""belt"""	"[""hat"",""mittens"",""scarf""]"	"[""right""]"	"[""middle1"",""left"",null]"	"0"	"-1"	"1"	"0"	"0"	"11"	"0"	"0"	"-1"	"-1"	"-1"	"""TRUE"""	"""distractor1"""	"""FALSE"""	"-1"	"-1"	"-1"	"-1"	"-1"	"-1"	"""Snowman? But... Tree trimming?"""	"""I dont even know..."""	"""25"""	"""m"""	"7"	"0"	"0"	"1"	"2"	"""5"""	"-1"	"""scarf,mittens,belt,"""	"""scarf,mittens,"""	"""hat,scarf,mittens,belt,"""	""""""	"""1"""	"""scarf,mittens,"""
"What is he talking about? (1-2 mins)"	"Short and fun! A 1-2 minute word game about what someone is talking about."	"experiment, psychology, game"	"$0.25"	"Fri Apr 03 03:04:47 EDT 2015"	"450"	"0"	"0"	"450"	"Reviewable"	"NotReviewed"	"1 scales"	"600"	"60000"	"Fri Apr 10 03:04:47 EDT 2015"	"S10524"	"Approved"	""	"""friend"""	"""glasses"""	"[""mustache"",""hat"",null]"	"[""middle2"",""right""]"	"[""middle1"",""left""]"	"0"	"-1"	"2"	"0"	"0"	"11"	"0"	"0"	"-1"	"-1"	"-1"	"""TRUE"""	"""target"""	"""TRUE"""	"-1"	"-1"	"-1"	"-1"	"-1"	"-1"	"""Trying to figure out which friend Bob was talking about trimming a christmas tree with?"""	""""""	"""26"""	"""m"""	"5"	"0"	"2"	"1"	"0"	"""5"""	"-1"	"""hat,glasses,mustache,"""	"""hat,glasses,"""	"""glasses,"""	"""glasses,"""	"""3"""	"""glasses,"""
"What is he talking about? (1-2 mins)"	"Short and fun! A 1-2 minute word game about what someone is talking about."	"experiment, psychology, game"	"$0.25"	"Fri Apr 03 03:04:47 EDT 2015"	"450"	"0"	"0"	"450"	"Reviewable"	"NotReviewed"	"1 scales"	"600"	"60000"	"Fri Apr 10 03:04:47 EDT 2015"	"S07096"	"Approved"	""	"""friend"""	"""mustache"""	"[""hat"",""bowtie""]"	"[""left"",""right""]"	"[null,null]"	"0"	"-1"	"2"	"0"	"0"	"11"	"0"	"0"	"-1"	"-1"	"-1"	"""TRUE"""	"""target"""	"""TRUE"""	"-1"	"-1"	"-1"	"-1"	"-1"	"-1"	"""Base conversations on other people's characteristics"""	""""""	"""28"""	"""M"""	"6"	"0"	"1"	"2"	"0"	"""5"""	"-1"	"""glasses,mustache,bowtie,"""	"""hat,glasses,mustache,bowtie,"""	""""""	""""""	"""1"""	"""hat,glasses,mustache,bowtie,"""
"What is he talking about? (1-2 mins)"	"Short and fun! A 1-2 minute word game about what someone is talking about."	"experiment, psychology, game"	"$0.25"	"Fri Apr 03 03:04:47 EDT 2015"	"450"	"0"	"0"	"450"	"Reviewable"	"NotReviewed"	"1 scales"	"600"	"60000"	"Fri Apr 10 03:04:47 EDT 2015"	"S90741"	"Approved"	""	"""sundae"""	"""cherry"""	"[""whipped cream"",null,null]"	"[""middle2""]"	"[""middle1"",""left"",""right""]"	"0"	"-1"	"1"	"0"	"0"	"11"	"0"	"0"	"-1"	"-1"	"-1"	"""TRUE"""	"""distractor3"""	"""FALSE"""	"-1"	"-1"	"-1"	"-1"	"-1"	"-1"	"""bob and his sundae's"""	"""no"""	"""33"""	"""m"""	"2"	"0"	"0"	"1"	"2"	"""5"""	"-1"	""""""	""""""	"""cherry,"""	"""cherry,whipped cream,"""	"""3"""	"""cherry,whipped cream,"""
"What is he talking about? (1-2 mins)"	"Short and fun! A 1-2 minute word game about what someone is talking about."	"experiment, psychology, game"	"$0.25"	"Fri Apr 03 03:04:47 EDT 2015"	"450"	"0"	"0"	"450"	"Reviewable"	"NotReviewed"	"1 scales"	"600"	"60000"	"Fri Apr 10 03:04:47 EDT 2015"	"S63788"	"Approved"	""	"""sundae"""	"""whipped cream"""	"[""sprinkles"",""chocolate""]"	"[""middle1""]"	"[""left"",""right""]"	"0"	"-1"	"2"	"0"	"0"	"11"	"0"	"0"	"-1"	"-1"	"-1"	"""TRUE"""	"""distractor2"""	"""FALSE"""	"-1"	"-1"	"-1"	"-1"	"-1"	"-1"	"""Seeing how people are able (or not so able) to understand what someone says with limited information? Not sure. """	"""Enjoyed this, hope it helps your research."""	"""24"""	"""m"""	"7"	"0"	"2"	"0"	"1"	"""5"""	"-1"	"""cherry,whipped cream,chocolate,"""	"""cherry,whipped cream,"""	"""cherry,whipped cream,chocolate,sprinkles,"""	""""""	"""2"""	"""cherry,whipped cream,chocolate,sprinkles,"""
"What is he talking about? (1-2 mins)"	"Short and fun! A 1-2 minute word game about what someone is talking about."	"experiment, psychology, game"	"$0.25"	"Fri Apr 03 03:04:47 EDT 2015"	"450"	"0"	"0"	"450"	"Reviewable"	"NotReviewed"	"1 scales"	"600"	"60000"	"Fri Apr 10 03:04:47 EDT 2015"	"S65281"	"Approved"	""	"""boat"""	"""sail"""	"[""motor"",""cabin"",null]"	"[null]"	"[""left"",""right"",null]"	"0"	"-1"	"1"	"0"	"0"	"11"	"0"	"0"	"-1"	"-1"	"-1"	"""TRUE"""	"""distractor2"""	"""FALSE"""	"-1"	"-1"	"-1"	"-1"	"-1"	"-1"	"""bob and his sail boat"""	""""""	"""26"""	"""f"""	"3"	"0"	"1"	"2"	"0"	"""5"""	"-1"	"""cabin,sail,"""	"""cabin,sail,motor,"""	""""""	""""""	"""1"""	"""cabin,sail,motor,"""
"What is he talking about? (1-2 mins)"	"Short and fun! A 1-2 minute word game about what someone is talking about."	"experiment, psychology, game"	"$0.25"	"Fri Apr 03 03:04:47 EDT 2015"	"450"	"0"	"0"	"450"	"Reviewable"	"NotReviewed"	"1 scales"	"600"	"60000"	"Fri Apr 10 03:04:47 EDT 2015"	"S11289"	"Approved"	""	"""friend"""	"""hat"""	"[""glasses"",null]"	"[""right""]"	"[""left"",null]"	"0"	"-1"	"1"	"0"	"0"	"11"	"0"	"0"	"-1"	"-1"	"-1"	"""TRUE"""	"""target"""	"""TRUE"""	"-1"	"-1"	"-1"	"-1"	"-1"	"-1"	"""Bob visiting his friends"""	""""""	""""""	"""m"""	"0"	"0"	"0"	"1"	"2"	"""5"""	"-1"	"""hat,"""	"""hat,glasses,"""	""""""	""""""	"""1"""	"""hat,glasses,"""
"What is he talking about? (1-2 mins)"	"Short and fun! A 1-2 minute word game about what someone is talking about."	"experiment, psychology, game"	"$0.25"	"Fri Apr 03 03:04:47 EDT 2015"	"450"	"0"	"0"	"450"	"Reviewable"	"NotReviewed"	"1 scales"	"600"	"60000"	"Fri Apr 10 03:04:47 EDT 2015"	"S46250"	"Approved"	""	"""sundae"""	"""whipped cream"""	"[""cherry"",""sprinkles""]"	"[""right""]"	"[""middle1"",""left"",null]"	"0"	"-1"	"1"	"0"	"0"	"11"	"0"	"0"	"-1"	"-1"	"-1"	"""TRUE"""	"""distractor1"""	"""FALSE"""	"-1"	"-1"	"-1"	"-1"	"-1"	"-1"	"""DON'T KNOW"""	"""NONE"""	"""36"""	"""M"""	"7"	"0"	"0"	"2"	"1"	"""5"""	"-1"	"""whipped cream,chocolate,sprinkles,"""	"""chocolate,sprinkles,"""	"""cherry,whipped cream,chocolate,sprinkles,"""	""""""	"""1"""	"""chocolate,sprinkles,"""
"What is he talking about? (1-2 mins)"	"Short and fun! A 1-2 minute word game about what someone is talking about."	"experiment, psychology, game"	"$0.25"	"Fri Apr 03 03:04:47 EDT 2015"	"450"	"0"	"0"	"450"	"Reviewable"	"NotReviewed"	"1 scales"	"600"	"60000"	"Fri Apr 10 03:04:47 EDT 2015"	"S82216"	"Approved"	""	"""snowman"""	"""scarf"""	"[""hat"",null]"	"[""middle2""]"	"[""right"",""left"",""middle1""]"	"0"	"-1"	"1"	"0"	"0"	"11"	"0"	"0"	"-1"	"-1"	"-1"	"""TRUE"""	"""distractor3"""	"""FALSE"""	"-1"	"-1"	"-1"	"-1"	"-1"	"-1"	"""I don't know...talked about bob trimming a christmas tree...though it was decorating a snowman."""	"""No sure if \""trimming a Christmas tree\"" was a typo?"""	""""""	"""f"""	"2"	"0"	"0"	"2"	"1"	"""5"""	"-1"	""""""	"""hat,scarf,"""	"""scarf,"""	""""""	"""1"""	"""hat,scarf,"""
"What is he talking about? (1-2 mins)"	"Short and fun! A 1-2 minute word game about what someone is talking about."	"experiment, psychology, game"	"$0.25"	"Fri Apr 03 03:04:47 EDT 2015"	"450"	"0"	"0"	"450"	"Reviewable"	"NotReviewed"	"1 scales"	"600"	"60000"	"Fri Apr 10 03:04:47 EDT 2015"	"S43275"	"Approved"	""	"""pizza"""	"""olives"""	"[""mushrooms"",""peppers""]"	"[""left""]"	"[""right"",null]"	"0"	"-1"	"1"	"0"	"0"	"11"	"0"	"0"	"-1"	"-1"	"-1"	"""TRUE"""	"""target"""	"""TRUE"""	"-1"	"-1"	"-1"	"-1"	"-1"	"-1"	"""figuring out which pizza Bob wants to eat"""	"""somehow the text said Christmas tree to cut down instead of pizza"""	"""31"""	"""m"""	"3"	"0"	"2"	"1"	"0"	"""5"""	"-1"	"""mushrooms,olives,peppers,"""	"""olives,peppers,"""	""""""	""""""	"""0"""	"""mushrooms,olives,peppers,"""
"What is he talking about? (1-2 mins)"	"Short and fun! A 1-2 minute word game about what someone is talking about."	"experiment, psychology, game"	"$0.25"	"Fri Apr 03 03:04:47 EDT 2015"	"450"	"0"	"0"	"450"	"Reviewable"	"NotReviewed"	"1 scales"	"600"	"60000"	"Fri Apr 10 03:04:47 EDT 2015"	"S97025"	"Approved"	""	"""boat"""	"undefined"	"[""cabin"",""sail""]"	"[""right""]"	"[""left"",null]"	"0"	"-1"	"2"	"0"	"0"	"11"	"0"	"0"	"-1"	"-1"	"-1"	"""TRUE"""	"""distractor1"""	"""FALSE"""	"-1"	"-1"	"-1"	"-1"	"-1"	"-1"	"""i'm going to guess judgement or impressions or the way we picture things as a collective?"""	"""but i wanted more questions"""	""""""	"""f"""	"0"	"0"	"2"	"0"	"1"	"""5"""	"-1"	"""cabin,sail,"""	"""sail,"""	""""""	""""""	"""0"""	"""cabin,sail,"""
"What is he talking about? (1-2 mins)"	"Short and fun! A 1-2 minute word game about what someone is talking about."	"experiment, psychology, game"	"$0.25"	"Fri Apr 03 03:04:47 EDT 2015"	"450"	"0"	"0"	"450"	"Reviewable"	"NotReviewed"	"1 scales"	"600"	"60000"	"Fri Apr 10 03:04:47 EDT 2015"	"S03165"	"Approved"	""	"""snowman"""	"undefined"	"[""hat"",""scarf""]"	"[""middle1"",""right""]"	"[""left"",null]"	"0"	"-1"	"2"	"0"	"0"	"11"	"0"	"0"	"-1"	"-1"	"-1"	"""TRUE"""	"""target"""	"""TRUE"""	"-1"	"-1"	"-1"	"-1"	"-1"	"-1"	"""communication"""	"""n\\a"""	"""32"""	"""m"""	"1"	"0"	"1"	"2"	"0"	"""5"""	"-1"	"""hat,scarf,"""	""""""	"""scarf,"""	""""""	"""1"""	""""""
"What is he talking about? (1-2 mins)"	"Short and fun! A 1-2 minute word game about what someone is talking about."	"experiment, psychology, game"	"$0.25"	"Fri Apr 03 03:04:47 EDT 2015"	"450"	"0"	"0"	"450"	"Reviewable"	"NotReviewed"	"1 scales"	"600"	"60000"	"Fri Apr 10 03:04:47 EDT 2015"	"S29985"	"Approved"	""	"""friend"""	"""hat"""	"[""glasses"",null,null]"	"[""right""]"	"[""left"",""middle1"",null]"	"0"	"-1"	"1"	"0"	"0"	"11"	"0"	"0"	"-1"	"-1"	"-1"	"""TRUE"""	"""target"""	"""TRUE"""	"-1"	"-1"	"-1"	"-1"	"-1"	"-1"	"""How we associate names with faces."""	""""""	"""30"""	"""m"""	"1"	"0"	"2"	"0"	"1"	"""5"""	"-1"	""""""	"""hat,"""	"""hat,glasses,"""	""""""	"""2"""	"""hat,glasses,"""
"What is he talking about? (1-2 mins)"	"Short and fun! A 1-2 minute word game about what someone is talking about."	"experiment, psychology, game"	"$0.25"	"Fri Apr 03 03:04:47 EDT 2015"	"450"	"0"	"0"	"450"	"Reviewable"	"NotReviewed"	"1 scales"	"600"	"60000"	"Fri Apr 10 03:04:47 EDT 2015"	"S80542"	"Approved"	""	"""sundae"""	"""cherry"""	"[""chocolate"",""whipped cream""]"	"[""left""]"	"[""right"",null]"	"0"	"-1"	"2"	"0"	"0"	"11"	"0"	"0"	"-1"	"-1"	"-1"	"""TRUE"""	"""distractor1"""	"""FALSE"""	"-1"	"-1"	"-1"	"-1"	"-1"	"-1"	"""Human Perception"""	""""""	"""26"""	"""f"""	"3"	"0"	"0"	"1"	"2"	"""5"""	"-1"	"""cherry,whipped cream,"""	"""cherry,whipped cream,chocolate,"""	""""""	""""""	"""1"""	"""cherry,whipped cream,chocolate,"""
"What is he talking about? (1-2 mins)"	"Short and fun! A 1-2 minute word game about what someone is talking about."	"experiment, psychology, game"	"$0.25"	"Fri Apr 03 03:04:47 EDT 2015"	"450"	"0"	"0"	"450"	"Reviewable"	"NotReviewed"	"1 scales"	"600"	"60000"	"Fri Apr 10 03:04:47 EDT 2015"	"S81125"	"Approved"	""	"""snowman"""	"undefined"	"[""scarf"",""hat""]"	"[""middle2"",""middle1""]"	"[""right"",""left""]"	"0"	"-1"	"2"	"0"	"0"	"11"	"0"	"0"	"-1"	"-1"	"-1"	"""TRUE"""	"""target"""	"""TRUE"""	"-1"	"-1"	"-1"	"-1"	"-1"	"-1"	"""How we interpret words."""	""""""	"""35"""	"""m"""	"2"	"0"	"2"	"1"	"0"	"""5"""	"-1"	"""hat,scarf,"""	""""""	""""""	"""hat,"""	"""2"""	""""""
"What is he talking about? (1-2 mins)"	"Short and fun! A 1-2 minute word game about what someone is talking about."	"experiment, psychology, game"	"$0.25"	"Fri Apr 03 03:04:47 EDT 2015"	"450"	"0"	"0"	"450"	"Reviewable"	"NotReviewed"	"1 scales"	"600"	"60000"	"Fri Apr 10 03:04:47 EDT 2015"	"S19014"	"Approved"	""	"""pizza"""	"""sausage"""	"[""peppers"",""mushrooms""]"	"[""left""]"	"[""right"",null]"	"0"	"-1"	"1"	"0"	"0"	"11"	"0"	"0"	"-1"	"-1"	"-1"	"""TRUE"""	"""distractor1"""	"""FALSE"""	"-1"	"-1"	"-1"	"-1"	"-1"	"-1"	"""What pizza B ob will eat next."""	"""Why did it talk about trimming a christmas tree partway through the survey, instead of focusing on the pizza task?"""	"""38"""	"""f"""	"6"	"0"	"0"	"2"	"1"	"""5"""	"-1"	"""mushrooms,olives,peppers,sausage,"""	"""mushrooms,olives,sausage,"""	""""""	""""""	"""1"""	"""mushrooms,olives,sausage,"""
"What is he talking about? (1-2 mins)"	"Short and fun! A 1-2 minute word game about what someone is talking about."	"experiment, psychology, game"	"$0.25"	"Fri Apr 03 03:04:47 EDT 2015"	"450"	"0"	"0"	"450"	"Reviewable"	"NotReviewed"	"1 scales"	"600"	"60000"	"Fri Apr 10 03:04:47 EDT 2015"	"S24126"	"Approved"	""	"""pizza"""	"""olives"""	"[""peppers"",""mushrooms"",""sausage""]"	"[""right""]"	"[""middle2"",""middle1""]"	"0"	"-1"	"2"	"0"	"0"	"11"	"0"	"0"	"-1"	"-1"	"-1"	"""TRUE"""	"""distractor3"""	"""FALSE"""	"-1"	"-1"	"-1"	"-1"	"-1"	"-1"	"""I have no idea. What does pizza have to do with trimming the Christmas tree? :D"""	""""""	"""35"""	"""f"""	"8"	"0"	"0"	"1"	"2"	"""5"""	"-1"	"""mushrooms,olives,peppers,sausage,"""	"""mushrooms,olives,sausage,"""	"""olives,sausage,"""	"""olives,sausage,"""	"""0"""	"""mushrooms,olives,peppers,sausage,"""
"What is he talking about? (1-2 mins)"	"Short and fun! A 1-2 minute word game about what someone is talking about."	"experiment, psychology, game"	"$0.25"	"Fri Apr 03 03:04:47 EDT 2015"	"450"	"0"	"0"	"450"	"Reviewable"	"NotReviewed"	"1 scales"	"600"	"60000"	"Fri Apr 10 03:04:47 EDT 2015"	"S04397"	"Approved"	""	"""pizza"""	"undefined"	"[""olives"",""mushrooms"",null]"	"[""middle1""]"	"[""right"",""left""]"	"0"	"-1"	"2"	"0"	"0"	"11"	"0"	"0"	"-1"	"-1"	"-1"	"""TRUE"""	"""distractor2"""	"""FALSE"""	"-1"	"-1"	"-1"	"-1"	"-1"	"-1"	"""I can't quite remember the beginning part. But Bob really liked pizza."""	""""""	"""20"""	"""f"""	"1"	"0"	"0"	"2"	"1"	"""5"""	"-1"	"""mushrooms,olives,"""	""""""	"""mushrooms,"""	""""""	"""0"""	"""mushrooms,olives,"""
"What is he talking about? (1-2 mins)"	"Short and fun! A 1-2 minute word game about what someone is talking about."	"experiment, psychology, game"	"$0.25"	"Fri Apr 03 03:04:47 EDT 2015"	"450"	"0"	"0"	"450"	"Reviewable"	"NotReviewed"	"1 scales"	"600"	"60000"	"Fri Apr 10 03:04:47 EDT 2015"	"S58796"	"Approved"	""	"""pizza"""	"""mushrooms"""	"[""olives"",""peppers"",null]"	"[""left""]"	"[""right"",null]"	"0"	"-1"	"2"	"0"	"0"	"11"	"0"	"0"	"-1"	"-1"	"-1"	"""TRUE"""	"""distractor1"""	"""FALSE"""	"-1"	"-1"	"-1"	"-1"	"-1"	"-1"	"""Pizza"""	"""I'm still trying to figure out what I just read"""	"""20"""	"""m"""	"3"	"0"	"0"	"2"	"1"	"""5"""	"-1"	"""mushrooms,peppers,"""	"""mushrooms,olives,peppers,"""	""""""	""""""	"""1"""	"""mushrooms,olives,peppers,"""
"What is he talking about? (1-2 mins)"	"Short and fun! A 1-2 minute word game about what someone is talking about."	"experiment, psychology, game"	"$0.25"	"Fri Apr 03 03:04:47 EDT 2015"	"450"	"0"	"0"	"450"	"Reviewable"	"NotReviewed"	"1 scales"	"600"	"60000"	"Fri Apr 10 03:04:47 EDT 2015"	"S01314"	"Approved"	""	"""Christmas tree"""	"undefined"	"[""ornaments"",""lights"",null]"	"[""middle1""]"	"[""right"",""middle2""]"	"0"	"-1"	"2"	"0"	"0"	"11"	"0"	"0"	"-1"	"-1"	"-1"	"""TRUE"""	"""distractor3"""	"""FALSE"""	"-1"	"-1"	"-1"	"-1"	"-1"	"-1"	"""choices interpretation of non words"""	""""""	"""34"""	"""male"""	"2"	"0"	"1"	"2"	"0"	"""5"""	"-1"	"""lights,ornaments,"""	""""""	"""lights,"""	""""""	"""0"""	"""lights,ornaments,"""
"What is he talking about? (1-2 mins)"	"Short and fun! A 1-2 minute word game about what someone is talking about."	"experiment, psychology, game"	"$0.25"	"Fri Apr 03 03:04:47 EDT 2015"	"450"	"0"	"0"	"450"	"Reviewable"	"NotReviewed"	"1 scales"	"600"	"60000"	"Fri Apr 10 03:04:47 EDT 2015"	"S38300"	"Approved"	""	"""Christmas tree"""	"""lights"""	"[""ornaments"",null,null]"	"[null]"	"[""right"",""left"",null]"	"0"	"-1"	"1"	"0"	"0"	"11"	"0"	"0"	"-1"	"-1"	"-1"	"""FALSE"""	"""distractor2"""	"""FALSE"""	"-1"	"-1"	"-1"	"-1"	"-1"	"-1"	"""determine what you think people are talking about"""	""""""	"""22"""	"""m"""	"0"	"0"	"0"	"2"	"1"	"""5"""	"-1"	"""lights,ornaments,"""	"""lights,"""	""""""	""""""	"""0"""	"""lights,ornaments,"""
"What is he talking about? (1-2 mins)"	"Short and fun! A 1-2 minute word game about what someone is talking about."	"experiment, psychology, game"	"$0.25"	"Fri Apr 03 03:04:47 EDT 2015"	"450"	"0"	"0"	"450"	"Reviewable"	"NotReviewed"	"1 scales"	"600"	"60000"	"Fri Apr 10 03:04:47 EDT 2015"	"S93504"	"Approved"	""	"""boat"""	"undefined"	"[""cabin"",""sail"",null]"	"[""left""]"	"[""right"",null]"	"0"	"-1"	"2"	"0"	"0"	"11"	"0"	"0"	"-1"	"-1"	"-1"	"""TRUE"""	"""distractor1"""	"""FALSE"""	"-1"	"-1"	"-1"	"-1"	"-1"	"-1"	"""Which sailboat Bob would want to sail."""	""""""	"""24"""	"""f"""	"0"	"0"	"2"	"0"	"1"	"""5"""	"-1"	"""sail,"""	"""cabin,sail,"""	""""""	""""""	"""1"""	"""cabin,sail,"""
"What is he talking about? (1-2 mins)"	"Short and fun! A 1-2 minute word game about what someone is talking about."	"experiment, psychology, game"	"$0.25"	"Fri Apr 03 03:04:47 EDT 2015"	"450"	"0"	"0"	"450"	"Reviewable"	"NotReviewed"	"1 scales"	"600"	"60000"	"Fri Apr 10 03:04:47 EDT 2015"	"S13393"	"Approved"	""	"""friend"""	"""hat"""	"[""glasses"",null]"	"[""middle1""]"	"[""right"",""left""]"	"0"	"-1"	"1"	"0"	"0"	"11"	"0"	"0"	"-1"	"-1"	"-1"	"""TRUE"""	"""target"""	"""TRUE"""	"-1"	"-1"	"-1"	"-1"	"-1"	"-1"	"""What we thought he was talking about"""	"""This was funny"""	"""42"""	"""F"""	"1"	"0"	"2"	"1"	"0"	"""5"""	"-1"	"""hat,glasses,"""	"""hat,"""	""""""	""""""	"""1"""	"""hat,"""
"What is he talking about? (1-2 mins)"	"Short and fun! A 1-2 minute word game about what someone is talking about."	"experiment, psychology, game"	"$0.25"	"Fri Apr 03 03:04:47 EDT 2015"	"450"	"0"	"0"	"450"	"Reviewable"	"NotReviewed"	"1 scales"	"600"	"60000"	"Fri Apr 10 03:04:47 EDT 2015"	"S12448"	"Approved"	""	"""boat"""	"""sail"""	"[""cabin"",null,null]"	"[""right""]"	"[""left"",null]"	"0"	"-1"	"1"	"0"	"0"	"11"	"0"	"0"	"-1"	"-1"	"-1"	"""TRUE"""	"""target"""	"""TRUE"""	"-1"	"-1"	"-1"	"-1"	"-1"	"-1"	"""Bob buying boats"""	"""What?!"""	""""""	""""""	"0"	"0"	"0"	"1"	"2"	"""5"""	"-1"	"""sail,"""	"""cabin,sail,"""	""""""	""""""	"""1"""	"""cabin,sail,"""
"What is he talking about? (1-2 mins)"	"Short and fun! A 1-2 minute word game about what someone is talking about."	"experiment, psychology, game"	"$0.25"	"Fri Apr 03 03:04:47 EDT 2015"	"450"	"0"	"0"	"450"	"Reviewable"	"NotReviewed"	"1 scales"	"600"	"60000"	"Fri Apr 10 03:04:47 EDT 2015"	"S25188"	"Approved"	""	"""friend"""	"""hat"""	"[""glasses"",""mustache""]"	"[""middle1"",""right""]"	"[""middle2"",""left""]"	"0"	"-1"	"2"	"0"	"0"	"11"	"0"	"0"	"-1"	"-1"	"-1"	"""FALSE"""	"""target"""	"""TRUE"""	"-1"	"-1"	"-1"	"-1"	"-1"	"-1"	"""I don't know."""	""""""	"""31"""	"""m"""	"8"	"0"	"1"	"2"	"0"	"""5"""	"-1"	"""hat,glasses,mustache,bowtie,"""	"""hat,bowtie,"""	"""hat,mustache,bowtie,"""	"""hat,bowtie,"""	"""1"""	"""hat,bowtie,"""
"What is he talking about? (1-2 mins)"	"Short and fun! A 1-2 minute word game about what someone is talking about."	"experiment, psychology, game"	"$0.25"	"Fri Apr 03 03:04:47 EDT 2015"	"450"	"0"	"0"	"450"	"Reviewable"	"NotReviewed"	"1 scales"	"600"	"60000"	"Fri Apr 10 03:04:47 EDT 2015"	"S37378"	"Approved"	""	"""pizza"""	"""mushrooms"""	"[""olives"",""peppers"",null]"	"[""left""]"	"[""right"",""middle2""]"	"0"	"-1"	"1"	"0"	"0"	"11"	"0"	"0"	"-1"	"-1"	"-1"	"""TRUE"""	"""distractor3"""	"""FALSE"""	"-1"	"-1"	"-1"	"-1"	"-1"	"-1"	"""what pizza bob wanted """	"""no"""	"""47"""	"""m"""	"5"	"0"	"0"	"2"	"1"	"""5"""	"-1"	"""peppers,"""	"""mushrooms,olives,peppers,"""	"""mushrooms,peppers,"""	"""peppers,"""	"""1"""	"""mushrooms,olives,peppers,"""
"What is he talking about? (1-2 mins)"	"Short and fun! A 1-2 minute word game about what someone is talking about."	"experiment, psychology, game"	"$0.25"	"Fri Apr 03 03:04:47 EDT 2015"	"450"	"0"	"0"	"450"	"Reviewable"	"NotReviewed"	"1 scales"	"600"	"60000"	"Fri Apr 10 03:04:47 EDT 2015"	"S14201"	"Approved"	""	"""pizza"""	"""mushrooms"""	"[""olives"",""peppers"",null]"	"[""left""]"	"[""right"",null]"	"0"	"-1"	"1"	"0"	"0"	"11"	"0"	"0"	"-1"	"-1"	"-1"	"""TRUE"""	"""target"""	"""TRUE"""	"-1"	"-1"	"-1"	"-1"	"-1"	"-1"	"""I don't know"""	""""""	"""27"""	"""m"""	"3"	"0"	"2"	"1"	"0"	"""5"""	"-1"	"""mushrooms,olives,peppers,"""	"""mushrooms,peppers,"""	""""""	""""""	"""0"""	"""mushrooms,olives,peppers,"""
"What is he talking about? (1-2 mins)"	"Short and fun! A 1-2 minute word game about what someone is talking about."	"experiment, psychology, game"	"$0.25"	"Fri Apr 03 03:04:47 EDT 2015"	"450"	"0"	"0"	"450"	"Reviewable"	"NotReviewed"	"1 scales"	"600"	"60000"	"Fri Apr 10 03:04:47 EDT 2015"	"S96565"	"Approved"	""	"""Christmas tree"""	"""ornaments"""	"[""star"",""lights"",""presents""]"	"[""right""]"	"[""left"",null]"	"0"	"-1"	"2"	"0"	"0"	"11"	"0"	"0"	"-1"	"-1"	"-1"	"""TRUE"""	"""target"""	"""TRUE"""	"-1"	"-1"	"-1"	"-1"	"-1"	"-1"	"""christmas trees and mumbling"""	"""all good"""	"""27"""	"""m"""	"6"	"0"	"0"	"1"	"2"	"""5"""	"-1"	"""lights,ornaments,star,presents,"""	"""lights,ornaments,presents,"""	""""""	""""""	"""1"""	"""lights,ornaments,presents,"""
"What is he talking about? (1-2 mins)"	"Short and fun! A 1-2 minute word game about what someone is talking about."	"experiment, psychology, game"	"$0.25"	"Fri Apr 03 03:04:47 EDT 2015"	"450"	"0"	"0"	"450"	"Reviewable"	"NotReviewed"	"1 scales"	"600"	"60000"	"Fri Apr 10 03:04:47 EDT 2015"	"S30512"	"Approved"	""	"""friend"""	"undefined"	"[""glasses"",""hat""]"	"[""right""]"	"[""middle1"",""left""]"	"0"	"-1"	"2"	"0"	"0"	"11"	"0"	"0"	"-1"	"-1"	"-1"	"""TRUE"""	"""distractor2"""	"""FALSE"""	"-1"	"-1"	"-1"	"-1"	"-1"	"-1"	"""I dont know"""	"""fun"""	"""33"""	"""m"""	"1"	"0"	"2"	"1"	"0"	"""5"""	"-1"	"""hat,glasses,"""	"""hat,"""	""""""	""""""	"""0"""	"""hat,glasses,"""
"What is he talking about? (1-2 mins)"	"Short and fun! A 1-2 minute word game about what someone is talking about."	"experiment, psychology, game"	"$0.25"	"Fri Apr 03 03:04:47 EDT 2015"	"450"	"0"	"0"	"450"	"Reviewable"	"NotReviewed"	"1 scales"	"600"	"60000"	"Fri Apr 10 03:04:47 EDT 2015"	"S89576"	"Approved"	""	"""boat"""	"""cabin"""	"[""sail"",""motor"",null]"	"[""left""]"	"[""right"",""middle2""]"	"0"	"-1"	"1"	"0"	"0"	"11"	"0"	"0"	"-1"	"-1"	"-1"	"""TRUE"""	"""distractor2"""	"""FALSE"""	"-1"	"-1"	"-1"	"-1"	"-1"	"-1"	"""bob  who sails"""	""""""	"""32"""	"""f"""	"5"	"0"	"2"	"0"	"1"	"""5"""	"-1"	"""motor,"""	"""cabin,sail,motor,"""	"""cabin,motor,"""	"""motor,"""	"""2"""	"""cabin,motor,"""
"What is he talking about? (1-2 mins)"	"Short and fun! A 1-2 minute word game about what someone is talking about."	"experiment, psychology, game"	"$0.25"	"Fri Apr 03 03:04:47 EDT 2015"	"450"	"0"	"0"	"450"	"Reviewable"	"NotReviewed"	"1 scales"	"600"	"60000"	"Fri Apr 10 03:04:47 EDT 2015"	"S76863"	"Approved"	""	"""boat"""	"""sail"""	"[""cabin"",null,null]"	"[""left""]"	"[""right"",null]"	"0"	"-1"	"1"	"0"	"0"	"11"	"0"	"0"	"-1"	"-1"	"-1"	"""TRUE"""	"""distractor1"""	"""FALSE"""	"-1"	"-1"	"-1"	"-1"	"-1"	"-1"	"""understanding"""	""""""	"""59"""	"""f"""	"0"	"0"	"0"	"2"	"1"	"""5"""	"-1"	"""cabin,sail,"""	"""sail,"""	""""""	""""""	"""1"""	"""sail,"""
"What is he talking about? (1-2 mins)"	"Short and fun! A 1-2 minute word game about what someone is talking about."	"experiment, psychology, game"	"$0.25"	"Fri Apr 03 03:04:47 EDT 2015"	"450"	"0"	"0"	"450"	"Reviewable"	"NotReviewed"	"1 scales"	"600"	"60000"	"Fri Apr 10 03:04:47 EDT 2015"	"S94171"	"Approved"	""	"""pizza"""	"""olives"""	"[""mushrooms"",""peppers""]"	"[""left""]"	"[""middle2"",""right""]"	"0"	"-1"	"1"	"0"	"0"	"11"	"0"	"0"	"-1"	"-1"	"-1"	"""TRUE"""	"""distractor3"""	"""FALSE"""	"-1"	"-1"	"-1"	"-1"	"-1"	"-1"	"""Bob eating pizza"""	""""""	"""20"""	"""M"""	"8"	"0"	"0"	"2"	"1"	"""5"""	"-1"	"""peppers,sausage,"""	"""mushrooms,olives,peppers,sausage,"""	"""peppers,sausage,"""	"""olives,peppers,sausage,"""	"""1"""	"""mushrooms,olives,peppers,sausage,"""
"What is he talking about? (1-2 mins)"	"Short and fun! A 1-2 minute word game about what someone is talking about."	"experiment, psychology, game"	"$0.25"	"Fri Apr 03 03:04:47 EDT 2015"	"450"	"0"	"0"	"450"	"Reviewable"	"NotReviewed"	"1 scales"	"600"	"60000"	"Fri Apr 10 03:04:47 EDT 2015"	"S35729"	"Approved"	""	"""friend"""	"""glasses"""	"[""mustache"",""bowtie""]"	"[""left""]"	"[""middle1"",""right""]"	"0"	"-1"	"1"	"0"	"0"	"11"	"0"	"0"	"-1"	"-1"	"-1"	"""TRUE"""	"""distractor2"""	"""FALSE"""	"-1"	"-1"	"-1"	"-1"	"-1"	"-1"	"""MumbleMumble I have no idea mumble mumble. """	""""""	"""30"""	"""m"""	"7"	"0"	"1"	"0"	"2"	"""5"""	"-1"	"""hat,glasses,bowtie,"""	"""hat,bowtie,"""	"""hat,glasses,mustache,bowtie,"""	""""""	"""2"""	"""hat,glasses,mustache,bowtie,"""
"What is he talking about? (1-2 mins)"	"Short and fun! A 1-2 minute word game about what someone is talking about."	"experiment, psychology, game"	"$0.25"	"Fri Apr 03 03:04:47 EDT 2015"	"450"	"0"	"0"	"450"	"Reviewable"	"NotReviewed"	"1 scales"	"600"	"60000"	"Fri Apr 10 03:04:47 EDT 2015"	"S64101"	"Approved"	""	"""Christmas tree"""	"""star"""	"[""lights"",""presents""]"	"[""middle1""]"	"[""right"",""left""]"	"0"	"-1"	"1"	"0"	"0"	"11"	"0"	"0"	"-1"	"-1"	"-1"	"""TRUE"""	"""target"""	"""TRUE"""	"-1"	"-1"	"-1"	"-1"	"-1"	"-1"	"""Christmas trees"""	""""""	"""18"""	"""m"""	"8"	"0"	"0"	"1"	"2"	"""5"""	"-1"	"""ornaments,star,presents,"""	"""ornaments,presents,"""	"""lights,ornaments,star,presents,"""	"""ornaments,presents,"""	"""1"""	"""ornaments,presents,"""
"What is he talking about? (1-2 mins)"	"Short and fun! A 1-2 minute word game about what someone is talking about."	"experiment, psychology, game"	"$0.25"	"Fri Apr 03 03:04:47 EDT 2015"	"450"	"0"	"0"	"450"	"Reviewable"	"NotReviewed"	"1 scales"	"600"	"60000"	"Fri Apr 10 03:04:47 EDT 2015"	"S04029"	"Approved"	""	"""boat"""	"""cabin"""	"[""sail"",""motor"",null]"	"[""middle2""]"	"[""right"",""left""]"	"0"	"-1"	"2"	"0"	"0"	"11"	"0"	"0"	"-1"	"-1"	"-1"	"""TRUE"""	"""distractor3"""	"""FALSE"""	"-1"	"-1"	"-1"	"-1"	"-1"	"-1"	"""About meeting Bob."""	"""No."""	"""21"""	"""male"""	"5"	"0"	"1"	"0"	"2"	"""5"""	"-1"	"""cabin,motor,"""	"""cabin,sail,motor,"""	"""cabin,"""	"""cabin,"""	"""1"""	"""cabin,sail,motor,"""
"What is he talking about? (1-2 mins)"	"Short and fun! A 1-2 minute word game about what someone is talking about."	"experiment, psychology, game"	"$0.25"	"Fri Apr 03 03:04:47 EDT 2015"	"450"	"0"	"0"	"450"	"Reviewable"	"NotReviewed"	"1 scales"	"600"	"60000"	"Fri Apr 10 03:04:47 EDT 2015"	"S31709"	"Approved"	""	"""sundae"""	"""sprinkles"""	"[""chocolate"",""cherry""]"	"[""right"",""left""]"	"[""middle1"",""middle2""]"	"0"	"-1"	"2"	"0"	"0"	"11"	"0"	"0"	"-1"	"-1"	"-1"	"""TRUE"""	"""distractor2"""	"""FALSE"""	"-1"	"-1"	"-1"	"-1"	"-1"	"-1"	"""Bob who eats Sundaes """	"""Enjoyed."""	"""37"""	"""m"""	"8"	"0"	"1"	"2"	"0"	"""5"""	"-1"	"""whipped cream,sprinkles,"""	"""cherry,whipped cream,sprinkles,"""	"""cherry,whipped cream,chocolate,sprinkles,"""	"""whipped cream,sprinkles,"""	"""2"""	"""cherry,whipped cream,chocolate,sprinkles,"""
"What is he talking about? (1-2 mins)"	"Short and fun! A 1-2 minute word game about what someone is talking about."	"experiment, psychology, game"	"$0.25"	"Fri Apr 03 03:04:47 EDT 2015"	"450"	"0"	"0"	"450"	"Reviewable"	"NotReviewed"	"1 scales"	"600"	"60000"	"Fri Apr 10 03:04:47 EDT 2015"	"S33858"	"Approved"	""	"""friend"""	"""mustache"""	"[""bowtie"",""glasses""]"	"[""right"",""left""]"	"[null,null]"	"0"	"-1"	"2"	"0"	"0"	"11"	"0"	"0"	"-1"	"-1"	"-1"	"""TRUE"""	"""target"""	"""TRUE"""	"-1"	"-1"	"-1"	"-1"	"-1"	"-1"	"""What does his friend look like"""	""""""	""""""	"""m"""	"6"	"0"	"0"	"2"	"1"	"""5"""	"-1"	"""hat,glasses,mustache,bowtie,"""	"""hat,glasses,mustache,"""	""""""	""""""	"""1"""	"""hat,glasses,mustache,"""
"What is he talking about? (1-2 mins)"	"Short and fun! A 1-2 minute word game about what someone is talking about."	"experiment, psychology, game"	"$0.25"	"Fri Apr 03 03:04:47 EDT 2015"	"450"	"0"	"0"	"450"	"Reviewable"	"NotReviewed"	"1 scales"	"600"	"60000"	"Fri Apr 10 03:04:47 EDT 2015"	"S78361"	"Approved"	""	"""sundae"""	"""cherry"""	"[""whipped cream"",null]"	"[""right""]"	"[""middle2"",""left"",""middle1""]"	"0"	"-1"	"1"	"0"	"0"	"11"	"0"	"0"	"-1"	"-1"	"-1"	"""TRUE"""	"""distractor3"""	"""FALSE"""	"-1"	"-1"	"-1"	"-1"	"-1"	"-1"	"""food"""	""""""	""""""	"""m"""	"2"	"0"	"1"	"2"	"0"	"""5"""	"-1"	""""""	"""cherry,whipped cream,"""	""""""	"""cherry,"""	"""1"""	"""cherry,whipped cream,"""
"What is he talking about? (1-2 mins)"	"Short and fun! A 1-2 minute word game about what someone is talking about."	"experiment, psychology, game"	"$0.25"	"Fri Apr 03 03:04:47 EDT 2015"	"450"	"0"	"0"	"450"	"Reviewable"	"NotReviewed"	"1 scales"	"600"	"60000"	"Fri Apr 10 03:04:47 EDT 2015"	"S79369"	"Approved"	""	"""sundae"""	"""cherry"""	"[""whipped cream"",null]"	"[null]"	"[""right"",""left"",null]"	"0"	"-1"	"1"	"0"	"0"	"11"	"0"	"0"	"-1"	"-1"	"-1"	"""TRUE"""	"""distractor1"""	"""FALSE"""	"-1"	"-1"	"-1"	"-1"	"-1"	"-1"	"""Figuring out what Bob said"""	""""""	""""""	""""""	"0"	"0"	"0"	"2"	"1"	"""5"""	"-1"	"""cherry,whipped cream,"""	"""cherry,"""	""""""	""""""	"""1"""	"""cherry,"""
"What is he talking about? (1-2 mins)"	"Short and fun! A 1-2 minute word game about what someone is talking about."	"experiment, psychology, game"	"$0.25"	"Fri Apr 03 03:04:47 EDT 2015"	"450"	"0"	"0"	"450"	"Reviewable"	"NotReviewed"	"1 scales"	"600"	"60000"	"Fri Apr 10 03:04:47 EDT 2015"	"S91692"	"Approved"	""	"""Christmas tree"""	"""ornaments"""	"[""lights"",null,null]"	"[null]"	"[""right"",""left"",null]"	"0"	"-1"	"1"	"0"	"0"	"11"	"0"	"0"	"-1"	"-1"	"-1"	"""TRUE"""	"""distractor1"""	"""FALSE"""	"-1"	"-1"	"-1"	"-1"	"-1"	"-1"	"""Figuring out what was said"""	""""""	"""28"""	"""M"""	"0"	"0"	"2"	"0"	"1"	"""5"""	"-1"	"""lights,ornaments,"""	"""ornaments,"""	""""""	""""""	"""1"""	"""ornaments,"""
"What is he talking about? (1-2 mins)"	"Short and fun! A 1-2 minute word game about what someone is talking about."	"experiment, psychology, game"	"$0.25"	"Fri Apr 03 03:04:47 EDT 2015"	"450"	"0"	"0"	"450"	"Reviewable"	"NotReviewed"	"1 scales"	"600"	"60000"	"Fri Apr 10 03:04:47 EDT 2015"	"S85513"	"Approved"	""	"""snowman"""	"""scarf"""	"[""mittens"",""hat"",""belt""]"	"[""left"",""right""]"	"[null,null]"	"0"	"-1"	"2"	"0"	"0"	"11"	"0"	"0"	"-1"	"-1"	"-1"	"""TRUE"""	"""target"""	"""TRUE"""	"-1"	"-1"	"-1"	"-1"	"-1"	"-1"	"""I'm not sure"""	""""""	"""29"""	"""m"""	"6"	"0"	"1"	"0"	"2"	"""5"""	"-1"	"""hat,scarf,belt,"""	"""hat,scarf,mittens,belt,"""	""""""	""""""	"""1"""	"""hat,scarf,mittens,belt,"""
"What is he talking about? (1-2 mins)"	"Short and fun! A 1-2 minute word game about what someone is talking about."	"experiment, psychology, game"	"$0.25"	"Fri Apr 03 03:04:47 EDT 2015"	"450"	"0"	"0"	"450"	"Reviewable"	"NotReviewed"	"1 scales"	"600"	"60000"	"Fri Apr 10 03:04:47 EDT 2015"	"S75257"	"Approved"	""	"""boat"""	"""flag"""	"[""sail"",""cabin""]"	"[""right""]"	"[""left"",""middle1"",null]"	"0"	"-1"	"1"	"0"	"0"	"11"	"0"	"0"	"-1"	"-1"	"-1"	"""TRUE"""	"""distractor1"""	"""FALSE"""	"-1"	"-1"	"-1"	"-1"	"-1"	"-1"	"""bob's loving for sailing and tree cutting"""	"""Not quite. Perhaps you want to know if I know what this survey is about. I do not. But if I were to guess, I'd say it has to to with how the structure or associations we make with certain words (mumble...) are linked with certain movements (a boat in choppy waters).  Btw, what's 'other' gender? I thought there were only two possible genders, although there may be sexual preferences. """	"""34"""	"""m """	"7"	"0"	"1"	"0"	"2"	"""5"""	"-1"	"""cabin,motor,"""	"""cabin,motor,flag,"""	"""cabin,sail,motor,flag,"""	""""""	"""0"""	"""cabin,motor,"""
"What is he talking about? (1-2 mins)"	"Short and fun! A 1-2 minute word game about what someone is talking about."	"experiment, psychology, game"	"$0.25"	"Fri Apr 03 03:04:47 EDT 2015"	"450"	"0"	"0"	"450"	"Reviewable"	"NotReviewed"	"1 scales"	"600"	"60000"	"Fri Apr 10 03:04:47 EDT 2015"	"S03375"	"Approved"	""	"""pizza"""	"""olives"""	"[""peppers"",""sausage""]"	"[""left""]"	"[""right"",null]"	"0"	"-1"	"1"	"0"	"0"	"11"	"0"	"0"	"-1"	"-1"	"-1"	"""TRUE"""	"""distractor1"""	"""FALSE"""	"-1"	"-1"	"-1"	"-1"	"-1"	"-1"	"""Bob can only speak one word mumble mumble and we had to figure which pizza he was talking about"""	"""no"""	"""25"""	"""f"""	"6"	"0"	"2"	"1"	"0"	"""5"""	"-1"	"""mushrooms,olives,peppers,sausage,"""	"""mushrooms,olives,sausage,"""	""""""	""""""	"""1"""	"""mushrooms,olives,sausage,"""
"What is he talking about? (1-2 mins)"	"Short and fun! A 1-2 minute word game about what someone is talking about."	"experiment, psychology, game"	"$0.25"	"Fri Apr 03 03:04:47 EDT 2015"	"450"	"0"	"0"	"450"	"Reviewable"	"NotReviewed"	"1 scales"	"600"	"60000"	"Fri Apr 10 03:04:47 EDT 2015"	"S46109"	"Approved"	""	"""sundae"""	"""chocolate"""	"[""whipped cream"",""cherry""]"	"[""left""]"	"[""right"",null]"	"0"	"-1"	"1"	"0"	"0"	"11"	"0"	"0"	"-1"	"-1"	"-1"	"""TRUE"""	"""target"""	"""TRUE"""	"-1"	"-1"	"-1"	"-1"	"-1"	"-1"	"""About Bob liking sundaes, then trimming a christmas tree."""	"""Was the christmas tree trimming meant to be there?"""	"""21"""	"""m"""	"3"	"0"	"1"	"0"	"2"	"""5"""	"-1"	"""cherry,whipped cream,chocolate,"""	"""cherry,chocolate,"""	""""""	""""""	"""0"""	"""cherry,whipped cream,chocolate,"""
"What is he talking about? (1-2 mins)"	"Short and fun! A 1-2 minute word game about what someone is talking about."	"experiment, psychology, game"	"$0.25"	"Fri Apr 03 03:04:47 EDT 2015"	"450"	"0"	"0"	"450"	"Reviewable"	"NotReviewed"	"1 scales"	"600"	"60000"	"Fri Apr 10 03:04:47 EDT 2015"	"S26738"	"Approved"	""	"""boat"""	"""sail"""	"[""flag"",""motor""]"	"[""left""]"	"[""right"",null]"	"0"	"-1"	"2"	"0"	"0"	"11"	"0"	"0"	"-1"	"-1"	"-1"	"""TRUE"""	"""target"""	"""TRUE"""	"-1"	"-1"	"-1"	"-1"	"-1"	"-1"	"""Guessing which boat he was talking about"""	""""""	""""""	"""m"""	"6"	"0"	"2"	"1"	"0"	"""5"""	"-1"	"""cabin,sail,motor,"""	"""cabin,sail,motor,flag,"""	""""""	""""""	"""0"""	"""cabin,sail,motor,"""
"What is he talking about? (1-2 mins)"	"Short and fun! A 1-2 minute word game about what someone is talking about."	"experiment, psychology, game"	"$0.25"	"Fri Apr 03 03:04:47 EDT 2015"	"450"	"0"	"0"	"450"	"Reviewable"	"NotReviewed"	"1 scales"	"600"	"60000"	"Fri Apr 10 03:04:47 EDT 2015"	"S53995"	"Approved"	""	"""sundae"""	"undefined"	"[""cherry"",""whipped cream""]"	"[""right""]"	"[""left"",""middle2""]"	"0"	"-1"	"2"	"0"	"0"	"11"	"0"	"0"	"-1"	"-1"	"-1"	"""TRUE"""	"""distractor3"""	"""FALSE"""	"-1"	"-1"	"-1"	"-1"	"-1"	"-1"	"""Not sure"""	""""""	"""37"""	"""m"""	"2"	"0"	"2"	"1"	"0"	"""5"""	"-1"	""""""	"""cherry,whipped cream,"""	"""whipped cream,"""	""""""	"""1"""	"""cherry,whipped cream,"""
"What is he talking about? (1-2 mins)"	"Short and fun! A 1-2 minute word game about what someone is talking about."	"experiment, psychology, game"	"$0.25"	"Fri Apr 03 03:04:47 EDT 2015"	"450"	"0"	"0"	"450"	"Reviewable"	"NotReviewed"	"1 scales"	"600"	"60000"	"Fri Apr 10 03:04:47 EDT 2015"	"S26082"	"Approved"	""	"""Christmas tree"""	"""ornaments"""	"[""presents"",""lights"",""star""]"	"[""right"",""left""]"	"[""middle1"",null]"	"0"	"-1"	"2"	"0"	"0"	"11"	"0"	"0"	"-1"	"-1"	"-1"	"""FALSE"""	"""target"""	"""TRUE"""	"-1"	"-1"	"-1"	"-1"	"-1"	"-1"	"""Inference based on observation."""	"""No"""	"""44"""	"""m"""	"7"	"0"	"0"	"1"	"2"	"""5"""	"-1"	"""lights,ornaments,star,"""	"""lights,ornaments,star,presents,"""	"""ornaments,star,"""	""""""	"""2"""	"""ornaments,star,"""
"What is he talking about? (1-2 mins)"	"Short and fun! A 1-2 minute word game about what someone is talking about."	"experiment, psychology, game"	"$0.25"	"Fri Apr 03 03:04:47 EDT 2015"	"450"	"0"	"0"	"450"	"Reviewable"	"NotReviewed"	"1 scales"	"600"	"60000"	"Fri Apr 10 03:04:47 EDT 2015"	"S66688"	"Approved"	""	"""pizza"""	"""olives"""	"[""peppers"",""mushrooms"",null]"	"[""middle2"",""middle1""]"	"[""left"",""right""]"	"0"	"-1"	"2"	"0"	"0"	"11"	"0"	"0"	"-1"	"-1"	"-1"	"""TRUE"""	"""distractor1"""	"""FALSE"""	"-1"	"-1"	"-1"	"-1"	"-1"	"-1"	"""Which pizza he was talking about... I guess!"""	"""No, thanks!"""	"""49"""	"""f"""	"5"	"0"	"1"	"0"	"2"	"""5"""	"-1"	"""mushrooms,olives,"""	"""olives,"""	"""olives,"""	"""mushrooms,olives,peppers,"""	"""0"""	"""mushrooms,olives,"""
"What is he talking about? (1-2 mins)"	"Short and fun! A 1-2 minute word game about what someone is talking about."	"experiment, psychology, game"	"$0.25"	"Fri Apr 03 03:04:47 EDT 2015"	"450"	"0"	"0"	"450"	"Reviewable"	"NotReviewed"	"1 scales"	"600"	"60000"	"Fri Apr 10 03:04:47 EDT 2015"	"S26528"	"Approved"	""	"""snowman"""	"""hat"""	"[""scarf"",null]"	"[null]"	"[""left"",""right"",null]"	"0"	"-1"	"1"	"0"	"0"	"11"	"0"	"0"	"-1"	"-1"	"-1"	"""TRUE"""	"""distractor2"""	"""FALSE"""	"-1"	"-1"	"-1"	"-1"	"-1"	"-1"	"""What was Bob talking about referring to his snowmen"""	"""Was interesting"""	"""57"""	"""f"""	"0"	"0"	"2"	"0"	"1"	"""5"""	"-1"	"""hat,"""	"""hat,scarf,"""	""""""	""""""	"""1"""	"""hat,scarf,"""
"What is he talking about? (1-2 mins)"	"Short and fun! A 1-2 minute word game about what someone is talking about."	"experiment, psychology, game"	"$0.25"	"Fri Apr 03 03:04:47 EDT 2015"	"450"	"0"	"0"	"450"	"Reviewable"	"NotReviewed"	"1 scales"	"600"	"60000"	"Fri Apr 10 03:04:47 EDT 2015"	"S67026"	"Approved"	""	"""Christmas tree"""	"""star"""	"[""lights"",""ornaments"",null]"	"[""left""]"	"[""right"",null]"	"0"	"-1"	"2"	"0"	"0"	"11"	"0"	"0"	"-1"	"-1"	"-1"	"""TRUE"""	"""distractor1"""	"""FALSE"""	"-1"	"-1"	"-1"	"-1"	"-1"	"-1"	"""Word connotation """	""""""	"""32"""	"""M"""	"3"	"0"	"2"	"1"	"0"	"""5"""	"-1"	"""ornaments,star,"""	"""lights,ornaments,star,"""	""""""	""""""	"""1"""	"""lights,ornaments,star,"""
"What is he talking about? (1-2 mins)"	"Short and fun! A 1-2 minute word game about what someone is talking about."	"experiment, psychology, game"	"$0.25"	"Fri Apr 03 03:04:47 EDT 2015"	"450"	"0"	"0"	"450"	"Reviewable"	"NotReviewed"	"1 scales"	"600"	"60000"	"Fri Apr 10 03:04:47 EDT 2015"	"S10631"	"Approved"	""	"""Christmas tree"""	"""lights"""	"[""ornaments"",""star""]"	"[""right""]"	"[""middle1"",""left""]"	"0"	"-1"	"1"	"0"	"0"	"11"	"0"	"0"	"-1"	"-1"	"-1"	"""TRUE"""	"""target"""	"""TRUE"""	"-1"	"-1"	"-1"	"-1"	"-1"	"-1"	"""how we interpret choices"""	""""""	"""54"""	"""m"""	"7"	"0"	"1"	"0"	"2"	"""5"""	"-1"	"""lights,ornaments,star,presents,"""	"""star,presents,"""	"""lights,star,presents,"""	""""""	"""2"""	"""lights,star,presents,"""
"What is he talking about? (1-2 mins)"	"Short and fun! A 1-2 minute word game about what someone is talking about."	"experiment, psychology, game"	"$0.25"	"Fri Apr 03 03:04:47 EDT 2015"	"450"	"0"	"0"	"450"	"Reviewable"	"NotReviewed"	"1 scales"	"600"	"60000"	"Fri Apr 10 03:04:47 EDT 2015"	"S27625"	"Approved"	""	"""snowman"""	"""mittens"""	"[""hat"",""scarf"",null]"	"[null]"	"[""right"",""left"",null]"	"0"	"-1"	"1"	"0"	"0"	"11"	"0"	"0"	"-1"	"-1"	"-1"	"""TRUE"""	"""distractor2"""	"""FALSE"""	"-1"	"-1"	"-1"	"-1"	"-1"	"-1"	"""Snowmen"""	""""""	"""29"""	"""f"""	"3"	"0"	"0"	"1"	"2"	"""5"""	"-1"	"""hat,scarf,mittens,"""	"""scarf,mittens,"""	""""""	""""""	"""0"""	"""hat,scarf,mittens,"""
"What is he talking about? (1-2 mins)"	"Short and fun! A 1-2 minute word game about what someone is talking about."	"experiment, psychology, game"	"$0.25"	"Fri Apr 03 03:04:47 EDT 2015"	"450"	"0"	"0"	"450"	"Reviewable"	"NotReviewed"	"1 scales"	"600"	"60000"	"Fri Apr 10 03:04:47 EDT 2015"	"S81412"	"Approved"	""	"""boat"""	"undefined"	"[""sail"",""cabin"",null]"	"[""middle2""]"	"[""middle1"",""left""]"	"0"	"-1"	"2"	"0"	"0"	"11"	"0"	"0"	"-1"	"-1"	"-1"	"""TRUE"""	"""distractor3"""	"""FALSE"""	"-1"	"-1"	"-1"	"-1"	"-1"	"-1"	"""I don't know"""	""""""	"""29"""	"""f"""	"2"	"0"	"1"	"0"	"2"	"""5"""	"-1"	"""cabin,"""	""""""	""""""	"""cabin,sail,"""	"""3"""	"""cabin,sail,"""
"What is he talking about? (1-2 mins)"	"Short and fun! A 1-2 minute word game about what someone is talking about."	"experiment, psychology, game"	"$0.25"	"Fri Apr 03 03:04:47 EDT 2015"	"450"	"0"	"0"	"450"	"Reviewable"	"NotReviewed"	"1 scales"	"600"	"60000"	"Fri Apr 10 03:04:47 EDT 2015"	"S01049"	"Approved"	""	"""pizza"""	"""peppers"""	"[""mushrooms"",""olives""]"	"[""right""]"	"[""left"",""middle1""]"	"0"	"-1"	"1"	"0"	"0"	"11"	"0"	"0"	"-1"	"-1"	"-1"	"""TRUE"""	"""distractor2"""	"""FALSE"""	"-1"	"-1"	"-1"	"-1"	"-1"	"-1"	"""Pizza?"""	"""No"""	"""25"""	"""m"""	"4"	"0"	"1"	"0"	"2"	"""5"""	"-1"	"""olives,"""	"""mushrooms,olives,peppers,"""	"""olives,peppers,"""	""""""	"""1"""	"""mushrooms,olives,peppers,"""
"What is he talking about? (1-2 mins)"	"Short and fun! A 1-2 minute word game about what someone is talking about."	"experiment, psychology, game"	"$0.25"	"Fri Apr 03 03:04:47 EDT 2015"	"450"	"0"	"0"	"450"	"Reviewable"	"NotReviewed"	"1 scales"	"600"	"60000"	"Fri Apr 10 03:04:47 EDT 2015"	"S40021"	"Approved"	""	"""sundae"""	"""chocolate"""	"[""sprinkles"",""cherry"",""whipped cream""]"	"[""middle1"",""left""]"	"[""right"",null]"	"0"	"-1"	"2"	"0"	"0"	"11"	"0"	"0"	"-1"	"-1"	"-1"	"""TRUE"""	"""distractor1"""	"""FALSE"""	"-1"	"-1"	"-1"	"-1"	"-1"	"-1"	"""it asks if i was able to understand what bob wanted without him clearly being able to tell me exactly what he wanted."""	"""n/a"""	"""27"""	"""m"""	"7"	"0"	"2"	"1"	"0"	"""5"""	"-1"	"""cherry,whipped cream,chocolate,"""	"""whipped cream,chocolate,"""	"""cherry,whipped cream,chocolate,sprinkles,"""	""""""	"""2"""	"""cherry,whipped cream,chocolate,sprinkles,"""
"What is he talking about? (1-2 mins)"	"Short and fun! A 1-2 minute word game about what someone is talking about."	"experiment, psychology, game"	"$0.25"	"Fri Apr 03 03:04:47 EDT 2015"	"450"	"0"	"0"	"450"	"Reviewable"	"NotReviewed"	"1 scales"	"600"	"60000"	"Fri Apr 10 03:04:47 EDT 2015"	"S11829"	"Approved"	""	"""friend"""	"""bowtie"""	"[""glasses"",""mustache"",""hat""]"	"[""left""]"	"[""right"",""middle1""]"	"0"	"-1"	"2"	"0"	"0"	"11"	"0"	"0"	"-1"	"-1"	"-1"	"""TRUE"""	"""distractor3"""	"""FALSE"""	"-1"	"-1"	"-1"	"-1"	"-1"	"-1"	"""Making inferences about language using limited information."""	""""""	"""27"""	"""male"""	"8"	"0"	"2"	"0"	"1"	"""5"""	"-1"	"""hat,bowtie,"""	"""hat,mustache,bowtie,"""	"""hat,glasses,mustache,bowtie,"""	"""hat,bowtie,"""	"""2"""	"""hat,glasses,mustache,bowtie,"""
"What is he talking about? (1-2 mins)"	"Short and fun! A 1-2 minute word game about what someone is talking about."	"experiment, psychology, game"	"$0.25"	"Fri Apr 03 03:04:47 EDT 2015"	"450"	"0"	"0"	"450"	"Reviewable"	"NotReviewed"	"1 scales"	"600"	"60000"	"Fri Apr 10 03:04:47 EDT 2015"	"S35879"	"Approved"	""	"""snowman"""	"""belt"""	"[""hat"",""mittens""]"	"[""left""]"	"[""right"",null]"	"0"	"-1"	"2"	"0"	"0"	"11"	"0"	"0"	"-1"	"-1"	"-1"	"""TRUE"""	"""distractor1"""	"""FALSE"""	"-1"	"-1"	"-1"	"-1"	"-1"	"-1"	"""Judging what someone says by what little context clues we had."""	"""Interesting study!"""	"""23"""	"""m"""	"6"	"0"	"1"	"0"	"2"	"""5"""	"-1"	"""scarf,mittens,belt,"""	"""hat,scarf,mittens,belt,"""	""""""	""""""	"""1"""	"""hat,scarf,mittens,belt,"""
"What is he talking about? (1-2 mins)"	"Short and fun! A 1-2 minute word game about what someone is talking about."	"experiment, psychology, game"	"$0.25"	"Fri Apr 03 03:04:47 EDT 2015"	"450"	"0"	"0"	"450"	"Reviewable"	"NotReviewed"	"1 scales"	"600"	"60000"	"Fri Apr 10 03:04:47 EDT 2015"	"S71748"	"Approved"	""	"""Christmas tree"""	"""lights"""	"[""ornaments"",""star""]"	"[""left""]"	"[""middle1"",""right""]"	"0"	"-1"	"2"	"0"	"0"	"11"	"0"	"0"	"-1"	"-1"	"-1"	"""TRUE"""	"""distractor2"""	"""FALSE"""	"-1"	"-1"	"-1"	"-1"	"-1"	"-1"	"""Figuring out what Bob said"""	"""No"""	"""22"""	"""Male"""	"4"	"0"	"2"	"1"	"0"	"""5"""	"-1"	"""lights,"""	"""lights,star,"""	"""lights,ornaments,star,"""	""""""	"""2"""	"""lights,ornaments,star,"""
"What is he talking about? (1-2 mins)"	"Short and fun! A 1-2 minute word game about what someone is talking about."	"experiment, psychology, game"	"$0.25"	"Fri Apr 03 03:04:47 EDT 2015"	"450"	"0"	"0"	"450"	"Reviewable"	"NotReviewed"	"1 scales"	"600"	"60000"	"Fri Apr 10 03:04:47 EDT 2015"	"S31922"	"Approved"	""	"""snowman"""	"""scarf"""	"[""mittens"",""hat""]"	"[""middle1"",""left""]"	"[""right"",""middle2""]"	"0"	"-1"	"2"	"0"	"0"	"11"	"0"	"0"	"-1"	"-1"	"-1"	"""TRUE"""	"""distractor1"""	"""FALSE"""	"-1"	"-1"	"-1"	"-1"	"-1"	"-1"	"""Random selection of an object given nonsense words"""	""""""	"""19"""	"""F"""	"5"	"0"	"0"	"1"	"2"	"""5"""	"-1"	"""scarf,"""	"""scarf,"""	"""hat,scarf,mittens,"""	"""hat,scarf,"""	"""3"""	"""hat,scarf,"""
"What is he talking about? (1-2 mins)"	"Short and fun! A 1-2 minute word game about what someone is talking about."	"experiment, psychology, game"	"$0.25"	"Fri Apr 03 03:04:47 EDT 2015"	"450"	"0"	"0"	"450"	"Reviewable"	"NotReviewed"	"1 scales"	"600"	"60000"	"Fri Apr 10 03:04:47 EDT 2015"	"S30247"	"Approved"	""	"""friend"""	"undefined"	"[""glasses"",""hat"",null]"	"[""middle1"",""left""]"	"[""right"",null]"	"0"	"-1"	"2"	"0"	"0"	"11"	"0"	"0"	"-1"	"-1"	"-1"	"""TRUE"""	"""distractor1"""	"""FALSE"""	"-1"	"-1"	"-1"	"-1"	"-1"	"-1"	"""Bob meeting one of his friends. """	""""""	"""29"""	"""M"""	"1"	"0"	"2"	"0"	"1"	"""5"""	"-1"	"""hat,"""	""""""	"""hat,glasses,"""	""""""	"""2"""	"""hat,glasses,"""
"What is he talking about? (1-2 mins)"	"Short and fun! A 1-2 minute word game about what someone is talking about."	"experiment, psychology, game"	"$0.25"	"Fri Apr 03 03:04:47 EDT 2015"	"450"	"0"	"0"	"450"	"Reviewable"	"NotReviewed"	"1 scales"	"600"	"60000"	"Fri Apr 10 03:04:47 EDT 2015"	"S02477"	"Approved"	""	"""sundae"""	"""chocolate"""	"[""cherry"",""whipped cream"",""sprinkles""]"	"[""right"",""left""]"	"[null,null]"	"0"	"-1"	"2"	"0"	"0"	"11"	"0"	"0"	"-1"	"-1"	"-1"	"""TRUE"""	"""target"""	"""TRUE"""	"-1"	"-1"	"-1"	"-1"	"-1"	"-1"	"""Sundaes and how he makes them on friday and i cant hear what he says"""	""""""	"""25"""	"""male"""	"6"	"0"	"2"	"1"	"0"	"""5"""	"-1"	"""cherry,whipped cream,chocolate,sprinkles,"""	"""whipped cream,chocolate,sprinkles,"""	""""""	""""""	"""0"""	"""cherry,whipped cream,chocolate,sprinkles,"""
"What is he talking about? (1-2 mins)"	"Short and fun! A 1-2 minute word game about what someone is talking about."	"experiment, psychology, game"	"$0.25"	"Fri Apr 03 03:04:47 EDT 2015"	"450"	"0"	"0"	"450"	"Reviewable"	"NotReviewed"	"1 scales"	"600"	"60000"	"Fri Apr 10 03:04:47 EDT 2015"	"S48956"	"Approved"	""	"""sundae"""	"""whipped cream"""	"[""chocolate"",""sprinkles"",""cherry""]"	"[""right""]"	"[""left"",null]"	"0"	"-1"	"1"	"0"	"0"	"11"	"0"	"0"	"-1"	"-1"	"-1"	"""TRUE"""	"""target"""	"""TRUE"""	"-1"	"-1"	"-1"	"-1"	"-1"	"-1"	"""Bob and his sundaes."""	"""This was fun to take. Thank you for the survey."""	"""21"""	"""F"""	"6"	"0"	"1"	"2"	"0"	"""5"""	"-1"	"""cherry,whipped cream,sprinkles,"""	"""cherry,whipped cream,chocolate,sprinkles,"""	""""""	""""""	"""1"""	"""cherry,whipped cream,chocolate,sprinkles,"""
"What is he talking about? (1-2 mins)"	"Short and fun! A 1-2 minute word game about what someone is talking about."	"experiment, psychology, game"	"$0.25"	"Fri Apr 03 03:04:47 EDT 2015"	"450"	"0"	"0"	"450"	"Reviewable"	"NotReviewed"	"1 scales"	"600"	"60000"	"Fri Apr 10 03:04:47 EDT 2015"	"S20797"	"Approved"	""	"""boat"""	"""cabin"""	"[""sail"",""motor""]"	"[""right""]"	"[""left"",null]"	"0"	"-1"	"2"	"0"	"0"	"11"	"0"	"0"	"-1"	"-1"	"-1"	"""TRUE"""	"""target"""	"""TRUE"""	"-1"	"-1"	"-1"	"-1"	"-1"	"-1"	"""Deciding which boat Bob would rent"""	""""""	"""47"""	"""F"""	"3"	"0"	"0"	"2"	"1"	"""5"""	"-1"	"""cabin,sail,motor,"""	"""cabin,motor,"""	""""""	""""""	"""1"""	"""cabin,motor,"""
"What is he talking about? (1-2 mins)"	"Short and fun! A 1-2 minute word game about what someone is talking about."	"experiment, psychology, game"	"$0.25"	"Fri Apr 03 03:04:47 EDT 2015"	"450"	"0"	"0"	"450"	"Reviewable"	"NotReviewed"	"1 scales"	"600"	"60000"	"Fri Apr 10 03:04:47 EDT 2015"	"S14414"	"Approved"	""	"""pizza"""	"undefined"	"[""mushrooms"",""olives""]"	"[""right""]"	"[""left"",null]"	"0"	"-1"	"2"	"0"	"0"	"11"	"0"	"0"	"-1"	"-1"	"-1"	"""TRUE"""	"""distractor1"""	"""FALSE"""	"-1"	"-1"	"-1"	"-1"	"-1"	"-1"	"""Trying to infer what someone is talking about when they don't say anything."""	"""Somewhat confusing"""	"""27"""	"""m"""	"0"	"0"	"0"	"1"	"2"	"""5"""	"-1"	"""mushrooms,olives,"""	"""olives,"""	""""""	""""""	"""0"""	"""mushrooms,olives,"""
"What is he talking about? (1-2 mins)"	"Short and fun! A 1-2 minute word game about what someone is talking about."	"experiment, psychology, game"	"$0.25"	"Fri Apr 03 03:04:47 EDT 2015"	"450"	"0"	"0"	"450"	"Reviewable"	"NotReviewed"	"1 scales"	"600"	"60000"	"Fri Apr 10 03:04:47 EDT 2015"	"S89794"	"Approved"	""	"""friend"""	"""glasses"""	"[""hat"",null,null]"	"[""middle1""]"	"[""right"",""middle2"",""left""]"	"0"	"-1"	"1"	"0"	"0"	"11"	"0"	"0"	"-1"	"-1"	"-1"	"""TRUE"""	"""distractor1"""	"""FALSE"""	"-1"	"-1"	"-1"	"-1"	"-1"	"-1"	"""how appearance effects comminication"""	""""""	"""27"""	"""m"""	"2"	"0"	"0"	"2"	"1"	"""5"""	"-1"	"""hat,glasses,"""	"""glasses,"""	""""""	""""""	"""3"""	""""""
"What is he talking about? (1-2 mins)"	"Short and fun! A 1-2 minute word game about what someone is talking about."	"experiment, psychology, game"	"$0.25"	"Fri Apr 03 03:04:47 EDT 2015"	"450"	"0"	"0"	"450"	"Reviewable"	"NotReviewed"	"1 scales"	"600"	"60000"	"Fri Apr 10 03:04:47 EDT 2015"	"S66865"	"Approved"	""	"""friend"""	"""hat"""	"[""glasses"",""mustache""]"	"[""middle1""]"	"[""left"",""right"",null]"	"0"	"-1"	"1"	"0"	"0"	"11"	"0"	"0"	"-1"	"-1"	"-1"	"""TRUE"""	"""distractor2"""	"""FALSE"""	"-1"	"-1"	"-1"	"-1"	"-1"	"-1"	"""Making choices"""	""""""	"""36"""	"""M"""	"7"	"0"	"2"	"1"	"0"	"""5"""	"-1"	"""mustache,bowtie,"""	"""hat,glasses,mustache,bowtie,"""	"""hat,mustache,bowtie,"""	""""""	"""2"""	"""hat,mustache,bowtie,"""
"What is he talking about? (1-2 mins)"	"Short and fun! A 1-2 minute word game about what someone is talking about."	"experiment, psychology, game"	"$0.25"	"Fri Apr 03 03:04:47 EDT 2015"	"450"	"0"	"0"	"450"	"Reviewable"	"NotReviewed"	"1 scales"	"600"	"60000"	"Fri Apr 10 03:04:47 EDT 2015"	"S98005"	"Approved"	""	"""sundae"""	"""cherry"""	"[""whipped cream"",null]"	"[""right""]"	"[""middle1"",""left"",""middle2""]"	"0"	"-1"	"1"	"0"	"0"	"11"	"0"	"0"	"-1"	"-1"	"-1"	"""TRUE"""	"""distractor3"""	"""FALSE"""	"-1"	"-1"	"-1"	"-1"	"-1"	"-1"	"""Sundaes"""	"""It also asks about Christmas trees"""	"""54"""	"""f"""	"2"	"0"	"1"	"0"	"2"	"""5"""	"-1"	""""""	""""""	"""cherry,whipped cream,"""	"""cherry,"""	"""2"""	"""cherry,whipped cream,"""
"What is he talking about? (1-2 mins)"	"Short and fun! A 1-2 minute word game about what someone is talking about."	"experiment, psychology, game"	"$0.25"	"Fri Apr 03 03:04:47 EDT 2015"	"450"	"0"	"0"	"450"	"Reviewable"	"NotReviewed"	"1 scales"	"600"	"60000"	"Fri Apr 10 03:04:47 EDT 2015"	"S70816"	"Approved"	""	"""boat"""	"""sail"""	"[""cabin"",null]"	"[""right""]"	"[""middle1"",""left""]"	"0"	"-1"	"1"	"0"	"0"	"11"	"0"	"0"	"-1"	"-1"	"-1"	"""TRUE"""	"""distractor2"""	"""FALSE"""	"-1"	"-1"	"-1"	"-1"	"-1"	"-1"	"""Deciding what he was talking about"""	"""no"""	"""28"""	"""M"""	"1"	"0"	"2"	"0"	"1"	"""5"""	"-1"	"""cabin,sail,"""	""""""	"""sail,"""	""""""	"""0"""	"""cabin,sail,"""
"What is he talking about? (1-2 mins)"	"Short and fun! A 1-2 minute word game about what someone is talking about."	"experiment, psychology, game"	"$0.25"	"Fri Apr 03 03:04:47 EDT 2015"	"450"	"0"	"0"	"450"	"Reviewable"	"NotReviewed"	"1 scales"	"600"	"60000"	"Fri Apr 10 03:04:47 EDT 2015"	"S77603"	"Approved"	""	"""snowman"""	"""hat"""	"[""scarf"",""mittens"",null]"	"[""right""]"	"[""left"",null]"	"0"	"-1"	"2"	"0"	"0"	"11"	"0"	"0"	"-1"	"-1"	"-1"	"""TRUE"""	"""distractor1"""	"""FALSE"""	"-1"	"-1"	"-1"	"-1"	"-1"	"-1"	"""Making judgments on a fictional story"""	""""""	"""24"""	"""m"""	"3"	"0"	"2"	"1"	"0"	"""5"""	"-1"	"""hat,scarf,mittens,"""	"""hat,mittens,"""	""""""	""""""	"""0"""	"""hat,scarf,mittens,"""
"What is he talking about? (1-2 mins)"	"Short and fun! A 1-2 minute word game about what someone is talking about."	"experiment, psychology, game"	"$0.25"	"Fri Apr 03 03:04:47 EDT 2015"	"450"	"0"	"0"	"450"	"Reviewable"	"NotReviewed"	"1 scales"	"600"	"60000"	"Fri Apr 10 03:04:47 EDT 2015"	"S42119"	"Approved"	""	"""friend"""	"""glasses"""	"[""bowtie"",""mustache"",""hat""]"	"[""left""]"	"[""middle2"",""right""]"	"0"	"-1"	"2"	"0"	"0"	"11"	"0"	"0"	"-1"	"-1"	"-1"	"""TRUE"""	"""distractor3"""	"""FALSE"""	"-1"	"-1"	"-1"	"-1"	"-1"	"-1"	"""I don't know"""	"""no"""	"""31"""	"""m"""	"8"	"0"	"1"	"0"	"2"	"""5"""	"-1"	"""hat,glasses,"""	"""hat,glasses,mustache,bowtie,"""	"""hat,glasses,"""	"""hat,glasses,mustache,"""	"""1"""	"""hat,glasses,mustache,bowtie,"""
"What is he talking about? (1-2 mins)"	"Short and fun! A 1-2 minute word game about what someone is talking about."	"experiment, psychology, game"	"$0.25"	"Fri Apr 03 03:04:47 EDT 2015"	"450"	"0"	"0"	"450"	"Reviewable"	"NotReviewed"	"1 scales"	"600"	"60000"	"Fri Apr 10 03:04:47 EDT 2015"	"S46797"	"Approved"	""	"""boat"""	"""sail"""	"[""flag"",""cabin""]"	"[""right""]"	"[""middle2"",""middle1""]"	"0"	"-1"	"1"	"0"	"0"	"11"	"0"	"0"	"-1"	"-1"	"-1"	"""TRUE"""	"""distractor2"""	"""FALSE"""	"-1"	"-1"	"-1"	"-1"	"-1"	"-1"	"""buying a boat """	"""no"""	"""29"""	"""Male """	"8"	"0"	"1"	"2"	"0"	"""5"""	"-1"	"""cabin,sail,motor,flag,"""	"""cabin,sail,motor,"""	"""cabin,motor,"""	"""cabin,motor,"""	"""1"""	"""cabin,sail,motor,"""
"What is he talking about? (1-2 mins)"	"Short and fun! A 1-2 minute word game about what someone is talking about."	"experiment, psychology, game"	"$0.25"	"Fri Apr 03 03:04:47 EDT 2015"	"450"	"0"	"0"	"450"	"Reviewable"	"NotReviewed"	"1 scales"	"600"	"60000"	"Fri Apr 10 03:04:47 EDT 2015"	"S21569"	"Approved"	""	"""friend"""	"""mustache"""	"[""bowtie"",""hat""]"	"[""left""]"	"[""right"",null]"	"0"	"-1"	"1"	"0"	"0"	"11"	"0"	"0"	"-1"	"-1"	"-1"	"""TRUE"""	"""target"""	"""TRUE"""	"-1"	"-1"	"-1"	"-1"	"-1"	"-1"	"""no idea"""	"""no"""	"""35"""	"""m"""	"6"	"0"	"2"	"0"	"1"	"""5"""	"-1"	"""hat,glasses,mustache,bowtie,"""	"""hat,glasses,mustache,"""	""""""	""""""	"""0"""	"""hat,glasses,mustache,bowtie,"""
"What is he talking about? (1-2 mins)"	"Short and fun! A 1-2 minute word game about what someone is talking about."	"experiment, psychology, game"	"$0.25"	"Fri Apr 03 03:04:47 EDT 2015"	"450"	"0"	"0"	"450"	"Reviewable"	"NotReviewed"	"1 scales"	"600"	"60000"	"Fri Apr 10 03:04:47 EDT 2015"	"S68467"	"Approved"	""	"""friend"""	"""hat"""	"[""glasses"",null,null]"	"[""middle1""]"	"[""right"",""left"",null]"	"0"	"-1"	"1"	"0"	"0"	"11"	"0"	"0"	"-1"	"-1"	"-1"	"""TRUE"""	"""distractor2"""	"""FALSE"""	"-1"	"-1"	"-1"	"-1"	"-1"	"-1"	"""Bob talking to friends and saying something about a christmas tree."""	"""None."""	"""32"""	"""f"""	"1"	"0"	"0"	"1"	"2"	"""5"""	"-1"	"""hat,"""	"""hat,glasses,"""	""""""	""""""	"""0"""	"""hat,"""
"What is he talking about? (1-2 mins)"	"Short and fun! A 1-2 minute word game about what someone is talking about."	"experiment, psychology, game"	"$0.25"	"Fri Apr 03 03:04:47 EDT 2015"	"450"	"0"	"0"	"450"	"Reviewable"	"NotReviewed"	"1 scales"	"600"	"60000"	"Fri Apr 10 03:04:47 EDT 2015"	"S39004"	"Approved"	""	"""Christmas tree"""	"""ornaments"""	"[""star"",""presents""]"	"[""left""]"	"[""middle1"",""right""]"	"0"	"-1"	"2"	"0"	"0"	"11"	"0"	"0"	"-1"	"-1"	"-1"	"""TRUE"""	"""distractor3"""	"""FALSE"""	"-1"	"-1"	"-1"	"-1"	"-1"	"-1"	"""Determining what tree he was talking about."""	"""No."""	"""32"""	"""m"""	"8"	"0"	"0"	"1"	"2"	"""5"""	"-1"	"""lights,ornaments,"""	"""lights,ornaments,"""	"""lights,ornaments,star,presents,"""	"""lights,ornaments,presents,"""	"""2"""	"""lights,ornaments,star,presents,"""
"What is he talking about? (1-2 mins)"	"Short and fun! A 1-2 minute word game about what someone is talking about."	"experiment, psychology, game"	"$0.25"	"Fri Apr 03 03:04:47 EDT 2015"	"450"	"0"	"0"	"450"	"Reviewable"	"NotReviewed"	"1 scales"	"600"	"60000"	"Fri Apr 10 03:04:47 EDT 2015"	"S40019"	"Approved"	""	"""snowman"""	"""hat"""	"[""scarf"",null,null]"	"[""middle1""]"	"[""left"",""right"",null]"	"0"	"-1"	"1"	"0"	"0"	"11"	"0"	"0"	"-1"	"-1"	"-1"	"""TRUE"""	"""target"""	"""TRUE"""	"-1"	"-1"	"-1"	"-1"	"-1"	"-1"	"""Snowmen"""	"""There seems to be a mistake--the picture showed snowmen, but the last question asked about christmas trees."""	"""23"""	"""f"""	"1"	"0"	"1"	"0"	"2"	"""5"""	"-1"	""""""	"""hat,scarf,"""	"""hat,"""	""""""	"""1"""	"""hat,scarf,"""
"What is he talking about? (1-2 mins)"	"Short and fun! A 1-2 minute word game about what someone is talking about."	"experiment, psychology, game"	"$0.25"	"Fri Apr 03 03:04:47 EDT 2015"	"450"	"0"	"0"	"450"	"Reviewable"	"NotReviewed"	"1 scales"	"600"	"60000"	"Fri Apr 10 03:04:47 EDT 2015"	"S64845"	"Approved"	""	"""boat"""	"""cabin"""	"[""sail"",null,null]"	"[null]"	"[""right"",""left"",null]"	"0"	"-1"	"1"	"0"	"0"	"11"	"0"	"0"	"-1"	"-1"	"-1"	"""TRUE"""	"""distractor2"""	"""FALSE"""	"-1"	"-1"	"-1"	"-1"	"-1"	"-1"	"""not sure"""	"""very odd"""	"""29"""	"""m"""	"0"	"0"	"2"	"1"	"0"	"""5"""	"-1"	"""cabin,sail,"""	"""cabin,"""	""""""	""""""	"""0"""	"""cabin,sail,"""
"What is he talking about? (1-2 mins)"	"Short and fun! A 1-2 minute word game about what someone is talking about."	"experiment, psychology, game"	"$0.25"	"Fri Apr 03 03:04:47 EDT 2015"	"450"	"0"	"0"	"450"	"Reviewable"	"NotReviewed"	"1 scales"	"600"	"60000"	"Fri Apr 10 03:04:47 EDT 2015"	"S68838"	"Approved"	""	"""pizza"""	"""olives"""	"[""mushrooms"",null]"	"[""middle1""]"	"[""left"",""middle2""]"	"0"	"-1"	"1"	"0"	"0"	"11"	"0"	"0"	"-1"	"-1"	"-1"	"""TRUE"""	"""target"""	"""TRUE"""	"-1"	"-1"	"-1"	"-1"	"-1"	"-1"	"""What I think a person would choose based off of a very limited interaction."""	"""NA"""	"""28"""	"""f"""	"2"	"0"	"2"	"1"	"0"	"""5"""	"-1"	""""""	""""""	"""olives,"""	"""mushrooms,olives,"""	"""1"""	""""""
"What is he talking about? (1-2 mins)"	"Short and fun! A 1-2 minute word game about what someone is talking about."	"experiment, psychology, game"	"$0.25"	"Fri Apr 03 03:04:47 EDT 2015"	"450"	"0"	"0"	"450"	"Reviewable"	"NotReviewed"	"1 scales"	"600"	"60000"	"Fri Apr 10 03:04:47 EDT 2015"	"S13571"	"Approved"	""	"""boat"""	"""sail"""	"[""cabin"",""motor"",null]"	"[""left""]"	"[""right"",null]"	"0"	"-1"	"1"	"0"	"0"	"11"	"0"	"0"	"-1"	"-1"	"-1"	"""TRUE"""	"""distractor1"""	"""FALSE"""	"-1"	"-1"	"-1"	"-1"	"-1"	"-1"	"""No clue whatsoever."""	"""No."""	"""20"""	"""m"""	"3"	"0"	"1"	"0"	"2"	"""5"""	"-1"	"""cabin,sail,motor,"""	"""sail,motor,"""	""""""	""""""	"""1"""	"""sail,motor,"""
"What is he talking about? (1-2 mins)"	"Short and fun! A 1-2 minute word game about what someone is talking about."	"experiment, psychology, game"	"$0.25"	"Fri Apr 03 03:04:47 EDT 2015"	"450"	"0"	"0"	"450"	"Reviewable"	"NotReviewed"	"1 scales"	"600"	"60000"	"Fri Apr 10 03:04:47 EDT 2015"	"S55382"	"Approved"	""	"""friend"""	"""glasses"""	"[""hat"",null,null]"	"[""left""]"	"[""right"",""middle1"",null]"	"0"	"-1"	"1"	"0"	"0"	"11"	"0"	"0"	"-1"	"-1"	"-1"	"""TRUE"""	"""distractor2"""	"""FALSE"""	"-1"	"-1"	"-1"	"-1"	"-1"	"-1"	"""Bob saying mumblemumble to one of the people"""	""""""	"""25"""	"""m"""	"1"	"0"	"0"	"2"	"1"	"""5"""	"-1"	"""hat,glasses,"""	"""glasses,"""	""""""	""""""	"""1"""	"""glasses,"""
"What is he talking about? (1-2 mins)"	"Short and fun! A 1-2 minute word game about what someone is talking about."	"experiment, psychology, game"	"$0.25"	"Fri Apr 03 03:04:47 EDT 2015"	"450"	"0"	"0"	"450"	"Reviewable"	"NotReviewed"	"1 scales"	"600"	"60000"	"Fri Apr 10 03:04:47 EDT 2015"	"S27679"	"Approved"	""	"""pizza"""	"""peppers"""	"[""mushrooms"",""olives"",null]"	"[""middle1"",""right""]"	"[""left"",null]"	"0"	"-1"	"2"	"0"	"0"	"11"	"0"	"0"	"-1"	"-1"	"-1"	"""TRUE"""	"""target"""	"""TRUE"""	"-1"	"-1"	"-1"	"-1"	"-1"	"-1"	"""picking the pizza that bob would want"""	"""none"""	"""36"""	"""female"""	"4"	"0"	"0"	"2"	"1"	"""5"""	"-1"	"""mushrooms,olives,peppers,"""	"""peppers,"""	"""olives,peppers,"""	""""""	"""2"""	"""olives,peppers,"""
"What is he talking about? (1-2 mins)"	"Short and fun! A 1-2 minute word game about what someone is talking about."	"experiment, psychology, game"	"$0.25"	"Fri Apr 03 03:04:47 EDT 2015"	"450"	"0"	"0"	"450"	"Reviewable"	"NotReviewed"	"1 scales"	"600"	"60000"	"Fri Apr 10 03:04:47 EDT 2015"	"S78952"	"Approved"	""	"""Christmas tree"""	"undefined"	"[""lights"",""ornaments"",null]"	"[""left"",""middle1""]"	"[""right"",null]"	"0"	"-1"	"2"	"0"	"0"	"11"	"0"	"0"	"-1"	"-1"	"-1"	"""TRUE"""	"""target"""	"""TRUE"""	"-1"	"-1"	"-1"	"-1"	"-1"	"-1"	"""what words mean"""	"""none"""	"""36"""	"""m"""	"1"	"0"	"2"	"1"	"0"	"""5"""	"-1"	""""""	"""ornaments,"""	"""lights,ornaments,"""	""""""	"""0"""	""""""
"What is he talking about? (1-2 mins)"	"Short and fun! A 1-2 minute word game about what someone is talking about."	"experiment, psychology, game"	"$0.25"	"Fri Apr 03 03:04:47 EDT 2015"	"450"	"0"	"0"	"450"	"Reviewable"	"NotReviewed"	"1 scales"	"600"	"60000"	"Fri Apr 10 03:04:47 EDT 2015"	"S56602"	"Approved"	""	"""boat"""	"""cabin"""	"[""flag"",""motor"",""sail""]"	"[""middle1""]"	"[""right"",""middle2"",""left""]"	"0"	"-1"	"1"	"0"	"0"	"11"	"0"	"0"	"-1"	"-1"	"-1"	"""TRUE"""	"""distractor3"""	"""FALSE"""	"-1"	"-1"	"-1"	"-1"	"-1"	"-1"	"""memory reading retention"""	""""""	""""""	""""""	"8"	"0"	"1"	"0"	"2"	"""5"""	"-1"	"""cabin,sail,motor,flag,"""	"""cabin,sail,motor,"""	"""sail,motor,"""	"""sail,motor,"""	"""0"""	"""cabin,sail,motor,flag,"""
"What is he talking about? (1-2 mins)"	"Short and fun! A 1-2 minute word game about what someone is talking about."	"experiment, psychology, game"	"$0.25"	"Fri Apr 03 03:04:47 EDT 2015"	"450"	"0"	"0"	"450"	"Reviewable"	"NotReviewed"	"1 scales"	"600"	"60000"	"Fri Apr 10 03:04:47 EDT 2015"	"S10568"	"Approved"	""	"""sundae"""	"""whipped cream"""	"[""cherry"",""chocolate""]"	"[""middle2""]"	"[""left"",""right""]"	"0"	"-1"	"1"	"0"	"0"	"11"	"0"	"0"	"-1"	"-1"	"-1"	"""TRUE"""	"""distractor2"""	"""FALSE"""	"-1"	"-1"	"-1"	"-1"	"-1"	"-1"	"""words and icecream"""	"""no"""	"""29"""	"""f"""	"5"	"0"	"2"	"0"	"1"	"""5"""	"-1"	"""chocolate,"""	"""cherry,whipped cream,chocolate,"""	"""chocolate,"""	"""whipped cream,chocolate,"""	"""3"""	"""whipped cream,chocolate,"""
"What is he talking about? (1-2 mins)"	"Short and fun! A 1-2 minute word game about what someone is talking about."	"experiment, psychology, game"	"$0.25"	"Fri Apr 03 03:04:47 EDT 2015"	"450"	"0"	"0"	"450"	"Reviewable"	"NotReviewed"	"1 scales"	"600"	"60000"	"Fri Apr 10 03:04:47 EDT 2015"	"S26961"	"Approved"	""	"""boat"""	"""cabin"""	"[""sail"",""flag""]"	"[""right""]"	"[""left"",""middle1""]"	"0"	"-1"	"1"	"0"	"0"	"11"	"0"	"0"	"-1"	"-1"	"-1"	"""TRUE"""	"""distractor2"""	"""FALSE"""	"-1"	"-1"	"-1"	"-1"	"-1"	"-1"	"""Deciding which boat Bob had spoken about in his mumbles."""	"""N/A"""	"""23"""	"""f"""	"7"	"0"	"0"	"2"	"1"	"""5"""	"-1"	"""motor,flag,"""	"""cabin,sail,motor,flag,"""	"""cabin,motor,flag,"""	""""""	"""1"""	"""cabin,sail,motor,flag,"""
"What is he talking about? (1-2 mins)"	"Short and fun! A 1-2 minute word game about what someone is talking about."	"experiment, psychology, game"	"$0.25"	"Fri Apr 03 03:04:47 EDT 2015"	"450"	"0"	"0"	"450"	"Reviewable"	"NotReviewed"	"1 scales"	"600"	"60000"	"Fri Apr 10 03:04:47 EDT 2015"	"S56290"	"Approved"	""	"""snowman"""	"""scarf"""	"[""hat"",null,null]"	"[null]"	"[""left"",""right"",null]"	"0"	"-1"	"1"	"0"	"0"	"11"	"0"	"0"	"-1"	"-1"	"-1"	"""TRUE"""	"""distractor2"""	"""FALSE"""	"-1"	"-1"	"-1"	"-1"	"-1"	"-1"	"""what someone said"""	"""none"""	"""25"""	"""m"""	"0"	"0"	"2"	"0"	"1"	"""5"""	"-1"	"""scarf,"""	"""hat,scarf,"""	""""""	""""""	"""1"""	"""hat,scarf,"""
"What is he talking about? (1-2 mins)"	"Short and fun! A 1-2 minute word game about what someone is talking about."	"experiment, psychology, game"	"$0.25"	"Fri Apr 03 03:04:47 EDT 2015"	"450"	"0"	"0"	"450"	"Reviewable"	"NotReviewed"	"1 scales"	"600"	"60000"	"Fri Apr 10 03:04:47 EDT 2015"	"S54469"	"Approved"	""	"""pizza"""	"""mushrooms"""	"[""olives"",null,null]"	"[null]"	"[""left"",""right"",null]"	"0"	"-1"	"1"	"0"	"0"	"11"	"0"	"0"	"-1"	"-1"	"-1"	"""TRUE"""	"""distractor1"""	"""FALSE"""	"-1"	"-1"	"-1"	"-1"	"-1"	"-1"	"""pizza and christmas trees"""	""""""	"""29"""	"""M"""	"0"	"0"	"0"	"1"	"2"	"""5"""	"-1"	"""mushrooms,"""	"""mushrooms,olives,"""	""""""	""""""	"""0"""	"""mushrooms,"""
"What is he talking about? (1-2 mins)"	"Short and fun! A 1-2 minute word game about what someone is talking about."	"experiment, psychology, game"	"$0.25"	"Fri Apr 03 03:04:47 EDT 2015"	"450"	"0"	"0"	"450"	"Reviewable"	"NotReviewed"	"1 scales"	"600"	"60000"	"Fri Apr 10 03:04:47 EDT 2015"	"S96508"	"Approved"	""	"""snowman"""	"""hat"""	"[""scarf"",""mittens"",null]"	"[""middle1"",""middle2""]"	"[""right"",""left""]"	"0"	"-1"	"2"	"0"	"0"	"11"	"0"	"0"	"-1"	"-1"	"-1"	"""TRUE"""	"""distractor2"""	"""FALSE"""	"-1"	"-1"	"-1"	"-1"	"-1"	"-1"	"""What someone is saying"""	"""no"""	""""""	"""m"""	"5"	"0"	"0"	"2"	"1"	"""5"""	"-1"	"""hat,scarf,mittens,"""	"""hat,"""	"""hat,"""	"""hat,mittens,"""	"""0"""	"""hat,scarf,mittens,"""
"What is he talking about? (1-2 mins)"	"Short and fun! A 1-2 minute word game about what someone is talking about."	"experiment, psychology, game"	"$0.25"	"Fri Apr 03 03:04:47 EDT 2015"	"450"	"0"	"0"	"450"	"Reviewable"	"NotReviewed"	"1 scales"	"600"	"60000"	"Fri Apr 10 03:04:47 EDT 2015"	"S29307"	"Approved"	""	"""pizza"""	"""olives"""	"[""peppers"",""mushrooms"",null]"	"[""left""]"	"[""right"",null]"	"0"	"-1"	"2"	"0"	"0"	"11"	"0"	"0"	"-1"	"-1"	"-1"	"""TRUE"""	"""distractor1"""	"""FALSE"""	"-1"	"-1"	"-1"	"-1"	"-1"	"-1"	"""pizza"""	"""nope"""	"""55"""	"""m"""	"3"	"0"	"2"	"0"	"1"	"""5"""	"-1"	"""mushrooms,olives,"""	"""mushrooms,olives,peppers,"""	""""""	""""""	"""1"""	"""mushrooms,olives,peppers,"""
"What is he talking about? (1-2 mins)"	"Short and fun! A 1-2 minute word game about what someone is talking about."	"experiment, psychology, game"	"$0.25"	"Fri Apr 03 03:04:47 EDT 2015"	"450"	"0"	"0"	"450"	"Reviewable"	"NotReviewed"	"1 scales"	"600"	"60000"	"Fri Apr 10 03:04:47 EDT 2015"	"S90299"	"Approved"	""	"""snowman"""	"""scarf"""	"[""hat"",null]"	"[""middle2""]"	"[""right"",""left""]"	"0"	"-1"	"1"	"0"	"0"	"11"	"0"	"0"	"-1"	"-1"	"-1"	"""FALSE"""	"""distractor1"""	"""FALSE"""	"-1"	"-1"	"-1"	"-1"	"-1"	"-1"	"""What he is talking about right now."""	"""I had fun. Thank.s"""	"""27"""	"""Male"""	"2"	"0"	"2"	"0"	"1"	"""5"""	"-1"	"""scarf,"""	"""hat,scarf,"""	""""""	""""""	"""3"""	""""""
"What is he talking about? (1-2 mins)"	"Short and fun! A 1-2 minute word game about what someone is talking about."	"experiment, psychology, game"	"$0.25"	"Fri Apr 03 03:04:47 EDT 2015"	"450"	"0"	"0"	"450"	"Reviewable"	"NotReviewed"	"1 scales"	"600"	"60000"	"Fri Apr 10 03:04:47 EDT 2015"	"S26652"	"Approved"	""	"""Christmas tree"""	"""lights"""	"[""presents"",""ornaments"",""star""]"	"[""left"",""right""]"	"[""middle1"",""middle2""]"	"0"	"-1"	"2"	"0"	"0"	"11"	"0"	"0"	"-1"	"-1"	"-1"	"""TRUE"""	"""distractor1"""	"""FALSE"""	"-1"	"-1"	"-1"	"-1"	"-1"	"-1"	"""bob trimming christmas trees"""	""""""	"""55"""	"""f"""	"8"	"0"	"2"	"0"	"1"	"""5"""	"-1"	"""lights,star,"""	"""lights,ornaments,star,"""	"""lights,ornaments,star,presents,"""	"""lights,star,"""	"""1"""	"""lights,ornaments,star,"""
"What is he talking about? (1-2 mins)"	"Short and fun! A 1-2 minute word game about what someone is talking about."	"experiment, psychology, game"	"$0.25"	"Fri Apr 03 03:04:47 EDT 2015"	"450"	"0"	"0"	"450"	"Reviewable"	"NotReviewed"	"1 scales"	"600"	"60000"	"Fri Apr 10 03:04:47 EDT 2015"	"S71854"	"Approved"	""	"""friend"""	"""hat"""	"[""glasses"",""mustache"",null]"	"[""middle1"",""middle2""]"	"[""left"",""right""]"	"0"	"-1"	"2"	"0"	"0"	"11"	"0"	"0"	"-1"	"-1"	"-1"	"""FALSE"""	"""distractor2"""	"""FALSE"""	"-1"	"-1"	"-1"	"-1"	"-1"	"-1"	"""picking friends"""	""""""	""""""	"""f"""	"5"	"0"	"1"	"2"	"0"	"""5"""	"-1"	"""hat,mustache,"""	"""hat,"""	"""hat,"""	"""hat,glasses,mustache,"""	"""3"""	"""hat,glasses,mustache,"""
"What is he talking about? (1-2 mins)"	"Short and fun! A 1-2 minute word game about what someone is talking about."	"experiment, psychology, game"	"$0.25"	"Fri Apr 03 03:04:47 EDT 2015"	"450"	"0"	"0"	"450"	"Reviewable"	"NotReviewed"	"1 scales"	"600"	"60000"	"Fri Apr 10 03:04:47 EDT 2015"	"S86641"	"Approved"	""	"""boat"""	"""flag"""	"[""cabin"",""motor""]"	"[""right""]"	"[""left"",null]"	"0"	"-1"	"2"	"0"	"0"	"11"	"0"	"0"	"-1"	"-1"	"-1"	"""TRUE"""	"""target"""	"""TRUE"""	"-1"	"-1"	"-1"	"-1"	"-1"	"-1"	"""Boats and christmas trees?"""	"""This survey was confusing, it showed me boats but \""Bob\"" was telling me about what christmas tree he was going to trim."""	"""22"""	"""m"""	"6"	"0"	"0"	"2"	"1"	"""5"""	"-1"	"""cabin,sail,motor,flag,"""	"""sail,motor,flag,"""	""""""	""""""	"""1"""	"""sail,motor,flag,"""
"What is he talking about? (1-2 mins)"	"Short and fun! A 1-2 minute word game about what someone is talking about."	"experiment, psychology, game"	"$0.25"	"Fri Apr 03 03:04:47 EDT 2015"	"450"	"0"	"0"	"450"	"Reviewable"	"NotReviewed"	"1 scales"	"600"	"60000"	"Fri Apr 10 03:04:47 EDT 2015"	"S88871"	"Approved"	""	"""friend"""	"undefined"	"[""glasses"",""hat"",null]"	"[""left"",""right""]"	"[""middle1"",null]"	"0"	"-1"	"2"	"0"	"0"	"11"	"0"	"0"	"-1"	"-1"	"-1"	"""TRUE"""	"""distractor1"""	"""FALSE"""	"-1"	"-1"	"-1"	"-1"	"-1"	"-1"	"""bobs friends"""	""""""	"""29"""	"""female"""	"1"	"0"	"0"	"1"	"2"	"""5"""	"-1"	""""""	"""hat,glasses,"""	"""hat,"""	""""""	"""1"""	"""hat,glasses,"""
"What is he talking about? (1-2 mins)"	"Short and fun! A 1-2 minute word game about what someone is talking about."	"experiment, psychology, game"	"$0.25"	"Fri Apr 03 03:04:47 EDT 2015"	"450"	"0"	"0"	"450"	"Reviewable"	"NotReviewed"	"1 scales"	"600"	"60000"	"Fri Apr 10 03:04:47 EDT 2015"	"S31842"	"Approved"	""	"""snowman"""	"""mittens"""	"[""hat"",""scarf"",null]"	"[""right"",""middle1""]"	"[""left"",null]"	"0"	"-1"	"2"	"0"	"0"	"11"	"0"	"0"	"-1"	"-1"	"-1"	"""TRUE"""	"""distractor1"""	"""FALSE"""	"-1"	"-1"	"-1"	"-1"	"-1"	"-1"	"""picking what snowman bob wants to build"""	"""what was up with the christmas tree part?"""	"""27"""	"""m"""	"4"	"0"	"1"	"2"	"0"	"""5"""	"-1"	"""hat,scarf,mittens,"""	"""scarf,mittens,"""	"""mittens,"""	""""""	"""0"""	"""hat,scarf,mittens,"""
"What is he talking about? (1-2 mins)"	"Short and fun! A 1-2 minute word game about what someone is talking about."	"experiment, psychology, game"	"$0.25"	"Fri Apr 03 03:04:47 EDT 2015"	"450"	"0"	"0"	"450"	"Reviewable"	"NotReviewed"	"1 scales"	"600"	"60000"	"Fri Apr 10 03:04:47 EDT 2015"	"S11470"	"Approved"	""	"""boat"""	"undefined"	"[""cabin"",""sail"",null]"	"[""middle1"",""right""]"	"[""left"",null]"	"0"	"-1"	"2"	"0"	"0"	"11"	"0"	"0"	"-1"	"-1"	"-1"	"""TRUE"""	"""distractor1"""	"""FALSE"""	"-1"	"-1"	"-1"	"-1"	"-1"	"-1"	"""Language"""	""""""	"""31"""	"""f"""	"1"	"0"	"0"	"1"	"2"	"""5"""	"-1"	"""cabin,sail,"""	""""""	"""sail,"""	""""""	"""0"""	"""cabin,sail,"""
"What is he talking about? (1-2 mins)"	"Short and fun! A 1-2 minute word game about what someone is talking about."	"experiment, psychology, game"	"$0.25"	"Fri Apr 03 03:04:47 EDT 2015"	"450"	"0"	"0"	"450"	"Reviewable"	"NotReviewed"	"1 scales"	"600"	"60000"	"Fri Apr 10 03:04:47 EDT 2015"	"S15824"	"Approved"	""	"""friend"""	"undefined"	"[""hat"",""glasses""]"	"[""right""]"	"[""left"",null]"	"0"	"-1"	"2"	"0"	"0"	"11"	"0"	"0"	"-1"	"-1"	"-1"	"""FALSE"""	"""target"""	"""TRUE"""	"-1"	"-1"	"-1"	"-1"	"-1"	"-1"	"""Nonsense"""	"""no"""	"""55"""	"""f"""	"0"	"0"	"1"	"0"	"2"	"""5"""	"-1"	"""hat,glasses,"""	"""glasses,"""	""""""	""""""	"""1"""	"""glasses,"""
"What is he talking about? (1-2 mins)"	"Short and fun! A 1-2 minute word game about what someone is talking about."	"experiment, psychology, game"	"$0.25"	"Fri Apr 03 03:04:47 EDT 2015"	"450"	"0"	"0"	"450"	"Reviewable"	"NotReviewed"	"1 scales"	"600"	"60000"	"Fri Apr 10 03:04:47 EDT 2015"	"S65459"	"Approved"	""	"""snowman"""	"""scarf"""	"[""mittens"",""hat"",null]"	"[""middle2""]"	"[""right"",""middle1""]"	"0"	"-1"	"2"	"0"	"0"	"11"	"0"	"0"	"-1"	"-1"	"-1"	"""TRUE"""	"""distractor1"""	"""FALSE"""	"-1"	"-1"	"-1"	"-1"	"-1"	"-1"	"""Decorating a christmas tree based on Bob decorating a snowman."""	""""""	""""""	"""m"""	"5"	"0"	"2"	"1"	"0"	"""5"""	"-1"	"""hat,scarf,mittens,"""	"""hat,scarf,"""	"""scarf,"""	"""scarf,"""	"""3"""	"""scarf,"""
"What is he talking about? (1-2 mins)"	"Short and fun! A 1-2 minute word game about what someone is talking about."	"experiment, psychology, game"	"$0.25"	"Fri Apr 03 03:04:47 EDT 2015"	"450"	"0"	"0"	"450"	"Reviewable"	"NotReviewed"	"1 scales"	"600"	"60000"	"Fri Apr 10 03:04:47 EDT 2015"	"S72458"	"Approved"	""	"""Christmas tree"""	"""lights"""	"[""star"",""ornaments""]"	"[""right""]"	"[""left"",null]"	"0"	"-1"	"1"	"0"	"0"	"11"	"0"	"0"	"-1"	"-1"	"-1"	"""TRUE"""	"""distractor1"""	"""FALSE"""	"-1"	"-1"	"-1"	"-1"	"-1"	"-1"	"""whether we use syllable counts in noisy environments maybe?"""	""""""	"""27"""	"""f"""	"3"	"0"	"2"	"0"	"1"	"""5"""	"-1"	"""lights,ornaments,"""	"""lights,ornaments,star,"""	""""""	""""""	"""0"""	"""lights,ornaments,"""
"What is he talking about? (1-2 mins)"	"Short and fun! A 1-2 minute word game about what someone is talking about."	"experiment, psychology, game"	"$0.25"	"Fri Apr 03 03:04:47 EDT 2015"	"450"	"0"	"0"	"450"	"Reviewable"	"NotReviewed"	"1 scales"	"600"	"60000"	"Fri Apr 10 03:04:47 EDT 2015"	"S63575"	"Approved"	""	"""sundae"""	"""chocolate"""	"[""cherry"",""sprinkles""]"	"[""middle2""]"	"[""left"",""right"",""middle1""]"	"0"	"-1"	"1"	"0"	"0"	"11"	"0"	"0"	"-1"	"-1"	"-1"	"""FALSE"""	"""distractor3"""	"""FALSE"""	"-1"	"-1"	"-1"	"-1"	"-1"	"-1"	"""bob talking mumblemumble"""	"""no"""	"""51"""	"""f"""	"8"	"0"	"1"	"0"	"2"	"""5"""	"-1"	"""whipped cream,sprinkles,"""	"""cherry,whipped cream,chocolate,sprinkles,"""	"""whipped cream,chocolate,sprinkles,"""	"""whipped cream,sprinkles,"""	"""1"""	"""cherry,whipped cream,chocolate,sprinkles,"""
"What is he talking about? (1-2 mins)"	"Short and fun! A 1-2 minute word game about what someone is talking about."	"experiment, psychology, game"	"$0.25"	"Fri Apr 03 03:04:47 EDT 2015"	"450"	"0"	"0"	"450"	"Reviewable"	"NotReviewed"	"1 scales"	"600"	"60000"	"Fri Apr 10 03:04:47 EDT 2015"	"S67419"	"Approved"	""	"""pizza"""	"""mushrooms"""	"[""olives"",null]"	"[""left""]"	"[""middle1"",""right""]"	"0"	"-1"	"1"	"0"	"0"	"11"	"0"	"0"	"-1"	"-1"	"-1"	"""TRUE"""	"""target"""	"""TRUE"""	"-1"	"-1"	"-1"	"-1"	"-1"	"-1"	"""understanding language """	""""""	"""25"""	"""male """	"1"	"0"	"0"	"2"	"1"	"""5"""	"-1"	"""mushrooms,"""	""""""	"""mushrooms,olives,"""	""""""	"""0"""	"""mushrooms,"""
"What is he talking about? (1-2 mins)"	"Short and fun! A 1-2 minute word game about what someone is talking about."	"experiment, psychology, game"	"$0.25"	"Fri Apr 03 03:04:47 EDT 2015"	"450"	"0"	"0"	"450"	"Reviewable"	"NotReviewed"	"1 scales"	"600"	"60000"	"Fri Apr 10 03:04:47 EDT 2015"	"S86854"	"Approved"	""	"""Christmas tree"""	"""ornaments"""	"[""star"",""lights"",""presents""]"	"[""left""]"	"[""right"",""middle1""]"	"0"	"-1"	"2"	"0"	"0"	"11"	"0"	"0"	"-1"	"-1"	"-1"	"""TRUE"""	"""distractor2"""	"""FALSE"""	"-1"	"-1"	"-1"	"-1"	"-1"	"-1"	"""What you'd expect Bob's tree to look like, based on language interpretation."""	""""""	"""49"""	"""m"""	"7"	"0"	"2"	"0"	"1"	"""5"""	"-1"	"""ornaments,presents,"""	"""lights,ornaments,star,presents,"""	"""lights,ornaments,presents,"""	""""""	"""1"""	"""lights,ornaments,star,presents,"""
"What is he talking about? (1-2 mins)"	"Short and fun! A 1-2 minute word game about what someone is talking about."	"experiment, psychology, game"	"$0.25"	"Fri Apr 03 03:04:47 EDT 2015"	"450"	"0"	"0"	"450"	"Reviewable"	"NotReviewed"	"1 scales"	"600"	"60000"	"Fri Apr 10 03:04:47 EDT 2015"	"S64826"	"Approved"	""	"""sundae"""	"undefined"	"[""whipped cream"",""cherry"",null]"	"[""right"",""left""]"	"[null,null]"	"0"	"-1"	"2"	"0"	"0"	"11"	"0"	"0"	"-1"	"-1"	"-1"	"""TRUE"""	"""target"""	"""TRUE"""	"-1"	"-1"	"-1"	"-1"	"-1"	"-1"	"""Ice cream Sundaes"""	"""What do Christmas trees have to do with it?"""	"""41"""	"""f"""	"0"	"0"	"0"	"2"	"1"	"""5"""	"-1"	"""cherry,whipped cream,"""	"""cherry,"""	""""""	""""""	"""1"""	"""cherry,"""
"What is he talking about? (1-2 mins)"	"Short and fun! A 1-2 minute word game about what someone is talking about."	"experiment, psychology, game"	"$0.25"	"Fri Apr 03 03:04:47 EDT 2015"	"450"	"0"	"0"	"450"	"Reviewable"	"NotReviewed"	"1 scales"	"600"	"60000"	"Fri Apr 10 03:04:47 EDT 2015"	"S16859"	"Approved"	""	"""boat"""	"undefined"	"[""cabin"",""sail""]"	"[""middle1"",""left""]"	"[""right"",""middle2""]"	"0"	"-1"	"2"	"0"	"0"	"11"	"0"	"0"	"-1"	"-1"	"-1"	"""TRUE"""	"""distractor2"""	"""FALSE"""	"-1"	"-1"	"-1"	"-1"	"-1"	"-1"	"""Trying to figure out what the character was talking about."""	"""no"""	"""50"""	"""f"""	"2"	"0"	"1"	"2"	"0"	"""5"""	"-1"	""""""	""""""	"""cabin,sail,"""	"""sail,"""	"""2"""	"""cabin,sail,"""
"What is he talking about? (1-2 mins)"	"Short and fun! A 1-2 minute word game about what someone is talking about."	"experiment, psychology, game"	"$0.25"	"Fri Apr 03 03:04:47 EDT 2015"	"450"	"0"	"0"	"450"	"Reviewable"	"NotReviewed"	"1 scales"	"600"	"60000"	"Fri Apr 10 03:04:47 EDT 2015"	"S00180"	"Approved"	""	"""Christmas tree"""	"""lights"""	"[""ornaments"",""star"",null]"	"[""left""]"	"[""middle1"",""middle2""]"	"0"	"-1"	"2"	"0"	"0"	"11"	"0"	"0"	"-1"	"-1"	"-1"	"""TRUE"""	"""distractor1"""	"""FALSE"""	"-1"	"-1"	"-1"	"-1"	"-1"	"-1"	"""don't know"""	"""no"""	"""51"""	"""m"""	"5"	"0"	"1"	"0"	"2"	"""5"""	"-1"	"""lights,"""	"""lights,"""	"""lights,star,"""	"""lights,ornaments,star,"""	"""1"""	"""lights,"""
"What is he talking about? (1-2 mins)"	"Short and fun! A 1-2 minute word game about what someone is talking about."	"experiment, psychology, game"	"$0.25"	"Fri Apr 03 03:04:47 EDT 2015"	"450"	"0"	"0"	"450"	"Reviewable"	"NotReviewed"	"1 scales"	"600"	"60000"	"Fri Apr 10 03:04:47 EDT 2015"	"S57977"	"Approved"	""	"""snowman"""	"""hat"""	"[""belt"",""mittens"",""scarf""]"	"[""middle1""]"	"[""left"",""middle2""]"	"0"	"-1"	"2"	"0"	"0"	"11"	"0"	"0"	"-1"	"-1"	"-1"	"""TRUE"""	"""distractor3"""	"""FALSE"""	"-1"	"-1"	"-1"	"-1"	"-1"	"-1"	"""snowmen"""	""""""	"""47"""	"""f"""	"8"	"0"	"2"	"0"	"1"	"""5"""	"-1"	"""hat,scarf,"""	"""hat,scarf,"""	"""hat,scarf,mittens,"""	"""hat,scarf,mittens,belt,"""	"""3"""	"""hat,scarf,mittens,belt,"""
"What is he talking about? (1-2 mins)"	"Short and fun! A 1-2 minute word game about what someone is talking about."	"experiment, psychology, game"	"$0.25"	"Fri Apr 03 03:04:47 EDT 2015"	"450"	"0"	"0"	"450"	"Reviewable"	"NotReviewed"	"1 scales"	"600"	"60000"	"Fri Apr 10 03:04:47 EDT 2015"	"S02347"	"Approved"	""	"""boat"""	"""sail"""	"[""flag"",""motor""]"	"[""middle2""]"	"[""left"",""middle1""]"	"0"	"-1"	"1"	"0"	"0"	"11"	"0"	"0"	"-1"	"-1"	"-1"	"""FALSE"""	"""distractor2"""	"""FALSE"""	"-1"	"-1"	"-1"	"-1"	"-1"	"-1"	"""Someone who likes sailing"""	"""No"""	"""31"""	"""m"""	"8"	"0"	"0"	"2"	"1"	"""5"""	"-1"	"""cabin,motor,"""	"""cabin,sail,motor,"""	"""cabin,motor,"""	"""cabin,sail,motor,flag,"""	"""1"""	"""cabin,sail,motor,"""
"What is he talking about? (1-2 mins)"	"Short and fun! A 1-2 minute word game about what someone is talking about."	"experiment, psychology, game"	"$0.25"	"Fri Apr 03 03:04:47 EDT 2015"	"450"	"0"	"0"	"450"	"Reviewable"	"NotReviewed"	"1 scales"	"600"	"60000"	"Fri Apr 10 03:04:47 EDT 2015"	"S37527"	"Approved"	""	"""Christmas tree"""	"""ornaments"""	"[""star"",""lights""]"	"[""middle1""]"	"[""right"",""middle2""]"	"0"	"-1"	"2"	"0"	"0"	"11"	"0"	"0"	"-1"	"-1"	"-1"	"""TRUE"""	"""target"""	"""TRUE"""	"-1"	"-1"	"-1"	"-1"	"-1"	"-1"	"""Figuring out what christmas tree Bob was talking about."""	"""No."""	"""23"""	"""m"""	"5"	"0"	"1"	"0"	"2"	"""5"""	"-1"	"""lights,ornaments,star,"""	"""ornaments,"""	"""lights,ornaments,"""	"""ornaments,"""	"""1"""	"""ornaments,"""
"What is he talking about? (1-2 mins)"	"Short and fun! A 1-2 minute word game about what someone is talking about."	"experiment, psychology, game"	"$0.25"	"Fri Apr 03 03:04:47 EDT 2015"	"450"	"0"	"0"	"450"	"Reviewable"	"NotReviewed"	"1 scales"	"600"	"60000"	"Fri Apr 10 03:04:47 EDT 2015"	"S43925"	"Approved"	""	"""boat"""	"""sail"""	"[""motor"",""cabin"",null]"	"[""left""]"	"[""right"",null]"	"0"	"-1"	"1"	"0"	"0"	"11"	"0"	"0"	"-1"	"-1"	"-1"	"""TRUE"""	"""target"""	"""TRUE"""	"-1"	"-1"	"-1"	"-1"	"-1"	"-1"	"""communication"""	"""for some reason you asked about what Christmas tree hw would trim next, then said what boat he wa he talking about."""	"""34"""	"""f"""	"3"	"0"	"0"	"2"	"1"	"""5"""	"-1"	"""cabin,sail,motor,"""	"""cabin,sail,"""	""""""	""""""	"""0"""	"""cabin,sail,motor,"""
"What is he talking about? (1-2 mins)"	"Short and fun! A 1-2 minute word game about what someone is talking about."	"experiment, psychology, game"	"$0.25"	"Fri Apr 03 03:04:47 EDT 2015"	"450"	"0"	"0"	"450"	"Reviewable"	"NotReviewed"	"1 scales"	"600"	"60000"	"Fri Apr 10 03:04:47 EDT 2015"	"S29891"	"Approved"	""	"""sundae"""	"""whipped cream"""	"[""chocolate"",""cherry"",null]"	"[""middle1""]"	"[""middle2"",""right"",""left""]"	"0"	"-1"	"1"	"0"	"0"	"11"	"0"	"0"	"-1"	"-1"	"-1"	"""TRUE"""	"""distractor3"""	"""FALSE"""	"-1"	"-1"	"-1"	"-1"	"-1"	"-1"	"""Choosing which sundae bob was talking about."""	"""N/A"""	"""29"""	"""f"""	"5"	"0"	"2"	"0"	"1"	"""5"""	"-1"	"""cherry,whipped cream,chocolate,"""	"""cherry,whipped cream,"""	"""cherry,"""	"""cherry,"""	"""0"""	"""cherry,whipped cream,chocolate,"""
"What is he talking about? (1-2 mins)"	"Short and fun! A 1-2 minute word game about what someone is talking about."	"experiment, psychology, game"	"$0.25"	"Fri Apr 03 03:04:47 EDT 2015"	"450"	"0"	"0"	"450"	"Reviewable"	"NotReviewed"	"1 scales"	"600"	"60000"	"Fri Apr 10 03:04:47 EDT 2015"	"S30606"	"Approved"	""	"""Christmas tree"""	"""lights"""	"[""ornaments"",""star"",""presents""]"	"[""left""]"	"[""right"",null]"	"0"	"-1"	"1"	"0"	"0"	"11"	"0"	"0"	"-1"	"-1"	"-1"	"""TRUE"""	"""distractor1"""	"""FALSE"""	"-1"	"-1"	"-1"	"-1"	"-1"	"-1"	"""communication skills"""	"""none"""	"""40"""	"""m"""	"6"	"0"	"2"	"1"	"0"	"""5"""	"-1"	"""lights,ornaments,star,presents,"""	"""lights,star,presents,"""	""""""	""""""	"""1"""	"""lights,star,presents,"""
"What is he talking about? (1-2 mins)"	"Short and fun! A 1-2 minute word game about what someone is talking about."	"experiment, psychology, game"	"$0.25"	"Fri Apr 03 03:04:47 EDT 2015"	"450"	"0"	"0"	"450"	"Reviewable"	"NotReviewed"	"1 scales"	"600"	"60000"	"Fri Apr 10 03:04:47 EDT 2015"	"S05160"	"Approved"	""	"""sundae"""	"""cherry"""	"[""sprinkles"",""chocolate"",""whipped cream""]"	"[""middle1"",""left""]"	"[""right"",""middle2""]"	"0"	"-1"	"2"	"0"	"0"	"11"	"0"	"0"	"-1"	"-1"	"-1"	"""FALSE"""	"""distractor2"""	"""FALSE"""	"-1"	"-1"	"-1"	"-1"	"-1"	"-1"	"""Memory and perception"""	"""no"""	"""36"""	"""m"""	"8"	"0"	"0"	"1"	"2"	"""5"""	"-1"	"""cherry,whipped cream,"""	"""cherry,whipped cream,"""	"""cherry,whipped cream,chocolate,sprinkles,"""	"""cherry,whipped cream,chocolate,"""	"""2"""	"""cherry,whipped cream,chocolate,sprinkles,"""
"What is he talking about? (1-2 mins)"	"Short and fun! A 1-2 minute word game about what someone is talking about."	"experiment, psychology, game"	"$0.25"	"Fri Apr 03 03:04:47 EDT 2015"	"450"	"0"	"0"	"450"	"Reviewable"	"NotReviewed"	"1 scales"	"600"	"60000"	"Fri Apr 10 03:04:47 EDT 2015"	"S30796"	"Approved"	""	"""Christmas tree"""	"""star"""	"[""ornaments"",""lights""]"	"[""right""]"	"[""middle1"",""left"",null]"	"0"	"-1"	"1"	"0"	"0"	"11"	"0"	"0"	"-1"	"-1"	"-1"	"""TRUE"""	"""distractor1"""	"""FALSE"""	"-1"	"-1"	"-1"	"-1"	"-1"	"-1"	"""Understanding communication"""	"""no"""	"""45"""	"""f"""	"4"	"0"	"0"	"2"	"1"	"""5"""	"-1"	"""lights,star,"""	"""lights,"""	"""lights,ornaments,star,"""	""""""	"""1"""	"""lights,"""
"What is he talking about? (1-2 mins)"	"Short and fun! A 1-2 minute word game about what someone is talking about."	"experiment, psychology, game"	"$0.25"	"Fri Apr 03 03:04:47 EDT 2015"	"450"	"0"	"0"	"450"	"Reviewable"	"NotReviewed"	"1 scales"	"600"	"60000"	"Fri Apr 10 03:04:47 EDT 2015"	"S93797"	"Approved"	""	"""pizza"""	"""olives"""	"[""mushrooms"",""peppers""]"	"[""right"",""left""]"	"[null,null]"	"0"	"-1"	"2"	"0"	"0"	"11"	"0"	"0"	"-1"	"-1"	"-1"	"""TRUE"""	"""target"""	"""TRUE"""	"-1"	"-1"	"-1"	"-1"	"-1"	"-1"	"""Choosing what pizza we think he was talking about"""	"""No."""	"""28"""	"""M"""	"6"	"0"	"2"	"0"	"1"	"""5"""	"-1"	"""mushrooms,olives,peppers,sausage,"""	"""olives,peppers,sausage,"""	""""""	""""""	"""1"""	"""olives,peppers,sausage,"""
"What is he talking about? (1-2 mins)"	"Short and fun! A 1-2 minute word game about what someone is talking about."	"experiment, psychology, game"	"$0.25"	"Fri Apr 03 03:04:47 EDT 2015"	"450"	"0"	"0"	"450"	"Reviewable"	"NotReviewed"	"1 scales"	"600"	"60000"	"Fri Apr 10 03:04:47 EDT 2015"	"S87466"	"Approved"	""	"""snowman"""	"undefined"	"[""hat"",""scarf"",null]"	"[""right""]"	"[""left"",null]"	"0"	"-1"	"2"	"0"	"0"	"11"	"0"	"0"	"-1"	"-1"	"-1"	"""TRUE"""	"""distractor1"""	"""FALSE"""	"-1"	"-1"	"-1"	"-1"	"-1"	"-1"	"""likes to make smowman and donate"""	"""ty hope tpy hope to do more"""	"""41"""	"""female"""	"0"	"0"	"2"	"1"	"0"	"""5"""	"-1"	"""hat,scarf,"""	"""scarf,"""	""""""	""""""	"""0"""	"""hat,scarf,"""
"What is he talking about? (1-2 mins)"	"Short and fun! A 1-2 minute word game about what someone is talking about."	"experiment, psychology, game"	"$0.25"	"Fri Apr 03 03:04:47 EDT 2015"	"450"	"0"	"0"	"450"	"Reviewable"	"NotReviewed"	"1 scales"	"600"	"60000"	"Fri Apr 10 03:04:47 EDT 2015"	"S13821"	"Approved"	""	"""snowman"""	"""hat"""	"[""scarf"",null,null]"	"[""middle2""]"	"[""left"",""middle1""]"	"0"	"-1"	"1"	"0"	"0"	"11"	"0"	"0"	"-1"	"-1"	"-1"	"""TRUE"""	"""distractor2"""	"""FALSE"""	"-1"	"-1"	"-1"	"-1"	"-1"	"-1"	"""Trying to figure out which snowman Bob decorated by using only one word."""	""""""	""""""	"""m"""	"2"	"0"	"1"	"0"	"2"	"""5"""	"-1"	""""""	"""hat,"""	""""""	"""hat,scarf,"""	"""1"""	"""hat,"""
"What is he talking about? (1-2 mins)"	"Short and fun! A 1-2 minute word game about what someone is talking about."	"experiment, psychology, game"	"$0.25"	"Fri Apr 03 03:04:47 EDT 2015"	"450"	"0"	"0"	"450"	"Reviewable"	"NotReviewed"	"1 scales"	"600"	"60000"	"Fri Apr 10 03:04:47 EDT 2015"	"S36048"	"Approved"	""	"""Christmas tree"""	"""star"""	"[""ornaments"",""lights""]"	"[""right""]"	"[""left"",""middle1""]"	"0"	"-1"	"2"	"0"	"0"	"11"	"0"	"0"	"-1"	"-1"	"-1"	"""TRUE"""	"""target"""	"""TRUE"""	"-1"	"-1"	"-1"	"-1"	"-1"	"-1"	"""knowing the definition of \""trim\"" """	"""nope"""	"""27"""	"""f"""	"7"	"0"	"2"	"0"	"1"	"""5"""	"-1"	"""lights,star,presents,"""	"""lights,ornaments,star,presents,"""	"""star,presents,"""	""""""	"""2"""	"""star,presents,"""
"What is he talking about? (1-2 mins)"	"Short and fun! A 1-2 minute word game about what someone is talking about."	"experiment, psychology, game"	"$0.25"	"Fri Apr 03 03:04:47 EDT 2015"	"450"	"0"	"0"	"450"	"Reviewable"	"NotReviewed"	"1 scales"	"600"	"60000"	"Fri Apr 10 03:04:47 EDT 2015"	"S72032"	"Approved"	""	"""pizza"""	"undefined"	"[""olives"",""mushrooms""]"	"[""left""]"	"[""right"",null]"	"0"	"-1"	"2"	"0"	"0"	"11"	"0"	"0"	"-1"	"-1"	"-1"	"""TRUE"""	"""distractor1"""	"""FALSE"""	"-1"	"-1"	"-1"	"-1"	"-1"	"-1"	"""confusion. Bob, pizza, Christmas, words, and meaning"""	"""WTH?"""	"""61"""	"""m"""	"0"	"0"	"1"	"2"	"0"	"""5"""	"-1"	"""mushrooms,"""	"""mushrooms,olives,"""	""""""	""""""	"""1"""	"""mushrooms,olives,"""
"What is he talking about? (1-2 mins)"	"Short and fun! A 1-2 minute word game about what someone is talking about."	"experiment, psychology, game"	"$0.25"	"Fri Apr 03 03:04:47 EDT 2015"	"450"	"0"	"0"	"450"	"Reviewable"	"NotReviewed"	"1 scales"	"600"	"60000"	"Fri Apr 10 03:04:47 EDT 2015"	"S64674"	"Approved"	""	"""boat"""	"""motor"""	"[""cabin"",""sail""]"	"[""left"",""right""]"	"[""middle1"",""middle2""]"	"0"	"-1"	"2"	"0"	"0"	"11"	"0"	"0"	"-1"	"-1"	"-1"	"""TRUE"""	"""distractor2"""	"""FALSE"""	"-1"	"-1"	"-1"	"-1"	"-1"	"-1"	"""To see what I thought Bob meant."""	"""fun"""	"""23"""	"""m"""	"5"	"0"	"2"	"0"	"1"	"""5"""	"-1"	"""motor,"""	"""sail,motor,"""	"""cabin,sail,motor,"""	"""motor,"""	"""2"""	"""cabin,sail,motor,"""
"What is he talking about? (1-2 mins)"	"Short and fun! A 1-2 minute word game about what someone is talking about."	"experiment, psychology, game"	"$0.25"	"Fri Apr 03 03:04:47 EDT 2015"	"450"	"0"	"0"	"450"	"Reviewable"	"NotReviewed"	"1 scales"	"600"	"60000"	"Fri Apr 10 03:04:47 EDT 2015"	"S05508"	"Approved"	""	"""pizza"""	"""olives"""	"[""peppers"",""mushrooms""]"	"[""right"",""left""]"	"[null,null]"	"0"	"-1"	"2"	"0"	"0"	"11"	"0"	"0"	"-1"	"-1"	"-1"	"""TRUE"""	"""target"""	"""TRUE"""	"-1"	"-1"	"-1"	"-1"	"-1"	"-1"	"""Communicaion"""	""""""	"""25"""	"""m"""	"3"	"0"	"1"	"0"	"2"	"""5"""	"-1"	"""mushrooms,olives,peppers,"""	"""mushrooms,olives,"""	""""""	""""""	"""0"""	"""mushrooms,olives,peppers,"""
"What is he talking about? (1-2 mins)"	"Short and fun! A 1-2 minute word game about what someone is talking about."	"experiment, psychology, game"	"$0.25"	"Fri Apr 03 03:04:47 EDT 2015"	"450"	"0"	"0"	"450"	"Reviewable"	"NotReviewed"	"1 scales"	"600"	"60000"	"Fri Apr 10 03:04:47 EDT 2015"	"S16326"	"Approved"	""	"""friend"""	"""mustache"""	"[""glasses"",""hat""]"	"[""right"",""middle1""]"	"[""left"",null]"	"0"	"-1"	"2"	"0"	"0"	"11"	"0"	"0"	"-1"	"-1"	"-1"	"""TRUE"""	"""target"""	"""TRUE"""	"-1"	"-1"	"-1"	"-1"	"-1"	"-1"	"""Deciphering communication that is not clearly stated (inference)."""	""""""	"""50"""	"""f"""	"4"	"0"	"1"	"0"	"2"	"""5"""	"-1"	"""hat,glasses,mustache,"""	"""hat,mustache,"""	"""mustache,"""	""""""	"""2"""	"""mustache,"""
"What is he talking about? (1-2 mins)"	"Short and fun! A 1-2 minute word game about what someone is talking about."	"experiment, psychology, game"	"$0.25"	"Fri Apr 03 03:04:47 EDT 2015"	"450"	"0"	"0"	"450"	"Reviewable"	"NotReviewed"	"1 scales"	"600"	"60000"	"Fri Apr 10 03:04:47 EDT 2015"	"S50955"	"Approved"	""	"""sundae"""	"""chocolate"""	"[""whipped cream"",""sprinkles"",""cherry""]"	"[""middle1""]"	"[""right"",""left"",null]"	"0"	"-1"	"1"	"0"	"0"	"11"	"0"	"0"	"-1"	"-1"	"-1"	"""TRUE"""	"""target"""	"""TRUE"""	"-1"	"-1"	"-1"	"-1"	"-1"	"-1"	"""Guessing what you think someone is saying."""	"""Quick survey, thanks."""	"""43"""	"""m"""	"7"	"0"	"0"	"2"	"1"	"""5"""	"-1"	"""cherry,chocolate,sprinkles,"""	"""cherry,whipped cream,chocolate,sprinkles,"""	"""cherry,sprinkles,"""	""""""	"""1"""	"""cherry,whipped cream,chocolate,sprinkles,"""
"What is he talking about? (1-2 mins)"	"Short and fun! A 1-2 minute word game about what someone is talking about."	"experiment, psychology, game"	"$0.25"	"Fri Apr 03 03:04:47 EDT 2015"	"450"	"0"	"0"	"450"	"Reviewable"	"NotReviewed"	"1 scales"	"600"	"60000"	"Fri Apr 10 03:04:47 EDT 2015"	"S22397"	"Approved"	""	"""pizza"""	"""peppers"""	"[""olives"",""mushrooms""]"	"[null]"	"[""left"",""right"",null]"	"0"	"-1"	"1"	"0"	"0"	"11"	"0"	"0"	"-1"	"-1"	"-1"	"""TRUE"""	"""distractor1"""	"""FALSE"""	"-1"	"-1"	"-1"	"-1"	"-1"	"-1"	"""What Bib considers to be a normal pizza"""	"""Was 'Christmas tree' supposed to be in there? Weird"""	"""35"""	"""m"""	"3"	"0"	"1"	"0"	"2"	"""5"""	"-1"	"""mushrooms,peppers,"""	"""mushrooms,olives,peppers,"""	""""""	""""""	"""0"""	"""mushrooms,peppers,"""
"What is he talking about? (1-2 mins)"	"Short and fun! A 1-2 minute word game about what someone is talking about."	"experiment, psychology, game"	"$0.25"	"Fri Apr 03 03:04:47 EDT 2015"	"450"	"0"	"0"	"450"	"Reviewable"	"NotReviewed"	"1 scales"	"600"	"60000"	"Fri Apr 10 03:04:47 EDT 2015"	"S33768"	"Approved"	""	"""pizza"""	"""peppers"""	"[""olives"",""mushrooms""]"	"[null]"	"[""right"",""left"",null]"	"0"	"-1"	"1"	"0"	"0"	"11"	"0"	"0"	"-1"	"-1"	"-1"	"""TRUE"""	"""distractor2"""	"""FALSE"""	"-1"	"-1"	"-1"	"-1"	"-1"	"-1"	"""Bob eating Pizza."""	"""No."""	"""26"""	"""M"""	"3"	"0"	"0"	"2"	"1"	"""5"""	"-1"	"""mushrooms,olives,peppers,"""	"""mushrooms,peppers,"""	""""""	""""""	"""0"""	"""mushrooms,olives,peppers,"""
"What is he talking about? (1-2 mins)"	"Short and fun! A 1-2 minute word game about what someone is talking about."	"experiment, psychology, game"	"$0.25"	"Fri Apr 03 03:04:47 EDT 2015"	"450"	"0"	"0"	"450"	"Reviewable"	"NotReviewed"	"1 scales"	"600"	"60000"	"Fri Apr 10 03:04:47 EDT 2015"	"S34708"	"Approved"	""	"""Christmas tree"""	"""star"""	"[""lights"",""ornaments"",""presents""]"	"[""right""]"	"[""left"",""middle1"",null]"	"0"	"-1"	"1"	"0"	"0"	"11"	"0"	"0"	"-1"	"-1"	"-1"	"""FALSE"""	"""target"""	"""TRUE"""	"-1"	"-1"	"-1"	"-1"	"-1"	"-1"	"""I have no clue"""	""""""	"""22"""	"""f"""	"7"	"0"	"1"	"0"	"2"	"""5"""	"-1"	"""ornaments,presents,"""	"""ornaments,star,presents,"""	"""lights,ornaments,star,presents,"""	""""""	"""2"""	"""lights,ornaments,star,presents,"""
"What is he talking about? (1-2 mins)"	"Short and fun! A 1-2 minute word game about what someone is talking about."	"experiment, psychology, game"	"$0.25"	"Fri Apr 03 03:04:47 EDT 2015"	"450"	"0"	"0"	"450"	"Reviewable"	"NotReviewed"	"1 scales"	"600"	"60000"	"Fri Apr 10 03:04:47 EDT 2015"	"S26243"	"Approved"	""	"""friend"""	"""glasses"""	"[""hat"",null]"	"[""right""]"	"[""left"",""middle1"",null]"	"0"	"-1"	"1"	"0"	"0"	"11"	"0"	"0"	"-1"	"-1"	"-1"	"""TRUE"""	"""target"""	"""TRUE"""	"-1"	"-1"	"-1"	"-1"	"-1"	"-1"	"""Trying to figure out which friend he is refering to"""	"""Interesting hit"""	"""52"""	"""f"""	"1"	"0"	"2"	"1"	"0"	"""5"""	"-1"	""""""	"""glasses,"""	"""hat,glasses,"""	""""""	"""2"""	"""hat,glasses,"""
"What is he talking about? (1-2 mins)"	"Short and fun! A 1-2 minute word game about what someone is talking about."	"experiment, psychology, game"	"$0.25"	"Fri Apr 03 03:04:47 EDT 2015"	"450"	"0"	"0"	"450"	"Reviewable"	"NotReviewed"	"1 scales"	"600"	"60000"	"Fri Apr 10 03:04:47 EDT 2015"	"S05337"	"Approved"	""	"""friend"""	"""hat"""	"[""mustache"",""glasses""]"	"[""middle1"",""right""]"	"[""middle2"",""left""]"	"0"	"-1"	"2"	"0"	"0"	"11"	"0"	"0"	"-1"	"-1"	"-1"	"""TRUE"""	"""target"""	"""TRUE"""	"-1"	"-1"	"-1"	"-1"	"-1"	"-1"	"""I don't have any idea"""	"""that was very odd"""	"""40"""	"""m"""	"5"	"0"	"1"	"0"	"2"	"""5"""	"-1"	"""hat,glasses,mustache,"""	"""hat,"""	"""hat,glasses,"""	"""hat,"""	"""1"""	"""hat,"""
"What is he talking about? (1-2 mins)"	"Short and fun! A 1-2 minute word game about what someone is talking about."	"experiment, psychology, game"	"$0.25"	"Fri Apr 03 03:04:47 EDT 2015"	"450"	"0"	"0"	"450"	"Reviewable"	"NotReviewed"	"1 scales"	"600"	"60000"	"Fri Apr 10 03:04:47 EDT 2015"	"S20036"	"Approved"	""	"""sundae"""	"undefined"	"[""whipped cream"",""cherry""]"	"[""middle1""]"	"[""middle2"",""right""]"	"0"	"-1"	"2"	"0"	"0"	"11"	"0"	"0"	"-1"	"-1"	"-1"	"""TRUE"""	"""distractor3"""	"""FALSE"""	"-1"	"-1"	"-1"	"-1"	"-1"	"-1"	"""Trying to assume/guess what Bob was trying to communicate."""	"""I have no idea what this study is trying to discern."""	"""39"""	"""m"""	"2"	"0"	"1"	"2"	"0"	"""5"""	"-1"	"""cherry,whipped cream,"""	""""""	""""""	"""cherry,"""	"""0"""	"""cherry,whipped cream,"""
"What is he talking about? (1-2 mins)"	"Short and fun! A 1-2 minute word game about what someone is talking about."	"experiment, psychology, game"	"$0.25"	"Fri Apr 03 03:04:47 EDT 2015"	"450"	"0"	"0"	"450"	"Reviewable"	"NotReviewed"	"1 scales"	"600"	"60000"	"Fri Apr 10 03:04:47 EDT 2015"	"S27082"	"Approved"	""	"""sundae"""	"""chocolate"""	"[""whipped cream"",""sprinkles""]"	"[""middle1""]"	"[""right"",""middle2""]"	"0"	"-1"	"2"	"0"	"0"	"11"	"0"	"0"	"-1"	"-1"	"-1"	"""TRUE"""	"""target"""	"""TRUE"""	"-1"	"-1"	"-1"	"-1"	"-1"	"-1"	"""sundaes"""	""""""	"""44"""	"""f"""	"8"	"0"	"2"	"0"	"1"	"""5"""	"-1"	"""cherry,whipped cream,chocolate,sprinkles,"""	"""cherry,chocolate,"""	"""cherry,chocolate,sprinkles,"""	"""cherry,chocolate,"""	"""1"""	"""cherry,chocolate,"""
"What is he talking about? (1-2 mins)"	"Short and fun! A 1-2 minute word game about what someone is talking about."	"experiment, psychology, game"	"$0.25"	"Fri Apr 03 03:04:47 EDT 2015"	"450"	"0"	"0"	"450"	"Reviewable"	"NotReviewed"	"1 scales"	"600"	"60000"	"Fri Apr 10 03:04:47 EDT 2015"	"S40473"	"Approved"	""	"""friend"""	"""glasses"""	"[""mustache"",""bowtie"",""hat""]"	"[""right""]"	"[""left"",null]"	"0"	"-1"	"2"	"0"	"0"	"11"	"0"	"0"	"-1"	"-1"	"-1"	"""TRUE"""	"""distractor1"""	"""FALSE"""	"-1"	"-1"	"-1"	"-1"	"-1"	"-1"	"""communication"""	"""not really"""	"""40"""	"""female"""	"6"	"0"	"1"	"0"	"2"	"""5"""	"-1"	"""hat,glasses,mustache,bowtie,"""	"""hat,glasses,bowtie,"""	""""""	""""""	"""0"""	"""hat,glasses,mustache,bowtie,"""
"What is he talking about? (1-2 mins)"	"Short and fun! A 1-2 minute word game about what someone is talking about."	"experiment, psychology, game"	"$0.25"	"Fri Apr 03 03:04:47 EDT 2015"	"450"	"0"	"0"	"450"	"Reviewable"	"NotReviewed"	"1 scales"	"600"	"60000"	"Fri Apr 10 03:04:47 EDT 2015"	"S80109"	"Approved"	""	"""sundae"""	"""whipped cream"""	"[""sprinkles"",""cherry"",""chocolate""]"	"[""left"",""right""]"	"[""middle1"",null]"	"0"	"-1"	"2"	"0"	"0"	"11"	"0"	"0"	"-1"	"-1"	"-1"	"""TRUE"""	"""distractor1"""	"""FALSE"""	"-1"	"-1"	"-1"	"-1"	"-1"	"-1"	"""What bob is talking about"""	"""no"""	"""28"""	"""m"""	"7"	"0"	"0"	"2"	"1"	"""5"""	"-1"	"""whipped cream,chocolate,"""	"""cherry,whipped cream,chocolate,sprinkles,"""	"""cherry,whipped cream,chocolate,"""	""""""	"""1"""	"""cherry,whipped cream,chocolate,sprinkles,"""
"What is he talking about? (1-2 mins)"	"Short and fun! A 1-2 minute word game about what someone is talking about."	"experiment, psychology, game"	"$0.25"	"Fri Apr 03 03:04:47 EDT 2015"	"450"	"0"	"0"	"450"	"Reviewable"	"NotReviewed"	"1 scales"	"600"	"60000"	"Fri Apr 10 03:04:47 EDT 2015"	"S87490"	"Approved"	""	"""Christmas tree"""	"""lights"""	"[""presents"",""ornaments"",""star""]"	"[""right""]"	"[""left"",""middle1""]"	"0"	"-1"	"1"	"0"	"0"	"11"	"0"	"0"	"-1"	"-1"	"-1"	"""TRUE"""	"""distractor2"""	"""FALSE"""	"-1"	"-1"	"-1"	"-1"	"-1"	"-1"	"""Christmas trees"""	""""""	"""22"""	"""m"""	"8"	"0"	"2"	"0"	"1"	"""5"""	"-1"	"""ornaments,star,"""	"""lights,ornaments,star,"""	"""lights,ornaments,star,presents,"""	"""ornaments,star,"""	"""1"""	"""lights,ornaments,star,"""
"What is he talking about? (1-2 mins)"	"Short and fun! A 1-2 minute word game about what someone is talking about."	"experiment, psychology, game"	"$0.25"	"Fri Apr 03 03:04:47 EDT 2015"	"450"	"0"	"0"	"450"	"Reviewable"	"NotReviewed"	"1 scales"	"600"	"60000"	"Fri Apr 10 03:04:47 EDT 2015"	"S91007"	"Approved"	""	"""sundae"""	"""cherry"""	"[""chocolate"",""whipped cream"",null]"	"[""right""]"	"[""left"",null]"	"0"	"-1"	"1"	"0"	"0"	"11"	"0"	"0"	"-1"	"-1"	"-1"	"""TRUE"""	"""target"""	"""TRUE"""	"-1"	"-1"	"-1"	"-1"	"-1"	"-1"	"""communication"""	"""no"""	"""34"""	"""M"""	"3"	"0"	"0"	"2"	"1"	"""5"""	"-1"	"""cherry,whipped cream,"""	"""cherry,whipped cream,chocolate,"""	""""""	""""""	"""1"""	"""cherry,whipped cream,chocolate,"""
"What is he talking about? (1-2 mins)"	"Short and fun! A 1-2 minute word game about what someone is talking about."	"experiment, psychology, game"	"$0.25"	"Fri Apr 03 03:04:47 EDT 2015"	"450"	"0"	"0"	"450"	"Reviewable"	"NotReviewed"	"1 scales"	"600"	"60000"	"Fri Apr 10 03:04:47 EDT 2015"	"S48119"	"Approved"	""	"""friend"""	"""bowtie"""	"[""hat"",""mustache"",""glasses""]"	"[""middle1""]"	"[""right"",""left""]"	"0"	"-1"	"1"	"0"	"0"	"11"	"0"	"0"	"-1"	"-1"	"-1"	"""TRUE"""	"""distractor2"""	"""FALSE"""	"-1"	"-1"	"-1"	"-1"	"-1"	"-1"	"""communication"""	"""no"""	"""37"""	"""f"""	"7"	"0"	"0"	"2"	"1"	"""5"""	"-1"	"""hat,glasses,mustache,bowtie,"""	"""glasses,mustache,bowtie,"""	"""glasses,mustache,"""	""""""	"""0"""	"""hat,glasses,mustache,bowtie,"""
"What is he talking about? (1-2 mins)"	"Short and fun! A 1-2 minute word game about what someone is talking about."	"experiment, psychology, game"	"$0.25"	"Fri Apr 03 03:04:47 EDT 2015"	"450"	"0"	"0"	"450"	"Reviewable"	"NotReviewed"	"1 scales"	"600"	"60000"	"Fri Apr 10 03:04:47 EDT 2015"	"S78559"	"Approved"	""	"""boat"""	"undefined"	"[""sail"",""cabin"",null]"	"[""right"",""left""]"	"[null,null]"	"0"	"-1"	"2"	"0"	"0"	"11"	"0"	"0"	"-1"	"-1"	"-1"	"""TRUE"""	"""target"""	"""TRUE"""	"-1"	"-1"	"-1"	"-1"	"-1"	"-1"	"""Determining which boat Bob said with words we couldn't understand"""	"""ODd survey"""	"""38"""	"""m"""	"0"	"0"	"2"	"1"	"0"	"""5"""	"-1"	"""cabin,sail,"""	"""cabin,"""	""""""	""""""	"""0"""	"""cabin,sail,"""
"What is he talking about? (1-2 mins)"	"Short and fun! A 1-2 minute word game about what someone is talking about."	"experiment, psychology, game"	"$0.25"	"Fri Apr 03 03:04:47 EDT 2015"	"450"	"0"	"0"	"450"	"Reviewable"	"NotReviewed"	"1 scales"	"600"	"60000"	"Fri Apr 10 03:04:47 EDT 2015"	"S93195"	"Approved"	""	"""sundae"""	"""whipped cream"""	"[""cherry"",null]"	"[null]"	"[""right"",""left"",null]"	"0"	"-1"	"1"	"0"	"0"	"11"	"0"	"0"	"-1"	"-1"	"-1"	"""TRUE"""	"""distractor2"""	"""FALSE"""	"-1"	"-1"	"-1"	"-1"	"-1"	"-1"	"""communication"""	""""""	"""49"""	"""m"""	"0"	"0"	"1"	"0"	"2"	"""5"""	"-1"	"""cherry,whipped cream,"""	"""whipped cream,"""	""""""	""""""	"""0"""	"""cherry,whipped cream,"""
"What is he talking about? (1-2 mins)"	"Short and fun! A 1-2 minute word game about what someone is talking about."	"experiment, psychology, game"	"$0.25"	"Fri Apr 03 03:04:47 EDT 2015"	"450"	"0"	"0"	"450"	"Reviewable"	"NotReviewed"	"1 scales"	"600"	"60000"	"Fri Apr 10 03:04:47 EDT 2015"	"S19561"	"Approved"	""	"""pizza"""	"""mushrooms"""	"[""olives"",null]"	"[null]"	"[""left"",""right"",null]"	"0"	"-1"	"1"	"0"	"0"	"11"	"0"	"0"	"-1"	"-1"	"-1"	"""TRUE"""	"""distractor2"""	"""FALSE"""	"-1"	"-1"	"-1"	"-1"	"-1"	"-1"	"""Imagination"""	"""Nice pictures"""	"""23"""	"""F"""	"0"	"0"	"1"	"0"	"2"	"""5"""	"-1"	"""mushrooms,"""	"""mushrooms,olives,"""	""""""	""""""	"""1"""	"""mushrooms,olives,"""
"What is he talking about? (1-2 mins)"	"Short and fun! A 1-2 minute word game about what someone is talking about."	"experiment, psychology, game"	"$0.25"	"Fri Apr 03 03:04:47 EDT 2015"	"450"	"0"	"0"	"450"	"Reviewable"	"NotReviewed"	"1 scales"	"600"	"60000"	"Fri Apr 10 03:04:47 EDT 2015"	"S25682"	"Approved"	""	"""sundae"""	"""sprinkles"""	"[""chocolate"",""cherry""]"	"[""left"",""middle1""]"	"[""right"",null]"	"0"	"-1"	"2"	"0"	"0"	"11"	"0"	"0"	"-1"	"-1"	"-1"	"""TRUE"""	"""target"""	"""TRUE"""	"-1"	"-1"	"-1"	"-1"	"-1"	"-1"	"""what christmas tree he would like to trim"""	"""you said trees but showed sundaes"""	"""46"""	"""female"""	"7"	"0"	"1"	"2"	"0"	"""5"""	"-1"	"""whipped cream,sprinkles,"""	"""cherry,whipped cream,sprinkles,"""	"""cherry,whipped cream,chocolate,sprinkles,"""	""""""	"""1"""	"""cherry,whipped cream,sprinkles,"""
"What is he talking about? (1-2 mins)"	"Short and fun! A 1-2 minute word game about what someone is talking about."	"experiment, psychology, game"	"$0.25"	"Fri Apr 03 03:04:47 EDT 2015"	"450"	"0"	"0"	"450"	"Reviewable"	"NotReviewed"	"1 scales"	"600"	"60000"	"Fri Apr 10 03:04:47 EDT 2015"	"S65779"	"Approved"	""	"""sundae"""	"""whipped cream"""	"[""cherry"",null,null]"	"[""middle1""]"	"[""right"",""left""]"	"0"	"-1"	"1"	"0"	"0"	"11"	"0"	"0"	"-1"	"-1"	"-1"	"""TRUE"""	"""distractor1"""	"""FALSE"""	"-1"	"-1"	"-1"	"-1"	"-1"	"-1"	"""I dont know.. Which tree to trim and how a word sounds"""	"""Nope"""	"""26"""	"""M"""	"1"	"0"	"1"	"0"	"2"	"""5"""	"-1"	"""cherry,whipped cream,"""	"""whipped cream,"""	""""""	""""""	"""2"""	""""""
"What is he talking about? (1-2 mins)"	"Short and fun! A 1-2 minute word game about what someone is talking about."	"experiment, psychology, game"	"$0.25"	"Fri Apr 03 03:04:47 EDT 2015"	"450"	"0"	"0"	"450"	"Reviewable"	"NotReviewed"	"1 scales"	"600"	"60000"	"Fri Apr 10 03:04:47 EDT 2015"	"S88873"	"Approved"	""	"""Christmas tree"""	"""ornaments"""	"[""lights"",null]"	"[""right""]"	"[""middle2"",""left""]"	"0"	"-1"	"1"	"0"	"0"	"11"	"0"	"0"	"-1"	"-1"	"-1"	"""TRUE"""	"""target"""	"""TRUE"""	"-1"	"-1"	"-1"	"-1"	"-1"	"-1"	"""I think this study was trying to see how people made a prediction."""	"""Thank you!"""	"""30"""	"""m"""	"2"	"0"	"0"	"1"	"2"	"""5"""	"-1"	"""ornaments,"""	"""lights,ornaments,"""	""""""	""""""	"""3"""	""""""
"What is he talking about? (1-2 mins)"	"Short and fun! A 1-2 minute word game about what someone is talking about."	"experiment, psychology, game"	"$0.25"	"Fri Apr 03 03:04:47 EDT 2015"	"450"	"0"	"0"	"450"	"Reviewable"	"NotReviewed"	"1 scales"	"600"	"60000"	"Fri Apr 10 03:04:47 EDT 2015"	"S54843"	"Approved"	""	"""boat"""	"""cabin"""	"[""motor"",""sail""]"	"[""left""]"	"[""right"",null]"	"0"	"-1"	"2"	"0"	"0"	"11"	"0"	"0"	"-1"	"-1"	"-1"	"""TRUE"""	"""target"""	"""TRUE"""	"-1"	"-1"	"-1"	"-1"	"-1"	"-1"	"""What Bob was talking about."""	"""Nothing"""	"""28"""	"""f"""	"3"	"0"	"1"	"2"	"0"	"""5"""	"-1"	"""cabin,sail,"""	"""cabin,sail,motor,"""	""""""	""""""	"""0"""	"""cabin,sail,"""
"What is he talking about? (1-2 mins)"	"Short and fun! A 1-2 minute word game about what someone is talking about."	"experiment, psychology, game"	"$0.25"	"Fri Apr 03 03:04:47 EDT 2015"	"450"	"0"	"0"	"450"	"Reviewable"	"NotReviewed"	"1 scales"	"600"	"60000"	"Fri Apr 10 03:04:47 EDT 2015"	"S54162"	"Approved"	""	"""pizza"""	"undefined"	"[""mushrooms"",""olives""]"	"[""left""]"	"[""middle2"",""right""]"	"0"	"-1"	"2"	"0"	"0"	"11"	"0"	"0"	"-1"	"-1"	"-1"	"""TRUE"""	"""distractor2"""	"""FALSE"""	"-1"	"-1"	"-1"	"-1"	"-1"	"-1"	"""I'm not sure to be honest."""	""" Thank you!"""	"""31"""	"""f"""	"2"	"0"	"1"	"2"	"0"	"""5"""	"-1"	""""""	"""mushrooms,olives,"""	""""""	"""olives,"""	"""3"""	"""olives,"""
"What is he talking about? (1-2 mins)"	"Short and fun! A 1-2 minute word game about what someone is talking about."	"experiment, psychology, game"	"$0.25"	"Fri Apr 03 03:04:47 EDT 2015"	"450"	"0"	"0"	"450"	"Reviewable"	"NotReviewed"	"1 scales"	"600"	"60000"	"Fri Apr 10 03:04:47 EDT 2015"	"S64977"	"Approved"	""	"""sundae"""	"""cherry"""	"[""whipped cream"",""chocolate""]"	"[""left""]"	"[""middle1"",""right""]"	"0"	"-1"	"1"	"0"	"0"	"11"	"0"	"0"	"-1"	"-1"	"-1"	"""TRUE"""	"""distractor2"""	"""FALSE"""	"-1"	"-1"	"-1"	"-1"	"-1"	"-1"	"""sundaes"""	""""""	"""29"""	"""m"""	"4"	"0"	"0"	"2"	"1"	"""5"""	"-1"	"""cherry,chocolate,"""	"""chocolate,"""	"""cherry,whipped cream,chocolate,"""	""""""	"""2"""	"""cherry,whipped cream,chocolate,"""
"What is he talking about? (1-2 mins)"	"Short and fun! A 1-2 minute word game about what someone is talking about."	"experiment, psychology, game"	"$0.25"	"Fri Apr 03 03:04:47 EDT 2015"	"450"	"0"	"0"	"450"	"Reviewable"	"NotReviewed"	"1 scales"	"600"	"60000"	"Fri Apr 10 03:04:47 EDT 2015"	"S06171"	"Approved"	""	"""Christmas tree"""	"""lights"""	"[""star"",""ornaments""]"	"[null]"	"[""right"",""left"",null]"	"0"	"-1"	"1"	"0"	"0"	"11"	"0"	"0"	"-1"	"-1"	"-1"	"""TRUE"""	"""distractor1"""	"""FALSE"""	"-1"	"-1"	"-1"	"-1"	"-1"	"-1"	"""Christmas Trees"""	""""""	"""32"""	"""m"""	"3"	"0"	"1"	"0"	"2"	"""5"""	"-1"	"""lights,ornaments,star,"""	"""lights,ornaments,"""	""""""	""""""	"""1"""	"""lights,ornaments,"""
"What is he talking about? (1-2 mins)"	"Short and fun! A 1-2 minute word game about what someone is talking about."	"experiment, psychology, game"	"$0.25"	"Fri Apr 03 03:04:47 EDT 2015"	"450"	"0"	"0"	"450"	"Reviewable"	"NotReviewed"	"1 scales"	"600"	"60000"	"Fri Apr 10 03:04:47 EDT 2015"	"S55264"	"Approved"	""	"""pizza"""	"""olives"""	"[""mushrooms"",""peppers"",null]"	"[""right""]"	"[""left"",null]"	"0"	"-1"	"1"	"0"	"0"	"11"	"0"	"0"	"-1"	"-1"	"-1"	"""TRUE"""	"""target"""	"""TRUE"""	"-1"	"-1"	"-1"	"-1"	"-1"	"-1"	"""Trying to figure out what Bob meant when he said 1 word."""	"""Cool"""	"""53"""	"""f"""	"3"	"0"	"0"	"1"	"2"	"""5"""	"-1"	"""olives,peppers,"""	"""mushrooms,olives,peppers,"""	""""""	""""""	"""1"""	"""mushrooms,olives,peppers,"""
"What is he talking about? (1-2 mins)"	"Short and fun! A 1-2 minute word game about what someone is talking about."	"experiment, psychology, game"	"$0.25"	"Fri Apr 03 03:04:47 EDT 2015"	"450"	"0"	"0"	"450"	"Reviewable"	"NotReviewed"	"1 scales"	"600"	"60000"	"Fri Apr 10 03:04:47 EDT 2015"	"S29073"	"Approved"	""	"""boat"""	"undefined"	"[""sail"",""cabin""]"	"[""right"",""left""]"	"[null,null]"	"0"	"-1"	"2"	"0"	"0"	"11"	"0"	"0"	"-1"	"-1"	"-1"	"""TRUE"""	"""target"""	"""TRUE"""	"-1"	"-1"	"-1"	"-1"	"-1"	"-1"	"""boats and mumbling"""	"""this was confusing"""	"""31"""	"""f"""	"0"	"0"	"0"	"1"	"2"	"""5"""	"-1"	"""cabin,sail,"""	"""cabin,"""	""""""	""""""	"""0"""	"""cabin,sail,"""
"What is he talking about? (1-2 mins)"	"Short and fun! A 1-2 minute word game about what someone is talking about."	"experiment, psychology, game"	"$0.25"	"Fri Apr 03 03:04:47 EDT 2015"	"450"	"0"	"0"	"450"	"Reviewable"	"NotReviewed"	"1 scales"	"600"	"60000"	"Fri Apr 10 03:04:47 EDT 2015"	"S91579"	"Approved"	""	"""boat"""	"""cabin"""	"[""motor"",""sail"",""flag""]"	"[""middle1""]"	"[""right"",""left""]"	"0"	"-1"	"2"	"0"	"0"	"11"	"0"	"0"	"-1"	"-1"	"-1"	"""TRUE"""	"""target"""	"""TRUE"""	"-1"	"-1"	"-1"	"-1"	"-1"	"-1"	"""bob and his boats"""	"""nope"""	"""33"""	"""m"""	"7"	"0"	"0"	"1"	"2"	"""5"""	"-1"	"""cabin,sail,motor,flag,"""	"""cabin,flag,"""	"""cabin,sail,flag,"""	""""""	"""1"""	"""cabin,flag,"""
"What is he talking about? (1-2 mins)"	"Short and fun! A 1-2 minute word game about what someone is talking about."	"experiment, psychology, game"	"$0.25"	"Fri Apr 03 03:04:47 EDT 2015"	"450"	"0"	"0"	"450"	"Reviewable"	"NotReviewed"	"1 scales"	"600"	"60000"	"Fri Apr 10 03:04:47 EDT 2015"	"S66001"	"Approved"	""	"""friend"""	"""hat"""	"[""glasses"",null,null]"	"[""right""]"	"[""left"",""middle1""]"	"0"	"-1"	"1"	"0"	"0"	"11"	"0"	"0"	"-1"	"-1"	"-1"	"""TRUE"""	"""target"""	"""TRUE"""	"-1"	"-1"	"-1"	"-1"	"-1"	"-1"	"""Bob's friends and Christmas trees"""	"""this was confusing"""	""""""	""""""	"1"	"0"	"1"	"2"	"0"	"""5"""	"-1"	""""""	"""hat,glasses,"""	"""hat,"""	""""""	"""2"""	"""hat,"""
"What is he talking about? (1-2 mins)"	"Short and fun! A 1-2 minute word game about what someone is talking about."	"experiment, psychology, game"	"$0.25"	"Fri Apr 03 03:04:47 EDT 2015"	"450"	"0"	"0"	"450"	"Reviewable"	"NotReviewed"	"1 scales"	"600"	"60000"	"Fri Apr 10 03:04:47 EDT 2015"	"S49675"	"Approved"	""	"""snowman"""	"undefined"	"[""hat"",""scarf"",null]"	"[""right"",""left""]"	"[""middle1"",null]"	"0"	"-1"	"2"	"0"	"0"	"11"	"0"	"0"	"-1"	"-1"	"-1"	"""TRUE"""	"""distractor1"""	"""FALSE"""	"-1"	"-1"	"-1"	"-1"	"-1"	"-1"	"""snowman, numbletumble"""	"""no"""	"""38"""	"""f"""	"1"	"0"	"1"	"2"	"0"	"""5"""	"-1"	"""scarf,"""	"""hat,scarf,"""	""""""	""""""	"""1"""	"""hat,scarf,"""
"What is he talking about? (1-2 mins)"	"Short and fun! A 1-2 minute word game about what someone is talking about."	"experiment, psychology, game"	"$0.25"	"Fri Apr 03 03:04:47 EDT 2015"	"450"	"0"	"0"	"450"	"Reviewable"	"NotReviewed"	"1 scales"	"600"	"60000"	"Fri Apr 10 03:04:47 EDT 2015"	"S31311"	"Approved"	""	"""snowman"""	"""scarf"""	"[""hat"",""mittens"",null]"	"[""middle1"",""left""]"	"[""right"",null]"	"0"	"-1"	"2"	"0"	"0"	"11"	"0"	"0"	"-1"	"-1"	"-1"	"""TRUE"""	"""distractor1"""	"""FALSE"""	"-1"	"-1"	"-1"	"-1"	"-1"	"-1"	"""snowman"""	"""none"""	""""""	"""female"""	"4"	"0"	"0"	"2"	"1"	"""5"""	"-1"	"""scarf,mittens,"""	"""scarf,"""	"""hat,scarf,mittens,"""	""""""	"""2"""	"""hat,scarf,mittens,"""
"What is he talking about? (1-2 mins)"	"Short and fun! A 1-2 minute word game about what someone is talking about."	"experiment, psychology, game"	"$0.25"	"Fri Apr 03 03:04:47 EDT 2015"	"450"	"0"	"0"	"450"	"Reviewable"	"NotReviewed"	"1 scales"	"600"	"60000"	"Fri Apr 10 03:04:47 EDT 2015"	"S80644"	"Approved"	""	"""boat"""	"""sail"""	"[""cabin"",null]"	"[null]"	"[""left"",""right"",null]"	"0"	"-1"	"1"	"0"	"0"	"11"	"0"	"0"	"-1"	"-1"	"-1"	"""TRUE"""	"""distractor2"""	"""FALSE"""	"-1"	"-1"	"-1"	"-1"	"-1"	"-1"	"""The survey was about Bob, which boat he chose and how he was going to trim a Christmas Tree."""	""""""	"""32"""	"""m"""	"0"	"0"	"0"	"2"	"1"	"""5"""	"-1"	"""sail,"""	"""cabin,sail,"""	""""""	""""""	"""1"""	"""cabin,sail,"""
"What is he talking about? (1-2 mins)"	"Short and fun! A 1-2 minute word game about what someone is talking about."	"experiment, psychology, game"	"$0.25"	"Fri Apr 03 03:04:47 EDT 2015"	"450"	"0"	"0"	"450"	"Reviewable"	"NotReviewed"	"1 scales"	"600"	"60000"	"Fri Apr 10 03:04:47 EDT 2015"	"S20923"	"Approved"	""	"""pizza"""	"""olives"""	"[""mushrooms"",null,null]"	"[""left""]"	"[""right"",""middle1""]"	"0"	"-1"	"1"	"0"	"0"	"11"	"0"	"0"	"-1"	"-1"	"-1"	"""TRUE"""	"""distractor2"""	"""FALSE"""	"-1"	"-1"	"-1"	"-1"	"-1"	"-1"	"""Pizza"""	""""""	""""""	""""""	"1"	"0"	"1"	"0"	"2"	"""5"""	"-1"	"""olives,"""	"""mushrooms,olives,"""	""""""	""""""	"""1"""	"""mushrooms,olives,"""
"What is he talking about? (1-2 mins)"	"Short and fun! A 1-2 minute word game about what someone is talking about."	"experiment, psychology, game"	"$0.25"	"Fri Apr 03 03:04:47 EDT 2015"	"450"	"0"	"0"	"450"	"Reviewable"	"NotReviewed"	"1 scales"	"600"	"60000"	"Fri Apr 10 03:04:47 EDT 2015"	"S42186"	"Approved"	""	"""Christmas tree"""	"""ornaments"""	"[""lights"",""star""]"	"[""left"",""right""]"	"[""middle1"",""middle2""]"	"0"	"-1"	"2"	"0"	"0"	"11"	"0"	"0"	"-1"	"-1"	"-1"	"""TRUE"""	"""distractor1"""	"""FALSE"""	"-1"	"-1"	"-1"	"-1"	"-1"	"-1"	"""Unsure"""	""""""	"""24"""	"""m"""	"5"	"0"	"1"	"0"	"2"	"""5"""	"-1"	"""ornaments,"""	"""ornaments,star,"""	"""lights,ornaments,star,"""	"""ornaments,"""	"""1"""	"""ornaments,star,"""
"What is he talking about? (1-2 mins)"	"Short and fun! A 1-2 minute word game about what someone is talking about."	"experiment, psychology, game"	"$0.25"	"Fri Apr 03 03:04:47 EDT 2015"	"450"	"0"	"0"	"450"	"Reviewable"	"NotReviewed"	"1 scales"	"600"	"60000"	"Fri Apr 10 03:04:47 EDT 2015"	"S28025"	"Approved"	""	"""Christmas tree"""	"""star"""	"[""lights"",""ornaments""]"	"[""left""]"	"[""right"",null]"	"0"	"-1"	"1"	"0"	"0"	"11"	"0"	"0"	"-1"	"-1"	"-1"	"""TRUE"""	"""distractor1"""	"""FALSE"""	"-1"	"-1"	"-1"	"-1"	"-1"	"-1"	"""Xmas trees"""	"""no"""	"""25"""	"""m"""	"3"	"0"	"1"	"2"	"0"	"""5"""	"-1"	"""lights,ornaments,star,"""	"""ornaments,star,"""	""""""	""""""	"""1"""	"""ornaments,star,"""
"What is he talking about? (1-2 mins)"	"Short and fun! A 1-2 minute word game about what someone is talking about."	"experiment, psychology, game"	"$0.25"	"Fri Apr 03 03:04:47 EDT 2015"	"450"	"0"	"0"	"450"	"Reviewable"	"NotReviewed"	"1 scales"	"600"	"60000"	"Fri Apr 10 03:04:47 EDT 2015"	"S68216"	"Approved"	""	"""sundae"""	"undefined"	"[""whipped cream"",""cherry"",null]"	"[""left""]"	"[""right"",null]"	"0"	"-1"	"2"	"0"	"0"	"11"	"0"	"0"	"-1"	"-1"	"-1"	"""TRUE"""	"""distractor1"""	"""FALSE"""	"-1"	"-1"	"-1"	"-1"	"-1"	"-1"	"""communication"""	""""""	"""51"""	"""m"""	"0"	"0"	"2"	"0"	"1"	"""5"""	"-1"	"""cherry,"""	"""cherry,whipped cream,"""	""""""	""""""	"""1"""	"""cherry,whipped cream,"""
"What is he talking about? (1-2 mins)"	"Short and fun! A 1-2 minute word game about what someone is talking about."	"experiment, psychology, game"	"$0.25"	"Fri Apr 03 03:04:47 EDT 2015"	"450"	"0"	"0"	"450"	"Reviewable"	"NotReviewed"	"1 scales"	"600"	"60000"	"Fri Apr 10 03:04:47 EDT 2015"	"S42239"	"Approved"	""	"""boat"""	"""motor"""	"[""flag"",""cabin""]"	"[""left""]"	"[""right"",null]"	"0"	"-1"	"2"	"0"	"0"	"11"	"0"	"0"	"-1"	"-1"	"-1"	"""TRUE"""	"""distractor1"""	"""FALSE"""	"-1"	"-1"	"-1"	"-1"	"-1"	"-1"	"""I'm not quite sure."""	""""""	"""24"""	"""m"""	"6"	"0"	"2"	"0"	"1"	"""5"""	"-1"	"""cabin,sail,motor,"""	"""cabin,sail,motor,flag,"""	""""""	""""""	"""1"""	"""cabin,sail,motor,flag,"""
"What is he talking about? (1-2 mins)"	"Short and fun! A 1-2 minute word game about what someone is talking about."	"experiment, psychology, game"	"$0.25"	"Fri Apr 03 03:04:47 EDT 2015"	"450"	"0"	"0"	"450"	"Reviewable"	"NotReviewed"	"1 scales"	"600"	"60000"	"Fri Apr 10 03:04:47 EDT 2015"	"S19541"	"Approved"	""	"""boat"""	"""cabin"""	"[""sail"",null,null]"	"[""middle2""]"	"[""right"",""middle1"",""left""]"	"0"	"-1"	"1"	"0"	"0"	"11"	"0"	"0"	"-1"	"-1"	"-1"	"""TRUE"""	"""distractor3"""	"""FALSE"""	"-1"	"-1"	"-1"	"-1"	"-1"	"-1"	"""Sailboat"""	"""no"""	"""51"""	"""m"""	"2"	"0"	"1"	"2"	"0"	"""5"""	"-1"	"""cabin,sail,"""	""""""	"""cabin,"""	""""""	"""0"""	"""cabin,sail,"""
"What is he talking about? (1-2 mins)"	"Short and fun! A 1-2 minute word game about what someone is talking about."	"experiment, psychology, game"	"$0.25"	"Fri Apr 03 03:04:47 EDT 2015"	"450"	"0"	"0"	"450"	"Reviewable"	"NotReviewed"	"1 scales"	"600"	"60000"	"Fri Apr 10 03:04:47 EDT 2015"	"S58456"	"Approved"	""	"""friend"""	"""mustache"""	"[""bowtie"",""glasses"",""hat""]"	"[""right""]"	"[""middle2"",""middle1""]"	"0"	"-1"	"2"	"0"	"0"	"11"	"0"	"0"	"-1"	"-1"	"-1"	"""TRUE"""	"""distractor3"""	"""FALSE"""	"-1"	"-1"	"-1"	"-1"	"-1"	"-1"	"""figuring out what he was talking about without hearing"""	""""""	"""33"""	"""female"""	"8"	"0"	"0"	"1"	"2"	"""5"""	"-1"	"""hat,glasses,mustache,bowtie,"""	"""hat,glasses,mustache,"""	"""hat,mustache,"""	"""hat,mustache,"""	"""0"""	"""hat,glasses,mustache,bowtie,"""
"What is he talking about? (1-2 mins)"	"Short and fun! A 1-2 minute word game about what someone is talking about."	"experiment, psychology, game"	"$0.25"	"Fri Apr 03 03:04:47 EDT 2015"	"450"	"0"	"0"	"450"	"Reviewable"	"NotReviewed"	"1 scales"	"600"	"60000"	"Fri Apr 10 03:04:47 EDT 2015"	"S56382"	"Approved"	""	"""Christmas tree"""	"""ornaments"""	"[""presents"",""star"",""lights""]"	"[""right""]"	"[""left"",null]"	"0"	"-1"	"2"	"0"	"0"	"11"	"0"	"0"	"-1"	"-1"	"-1"	"""TRUE"""	"""distractor1"""	"""FALSE"""	"-1"	"-1"	"-1"	"-1"	"-1"	"-1"	"""a guy who cut trees"""	""""""	"""27"""	"""m"""	"6"	"0"	"2"	"0"	"1"	"""5"""	"-1"	"""lights,ornaments,star,presents,"""	"""lights,ornaments,star,"""	""""""	""""""	"""0"""	"""lights,ornaments,star,presents,"""
"What is he talking about? (1-2 mins)"	"Short and fun! A 1-2 minute word game about what someone is talking about."	"experiment, psychology, game"	"$0.25"	"Fri Apr 03 03:04:47 EDT 2015"	"450"	"0"	"0"	"450"	"Reviewable"	"NotReviewed"	"1 scales"	"600"	"60000"	"Fri Apr 10 03:04:47 EDT 2015"	"S98611"	"Approved"	""	"""boat"""	"""cabin"""	"[""motor"",""sail"",""flag""]"	"[""left""]"	"[""middle1"",""right"",""middle2""]"	"0"	"-1"	"1"	"0"	"0"	"11"	"0"	"0"	"-1"	"-1"	"-1"	"""TRUE"""	"""distractor3"""	"""FALSE"""	"-1"	"-1"	"-1"	"-1"	"-1"	"-1"	"""bob and christmas tree"""	"""I don't really know what it's for but im curios"""	"""42"""	"""m"""	"8"	"0"	"2"	"0"	"1"	"""5"""	"-1"	"""cabin,sail,flag,"""	"""sail,flag,"""	"""cabin,sail,motor,flag,"""	"""sail,flag,"""	"""2"""	"""cabin,sail,motor,flag,"""
"What is he talking about? (1-2 mins)"	"Short and fun! A 1-2 minute word game about what someone is talking about."	"experiment, psychology, game"	"$0.25"	"Fri Apr 03 03:04:47 EDT 2015"	"450"	"0"	"0"	"450"	"Reviewable"	"NotReviewed"	"1 scales"	"600"	"60000"	"Fri Apr 10 03:04:47 EDT 2015"	"S72905"	"Approved"	""	"""snowman"""	"undefined"	"[""hat"",""scarf"",null]"	"[""left"",""right""]"	"[null,null]"	"0"	"-1"	"2"	"0"	"0"	"11"	"0"	"0"	"-1"	"-1"	"-1"	"""TRUE"""	"""target"""	"""TRUE"""	"-1"	"-1"	"-1"	"-1"	"-1"	"-1"	"""not sure"""	""""""	""""""	"""m"""	"0"	"0"	"0"	"1"	"2"	"""5"""	"-1"	"""scarf,"""	"""hat,scarf,"""	""""""	""""""	"""1"""	"""hat,scarf,"""
"What is he talking about? (1-2 mins)"	"Short and fun! A 1-2 minute word game about what someone is talking about."	"experiment, psychology, game"	"$0.25"	"Fri Apr 03 03:04:47 EDT 2015"	"450"	"0"	"0"	"450"	"Reviewable"	"NotReviewed"	"1 scales"	"600"	"60000"	"Fri Apr 10 03:04:47 EDT 2015"	"S77782"	"Approved"	""	"""Christmas tree"""	"""star"""	"[""lights"",""ornaments""]"	"[""right""]"	"[""middle2"",""middle1"",""left""]"	"0"	"-1"	"1"	"0"	"0"	"11"	"0"	"0"	"-1"	"-1"	"-1"	"""TRUE"""	"""distractor2"""	"""FALSE"""	"-1"	"-1"	"-1"	"-1"	"-1"	"-1"	"""Our perception of a made up word. """	"""Thanks for using mturk """	"""30"""	"""male"""	"5"	"0"	"2"	"1"	"0"	"""5"""	"-1"	"""lights,ornaments,star,"""	"""ornaments,"""	"""ornaments,"""	"""ornaments,star,"""	"""1"""	"""ornaments,"""
"What is he talking about? (1-2 mins)"	"Short and fun! A 1-2 minute word game about what someone is talking about."	"experiment, psychology, game"	"$0.25"	"Fri Apr 03 03:04:47 EDT 2015"	"450"	"0"	"0"	"450"	"Reviewable"	"NotReviewed"	"1 scales"	"600"	"60000"	"Fri Apr 10 03:04:47 EDT 2015"	"S70154"	"Approved"	""	"""boat"""	"""flag"""	"[""cabin"",""sail"",""motor""]"	"[""middle1""]"	"[""middle2"",""left""]"	"0"	"-1"	"1"	"0"	"0"	"11"	"0"	"0"	"-1"	"-1"	"-1"	"""TRUE"""	"""distractor3"""	"""FALSE"""	"-1"	"-1"	"-1"	"-1"	"-1"	"-1"	"""Boats"""	""""""	"""51"""	"""m"""	"8"	"0"	"1"	"0"	"2"	"""5"""	"-1"	"""sail,motor,flag,"""	"""sail,motor,"""	"""sail,motor,"""	"""cabin,sail,motor,flag,"""	"""3"""	"""cabin,sail,motor,flag,"""
"What is he talking about? (1-2 mins)"	"Short and fun! A 1-2 minute word game about what someone is talking about."	"experiment, psychology, game"	"$0.25"	"Fri Apr 03 03:04:47 EDT 2015"	"450"	"0"	"0"	"450"	"Reviewable"	"NotReviewed"	"1 scales"	"600"	"60000"	"Fri Apr 10 03:04:47 EDT 2015"	"S32757"	"Approved"	""	"""sundae"""	"""chocolate"""	"[""cherry"",""whipped cream"",null]"	"[""right"",""left""]"	"[""middle1"",""middle2""]"	"0"	"-1"	"2"	"0"	"0"	"11"	"0"	"0"	"-1"	"-1"	"-1"	"""TRUE"""	"""distractor1"""	"""FALSE"""	"-1"	"-1"	"-1"	"-1"	"-1"	"-1"	"""Bob's Sundaes"""	"""Christmas Trees... Sundaes... What? Very confusing."""	"""28"""	"""M"""	"5"	"0"	"1"	"2"	"0"	"""5"""	"-1"	"""chocolate,"""	"""whipped cream,chocolate,"""	"""cherry,whipped cream,chocolate,"""	"""chocolate,"""	"""1"""	"""whipped cream,chocolate,"""
"What is he talking about? (1-2 mins)"	"Short and fun! A 1-2 minute word game about what someone is talking about."	"experiment, psychology, game"	"$0.25"	"Fri Apr 03 03:04:47 EDT 2015"	"450"	"0"	"0"	"450"	"Reviewable"	"NotReviewed"	"1 scales"	"600"	"60000"	"Fri Apr 10 03:04:47 EDT 2015"	"S42248"	"Approved"	""	"""pizza"""	"undefined"	"[""olives"",""mushrooms"",null]"	"[""right"",""left""]"	"[""middle1"",""middle2""]"	"0"	"-1"	"2"	"0"	"0"	"11"	"0"	"0"	"-1"	"-1"	"-1"	"""TRUE"""	"""distractor2"""	"""FALSE"""	"-1"	"-1"	"-1"	"-1"	"-1"	"-1"	"""Pizza"""	""""""	"""22"""	"""m"""	"2"	"0"	"1"	"2"	"0"	"""5"""	"-1"	""""""	"""mushrooms,"""	"""mushrooms,olives,"""	""""""	"""2"""	"""mushrooms,olives,"""
"What is he talking about? (1-2 mins)"	"Short and fun! A 1-2 minute word game about what someone is talking about."	"experiment, psychology, game"	"$0.25"	"Fri Apr 03 03:04:47 EDT 2015"	"450"	"0"	"0"	"450"	"Reviewable"	"NotReviewed"	"1 scales"	"600"	"60000"	"Fri Apr 10 03:04:47 EDT 2015"	"S40337"	"Approved"	""	"""sundae"""	"""cherry"""	"[""whipped cream"",""chocolate"",null]"	"[""right""]"	"[""middle1"",""left""]"	"0"	"-1"	"1"	"0"	"0"	"11"	"0"	"0"	"-1"	"-1"	"-1"	"""TRUE"""	"""distractor2"""	"""FALSE"""	"-1"	"-1"	"-1"	"-1"	"-1"	"-1"	"""Figuring out what Bob mumbled"""	"""interesting"""	"""43"""	"""m"""	"4"	"0"	"1"	"0"	"2"	"""5"""	"-1"	"""cherry,whipped cream,chocolate,"""	"""chocolate,"""	"""cherry,chocolate,"""	""""""	"""0"""	"""cherry,whipped cream,chocolate,"""
"What is he talking about? (1-2 mins)"	"Short and fun! A 1-2 minute word game about what someone is talking about."	"experiment, psychology, game"	"$0.25"	"Fri Apr 03 03:04:47 EDT 2015"	"450"	"0"	"0"	"450"	"Reviewable"	"NotReviewed"	"1 scales"	"600"	"60000"	"Fri Apr 10 03:04:47 EDT 2015"	"S91461"	"Approved"	""	"""pizza"""	"""olives"""	"[""peppers"",""mushrooms"",null]"	"[""right""]"	"[""middle1"",""left"",null]"	"0"	"-1"	"1"	"0"	"0"	"11"	"0"	"0"	"-1"	"-1"	"-1"	"""TRUE"""	"""target"""	"""TRUE"""	"-1"	"-1"	"-1"	"-1"	"-1"	"-1"	"""identifying what Bob said"""	"""nope"""	"""28"""	"""m"""	"4"	"0"	"0"	"2"	"1"	"""5"""	"-1"	"""mushrooms,olives,"""	"""mushrooms,"""	"""mushrooms,olives,peppers,"""	""""""	"""2"""	"""mushrooms,olives,peppers,"""
"What is he talking about? (1-2 mins)"	"Short and fun! A 1-2 minute word game about what someone is talking about."	"experiment, psychology, game"	"$0.25"	"Fri Apr 03 03:04:47 EDT 2015"	"450"	"0"	"0"	"450"	"Reviewable"	"NotReviewed"	"1 scales"	"600"	"60000"	"Fri Apr 10 03:04:47 EDT 2015"	"S04024"	"Approved"	""	"""pizza"""	"""olives"""	"[""peppers"",""mushrooms"",null]"	"[""middle1"",""right""]"	"[""left"",null]"	"0"	"-1"	"2"	"0"	"0"	"11"	"0"	"0"	"-1"	"-1"	"-1"	"""TRUE"""	"""distractor1"""	"""FALSE"""	"-1"	"-1"	"-1"	"-1"	"-1"	"-1"	"""How you view sentences."""	""""""	"""27"""	"""m"""	"4"	"0"	"0"	"1"	"2"	"""5"""	"-1"	"""mushrooms,olives,peppers,"""	"""olives,"""	"""mushrooms,olives,"""	""""""	"""0"""	"""mushrooms,olives,peppers,"""
"What is he talking about? (1-2 mins)"	"Short and fun! A 1-2 minute word game about what someone is talking about."	"experiment, psychology, game"	"$0.25"	"Fri Apr 03 03:04:47 EDT 2015"	"450"	"0"	"0"	"450"	"Reviewable"	"NotReviewed"	"1 scales"	"600"	"60000"	"Fri Apr 10 03:04:47 EDT 2015"	"S81369"	"Approved"	""	"""pizza"""	"""olives"""	"[""mushrooms"",null,null]"	"[""middle1""]"	"[""left"",""right"",null]"	"0"	"-1"	"1"	"0"	"0"	"11"	"0"	"0"	"-1"	"-1"	"-1"	"""TRUE"""	"""target"""	"""TRUE"""	"-1"	"-1"	"-1"	"-1"	"-1"	"-1"	"""?"""	""""""	"""25"""	"""f"""	"1"	"0"	"1"	"2"	"0"	"""5"""	"-1"	""""""	"""mushrooms,olives,"""	"""olives,"""	""""""	"""1"""	"""mushrooms,olives,"""
"What is he talking about? (1-2 mins)"	"Short and fun! A 1-2 minute word game about what someone is talking about."	"experiment, psychology, game"	"$0.25"	"Fri Apr 03 03:04:47 EDT 2015"	"450"	"0"	"0"	"450"	"Reviewable"	"NotReviewed"	"1 scales"	"600"	"60000"	"Fri Apr 10 03:04:47 EDT 2015"	"S73207"	"Approved"	""	"""friend"""	"""bowtie"""	"[""hat"",""mustache"",""glasses""]"	"[""middle2""]"	"[""right"",""left"",""middle1""]"	"0"	"-1"	"1"	"0"	"0"	"11"	"0"	"0"	"-1"	"-1"	"-1"	"""TRUE"""	"""distractor2"""	"""FALSE"""	"-1"	"-1"	"-1"	"-1"	"-1"	"-1"	"""language meanings and communication"""	"""thanks"""	"""32"""	"""f"""	"8"	"0"	"2"	"1"	"0"	"""5"""	"-1"	"""glasses,mustache,"""	"""hat,glasses,mustache,bowtie,"""	"""glasses,mustache,bowtie,"""	"""glasses,mustache,"""	"""0"""	"""glasses,mustache,"""
"What is he talking about? (1-2 mins)"	"Short and fun! A 1-2 minute word game about what someone is talking about."	"experiment, psychology, game"	"$0.25"	"Fri Apr 03 03:04:47 EDT 2015"	"450"	"0"	"0"	"450"	"Reviewable"	"NotReviewed"	"1 scales"	"600"	"60000"	"Fri Apr 10 03:04:47 EDT 2015"	"S84945"	"Approved"	""	"""friend"""	"""glasses"""	"[""hat"",""mustache"",null]"	"[""left"",""middle1""]"	"[""right"",""middle2""]"	"0"	"-1"	"2"	"0"	"0"	"11"	"0"	"0"	"-1"	"-1"	"-1"	"""TRUE"""	"""target"""	"""TRUE"""	"-1"	"-1"	"-1"	"-1"	"-1"	"-1"	"""What Bob was saying"""	"""very interesting """	"""31"""	"""m"""	"5"	"0"	"0"	"2"	"1"	"""5"""	"-1"	"""glasses,"""	"""glasses,"""	"""hat,glasses,mustache,"""	"""glasses,mustache,"""	"""1"""	"""glasses,"""
"What is he talking about? (1-2 mins)"	"Short and fun! A 1-2 minute word game about what someone is talking about."	"experiment, psychology, game"	"$0.25"	"Fri Apr 03 03:04:47 EDT 2015"	"450"	"0"	"0"	"450"	"Reviewable"	"NotReviewed"	"1 scales"	"600"	"60000"	"Fri Apr 10 03:04:47 EDT 2015"	"S89269"	"Approved"	""	"""boat"""	"""cabin"""	"[""sail"",null]"	"[""middle2""]"	"[""left"",""right""]"	"0"	"-1"	"1"	"0"	"0"	"11"	"0"	"0"	"-1"	"-1"	"-1"	"""TRUE"""	"""distractor3"""	"""FALSE"""	"-1"	"-1"	"-1"	"-1"	"-1"	"-1"	"""How we interpret nonsense words"""	""""""	"""39"""	"""M"""	"2"	"0"	"2"	"1"	"0"	"""5"""	"-1"	""""""	"""cabin,sail,"""	""""""	"""cabin,"""	"""1"""	"""cabin,sail,"""
"What is he talking about? (1-2 mins)"	"Short and fun! A 1-2 minute word game about what someone is talking about."	"experiment, psychology, game"	"$0.25"	"Fri Apr 03 03:04:47 EDT 2015"	"450"	"0"	"0"	"450"	"Reviewable"	"NotReviewed"	"1 scales"	"600"	"60000"	"Fri Apr 10 03:04:47 EDT 2015"	"S87350"	"Approved"	""	"""Christmas tree"""	"""ornaments"""	"[""star"",""lights""]"	"[""right""]"	"[""middle1"",""middle2""]"	"0"	"-1"	"1"	"0"	"0"	"11"	"0"	"0"	"-1"	"-1"	"-1"	"""TRUE"""	"""distractor2"""	"""FALSE"""	"-1"	"-1"	"-1"	"-1"	"-1"	"-1"	"""What stands out to people I suppose."""	""""""	"""33"""	"""m"""	"5"	"0"	"2"	"1"	"0"	"""5"""	"-1"	"""lights,ornaments,star,"""	"""lights,"""	"""lights,ornaments,"""	"""lights,"""	"""2"""	"""lights,ornaments,"""
"What is he talking about? (1-2 mins)"	"Short and fun! A 1-2 minute word game about what someone is talking about."	"experiment, psychology, game"	"$0.25"	"Fri Apr 03 03:04:47 EDT 2015"	"450"	"0"	"0"	"450"	"Reviewable"	"NotReviewed"	"1 scales"	"600"	"60000"	"Fri Apr 10 03:04:47 EDT 2015"	"S85070"	"Approved"	""	"""Christmas tree"""	"""presents"""	"[""ornaments"",""lights""]"	"[""left"",""middle2""]"	"[""right"",""middle1""]"	"0"	"-1"	"2"	"0"	"0"	"11"	"0"	"0"	"-1"	"-1"	"-1"	"""TRUE"""	"""distractor2"""	"""FALSE"""	"-1"	"-1"	"-1"	"-1"	"-1"	"-1"	"""Christmas trees"""	""""""	"""25"""	"""m"""	"8"	"0"	"1"	"2"	"0"	"""5"""	"-1"	"""star,presents,"""	"""lights,ornaments,star,presents,"""	"""star,presents,"""	"""lights,star,presents,"""	"""1"""	"""lights,ornaments,star,presents,"""
"What is he talking about? (1-2 mins)"	"Short and fun! A 1-2 minute word game about what someone is talking about."	"experiment, psychology, game"	"$0.25"	"Fri Apr 03 03:04:47 EDT 2015"	"450"	"0"	"0"	"450"	"Reviewable"	"NotReviewed"	"1 scales"	"600"	"60000"	"Fri Apr 10 03:04:47 EDT 2015"	"S87922"	"Approved"	""	"""sundae"""	"""chocolate"""	"[""whipped cream"",""cherry"",null]"	"[""right""]"	"[""left"",null]"	"0"	"-1"	"2"	"0"	"0"	"11"	"0"	"0"	"-1"	"-1"	"-1"	"""TRUE"""	"""distractor1"""	"""FALSE"""	"-1"	"-1"	"-1"	"-1"	"-1"	"-1"	"""bob's sundaes? language? but where did the christmas tree come from?"""	"""where did the christmas tree come from?"""	""""""	"""m"""	"3"	"0"	"2"	"1"	"0"	"""5"""	"-1"	"""cherry,whipped cream,chocolate,"""	"""cherry,chocolate,"""	""""""	""""""	"""0"""	"""cherry,whipped cream,chocolate,"""
"What is he talking about? (1-2 mins)"	"Short and fun! A 1-2 minute word game about what someone is talking about."	"experiment, psychology, game"	"$0.25"	"Fri Apr 03 03:04:47 EDT 2015"	"450"	"0"	"0"	"450"	"Reviewable"	"NotReviewed"	"1 scales"	"600"	"60000"	"Fri Apr 10 03:04:47 EDT 2015"	"S95934"	"Approved"	""	"""Christmas tree"""	"""ornaments"""	"[""lights"",""star"",null]"	"[""right"",""middle1""]"	"[""left"",""middle2""]"	"0"	"-1"	"2"	"0"	"0"	"11"	"0"	"0"	"-1"	"-1"	"-1"	"""TRUE"""	"""distractor2"""	"""FALSE"""	"-1"	"-1"	"-1"	"-1"	"-1"	"-1"	"""Bob communication"""	"""nope"""	"""26"""	"""f"""	"5"	"0"	"1"	"0"	"2"	"""5"""	"-1"	"""ornaments,star,"""	"""ornaments,"""	"""lights,ornaments,star,"""	"""ornaments,"""	"""2"""	"""lights,ornaments,star,"""
"What is he talking about? (1-2 mins)"	"Short and fun! A 1-2 minute word game about what someone is talking about."	"experiment, psychology, game"	"$0.25"	"Fri Apr 03 03:04:47 EDT 2015"	"450"	"0"	"0"	"450"	"Reviewable"	"NotReviewed"	"1 scales"	"600"	"60000"	"Fri Apr 10 03:04:47 EDT 2015"	"S97646"	"Approved"	""	"""Christmas tree"""	"undefined"	"[""ornaments"",""lights"",null]"	"[""left"",""right""]"	"[null,null]"	"0"	"-1"	"2"	"0"	"0"	"11"	"0"	"0"	"-1"	"-1"	"-1"	"""TRUE"""	"""target"""	"""TRUE"""	"-1"	"-1"	"-1"	"-1"	"-1"	"-1"	"""Xmas trees"""	""""""	"""38"""	"""m"""	"0"	"0"	"2"	"0"	"1"	"""5"""	"-1"	"""lights,"""	"""lights,ornaments,"""	""""""	""""""	"""0"""	"""lights,"""
"What is he talking about? (1-2 mins)"	"Short and fun! A 1-2 minute word game about what someone is talking about."	"experiment, psychology, game"	"$0.25"	"Fri Apr 03 03:04:47 EDT 2015"	"450"	"0"	"0"	"450"	"Reviewable"	"NotReviewed"	"1 scales"	"600"	"60000"	"Fri Apr 10 03:04:47 EDT 2015"	"S86891"	"Approved"	""	"""boat"""	"""sail"""	"[""cabin"",null,null]"	"[""left""]"	"[""right"",null]"	"0"	"-1"	"1"	"0"	"0"	"11"	"0"	"0"	"-1"	"-1"	"-1"	"""TRUE"""	"""target"""	"""TRUE"""	"-1"	"-1"	"-1"	"-1"	"-1"	"-1"	"""Decoding what a person was saying"""	"""Fun study, thanks"""	"""32"""	"""m"""	"0"	"0"	"1"	"0"	"2"	"""5"""	"-1"	"""cabin,sail,"""	"""sail,"""	""""""	""""""	"""0"""	"""cabin,sail,"""
"What is he talking about? (1-2 mins)"	"Short and fun! A 1-2 minute word game about what someone is talking about."	"experiment, psychology, game"	"$0.25"	"Fri Apr 03 03:04:47 EDT 2015"	"450"	"0"	"0"	"450"	"Reviewable"	"NotReviewed"	"1 scales"	"600"	"60000"	"Fri Apr 10 03:04:47 EDT 2015"	"S53613"	"Approved"	""	"""snowman"""	"""belt"""	"[""hat"",""mittens""]"	"[""middle1""]"	"[""left"",""middle2"",""right""]"	"0"	"-1"	"1"	"0"	"0"	"11"	"0"	"0"	"-1"	"-1"	"-1"	"""TRUE"""	"""target"""	"""TRUE"""	"-1"	"-1"	"-1"	"-1"	"-1"	"-1"	"""Understanding what Bob said"""	"""Interesting study"""	"""28"""	"""M"""	"8"	"0"	"1"	"0"	"2"	"""5"""	"-1"	"""scarf,mittens,"""	"""scarf,mittens,belt,"""	"""scarf,mittens,"""	"""hat,scarf,mittens,belt,"""	"""1"""	"""scarf,mittens,belt,"""
"What is he talking about? (1-2 mins)"	"Short and fun! A 1-2 minute word game about what someone is talking about."	"experiment, psychology, game"	"$0.25"	"Fri Apr 03 03:04:47 EDT 2015"	"450"	"0"	"0"	"450"	"Reviewable"	"NotReviewed"	"1 scales"	"600"	"60000"	"Fri Apr 10 03:04:47 EDT 2015"	"S66902"	"Approved"	""	"""Christmas tree"""	"""ornaments"""	"[""lights"",""star""]"	"[""left""]"	"[""right"",""middle1"",null]"	"0"	"-1"	"1"	"0"	"0"	"11"	"0"	"0"	"-1"	"-1"	"-1"	"""TRUE"""	"""distractor1"""	"""FALSE"""	"-1"	"-1"	"-1"	"-1"	"-1"	"-1"	"""communication"""	""""""	"""31"""	"""f"""	"4"	"0"	"2"	"0"	"1"	"""5"""	"-1"	"""lights,ornaments,star,"""	"""ornaments,star,"""	"""star,"""	""""""	"""2"""	"""star,"""
"What is he talking about? (1-2 mins)"	"Short and fun! A 1-2 minute word game about what someone is talking about."	"experiment, psychology, game"	"$0.25"	"Fri Apr 03 03:04:47 EDT 2015"	"450"	"0"	"0"	"450"	"Reviewable"	"NotReviewed"	"1 scales"	"600"	"60000"	"Fri Apr 10 03:04:47 EDT 2015"	"S96085"	"Approved"	""	"""sundae"""	"""whipped cream"""	"[""chocolate"",""cherry""]"	"[""middle2""]"	"[""right"",""left"",""middle1""]"	"0"	"-1"	"1"	"0"	"0"	"11"	"0"	"0"	"-1"	"-1"	"-1"	"""TRUE"""	"""distractor2"""	"""FALSE"""	"-1"	"-1"	"-1"	"-1"	"-1"	"-1"	"""Which christmas tree or sundae Bob would prepare next"""	"""It showed pictures of a sundae, talked about christmas trees, and then asked about sundaes."""	"""33"""	"""F"""	"5"	"0"	"2"	"0"	"1"	"""5"""	"-1"	"""cherry,"""	"""cherry,whipped cream,chocolate,"""	"""cherry,whipped cream,"""	"""cherry,"""	"""0"""	"""cherry,"""
"What is he talking about? (1-2 mins)"	"Short and fun! A 1-2 minute word game about what someone is talking about."	"experiment, psychology, game"	"$0.25"	"Fri Apr 03 03:04:47 EDT 2015"	"450"	"0"	"0"	"450"	"Reviewable"	"NotReviewed"	"1 scales"	"600"	"60000"	"Fri Apr 10 03:04:47 EDT 2015"	"S72059"	"Approved"	""	"""boat"""	"""sail"""	"[""motor"",""flag""]"	"[""right""]"	"[""left"",""middle2""]"	"0"	"-1"	"1"	"0"	"0"	"11"	"0"	"0"	"-1"	"-1"	"-1"	"""TRUE"""	"""distractor3"""	"""FALSE"""	"-1"	"-1"	"-1"	"-1"	"-1"	"-1"	"""not sure"""	"""I didn't understand the part about christmas trees."""	""""""	"""m"""	"8"	"0"	"2"	"0"	"1"	"""5"""	"-1"	"""cabin,flag,"""	"""cabin,sail,motor,flag,"""	"""cabin,sail,flag,"""	"""cabin,flag,"""	"""1"""	"""cabin,sail,motor,flag,"""
"What is he talking about? (1-2 mins)"	"Short and fun! A 1-2 minute word game about what someone is talking about."	"experiment, psychology, game"	"$0.25"	"Fri Apr 03 03:04:47 EDT 2015"	"450"	"0"	"0"	"450"	"Reviewable"	"NotReviewed"	"1 scales"	"600"	"60000"	"Fri Apr 10 03:04:47 EDT 2015"	"S63081"	"Approved"	""	"""boat"""	"""motor"""	"[""sail"",""cabin"",null]"	"[""left""]"	"[""right"",null]"	"0"	"-1"	"2"	"0"	"0"	"11"	"0"	"0"	"-1"	"-1"	"-1"	"""TRUE"""	"""distractor1"""	"""FALSE"""	"-1"	"-1"	"-1"	"-1"	"-1"	"-1"	"""Boat"""	""""""	""""""	"""f"""	"3"	"0"	"2"	"1"	"0"	"""5"""	"-1"	"""cabin,motor,"""	"""cabin,sail,motor,"""	""""""	""""""	"""1"""	"""cabin,sail,motor,"""
"What is he talking about? (1-2 mins)"	"Short and fun! A 1-2 minute word game about what someone is talking about."	"experiment, psychology, game"	"$0.25"	"Fri Apr 03 03:04:47 EDT 2015"	"450"	"0"	"0"	"450"	"Reviewable"	"NotReviewed"	"1 scales"	"600"	"60000"	"Fri Apr 10 03:04:47 EDT 2015"	"S04324"	"Approved"	""	"""boat"""	"""sail"""	"[""cabin"",null,null]"	"[""middle1""]"	"[""middle2"",""left""]"	"0"	"-1"	"1"	"0"	"0"	"11"	"0"	"0"	"-1"	"-1"	"-1"	"""TRUE"""	"""distractor3"""	"""FALSE"""	"-1"	"-1"	"-1"	"-1"	"-1"	"-1"	"""How people understand the meaning of sentences"""	""""""	"""33"""	"""f"""	"2"	"0"	"1"	"0"	"2"	"""5"""	"-1"	"""sail,"""	""""""	""""""	"""cabin,sail,"""	"""3"""	"""cabin,sail,"""
"What is he talking about? (1-2 mins)"	"Short and fun! A 1-2 minute word game about what someone is talking about."	"experiment, psychology, game"	"$0.25"	"Fri Apr 03 03:04:47 EDT 2015"	"450"	"0"	"0"	"450"	"Reviewable"	"NotReviewed"	"1 scales"	"600"	"60000"	"Fri Apr 10 03:04:47 EDT 2015"	"S98792"	"Approved"	""	"""boat"""	"""flag"""	"[""motor"",""cabin""]"	"[""right"",""middle2""]"	"[""left"",""middle1""]"	"0"	"-1"	"2"	"0"	"0"	"11"	"0"	"0"	"-1"	"-1"	"-1"	"""TRUE"""	"""distractor2"""	"""FALSE"""	"-1"	"-1"	"-1"	"-1"	"-1"	"-1"	"""Boats and christmas trees, also what we think BOB was trying to tell me."""	"""Thanks"""	"""24"""	"""m"""	"8"	"0"	"2"	"1"	"0"	"""5"""	"-1"	"""cabin,sail,flag,"""	"""cabin,sail,motor,flag,"""	"""sail,flag,"""	"""sail,flag,"""	"""1"""	"""cabin,sail,motor,flag,"""
"What is he talking about? (1-2 mins)"	"Short and fun! A 1-2 minute word game about what someone is talking about."	"experiment, psychology, game"	"$0.25"	"Fri Apr 03 03:04:47 EDT 2015"	"450"	"0"	"0"	"450"	"Reviewable"	"NotReviewed"	"1 scales"	"600"	"60000"	"Fri Apr 10 03:04:47 EDT 2015"	"S61384"	"Approved"	""	"""boat"""	"undefined"	"[""sail"",""cabin""]"	"[""right""]"	"[""left"",null]"	"0"	"-1"	"2"	"0"	"0"	"11"	"0"	"0"	"-1"	"-1"	"-1"	"""TRUE"""	"""distractor1"""	"""FALSE"""	"-1"	"-1"	"-1"	"-1"	"-1"	"-1"	"""What boat Bob picked"""	""""""	"""25"""	"""M"""	"0"	"0"	"2"	"1"	"0"	"""5"""	"-1"	"""cabin,sail,"""	"""cabin,"""	""""""	""""""	"""0"""	"""cabin,sail,"""
"What is he talking about? (1-2 mins)"	"Short and fun! A 1-2 minute word game about what someone is talking about."	"experiment, psychology, game"	"$0.25"	"Fri Apr 03 03:04:47 EDT 2015"	"450"	"0"	"0"	"450"	"Reviewable"	"NotReviewed"	"1 scales"	"600"	"60000"	"Fri Apr 10 03:04:47 EDT 2015"	"S70323"	"Approved"	""	"""sundae"""	"""cherry"""	"[""whipped cream"",""chocolate""]"	"[""left""]"	"[""right"",""middle1""]"	"0"	"-1"	"1"	"0"	"0"	"11"	"0"	"0"	"-1"	"-1"	"-1"	"""TRUE"""	"""target"""	"""TRUE"""	"-1"	"-1"	"-1"	"-1"	"-1"	"-1"	"""Bob is crazy. He loves sundaes on Fridays"""	"""Whoa"""	"""27"""	"""m"""	"4"	"0"	"0"	"1"	"2"	"""5"""	"-1"	"""cherry,chocolate,"""	"""cherry,whipped cream,chocolate,"""	"""chocolate,"""	""""""	"""0"""	"""cherry,chocolate,"""
"What is he talking about? (1-2 mins)"	"Short and fun! A 1-2 minute word game about what someone is talking about."	"experiment, psychology, game"	"$0.25"	"Fri Apr 03 03:04:47 EDT 2015"	"450"	"0"	"0"	"450"	"Reviewable"	"NotReviewed"	"1 scales"	"600"	"60000"	"Fri Apr 10 03:04:47 EDT 2015"	"S15633"	"Approved"	""	"""sundae"""	"""cherry"""	"[""whipped cream"",null,null]"	"[null]"	"[""right"",""left"",null]"	"0"	"-1"	"1"	"0"	"0"	"11"	"0"	"0"	"-1"	"-1"	"-1"	"""TRUE"""	"""distractor2"""	"""FALSE"""	"-1"	"-1"	"-1"	"-1"	"-1"	"-1"	"""I don't know"""	"""It said christmas tree even though it was talking about sundaes"""	"""27"""	"""m"""	"0"	"0"	"0"	"1"	"2"	"""5"""	"-1"	"""cherry,whipped cream,"""	"""cherry,"""	""""""	""""""	"""0"""	"""cherry,whipped cream,"""
"What is he talking about? (1-2 mins)"	"Short and fun! A 1-2 minute word game about what someone is talking about."	"experiment, psychology, game"	"$0.25"	"Fri Apr 03 03:04:47 EDT 2015"	"450"	"0"	"0"	"450"	"Reviewable"	"NotReviewed"	"1 scales"	"600"	"60000"	"Fri Apr 10 03:04:47 EDT 2015"	"S00080"	"Approved"	""	"""pizza"""	"""mushrooms"""	"[""sausage"",""olives""]"	"[""left""]"	"[""right"",null]"	"0"	"-1"	"1"	"0"	"0"	"11"	"0"	"0"	"-1"	"-1"	"-1"	"""TRUE"""	"""target"""	"""TRUE"""	"-1"	"-1"	"-1"	"-1"	"-1"	"-1"	"""To decide what bob was talking about."""	"""Thanks!"""	"""29"""	"""m"""	"6"	"0"	"2"	"0"	"1"	"""5"""	"-1"	"""mushrooms,olives,peppers,sausage,"""	"""mushrooms,olives,peppers,"""	""""""	""""""	"""0"""	"""mushrooms,olives,peppers,sausage,"""
"What is he talking about? (1-2 mins)"	"Short and fun! A 1-2 minute word game about what someone is talking about."	"experiment, psychology, game"	"$0.25"	"Fri Apr 03 03:04:47 EDT 2015"	"450"	"0"	"0"	"450"	"Reviewable"	"NotReviewed"	"1 scales"	"600"	"60000"	"Fri Apr 10 03:04:47 EDT 2015"	"S52610"	"Approved"	""	"""friend"""	"""glasses"""	"[""hat"",null,null]"	"[""right""]"	"[""left"",null]"	"0"	"-1"	"1"	"0"	"0"	"11"	"0"	"0"	"-1"	"-1"	"-1"	"""TRUE"""	"""target"""	"""TRUE"""	"-1"	"-1"	"-1"	"-1"	"-1"	"-1"	"""bob, he said mumblemumble"""	"""no"""	"""36"""	"""m"""	"0"	"0"	"2"	"0"	"1"	"""5"""	"-1"	"""glasses,"""	"""hat,glasses,"""	""""""	""""""	"""1"""	"""hat,glasses,"""
"What is he talking about? (1-2 mins)"	"Short and fun! A 1-2 minute word game about what someone is talking about."	"experiment, psychology, game"	"$0.25"	"Fri Apr 03 03:04:47 EDT 2015"	"450"	"0"	"0"	"450"	"Reviewable"	"NotReviewed"	"1 scales"	"600"	"60000"	"Fri Apr 10 03:04:47 EDT 2015"	"S81296"	"Approved"	""	"""Christmas tree"""	"undefined"	"[""lights"",""ornaments"",null]"	"[""right"",""left""]"	"[null,null]"	"0"	"-1"	"2"	"0"	"0"	"11"	"0"	"0"	"-1"	"-1"	"-1"	"""TRUE"""	"""target"""	"""TRUE"""	"-1"	"-1"	"-1"	"-1"	"-1"	"-1"	"""Trying to understand what \""Bob\"" was going to do by 1 simple mumble of a word"""	""""""	"""32"""	"""m"""	"0"	"0"	"1"	"0"	"2"	"""5"""	"-1"	"""lights,ornaments,"""	"""ornaments,"""	""""""	""""""	"""1"""	"""ornaments,"""
"What is he talking about? (1-2 mins)"	"Short and fun! A 1-2 minute word game about what someone is talking about."	"experiment, psychology, game"	"$0.25"	"Fri Apr 03 03:04:47 EDT 2015"	"450"	"0"	"0"	"450"	"Reviewable"	"NotReviewed"	"1 scales"	"600"	"60000"	"Fri Apr 10 03:04:47 EDT 2015"	"S74306"	"Approved"	""	"""sundae"""	"""cherry"""	"[""whipped cream"",""sprinkles"",""chocolate""]"	"[""left""]"	"[""right"",null]"	"0"	"-1"	"1"	"0"	"0"	"11"	"0"	"0"	"-1"	"-1"	"-1"	"""TRUE"""	"""target"""	"""TRUE"""	"-1"	"-1"	"-1"	"-1"	"-1"	"-1"	"""Don't know."""	"""It said something about which Christmas tree he will trim next, but the rest of the survey was about sundaes. I think this needs to be fixed from a previous version of the survey or something."""	"""30"""	"""f"""	"6"	"0"	"0"	"2"	"1"	"""5"""	"-1"	"""cherry,whipped cream,chocolate,sprinkles,"""	"""cherry,chocolate,sprinkles,"""	""""""	""""""	"""0"""	"""cherry,whipped cream,chocolate,sprinkles,"""
"What is he talking about? (1-2 mins)"	"Short and fun! A 1-2 minute word game about what someone is talking about."	"experiment, psychology, game"	"$0.25"	"Fri Apr 03 03:04:47 EDT 2015"	"450"	"0"	"0"	"450"	"Reviewable"	"NotReviewed"	"1 scales"	"600"	"60000"	"Fri Apr 10 03:04:47 EDT 2015"	"S88155"	"Approved"	""	"""Christmas tree"""	"""ornaments"""	"[""star"",""lights""]"	"[""middle1""]"	"[""left"",""right""]"	"0"	"-1"	"2"	"0"	"0"	"11"	"0"	"0"	"-1"	"-1"	"-1"	"""TRUE"""	"""target"""	"""TRUE"""	"-1"	"-1"	"-1"	"-1"	"-1"	"-1"	"""communicating?"""	"""no"""	"""42"""	"""f"""	"4"	"0"	"2"	"1"	"0"	"""5"""	"-1"	"""lights,ornaments,"""	"""ornaments,"""	"""lights,ornaments,star,"""	""""""	"""1"""	"""ornaments,"""
"What is he talking about? (1-2 mins)"	"Short and fun! A 1-2 minute word game about what someone is talking about."	"experiment, psychology, game"	"$0.25"	"Fri Apr 03 03:04:47 EDT 2015"	"450"	"0"	"0"	"450"	"Reviewable"	"NotReviewed"	"1 scales"	"600"	"60000"	"Fri Apr 10 03:04:47 EDT 2015"	"S20850"	"Approved"	""	"""sundae"""	"""cherry"""	"[""chocolate"",""whipped cream"",null]"	"[""left""]"	"[""middle2"",""right""]"	"0"	"-1"	"1"	"0"	"0"	"11"	"0"	"0"	"-1"	"-1"	"-1"	"""TRUE"""	"""target"""	"""TRUE"""	"-1"	"-1"	"-1"	"-1"	"-1"	"-1"	"""which sundae Bob picked"""	"""no"""	"""31"""	"""f"""	"5"	"0"	"2"	"1"	"0"	"""5"""	"-1"	"""whipped cream,"""	"""cherry,whipped cream,chocolate,"""	"""whipped cream,"""	"""cherry,whipped cream,"""	"""0"""	"""whipped cream,"""
"What is he talking about? (1-2 mins)"	"Short and fun! A 1-2 minute word game about what someone is talking about."	"experiment, psychology, game"	"$0.25"	"Fri Apr 03 03:04:47 EDT 2015"	"450"	"0"	"0"	"450"	"Reviewable"	"NotReviewed"	"1 scales"	"600"	"60000"	"Fri Apr 10 03:04:47 EDT 2015"	"S95386"	"Approved"	""	"""Christmas tree"""	"""star"""	"[""ornaments"",""lights""]"	"[""right"",""left""]"	"[""middle1"",null]"	"0"	"-1"	"2"	"0"	"0"	"11"	"0"	"0"	"-1"	"-1"	"-1"	"""TRUE"""	"""target"""	"""TRUE"""	"-1"	"-1"	"-1"	"-1"	"-1"	"-1"	"""Bob trimming Christmas Trees"""	""""""	"""30"""	"""m"""	"4"	"0"	"2"	"0"	"1"	"""5"""	"-1"	"""lights,star,"""	"""lights,ornaments,star,"""	"""star,"""	""""""	"""2"""	"""star,"""
"What is he talking about? (1-2 mins)"	"Short and fun! A 1-2 minute word game about what someone is talking about."	"experiment, psychology, game"	"$0.25"	"Fri Apr 03 03:04:47 EDT 2015"	"450"	"0"	"0"	"450"	"Reviewable"	"NotReviewed"	"1 scales"	"600"	"60000"	"Fri Apr 10 03:04:47 EDT 2015"	"S97500"	"Approved"	""	"""snowman"""	"""belt"""	"[""mittens"",""scarf""]"	"[""right""]"	"[""left"",""middle2""]"	"0"	"-1"	"2"	"0"	"0"	"11"	"0"	"0"	"-1"	"-1"	"-1"	"""TRUE"""	"""distractor2"""	"""FALSE"""	"-1"	"-1"	"-1"	"-1"	"-1"	"-1"	"""Making a prediction"""	"""Thank you"""	"""27"""	"""m"""	"8"	"0"	"0"	"1"	"2"	"""5"""	"-1"	"""hat,belt,"""	"""hat,scarf,mittens,belt,"""	"""hat,scarf,belt,"""	"""hat,belt,"""	"""2"""	"""hat,scarf,belt,"""
"What is he talking about? (1-2 mins)"	"Short and fun! A 1-2 minute word game about what someone is talking about."	"experiment, psychology, game"	"$0.25"	"Fri Apr 03 03:04:47 EDT 2015"	"450"	"0"	"0"	"450"	"Reviewable"	"NotReviewed"	"1 scales"	"600"	"60000"	"Fri Apr 10 03:04:47 EDT 2015"	"S53933"	"Approved"	""	"""snowman"""	"""scarf"""	"[""belt"",""mittens""]"	"[""right"",""left""]"	"[""middle1"",null]"	"0"	"-1"	"2"	"0"	"0"	"11"	"0"	"0"	"-1"	"-1"	"-1"	"""TRUE"""	"""distractor1"""	"""FALSE"""	"-1"	"-1"	"-1"	"-1"	"-1"	"-1"	"""bob's snowmen"""	"""no"""	"""47"""	"""m"""	"7"	"0"	"0"	"1"	"2"	"""5"""	"-1"	"""hat,scarf,mittens,"""	"""hat,scarf,mittens,belt,"""	"""hat,scarf,"""	""""""	"""1"""	"""hat,scarf,mittens,belt,"""
"What is he talking about? (1-2 mins)"	"Short and fun! A 1-2 minute word game about what someone is talking about."	"experiment, psychology, game"	"$0.25"	"Fri Apr 03 03:04:47 EDT 2015"	"450"	"0"	"0"	"450"	"Reviewable"	"NotReviewed"	"1 scales"	"600"	"60000"	"Fri Apr 10 03:04:47 EDT 2015"	"S34179"	"Approved"	""	"""sundae"""	"""whipped cream"""	"[""cherry"",null]"	"[""middle1""]"	"[""left"",""right""]"	"0"	"-1"	"1"	"0"	"0"	"11"	"0"	"0"	"-1"	"-1"	"-1"	"""TRUE"""	"""target"""	"""TRUE"""	"-1"	"-1"	"-1"	"-1"	"-1"	"-1"	"""Sundae's """	""""""	"""29"""	"""male"""	"1"	"0"	"1"	"0"	"2"	"""5"""	"-1"	""""""	"""whipped cream,"""	"""cherry,whipped cream,"""	""""""	"""1"""	"""whipped cream,"""
"What is he talking about? (1-2 mins)"	"Short and fun! A 1-2 minute word game about what someone is talking about."	"experiment, psychology, game"	"$0.25"	"Fri Apr 03 03:04:47 EDT 2015"	"450"	"0"	"0"	"450"	"Reviewable"	"NotReviewed"	"1 scales"	"600"	"60000"	"Fri Apr 10 03:04:47 EDT 2015"	"S81793"	"Approved"	""	"""boat"""	"undefined"	"[""cabin"",""sail""]"	"[""middle1""]"	"[""right"",""middle2""]"	"0"	"-1"	"2"	"0"	"0"	"11"	"0"	"0"	"-1"	"-1"	"-1"	"""TRUE"""	"""target"""	"""TRUE"""	"-1"	"-1"	"-1"	"-1"	"-1"	"-1"	"""Pick which boat Bob was talking about using an abstract clue that may or may not be related to any of the boats."""	""""""	"""20"""	"""m"""	"2"	"0"	"2"	"0"	"1"	"""5"""	"-1"	"""cabin,sail,"""	""""""	"""sail,"""	""""""	"""1"""	""""""
"What is he talking about? (1-2 mins)"	"Short and fun! A 1-2 minute word game about what someone is talking about."	"experiment, psychology, game"	"$0.25"	"Fri Apr 03 03:04:47 EDT 2015"	"450"	"0"	"0"	"450"	"Reviewable"	"NotReviewed"	"1 scales"	"600"	"60000"	"Fri Apr 10 03:04:47 EDT 2015"	"S14906"	"Approved"	""	"""Christmas tree"""	"""star"""	"[""lights"",""ornaments"",null]"	"[null]"	"[""left"",""right"",null]"	"0"	"-1"	"1"	"0"	"0"	"11"	"0"	"0"	"-1"	"-1"	"-1"	"""TRUE"""	"""distractor1"""	"""FALSE"""	"-1"	"-1"	"-1"	"-1"	"-1"	"-1"	"""Trimming christmas trees"""	"""No"""	"""26"""	"""m"""	"3"	"0"	"0"	"1"	"2"	"""5"""	"-1"	"""ornaments,star,"""	"""lights,ornaments,star,"""	""""""	""""""	"""0"""	"""ornaments,star,"""
"What is he talking about? (1-2 mins)"	"Short and fun! A 1-2 minute word game about what someone is talking about."	"experiment, psychology, game"	"$0.25"	"Fri Apr 03 03:04:47 EDT 2015"	"450"	"0"	"0"	"450"	"Reviewable"	"NotReviewed"	"1 scales"	"600"	"60000"	"Fri Apr 10 03:04:47 EDT 2015"	"S35067"	"Approved"	""	"""boat"""	"""sail"""	"[""cabin"",""motor"",null]"	"[""middle1""]"	"[""left"",""middle2""]"	"0"	"-1"	"2"	"0"	"0"	"11"	"0"	"0"	"-1"	"-1"	"-1"	"""TRUE"""	"""distractor3"""	"""FALSE"""	"-1"	"-1"	"-1"	"-1"	"-1"	"-1"	"""No idea"""	"""The survey said which \""christmas tree\"" and mumblemuble nothing about a boat except the picture"""	"""30"""	"""m"""	"5"	"0"	"0"	"2"	"1"	"""5"""	"-1"	"""sail,"""	"""sail,"""	"""sail,motor,"""	"""cabin,sail,motor,"""	"""3"""	"""cabin,sail,motor,"""
"What is he talking about? (1-2 mins)"	"Short and fun! A 1-2 minute word game about what someone is talking about."	"experiment, psychology, game"	"$0.25"	"Fri Apr 03 03:04:47 EDT 2015"	"450"	"0"	"0"	"450"	"Reviewable"	"NotReviewed"	"1 scales"	"600"	"60000"	"Fri Apr 10 03:04:47 EDT 2015"	"S81194"	"Approved"	""	"""boat"""	"""sail"""	"[""motor"",""cabin"",""flag""]"	"[""right""]"	"[""left"",""middle1""]"	"0"	"-1"	"1"	"0"	"0"	"11"	"0"	"0"	"-1"	"-1"	"-1"	"""TRUE"""	"""distractor2"""	"""FALSE"""	"-1"	"-1"	"-1"	"-1"	"-1"	"-1"	"""Bob talking about Christmas trees and picking a boat. """	""""""	"""26"""	"""F"""	"7"	"0"	"2"	"1"	"0"	"""5"""	"-1"	"""cabin,flag,"""	"""cabin,sail,motor,flag,"""	"""cabin,sail,flag,"""	""""""	"""1"""	"""cabin,sail,motor,flag,"""
"What is he talking about? (1-2 mins)"	"Short and fun! A 1-2 minute word game about what someone is talking about."	"experiment, psychology, game"	"$0.25"	"Fri Apr 03 03:04:47 EDT 2015"	"450"	"0"	"0"	"450"	"Reviewable"	"NotReviewed"	"1 scales"	"600"	"60000"	"Fri Apr 10 03:04:47 EDT 2015"	"S80212"	"Approved"	""	"""friend"""	"""glasses"""	"[""mustache"",""bowtie"",""hat""]"	"[""left""]"	"[""right"",""middle2"",""middle1""]"	"0"	"-1"	"1"	"0"	"0"	"11"	"0"	"0"	"-1"	"-1"	"-1"	"""TRUE"""	"""distractor2"""	"""FALSE"""	"-1"	"-1"	"-1"	"-1"	"-1"	"-1"	"""Bob trimming the Christmas tree."""	"""None"""	"""44"""	"""M"""	"8"	"0"	"0"	"1"	"2"	"""5"""	"-1"	"""hat,glasses,bowtie,"""	"""hat,glasses,mustache,bowtie,"""	"""hat,bowtie,"""	"""hat,bowtie,"""	"""2"""	"""hat,bowtie,"""
"What is he talking about? (1-2 mins)"	"Short and fun! A 1-2 minute word game about what someone is talking about."	"experiment, psychology, game"	"$0.25"	"Fri Apr 03 03:04:47 EDT 2015"	"450"	"0"	"0"	"450"	"Reviewable"	"NotReviewed"	"1 scales"	"600"	"60000"	"Fri Apr 10 03:04:47 EDT 2015"	"S69158"	"Approved"	""	"""snowman"""	"undefined"	"[""scarf"",""hat""]"	"[""right"",""left""]"	"[null,null]"	"0"	"-1"	"2"	"0"	"0"	"11"	"0"	"0"	"-1"	"-1"	"-1"	"""TRUE"""	"""target"""	"""TRUE"""	"-1"	"-1"	"-1"	"-1"	"-1"	"-1"	"""Finding out which snowman Bob was talking about."""	"""Fun survey, thanks"""	"""28"""	"""f"""	"0"	"0"	"2"	"1"	"0"	"""5"""	"-1"	"""hat,scarf,"""	"""hat,"""	""""""	""""""	"""1"""	"""hat,"""
"What is he talking about? (1-2 mins)"	"Short and fun! A 1-2 minute word game about what someone is talking about."	"experiment, psychology, game"	"$0.25"	"Fri Apr 03 03:04:47 EDT 2015"	"450"	"0"	"0"	"450"	"Reviewable"	"NotReviewed"	"1 scales"	"600"	"60000"	"Fri Apr 10 03:04:47 EDT 2015"	"S96915"	"Approved"	""	"""sundae"""	"""sprinkles"""	"[""chocolate"",""cherry"",""whipped cream""]"	"[null]"	"[""right"",""left"",null]"	"0"	"-1"	"1"	"0"	"0"	"11"	"0"	"0"	"-1"	"-1"	"-1"	"""TRUE"""	"""distractor2"""	"""FALSE"""	"-1"	"-1"	"-1"	"-1"	"-1"	"-1"	"""communication"""	""""""	"""30"""	"""m"""	"6"	"0"	"1"	"2"	"0"	"""5"""	"-1"	"""cherry,whipped cream,chocolate,sprinkles,"""	"""cherry,whipped cream,sprinkles,"""	""""""	""""""	"""0"""	"""cherry,whipped cream,chocolate,sprinkles,"""
"What is he talking about? (1-2 mins)"	"Short and fun! A 1-2 minute word game about what someone is talking about."	"experiment, psychology, game"	"$0.25"	"Fri Apr 03 03:04:47 EDT 2015"	"450"	"0"	"0"	"450"	"Reviewable"	"NotReviewed"	"1 scales"	"600"	"60000"	"Fri Apr 10 03:04:47 EDT 2015"	"S02467"	"Approved"	""	"""sundae"""	"""whipped cream"""	"[""chocolate"",""cherry"",""sprinkles""]"	"[""left""]"	"[""middle2"",""right""]"	"0"	"-1"	"2"	"0"	"0"	"11"	"0"	"0"	"-1"	"-1"	"-1"	"""TRUE"""	"""distractor1"""	"""FALSE"""	"-1"	"-1"	"-1"	"-1"	"-1"	"-1"	"""what sundae bob ate"""	"""no"""	"""31"""	"""f"""	"8"	"0"	"1"	"2"	"0"	"""5"""	"-1"	"""whipped cream,sprinkles,"""	"""cherry,whipped cream,chocolate,sprinkles,"""	"""whipped cream,sprinkles,"""	"""cherry,whipped cream,sprinkles,"""	"""2"""	"""whipped cream,sprinkles,"""
"What is he talking about? (1-2 mins)"	"Short and fun! A 1-2 minute word game about what someone is talking about."	"experiment, psychology, game"	"$0.25"	"Fri Apr 03 03:04:47 EDT 2015"	"450"	"0"	"0"	"450"	"Reviewable"	"NotReviewed"	"1 scales"	"600"	"60000"	"Fri Apr 10 03:04:47 EDT 2015"	"S93114"	"Approved"	""	"""boat"""	"undefined"	"[""cabin"",""sail""]"	"[""left""]"	"[""right"",null]"	"0"	"-1"	"2"	"0"	"0"	"11"	"0"	"0"	"-1"	"-1"	"-1"	"""TRUE"""	"""target"""	"""TRUE"""	"-1"	"-1"	"-1"	"-1"	"-1"	"-1"	"""Boats"""	"""What Christmas tree to trim next? What? LOL"""	"""22"""	"""F"""	"0"	"0"	"2"	"1"	"0"	"""5"""	"-1"	"""sail,"""	"""cabin,sail,"""	""""""	""""""	"""0"""	"""sail,"""
"What is he talking about? (1-2 mins)"	"Short and fun! A 1-2 minute word game about what someone is talking about."	"experiment, psychology, game"	"$0.25"	"Fri Apr 03 03:04:47 EDT 2015"	"450"	"0"	"0"	"450"	"Reviewable"	"NotReviewed"	"1 scales"	"600"	"60000"	"Fri Apr 10 03:04:47 EDT 2015"	"S79258"	"Approved"	""	"""pizza"""	"""olives"""	"[""peppers"",""sausage""]"	"[""right""]"	"[""left"",null]"	"0"	"-1"	"2"	"0"	"0"	"11"	"0"	"0"	"-1"	"-1"	"-1"	"""TRUE"""	"""distractor1"""	"""FALSE"""	"-1"	"-1"	"-1"	"-1"	"-1"	"-1"	"""Absolutely no clue what so ever"""	"""Hmm?"""	"""28"""	"""M"""	"6"	"0"	"0"	"1"	"2"	"""5"""	"-1"	"""mushrooms,olives,peppers,sausage,"""	"""mushrooms,olives,sausage,"""	""""""	""""""	"""0"""	"""mushrooms,olives,peppers,sausage,"""
"What is he talking about? (1-2 mins)"	"Short and fun! A 1-2 minute word game about what someone is talking about."	"experiment, psychology, game"	"$0.25"	"Fri Apr 03 03:04:47 EDT 2015"	"450"	"0"	"0"	"450"	"Reviewable"	"NotReviewed"	"1 scales"	"600"	"60000"	"Fri Apr 10 03:04:47 EDT 2015"	"S96323"	"Approved"	""	"""boat"""	"""motor"""	"[""sail"",""cabin""]"	"[""left"",""middle2""]"	"[""right"",""middle1""]"	"0"	"-1"	"2"	"0"	"0"	"11"	"0"	"0"	"-1"	"-1"	"-1"	"""TRUE"""	"""distractor2"""	"""FALSE"""	"-1"	"-1"	"-1"	"-1"	"-1"	"-1"	"""The survey was about Bob choosing a sailboat."""	"""thanks"""	"""29"""	"""m"""	"5"	"0"	"1"	"2"	"0"	"""5"""	"-1"	"""motor,"""	"""cabin,sail,motor,"""	"""motor,"""	"""cabin,motor,"""	"""1"""	"""cabin,sail,motor,"""
"What is he talking about? (1-2 mins)"	"Short and fun! A 1-2 minute word game about what someone is talking about."	"experiment, psychology, game"	"$0.25"	"Fri Apr 03 03:04:47 EDT 2015"	"450"	"0"	"0"	"450"	"Reviewable"	"NotReviewed"	"1 scales"	"600"	"60000"	"Fri Apr 10 03:04:47 EDT 2015"	"S98134"	"Approved"	""	"""snowman"""	"""mittens"""	"[""scarf"",""hat"",null]"	"[""right""]"	"[""left"",null]"	"0"	"-1"	"1"	"0"	"0"	"11"	"0"	"0"	"-1"	"-1"	"-1"	"""TRUE"""	"""target"""	"""TRUE"""	"-1"	"-1"	"-1"	"-1"	"-1"	"-1"	"""Choosing a snowman based on unintelligible words"""	"""Fun Questions"""	"""40"""	"""m"""	"3"	"0"	"1"	"2"	"0"	"""5"""	"-1"	"""hat,mittens,"""	"""hat,scarf,mittens,"""	""""""	""""""	"""1"""	"""hat,scarf,mittens,"""
"What is he talking about? (1-2 mins)"	"Short and fun! A 1-2 minute word game about what someone is talking about."	"experiment, psychology, game"	"$0.25"	"Fri Apr 03 03:04:47 EDT 2015"	"450"	"0"	"0"	"450"	"Reviewable"	"NotReviewed"	"1 scales"	"600"	"60000"	"Fri Apr 10 03:04:47 EDT 2015"	"S86969"	"Approved"	""	"""pizza"""	"""mushrooms"""	"[""olives"",null,null]"	"[""right""]"	"[""left"",""middle2"",""middle1""]"	"0"	"-1"	"1"	"0"	"0"	"11"	"0"	"0"	"-1"	"-1"	"-1"	"""TRUE"""	"""distractor3"""	"""FALSE"""	"-1"	"-1"	"-1"	"-1"	"-1"	"-1"	"""i couldnt say"""	"""no"""	"""53"""	"""m"""	"2"	"0"	"1"	"0"	"2"	"""5"""	"-1"	""""""	"""mushrooms,olives,"""	""""""	"""mushrooms,"""	"""1"""	"""mushrooms,olives,"""
"What is he talking about? (1-2 mins)"	"Short and fun! A 1-2 minute word game about what someone is talking about."	"experiment, psychology, game"	"$0.25"	"Fri Apr 03 03:04:47 EDT 2015"	"450"	"0"	"0"	"450"	"Reviewable"	"NotReviewed"	"1 scales"	"600"	"60000"	"Fri Apr 10 03:04:47 EDT 2015"	"S48576"	"Approved"	""	"""sundae"""	"""chocolate"""	"[""cherry"",""whipped cream"",null]"	"[""right""]"	"[""middle1"",""left""]"	"0"	"-1"	"2"	"0"	"0"	"11"	"0"	"0"	"-1"	"-1"	"-1"	"""TRUE"""	"""distractor1"""	"""FALSE"""	"-1"	"-1"	"-1"	"-1"	"-1"	"-1"	"""understanding Bob"""	"""nope"""	"""33"""	"""m"""	"4"	"0"	"1"	"2"	"0"	"""5"""	"-1"	"""cherry,whipped cream,chocolate,"""	"""whipped cream,chocolate,"""	"""chocolate,"""	""""""	"""1"""	"""whipped cream,chocolate,"""
"What is he talking about? (1-2 mins)"	"Short and fun! A 1-2 minute word game about what someone is talking about."	"experiment, psychology, game"	"$0.25"	"Fri Apr 03 03:04:47 EDT 2015"	"450"	"0"	"0"	"450"	"Reviewable"	"NotReviewed"	"1 scales"	"600"	"60000"	"Fri Apr 10 03:04:47 EDT 2015"	"S28000"	"Approved"	""	"""sundae"""	"""cherry"""	"[""chocolate"",""whipped cream""]"	"[""left""]"	"[""middle1"",""middle2"",""right""]"	"0"	"-1"	"1"	"0"	"0"	"11"	"0"	"0"	"-1"	"-1"	"-1"	"""TRUE"""	"""distractor3"""	"""FALSE"""	"-1"	"-1"	"-1"	"-1"	"-1"	"-1"	"""ice cream sundays and a christmas tree trimming"""	""""""	"""22"""	"""f"""	"5"	"0"	"0"	"2"	"1"	"""5"""	"-1"	"""cherry,whipped cream,"""	"""whipped cream,"""	"""whipped cream,"""	"""cherry,whipped cream,chocolate,"""	"""3"""	"""cherry,whipped cream,chocolate,"""
"What is he talking about? (1-2 mins)"	"Short and fun! A 1-2 minute word game about what someone is talking about."	"experiment, psychology, game"	"$0.25"	"Fri Apr 03 03:04:47 EDT 2015"	"450"	"0"	"0"	"450"	"Reviewable"	"NotReviewed"	"1 scales"	"600"	"60000"	"Fri Apr 10 03:04:47 EDT 2015"	"S87871"	"Approved"	""	"""friend"""	"""mustache"""	"[""glasses"",""hat"",null]"	"[""middle1"",""left""]"	"[""right"",null]"	"0"	"-1"	"2"	"0"	"0"	"11"	"0"	"0"	"-1"	"-1"	"-1"	"""TRUE"""	"""target"""	"""TRUE"""	"-1"	"-1"	"-1"	"-1"	"-1"	"-1"	"""Drawing conclusions"""	""""""	"""49"""	"""F"""	"4"	"0"	"1"	"0"	"2"	"""5"""	"-1"	"""hat,mustache,"""	"""mustache,"""	"""hat,glasses,mustache,"""	""""""	"""1"""	"""mustache,"""
"What is he talking about? (1-2 mins)"	"Short and fun! A 1-2 minute word game about what someone is talking about."	"experiment, psychology, game"	"$0.25"	"Fri Apr 03 03:04:47 EDT 2015"	"450"	"0"	"0"	"450"	"Reviewable"	"NotReviewed"	"1 scales"	"600"	"60000"	"Fri Apr 10 03:04:47 EDT 2015"	"S65522"	"Approved"	""	"""boat"""	"""sail"""	"[""motor"",""cabin"",""flag""]"	"[""middle1""]"	"[""right"",""left"",null]"	"0"	"-1"	"1"	"0"	"0"	"11"	"0"	"0"	"-1"	"-1"	"-1"	"""TRUE"""	"""target"""	"""TRUE"""	"-1"	"-1"	"-1"	"-1"	"-1"	"-1"	"""Which boat Bob would choose."""	"""It seems the prompt was about Christmas trees, but the picture was of boats."""	"""27"""	"""m"""	"7"	"0"	"2"	"0"	"1"	"""5"""	"-1"	"""cabin,sail,flag,"""	"""cabin,sail,motor,flag,"""	"""cabin,flag,"""	""""""	"""1"""	"""cabin,sail,motor,flag,"""
"What is he talking about? (1-2 mins)"	"Short and fun! A 1-2 minute word game about what someone is talking about."	"experiment, psychology, game"	"$0.25"	"Fri Apr 03 03:04:47 EDT 2015"	"450"	"0"	"0"	"450"	"Reviewable"	"NotReviewed"	"1 scales"	"600"	"60000"	"Fri Apr 10 03:04:47 EDT 2015"	"S27376"	"Approved"	""	"""snowman"""	"undefined"	"[""hat"",""scarf"",null]"	"[""right"",""middle2""]"	"[""left"",""middle1""]"	"0"	"-1"	"2"	"0"	"0"	"11"	"0"	"0"	"-1"	"-1"	"-1"	"""TRUE"""	"""target"""	"""TRUE"""	"-1"	"-1"	"-1"	"-1"	"-1"	"-1"	"""Guess which snowman will decorated next"""	""""""	"""25"""	"""f"""	"2"	"0"	"2"	"1"	"0"	"""5"""	"-1"	"""scarf,"""	"""hat,scarf,"""	""""""	""""""	"""2"""	""""""
"What is he talking about? (1-2 mins)"	"Short and fun! A 1-2 minute word game about what someone is talking about."	"experiment, psychology, game"	"$0.25"	"Fri Apr 03 03:04:47 EDT 2015"	"450"	"0"	"0"	"450"	"Reviewable"	"NotReviewed"	"1 scales"	"600"	"60000"	"Fri Apr 10 03:04:47 EDT 2015"	"S45607"	"Approved"	""	"""snowman"""	"""scarf"""	"[""mittens"",""hat"",null]"	"[""left"",""right""]"	"[""middle1"",""middle2""]"	"0"	"-1"	"2"	"0"	"0"	"11"	"0"	"0"	"-1"	"-1"	"-1"	"""TRUE"""	"""distractor1"""	"""FALSE"""	"-1"	"-1"	"-1"	"-1"	"-1"	"-1"	"""About what we think the character is saying"""	"""The snowmen were nice"""	"""26"""	"""m"""	"5"	"0"	"1"	"2"	"0"	"""5"""	"-1"	"""scarf,"""	"""hat,scarf,"""	"""hat,scarf,mittens,"""	"""scarf,"""	"""1"""	"""hat,scarf,"""
"What is he talking about? (1-2 mins)"	"Short and fun! A 1-2 minute word game about what someone is talking about."	"experiment, psychology, game"	"$0.25"	"Fri Apr 03 03:04:47 EDT 2015"	"450"	"0"	"0"	"450"	"Reviewable"	"NotReviewed"	"1 scales"	"600"	"60000"	"Fri Apr 10 03:04:47 EDT 2015"	"S43984"	"Approved"	""	"""boat"""	"""sail"""	"[""cabin"",""motor""]"	"[null]"	"[""right"",""left"",null]"	"0"	"-1"	"1"	"0"	"0"	"11"	"0"	"0"	"-1"	"-1"	"-1"	"""TRUE"""	"""distractor2"""	"""FALSE"""	"-1"	"-1"	"-1"	"-1"	"-1"	"-1"	"""Which boat bob chose"""	"""no"""	"""25"""	"""f"""	"3"	"0"	"0"	"1"	"2"	"""5"""	"-1"	"""cabin,sail,motor,"""	"""sail,motor,"""	""""""	""""""	"""0"""	"""cabin,sail,motor,"""
"What is he talking about? (1-2 mins)"	"Short and fun! A 1-2 minute word game about what someone is talking about."	"experiment, psychology, game"	"$0.25"	"Fri Apr 03 03:04:47 EDT 2015"	"450"	"0"	"0"	"450"	"Reviewable"	"NotReviewed"	"1 scales"	"600"	"60000"	"Fri Apr 10 03:04:47 EDT 2015"	"S98886"	"Approved"	""	"""boat"""	"""cabin"""	"[""sail"",null]"	"[""left""]"	"[""right"",""middle1""]"	"0"	"-1"	"1"	"0"	"0"	"11"	"0"	"0"	"-1"	"-1"	"-1"	"""TRUE"""	"""distractor2"""	"""FALSE"""	"-1"	"-1"	"-1"	"-1"	"-1"	"-1"	"""Inference"""	"""None."""	"""29"""	"""f"""	"1"	"0"	"2"	"1"	"0"	"""5"""	"-1"	"""cabin,"""	"""cabin,sail,"""	""""""	""""""	"""1"""	"""cabin,sail,"""
"What is he talking about? (1-2 mins)"	"Short and fun! A 1-2 minute word game about what someone is talking about."	"experiment, psychology, game"	"$0.25"	"Fri Apr 03 03:04:47 EDT 2015"	"450"	"0"	"0"	"450"	"Reviewable"	"NotReviewed"	"1 scales"	"600"	"60000"	"Fri Apr 10 03:04:47 EDT 2015"	"S44024"	"Approved"	""	"""sundae"""	"""whipped cream"""	"[""cherry"",""chocolate"",null]"	"[""left""]"	"[""middle1"",""right"",""middle2""]"	"0"	"-1"	"1"	"0"	"0"	"11"	"0"	"0"	"-1"	"-1"	"-1"	"""TRUE"""	"""distractor1"""	"""FALSE"""	"-1"	"-1"	"-1"	"-1"	"-1"	"-1"	"""What kind of sundae Bob had"""	""""""	"""25"""	"""f"""	"5"	"0"	"2"	"0"	"1"	"""5"""	"-1"	"""whipped cream,chocolate,"""	"""chocolate,"""	"""cherry,whipped cream,chocolate,"""	"""chocolate,"""	"""1"""	"""chocolate,"""
"What is he talking about? (1-2 mins)"	"Short and fun! A 1-2 minute word game about what someone is talking about."	"experiment, psychology, game"	"$0.25"	"Fri Apr 03 03:04:47 EDT 2015"	"450"	"0"	"0"	"450"	"Reviewable"	"NotReviewed"	"1 scales"	"600"	"60000"	"Fri Apr 10 03:04:47 EDT 2015"	"S94681"	"Approved"	""	"""snowman"""	"""hat"""	"[""mittens"",""scarf"",null]"	"[""middle1"",""left""]"	"[""right"",null]"	"0"	"-1"	"2"	"0"	"0"	"11"	"0"	"0"	"-1"	"-1"	"-1"	"""TRUE"""	"""distractor1"""	"""FALSE"""	"-1"	"-1"	"-1"	"-1"	"-1"	"-1"	"""Bob's snowmen"""	""""""	"""19"""	"""f"""	"4"	"0"	"1"	"2"	"0"	"""5"""	"-1"	"""hat,scarf,"""	"""hat,"""	"""hat,scarf,mittens,"""	""""""	"""2"""	"""hat,scarf,mittens,"""
"What is he talking about? (1-2 mins)"	"Short and fun! A 1-2 minute word game about what someone is talking about."	"experiment, psychology, game"	"$0.25"	"Fri Apr 03 03:04:47 EDT 2015"	"450"	"0"	"0"	"450"	"Reviewable"	"NotReviewed"	"1 scales"	"600"	"60000"	"Fri Apr 10 03:04:47 EDT 2015"	"S23902"	"Approved"	""	"""snowman"""	"""hat"""	"[""scarf"",""mittens""]"	"[""left""]"	"[""middle1"",""middle2""]"	"0"	"-1"	"1"	"0"	"0"	"11"	"0"	"0"	"-1"	"-1"	"-1"	"""TRUE"""	"""distractor2"""	"""FALSE"""	"-1"	"-1"	"-1"	"-1"	"-1"	"-1"	"""What was he saying"""	"""none"""	"""50"""	"""f"""	"5"	"0"	"2"	"1"	"0"	"""5"""	"-1"	"""mittens,"""	"""mittens,"""	"""hat,mittens,"""	"""hat,scarf,mittens,"""	"""2"""	"""hat,mittens,"""
"What is he talking about? (1-2 mins)"	"Short and fun! A 1-2 minute word game about what someone is talking about."	"experiment, psychology, game"	"$0.25"	"Fri Apr 03 03:04:47 EDT 2015"	"450"	"0"	"0"	"450"	"Reviewable"	"NotReviewed"	"1 scales"	"600"	"60000"	"Fri Apr 10 03:04:47 EDT 2015"	"S69772"	"Approved"	""	"""pizza"""	"""olives"""	"[""mushrooms"",""peppers"",null]"	"[""left"",""middle1""]"	"[""right"",null]"	"0"	"-1"	"2"	"0"	"0"	"11"	"0"	"0"	"-1"	"-1"	"-1"	"""FALSE"""	"""target"""	"""TRUE"""	"-1"	"-1"	"-1"	"-1"	"-1"	"-1"	"""No idea"""	"""no"""	"""31"""	""""""	"4"	"0"	"1"	"2"	"0"	"""5"""	"-1"	"""olives,"""	"""olives,peppers,"""	"""mushrooms,olives,peppers,"""	""""""	"""1"""	"""olives,peppers,"""
"What is he talking about? (1-2 mins)"	"Short and fun! A 1-2 minute word game about what someone is talking about."	"experiment, psychology, game"	"$0.25"	"Fri Apr 03 03:04:47 EDT 2015"	"450"	"0"	"0"	"450"	"Reviewable"	"NotReviewed"	"1 scales"	"600"	"60000"	"Fri Apr 10 03:04:47 EDT 2015"	"S26988"	"Approved"	""	"""friend"""	"undefined"	"[""hat"",""glasses""]"	"[""middle1"",""right""]"	"[""left"",null]"	"0"	"-1"	"2"	"0"	"0"	"11"	"0"	"0"	"-1"	"-1"	"-1"	"""TRUE"""	"""target"""	"""TRUE"""	"-1"	"-1"	"-1"	"-1"	"-1"	"-1"	"""Bob visiting friends to trim Christmas trees."""	"""Thanks for the work!"""	"""37"""	"""M"""	"1"	"0"	"1"	"2"	"0"	"""5"""	"-1"	"""hat,glasses,"""	""""""	"""glasses,"""	""""""	"""2"""	"""glasses,"""
"What is he talking about? (1-2 mins)"	"Short and fun! A 1-2 minute word game about what someone is talking about."	"experiment, psychology, game"	"$0.25"	"Fri Apr 03 03:04:47 EDT 2015"	"450"	"0"	"0"	"450"	"Reviewable"	"NotReviewed"	"1 scales"	"600"	"60000"	"Fri Apr 10 03:04:47 EDT 2015"	"S73710"	"Approved"	""	"""pizza"""	"""mushrooms"""	"[""olives"",null,null]"	"[""right""]"	"[""middle1"",""left"",null]"	"0"	"-1"	"1"	"0"	"0"	"11"	"0"	"0"	"-1"	"-1"	"-1"	"""TRUE"""	"""target"""	"""TRUE"""	"-1"	"-1"	"-1"	"-1"	"-1"	"-1"	"""It was about Bob who likes to eat pizza."""	"""No."""	"""53"""	"""f"""	"1"	"0"	"0"	"2"	"1"	"""5"""	"-1"	"""mushrooms,"""	""""""	"""mushrooms,olives,"""	""""""	"""2"""	"""mushrooms,olives,"""
"What is he talking about? (1-2 mins)"	"Short and fun! A 1-2 minute word game about what someone is talking about."	"experiment, psychology, game"	"$0.25"	"Fri Apr 03 03:04:47 EDT 2015"	"450"	"0"	"0"	"450"	"Reviewable"	"NotReviewed"	"1 scales"	"600"	"60000"	"Fri Apr 10 03:04:47 EDT 2015"	"S17951"	"Approved"	""	"""Christmas tree"""	"""lights"""	"[""presents"",""ornaments""]"	"[""right"",""left""]"	"[""middle1"",null]"	"0"	"-1"	"2"	"0"	"0"	"11"	"0"	"0"	"-1"	"-1"	"-1"	"""TRUE"""	"""target"""	"""TRUE"""	"-1"	"-1"	"-1"	"-1"	"-1"	"-1"	"""trees and bob"""	"""no"""	"""25"""	"""m"""	"7"	"0"	"1"	"2"	"0"	"""5"""	"-1"	"""lights,ornaments,star,"""	"""lights,ornaments,star,presents,"""	"""lights,star,"""	""""""	"""2"""	"""lights,star,"""
"What is he talking about? (1-2 mins)"	"Short and fun! A 1-2 minute word game about what someone is talking about."	"experiment, psychology, game"	"$0.25"	"Fri Apr 03 03:04:47 EDT 2015"	"450"	"0"	"0"	"450"	"Reviewable"	"NotReviewed"	"1 scales"	"600"	"60000"	"Fri Apr 10 03:04:47 EDT 2015"	"S78657"	"Approved"	""	"""pizza"""	"""mushrooms"""	"[""peppers"",""sausage""]"	"[null]"	"[""left"",""right"",null]"	"0"	"-1"	"1"	"0"	"0"	"11"	"0"	"0"	"-1"	"-1"	"-1"	"""TRUE"""	"""distractor2"""	"""FALSE"""	"-1"	"-1"	"-1"	"-1"	"-1"	"-1"	"""Bob and pizza"""	""""""	"""20"""	"""m"""	"6"	"0"	"0"	"1"	"2"	"""5"""	"-1"	"""mushrooms,olives,sausage,"""	"""mushrooms,olives,peppers,sausage,"""	""""""	""""""	"""1"""	"""mushrooms,olives,peppers,sausage,"""
"What is he talking about? (1-2 mins)"	"Short and fun! A 1-2 minute word game about what someone is talking about."	"experiment, psychology, game"	"$0.25"	"Fri Apr 03 03:04:47 EDT 2015"	"450"	"0"	"0"	"450"	"Reviewable"	"NotReviewed"	"1 scales"	"600"	"60000"	"Fri Apr 10 03:04:47 EDT 2015"	"S97412"	"Approved"	""	"""boat"""	"""motor"""	"[""cabin"",""sail"",null]"	"[""left""]"	"[""right"",""middle1"",""middle2""]"	"0"	"-1"	"1"	"0"	"0"	"11"	"0"	"0"	"-1"	"-1"	"-1"	"""TRUE"""	"""distractor3"""	"""FALSE"""	"-1"	"-1"	"-1"	"-1"	"-1"	"-1"	"""bob and a boat"""	"""no"""	"""29"""	"""f"""	"5"	"0"	"0"	"2"	"1"	"""5"""	"-1"	"""sail,motor,"""	"""sail,"""	"""cabin,sail,motor,"""	"""sail,"""	"""2"""	"""cabin,sail,motor,"""
"What is he talking about? (1-2 mins)"	"Short and fun! A 1-2 minute word game about what someone is talking about."	"experiment, psychology, game"	"$0.25"	"Fri Apr 03 03:04:47 EDT 2015"	"450"	"0"	"0"	"450"	"Reviewable"	"NotReviewed"	"1 scales"	"600"	"60000"	"Fri Apr 10 03:04:47 EDT 2015"	"S99719"	"Approved"	""	"""snowman"""	"""scarf"""	"[""hat"",""mittens"",null]"	"[""right""]"	"[""middle1"",""left""]"	"0"	"-1"	"2"	"0"	"0"	"11"	"0"	"0"	"-1"	"-1"	"-1"	"""TRUE"""	"""distractor2"""	"""FALSE"""	"-1"	"-1"	"-1"	"-1"	"-1"	"-1"	"""About a guy who could only speak one word, and built snowman's. """	""""""	"""22"""	"""F"""	"4"	"0"	"2"	"0"	"1"	"""5"""	"-1"	"""hat,scarf,mittens,"""	"""scarf,mittens,"""	"""scarf,"""	""""""	"""0"""	"""hat,scarf,mittens,"""
"What is he talking about? (1-2 mins)"	"Short and fun! A 1-2 minute word game about what someone is talking about."	"experiment, psychology, game"	"$0.25"	"Fri Apr 03 03:04:47 EDT 2015"	"450"	"0"	"0"	"450"	"Reviewable"	"NotReviewed"	"1 scales"	"600"	"60000"	"Fri Apr 10 03:04:47 EDT 2015"	"S29308"	"Approved"	""	"""friend"""	"""hat"""	"[""bowtie"",""glasses"",""mustache""]"	"[""left""]"	"[""right"",null]"	"0"	"-1"	"1"	"0"	"0"	"11"	"0"	"0"	"-1"	"-1"	"-1"	"""TRUE"""	"""target"""	"""TRUE"""	"-1"	"-1"	"-1"	"-1"	"-1"	"-1"	"""no idea """	"""wow"""	"""26"""	"""m"""	"6"	"0"	"2"	"0"	"1"	"""5"""	"-1"	"""hat,glasses,mustache,bowtie,"""	"""hat,glasses,mustache,"""	""""""	""""""	"""0"""	"""hat,glasses,mustache,bowtie,"""
"What is he talking about? (1-2 mins)"	"Short and fun! A 1-2 minute word game about what someone is talking about."	"experiment, psychology, game"	"$0.25"	"Fri Apr 03 03:04:47 EDT 2015"	"450"	"0"	"0"	"450"	"Reviewable"	"NotReviewed"	"1 scales"	"600"	"60000"	"Fri Apr 10 03:04:47 EDT 2015"	"S45342"	"Approved"	""	"""Christmas tree"""	"""ornaments"""	"[""star"",""lights"",""presents""]"	"[""middle1""]"	"[""left"",""right"",null]"	"0"	"-1"	"1"	"0"	"0"	"11"	"0"	"0"	"-1"	"-1"	"-1"	"""TRUE"""	"""distractor1"""	"""FALSE"""	"-1"	"-1"	"-1"	"-1"	"-1"	"-1"	"""Christmas Trees"""	""""""	"""25"""	"""m"""	"7"	"0"	"2"	"1"	"0"	"""5"""	"-1"	"""lights,presents,"""	"""lights,ornaments,star,presents,"""	"""lights,ornaments,presents,"""	""""""	"""0"""	"""lights,presents,"""
"What is he talking about? (1-2 mins)"	"Short and fun! A 1-2 minute word game about what someone is talking about."	"experiment, psychology, game"	"$0.25"	"Fri Apr 03 03:04:47 EDT 2015"	"450"	"0"	"0"	"450"	"Reviewable"	"NotReviewed"	"1 scales"	"600"	"60000"	"Fri Apr 10 03:04:47 EDT 2015"	"S58695"	"Approved"	""	"""boat"""	"undefined"	"[""sail"",""cabin""]"	"[""right"",""middle1""]"	"[""left"",null]"	"0"	"-1"	"2"	"0"	"0"	"11"	"0"	"0"	"-1"	"-1"	"-1"	"""TRUE"""	"""distractor1"""	"""FALSE"""	"-1"	"-1"	"-1"	"-1"	"-1"	"-1"	"""which  boat Bob sailed"""	"""none"""	"""49"""	"""f"""	"1"	"0"	"0"	"2"	"1"	"""5"""	"-1"	"""cabin,sail,"""	"""cabin,"""	""""""	""""""	"""0"""	"""cabin,sail,"""
"What is he talking about? (1-2 mins)"	"Short and fun! A 1-2 minute word game about what someone is talking about."	"experiment, psychology, game"	"$0.25"	"Fri Apr 03 03:04:47 EDT 2015"	"450"	"0"	"0"	"450"	"Reviewable"	"NotReviewed"	"1 scales"	"600"	"60000"	"Fri Apr 10 03:04:47 EDT 2015"	"S87711"	"Approved"	""	"""friend"""	"""glasses"""	"[""mustache"",""hat""]"	"[""middle2""]"	"[""right"",""middle1"",""left""]"	"0"	"-1"	"1"	"0"	"0"	"11"	"0"	"0"	"-1"	"-1"	"-1"	"""TRUE"""	"""target"""	"""TRUE"""	"-1"	"-1"	"-1"	"-1"	"-1"	"-1"	"""What is he talking baout"""	""""""	"""35"""	"""m"""	"5"	"0"	"2"	"0"	"1"	"""5"""	"-1"	"""hat,glasses,mustache,"""	"""hat,"""	"""hat,glasses,"""	"""hat,"""	"""2"""	"""hat,glasses,"""
"What is he talking about? (1-2 mins)"	"Short and fun! A 1-2 minute word game about what someone is talking about."	"experiment, psychology, game"	"$0.25"	"Fri Apr 03 03:04:47 EDT 2015"	"450"	"0"	"0"	"450"	"Reviewable"	"NotReviewed"	"1 scales"	"600"	"60000"	"Fri Apr 10 03:04:47 EDT 2015"	"S78675"	"Approved"	""	"""friend"""	"""hat"""	"[""glasses"",null]"	"[""middle1""]"	"[""middle2"",""left""]"	"0"	"-1"	"1"	"0"	"0"	"11"	"0"	"0"	"-1"	"-1"	"-1"	"""TRUE"""	"""target"""	"""TRUE"""	"-1"	"-1"	"-1"	"-1"	"-1"	"-1"	"""Communication"""	"""I have no idea what this was about: Christmas Tree? Happy Face?"""	"""39"""	"""m"""	"2"	"0"	"2"	"1"	"0"	"""5"""	"-1"	"""hat,"""	""""""	""""""	"""hat,glasses,"""	"""1"""	""""""
"What is he talking about? (1-2 mins)"	"Short and fun! A 1-2 minute word game about what someone is talking about."	"experiment, psychology, game"	"$0.25"	"Fri Apr 03 03:04:47 EDT 2015"	"450"	"0"	"0"	"450"	"Reviewable"	"NotReviewed"	"1 scales"	"600"	"60000"	"Fri Apr 10 03:04:47 EDT 2015"	"S55895"	"Approved"	""	"""boat"""	"""sail"""	"[""cabin"",null,null]"	"[""middle1""]"	"[""left"",""right""]"	"0"	"-1"	"1"	"0"	"0"	"11"	"0"	"0"	"-1"	"-1"	"-1"	"""TRUE"""	"""target"""	"""TRUE"""	"-1"	"-1"	"-1"	"-1"	"-1"	"-1"	"""which boat he had"""	""""""	"""27"""	"""f"""	"1"	"0"	"0"	"1"	"2"	"""5"""	"-1"	""""""	"""sail,"""	"""cabin,sail,"""	""""""	"""1"""	"""sail,"""
"What is he talking about? (1-2 mins)"	"Short and fun! A 1-2 minute word game about what someone is talking about."	"experiment, psychology, game"	"$0.25"	"Fri Apr 03 03:04:47 EDT 2015"	"450"	"0"	"0"	"450"	"Reviewable"	"NotReviewed"	"1 scales"	"600"	"60000"	"Fri Apr 10 03:04:47 EDT 2015"	"S52350"	"Approved"	""	"""snowman"""	"""scarf"""	"[""hat"",null]"	"[""middle1""]"	"[""right"",""left""]"	"0"	"-1"	"1"	"0"	"0"	"11"	"0"	"0"	"-1"	"-1"	"-1"	"""TRUE"""	"""target"""	"""TRUE"""	"-1"	"-1"	"-1"	"-1"	"-1"	"-1"	"""Snowmen"""	"""Bob seems like a pretty reasonable fellow. Should speak up more."""	"""23"""	"""m"""	"1"	"0"	"1"	"0"	"2"	"""5"""	"-1"	"""hat,scarf,"""	"""scarf,"""	""""""	""""""	"""1"""	"""scarf,"""
"What is he talking about? (1-2 mins)"	"Short and fun! A 1-2 minute word game about what someone is talking about."	"experiment, psychology, game"	"$0.25"	"Fri Apr 03 03:04:47 EDT 2015"	"450"	"0"	"0"	"450"	"Reviewable"	"NotReviewed"	"1 scales"	"600"	"60000"	"Fri Apr 10 03:04:47 EDT 2015"	"S77717"	"Approved"	""	"""boat"""	"""cabin"""	"[""motor"",""sail"",null]"	"[""right"",""middle1""]"	"[""middle2"",""left""]"	"0"	"-1"	"2"	"0"	"0"	"11"	"0"	"0"	"-1"	"-1"	"-1"	"""TRUE"""	"""distractor2"""	"""FALSE"""	"-1"	"-1"	"-1"	"-1"	"-1"	"-1"	"""Boats"""	"""N/A"""	"""24"""	"""F"""	"5"	"0"	"0"	"1"	"2"	"""5"""	"-1"	"""cabin,sail,motor,"""	"""cabin,"""	"""cabin,sail,"""	"""cabin,"""	"""0"""	"""cabin,sail,motor,"""
"What is he talking about? (1-2 mins)"	"Short and fun! A 1-2 minute word game about what someone is talking about."	"experiment, psychology, game"	"$0.25"	"Fri Apr 03 03:04:47 EDT 2015"	"450"	"0"	"0"	"450"	"Reviewable"	"NotReviewed"	"1 scales"	"600"	"60000"	"Fri Apr 10 03:04:47 EDT 2015"	"S77084"	"Approved"	""	"""Christmas tree"""	"""ornaments"""	"[""star"",""lights""]"	"[""right""]"	"[""middle1"",""middle2""]"	"0"	"-1"	"2"	"0"	"0"	"11"	"0"	"0"	"-1"	"-1"	"-1"	"""TRUE"""	"""distractor3"""	"""FALSE"""	"-1"	"-1"	"-1"	"-1"	"-1"	"-1"	"""If you could tell which christmas tree bob was going to trim"""	"""no"""	"""49"""	"""female"""	"5"	"0"	"2"	"0"	"1"	"""5"""	"-1"	"""lights,ornaments,star,"""	"""ornaments,"""	"""lights,ornaments,"""	"""ornaments,"""	"""0"""	"""lights,ornaments,star,"""
"What is he talking about? (1-2 mins)"	"Short and fun! A 1-2 minute word game about what someone is talking about."	"experiment, psychology, game"	"$0.25"	"Fri Apr 03 03:04:47 EDT 2015"	"450"	"0"	"0"	"450"	"Reviewable"	"NotReviewed"	"1 scales"	"600"	"60000"	"Fri Apr 10 03:04:47 EDT 2015"	"S08708"	"Approved"	""	"""snowman"""	"undefined"	"[""hat"",""scarf""]"	"[""middle1""]"	"[""middle2"",""left""]"	"0"	"-1"	"2"	"0"	"0"	"11"	"0"	"0"	"-1"	"-1"	"-1"	"""TRUE"""	"""target"""	"""TRUE"""	"-1"	"-1"	"-1"	"-1"	"-1"	"-1"	"""PERCEPTION"""	"""NONE"""	""""""	"""F"""	"2"	"0"	"1"	"2"	"0"	"""5"""	"-1"	"""scarf,"""	""""""	""""""	"""hat,scarf,"""	"""1"""	""""""
"What is he talking about? (1-2 mins)"	"Short and fun! A 1-2 minute word game about what someone is talking about."	"experiment, psychology, game"	"$0.25"	"Fri Apr 03 03:04:47 EDT 2015"	"450"	"0"	"0"	"450"	"Reviewable"	"NotReviewed"	"1 scales"	"600"	"60000"	"Fri Apr 10 03:04:47 EDT 2015"	"S16885"	"Approved"	""	"""pizza"""	"""olives"""	"[""mushrooms"",null,null]"	"[""left""]"	"[""middle1"",""right""]"	"0"	"-1"	"1"	"0"	"0"	"11"	"0"	"0"	"-1"	"-1"	"-1"	"""TRUE"""	"""target"""	"""TRUE"""	"-1"	"-1"	"-1"	"-1"	"-1"	"-1"	"""Communication and perceptions"""	""""""	"""30"""	"""Female"""	"1"	"0"	"0"	"2"	"1"	"""5"""	"-1"	"""olives,"""	""""""	"""mushrooms,olives,"""	""""""	"""0"""	"""olives,"""
"What is he talking about? (1-2 mins)"	"Short and fun! A 1-2 minute word game about what someone is talking about."	"experiment, psychology, game"	"$0.25"	"Fri Apr 03 03:04:47 EDT 2015"	"450"	"0"	"0"	"450"	"Reviewable"	"NotReviewed"	"1 scales"	"600"	"60000"	"Fri Apr 10 03:04:47 EDT 2015"	"S19036"	"Approved"	""	"""boat"""	"""motor"""	"[""sail"",""cabin""]"	"[""right""]"	"[""left"",""middle1"",null]"	"0"	"-1"	"1"	"0"	"0"	"11"	"0"	"0"	"-1"	"-1"	"-1"	"""TRUE"""	"""distractor1"""	"""FALSE"""	"-1"	"-1"	"-1"	"-1"	"-1"	"-1"	"""The survey was about deciding on what a word spoken mean."""	""""""	"""23"""	"""m"""	"4"	"0"	"0"	"2"	"1"	"""5"""	"-1"	"""cabin,"""	"""cabin,motor,"""	"""cabin,sail,motor,"""	""""""	"""0"""	"""cabin,"""
"What is he talking about? (1-2 mins)"	"Short and fun! A 1-2 minute word game about what someone is talking about."	"experiment, psychology, game"	"$0.25"	"Fri Apr 03 03:04:47 EDT 2015"	"450"	"0"	"0"	"450"	"Reviewable"	"NotReviewed"	"1 scales"	"600"	"60000"	"Fri Apr 10 03:04:47 EDT 2015"	"S67173"	"Approved"	""	"""snowman"""	"""scarf"""	"[""hat"",null]"	"[""right""]"	"[""left"",null]"	"0"	"-1"	"1"	"0"	"0"	"11"	"0"	"0"	"-1"	"-1"	"-1"	"""TRUE"""	"""distractor1"""	"""FALSE"""	"-1"	"-1"	"-1"	"-1"	"-1"	"-1"	"""understanding someone"""	"""no"""	"""42"""	"""female"""	"0"	"0"	"0"	"2"	"1"	"""5"""	"-1"	"""scarf,"""	"""hat,scarf,"""	""""""	""""""	"""0"""	"""scarf,"""
"What is he talking about? (1-2 mins)"	"Short and fun! A 1-2 minute word game about what someone is talking about."	"experiment, psychology, game"	"$0.25"	"Fri Apr 03 03:04:47 EDT 2015"	"450"	"0"	"0"	"450"	"Reviewable"	"NotReviewed"	"1 scales"	"600"	"60000"	"Fri Apr 10 03:04:47 EDT 2015"	"S81814"	"Approved"	""	"""friend"""	"undefined"	"[""glasses"",""hat"",null]"	"[""left"",""middle1""]"	"[""right"",null]"	"0"	"-1"	"2"	"0"	"0"	"11"	"0"	"0"	"-1"	"-1"	"-1"	"""TRUE"""	"""distractor1"""	"""FALSE"""	"-1"	"-1"	"-1"	"-1"	"-1"	"-1"	"""no idea"""	"""no"""	"""36"""	"""m"""	"1"	"0"	"1"	"2"	"0"	"""5"""	"-1"	""""""	"""hat,"""	"""hat,glasses,"""	""""""	"""2"""	"""hat,glasses,"""
"What is he talking about? (1-2 mins)"	"Short and fun! A 1-2 minute word game about what someone is talking about."	"experiment, psychology, game"	"$0.25"	"Fri Apr 03 03:04:47 EDT 2015"	"450"	"0"	"0"	"450"	"Reviewable"	"NotReviewed"	"1 scales"	"600"	"60000"	"Fri Apr 10 03:04:47 EDT 2015"	"S71326"	"Approved"	""	"""boat"""	"""sail"""	"[""cabin"",null,null]"	"[null]"	"[""left"",""right"",null]"	"0"	"-1"	"1"	"0"	"0"	"11"	"0"	"0"	"-1"	"-1"	"-1"	"""TRUE"""	"""distractor2"""	"""FALSE"""	"-1"	"-1"	"-1"	"-1"	"-1"	"-1"	"""Choice of boat based on what Bob said about a Christmas Tree"""	"""none"""	""""""	"""m"""	"0"	"0"	"0"	"2"	"1"	"""5"""	"-1"	"""sail,"""	"""cabin,sail,"""	""""""	""""""	"""1"""	"""cabin,sail,"""
"What is he talking about? (1-2 mins)"	"Short and fun! A 1-2 minute word game about what someone is talking about."	"experiment, psychology, game"	"$0.25"	"Fri Apr 03 03:04:47 EDT 2015"	"450"	"0"	"0"	"450"	"Reviewable"	"NotReviewed"	"1 scales"	"600"	"60000"	"Fri Apr 10 03:04:47 EDT 2015"	"S47752"	"Approved"	""	"""Christmas tree"""	"""ornaments"""	"[""lights"",""presents""]"	"[""left""]"	"[""right"",null]"	"0"	"-1"	"1"	"0"	"0"	"11"	"0"	"0"	"-1"	"-1"	"-1"	"""TRUE"""	"""target"""	"""TRUE"""	"-1"	"-1"	"-1"	"-1"	"-1"	"-1"	"""I don't have any idea. Maybe to determine the invented word."""	"""None."""	"""20"""	"""m"""	"6"	"0"	"2"	"1"	"0"	"""5"""	"-1"	"""lights,ornaments,star,presents,"""	"""ornaments,star,presents,"""	""""""	""""""	"""0"""	"""lights,ornaments,star,presents,"""
"What is he talking about? (1-2 mins)"	"Short and fun! A 1-2 minute word game about what someone is talking about."	"experiment, psychology, game"	"$0.25"	"Fri Apr 03 03:04:47 EDT 2015"	"450"	"0"	"0"	"450"	"Reviewable"	"NotReviewed"	"1 scales"	"600"	"60000"	"Fri Apr 10 03:04:47 EDT 2015"	"S01495"	"Approved"	""	"""sundae"""	"""whipped cream"""	"[""cherry"",""chocolate""]"	"[""left""]"	"[""middle2"",""right""]"	"0"	"-1"	"1"	"0"	"0"	"11"	"0"	"0"	"-1"	"-1"	"-1"	"""TRUE"""	"""distractor3"""	"""FALSE"""	"-1"	"-1"	"-1"	"-1"	"-1"	"-1"	"""Which sundae Bob is talking about."""	"""Fun.  Thanks"""	"""38"""	"""m"""	"5"	"0"	"1"	"2"	"0"	"""5"""	"-1"	"""chocolate,"""	"""cherry,whipped cream,chocolate,"""	"""chocolate,"""	"""whipped cream,chocolate,"""	"""1"""	"""cherry,whipped cream,chocolate,"""
"What is he talking about? (1-2 mins)"	"Short and fun! A 1-2 minute word game about what someone is talking about."	"experiment, psychology, game"	"$0.25"	"Fri Apr 03 03:04:47 EDT 2015"	"450"	"0"	"0"	"450"	"Reviewable"	"NotReviewed"	"1 scales"	"600"	"60000"	"Fri Apr 10 03:04:47 EDT 2015"	"S92937"	"Approved"	""	"""Christmas tree"""	"undefined"	"[""lights"",""ornaments""]"	"[""middle1""]"	"[""right"",""left""]"	"0"	"-1"	"2"	"0"	"0"	"11"	"0"	"0"	"-1"	"-1"	"-1"	"""TRUE"""	"""distractor2"""	"""FALSE"""	"-1"	"-1"	"-1"	"-1"	"-1"	"-1"	"""Bob liking Christmas trees and we being able to tell what he was talking about. """	""""""	"""54"""	"""male"""	"1"	"0"	"1"	"2"	"0"	"""5"""	"-1"	"""lights,ornaments,"""	""""""	"""ornaments,"""	""""""	"""0"""	"""lights,ornaments,"""
"What is he talking about? (1-2 mins)"	"Short and fun! A 1-2 minute word game about what someone is talking about."	"experiment, psychology, game"	"$0.25"	"Fri Apr 03 03:04:47 EDT 2015"	"450"	"0"	"0"	"450"	"Reviewable"	"NotReviewed"	"1 scales"	"600"	"60000"	"Fri Apr 10 03:04:47 EDT 2015"	"S88791"	"Approved"	""	"""boat"""	"""sail"""	"[""motor"",""cabin"",null]"	"[""right""]"	"[""middle1"",""left""]"	"0"	"-1"	"1"	"0"	"0"	"11"	"0"	"0"	"-1"	"-1"	"-1"	"""TRUE"""	"""distractor2"""	"""FALSE"""	"-1"	"-1"	"-1"	"-1"	"-1"	"-1"	"""Which christmas tree to trim"""	"""This was wierd"""	"""28"""	"""male"""	"4"	"0"	"0"	"1"	"2"	"""5"""	"-1"	"""cabin,sail,motor,"""	"""cabin,"""	"""cabin,sail,"""	""""""	"""0"""	"""cabin,sail,motor,"""
"What is he talking about? (1-2 mins)"	"Short and fun! A 1-2 minute word game about what someone is talking about."	"experiment, psychology, game"	"$0.25"	"Fri Apr 03 03:04:47 EDT 2015"	"450"	"0"	"0"	"450"	"Reviewable"	"NotReviewed"	"1 scales"	"600"	"60000"	"Fri Apr 10 03:04:47 EDT 2015"	"S18002"	"Approved"	""	"""pizza"""	"""mushrooms"""	"[""peppers"",""olives"",null]"	"[null]"	"[""right"",""left"",null]"	"0"	"-1"	"1"	"0"	"0"	"11"	"0"	"0"	"-1"	"-1"	"-1"	"""TRUE"""	"""distractor2"""	"""FALSE"""	"-1"	"-1"	"-1"	"-1"	"-1"	"-1"	"""What kind of pizza Bob will eat next"""	""""""	"""55"""	"""f"""	"3"	"0"	"0"	"1"	"2"	"""5"""	"-1"	"""mushrooms,olives,peppers,"""	"""mushrooms,olives,"""	""""""	""""""	"""0"""	"""mushrooms,olives,peppers,"""
"What is he talking about? (1-2 mins)"	"Short and fun! A 1-2 minute word game about what someone is talking about."	"experiment, psychology, game"	"$0.25"	"Fri Apr 03 03:04:47 EDT 2015"	"450"	"0"	"0"	"450"	"Reviewable"	"NotReviewed"	"1 scales"	"600"	"60000"	"Fri Apr 10 03:04:47 EDT 2015"	"S48179"	"Approved"	""	"""snowman"""	"""belt"""	"[""mittens"",""hat""]"	"[""right""]"	"[""left"",null]"	"0"	"-1"	"1"	"0"	"0"	"11"	"0"	"0"	"-1"	"-1"	"-1"	"""TRUE"""	"""distractor1"""	"""FALSE"""	"-1"	"-1"	"-1"	"-1"	"-1"	"-1"	"""Snowmen"""	"""Bob is a little bit cracked"""	"""34"""	"""F"""	"6"	"0"	"1"	"0"	"2"	"""5"""	"-1"	"""hat,scarf,belt,"""	"""hat,scarf,mittens,belt,"""	""""""	""""""	"""0"""	"""hat,scarf,belt,"""
"What is he talking about? (1-2 mins)"	"Short and fun! A 1-2 minute word game about what someone is talking about."	"experiment, psychology, game"	"$0.25"	"Fri Apr 03 03:04:47 EDT 2015"	"450"	"0"	"0"	"450"	"Reviewable"	"NotReviewed"	"1 scales"	"600"	"60000"	"Fri Apr 10 03:04:47 EDT 2015"	"S75616"	"Approved"	""	"""snowman"""	"""hat"""	"[""scarf"",null,null]"	"[""left""]"	"[""right"",null]"	"0"	"-1"	"1"	"0"	"0"	"11"	"0"	"0"	"-1"	"-1"	"-1"	"""TRUE"""	"""distractor1"""	"""FALSE"""	"-1"	"-1"	"-1"	"-1"	"-1"	"-1"	"""not understanding what was said"""	""""""	"""43"""	"""male"""	"0"	"0"	"2"	"0"	"1"	"""5"""	"-1"	"""hat,scarf,"""	"""hat,"""	""""""	""""""	"""1"""	"""hat,"""
"What is he talking about? (1-2 mins)"	"Short and fun! A 1-2 minute word game about what someone is talking about."	"experiment, psychology, game"	"$0.25"	"Fri Apr 03 03:04:47 EDT 2015"	"450"	"0"	"0"	"450"	"Reviewable"	"NotReviewed"	"1 scales"	"600"	"60000"	"Fri Apr 10 03:04:47 EDT 2015"	"S72021"	"Approved"	""	"""boat"""	"""sail"""	"[""motor"",""cabin""]"	"[""left"",""right""]"	"[""middle1"",null]"	"0"	"-1"	"2"	"0"	"0"	"11"	"0"	"0"	"-1"	"-1"	"-1"	"""TRUE"""	"""target"""	"""TRUE"""	"-1"	"-1"	"-1"	"-1"	"-1"	"-1"	"""Understanding Bob"""	"""nope"""	"""25"""	"""m"""	"4"	"0"	"0"	"2"	"1"	"""5"""	"-1"	"""sail,"""	"""cabin,sail,motor,"""	"""cabin,sail,"""	""""""	"""2"""	"""cabin,sail,"""
"What is he talking about? (1-2 mins)"	"Short and fun! A 1-2 minute word game about what someone is talking about."	"experiment, psychology, game"	"$0.25"	"Fri Apr 03 03:04:47 EDT 2015"	"450"	"0"	"0"	"450"	"Reviewable"	"NotReviewed"	"1 scales"	"600"	"60000"	"Fri Apr 10 03:04:47 EDT 2015"	"S85210"	"Approved"	""	"""snowman"""	"""mittens"""	"[""belt"",""hat""]"	"[""right""]"	"[""middle2"",""middle1""]"	"0"	"-1"	"2"	"0"	"0"	"11"	"0"	"0"	"-1"	"-1"	"-1"	"""TRUE"""	"""distractor1"""	"""FALSE"""	"-1"	"-1"	"-1"	"-1"	"-1"	"-1"	"""figuring out what Bob is talking about."""	""""""	"""46"""	"""f"""	"8"	"0"	"1"	"2"	"0"	"""5"""	"-1"	"""hat,scarf,mittens,belt,"""	"""hat,scarf,mittens,"""	"""scarf,mittens,"""	"""scarf,mittens,"""	"""2"""	"""scarf,mittens,"""
"What is he talking about? (1-2 mins)"	"Short and fun! A 1-2 minute word game about what someone is talking about."	"experiment, psychology, game"	"$0.25"	"Fri Apr 03 03:04:47 EDT 2015"	"450"	"0"	"0"	"450"	"Reviewable"	"NotReviewed"	"1 scales"	"600"	"60000"	"Fri Apr 10 03:04:47 EDT 2015"	"S78222"	"Approved"	""	"""pizza"""	"""sausage"""	"[""mushrooms"",""peppers""]"	"[""middle1""]"	"[""right"",""middle2""]"	"0"	"-1"	"2"	"0"	"0"	"11"	"0"	"0"	"-1"	"-1"	"-1"	"""TRUE"""	"""distractor3"""	"""FALSE"""	"-1"	"-1"	"-1"	"-1"	"-1"	"-1"	"""pizza or Christmas trees"""	"""You showed pizza and asked about Christmas trees."""	"""37"""	"""f"""	"8"	"0"	"0"	"2"	"1"	"""5"""	"-1"	"""mushrooms,olives,peppers,sausage,"""	"""olives,sausage,"""	"""olives,peppers,sausage,"""	"""olives,sausage,"""	"""0"""	"""mushrooms,olives,peppers,sausage,"""
"What is he talking about? (1-2 mins)"	"Short and fun! A 1-2 minute word game about what someone is talking about."	"experiment, psychology, game"	"$0.25"	"Fri Apr 03 03:04:47 EDT 2015"	"450"	"0"	"0"	"450"	"Reviewable"	"NotReviewed"	"1 scales"	"600"	"60000"	"Fri Apr 10 03:04:47 EDT 2015"	"S73258"	"Approved"	""	"""pizza"""	"""peppers"""	"[""mushrooms"",""olives"",null]"	"[""right""]"	"[""middle1"",""left"",""middle2""]"	"0"	"-1"	"1"	"0"	"0"	"11"	"0"	"0"	"-1"	"-1"	"-1"	"""TRUE"""	"""distractor3"""	"""FALSE"""	"-1"	"-1"	"-1"	"-1"	"-1"	"-1"	"""Buying pizza"""	"""Thanks"""	"""67"""	"""Female"""	"5"	"0"	"0"	"2"	"1"	"""5"""	"-1"	"""olives,"""	"""olives,"""	"""mushrooms,olives,peppers,"""	"""olives,peppers,"""	"""2"""	"""mushrooms,olives,peppers,"""
"What is he talking about? (1-2 mins)"	"Short and fun! A 1-2 minute word game about what someone is talking about."	"experiment, psychology, game"	"$0.25"	"Fri Apr 03 03:04:47 EDT 2015"	"450"	"0"	"0"	"450"	"Reviewable"	"NotReviewed"	"1 scales"	"600"	"60000"	"Fri Apr 10 03:04:47 EDT 2015"	"S90024"	"Approved"	""	"""sundae"""	"""whipped cream"""	"[""cherry"",null,null]"	"[""right""]"	"[""left"",null]"	"0"	"-1"	"1"	"0"	"0"	"11"	"0"	"0"	"-1"	"-1"	"-1"	"""TRUE"""	"""target"""	"""TRUE"""	"-1"	"-1"	"-1"	"-1"	"-1"	"-1"	"""understanding what someone is saying"""	"""none"""	"""34"""	"""m"""	"0"	"0"	"0"	"2"	"1"	"""5"""	"-1"	"""whipped cream,"""	"""cherry,whipped cream,"""	""""""	""""""	"""1"""	"""cherry,whipped cream,"""
"What is he talking about? (1-2 mins)"	"Short and fun! A 1-2 minute word game about what someone is talking about."	"experiment, psychology, game"	"$0.25"	"Fri Apr 03 03:04:47 EDT 2015"	"450"	"0"	"0"	"450"	"Reviewable"	"NotReviewed"	"1 scales"	"600"	"60000"	"Fri Apr 10 03:04:47 EDT 2015"	"S93462"	"Approved"	""	"""Christmas tree"""	"""star"""	"[""presents"",""lights""]"	"[""right"",""left""]"	"[null,null]"	"0"	"-1"	"2"	"0"	"0"	"11"	"0"	"0"	"-1"	"-1"	"-1"	"""TRUE"""	"""target"""	"""TRUE"""	"-1"	"-1"	"-1"	"-1"	"-1"	"-1"	"""No idea"""	"""What was thta about>"""	"""25"""	"""f"""	"6"	"0"	"1"	"2"	"0"	"""5"""	"-1"	"""lights,ornaments,star,presents,"""	"""lights,ornaments,star,"""	""""""	""""""	"""0"""	"""lights,ornaments,star,presents,"""
"What is he talking about? (1-2 mins)"	"Short and fun! A 1-2 minute word game about what someone is talking about."	"experiment, psychology, game"	"$0.25"	"Fri Apr 03 03:04:47 EDT 2015"	"450"	"0"	"0"	"450"	"Reviewable"	"NotReviewed"	"1 scales"	"600"	"60000"	"Fri Apr 10 03:04:47 EDT 2015"	"S91771"	"Approved"	""	"""snowman"""	"""scarf"""	"[""belt"",""mittens"",""hat""]"	"[""right""]"	"[""left"",null]"	"0"	"-1"	"1"	"0"	"0"	"11"	"0"	"0"	"-1"	"-1"	"-1"	"""TRUE"""	"""distractor1"""	"""FALSE"""	"-1"	"-1"	"-1"	"-1"	"-1"	"-1"	"""What we think Bob means by mumblemumble"""	"""none"""	"""32"""	"""f"""	"6"	"0"	"2"	"1"	"0"	"""5"""	"-1"	"""hat,scarf,mittens,"""	"""hat,scarf,mittens,belt,"""	""""""	""""""	"""0"""	"""hat,scarf,mittens,"""
"What is he talking about? (1-2 mins)"	"Short and fun! A 1-2 minute word game about what someone is talking about."	"experiment, psychology, game"	"$0.25"	"Fri Apr 03 03:04:47 EDT 2015"	"450"	"0"	"0"	"450"	"Reviewable"	"NotReviewed"	"1 scales"	"600"	"60000"	"Fri Apr 10 03:04:47 EDT 2015"	"S40051"	"Approved"	""	"""boat"""	"""cabin"""	"[""sail"",""motor""]"	"[""left""]"	"[""middle1"",""right""]"	"0"	"-1"	"2"	"0"	"0"	"11"	"0"	"0"	"-1"	"-1"	"-1"	"""TRUE"""	"""distractor2"""	"""FALSE"""	"-1"	"-1"	"-1"	"-1"	"-1"	"-1"	"""to see how one communicates with those that don't speak the same language"""	""""""	"""37"""	"""f"""	"4"	"0"	"0"	"2"	"1"	"""5"""	"-1"	"""cabin,"""	"""cabin,motor,"""	"""cabin,sail,motor,"""	""""""	"""2"""	"""cabin,sail,motor,"""
"What is he talking about? (1-2 mins)"	"Short and fun! A 1-2 minute word game about what someone is talking about."	"experiment, psychology, game"	"$0.25"	"Fri Apr 03 03:04:47 EDT 2015"	"450"	"0"	"0"	"450"	"Reviewable"	"NotReviewed"	"1 scales"	"600"	"60000"	"Fri Apr 10 03:04:47 EDT 2015"	"S83779"	"Approved"	""	"""sundae"""	"""cherry"""	"[""whipped cream"",""chocolate""]"	"[""right""]"	"[""middle2"",""middle1""]"	"0"	"-1"	"2"	"0"	"0"	"11"	"0"	"0"	"-1"	"-1"	"-1"	"""TRUE"""	"""distractor3"""	"""FALSE"""	"-1"	"-1"	"-1"	"-1"	"-1"	"-1"	"""Ice Cream Sundaes and Christmas Tree Trimming"""	""""""	"""32"""	"""m"""	"5"	"0"	"1"	"0"	"2"	"""5"""	"-1"	"""cherry,whipped cream,chocolate,"""	"""cherry,chocolate,"""	"""cherry,"""	"""cherry,"""	"""0"""	"""cherry,whipped cream,chocolate,"""
"What is he talking about? (1-2 mins)"	"Short and fun! A 1-2 minute word game about what someone is talking about."	"experiment, psychology, game"	"$0.25"	"Fri Apr 03 03:04:47 EDT 2015"	"450"	"0"	"0"	"450"	"Reviewable"	"NotReviewed"	"1 scales"	"600"	"60000"	"Fri Apr 10 03:04:47 EDT 2015"	"S53146"	"Approved"	""	"""snowman"""	"""hat"""	"[""scarf"",""mittens""]"	"[""right"",""left""]"	"[""middle1"",null]"	"0"	"-1"	"2"	"0"	"0"	"11"	"0"	"0"	"-1"	"-1"	"-1"	"""TRUE"""	"""distractor1"""	"""FALSE"""	"-1"	"-1"	"-1"	"-1"	"-1"	"-1"	"""snowmen"""	"""no"""	"""26"""	"""m"""	"7"	"0"	"0"	"2"	"1"	"""5"""	"-1"	"""hat,mittens,belt,"""	"""hat,scarf,mittens,belt,"""	"""hat,belt,"""	""""""	"""1"""	"""hat,scarf,mittens,belt,"""
"What is he talking about? (1-2 mins)"	"Short and fun! A 1-2 minute word game about what someone is talking about."	"experiment, psychology, game"	"$0.25"	"Fri Apr 03 03:04:47 EDT 2015"	"450"	"0"	"0"	"450"	"Reviewable"	"NotReviewed"	"1 scales"	"600"	"60000"	"Fri Apr 10 03:04:47 EDT 2015"	"S20627"	"Approved"	""	"""boat"""	"""cabin"""	"[""sail"",""flag""]"	"[""left""]"	"[""middle1"",""right"",null]"	"0"	"-1"	"1"	"0"	"0"	"11"	"0"	"0"	"-1"	"-1"	"-1"	"""TRUE"""	"""distractor2"""	"""FALSE"""	"-1"	"-1"	"-1"	"-1"	"-1"	"-1"	"""What he wants for christmas"""	""""""	"""20"""	"""m"""	"7"	"0"	"0"	"2"	"1"	"""5"""	"-1"	"""cabin,sail,motor,flag,"""	"""motor,flag,"""	"""cabin,motor,flag,"""	""""""	"""2"""	"""cabin,motor,flag,"""
"What is he talking about? (1-2 mins)"	"Short and fun! A 1-2 minute word game about what someone is talking about."	"experiment, psychology, game"	"$0.25"	"Fri Apr 03 03:04:47 EDT 2015"	"450"	"0"	"0"	"450"	"Reviewable"	"NotReviewed"	"1 scales"	"600"	"60000"	"Fri Apr 10 03:04:47 EDT 2015"	"S20535"	"Approved"	""	"""snowman"""	"""belt"""	"[""mittens"",""scarf"",""hat""]"	"[""middle2"",""middle1""]"	"[""left"",""right""]"	"0"	"-1"	"2"	"0"	"0"	"11"	"0"	"0"	"-1"	"-1"	"-1"	"""FALSE"""	"""distractor2"""	"""FALSE"""	"-1"	"-1"	"-1"	"-1"	"-1"	"-1"	"""decorating snowmen"""	"""no"""	"""53"""	"""f"""	"8"	"0"	"1"	"0"	"2"	"""5"""	"-1"	"""hat,scarf,belt,"""	"""hat,belt,"""	"""hat,belt,"""	"""hat,scarf,mittens,belt,"""	"""3"""	"""hat,scarf,mittens,belt,"""
"What is he talking about? (1-2 mins)"	"Short and fun! A 1-2 minute word game about what someone is talking about."	"experiment, psychology, game"	"$0.25"	"Fri Apr 03 03:04:47 EDT 2015"	"450"	"0"	"0"	"450"	"Reviewable"	"NotReviewed"	"1 scales"	"600"	"60000"	"Fri Apr 10 03:04:47 EDT 2015"	"S94050"	"Approved"	""	"""snowman"""	"""belt"""	"[""mittens"",""hat""]"	"[null]"	"[""left"",""right"",null]"	"0"	"-1"	"1"	"0"	"0"	"11"	"0"	"0"	"-1"	"-1"	"-1"	"""TRUE"""	"""distractor2"""	"""FALSE"""	"-1"	"-1"	"-1"	"-1"	"-1"	"-1"	"""Inference of mental state from contextual clues"""	"""The text made inconsistent references to Christmas trees and snowmen."""	"""30"""	"""m"""	"6"	"0"	"2"	"0"	"1"	"""5"""	"-1"	"""hat,scarf,belt,"""	"""hat,scarf,mittens,belt,"""	""""""	""""""	"""1"""	"""hat,scarf,mittens,belt,"""
"What is he talking about? (1-2 mins)"	"Short and fun! A 1-2 minute word game about what someone is talking about."	"experiment, psychology, game"	"$0.25"	"Fri Apr 03 03:04:47 EDT 2015"	"450"	"0"	"0"	"450"	"Reviewable"	"NotReviewed"	"1 scales"	"600"	"60000"	"Fri Apr 10 03:04:47 EDT 2015"	"S74107"	"Approved"	""	"""snowman"""	"""mittens"""	"[""scarf"",""hat""]"	"[""right""]"	"[""left"",null]"	"0"	"-1"	"1"	"0"	"0"	"11"	"0"	"0"	"-1"	"-1"	"-1"	"""TRUE"""	"""distractor1"""	"""FALSE"""	"-1"	"-1"	"-1"	"-1"	"-1"	"-1"	"""figure out what he is saying"""	"""no"""	"""35"""	"""f"""	"6"	"0"	"0"	"2"	"1"	"""5"""	"-1"	"""hat,mittens,belt,"""	"""hat,scarf,mittens,belt,"""	""""""	""""""	"""0"""	"""hat,mittens,belt,"""
"What is he talking about? (1-2 mins)"	"Short and fun! A 1-2 minute word game about what someone is talking about."	"experiment, psychology, game"	"$0.25"	"Fri Apr 03 03:04:47 EDT 2015"	"450"	"0"	"0"	"450"	"Reviewable"	"NotReviewed"	"1 scales"	"600"	"60000"	"Fri Apr 10 03:04:47 EDT 2015"	"S57689"	"Approved"	""	"""friend"""	"""mustache"""	"[""glasses"",""hat""]"	"[""left""]"	"[""middle1"",""right""]"	"0"	"-1"	"2"	"0"	"0"	"11"	"0"	"0"	"-1"	"-1"	"-1"	"""TRUE"""	"""distractor1"""	"""FALSE"""	"-1"	"-1"	"-1"	"-1"	"-1"	"-1"	"""Not sure"""	""""""	""""""	""""""	"4"	"0"	"1"	"0"	"2"	"""5"""	"-1"	"""mustache,"""	"""hat,mustache,"""	"""hat,glasses,mustache,"""	""""""	"""1"""	"""hat,mustache,"""
"What is he talking about? (1-2 mins)"	"Short and fun! A 1-2 minute word game about what someone is talking about."	"experiment, psychology, game"	"$0.25"	"Fri Apr 03 03:04:47 EDT 2015"	"450"	"0"	"0"	"450"	"Reviewable"	"NotReviewed"	"1 scales"	"600"	"60000"	"Fri Apr 10 03:04:47 EDT 2015"	"S49802"	"Approved"	""	"""pizza"""	"""sausage"""	"[""peppers"",""olives""]"	"[""right""]"	"[""left"",""middle1"",null]"	"0"	"-1"	"1"	"0"	"0"	"11"	"0"	"0"	"-1"	"-1"	"-1"	"""TRUE"""	"""target"""	"""TRUE"""	"-1"	"-1"	"-1"	"-1"	"-1"	"-1"	"""bob's pizza"""	""""""	""""""	"""m"""	"7"	"0"	"2"	"0"	"1"	"""5"""	"-1"	"""mushrooms,olives,"""	"""mushrooms,olives,sausage,"""	"""mushrooms,olives,peppers,sausage,"""	""""""	"""2"""	"""mushrooms,olives,peppers,sausage,"""
"What is he talking about? (1-2 mins)"	"Short and fun! A 1-2 minute word game about what someone is talking about."	"experiment, psychology, game"	"$0.25"	"Fri Apr 03 03:04:47 EDT 2015"	"450"	"0"	"0"	"450"	"Reviewable"	"NotReviewed"	"1 scales"	"600"	"60000"	"Fri Apr 10 03:04:47 EDT 2015"	"S85996"	"Approved"	""	"""boat"""	"""cabin"""	"[""flag"",""sail""]"	"[""left"",""right""]"	"[null,null]"	"0"	"-1"	"2"	"0"	"0"	"11"	"0"	"0"	"-1"	"-1"	"-1"	"""TRUE"""	"""target"""	"""TRUE"""	"-1"	"-1"	"-1"	"-1"	"-1"	"-1"	"""Bob and which boat he would pick"""	""""""	"""32"""	"""f"""	"6"	"0"	"0"	"1"	"2"	"""5"""	"-1"	"""cabin,sail,motor,"""	"""cabin,sail,motor,flag,"""	""""""	""""""	"""1"""	"""cabin,sail,motor,flag,"""
"What is he talking about? (1-2 mins)"	"Short and fun! A 1-2 minute word game about what someone is talking about."	"experiment, psychology, game"	"$0.25"	"Fri Apr 03 03:04:47 EDT 2015"	"450"	"0"	"0"	"450"	"Reviewable"	"NotReviewed"	"1 scales"	"600"	"60000"	"Fri Apr 10 03:04:47 EDT 2015"	"S82251"	"Approved"	""	"""pizza"""	"""peppers"""	"[""olives"",""sausage""]"	"[""left""]"	"[""middle2"",""middle1""]"	"0"	"-1"	"2"	"0"	"0"	"11"	"0"	"0"	"-1"	"-1"	"-1"	"""TRUE"""	"""distractor3"""	"""FALSE"""	"-1"	"-1"	"-1"	"-1"	"-1"	"-1"	"""Not sure"""	"""N/A"""	"""22"""	"""m"""	"8"	"0"	"0"	"2"	"1"	"""5"""	"-1"	"""mushrooms,peppers,"""	"""mushrooms,peppers,sausage,"""	"""mushrooms,peppers,"""	"""mushrooms,olives,peppers,sausage,"""	"""3"""	"""mushrooms,olives,peppers,sausage,"""
"What is he talking about? (1-2 mins)"	"Short and fun! A 1-2 minute word game about what someone is talking about."	"experiment, psychology, game"	"$0.25"	"Fri Apr 03 03:04:47 EDT 2015"	"450"	"0"	"0"	"450"	"Reviewable"	"NotReviewed"	"1 scales"	"600"	"60000"	"Fri Apr 10 03:04:47 EDT 2015"	"S88189"	"Approved"	""	"""Christmas tree"""	"""star"""	"[""presents"",""ornaments""]"	"[""middle1""]"	"[""right"",""middle2"",""left""]"	"0"	"-1"	"1"	"0"	"0"	"11"	"0"	"0"	"-1"	"-1"	"-1"	"""TRUE"""	"""distractor2"""	"""FALSE"""	"-1"	"-1"	"-1"	"-1"	"-1"	"-1"	"""Deciding what Bob was talking about."""	"""Bob has a nice art style."""	"""31"""	"""m"""	"8"	"0"	"1"	"2"	"0"	"""5"""	"-1"	"""lights,ornaments,star,presents,"""	"""lights,ornaments,star,"""	"""lights,ornaments,"""	"""lights,ornaments,"""	"""2"""	"""lights,ornaments,"""
"What is he talking about? (1-2 mins)"	"Short and fun! A 1-2 minute word game about what someone is talking about."	"experiment, psychology, game"	"$0.25"	"Fri Apr 03 03:04:47 EDT 2015"	"450"	"0"	"0"	"450"	"Reviewable"	"NotReviewed"	"1 scales"	"600"	"60000"	"Fri Apr 10 03:04:47 EDT 2015"	"S10086"	"Approved"	""	"""Christmas tree"""	"""star"""	"[""presents"",""lights""]"	"[""middle2""]"	"[""middle1"",""right""]"	"0"	"-1"	"2"	"0"	"0"	"11"	"0"	"0"	"-1"	"-1"	"-1"	"""TRUE"""	"""distractor2"""	"""FALSE"""	"-1"	"-1"	"-1"	"-1"	"-1"	"-1"	"""Christmas trees Bob gets and trims."""	"""Thank you for inviting me to participate."""	"""36"""	"""m"""	"8"	"0"	"0"	"1"	"2"	"""5"""	"-1"	"""lights,ornaments,star,presents,"""	"""ornaments,star,"""	"""ornaments,star,"""	"""lights,ornaments,star,"""	"""3"""	"""lights,ornaments,star,"""
"What is he talking about? (1-2 mins)"	"Short and fun! A 1-2 minute word game about what someone is talking about."	"experiment, psychology, game"	"$0.25"	"Fri Apr 03 03:04:47 EDT 2015"	"450"	"0"	"0"	"450"	"Reviewable"	"NotReviewed"	"1 scales"	"600"	"60000"	"Fri Apr 10 03:04:47 EDT 2015"	"S84974"	"Approved"	""	"""pizza"""	"""mushrooms"""	"[""olives"",""peppers""]"	"[""left""]"	"[""right"",null]"	"0"	"-1"	"1"	"0"	"0"	"11"	"0"	"0"	"-1"	"-1"	"-1"	"""TRUE"""	"""distractor1"""	"""FALSE"""	"-1"	"-1"	"-1"	"-1"	"-1"	"-1"	"""Bob saying a word about pizza"""	"""I have no comments."""	"""26"""	"""m"""	"3"	"0"	"1"	"2"	"0"	"""5"""	"-1"	"""mushrooms,olives,peppers,"""	"""mushrooms,peppers,"""	""""""	""""""	"""1"""	"""mushrooms,peppers,"""
"What is he talking about? (1-2 mins)"	"Short and fun! A 1-2 minute word game about what someone is talking about."	"experiment, psychology, game"	"$0.25"	"Fri Apr 03 03:04:47 EDT 2015"	"450"	"0"	"0"	"450"	"Reviewable"	"NotReviewed"	"1 scales"	"600"	"60000"	"Fri Apr 10 03:04:47 EDT 2015"	"S76188"	"Approved"	""	"""snowman"""	"""scarf"""	"[""belt"",""hat"",""mittens""]"	"[""middle2""]"	"[""middle1"",""right""]"	"0"	"-1"	"1"	"0"	"0"	"11"	"0"	"0"	"-1"	"-1"	"-1"	"""TRUE"""	"""distractor2"""	"""FALSE"""	"-1"	"-1"	"-1"	"-1"	"-1"	"-1"	"""bob building a snowman"""	"""no"""	"""49"""	"""f"""	"8"	"0"	"1"	"2"	"0"	"""5"""	"-1"	"""hat,scarf,mittens,belt,"""	"""hat,mittens,"""	"""hat,mittens,"""	"""hat,scarf,mittens,"""	"""3"""	"""hat,scarf,mittens,"""
"What is he talking about? (1-2 mins)"	"Short and fun! A 1-2 minute word game about what someone is talking about."	"experiment, psychology, game"	"$0.25"	"Fri Apr 03 03:04:47 EDT 2015"	"450"	"0"	"0"	"450"	"Reviewable"	"NotReviewed"	"1 scales"	"600"	"60000"	"Fri Apr 10 03:04:47 EDT 2015"	"S63994"	"Approved"	""	"""snowman"""	"""mittens"""	"[""hat"",""scarf"",null]"	"[""left""]"	"[""right"",""middle1""]"	"0"	"-1"	"2"	"0"	"0"	"11"	"0"	"0"	"-1"	"-1"	"-1"	"""TRUE"""	"""target"""	"""TRUE"""	"-1"	"-1"	"-1"	"-1"	"-1"	"-1"	"""I don't know"""	"""no"""	"""38"""	"""m"""	"4"	"0"	"0"	"2"	"1"	"""5"""	"-1"	"""mittens,"""	"""hat,scarf,mittens,"""	"""scarf,mittens,"""	""""""	"""0"""	"""mittens,"""
"What is he talking about? (1-2 mins)"	"Short and fun! A 1-2 minute word game about what someone is talking about."	"experiment, psychology, game"	"$0.25"	"Fri Apr 03 03:04:47 EDT 2015"	"450"	"0"	"0"	"450"	"Reviewable"	"NotReviewed"	"1 scales"	"600"	"60000"	"Fri Apr 10 03:04:47 EDT 2015"	"S85622"	"Approved"	""	"""Christmas tree"""	"""presents"""	"[""ornaments"",""star"",""lights""]"	"[""middle1""]"	"[""left"",""right""]"	"0"	"-1"	"1"	"0"	"0"	"11"	"0"	"0"	"-1"	"-1"	"-1"	"""TRUE"""	"""distractor1"""	"""FALSE"""	"-1"	"-1"	"-1"	"-1"	"-1"	"-1"	"""Bob trimming a christmas tree, couldn't say much but mumblemumble."""	""""""	"""23"""	"""male"""	"7"	"0"	"1"	"0"	"2"	"""5"""	"-1"	"""lights,star,"""	"""lights,star,presents,"""	"""lights,ornaments,star,presents,"""	""""""	"""0"""	"""lights,star,"""
"What is he talking about? (1-2 mins)"	"Short and fun! A 1-2 minute word game about what someone is talking about."	"experiment, psychology, game"	"$0.25"	"Fri Apr 03 03:04:47 EDT 2015"	"450"	"0"	"0"	"450"	"Reviewable"	"NotReviewed"	"1 scales"	"600"	"60000"	"Fri Apr 10 03:04:47 EDT 2015"	"S79253"	"Approved"	""	"""sundae"""	"""cherry"""	"[""whipped cream"",""chocolate""]"	"[""middle1""]"	"[""left"",""right"",null]"	"0"	"-1"	"1"	"0"	"0"	"11"	"0"	"0"	"-1"	"-1"	"-1"	"""TRUE"""	"""target"""	"""TRUE"""	"-1"	"-1"	"-1"	"-1"	"-1"	"-1"	"""I have no idea (christmas trees and sundaes??)"""	""""""	"""47"""	"""f"""	"4"	"0"	"0"	"1"	"2"	"""5"""	"-1"	"""chocolate,"""	"""cherry,whipped cream,chocolate,"""	"""cherry,chocolate,"""	""""""	"""1"""	"""cherry,whipped cream,chocolate,"""
"What is he talking about? (1-2 mins)"	"Short and fun! A 1-2 minute word game about what someone is talking about."	"experiment, psychology, game"	"$0.25"	"Fri Apr 03 03:04:47 EDT 2015"	"450"	"0"	"0"	"450"	"Reviewable"	"NotReviewed"	"1 scales"	"600"	"60000"	"Fri Apr 10 03:04:47 EDT 2015"	"S34127"	"Approved"	""	"""pizza"""	"""olives"""	"[""peppers"",""mushrooms""]"	"[""right"",""left""]"	"[null,null]"	"0"	"-1"	"2"	"0"	"0"	"11"	"0"	"0"	"-1"	"-1"	"-1"	"""TRUE"""	"""target"""	"""TRUE"""	"-1"	"-1"	"-1"	"-1"	"-1"	"-1"	"""Pizza"""	"""this was a weird survey. It had a Christmas tree and trim inserted in the story"""	"""37"""	"""f"""	"3"	"0"	"2"	"0"	"1"	"""5"""	"-1"	"""mushrooms,olives,peppers,"""	"""mushrooms,olives,"""	""""""	""""""	"""0"""	"""mushrooms,olives,peppers,"""
"What is he talking about? (1-2 mins)"	"Short and fun! A 1-2 minute word game about what someone is talking about."	"experiment, psychology, game"	"$0.25"	"Fri Apr 03 03:04:47 EDT 2015"	"450"	"0"	"0"	"450"	"Reviewable"	"NotReviewed"	"1 scales"	"600"	"60000"	"Fri Apr 10 03:04:47 EDT 2015"	"S15088"	"Approved"	""	"""snowman"""	"""scarf"""	"[""hat"",""mittens""]"	"[""middle1""]"	"[""left"",""middle2""]"	"0"	"-1"	"2"	"0"	"0"	"11"	"0"	"0"	"-1"	"-1"	"-1"	"""FALSE"""	"""distractor2"""	"""FALSE"""	"-1"	"-1"	"-1"	"-1"	"-1"	"-1"	"""Identify which snowman he was talking about"""	""""""	"""43"""	"""m"""	"5"	"0"	"0"	"2"	"1"	"""5"""	"-1"	"""scarf,"""	"""scarf,"""	"""scarf,mittens,"""	"""hat,scarf,mittens,"""	"""2"""	"""scarf,mittens,"""
"What is he talking about? (1-2 mins)"	"Short and fun! A 1-2 minute word game about what someone is talking about."	"experiment, psychology, game"	"$0.25"	"Fri Apr 03 03:04:47 EDT 2015"	"450"	"0"	"0"	"450"	"Reviewable"	"NotReviewed"	"1 scales"	"600"	"60000"	"Fri Apr 10 03:04:47 EDT 2015"	"S42214"	"Approved"	""	"""Christmas tree"""	"""ornaments"""	"[""lights"",null]"	"[""middle2""]"	"[""right"",""middle1""]"	"0"	"-1"	"1"	"0"	"0"	"11"	"0"	"0"	"-1"	"-1"	"-1"	"""TRUE"""	"""target"""	"""TRUE"""	"-1"	"-1"	"-1"	"-1"	"-1"	"-1"	"""not sure"""	""""""	"""24"""	"""m"""	"2"	"0"	"0"	"1"	"2"	"""5"""	"-1"	"""lights,ornaments,"""	"""ornaments,"""	""""""	""""""	"""2"""	""""""
"What is he talking about? (1-2 mins)"	"Short and fun! A 1-2 minute word game about what someone is talking about."	"experiment, psychology, game"	"$0.25"	"Fri Apr 03 03:04:47 EDT 2015"	"450"	"0"	"0"	"450"	"Reviewable"	"NotReviewed"	"1 scales"	"600"	"60000"	"Fri Apr 10 03:04:47 EDT 2015"	"S56818"	"Approved"	""	"""snowman"""	"""scarf"""	"[""belt"",""hat"",""mittens""]"	"[""left""]"	"[""right"",""middle1"",null]"	"0"	"-1"	"1"	"0"	"0"	"11"	"0"	"0"	"-1"	"-1"	"-1"	"""TRUE"""	"""distractor1"""	"""FALSE"""	"-1"	"-1"	"-1"	"-1"	"-1"	"-1"	"""Picking a snowman"""	""""""	"""29"""	"""m"""	"7"	"0"	"0"	"1"	"2"	"""5"""	"-1"	"""hat,scarf,mittens,belt,"""	"""hat,scarf,mittens,"""	"""hat,mittens,"""	""""""	"""2"""	"""hat,mittens,"""
"What is he talking about? (1-2 mins)"	"Short and fun! A 1-2 minute word game about what someone is talking about."	"experiment, psychology, game"	"$0.25"	"Fri Apr 03 03:04:47 EDT 2015"	"450"	"0"	"0"	"450"	"Reviewable"	"NotReviewed"	"1 scales"	"600"	"60000"	"Fri Apr 10 03:04:47 EDT 2015"	"S40285"	"Approved"	""	"""friend"""	"""bowtie"""	"[""mustache"",""glasses"",""hat""]"	"[""left""]"	"[""middle1"",""right"",null]"	"0"	"-1"	"1"	"0"	"0"	"11"	"0"	"0"	"-1"	"-1"	"-1"	"""TRUE"""	"""target"""	"""TRUE"""	"-1"	"-1"	"-1"	"-1"	"-1"	"-1"	"""Bob visiting friends"""	"""no"""	"""25"""	"""M"""	"7"	"0"	"1"	"0"	"2"	"""5"""	"-1"	"""hat,glasses,mustache,bowtie,"""	"""hat,glasses,"""	"""hat,glasses,bowtie,"""	""""""	"""0"""	"""hat,glasses,mustache,bowtie,"""
"What is he talking about? (1-2 mins)"	"Short and fun! A 1-2 minute word game about what someone is talking about."	"experiment, psychology, game"	"$0.25"	"Fri Apr 03 03:04:47 EDT 2015"	"450"	"0"	"0"	"450"	"Reviewable"	"NotReviewed"	"1 scales"	"600"	"60000"	"Fri Apr 10 03:04:47 EDT 2015"	"S50435"	"Approved"	""	"""sundae"""	"""cherry"""	"[""chocolate"",""sprinkles"",""whipped cream""]"	"[""left""]"	"[""middle1"",""right""]"	"0"	"-1"	"1"	"0"	"0"	"11"	"0"	"0"	"-1"	"-1"	"-1"	"""TRUE"""	"""distractor1"""	"""FALSE"""	"-1"	"-1"	"-1"	"-1"	"-1"	"-1"	"""Bob liking sundaes"""	""""""	"""60"""	"""f"""	"7"	"0"	"2"	"1"	"0"	"""5"""	"-1"	"""cherry,whipped cream,sprinkles,"""	"""whipped cream,sprinkles,"""	"""cherry,whipped cream,chocolate,sprinkles,"""	""""""	"""1"""	"""whipped cream,sprinkles,"""
"What is he talking about? (1-2 mins)"	"Short and fun! A 1-2 minute word game about what someone is talking about."	"experiment, psychology, game"	"$0.25"	"Fri Apr 03 03:04:47 EDT 2015"	"450"	"0"	"0"	"450"	"Reviewable"	"NotReviewed"	"1 scales"	"600"	"60000"	"Fri Apr 10 03:04:47 EDT 2015"	"S28942"	"Approved"	""	"""snowman"""	"""belt"""	"[""hat"",""mittens""]"	"[""left"",""right""]"	"[""middle1"",null]"	"0"	"-1"	"2"	"0"	"0"	"11"	"0"	"0"	"-1"	"-1"	"-1"	"""TRUE"""	"""distractor1"""	"""FALSE"""	"-1"	"-1"	"-1"	"-1"	"-1"	"-1"	"""word game about what bob is talking about."""	"""What did he say?"""	"""24"""	"""m"""	"7"	"0"	"0"	"1"	"2"	"""5"""	"-1"	"""scarf,belt,"""	"""hat,scarf,mittens,belt,"""	"""scarf,mittens,belt,"""	""""""	"""1"""	"""hat,scarf,mittens,belt,"""
"What is he talking about? (1-2 mins)"	"Short and fun! A 1-2 minute word game about what someone is talking about."	"experiment, psychology, game"	"$0.25"	"Fri Apr 03 03:04:47 EDT 2015"	"450"	"0"	"0"	"450"	"Reviewable"	"NotReviewed"	"1 scales"	"600"	"60000"	"Fri Apr 10 03:04:47 EDT 2015"	"S67147"	"Approved"	""	"""pizza"""	"""olives"""	"[""sausage"",""peppers"",""mushrooms""]"	"[""left""]"	"[""right"",""middle1"",""middle2""]"	"0"	"-1"	"1"	"0"	"0"	"11"	"0"	"0"	"-1"	"-1"	"-1"	"""TRUE"""	"""distractor1"""	"""FALSE"""	"-1"	"-1"	"-1"	"-1"	"-1"	"-1"	"""pizza and what christmas tree bob was gonna trim his responce was mumble mumble"""	"""no a bit confusing"""	"""31"""	"""M"""	"8"	"0"	"1"	"2"	"0"	"""5"""	"-1"	"""mushrooms,olives,peppers,"""	"""mushrooms,peppers,"""	"""mushrooms,olives,peppers,sausage,"""	"""mushrooms,peppers,"""	"""3"""	"""mushrooms,peppers,"""
"What is he talking about? (1-2 mins)"	"Short and fun! A 1-2 minute word game about what someone is talking about."	"experiment, psychology, game"	"$0.25"	"Fri Apr 03 03:04:47 EDT 2015"	"450"	"0"	"0"	"450"	"Reviewable"	"NotReviewed"	"1 scales"	"600"	"60000"	"Fri Apr 10 03:04:47 EDT 2015"	"S49049"	"Approved"	""	"""pizza"""	"""mushrooms"""	"[""peppers"",""olives"",null]"	"[""right""]"	"[""left"",null]"	"0"	"-1"	"2"	"0"	"0"	"11"	"0"	"0"	"-1"	"-1"	"-1"	"""FALSE"""	"""distractor1"""	"""FALSE"""	"-1"	"-1"	"-1"	"-1"	"-1"	"-1"	"""somebody talking about pizza"""	""""""	"""44"""	"""m"""	"3"	"0"	"1"	"2"	"0"	"""5"""	"-1"	"""mushrooms,olives,peppers,"""	"""mushrooms,olives,"""	""""""	""""""	"""0"""	"""mushrooms,olives,peppers,"""
"What is he talking about? (1-2 mins)"	"Short and fun! A 1-2 minute word game about what someone is talking about."	"experiment, psychology, game"	"$0.25"	"Fri Apr 03 03:04:47 EDT 2015"	"450"	"0"	"0"	"450"	"Reviewable"	"NotReviewed"	"1 scales"	"600"	"60000"	"Fri Apr 10 03:04:47 EDT 2015"	"S75498"	"Approved"	""	"""snowman"""	"""belt"""	"[""scarf"",""hat""]"	"[""left""]"	"[""right"",null]"	"0"	"-1"	"1"	"0"	"0"	"11"	"0"	"0"	"-1"	"-1"	"-1"	"""TRUE"""	"""target"""	"""TRUE"""	"-1"	"-1"	"-1"	"-1"	"-1"	"-1"	"""deciphering unintelligible words """	""""""	"""26"""	"""m"""	"6"	"0"	"1"	"0"	"2"	"""5"""	"-1"	"""hat,scarf,mittens,belt,"""	"""hat,mittens,belt,"""	""""""	""""""	"""0"""	"""hat,scarf,mittens,belt,"""
"What is he talking about? (1-2 mins)"	"Short and fun! A 1-2 minute word game about what someone is talking about."	"experiment, psychology, game"	"$0.25"	"Fri Apr 03 03:04:47 EDT 2015"	"450"	"0"	"0"	"450"	"Reviewable"	"NotReviewed"	"1 scales"	"600"	"60000"	"Fri Apr 10 03:04:47 EDT 2015"	"S94388"	"Approved"	""	"""pizza"""	"""olives"""	"[""mushrooms"",null]"	"[""middle2""]"	"[""middle1"",""left""]"	"0"	"-1"	"1"	"0"	"0"	"11"	"0"	"0"	"-1"	"-1"	"-1"	"""TRUE"""	"""distractor1"""	"""FALSE"""	"-1"	"-1"	"-1"	"-1"	"-1"	"-1"	"""Crazy people?"""	"""This is odd"""	"""25"""	"""m"""	"2"	"0"	"2"	"0"	"1"	"""5"""	"-1"	"""olives,"""	""""""	""""""	"""mushrooms,olives,"""	"""1"""	""""""
"What is he talking about? (1-2 mins)"	"Short and fun! A 1-2 minute word game about what someone is talking about."	"experiment, psychology, game"	"$0.25"	"Fri Apr 03 03:04:47 EDT 2015"	"450"	"0"	"0"	"450"	"Reviewable"	"NotReviewed"	"1 scales"	"600"	"60000"	"Fri Apr 10 03:04:47 EDT 2015"	"S75030"	"Approved"	""	"""friend"""	"undefined"	"[""glasses"",""hat""]"	"[""left"",""right""]"	"[""middle1"",null]"	"0"	"-1"	"2"	"0"	"0"	"11"	"0"	"0"	"-1"	"-1"	"-1"	"""TRUE"""	"""distractor1"""	"""FALSE"""	"-1"	"-1"	"-1"	"-1"	"-1"	"-1"	"""how people interpret what people say"""	""""""	"""25"""	"""f"""	"1"	"0"	"0"	"2"	"1"	"""5"""	"-1"	""""""	"""hat,glasses,"""	"""hat,"""	""""""	"""1"""	"""hat,glasses,"""
"What is he talking about? (1-2 mins)"	"Short and fun! A 1-2 minute word game about what someone is talking about."	"experiment, psychology, game"	"$0.25"	"Fri Apr 03 03:04:47 EDT 2015"	"450"	"0"	"0"	"450"	"Reviewable"	"NotReviewed"	"1 scales"	"600"	"60000"	"Fri Apr 10 03:04:47 EDT 2015"	"S90203"	"Approved"	""	"""Christmas tree"""	"""ornaments"""	"[""lights"",""star""]"	"[""middle2""]"	"[""right"",""middle1"",""left""]"	"0"	"-1"	"1"	"0"	"0"	"11"	"0"	"0"	"-1"	"-1"	"-1"	"""TRUE"""	"""distractor2"""	"""FALSE"""	"-1"	"-1"	"-1"	"-1"	"-1"	"-1"	"""Trimming trees!"""	""""""	"""34"""	"""m"""	"5"	"0"	"1"	"0"	"2"	"""5"""	"-1"	"""lights,ornaments,star,"""	"""star,"""	"""ornaments,star,"""	"""star,"""	"""1"""	"""star,"""
"What is he talking about? (1-2 mins)"	"Short and fun! A 1-2 minute word game about what someone is talking about."	"experiment, psychology, game"	"$0.25"	"Fri Apr 03 03:04:47 EDT 2015"	"450"	"0"	"0"	"450"	"Reviewable"	"NotReviewed"	"1 scales"	"600"	"60000"	"Fri Apr 10 03:04:47 EDT 2015"	"S96653"	"Approved"	""	"""sundae"""	"""chocolate"""	"[""whipped cream"",""cherry""]"	"[""middle1""]"	"[""left"",""right""]"	"0"	"-1"	"1"	"0"	"0"	"11"	"0"	"0"	"-1"	"-1"	"-1"	"""TRUE"""	"""distractor2"""	"""FALSE"""	"-1"	"-1"	"-1"	"-1"	"-1"	"-1"	"""guessing at a most attractive image"""	""""""	"""60"""	"""f"""	"5"	"0"	"1"	"2"	"0"	"""5"""	"-1"	"""cherry,"""	"""cherry,"""	"""cherry,whipped cream,chocolate,"""	"""cherry,chocolate,"""	"""3"""	"""cherry,chocolate,"""
"What is he talking about? (1-2 mins)"	"Short and fun! A 1-2 minute word game about what someone is talking about."	"experiment, psychology, game"	"$0.25"	"Fri Apr 03 03:04:47 EDT 2015"	"450"	"0"	"0"	"450"	"Reviewable"	"NotReviewed"	"1 scales"	"600"	"60000"	"Fri Apr 10 03:04:47 EDT 2015"	"S27005"	"Approved"	""	"""sundae"""	"""cherry"""	"[""chocolate"",""whipped cream""]"	"[null]"	"[""left"",""right"",null]"	"0"	"-1"	"1"	"0"	"0"	"11"	"0"	"0"	"-1"	"-1"	"-1"	"""TRUE"""	"""distractor2"""	"""FALSE"""	"-1"	"-1"	"-1"	"-1"	"-1"	"-1"	"""Not sure"""	""""""	"""27"""	"""m"""	"3"	"0"	"0"	"2"	"1"	"""5"""	"-1"	"""cherry,whipped cream,"""	"""cherry,whipped cream,chocolate,"""	""""""	""""""	"""1"""	"""cherry,whipped cream,chocolate,"""
"What is he talking about? (1-2 mins)"	"Short and fun! A 1-2 minute word game about what someone is talking about."	"experiment, psychology, game"	"$0.25"	"Fri Apr 03 03:04:47 EDT 2015"	"450"	"0"	"0"	"450"	"Reviewable"	"NotReviewed"	"1 scales"	"600"	"60000"	"Fri Apr 10 03:04:47 EDT 2015"	"S94957"	"Approved"	""	"""snowman"""	"""hat"""	"[""mittens"",""scarf""]"	"[null]"	"[""right"",""left"",null]"	"0"	"-1"	"1"	"0"	"0"	"11"	"0"	"0"	"-1"	"-1"	"-1"	"""TRUE"""	"""distractor1"""	"""FALSE"""	"-1"	"-1"	"-1"	"-1"	"-1"	"-1"	"""visual clues"""	""""""	"""37"""	"""m"""	"3"	"0"	"0"	"2"	"1"	"""5"""	"-1"	"""hat,scarf,mittens,"""	"""hat,scarf,"""	""""""	""""""	"""1"""	"""hat,scarf,"""
"What is he talking about? (1-2 mins)"	"Short and fun! A 1-2 minute word game about what someone is talking about."	"experiment, psychology, game"	"$0.25"	"Fri Apr 03 03:04:47 EDT 2015"	"450"	"0"	"0"	"450"	"Reviewable"	"NotReviewed"	"1 scales"	"600"	"60000"	"Fri Apr 10 03:04:47 EDT 2015"	"S85658"	"Approved"	""	"""sundae"""	"undefined"	"[""whipped cream"",""cherry""]"	"[""left""]"	"[""right"",""middle1""]"	"0"	"-1"	"2"	"0"	"0"	"11"	"0"	"0"	"-1"	"-1"	"-1"	"""FALSE"""	"""distractor2"""	"""FALSE"""	"-1"	"-1"	"-1"	"-1"	"-1"	"-1"	"""Communication"""	"""No."""	"""27"""	"""m"""	"1"	"0"	"2"	"1"	"0"	"""5"""	"-1"	""""""	"""cherry,whipped cream,"""	"""cherry,"""	""""""	"""1"""	"""cherry,whipped cream,"""
"What is he talking about? (1-2 mins)"	"Short and fun! A 1-2 minute word game about what someone is talking about."	"experiment, psychology, game"	"$0.25"	"Fri Apr 03 03:04:47 EDT 2015"	"450"	"0"	"0"	"450"	"Reviewable"	"NotReviewed"	"1 scales"	"600"	"60000"	"Fri Apr 10 03:04:47 EDT 2015"	"S62189"	"Approved"	""	"""sundae"""	"""whipped cream"""	"[""cherry"",null]"	"[""left""]"	"[""right"",null]"	"0"	"-1"	"1"	"0"	"0"	"11"	"0"	"0"	"-1"	"-1"	"-1"	"""TRUE"""	"""target"""	"""TRUE"""	"-1"	"-1"	"-1"	"-1"	"-1"	"-1"	"""ice cream sundae"""	"""no"""	"""32"""	"""f"""	"0"	"0"	"0"	"2"	"1"	"""5"""	"-1"	"""cherry,whipped cream,"""	"""whipped cream,"""	""""""	""""""	"""0"""	"""cherry,whipped cream,"""
"What is he talking about? (1-2 mins)"	"Short and fun! A 1-2 minute word game about what someone is talking about."	"experiment, psychology, game"	"$0.25"	"Fri Apr 03 03:04:47 EDT 2015"	"450"	"0"	"0"	"450"	"Reviewable"	"NotReviewed"	"1 scales"	"600"	"60000"	"Fri Apr 10 03:04:47 EDT 2015"	"S58524"	"Approved"	""	"""Christmas tree"""	"""ornaments"""	"[""lights"",null]"	"[null]"	"[""left"",""right"",null]"	"0"	"-1"	"1"	"0"	"0"	"11"	"0"	"0"	"-1"	"-1"	"-1"	"""TRUE"""	"""distractor1"""	"""FALSE"""	"-1"	"-1"	"-1"	"-1"	"-1"	"-1"	"""Trimming Christmas Trees"""	"""no"""	"""61"""	"""f"""	"0"	"0"	"0"	"1"	"2"	"""5"""	"-1"	"""ornaments,"""	"""lights,ornaments,"""	""""""	""""""	"""0"""	"""ornaments,"""
"What is he talking about? (1-2 mins)"	"Short and fun! A 1-2 minute word game about what someone is talking about."	"experiment, psychology, game"	"$0.25"	"Fri Apr 03 03:04:47 EDT 2015"	"450"	"0"	"0"	"450"	"Reviewable"	"NotReviewed"	"1 scales"	"600"	"60000"	"Fri Apr 10 03:04:47 EDT 2015"	"S55703"	"Approved"	""	"""pizza"""	"""sausage"""	"[""olives"",""mushrooms""]"	"[""middle1""]"	"[""middle2"",""right""]"	"0"	"-1"	"2"	"0"	"0"	"11"	"0"	"0"	"-1"	"-1"	"-1"	"""TRUE"""	"""distractor1"""	"""FALSE"""	"-1"	"-1"	"-1"	"-1"	"-1"	"-1"	"""what bob was talking about"""	""""""	"""33"""	"""f"""	"8"	"0"	"1"	"2"	"0"	"""5"""	"-1"	"""mushrooms,olives,peppers,sausage,"""	"""peppers,sausage,"""	"""peppers,sausage,"""	"""mushrooms,peppers,sausage,"""	"""2"""	"""peppers,sausage,"""
"What is he talking about? (1-2 mins)"	"Short and fun! A 1-2 minute word game about what someone is talking about."	"experiment, psychology, game"	"$0.25"	"Fri Apr 03 03:04:47 EDT 2015"	"450"	"0"	"0"	"450"	"Reviewable"	"NotReviewed"	"1 scales"	"600"	"60000"	"Fri Apr 10 03:04:47 EDT 2015"	"S83253"	"Approved"	""	"""boat"""	"""motor"""	"[""sail"",""cabin""]"	"[""middle1""]"	"[""right"",""left""]"	"0"	"-1"	"2"	"0"	"0"	"11"	"0"	"0"	"-1"	"-1"	"-1"	"""TRUE"""	"""distractor1"""	"""FALSE"""	"-1"	"-1"	"-1"	"-1"	"-1"	"-1"	"""boats"""	"""none"""	"""44"""	"""f"""	"4"	"0"	"0"	"1"	"2"	"""5"""	"-1"	"""cabin,sail,motor,"""	"""motor,"""	"""cabin,motor,"""	""""""	"""2"""	"""cabin,motor,"""
"What is he talking about? (1-2 mins)"	"Short and fun! A 1-2 minute word game about what someone is talking about."	"experiment, psychology, game"	"$0.25"	"Fri Apr 03 03:04:47 EDT 2015"	"450"	"0"	"0"	"450"	"Reviewable"	"NotReviewed"	"1 scales"	"600"	"60000"	"Fri Apr 10 03:04:47 EDT 2015"	"S39427"	"Approved"	""	"""pizza"""	"""mushrooms"""	"[""olives"",null,null]"	"[""right""]"	"[""left"",""middle1"",null]"	"0"	"-1"	"1"	"0"	"0"	"11"	"0"	"0"	"-1"	"-1"	"-1"	"""TRUE"""	"""distractor2"""	"""FALSE"""	"-1"	"-1"	"-1"	"-1"	"-1"	"-1"	"""I honestly have no idea, pizzas and christmas trees?"""	""""""	"""32"""	"""m"""	"1"	"0"	"2"	"1"	"0"	"""5"""	"-1"	""""""	"""mushrooms,"""	"""mushrooms,olives,"""	""""""	"""1"""	"""mushrooms,"""
"What is he talking about? (1-2 mins)"	"Short and fun! A 1-2 minute word game about what someone is talking about."	"experiment, psychology, game"	"$0.25"	"Fri Apr 03 03:04:47 EDT 2015"	"450"	"0"	"0"	"450"	"Reviewable"	"NotReviewed"	"1 scales"	"600"	"60000"	"Fri Apr 10 03:04:47 EDT 2015"	"S30699"	"Approved"	""	"""snowman"""	"""belt"""	"[""scarf"",""mittens""]"	"[""left"",""middle2""]"	"[""middle1"",""right""]"	"0"	"-1"	"2"	"0"	"0"	"11"	"0"	"0"	"-1"	"-1"	"-1"	"""TRUE"""	"""target"""	"""TRUE"""	"-1"	"-1"	"-1"	"-1"	"-1"	"-1"	"""pickin which tree he wanted to decorate next but the pics were of snowmen"""	""""""	"""29"""	"""female"""	"8"	"0"	"2"	"1"	"0"	"""5"""	"-1"	"""hat,belt,"""	"""hat,mittens,belt,"""	"""hat,belt,"""	"""hat,scarf,mittens,belt,"""	"""2"""	"""hat,belt,"""
"What is he talking about? (1-2 mins)"	"Short and fun! A 1-2 minute word game about what someone is talking about."	"experiment, psychology, game"	"$0.25"	"Fri Apr 03 03:04:47 EDT 2015"	"450"	"0"	"0"	"450"	"Reviewable"	"NotReviewed"	"1 scales"	"600"	"60000"	"Fri Apr 10 03:04:47 EDT 2015"	"S76297"	"Approved"	""	"""pizza"""	"""mushrooms"""	"[""peppers"",""olives"",null]"	"[""right""]"	"[""left"",null]"	"0"	"-1"	"2"	"0"	"0"	"11"	"0"	"0"	"-1"	"-1"	"-1"	"""TRUE"""	"""distractor1"""	"""FALSE"""	"-1"	"-1"	"-1"	"-1"	"-1"	"-1"	"""Pizza and Xmas Trees"""	""""""	"""30"""	"""m"""	"3"	"0"	"1"	"2"	"0"	"""5"""	"-1"	"""mushrooms,olives,peppers,"""	"""mushrooms,olives,"""	""""""	""""""	"""0"""	"""mushrooms,olives,peppers,"""
"What is he talking about? (1-2 mins)"	"Short and fun! A 1-2 minute word game about what someone is talking about."	"experiment, psychology, game"	"$0.25"	"Fri Apr 03 03:04:47 EDT 2015"	"450"	"0"	"0"	"450"	"Reviewable"	"NotReviewed"	"1 scales"	"600"	"60000"	"Fri Apr 10 03:04:47 EDT 2015"	"S32306"	"Approved"	""	"""sundae"""	"""cherry"""	"[""whipped cream"",""sprinkles"",""chocolate""]"	"[""middle1""]"	"[""right"",""left""]"	"0"	"-1"	"1"	"0"	"0"	"11"	"0"	"0"	"-1"	"-1"	"-1"	"""TRUE"""	"""distractor2"""	"""FALSE"""	"-1"	"-1"	"-1"	"-1"	"-1"	"-1"	"""what you  think bob was saying """	""""""	"""27"""	"""m"""	"7"	"0"	"0"	"1"	"2"	"""5"""	"-1"	"""cherry,whipped cream,chocolate,sprinkles,"""	"""cherry,chocolate,sprinkles,"""	"""chocolate,sprinkles,"""	""""""	"""0"""	"""cherry,whipped cream,chocolate,sprinkles,"""
"What is he talking about? (1-2 mins)"	"Short and fun! A 1-2 minute word game about what someone is talking about."	"experiment, psychology, game"	"$0.25"	"Fri Apr 03 03:04:47 EDT 2015"	"450"	"0"	"0"	"450"	"Reviewable"	"NotReviewed"	"1 scales"	"600"	"60000"	"Fri Apr 10 03:04:47 EDT 2015"	"S07731"	"Approved"	""	"""snowman"""	"""scarf"""	"[""hat"",""mittens""]"	"[""left""]"	"[""right"",null]"	"0"	"-1"	"1"	"0"	"0"	"11"	"0"	"0"	"-1"	"-1"	"-1"	"""TRUE"""	"""target"""	"""TRUE"""	"-1"	"-1"	"-1"	"-1"	"-1"	"-1"	"""Bob decorated a snowman and then he was trying to talk about which Christmas tree he was decorating next."""	"""no"""	"""38"""	"""f"""	"3"	"0"	"0"	"2"	"1"	"""5"""	"-1"	"""hat,scarf,mittens,"""	"""scarf,mittens,"""	""""""	""""""	"""0"""	"""hat,scarf,mittens,"""
"What is he talking about? (1-2 mins)"	"Short and fun! A 1-2 minute word game about what someone is talking about."	"experiment, psychology, game"	"$0.25"	"Fri Apr 03 03:04:47 EDT 2015"	"450"	"0"	"0"	"450"	"Reviewable"	"NotReviewed"	"1 scales"	"600"	"60000"	"Fri Apr 10 03:04:47 EDT 2015"	"S40874"	"Approved"	""	"""Christmas tree"""	"""ornaments"""	"[""lights"",""presents""]"	"[""right"",""left""]"	"[null,null]"	"0"	"-1"	"2"	"0"	"0"	"11"	"0"	"0"	"-1"	"-1"	"-1"	"""TRUE"""	"""target"""	"""TRUE"""	"-1"	"-1"	"-1"	"-1"	"-1"	"-1"	"""To find out what xmas tree bob was talking about"""	"""interesting,thanks"""	"""50"""	"""m"""	"6"	"0"	"1"	"2"	"0"	"""5"""	"-1"	"""lights,ornaments,star,presents,"""	"""ornaments,star,presents,"""	""""""	""""""	"""1"""	"""ornaments,star,presents,"""
"What is he talking about? (1-2 mins)"	"Short and fun! A 1-2 minute word game about what someone is talking about."	"experiment, psychology, game"	"$0.25"	"Fri Apr 03 03:04:47 EDT 2015"	"450"	"0"	"0"	"450"	"Reviewable"	"NotReviewed"	"1 scales"	"600"	"60000"	"Fri Apr 10 03:04:47 EDT 2015"	"S83485"	"Approved"	""	"""friend"""	"""glasses"""	"[""hat"",""mustache"",null]"	"[null]"	"[""right"",""left"",null]"	"0"	"-1"	"1"	"0"	"0"	"11"	"0"	"0"	"-1"	"-1"	"-1"	"""TRUE"""	"""distractor2"""	"""FALSE"""	"-1"	"-1"	"-1"	"-1"	"-1"	"-1"	"""Understanding who said what """	"""Fun! Really odd though hah"""	"""23"""	"""m"""	"3"	"0"	"2"	"0"	"1"	"""5"""	"-1"	"""hat,glasses,mustache,"""	"""glasses,mustache,"""	""""""	""""""	"""0"""	"""hat,glasses,mustache,"""
"What is he talking about? (1-2 mins)"	"Short and fun! A 1-2 minute word game about what someone is talking about."	"experiment, psychology, game"	"$0.25"	"Fri Apr 03 03:04:47 EDT 2015"	"450"	"0"	"0"	"450"	"Reviewable"	"NotReviewed"	"1 scales"	"600"	"60000"	"Fri Apr 10 03:04:47 EDT 2015"	"S57173"	"Approved"	""	"""boat"""	"""motor"""	"[""cabin"",""sail"",null]"	"[""middle1""]"	"[""left"",""right"",null]"	"0"	"-1"	"1"	"0"	"0"	"11"	"0"	"0"	"-1"	"-1"	"-1"	"""TRUE"""	"""target"""	"""TRUE"""	"-1"	"-1"	"-1"	"-1"	"-1"	"-1"	"""pick a boat for bob"""	""""""	"""35"""	"""m"""	"4"	"0"	"0"	"1"	"2"	"""5"""	"-1"	"""sail,"""	"""cabin,sail,motor,"""	"""sail,motor,"""	""""""	"""1"""	"""cabin,sail,motor,"""
"What is he talking about? (1-2 mins)"	"Short and fun! A 1-2 minute word game about what someone is talking about."	"experiment, psychology, game"	"$0.25"	"Fri Apr 03 03:04:47 EDT 2015"	"450"	"0"	"0"	"450"	"Reviewable"	"NotReviewed"	"1 scales"	"600"	"60000"	"Fri Apr 10 03:04:47 EDT 2015"	"S52670"	"Approved"	""	"""sundae"""	"""cherry"""	"[""whipped cream"",null,null]"	"[""middle2""]"	"[""left"",""right"",""middle1""]"	"0"	"-1"	"1"	"0"	"0"	"11"	"0"	"0"	"-1"	"-1"	"-1"	"""FALSE"""	"""target"""	"""TRUE"""	"-1"	"-1"	"-1"	"-1"	"-1"	"-1"	"""I have no idea. I felt like it didn't have a point. """	"""what does christmas trees and sundaes have to do with each other?"""	"""27"""	"""f"""	"2"	"0"	"1"	"0"	"2"	"""5"""	"-1"	""""""	"""cherry,whipped cream,"""	"""cherry,"""	""""""	"""2"""	"""cherry,"""
"What is he talking about? (1-2 mins)"	"Short and fun! A 1-2 minute word game about what someone is talking about."	"experiment, psychology, game"	"$0.25"	"Fri Apr 03 03:04:47 EDT 2015"	"450"	"0"	"0"	"450"	"Reviewable"	"NotReviewed"	"1 scales"	"600"	"60000"	"Fri Apr 10 03:04:47 EDT 2015"	"S52083"	"Approved"	""	"""snowman"""	"undefined"	"[""scarf"",""hat"",null]"	"[""left"",""right""]"	"[""middle1"",""middle2""]"	"0"	"-1"	"2"	"0"	"0"	"11"	"0"	"0"	"-1"	"-1"	"-1"	"""TRUE"""	"""distractor2"""	"""FALSE"""	"-1"	"-1"	"-1"	"-1"	"-1"	"-1"	"""Giving me a quarter to entertain the Stanford Lab by asking strangers unanswerable questions?"""	"""Wow. What just happened here?"""	"""37"""	"""f"""	"2"	"0"	"1"	"0"	"2"	"""5"""	"-1"	""""""	"""hat,"""	"""hat,scarf,"""	""""""	"""2"""	"""hat,scarf,"""
"What is he talking about? (1-2 mins)"	"Short and fun! A 1-2 minute word game about what someone is talking about."	"experiment, psychology, game"	"$0.25"	"Fri Apr 03 03:04:47 EDT 2015"	"450"	"0"	"0"	"450"	"Reviewable"	"NotReviewed"	"1 scales"	"600"	"60000"	"Fri Apr 10 03:04:47 EDT 2015"	"S59827"	"Approved"	""	"""pizza"""	"undefined"	"[""mushrooms"",""olives""]"	"[""left""]"	"[""right"",null]"	"0"	"-1"	"2"	"0"	"0"	"11"	"0"	"0"	"-1"	"-1"	"-1"	"""TRUE"""	"""distractor1"""	"""FALSE"""	"-1"	"-1"	"-1"	"-1"	"-1"	"-1"	"""I have no idea"""	""""""	"""42"""	"""M"""	"0"	"0"	"2"	"0"	"1"	"""5"""	"-1"	"""olives,"""	"""mushrooms,olives,"""	""""""	""""""	"""1"""	"""mushrooms,olives,"""
"What is he talking about? (1-2 mins)"	"Short and fun! A 1-2 minute word game about what someone is talking about."	"experiment, psychology, game"	"$0.25"	"Fri Apr 03 03:04:47 EDT 2015"	"450"	"0"	"0"	"450"	"Reviewable"	"NotReviewed"	"1 scales"	"600"	"60000"	"Fri Apr 10 03:04:47 EDT 2015"	"S53232"	"Approved"	""	"""boat"""	"""cabin"""	"[""sail"",null]"	"[""left""]"	"[""right"",""middle2""]"	"0"	"-1"	"1"	"0"	"0"	"11"	"0"	"0"	"-1"	"-1"	"-1"	"""TRUE"""	"""distractor3"""	"""FALSE"""	"-1"	"-1"	"-1"	"-1"	"-1"	"-1"	"""boats and christmas tress"""	""""""	"""31"""	"""f"""	"2"	"0"	"2"	"1"	"0"	"""5"""	"-1"	""""""	"""cabin,sail,"""	"""cabin,"""	""""""	"""1"""	"""cabin,sail,"""
"What is he talking about? (1-2 mins)"	"Short and fun! A 1-2 minute word game about what someone is talking about."	"experiment, psychology, game"	"$0.25"	"Fri Apr 03 03:04:47 EDT 2015"	"450"	"0"	"0"	"450"	"Reviewable"	"NotReviewed"	"1 scales"	"600"	"60000"	"Fri Apr 10 03:04:47 EDT 2015"	"S55617"	"Approved"	""	"""sundae"""	"""whipped cream"""	"[""chocolate"",""cherry"",null]"	"[""right""]"	"[""middle2"",""left""]"	"0"	"-1"	"2"	"0"	"0"	"11"	"0"	"0"	"-1"	"-1"	"-1"	"""TRUE"""	"""target"""	"""TRUE"""	"-1"	"-1"	"-1"	"-1"	"-1"	"-1"	"""How people will make a decision based on one word"""	""""""	"""19"""	"""m"""	"5"	"0"	"1"	"0"	"2"	"""5"""	"-1"	"""cherry,whipped cream,"""	"""cherry,whipped cream,chocolate,"""	"""whipped cream,"""	"""whipped cream,"""	"""3"""	"""whipped cream,"""
"What is he talking about? (1-2 mins)"	"Short and fun! A 1-2 minute word game about what someone is talking about."	"experiment, psychology, game"	"$0.25"	"Fri Apr 03 03:04:47 EDT 2015"	"450"	"0"	"0"	"450"	"Reviewable"	"NotReviewed"	"1 scales"	"600"	"60000"	"Fri Apr 10 03:04:47 EDT 2015"	"S90560"	"Approved"	""	"""boat"""	"""sail"""	"[""cabin"",null,null]"	"[""middle1""]"	"[""left"",""right"",null]"	"0"	"-1"	"1"	"0"	"0"	"11"	"0"	"0"	"-1"	"-1"	"-1"	"""TRUE"""	"""target"""	"""TRUE"""	"-1"	"-1"	"-1"	"-1"	"-1"	"-1"	"""what bob was saying"""	""""""	"""21"""	"""f"""	"1"	"0"	"2"	"1"	"0"	"""5"""	"-1"	""""""	"""cabin,sail,"""	"""sail,"""	""""""	"""1"""	"""cabin,sail,"""
"What is he talking about? (1-2 mins)"	"Short and fun! A 1-2 minute word game about what someone is talking about."	"experiment, psychology, game"	"$0.25"	"Fri Apr 03 03:04:47 EDT 2015"	"450"	"0"	"0"	"450"	"Reviewable"	"NotReviewed"	"1 scales"	"600"	"60000"	"Fri Apr 10 03:04:47 EDT 2015"	"S95398"	"Approved"	""	"""sundae"""	"""whipped cream"""	"[""cherry"",null]"	"[""left""]"	"[""middle1"",""right"",""middle2""]"	"0"	"-1"	"1"	"0"	"0"	"11"	"0"	"0"	"-1"	"-1"	"-1"	"""TRUE"""	"""distractor3"""	"""FALSE"""	"-1"	"-1"	"-1"	"-1"	"-1"	"-1"	"""figuring out what bob said"""	"""no"""	"""37"""	"""male"""	"2"	"0"	"2"	"0"	"1"	"""5"""	"-1"	"""whipped cream,"""	""""""	"""cherry,whipped cream,"""	""""""	"""2"""	"""cherry,whipped cream,"""
"What is he talking about? (1-2 mins)"	"Short and fun! A 1-2 minute word game about what someone is talking about."	"experiment, psychology, game"	"$0.25"	"Fri Apr 03 03:04:47 EDT 2015"	"450"	"0"	"0"	"450"	"Reviewable"	"NotReviewed"	"1 scales"	"600"	"60000"	"Fri Apr 10 03:04:47 EDT 2015"	"S42790"	"Approved"	""	"""boat"""	"""flag"""	"[""sail"",""cabin""]"	"[""middle1"",""left""]"	"[""right"",null]"	"0"	"-1"	"2"	"0"	"0"	"11"	"0"	"0"	"-1"	"-1"	"-1"	"""FALSE"""	"""target"""	"""TRUE"""	"-1"	"-1"	"-1"	"-1"	"-1"	"-1"	"""boats and christmas trees"""	"""Yeah, what does a christmas tree have to do with boats?"""	"""40"""	"""m"""	"7"	"0"	"0"	"2"	"1"	"""5"""	"-1"	"""cabin,motor,flag,"""	"""motor,flag,"""	"""cabin,sail,motor,flag,"""	""""""	"""1"""	"""motor,flag,"""
"What is he talking about? (1-2 mins)"	"Short and fun! A 1-2 minute word game about what someone is talking about."	"experiment, psychology, game"	"$0.25"	"Fri Apr 03 03:04:47 EDT 2015"	"450"	"0"	"0"	"450"	"Reviewable"	"NotReviewed"	"1 scales"	"600"	"60000"	"Fri Apr 10 03:04:47 EDT 2015"	"S69414"	"Approved"	""	"""Christmas tree"""	"undefined"	"[""ornaments"",""lights""]"	"[""middle1""]"	"[""right"",""left""]"	"0"	"-1"	"2"	"0"	"0"	"11"	"0"	"0"	"-1"	"-1"	"-1"	"""TRUE"""	"""distractor2"""	"""FALSE"""	"-1"	"-1"	"-1"	"-1"	"-1"	"-1"	"""Choosing a Christmas tree bob was mumbling about"""	""""""	"""26"""	"""m"""	"1"	"0"	"1"	"2"	"0"	"""5"""	"-1"	"""lights,ornaments,"""	""""""	"""lights,"""	""""""	"""0"""	"""lights,ornaments,"""
"What is he talking about? (1-2 mins)"	"Short and fun! A 1-2 minute word game about what someone is talking about."	"experiment, psychology, game"	"$0.25"	"Fri Apr 03 03:04:47 EDT 2015"	"450"	"0"	"0"	"450"	"Reviewable"	"NotReviewed"	"1 scales"	"600"	"60000"	"Fri Apr 10 03:04:47 EDT 2015"	"S76958"	"Approved"	""	"""friend"""	"undefined"	"[""glasses"",""hat"",null]"	"[""right""]"	"[""left"",null]"	"0"	"-1"	"2"	"0"	"0"	"11"	"0"	"0"	"-1"	"-1"	"-1"	"""TRUE"""	"""distractor1"""	"""FALSE"""	"-1"	"-1"	"-1"	"-1"	"-1"	"-1"	"""language"""	""""""	"""28"""	"""f"""	"0"	"0"	"2"	"0"	"1"	"""5"""	"-1"	"""hat,glasses,"""	"""hat,"""	""""""	""""""	"""0"""	"""hat,glasses,"""
"What is he talking about? (1-2 mins)"	"Short and fun! A 1-2 minute word game about what someone is talking about."	"experiment, psychology, game"	"$0.25"	"Fri Apr 03 03:04:47 EDT 2015"	"450"	"0"	"0"	"450"	"Reviewable"	"NotReviewed"	"1 scales"	"600"	"60000"	"Fri Apr 10 03:04:47 EDT 2015"	"S81694"	"Approved"	""	"""boat"""	"""cabin"""	"[""sail"",""motor""]"	"[""right""]"	"[""middle2"",""left""]"	"0"	"-1"	"1"	"0"	"0"	"11"	"0"	"0"	"-1"	"-1"	"-1"	"""TRUE"""	"""distractor3"""	"""FALSE"""	"-1"	"-1"	"-1"	"-1"	"-1"	"-1"	"""A guy who likes to sail boats"""	"""really confused as to what this survey is attempting to determine"""	"""20"""	"""m"""	"5"	"0"	"0"	"2"	"1"	"""5"""	"-1"	"""cabin,motor,"""	"""cabin,sail,motor,"""	"""motor,"""	"""motor,"""	"""1"""	"""cabin,sail,motor,"""
"What is he talking about? (1-2 mins)"	"Short and fun! A 1-2 minute word game about what someone is talking about."	"experiment, psychology, game"	"$0.25"	"Fri Apr 03 03:04:47 EDT 2015"	"450"	"0"	"0"	"450"	"Reviewable"	"NotReviewed"	"1 scales"	"600"	"60000"	"Fri Apr 10 03:04:47 EDT 2015"	"S19869"	"Approved"	""	"""friend"""	"""hat"""	"[""glasses"",null,null]"	"[""left""]"	"[""right"",""middle1"",null]"	"0"	"-1"	"1"	"0"	"0"	"11"	"0"	"0"	"-1"	"-1"	"-1"	"""FALSE"""	"""target"""	"""TRUE"""	"-1"	"-1"	"-1"	"-1"	"-1"	"-1"	"""Being able to recall prior information after focusing on different information."""	""""""	"""23"""	"""m"""	"1"	"0"	"2"	"0"	"1"	"""5"""	"-1"	"""hat,glasses,"""	"""hat,"""	""""""	""""""	"""0"""	"""hat,glasses,"""
"What is he talking about? (1-2 mins)"	"Short and fun! A 1-2 minute word game about what someone is talking about."	"experiment, psychology, game"	"$0.25"	"Fri Apr 03 03:04:47 EDT 2015"	"450"	"0"	"0"	"450"	"Reviewable"	"NotReviewed"	"1 scales"	"600"	"60000"	"Fri Apr 10 03:04:47 EDT 2015"	"S71258"	"Approved"	""	"""snowman"""	"""scarf"""	"[""hat"",""belt""]"	"[""right"",""left""]"	"[null,null]"	"0"	"-1"	"2"	"0"	"0"	"11"	"0"	"0"	"-1"	"-1"	"-1"	"""TRUE"""	"""target"""	"""TRUE"""	"-1"	"-1"	"-1"	"-1"	"-1"	"-1"	"""How people interpret communication"""	"""The study seemed to be about the snowman Bob built but then the question was \""Bob can only say one word to commmunicate with you which Christmas tree he will trim next,\"" there were no Christmas trees shown and then the question asked which snowman Bob was talking about. I believe this was an error in the study."""	"""27"""	"""f"""	"6"	"0"	"1"	"2"	"0"	"""5"""	"-1"	"""hat,scarf,mittens,belt,"""	"""scarf,mittens,belt,"""	""""""	""""""	"""1"""	"""scarf,mittens,belt,"""
"What is he talking about? (1-2 mins)"	"Short and fun! A 1-2 minute word game about what someone is talking about."	"experiment, psychology, game"	"$0.25"	"Fri Apr 03 03:04:47 EDT 2015"	"450"	"0"	"0"	"450"	"Reviewable"	"NotReviewed"	"1 scales"	"600"	"60000"	"Fri Apr 10 03:04:47 EDT 2015"	"S34622"	"Approved"	""	"""boat"""	"""cabin"""	"[""sail"",null]"	"[""left""]"	"[""right"",""middle1""]"	"0"	"-1"	"1"	"0"	"0"	"11"	"0"	"0"	"-1"	"-1"	"-1"	"""TRUE"""	"""distractor2"""	"""FALSE"""	"-1"	"-1"	"-1"	"-1"	"-1"	"-1"	"""trying to understand what Bob was saying"""	"""no"""	"""45"""	"""f"""	"1"	"0"	"1"	"2"	"0"	"""5"""	"-1"	"""cabin,"""	"""cabin,sail,"""	""""""	""""""	"""1"""	"""cabin,sail,"""
"What is he talking about? (1-2 mins)"	"Short and fun! A 1-2 minute word game about what someone is talking about."	"experiment, psychology, game"	"$0.25"	"Fri Apr 03 03:04:47 EDT 2015"	"450"	"0"	"0"	"450"	"Reviewable"	"NotReviewed"	"1 scales"	"600"	"60000"	"Fri Apr 10 03:04:47 EDT 2015"	"S23948"	"Approved"	""	"""pizza"""	"""peppers"""	"[""mushrooms"",""olives"",null]"	"[""left""]"	"[""middle2"",""middle1""]"	"0"	"-1"	"1"	"0"	"0"	"11"	"0"	"0"	"-1"	"-1"	"-1"	"""FALSE"""	"""distractor3"""	"""FALSE"""	"-1"	"-1"	"-1"	"-1"	"-1"	"-1"	"""understanding language"""	"""none"""	"""47"""	"""f"""	"5"	"0"	"2"	"0"	"1"	"""5"""	"-1"	"""olives,"""	"""olives,peppers,"""	"""olives,"""	"""mushrooms,olives,peppers,"""	"""3"""	"""mushrooms,olives,peppers,"""
"What is he talking about? (1-2 mins)"	"Short and fun! A 1-2 minute word game about what someone is talking about."	"experiment, psychology, game"	"$0.25"	"Fri Apr 03 03:04:47 EDT 2015"	"450"	"0"	"0"	"450"	"Reviewable"	"NotReviewed"	"1 scales"	"600"	"60000"	"Fri Apr 10 03:04:47 EDT 2015"	"S98015"	"Approved"	""	"""pizza"""	"""mushrooms"""	"[""olives"",null]"	"[""left""]"	"[""right"",null]"	"0"	"-1"	"1"	"0"	"0"	"11"	"0"	"0"	"-1"	"-1"	"-1"	"""TRUE"""	"""target"""	"""TRUE"""	"-1"	"-1"	"-1"	"-1"	"-1"	"-1"	"""What pizza Bob eats"""	"""No."""	"""36"""	"""m"""	"0"	"0"	"1"	"0"	"2"	"""5"""	"-1"	"""mushrooms,olives,"""	"""mushrooms,"""	""""""	""""""	"""0"""	"""mushrooms,olives,"""
"What is he talking about? (1-2 mins)"	"Short and fun! A 1-2 minute word game about what someone is talking about."	"experiment, psychology, game"	"$0.25"	"Fri Apr 03 03:04:47 EDT 2015"	"450"	"0"	"0"	"450"	"Reviewable"	"NotReviewed"	"1 scales"	"600"	"60000"	"Fri Apr 10 03:04:47 EDT 2015"	"S39399"	"Approved"	""	"""boat"""	"""flag"""	"[""motor"",""cabin""]"	"[""right"",""left""]"	"[""middle1"",null]"	"0"	"-1"	"2"	"0"	"0"	"11"	"0"	"0"	"-1"	"-1"	"-1"	"""TRUE"""	"""distractor1"""	"""FALSE"""	"-1"	"-1"	"-1"	"-1"	"-1"	"-1"	"""Bob likes sailboats."""	""""""	"""26"""	"""f"""	"7"	"0"	"0"	"1"	"2"	"""5"""	"-1"	"""cabin,sail,flag,"""	"""cabin,sail,motor,flag,"""	"""sail,flag,"""	""""""	"""1"""	"""cabin,sail,motor,flag,"""
"What is he talking about? (1-2 mins)"	"Short and fun! A 1-2 minute word game about what someone is talking about."	"experiment, psychology, game"	"$0.25"	"Fri Apr 03 03:04:47 EDT 2015"	"450"	"0"	"0"	"450"	"Reviewable"	"NotReviewed"	"1 scales"	"600"	"60000"	"Fri Apr 10 03:04:47 EDT 2015"	"S92578"	"Approved"	""	"""snowman"""	"""hat"""	"[""mittens"",""scarf""]"	"[""left""]"	"[""right"",null]"	"0"	"-1"	"2"	"0"	"0"	"11"	"0"	"0"	"-1"	"-1"	"-1"	"""TRUE"""	"""target"""	"""TRUE"""	"-1"	"-1"	"-1"	"-1"	"-1"	"-1"	"""identifying which snowman bob was talking about after he mumbled. """	""""""	"""25"""	"""f"""	"3"	"0"	"2"	"0"	"1"	"""5"""	"-1"	"""hat,scarf,"""	"""hat,scarf,mittens,"""	""""""	""""""	"""0"""	"""hat,scarf,"""
"What is he talking about? (1-2 mins)"	"Short and fun! A 1-2 minute word game about what someone is talking about."	"experiment, psychology, game"	"$0.25"	"Fri Apr 03 03:04:47 EDT 2015"	"450"	"0"	"0"	"450"	"Reviewable"	"NotReviewed"	"1 scales"	"600"	"60000"	"Fri Apr 10 03:04:47 EDT 2015"	"S01549"	"Approved"	""	"""friend"""	"""bowtie"""	"[""glasses"",""mustache""]"	"[""left""]"	"[""right"",null]"	"0"	"-1"	"1"	"0"	"0"	"11"	"0"	"0"	"-1"	"-1"	"-1"	"""TRUE"""	"""target"""	"""TRUE"""	"-1"	"-1"	"-1"	"-1"	"-1"	"-1"	"""Picture memory """	""""""	""""""	"""male"""	"6"	"0"	"2"	"1"	"0"	"""5"""	"-1"	"""hat,glasses,mustache,bowtie,"""	"""hat,mustache,bowtie,"""	""""""	""""""	"""0"""	"""hat,glasses,mustache,bowtie,"""
"What is he talking about? (1-2 mins)"	"Short and fun! A 1-2 minute word game about what someone is talking about."	"experiment, psychology, game"	"$0.25"	"Fri Apr 03 03:04:47 EDT 2015"	"450"	"0"	"0"	"450"	"Reviewable"	"NotReviewed"	"1 scales"	"600"	"60000"	"Fri Apr 10 03:04:47 EDT 2015"	"S99295"	"Approved"	""	"""snowman"""	"""scarf"""	"[""hat"",""mittens""]"	"[""middle1"",""left""]"	"[""right"",null]"	"0"	"-1"	"2"	"0"	"0"	"11"	"0"	"0"	"-1"	"-1"	"-1"	"""TRUE"""	"""target"""	"""TRUE"""	"-1"	"-1"	"-1"	"-1"	"-1"	"-1"	"""snowmen"""	""""""	"""33"""	"""m"""	"4"	"0"	"1"	"0"	"2"	"""5"""	"-1"	"""scarf,mittens,"""	"""scarf,"""	"""hat,scarf,mittens,"""	""""""	"""0"""	"""scarf,mittens,"""
"What is he talking about? (1-2 mins)"	"Short and fun! A 1-2 minute word game about what someone is talking about."	"experiment, psychology, game"	"$0.25"	"Fri Apr 03 03:04:47 EDT 2015"	"450"	"0"	"0"	"450"	"Reviewable"	"NotReviewed"	"1 scales"	"600"	"60000"	"Fri Apr 10 03:04:47 EDT 2015"	"S13010"	"Approved"	""	"""boat"""	"""sail"""	"[""motor"",""cabin"",null]"	"[""left""]"	"[""right"",null]"	"0"	"-1"	"2"	"0"	"0"	"11"	"0"	"0"	"-1"	"-1"	"-1"	"""TRUE"""	"""distractor1"""	"""FALSE"""	"-1"	"-1"	"-1"	"-1"	"-1"	"-1"	"""renting boats"""	"""none"""	"""23"""	"""f"""	"3"	"0"	"0"	"1"	"2"	"""5"""	"-1"	"""cabin,sail,"""	"""cabin,sail,motor,"""	""""""	""""""	"""1"""	"""cabin,sail,motor,"""
"What is he talking about? (1-2 mins)"	"Short and fun! A 1-2 minute word game about what someone is talking about."	"experiment, psychology, game"	"$0.25"	"Fri Apr 03 03:04:47 EDT 2015"	"450"	"0"	"0"	"450"	"Reviewable"	"NotReviewed"	"1 scales"	"600"	"60000"	"Fri Apr 10 03:04:47 EDT 2015"	"S53593"	"Approved"	""	"""boat"""	"""flag"""	"[""motor"",""cabin""]"	"[null]"	"[""right"",""left"",null]"	"0"	"-1"	"1"	"0"	"0"	"11"	"0"	"0"	"-1"	"-1"	"-1"	"""TRUE"""	"""distractor2"""	"""FALSE"""	"-1"	"-1"	"-1"	"-1"	"-1"	"-1"	"""Renting a boat"""	"""I wanna go on the boat with bob."""	"""21"""	"""m"""	"6"	"0"	"0"	"1"	"2"	"""5"""	"-1"	"""cabin,sail,motor,flag,"""	"""cabin,sail,flag,"""	""""""	""""""	"""0"""	"""cabin,sail,motor,flag,"""
"What is he talking about? (1-2 mins)"	"Short and fun! A 1-2 minute word game about what someone is talking about."	"experiment, psychology, game"	"$0.25"	"Fri Apr 03 03:04:47 EDT 2015"	"450"	"0"	"0"	"450"	"Reviewable"	"NotReviewed"	"1 scales"	"600"	"60000"	"Fri Apr 10 03:04:47 EDT 2015"	"S11716"	"Approved"	""	"""Christmas tree"""	"""ornaments"""	"[""lights"",""star""]"	"[""left""]"	"[""middle1"",""right""]"	"0"	"-1"	"2"	"0"	"0"	"11"	"0"	"0"	"-1"	"-1"	"-1"	"""TRUE"""	"""distractor2"""	"""FALSE"""	"-1"	"-1"	"-1"	"-1"	"-1"	"-1"	"""What I think Bob said"""	""""""	"""22"""	"""f"""	"4"	"0"	"1"	"0"	"2"	"""5"""	"-1"	"""ornaments,"""	"""ornaments,star,"""	"""lights,ornaments,star,"""	""""""	"""2"""	"""lights,ornaments,star,"""
"What is he talking about? (1-2 mins)"	"Short and fun! A 1-2 minute word game about what someone is talking about."	"experiment, psychology, game"	"$0.25"	"Fri Apr 03 03:04:47 EDT 2015"	"450"	"0"	"0"	"450"	"Reviewable"	"NotReviewed"	"1 scales"	"600"	"60000"	"Fri Apr 10 03:04:47 EDT 2015"	"S34395"	"Approved"	""	"""sundae"""	"""cherry"""	"[""chocolate"",""whipped cream""]"	"[""right""]"	"[""left"",null]"	"0"	"-1"	"2"	"0"	"0"	"11"	"0"	"0"	"-1"	"-1"	"-1"	"""TRUE"""	"""distractor1"""	"""FALSE"""	"-1"	"-1"	"-1"	"-1"	"-1"	"-1"	"""I'm not sure"""	"""Survey was very simple"""	"""21"""	"""m"""	"3"	"0"	"0"	"1"	"2"	"""5"""	"-1"	"""cherry,whipped cream,chocolate,"""	"""cherry,whipped cream,"""	""""""	""""""	"""0"""	"""cherry,whipped cream,chocolate,"""
"What is he talking about? (1-2 mins)"	"Short and fun! A 1-2 minute word game about what someone is talking about."	"experiment, psychology, game"	"$0.25"	"Fri Apr 03 03:04:47 EDT 2015"	"450"	"0"	"0"	"450"	"Reviewable"	"NotReviewed"	"1 scales"	"600"	"60000"	"Fri Apr 10 03:04:47 EDT 2015"	"S85954"	"Approved"	""	"""sundae"""	"""chocolate"""	"[""cherry"",""sprinkles"",""whipped cream""]"	"[""middle2""]"	"[""left"",""right""]"	"0"	"-1"	"1"	"0"	"0"	"11"	"0"	"0"	"-1"	"-1"	"-1"	"""TRUE"""	"""distractor3"""	"""FALSE"""	"-1"	"-1"	"-1"	"-1"	"-1"	"-1"	"""What you think a guy is trying to say about his sundays"""	""""""	"""29"""	"""f"""	"8"	"0"	"0"	"2"	"1"	"""5"""	"-1"	"""whipped cream,sprinkles,"""	"""cherry,whipped cream,chocolate,sprinkles,"""	"""whipped cream,sprinkles,"""	"""whipped cream,chocolate,sprinkles,"""	"""1"""	"""cherry,whipped cream,chocolate,sprinkles,"""
"What is he talking about? (1-2 mins)"	"Short and fun! A 1-2 minute word game about what someone is talking about."	"experiment, psychology, game"	"$0.25"	"Fri Apr 03 03:04:47 EDT 2015"	"450"	"0"	"0"	"450"	"Reviewable"	"NotReviewed"	"1 scales"	"600"	"60000"	"Fri Apr 10 03:04:47 EDT 2015"	"S85700"	"Approved"	""	"""boat"""	"""cabin"""	"[""flag"",""sail""]"	"[""right""]"	"[""middle1"",""left""]"	"0"	"-1"	"2"	"0"	"0"	"11"	"0"	"0"	"-1"	"-1"	"-1"	"""TRUE"""	"""distractor2"""	"""FALSE"""	"-1"	"-1"	"-1"	"-1"	"-1"	"-1"	"""No clue"""	"""No"""	"""28"""	"""m"""	"7"	"0"	"1"	"2"	"0"	"""5"""	"-1"	"""cabin,sail,motor,flag,"""	"""cabin,sail,motor,"""	"""cabin,motor,"""	""""""	"""0"""	"""cabin,sail,motor,flag,"""
"What is he talking about? (1-2 mins)"	"Short and fun! A 1-2 minute word game about what someone is talking about."	"experiment, psychology, game"	"$0.25"	"Fri Apr 03 03:04:47 EDT 2015"	"450"	"0"	"0"	"450"	"Reviewable"	"NotReviewed"	"1 scales"	"600"	"60000"	"Fri Apr 10 03:04:47 EDT 2015"	"S73078"	"Approved"	""	"""Christmas tree"""	"""lights"""	"[""star"",""presents""]"	"[null]"	"[""left"",""right"",null]"	"0"	"-1"	"1"	"0"	"0"	"11"	"0"	"0"	"-1"	"-1"	"-1"	"""TRUE"""	"""distractor2"""	"""FALSE"""	"-1"	"-1"	"-1"	"-1"	"-1"	"-1"	"""weird words used to describe christmas tree"""	"""no"""	"""30"""	"""m"""	"6"	"0"	"2"	"1"	"0"	"""5"""	"-1"	"""lights,ornaments,presents,"""	"""lights,ornaments,star,presents,"""	""""""	""""""	"""1"""	"""lights,ornaments,star,presents,"""
"What is he talking about? (1-2 mins)"	"Short and fun! A 1-2 minute word game about what someone is talking about."	"experiment, psychology, game"	"$0.25"	"Fri Apr 03 03:04:47 EDT 2015"	"450"	"0"	"0"	"450"	"Reviewable"	"NotReviewed"	"1 scales"	"600"	"60000"	"Fri Apr 10 03:04:47 EDT 2015"	"S69512"	"Approved"	""	"""Christmas tree"""	"""lights"""	"[""ornaments"",""presents""]"	"[""middle1""]"	"[""right"",""left""]"	"0"	"-1"	"2"	"0"	"0"	"11"	"0"	"0"	"-1"	"-1"	"-1"	"""TRUE"""	"""distractor2"""	"""FALSE"""	"-1"	"-1"	"-1"	"-1"	"-1"	"-1"	"""speech & cognition"""	"""no"""	"""27"""	"""m"""	"7"	"0"	"0"	"2"	"1"	"""5"""	"-1"	"""lights,ornaments,star,presents,"""	"""lights,star,"""	"""lights,star,presents,"""	""""""	"""0"""	"""lights,ornaments,star,presents,"""
"What is he talking about? (1-2 mins)"	"Short and fun! A 1-2 minute word game about what someone is talking about."	"experiment, psychology, game"	"$0.25"	"Fri Apr 03 03:04:47 EDT 2015"	"450"	"0"	"0"	"450"	"Reviewable"	"NotReviewed"	"1 scales"	"600"	"60000"	"Fri Apr 10 03:04:47 EDT 2015"	"S08000"	"Approved"	""	"""sundae"""	"""cherry"""	"[""whipped cream"",""chocolate""]"	"[""right""]"	"[""middle1"",""middle2""]"	"0"	"-1"	"2"	"0"	"0"	"11"	"0"	"0"	"-1"	"-1"	"-1"	"""TRUE"""	"""distractor1"""	"""FALSE"""	"-1"	"-1"	"-1"	"-1"	"-1"	"-1"	"""Sundaes.  """	"""Was the sentence about trees intentional or intrusive?"""	"""24"""	"""f"""	"5"	"0"	"2"	"0"	"1"	"""5"""	"-1"	"""cherry,whipped cream,chocolate,"""	"""cherry,"""	"""cherry,chocolate,"""	"""cherry,"""	"""1"""	"""cherry,"""
"What is he talking about? (1-2 mins)"	"Short and fun! A 1-2 minute word game about what someone is talking about."	"experiment, psychology, game"	"$0.25"	"Fri Apr 03 03:04:47 EDT 2015"	"450"	"0"	"0"	"450"	"Reviewable"	"NotReviewed"	"1 scales"	"600"	"60000"	"Fri Apr 10 03:04:47 EDT 2015"	"S59362"	"Approved"	""	"""pizza"""	"""olives"""	"[""mushrooms"",null]"	"[""middle2""]"	"[""middle1"",""right""]"	"0"	"-1"	"1"	"0"	"0"	"11"	"0"	"0"	"-1"	"-1"	"-1"	"""TRUE"""	"""distractor2"""	"""FALSE"""	"-1"	"-1"	"-1"	"-1"	"-1"	"-1"	"""perception"""	"""interesting survey"""	"""43"""	"""m"""	"2"	"0"	"0"	"1"	"2"	"""5"""	"-1"	"""mushrooms,olives,"""	""""""	""""""	"""olives,"""	"""3"""	"""olives,"""
"What is he talking about? (1-2 mins)"	"Short and fun! A 1-2 minute word game about what someone is talking about."	"experiment, psychology, game"	"$0.25"	"Fri Apr 03 03:04:47 EDT 2015"	"450"	"0"	"0"	"450"	"Reviewable"	"NotReviewed"	"1 scales"	"600"	"60000"	"Fri Apr 10 03:04:47 EDT 2015"	"S39780"	"Approved"	""	"""pizza"""	"""olives"""	"[""mushrooms"",null,null]"	"[""right""]"	"[""middle2"",""middle1"",""left""]"	"0"	"-1"	"1"	"0"	"0"	"11"	"0"	"0"	"-1"	"-1"	"-1"	"""TRUE"""	"""distractor3"""	"""FALSE"""	"-1"	"-1"	"-1"	"-1"	"-1"	"-1"	"""communication"""	"""none"""	"""29"""	"""m"""	"2"	"0"	"2"	"1"	"0"	"""5"""	"-1"	"""mushrooms,olives,"""	""""""	""""""	"""olives,"""	"""0"""	"""mushrooms,olives,"""
"What is he talking about? (1-2 mins)"	"Short and fun! A 1-2 minute word game about what someone is talking about."	"experiment, psychology, game"	"$0.25"	"Fri Apr 03 03:04:47 EDT 2015"	"450"	"0"	"0"	"450"	"Reviewable"	"NotReviewed"	"1 scales"	"600"	"60000"	"Fri Apr 10 03:04:47 EDT 2015"	"S86183"	"Approved"	""	"""snowman"""	"""hat"""	"[""scarf"",""belt""]"	"[""left""]"	"[""right"",null]"	"0"	"-1"	"1"	"0"	"0"	"11"	"0"	"0"	"-1"	"-1"	"-1"	"""TRUE"""	"""target"""	"""TRUE"""	"-1"	"-1"	"-1"	"-1"	"-1"	"-1"	"""Not sure."""	"""Thanks."""	"""35"""	"""m"""	"6"	"0"	"0"	"1"	"2"	"""5"""	"-1"	"""hat,scarf,mittens,belt,"""	"""hat,mittens,belt,"""	""""""	""""""	"""0"""	"""hat,scarf,mittens,belt,"""
"What is he talking about? (1-2 mins)"	"Short and fun! A 1-2 minute word game about what someone is talking about."	"experiment, psychology, game"	"$0.25"	"Fri Apr 03 03:04:47 EDT 2015"	"450"	"0"	"0"	"450"	"Reviewable"	"NotReviewed"	"1 scales"	"600"	"60000"	"Fri Apr 10 03:04:47 EDT 2015"	"S97072"	"Approved"	""	"""sundae"""	"""chocolate"""	"[""whipped cream"",""cherry""]"	"[null]"	"[""right"",""left"",null]"	"0"	"-1"	"1"	"0"	"0"	"11"	"0"	"0"	"-1"	"-1"	"-1"	"""TRUE"""	"""distractor2"""	"""FALSE"""	"-1"	"-1"	"-1"	"-1"	"-1"	"-1"	"""Ice cream sundays """	"""This is a weird random hit """	"""27"""	"""f"""	"3"	"0"	"2"	"1"	"0"	"""5"""	"-1"	"""cherry,whipped cream,chocolate,"""	"""cherry,chocolate,"""	""""""	""""""	"""0"""	"""cherry,whipped cream,chocolate,"""
"What is he talking about? (1-2 mins)"	"Short and fun! A 1-2 minute word game about what someone is talking about."	"experiment, psychology, game"	"$0.25"	"Fri Apr 03 03:04:47 EDT 2015"	"450"	"0"	"0"	"450"	"Reviewable"	"NotReviewed"	"1 scales"	"600"	"60000"	"Fri Apr 10 03:04:47 EDT 2015"	"S44023"	"Approved"	""	"""friend"""	"""hat"""	"[""glasses"",""mustache"",null]"	"[""middle2""]"	"[""middle1"",""right""]"	"0"	"-1"	"1"	"0"	"0"	"11"	"0"	"0"	"-1"	"-1"	"-1"	"""TRUE"""	"""distractor2"""	"""FALSE"""	"-1"	"-1"	"-1"	"-1"	"-1"	"-1"	"""Understanding what Bob is talking about"""	"""No"""	"""29"""	"""F"""	"5"	"0"	"2"	"1"	"0"	"""5"""	"-1"	"""hat,glasses,mustache,"""	"""mustache,"""	"""mustache,"""	"""hat,mustache,"""	"""3"""	"""hat,mustache,"""
"What is he talking about? (1-2 mins)"	"Short and fun! A 1-2 minute word game about what someone is talking about."	"experiment, psychology, game"	"$0.25"	"Fri Apr 03 03:04:47 EDT 2015"	"450"	"0"	"0"	"450"	"Reviewable"	"NotReviewed"	"1 scales"	"600"	"60000"	"Fri Apr 10 03:04:47 EDT 2015"	"S93558"	"Approved"	""	"""snowman"""	"""scarf"""	"[""hat"",null]"	"[""right""]"	"[""left"",""middle1""]"	"0"	"-1"	"1"	"0"	"0"	"11"	"0"	"0"	"-1"	"-1"	"-1"	"""TRUE"""	"""distractor1"""	"""FALSE"""	"-1"	"-1"	"-1"	"-1"	"-1"	"-1"	"""About deciding who Bob was talking about."""	"""N/A"""	"""22"""	"""male"""	"1"	"0"	"0"	"1"	"2"	"""5"""	"-1"	""""""	"""hat,scarf,"""	"""scarf,"""	""""""	"""0"""	""""""
"What is he talking about? (1-2 mins)"	"Short and fun! A 1-2 minute word game about what someone is talking about."	"experiment, psychology, game"	"$0.25"	"Fri Apr 03 03:04:47 EDT 2015"	"450"	"0"	"0"	"450"	"Reviewable"	"NotReviewed"	"1 scales"	"600"	"60000"	"Fri Apr 10 03:04:47 EDT 2015"	"S75070"	"Approved"	""	"""Christmas tree"""	"""lights"""	"[""star"",""ornaments"",null]"	"[""left"",""right""]"	"[""middle1"",null]"	"0"	"-1"	"2"	"0"	"0"	"11"	"0"	"0"	"-1"	"-1"	"-1"	"""TRUE"""	"""target"""	"""TRUE"""	"-1"	"-1"	"-1"	"-1"	"-1"	"-1"	"""A guy named Bob who buys & trims Christmas trees"""	"""Nothing in particulat!"""	"""19"""	"""m"""	"4"	"0"	"1"	"0"	"2"	"""5"""	"-1"	"""lights,"""	"""lights,ornaments,star,"""	"""lights,ornaments,"""	""""""	"""2"""	"""lights,ornaments,"""
"What is he talking about? (1-2 mins)"	"Short and fun! A 1-2 minute word game about what someone is talking about."	"experiment, psychology, game"	"$0.25"	"Fri Apr 03 03:04:47 EDT 2015"	"450"	"0"	"0"	"450"	"Reviewable"	"NotReviewed"	"1 scales"	"600"	"60000"	"Fri Apr 10 03:04:47 EDT 2015"	"S52493"	"Approved"	""	"""Christmas tree"""	"undefined"	"[""ornaments"",""lights"",null]"	"[""left""]"	"[""middle1"",""right""]"	"0"	"-1"	"2"	"0"	"0"	"11"	"0"	"0"	"-1"	"-1"	"-1"	"""TRUE"""	"""distractor1"""	"""FALSE"""	"-1"	"-1"	"-1"	"-1"	"-1"	"-1"	"""I have no idea... About judgement on appearance?"""	"""None"""	"""23"""	"""M"""	"1"	"0"	"1"	"0"	"2"	"""5"""	"-1"	""""""	"""lights,"""	"""lights,ornaments,"""	""""""	"""1"""	"""lights,"""
"What is he talking about? (1-2 mins)"	"Short and fun! A 1-2 minute word game about what someone is talking about."	"experiment, psychology, game"	"$0.25"	"Fri Apr 03 03:04:47 EDT 2015"	"450"	"0"	"0"	"450"	"Reviewable"	"NotReviewed"	"1 scales"	"600"	"60000"	"Fri Apr 10 03:04:47 EDT 2015"	"S91831"	"Approved"	""	"""boat"""	"""sail"""	"[""cabin"",null,null]"	"[""right""]"	"[""middle1"",""left"",""middle2""]"	"0"	"-1"	"1"	"0"	"0"	"11"	"0"	"0"	"-1"	"-1"	"-1"	"""TRUE"""	"""distractor3"""	"""FALSE"""	"-1"	"-1"	"-1"	"-1"	"-1"	"-1"	"""Boats"""	"""none"""	"""35"""	"""m"""	"2"	"0"	"2"	"0"	"1"	"""5"""	"-1"	""""""	""""""	"""cabin,sail,"""	"""sail,"""	"""2"""	"""cabin,sail,"""
"What is he talking about? (1-2 mins)"	"Short and fun! A 1-2 minute word game about what someone is talking about."	"experiment, psychology, game"	"$0.25"	"Fri Apr 03 03:04:47 EDT 2015"	"450"	"0"	"0"	"450"	"Reviewable"	"NotReviewed"	"1 scales"	"600"	"60000"	"Fri Apr 10 03:04:47 EDT 2015"	"S45334"	"Approved"	""	"""boat"""	"""flag"""	"[""sail"",""cabin""]"	"[""middle2""]"	"[""middle1"",""left"",""right""]"	"0"	"-1"	"1"	"0"	"0"	"11"	"0"	"0"	"-1"	"-1"	"-1"	"""TRUE"""	"""distractor3"""	"""FALSE"""	"-1"	"-1"	"-1"	"-1"	"-1"	"-1"	"""Bob likes sailboats and maybe Christmas trees."""	"""None"""	"""41"""	"""f"""	"8"	"0"	"1"	"2"	"0"	"""5"""	"-1"	"""cabin,motor,"""	"""cabin,motor,"""	"""cabin,motor,flag,"""	"""cabin,sail,motor,flag,"""	"""3"""	"""cabin,sail,motor,flag,"""
"What is he talking about? (1-2 mins)"	"Short and fun! A 1-2 minute word game about what someone is talking about."	"experiment, psychology, game"	"$0.25"	"Fri Apr 03 03:04:47 EDT 2015"	"450"	"0"	"0"	"450"	"Reviewable"	"NotReviewed"	"1 scales"	"600"	"60000"	"Fri Apr 10 03:04:47 EDT 2015"	"S12749"	"Approved"	""	"""boat"""	"undefined"	"[""cabin"",""sail"",null]"	"[""right""]"	"[""middle1"",""left""]"	"0"	"-1"	"2"	"0"	"0"	"11"	"0"	"0"	"-1"	"-1"	"-1"	"""TRUE"""	"""distractor2"""	"""FALSE"""	"-1"	"-1"	"-1"	"-1"	"-1"	"-1"	"""How we interpret uninterpretable speech"""	"""Nope!"""	"""25"""	"""f"""	"2"	"0"	"1"	"2"	"0"	"""5"""	"-1"	"""sail,"""	""""""	"""cabin,sail,"""	""""""	"""0"""	"""sail,"""
"What is he talking about? (1-2 mins)"	"Short and fun! A 1-2 minute word game about what someone is talking about."	"experiment, psychology, game"	"$0.25"	"Fri Apr 03 03:04:47 EDT 2015"	"450"	"0"	"0"	"450"	"Reviewable"	"NotReviewed"	"1 scales"	"600"	"60000"	"Fri Apr 10 03:04:47 EDT 2015"	"S84133"	"Approved"	""	"""sundae"""	"undefined"	"[""cherry"",""whipped cream"",null]"	"[""left"",""right""]"	"[null,null]"	"0"	"-1"	"2"	"0"	"0"	"11"	"0"	"0"	"-1"	"-1"	"-1"	"""TRUE"""	"""target"""	"""TRUE"""	"-1"	"-1"	"-1"	"-1"	"-1"	"-1"	"""sundaes"""	""""""	"""28"""	"""f"""	"0"	"0"	"1"	"2"	"0"	"""5"""	"-1"	"""whipped cream,"""	"""cherry,whipped cream,"""	""""""	""""""	"""1"""	"""cherry,whipped cream,"""
"What is he talking about? (1-2 mins)"	"Short and fun! A 1-2 minute word game about what someone is talking about."	"experiment, psychology, game"	"$0.25"	"Fri Apr 03 03:04:47 EDT 2015"	"450"	"0"	"0"	"450"	"Reviewable"	"NotReviewed"	"1 scales"	"600"	"60000"	"Fri Apr 10 03:04:47 EDT 2015"	"S46105"	"Approved"	""	"""pizza"""	"undefined"	"[""mushrooms"",""olives"",null]"	"[""middle1"",""left""]"	"[""middle2"",""right""]"	"0"	"-1"	"2"	"0"	"0"	"11"	"0"	"0"	"-1"	"-1"	"-1"	"""TRUE"""	"""distractor1"""	"""FALSE"""	"-1"	"-1"	"-1"	"-1"	"-1"	"-1"	"""Guessing what someone is communicating about"""	"""I don't get the reference to trimming the Christmas tree"""	"""50"""	"""F"""	"2"	"0"	"0"	"2"	"1"	"""5"""	"-1"	""""""	""""""	"""olives,"""	"""mushrooms,olives,"""	"""2"""	"""olives,"""
"What is he talking about? (1-2 mins)"	"Short and fun! A 1-2 minute word game about what someone is talking about."	"experiment, psychology, game"	"$0.25"	"Fri Apr 03 03:04:47 EDT 2015"	"450"	"0"	"0"	"450"	"Reviewable"	"NotReviewed"	"1 scales"	"600"	"60000"	"Fri Apr 10 03:04:47 EDT 2015"	"S37045"	"Approved"	""	"""Christmas tree"""	"""ornaments"""	"[""lights"",null,null]"	"[""left""]"	"[""right"",null]"	"0"	"-1"	"1"	"0"	"0"	"11"	"0"	"0"	"-1"	"-1"	"-1"	"""TRUE"""	"""distractor1"""	"""FALSE"""	"-1"	"-1"	"-1"	"-1"	"-1"	"-1"	"""Christmas trees that Bob trimmed."""	"""None"""	"""24"""	"""f"""	"0"	"0"	"2"	"0"	"1"	"""5"""	"-1"	"""lights,ornaments,"""	"""ornaments,"""	""""""	""""""	"""1"""	"""ornaments,"""
"What is he talking about? (1-2 mins)"	"Short and fun! A 1-2 minute word game about what someone is talking about."	"experiment, psychology, game"	"$0.25"	"Fri Apr 03 03:04:47 EDT 2015"	"450"	"0"	"0"	"450"	"Reviewable"	"NotReviewed"	"1 scales"	"600"	"60000"	"Fri Apr 10 03:04:47 EDT 2015"	"S91860"	"Approved"	""	"""boat"""	"""sail"""	"[""motor"",""cabin""]"	"[null]"	"[""left"",""right"",null]"	"0"	"-1"	"1"	"0"	"0"	"11"	"0"	"0"	"-1"	"-1"	"-1"	"""TRUE"""	"""distractor2"""	"""FALSE"""	"-1"	"-1"	"-1"	"-1"	"-1"	"-1"	"""Boats"""	"""Why it randomly said Christmas trees is beyond me..."""	"""32"""	"""m"""	"3"	"0"	"2"	"0"	"1"	"""5"""	"-1"	"""cabin,sail,"""	"""cabin,sail,motor,"""	""""""	""""""	"""1"""	"""cabin,sail,motor,"""
"What is he talking about? (1-2 mins)"	"Short and fun! A 1-2 minute word game about what someone is talking about."	"experiment, psychology, game"	"$0.25"	"Fri Apr 03 03:04:47 EDT 2015"	"450"	"0"	"0"	"450"	"Reviewable"	"NotReviewed"	"1 scales"	"600"	"60000"	"Fri Apr 10 03:04:47 EDT 2015"	"S68528"	"Approved"	""	"""Christmas tree"""	"""star"""	"[""lights"",""presents"",""ornaments""]"	"[""left""]"	"[""right"",null]"	"0"	"-1"	"2"	"0"	"0"	"11"	"0"	"0"	"-1"	"-1"	"-1"	"""TRUE"""	"""distractor1"""	"""FALSE"""	"-1"	"-1"	"-1"	"-1"	"-1"	"-1"	"""Christmas trees"""	""""""	"""33"""	"""F"""	"6"	"0"	"0"	"2"	"1"	"""5"""	"-1"	"""ornaments,star,presents,"""	"""lights,ornaments,star,presents,"""	""""""	""""""	"""1"""	"""lights,ornaments,star,presents,"""
"What is he talking about? (1-2 mins)"	"Short and fun! A 1-2 minute word game about what someone is talking about."	"experiment, psychology, game"	"$0.25"	"Fri Apr 03 03:04:47 EDT 2015"	"450"	"0"	"0"	"450"	"Reviewable"	"NotReviewed"	"1 scales"	"600"	"60000"	"Fri Apr 10 03:04:47 EDT 2015"	"S62500"	"Approved"	""	"""friend"""	"""hat"""	"[""glasses"",null]"	"[null]"	"[""left"",""right"",null]"	"0"	"-1"	"1"	"0"	"0"	"11"	"0"	"0"	"-1"	"-1"	"-1"	"""TRUE"""	"""distractor1"""	"""FALSE"""	"-1"	"-1"	"-1"	"-1"	"-1"	"-1"	"""Bob's friends."""	"""None"""	"""21"""	"""m"""	"0"	"0"	"2"	"1"	"0"	"""5"""	"-1"	"""hat,"""	"""hat,glasses,"""	""""""	""""""	"""0"""	"""hat,"""
"What is he talking about? (1-2 mins)"	"Short and fun! A 1-2 minute word game about what someone is talking about."	"experiment, psychology, game"	"$0.25"	"Fri Apr 03 03:04:47 EDT 2015"	"450"	"0"	"0"	"450"	"Reviewable"	"NotReviewed"	"1 scales"	"600"	"60000"	"Fri Apr 10 03:04:47 EDT 2015"	"S66606"	"Approved"	""	"""sundae"""	"""sprinkles"""	"[""cherry"",""chocolate"",""whipped cream""]"	"[""right""]"	"[""left"",null]"	"0"	"-1"	"2"	"0"	"0"	"11"	"0"	"0"	"-1"	"-1"	"-1"	"""TRUE"""	"""distractor1"""	"""FALSE"""	"-1"	"-1"	"-1"	"-1"	"-1"	"-1"	"""Inferring what someone means based on personality."""	"""He probably wasn't talking about a sundae."""	"""22"""	"""m"""	"6"	"0"	"0"	"1"	"2"	"""5"""	"-1"	"""cherry,whipped cream,chocolate,sprinkles,"""	"""whipped cream,chocolate,sprinkles,"""	""""""	""""""	"""0"""	"""cherry,whipped cream,chocolate,sprinkles,"""
"What is he talking about? (1-2 mins)"	"Short and fun! A 1-2 minute word game about what someone is talking about."	"experiment, psychology, game"	"$0.25"	"Fri Apr 03 03:04:47 EDT 2015"	"450"	"0"	"0"	"450"	"Reviewable"	"NotReviewed"	"1 scales"	"600"	"60000"	"Fri Apr 10 03:04:47 EDT 2015"	"S16202"	"Approved"	""	"""snowman"""	"undefined"	"[""hat"",""scarf"",null]"	"[""right""]"	"[""left"",null]"	"0"	"-1"	"2"	"0"	"0"	"11"	"0"	"0"	"-1"	"-1"	"-1"	"""TRUE"""	"""target"""	"""TRUE"""	"-1"	"-1"	"-1"	"-1"	"-1"	"-1"	"""I don't have a clue"""	"""Thanks"""	"""28"""	"""f"""	"0"	"0"	"0"	"2"	"1"	"""5"""	"-1"	"""hat,scarf,"""	"""scarf,"""	""""""	""""""	"""1"""	"""scarf,"""
"What is he talking about? (1-2 mins)"	"Short and fun! A 1-2 minute word game about what someone is talking about."	"experiment, psychology, game"	"$0.25"	"Fri Apr 03 03:04:47 EDT 2015"	"450"	"0"	"0"	"450"	"Reviewable"	"NotReviewed"	"1 scales"	"600"	"60000"	"Fri Apr 10 03:04:47 EDT 2015"	"S04073"	"Approved"	""	"""friend"""	"""glasses"""	"[""hat"",null,null]"	"[null]"	"[""left"",""right"",null]"	"0"	"-1"	"1"	"0"	"0"	"11"	"0"	"0"	"-1"	"-1"	"-1"	"""TRUE"""	"""distractor2"""	"""FALSE"""	"-1"	"-1"	"-1"	"-1"	"-1"	"-1"	"""I have no idea"""	""""""	"""30"""	"""f"""	"0"	"0"	"1"	"2"	"0"	"""5"""	"-1"	"""glasses,"""	"""hat,glasses,"""	""""""	""""""	"""1"""	"""hat,glasses,"""
"What is he talking about? (1-2 mins)"	"Short and fun! A 1-2 minute word game about what someone is talking about."	"experiment, psychology, game"	"$0.25"	"Fri Apr 03 03:04:47 EDT 2015"	"450"	"0"	"0"	"450"	"Reviewable"	"NotReviewed"	"1 scales"	"600"	"60000"	"Fri Apr 10 03:04:47 EDT 2015"	"S41808"	"Approved"	""	"""boat"""	"""cabin"""	"[""sail"",""motor"",""flag""]"	"[""right"",""middle1""]"	"[""left"",""middle2""]"	"0"	"-1"	"2"	"0"	"0"	"11"	"0"	"0"	"-1"	"-1"	"-1"	"""TRUE"""	"""target"""	"""TRUE"""	"-1"	"-1"	"-1"	"-1"	"-1"	"-1"	"""Picking the boat Bob was talking about."""	""""""	"""23"""	"""m"""	"8"	"0"	"0"	"1"	"2"	"""5"""	"-1"	"""cabin,motor,flag,"""	"""cabin,flag,"""	"""cabin,sail,motor,flag,"""	"""cabin,flag,"""	"""1"""	"""cabin,flag,"""
"What is he talking about? (1-2 mins)"	"Short and fun! A 1-2 minute word game about what someone is talking about."	"experiment, psychology, game"	"$0.25"	"Fri Apr 03 03:04:47 EDT 2015"	"450"	"0"	"0"	"450"	"Reviewable"	"NotReviewed"	"1 scales"	"600"	"60000"	"Fri Apr 10 03:04:47 EDT 2015"	"S32443"	"Approved"	""	"""sundae"""	"undefined"	"[""cherry"",""whipped cream""]"	"[""right""]"	"[""left"",null]"	"0"	"-1"	"2"	"0"	"0"	"11"	"0"	"0"	"-1"	"-1"	"-1"	"""TRUE"""	"""distractor1"""	"""FALSE"""	"-1"	"-1"	"-1"	"-1"	"-1"	"-1"	"""sundaes and christmas trees"""	"""none"""	"""25"""	"""m"""	"0"	"0"	"1"	"0"	"2"	"""5"""	"-1"	"""cherry,whipped cream,"""	"""whipped cream,"""	""""""	""""""	"""0"""	"""cherry,whipped cream,"""
"What is he talking about? (1-2 mins)"	"Short and fun! A 1-2 minute word game about what someone is talking about."	"experiment, psychology, game"	"$0.25"	"Fri Apr 03 03:04:47 EDT 2015"	"450"	"0"	"0"	"450"	"Reviewable"	"NotReviewed"	"1 scales"	"600"	"60000"	"Fri Apr 10 03:04:47 EDT 2015"	"S24321"	"Approved"	""	"""Christmas tree"""	"undefined"	"[""lights"",""ornaments""]"	"[""left"",""middle2""]"	"[""middle1"",""right""]"	"0"	"-1"	"2"	"0"	"0"	"11"	"0"	"0"	"-1"	"-1"	"-1"	"""TRUE"""	"""distractor2"""	"""FALSE"""	"-1"	"-1"	"-1"	"-1"	"-1"	"-1"	"""No Idea"""	""""""	"""24"""	"""m"""	"2"	"0"	"2"	"1"	"0"	"""5"""	"-1"	""""""	"""ornaments,"""	""""""	"""lights,ornaments,"""	"""3"""	"""lights,ornaments,"""
"What is he talking about? (1-2 mins)"	"Short and fun! A 1-2 minute word game about what someone is talking about."	"experiment, psychology, game"	"$0.25"	"Fri Apr 03 03:04:47 EDT 2015"	"450"	"0"	"0"	"450"	"Reviewable"	"NotReviewed"	"1 scales"	"600"	"60000"	"Fri Apr 10 03:04:47 EDT 2015"	"S53313"	"Approved"	""	"""Christmas tree"""	"""star"""	"[""ornaments"",""lights"",null]"	"[""left"",""right""]"	"[""middle1"",null]"	"0"	"-1"	"2"	"0"	"0"	"11"	"0"	"0"	"-1"	"-1"	"-1"	"""TRUE"""	"""distractor1"""	"""FALSE"""	"-1"	"-1"	"-1"	"-1"	"-1"	"-1"	"""christmas tree"""	"""no"""	"""23"""	"""m"""	"4"	"0"	"1"	"2"	"0"	"""5"""	"-1"	"""star,"""	"""lights,ornaments,star,"""	"""lights,star,"""	""""""	"""1"""	"""lights,ornaments,star,"""
"What is he talking about? (1-2 mins)"	"Short and fun! A 1-2 minute word game about what someone is talking about."	"experiment, psychology, game"	"$0.25"	"Fri Apr 03 03:04:47 EDT 2015"	"450"	"0"	"0"	"450"	"Reviewable"	"NotReviewed"	"1 scales"	"600"	"60000"	"Fri Apr 10 03:04:47 EDT 2015"	"S57352"	"Approved"	""	"""Christmas tree"""	"""star"""	"[""lights"",""ornaments""]"	"[""right""]"	"[""left"",""middle1""]"	"0"	"-1"	"1"	"0"	"0"	"11"	"0"	"0"	"-1"	"-1"	"-1"	"""TRUE"""	"""distractor1"""	"""FALSE"""	"-1"	"-1"	"-1"	"-1"	"-1"	"-1"	"""Ideal tree trimming"""	"""none, thanks"""	"""27"""	"""m"""	"7"	"0"	"0"	"1"	"2"	"""5"""	"-1"	"""ornaments,presents,"""	"""lights,ornaments,star,presents,"""	"""ornaments,star,presents,"""	""""""	"""0"""	"""ornaments,presents,"""
"What is he talking about? (1-2 mins)"	"Short and fun! A 1-2 minute word game about what someone is talking about."	"experiment, psychology, game"	"$0.25"	"Fri Apr 03 03:04:47 EDT 2015"	"450"	"0"	"0"	"450"	"Reviewable"	"NotReviewed"	"1 scales"	"600"	"60000"	"Fri Apr 10 03:04:47 EDT 2015"	"S85863"	"Approved"	""	"""pizza"""	"""mushrooms"""	"[""olives"",null]"	"[""middle1""]"	"[""left"",""right"",null]"	"0"	"-1"	"1"	"0"	"0"	"11"	"0"	"0"	"-1"	"-1"	"-1"	"""TRUE"""	"""distractor2"""	"""FALSE"""	"-1"	"-1"	"-1"	"-1"	"-1"	"-1"	"""intuiting communication"""	""""""	"""56"""	"""f"""	"1"	"0"	"0"	"2"	"1"	"""5"""	"-1"	""""""	"""mushrooms,olives,"""	"""mushrooms,"""	""""""	"""2"""	"""mushrooms,"""
"What is he talking about? (1-2 mins)"	"Short and fun! A 1-2 minute word game about what someone is talking about."	"experiment, psychology, game"	"$0.25"	"Fri Apr 03 03:04:47 EDT 2015"	"450"	"0"	"0"	"450"	"Reviewable"	"NotReviewed"	"1 scales"	"600"	"60000"	"Fri Apr 10 03:04:47 EDT 2015"	"S99259"	"Approved"	""	"""snowman"""	"""mittens"""	"[""scarf"",""hat"",null]"	"[""middle2""]"	"[""middle1"",""left"",""right""]"	"0"	"-1"	"1"	"0"	"0"	"11"	"0"	"0"	"-1"	"-1"	"-1"	"""TRUE"""	"""distractor2"""	"""FALSE"""	"-1"	"-1"	"-1"	"-1"	"-1"	"-1"	"""Bobm his love for building snowmen, his in ability to communicate and our decision making based on little information"""	"""Survey  presents snowmen, then mentions \""Christmas tree\"" then returns to snowmen"""	"""34"""	"""m"""	"5"	"0"	"0"	"2"	"1"	"""5"""	"-1"	"""hat,"""	"""hat,"""	"""hat,mittens,"""	"""hat,scarf,mittens,"""	"""0"""	"""hat,"""
"What is he talking about? (1-2 mins)"	"Short and fun! A 1-2 minute word game about what someone is talking about."	"experiment, psychology, game"	"$0.25"	"Fri Apr 03 03:04:47 EDT 2015"	"450"	"0"	"0"	"450"	"Reviewable"	"NotReviewed"	"1 scales"	"600"	"60000"	"Fri Apr 10 03:04:47 EDT 2015"	"S05998"	"Approved"	""	"""friend"""	"""hat"""	"[""glasses"",null]"	"[""right""]"	"[""left"",null]"	"0"	"-1"	"1"	"0"	"0"	"11"	"0"	"0"	"-1"	"-1"	"-1"	"""TRUE"""	"""target"""	"""TRUE"""	"-1"	"-1"	"-1"	"-1"	"-1"	"-1"	"""How language influences perception"""	""""""	"""25"""	"""m"""	"0"	"0"	"2"	"1"	"0"	"""5"""	"-1"	"""hat,"""	"""hat,glasses,"""	""""""	""""""	"""1"""	"""hat,glasses,"""
"What is he talking about? (1-2 mins)"	"Short and fun! A 1-2 minute word game about what someone is talking about."	"experiment, psychology, game"	"$0.25"	"Fri Apr 03 03:04:47 EDT 2015"	"450"	"0"	"0"	"450"	"Reviewable"	"NotReviewed"	"1 scales"	"600"	"60000"	"Fri Apr 10 03:04:47 EDT 2015"	"S81817"	"Approved"	""	"""snowman"""	"""mittens"""	"[""belt"",""scarf""]"	"[""right"",""left""]"	"[null,null]"	"0"	"-1"	"2"	"0"	"0"	"11"	"0"	"0"	"-1"	"-1"	"-1"	"""FALSE"""	"""target"""	"""TRUE"""	"-1"	"-1"	"-1"	"-1"	"-1"	"-1"	"""making assumptions based on images and no verbal cues"""	""""""	"""48"""	"""m"""	"6"	"0"	"1"	"0"	"2"	"""5"""	"-1"	"""hat,scarf,mittens,belt,"""	"""hat,scarf,mittens,"""	""""""	""""""	"""1"""	"""hat,scarf,mittens,"""
"What is he talking about? (1-2 mins)"	"Short and fun! A 1-2 minute word game about what someone is talking about."	"experiment, psychology, game"	"$0.25"	"Fri Apr 03 03:04:47 EDT 2015"	"450"	"0"	"0"	"450"	"Reviewable"	"NotReviewed"	"1 scales"	"600"	"60000"	"Fri Apr 10 03:04:47 EDT 2015"	"S67239"	"Approved"	""	"""snowman"""	"""hat"""	"[""scarf"",""belt""]"	"[""middle1"",""left""]"	"[""middle2"",""right""]"	"0"	"-1"	"2"	"0"	"0"	"11"	"0"	"0"	"-1"	"-1"	"-1"	"""TRUE"""	"""distractor2"""	"""FALSE"""	"-1"	"-1"	"-1"	"-1"	"-1"	"-1"	"""Bob likes to decorate snowmen"""	""""""	"""28"""	"""male"""	"8"	"0"	"0"	"2"	"1"	"""5"""	"-1"	"""hat,mittens,"""	"""hat,mittens,"""	"""hat,mittens,belt,"""	"""hat,scarf,mittens,belt,"""	"""3"""	"""hat,scarf,mittens,belt,"""
"What is he talking about? (1-2 mins)"	"Short and fun! A 1-2 minute word game about what someone is talking about."	"experiment, psychology, game"	"$0.25"	"Fri Apr 03 03:04:47 EDT 2015"	"450"	"0"	"0"	"450"	"Reviewable"	"NotReviewed"	"1 scales"	"600"	"60000"	"Fri Apr 10 03:04:47 EDT 2015"	"S65420"	"Approved"	""	"""boat"""	"undefined"	"[""cabin"",""sail""]"	"[""middle1"",""right""]"	"[""left"",null]"	"0"	"-1"	"2"	"0"	"0"	"11"	"0"	"0"	"-1"	"-1"	"-1"	"""TRUE"""	"""distractor1"""	"""FALSE"""	"-1"	"-1"	"-1"	"-1"	"-1"	"-1"	"""choosing between three things based on a word/phrase"""	""""""	"""27"""	"""f"""	"1"	"0"	"1"	"2"	"0"	"""5"""	"-1"	"""cabin,sail,"""	""""""	"""sail,"""	""""""	"""0"""	"""cabin,sail,"""
"What is he talking about? (1-2 mins)"	"Short and fun! A 1-2 minute word game about what someone is talking about."	"experiment, psychology, game"	"$0.25"	"Fri Apr 03 03:04:47 EDT 2015"	"450"	"0"	"0"	"450"	"Reviewable"	"NotReviewed"	"1 scales"	"600"	"60000"	"Fri Apr 10 03:04:47 EDT 2015"	"S34559"	"Approved"	""	"""Christmas tree"""	"""lights"""	"[""ornaments"",null,null]"	"[""left""]"	"[""middle2"",""right""]"	"0"	"-1"	"1"	"0"	"0"	"11"	"0"	"0"	"-1"	"-1"	"-1"	"""TRUE"""	"""distractor1"""	"""FALSE"""	"-1"	"-1"	"-1"	"-1"	"-1"	"-1"	"""Predicting what christmas tree bob was talking about."""	""""""	"""19"""	"""m"""	"2"	"0"	"2"	"0"	"1"	"""5"""	"-1"	""""""	"""lights,ornaments,"""	""""""	"""lights,"""	"""2"""	""""""
"What is he talking about? (1-2 mins)"	"Short and fun! A 1-2 minute word game about what someone is talking about."	"experiment, psychology, game"	"$0.25"	"Fri Apr 03 03:04:47 EDT 2015"	"450"	"0"	"0"	"450"	"Reviewable"	"NotReviewed"	"1 scales"	"600"	"60000"	"Fri Apr 10 03:04:47 EDT 2015"	"S68641"	"Approved"	""	"""Christmas tree"""	"""lights"""	"[""presents"",""ornaments""]"	"[""middle1""]"	"[""left"",""right"",null]"	"0"	"-1"	"1"	"0"	"0"	"11"	"0"	"0"	"-1"	"-1"	"-1"	"""TRUE"""	"""target"""	"""TRUE"""	"-1"	"-1"	"-1"	"-1"	"-1"	"-1"	"""Which christmas tree Bob liked"""	"""None"""	"""25"""	"""m"""	"7"	"0"	"2"	"1"	"0"	"""5"""	"-1"	"""ornaments,star,"""	"""lights,ornaments,star,presents,"""	"""lights,ornaments,star,"""	""""""	"""1"""	"""lights,ornaments,star,presents,"""
"What is he talking about? (1-2 mins)"	"Short and fun! A 1-2 minute word game about what someone is talking about."	"experiment, psychology, game"	"$0.25"	"Fri Apr 03 03:04:47 EDT 2015"	"450"	"0"	"0"	"450"	"Reviewable"	"NotReviewed"	"1 scales"	"600"	"60000"	"Fri Apr 10 03:04:47 EDT 2015"	"S30232"	"Approved"	""	"""Christmas tree"""	"""star"""	"[""lights"",""ornaments""]"	"[""left""]"	"[""right"",""middle2"",""middle1""]"	"0"	"-1"	"1"	"0"	"0"	"11"	"0"	"0"	"-1"	"-1"	"-1"	"""TRUE"""	"""distractor1"""	"""FALSE"""	"-1"	"-1"	"-1"	"-1"	"-1"	"-1"	"""Trimming trees!  How we perceive mumbling and limited information? """	"""Interesting question"""	"""23"""	"""F"""	"5"	"0"	"1"	"0"	"2"	"""5"""	"-1"	"""ornaments,star,"""	"""lights,ornaments,star,"""	"""ornaments,"""	"""ornaments,"""	"""3"""	"""ornaments,"""
"What is he talking about? (1-2 mins)"	"Short and fun! A 1-2 minute word game about what someone is talking about."	"experiment, psychology, game"	"$0.25"	"Fri Apr 03 03:04:47 EDT 2015"	"450"	"0"	"0"	"450"	"Reviewable"	"NotReviewed"	"1 scales"	"600"	"60000"	"Fri Apr 10 03:04:47 EDT 2015"	"S93555"	"Approved"	""	"""friend"""	"undefined"	"[""glasses"",""hat"",null]"	"[""left"",""right""]"	"[null,null]"	"0"	"-1"	"2"	"0"	"0"	"11"	"0"	"0"	"-1"	"-1"	"-1"	"""TRUE"""	"""target"""	"""TRUE"""	"-1"	"-1"	"-1"	"-1"	"-1"	"-1"	"""Guessing what someone was saying"""	""""""	"""23"""	"""M"""	"0"	"0"	"2"	"1"	"0"	"""5"""	"-1"	"""hat,"""	"""hat,glasses,"""	""""""	""""""	"""1"""	"""hat,glasses,"""
"What is he talking about? (1-2 mins)"	"Short and fun! A 1-2 minute word game about what someone is talking about."	"experiment, psychology, game"	"$0.25"	"Fri Apr 03 03:04:47 EDT 2015"	"450"	"0"	"0"	"450"	"Reviewable"	"NotReviewed"	"1 scales"	"600"	"60000"	"Fri Apr 10 03:04:47 EDT 2015"	"S58838"	"Approved"	""	"""snowman"""	"undefined"	"[""hat"",""scarf"",null]"	"[""middle2"",""middle1""]"	"[""left"",""right""]"	"0"	"-1"	"2"	"0"	"0"	"11"	"0"	"0"	"-1"	"-1"	"-1"	"""TRUE"""	"""distractor1"""	"""FALSE"""	"-1"	"-1"	"-1"	"-1"	"-1"	"-1"	"""Word meanings."""	""""""	"""47"""	"""m"""	"2"	"0"	"1"	"2"	"0"	"""5"""	"-1"	"""scarf,"""	""""""	""""""	"""hat,scarf,"""	"""0"""	"""scarf,"""
"What is he talking about? (1-2 mins)"	"Short and fun! A 1-2 minute word game about what someone is talking about."	"experiment, psychology, game"	"$0.25"	"Fri Apr 03 03:04:47 EDT 2015"	"450"	"0"	"0"	"450"	"Reviewable"	"NotReviewed"	"1 scales"	"600"	"60000"	"Fri Apr 10 03:04:47 EDT 2015"	"S46597"	"Approved"	""	"""boat"""	"""cabin"""	"[""sail"",""motor"",""flag""]"	"[""right""]"	"[""middle2"",""middle1"",""left""]"	"0"	"-1"	"1"	"0"	"0"	"11"	"0"	"0"	"-1"	"-1"	"-1"	"""TRUE"""	"""distractor3"""	"""FALSE"""	"-1"	"-1"	"-1"	"-1"	"-1"	"-1"	"""boats and christmas trees"""	""""""	"""22"""	"""m"""	"8"	"0"	"1"	"0"	"2"	"""5"""	"-1"	"""cabin,sail,motor,flag,"""	"""motor,flag,"""	"""motor,flag,"""	"""cabin,motor,flag,"""	"""0"""	"""cabin,sail,motor,flag,"""
"What is he talking about? (1-2 mins)"	"Short and fun! A 1-2 minute word game about what someone is talking about."	"experiment, psychology, game"	"$0.25"	"Fri Apr 03 03:04:47 EDT 2015"	"450"	"0"	"0"	"450"	"Reviewable"	"NotReviewed"	"1 scales"	"600"	"60000"	"Fri Apr 10 03:04:47 EDT 2015"	"S66044"	"Approved"	""	"""sundae"""	"""chocolate"""	"[""cherry"",""sprinkles""]"	"[null]"	"[""left"",""right"",null]"	"0"	"-1"	"1"	"0"	"0"	"11"	"0"	"0"	"-1"	"-1"	"-1"	"""TRUE"""	"""distractor2"""	"""FALSE"""	"-1"	"-1"	"-1"	"-1"	"-1"	"-1"	"""What sundae ate"""	"""I guess B cause there was a cherry and couldv'e made him mumble a bit as he may have been chewing it"""	"""26"""	"""M"""	"6"	"0"	"1"	"2"	"0"	"""5"""	"-1"	"""whipped cream,chocolate,sprinkles,"""	"""cherry,whipped cream,chocolate,sprinkles,"""	""""""	""""""	"""1"""	"""cherry,whipped cream,chocolate,sprinkles,"""
"What is he talking about? (1-2 mins)"	"Short and fun! A 1-2 minute word game about what someone is talking about."	"experiment, psychology, game"	"$0.25"	"Fri Apr 03 03:04:47 EDT 2015"	"450"	"0"	"0"	"450"	"Reviewable"	"NotReviewed"	"1 scales"	"600"	"60000"	"Fri Apr 10 03:04:47 EDT 2015"	"S13875"	"Approved"	""	"""boat"""	"""sail"""	"[""motor"",""cabin""]"	"[""left""]"	"[""middle2"",""right""]"	"0"	"-1"	"1"	"0"	"0"	"11"	"0"	"0"	"-1"	"-1"	"-1"	"""TRUE"""	"""distractor2"""	"""FALSE"""	"-1"	"-1"	"-1"	"-1"	"-1"	"-1"	"""Sailboats and Christmas tree trimming."""	"""Fantastic HIT ;)"""	"""22"""	"""m"""	"5"	"0"	"0"	"2"	"1"	"""5"""	"-1"	"""cabin,"""	"""cabin,sail,motor,"""	"""cabin,"""	"""cabin,sail,"""	"""3"""	"""cabin,sail,"""
"What is he talking about? (1-2 mins)"	"Short and fun! A 1-2 minute word game about what someone is talking about."	"experiment, psychology, game"	"$0.25"	"Fri Apr 03 03:04:47 EDT 2015"	"450"	"0"	"0"	"450"	"Reviewable"	"NotReviewed"	"1 scales"	"600"	"60000"	"Fri Apr 10 03:04:47 EDT 2015"	"S74373"	"Approved"	""	"""sundae"""	"""chocolate"""	"[""whipped cream"",""cherry"",null]"	"[null]"	"[""right"",""left"",null]"	"0"	"-1"	"1"	"0"	"0"	"11"	"0"	"0"	"-1"	"-1"	"-1"	"""TRUE"""	"""distractor1"""	"""FALSE"""	"-1"	"-1"	"-1"	"-1"	"-1"	"-1"	"""decisions"""	"""ty"""	"""23"""	"""m"""	"3"	"0"	"2"	"0"	"1"	"""5"""	"-1"	"""cherry,whipped cream,chocolate,"""	"""cherry,chocolate,"""	""""""	""""""	"""1"""	"""cherry,chocolate,"""
"What is he talking about? (1-2 mins)"	"Short and fun! A 1-2 minute word game about what someone is talking about."	"experiment, psychology, game"	"$0.25"	"Fri Apr 03 03:04:47 EDT 2015"	"450"	"0"	"0"	"450"	"Reviewable"	"NotReviewed"	"1 scales"	"600"	"60000"	"Fri Apr 10 03:04:47 EDT 2015"	"S31766"	"Approved"	""	"""friend"""	"undefined"	"[""hat"",""glasses""]"	"[""left"",""right""]"	"[""middle2"",""middle1""]"	"0"	"-1"	"2"	"0"	"0"	"11"	"0"	"0"	"-1"	"-1"	"-1"	"""TRUE"""	"""distractor2"""	"""FALSE"""	"-1"	"-1"	"-1"	"-1"	"-1"	"-1"	"""associate pictures with words"""	"""no"""	"""38"""	"""m"""	"2"	"0"	"2"	"1"	"0"	"""5"""	"-1"	""""""	"""hat,glasses,"""	"""glasses,"""	""""""	"""1"""	"""hat,glasses,"""
"What is he talking about? (1-2 mins)"	"Short and fun! A 1-2 minute word game about what someone is talking about."	"experiment, psychology, game"	"$0.25"	"Fri Apr 03 03:04:47 EDT 2015"	"450"	"0"	"0"	"450"	"Reviewable"	"NotReviewed"	"1 scales"	"600"	"60000"	"Fri Apr 10 03:04:47 EDT 2015"	"S07994"	"Approved"	""	"""friend"""	"""hat"""	"[""glasses"",""mustache""]"	"[""middle1""]"	"[""middle2"",""right""]"	"0"	"-1"	"1"	"0"	"0"	"11"	"0"	"0"	"-1"	"-1"	"-1"	"""TRUE"""	"""distractor3"""	"""FALSE"""	"-1"	"-1"	"-1"	"-1"	"-1"	"-1"	"""About what Bob said and which friend he said it to"""	""""""	"""26"""	"""female"""	"5"	"0"	"0"	"2"	"1"	"""5"""	"-1"	"""hat,glasses,mustache,"""	"""mustache,"""	"""mustache,"""	"""hat,mustache,"""	"""0"""	"""hat,glasses,mustache,"""
"What is he talking about? (1-2 mins)"	"Short and fun! A 1-2 minute word game about what someone is talking about."	"experiment, psychology, game"	"$0.25"	"Fri Apr 03 03:04:47 EDT 2015"	"450"	"0"	"0"	"450"	"Reviewable"	"NotReviewed"	"1 scales"	"600"	"60000"	"Fri Apr 10 03:04:47 EDT 2015"	"S78968"	"Approved"	""	"""sundae"""	"undefined"	"[""cherry"",""whipped cream"",null]"	"[""left"",""middle1""]"	"[""right"",null]"	"0"	"-1"	"2"	"0"	"0"	"11"	"0"	"0"	"-1"	"-1"	"-1"	"""TRUE"""	"""target"""	"""TRUE"""	"-1"	"-1"	"-1"	"-1"	"-1"	"-1"	"""Christmas Trees and ice cream"""	""""""	"""23"""	"""m"""	"1"	"0"	"1"	"2"	"0"	"""5"""	"-1"	""""""	"""whipped cream,"""	"""cherry,whipped cream,"""	""""""	"""1"""	"""whipped cream,"""
"What is he talking about? (1-2 mins)"	"Short and fun! A 1-2 minute word game about what someone is talking about."	"experiment, psychology, game"	"$0.25"	"Fri Apr 03 03:04:47 EDT 2015"	"450"	"0"	"0"	"450"	"Reviewable"	"NotReviewed"	"1 scales"	"600"	"60000"	"Fri Apr 10 03:04:47 EDT 2015"	"S71897"	"Approved"	""	"""friend"""	"""glasses"""	"[""mustache"",""bowtie"",""hat""]"	"[""right""]"	"[""left"",null]"	"0"	"-1"	"1"	"0"	"0"	"11"	"0"	"0"	"-1"	"-1"	"-1"	"""TRUE"""	"""distractor1"""	"""FALSE"""	"-1"	"-1"	"-1"	"-1"	"-1"	"-1"	"""his friends"""	"""no"""	"""22"""	"""m"""	"6"	"0"	"2"	"1"	"0"	"""5"""	"-1"	"""hat,glasses,bowtie,"""	"""hat,glasses,mustache,bowtie,"""	""""""	""""""	"""0"""	"""hat,glasses,bowtie,"""
"What is he talking about? (1-2 mins)"	"Short and fun! A 1-2 minute word game about what someone is talking about."	"experiment, psychology, game"	"$0.25"	"Fri Apr 03 03:04:47 EDT 2015"	"450"	"0"	"0"	"450"	"Reviewable"	"NotReviewed"	"1 scales"	"600"	"60000"	"Fri Apr 10 03:04:47 EDT 2015"	"S07806"	"Approved"	""	"""Christmas tree"""	"""star"""	"[""ornaments"",""lights"",null]"	"[""middle1"",""right""]"	"[""left"",null]"	"0"	"-1"	"2"	"0"	"0"	"11"	"0"	"0"	"-1"	"-1"	"-1"	"""TRUE"""	"""target"""	"""TRUE"""	"-1"	"-1"	"-1"	"-1"	"-1"	"-1"	"""Selecting a tree for Bob to trim (guessing what Bob is like based on his picture)."""	""""""	"""43"""	"""m"""	"4"	"0"	"0"	"2"	"1"	"""5"""	"-1"	"""lights,ornaments,star,"""	"""star,"""	"""lights,star,"""	""""""	"""1"""	"""star,"""
"What is he talking about? (1-2 mins)"	"Short and fun! A 1-2 minute word game about what someone is talking about."	"experiment, psychology, game"	"$0.25"	"Fri Apr 03 03:04:47 EDT 2015"	"450"	"0"	"0"	"450"	"Reviewable"	"NotReviewed"	"1 scales"	"600"	"60000"	"Fri Apr 10 03:04:47 EDT 2015"	"S32810"	"Approved"	""	"""boat"""	"""cabin"""	"[""sail"",null]"	"[""left""]"	"[""middle1"",""right"",""middle2""]"	"0"	"-1"	"1"	"0"	"0"	"11"	"0"	"0"	"-1"	"-1"	"-1"	"""TRUE"""	"""distractor3"""	"""FALSE"""	"-1"	"-1"	"-1"	"-1"	"-1"	"-1"	"""reading comprehension"""	"""no"""	"""47"""	"""f"""	"2"	"0"	"1"	"2"	"0"	"""5"""	"-1"	"""cabin,"""	""""""	"""cabin,sail,"""	""""""	"""2"""	"""cabin,sail,"""
"What is he talking about? (1-2 mins)"	"Short and fun! A 1-2 minute word game about what someone is talking about."	"experiment, psychology, game"	"$0.25"	"Fri Apr 03 03:04:47 EDT 2015"	"450"	"0"	"0"	"450"	"Reviewable"	"NotReviewed"	"1 scales"	"600"	"60000"	"Fri Apr 10 03:04:47 EDT 2015"	"S74009"	"Approved"	""	"""snowman"""	"""hat"""	"[""scarf"",""mittens""]"	"[""right""]"	"[""middle2"",""middle1""]"	"0"	"-1"	"1"	"0"	"0"	"11"	"0"	"0"	"-1"	"-1"	"-1"	"""TRUE"""	"""distractor2"""	"""FALSE"""	"-1"	"-1"	"-1"	"-1"	"-1"	"-1"	"""couldn't possibly venture an accurate guess"""	"""just wondering what the Christmas tree reference was about considering the topic was snowmen"""	"""42"""	"""f"""	"5"	"0"	"2"	"0"	"1"	"""5"""	"-1"	"""hat,scarf,mittens,"""	"""hat,mittens,"""	"""mittens,"""	"""mittens,"""	"""1"""	"""hat,mittens,"""
"What is he talking about? (1-2 mins)"	"Short and fun! A 1-2 minute word game about what someone is talking about."	"experiment, psychology, game"	"$0.25"	"Fri Apr 03 03:04:47 EDT 2015"	"450"	"0"	"0"	"450"	"Reviewable"	"NotReviewed"	"1 scales"	"600"	"60000"	"Fri Apr 10 03:04:47 EDT 2015"	"S43438"	"Approved"	""	"""boat"""	"""sail"""	"[""cabin"",""motor"",null]"	"[""middle1""]"	"[""left"",""right""]"	"0"	"-1"	"1"	"0"	"0"	"11"	"0"	"0"	"-1"	"-1"	"-1"	"""TRUE"""	"""distractor2"""	"""FALSE"""	"-1"	"-1"	"-1"	"-1"	"-1"	"-1"	"""Bob, and his inability to tell you what in the world he is talking about"""	""""""	"""20"""	"""female"""	"5"	"0"	"0"	"1"	"2"	"""5"""	"-1"	"""motor,"""	"""motor,"""	"""cabin,sail,motor,"""	"""sail,motor,"""	"""3"""	"""sail,motor,"""
"What is he talking about? (1-2 mins)"	"Short and fun! A 1-2 minute word game about what someone is talking about."	"experiment, psychology, game"	"$0.25"	"Fri Apr 03 03:04:47 EDT 2015"	"450"	"0"	"0"	"450"	"Reviewable"	"NotReviewed"	"1 scales"	"600"	"60000"	"Fri Apr 10 03:04:47 EDT 2015"	"S86591"	"Approved"	""	"""snowman"""	"undefined"	"[""scarf"",""hat""]"	"[""right"",""middle1""]"	"[""left"",null]"	"0"	"-1"	"2"	"0"	"0"	"11"	"0"	"0"	"-1"	"-1"	"-1"	"""TRUE"""	"""distractor1"""	"""FALSE"""	"-1"	"-1"	"-1"	"-1"	"-1"	"-1"	"""Bob the crazy snowman guy and a tree maybe?"""	"""Nope"""	"""33"""	"""m"""	"1"	"0"	"0"	"1"	"2"	"""5"""	"-1"	"""hat,scarf,"""	"""hat,"""	""""""	""""""	"""0"""	"""hat,scarf,"""
"What is he talking about? (1-2 mins)"	"Short and fun! A 1-2 minute word game about what someone is talking about."	"experiment, psychology, game"	"$0.25"	"Fri Apr 03 03:04:47 EDT 2015"	"450"	"0"	"0"	"450"	"Reviewable"	"NotReviewed"	"1 scales"	"600"	"60000"	"Fri Apr 10 03:04:47 EDT 2015"	"S82820"	"Approved"	""	"""pizza"""	"""sausage"""	"[""peppers"",""olives"",""mushrooms""]"	"[""left""]"	"[""right"",""middle1""]"	"0"	"-1"	"2"	"0"	"0"	"11"	"0"	"0"	"-1"	"-1"	"-1"	"""TRUE"""	"""distractor2"""	"""FALSE"""	"-1"	"-1"	"-1"	"-1"	"-1"	"-1"	"""I have no clue."""	"""N/A"""	"""39"""	"""M"""	"8"	"0"	"2"	"1"	"0"	"""5"""	"-1"	"""mushrooms,sausage,"""	"""mushrooms,olives,sausage,"""	"""mushrooms,olives,peppers,sausage,"""	"""mushrooms,sausage,"""	"""1"""	"""mushrooms,olives,sausage,"""
"What is he talking about? (1-2 mins)"	"Short and fun! A 1-2 minute word game about what someone is talking about."	"experiment, psychology, game"	"$0.25"	"Fri Apr 03 03:04:47 EDT 2015"	"450"	"0"	"0"	"450"	"Reviewable"	"NotReviewed"	"1 scales"	"600"	"60000"	"Fri Apr 10 03:04:47 EDT 2015"	"S03681"	"Approved"	""	"""sundae"""	"""whipped cream"""	"[""cherry"",null,null]"	"[""right""]"	"[""left"",null]"	"0"	"-1"	"1"	"0"	"0"	"11"	"0"	"0"	"-1"	"-1"	"-1"	"""TRUE"""	"""target"""	"""TRUE"""	"-1"	"-1"	"-1"	"-1"	"-1"	"-1"	"""i have no idea"""	"""so weird"""	"""24"""	"""f"""	"0"	"0"	"1"	"2"	"0"	"""5"""	"-1"	"""whipped cream,"""	"""cherry,whipped cream,"""	""""""	""""""	"""1"""	"""cherry,whipped cream,"""
"What is he talking about? (1-2 mins)"	"Short and fun! A 1-2 minute word game about what someone is talking about."	"experiment, psychology, game"	"$0.25"	"Fri Apr 03 03:04:47 EDT 2015"	"450"	"0"	"0"	"450"	"Reviewable"	"NotReviewed"	"1 scales"	"600"	"60000"	"Fri Apr 10 03:04:47 EDT 2015"	"S07439"	"Approved"	""	"""sundae"""	"""whipped cream"""	"[""cherry"",null]"	"[""middle1""]"	"[""left"",""right""]"	"0"	"-1"	"1"	"0"	"0"	"11"	"0"	"0"	"-1"	"-1"	"-1"	"""FALSE"""	"""distractor2"""	"""FALSE"""	"-1"	"-1"	"-1"	"-1"	"-1"	"-1"	"""Ice Cream"""	""""""	"""25"""	"""F"""	"1"	"0"	"1"	"2"	"0"	"""5"""	"-1"	""""""	"""whipped cream,"""	"""cherry,whipped cream,"""	""""""	"""2"""	"""cherry,whipped cream,"""
"What is he talking about? (1-2 mins)"	"Short and fun! A 1-2 minute word game about what someone is talking about."	"experiment, psychology, game"	"$0.25"	"Fri Apr 03 03:04:47 EDT 2015"	"450"	"0"	"0"	"450"	"Reviewable"	"NotReviewed"	"1 scales"	"600"	"60000"	"Fri Apr 10 03:04:47 EDT 2015"	"S75262"	"Approved"	""	"""pizza"""	"""mushrooms"""	"[""peppers"",""olives"",""sausage""]"	"[""middle1""]"	"[""right"",""left""]"	"0"	"-1"	"1"	"0"	"0"	"11"	"0"	"0"	"-1"	"-1"	"-1"	"""TRUE"""	"""distractor2"""	"""FALSE"""	"-1"	"-1"	"-1"	"-1"	"-1"	"-1"	"""What design people like best?"""	""""""	"""31"""	"""m"""	"7"	"0"	"2"	"0"	"1"	"""5"""	"-1"	"""mushrooms,olives,peppers,sausage,"""	"""mushrooms,olives,sausage,"""	"""olives,sausage,"""	""""""	"""0"""	"""mushrooms,olives,peppers,sausage,"""
"What is he talking about? (1-2 mins)"	"Short and fun! A 1-2 minute word game about what someone is talking about."	"experiment, psychology, game"	"$0.25"	"Fri Apr 03 03:04:47 EDT 2015"	"450"	"0"	"0"	"450"	"Reviewable"	"NotReviewed"	"1 scales"	"600"	"60000"	"Fri Apr 10 03:04:47 EDT 2015"	"S11871"	"Approved"	""	"""pizza"""	"""mushrooms"""	"[""olives"",null,null]"	"[null]"	"[""left"",""right"",null]"	"0"	"-1"	"1"	"0"	"0"	"11"	"0"	"0"	"-1"	"-1"	"-1"	"""TRUE"""	"""distractor2"""	"""FALSE"""	"-1"	"-1"	"-1"	"-1"	"-1"	"-1"	"""Bob's pizza and Christmas tree"""	"""Bob sounds like my son.  :)"""	"""41"""	"""F"""	"0"	"0"	"0"	"2"	"1"	"""5"""	"-1"	"""mushrooms,"""	"""mushrooms,olives,"""	""""""	""""""	"""1"""	"""mushrooms,olives,"""
"What is he talking about? (1-2 mins)"	"Short and fun! A 1-2 minute word game about what someone is talking about."	"experiment, psychology, game"	"$0.25"	"Fri Apr 03 03:04:47 EDT 2015"	"450"	"0"	"0"	"450"	"Reviewable"	"NotReviewed"	"1 scales"	"600"	"60000"	"Fri Apr 10 03:04:47 EDT 2015"	"S36522"	"Approved"	""	"""friend"""	"""glasses"""	"[""bowtie"",""mustache""]"	"[""right""]"	"[""left"",""middle1""]"	"0"	"-1"	"1"	"0"	"0"	"11"	"0"	"0"	"-1"	"-1"	"-1"	"""TRUE"""	"""target"""	"""TRUE"""	"-1"	"-1"	"-1"	"-1"	"-1"	"-1"	"""No idea, how does the christmas tree relate to the friend?"""	""""""	"""52"""	"""m"""	"7"	"0"	"1"	"2"	"0"	"""5"""	"-1"	"""hat,mustache,"""	"""hat,glasses,mustache,bowtie,"""	"""hat,glasses,mustache,"""	""""""	"""2"""	"""hat,glasses,mustache,"""
"What is he talking about? (1-2 mins)"	"Short and fun! A 1-2 minute word game about what someone is talking about."	"experiment, psychology, game"	"$0.25"	"Fri Apr 03 03:04:47 EDT 2015"	"450"	"0"	"0"	"450"	"Reviewable"	"NotReviewed"	"1 scales"	"600"	"60000"	"Fri Apr 10 03:04:47 EDT 2015"	"S87712"	"Approved"	""	"""pizza"""	"""peppers"""	"[""mushrooms"",""olives"",null]"	"[""right"",""middle2""]"	"[""left"",""middle1""]"	"0"	"-1"	"2"	"0"	"0"	"11"	"0"	"0"	"-1"	"-1"	"-1"	"""TRUE"""	"""distractor1"""	"""FALSE"""	"-1"	"-1"	"-1"	"-1"	"-1"	"-1"	"""Patterns and preferences"""	""""""	"""29"""	"""M"""	"5"	"0"	"0"	"2"	"1"	"""5"""	"-1"	"""olives,peppers,"""	"""mushrooms,olives,peppers,"""	"""peppers,"""	"""peppers,"""	"""0"""	"""olives,peppers,"""
"What is he talking about? (1-2 mins)"	"Short and fun! A 1-2 minute word game about what someone is talking about."	"experiment, psychology, game"	"$0.25"	"Fri Apr 03 03:04:47 EDT 2015"	"450"	"0"	"0"	"450"	"Reviewable"	"NotReviewed"	"1 scales"	"600"	"60000"	"Fri Apr 10 03:04:47 EDT 2015"	"S65913"	"Approved"	""	"""friend"""	"""mustache"""	"[""glasses"",""bowtie""]"	"[""left""]"	"[""middle1"",""middle2"",""right""]"	"0"	"-1"	"1"	"0"	"0"	"11"	"0"	"0"	"-1"	"-1"	"-1"	"""TRUE"""	"""distractor3"""	"""FALSE"""	"-1"	"-1"	"-1"	"-1"	"-1"	"-1"	"""choosing the voice"""	""""""	""""""	"""male"""	"8"	"0"	"2"	"1"	"0"	"""5"""	"-1"	"""hat,mustache,bowtie,"""	"""hat,bowtie,"""	"""hat,bowtie,"""	"""hat,glasses,mustache,bowtie,"""	"""3"""	"""hat,glasses,mustache,bowtie,"""
"What is he talking about? (1-2 mins)"	"Short and fun! A 1-2 minute word game about what someone is talking about."	"experiment, psychology, game"	"$0.25"	"Fri Apr 03 03:04:47 EDT 2015"	"450"	"0"	"0"	"450"	"Reviewable"	"NotReviewed"	"1 scales"	"600"	"60000"	"Fri Apr 10 03:04:47 EDT 2015"	"S56000"	"Approved"	""	"""pizza"""	"""olives"""	"[""peppers"",""mushrooms""]"	"[""left""]"	"[""middle1"",""right"",""middle2""]"	"0"	"-1"	"1"	"0"	"0"	"11"	"0"	"0"	"-1"	"-1"	"-1"	"""TRUE"""	"""distractor3"""	"""FALSE"""	"-1"	"-1"	"-1"	"-1"	"-1"	"-1"	"""No clue"""	"""no"""	"""32"""	"""m"""	"5"	"0"	"1"	"2"	"0"	"""5"""	"-1"	"""mushrooms,olives,"""	"""mushrooms,"""	"""mushrooms,olives,peppers,"""	"""mushrooms,"""	"""2"""	"""mushrooms,olives,peppers,"""
"What is he talking about? (1-2 mins)"	"Short and fun! A 1-2 minute word game about what someone is talking about."	"experiment, psychology, game"	"$0.25"	"Fri Apr 03 03:04:47 EDT 2015"	"450"	"0"	"0"	"450"	"Reviewable"	"NotReviewed"	"1 scales"	"600"	"60000"	"Fri Apr 10 03:04:47 EDT 2015"	"S24366"	"Approved"	""	"""pizza"""	"""mushrooms"""	"[""olives"",null,null]"	"[""right""]"	"[""middle1"",""left"",""middle2""]"	"0"	"-1"	"1"	"0"	"0"	"11"	"0"	"0"	"-1"	"-1"	"-1"	"""TRUE"""	"""distractor3"""	"""FALSE"""	"-1"	"-1"	"-1"	"-1"	"-1"	"-1"	"""his pizza eating history and something about what that has to do with the next christmas tree he will trim."""	"""I'm not sure what this is about"""	"""32"""	"""m"""	"2"	"0"	"1"	"0"	"2"	"""5"""	"-1"	""""""	""""""	"""mushrooms,olives,"""	"""mushrooms,"""	"""2"""	"""mushrooms,olives,"""
"What is he talking about? (1-2 mins)"	"Short and fun! A 1-2 minute word game about what someone is talking about."	"experiment, psychology, game"	"$0.25"	"Fri Apr 03 03:04:47 EDT 2015"	"450"	"0"	"0"	"450"	"Reviewable"	"NotReviewed"	"1 scales"	"600"	"60000"	"Fri Apr 10 03:04:47 EDT 2015"	"S21554"	"Approved"	""	"""Christmas tree"""	"""ornaments"""	"[""lights"",""star"",null]"	"[null]"	"[""left"",""right"",null]"	"0"	"-1"	"1"	"0"	"0"	"11"	"0"	"0"	"-1"	"-1"	"-1"	"""TRUE"""	"""distractor1"""	"""FALSE"""	"-1"	"-1"	"-1"	"-1"	"-1"	"-1"	"""Trimming Christmas trees and whether or not we could understand Bob."""	""""""	"""26"""	"""M"""	"3"	"0"	"1"	"2"	"0"	"""5"""	"-1"	"""ornaments,star,"""	"""lights,ornaments,star,"""	""""""	""""""	"""0"""	"""ornaments,star,"""
"What is he talking about? (1-2 mins)"	"Short and fun! A 1-2 minute word game about what someone is talking about."	"experiment, psychology, game"	"$0.25"	"Fri Apr 03 03:04:47 EDT 2015"	"450"	"0"	"0"	"450"	"Reviewable"	"NotReviewed"	"1 scales"	"600"	"60000"	"Fri Apr 10 03:04:47 EDT 2015"	"S36314"	"Approved"	""	"""pizza"""	"""peppers"""	"[""mushrooms"",""olives"",null]"	"[""left""]"	"[""right"",null]"	"0"	"-1"	"2"	"0"	"0"	"11"	"0"	"0"	"-1"	"-1"	"-1"	"""TRUE"""	"""distractor1"""	"""FALSE"""	"-1"	"-1"	"-1"	"-1"	"-1"	"-1"	"""guessing"""	"""no"""	"""24"""	"""o"""	"3"	"0"	"2"	"0"	"1"	"""5"""	"-1"	"""olives,peppers,"""	"""mushrooms,olives,peppers,"""	""""""	""""""	"""1"""	"""mushrooms,olives,peppers,"""
"What is he talking about? (1-2 mins)"	"Short and fun! A 1-2 minute word game about what someone is talking about."	"experiment, psychology, game"	"$0.25"	"Fri Apr 03 03:04:47 EDT 2015"	"450"	"0"	"0"	"450"	"Reviewable"	"NotReviewed"	"1 scales"	"600"	"60000"	"Fri Apr 10 03:04:47 EDT 2015"	"S62750"	"Approved"	""	"""friend"""	"""mustache"""	"[""hat"",""glasses""]"	"[""right""]"	"[""left"",null]"	"0"	"-1"	"1"	"0"	"0"	"11"	"0"	"0"	"-1"	"-1"	"-1"	"""TRUE"""	"""target"""	"""TRUE"""	"-1"	"-1"	"-1"	"-1"	"-1"	"-1"	"""tree trimming"""	""""""	"""41"""	"""female"""	"3"	"0"	"0"	"1"	"2"	"""5"""	"-1"	"""glasses,mustache,"""	"""hat,glasses,mustache,"""	""""""	""""""	"""1"""	"""hat,glasses,mustache,"""
"What is he talking about? (1-2 mins)"	"Short and fun! A 1-2 minute word game about what someone is talking about."	"experiment, psychology, game"	"$0.25"	"Fri Apr 03 03:04:47 EDT 2015"	"450"	"0"	"0"	"450"	"Reviewable"	"NotReviewed"	"1 scales"	"600"	"60000"	"Fri Apr 10 03:04:47 EDT 2015"	"S55484"	"Approved"	""	"""snowman"""	"""belt"""	"[""hat"",""mittens""]"	"[""right"",""left""]"	"[null,null]"	"0"	"-1"	"2"	"0"	"0"	"11"	"0"	"0"	"-1"	"-1"	"-1"	"""TRUE"""	"""target"""	"""TRUE"""	"-1"	"-1"	"-1"	"-1"	"-1"	"-1"	"""Perception"""	"""no"""	"""27"""	"""m"""	"6"	"0"	"0"	"1"	"2"	"""5"""	"-1"	"""hat,scarf,mittens,belt,"""	"""scarf,mittens,belt,"""	""""""	""""""	"""1"""	"""scarf,mittens,belt,"""
"What is he talking about? (1-2 mins)"	"Short and fun! A 1-2 minute word game about what someone is talking about."	"experiment, psychology, game"	"$0.25"	"Fri Apr 03 03:04:47 EDT 2015"	"450"	"0"	"0"	"450"	"Reviewable"	"NotReviewed"	"1 scales"	"600"	"60000"	"Fri Apr 10 03:04:47 EDT 2015"	"S39779"	"Approved"	""	"""Christmas tree"""	"undefined"	"[""ornaments"",""lights""]"	"[""middle2"",""right""]"	"[""left"",""middle1""]"	"0"	"-1"	"2"	"0"	"0"	"11"	"0"	"0"	"-1"	"-1"	"-1"	"""TRUE"""	"""target"""	"""TRUE"""	"-1"	"-1"	"-1"	"-1"	"-1"	"-1"	"""not sure"""	""""""	"""27"""	"""f"""	"2"	"0"	"0"	"1"	"2"	"""5"""	"-1"	"""lights,"""	"""lights,ornaments,"""	""""""	""""""	"""2"""	""""""
"What is he talking about? (1-2 mins)"	"Short and fun! A 1-2 minute word game about what someone is talking about."	"experiment, psychology, game"	"$0.25"	"Fri Apr 03 03:04:47 EDT 2015"	"450"	"0"	"0"	"450"	"Reviewable"	"NotReviewed"	"1 scales"	"600"	"60000"	"Fri Apr 10 03:04:47 EDT 2015"	"S00712"	"Approved"	""	"""snowman"""	"""scarf"""	"[""hat"",null,null]"	"[""middle1""]"	"[""left"",""right""]"	"0"	"-1"	"1"	"0"	"0"	"11"	"0"	"0"	"-1"	"-1"	"-1"	"""TRUE"""	"""distractor1"""	"""FALSE"""	"-1"	"-1"	"-1"	"-1"	"-1"	"-1"	"""Language"""	"""n/a"""	"""27"""	"""f"""	"1"	"0"	"1"	"2"	"0"	"""5"""	"-1"	""""""	"""scarf,"""	"""hat,scarf,"""	""""""	"""0"""	""""""
"What is he talking about? (1-2 mins)"	"Short and fun! A 1-2 minute word game about what someone is talking about."	"experiment, psychology, game"	"$0.25"	"Fri Apr 03 03:04:47 EDT 2015"	"450"	"0"	"0"	"450"	"Reviewable"	"NotReviewed"	"1 scales"	"600"	"60000"	"Fri Apr 10 03:04:47 EDT 2015"	"S79135"	"Approved"	""	"""sundae"""	"undefined"	"[""whipped cream"",""cherry""]"	"[""right""]"	"[""left"",""middle1""]"	"0"	"-1"	"2"	"0"	"0"	"11"	"0"	"0"	"-1"	"-1"	"-1"	"""TRUE"""	"""distractor2"""	"""FALSE"""	"-1"	"-1"	"-1"	"-1"	"-1"	"-1"	"""Trying to figure out what Bob meant"""	"""no"""	"""29"""	"""f"""	"1"	"0"	"2"	"1"	"0"	"""5"""	"-1"	"""cherry,"""	"""cherry,whipped cream,"""	""""""	""""""	"""1"""	"""cherry,whipped cream,"""
"What is he talking about? (1-2 mins)"	"Short and fun! A 1-2 minute word game about what someone is talking about."	"experiment, psychology, game"	"$0.25"	"Fri Apr 03 03:04:47 EDT 2015"	"450"	"0"	"0"	"450"	"Reviewable"	"NotReviewed"	"1 scales"	"600"	"60000"	"Fri Apr 10 03:04:47 EDT 2015"	"S11872"	"Approved"	""	"""sundae"""	"""cherry"""	"[""chocolate"",""whipped cream""]"	"[""middle2""]"	"[""left"",""middle1""]"	"0"	"-1"	"1"	"0"	"0"	"11"	"0"	"0"	"-1"	"-1"	"-1"	"""TRUE"""	"""distractor3"""	"""FALSE"""	"-1"	"-1"	"-1"	"-1"	"-1"	"-1"	"""Bob's sundeas"""	"""n/a"""	"""26"""	"""f"""	"5"	"0"	"0"	"2"	"1"	"""5"""	"-1"	"""whipped cream,"""	"""cherry,whipped cream,"""	"""whipped cream,"""	"""cherry,whipped cream,chocolate,"""	"""3"""	"""cherry,whipped cream,chocolate,"""
"What is he talking about? (1-2 mins)"	"Short and fun! A 1-2 minute word game about what someone is talking about."	"experiment, psychology, game"	"$0.25"	"Fri Apr 03 03:04:47 EDT 2015"	"450"	"0"	"0"	"450"	"Reviewable"	"NotReviewed"	"1 scales"	"600"	"60000"	"Fri Apr 10 03:04:47 EDT 2015"	"S73739"	"Approved"	""	"""friend"""	"""hat"""	"[""glasses"",""mustache"",null]"	"[""left"",""right""]"	"[""middle1"",null]"	"0"	"-1"	"2"	"0"	"0"	"11"	"0"	"0"	"-1"	"-1"	"-1"	"""TRUE"""	"""distractor1"""	"""FALSE"""	"-1"	"-1"	"-1"	"-1"	"-1"	"-1"	"""Word association."""	"""No."""	"""25"""	"""M"""	"4"	"0"	"0"	"2"	"1"	"""5"""	"-1"	"""hat,"""	"""hat,glasses,mustache,"""	"""hat,mustache,"""	""""""	"""1"""	"""hat,glasses,mustache,"""
"What is he talking about? (1-2 mins)"	"Short and fun! A 1-2 minute word game about what someone is talking about."	"experiment, psychology, game"	"$0.25"	"Fri Apr 03 03:04:47 EDT 2015"	"450"	"0"	"0"	"450"	"Reviewable"	"NotReviewed"	"1 scales"	"600"	"60000"	"Fri Apr 10 03:04:47 EDT 2015"	"S19134"	"Approved"	""	"""snowman"""	"undefined"	"[""scarf"",""hat""]"	"[""left""]"	"[""right"",""middle1""]"	"0"	"-1"	"2"	"0"	"0"	"11"	"0"	"0"	"-1"	"-1"	"-1"	"""TRUE"""	"""target"""	"""TRUE"""	"-1"	"-1"	"-1"	"-1"	"-1"	"-1"	"""No idea"""	""""""	"""33"""	"""m"""	"2"	"0"	"2"	"1"	"0"	"""5"""	"-1"	""""""	"""hat,"""	"""hat,scarf,"""	""""""	"""0"""	""""""
"What is he talking about? (1-2 mins)"	"Short and fun! A 1-2 minute word game about what someone is talking about."	"experiment, psychology, game"	"$0.25"	"Fri Apr 03 03:04:47 EDT 2015"	"450"	"0"	"0"	"450"	"Reviewable"	"NotReviewed"	"1 scales"	"600"	"60000"	"Fri Apr 10 03:04:47 EDT 2015"	"S91885"	"Approved"	""	"""sundae"""	"""cherry"""	"[""whipped cream"",""chocolate""]"	"[""right"",""left""]"	"[""middle1"",null]"	"0"	"-1"	"2"	"0"	"0"	"11"	"0"	"0"	"-1"	"-1"	"-1"	"""TRUE"""	"""distractor1"""	"""FALSE"""	"-1"	"-1"	"-1"	"-1"	"-1"	"-1"	"""??????????????????"""	"""christmas tree????????????"""	"""63"""	"""m"""	"4"	"0"	"2"	"1"	"0"	"""5"""	"-1"	"""cherry,chocolate,"""	"""cherry,whipped cream,chocolate,"""	"""cherry,"""	""""""	"""1"""	"""cherry,whipped cream,chocolate,"""
"What is he talking about? (1-2 mins)"	"Short and fun! A 1-2 minute word game about what someone is talking about."	"experiment, psychology, game"	"$0.25"	"Fri Apr 03 03:04:47 EDT 2015"	"450"	"0"	"0"	"450"	"Reviewable"	"NotReviewed"	"1 scales"	"600"	"60000"	"Fri Apr 10 03:04:47 EDT 2015"	"S55776"	"Approved"	""	"""sundae"""	"""sprinkles"""	"[""cherry"",""whipped cream""]"	"[""right""]"	"[""left"",""middle1""]"	"0"	"-1"	"1"	"0"	"0"	"11"	"0"	"0"	"-1"	"-1"	"-1"	"""TRUE"""	"""distractor1"""	"""FALSE"""	"-1"	"-1"	"-1"	"-1"	"-1"	"-1"	"""communication """	"""what?"""	"""37"""	"""m"""	"7"	"0"	"0"	"1"	"2"	"""5"""	"-1"	"""whipped cream,chocolate,"""	"""cherry,whipped cream,chocolate,sprinkles,"""	"""whipped cream,chocolate,sprinkles,"""	""""""	"""0"""	"""whipped cream,chocolate,"""
"What is he talking about? (1-2 mins)"	"Short and fun! A 1-2 minute word game about what someone is talking about."	"experiment, psychology, game"	"$0.25"	"Fri Apr 03 03:04:47 EDT 2015"	"450"	"0"	"0"	"450"	"Reviewable"	"NotReviewed"	"1 scales"	"600"	"60000"	"Fri Apr 10 03:04:47 EDT 2015"	"S01532"	"Approved"	""	"""snowman"""	"""belt"""	"[""hat"",""scarf""]"	"[""middle2""]"	"[""right"",""middle1""]"	"0"	"-1"	"1"	"0"	"0"	"11"	"0"	"0"	"-1"	"-1"	"-1"	"""TRUE"""	"""distractor3"""	"""FALSE"""	"-1"	"-1"	"-1"	"-1"	"-1"	"-1"	"""Snowmen"""	"""no"""	"""33"""	"""m"""	"8"	"0"	"0"	"2"	"1"	"""5"""	"-1"	"""hat,scarf,mittens,belt,"""	"""scarf,mittens,belt,"""	"""scarf,mittens,"""	"""scarf,mittens,"""	"""0"""	"""hat,scarf,mittens,belt,"""
