"title"	"description"	"keywords"	"reward"	"creationtime"	"assignments"	"numavailable"	"numpending"	"numcomplete"	"hitstatus"	"reviewstatus"	"annotation"	"assignmentduration"	"autoapprovaldelay"	"hitlifetime"	"workerid"	"assignmentstatus"	"deadline"	"Answer.item"	"Answer.target_property"	"Answer.target_frequency"	"Answer.familiarization_cond"	"Answer.level"	"Answer.participant_response_type_condition"	"Answer.participant_feature_count_condition"	"Answer.linguistic_framing_condition"	"Answer.target_filler_sequence_condition"	"Answer.question_type_condition"	"Answer.manip_check_target"	"Answer.manip_check_dist"	"Answer.manip_check_foil"	"Answer.name_check_correct"	"Answer.choice"	"Answer.choice_correct"	"Answer.money_allocated_to_foil"	"Answer.money_allocated_to_target"	"Answer.money_allocated_to_logical"	"Answer.Likert_value_foil"	"Answer.Likert_value_target"	"Answer.Likert_value_logical"	"Answer.about"	"Answer.comment"	"Answer.age"	"Answer.gender"	"Answer.scale_and_levels_condition"	"Answer.familiarization_present_in_study"	"Answer.top_question_order"	"Answer.middle_question_order"	"Answer.bottom_question_order"	"Answer.image_version"	"Answer.hand_position"
"What is he talking about? (1-2 mins)"	"Short and fun! A 1-2 minute word game about what someone is talking about."	"experiment, psychology, game"	"$0.25"	"Thu Jul 31 09:47:42 PDT 2014"	"200"	"0"	"0"	"200"	"Reviewable"	"NotReviewed"	"1 scales"	"600"	"60000"	"Thu Aug 07 09:47:42 PDT 2014"	"S60467"	"Approved"	""	"""pizza"""	"""olives"""	"0"	"-1"	"1"	"0"	"0"	"1"	"0"	"0"	"-1"	"-1"	"-1"	"""TRUE"""	"""target"""	"""TRUE"""	"-1"	"-1"	"-1"	"-1"	"-1"	"-1"	"""olives"""	"""no"""	"""31"""	"""m"""	"2"	"0"	"1"	"0"	"2"	"""5"""	"-1"
"What is he talking about? (1-2 mins)"	"Short and fun! A 1-2 minute word game about what someone is talking about."	"experiment, psychology, game"	"$0.25"	"Thu Jul 31 09:47:42 PDT 2014"	"200"	"0"	"0"	"200"	"Reviewable"	"NotReviewed"	"1 scales"	"600"	"60000"	"Thu Aug 07 09:47:42 PDT 2014"	"S70297"	"Approved"	""	"""friend"""	"""glasses"""	"0"	"-1"	"1"	"0"	"0"	"1"	"0"	"0"	"-1"	"-1"	"-1"	"""TRUE"""	"""target"""	"""TRUE"""	"-1"	"-1"	"-1"	"-1"	"-1"	"-1"	"""bOB MEETING HIS FRIEND"""	"""NONE"""	"""24"""	"""f"""	"4"	"0"	"1"	"0"	"2"	"""5"""	"-1"
"What is he talking about? (1-2 mins)"	"Short and fun! A 1-2 minute word game about what someone is talking about."	"experiment, psychology, game"	"$0.25"	"Thu Jul 31 09:47:42 PDT 2014"	"200"	"0"	"0"	"200"	"Reviewable"	"NotReviewed"	"1 scales"	"600"	"60000"	"Thu Aug 07 09:47:42 PDT 2014"	"S13429"	"Approved"	""	"""pizza"""	"""olives"""	"0"	"-1"	"1"	"0"	"0"	"1"	"0"	"0"	"-1"	"-1"	"-1"	"""FALSE"""	"""distractor2"""	"""FALSE"""	"-1"	"-1"	"-1"	"-1"	"-1"	"-1"	"""PIZZA"""	"""NONE"""	"""38"""	"""F"""	"2"	"0"	"2"	"1"	"0"	"""5"""	"-1"
"What is he talking about? (1-2 mins)"	"Short and fun! A 1-2 minute word game about what someone is talking about."	"experiment, psychology, game"	"$0.25"	"Thu Jul 31 09:47:42 PDT 2014"	"200"	"0"	"0"	"200"	"Reviewable"	"NotReviewed"	"1 scales"	"600"	"60000"	"Thu Aug 07 09:47:42 PDT 2014"	"S08331"	"Approved"	""	"""sundae"""	"""whipped cream"""	"0"	"-1"	"1"	"0"	"0"	"1"	"0"	"0"	"-1"	"-1"	"-1"	"""TRUE"""	"""target"""	"""TRUE"""	"-1"	"-1"	"-1"	"-1"	"-1"	"-1"	"""Which sundae Bob chose."""	"""no"""	""""""	"""m"""	"2"	"0"	"0"	"1"	"2"	"""5"""	"-1"
"What is he talking about? (1-2 mins)"	"Short and fun! A 1-2 minute word game about what someone is talking about."	"experiment, psychology, game"	"$0.25"	"Thu Jul 31 09:47:42 PDT 2014"	"200"	"0"	"0"	"200"	"Reviewable"	"NotReviewed"	"1 scales"	"600"	"60000"	"Thu Aug 07 09:47:42 PDT 2014"	"S73725"	"Approved"	""	"""Christmas tree"""	"""lights"""	"0"	"-1"	"1"	"0"	"0"	"1"	"0"	"0"	"-1"	"-1"	"-1"	"""TRUE"""	"""target"""	"""TRUE"""	"-1"	"-1"	"-1"	"-1"	"-1"	"-1"	"""what Bob sees."""	"""no"""	"""44"""	"""m"""	"4"	"0"	"1"	"0"	"2"	"""5"""	"-1"
"What is he talking about? (1-2 mins)"	"Short and fun! A 1-2 minute word game about what someone is talking about."	"experiment, psychology, game"	"$0.25"	"Thu Jul 31 09:47:42 PDT 2014"	"200"	"0"	"0"	"200"	"Reviewable"	"NotReviewed"	"1 scales"	"600"	"60000"	"Thu Aug 07 09:47:42 PDT 2014"	"S76888"	"Approved"	""	"""friend"""	"""glasses"""	"0"	"-1"	"1"	"0"	"0"	"1"	"0"	"0"	"-1"	"-1"	"-1"	"""FALSE"""	"""distractor3"""	"""FALSE"""	"-1"	"-1"	"-1"	"-1"	"-1"	"-1"	"""It was about picking the friend whom Bob went to visit."""	""""""	"""34"""	"""f"""	"4"	"0"	"0"	"1"	"2"	"""5"""	"-1"
"What is he talking about? (1-2 mins)"	"Short and fun! A 1-2 minute word game about what someone is talking about."	"experiment, psychology, game"	"$0.25"	"Thu Jul 31 09:47:42 PDT 2014"	"200"	"0"	"0"	"200"	"Reviewable"	"NotReviewed"	"1 scales"	"600"	"60000"	"Thu Aug 07 09:47:42 PDT 2014"	"S96993"	"Approved"	""	"""boat"""	"""sail"""	"0"	"-1"	"1"	"0"	"0"	"1"	"0"	"0"	"-1"	"-1"	"-1"	"""TRUE"""	"""distractor3"""	"""FALSE"""	"-1"	"-1"	"-1"	"-1"	"-1"	"-1"	"""what would bob want"""	""""""	"""29"""	"""male"""	"4"	"0"	"1"	"0"	"2"	"""5"""	"-1"
"What is he talking about? (1-2 mins)"	"Short and fun! A 1-2 minute word game about what someone is talking about."	"experiment, psychology, game"	"$0.25"	"Thu Jul 31 09:47:42 PDT 2014"	"200"	"0"	"0"	"200"	"Reviewable"	"NotReviewed"	"1 scales"	"600"	"60000"	"Thu Aug 07 09:47:42 PDT 2014"	"S27106"	"Approved"	""	"""friend"""	"""glasses"""	"0"	"-1"	"1"	"0"	"0"	"1"	"0"	"0"	"-1"	"-1"	"-1"	"""TRUE"""	"""target"""	"""TRUE"""	"-1"	"-1"	"-1"	"-1"	"-1"	"-1"	"""Bob visiting his friend w/glasses"""	""""""	"""54"""	"""f"""	"4"	"0"	"1"	"2"	"0"	"""5"""	"-1"
"What is he talking about? (1-2 mins)"	"Short and fun! A 1-2 minute word game about what someone is talking about."	"experiment, psychology, game"	"$0.25"	"Thu Jul 31 09:47:42 PDT 2014"	"200"	"0"	"0"	"200"	"Reviewable"	"NotReviewed"	"1 scales"	"600"	"60000"	"Thu Aug 07 09:47:42 PDT 2014"	"S62960"	"Approved"	""	"""sundae"""	"""whipped cream"""	"0"	"-1"	"1"	"0"	"0"	"1"	"0"	"0"	"-1"	"-1"	"-1"	"""TRUE"""	"""target"""	"""TRUE"""	"-1"	"-1"	"-1"	"-1"	"-1"	"-1"	"""Sundaes"""	"""n/a"""	"""22"""	"""male"""	"2"	"0"	"0"	"1"	"2"	"""5"""	"-1"
"What is he talking about? (1-2 mins)"	"Short and fun! A 1-2 minute word game about what someone is talking about."	"experiment, psychology, game"	"$0.25"	"Thu Jul 31 09:47:42 PDT 2014"	"200"	"0"	"0"	"200"	"Reviewable"	"NotReviewed"	"1 scales"	"600"	"60000"	"Thu Aug 07 09:47:42 PDT 2014"	"S15296"	"Approved"	""	"""sundae"""	"""whipped cream"""	"0"	"-1"	"1"	"0"	"0"	"1"	"0"	"0"	"-1"	"-1"	"-1"	"""TRUE"""	"""target"""	"""TRUE"""	"-1"	"-1"	"-1"	"-1"	"-1"	"-1"	"""Ice cream"""	"""This survey was amazing."""	"""20"""	"""m"""	"2"	"0"	"0"	"2"	"1"	"""5"""	"-1"
"What is he talking about? (1-2 mins)"	"Short and fun! A 1-2 minute word game about what someone is talking about."	"experiment, psychology, game"	"$0.25"	"Thu Jul 31 09:47:42 PDT 2014"	"200"	"0"	"0"	"200"	"Reviewable"	"NotReviewed"	"1 scales"	"600"	"60000"	"Thu Aug 07 09:47:42 PDT 2014"	"S91861"	"Approved"	""	"""boat"""	"""sail"""	"0"	"-1"	"1"	"0"	"0"	"1"	"0"	"0"	"-1"	"-1"	"-1"	"""TRUE"""	"""target"""	"""TRUE"""	"-1"	"-1"	"-1"	"-1"	"-1"	"-1"	"""Understanding meaning."""	"""Nope."""	"""29"""	"""o"""	"4"	"0"	"1"	"2"	"0"	"""5"""	"-1"
"What is he talking about? (1-2 mins)"	"Short and fun! A 1-2 minute word game about what someone is talking about."	"experiment, psychology, game"	"$0.25"	"Thu Jul 31 09:47:42 PDT 2014"	"200"	"0"	"0"	"200"	"Reviewable"	"NotReviewed"	"1 scales"	"600"	"60000"	"Thu Aug 07 09:47:42 PDT 2014"	"S81602"	"Approved"	""	"""friend"""	"""glasses"""	"0"	"-1"	"1"	"0"	"0"	"1"	"0"	"0"	"-1"	"-1"	"-1"	"""TRUE"""	"""target"""	"""TRUE"""	"-1"	"-1"	"-1"	"-1"	"-1"	"-1"	"""friends"""	""""""	"""26"""	"""m"""	"2"	"0"	"2"	"0"	"1"	"""5"""	"-1"
"What is he talking about? (1-2 mins)"	"Short and fun! A 1-2 minute word game about what someone is talking about."	"experiment, psychology, game"	"$0.25"	"Thu Jul 31 09:47:42 PDT 2014"	"200"	"0"	"0"	"200"	"Reviewable"	"NotReviewed"	"1 scales"	"600"	"60000"	"Thu Aug 07 09:47:42 PDT 2014"	"S89291"	"Approved"	""	"""sundae"""	"""whipped cream"""	"0"	"-1"	"1"	"0"	"0"	"1"	"0"	"0"	"-1"	"-1"	"-1"	"""FALSE"""	"""target"""	"""TRUE"""	"-1"	"-1"	"-1"	"-1"	"-1"	"-1"	"""not sure"""	""""""	"""33"""	"""m"""	"2"	"0"	"1"	"0"	"2"	"""5"""	"-1"
"What is he talking about? (1-2 mins)"	"Short and fun! A 1-2 minute word game about what someone is talking about."	"experiment, psychology, game"	"$0.25"	"Thu Jul 31 09:47:42 PDT 2014"	"200"	"0"	"0"	"200"	"Reviewable"	"NotReviewed"	"1 scales"	"600"	"60000"	"Thu Aug 07 09:47:42 PDT 2014"	"S50100"	"Approved"	""	"""boat"""	"""sail"""	"0"	"-1"	"1"	"0"	"0"	"1"	"0"	"0"	"-1"	"-1"	"-1"	"""TRUE"""	"""target"""	"""TRUE"""	"-1"	"-1"	"-1"	"-1"	"-1"	"-1"	"""What was he talking about"""	""""""	""""""	""""""	"2"	"0"	"1"	"2"	"0"	"""5"""	"-1"
"What is he talking about? (1-2 mins)"	"Short and fun! A 1-2 minute word game about what someone is talking about."	"experiment, psychology, game"	"$0.25"	"Thu Jul 31 09:47:42 PDT 2014"	"200"	"0"	"0"	"200"	"Reviewable"	"NotReviewed"	"1 scales"	"600"	"60000"	"Thu Aug 07 09:47:42 PDT 2014"	"S59791"	"Approved"	""	"""friend"""	"""hat"""	"0"	"-1"	"1"	"0"	"0"	"1"	"0"	"0"	"-1"	"-1"	"-1"	"""TRUE"""	"""target"""	"""TRUE"""	"-1"	"-1"	"-1"	"-1"	"-1"	"-1"	"""A guy who could only say one word"""	""""""	"""26"""	"""f"""	"4"	"0"	"0"	"1"	"2"	"""5"""	"-1"
"What is he talking about? (1-2 mins)"	"Short and fun! A 1-2 minute word game about what someone is talking about."	"experiment, psychology, game"	"$0.25"	"Thu Jul 31 09:47:42 PDT 2014"	"200"	"0"	"0"	"200"	"Reviewable"	"NotReviewed"	"1 scales"	"600"	"60000"	"Thu Aug 07 09:47:42 PDT 2014"	"S42869"	"Approved"	""	"""Christmas tree"""	"""ornaments"""	"0"	"-1"	"1"	"0"	"0"	"1"	"0"	"0"	"-1"	"-1"	"-1"	"""TRUE"""	"""distractor2"""	"""FALSE"""	"-1"	"-1"	"-1"	"-1"	"-1"	"-1"	"""Speech recognition based on limited information provided to us."""	"""None"""	"""26"""	"""F"""	"2"	"0"	"1"	"0"	"2"	"""5"""	"-1"
"What is he talking about? (1-2 mins)"	"Short and fun! A 1-2 minute word game about what someone is talking about."	"experiment, psychology, game"	"$0.25"	"Thu Jul 31 09:47:42 PDT 2014"	"200"	"0"	"0"	"200"	"Reviewable"	"NotReviewed"	"1 scales"	"600"	"60000"	"Thu Aug 07 09:47:42 PDT 2014"	"S78581"	"Approved"	""	"""sundae"""	"""whipped cream"""	"0"	"-1"	"1"	"0"	"0"	"1"	"0"	"0"	"-1"	"-1"	"-1"	"""TRUE"""	"""target"""	"""TRUE"""	"-1"	"-1"	"-1"	"-1"	"-1"	"-1"	"""whipped cream"""	""""""	"""22"""	"""f"""	"4"	"0"	"1"	"0"	"2"	"""5"""	"-1"
"What is he talking about? (1-2 mins)"	"Short and fun! A 1-2 minute word game about what someone is talking about."	"experiment, psychology, game"	"$0.25"	"Thu Jul 31 09:47:42 PDT 2014"	"200"	"0"	"0"	"200"	"Reviewable"	"NotReviewed"	"1 scales"	"600"	"60000"	"Thu Aug 07 09:47:42 PDT 2014"	"S47511"	"Approved"	""	"""Christmas tree"""	"""ornaments"""	"0"	"-1"	"1"	"0"	"0"	"1"	"0"	"0"	"-1"	"-1"	"-1"	"""TRUE"""	"""target"""	"""TRUE"""	"-1"	"-1"	"-1"	"-1"	"-1"	"-1"	"""Picking a christmas tree"""	"""no"""	"""23"""	"""m"""	"4"	"0"	"0"	"1"	"2"	"""5"""	"-1"
"What is he talking about? (1-2 mins)"	"Short and fun! A 1-2 minute word game about what someone is talking about."	"experiment, psychology, game"	"$0.25"	"Thu Jul 31 09:47:42 PDT 2014"	"200"	"0"	"0"	"200"	"Reviewable"	"NotReviewed"	"1 scales"	"600"	"60000"	"Thu Aug 07 09:47:42 PDT 2014"	"S55689"	"Approved"	""	"""friend"""	"""hat"""	"0"	"-1"	"1"	"0"	"0"	"1"	"0"	"0"	"-1"	"-1"	"-1"	"""TRUE"""	"""target"""	"""TRUE"""	"-1"	"-1"	"-1"	"-1"	"-1"	"-1"	"""Communication"""	""""""	"""26"""	"""M"""	"2"	"0"	"0"	"2"	"1"	"""5"""	"-1"
"What is he talking about? (1-2 mins)"	"Short and fun! A 1-2 minute word game about what someone is talking about."	"experiment, psychology, game"	"$0.25"	"Thu Jul 31 09:47:42 PDT 2014"	"200"	"0"	"0"	"200"	"Reviewable"	"NotReviewed"	"1 scales"	"600"	"60000"	"Thu Aug 07 09:47:42 PDT 2014"	"S98893"	"Approved"	""	"""snowman"""	"""hat"""	"0"	"-1"	"1"	"0"	"0"	"1"	"0"	"0"	"-1"	"-1"	"-1"	"""TRUE"""	"""distractor2"""	"""FALSE"""	"-1"	"-1"	"-1"	"-1"	"-1"	"-1"	"""snowmen"""	"""no"""	""""""	"""m"""	"2"	"0"	"1"	"0"	"2"	"""5"""	"-1"
"What is he talking about? (1-2 mins)"	"Short and fun! A 1-2 minute word game about what someone is talking about."	"experiment, psychology, game"	"$0.25"	"Thu Jul 31 09:47:42 PDT 2014"	"200"	"0"	"0"	"200"	"Reviewable"	"NotReviewed"	"1 scales"	"600"	"60000"	"Thu Aug 07 09:47:42 PDT 2014"	"S40824"	"Approved"	""	"""pizza"""	"""mushrooms"""	"0"	"-1"	"1"	"0"	"0"	"1"	"0"	"0"	"-1"	"-1"	"-1"	"""TRUE"""	"""target"""	"""TRUE"""	"-1"	"-1"	"-1"	"-1"	"-1"	"-1"	"""Communication"""	""""""	"""21"""	"""f"""	"2"	"0"	"2"	"1"	"0"	"""5"""	"-1"
"What is he talking about? (1-2 mins)"	"Short and fun! A 1-2 minute word game about what someone is talking about."	"experiment, psychology, game"	"$0.25"	"Thu Jul 31 09:47:42 PDT 2014"	"200"	"0"	"0"	"200"	"Reviewable"	"NotReviewed"	"1 scales"	"600"	"60000"	"Thu Aug 07 09:47:42 PDT 2014"	"S22688"	"Approved"	""	"""friend"""	"""hat"""	"0"	"-1"	"1"	"0"	"0"	"1"	"0"	"0"	"-1"	"-1"	"-1"	"""TRUE"""	"""distractor3"""	"""FALSE"""	"-1"	"-1"	"-1"	"-1"	"-1"	"-1"	"""Bob has a friend with a hat"""	""""""	"""37"""	"""f"""	"4"	"0"	"0"	"1"	"2"	"""5"""	"-1"
"What is he talking about? (1-2 mins)"	"Short and fun! A 1-2 minute word game about what someone is talking about."	"experiment, psychology, game"	"$0.25"	"Thu Jul 31 09:47:42 PDT 2014"	"200"	"0"	"0"	"200"	"Reviewable"	"NotReviewed"	"1 scales"	"600"	"60000"	"Thu Aug 07 09:47:42 PDT 2014"	"S25044"	"Approved"	""	"""sundae"""	"""cherry"""	"0"	"-1"	"1"	"0"	"0"	"1"	"0"	"0"	"-1"	"-1"	"-1"	"""TRUE"""	"""target"""	"""TRUE"""	"-1"	"-1"	"-1"	"-1"	"-1"	"-1"	"""Word association with a picture"""	"""Bob is awesome. I would be friends with Bob."""	"""23"""	"""m"""	"4"	"0"	"0"	"2"	"1"	"""5"""	"-1"
"What is he talking about? (1-2 mins)"	"Short and fun! A 1-2 minute word game about what someone is talking about."	"experiment, psychology, game"	"$0.25"	"Thu Jul 31 09:47:42 PDT 2014"	"200"	"0"	"0"	"200"	"Reviewable"	"NotReviewed"	"1 scales"	"600"	"60000"	"Thu Aug 07 09:47:42 PDT 2014"	"S86885"	"Approved"	""	"""pizza"""	"""mushrooms"""	"0"	"-1"	"1"	"0"	"0"	"1"	"0"	"0"	"-1"	"-1"	"-1"	"""TRUE"""	"""target"""	"""TRUE"""	"-1"	"-1"	"-1"	"-1"	"-1"	"-1"	"""Pizzas and only being able to communicate about mushrooms"""	""""""	"""23"""	"""f"""	"2"	"0"	"1"	"0"	"2"	"""5"""	"-1"
"What is he talking about? (1-2 mins)"	"Short and fun! A 1-2 minute word game about what someone is talking about."	"experiment, psychology, game"	"$0.25"	"Thu Jul 31 09:47:42 PDT 2014"	"200"	"0"	"0"	"200"	"Reviewable"	"NotReviewed"	"1 scales"	"600"	"60000"	"Thu Aug 07 09:47:42 PDT 2014"	"S23726"	"Approved"	""	"""Christmas tree"""	"""lights"""	"0"	"-1"	"1"	"0"	"0"	"1"	"0"	"0"	"-1"	"-1"	"-1"	"""TRUE"""	"""target"""	"""TRUE"""	"-1"	"-1"	"-1"	"-1"	"-1"	"-1"	"""Figuring out what bob was talking about."""	"""Cute and easy survey!"""	"""35"""	"""f"""	"2"	"0"	"1"	"2"	"0"	"""5"""	"-1"
"What is he talking about? (1-2 mins)"	"Short and fun! A 1-2 minute word game about what someone is talking about."	"experiment, psychology, game"	"$0.25"	"Thu Jul 31 09:47:42 PDT 2014"	"200"	"0"	"0"	"200"	"Reviewable"	"NotReviewed"	"1 scales"	"600"	"60000"	"Thu Aug 07 09:47:42 PDT 2014"	"S28025"	"Approved"	""	"""snowman"""	"""scarf"""	"0"	"-1"	"1"	"0"	"0"	"1"	"0"	"0"	"-1"	"-1"	"-1"	"""TRUE"""	"""target"""	"""TRUE"""	"-1"	"-1"	"-1"	"-1"	"-1"	"-1"	"""Snowmen"""	"""No"""	"""24"""	"""m"""	"2"	"0"	"2"	"1"	"0"	"""5"""	"-1"
"What is he talking about? (1-2 mins)"	"Short and fun! A 1-2 minute word game about what someone is talking about."	"experiment, psychology, game"	"$0.25"	"Thu Jul 31 09:47:42 PDT 2014"	"200"	"0"	"0"	"200"	"Reviewable"	"NotReviewed"	"1 scales"	"600"	"60000"	"Thu Aug 07 09:47:42 PDT 2014"	"S26647"	"Approved"	""	"""pizza"""	"""mushrooms"""	"0"	"-1"	"1"	"0"	"0"	"1"	"0"	"0"	"-1"	"-1"	"-1"	"""TRUE"""	"""target"""	"""TRUE"""	"-1"	"-1"	"-1"	"-1"	"-1"	"-1"	"""pizza"""	""""""	"""28"""	"""f"""	"4"	"0"	"1"	"2"	"0"	"""5"""	"-1"
"What is he talking about? (1-2 mins)"	"Short and fun! A 1-2 minute word game about what someone is talking about."	"experiment, psychology, game"	"$0.25"	"Thu Jul 31 09:47:42 PDT 2014"	"200"	"0"	"0"	"200"	"Reviewable"	"NotReviewed"	"1 scales"	"600"	"60000"	"Thu Aug 07 09:47:42 PDT 2014"	"S65663"	"Approved"	""	"""snowman"""	"""scarf"""	"0"	"-1"	"1"	"0"	"0"	"1"	"0"	"0"	"-1"	"-1"	"-1"	"""TRUE"""	"""target"""	"""TRUE"""	"-1"	"-1"	"-1"	"-1"	"-1"	"-1"	"""Snowman name and appearance matching."""	"""Thanks for letting me participate."""	"""27"""	"""m"""	"2"	"0"	"0"	"2"	"1"	"""5"""	"-1"
"What is he talking about? (1-2 mins)"	"Short and fun! A 1-2 minute word game about what someone is talking about."	"experiment, psychology, game"	"$0.25"	"Thu Jul 31 09:47:42 PDT 2014"	"200"	"0"	"0"	"200"	"Reviewable"	"NotReviewed"	"1 scales"	"600"	"60000"	"Thu Aug 07 09:47:42 PDT 2014"	"S15984"	"Approved"	""	"""snowman"""	"""hat"""	"0"	"-1"	"1"	"0"	"0"	"1"	"0"	"0"	"-1"	"-1"	"-1"	"""TRUE"""	"""target"""	"""TRUE"""	"-1"	"-1"	"-1"	"-1"	"-1"	"-1"	"""Decorating snowmen"""	"""Thank you"""	"""29"""	"""m"""	"4"	"0"	"0"	"1"	"2"	"""5"""	"-1"
"What is he talking about? (1-2 mins)"	"Short and fun! A 1-2 minute word game about what someone is talking about."	"experiment, psychology, game"	"$0.25"	"Thu Jul 31 09:47:42 PDT 2014"	"200"	"0"	"0"	"200"	"Reviewable"	"NotReviewed"	"1 scales"	"600"	"60000"	"Thu Aug 07 09:47:42 PDT 2014"	"S72795"	"Approved"	""	"""friend"""	"""hat"""	"0"	"-1"	"1"	"0"	"0"	"1"	"0"	"0"	"-1"	"-1"	"-1"	"""TRUE"""	"""distractor3"""	"""FALSE"""	"-1"	"-1"	"-1"	"-1"	"-1"	"-1"	"""Trying to see who Bob is visiting based off on word"""	""""""	"""29"""	"""m"""	"4"	"0"	"0"	"2"	"1"	"""5"""	"-1"
"What is he talking about? (1-2 mins)"	"Short and fun! A 1-2 minute word game about what someone is talking about."	"experiment, psychology, game"	"$0.25"	"Thu Jul 31 09:47:42 PDT 2014"	"200"	"0"	"0"	"200"	"Reviewable"	"NotReviewed"	"1 scales"	"600"	"60000"	"Thu Aug 07 09:47:42 PDT 2014"	"S51102"	"Approved"	""	"""friend"""	"""glasses"""	"0"	"-1"	"1"	"0"	"0"	"1"	"0"	"0"	"-1"	"-1"	"-1"	"""TRUE"""	"""target"""	"""TRUE"""	"-1"	"-1"	"-1"	"-1"	"-1"	"-1"	"""I'm not sure."""	"""No problems."""	"""31"""	"""Male"""	"2"	"0"	"1"	"2"	"0"	"""5"""	"-1"
"What is he talking about? (1-2 mins)"	"Short and fun! A 1-2 minute word game about what someone is talking about."	"experiment, psychology, game"	"$0.25"	"Thu Jul 31 09:47:42 PDT 2014"	"200"	"0"	"0"	"200"	"Reviewable"	"NotReviewed"	"1 scales"	"600"	"60000"	"Thu Aug 07 09:47:42 PDT 2014"	"S75816"	"Approved"	""	"""boat"""	"""sail"""	"0"	"-1"	"1"	"0"	"0"	"1"	"0"	"0"	"-1"	"-1"	"-1"	"""TRUE"""	"""target"""	"""TRUE"""	"-1"	"-1"	"-1"	"-1"	"-1"	"-1"	"""What Bob is talking about"""	""""""	"""24"""	"""f"""	"2"	"0"	"0"	"1"	"2"	"""5"""	"-1"
"What is he talking about? (1-2 mins)"	"Short and fun! A 1-2 minute word game about what someone is talking about."	"experiment, psychology, game"	"$0.25"	"Thu Jul 31 09:47:42 PDT 2014"	"200"	"0"	"0"	"200"	"Reviewable"	"NotReviewed"	"1 scales"	"600"	"60000"	"Thu Aug 07 09:47:42 PDT 2014"	"S22876"	"Approved"	""	"""sundae"""	"""cherry"""	"0"	"-1"	"1"	"0"	"0"	"1"	"0"	"0"	"-1"	"-1"	"-1"	"""TRUE"""	"""target"""	"""TRUE"""	"-1"	"-1"	"-1"	"-1"	"-1"	"-1"	"""Seeing what we pick based on one word?"""	""""""	"""20"""	"""F"""	"4"	"0"	"2"	"1"	"0"	"""5"""	"-1"
"What is he talking about? (1-2 mins)"	"Short and fun! A 1-2 minute word game about what someone is talking about."	"experiment, psychology, game"	"$0.25"	"Thu Jul 31 09:47:42 PDT 2014"	"200"	"0"	"0"	"200"	"Reviewable"	"NotReviewed"	"1 scales"	"600"	"60000"	"Thu Aug 07 09:47:42 PDT 2014"	"S97113"	"Approved"	""	"""pizza"""	"""mushrooms"""	"0"	"-1"	"1"	"0"	"0"	"1"	"0"	"0"	"-1"	"-1"	"-1"	"""TRUE"""	"""target"""	"""TRUE"""	"-1"	"-1"	"-1"	"-1"	"-1"	"-1"	"""what is he talking about"""	""""""	"""44"""	"""f"""	"2"	"0"	"0"	"2"	"1"	"""5"""	"-1"
"What is he talking about? (1-2 mins)"	"Short and fun! A 1-2 minute word game about what someone is talking about."	"experiment, psychology, game"	"$0.25"	"Thu Jul 31 09:47:42 PDT 2014"	"200"	"0"	"0"	"200"	"Reviewable"	"NotReviewed"	"1 scales"	"600"	"60000"	"Thu Aug 07 09:47:42 PDT 2014"	"S15158"	"Approved"	""	"""Christmas tree"""	"""lights"""	"0"	"-1"	"1"	"0"	"0"	"1"	"0"	"0"	"-1"	"-1"	"-1"	"""TRUE"""	"""target"""	"""TRUE"""	"-1"	"-1"	"-1"	"-1"	"-1"	"-1"	"""Christmas trees"""	""""""	"""32"""	"""m"""	"4"	"0"	"2"	"0"	"1"	"""5"""	"-1"
"What is he talking about? (1-2 mins)"	"Short and fun! A 1-2 minute word game about what someone is talking about."	"experiment, psychology, game"	"$0.25"	"Thu Jul 31 09:47:42 PDT 2014"	"200"	"0"	"0"	"200"	"Reviewable"	"NotReviewed"	"1 scales"	"600"	"60000"	"Thu Aug 07 09:47:42 PDT 2014"	"S01383"	"Approved"	""	"""Christmas tree"""	"""ornaments"""	"0"	"-1"	"1"	"0"	"0"	"1"	"0"	"0"	"-1"	"-1"	"-1"	"""TRUE"""	"""target"""	"""TRUE"""	"-1"	"-1"	"-1"	"-1"	"-1"	"-1"	"""What bob is talking about."""	""""""	"""27"""	"""f"""	"4"	"0"	"0"	"1"	"2"	"""5"""	"-1"
"What is he talking about? (1-2 mins)"	"Short and fun! A 1-2 minute word game about what someone is talking about."	"experiment, psychology, game"	"$0.25"	"Thu Jul 31 09:47:42 PDT 2014"	"200"	"0"	"0"	"200"	"Reviewable"	"NotReviewed"	"1 scales"	"600"	"60000"	"Thu Aug 07 09:47:42 PDT 2014"	"S66817"	"Approved"	""	"""boat"""	"""sail"""	"0"	"-1"	"1"	"0"	"0"	"1"	"0"	"0"	"-1"	"-1"	"-1"	"""TRUE"""	"""target"""	"""TRUE"""	"-1"	"-1"	"-1"	"-1"	"-1"	"-1"	"""Cognition"""	""""""	"""29"""	"""m"""	"2"	"0"	"2"	"0"	"1"	"""5"""	"-1"
"What is he talking about? (1-2 mins)"	"Short and fun! A 1-2 minute word game about what someone is talking about."	"experiment, psychology, game"	"$0.25"	"Thu Jul 31 09:47:42 PDT 2014"	"200"	"0"	"0"	"200"	"Reviewable"	"NotReviewed"	"1 scales"	"600"	"60000"	"Thu Aug 07 09:47:42 PDT 2014"	"S37737"	"Approved"	""	"""snowman"""	"""scarf"""	"0"	"-1"	"1"	"0"	"0"	"1"	"0"	"0"	"-1"	"-1"	"-1"	"""TRUE"""	"""target"""	"""TRUE"""	"-1"	"-1"	"-1"	"-1"	"-1"	"-1"	"""Language"""	"""No"""	"""27"""	"""m"""	"4"	"0"	"0"	"2"	"1"	"""5"""	"-1"
"What is he talking about? (1-2 mins)"	"Short and fun! A 1-2 minute word game about what someone is talking about."	"experiment, psychology, game"	"$0.25"	"Thu Jul 31 09:47:42 PDT 2014"	"200"	"0"	"0"	"200"	"Reviewable"	"NotReviewed"	"1 scales"	"600"	"60000"	"Thu Aug 07 09:47:42 PDT 2014"	"S27101"	"Approved"	""	"""Christmas tree"""	"""lights"""	"0"	"-1"	"1"	"0"	"0"	"1"	"0"	"0"	"-1"	"-1"	"-1"	"""TRUE"""	"""target"""	"""TRUE"""	"-1"	"-1"	"-1"	"-1"	"-1"	"-1"	"""Communication"""	"""Thanks!"""	"""18"""	"""f"""	"4"	"0"	"1"	"2"	"0"	"""5"""	"-1"
"What is he talking about? (1-2 mins)"	"Short and fun! A 1-2 minute word game about what someone is talking about."	"experiment, psychology, game"	"$0.25"	"Thu Jul 31 09:47:42 PDT 2014"	"200"	"0"	"0"	"200"	"Reviewable"	"NotReviewed"	"1 scales"	"600"	"60000"	"Thu Aug 07 09:47:42 PDT 2014"	"S32761"	"Approved"	""	"""sundae"""	"""cherry"""	"0"	"-1"	"1"	"0"	"0"	"1"	"0"	"0"	"-1"	"-1"	"-1"	"""TRUE"""	"""target"""	"""TRUE"""	"-1"	"-1"	"-1"	"-1"	"-1"	"-1"	"""Ice Cream"""	""""""	"""22"""	"""M"""	"4"	"0"	"1"	"0"	"2"	"""5"""	"-1"
"What is he talking about? (1-2 mins)"	"Short and fun! A 1-2 minute word game about what someone is talking about."	"experiment, psychology, game"	"$0.25"	"Thu Jul 31 09:47:42 PDT 2014"	"200"	"0"	"0"	"200"	"Reviewable"	"NotReviewed"	"1 scales"	"600"	"60000"	"Thu Aug 07 09:47:42 PDT 2014"	"S25800"	"Approved"	""	"""sundae"""	"""whipped cream"""	"0"	"-1"	"1"	"0"	"0"	"1"	"0"	"0"	"-1"	"-1"	"-1"	"""TRUE"""	"""target"""	"""TRUE"""	"-1"	"-1"	"-1"	"-1"	"-1"	"-1"	"""communication?"""	""""""	"""24"""	"""f"""	"2"	"0"	"1"	"2"	"0"	"""5"""	"-1"
"What is he talking about? (1-2 mins)"	"Short and fun! A 1-2 minute word game about what someone is talking about."	"experiment, psychology, game"	"$0.25"	"Thu Jul 31 09:47:42 PDT 2014"	"200"	"0"	"0"	"200"	"Reviewable"	"NotReviewed"	"1 scales"	"600"	"60000"	"Thu Aug 07 09:47:42 PDT 2014"	"S68004"	"Approved"	""	"""snowman"""	"""scarf"""	"0"	"-1"	"1"	"0"	"0"	"1"	"0"	"0"	"-1"	"-1"	"-1"	"""TRUE"""	"""target"""	"""TRUE"""	"-1"	"-1"	"-1"	"-1"	"-1"	"-1"	"""Perceptions of people"""	"""Thank you!"""	"""23"""	"""m"""	"4"	"0"	"0"	"1"	"2"	"""5"""	"-1"
"What is he talking about? (1-2 mins)"	"Short and fun! A 1-2 minute word game about what someone is talking about."	"experiment, psychology, game"	"$0.25"	"Thu Jul 31 09:47:42 PDT 2014"	"200"	"0"	"0"	"200"	"Reviewable"	"NotReviewed"	"1 scales"	"600"	"60000"	"Thu Aug 07 09:47:42 PDT 2014"	"S53829"	"Approved"	""	"""snowman"""	"""scarf"""	"0"	"-1"	"1"	"0"	"0"	"1"	"0"	"0"	"-1"	"-1"	"-1"	"""TRUE"""	"""distractor3"""	"""FALSE"""	"-1"	"-1"	"-1"	"-1"	"-1"	"-1"	"""bob asking which snowman has a scarf?"""	"""no"""	"""30"""	"""m"""	"4"	"0"	"1"	"2"	"0"	"""5"""	"-1"
"What is he talking about? (1-2 mins)"	"Short and fun! A 1-2 minute word game about what someone is talking about."	"experiment, psychology, game"	"$0.25"	"Thu Jul 31 09:47:42 PDT 2014"	"200"	"0"	"0"	"200"	"Reviewable"	"NotReviewed"	"1 scales"	"600"	"60000"	"Thu Aug 07 09:47:42 PDT 2014"	"S72442"	"Approved"	""	"""sundae"""	"""whipped cream"""	"0"	"-1"	"1"	"0"	"0"	"1"	"0"	"0"	"-1"	"-1"	"-1"	"""TRUE"""	"""target"""	"""TRUE"""	"-1"	"-1"	"-1"	"-1"	"-1"	"-1"	"""distinguishing language"""	"""n/a"""	""""""	"""m"""	"4"	"0"	"2"	"0"	"1"	"""5"""	"-1"
"What is he talking about? (1-2 mins)"	"Short and fun! A 1-2 minute word game about what someone is talking about."	"experiment, psychology, game"	"$0.25"	"Thu Jul 31 09:47:42 PDT 2014"	"200"	"0"	"0"	"200"	"Reviewable"	"NotReviewed"	"1 scales"	"600"	"60000"	"Thu Aug 07 09:47:42 PDT 2014"	"S15273"	"Approved"	""	"""snowman"""	"""scarf"""	"0"	"-1"	"1"	"0"	"0"	"1"	"0"	"0"	"-1"	"-1"	"-1"	"""TRUE"""	"""target"""	"""TRUE"""	"-1"	"-1"	"-1"	"-1"	"-1"	"-1"	"""Communication """	""""""	"""41"""	"""f"""	"4"	"0"	"0"	"1"	"2"	"""5"""	"-1"
"What is he talking about? (1-2 mins)"	"Short and fun! A 1-2 minute word game about what someone is talking about."	"experiment, psychology, game"	"$0.25"	"Thu Jul 31 09:47:42 PDT 2014"	"200"	"0"	"0"	"200"	"Reviewable"	"NotReviewed"	"1 scales"	"600"	"60000"	"Thu Aug 07 09:47:42 PDT 2014"	"S96274"	"Approved"	""	"""friend"""	"""hat"""	"0"	"-1"	"1"	"0"	"0"	"1"	"0"	"0"	"-1"	"-1"	"-1"	"""TRUE"""	"""target"""	"""TRUE"""	"-1"	"-1"	"-1"	"-1"	"-1"	"-1"	"""I was told something about a person and meant to interpret his following statement."""	"""Nope"""	"""25"""	"""m"""	"4"	"0"	"2"	"0"	"1"	"""5"""	"-1"
"What is he talking about? (1-2 mins)"	"Short and fun! A 1-2 minute word game about what someone is talking about."	"experiment, psychology, game"	"$0.25"	"Thu Jul 31 09:47:42 PDT 2014"	"200"	"0"	"0"	"200"	"Reviewable"	"NotReviewed"	"1 scales"	"600"	"60000"	"Thu Aug 07 09:47:42 PDT 2014"	"S50508"	"Approved"	""	"""pizza"""	"""mushrooms"""	"0"	"-1"	"1"	"0"	"0"	"1"	"0"	"0"	"-1"	"-1"	"-1"	"""TRUE"""	"""target"""	"""TRUE"""	"-1"	"-1"	"-1"	"-1"	"-1"	"-1"	"""Pizzas"""	"""None"""	"""26"""	"""m"""	"4"	"0"	"2"	"0"	"1"	"""5"""	"-1"
"What is he talking about? (1-2 mins)"	"Short and fun! A 1-2 minute word game about what someone is talking about."	"experiment, psychology, game"	"$0.25"	"Thu Jul 31 09:47:42 PDT 2014"	"200"	"0"	"0"	"200"	"Reviewable"	"NotReviewed"	"1 scales"	"600"	"60000"	"Thu Aug 07 09:47:42 PDT 2014"	"S93758"	"Approved"	""	"""pizza"""	"""mushrooms"""	"0"	"-1"	"1"	"0"	"0"	"1"	"0"	"0"	"-1"	"-1"	"-1"	"""TRUE"""	"""target"""	"""TRUE"""	"-1"	"-1"	"-1"	"-1"	"-1"	"-1"	"""pizza and bob"""	""""""	"""29"""	"""m"""	"4"	"0"	"2"	"0"	"1"	"""5"""	"-1"
"What is he talking about? (1-2 mins)"	"Short and fun! A 1-2 minute word game about what someone is talking about."	"experiment, psychology, game"	"$0.25"	"Thu Jul 31 09:47:42 PDT 2014"	"200"	"0"	"0"	"200"	"Reviewable"	"NotReviewed"	"1 scales"	"600"	"60000"	"Thu Aug 07 09:47:42 PDT 2014"	"S90503"	"Approved"	""	"""pizza"""	"""olives"""	"0"	"-1"	"1"	"0"	"0"	"1"	"0"	"0"	"-1"	"-1"	"-1"	"""TRUE"""	"""target"""	"""TRUE"""	"-1"	"-1"	"-1"	"-1"	"-1"	"-1"	"""our understanding of one word commands"""	"""no"""	"""25"""	"""f"""	"2"	"0"	"1"	"2"	"0"	"""5"""	"-1"
"What is he talking about? (1-2 mins)"	"Short and fun! A 1-2 minute word game about what someone is talking about."	"experiment, psychology, game"	"$0.25"	"Thu Jul 31 09:47:42 PDT 2014"	"200"	"0"	"0"	"200"	"Reviewable"	"NotReviewed"	"1 scales"	"600"	"60000"	"Thu Aug 07 09:47:42 PDT 2014"	"S24576"	"Approved"	""	"""boat"""	"""sail"""	"0"	"-1"	"1"	"0"	"0"	"1"	"0"	"0"	"-1"	"-1"	"-1"	"""TRUE"""	"""target"""	"""TRUE"""	"-1"	"-1"	"-1"	"-1"	"-1"	"-1"	"""what bob was saying"""	""""""	""""""	""""""	"2"	"0"	"2"	"0"	"1"	"""5"""	"-1"
"What is he talking about? (1-2 mins)"	"Short and fun! A 1-2 minute word game about what someone is talking about."	"experiment, psychology, game"	"$0.25"	"Thu Jul 31 09:47:42 PDT 2014"	"200"	"0"	"0"	"200"	"Reviewable"	"NotReviewed"	"1 scales"	"600"	"60000"	"Thu Aug 07 09:47:42 PDT 2014"	"S58881"	"Approved"	""	"""boat"""	"""sail"""	"0"	"-1"	"1"	"0"	"0"	"1"	"0"	"0"	"-1"	"-1"	"-1"	"""TRUE"""	"""target"""	"""TRUE"""	"-1"	"-1"	"-1"	"-1"	"-1"	"-1"	"""boats"""	"""no"""	"""31"""	"""f"""	"2"	"0"	"1"	"2"	"0"	"""5"""	"-1"
"What is he talking about? (1-2 mins)"	"Short and fun! A 1-2 minute word game about what someone is talking about."	"experiment, psychology, game"	"$0.25"	"Thu Jul 31 09:47:42 PDT 2014"	"200"	"0"	"0"	"200"	"Reviewable"	"NotReviewed"	"1 scales"	"600"	"60000"	"Thu Aug 07 09:47:42 PDT 2014"	"S71897"	"Approved"	""	"""friend"""	"""glasses"""	"0"	"-1"	"1"	"0"	"0"	"1"	"0"	"0"	"-1"	"-1"	"-1"	"""TRUE"""	"""target"""	"""TRUE"""	"-1"	"-1"	"-1"	"-1"	"-1"	"-1"	"""a guy who can only say one word"""	"""thanks"""	"""21"""	"""m"""	"2"	"0"	"0"	"2"	"1"	"""5"""	"-1"
"What is he talking about? (1-2 mins)"	"Short and fun! A 1-2 minute word game about what someone is talking about."	"experiment, psychology, game"	"$0.25"	"Thu Jul 31 09:47:42 PDT 2014"	"200"	"0"	"0"	"200"	"Reviewable"	"NotReviewed"	"1 scales"	"600"	"60000"	"Thu Aug 07 09:47:42 PDT 2014"	"S39701"	"Approved"	""	"""snowman"""	"""hat"""	"0"	"-1"	"1"	"0"	"0"	"1"	"0"	"0"	"-1"	"-1"	"-1"	"""TRUE"""	"""target"""	"""TRUE"""	"-1"	"-1"	"-1"	"-1"	"-1"	"-1"	"""Guessing what Bob meant by hat."""	""""""	"""39"""	"""m"""	"2"	"0"	"0"	"2"	"1"	"""5"""	"-1"
"What is he talking about? (1-2 mins)"	"Short and fun! A 1-2 minute word game about what someone is talking about."	"experiment, psychology, game"	"$0.25"	"Thu Jul 31 09:47:42 PDT 2014"	"200"	"0"	"0"	"200"	"Reviewable"	"NotReviewed"	"1 scales"	"600"	"60000"	"Thu Aug 07 09:47:42 PDT 2014"	"S31462"	"Approved"	""	"""boat"""	"""sail"""	"0"	"-1"	"1"	"0"	"0"	"1"	"0"	"0"	"-1"	"-1"	"-1"	"""TRUE"""	"""distractor2"""	"""FALSE"""	"-1"	"-1"	"-1"	"-1"	"-1"	"-1"	"""Choosing which kind of boat Bob was talking about when he said \""sail\"""""	""""""	"""35"""	"""m"""	"2"	"0"	"0"	"2"	"1"	"""5"""	"-1"
"What is he talking about? (1-2 mins)"	"Short and fun! A 1-2 minute word game about what someone is talking about."	"experiment, psychology, game"	"$0.25"	"Thu Jul 31 09:47:42 PDT 2014"	"200"	"0"	"0"	"200"	"Reviewable"	"NotReviewed"	"1 scales"	"600"	"60000"	"Thu Aug 07 09:47:42 PDT 2014"	"S08927"	"Approved"	""	"""Christmas tree"""	"""lights"""	"0"	"-1"	"1"	"0"	"0"	"1"	"0"	"0"	"-1"	"-1"	"-1"	"""TRUE"""	"""target"""	"""TRUE"""	"-1"	"-1"	"-1"	"-1"	"-1"	"-1"	"""commuication"""	""""""	"""41"""	"""male"""	"2"	"0"	"0"	"1"	"2"	"""5"""	"-1"
"What is he talking about? (1-2 mins)"	"Short and fun! A 1-2 minute word game about what someone is talking about."	"experiment, psychology, game"	"$0.25"	"Thu Jul 31 09:47:42 PDT 2014"	"200"	"0"	"0"	"200"	"Reviewable"	"NotReviewed"	"1 scales"	"600"	"60000"	"Thu Aug 07 09:47:42 PDT 2014"	"S13813"	"Approved"	""	"""boat"""	"""sail"""	"0"	"-1"	"1"	"0"	"0"	"1"	"0"	"0"	"-1"	"-1"	"-1"	"""TRUE"""	"""distractor3"""	"""FALSE"""	"-1"	"-1"	"-1"	"-1"	"-1"	"-1"	"""Communcation"""	"""Thank you!"""	"""28"""	"""Male"""	"4"	"0"	"2"	"1"	"0"	"""5"""	"-1"
"What is he talking about? (1-2 mins)"	"Short and fun! A 1-2 minute word game about what someone is talking about."	"experiment, psychology, game"	"$0.25"	"Thu Jul 31 09:47:42 PDT 2014"	"200"	"0"	"0"	"200"	"Reviewable"	"NotReviewed"	"1 scales"	"600"	"60000"	"Thu Aug 07 09:47:42 PDT 2014"	"S11720"	"Approved"	""	"""pizza"""	"""mushrooms"""	"0"	"-1"	"1"	"0"	"0"	"1"	"0"	"0"	"-1"	"-1"	"-1"	"""TRUE"""	"""distractor2"""	"""FALSE"""	"-1"	"-1"	"-1"	"-1"	"-1"	"-1"	"""pizza"""	""""""	"""23"""	"""female"""	"2"	"0"	"2"	"0"	"1"	"""5"""	"-1"
"What is he talking about? (1-2 mins)"	"Short and fun! A 1-2 minute word game about what someone is talking about."	"experiment, psychology, game"	"$0.25"	"Thu Jul 31 09:47:42 PDT 2014"	"200"	"0"	"0"	"200"	"Reviewable"	"NotReviewed"	"1 scales"	"600"	"60000"	"Thu Aug 07 09:47:42 PDT 2014"	"S26879"	"Approved"	""	"""snowman"""	"""scarf"""	"0"	"-1"	"1"	"0"	"0"	"1"	"0"	"0"	"-1"	"-1"	"-1"	"""TRUE"""	"""target"""	"""TRUE"""	"-1"	"-1"	"-1"	"-1"	"-1"	"-1"	"""How people describe things"""	"""No issues"""	"""30"""	"""M"""	"2"	"0"	"2"	"0"	"1"	"""5"""	"-1"
"What is he talking about? (1-2 mins)"	"Short and fun! A 1-2 minute word game about what someone is talking about."	"experiment, psychology, game"	"$0.25"	"Thu Jul 31 09:47:42 PDT 2014"	"200"	"0"	"0"	"200"	"Reviewable"	"NotReviewed"	"1 scales"	"600"	"60000"	"Thu Aug 07 09:47:42 PDT 2014"	"S00701"	"Approved"	""	"""snowman"""	"""scarf"""	"0"	"-1"	"1"	"0"	"0"	"1"	"0"	"0"	"-1"	"-1"	"-1"	"""TRUE"""	"""target"""	"""TRUE"""	"-1"	"-1"	"-1"	"-1"	"-1"	"-1"	"""identifying what bob is referring to"""	""""""	""""""	""""""	"4"	"0"	"1"	"0"	"2"	"""5"""	"-1"
"What is he talking about? (1-2 mins)"	"Short and fun! A 1-2 minute word game about what someone is talking about."	"experiment, psychology, game"	"$0.25"	"Thu Jul 31 09:47:42 PDT 2014"	"200"	"0"	"0"	"200"	"Reviewable"	"NotReviewed"	"1 scales"	"600"	"60000"	"Thu Aug 07 09:47:42 PDT 2014"	"S23398"	"Approved"	""	"""Christmas tree"""	"""ornaments"""	"0"	"-1"	"1"	"0"	"0"	"1"	"0"	"0"	"-1"	"-1"	"-1"	"""TRUE"""	"""distractor3"""	"""FALSE"""	"-1"	"-1"	"-1"	"-1"	"-1"	"-1"	"""Christmas trees"""	"""no"""	"""47"""	"""m"""	"4"	"0"	"1"	"2"	"0"	"""5"""	"-1"
"What is he talking about? (1-2 mins)"	"Short and fun! A 1-2 minute word game about what someone is talking about."	"experiment, psychology, game"	"$0.25"	"Thu Jul 31 09:47:42 PDT 2014"	"200"	"0"	"0"	"200"	"Reviewable"	"NotReviewed"	"1 scales"	"600"	"60000"	"Thu Aug 07 09:47:42 PDT 2014"	"S45018"	"Approved"	""	"""sundae"""	"""cherry"""	"0"	"-1"	"1"	"0"	"0"	"1"	"0"	"0"	"-1"	"-1"	"-1"	"""TRUE"""	"""target"""	"""TRUE"""	"-1"	"-1"	"-1"	"-1"	"-1"	"-1"	"""Bob liking sundaes"""	""""""	"""31"""	"""f"""	"4"	"0"	"1"	"0"	"2"	"""5"""	"-1"
"What is he talking about? (1-2 mins)"	"Short and fun! A 1-2 minute word game about what someone is talking about."	"experiment, psychology, game"	"$0.25"	"Thu Jul 31 09:47:42 PDT 2014"	"200"	"0"	"0"	"200"	"Reviewable"	"NotReviewed"	"1 scales"	"600"	"60000"	"Thu Aug 07 09:47:42 PDT 2014"	"S10595"	"Approved"	""	"""boat"""	"""cabin"""	"0"	"-1"	"1"	"0"	"0"	"1"	"0"	"0"	"-1"	"-1"	"-1"	"""TRUE"""	"""distractor1"""	"""FALSE"""	"-1"	"-1"	"-1"	"-1"	"-1"	"-1"	"""Communication using only one word."""	""""""	"""37"""	"""m"""	"2"	"0"	"0"	"1"	"2"	"""5"""	"-1"
"What is he talking about? (1-2 mins)"	"Short and fun! A 1-2 minute word game about what someone is talking about."	"experiment, psychology, game"	"$0.25"	"Thu Jul 31 09:47:42 PDT 2014"	"200"	"0"	"0"	"200"	"Reviewable"	"NotReviewed"	"1 scales"	"600"	"60000"	"Thu Aug 07 09:47:42 PDT 2014"	"S63401"	"Approved"	""	"""snowman"""	"""hat"""	"0"	"-1"	"1"	"0"	"0"	"1"	"0"	"0"	"-1"	"-1"	"-1"	"""TRUE"""	"""target"""	"""TRUE"""	"-1"	"-1"	"-1"	"-1"	"-1"	"-1"	"""not sure"""	""""""	"""38"""	"""male"""	"4"	"0"	"2"	"0"	"1"	"""5"""	"-1"
"What is he talking about? (1-2 mins)"	"Short and fun! A 1-2 minute word game about what someone is talking about."	"experiment, psychology, game"	"$0.25"	"Thu Jul 31 09:47:42 PDT 2014"	"200"	"0"	"0"	"200"	"Reviewable"	"NotReviewed"	"1 scales"	"600"	"60000"	"Thu Aug 07 09:47:42 PDT 2014"	"S70202"	"Approved"	""	"""friend"""	"""hat"""	"0"	"-1"	"1"	"0"	"0"	"1"	"0"	"0"	"-1"	"-1"	"-1"	"""TRUE"""	"""target"""	"""TRUE"""	"-1"	"-1"	"-1"	"-1"	"-1"	"-1"	"""figuring out what bob meant"""	"""no"""	"""33"""	"""m"""	"4"	"0"	"2"	"1"	"0"	"""5"""	"-1"
"What is he talking about? (1-2 mins)"	"Short and fun! A 1-2 minute word game about what someone is talking about."	"experiment, psychology, game"	"$0.25"	"Thu Jul 31 09:47:42 PDT 2014"	"200"	"0"	"0"	"200"	"Reviewable"	"NotReviewed"	"1 scales"	"600"	"60000"	"Thu Aug 07 09:47:42 PDT 2014"	"S17109"	"Approved"	""	"""Christmas tree"""	"""ornaments"""	"0"	"-1"	"1"	"0"	"0"	"1"	"0"	"0"	"-1"	"-1"	"-1"	"""TRUE"""	"""distractor2"""	"""FALSE"""	"-1"	"-1"	"-1"	"-1"	"-1"	"-1"	"""Bob likes to trim Christmas trees"""	"""no"""	"""33"""	"""f"""	"2"	"0"	"0"	"1"	"2"	"""5"""	"-1"
"What is he talking about? (1-2 mins)"	"Short and fun! A 1-2 minute word game about what someone is talking about."	"experiment, psychology, game"	"$0.25"	"Thu Jul 31 09:47:42 PDT 2014"	"200"	"0"	"0"	"200"	"Reviewable"	"NotReviewed"	"1 scales"	"600"	"60000"	"Thu Aug 07 09:47:42 PDT 2014"	"S26045"	"Approved"	""	"""sundae"""	"""cherry"""	"0"	"-1"	"1"	"0"	"0"	"1"	"0"	"0"	"-1"	"-1"	"-1"	"""TRUE"""	"""target"""	"""TRUE"""	"-1"	"-1"	"-1"	"-1"	"-1"	"-1"	"""ice cream"""	""""""	""""""	""""""	"4"	"0"	"2"	"0"	"1"	"""5"""	"-1"
"What is he talking about? (1-2 mins)"	"Short and fun! A 1-2 minute word game about what someone is talking about."	"experiment, psychology, game"	"$0.25"	"Thu Jul 31 09:47:42 PDT 2014"	"200"	"0"	"0"	"200"	"Reviewable"	"NotReviewed"	"1 scales"	"600"	"60000"	"Thu Aug 07 09:47:42 PDT 2014"	"S16945"	"Approved"	""	"""sundae"""	"""whipped cream"""	"0"	"-1"	"1"	"0"	"0"	"1"	"0"	"0"	"-1"	"-1"	"-1"	"""TRUE"""	"""distractor2"""	"""FALSE"""	"-1"	"-1"	"-1"	"-1"	"-1"	"-1"	"""ice cream"""	""""""	"""21"""	"""M"""	"2"	"0"	"1"	"0"	"2"	"""5"""	"-1"
"What is he talking about? (1-2 mins)"	"Short and fun! A 1-2 minute word game about what someone is talking about."	"experiment, psychology, game"	"$0.25"	"Thu Jul 31 09:47:42 PDT 2014"	"200"	"0"	"0"	"200"	"Reviewable"	"NotReviewed"	"1 scales"	"600"	"60000"	"Thu Aug 07 09:47:42 PDT 2014"	"S46303"	"Approved"	""	"""friend"""	"""glasses"""	"0"	"-1"	"1"	"0"	"0"	"1"	"0"	"0"	"-1"	"-1"	"-1"	"""TRUE"""	"""target"""	"""TRUE"""	"-1"	"-1"	"-1"	"-1"	"-1"	"-1"	"""language"""	"""nope"""	"""23"""	"""f"""	"2"	"0"	"2"	"0"	"1"	"""5"""	"-1"
"What is he talking about? (1-2 mins)"	"Short and fun! A 1-2 minute word game about what someone is talking about."	"experiment, psychology, game"	"$0.25"	"Thu Jul 31 09:47:42 PDT 2014"	"200"	"0"	"0"	"200"	"Reviewable"	"NotReviewed"	"1 scales"	"600"	"60000"	"Thu Aug 07 09:47:42 PDT 2014"	"S71795"	"Approved"	""	"""friend"""	"""hat"""	"0"	"-1"	"1"	"0"	"0"	"1"	"0"	"0"	"-1"	"-1"	"-1"	"""TRUE"""	"""target"""	"""TRUE"""	"-1"	"-1"	"-1"	"-1"	"-1"	"-1"	"""descriptions"""	"""no"""	"""26"""	"""m"""	"2"	"0"	"1"	"2"	"0"	"""5"""	"-1"
"What is he talking about? (1-2 mins)"	"Short and fun! A 1-2 minute word game about what someone is talking about."	"experiment, psychology, game"	"$0.25"	"Thu Jul 31 09:47:42 PDT 2014"	"200"	"0"	"0"	"200"	"Reviewable"	"NotReviewed"	"1 scales"	"600"	"60000"	"Thu Aug 07 09:47:42 PDT 2014"	"S38167"	"Approved"	""	"""friend"""	"""hat"""	"0"	"-1"	"1"	"0"	"0"	"1"	"0"	"0"	"-1"	"-1"	"-1"	"""TRUE"""	"""target"""	"""TRUE"""	"-1"	"-1"	"-1"	"-1"	"-1"	"-1"	"""a decsion"""	""""""	"""19"""	"""m"""	"4"	"0"	"2"	"0"	"1"	"""5"""	"-1"
"What is he talking about? (1-2 mins)"	"Short and fun! A 1-2 minute word game about what someone is talking about."	"experiment, psychology, game"	"$0.25"	"Thu Jul 31 09:47:42 PDT 2014"	"200"	"0"	"0"	"200"	"Reviewable"	"NotReviewed"	"1 scales"	"600"	"60000"	"Thu Aug 07 09:47:42 PDT 2014"	"S33333"	"Approved"	""	"""snowman"""	"""hat"""	"0"	"-1"	"1"	"0"	"0"	"1"	"0"	"0"	"-1"	"-1"	"-1"	"""TRUE"""	"""target"""	"""TRUE"""	"-1"	"-1"	"-1"	"-1"	"-1"	"-1"	"""Snowmen"""	"""no"""	"""23"""	"""m"""	"4"	"0"	"1"	"2"	"0"	"""5"""	"-1"
"What is he talking about? (1-2 mins)"	"Short and fun! A 1-2 minute word game about what someone is talking about."	"experiment, psychology, game"	"$0.25"	"Thu Jul 31 09:47:42 PDT 2014"	"200"	"0"	"0"	"200"	"Reviewable"	"NotReviewed"	"1 scales"	"600"	"60000"	"Thu Aug 07 09:47:42 PDT 2014"	"S38375"	"Approved"	""	"""sundae"""	"""whipped cream"""	"0"	"-1"	"1"	"0"	"0"	"1"	"0"	"0"	"-1"	"-1"	"-1"	"""TRUE"""	"""target"""	"""TRUE"""	"-1"	"-1"	"-1"	"-1"	"-1"	"-1"	"""about what you think bob is saying"""	"""nope"""	"""20"""	"""f"""	"2"	"0"	"2"	"0"	"1"	"""5"""	"-1"
"What is he talking about? (1-2 mins)"	"Short and fun! A 1-2 minute word game about what someone is talking about."	"experiment, psychology, game"	"$0.25"	"Thu Jul 31 09:47:42 PDT 2014"	"200"	"0"	"0"	"200"	"Reviewable"	"NotReviewed"	"1 scales"	"600"	"60000"	"Thu Aug 07 09:47:42 PDT 2014"	"S10264"	"Approved"	""	"""friend"""	"""glasses"""	"0"	"-1"	"1"	"0"	"0"	"1"	"0"	"0"	"-1"	"-1"	"-1"	"""TRUE"""	"""target"""	"""TRUE"""	"-1"	"-1"	"-1"	"-1"	"-1"	"-1"	"""intentions"""	""""""	"""40"""	"""m"""	"2"	"0"	"2"	"0"	"1"	"""5"""	"-1"
"What is he talking about? (1-2 mins)"	"Short and fun! A 1-2 minute word game about what someone is talking about."	"experiment, psychology, game"	"$0.25"	"Thu Jul 31 09:47:42 PDT 2014"	"200"	"0"	"0"	"200"	"Reviewable"	"NotReviewed"	"1 scales"	"600"	"60000"	"Thu Aug 07 09:47:42 PDT 2014"	"S03126"	"Approved"	""	"""boat"""	"""cabin"""	"0"	"-1"	"1"	"0"	"0"	"1"	"0"	"0"	"-1"	"-1"	"-1"	"""TRUE"""	"""distractor2"""	"""FALSE"""	"-1"	"-1"	"-1"	"-1"	"-1"	"-1"	"""Which boat he indicated with the word \""cabin\"""""	""""""	"""27"""	"""f"""	"2"	"0"	"0"	"1"	"2"	"""5"""	"-1"
"What is he talking about? (1-2 mins)"	"Short and fun! A 1-2 minute word game about what someone is talking about."	"experiment, psychology, game"	"$0.25"	"Thu Jul 31 09:47:42 PDT 2014"	"200"	"0"	"0"	"200"	"Reviewable"	"NotReviewed"	"1 scales"	"600"	"60000"	"Thu Aug 07 09:47:42 PDT 2014"	"S51023"	"Approved"	""	"""boat"""	"""cabin"""	"0"	"-1"	"1"	"0"	"0"	"1"	"0"	"0"	"-1"	"-1"	"-1"	"""TRUE"""	"""distractor3"""	"""FALSE"""	"-1"	"-1"	"-1"	"-1"	"-1"	"-1"	"""Reading comprehension"""	"""Have a nice day!"""	"""40"""	"""m"""	"4"	"0"	"2"	"0"	"1"	"""5"""	"-1"
"What is he talking about? (1-2 mins)"	"Short and fun! A 1-2 minute word game about what someone is talking about."	"experiment, psychology, game"	"$0.25"	"Thu Jul 31 09:47:42 PDT 2014"	"200"	"0"	"0"	"200"	"Reviewable"	"NotReviewed"	"1 scales"	"600"	"60000"	"Thu Aug 07 09:47:42 PDT 2014"	"S56110"	"Approved"	""	"""boat"""	"""cabin"""	"0"	"-1"	"1"	"0"	"0"	"1"	"0"	"0"	"-1"	"-1"	"-1"	"""TRUE"""	"""target"""	"""TRUE"""	"-1"	"-1"	"-1"	"-1"	"-1"	"-1"	"""Wordplay"""	"""Thanks!"""	"""24"""	"""m"""	"4"	"0"	"1"	"2"	"0"	"""5"""	"-1"
"What is he talking about? (1-2 mins)"	"Short and fun! A 1-2 minute word game about what someone is talking about."	"experiment, psychology, game"	"$0.25"	"Thu Jul 31 09:47:42 PDT 2014"	"200"	"0"	"0"	"200"	"Reviewable"	"NotReviewed"	"1 scales"	"600"	"60000"	"Thu Aug 07 09:47:42 PDT 2014"	"S79444"	"Approved"	""	"""friend"""	"""glasses"""	"0"	"-1"	"1"	"0"	"0"	"1"	"0"	"0"	"-1"	"-1"	"-1"	"""TRUE"""	"""distractor3"""	"""FALSE"""	"-1"	"-1"	"-1"	"-1"	"-1"	"-1"	"""What we thought Bob was talking about"""	""""""	"""23"""	"""f"""	"4"	"0"	"2"	"1"	"0"	"""5"""	"-1"
"What is he talking about? (1-2 mins)"	"Short and fun! A 1-2 minute word game about what someone is talking about."	"experiment, psychology, game"	"$0.25"	"Thu Jul 31 09:47:42 PDT 2014"	"200"	"0"	"0"	"200"	"Reviewable"	"NotReviewed"	"1 scales"	"600"	"60000"	"Thu Aug 07 09:47:42 PDT 2014"	"S35644"	"Approved"	""	"""snowman"""	"""hat"""	"0"	"-1"	"1"	"0"	"0"	"1"	"0"	"0"	"-1"	"-1"	"-1"	"""TRUE"""	"""target"""	"""TRUE"""	"-1"	"-1"	"-1"	"-1"	"-1"	"-1"	"""meanings"""	"""no"""	"""55"""	"""f"""	"4"	"0"	"0"	"2"	"1"	"""5"""	"-1"
"What is he talking about? (1-2 mins)"	"Short and fun! A 1-2 minute word game about what someone is talking about."	"experiment, psychology, game"	"$0.25"	"Thu Jul 31 09:47:42 PDT 2014"	"200"	"0"	"0"	"200"	"Reviewable"	"NotReviewed"	"1 scales"	"600"	"60000"	"Thu Aug 07 09:47:42 PDT 2014"	"S83703"	"Approved"	""	"""Christmas tree"""	"""ornaments"""	"0"	"-1"	"1"	"0"	"0"	"1"	"0"	"0"	"-1"	"-1"	"-1"	"""TRUE"""	"""distractor3"""	"""FALSE"""	"-1"	"-1"	"-1"	"-1"	"-1"	"-1"	"""christmas trees"""	"""great study"""	""""""	"""m"""	"4"	"0"	"0"	"2"	"1"	"""5"""	"-1"
"What is he talking about? (1-2 mins)"	"Short and fun! A 1-2 minute word game about what someone is talking about."	"experiment, psychology, game"	"$0.25"	"Thu Jul 31 09:47:42 PDT 2014"	"200"	"0"	"0"	"200"	"Reviewable"	"NotReviewed"	"1 scales"	"600"	"60000"	"Thu Aug 07 09:47:42 PDT 2014"	"S20292"	"Approved"	""	"""friend"""	"""glasses"""	"0"	"-1"	"1"	"0"	"0"	"1"	"0"	"0"	"-1"	"-1"	"-1"	"""TRUE"""	"""target"""	"""TRUE"""	"-1"	"-1"	"-1"	"-1"	"-1"	"-1"	"""Bob and his homies."""	"""None."""	"""31"""	"""m"""	"2"	"0"	"0"	"1"	"2"	"""5"""	"-1"
"What is he talking about? (1-2 mins)"	"Short and fun! A 1-2 minute word game about what someone is talking about."	"experiment, psychology, game"	"$0.25"	"Thu Jul 31 09:47:42 PDT 2014"	"200"	"0"	"0"	"200"	"Reviewable"	"NotReviewed"	"1 scales"	"600"	"60000"	"Thu Aug 07 09:47:42 PDT 2014"	"S92874"	"Approved"	""	"""boat"""	"""cabin"""	"0"	"-1"	"1"	"0"	"0"	"1"	"0"	"0"	"-1"	"-1"	"-1"	"""TRUE"""	"""distractor2"""	"""FALSE"""	"-1"	"-1"	"-1"	"-1"	"-1"	"-1"	"""Communication"""	""""""	"""28"""	"""m"""	"2"	"0"	"2"	"0"	"1"	"""5"""	"-1"
"What is he talking about? (1-2 mins)"	"Short and fun! A 1-2 minute word game about what someone is talking about."	"experiment, psychology, game"	"$0.25"	"Thu Jul 31 09:47:42 PDT 2014"	"200"	"0"	"0"	"200"	"Reviewable"	"NotReviewed"	"1 scales"	"600"	"60000"	"Thu Aug 07 09:47:42 PDT 2014"	"S19015"	"Approved"	""	"""Christmas tree"""	"""ornaments"""	"0"	"-1"	"1"	"0"	"0"	"1"	"0"	"0"	"-1"	"-1"	"-1"	"""TRUE"""	"""target"""	"""TRUE"""	"-1"	"-1"	"-1"	"-1"	"-1"	"-1"	"""bob trims trees and can only say one word and he said ornaments"""	"""interesting survey"""	"""21"""	"""m"""	"2"	"0"	"1"	"0"	"2"	"""5"""	"-1"
"What is he talking about? (1-2 mins)"	"Short and fun! A 1-2 minute word game about what someone is talking about."	"experiment, psychology, game"	"$0.25"	"Thu Jul 31 09:47:42 PDT 2014"	"200"	"0"	"0"	"200"	"Reviewable"	"NotReviewed"	"1 scales"	"600"	"60000"	"Thu Aug 07 09:47:42 PDT 2014"	"S78326"	"Approved"	""	"""Christmas tree"""	"""lights"""	"0"	"-1"	"1"	"0"	"0"	"1"	"0"	"0"	"-1"	"-1"	"-1"	"""TRUE"""	"""distractor3"""	"""FALSE"""	"-1"	"-1"	"-1"	"-1"	"-1"	"-1"	"""Picking a tree based off of what Bob said"""	"""no"""	""""""	"""m"""	"4"	"0"	"1"	"0"	"2"	"""5"""	"-1"
"What is he talking about? (1-2 mins)"	"Short and fun! A 1-2 minute word game about what someone is talking about."	"experiment, psychology, game"	"$0.25"	"Thu Jul 31 09:47:42 PDT 2014"	"200"	"0"	"0"	"200"	"Reviewable"	"NotReviewed"	"1 scales"	"600"	"60000"	"Thu Aug 07 09:47:42 PDT 2014"	"S63330"	"Approved"	""	"""sundae"""	"""cherry"""	"0"	"-1"	"1"	"0"	"0"	"1"	"0"	"0"	"-1"	"-1"	"-1"	"""TRUE"""	"""target"""	"""TRUE"""	"-1"	"-1"	"-1"	"-1"	"-1"	"-1"	"""descriptive words?"""	"""no"""	"""57"""	"""f"""	"4"	"0"	"0"	"1"	"2"	"""5"""	"-1"
"What is he talking about? (1-2 mins)"	"Short and fun! A 1-2 minute word game about what someone is talking about."	"experiment, psychology, game"	"$0.25"	"Thu Jul 31 09:47:42 PDT 2014"	"200"	"0"	"0"	"200"	"Reviewable"	"NotReviewed"	"1 scales"	"600"	"60000"	"Thu Aug 07 09:47:42 PDT 2014"	"S10432"	"Approved"	""	"""snowman"""	"""hat"""	"0"	"-1"	"1"	"0"	"0"	"1"	"0"	"0"	"-1"	"-1"	"-1"	"""TRUE"""	"""distractor3"""	"""FALSE"""	"-1"	"-1"	"-1"	"-1"	"-1"	"-1"	"""Figuring out what Bob was talking about."""	"""No"""	"""20"""	"""f"""	"4"	"0"	"2"	"0"	"1"	"""5"""	"-1"
"What is he talking about? (1-2 mins)"	"Short and fun! A 1-2 minute word game about what someone is talking about."	"experiment, psychology, game"	"$0.25"	"Thu Jul 31 09:47:42 PDT 2014"	"200"	"0"	"0"	"200"	"Reviewable"	"NotReviewed"	"1 scales"	"600"	"60000"	"Thu Aug 07 09:47:42 PDT 2014"	"S24961"	"Approved"	""	"""snowman"""	"""hat"""	"0"	"-1"	"1"	"0"	"0"	"1"	"0"	"0"	"-1"	"-1"	"-1"	"""TRUE"""	"""target"""	"""TRUE"""	"-1"	"-1"	"-1"	"-1"	"-1"	"-1"	"""what he meant"""	"""no"""	"""21"""	"""m"""	"2"	"0"	"1"	"0"	"2"	"""5"""	"-1"
"What is he talking about? (1-2 mins)"	"Short and fun! A 1-2 minute word game about what someone is talking about."	"experiment, psychology, game"	"$0.25"	"Thu Jul 31 09:47:42 PDT 2014"	"200"	"0"	"0"	"200"	"Reviewable"	"NotReviewed"	"1 scales"	"600"	"60000"	"Thu Aug 07 09:47:42 PDT 2014"	"S65094"	"Approved"	""	"""boat"""	"""cabin"""	"0"	"-1"	"1"	"0"	"0"	"1"	"0"	"0"	"-1"	"-1"	"-1"	"""TRUE"""	"""distractor2"""	"""FALSE"""	"-1"	"-1"	"-1"	"-1"	"-1"	"-1"	"""language"""	"""Thanks"""	"""34"""	"""f"""	"2"	"0"	"0"	"2"	"1"	"""5"""	"-1"
"What is he talking about? (1-2 mins)"	"Short and fun! A 1-2 minute word game about what someone is talking about."	"experiment, psychology, game"	"$0.25"	"Thu Jul 31 09:47:42 PDT 2014"	"200"	"0"	"0"	"200"	"Reviewable"	"NotReviewed"	"1 scales"	"600"	"60000"	"Thu Aug 07 09:47:42 PDT 2014"	"S75430"	"Approved"	""	"""pizza"""	"""olives"""	"0"	"-1"	"1"	"0"	"0"	"1"	"0"	"0"	"-1"	"-1"	"-1"	"""TRUE"""	"""target"""	"""TRUE"""	"-1"	"-1"	"-1"	"-1"	"-1"	"-1"	"""communication"""	"""I enjoyed this"""	"""25"""	"""m"""	"2"	"0"	"0"	"1"	"2"	"""5"""	"-1"
"What is he talking about? (1-2 mins)"	"Short and fun! A 1-2 minute word game about what someone is talking about."	"experiment, psychology, game"	"$0.25"	"Thu Jul 31 09:47:42 PDT 2014"	"200"	"0"	"0"	"200"	"Reviewable"	"NotReviewed"	"1 scales"	"600"	"60000"	"Thu Aug 07 09:47:42 PDT 2014"	"S80568"	"Approved"	""	"""boat"""	"""cabin"""	"0"	"-1"	"1"	"0"	"0"	"1"	"0"	"0"	"-1"	"-1"	"-1"	"""TRUE"""	"""distractor2"""	"""FALSE"""	"-1"	"-1"	"-1"	"-1"	"-1"	"-1"	"""A boat."""	"""Cool hit. Thanks!"""	"""38"""	"""F"""	"2"	"0"	"2"	"1"	"0"	"""5"""	"-1"
"What is he talking about? (1-2 mins)"	"Short and fun! A 1-2 minute word game about what someone is talking about."	"experiment, psychology, game"	"$0.25"	"Thu Jul 31 09:47:42 PDT 2014"	"200"	"0"	"0"	"200"	"Reviewable"	"NotReviewed"	"1 scales"	"600"	"60000"	"Thu Aug 07 09:47:42 PDT 2014"	"S93214"	"Approved"	""	"""pizza"""	"""mushrooms"""	"0"	"-1"	"1"	"0"	"0"	"1"	"0"	"0"	"-1"	"-1"	"-1"	"""TRUE"""	"""target"""	"""TRUE"""	"-1"	"-1"	"-1"	"-1"	"-1"	"-1"	"""bob likes pizza and says only one word, we had to choose what we thought he wanted to eat"""	""""""	"""32"""	"""f"""	"2"	"0"	"0"	"2"	"1"	"""5"""	"-1"
"What is he talking about? (1-2 mins)"	"Short and fun! A 1-2 minute word game about what someone is talking about."	"experiment, psychology, game"	"$0.25"	"Thu Jul 31 09:47:42 PDT 2014"	"200"	"0"	"0"	"200"	"Reviewable"	"NotReviewed"	"1 scales"	"600"	"60000"	"Thu Aug 07 09:47:42 PDT 2014"	"S47288"	"Approved"	""	"""boat"""	"""cabin"""	"0"	"-1"	"1"	"0"	"0"	"1"	"0"	"0"	"-1"	"-1"	"-1"	"""TRUE"""	"""target"""	"""TRUE"""	"-1"	"-1"	"-1"	"-1"	"-1"	"-1"	"""Communication"""	""""""	"""21"""	"""m"""	"4"	"0"	"1"	"0"	"2"	"""5"""	"-1"
"What is he talking about? (1-2 mins)"	"Short and fun! A 1-2 minute word game about what someone is talking about."	"experiment, psychology, game"	"$0.25"	"Thu Jul 31 09:47:42 PDT 2014"	"200"	"0"	"0"	"200"	"Reviewable"	"NotReviewed"	"1 scales"	"600"	"60000"	"Thu Aug 07 09:47:42 PDT 2014"	"S17956"	"Approved"	""	"""pizza"""	"""olives"""	"0"	"-1"	"1"	"0"	"0"	"1"	"0"	"0"	"-1"	"-1"	"-1"	"""TRUE"""	"""target"""	"""TRUE"""	"-1"	"-1"	"-1"	"-1"	"-1"	"-1"	"""choosing which pizza bob ate based on one word bob can use to describe it"""	"""no"""	""" 34"""	"""male"""	"4"	"0"	"0"	"1"	"2"	"""5"""	"-1"
"What is he talking about? (1-2 mins)"	"Short and fun! A 1-2 minute word game about what someone is talking about."	"experiment, psychology, game"	"$0.25"	"Thu Jul 31 09:47:42 PDT 2014"	"200"	"0"	"0"	"200"	"Reviewable"	"NotReviewed"	"1 scales"	"600"	"60000"	"Thu Aug 07 09:47:42 PDT 2014"	"S76290"	"Approved"	""	"""snowman"""	"""hat"""	"0"	"-1"	"1"	"0"	"0"	"1"	"0"	"0"	"-1"	"-1"	"-1"	"""TRUE"""	"""target"""	"""TRUE"""	"-1"	"-1"	"-1"	"-1"	"-1"	"-1"	"""How people identify images through words."""	""""""	"""23"""	"""m"""	"2"	"0"	"0"	"1"	"2"	"""5"""	"-1"
"What is he talking about? (1-2 mins)"	"Short and fun! A 1-2 minute word game about what someone is talking about."	"experiment, psychology, game"	"$0.25"	"Thu Jul 31 09:47:42 PDT 2014"	"200"	"0"	"0"	"200"	"Reviewable"	"NotReviewed"	"1 scales"	"600"	"60000"	"Thu Aug 07 09:47:42 PDT 2014"	"S67467"	"Approved"	""	"""pizza"""	"""olives"""	"0"	"-1"	"1"	"0"	"0"	"1"	"0"	"0"	"-1"	"-1"	"-1"	"""TRUE"""	"""target"""	"""TRUE"""	"-1"	"-1"	"-1"	"-1"	"-1"	"-1"	"""Pizza?  Bob?  I don't know."""	""""""	"""32"""	""""""	"4"	"0"	"2"	"1"	"0"	"""5"""	"-1"
"What is he talking about? (1-2 mins)"	"Short and fun! A 1-2 minute word game about what someone is talking about."	"experiment, psychology, game"	"$0.25"	"Thu Jul 31 09:47:42 PDT 2014"	"200"	"0"	"0"	"200"	"Reviewable"	"NotReviewed"	"1 scales"	"600"	"60000"	"Thu Aug 07 09:47:42 PDT 2014"	"S56668"	"Approved"	""	"""sundae"""	"""whipped cream"""	"0"	"-1"	"1"	"0"	"0"	"1"	"0"	"0"	"-1"	"-1"	"-1"	"""TRUE"""	"""target"""	"""TRUE"""	"-1"	"-1"	"-1"	"-1"	"-1"	"-1"	"""picking which sundae Bob was talking about"""	"""THANKS!"""	"""27"""	"""f"""	"4"	"0"	"1"	"2"	"0"	"""5"""	"-1"
"What is he talking about? (1-2 mins)"	"Short and fun! A 1-2 minute word game about what someone is talking about."	"experiment, psychology, game"	"$0.25"	"Thu Jul 31 09:47:42 PDT 2014"	"200"	"0"	"0"	"200"	"Reviewable"	"NotReviewed"	"1 scales"	"600"	"60000"	"Thu Aug 07 09:47:42 PDT 2014"	"S69756"	"Approved"	""	"""Christmas tree"""	"""ornaments"""	"0"	"-1"	"1"	"0"	"0"	"1"	"0"	"0"	"-1"	"-1"	"-1"	"""TRUE"""	"""target"""	"""TRUE"""	"-1"	"-1"	"-1"	"-1"	"-1"	"-1"	"""christmas trees"""	""""""	"""29"""	"""m"""	"4"	"0"	"2"	"0"	"1"	"""5"""	"-1"
"What is he talking about? (1-2 mins)"	"Short and fun! A 1-2 minute word game about what someone is talking about."	"experiment, psychology, game"	"$0.25"	"Thu Jul 31 09:47:42 PDT 2014"	"200"	"0"	"0"	"200"	"Reviewable"	"NotReviewed"	"1 scales"	"600"	"60000"	"Thu Aug 07 09:47:42 PDT 2014"	"S42197"	"Approved"	""	"""sundae"""	"""cherry"""	"0"	"-1"	"1"	"0"	"0"	"1"	"0"	"0"	"-1"	"-1"	"-1"	"""TRUE"""	"""distractor3"""	"""FALSE"""	"-1"	"-1"	"-1"	"-1"	"-1"	"-1"	"""Him liking sundaes and me picking out what he would choose."""	"""No."""	"""24"""	"""F"""	"4"	"0"	"0"	"2"	"1"	"""5"""	"-1"
"What is he talking about? (1-2 mins)"	"Short and fun! A 1-2 minute word game about what someone is talking about."	"experiment, psychology, game"	"$0.25"	"Thu Jul 31 09:47:42 PDT 2014"	"200"	"0"	"0"	"200"	"Reviewable"	"NotReviewed"	"1 scales"	"600"	"60000"	"Thu Aug 07 09:47:42 PDT 2014"	"S33773"	"Approved"	""	"""friend"""	"""hat"""	"0"	"-1"	"1"	"0"	"0"	"1"	"0"	"0"	"-1"	"-1"	"-1"	"""TRUE"""	"""target"""	"""TRUE"""	"-1"	"-1"	"-1"	"-1"	"-1"	"-1"	"""Who did Bob mean by \""hat\""?"""	"""No"""	"""24"""	"""F"""	"2"	"0"	"0"	"1"	"2"	"""5"""	"-1"
"What is he talking about? (1-2 mins)"	"Short and fun! A 1-2 minute word game about what someone is talking about."	"experiment, psychology, game"	"$0.25"	"Thu Jul 31 09:47:42 PDT 2014"	"200"	"0"	"0"	"200"	"Reviewable"	"NotReviewed"	"1 scales"	"600"	"60000"	"Thu Aug 07 09:47:42 PDT 2014"	"S33791"	"Approved"	""	"""boat"""	"""sail"""	"0"	"-1"	"1"	"0"	"0"	"1"	"0"	"0"	"-1"	"-1"	"-1"	"""TRUE"""	"""target"""	"""TRUE"""	"-1"	"-1"	"-1"	"-1"	"-1"	"-1"	"""Bob saying a word and we had to choose what picture best represented that."""	"""I thought B or D could have worked for the word Bob said."""	"""18"""	"""m"""	"4"	"0"	"1"	"2"	"0"	"""5"""	"-1"
"What is he talking about? (1-2 mins)"	"Short and fun! A 1-2 minute word game about what someone is talking about."	"experiment, psychology, game"	"$0.25"	"Thu Jul 31 09:47:42 PDT 2014"	"200"	"0"	"0"	"200"	"Reviewable"	"NotReviewed"	"1 scales"	"600"	"60000"	"Thu Aug 07 09:47:42 PDT 2014"	"S12354"	"Approved"	""	"""sundae"""	"""whipped cream"""	"0"	"-1"	"1"	"0"	"0"	"1"	"0"	"0"	"-1"	"-1"	"-1"	"""TRUE"""	"""target"""	"""TRUE"""	"-1"	"-1"	"-1"	"-1"	"-1"	"-1"	"""Ice cream"""	"""I want ice cream now."""	"""33"""	"""m"""	"4"	"0"	"2"	"1"	"0"	"""5"""	"-1"
"What is he talking about? (1-2 mins)"	"Short and fun! A 1-2 minute word game about what someone is talking about."	"experiment, psychology, game"	"$0.25"	"Thu Jul 31 09:47:42 PDT 2014"	"200"	"0"	"0"	"200"	"Reviewable"	"NotReviewed"	"1 scales"	"600"	"60000"	"Thu Aug 07 09:47:42 PDT 2014"	"S85641"	"Approved"	""	"""snowman"""	"""scarf"""	"0"	"-1"	"1"	"0"	"0"	"1"	"0"	"0"	"-1"	"-1"	"-1"	"""TRUE"""	"""target"""	"""TRUE"""	"-1"	"-1"	"-1"	"-1"	"-1"	"-1"	"""Bob builds snowmen. What people think Bob is talking about."""	""""""	"""40"""	"""f"""	"2"	"0"	"2"	"1"	"0"	"""5"""	"-1"
"What is he talking about? (1-2 mins)"	"Short and fun! A 1-2 minute word game about what someone is talking about."	"experiment, psychology, game"	"$0.25"	"Thu Jul 31 09:47:42 PDT 2014"	"200"	"0"	"0"	"200"	"Reviewable"	"NotReviewed"	"1 scales"	"600"	"60000"	"Thu Aug 07 09:47:42 PDT 2014"	"S52531"	"Approved"	""	"""boat"""	"""sail"""	"0"	"-1"	"1"	"0"	"0"	"1"	"0"	"0"	"-1"	"-1"	"-1"	"""TRUE"""	"""target"""	"""TRUE"""	"-1"	"-1"	"-1"	"-1"	"-1"	"-1"	"""what we think about when someone says a word to us"""	""""""	"""27"""	"""f"""	"4"	"0"	"0"	"2"	"1"	"""5"""	"-1"
"What is he talking about? (1-2 mins)"	"Short and fun! A 1-2 minute word game about what someone is talking about."	"experiment, psychology, game"	"$0.25"	"Thu Jul 31 09:47:42 PDT 2014"	"200"	"0"	"0"	"200"	"Reviewable"	"NotReviewed"	"1 scales"	"600"	"60000"	"Thu Aug 07 09:47:42 PDT 2014"	"S13102"	"Approved"	""	"""sundae"""	"""cherry"""	"0"	"-1"	"1"	"0"	"0"	"1"	"0"	"0"	"-1"	"-1"	"-1"	"""TRUE"""	"""target"""	"""TRUE"""	"-1"	"-1"	"-1"	"-1"	"-1"	"-1"	"""Picking what sundae Bob would want/is talking about."""	"""no"""	"""22"""	"""f"""	"2"	"0"	"1"	"0"	"2"	"""5"""	"-1"
"What is he talking about? (1-2 mins)"	"Short and fun! A 1-2 minute word game about what someone is talking about."	"experiment, psychology, game"	"$0.25"	"Thu Jul 31 09:47:42 PDT 2014"	"200"	"0"	"0"	"200"	"Reviewable"	"NotReviewed"	"1 scales"	"600"	"60000"	"Thu Aug 07 09:47:42 PDT 2014"	"S91809"	"Approved"	""	"""boat"""	"""sail"""	"0"	"-1"	"1"	"0"	"0"	"1"	"0"	"0"	"-1"	"-1"	"-1"	"""TRUE"""	"""distractor2"""	"""FALSE"""	"-1"	"-1"	"-1"	"-1"	"-1"	"-1"	"""bob and his boat"""	"""great hit"""	"""22"""	"""male"""	"2"	"0"	"0"	"1"	"2"	"""5"""	"-1"
"What is he talking about? (1-2 mins)"	"Short and fun! A 1-2 minute word game about what someone is talking about."	"experiment, psychology, game"	"$0.25"	"Thu Jul 31 09:47:42 PDT 2014"	"200"	"0"	"0"	"200"	"Reviewable"	"NotReviewed"	"1 scales"	"600"	"60000"	"Thu Aug 07 09:47:42 PDT 2014"	"S81676"	"Approved"	""	"""snowman"""	"""hat"""	"0"	"-1"	"1"	"0"	"0"	"1"	"0"	"0"	"-1"	"-1"	"-1"	"""TRUE"""	"""distractor2"""	"""FALSE"""	"-1"	"-1"	"-1"	"-1"	"-1"	"-1"	"""Bob and his snowman"""	"""none"""	"""23"""	"""m"""	"2"	"0"	"1"	"0"	"2"	"""5"""	"-1"
"What is he talking about? (1-2 mins)"	"Short and fun! A 1-2 minute word game about what someone is talking about."	"experiment, psychology, game"	"$0.25"	"Thu Jul 31 09:47:42 PDT 2014"	"200"	"0"	"0"	"200"	"Reviewable"	"NotReviewed"	"1 scales"	"600"	"60000"	"Thu Aug 07 09:47:42 PDT 2014"	"S04658"	"Approved"	""	"""boat"""	"""sail"""	"0"	"-1"	"1"	"0"	"0"	"1"	"0"	"0"	"-1"	"-1"	"-1"	"""TRUE"""	"""target"""	"""TRUE"""	"-1"	"-1"	"-1"	"-1"	"-1"	"-1"	"""boats"""	""""""	"""25"""	"""female"""	"4"	"0"	"1"	"0"	"2"	"""5"""	"-1"
"What is he talking about? (1-2 mins)"	"Short and fun! A 1-2 minute word game about what someone is talking about."	"experiment, psychology, game"	"$0.25"	"Thu Jul 31 09:47:42 PDT 2014"	"200"	"0"	"0"	"200"	"Reviewable"	"NotReviewed"	"1 scales"	"600"	"60000"	"Thu Aug 07 09:47:42 PDT 2014"	"S52866"	"Approved"	""	"""pizza"""	"""mushrooms"""	"0"	"-1"	"1"	"0"	"0"	"1"	"0"	"0"	"-1"	"-1"	"-1"	"""FALSE"""	"""target"""	"""TRUE"""	"-1"	"-1"	"-1"	"-1"	"-1"	"-1"	"""Choosing the pizza Tim was talking about"""	""""""	"""21"""	"""m"""	"2"	"0"	"1"	"2"	"0"	"""5"""	"-1"
"What is he talking about? (1-2 mins)"	"Short and fun! A 1-2 minute word game about what someone is talking about."	"experiment, psychology, game"	"$0.25"	"Thu Jul 31 09:47:42 PDT 2014"	"200"	"0"	"0"	"200"	"Reviewable"	"NotReviewed"	"1 scales"	"600"	"60000"	"Thu Aug 07 09:47:42 PDT 2014"	"S18137"	"Approved"	""	"""pizza"""	"""olives"""	"0"	"-1"	"1"	"0"	"0"	"1"	"0"	"0"	"-1"	"-1"	"-1"	"""TRUE"""	"""target"""	"""TRUE"""	"-1"	"-1"	"-1"	"-1"	"-1"	"-1"	"""pizza"""	"""Nope"""	"""31"""	"""m"""	"2"	"0"	"2"	"0"	"1"	"""5"""	"-1"
"What is he talking about? (1-2 mins)"	"Short and fun! A 1-2 minute word game about what someone is talking about."	"experiment, psychology, game"	"$0.25"	"Thu Jul 31 09:47:42 PDT 2014"	"200"	"0"	"0"	"200"	"Reviewable"	"NotReviewed"	"1 scales"	"600"	"60000"	"Thu Aug 07 09:47:42 PDT 2014"	"S11007"	"Approved"	""	"""boat"""	"""sail"""	"0"	"-1"	"1"	"0"	"0"	"1"	"0"	"0"	"-1"	"-1"	"-1"	"""TRUE"""	"""distractor3"""	"""FALSE"""	"-1"	"-1"	"-1"	"-1"	"-1"	"-1"	"""What someone means and what they are referring to"""	""""""	"""27"""	"""m"""	"4"	"0"	"2"	"0"	"1"	"""5"""	"-1"
"What is he talking about? (1-2 mins)"	"Short and fun! A 1-2 minute word game about what someone is talking about."	"experiment, psychology, game"	"$0.25"	"Thu Jul 31 09:47:42 PDT 2014"	"200"	"0"	"0"	"200"	"Reviewable"	"NotReviewed"	"1 scales"	"600"	"60000"	"Thu Aug 07 09:47:42 PDT 2014"	"S75059"	"Approved"	""	"""boat"""	"""cabin"""	"0"	"-1"	"1"	"0"	"0"	"1"	"0"	"0"	"-1"	"-1"	"-1"	"""TRUE"""	"""target"""	"""TRUE"""	"-1"	"-1"	"-1"	"-1"	"-1"	"-1"	"""have no idea"""	"""interesting survey"""	"""64"""	"""f"""	"2"	"0"	"1"	"2"	"0"	"""5"""	"-1"
"What is he talking about? (1-2 mins)"	"Short and fun! A 1-2 minute word game about what someone is talking about."	"experiment, psychology, game"	"$0.25"	"Thu Jul 31 09:47:42 PDT 2014"	"200"	"0"	"0"	"200"	"Reviewable"	"NotReviewed"	"1 scales"	"600"	"60000"	"Thu Aug 07 09:47:42 PDT 2014"	"S93797"	"Approved"	""	"""snowman"""	"""scarf"""	"0"	"-1"	"1"	"0"	"0"	"1"	"0"	"0"	"-1"	"-1"	"-1"	"""TRUE"""	"""target"""	"""TRUE"""	"-1"	"-1"	"-1"	"-1"	"-1"	"-1"	"""Trying to guess what snowman Bob was talking about with only 1 word to go on."""	"""No."""	"""28"""	"""M"""	"2"	"0"	"2"	"1"	"0"	"""5"""	"-1"
"What is he talking about? (1-2 mins)"	"Short and fun! A 1-2 minute word game about what someone is talking about."	"experiment, psychology, game"	"$0.25"	"Thu Jul 31 09:47:42 PDT 2014"	"200"	"0"	"0"	"200"	"Reviewable"	"NotReviewed"	"1 scales"	"600"	"60000"	"Thu Aug 07 09:47:42 PDT 2014"	"S03830"	"Approved"	""	"""snowman"""	"""hat"""	"0"	"-1"	"1"	"0"	"0"	"1"	"0"	"0"	"-1"	"-1"	"-1"	"""FALSE"""	"""distractor2"""	"""FALSE"""	"-1"	"-1"	"-1"	"-1"	"-1"	"-1"	"""snowmen"""	""""""	"""27"""	"""male"""	"2"	"0"	"1"	"2"	"0"	"""5"""	"-1"
"What is he talking about? (1-2 mins)"	"Short and fun! A 1-2 minute word game about what someone is talking about."	"experiment, psychology, game"	"$0.25"	"Thu Jul 31 09:47:42 PDT 2014"	"200"	"0"	"0"	"200"	"Reviewable"	"NotReviewed"	"1 scales"	"600"	"60000"	"Thu Aug 07 09:47:42 PDT 2014"	"S23377"	"Approved"	""	"""snowman"""	"""scarf"""	"0"	"-1"	"1"	"0"	"0"	"1"	"0"	"0"	"-1"	"-1"	"-1"	"""TRUE"""	"""target"""	"""TRUE"""	"-1"	"-1"	"-1"	"-1"	"-1"	"-1"	"""Identifying snowmen"""	""""""	"""29"""	"""f"""	"4"	"0"	"2"	"1"	"0"	"""5"""	"-1"
"What is he talking about? (1-2 mins)"	"Short and fun! A 1-2 minute word game about what someone is talking about."	"experiment, psychology, game"	"$0.25"	"Thu Jul 31 09:47:42 PDT 2014"	"200"	"0"	"0"	"200"	"Reviewable"	"NotReviewed"	"1 scales"	"600"	"60000"	"Thu Aug 07 09:47:42 PDT 2014"	"S31104"	"Approved"	""	"""Christmas tree"""	"""lights"""	"0"	"-1"	"1"	"0"	"0"	"1"	"0"	"0"	"-1"	"-1"	"-1"	"""TRUE"""	"""target"""	"""TRUE"""	"-1"	"-1"	"-1"	"-1"	"-1"	"-1"	"""Christmas tree trimming"""	"""Thank you"""	"""31"""	"""m"""	"4"	"0"	"1"	"0"	"2"	"""5"""	"-1"
"What is he talking about? (1-2 mins)"	"Short and fun! A 1-2 minute word game about what someone is talking about."	"experiment, psychology, game"	"$0.25"	"Thu Jul 31 09:47:42 PDT 2014"	"200"	"0"	"0"	"200"	"Reviewable"	"NotReviewed"	"1 scales"	"600"	"60000"	"Thu Aug 07 09:47:42 PDT 2014"	"S25362"	"Approved"	""	"""pizza"""	"""olives"""	"0"	"-1"	"1"	"0"	"0"	"1"	"0"	"0"	"-1"	"-1"	"-1"	"""TRUE"""	"""target"""	"""TRUE"""	"-1"	"-1"	"-1"	"-1"	"-1"	"-1"	"""What pizzas Bob ate"""	"""very easy survey"""	"""22"""	"""f"""	"2"	"0"	"1"	"2"	"0"	"""5"""	"-1"
"What is he talking about? (1-2 mins)"	"Short and fun! A 1-2 minute word game about what someone is talking about."	"experiment, psychology, game"	"$0.25"	"Thu Jul 31 09:47:42 PDT 2014"	"200"	"0"	"0"	"200"	"Reviewable"	"NotReviewed"	"1 scales"	"600"	"60000"	"Thu Aug 07 09:47:42 PDT 2014"	"S13184"	"Approved"	""	"""sundae"""	"""whipped cream"""	"0"	"-1"	"1"	"0"	"0"	"1"	"0"	"0"	"-1"	"-1"	"-1"	"""TRUE"""	"""target"""	"""TRUE"""	"-1"	"-1"	"-1"	"-1"	"-1"	"-1"	"""Bob eats sundae's, choosing the right one with only two words given"""	"""enjoyable """	"""23"""	"""f"""	"4"	"0"	"1"	"2"	"0"	"""5"""	"-1"
"What is he talking about? (1-2 mins)"	"Short and fun! A 1-2 minute word game about what someone is talking about."	"experiment, psychology, game"	"$0.25"	"Thu Jul 31 09:47:42 PDT 2014"	"200"	"0"	"0"	"200"	"Reviewable"	"NotReviewed"	"1 scales"	"600"	"60000"	"Thu Aug 07 09:47:42 PDT 2014"	"S11340"	"Approved"	""	"""pizza"""	"""olives"""	"0"	"-1"	"1"	"0"	"0"	"1"	"0"	"0"	"-1"	"-1"	"-1"	"""TRUE"""	"""distractor3"""	"""FALSE"""	"-1"	"-1"	"-1"	"-1"	"-1"	"-1"	"""Ordering Pizza"""	"""No"""	"""24"""	"""M"""	"4"	"0"	"0"	"1"	"2"	"""5"""	"-1"
"What is he talking about? (1-2 mins)"	"Short and fun! A 1-2 minute word game about what someone is talking about."	"experiment, psychology, game"	"$0.25"	"Thu Jul 31 09:47:42 PDT 2014"	"200"	"0"	"0"	"200"	"Reviewable"	"NotReviewed"	"1 scales"	"600"	"60000"	"Thu Aug 07 09:47:42 PDT 2014"	"S65763"	"Approved"	""	"""friend"""	"""hat"""	"0"	"-1"	"1"	"0"	"0"	"1"	"0"	"0"	"-1"	"-1"	"-1"	"""TRUE"""	"""target"""	"""TRUE"""	"-1"	"-1"	"-1"	"-1"	"-1"	"-1"	"""what we think Bob means"""	""""""	"""33"""	"""m"""	"2"	"0"	"2"	"0"	"1"	"""5"""	"-1"
"What is he talking about? (1-2 mins)"	"Short and fun! A 1-2 minute word game about what someone is talking about."	"experiment, psychology, game"	"$0.25"	"Thu Jul 31 09:47:42 PDT 2014"	"200"	"0"	"0"	"200"	"Reviewable"	"NotReviewed"	"1 scales"	"600"	"60000"	"Thu Aug 07 09:47:42 PDT 2014"	"S49834"	"Approved"	""	"""pizza"""	"""mushrooms"""	"0"	"-1"	"1"	"0"	"0"	"1"	"0"	"0"	"-1"	"-1"	"-1"	"""TRUE"""	"""target"""	"""TRUE"""	"-1"	"-1"	"-1"	"-1"	"-1"	"-1"	"""pizza"""	""""""	"""26"""	"""f"""	"4"	"0"	"1"	"2"	"0"	"""5"""	"-1"
"What is he talking about? (1-2 mins)"	"Short and fun! A 1-2 minute word game about what someone is talking about."	"experiment, psychology, game"	"$0.25"	"Thu Jul 31 09:47:42 PDT 2014"	"200"	"0"	"0"	"200"	"Reviewable"	"NotReviewed"	"1 scales"	"600"	"60000"	"Thu Aug 07 09:47:42 PDT 2014"	"S99983"	"Approved"	""	"""boat"""	"""cabin"""	"0"	"-1"	"1"	"0"	"0"	"1"	"0"	"0"	"-1"	"-1"	"-1"	"""TRUE"""	"""distractor2"""	"""FALSE"""	"-1"	"-1"	"-1"	"-1"	"-1"	"-1"	"""bob and his love for sail boats"""	"""thank you"""	"""27"""	"""m"""	"2"	"0"	"1"	"2"	"0"	"""5"""	"-1"
"What is he talking about? (1-2 mins)"	"Short and fun! A 1-2 minute word game about what someone is talking about."	"experiment, psychology, game"	"$0.25"	"Thu Jul 31 09:47:42 PDT 2014"	"200"	"0"	"0"	"200"	"Reviewable"	"NotReviewed"	"1 scales"	"600"	"60000"	"Thu Aug 07 09:47:42 PDT 2014"	"S62939"	"Approved"	""	"""boat"""	"""cabin"""	"0"	"-1"	"1"	"0"	"0"	"1"	"0"	"0"	"-1"	"-1"	"-1"	"""TRUE"""	"""target"""	"""TRUE"""	"-1"	"-1"	"-1"	"-1"	"-1"	"-1"	"""Language cognition"""	"""No"""	"""37"""	"""f"""	"4"	"0"	"1"	"0"	"2"	"""5"""	"-1"
"What is he talking about? (1-2 mins)"	"Short and fun! A 1-2 minute word game about what someone is talking about."	"experiment, psychology, game"	"$0.25"	"Thu Jul 31 09:47:42 PDT 2014"	"200"	"0"	"0"	"200"	"Reviewable"	"NotReviewed"	"1 scales"	"600"	"60000"	"Thu Aug 07 09:47:42 PDT 2014"	"S78599"	"Approved"	""	"""friend"""	"""glasses"""	"0"	"-1"	"1"	"0"	"0"	"1"	"0"	"0"	"-1"	"-1"	"-1"	"""TRUE"""	"""target"""	"""TRUE"""	"-1"	"-1"	"-1"	"-1"	"-1"	"-1"	"""determining which friend Bob was talking about"""	"""None"""	"""40"""	"""F"""	"2"	"0"	"2"	"1"	"0"	"""5"""	"-1"
"What is he talking about? (1-2 mins)"	"Short and fun! A 1-2 minute word game about what someone is talking about."	"experiment, psychology, game"	"$0.25"	"Thu Jul 31 09:47:42 PDT 2014"	"200"	"0"	"0"	"200"	"Reviewable"	"NotReviewed"	"1 scales"	"600"	"60000"	"Thu Aug 07 09:47:42 PDT 2014"	"S23116"	"Approved"	""	"""snowman"""	"""hat"""	"0"	"-1"	"1"	"0"	"0"	"1"	"0"	"0"	"-1"	"-1"	"-1"	"""TRUE"""	"""target"""	"""TRUE"""	"-1"	"-1"	"-1"	"-1"	"-1"	"-1"	"""explain meaning behind someone's limited expressions"""	"""no"""	"""23"""	"""m"""	"2"	"0"	"2"	"1"	"0"	"""5"""	"-1"
"What is he talking about? (1-2 mins)"	"Short and fun! A 1-2 minute word game about what someone is talking about."	"experiment, psychology, game"	"$0.25"	"Thu Jul 31 09:47:42 PDT 2014"	"200"	"0"	"0"	"200"	"Reviewable"	"NotReviewed"	"1 scales"	"600"	"60000"	"Thu Aug 07 09:47:42 PDT 2014"	"S70181"	"Approved"	""	"""Christmas tree"""	"""lights"""	"0"	"-1"	"1"	"0"	"0"	"1"	"0"	"0"	"-1"	"-1"	"-1"	"""TRUE"""	"""target"""	"""TRUE"""	"-1"	"-1"	"-1"	"-1"	"-1"	"-1"	"""How to pick something based on one word"""	"""thank you"""	"""27"""	"""m"""	"2"	"0"	"0"	"2"	"1"	"""5"""	"-1"
"What is he talking about? (1-2 mins)"	"Short and fun! A 1-2 minute word game about what someone is talking about."	"experiment, psychology, game"	"$0.25"	"Thu Jul 31 09:47:42 PDT 2014"	"200"	"0"	"0"	"200"	"Reviewable"	"NotReviewed"	"1 scales"	"600"	"60000"	"Thu Aug 07 09:47:42 PDT 2014"	"S25457"	"Approved"	""	"""friend"""	"""glasses"""	"0"	"-1"	"1"	"0"	"0"	"1"	"0"	"0"	"-1"	"-1"	"-1"	"""FALSE"""	"""target"""	"""TRUE"""	"-1"	"-1"	"-1"	"-1"	"-1"	"-1"	"""glasses"""	""""""	"""28"""	"""m"""	"2"	"0"	"0"	"1"	"2"	"""5"""	"-1"
"What is he talking about? (1-2 mins)"	"Short and fun! A 1-2 minute word game about what someone is talking about."	"experiment, psychology, game"	"$0.25"	"Thu Jul 31 09:47:42 PDT 2014"	"200"	"0"	"0"	"200"	"Reviewable"	"NotReviewed"	"1 scales"	"600"	"60000"	"Thu Aug 07 09:47:42 PDT 2014"	"S50821"	"Approved"	""	"""pizza"""	"""olives"""	"0"	"-1"	"1"	"0"	"0"	"1"	"0"	"0"	"-1"	"-1"	"-1"	"""TRUE"""	"""target"""	"""TRUE"""	"-1"	"-1"	"-1"	"-1"	"-1"	"-1"	"""pizza """	"""Bob loves olive pizza"""	"""70"""	"""female """	"2"	"0"	"0"	"2"	"1"	"""5"""	"-1"
"What is he talking about? (1-2 mins)"	"Short and fun! A 1-2 minute word game about what someone is talking about."	"experiment, psychology, game"	"$0.25"	"Thu Jul 31 09:47:42 PDT 2014"	"200"	"0"	"0"	"200"	"Reviewable"	"NotReviewed"	"1 scales"	"600"	"60000"	"Thu Aug 07 09:47:42 PDT 2014"	"S37835"	"Approved"	""	"""sundae"""	"""cherry"""	"0"	"-1"	"1"	"0"	"0"	"1"	"0"	"0"	"-1"	"-1"	"-1"	"""TRUE"""	"""target"""	"""TRUE"""	"-1"	"-1"	"-1"	"-1"	"-1"	"-1"	"""Bob choosing a Sundae"""	"""Mmm, Sundaes!"""	"""31"""	"""M"""	"4"	"0"	"0"	"1"	"2"	"""5"""	"-1"
"What is he talking about? (1-2 mins)"	"Short and fun! A 1-2 minute word game about what someone is talking about."	"experiment, psychology, game"	"$0.25"	"Thu Jul 31 09:47:42 PDT 2014"	"200"	"0"	"0"	"200"	"Reviewable"	"NotReviewed"	"1 scales"	"600"	"60000"	"Thu Aug 07 09:47:42 PDT 2014"	"S25766"	"Approved"	""	"""boat"""	"""sail"""	"0"	"-1"	"1"	"0"	"0"	"1"	"0"	"0"	"-1"	"-1"	"-1"	"""TRUE"""	"""target"""	"""TRUE"""	"-1"	"-1"	"-1"	"-1"	"-1"	"-1"	"""what boat i think bob is talking about by saying sail"""	"""none"""	"""21"""	"""f"""	"2"	"0"	"0"	"2"	"1"	"""5"""	"-1"
"What is he talking about? (1-2 mins)"	"Short and fun! A 1-2 minute word game about what someone is talking about."	"experiment, psychology, game"	"$0.25"	"Thu Jul 31 09:47:42 PDT 2014"	"200"	"0"	"0"	"200"	"Reviewable"	"NotReviewed"	"1 scales"	"600"	"60000"	"Thu Aug 07 09:47:42 PDT 2014"	"S94317"	"Approved"	""	"""pizza"""	"""olives"""	"0"	"-1"	"1"	"0"	"0"	"1"	"0"	"0"	"-1"	"-1"	"-1"	"""TRUE"""	"""distractor2"""	"""FALSE"""	"-1"	"-1"	"-1"	"-1"	"-1"	"-1"	"""pizzas"""	""""""	"""26"""	"""female"""	"2"	"0"	"1"	"2"	"0"	"""5"""	"-1"
"What is he talking about? (1-2 mins)"	"Short and fun! A 1-2 minute word game about what someone is talking about."	"experiment, psychology, game"	"$0.25"	"Thu Jul 31 09:47:42 PDT 2014"	"200"	"0"	"0"	"200"	"Reviewable"	"NotReviewed"	"1 scales"	"600"	"60000"	"Thu Aug 07 09:47:42 PDT 2014"	"S75126"	"Approved"	""	"""friend"""	"""hat"""	"0"	"-1"	"1"	"0"	"0"	"1"	"0"	"0"	"-1"	"-1"	"-1"	"""TRUE"""	"""distractor2"""	"""FALSE"""	"-1"	"-1"	"-1"	"-1"	"-1"	"-1"	"""hats"""	""""""	"""24"""	"""m"""	"2"	"0"	"2"	"0"	"1"	"""5"""	"-1"
"What is he talking about? (1-2 mins)"	"Short and fun! A 1-2 minute word game about what someone is talking about."	"experiment, psychology, game"	"$0.25"	"Thu Jul 31 09:47:42 PDT 2014"	"200"	"0"	"0"	"200"	"Reviewable"	"NotReviewed"	"1 scales"	"600"	"60000"	"Thu Aug 07 09:47:42 PDT 2014"	"S80347"	"Approved"	""	"""friend"""	"""hat"""	"0"	"-1"	"1"	"0"	"0"	"1"	"0"	"0"	"-1"	"-1"	"-1"	"""TRUE"""	"""target"""	"""TRUE"""	"-1"	"-1"	"-1"	"-1"	"-1"	"-1"	"""what friend Bob visited"""	"""thanks"""	"""55"""	"""f"""	"2"	"0"	"1"	"2"	"0"	"""5"""	"-1"
"What is he talking about? (1-2 mins)"	"Short and fun! A 1-2 minute word game about what someone is talking about."	"experiment, psychology, game"	"$0.25"	"Thu Jul 31 09:47:42 PDT 2014"	"200"	"0"	"0"	"200"	"Reviewable"	"NotReviewed"	"1 scales"	"600"	"60000"	"Thu Aug 07 09:47:42 PDT 2014"	"S49125"	"Approved"	""	"""pizza"""	"""mushrooms"""	"0"	"-1"	"1"	"0"	"0"	"1"	"0"	"0"	"-1"	"-1"	"-1"	"""TRUE"""	"""distractor3"""	"""FALSE"""	"-1"	"-1"	"-1"	"-1"	"-1"	"-1"	"""The way people talk"""	"""More please!"""	"""19"""	"""m"""	"4"	"0"	"1"	"0"	"2"	"""5"""	"-1"
"What is he talking about? (1-2 mins)"	"Short and fun! A 1-2 minute word game about what someone is talking about."	"experiment, psychology, game"	"$0.25"	"Thu Jul 31 09:47:42 PDT 2014"	"200"	"0"	"0"	"200"	"Reviewable"	"NotReviewed"	"1 scales"	"600"	"60000"	"Thu Aug 07 09:47:42 PDT 2014"	"S41084"	"Approved"	""	"""pizza"""	"""mushrooms"""	"0"	"-1"	"1"	"0"	"0"	"1"	"0"	"0"	"-1"	"-1"	"-1"	"""TRUE"""	"""target"""	"""TRUE"""	"-1"	"-1"	"-1"	"-1"	"-1"	"-1"	"""What we think someone is talking about with only one word. """	""""""	"""25"""	"""m"""	"4"	"0"	"1"	"0"	"2"	"""5"""	"-1"
"What is he talking about? (1-2 mins)"	"Short and fun! A 1-2 minute word game about what someone is talking about."	"experiment, psychology, game"	"$0.25"	"Thu Jul 31 09:47:42 PDT 2014"	"200"	"0"	"0"	"200"	"Reviewable"	"NotReviewed"	"1 scales"	"600"	"60000"	"Thu Aug 07 09:47:42 PDT 2014"	"S04946"	"Approved"	""	"""sundae"""	"""whipped cream"""	"0"	"-1"	"1"	"0"	"0"	"1"	"0"	"0"	"-1"	"-1"	"-1"	"""TRUE"""	"""target"""	"""TRUE"""	"-1"	"-1"	"-1"	"-1"	"-1"	"-1"	"""Sundaes"""	""""""	"""33"""	"""m"""	"4"	"0"	"0"	"1"	"2"	"""5"""	"-1"
"What is he talking about? (1-2 mins)"	"Short and fun! A 1-2 minute word game about what someone is talking about."	"experiment, psychology, game"	"$0.25"	"Thu Jul 31 09:47:42 PDT 2014"	"200"	"0"	"0"	"200"	"Reviewable"	"NotReviewed"	"1 scales"	"600"	"60000"	"Thu Aug 07 09:47:42 PDT 2014"	"S19661"	"Approved"	""	"""sundae"""	"""cherry"""	"0"	"-1"	"1"	"0"	"0"	"1"	"0"	"0"	"-1"	"-1"	"-1"	"""TRUE"""	"""distractor1"""	"""FALSE"""	"-1"	"-1"	"-1"	"-1"	"-1"	"-1"	"""sundaes"""	"""Good job"""	"""73"""	"""m"""	"2"	"0"	"0"	"2"	"1"	"""5"""	"-1"
"What is he talking about? (1-2 mins)"	"Short and fun! A 1-2 minute word game about what someone is talking about."	"experiment, psychology, game"	"$0.25"	"Thu Jul 31 09:47:42 PDT 2014"	"200"	"0"	"0"	"200"	"Reviewable"	"NotReviewed"	"1 scales"	"600"	"60000"	"Thu Aug 07 09:47:42 PDT 2014"	"S73215"	"Approved"	""	"""sundae"""	"""cherry"""	"0"	"-1"	"1"	"0"	"0"	"1"	"0"	"0"	"-1"	"-1"	"-1"	"""FALSE"""	"""target"""	"""TRUE"""	"-1"	"-1"	"-1"	"-1"	"-1"	"-1"	"""efficiency in identification of properties"""	""""""	"""28"""	"""m"""	"2"	"0"	"2"	"0"	"1"	"""5"""	"-1"
"What is he talking about? (1-2 mins)"	"Short and fun! A 1-2 minute word game about what someone is talking about."	"experiment, psychology, game"	"$0.25"	"Thu Jul 31 09:47:42 PDT 2014"	"200"	"0"	"0"	"200"	"Reviewable"	"NotReviewed"	"1 scales"	"600"	"60000"	"Thu Aug 07 09:47:42 PDT 2014"	"S28658"	"Approved"	""	"""snowman"""	"""hat"""	"0"	"-1"	"1"	"0"	"0"	"1"	"0"	"0"	"-1"	"-1"	"-1"	"""TRUE"""	"""target"""	"""TRUE"""	"-1"	"-1"	"-1"	"-1"	"-1"	"-1"	"""Identifying a snowman with one word"""	"""I liked that we saw a picture of Bob and he wasn't just a name"""	"""30"""	"""f"""	"2"	"0"	"1"	"2"	"0"	"""5"""	"-1"
"What is he talking about? (1-2 mins)"	"Short and fun! A 1-2 minute word game about what someone is talking about."	"experiment, psychology, game"	"$0.25"	"Thu Jul 31 09:47:42 PDT 2014"	"200"	"0"	"0"	"200"	"Reviewable"	"NotReviewed"	"1 scales"	"600"	"60000"	"Thu Aug 07 09:47:42 PDT 2014"	"S21707"	"Approved"	""	"""sundae"""	"""cherry"""	"0"	"-1"	"1"	"0"	"0"	"1"	"0"	"0"	"-1"	"-1"	"-1"	"""TRUE"""	"""distractor3"""	"""FALSE"""	"-1"	"-1"	"-1"	"-1"	"-1"	"-1"	"""Sundies"""	""""""	"""57"""	"""m"""	"4"	"0"	"0"	"2"	"1"	"""5"""	"-1"
"What is he talking about? (1-2 mins)"	"Short and fun! A 1-2 minute word game about what someone is talking about."	"experiment, psychology, game"	"$0.25"	"Thu Jul 31 09:47:42 PDT 2014"	"200"	"0"	"0"	"200"	"Reviewable"	"NotReviewed"	"1 scales"	"600"	"60000"	"Thu Aug 07 09:47:42 PDT 2014"	"S82374"	"Approved"	""	"""boat"""	"""sail"""	"0"	"-1"	"1"	"0"	"0"	"1"	"0"	"0"	"-1"	"-1"	"-1"	"""TRUE"""	"""target"""	"""TRUE"""	"-1"	"-1"	"-1"	"-1"	"-1"	"-1"	"""Figuring out meaning from what someone says """	"""No"""	"""24"""	"""M"""	"4"	"0"	"2"	"0"	"1"	"""5"""	"-1"
"What is he talking about? (1-2 mins)"	"Short and fun! A 1-2 minute word game about what someone is talking about."	"experiment, psychology, game"	"$0.25"	"Thu Jul 31 09:47:42 PDT 2014"	"200"	"0"	"0"	"200"	"Reviewable"	"NotReviewed"	"1 scales"	"600"	"60000"	"Thu Aug 07 09:47:42 PDT 2014"	"S90848"	"Approved"	""	"""boat"""	"""sail"""	"0"	"-1"	"1"	"0"	"0"	"1"	"0"	"0"	"-1"	"-1"	"-1"	"""TRUE"""	"""target"""	"""TRUE"""	"-1"	"-1"	"-1"	"-1"	"-1"	"-1"	"""Trying to figure out what the character is referring to."""	"""N/A"""	"""22"""	"""f"""	"4"	"0"	"0"	"2"	"1"	"""5"""	"-1"
"What is he talking about? (1-2 mins)"	"Short and fun! A 1-2 minute word game about what someone is talking about."	"experiment, psychology, game"	"$0.25"	"Thu Jul 31 09:47:42 PDT 2014"	"200"	"0"	"0"	"200"	"Reviewable"	"NotReviewed"	"1 scales"	"600"	"60000"	"Thu Aug 07 09:47:42 PDT 2014"	"S54642"	"Approved"	""	"""friend"""	"""hat"""	"0"	"-1"	"1"	"0"	"0"	"1"	"0"	"0"	"-1"	"-1"	"-1"	"""TRUE"""	"""target"""	"""TRUE"""	"-1"	"-1"	"-1"	"-1"	"-1"	"-1"	"""communication """	""""""	"""27"""	"""m"""	"2"	"0"	"0"	"1"	"2"	"""5"""	"-1"
"What is he talking about? (1-2 mins)"	"Short and fun! A 1-2 minute word game about what someone is talking about."	"experiment, psychology, game"	"$0.25"	"Thu Jul 31 09:47:42 PDT 2014"	"200"	"0"	"0"	"200"	"Reviewable"	"NotReviewed"	"1 scales"	"600"	"60000"	"Thu Aug 07 09:47:42 PDT 2014"	"S89378"	"Approved"	""	"""sundae"""	"""cherry"""	"0"	"-1"	"1"	"0"	"0"	"1"	"0"	"0"	"-1"	"-1"	"-1"	"""TRUE"""	"""distractor3"""	"""FALSE"""	"-1"	"-1"	"-1"	"-1"	"-1"	"-1"	"""I don't know"""	"""No"""	"""20"""	"""m"""	"4"	"0"	"0"	"2"	"1"	"""5"""	"-1"
"What is he talking about? (1-2 mins)"	"Short and fun! A 1-2 minute word game about what someone is talking about."	"experiment, psychology, game"	"$0.25"	"Thu Jul 31 09:47:42 PDT 2014"	"200"	"0"	"0"	"200"	"Reviewable"	"NotReviewed"	"1 scales"	"600"	"60000"	"Thu Aug 07 09:47:42 PDT 2014"	"S84147"	"Approved"	""	"""friend"""	"""glasses"""	"0"	"-1"	"1"	"0"	"0"	"1"	"0"	"0"	"-1"	"-1"	"-1"	"""TRUE"""	"""target"""	"""TRUE"""	"-1"	"-1"	"-1"	"-1"	"-1"	"-1"	"""Bob visits his friend."""	""""""	"""28"""	"""m"""	"4"	"0"	"2"	"1"	"0"	"""5"""	"-1"
"What is he talking about? (1-2 mins)"	"Short and fun! A 1-2 minute word game about what someone is talking about."	"experiment, psychology, game"	"$0.25"	"Thu Jul 31 09:47:42 PDT 2014"	"200"	"0"	"0"	"200"	"Reviewable"	"NotReviewed"	"1 scales"	"600"	"60000"	"Thu Aug 07 09:47:42 PDT 2014"	"S65112"	"Approved"	""	"""Christmas tree"""	"""lights"""	"0"	"-1"	"1"	"0"	"0"	"1"	"0"	"0"	"-1"	"-1"	"-1"	"""TRUE"""	"""distractor3"""	"""FALSE"""	"-1"	"-1"	"-1"	"-1"	"-1"	"-1"	"""bob buying a christmas tree"""	""""""	""""""	"""m"""	"4"	"0"	"2"	"1"	"0"	"""5"""	"-1"
"What is he talking about? (1-2 mins)"	"Short and fun! A 1-2 minute word game about what someone is talking about."	"experiment, psychology, game"	"$0.25"	"Thu Jul 31 09:47:42 PDT 2014"	"200"	"0"	"0"	"200"	"Reviewable"	"NotReviewed"	"1 scales"	"600"	"60000"	"Thu Aug 07 09:47:42 PDT 2014"	"S75372"	"Approved"	""	"""sundae"""	"""cherry"""	"0"	"-1"	"1"	"0"	"0"	"1"	"0"	"0"	"-1"	"-1"	"-1"	"""TRUE"""	"""target"""	"""TRUE"""	"-1"	"-1"	"-1"	"-1"	"-1"	"-1"	"""Communication"""	""""""	"""21"""	"""m"""	"4"	"0"	"0"	"2"	"1"	"""5"""	"-1"
"What is he talking about? (1-2 mins)"	"Short and fun! A 1-2 minute word game about what someone is talking about."	"experiment, psychology, game"	"$0.25"	"Thu Jul 31 09:47:42 PDT 2014"	"200"	"0"	"0"	"200"	"Reviewable"	"NotReviewed"	"1 scales"	"600"	"60000"	"Thu Aug 07 09:47:42 PDT 2014"	"S17119"	"Approved"	""	"""boat"""	"""sail"""	"0"	"-1"	"1"	"0"	"0"	"1"	"0"	"0"	"-1"	"-1"	"-1"	"""TRUE"""	"""target"""	"""TRUE"""	"-1"	"-1"	"-1"	"-1"	"-1"	"-1"	"""Boats"""	"""No"""	"""26"""	"""m"""	"2"	"0"	"0"	"1"	"2"	"""5"""	"-1"
"What is he talking about? (1-2 mins)"	"Short and fun! A 1-2 minute word game about what someone is talking about."	"experiment, psychology, game"	"$0.25"	"Thu Jul 31 09:47:42 PDT 2014"	"200"	"0"	"0"	"200"	"Reviewable"	"NotReviewed"	"1 scales"	"600"	"60000"	"Thu Aug 07 09:47:42 PDT 2014"	"S82844"	"Approved"	""	"""friend"""	"""hat"""	"0"	"-1"	"1"	"0"	"0"	"1"	"0"	"0"	"-1"	"-1"	"-1"	"""TRUE"""	"""target"""	"""TRUE"""	"-1"	"-1"	"-1"	"-1"	"-1"	"-1"	"""identifying the character with a hat"""	""""""	"""68"""	"""m"""	"2"	"0"	"2"	"0"	"1"	"""5"""	"-1"
"What is he talking about? (1-2 mins)"	"Short and fun! A 1-2 minute word game about what someone is talking about."	"experiment, psychology, game"	"$0.25"	"Thu Jul 31 09:47:42 PDT 2014"	"200"	"0"	"0"	"200"	"Reviewable"	"NotReviewed"	"1 scales"	"600"	"60000"	"Thu Aug 07 09:47:42 PDT 2014"	"S44713"	"Approved"	""	"""pizza"""	"""mushrooms"""	"0"	"-1"	"1"	"0"	"0"	"1"	"0"	"0"	"-1"	"-1"	"-1"	"""TRUE"""	"""target"""	"""TRUE"""	"-1"	"-1"	"-1"	"-1"	"-1"	"-1"	"""what bob meant when he says mushrooms"""	"""none"""	"""29"""	"""m"""	"4"	"0"	"2"	"0"	"1"	"""5"""	"-1"
"What is he talking about? (1-2 mins)"	"Short and fun! A 1-2 minute word game about what someone is talking about."	"experiment, psychology, game"	"$0.25"	"Thu Jul 31 09:47:42 PDT 2014"	"200"	"0"	"0"	"200"	"Reviewable"	"NotReviewed"	"1 scales"	"600"	"60000"	"Thu Aug 07 09:47:42 PDT 2014"	"S18290"	"Approved"	""	"""pizza"""	"""olives"""	"0"	"-1"	"1"	"0"	"0"	"1"	"0"	"0"	"-1"	"-1"	"-1"	"""TRUE"""	"""target"""	"""TRUE"""	"-1"	"-1"	"-1"	"-1"	"-1"	"-1"	"""Seeing if one can understand limited communcation (Bob ordering a pizza with olives with only one word"""	"""no comments"""	"""51"""	"""f"""	"2"	"0"	"1"	"2"	"0"	"""5"""	"-1"
"What is he talking about? (1-2 mins)"	"Short and fun! A 1-2 minute word game about what someone is talking about."	"experiment, psychology, game"	"$0.25"	"Thu Jul 31 09:47:42 PDT 2014"	"200"	"0"	"0"	"200"	"Reviewable"	"NotReviewed"	"1 scales"	"600"	"60000"	"Thu Aug 07 09:47:42 PDT 2014"	"S58138"	"Approved"	""	"""pizza"""	"""olives"""	"0"	"-1"	"1"	"0"	"0"	"1"	"0"	"0"	"-1"	"-1"	"-1"	"""TRUE"""	"""target"""	"""TRUE"""	"-1"	"-1"	"-1"	"-1"	"-1"	"-1"	"""Communication and pizza"""	""""""	"""24"""	"""f"""	"2"	"0"	"1"	"0"	"2"	"""5"""	"-1"
"What is he talking about? (1-2 mins)"	"Short and fun! A 1-2 minute word game about what someone is talking about."	"experiment, psychology, game"	"$0.25"	"Thu Jul 31 09:47:42 PDT 2014"	"200"	"0"	"0"	"200"	"Reviewable"	"NotReviewed"	"1 scales"	"600"	"60000"	"Thu Aug 07 09:47:42 PDT 2014"	"S02012"	"Approved"	""	"""friend"""	"""glasses"""	"0"	"-1"	"2"	"0"	"0"	"1"	"0"	"0"	"-1"	"-1"	"-1"	"""TRUE"""	"""target"""	"""TRUE"""	"-1"	"-1"	"-1"	"-1"	"-1"	"-1"	"""one word effective communication"""	"""N/A"""	"""34"""	"""f"""	"16"	"0"	"1"	"0"	"2"	"""5"""	"-1"
"What is he talking about? (1-2 mins)"	"Short and fun! A 1-2 minute word game about what someone is talking about."	"experiment, psychology, game"	"$0.25"	"Thu Jul 31 09:47:42 PDT 2014"	"200"	"0"	"0"	"200"	"Reviewable"	"NotReviewed"	"1 scales"	"600"	"60000"	"Thu Aug 07 09:47:42 PDT 2014"	"S84180"	"Approved"	""	"""boat"""	"""motor"""	"0"	"-1"	"1"	"0"	"0"	"1"	"0"	"0"	"-1"	"-1"	"-1"	"""TRUE"""	"""target"""	"""TRUE"""	"-1"	"-1"	"-1"	"-1"	"-1"	"-1"	"""Bob describing something"""	"""No"""	""""""	"""f"""	"9"	"0"	"0"	"2"	"1"	"""5"""	"-1"
"What is he talking about? (1-2 mins)"	"Short and fun! A 1-2 minute word game about what someone is talking about."	"experiment, psychology, game"	"$0.25"	"Thu Jul 31 09:47:42 PDT 2014"	"200"	"0"	"0"	"200"	"Reviewable"	"NotReviewed"	"1 scales"	"600"	"60000"	"Thu Aug 07 09:47:42 PDT 2014"	"S38166"	"Approved"	""	"""pizza"""	"""peppers"""	"0"	"-1"	"2"	"0"	"0"	"1"	"0"	"0"	"-1"	"-1"	"-1"	"""TRUE"""	"""target"""	"""TRUE"""	"-1"	"-1"	"-1"	"-1"	"-1"	"-1"	"""meaning of one word"""	""""""	"""61"""	"""m"""	"8"	"0"	"2"	"0"	"1"	"""5"""	"-1"
"What is he talking about? (1-2 mins)"	"Short and fun! A 1-2 minute word game about what someone is talking about."	"experiment, psychology, game"	"$0.25"	"Thu Jul 31 09:47:42 PDT 2014"	"200"	"0"	"0"	"200"	"Reviewable"	"NotReviewed"	"1 scales"	"600"	"60000"	"Thu Aug 07 09:47:42 PDT 2014"	"S62133"	"Approved"	""	"""Christmas tree"""	"""star"""	"0"	"-1"	"1"	"0"	"0"	"1"	"0"	"0"	"-1"	"-1"	"-1"	"""TRUE"""	"""target"""	"""TRUE"""	"-1"	"-1"	"-1"	"-1"	"-1"	"-1"	"""guessing which tree bob wanted to show you"""	""""""	"""27"""	"""m"""	"12"	"0"	"0"	"2"	"1"	"""5"""	"-1"
"What is he talking about? (1-2 mins)"	"Short and fun! A 1-2 minute word game about what someone is talking about."	"experiment, psychology, game"	"$0.25"	"Thu Jul 31 09:47:42 PDT 2014"	"200"	"0"	"0"	"200"	"Reviewable"	"NotReviewed"	"1 scales"	"600"	"60000"	"Thu Aug 07 09:47:42 PDT 2014"	"S80011"	"Approved"	""	"""boat"""	"""sail"""	"0"	"-1"	"1"	"0"	"0"	"1"	"0"	"0"	"-1"	"-1"	"-1"	"""TRUE"""	"""distractor2"""	"""FALSE"""	"-1"	"-1"	"-1"	"-1"	"-1"	"-1"	"""Bob who likes to sail, but can only say the word sail."""	""""""	"""21"""	"""M"""	"17"	"0"	"0"	"1"	"2"	"""5"""	"-1"
"What is he talking about? (1-2 mins)"	"Short and fun! A 1-2 minute word game about what someone is talking about."	"experiment, psychology, game"	"$0.25"	"Thu Jul 31 09:47:42 PDT 2014"	"200"	"0"	"0"	"200"	"Reviewable"	"NotReviewed"	"1 scales"	"600"	"60000"	"Thu Aug 07 09:47:42 PDT 2014"	"S29066"	"Approved"	""	"""snowman"""	"""hat"""	"0"	"-1"	"1"	"0"	"0"	"1"	"0"	"0"	"-1"	"-1"	"-1"	"""TRUE"""	"""distractor2"""	"""FALSE"""	"-1"	"-1"	"-1"	"-1"	"-1"	"-1"	"""Learning about Bob"""	""""""	"""30"""	"""m"""	"9"	"0"	"1"	"0"	"2"	"""5"""	"-1"
"What is he talking about? (1-2 mins)"	"Short and fun! A 1-2 minute word game about what someone is talking about."	"experiment, psychology, game"	"$0.25"	"Thu Jul 31 09:47:42 PDT 2014"	"200"	"0"	"0"	"200"	"Reviewable"	"NotReviewed"	"1 scales"	"600"	"60000"	"Thu Aug 07 09:47:42 PDT 2014"	"S02539"	"Approved"	""	"""friend"""	"""glasses"""	"0"	"-1"	"2"	"0"	"0"	"1"	"0"	"0"	"-1"	"-1"	"-1"	"""TRUE"""	"""target"""	"""TRUE"""	"-1"	"-1"	"-1"	"-1"	"-1"	"-1"	"""Bob wants to meet up with a friend and I have to choose from \""glasses\"""""	"""Easy survey, gets one to think"""	"""18"""	"""M"""	"11"	"0"	"1"	"2"	"0"	"""5"""	"-1"
"What is he talking about? (1-2 mins)"	"Short and fun! A 1-2 minute word game about what someone is talking about."	"experiment, psychology, game"	"$0.25"	"Thu Jul 31 09:47:42 PDT 2014"	"200"	"0"	"0"	"200"	"Reviewable"	"NotReviewed"	"1 scales"	"600"	"60000"	"Thu Aug 07 09:47:42 PDT 2014"	"S37031"	"Approved"	""	"""sundae"""	"""whipped cream"""	"0"	"-1"	"1"	"0"	"0"	"1"	"0"	"0"	"-1"	"-1"	"-1"	"""TRUE"""	"""target"""	"""TRUE"""	"-1"	"-1"	"-1"	"-1"	"-1"	"-1"	"""Which sundae Bob was describing when he said, \""whipped cream.\"""""	"""no"""	"""42"""	"""m"""	"9"	"0"	"0"	"1"	"2"	"""5"""	"-1"
"What is he talking about? (1-2 mins)"	"Short and fun! A 1-2 minute word game about what someone is talking about."	"experiment, psychology, game"	"$0.25"	"Thu Jul 31 09:47:42 PDT 2014"	"200"	"0"	"0"	"200"	"Reviewable"	"NotReviewed"	"1 scales"	"600"	"60000"	"Thu Aug 07 09:47:42 PDT 2014"	"S99286"	"Approved"	""	"""Christmas tree"""	"""lights"""	"0"	"-1"	"2"	"0"	"0"	"1"	"0"	"0"	"-1"	"-1"	"-1"	"""TRUE"""	"""target"""	"""TRUE"""	"-1"	"-1"	"-1"	"-1"	"-1"	"-1"	"""Deciding what tree a character named Bob was describing with only one word."""	""""""	"""36"""	"""f"""	"8"	"0"	"1"	"0"	"2"	"""5"""	"-1"
"What is he talking about? (1-2 mins)"	"Short and fun! A 1-2 minute word game about what someone is talking about."	"experiment, psychology, game"	"$0.25"	"Thu Jul 31 09:47:42 PDT 2014"	"200"	"0"	"0"	"200"	"Reviewable"	"NotReviewed"	"1 scales"	"600"	"60000"	"Thu Aug 07 09:47:42 PDT 2014"	"S83443"	"Approved"	""	"""boat"""	"""cabin"""	"0"	"-1"	"2"	"0"	"0"	"1"	"0"	"0"	"-1"	"-1"	"-1"	"""TRUE"""	"""distractor1"""	"""FALSE"""	"-1"	"-1"	"-1"	"-1"	"-1"	"-1"	"""Communication"""	""""""	""""""	"""f"""	"8"	"0"	"0"	"1"	"2"	"""5"""	"-1"
"What is he talking about? (1-2 mins)"	"Short and fun! A 1-2 minute word game about what someone is talking about."	"experiment, psychology, game"	"$0.25"	"Thu Jul 31 09:47:42 PDT 2014"	"200"	"0"	"0"	"200"	"Reviewable"	"NotReviewed"	"1 scales"	"600"	"60000"	"Thu Aug 07 09:47:42 PDT 2014"	"S35165"	"Approved"	""	"""snowman"""	"""mittens"""	"0"	"-1"	"2"	"0"	"0"	"1"	"0"	"0"	"-1"	"-1"	"-1"	"""TRUE"""	"""target"""	"""TRUE"""	"-1"	"-1"	"-1"	"-1"	"-1"	"-1"	"""Relationship between 1 word and what one perceives it as"""	""""""	"""23"""	"""m"""	"11"	"0"	"1"	"0"	"2"	"""5"""	"-1"
"What is he talking about? (1-2 mins)"	"Short and fun! A 1-2 minute word game about what someone is talking about."	"experiment, psychology, game"	"$0.25"	"Thu Jul 31 09:47:42 PDT 2014"	"200"	"0"	"0"	"200"	"Reviewable"	"NotReviewed"	"1 scales"	"600"	"60000"	"Thu Aug 07 09:47:42 PDT 2014"	"S99930"	"Approved"	""	"""pizza"""	"""peppers"""	"0"	"-1"	"1"	"0"	"0"	"1"	"0"	"0"	"-1"	"-1"	"-1"	"""TRUE"""	"""target"""	"""TRUE"""	"-1"	"-1"	"-1"	"-1"	"-1"	"-1"	"""Word generalization and visual association."""	""""""	"""24"""	"""f"""	"20"	"0"	"1"	"2"	"0"	"""5"""	"-1"
"What is he talking about? (1-2 mins)"	"Short and fun! A 1-2 minute word game about what someone is talking about."	"experiment, psychology, game"	"$0.25"	"Thu Jul 31 09:47:42 PDT 2014"	"200"	"0"	"0"	"200"	"Reviewable"	"NotReviewed"	"1 scales"	"600"	"60000"	"Thu Aug 07 09:47:42 PDT 2014"	"S92888"	"Approved"	""	"""boat"""	"""cabin"""	"0"	"-1"	"1"	"0"	"0"	"1"	"0"	"0"	"-1"	"-1"	"-1"	"""TRUE"""	"""target"""	"""TRUE"""	"-1"	"-1"	"-1"	"-1"	"-1"	"-1"	"""What Bob was talking about. """	"""None"""	"""22"""	"""F"""	"20"	"0"	"2"	"0"	"1"	"""5"""	"-1"
"What is he talking about? (1-2 mins)"	"Short and fun! A 1-2 minute word game about what someone is talking about."	"experiment, psychology, game"	"$0.25"	"Thu Jul 31 09:47:42 PDT 2014"	"200"	"0"	"0"	"200"	"Reviewable"	"NotReviewed"	"1 scales"	"600"	"60000"	"Thu Aug 07 09:47:42 PDT 2014"	"S72567"	"Approved"	""	"""sundae"""	"""chocolate"""	"0"	"-1"	"1"	"0"	"0"	"1"	"0"	"0"	"-1"	"-1"	"-1"	"""TRUE"""	"""target"""	"""TRUE"""	"-1"	"-1"	"-1"	"-1"	"-1"	"-1"	"""Understanding what people are talking about."""	"""no"""	"""40"""	"""m"""	"17"	"0"	"1"	"2"	"0"	"""5"""	"-1"
"What is he talking about? (1-2 mins)"	"Short and fun! A 1-2 minute word game about what someone is talking about."	"experiment, psychology, game"	"$0.25"	"Thu Jul 31 09:47:42 PDT 2014"	"200"	"0"	"0"	"200"	"Reviewable"	"NotReviewed"	"1 scales"	"600"	"60000"	"Thu Aug 07 09:47:42 PDT 2014"	"S74682"	"Approved"	""	"""Christmas tree"""	"""lights"""	"0"	"-1"	"1"	"0"	"0"	"1"	"0"	"0"	"-1"	"-1"	"-1"	"""TRUE"""	"""target"""	"""TRUE"""	"-1"	"-1"	"-1"	"-1"	"-1"	"-1"	"""Perception based on a statement"""	"""No comments """	"""28"""	"""m"""	"17"	"0"	"2"	"0"	"1"	"""5"""	"-1"
"What is he talking about? (1-2 mins)"	"Short and fun! A 1-2 minute word game about what someone is talking about."	"experiment, psychology, game"	"$0.25"	"Thu Jul 31 09:47:42 PDT 2014"	"200"	"0"	"0"	"200"	"Reviewable"	"NotReviewed"	"1 scales"	"600"	"60000"	"Thu Aug 07 09:47:42 PDT 2014"	"S02875"	"Approved"	""	"""Christmas tree"""	"""lights"""	"0"	"-1"	"1"	"0"	"0"	"1"	"0"	"0"	"-1"	"-1"	"-1"	"""TRUE"""	"""target"""	"""TRUE"""	"-1"	"-1"	"-1"	"-1"	"-1"	"-1"	"""Understanding what people are talking about"""	""""""	"""20"""	"""m"""	"12"	"0"	"0"	"1"	"2"	"""5"""	"-1"
"What is he talking about? (1-2 mins)"	"Short and fun! A 1-2 minute word game about what someone is talking about."	"experiment, psychology, game"	"$0.25"	"Thu Jul 31 09:47:42 PDT 2014"	"200"	"0"	"0"	"200"	"Reviewable"	"NotReviewed"	"1 scales"	"600"	"60000"	"Thu Aug 07 09:47:42 PDT 2014"	"S10612"	"Approved"	""	"""sundae"""	"""chocolate"""	"0"	"-1"	"1"	"0"	"0"	"1"	"0"	"0"	"-1"	"-1"	"-1"	"""TRUE"""	"""target"""	"""TRUE"""	"-1"	"-1"	"-1"	"-1"	"-1"	"-1"	"""sundaes"""	""""""	"""24"""	"""f"""	"20"	"0"	"1"	"2"	"0"	"""5"""	"-1"
"What is he talking about? (1-2 mins)"	"Short and fun! A 1-2 minute word game about what someone is talking about."	"experiment, psychology, game"	"$0.25"	"Thu Jul 31 09:47:42 PDT 2014"	"200"	"0"	"0"	"200"	"Reviewable"	"NotReviewed"	"1 scales"	"600"	"60000"	"Thu Aug 07 09:47:42 PDT 2014"	"S39851"	"Approved"	""	"""friend"""	"""mustache"""	"0"	"-1"	"1"	"0"	"0"	"1"	"0"	"0"	"-1"	"-1"	"-1"	"""TRUE"""	"""target"""	"""TRUE"""	"-1"	"-1"	"-1"	"-1"	"-1"	"-1"	"""To see which image people associate with the word mustache"""	"""no"""	"""27"""	"""f"""	"17"	"0"	"0"	"1"	"2"	"""5"""	"-1"
"What is he talking about? (1-2 mins)"	"Short and fun! A 1-2 minute word game about what someone is talking about."	"experiment, psychology, game"	"$0.25"	"Thu Jul 31 09:47:42 PDT 2014"	"200"	"0"	"0"	"200"	"Reviewable"	"NotReviewed"	"1 scales"	"600"	"60000"	"Thu Aug 07 09:47:42 PDT 2014"	"S08182"	"Approved"	""	"""pizza"""	"""olives"""	"0"	"-1"	"1"	"0"	"0"	"1"	"0"	"0"	"-1"	"-1"	"-1"	"""TRUE"""	"""target"""	"""TRUE"""	"-1"	"-1"	"-1"	"-1"	"-1"	"-1"	"""Making a choice with limited communication"""	""""""	"""23"""	"""m"""	"12"	"0"	"1"	"0"	"2"	"""5"""	"-1"
"What is he talking about? (1-2 mins)"	"Short and fun! A 1-2 minute word game about what someone is talking about."	"experiment, psychology, game"	"$0.25"	"Thu Jul 31 09:47:42 PDT 2014"	"200"	"0"	"0"	"200"	"Reviewable"	"NotReviewed"	"1 scales"	"600"	"60000"	"Thu Aug 07 09:47:42 PDT 2014"	"S03165"	"Approved"	""	"""sundae"""	"""sprinkles"""	"0"	"-1"	"2"	"0"	"0"	"1"	"0"	"0"	"-1"	"-1"	"-1"	"""FALSE"""	"""target"""	"""TRUE"""	"-1"	"-1"	"-1"	"-1"	"-1"	"-1"	"""Language cognition"""	"""n\\a"""	"""32"""	"""M"""	"19"	"0"	"1"	"0"	"2"	"""5"""	"-1"
"What is he talking about? (1-2 mins)"	"Short and fun! A 1-2 minute word game about what someone is talking about."	"experiment, psychology, game"	"$0.25"	"Thu Jul 31 09:47:42 PDT 2014"	"200"	"0"	"0"	"200"	"Reviewable"	"NotReviewed"	"1 scales"	"600"	"60000"	"Thu Aug 07 09:47:42 PDT 2014"	"S25893"	"Approved"	""	"""boat"""	"""cabin"""	"0"	"-1"	"2"	"0"	"0"	"1"	"0"	"0"	"-1"	"-1"	"-1"	"""TRUE"""	"""target"""	"""TRUE"""	"-1"	"-1"	"-1"	"-1"	"-1"	"-1"	"""Deciphering ambiguous language"""	"""none"""	"""43"""	"""m"""	"16"	"0"	"1"	"0"	"2"	"""5"""	"-1"
"What is he talking about? (1-2 mins)"	"Short and fun! A 1-2 minute word game about what someone is talking about."	"experiment, psychology, game"	"$0.25"	"Thu Jul 31 09:47:42 PDT 2014"	"200"	"0"	"0"	"200"	"Reviewable"	"NotReviewed"	"1 scales"	"600"	"60000"	"Thu Aug 07 09:47:42 PDT 2014"	"S18962"	"Approved"	""	"""pizza"""	"""peppers"""	"0"	"-1"	"2"	"0"	"0"	"1"	"0"	"0"	"-1"	"-1"	"-1"	"""TRUE"""	"""target"""	"""TRUE"""	"-1"	"-1"	"-1"	"-1"	"-1"	"-1"	"""Picking the pizza Bob was talking about"""	"""Nope"""	"""22"""	"""f"""	"16"	"0"	"1"	"0"	"2"	"""5"""	"-1"
"What is he talking about? (1-2 mins)"	"Short and fun! A 1-2 minute word game about what someone is talking about."	"experiment, psychology, game"	"$0.25"	"Thu Jul 31 09:47:42 PDT 2014"	"200"	"0"	"0"	"200"	"Reviewable"	"NotReviewed"	"1 scales"	"600"	"60000"	"Thu Aug 07 09:47:42 PDT 2014"	"S24361"	"Approved"	""	"""snowman"""	"""hat"""	"0"	"-1"	"2"	"0"	"0"	"1"	"0"	"0"	"-1"	"-1"	"-1"	"""TRUE"""	"""target"""	"""TRUE"""	"-1"	"-1"	"-1"	"-1"	"-1"	"-1"	"""snowmen"""	"""no"""	"""54"""	"""M"""	"16"	"0"	"2"	"1"	"0"	"""5"""	"-1"
"What is he talking about? (1-2 mins)"	"Short and fun! A 1-2 minute word game about what someone is talking about."	"experiment, psychology, game"	"$0.25"	"Thu Jul 31 09:47:42 PDT 2014"	"200"	"0"	"0"	"200"	"Reviewable"	"NotReviewed"	"1 scales"	"600"	"60000"	"Thu Aug 07 09:47:42 PDT 2014"	"S38982"	"Approved"	""	"""friend"""	"""glasses"""	"0"	"-1"	"1"	"0"	"0"	"1"	"0"	"0"	"-1"	"-1"	"-1"	"""FALSE"""	"""target"""	"""TRUE"""	"-1"	"-1"	"-1"	"-1"	"-1"	"-1"	"""Bob meeting a friend"""	"""no"""	"""47"""	"""f"""	"12"	"0"	"2"	"0"	"1"	"""5"""	"-1"
"What is he talking about? (1-2 mins)"	"Short and fun! A 1-2 minute word game about what someone is talking about."	"experiment, psychology, game"	"$0.25"	"Thu Jul 31 09:47:42 PDT 2014"	"200"	"0"	"0"	"200"	"Reviewable"	"NotReviewed"	"1 scales"	"600"	"60000"	"Thu Aug 07 09:47:42 PDT 2014"	"S89096"	"Approved"	""	"""pizza"""	"""sausage"""	"0"	"-1"	"2"	"0"	"0"	"1"	"0"	"0"	"-1"	"-1"	"-1"	"""TRUE"""	"""distractor1"""	"""FALSE"""	"-1"	"-1"	"-1"	"-1"	"-1"	"-1"	"""Pizza"""	""""""	"""34"""	"""m"""	"19"	"0"	"0"	"1"	"2"	"""5"""	"-1"
"What is he talking about? (1-2 mins)"	"Short and fun! A 1-2 minute word game about what someone is talking about."	"experiment, psychology, game"	"$0.25"	"Thu Jul 31 09:47:42 PDT 2014"	"200"	"0"	"0"	"200"	"Reviewable"	"NotReviewed"	"1 scales"	"600"	"60000"	"Thu Aug 07 09:47:42 PDT 2014"	"S66343"	"Approved"	""	"""Christmas tree"""	"""presents"""	"0"	"-1"	"1"	"0"	"0"	"1"	"0"	"0"	"-1"	"-1"	"-1"	"""TRUE"""	"""target"""	"""TRUE"""	"-1"	"-1"	"-1"	"-1"	"-1"	"-1"	"""which picture corresponded to the word \""presents\"""""	"""no"""	"""29"""	"""m"""	"20"	"0"	"1"	"0"	"2"	"""5"""	"-1"
"What is he talking about? (1-2 mins)"	"Short and fun! A 1-2 minute word game about what someone is talking about."	"experiment, psychology, game"	"$0.25"	"Thu Jul 31 09:47:42 PDT 2014"	"200"	"0"	"0"	"200"	"Reviewable"	"NotReviewed"	"1 scales"	"600"	"60000"	"Thu Aug 07 09:47:42 PDT 2014"	"S64026"	"Approved"	""	"""Christmas tree"""	"""lights"""	"0"	"-1"	"2"	"0"	"0"	"1"	"0"	"0"	"-1"	"-1"	"-1"	"""TRUE"""	"""target"""	"""TRUE"""	"-1"	"-1"	"-1"	"-1"	"-1"	"-1"	"""bobs choice of christmas tree"""	"""no"""	"""21"""	"""o"""	"8"	"0"	"0"	"1"	"2"	"""5"""	"-1"
"What is he talking about? (1-2 mins)"	"Short and fun! A 1-2 minute word game about what someone is talking about."	"experiment, psychology, game"	"$0.25"	"Thu Jul 31 09:47:42 PDT 2014"	"200"	"0"	"0"	"200"	"Reviewable"	"NotReviewed"	"1 scales"	"600"	"60000"	"Thu Aug 07 09:47:42 PDT 2014"	"S56818"	"Approved"	""	"""pizza"""	"""peppers"""	"0"	"-1"	"2"	"0"	"0"	"1"	"0"	"0"	"-1"	"-1"	"-1"	"""TRUE"""	"""target"""	"""TRUE"""	"-1"	"-1"	"-1"	"-1"	"-1"	"-1"	"""About Bob and what pizza he wanted."""	"""Survey was clear and easy to follow"""	"""29"""	"""m"""	"11"	"0"	"1"	"2"	"0"	"""5"""	"-1"
"What is he talking about? (1-2 mins)"	"Short and fun! A 1-2 minute word game about what someone is talking about."	"experiment, psychology, game"	"$0.25"	"Thu Jul 31 09:47:42 PDT 2014"	"200"	"0"	"0"	"200"	"Reviewable"	"NotReviewed"	"1 scales"	"600"	"60000"	"Thu Aug 07 09:47:42 PDT 2014"	"S96847"	"Approved"	""	"""friend"""	"""hat"""	"0"	"-1"	"2"	"0"	"0"	"1"	"0"	"0"	"-1"	"-1"	"-1"	"""TRUE"""	"""target"""	"""TRUE"""	"-1"	"-1"	"-1"	"-1"	"-1"	"-1"	"""identifying which friend Bob met on Sunday"""	""""""	"""25"""	"""f"""	"8"	"0"	"2"	"1"	"0"	"""5"""	"-1"
"What is he talking about? (1-2 mins)"	"Short and fun! A 1-2 minute word game about what someone is talking about."	"experiment, psychology, game"	"$0.25"	"Thu Jul 31 09:47:42 PDT 2014"	"200"	"0"	"0"	"200"	"Reviewable"	"NotReviewed"	"1 scales"	"600"	"60000"	"Thu Aug 07 09:47:42 PDT 2014"	"S19080"	"Approved"	""	"""snowman"""	"""mittens"""	"0"	"-1"	"2"	"0"	"0"	"1"	"0"	"0"	"-1"	"-1"	"-1"	"""TRUE"""	"""target"""	"""TRUE"""	"-1"	"-1"	"-1"	"-1"	"-1"	"-1"	"""snowmen and mittens"""	""""""	"""26"""	"""f"""	"16"	"0"	"1"	"2"	"0"	"""5"""	"-1"
"What is he talking about? (1-2 mins)"	"Short and fun! A 1-2 minute word game about what someone is talking about."	"experiment, psychology, game"	"$0.25"	"Thu Jul 31 09:47:42 PDT 2014"	"200"	"0"	"0"	"200"	"Reviewable"	"NotReviewed"	"1 scales"	"600"	"60000"	"Thu Aug 07 09:47:42 PDT 2014"	"S93006"	"Approved"	""	"""boat"""	"""cabin"""	"0"	"-1"	"1"	"0"	"0"	"1"	"0"	"0"	"-1"	"-1"	"-1"	"""TRUE"""	"""distractor3"""	"""FALSE"""	"-1"	"-1"	"-1"	"-1"	"-1"	"-1"	"""memory and paying attention"""	""""""	"""28"""	"""f"""	"12"	"0"	"1"	"0"	"2"	"""5"""	"-1"
"What is he talking about? (1-2 mins)"	"Short and fun! A 1-2 minute word game about what someone is talking about."	"experiment, psychology, game"	"$0.25"	"Thu Jul 31 09:47:42 PDT 2014"	"200"	"0"	"0"	"200"	"Reviewable"	"NotReviewed"	"1 scales"	"600"	"60000"	"Thu Aug 07 09:47:42 PDT 2014"	"S39107"	"Approved"	""	"""snowman"""	"""belt"""	"0"	"-1"	"1"	"0"	"0"	"1"	"0"	"0"	"-1"	"-1"	"-1"	"""TRUE"""	"""target"""	"""TRUE"""	"-1"	"-1"	"-1"	"-1"	"-1"	"-1"	"""Snowmen"""	"""None"""	"""24"""	"""M"""	"20"	"0"	"1"	"2"	"0"	"""5"""	"-1"
"What is he talking about? (1-2 mins)"	"Short and fun! A 1-2 minute word game about what someone is talking about."	"experiment, psychology, game"	"$0.25"	"Thu Jul 31 09:47:42 PDT 2014"	"200"	"0"	"0"	"200"	"Reviewable"	"NotReviewed"	"1 scales"	"600"	"60000"	"Thu Aug 07 09:47:42 PDT 2014"	"S08076"	"Approved"	""	"""boat"""	"""cabin"""	"0"	"-1"	"1"	"0"	"0"	"1"	"0"	"0"	"-1"	"-1"	"-1"	"""TRUE"""	"""distractor2"""	"""FALSE"""	"-1"	"-1"	"-1"	"-1"	"-1"	"-1"	"""Figuring out what someone is saying."""	""""""	"""28"""	"""m"""	"9"	"0"	"2"	"1"	"0"	"""5"""	"-1"
"What is he talking about? (1-2 mins)"	"Short and fun! A 1-2 minute word game about what someone is talking about."	"experiment, psychology, game"	"$0.25"	"Thu Jul 31 09:47:42 PDT 2014"	"200"	"0"	"0"	"200"	"Reviewable"	"NotReviewed"	"1 scales"	"600"	"60000"	"Thu Aug 07 09:47:42 PDT 2014"	"S64285"	"Approved"	""	"""boat"""	"""sail"""	"0"	"-1"	"1"	"0"	"0"	"1"	"0"	"0"	"-1"	"-1"	"-1"	"""TRUE"""	"""target"""	"""TRUE"""	"-1"	"-1"	"-1"	"-1"	"-1"	"-1"	"""choosing boats"""	"""none"""	"""26"""	"""f"""	"9"	"0"	"2"	"0"	"1"	"""5"""	"-1"
"What is he talking about? (1-2 mins)"	"Short and fun! A 1-2 minute word game about what someone is talking about."	"experiment, psychology, game"	"$0.25"	"Thu Jul 31 09:47:42 PDT 2014"	"200"	"0"	"0"	"200"	"Reviewable"	"NotReviewed"	"1 scales"	"600"	"60000"	"Thu Aug 07 09:47:42 PDT 2014"	"S51921"	"Approved"	""	"""friend"""	"""mustache"""	"0"	"-1"	"1"	"0"	"0"	"1"	"0"	"0"	"-1"	"-1"	"-1"	"""TRUE"""	"""target"""	"""TRUE"""	"-1"	"-1"	"-1"	"-1"	"-1"	"-1"	"""Bob and who he visits on Sunday"""	"""No comments, but it was interesting!"""	"""25"""	"""f"""	"12"	"0"	"2"	"1"	"0"	"""5"""	"-1"
"What is he talking about? (1-2 mins)"	"Short and fun! A 1-2 minute word game about what someone is talking about."	"experiment, psychology, game"	"$0.25"	"Thu Jul 31 09:47:42 PDT 2014"	"200"	"0"	"0"	"200"	"Reviewable"	"NotReviewed"	"1 scales"	"600"	"60000"	"Thu Aug 07 09:47:42 PDT 2014"	"S26650"	"Approved"	""	"""friend"""	"""hat"""	"0"	"-1"	"1"	"0"	"0"	"1"	"0"	"0"	"-1"	"-1"	"-1"	"""TRUE"""	"""target"""	"""TRUE"""	"-1"	"-1"	"-1"	"-1"	"-1"	"-1"	"""Communication"""	""""""	"""26"""	"""M"""	"12"	"0"	"0"	"2"	"1"	"""5"""	"-1"
"What is he talking about? (1-2 mins)"	"Short and fun! A 1-2 minute word game about what someone is talking about."	"experiment, psychology, game"	"$0.25"	"Thu Jul 31 09:47:42 PDT 2014"	"200"	"0"	"0"	"200"	"Reviewable"	"NotReviewed"	"1 scales"	"600"	"60000"	"Thu Aug 07 09:47:42 PDT 2014"	"S82764"	"Approved"	""	"""snowman"""	"""hat"""	"0"	"-1"	"2"	"0"	"0"	"1"	"0"	"0"	"-1"	"-1"	"-1"	"""TRUE"""	"""distractor1"""	"""FALSE"""	"-1"	"-1"	"-1"	"-1"	"-1"	"-1"	"""Trying to identify if we understand what Bob was talking about. """	""""""	"""28"""	"""f"""	"19"	"0"	"2"	"0"	"1"	"""5"""	"-1"
"What is he talking about? (1-2 mins)"	"Short and fun! A 1-2 minute word game about what someone is talking about."	"experiment, psychology, game"	"$0.25"	"Thu Jul 31 09:47:42 PDT 2014"	"200"	"0"	"0"	"200"	"Reviewable"	"NotReviewed"	"1 scales"	"600"	"60000"	"Thu Aug 07 09:47:42 PDT 2014"	"S72021"	"Approved"	""	"""sundae"""	"""whipped cream"""	"0"	"-1"	"1"	"0"	"0"	"1"	"0"	"0"	"-1"	"-1"	"-1"	"""TRUE"""	"""target"""	"""TRUE"""	"-1"	"-1"	"-1"	"-1"	"-1"	"-1"	"""Using one word to indentify which sundae is being referenced"""	""""""	"""25"""	"""m"""	"12"	"0"	"2"	"0"	"1"	"""5"""	"-1"
"What is he talking about? (1-2 mins)"	"Short and fun! A 1-2 minute word game about what someone is talking about."	"experiment, psychology, game"	"$0.25"	"Thu Jul 31 09:47:42 PDT 2014"	"200"	"0"	"0"	"200"	"Reviewable"	"NotReviewed"	"1 scales"	"600"	"60000"	"Thu Aug 07 09:47:42 PDT 2014"	"S78609"	"Approved"	""	"""sundae"""	"""chocolate"""	"0"	"-1"	"2"	"0"	"0"	"1"	"0"	"0"	"-1"	"-1"	"-1"	"""TRUE"""	"""target"""	"""TRUE"""	"-1"	"-1"	"-1"	"-1"	"-1"	"-1"	"""sundaes"""	"""no """	"""31"""	"""m"""	"16"	"0"	"0"	"2"	"1"	"""5"""	"-1"
"What is he talking about? (1-2 mins)"	"Short and fun! A 1-2 minute word game about what someone is talking about."	"experiment, psychology, game"	"$0.25"	"Thu Jul 31 09:47:42 PDT 2014"	"200"	"0"	"0"	"200"	"Reviewable"	"NotReviewed"	"1 scales"	"600"	"60000"	"Thu Aug 07 09:47:42 PDT 2014"	"S93930"	"Approved"	""	"""pizza"""	"""olives"""	"0"	"-1"	"1"	"0"	"0"	"1"	"0"	"0"	"-1"	"-1"	"-1"	"""TRUE"""	"""target"""	"""TRUE"""	"-1"	"-1"	"-1"	"-1"	"-1"	"-1"	"""To see which pizza we thought he was referring to"""	"""This was interesting"""	"""31"""	"""m"""	"17"	"0"	"2"	"1"	"0"	"""5"""	"-1"
"What is he talking about? (1-2 mins)"	"Short and fun! A 1-2 minute word game about what someone is talking about."	"experiment, psychology, game"	"$0.25"	"Thu Jul 31 09:47:42 PDT 2014"	"200"	"0"	"0"	"200"	"Reviewable"	"NotReviewed"	"1 scales"	"600"	"60000"	"Thu Aug 07 09:47:42 PDT 2014"	"S48617"	"Approved"	""	"""snowman"""	"""mittens"""	"0"	"-1"	"2"	"0"	"0"	"1"	"0"	"0"	"-1"	"-1"	"-1"	"""TRUE"""	"""target"""	"""TRUE"""	"-1"	"-1"	"-1"	"-1"	"-1"	"-1"	"""Seeing if we can pick out a snowman that Bob described"""	""""""	"""20"""	"""m"""	"11"	"0"	"1"	"2"	"0"	"""5"""	"-1"
"What is he talking about? (1-2 mins)"	"Short and fun! A 1-2 minute word game about what someone is talking about."	"experiment, psychology, game"	"$0.25"	"Thu Jul 31 09:47:42 PDT 2014"	"200"	"0"	"0"	"200"	"Reviewable"	"NotReviewed"	"1 scales"	"600"	"60000"	"Thu Aug 07 09:47:42 PDT 2014"	"S43621"	"Approved"	""	"""friend"""	"""glasses"""	"0"	"-1"	"1"	"0"	"0"	"1"	"0"	"0"	"-1"	"-1"	"-1"	"""TRUE"""	"""target"""	"""TRUE"""	"-1"	"-1"	"-1"	"-1"	"-1"	"-1"	"""Decision making"""	"""None at this time"""	"""24"""	"""m"""	"20"	"0"	"0"	"1"	"2"	"""5"""	"-1"
"What is he talking about? (1-2 mins)"	"Short and fun! A 1-2 minute word game about what someone is talking about."	"experiment, psychology, game"	"$0.25"	"Thu Jul 31 09:47:42 PDT 2014"	"200"	"0"	"0"	"200"	"Reviewable"	"NotReviewed"	"1 scales"	"600"	"60000"	"Thu Aug 07 09:47:42 PDT 2014"	"S46257"	"Approved"	""	"""snowman"""	"""belt"""	"0"	"-1"	"1"	"0"	"0"	"1"	"0"	"0"	"-1"	"-1"	"-1"	"""TRUE"""	"""distractor3"""	"""FALSE"""	"-1"	"-1"	"-1"	"-1"	"-1"	"-1"	"""No idea"""	""""""	"""34"""	"""m"""	"20"	"0"	"2"	"1"	"0"	"""5"""	"-1"
"What is he talking about? (1-2 mins)"	"Short and fun! A 1-2 minute word game about what someone is talking about."	"experiment, psychology, game"	"$0.25"	"Thu Jul 31 09:47:42 PDT 2014"	"200"	"0"	"0"	"200"	"Reviewable"	"NotReviewed"	"1 scales"	"600"	"60000"	"Thu Aug 07 09:47:42 PDT 2014"	"S51955"	"Approved"	""	"""sundae"""	"""whipped cream"""	"0"	"-1"	"1"	"0"	"0"	"1"	"0"	"0"	"-1"	"-1"	"-1"	"""TRUE"""	"""distractor3"""	"""FALSE"""	"-1"	"-1"	"-1"	"-1"	"-1"	"-1"	"""he can only say one word to describe what he wants and chose whipped cream, to indicate which sunday he wanted"""	"""quick survey, although i did not really pay attention to his name, only the description that went to his name. I am definitely not a name person!"""	"""23"""	"""m"""	"20"	"0"	"2"	"1"	"0"	"""5"""	"-1"
"What is he talking about? (1-2 mins)"	"Short and fun! A 1-2 minute word game about what someone is talking about."	"experiment, psychology, game"	"$0.25"	"Thu Jul 31 09:47:42 PDT 2014"	"200"	"0"	"0"	"200"	"Reviewable"	"NotReviewed"	"1 scales"	"600"	"60000"	"Thu Aug 07 09:47:42 PDT 2014"	"S30457"	"Approved"	""	"""pizza"""	"""sausage"""	"0"	"-1"	"1"	"0"	"0"	"1"	"0"	"0"	"-1"	"-1"	"-1"	"""TRUE"""	"""target"""	"""TRUE"""	"-1"	"-1"	"-1"	"-1"	"-1"	"-1"	"""pizza"""	""""""	""""""	"""f"""	"17"	"0"	"0"	"1"	"2"	"""5"""	"-1"
"What is he talking about? (1-2 mins)"	"Short and fun! A 1-2 minute word game about what someone is talking about."	"experiment, psychology, game"	"$0.25"	"Thu Jul 31 09:47:42 PDT 2014"	"200"	"0"	"0"	"200"	"Reviewable"	"NotReviewed"	"1 scales"	"600"	"60000"	"Thu Aug 07 09:47:42 PDT 2014"	"S79518"	"Approved"	""	"""Christmas tree"""	"""ornaments"""	"0"	"-1"	"2"	"0"	"0"	"1"	"0"	"0"	"-1"	"-1"	"-1"	"""TRUE"""	"""target"""	"""TRUE"""	"-1"	"-1"	"-1"	"-1"	"-1"	"-1"	"""Interpreting what someone means with minimal conversation"""	"""No comment"""	"""24"""	"""m"""	"16"	"0"	"1"	"0"	"2"	"""5"""	"-1"
"What is he talking about? (1-2 mins)"	"Short and fun! A 1-2 minute word game about what someone is talking about."	"experiment, psychology, game"	"$0.25"	"Thu Jul 31 09:47:42 PDT 2014"	"200"	"0"	"0"	"200"	"Reviewable"	"NotReviewed"	"1 scales"	"600"	"60000"	"Thu Aug 07 09:47:42 PDT 2014"	"S84338"	"Approved"	""	"""Christmas tree"""	"""lights"""	"0"	"-1"	"1"	"0"	"0"	"1"	"0"	"0"	"-1"	"-1"	"-1"	"""TRUE"""	"""distractor1"""	"""FALSE"""	"-1"	"-1"	"-1"	"-1"	"-1"	"-1"	"""one word communication"""	""""""	"""33"""	"""f"""	"9"	"0"	"1"	"2"	"0"	"""5"""	"-1"
"What is he talking about? (1-2 mins)"	"Short and fun! A 1-2 minute word game about what someone is talking about."	"experiment, psychology, game"	"$0.25"	"Thu Jul 31 09:47:42 PDT 2014"	"200"	"0"	"0"	"200"	"Reviewable"	"NotReviewed"	"1 scales"	"600"	"60000"	"Thu Aug 07 09:47:42 PDT 2014"	"S39889"	"Approved"	""	"""Christmas tree"""	"""star"""	"0"	"-1"	"1"	"0"	"0"	"1"	"0"	"0"	"-1"	"-1"	"-1"	"""TRUE"""	"""distractor3"""	"""FALSE"""	"-1"	"-1"	"-1"	"-1"	"-1"	"-1"	"""which tree fit the criterea of: star"""	""""""	"""25"""	"""F"""	"20"	"0"	"1"	"2"	"0"	"""5"""	"-1"
"What is he talking about? (1-2 mins)"	"Short and fun! A 1-2 minute word game about what someone is talking about."	"experiment, psychology, game"	"$0.25"	"Thu Jul 31 09:47:42 PDT 2014"	"200"	"0"	"0"	"200"	"Reviewable"	"NotReviewed"	"1 scales"	"600"	"60000"	"Thu Aug 07 09:47:42 PDT 2014"	"S36035"	"Approved"	""	"""friend"""	"""hat"""	"0"	"-1"	"1"	"0"	"0"	"1"	"0"	"0"	"-1"	"-1"	"-1"	"""TRUE"""	"""target"""	"""TRUE"""	"-1"	"-1"	"-1"	"-1"	"-1"	"-1"	"""Clicking on the friend with the hat that Bob visited."""	""""""	"""20"""	"""m"""	"12"	"0"	"1"	"2"	"0"	"""5"""	"-1"
"What is he talking about? (1-2 mins)"	"Short and fun! A 1-2 minute word game about what someone is talking about."	"experiment, psychology, game"	"$0.25"	"Thu Jul 31 09:47:42 PDT 2014"	"200"	"0"	"0"	"200"	"Reviewable"	"NotReviewed"	"1 scales"	"600"	"60000"	"Thu Aug 07 09:47:42 PDT 2014"	"S25854"	"Approved"	""	"""boat"""	"""sail"""	"0"	"-1"	"1"	"0"	"0"	"1"	"0"	"0"	"-1"	"-1"	"-1"	"""TRUE"""	"""target"""	"""TRUE"""	"-1"	"-1"	"-1"	"-1"	"-1"	"-1"	"""what boat bob wanted"""	""""""	"""28"""	"""m"""	"20"	"0"	"1"	"0"	"2"	"""5"""	"-1"
