"title"	"description"	"keywords"	"reward"	"creationtime"	"assignments"	"numavailable"	"numpending"	"numcomplete"	"hitstatus"	"reviewstatus"	"annotation"	"assignmentduration"	"autoapprovaldelay"	"hitlifetime"	"workerid"	"assignmentstatus"	"deadline"	"Answer.item"	"Answer.target_property"	"Answer.target_frequency"	"Answer.familiarization_cond"	"Answer.level"	"Answer.participant_response_type_condition"	"Answer.participant_feature_count_condition"	"Answer.linguistic_framing_condition"	"Answer.target_filler_sequence_condition"	"Answer.question_type_condition"	"Answer.manip_check_target"	"Answer.manip_check_dist"	"Answer.manip_check_foil"	"Answer.name_check_correct"	"Answer.choice"	"Answer.choice_correct"	"Answer.money_allocated_to_foil"	"Answer.money_allocated_to_target"	"Answer.money_allocated_to_logical"	"Answer.Likert_value_foil"	"Answer.Likert_value_target"	"Answer.Likert_value_logical"	"Answer.about"	"Answer.comment"	"Answer.age"	"Answer.gender"	"Answer.scale_and_levels_condition"	"Answer.familiarization_present_in_study"	"Answer.top_question_order"	"Answer.middle_question_order"	"Answer.bottom_question_order"	"Answer.image_version"	"Answer.hand_position"
"What is he talking about? (1-2 mins)"	"Short and fun! A 1-2 minute word game about what someone is talking about."	"experiment, psychology, game"	"$0.25"	"Tue Jul 29 18:41:56 PDT 2014"	"300"	"0"	"0"	"300"	"Reviewable"	"NotReviewed"	"1 scales"	"600"	"60000"	"Tue Aug 05 18:41:56 PDT 2014"	"S55736"	"Approved"	""	"""sundae"""	"""whipped cream"""	"0"	"-1"	"1"	"0"	"0"	"1"	"0"	"0"	"-1"	"-1"	"-1"	"""TRUE"""	"""target"""	"""TRUE"""	"-1"	"-1"	"-1"	"-1"	"-1"	"-1"	"""Deciding what he was referring too."""	"""No."""	"""27"""	"""f"""	"6"	"0"	"0"	"2"	"1"	"""5"""	"-1"
"What is he talking about? (1-2 mins)"	"Short and fun! A 1-2 minute word game about what someone is talking about."	"experiment, psychology, game"	"$0.25"	"Tue Jul 29 18:41:56 PDT 2014"	"300"	"0"	"0"	"300"	"Reviewable"	"NotReviewed"	"1 scales"	"600"	"60000"	"Tue Aug 05 18:41:56 PDT 2014"	"S56113"	"Approved"	""	"""pizza"""	"""mushrooms"""	"0"	"-1"	"1"	"0"	"0"	"1"	"0"	"0"	"-1"	"-1"	"-1"	"""TRUE"""	"""target"""	"""TRUE"""	"-1"	"-1"	"-1"	"-1"	"-1"	"-1"	"""Pizza"""	"""None"""	"""31"""	"""M"""	"6"	"0"	"1"	"2"	"0"	"""5"""	"-1"
"What is he talking about? (1-2 mins)"	"Short and fun! A 1-2 minute word game about what someone is talking about."	"experiment, psychology, game"	"$0.25"	"Tue Jul 29 18:41:56 PDT 2014"	"300"	"0"	"0"	"300"	"Reviewable"	"NotReviewed"	"1 scales"	"600"	"60000"	"Tue Aug 05 18:41:56 PDT 2014"	"S67544"	"Approved"	""	"""friend"""	"""bowtie"""	"0"	"-1"	"1"	"0"	"0"	"1"	"0"	"0"	"-1"	"-1"	"-1"	"""TRUE"""	"""distractor1"""	"""FALSE"""	"-1"	"-1"	"-1"	"-1"	"-1"	"-1"	"""Word association?"""	"""No."""	"""27"""	"""M"""	"14"	"0"	"1"	"2"	"0"	"""5"""	"-1"
"What is he talking about? (1-2 mins)"	"Short and fun! A 1-2 minute word game about what someone is talking about."	"experiment, psychology, game"	"$0.25"	"Tue Jul 29 18:41:56 PDT 2014"	"300"	"0"	"0"	"300"	"Reviewable"	"NotReviewed"	"1 scales"	"600"	"60000"	"Tue Aug 05 18:41:56 PDT 2014"	"S43969"	"Approved"	""	"""Christmas tree"""	"""ornaments"""	"0"	"-1"	"1"	"0"	"0"	"1"	"0"	"0"	"-1"	"-1"	"-1"	"""TRUE"""	"""target"""	"""TRUE"""	"-1"	"-1"	"-1"	"-1"	"-1"	"-1"	"""Choosing which tree Bob was talking about with only one word"""	"""none"""	"""23"""	"""f"""	"6"	"0"	"2"	"0"	"1"	"""5"""	"-1"
"What is he talking about? (1-2 mins)"	"Short and fun! A 1-2 minute word game about what someone is talking about."	"experiment, psychology, game"	"$0.25"	"Tue Jul 29 18:41:56 PDT 2014"	"300"	"0"	"0"	"300"	"Reviewable"	"NotReviewed"	"1 scales"	"600"	"60000"	"Tue Aug 05 18:41:56 PDT 2014"	"S02853"	"Approved"	""	"""Christmas tree"""	"""presents"""	"0"	"-1"	"1"	"0"	"0"	"1"	"0"	"0"	"-1"	"-1"	"-1"	"""TRUE"""	"""distractor1"""	"""FALSE"""	"-1"	"-1"	"-1"	"-1"	"-1"	"-1"	"""Christmas Trees"""	"""No"""	"""21"""	"""m"""	"14"	"0"	"2"	"0"	"1"	"""5"""	"-1"
"What is he talking about? (1-2 mins)"	"Short and fun! A 1-2 minute word game about what someone is talking about."	"experiment, psychology, game"	"$0.25"	"Tue Jul 29 18:41:56 PDT 2014"	"300"	"0"	"0"	"300"	"Reviewable"	"NotReviewed"	"1 scales"	"600"	"60000"	"Tue Aug 05 18:41:56 PDT 2014"	"S35820"	"Approved"	""	"""Christmas tree"""	"""ornaments"""	"0"	"-1"	"1"	"0"	"0"	"1"	"0"	"0"	"-1"	"-1"	"-1"	"""TRUE"""	"""target"""	"""TRUE"""	"-1"	"-1"	"-1"	"-1"	"-1"	"-1"	"""perception"""	"""none"""	"""32"""	"""m"""	"6"	"0"	"1"	"2"	"0"	"""5"""	"-1"
"What is he talking about? (1-2 mins)"	"Short and fun! A 1-2 minute word game about what someone is talking about."	"experiment, psychology, game"	"$0.25"	"Tue Jul 29 18:41:56 PDT 2014"	"300"	"0"	"0"	"300"	"Reviewable"	"NotReviewed"	"1 scales"	"600"	"60000"	"Tue Aug 05 18:41:56 PDT 2014"	"S06040"	"Approved"	""	"""Christmas tree"""	"""lights"""	"0"	"-1"	"1"	"0"	"0"	"1"	"0"	"0"	"-1"	"-1"	"-1"	"""FALSE"""	"""distractor1"""	"""FALSE"""	"-1"	"-1"	"-1"	"-1"	"-1"	"-1"	"""About Joe loving to trim Christmas Tree. Oh and lights."""	"""Lights"""	""""""	"""m"""	"0"	"0"	"0"	"2"	"1"	"""5"""	"-1"
"What is he talking about? (1-2 mins)"	"Short and fun! A 1-2 minute word game about what someone is talking about."	"experiment, psychology, game"	"$0.25"	"Tue Jul 29 18:41:56 PDT 2014"	"300"	"0"	"0"	"300"	"Reviewable"	"NotReviewed"	"1 scales"	"600"	"60000"	"Tue Aug 05 18:41:56 PDT 2014"	"S20292"	"Approved"	""	"""friend"""	"""hat"""	"0"	"-1"	"1"	"0"	"0"	"1"	"0"	"0"	"-1"	"-1"	"-1"	"""TRUE"""	"""target"""	"""TRUE"""	"-1"	"-1"	"-1"	"-1"	"-1"	"-1"	"""Who Bob was referrring to when he said hat. """	"""No. """	"""31"""	"""m"""	"0"	"0"	"0"	"2"	"1"	"""5"""	"-1"
"What is he talking about? (1-2 mins)"	"Short and fun! A 1-2 minute word game about what someone is talking about."	"experiment, psychology, game"	"$0.25"	"Tue Jul 29 18:41:56 PDT 2014"	"300"	"0"	"0"	"300"	"Reviewable"	"NotReviewed"	"1 scales"	"600"	"60000"	"Tue Aug 05 18:41:56 PDT 2014"	"S33499"	"Approved"	""	"""friend"""	"""mustache"""	"0"	"-1"	"1"	"0"	"0"	"1"	"0"	"0"	"-1"	"-1"	"-1"	"""TRUE"""	"""distractor1"""	"""FALSE"""	"-1"	"-1"	"-1"	"-1"	"-1"	"-1"	"""meeting a friend"""	""""""	"""50"""	"""female"""	"6"	"0"	"2"	"1"	"0"	"""5"""	"-1"
"What is he talking about? (1-2 mins)"	"Short and fun! A 1-2 minute word game about what someone is talking about."	"experiment, psychology, game"	"$0.25"	"Tue Jul 29 18:41:56 PDT 2014"	"300"	"0"	"0"	"300"	"Reviewable"	"NotReviewed"	"1 scales"	"600"	"60000"	"Tue Aug 05 18:41:56 PDT 2014"	"S02865"	"Approved"	""	"""snowman"""	"""scarf"""	"0"	"-1"	"1"	"0"	"0"	"1"	"0"	"0"	"-1"	"-1"	"-1"	"""TRUE"""	"""target"""	"""TRUE"""	"-1"	"-1"	"-1"	"-1"	"-1"	"-1"	"""Bob likes to decorate snowmen."""	""""""	"""29"""	"""m"""	"6"	"0"	"0"	"2"	"1"	"""5"""	"-1"
"What is he talking about? (1-2 mins)"	"Short and fun! A 1-2 minute word game about what someone is talking about."	"experiment, psychology, game"	"$0.25"	"Tue Jul 29 18:41:56 PDT 2014"	"300"	"0"	"0"	"300"	"Reviewable"	"NotReviewed"	"1 scales"	"600"	"60000"	"Tue Aug 05 18:41:56 PDT 2014"	"S29324"	"Approved"	""	"""pizza"""	"""olives"""	"0"	"-1"	"1"	"0"	"0"	"1"	"0"	"0"	"-1"	"-1"	"-1"	"""TRUE"""	"""target"""	"""TRUE"""	"-1"	"-1"	"-1"	"-1"	"-1"	"-1"	"""how much people infer from one word"""	"""No"""	"""26"""	"""Female"""	"0"	"0"	"1"	"2"	"0"	"""5"""	"-1"
"What is he talking about? (1-2 mins)"	"Short and fun! A 1-2 minute word game about what someone is talking about."	"experiment, psychology, game"	"$0.25"	"Tue Jul 29 18:41:56 PDT 2014"	"300"	"0"	"0"	"300"	"Reviewable"	"NotReviewed"	"1 scales"	"600"	"60000"	"Tue Aug 05 18:41:56 PDT 2014"	"S32898"	"Approved"	""	"""sundae"""	"""chocolate"""	"0"	"-1"	"1"	"0"	"0"	"1"	"0"	"0"	"-1"	"-1"	"-1"	"""FALSE"""	"""distractor1"""	"""FALSE"""	"-1"	"-1"	"-1"	"-1"	"-1"	"-1"	"""inferring a choice"""	"""no"""	""""""	"""female"""	"6"	"0"	"1"	"2"	"0"	"""5"""	"-1"
"What is he talking about? (1-2 mins)"	"Short and fun! A 1-2 minute word game about what someone is talking about."	"experiment, psychology, game"	"$0.25"	"Tue Jul 29 18:41:56 PDT 2014"	"300"	"0"	"0"	"300"	"Reviewable"	"NotReviewed"	"1 scales"	"600"	"60000"	"Tue Aug 05 18:41:56 PDT 2014"	"S76532"	"Approved"	""	"""snowman"""	"""mittens"""	"0"	"-1"	"1"	"0"	"0"	"1"	"0"	"0"	"-1"	"-1"	"-1"	"""TRUE"""	"""target"""	"""TRUE"""	"-1"	"-1"	"-1"	"-1"	"-1"	"-1"	"""bob likes to build snowmen"""	"""thanks"""	"""34"""	"""M"""	"14"	"0"	"1"	"2"	"0"	"""5"""	"-1"
"What is he talking about? (1-2 mins)"	"Short and fun! A 1-2 minute word game about what someone is talking about."	"experiment, psychology, game"	"$0.25"	"Tue Jul 29 18:41:56 PDT 2014"	"300"	"0"	"0"	"300"	"Reviewable"	"NotReviewed"	"1 scales"	"600"	"60000"	"Tue Aug 05 18:41:56 PDT 2014"	"S64674"	"Approved"	""	"""pizza"""	"""mushrooms"""	"0"	"-1"	"1"	"0"	"0"	"1"	"0"	"0"	"-1"	"-1"	"-1"	"""TRUE"""	"""target"""	"""TRUE"""	"-1"	"-1"	"-1"	"-1"	"-1"	"-1"	"""communication. To what I think about what Bob means when he says, \""mushrooms\"""""	"""fun"""	"""22"""	"""m"""	"0"	"0"	"0"	"1"	"2"	"""5"""	"-1"
"What is he talking about? (1-2 mins)"	"Short and fun! A 1-2 minute word game about what someone is talking about."	"experiment, psychology, game"	"$0.25"	"Tue Jul 29 18:41:56 PDT 2014"	"300"	"0"	"0"	"300"	"Reviewable"	"NotReviewed"	"1 scales"	"600"	"60000"	"Tue Aug 05 18:41:56 PDT 2014"	"S32794"	"Approved"	""	"""sundae"""	"""chocolate"""	"0"	"-1"	"1"	"0"	"0"	"1"	"0"	"0"	"-1"	"-1"	"-1"	"""TRUE"""	"""distractor1"""	"""FALSE"""	"-1"	"-1"	"-1"	"-1"	"-1"	"-1"	"""Sundaes"""	"""Thanks for the HIT"""	"""39"""	"""m"""	"6"	"0"	"2"	"1"	"0"	"""5"""	"-1"
"What is he talking about? (1-2 mins)"	"Short and fun! A 1-2 minute word game about what someone is talking about."	"experiment, psychology, game"	"$0.25"	"Tue Jul 29 18:41:56 PDT 2014"	"300"	"0"	"0"	"300"	"Reviewable"	"NotReviewed"	"1 scales"	"600"	"60000"	"Tue Aug 05 18:41:56 PDT 2014"	"S84777"	"Approved"	""	"""pizza"""	"""sausage"""	"0"	"-1"	"1"	"0"	"0"	"1"	"0"	"0"	"-1"	"-1"	"-1"	"""TRUE"""	"""distractor1"""	"""FALSE"""	"-1"	"-1"	"-1"	"-1"	"-1"	"-1"	"""what pizza bob is talking about"""	"""none"""	"""35"""	"""female"""	"14"	"0"	"1"	"2"	"0"	"""5"""	"-1"
"What is he talking about? (1-2 mins)"	"Short and fun! A 1-2 minute word game about what someone is talking about."	"experiment, psychology, game"	"$0.25"	"Tue Jul 29 18:41:56 PDT 2014"	"300"	"0"	"0"	"300"	"Reviewable"	"NotReviewed"	"1 scales"	"600"	"60000"	"Tue Aug 05 18:41:56 PDT 2014"	"S21017"	"Approved"	""	"""pizza"""	"""olives"""	"0"	"-1"	"1"	"0"	"0"	"1"	"0"	"0"	"-1"	"-1"	"-1"	"""TRUE"""	"""target"""	"""TRUE"""	"-1"	"-1"	"-1"	"-1"	"-1"	"-1"	"""pizza"""	""""""	"""38"""	"""f"""	"6"	"0"	"0"	"2"	"1"	"""5"""	"-1"
"What is he talking about? (1-2 mins)"	"Short and fun! A 1-2 minute word game about what someone is talking about."	"experiment, psychology, game"	"$0.25"	"Tue Jul 29 18:41:56 PDT 2014"	"300"	"0"	"0"	"300"	"Reviewable"	"NotReviewed"	"1 scales"	"600"	"60000"	"Tue Aug 05 18:41:56 PDT 2014"	"S79851"	"Approved"	""	"""friend"""	"""glasses"""	"0"	"-1"	"1"	"0"	"0"	"1"	"0"	"0"	"-1"	"-1"	"-1"	"""TRUE"""	"""target"""	"""TRUE"""	"-1"	"-1"	"-1"	"-1"	"-1"	"-1"	"""Logical deduction, possibly"""	"""I think Bob was talking about friend B because if he was talking about friend A he would have said hat. Since he didn't say hat, he was probably talking about friend B."""	"""29"""	"""m"""	"0"	"0"	"1"	"0"	"2"	"""5"""	"-1"
"What is he talking about? (1-2 mins)"	"Short and fun! A 1-2 minute word game about what someone is talking about."	"experiment, psychology, game"	"$0.25"	"Tue Jul 29 18:41:56 PDT 2014"	"300"	"0"	"0"	"300"	"Reviewable"	"NotReviewed"	"1 scales"	"600"	"60000"	"Tue Aug 05 18:41:56 PDT 2014"	"S82156"	"Approved"	""	"""Christmas tree"""	"""lights"""	"0"	"-1"	"1"	"0"	"0"	"1"	"0"	"0"	"-1"	"-1"	"-1"	"""FALSE"""	"""target"""	"""TRUE"""	"-1"	"-1"	"-1"	"-1"	"-1"	"-1"	"""What is Joe talking about?"""	""""""	"""57"""	"""F"""	"14"	"0"	"1"	"2"	"0"	"""5"""	"-1"
"What is he talking about? (1-2 mins)"	"Short and fun! A 1-2 minute word game about what someone is talking about."	"experiment, psychology, game"	"$0.25"	"Tue Jul 29 18:41:56 PDT 2014"	"300"	"0"	"0"	"300"	"Reviewable"	"NotReviewed"	"1 scales"	"600"	"60000"	"Tue Aug 05 18:41:56 PDT 2014"	"S07090"	"Approved"	""	"""friend"""	"""hat"""	"0"	"-1"	"1"	"0"	"0"	"1"	"0"	"0"	"-1"	"-1"	"-1"	"""TRUE"""	"""target"""	"""TRUE"""	"-1"	"-1"	"-1"	"-1"	"-1"	"-1"	"""how one word describes a person"""	"""thanks"""	"""22"""	"""f"""	"14"	"0"	"0"	"2"	"1"	"""5"""	"-1"
"What is he talking about? (1-2 mins)"	"Short and fun! A 1-2 minute word game about what someone is talking about."	"experiment, psychology, game"	"$0.25"	"Tue Jul 29 18:41:56 PDT 2014"	"300"	"0"	"0"	"300"	"Reviewable"	"NotReviewed"	"1 scales"	"600"	"60000"	"Tue Aug 05 18:41:56 PDT 2014"	"S96473"	"Approved"	""	"""sundae"""	"""whipped cream"""	"0"	"-1"	"1"	"0"	"0"	"1"	"0"	"0"	"-1"	"-1"	"-1"	"""TRUE"""	"""target"""	"""TRUE"""	"-1"	"-1"	"-1"	"-1"	"-1"	"-1"	"""picking a sundae based on 1 word description"""	""""""	"""46"""	"""m"""	"6"	"0"	"1"	"0"	"2"	"""5"""	"-1"
"What is he talking about? (1-2 mins)"	"Short and fun! A 1-2 minute word game about what someone is talking about."	"experiment, psychology, game"	"$0.25"	"Tue Jul 29 18:41:56 PDT 2014"	"300"	"0"	"0"	"300"	"Reviewable"	"NotReviewed"	"1 scales"	"600"	"60000"	"Tue Aug 05 18:41:56 PDT 2014"	"S19511"	"Approved"	""	"""Christmas tree"""	"""lights"""	"0"	"-1"	"1"	"0"	"0"	"1"	"0"	"0"	"-1"	"-1"	"-1"	"""TRUE"""	"""target"""	"""TRUE"""	"-1"	"-1"	"-1"	"-1"	"-1"	"-1"	"""What people are talking about."""	"""Not at this time."""	"""26"""	"""m"""	"0"	"0"	"2"	"1"	"0"	"""5"""	"-1"
"What is he talking about? (1-2 mins)"	"Short and fun! A 1-2 minute word game about what someone is talking about."	"experiment, psychology, game"	"$0.25"	"Tue Jul 29 18:41:56 PDT 2014"	"300"	"0"	"0"	"300"	"Reviewable"	"NotReviewed"	"1 scales"	"600"	"60000"	"Tue Aug 05 18:41:56 PDT 2014"	"S81602"	"Approved"	""	"""snowman"""	"""hat"""	"0"	"-1"	"1"	"0"	"0"	"1"	"0"	"0"	"-1"	"-1"	"-1"	"""TRUE"""	"""target"""	"""TRUE"""	"-1"	"-1"	"-1"	"-1"	"-1"	"-1"	"""snowmen"""	""""""	"""26"""	"""m"""	"6"	"0"	"0"	"2"	"1"	"""5"""	"-1"
"What is he talking about? (1-2 mins)"	"Short and fun! A 1-2 minute word game about what someone is talking about."	"experiment, psychology, game"	"$0.25"	"Tue Jul 29 18:41:56 PDT 2014"	"300"	"0"	"0"	"300"	"Reviewable"	"NotReviewed"	"1 scales"	"600"	"60000"	"Tue Aug 05 18:41:56 PDT 2014"	"S73701"	"Approved"	""	"""sundae"""	"""cherry"""	"0"	"-1"	"1"	"0"	"0"	"1"	"0"	"0"	"-1"	"-1"	"-1"	"""TRUE"""	"""target"""	"""TRUE"""	"-1"	"-1"	"-1"	"-1"	"-1"	"-1"	"""sundaes"""	""""""	"""40"""	"""m"""	"6"	"0"	"2"	"0"	"1"	"""5"""	"-1"
"What is he talking about? (1-2 mins)"	"Short and fun! A 1-2 minute word game about what someone is talking about."	"experiment, psychology, game"	"$0.25"	"Tue Jul 29 18:41:56 PDT 2014"	"300"	"0"	"0"	"300"	"Reviewable"	"NotReviewed"	"1 scales"	"600"	"60000"	"Tue Aug 05 18:41:56 PDT 2014"	"S88850"	"Approved"	""	"""Christmas tree"""	"""star"""	"0"	"-1"	"1"	"0"	"0"	"1"	"0"	"0"	"-1"	"-1"	"-1"	"""TRUE"""	"""distractor1"""	"""FALSE"""	"-1"	"-1"	"-1"	"-1"	"-1"	"-1"	"""Making a guess at what Bob was trying to say with limited information."""	"""Everything went well, thank you."""	"""28"""	"""m"""	"6"	"0"	"0"	"2"	"1"	"""5"""	"-1"
"What is he talking about? (1-2 mins)"	"Short and fun! A 1-2 minute word game about what someone is talking about."	"experiment, psychology, game"	"$0.25"	"Tue Jul 29 18:41:56 PDT 2014"	"300"	"0"	"0"	"300"	"Reviewable"	"NotReviewed"	"1 scales"	"600"	"60000"	"Tue Aug 05 18:41:56 PDT 2014"	"S78871"	"Approved"	""	"""boat"""	"""cabin"""	"0"	"-1"	"1"	"0"	"0"	"1"	"0"	"0"	"-1"	"-1"	"-1"	"""TRUE"""	"""distractor1"""	"""FALSE"""	"-1"	"-1"	"-1"	"-1"	"-1"	"-1"	"""a boat with a cabin"""	""""""	""""""	"""f"""	"0"	"0"	"2"	"1"	"0"	"""5"""	"-1"
"What is he talking about? (1-2 mins)"	"Short and fun! A 1-2 minute word game about what someone is talking about."	"experiment, psychology, game"	"$0.25"	"Tue Jul 29 18:41:56 PDT 2014"	"300"	"0"	"0"	"300"	"Reviewable"	"NotReviewed"	"1 scales"	"600"	"60000"	"Tue Aug 05 18:41:56 PDT 2014"	"S55844"	"Approved"	""	"""Christmas tree"""	"""lights"""	"0"	"-1"	"1"	"0"	"0"	"1"	"0"	"0"	"-1"	"-1"	"-1"	"""TRUE"""	"""distractor1"""	"""FALSE"""	"-1"	"-1"	"-1"	"-1"	"-1"	"-1"	"""what bob likes"""	""""""	""""""	""""""	"14"	"0"	"2"	"0"	"1"	"""5"""	"-1"
"What is he talking about? (1-2 mins)"	"Short and fun! A 1-2 minute word game about what someone is talking about."	"experiment, psychology, game"	"$0.25"	"Tue Jul 29 18:41:56 PDT 2014"	"300"	"0"	"0"	"300"	"Reviewable"	"NotReviewed"	"1 scales"	"600"	"60000"	"Tue Aug 05 18:41:56 PDT 2014"	"S00311"	"Approved"	""	"""pizza"""	"""sausage"""	"0"	"-1"	"1"	"0"	"0"	"1"	"0"	"0"	"-1"	"-1"	"-1"	"""TRUE"""	"""distractor1"""	"""FALSE"""	"-1"	"-1"	"-1"	"-1"	"-1"	"-1"	"""the kind of pizza bob eats, and that he can only communicate one word"""	"""nope"""	"""32"""	"""m"""	"14"	"0"	"0"	"1"	"2"	"""5"""	"-1"
"What is he talking about? (1-2 mins)"	"Short and fun! A 1-2 minute word game about what someone is talking about."	"experiment, psychology, game"	"$0.25"	"Tue Jul 29 18:41:56 PDT 2014"	"300"	"0"	"0"	"300"	"Reviewable"	"NotReviewed"	"1 scales"	"600"	"60000"	"Tue Aug 05 18:41:56 PDT 2014"	"S01910"	"Approved"	""	"""boat"""	"""sail"""	"0"	"-1"	"1"	"0"	"0"	"1"	"0"	"0"	"-1"	"-1"	"-1"	"""TRUE"""	"""target"""	"""TRUE"""	"-1"	"-1"	"-1"	"-1"	"-1"	"-1"	"""no clue"""	""""""	"""39"""	"""f"""	"0"	"0"	"0"	"1"	"2"	"""5"""	"-1"
"What is he talking about? (1-2 mins)"	"Short and fun! A 1-2 minute word game about what someone is talking about."	"experiment, psychology, game"	"$0.25"	"Tue Jul 29 18:41:56 PDT 2014"	"300"	"0"	"0"	"300"	"Reviewable"	"NotReviewed"	"1 scales"	"600"	"60000"	"Tue Aug 05 18:41:56 PDT 2014"	"S57616"	"Approved"	""	"""friend"""	"""hat"""	"0"	"-1"	"1"	"0"	"0"	"1"	"0"	"0"	"-1"	"-1"	"-1"	"""TRUE"""	"""target"""	"""TRUE"""	"-1"	"-1"	"-1"	"-1"	"-1"	"-1"	"""Communications"""	""""""	"""24"""	"""M"""	"0"	"0"	"2"	"0"	"1"	"""5"""	"-1"
"What is he talking about? (1-2 mins)"	"Short and fun! A 1-2 minute word game about what someone is talking about."	"experiment, psychology, game"	"$0.25"	"Tue Jul 29 18:41:56 PDT 2014"	"300"	"0"	"0"	"300"	"Reviewable"	"NotReviewed"	"1 scales"	"600"	"60000"	"Tue Aug 05 18:41:56 PDT 2014"	"S30590"	"Approved"	""	"""snowman"""	"""mittens"""	"0"	"-1"	"1"	"0"	"0"	"1"	"0"	"0"	"-1"	"-1"	"-1"	"""TRUE"""	"""distractor1"""	"""FALSE"""	"-1"	"-1"	"-1"	"-1"	"-1"	"-1"	"""communication and snowmen"""	""""""	"""35"""	"""f"""	"6"	"0"	"2"	"1"	"0"	"""5"""	"-1"
"What is he talking about? (1-2 mins)"	"Short and fun! A 1-2 minute word game about what someone is talking about."	"experiment, psychology, game"	"$0.25"	"Tue Jul 29 18:41:56 PDT 2014"	"300"	"0"	"0"	"300"	"Reviewable"	"NotReviewed"	"1 scales"	"600"	"60000"	"Tue Aug 05 18:41:56 PDT 2014"	"S37126"	"Approved"	""	"""pizza"""	"""mushrooms"""	"0"	"-1"	"1"	"0"	"0"	"1"	"0"	"0"	"-1"	"-1"	"-1"	"""TRUE"""	"""target"""	"""TRUE"""	"-1"	"-1"	"-1"	"-1"	"-1"	"-1"	"""trying to guess what item a person was talking about"""	"""thanks for letting me help."""	"""24"""	"""m"""	"0"	"0"	"1"	"2"	"0"	"""5"""	"-1"
"What is he talking about? (1-2 mins)"	"Short and fun! A 1-2 minute word game about what someone is talking about."	"experiment, psychology, game"	"$0.25"	"Tue Jul 29 18:41:56 PDT 2014"	"300"	"0"	"0"	"300"	"Reviewable"	"NotReviewed"	"1 scales"	"600"	"60000"	"Tue Aug 05 18:41:56 PDT 2014"	"S87871"	"Approved"	""	"""pizza"""	"""mushrooms"""	"0"	"-1"	"1"	"0"	"0"	"1"	"0"	"0"	"-1"	"-1"	"-1"	"""TRUE"""	"""target"""	"""TRUE"""	"-1"	"-1"	"-1"	"-1"	"-1"	"-1"	"""communication"""	"""none"""	"""49"""	"""f"""	"6"	"0"	"1"	"2"	"0"	"""5"""	"-1"
"What is he talking about? (1-2 mins)"	"Short and fun! A 1-2 minute word game about what someone is talking about."	"experiment, psychology, game"	"$0.25"	"Tue Jul 29 18:41:56 PDT 2014"	"300"	"0"	"0"	"300"	"Reviewable"	"NotReviewed"	"1 scales"	"600"	"60000"	"Tue Aug 05 18:41:56 PDT 2014"	"S87754"	"Approved"	""	"""Christmas tree"""	"""lights"""	"0"	"-1"	"1"	"0"	"0"	"1"	"0"	"0"	"-1"	"-1"	"-1"	"""TRUE"""	"""distractor1"""	"""FALSE"""	"-1"	"-1"	"-1"	"-1"	"-1"	"-1"	"""Bob was telling me about his tree with one word - lights"""	"""thanks for the survey, best wishes with your research"""	"""54"""	"""f"""	"6"	"0"	"0"	"1"	"2"	"""5"""	"-1"
"What is he talking about? (1-2 mins)"	"Short and fun! A 1-2 minute word game about what someone is talking about."	"experiment, psychology, game"	"$0.25"	"Tue Jul 29 18:41:56 PDT 2014"	"300"	"0"	"0"	"300"	"Reviewable"	"NotReviewed"	"1 scales"	"600"	"60000"	"Tue Aug 05 18:41:56 PDT 2014"	"S93176"	"Approved"	""	"""pizza"""	"""olives"""	"0"	"-1"	"1"	"0"	"0"	"1"	"0"	"0"	"-1"	"-1"	"-1"	"""TRUE"""	"""target"""	"""TRUE"""	"-1"	"-1"	"-1"	"-1"	"-1"	"-1"	"""What Bob meant"""	""""""	"""20"""	"""f"""	"6"	"0"	"1"	"0"	"2"	"""5"""	"-1"
"What is he talking about? (1-2 mins)"	"Short and fun! A 1-2 minute word game about what someone is talking about."	"experiment, psychology, game"	"$0.25"	"Tue Jul 29 18:41:56 PDT 2014"	"300"	"0"	"0"	"300"	"Reviewable"	"NotReviewed"	"1 scales"	"600"	"60000"	"Tue Aug 05 18:41:56 PDT 2014"	"S65327"	"Approved"	""	"""sundae"""	"""sprinkles"""	"0"	"-1"	"1"	"0"	"0"	"1"	"0"	"0"	"-1"	"-1"	"-1"	"""TRUE"""	"""target"""	"""TRUE"""	"-1"	"-1"	"-1"	"-1"	"-1"	"-1"	"""Bob communicating which sundae he was talking about using one word"""	""""""	"""24"""	"""m"""	"14"	"0"	"0"	"2"	"1"	"""5"""	"-1"
"What is he talking about? (1-2 mins)"	"Short and fun! A 1-2 minute word game about what someone is talking about."	"experiment, psychology, game"	"$0.25"	"Tue Jul 29 18:41:56 PDT 2014"	"300"	"0"	"0"	"300"	"Reviewable"	"NotReviewed"	"1 scales"	"600"	"60000"	"Tue Aug 05 18:41:56 PDT 2014"	"S50515"	"Approved"	""	"""Christmas tree"""	"""ornaments"""	"0"	"-1"	"1"	"0"	"0"	"1"	"0"	"0"	"-1"	"-1"	"-1"	"""FALSE"""	"""target"""	"""TRUE"""	"-1"	"-1"	"-1"	"-1"	"-1"	"-1"	"""choosing which item the person is talking about"""	"""no"""	"""41"""	"""f"""	"14"	"0"	"1"	"2"	"0"	"""5"""	"-1"
"What is he talking about? (1-2 mins)"	"Short and fun! A 1-2 minute word game about what someone is talking about."	"experiment, psychology, game"	"$0.25"	"Tue Jul 29 18:41:56 PDT 2014"	"300"	"0"	"0"	"300"	"Reviewable"	"NotReviewed"	"1 scales"	"600"	"60000"	"Tue Aug 05 18:41:56 PDT 2014"	"S02940"	"Approved"	""	"""snowman"""	"""scarf"""	"0"	"-1"	"1"	"0"	"0"	"1"	"0"	"0"	"-1"	"-1"	"-1"	"""TRUE"""	"""distractor1"""	"""FALSE"""	"-1"	"-1"	"-1"	"-1"	"-1"	"-1"	"""Bob's snowmen"""	""""""	""""""	""""""	"14"	"0"	"1"	"0"	"2"	"""5"""	"-1"
"What is he talking about? (1-2 mins)"	"Short and fun! A 1-2 minute word game about what someone is talking about."	"experiment, psychology, game"	"$0.25"	"Tue Jul 29 18:41:56 PDT 2014"	"300"	"0"	"0"	"300"	"Reviewable"	"NotReviewed"	"1 scales"	"600"	"60000"	"Tue Aug 05 18:41:56 PDT 2014"	"S30021"	"Approved"	""	"""boat"""	"""cabin"""	"0"	"-1"	"1"	"0"	"0"	"1"	"0"	"0"	"-1"	"-1"	"-1"	"""TRUE"""	"""distractor1"""	"""FALSE"""	"-1"	"-1"	"-1"	"-1"	"-1"	"-1"	"""Bob using a single word to identify what he wanted"""	""""""	"""27"""	"""f"""	"6"	"0"	"1"	"2"	"0"	"""5"""	"-1"
"What is he talking about? (1-2 mins)"	"Short and fun! A 1-2 minute word game about what someone is talking about."	"experiment, psychology, game"	"$0.25"	"Tue Jul 29 18:41:56 PDT 2014"	"300"	"0"	"0"	"300"	"Reviewable"	"NotReviewed"	"1 scales"	"600"	"60000"	"Tue Aug 05 18:41:56 PDT 2014"	"S85109"	"Approved"	""	"""pizza"""	"""olives"""	"0"	"-1"	"1"	"0"	"0"	"1"	"0"	"0"	"-1"	"-1"	"-1"	"""FALSE"""	"""distractor1"""	"""FALSE"""	"-1"	"-1"	"-1"	"-1"	"-1"	"-1"	"""to find out what someone was talking about"""	""""""	"""33"""	"""m"""	"14"	"0"	"2"	"1"	"0"	"""5"""	"-1"
"What is he talking about? (1-2 mins)"	"Short and fun! A 1-2 minute word game about what someone is talking about."	"experiment, psychology, game"	"$0.25"	"Tue Jul 29 18:41:56 PDT 2014"	"300"	"0"	"0"	"300"	"Reviewable"	"NotReviewed"	"1 scales"	"600"	"60000"	"Tue Aug 05 18:41:56 PDT 2014"	"S69704"	"Approved"	""	"""snowman"""	"""belt"""	"0"	"-1"	"1"	"0"	"0"	"1"	"0"	"0"	"-1"	"-1"	"-1"	"""TRUE"""	"""distractor1"""	"""FALSE"""	"-1"	"-1"	"-1"	"-1"	"-1"	"-1"	"""Bob communicating to me about a snowman."""	""""""	"""28"""	"""m"""	"14"	"0"	"1"	"2"	"0"	"""5"""	"-1"
"What is he talking about? (1-2 mins)"	"Short and fun! A 1-2 minute word game about what someone is talking about."	"experiment, psychology, game"	"$0.25"	"Tue Jul 29 18:41:56 PDT 2014"	"300"	"0"	"0"	"300"	"Reviewable"	"NotReviewed"	"1 scales"	"600"	"60000"	"Tue Aug 05 18:41:56 PDT 2014"	"S61904"	"Approved"	""	"""friend"""	"""hat"""	"0"	"-1"	"1"	"0"	"0"	"1"	"0"	"0"	"-1"	"-1"	"-1"	"""TRUE"""	"""distractor1"""	"""FALSE"""	"-1"	"-1"	"-1"	"-1"	"-1"	"-1"	"""dont know"""	""""""	"""23"""	"""m"""	"14"	"0"	"1"	"2"	"0"	"""5"""	"-1"
"What is he talking about? (1-2 mins)"	"Short and fun! A 1-2 minute word game about what someone is talking about."	"experiment, psychology, game"	"$0.25"	"Tue Jul 29 18:41:56 PDT 2014"	"300"	"0"	"0"	"300"	"Reviewable"	"NotReviewed"	"1 scales"	"600"	"60000"	"Tue Aug 05 18:41:56 PDT 2014"	"S67117"	"Approved"	""	"""sundae"""	"""whipped cream"""	"0"	"-1"	"1"	"0"	"0"	"1"	"0"	"0"	"-1"	"-1"	"-1"	"""TRUE"""	"""target"""	"""TRUE"""	"-1"	"-1"	"-1"	"-1"	"-1"	"-1"	"""Bob's efforts to communicate"""	""""""	"""57"""	"""f"""	"0"	"0"	"0"	"1"	"2"	"""5"""	"-1"
"What is he talking about? (1-2 mins)"	"Short and fun! A 1-2 minute word game about what someone is talking about."	"experiment, psychology, game"	"$0.25"	"Tue Jul 29 18:41:56 PDT 2014"	"300"	"0"	"0"	"300"	"Reviewable"	"NotReviewed"	"1 scales"	"600"	"60000"	"Tue Aug 05 18:41:56 PDT 2014"	"S47620"	"Approved"	""	"""snowman"""	"""scarf"""	"0"	"-1"	"1"	"0"	"0"	"1"	"0"	"0"	"-1"	"-1"	"-1"	"""TRUE"""	"""target"""	"""TRUE"""	"-1"	"-1"	"-1"	"-1"	"-1"	"-1"	"""words"""	"""fun!"""	"""23"""	"""m"""	"0"	"0"	"2"	"1"	"0"	"""5"""	"-1"
"What is he talking about? (1-2 mins)"	"Short and fun! A 1-2 minute word game about what someone is talking about."	"experiment, psychology, game"	"$0.25"	"Tue Jul 29 18:41:56 PDT 2014"	"300"	"0"	"0"	"300"	"Reviewable"	"NotReviewed"	"1 scales"	"600"	"60000"	"Tue Aug 05 18:41:56 PDT 2014"	"S84180"	"Approved"	""	"""friend"""	"""mustache"""	"0"	"-1"	"1"	"0"	"0"	"1"	"0"	"0"	"-1"	"-1"	"-1"	"""TRUE"""	"""distractor1"""	"""FALSE"""	"-1"	"-1"	"-1"	"-1"	"-1"	"-1"	"""Bob talking about a moustache"""	""""""	"""27"""	"""f"""	"14"	"0"	"1"	"0"	"2"	"""5"""	"-1"
"What is he talking about? (1-2 mins)"	"Short and fun! A 1-2 minute word game about what someone is talking about."	"experiment, psychology, game"	"$0.25"	"Tue Jul 29 18:41:56 PDT 2014"	"300"	"0"	"0"	"300"	"Reviewable"	"NotReviewed"	"1 scales"	"600"	"60000"	"Tue Aug 05 18:41:56 PDT 2014"	"S95817"	"Approved"	""	"""friend"""	"""hat"""	"0"	"-1"	"1"	"0"	"0"	"1"	"0"	"0"	"-1"	"-1"	"-1"	"""TRUE"""	"""target"""	"""TRUE"""	"-1"	"-1"	"-1"	"-1"	"-1"	"-1"	"""This survey was about choosing a friend with a little description"""	"""Great survey"""	"""24"""	"""M"""	"0"	"0"	"1"	"2"	"0"	"""5"""	"-1"
"What is he talking about? (1-2 mins)"	"Short and fun! A 1-2 minute word game about what someone is talking about."	"experiment, psychology, game"	"$0.25"	"Tue Jul 29 18:41:56 PDT 2014"	"300"	"0"	"0"	"300"	"Reviewable"	"NotReviewed"	"1 scales"	"600"	"60000"	"Tue Aug 05 18:41:56 PDT 2014"	"S35460"	"Approved"	""	"""snowman"""	"""scarf"""	"0"	"-1"	"1"	"0"	"0"	"1"	"0"	"0"	"-1"	"-1"	"-1"	"""TRUE"""	"""target"""	"""TRUE"""	"-1"	"-1"	"-1"	"-1"	"-1"	"-1"	"""Guessing Bob's meaning from one word and two pictures."""	"""No."""	"""33"""	"""f"""	"14"	"0"	"1"	"0"	"2"	"""5"""	"-1"
"What is he talking about? (1-2 mins)"	"Short and fun! A 1-2 minute word game about what someone is talking about."	"experiment, psychology, game"	"$0.25"	"Tue Jul 29 18:41:56 PDT 2014"	"300"	"0"	"0"	"300"	"Reviewable"	"NotReviewed"	"1 scales"	"600"	"60000"	"Tue Aug 05 18:41:56 PDT 2014"	"S72355"	"Approved"	""	"""friend"""	"""mustache"""	"0"	"-1"	"1"	"0"	"0"	"1"	"0"	"0"	"-1"	"-1"	"-1"	"""TRUE"""	"""target"""	"""TRUE"""	"-1"	"-1"	"-1"	"-1"	"-1"	"-1"	"""meeting friends"""	"""no"""	"""40"""	"""f"""	"14"	"0"	"0"	"2"	"1"	"""5"""	"-1"
"What is he talking about? (1-2 mins)"	"Short and fun! A 1-2 minute word game about what someone is talking about."	"experiment, psychology, game"	"$0.25"	"Tue Jul 29 18:41:56 PDT 2014"	"300"	"0"	"0"	"300"	"Reviewable"	"NotReviewed"	"1 scales"	"600"	"60000"	"Tue Aug 05 18:41:56 PDT 2014"	"S52023"	"Approved"	""	"""snowman"""	"""hat"""	"0"	"-1"	"1"	"0"	"0"	"1"	"0"	"0"	"-1"	"-1"	"-1"	"""TRUE"""	"""target"""	"""TRUE"""	"-1"	"-1"	"-1"	"-1"	"-1"	"-1"	"""Trying to figure out which picture a single word represents."""	"""No thanks."""	"""36"""	"""m"""	"0"	"0"	"0"	"2"	"1"	"""5"""	"-1"
"What is he talking about? (1-2 mins)"	"Short and fun! A 1-2 minute word game about what someone is talking about."	"experiment, psychology, game"	"$0.25"	"Tue Jul 29 18:41:56 PDT 2014"	"300"	"0"	"0"	"300"	"Reviewable"	"NotReviewed"	"1 scales"	"600"	"60000"	"Tue Aug 05 18:41:56 PDT 2014"	"S26755"	"Approved"	""	"""boat"""	"""cabin"""	"0"	"-1"	"1"	"0"	"0"	"1"	"0"	"0"	"-1"	"-1"	"-1"	"""TRUE"""	"""distractor1"""	"""FALSE"""	"-1"	"-1"	"-1"	"-1"	"-1"	"-1"	"""Bob likes boats and rents one every weekend. with a cabin"""	"""nope"""	"""25"""	"""Female"""	"0"	"0"	"0"	"2"	"1"	"""5"""	"-1"
"What is he talking about? (1-2 mins)"	"Short and fun! A 1-2 minute word game about what someone is talking about."	"experiment, psychology, game"	"$0.25"	"Tue Jul 29 18:41:56 PDT 2014"	"300"	"0"	"0"	"300"	"Reviewable"	"NotReviewed"	"1 scales"	"600"	"60000"	"Tue Aug 05 18:41:56 PDT 2014"	"S19219"	"Approved"	""	"""boat"""	"""sail"""	"0"	"-1"	"1"	"0"	"0"	"1"	"0"	"0"	"-1"	"-1"	"-1"	"""TRUE"""	"""target"""	"""TRUE"""	"-1"	"-1"	"-1"	"-1"	"-1"	"-1"	"""Language"""	"""no"""	"""28"""	"""F"""	"0"	"0"	"0"	"1"	"2"	"""5"""	"-1"
"What is he talking about? (1-2 mins)"	"Short and fun! A 1-2 minute word game about what someone is talking about."	"experiment, psychology, game"	"$0.25"	"Tue Jul 29 18:41:56 PDT 2014"	"300"	"0"	"0"	"300"	"Reviewable"	"NotReviewed"	"1 scales"	"600"	"60000"	"Tue Aug 05 18:41:56 PDT 2014"	"S70251"	"Approved"	""	"""Christmas tree"""	"""ornaments"""	"0"	"-1"	"1"	"0"	"0"	"1"	"0"	"0"	"-1"	"-1"	"-1"	"""TRUE"""	"""distractor1"""	"""FALSE"""	"-1"	"-1"	"-1"	"-1"	"-1"	"-1"	"""Cutting or trimming trees"""	"""I enjoy these survey's."""	"""26"""	"""m"""	"0"	"0"	"1"	"2"	"0"	"""5"""	"-1"
"What is he talking about? (1-2 mins)"	"Short and fun! A 1-2 minute word game about what someone is talking about."	"experiment, psychology, game"	"$0.25"	"Tue Jul 29 18:41:56 PDT 2014"	"300"	"0"	"0"	"300"	"Reviewable"	"NotReviewed"	"1 scales"	"600"	"60000"	"Tue Aug 05 18:41:56 PDT 2014"	"S42267"	"Approved"	""	"""snowman"""	"""hat"""	"0"	"-1"	"1"	"0"	"0"	"1"	"0"	"0"	"-1"	"-1"	"-1"	"""TRUE"""	"""target"""	"""TRUE"""	"-1"	"-1"	"-1"	"-1"	"-1"	"-1"	"""Trying to determine which snowman bob was referring to"""	""""""	"""34"""	"""m"""	"14"	"0"	"2"	"1"	"0"	"""5"""	"-1"
"What is he talking about? (1-2 mins)"	"Short and fun! A 1-2 minute word game about what someone is talking about."	"experiment, psychology, game"	"$0.25"	"Tue Jul 29 18:41:56 PDT 2014"	"300"	"0"	"0"	"300"	"Reviewable"	"NotReviewed"	"1 scales"	"600"	"60000"	"Tue Aug 05 18:41:56 PDT 2014"	"S64649"	"Approved"	""	"""boat"""	"""cabin"""	"0"	"-1"	"1"	"0"	"0"	"1"	"0"	"0"	"-1"	"-1"	"-1"	"""TRUE"""	"""distractor1"""	"""FALSE"""	"-1"	"-1"	"-1"	"-1"	"-1"	"-1"	"""choosing a boat"""	"""no"""	"""19"""	"""m"""	"6"	"0"	"1"	"0"	"2"	"""5"""	"-1"
"What is he talking about? (1-2 mins)"	"Short and fun! A 1-2 minute word game about what someone is talking about."	"experiment, psychology, game"	"$0.25"	"Tue Jul 29 18:41:56 PDT 2014"	"300"	"0"	"0"	"300"	"Reviewable"	"NotReviewed"	"1 scales"	"600"	"60000"	"Tue Aug 05 18:41:56 PDT 2014"	"S03147"	"Approved"	""	"""snowman"""	"""mittens"""	"0"	"-1"	"1"	"0"	"0"	"1"	"0"	"0"	"-1"	"-1"	"-1"	"""TRUE"""	"""target"""	"""TRUE"""	"-1"	"-1"	"-1"	"-1"	"-1"	"-1"	"""Who bob is and what he is talking about"""	"""What is the answer?"""	"""46"""	"""f"""	"6"	"0"	"1"	"0"	"2"	"""5"""	"-1"
"What is he talking about? (1-2 mins)"	"Short and fun! A 1-2 minute word game about what someone is talking about."	"experiment, psychology, game"	"$0.25"	"Tue Jul 29 18:41:56 PDT 2014"	"300"	"0"	"0"	"300"	"Reviewable"	"NotReviewed"	"1 scales"	"600"	"60000"	"Tue Aug 05 18:41:56 PDT 2014"	"S69588"	"Approved"	""	"""boat"""	"""cabin"""	"0"	"-1"	"1"	"0"	"0"	"1"	"0"	"0"	"-1"	"-1"	"-1"	"""TRUE"""	"""distractor1"""	"""FALSE"""	"-1"	"-1"	"-1"	"-1"	"-1"	"-1"	"""Bob likes boats."""	"""No"""	"""22"""	"""F"""	"14"	"0"	"1"	"0"	"2"	"""5"""	"-1"
"What is he talking about? (1-2 mins)"	"Short and fun! A 1-2 minute word game about what someone is talking about."	"experiment, psychology, game"	"$0.25"	"Tue Jul 29 18:41:56 PDT 2014"	"300"	"0"	"0"	"300"	"Reviewable"	"NotReviewed"	"1 scales"	"600"	"60000"	"Tue Aug 05 18:41:56 PDT 2014"	"S73725"	"Approved"	""	"""snowman"""	"""scarf"""	"0"	"-1"	"1"	"0"	"0"	"1"	"0"	"0"	"-1"	"-1"	"-1"	"""TRUE"""	"""target"""	"""TRUE"""	"-1"	"-1"	"-1"	"-1"	"-1"	"-1"	"""what Bob was talking about"""	""""""	""""""	"""m"""	"6"	"0"	"2"	"1"	"0"	"""5"""	"-1"
"What is he talking about? (1-2 mins)"	"Short and fun! A 1-2 minute word game about what someone is talking about."	"experiment, psychology, game"	"$0.25"	"Tue Jul 29 18:41:56 PDT 2014"	"300"	"0"	"0"	"300"	"Reviewable"	"NotReviewed"	"1 scales"	"600"	"60000"	"Tue Aug 05 18:41:56 PDT 2014"	"S95516"	"Approved"	""	"""boat"""	"""sail"""	"0"	"-1"	"1"	"0"	"0"	"1"	"0"	"0"	"-1"	"-1"	"-1"	"""TRUE"""	"""target"""	"""TRUE"""	"-1"	"-1"	"-1"	"-1"	"-1"	"-1"	"""Understanding subject matter with only one word"""	""""""	"""32"""	"""m"""	"0"	"0"	"0"	"2"	"1"	"""5"""	"-1"
"What is he talking about? (1-2 mins)"	"Short and fun! A 1-2 minute word game about what someone is talking about."	"experiment, psychology, game"	"$0.25"	"Tue Jul 29 18:41:56 PDT 2014"	"300"	"0"	"0"	"300"	"Reviewable"	"NotReviewed"	"1 scales"	"600"	"60000"	"Tue Aug 05 18:41:56 PDT 2014"	"S89096"	"Approved"	""	"""Christmas tree"""	"""lights"""	"0"	"-1"	"1"	"0"	"0"	"1"	"0"	"0"	"-1"	"-1"	"-1"	"""TRUE"""	"""distractor1"""	"""FALSE"""	"-1"	"-1"	"-1"	"-1"	"-1"	"-1"	"""Christmas trees. """	""""""	"""34"""	"""m"""	"6"	"0"	"1"	"2"	"0"	"""5"""	"-1"
"What is he talking about? (1-2 mins)"	"Short and fun! A 1-2 minute word game about what someone is talking about."	"experiment, psychology, game"	"$0.25"	"Tue Jul 29 18:41:56 PDT 2014"	"300"	"0"	"0"	"300"	"Reviewable"	"NotReviewed"	"1 scales"	"600"	"60000"	"Tue Aug 05 18:41:56 PDT 2014"	"S80089"	"Approved"	""	"""snowman"""	"""mittens"""	"0"	"-1"	"1"	"0"	"0"	"1"	"0"	"0"	"-1"	"-1"	"-1"	"""FALSE"""	"""target"""	"""TRUE"""	"-1"	"-1"	"-1"	"-1"	"-1"	"-1"	"""Seeing how we perceive something."""	"""I'm horrible with short namees."""	"""24"""	"""m"""	"14"	"0"	"1"	"0"	"2"	"""5"""	"-1"
"What is he talking about? (1-2 mins)"	"Short and fun! A 1-2 minute word game about what someone is talking about."	"experiment, psychology, game"	"$0.25"	"Tue Jul 29 18:41:56 PDT 2014"	"300"	"0"	"0"	"300"	"Reviewable"	"NotReviewed"	"1 scales"	"600"	"60000"	"Tue Aug 05 18:41:56 PDT 2014"	"S10532"	"Approved"	""	"""boat"""	"""cabin"""	"0"	"-1"	"1"	"0"	"0"	"1"	"0"	"0"	"-1"	"-1"	"-1"	"""FALSE"""	"""target"""	"""TRUE"""	"-1"	"-1"	"-1"	"-1"	"-1"	"-1"	"""boats"""	""""""	"""52"""	"""f"""	"14"	"0"	"1"	"0"	"2"	"""5"""	"-1"
"What is he talking about? (1-2 mins)"	"Short and fun! A 1-2 minute word game about what someone is talking about."	"experiment, psychology, game"	"$0.25"	"Tue Jul 29 18:41:56 PDT 2014"	"300"	"0"	"0"	"300"	"Reviewable"	"NotReviewed"	"1 scales"	"600"	"60000"	"Tue Aug 05 18:41:56 PDT 2014"	"S00052"	"Approved"	""	"""friend"""	"""hat"""	"0"	"-1"	"1"	"0"	"0"	"1"	"0"	"0"	"-1"	"-1"	"-1"	"""TRUE"""	"""target"""	"""TRUE"""	"-1"	"-1"	"-1"	"-1"	"-1"	"-1"	"""not sure"""	""""""	"""31"""	"""Female"""	"14"	"0"	"1"	"2"	"0"	"""5"""	"-1"
"What is he talking about? (1-2 mins)"	"Short and fun! A 1-2 minute word game about what someone is talking about."	"experiment, psychology, game"	"$0.25"	"Tue Jul 29 18:41:56 PDT 2014"	"300"	"0"	"0"	"300"	"Reviewable"	"NotReviewed"	"1 scales"	"600"	"60000"	"Tue Aug 05 18:41:56 PDT 2014"	"S82820"	"Approved"	""	"""sundae"""	"""whipped cream"""	"0"	"-1"	"1"	"0"	"0"	"1"	"0"	"0"	"-1"	"-1"	"-1"	"""TRUE"""	"""target"""	"""TRUE"""	"-1"	"-1"	"-1"	"-1"	"-1"	"-1"	"""Bob's Sundaes"""	"""N/A"""	"""39"""	"""m"""	"0"	"0"	"2"	"0"	"1"	"""5"""	"-1"
"What is he talking about? (1-2 mins)"	"Short and fun! A 1-2 minute word game about what someone is talking about."	"experiment, psychology, game"	"$0.25"	"Tue Jul 29 18:41:56 PDT 2014"	"300"	"0"	"0"	"300"	"Reviewable"	"NotReviewed"	"1 scales"	"600"	"60000"	"Tue Aug 05 18:41:56 PDT 2014"	"S24565"	"Approved"	""	"""boat"""	"""motor"""	"0"	"-1"	"1"	"0"	"0"	"1"	"0"	"0"	"-1"	"-1"	"-1"	"""TRUE"""	"""distractor1"""	"""FALSE"""	"-1"	"-1"	"-1"	"-1"	"-1"	"-1"	"""Language"""	""""""	"""21"""	"""f"""	"14"	"0"	"1"	"0"	"2"	"""5"""	"-1"
"What is he talking about? (1-2 mins)"	"Short and fun! A 1-2 minute word game about what someone is talking about."	"experiment, psychology, game"	"$0.25"	"Tue Jul 29 18:41:56 PDT 2014"	"300"	"0"	"0"	"300"	"Reviewable"	"NotReviewed"	"1 scales"	"600"	"60000"	"Tue Aug 05 18:41:56 PDT 2014"	"S41696"	"Approved"	""	"""friend"""	"""hat"""	"0"	"-1"	"1"	"0"	"0"	"1"	"0"	"0"	"-1"	"-1"	"-1"	"""TRUE"""	"""target"""	"""TRUE"""	"-1"	"-1"	"-1"	"-1"	"-1"	"-1"	"""Studying behavior and how appearances can effect a decision"""	"""No"""	"""24"""	"""m"""	"6"	"0"	"0"	"2"	"1"	"""5"""	"-1"
"What is he talking about? (1-2 mins)"	"Short and fun! A 1-2 minute word game about what someone is talking about."	"experiment, psychology, game"	"$0.25"	"Tue Jul 29 18:41:56 PDT 2014"	"300"	"0"	"0"	"300"	"Reviewable"	"NotReviewed"	"1 scales"	"600"	"60000"	"Tue Aug 05 18:41:56 PDT 2014"	"S19080"	"Approved"	""	"""Christmas tree"""	"""star"""	"0"	"-1"	"1"	"0"	"0"	"1"	"0"	"0"	"-1"	"-1"	"-1"	"""TRUE"""	"""distractor1"""	"""FALSE"""	"-1"	"-1"	"-1"	"-1"	"-1"	"-1"	"""Christmas trees"""	""""""	"""26"""	"""F"""	"14"	"0"	"2"	"0"	"1"	"""5"""	"-1"
"What is he talking about? (1-2 mins)"	"Short and fun! A 1-2 minute word game about what someone is talking about."	"experiment, psychology, game"	"$0.25"	"Tue Jul 29 18:41:56 PDT 2014"	"300"	"0"	"0"	"300"	"Reviewable"	"NotReviewed"	"1 scales"	"600"	"60000"	"Tue Aug 05 18:41:56 PDT 2014"	"S63401"	"Approved"	""	"""friend"""	"""hat"""	"0"	"-1"	"1"	"0"	"0"	"1"	"0"	"0"	"-1"	"-1"	"-1"	"""TRUE"""	"""target"""	"""TRUE"""	"-1"	"-1"	"-1"	"-1"	"-1"	"-1"	"""not sure"""	"""ty"""	"""38"""	"""m"""	"14"	"0"	"0"	"2"	"1"	"""5"""	"-1"
"What is he talking about? (1-2 mins)"	"Short and fun! A 1-2 minute word game about what someone is talking about."	"experiment, psychology, game"	"$0.25"	"Tue Jul 29 18:41:56 PDT 2014"	"300"	"0"	"0"	"300"	"Reviewable"	"NotReviewed"	"1 scales"	"600"	"60000"	"Tue Aug 05 18:41:56 PDT 2014"	"S02817"	"Approved"	""	"""Christmas tree"""	"""ornaments"""	"0"	"-1"	"1"	"0"	"0"	"1"	"0"	"0"	"-1"	"-1"	"-1"	"""TRUE"""	"""distractor1"""	"""FALSE"""	"-1"	"-1"	"-1"	"-1"	"-1"	"-1"	"""Noticing the star"""	"""You silly stanford people and your trees :-)"""	"""25"""	"""m"""	"14"	"0"	"0"	"1"	"2"	"""5"""	"-1"
"What is he talking about? (1-2 mins)"	"Short and fun! A 1-2 minute word game about what someone is talking about."	"experiment, psychology, game"	"$0.25"	"Tue Jul 29 18:41:56 PDT 2014"	"300"	"0"	"0"	"300"	"Reviewable"	"NotReviewed"	"1 scales"	"600"	"60000"	"Tue Aug 05 18:41:56 PDT 2014"	"S68277"	"Approved"	""	"""pizza"""	"""sausage"""	"0"	"-1"	"1"	"0"	"0"	"1"	"0"	"0"	"-1"	"-1"	"-1"	"""TRUE"""	"""distractor1"""	"""FALSE"""	"-1"	"-1"	"-1"	"-1"	"-1"	"-1"	"""Bob and what pizza he likes."""	""""""	"""24."""	"""M"""	"14"	"0"	"2"	"1"	"0"	"""5"""	"-1"
"What is he talking about? (1-2 mins)"	"Short and fun! A 1-2 minute word game about what someone is talking about."	"experiment, psychology, game"	"$0.25"	"Tue Jul 29 18:41:56 PDT 2014"	"300"	"0"	"0"	"300"	"Reviewable"	"NotReviewed"	"1 scales"	"600"	"60000"	"Tue Aug 05 18:41:56 PDT 2014"	"S01033"	"Approved"	""	"""boat"""	"""cabin"""	"0"	"-1"	"1"	"0"	"0"	"1"	"0"	"0"	"-1"	"-1"	"-1"	"""TRUE"""	"""distractor1"""	"""FALSE"""	"-1"	"-1"	"-1"	"-1"	"-1"	"-1"	"""visualization"""	"""thanks"""	"""23"""	"""m"""	"14"	"0"	"0"	"1"	"2"	"""5"""	"-1"
"What is he talking about? (1-2 mins)"	"Short and fun! A 1-2 minute word game about what someone is talking about."	"experiment, psychology, game"	"$0.25"	"Tue Jul 29 18:41:56 PDT 2014"	"300"	"0"	"0"	"300"	"Reviewable"	"NotReviewed"	"1 scales"	"600"	"60000"	"Tue Aug 05 18:41:56 PDT 2014"	"S31835"	"Approved"	""	"""snowman"""	"""mittens"""	"0"	"-1"	"1"	"0"	"0"	"1"	"0"	"0"	"-1"	"-1"	"-1"	"""TRUE"""	"""distractor1"""	"""FALSE"""	"-1"	"-1"	"-1"	"-1"	"-1"	"-1"	"""Communication"""	"""Cute drawing!"""	"""30"""	"""F"""	"14"	"0"	"0"	"2"	"1"	"""5"""	"-1"
"What is he talking about? (1-2 mins)"	"Short and fun! A 1-2 minute word game about what someone is talking about."	"experiment, psychology, game"	"$0.25"	"Tue Jul 29 18:41:56 PDT 2014"	"300"	"0"	"0"	"300"	"Reviewable"	"NotReviewed"	"1 scales"	"600"	"60000"	"Tue Aug 05 18:41:56 PDT 2014"	"S09160"	"Approved"	""	"""boat"""	"""cabin"""	"0"	"-1"	"1"	"0"	"0"	"1"	"0"	"0"	"-1"	"-1"	"-1"	"""TRUE"""	"""distractor1"""	"""FALSE"""	"-1"	"-1"	"-1"	"-1"	"-1"	"-1"	"""Not sure..."""	"""None"""	"""25"""	"""m"""	"14"	"0"	"0"	"2"	"1"	"""5"""	"-1"
"What is he talking about? (1-2 mins)"	"Short and fun! A 1-2 minute word game about what someone is talking about."	"experiment, psychology, game"	"$0.25"	"Tue Jul 29 18:41:56 PDT 2014"	"300"	"0"	"0"	"300"	"Reviewable"	"NotReviewed"	"1 scales"	"600"	"60000"	"Tue Aug 05 18:41:56 PDT 2014"	"S68838"	"Approved"	""	"""sundae"""	"""chocolate"""	"0"	"-1"	"1"	"0"	"0"	"1"	"0"	"0"	"-1"	"-1"	"-1"	"""TRUE"""	"""target"""	"""TRUE"""	"-1"	"-1"	"-1"	"-1"	"-1"	"-1"	"""Bob likes sundaes."""	"""Nice and short."""	"""26"""	"""f"""	"6"	"0"	"2"	"0"	"1"	"""5"""	"-1"
"What is he talking about? (1-2 mins)"	"Short and fun! A 1-2 minute word game about what someone is talking about."	"experiment, psychology, game"	"$0.25"	"Tue Jul 29 18:41:56 PDT 2014"	"300"	"0"	"0"	"300"	"Reviewable"	"NotReviewed"	"1 scales"	"600"	"60000"	"Tue Aug 05 18:41:56 PDT 2014"	"S40616"	"Approved"	""	"""Christmas tree"""	"""lights"""	"0"	"-1"	"1"	"0"	"0"	"1"	"0"	"0"	"-1"	"-1"	"-1"	"""TRUE"""	"""target"""	"""TRUE"""	"-1"	"-1"	"-1"	"-1"	"-1"	"-1"	"""Which Christmas tree Bob was refering to with the word \""lights\"""""	"""no"""	"""37"""	"""f"""	"14"	"0"	"1"	"2"	"0"	"""5"""	"-1"
"What is he talking about? (1-2 mins)"	"Short and fun! A 1-2 minute word game about what someone is talking about."	"experiment, psychology, game"	"$0.25"	"Tue Jul 29 18:41:56 PDT 2014"	"300"	"0"	"0"	"300"	"Reviewable"	"NotReviewed"	"1 scales"	"600"	"60000"	"Tue Aug 05 18:41:56 PDT 2014"	"S99983"	"Approved"	""	"""friend"""	"""hat"""	"0"	"-1"	"1"	"0"	"0"	"1"	"0"	"0"	"-1"	"-1"	"-1"	"""TRUE"""	"""distractor1"""	"""FALSE"""	"-1"	"-1"	"-1"	"-1"	"-1"	"-1"	"""Bob visiting his friend on Sundays"""	"""Thank you"""	"""27"""	"""m"""	"0"	"0"	"1"	"0"	"2"	"""5"""	"-1"
"What is he talking about? (1-2 mins)"	"Short and fun! A 1-2 minute word game about what someone is talking about."	"experiment, psychology, game"	"$0.25"	"Tue Jul 29 18:41:56 PDT 2014"	"300"	"0"	"0"	"300"	"Reviewable"	"NotReviewed"	"1 scales"	"600"	"60000"	"Tue Aug 05 18:41:56 PDT 2014"	"S55689"	"Approved"	""	"""friend"""	"""hat"""	"0"	"-1"	"1"	"0"	"0"	"1"	"0"	"0"	"-1"	"-1"	"-1"	"""TRUE"""	"""target"""	"""TRUE"""	"-1"	"-1"	"-1"	"-1"	"-1"	"-1"	"""Who a person is referring to."""	"""No."""	"""26"""	"""M"""	"0"	"0"	"1"	"2"	"0"	"""5"""	"-1"
"What is he talking about? (1-2 mins)"	"Short and fun! A 1-2 minute word game about what someone is talking about."	"experiment, psychology, game"	"$0.25"	"Tue Jul 29 18:41:56 PDT 2014"	"300"	"0"	"0"	"300"	"Reviewable"	"NotReviewed"	"1 scales"	"600"	"60000"	"Tue Aug 05 18:41:56 PDT 2014"	"S92276"	"Approved"	""	"""Christmas tree"""	"""ornaments"""	"0"	"-1"	"1"	"0"	"0"	"1"	"0"	"0"	"-1"	"-1"	"-1"	"""TRUE"""	"""distractor1"""	"""FALSE"""	"-1"	"-1"	"-1"	"-1"	"-1"	"-1"	"""Christmas trees"""	"""Neat turk"""	"""27"""	"""m"""	"6"	"0"	"2"	"1"	"0"	"""5"""	"-1"
"What is he talking about? (1-2 mins)"	"Short and fun! A 1-2 minute word game about what someone is talking about."	"experiment, psychology, game"	"$0.25"	"Tue Jul 29 18:41:56 PDT 2014"	"300"	"0"	"0"	"300"	"Reviewable"	"NotReviewed"	"1 scales"	"600"	"60000"	"Tue Aug 05 18:41:56 PDT 2014"	"S65112"	"Approved"	""	"""snowman"""	"""hat"""	"0"	"-1"	"1"	"0"	"0"	"1"	"0"	"0"	"-1"	"-1"	"-1"	"""TRUE"""	"""distractor1"""	"""FALSE"""	"-1"	"-1"	"-1"	"-1"	"-1"	"-1"	"""Bob who builds snowmen"""	""""""	""""""	""""""	"14"	"0"	"1"	"2"	"0"	"""5"""	"-1"
"What is he talking about? (1-2 mins)"	"Short and fun! A 1-2 minute word game about what someone is talking about."	"experiment, psychology, game"	"$0.25"	"Tue Jul 29 18:41:56 PDT 2014"	"300"	"0"	"0"	"300"	"Reviewable"	"NotReviewed"	"1 scales"	"600"	"60000"	"Tue Aug 05 18:41:56 PDT 2014"	"S83796"	"Approved"	""	"""friend"""	"""hat"""	"0"	"-1"	"1"	"0"	"0"	"1"	"0"	"0"	"-1"	"-1"	"-1"	"""TRUE"""	"""target"""	"""TRUE"""	"-1"	"-1"	"-1"	"-1"	"-1"	"-1"	"""Determining from a word about who a  person could be."""	"""Nope"""	"""28"""	"""m"""	"6"	"0"	"2"	"0"	"1"	"""5"""	"-1"
"What is he talking about? (1-2 mins)"	"Short and fun! A 1-2 minute word game about what someone is talking about."	"experiment, psychology, game"	"$0.25"	"Tue Jul 29 18:41:56 PDT 2014"	"300"	"0"	"0"	"300"	"Reviewable"	"NotReviewed"	"1 scales"	"600"	"60000"	"Tue Aug 05 18:41:56 PDT 2014"	"S57598"	"Approved"	""	"""Christmas tree"""	"""ornaments"""	"0"	"-1"	"1"	"0"	"0"	"1"	"0"	"0"	"-1"	"-1"	"-1"	"""TRUE"""	"""target"""	"""TRUE"""	"-1"	"-1"	"-1"	"-1"	"-1"	"-1"	"""trying to determine which tree Bob was talking about"""	""""""	"""29"""	"""f"""	"14"	"0"	"1"	"2"	"0"	"""5"""	"-1"
"What is he talking about? (1-2 mins)"	"Short and fun! A 1-2 minute word game about what someone is talking about."	"experiment, psychology, game"	"$0.25"	"Tue Jul 29 18:41:56 PDT 2014"	"300"	"0"	"0"	"300"	"Reviewable"	"NotReviewed"	"1 scales"	"600"	"60000"	"Tue Aug 05 18:41:56 PDT 2014"	"S15448"	"Approved"	""	"""sundae"""	"""chocolate"""	"0"	"-1"	"1"	"0"	"0"	"1"	"0"	"0"	"-1"	"-1"	"-1"	"""TRUE"""	"""target"""	"""TRUE"""	"-1"	"-1"	"-1"	"-1"	"-1"	"-1"	"""choosing a sundae with chocolate"""	""""""	"""30"""	"""m"""	"6"	"0"	"0"	"1"	"2"	"""5"""	"-1"
"What is he talking about? (1-2 mins)"	"Short and fun! A 1-2 minute word game about what someone is talking about."	"experiment, psychology, game"	"$0.25"	"Tue Jul 29 18:41:56 PDT 2014"	"300"	"0"	"0"	"300"	"Reviewable"	"NotReviewed"	"1 scales"	"600"	"60000"	"Tue Aug 05 18:41:56 PDT 2014"	"S23383"	"Approved"	""	"""pizza"""	"""mushrooms"""	"0"	"-1"	"1"	"0"	"0"	"1"	"0"	"0"	"-1"	"-1"	"-1"	"""TRUE"""	"""target"""	"""TRUE"""	"-1"	"-1"	"-1"	"-1"	"-1"	"-1"	"""cognition of main ideas"""	""""""	"""29"""	"""M"""	"6"	"0"	"2"	"0"	"1"	"""5"""	"-1"
"What is he talking about? (1-2 mins)"	"Short and fun! A 1-2 minute word game about what someone is talking about."	"experiment, psychology, game"	"$0.25"	"Tue Jul 29 18:41:56 PDT 2014"	"300"	"0"	"0"	"300"	"Reviewable"	"NotReviewed"	"1 scales"	"600"	"60000"	"Tue Aug 05 18:41:56 PDT 2014"	"S77725"	"Approved"	""	"""boat"""	"""sail"""	"0"	"-1"	"1"	"0"	"0"	"1"	"0"	"0"	"-1"	"-1"	"-1"	"""TRUE"""	"""target"""	"""TRUE"""	"-1"	"-1"	"-1"	"-1"	"-1"	"-1"	"""Boats"""	""""""	"""19"""	"""f"""	"6"	"0"	"0"	"1"	"2"	"""5"""	"-1"
"What is he talking about? (1-2 mins)"	"Short and fun! A 1-2 minute word game about what someone is talking about."	"experiment, psychology, game"	"$0.25"	"Tue Jul 29 18:41:56 PDT 2014"	"300"	"0"	"0"	"300"	"Reviewable"	"NotReviewed"	"1 scales"	"600"	"60000"	"Tue Aug 05 18:41:56 PDT 2014"	"S12908"	"Approved"	""	"""Christmas tree"""	"""ornaments"""	"0"	"-1"	"1"	"0"	"0"	"1"	"0"	"0"	"-1"	"-1"	"-1"	"""TRUE"""	"""distractor1"""	"""FALSE"""	"-1"	"-1"	"-1"	"-1"	"-1"	"-1"	"""Christmas Trees"""	"""no"""	"""23"""	"""m"""	"6"	"0"	"0"	"2"	"1"	"""5"""	"-1"
"What is he talking about? (1-2 mins)"	"Short and fun! A 1-2 minute word game about what someone is talking about."	"experiment, psychology, game"	"$0.25"	"Tue Jul 29 18:41:56 PDT 2014"	"300"	"0"	"0"	"300"	"Reviewable"	"NotReviewed"	"1 scales"	"600"	"60000"	"Tue Aug 05 18:41:56 PDT 2014"	"S13797"	"Approved"	""	"""Christmas tree"""	"""presents"""	"0"	"-1"	"1"	"0"	"0"	"1"	"0"	"0"	"-1"	"-1"	"-1"	"""TRUE"""	"""distractor1"""	"""FALSE"""	"-1"	"-1"	"-1"	"-1"	"-1"	"-1"	"""Figuring out what Bob was talking about"""	""""""	"""22"""	"""m"""	"14"	"0"	"2"	"0"	"1"	"""5"""	"-1"
"What is he talking about? (1-2 mins)"	"Short and fun! A 1-2 minute word game about what someone is talking about."	"experiment, psychology, game"	"$0.25"	"Tue Jul 29 18:41:56 PDT 2014"	"300"	"0"	"0"	"300"	"Reviewable"	"NotReviewed"	"1 scales"	"600"	"60000"	"Tue Aug 05 18:41:56 PDT 2014"	"S89831"	"Approved"	""	"""sundae"""	"""cherry"""	"0"	"-1"	"1"	"0"	"0"	"1"	"0"	"0"	"-1"	"-1"	"-1"	"""TRUE"""	"""distractor1"""	"""FALSE"""	"-1"	"-1"	"-1"	"-1"	"-1"	"-1"	"""Bob communicating something about a cherry"""	""""""	"""22"""	"""m"""	"0"	"0"	"1"	"0"	"2"	"""5"""	"-1"
"What is he talking about? (1-2 mins)"	"Short and fun! A 1-2 minute word game about what someone is talking about."	"experiment, psychology, game"	"$0.25"	"Tue Jul 29 18:41:56 PDT 2014"	"300"	"0"	"0"	"300"	"Reviewable"	"NotReviewed"	"1 scales"	"600"	"60000"	"Tue Aug 05 18:41:56 PDT 2014"	"S55408"	"Approved"	""	"""snowman"""	"""hat"""	"0"	"-1"	"1"	"0"	"0"	"1"	"0"	"0"	"-1"	"-1"	"-1"	"""TRUE"""	"""target"""	"""TRUE"""	"-1"	"-1"	"-1"	"-1"	"-1"	"-1"	"""bob building snowmen"""	""""""	"""27"""	"""f"""	"14"	"0"	"1"	"2"	"0"	"""5"""	"-1"
"What is he talking about? (1-2 mins)"	"Short and fun! A 1-2 minute word game about what someone is talking about."	"experiment, psychology, game"	"$0.25"	"Tue Jul 29 18:41:56 PDT 2014"	"300"	"0"	"0"	"300"	"Reviewable"	"NotReviewed"	"1 scales"	"600"	"60000"	"Tue Aug 05 18:41:56 PDT 2014"	"S66330"	"Approved"	""	"""boat"""	"""sail"""	"0"	"-1"	"1"	"0"	"0"	"1"	"0"	"0"	"-1"	"-1"	"-1"	"""TRUE"""	"""target"""	"""TRUE"""	"-1"	"-1"	"-1"	"-1"	"-1"	"-1"	"""Bob likes boats and can only say the word sail... you have to pick between to boats that Bob wants to use"""	""""""	"""28"""	"""F"""	"0"	"0"	"1"	"2"	"0"	"""5"""	"-1"
"What is he talking about? (1-2 mins)"	"Short and fun! A 1-2 minute word game about what someone is talking about."	"experiment, psychology, game"	"$0.25"	"Tue Jul 29 18:41:56 PDT 2014"	"300"	"0"	"0"	"300"	"Reviewable"	"NotReviewed"	"1 scales"	"600"	"60000"	"Tue Aug 05 18:41:56 PDT 2014"	"S77616"	"Approved"	""	"""sundae"""	"""whipped cream"""	"0"	"-1"	"1"	"0"	"0"	"1"	"0"	"0"	"-1"	"-1"	"-1"	"""TRUE"""	"""distractor1"""	"""FALSE"""	"-1"	"-1"	"-1"	"-1"	"-1"	"-1"	"""Bob liking Sundays and deciding on which one he wants to eat."""	""""""	"""35"""	"""Female"""	"6"	"0"	"1"	"2"	"0"	"""5"""	"-1"
"What is he talking about? (1-2 mins)"	"Short and fun! A 1-2 minute word game about what someone is talking about."	"experiment, psychology, game"	"$0.25"	"Tue Jul 29 18:41:56 PDT 2014"	"300"	"0"	"0"	"300"	"Reviewable"	"NotReviewed"	"1 scales"	"600"	"60000"	"Tue Aug 05 18:41:56 PDT 2014"	"S64026"	"Approved"	""	"""boat"""	"""cabin"""	"0"	"-1"	"1"	"0"	"0"	"1"	"0"	"0"	"-1"	"-1"	"-1"	"""TRUE"""	"""distractor1"""	"""FALSE"""	"-1"	"-1"	"-1"	"-1"	"-1"	"-1"	"""bobs boat choice"""	""""""	"""21"""	"""o"""	"0"	"0"	"1"	"0"	"2"	"""5"""	"-1"
"What is he talking about? (1-2 mins)"	"Short and fun! A 1-2 minute word game about what someone is talking about."	"experiment, psychology, game"	"$0.25"	"Tue Jul 29 18:41:56 PDT 2014"	"300"	"0"	"0"	"300"	"Reviewable"	"NotReviewed"	"1 scales"	"600"	"60000"	"Tue Aug 05 18:41:56 PDT 2014"	"S37581"	"Approved"	""	"""friend"""	"""hat"""	"0"	"-1"	"1"	"0"	"0"	"1"	"0"	"0"	"-1"	"-1"	"-1"	"""TRUE"""	"""target"""	"""TRUE"""	"-1"	"-1"	"-1"	"-1"	"-1"	"-1"	"""Asking what someone meant about who they hung out with"""	"""Thank you!"""	"""26"""	"""f"""	"14"	"0"	"1"	"0"	"2"	"""5"""	"-1"
"What is he talking about? (1-2 mins)"	"Short and fun! A 1-2 minute word game about what someone is talking about."	"experiment, psychology, game"	"$0.25"	"Tue Jul 29 18:41:56 PDT 2014"	"300"	"0"	"0"	"300"	"Reviewable"	"NotReviewed"	"1 scales"	"600"	"60000"	"Tue Aug 05 18:41:56 PDT 2014"	"S25404"	"Approved"	""	"""boat"""	"""cabin"""	"0"	"-1"	"1"	"0"	"0"	"1"	"0"	"0"	"-1"	"-1"	"-1"	"""TRUE"""	"""target"""	"""TRUE"""	"-1"	"-1"	"-1"	"-1"	"-1"	"-1"	"""Guess what this person is talking about."""	"""no"""	"""22"""	"""f"""	"0"	"0"	"1"	"2"	"0"	"""5"""	"-1"
"What is he talking about? (1-2 mins)"	"Short and fun! A 1-2 minute word game about what someone is talking about."	"experiment, psychology, game"	"$0.25"	"Tue Jul 29 18:41:56 PDT 2014"	"300"	"0"	"0"	"300"	"Reviewable"	"NotReviewed"	"1 scales"	"600"	"60000"	"Tue Aug 05 18:41:56 PDT 2014"	"S01693"	"Approved"	""	"""Christmas tree"""	"""star"""	"0"	"-1"	"1"	"0"	"0"	"1"	"0"	"0"	"-1"	"-1"	"-1"	"""TRUE"""	"""distractor1"""	"""FALSE"""	"-1"	"-1"	"-1"	"-1"	"-1"	"-1"	"""no clue"""	"""na"""	""""""	"""m"""	"6"	"0"	"2"	"1"	"0"	"""5"""	"-1"
"What is he talking about? (1-2 mins)"	"Short and fun! A 1-2 minute word game about what someone is talking about."	"experiment, psychology, game"	"$0.25"	"Tue Jul 29 18:41:56 PDT 2014"	"300"	"0"	"0"	"300"	"Reviewable"	"NotReviewed"	"1 scales"	"600"	"60000"	"Tue Aug 05 18:41:56 PDT 2014"	"S72090"	"Approved"	""	"""snowman"""	"""hat"""	"0"	"-1"	"1"	"0"	"0"	"1"	"0"	"0"	"-1"	"-1"	"-1"	"""TRUE"""	"""target"""	"""TRUE"""	"-1"	"-1"	"-1"	"-1"	"-1"	"-1"	"""What Bob was talking about only referencing one word"""	"""That was interesting."""	"""23"""	"""f"""	"0"	"0"	"0"	"1"	"2"	"""5"""	"-1"
"What is he talking about? (1-2 mins)"	"Short and fun! A 1-2 minute word game about what someone is talking about."	"experiment, psychology, game"	"$0.25"	"Tue Jul 29 18:41:56 PDT 2014"	"300"	"0"	"0"	"300"	"Reviewable"	"NotReviewed"	"1 scales"	"600"	"60000"	"Tue Aug 05 18:41:56 PDT 2014"	"S06368"	"Approved"	""	"""boat"""	"""sail"""	"0"	"-1"	"1"	"0"	"0"	"1"	"0"	"0"	"-1"	"-1"	"-1"	"""TRUE"""	"""target"""	"""TRUE"""	"-1"	"-1"	"-1"	"-1"	"-1"	"-1"	"""What boat the word was describing"""	""""""	"""24"""	"""m"""	"6"	"0"	"0"	"1"	"2"	"""5"""	"-1"
"What is he talking about? (1-2 mins)"	"Short and fun! A 1-2 minute word game about what someone is talking about."	"experiment, psychology, game"	"$0.25"	"Tue Jul 29 18:41:56 PDT 2014"	"300"	"0"	"0"	"300"	"Reviewable"	"NotReviewed"	"1 scales"	"600"	"60000"	"Tue Aug 05 18:41:56 PDT 2014"	"S60467"	"Approved"	""	"""pizza"""	"""mushrooms"""	"0"	"-1"	"1"	"0"	"0"	"1"	"0"	"0"	"-1"	"-1"	"-1"	"""TRUE"""	"""target"""	"""TRUE"""	"-1"	"-1"	"-1"	"-1"	"-1"	"-1"	"""shrooms"""	"""no"""	"""31"""	"""m"""	"0"	"0"	"2"	"1"	"0"	"""5"""	"-1"
"What is he talking about? (1-2 mins)"	"Short and fun! A 1-2 minute word game about what someone is talking about."	"experiment, psychology, game"	"$0.25"	"Tue Jul 29 18:41:56 PDT 2014"	"300"	"0"	"0"	"300"	"Reviewable"	"NotReviewed"	"1 scales"	"600"	"60000"	"Tue Aug 05 18:41:56 PDT 2014"	"S52720"	"Approved"	""	"""sundae"""	"""whipped cream"""	"0"	"-1"	"1"	"0"	"0"	"1"	"0"	"0"	"-1"	"-1"	"-1"	"""TRUE"""	"""target"""	"""TRUE"""	"-1"	"-1"	"-1"	"-1"	"-1"	"-1"	"""Sundaes and which one I thought 'whipped cream' meant."""	""""""	"""29"""	"""M"""	"0"	"0"	"2"	"1"	"0"	"""5"""	"-1"
"What is he talking about? (1-2 mins)"	"Short and fun! A 1-2 minute word game about what someone is talking about."	"experiment, psychology, game"	"$0.25"	"Tue Jul 29 18:41:56 PDT 2014"	"300"	"0"	"0"	"300"	"Reviewable"	"NotReviewed"	"1 scales"	"600"	"60000"	"Tue Aug 05 18:41:56 PDT 2014"	"S51566"	"Approved"	""	"""boat"""	"""sail"""	"0"	"-1"	"1"	"0"	"0"	"1"	"0"	"0"	"-1"	"-1"	"-1"	"""TRUE"""	"""distractor1"""	"""FALSE"""	"-1"	"-1"	"-1"	"-1"	"-1"	"-1"	"""To know what the person is talking about."""	"""No other comments"""	"""33"""	"""F"""	"0"	"0"	"0"	"1"	"2"	"""5"""	"-1"
"What is he talking about? (1-2 mins)"	"Short and fun! A 1-2 minute word game about what someone is talking about."	"experiment, psychology, game"	"$0.25"	"Tue Jul 29 18:41:56 PDT 2014"	"300"	"0"	"0"	"300"	"Reviewable"	"NotReviewed"	"1 scales"	"600"	"60000"	"Tue Aug 05 18:41:56 PDT 2014"	"S56297"	"Approved"	""	"""snowman"""	"""hat"""	"0"	"-1"	"1"	"0"	"0"	"1"	"0"	"0"	"-1"	"-1"	"-1"	"""TRUE"""	"""distractor1"""	"""FALSE"""	"-1"	"-1"	"-1"	"-1"	"-1"	"-1"	"""Snowman"""	"""Nice. Short and sweet survey"""	"""33"""	"""m"""	"0"	"0"	"2"	"0"	"1"	"""5"""	"-1"
"What is he talking about? (1-2 mins)"	"Short and fun! A 1-2 minute word game about what someone is talking about."	"experiment, psychology, game"	"$0.25"	"Tue Jul 29 18:41:56 PDT 2014"	"300"	"0"	"0"	"300"	"Reviewable"	"NotReviewed"	"1 scales"	"600"	"60000"	"Tue Aug 05 18:41:56 PDT 2014"	"S10795"	"Approved"	""	"""sundae"""	"""whipped cream"""	"0"	"-1"	"1"	"0"	"0"	"1"	"0"	"0"	"-1"	"-1"	"-1"	"""TRUE"""	"""target"""	"""TRUE"""	"-1"	"-1"	"-1"	"-1"	"-1"	"-1"	"""sundaes"""	""""""	"""28"""	"""m"""	"14"	"0"	"1"	"0"	"2"	"""5"""	"-1"
"What is he talking about? (1-2 mins)"	"Short and fun! A 1-2 minute word game about what someone is talking about."	"experiment, psychology, game"	"$0.25"	"Tue Jul 29 18:41:56 PDT 2014"	"300"	"0"	"0"	"300"	"Reviewable"	"NotReviewed"	"1 scales"	"600"	"60000"	"Tue Aug 05 18:41:56 PDT 2014"	"S06398"	"Approved"	""	"""friend"""	"""mustache"""	"0"	"-1"	"1"	"0"	"0"	"1"	"0"	"0"	"-1"	"-1"	"-1"	"""TRUE"""	"""target"""	"""TRUE"""	"-1"	"-1"	"-1"	"-1"	"-1"	"-1"	"""what bob means"""	""""""	"""22"""	"""m"""	"6"	"0"	"0"	"2"	"1"	"""5"""	"-1"
"What is he talking about? (1-2 mins)"	"Short and fun! A 1-2 minute word game about what someone is talking about."	"experiment, psychology, game"	"$0.25"	"Tue Jul 29 18:41:56 PDT 2014"	"300"	"0"	"0"	"300"	"Reviewable"	"NotReviewed"	"1 scales"	"600"	"60000"	"Tue Aug 05 18:41:56 PDT 2014"	"S78533"	"Approved"	""	"""boat"""	"""sail"""	"0"	"-1"	"1"	"0"	"0"	"1"	"0"	"0"	"-1"	"-1"	"-1"	"""TRUE"""	"""target"""	"""TRUE"""	"-1"	"-1"	"-1"	"-1"	"-1"	"-1"	"""what a person means"""	""""""	"""24"""	"""f"""	"14"	"0"	"0"	"2"	"1"	"""5"""	"-1"
"What is he talking about? (1-2 mins)"	"Short and fun! A 1-2 minute word game about what someone is talking about."	"experiment, psychology, game"	"$0.25"	"Tue Jul 29 18:41:56 PDT 2014"	"300"	"0"	"0"	"300"	"Reviewable"	"NotReviewed"	"1 scales"	"600"	"60000"	"Tue Aug 05 18:41:56 PDT 2014"	"S51921"	"Approved"	""	"""boat"""	"""sail"""	"0"	"-1"	"1"	"0"	"0"	"1"	"0"	"0"	"-1"	"-1"	"-1"	"""TRUE"""	"""target"""	"""TRUE"""	"-1"	"-1"	"-1"	"-1"	"-1"	"-1"	"""Bob who rents a boat each weekend and I had to choose which boat he was talking about."""	"""No comments, thanks"""	"""25"""	"""f"""	"6"	"0"	"2"	"0"	"1"	"""5"""	"-1"
"What is he talking about? (1-2 mins)"	"Short and fun! A 1-2 minute word game about what someone is talking about."	"experiment, psychology, game"	"$0.25"	"Tue Jul 29 18:41:56 PDT 2014"	"300"	"0"	"0"	"300"	"Reviewable"	"NotReviewed"	"1 scales"	"600"	"60000"	"Tue Aug 05 18:41:56 PDT 2014"	"S16328"	"Approved"	""	"""sundae"""	"""whipped cream"""	"0"	"-1"	"1"	"0"	"0"	"1"	"0"	"0"	"-1"	"-1"	"-1"	"""TRUE"""	"""target"""	"""TRUE"""	"-1"	"-1"	"-1"	"-1"	"-1"	"-1"	"""How people understand words"""	"""No"""	"""22"""	"""m"""	"0"	"0"	"2"	"0"	"1"	"""5"""	"-1"
"What is he talking about? (1-2 mins)"	"Short and fun! A 1-2 minute word game about what someone is talking about."	"experiment, psychology, game"	"$0.25"	"Tue Jul 29 18:41:56 PDT 2014"	"300"	"0"	"0"	"300"	"Reviewable"	"NotReviewed"	"1 scales"	"600"	"60000"	"Tue Aug 05 18:41:56 PDT 2014"	"S73832"	"Approved"	""	"""boat"""	"""sail"""	"0"	"-1"	"1"	"0"	"0"	"1"	"0"	"0"	"-1"	"-1"	"-1"	"""TRUE"""	"""distractor1"""	"""FALSE"""	"-1"	"-1"	"-1"	"-1"	"-1"	"-1"	"""Which boat we thought Bob was talking about when he said \""sail\"""""	"""no comments"""	"""41"""	"""m"""	"6"	"0"	"2"	"1"	"0"	"""5"""	"-1"
"What is he talking about? (1-2 mins)"	"Short and fun! A 1-2 minute word game about what someone is talking about."	"experiment, psychology, game"	"$0.25"	"Tue Jul 29 18:41:56 PDT 2014"	"300"	"0"	"0"	"300"	"Reviewable"	"NotReviewed"	"1 scales"	"600"	"60000"	"Tue Aug 05 18:41:56 PDT 2014"	"S97103"	"Approved"	""	"""Christmas tree"""	"""ornaments"""	"0"	"-1"	"1"	"0"	"0"	"1"	"0"	"0"	"-1"	"-1"	"-1"	"""TRUE"""	"""distractor1"""	"""FALSE"""	"-1"	"-1"	"-1"	"-1"	"-1"	"-1"	"""Christmas Trees"""	"""Interesting """	"""27"""	"""m"""	"0"	"0"	"2"	"1"	"0"	"""5"""	"-1"
"What is he talking about? (1-2 mins)"	"Short and fun! A 1-2 minute word game about what someone is talking about."	"experiment, psychology, game"	"$0.25"	"Tue Jul 29 18:41:56 PDT 2014"	"300"	"0"	"0"	"300"	"Reviewable"	"NotReviewed"	"1 scales"	"600"	"60000"	"Tue Aug 05 18:41:56 PDT 2014"	"S80273"	"Approved"	""	"""pizza"""	"""mushrooms"""	"0"	"-1"	"1"	"0"	"0"	"1"	"0"	"0"	"-1"	"-1"	"-1"	"""TRUE"""	"""distractor1"""	"""FALSE"""	"-1"	"-1"	"-1"	"-1"	"-1"	"-1"	"""Pizza"""	"""Thanks"""	"""31"""	"""Male"""	"6"	"0"	"2"	"0"	"1"	"""5"""	"-1"
"What is he talking about? (1-2 mins)"	"Short and fun! A 1-2 minute word game about what someone is talking about."	"experiment, psychology, game"	"$0.25"	"Tue Jul 29 18:41:56 PDT 2014"	"300"	"0"	"0"	"300"	"Reviewable"	"NotReviewed"	"1 scales"	"600"	"60000"	"Tue Aug 05 18:41:56 PDT 2014"	"S32520"	"Approved"	""	"""snowman"""	"""hat"""	"0"	"-1"	"1"	"0"	"0"	"1"	"0"	"0"	"-1"	"-1"	"-1"	"""TRUE"""	"""target"""	"""TRUE"""	"-1"	"-1"	"-1"	"-1"	"-1"	"-1"	"""Bob liking to make snowmen"""	""""""	"""23"""	"""f"""	"6"	"0"	"2"	"1"	"0"	"""5"""	"-1"
"What is he talking about? (1-2 mins)"	"Short and fun! A 1-2 minute word game about what someone is talking about."	"experiment, psychology, game"	"$0.25"	"Tue Jul 29 18:41:56 PDT 2014"	"300"	"0"	"0"	"300"	"Reviewable"	"NotReviewed"	"1 scales"	"600"	"60000"	"Tue Aug 05 18:41:56 PDT 2014"	"S02099"	"Approved"	""	"""friend"""	"""hat"""	"0"	"-1"	"1"	"0"	"0"	"1"	"0"	"0"	"-1"	"-1"	"-1"	"""TRUE"""	"""target"""	"""TRUE"""	"-1"	"-1"	"-1"	"-1"	"-1"	"-1"	"""What did bob mean by what he said."""	"""None."""	"""45"""	"""m"""	"6"	"0"	"2"	"0"	"1"	"""5"""	"-1"
"What is he talking about? (1-2 mins)"	"Short and fun! A 1-2 minute word game about what someone is talking about."	"experiment, psychology, game"	"$0.25"	"Tue Jul 29 18:41:56 PDT 2014"	"300"	"0"	"0"	"300"	"Reviewable"	"NotReviewed"	"1 scales"	"600"	"60000"	"Tue Aug 05 18:41:56 PDT 2014"	"S03426"	"Approved"	""	"""boat"""	"""cabin"""	"0"	"-1"	"1"	"0"	"0"	"1"	"0"	"0"	"-1"	"-1"	"-1"	"""TRUE"""	"""distractor1"""	"""FALSE"""	"-1"	"-1"	"-1"	"-1"	"-1"	"-1"	"""Bob's way of communication"""	""""""	"""62"""	"""f"""	"0"	"0"	"1"	"2"	"0"	"""5"""	"-1"
"What is he talking about? (1-2 mins)"	"Short and fun! A 1-2 minute word game about what someone is talking about."	"experiment, psychology, game"	"$0.25"	"Tue Jul 29 18:41:56 PDT 2014"	"300"	"0"	"0"	"300"	"Reviewable"	"NotReviewed"	"1 scales"	"600"	"60000"	"Tue Aug 05 18:41:56 PDT 2014"	"S36347"	"Approved"	""	"""pizza"""	"""olives"""	"0"	"-1"	"1"	"0"	"0"	"1"	"0"	"0"	"-1"	"-1"	"-1"	"""TRUE"""	"""target"""	"""TRUE"""	"-1"	"-1"	"-1"	"-1"	"-1"	"-1"	"""Language inferences"""	""""""	"""36"""	"""m"""	"14"	"0"	"0"	"1"	"2"	"""5"""	"-1"
"What is he talking about? (1-2 mins)"	"Short and fun! A 1-2 minute word game about what someone is talking about."	"experiment, psychology, game"	"$0.25"	"Tue Jul 29 18:41:56 PDT 2014"	"300"	"0"	"0"	"300"	"Reviewable"	"NotReviewed"	"1 scales"	"600"	"60000"	"Tue Aug 05 18:41:56 PDT 2014"	"S48306"	"Approved"	""	"""snowman"""	"""belt"""	"0"	"-1"	"1"	"0"	"0"	"1"	"0"	"0"	"-1"	"-1"	"-1"	"""TRUE"""	"""target"""	"""TRUE"""	"-1"	"-1"	"-1"	"-1"	"-1"	"-1"	"""understanding what bob was talking about"""	"""no"""	"""32"""	"""m"""	"14"	"0"	"2"	"0"	"1"	"""5"""	"-1"
"What is he talking about? (1-2 mins)"	"Short and fun! A 1-2 minute word game about what someone is talking about."	"experiment, psychology, game"	"$0.25"	"Tue Jul 29 18:41:56 PDT 2014"	"300"	"0"	"0"	"300"	"Reviewable"	"NotReviewed"	"1 scales"	"600"	"60000"	"Tue Aug 05 18:41:56 PDT 2014"	"S87457"	"Approved"	""	"""sundae"""	"""cherry"""	"0"	"-1"	"1"	"0"	"0"	"1"	"0"	"0"	"-1"	"-1"	"-1"	"""TRUE"""	"""target"""	"""TRUE"""	"-1"	"-1"	"-1"	"-1"	"-1"	"-1"	"""Ice cream and apparently his lack of language usage."""	"""no"""	"""25"""	"""m"""	"0"	"0"	"1"	"0"	"2"	"""5"""	"-1"
"What is he talking about? (1-2 mins)"	"Short and fun! A 1-2 minute word game about what someone is talking about."	"experiment, psychology, game"	"$0.25"	"Tue Jul 29 18:41:56 PDT 2014"	"300"	"0"	"0"	"300"	"Reviewable"	"NotReviewed"	"1 scales"	"600"	"60000"	"Tue Aug 05 18:41:56 PDT 2014"	"S54221"	"Approved"	""	"""Christmas tree"""	"""ornaments"""	"0"	"-1"	"1"	"0"	"0"	"1"	"0"	"0"	"-1"	"-1"	"-1"	"""TRUE"""	"""distractor1"""	"""FALSE"""	"-1"	"-1"	"-1"	"-1"	"-1"	"-1"	"""Not sure"""	"""Fun survey!"""	"""21"""	"""f"""	"0"	"0"	"2"	"0"	"1"	"""5"""	"-1"
"What is he talking about? (1-2 mins)"	"Short and fun! A 1-2 minute word game about what someone is talking about."	"experiment, psychology, game"	"$0.25"	"Tue Jul 29 18:41:56 PDT 2014"	"300"	"0"	"0"	"300"	"Reviewable"	"NotReviewed"	"1 scales"	"600"	"60000"	"Tue Aug 05 18:41:56 PDT 2014"	"S77073"	"Approved"	""	"""Christmas tree"""	"""star"""	"0"	"-1"	"1"	"0"	"0"	"1"	"0"	"0"	"-1"	"-1"	"-1"	"""TRUE"""	"""distractor1"""	"""FALSE"""	"-1"	"-1"	"-1"	"-1"	"-1"	"-1"	"""Figuring out what Bob was talking about."""	""""""	"""25m"""	"""m"""	"6"	"0"	"1"	"2"	"0"	"""5"""	"-1"
"What is he talking about? (1-2 mins)"	"Short and fun! A 1-2 minute word game about what someone is talking about."	"experiment, psychology, game"	"$0.25"	"Tue Jul 29 18:41:56 PDT 2014"	"300"	"0"	"0"	"300"	"Reviewable"	"NotReviewed"	"1 scales"	"600"	"60000"	"Tue Aug 05 18:41:56 PDT 2014"	"S62511"	"Approved"	""	"""sundae"""	"""chocolate"""	"0"	"-1"	"1"	"0"	"0"	"1"	"0"	"0"	"-1"	"-1"	"-1"	"""TRUE"""	"""target"""	"""TRUE"""	"-1"	"-1"	"-1"	"-1"	"-1"	"-1"	"""Pick which ice cream Bob was talking about"""	"""No"""	"""21"""	"""f"""	"14"	"0"	"2"	"1"	"0"	"""5"""	"-1"
"What is he talking about? (1-2 mins)"	"Short and fun! A 1-2 minute word game about what someone is talking about."	"experiment, psychology, game"	"$0.25"	"Tue Jul 29 18:41:56 PDT 2014"	"300"	"0"	"0"	"300"	"Reviewable"	"NotReviewed"	"1 scales"	"600"	"60000"	"Tue Aug 05 18:41:56 PDT 2014"	"S31469"	"Approved"	""	"""pizza"""	"""mushrooms"""	"0"	"-1"	"1"	"0"	"0"	"1"	"0"	"0"	"-1"	"-1"	"-1"	"""TRUE"""	"""target"""	"""TRUE"""	"-1"	"-1"	"-1"	"-1"	"-1"	"-1"	"""language maybe"""	"""none, thanks"""	"""50"""	"""m"""	"0"	"0"	"2"	"1"	"0"	"""5"""	"-1"
"What is he talking about? (1-2 mins)"	"Short and fun! A 1-2 minute word game about what someone is talking about."	"experiment, psychology, game"	"$0.25"	"Tue Jul 29 18:41:56 PDT 2014"	"300"	"0"	"0"	"300"	"Reviewable"	"NotReviewed"	"1 scales"	"600"	"60000"	"Tue Aug 05 18:41:56 PDT 2014"	"S06844"	"Approved"	""	"""Christmas tree"""	"""lights"""	"0"	"-1"	"1"	"0"	"0"	"1"	"0"	"0"	"-1"	"-1"	"-1"	"""TRUE"""	"""distractor1"""	"""FALSE"""	"-1"	"-1"	"-1"	"-1"	"-1"	"-1"	"""Christmas tree lights? """	"""I'm stumped on this one lol"""	"""29"""	"""F"""	"14"	"0"	"0"	"2"	"1"	"""5"""	"-1"
"What is he talking about? (1-2 mins)"	"Short and fun! A 1-2 minute word game about what someone is talking about."	"experiment, psychology, game"	"$0.25"	"Tue Jul 29 18:41:56 PDT 2014"	"300"	"0"	"0"	"300"	"Reviewable"	"NotReviewed"	"1 scales"	"600"	"60000"	"Tue Aug 05 18:41:56 PDT 2014"	"S57833"	"Approved"	""	"""pizza"""	"""olives"""	"0"	"-1"	"1"	"0"	"0"	"1"	"0"	"0"	"-1"	"-1"	"-1"	"""TRUE"""	"""distractor1"""	"""FALSE"""	"-1"	"-1"	"-1"	"-1"	"-1"	"-1"	"""olives?"""	"""olives"""	"""33"""	"""m"""	"14"	"0"	"2"	"1"	"0"	"""5"""	"-1"
"What is he talking about? (1-2 mins)"	"Short and fun! A 1-2 minute word game about what someone is talking about."	"experiment, psychology, game"	"$0.25"	"Tue Jul 29 18:41:56 PDT 2014"	"300"	"0"	"0"	"300"	"Reviewable"	"NotReviewed"	"1 scales"	"600"	"60000"	"Tue Aug 05 18:41:56 PDT 2014"	"S75126"	"Approved"	""	"""snowman"""	"""scarf"""	"0"	"-1"	"1"	"0"	"0"	"1"	"0"	"0"	"-1"	"-1"	"-1"	"""TRUE"""	"""target"""	"""TRUE"""	"-1"	"-1"	"-1"	"-1"	"-1"	"-1"	"""Snowmen"""	""""""	"""24"""	"""m"""	"0"	"0"	"2"	"0"	"1"	"""5"""	"-1"
"What is he talking about? (1-2 mins)"	"Short and fun! A 1-2 minute word game about what someone is talking about."	"experiment, psychology, game"	"$0.25"	"Tue Jul 29 18:41:56 PDT 2014"	"300"	"0"	"0"	"300"	"Reviewable"	"NotReviewed"	"1 scales"	"600"	"60000"	"Tue Aug 05 18:41:56 PDT 2014"	"S83553"	"Approved"	""	"""Christmas tree"""	"""ornaments"""	"0"	"-1"	"1"	"0"	"0"	"1"	"0"	"0"	"-1"	"-1"	"-1"	"""FALSE"""	"""distractor1"""	"""FALSE"""	"-1"	"-1"	"-1"	"-1"	"-1"	"-1"	"""christmas trees"""	"""weird"""	"""31"""	"""f"""	"0"	"0"	"2"	"1"	"0"	"""5"""	"-1"
"What is he talking about? (1-2 mins)"	"Short and fun! A 1-2 minute word game about what someone is talking about."	"experiment, psychology, game"	"$0.25"	"Tue Jul 29 18:41:56 PDT 2014"	"300"	"0"	"0"	"300"	"Reviewable"	"NotReviewed"	"1 scales"	"600"	"60000"	"Tue Aug 05 18:41:56 PDT 2014"	"S60980"	"Approved"	""	"""Christmas tree"""	"""lights"""	"0"	"-1"	"1"	"0"	"0"	"1"	"0"	"0"	"-1"	"-1"	"-1"	"""TRUE"""	"""target"""	"""TRUE"""	"-1"	"-1"	"-1"	"-1"	"-1"	"-1"	"""bob trimming trees and not being able to speak well"""	"""no"""	"""33"""	"""f"""	"0"	"0"	"1"	"2"	"0"	"""5"""	"-1"
"What is he talking about? (1-2 mins)"	"Short and fun! A 1-2 minute word game about what someone is talking about."	"experiment, psychology, game"	"$0.25"	"Tue Jul 29 18:41:56 PDT 2014"	"300"	"0"	"0"	"300"	"Reviewable"	"NotReviewed"	"1 scales"	"600"	"60000"	"Tue Aug 05 18:41:56 PDT 2014"	"S16755"	"Approved"	""	"""pizza"""	"""mushrooms"""	"0"	"-1"	"1"	"0"	"0"	"1"	"0"	"0"	"-1"	"-1"	"-1"	"""TRUE"""	"""distractor1"""	"""FALSE"""	"-1"	"-1"	"-1"	"-1"	"-1"	"-1"	"""what is he talking about?"""	""""""	"""36"""	"""F"""	"6"	"0"	"1"	"2"	"0"	"""5"""	"-1"
"What is he talking about? (1-2 mins)"	"Short and fun! A 1-2 minute word game about what someone is talking about."	"experiment, psychology, game"	"$0.25"	"Tue Jul 29 18:41:56 PDT 2014"	"300"	"0"	"0"	"300"	"Reviewable"	"NotReviewed"	"1 scales"	"600"	"60000"	"Tue Aug 05 18:41:56 PDT 2014"	"S54843"	"Approved"	""	"""snowman"""	"""hat"""	"0"	"-1"	"1"	"0"	"0"	"1"	"0"	"0"	"-1"	"-1"	"-1"	"""TRUE"""	"""target"""	"""TRUE"""	"-1"	"-1"	"-1"	"-1"	"-1"	"-1"	"""How we make decisions about what people are talking about."""	"""Nothing"""	"""27"""	"""f"""	"0"	"0"	"2"	"0"	"1"	"""5"""	"-1"
"What is he talking about? (1-2 mins)"	"Short and fun! A 1-2 minute word game about what someone is talking about."	"experiment, psychology, game"	"$0.25"	"Tue Jul 29 18:41:56 PDT 2014"	"300"	"0"	"0"	"300"	"Reviewable"	"NotReviewed"	"1 scales"	"600"	"60000"	"Tue Aug 05 18:41:56 PDT 2014"	"S47512"	"Approved"	""	"""sundae"""	"""chocolate"""	"0"	"-1"	"1"	"0"	"0"	"1"	"0"	"0"	"-1"	"-1"	"-1"	"""TRUE"""	"""distractor1"""	"""FALSE"""	"-1"	"-1"	"-1"	"-1"	"-1"	"-1"	"""predictive semantics"""	"""nope"""	"""33"""	"""Male"""	"6"	"0"	"0"	"1"	"2"	"""5"""	"-1"
"What is he talking about? (1-2 mins)"	"Short and fun! A 1-2 minute word game about what someone is talking about."	"experiment, psychology, game"	"$0.25"	"Tue Jul 29 18:41:56 PDT 2014"	"300"	"0"	"0"	"300"	"Reviewable"	"NotReviewed"	"1 scales"	"600"	"60000"	"Tue Aug 05 18:41:56 PDT 2014"	"S99692"	"Approved"	""	"""pizza"""	"""peppers"""	"0"	"-1"	"1"	"0"	"0"	"1"	"0"	"0"	"-1"	"-1"	"-1"	"""TRUE"""	"""target"""	"""TRUE"""	"-1"	"-1"	"-1"	"-1"	"-1"	"-1"	"""I don't know."""	""""""	"""27"""	"""m"""	"14"	"0"	"2"	"1"	"0"	"""5"""	"-1"
"What is he talking about? (1-2 mins)"	"Short and fun! A 1-2 minute word game about what someone is talking about."	"experiment, psychology, game"	"$0.25"	"Tue Jul 29 18:41:56 PDT 2014"	"300"	"0"	"0"	"300"	"Reviewable"	"NotReviewed"	"1 scales"	"600"	"60000"	"Tue Aug 05 18:41:56 PDT 2014"	"S62600"	"Approved"	""	"""Christmas tree"""	"""presents"""	"0"	"-1"	"1"	"0"	"0"	"1"	"0"	"0"	"-1"	"-1"	"-1"	"""TRUE"""	"""distractor1"""	"""FALSE"""	"-1"	"-1"	"-1"	"-1"	"-1"	"-1"	"""Trying to figure out which image one would associate with a word despite the facct both could be chosen."""	"""I would like to know why went toward the left side. """	"""31"""	"""m"""	"14"	"0"	"1"	"0"	"2"	"""5"""	"-1"
"What is he talking about? (1-2 mins)"	"Short and fun! A 1-2 minute word game about what someone is talking about."	"experiment, psychology, game"	"$0.25"	"Tue Jul 29 18:41:56 PDT 2014"	"300"	"0"	"0"	"300"	"Reviewable"	"NotReviewed"	"1 scales"	"600"	"60000"	"Tue Aug 05 18:41:56 PDT 2014"	"S42605"	"Approved"	""	"""sundae"""	"""cherry"""	"0"	"-1"	"1"	"0"	"0"	"1"	"0"	"0"	"-1"	"-1"	"-1"	"""TRUE"""	"""target"""	"""TRUE"""	"-1"	"-1"	"-1"	"-1"	"-1"	"-1"	"""2 sundaes"""	"""no"""	"""47"""	"""f"""	"6"	"0"	"2"	"0"	"1"	"""5"""	"-1"
"What is he talking about? (1-2 mins)"	"Short and fun! A 1-2 minute word game about what someone is talking about."	"experiment, psychology, game"	"$0.25"	"Tue Jul 29 18:41:56 PDT 2014"	"300"	"0"	"0"	"300"	"Reviewable"	"NotReviewed"	"1 scales"	"600"	"60000"	"Tue Aug 05 18:41:56 PDT 2014"	"S26650"	"Approved"	""	"""snowman"""	"""scarf"""	"0"	"-1"	"1"	"0"	"0"	"1"	"0"	"0"	"-1"	"-1"	"-1"	"""TRUE"""	"""target"""	"""TRUE"""	"-1"	"-1"	"-1"	"-1"	"-1"	"-1"	"""Choices based one 1 word"""	""""""	"""26"""	"""M"""	"0"	"0"	"2"	"0"	"1"	"""5"""	"-1"
"What is he talking about? (1-2 mins)"	"Short and fun! A 1-2 minute word game about what someone is talking about."	"experiment, psychology, game"	"$0.25"	"Tue Jul 29 18:41:56 PDT 2014"	"300"	"0"	"0"	"300"	"Reviewable"	"NotReviewed"	"1 scales"	"600"	"60000"	"Tue Aug 05 18:41:56 PDT 2014"	"S11007"	"Approved"	""	"""boat"""	"""cabin"""	"0"	"-1"	"1"	"0"	"0"	"1"	"0"	"0"	"-1"	"-1"	"-1"	"""TRUE"""	"""distractor1"""	"""FALSE"""	"-1"	"-1"	"-1"	"-1"	"-1"	"-1"	"""Understanding which boat Bob referred to when he said cabin"""	""""""	"""27"""	"""m"""	"0"	"0"	"0"	"2"	"1"	"""5"""	"-1"
"What is he talking about? (1-2 mins)"	"Short and fun! A 1-2 minute word game about what someone is talking about."	"experiment, psychology, game"	"$0.25"	"Tue Jul 29 18:41:56 PDT 2014"	"300"	"0"	"0"	"300"	"Reviewable"	"NotReviewed"	"1 scales"	"600"	"60000"	"Tue Aug 05 18:41:56 PDT 2014"	"S60842"	"Approved"	""	"""pizza"""	"""mushrooms"""	"0"	"-1"	"1"	"0"	"0"	"1"	"0"	"0"	"-1"	"-1"	"-1"	"""TRUE"""	"""target"""	"""TRUE"""	"-1"	"-1"	"-1"	"-1"	"-1"	"-1"	"""Bob can only say one word and it was mushrooms, we need to try and see which pizza he's talking about."""	""""""	"""18"""	"""m"""	"6"	"0"	"1"	"2"	"0"	"""5"""	"-1"
"What is he talking about? (1-2 mins)"	"Short and fun! A 1-2 minute word game about what someone is talking about."	"experiment, psychology, game"	"$0.25"	"Tue Jul 29 18:41:56 PDT 2014"	"300"	"0"	"0"	"300"	"Reviewable"	"NotReviewed"	"1 scales"	"600"	"60000"	"Tue Aug 05 18:41:56 PDT 2014"	"S01512"	"Approved"	""	"""snowman"""	"""scarf"""	"0"	"-1"	"1"	"0"	"0"	"1"	"0"	"0"	"-1"	"-1"	"-1"	"""TRUE"""	"""target"""	"""TRUE"""	"-1"	"-1"	"-1"	"-1"	"-1"	"-1"	"""The snowman we thought bob was talking about"""	""""""	"""18"""	"""m"""	"14"	"0"	"2"	"0"	"1"	"""5"""	"-1"
"What is he talking about? (1-2 mins)"	"Short and fun! A 1-2 minute word game about what someone is talking about."	"experiment, psychology, game"	"$0.25"	"Tue Jul 29 18:41:56 PDT 2014"	"300"	"0"	"0"	"300"	"Reviewable"	"NotReviewed"	"1 scales"	"600"	"60000"	"Tue Aug 05 18:41:56 PDT 2014"	"S82278"	"Approved"	""	"""friend"""	"""mustache"""	"0"	"-1"	"1"	"0"	"0"	"1"	"0"	"0"	"-1"	"-1"	"-1"	"""TRUE"""	"""target"""	"""TRUE"""	"-1"	"-1"	"-1"	"-1"	"-1"	"-1"	"""Figuring out which friend bob was referring to."""	""""""	"""32"""	"""m"""	"14"	"0"	"1"	"0"	"2"	"""5"""	"-1"
"What is he talking about? (1-2 mins)"	"Short and fun! A 1-2 minute word game about what someone is talking about."	"experiment, psychology, game"	"$0.25"	"Tue Jul 29 18:41:56 PDT 2014"	"300"	"0"	"0"	"300"	"Reviewable"	"NotReviewed"	"1 scales"	"600"	"60000"	"Tue Aug 05 18:41:56 PDT 2014"	"S68528"	"Approved"	""	"""boat"""	"""motor"""	"0"	"-1"	"1"	"0"	"0"	"1"	"0"	"0"	"-1"	"-1"	"-1"	"""TRUE"""	"""target"""	"""TRUE"""	"-1"	"-1"	"-1"	"-1"	"-1"	"-1"	"""language"""	""""""	"""32"""	"""f"""	"6"	"0"	"0"	"1"	"2"	"""5"""	"-1"
"What is he talking about? (1-2 mins)"	"Short and fun! A 1-2 minute word game about what someone is talking about."	"experiment, psychology, game"	"$0.25"	"Tue Jul 29 18:41:56 PDT 2014"	"300"	"0"	"0"	"300"	"Reviewable"	"NotReviewed"	"1 scales"	"600"	"60000"	"Tue Aug 05 18:41:56 PDT 2014"	"S92246"	"Approved"	""	"""boat"""	"""cabin"""	"0"	"-1"	"1"	"0"	"0"	"1"	"0"	"0"	"-1"	"-1"	"-1"	"""TRUE"""	"""distractor1"""	"""FALSE"""	"-1"	"-1"	"-1"	"-1"	"-1"	"-1"	"""Bob and his boat"""	"""None."""	"""32"""	"""m"""	"0"	"0"	"1"	"0"	"2"	"""5"""	"-1"
"What is he talking about? (1-2 mins)"	"Short and fun! A 1-2 minute word game about what someone is talking about."	"experiment, psychology, game"	"$0.25"	"Tue Jul 29 18:41:56 PDT 2014"	"300"	"0"	"0"	"300"	"Reviewable"	"NotReviewed"	"1 scales"	"600"	"60000"	"Tue Aug 05 18:41:56 PDT 2014"	"S78094"	"Approved"	""	"""snowman"""	"""hat"""	"0"	"-1"	"1"	"0"	"0"	"1"	"0"	"0"	"-1"	"-1"	"-1"	"""FALSE"""	"""distractor1"""	"""FALSE"""	"-1"	"-1"	"-1"	"-1"	"-1"	"-1"	"""making snowmen"""	"""no"""	"""58"""	"""m"""	"0"	"0"	"2"	"1"	"0"	"""5"""	"-1"
"What is he talking about? (1-2 mins)"	"Short and fun! A 1-2 minute word game about what someone is talking about."	"experiment, psychology, game"	"$0.25"	"Tue Jul 29 18:41:56 PDT 2014"	"300"	"0"	"0"	"300"	"Reviewable"	"NotReviewed"	"1 scales"	"600"	"60000"	"Tue Aug 05 18:41:56 PDT 2014"	"S81019"	"Approved"	""	"""pizza"""	"""olives"""	"0"	"-1"	"1"	"0"	"0"	"1"	"0"	"0"	"-1"	"-1"	"-1"	"""TRUE"""	"""target"""	"""TRUE"""	"-1"	"-1"	"-1"	"-1"	"-1"	"-1"	"""Bob ordering a pizza"""	"""no"""	"""34"""	"""f"""	"0"	"0"	"2"	"0"	"1"	"""5"""	"-1"
"What is he talking about? (1-2 mins)"	"Short and fun! A 1-2 minute word game about what someone is talking about."	"experiment, psychology, game"	"$0.25"	"Tue Jul 29 18:41:56 PDT 2014"	"300"	"0"	"0"	"300"	"Reviewable"	"NotReviewed"	"1 scales"	"600"	"60000"	"Tue Aug 05 18:41:56 PDT 2014"	"S64976"	"Approved"	""	"""snowman"""	"""hat"""	"0"	"-1"	"1"	"0"	"0"	"1"	"0"	"0"	"-1"	"-1"	"-1"	"""TRUE"""	"""target"""	"""TRUE"""	"-1"	"-1"	"-1"	"-1"	"-1"	"-1"	"""Bob's snowman"""	""""""	"""29"""	"""m"""	"0"	"0"	"2"	"1"	"0"	"""5"""	"-1"
"What is he talking about? (1-2 mins)"	"Short and fun! A 1-2 minute word game about what someone is talking about."	"experiment, psychology, game"	"$0.25"	"Tue Jul 29 18:41:56 PDT 2014"	"300"	"0"	"0"	"300"	"Reviewable"	"NotReviewed"	"1 scales"	"600"	"60000"	"Tue Aug 05 18:41:56 PDT 2014"	"S34735"	"Approved"	""	"""Christmas tree"""	"""lights"""	"0"	"-1"	"1"	"0"	"0"	"1"	"0"	"0"	"-1"	"-1"	"-1"	"""TRUE"""	"""target"""	"""TRUE"""	"-1"	"-1"	"-1"	"-1"	"-1"	"-1"	"""trimming a christmas tree"""	""""""	"""24"""	"""m"""	"14"	"0"	"0"	"2"	"1"	"""5"""	"-1"
"What is he talking about? (1-2 mins)"	"Short and fun! A 1-2 minute word game about what someone is talking about."	"experiment, psychology, game"	"$0.25"	"Tue Jul 29 18:41:56 PDT 2014"	"300"	"0"	"0"	"300"	"Reviewable"	"NotReviewed"	"1 scales"	"600"	"60000"	"Tue Aug 05 18:41:56 PDT 2014"	"S03858"	"Approved"	""	"""sundae"""	"""cherry"""	"0"	"-1"	"1"	"0"	"0"	"1"	"0"	"0"	"-1"	"-1"	"-1"	"""TRUE"""	"""target"""	"""TRUE"""	"-1"	"-1"	"-1"	"-1"	"-1"	"-1"	"""A short and fun survey about word choice from Stanford"""	"""cherry! """	"""36"""	"""F"""	"0"	"0"	"1"	"2"	"0"	"""5"""	"-1"
"What is he talking about? (1-2 mins)"	"Short and fun! A 1-2 minute word game about what someone is talking about."	"experiment, psychology, game"	"$0.25"	"Tue Jul 29 18:41:56 PDT 2014"	"300"	"0"	"0"	"300"	"Reviewable"	"NotReviewed"	"1 scales"	"600"	"60000"	"Tue Aug 05 18:41:56 PDT 2014"	"S88231"	"Approved"	""	"""sundae"""	"""cherry"""	"0"	"-1"	"1"	"0"	"0"	"1"	"0"	"0"	"-1"	"-1"	"-1"	"""TRUE"""	"""target"""	"""TRUE"""	"-1"	"-1"	"-1"	"-1"	"-1"	"-1"	"""Guess what someone mean by a simple word and visual clues"""	"""none"""	"""34"""	"""m"""	"14"	"0"	"1"	"0"	"2"	"""5"""	"-1"
"What is he talking about? (1-2 mins)"	"Short and fun! A 1-2 minute word game about what someone is talking about."	"experiment, psychology, game"	"$0.25"	"Tue Jul 29 18:41:56 PDT 2014"	"300"	"0"	"0"	"300"	"Reviewable"	"NotReviewed"	"1 scales"	"600"	"60000"	"Tue Aug 05 18:41:56 PDT 2014"	"S71454"	"Approved"	""	"""snowman"""	"""scarf"""	"0"	"-1"	"1"	"0"	"0"	"1"	"0"	"0"	"-1"	"-1"	"-1"	"""TRUE"""	"""target"""	"""TRUE"""	"-1"	"-1"	"-1"	"-1"	"-1"	"-1"	"""Bob and his snowmen."""	"""Thanks."""	"""30"""	"""F"""	"0"	"0"	"0"	"2"	"1"	"""5"""	"-1"
"What is he talking about? (1-2 mins)"	"Short and fun! A 1-2 minute word game about what someone is talking about."	"experiment, psychology, game"	"$0.25"	"Tue Jul 29 18:41:56 PDT 2014"	"300"	"0"	"0"	"300"	"Reviewable"	"NotReviewed"	"1 scales"	"600"	"60000"	"Tue Aug 05 18:41:56 PDT 2014"	"S36281"	"Approved"	""	"""pizza"""	"""mushrooms"""	"0"	"-1"	"1"	"0"	"0"	"1"	"0"	"0"	"-1"	"-1"	"-1"	"""TRUE"""	"""target"""	"""TRUE"""	"-1"	"-1"	"-1"	"-1"	"-1"	"-1"	"""Trying to figure out which pizza Bob was talking about with one word."""	""""""	"""30"""	"""m"""	"6"	"0"	"1"	"0"	"2"	"""5"""	"-1"
"What is he talking about? (1-2 mins)"	"Short and fun! A 1-2 minute word game about what someone is talking about."	"experiment, psychology, game"	"$0.25"	"Tue Jul 29 18:41:56 PDT 2014"	"300"	"0"	"0"	"300"	"Reviewable"	"NotReviewed"	"1 scales"	"600"	"60000"	"Tue Aug 05 18:41:56 PDT 2014"	"S55360"	"Approved"	""	"""Christmas tree"""	"""lights"""	"0"	"-1"	"1"	"0"	"0"	"1"	"0"	"0"	"-1"	"-1"	"-1"	"""TRUE"""	"""target"""	"""TRUE"""	"-1"	"-1"	"-1"	"-1"	"-1"	"-1"	"""remembering Bob"""	""""""	"""65"""	"""f"""	"0"	"0"	"0"	"1"	"2"	"""5"""	"-1"
"What is he talking about? (1-2 mins)"	"Short and fun! A 1-2 minute word game about what someone is talking about."	"experiment, psychology, game"	"$0.25"	"Tue Jul 29 18:41:56 PDT 2014"	"300"	"0"	"0"	"300"	"Reviewable"	"NotReviewed"	"1 scales"	"600"	"60000"	"Tue Aug 05 18:41:56 PDT 2014"	"S10826"	"Approved"	""	"""sundae"""	"""whipped cream"""	"0"	"-1"	"1"	"0"	"0"	"1"	"0"	"0"	"-1"	"-1"	"-1"	"""TRUE"""	"""target"""	"""TRUE"""	"-1"	"-1"	"-1"	"-1"	"-1"	"-1"	"""Deciphering what Bob meant"""	"""none"""	"""29"""	"""m"""	"14"	"0"	"2"	"1"	"0"	"""5"""	"-1"
"What is he talking about? (1-2 mins)"	"Short and fun! A 1-2 minute word game about what someone is talking about."	"experiment, psychology, game"	"$0.25"	"Tue Jul 29 18:41:56 PDT 2014"	"300"	"0"	"0"	"300"	"Reviewable"	"NotReviewed"	"1 scales"	"600"	"60000"	"Tue Aug 05 18:41:56 PDT 2014"	"S12354"	"Approved"	""	"""snowman"""	"""scarf"""	"0"	"-1"	"1"	"0"	"0"	"1"	"0"	"0"	"-1"	"-1"	"-1"	"""TRUE"""	"""target"""	"""TRUE"""	"-1"	"-1"	"-1"	"-1"	"-1"	"-1"	"""I do not have any clue."""	"""Why can bob only say one word."""	"""33"""	"""m"""	"14"	"0"	"1"	"2"	"0"	"""5"""	"-1"
"What is he talking about? (1-2 mins)"	"Short and fun! A 1-2 minute word game about what someone is talking about."	"experiment, psychology, game"	"$0.25"	"Tue Jul 29 18:41:56 PDT 2014"	"300"	"0"	"0"	"300"	"Reviewable"	"NotReviewed"	"1 scales"	"600"	"60000"	"Tue Aug 05 18:41:56 PDT 2014"	"S73049"	"Approved"	""	"""sundae"""	"""sprinkles"""	"0"	"-1"	"1"	"0"	"0"	"1"	"0"	"0"	"-1"	"-1"	"-1"	"""TRUE"""	"""target"""	"""TRUE"""	"-1"	"-1"	"-1"	"-1"	"-1"	"-1"	"""Asking what Bob said"""	"""No"""	"""35"""	"""m"""	"14"	"0"	"0"	"2"	"1"	"""5"""	"-1"
"What is he talking about? (1-2 mins)"	"Short and fun! A 1-2 minute word game about what someone is talking about."	"experiment, psychology, game"	"$0.25"	"Tue Jul 29 18:41:56 PDT 2014"	"300"	"0"	"0"	"300"	"Reviewable"	"NotReviewed"	"1 scales"	"600"	"60000"	"Tue Aug 05 18:41:56 PDT 2014"	"S14151"	"Approved"	""	"""boat"""	"""motor"""	"0"	"-1"	"1"	"0"	"0"	"1"	"0"	"0"	"-1"	"-1"	"-1"	"""TRUE"""	"""target"""	"""TRUE"""	"-1"	"-1"	"-1"	"-1"	"-1"	"-1"	"""inference"""	"""thanks!"""	"""33"""	"""m"""	"14"	"0"	"0"	"2"	"1"	"""5"""	"-1"
"What is he talking about? (1-2 mins)"	"Short and fun! A 1-2 minute word game about what someone is talking about."	"experiment, psychology, game"	"$0.25"	"Tue Jul 29 18:41:56 PDT 2014"	"300"	"0"	"0"	"300"	"Reviewable"	"NotReviewed"	"1 scales"	"600"	"60000"	"Tue Aug 05 18:41:56 PDT 2014"	"S69351"	"Approved"	""	"""boat"""	"""sail"""	"0"	"-1"	"1"	"0"	"0"	"1"	"0"	"0"	"-1"	"-1"	"-1"	"""TRUE"""	"""target"""	"""TRUE"""	"-1"	"-1"	"-1"	"-1"	"-1"	"-1"	"""boats"""	""""""	"""23"""	"""m"""	"14"	"0"	"0"	"1"	"2"	"""5"""	"-1"
"What is he talking about? (1-2 mins)"	"Short and fun! A 1-2 minute word game about what someone is talking about."	"experiment, psychology, game"	"$0.25"	"Tue Jul 29 18:41:56 PDT 2014"	"300"	"0"	"0"	"300"	"Reviewable"	"NotReviewed"	"1 scales"	"600"	"60000"	"Tue Aug 05 18:41:56 PDT 2014"	"S28891"	"Approved"	""	"""snowman"""	"""scarf"""	"0"	"-1"	"1"	"0"	"0"	"1"	"0"	"0"	"-1"	"-1"	"-1"	"""TRUE"""	"""distractor1"""	"""FALSE"""	"-1"	"-1"	"-1"	"-1"	"-1"	"-1"	"""what  snowman bob is talking about"""	""""""	"""26"""	"""male"""	"6"	"0"	"1"	"2"	"0"	"""5"""	"-1"
"What is he talking about? (1-2 mins)"	"Short and fun! A 1-2 minute word game about what someone is talking about."	"experiment, psychology, game"	"$0.25"	"Tue Jul 29 18:41:56 PDT 2014"	"300"	"0"	"0"	"300"	"Reviewable"	"NotReviewed"	"1 scales"	"600"	"60000"	"Tue Aug 05 18:41:56 PDT 2014"	"S38166"	"Approved"	""	"""friend"""	"""mustache"""	"0"	"-1"	"1"	"0"	"0"	"1"	"0"	"0"	"-1"	"-1"	"-1"	"""TRUE"""	"""target"""	"""TRUE"""	"-1"	"-1"	"-1"	"-1"	"-1"	"-1"	"""perception from one word"""	""""""	"""61"""	"""m"""	"12"	"0"	"1"	"0"	"2"	"""5"""	"-1"
"What is he talking about? (1-2 mins)"	"Short and fun! A 1-2 minute word game about what someone is talking about."	"experiment, psychology, game"	"$0.25"	"Tue Jul 29 18:41:56 PDT 2014"	"300"	"0"	"0"	"300"	"Reviewable"	"NotReviewed"	"1 scales"	"600"	"60000"	"Tue Aug 05 18:41:56 PDT 2014"	"S62133"	"Approved"	""	"""friend"""	"""hat"""	"0"	"-1"	"1"	"0"	"0"	"1"	"0"	"0"	"-1"	"-1"	"-1"	"""TRUE"""	"""distractor1"""	"""FALSE"""	"-1"	"-1"	"-1"	"-1"	"-1"	"-1"	"""which friend bob was showing you"""	""""""	"""27"""	"""m"""	"9"	"0"	"2"	"1"	"0"	"""5"""	"-1"
"What is he talking about? (1-2 mins)"	"Short and fun! A 1-2 minute word game about what someone is talking about."	"experiment, psychology, game"	"$0.25"	"Tue Jul 29 18:41:56 PDT 2014"	"300"	"0"	"0"	"300"	"Reviewable"	"NotReviewed"	"1 scales"	"600"	"60000"	"Tue Aug 05 18:41:56 PDT 2014"	"S80011"	"Approved"	""	"""pizza"""	"""sausage"""	"0"	"-1"	"2"	"0"	"0"	"1"	"0"	"0"	"-1"	"-1"	"-1"	"""TRUE"""	"""target"""	"""TRUE"""	"-1"	"-1"	"-1"	"-1"	"-1"	"-1"	"""Bob who eats pizza every Wednesday """	""""""	"""21"""	"""M"""	"19"	"0"	"2"	"1"	"0"	"""5"""	"-1"
"What is he talking about? (1-2 mins)"	"Short and fun! A 1-2 minute word game about what someone is talking about."	"experiment, psychology, game"	"$0.25"	"Tue Jul 29 18:41:56 PDT 2014"	"300"	"0"	"0"	"300"	"Reviewable"	"NotReviewed"	"1 scales"	"600"	"60000"	"Tue Aug 05 18:41:56 PDT 2014"	"S29066"	"Approved"	""	"""Christmas tree"""	"""star"""	"0"	"-1"	"2"	"0"	"0"	"1"	"0"	"0"	"-1"	"-1"	"-1"	"""TRUE"""	"""distractor2"""	"""FALSE"""	"-1"	"-1"	"-1"	"-1"	"-1"	"-1"	"""Learning about Bob"""	""""""	"""30"""	"""m"""	"16"	"0"	"1"	"0"	"2"	"""5"""	"-1"
"What is he talking about? (1-2 mins)"	"Short and fun! A 1-2 minute word game about what someone is talking about."	"experiment, psychology, game"	"$0.25"	"Tue Jul 29 18:41:56 PDT 2014"	"300"	"0"	"0"	"300"	"Reviewable"	"NotReviewed"	"1 scales"	"600"	"60000"	"Tue Aug 05 18:41:56 PDT 2014"	"S83443"	"Approved"	""	"""sundae"""	"""sprinkles"""	"0"	"-1"	"2"	"0"	"0"	"1"	"0"	"0"	"-1"	"-1"	"-1"	"""TRUE"""	"""target"""	"""TRUE"""	"-1"	"-1"	"-1"	"-1"	"-1"	"-1"	"""Communication?"""	""""""	"""37"""	"""f"""	"16"	"0"	"1"	"0"	"2"	"""5"""	"-1"
"What is he talking about? (1-2 mins)"	"Short and fun! A 1-2 minute word game about what someone is talking about."	"experiment, psychology, game"	"$0.25"	"Tue Jul 29 18:41:56 PDT 2014"	"300"	"0"	"0"	"300"	"Reviewable"	"NotReviewed"	"1 scales"	"600"	"60000"	"Tue Aug 05 18:41:56 PDT 2014"	"S37031"	"Approved"	""	"""snowman"""	"""mittens"""	"0"	"-1"	"1"	"0"	"0"	"1"	"0"	"0"	"-1"	"-1"	"-1"	"""TRUE"""	"""target"""	"""TRUE"""	"-1"	"-1"	"-1"	"-1"	"-1"	"-1"	"""Which snowman Bob was describing when he said, \""mittens.\"""""	"""no"""	"""42"""	"""m"""	"20"	"0"	"0"	"2"	"1"	"""5"""	"-1"
"What is he talking about? (1-2 mins)"	"Short and fun! A 1-2 minute word game about what someone is talking about."	"experiment, psychology, game"	"$0.25"	"Tue Jul 29 18:41:56 PDT 2014"	"300"	"0"	"0"	"300"	"Reviewable"	"NotReviewed"	"1 scales"	"600"	"60000"	"Tue Aug 05 18:41:56 PDT 2014"	"S99286"	"Approved"	""	"""boat"""	"""cabin"""	"0"	"-1"	"2"	"0"	"0"	"1"	"0"	"0"	"-1"	"-1"	"-1"	"""TRUE"""	"""distractor1"""	"""FALSE"""	"-1"	"-1"	"-1"	"-1"	"-1"	"-1"	"""Deciding what boat a character, Bob, was talking about."""	""""""	"""36"""	"""f"""	"8"	"0"	"2"	"0"	"1"	"""5"""	"-1"
"What is he talking about? (1-2 mins)"	"Short and fun! A 1-2 minute word game about what someone is talking about."	"experiment, psychology, game"	"$0.25"	"Tue Jul 29 18:41:56 PDT 2014"	"300"	"0"	"0"	"300"	"Reviewable"	"NotReviewed"	"1 scales"	"600"	"60000"	"Tue Aug 05 18:41:56 PDT 2014"	"S35165"	"Approved"	""	"""boat"""	"""motor"""	"0"	"-1"	"2"	"0"	"0"	"1"	"0"	"0"	"-1"	"-1"	"-1"	"""TRUE"""	"""distractor2"""	"""FALSE"""	"-1"	"-1"	"-1"	"-1"	"-1"	"-1"	"""One word descriptions related to images"""	""""""	"""23"""	"""m"""	"19"	"0"	"0"	"2"	"1"	"""5"""	"-1"
"What is he talking about? (1-2 mins)"	"Short and fun! A 1-2 minute word game about what someone is talking about."	"experiment, psychology, game"	"$0.25"	"Tue Jul 29 18:41:56 PDT 2014"	"300"	"0"	"0"	"300"	"Reviewable"	"NotReviewed"	"1 scales"	"600"	"60000"	"Tue Aug 05 18:41:56 PDT 2014"	"S99930"	"Approved"	""	"""sundae"""	"""cherry"""	"0"	"-1"	"2"	"0"	"0"	"1"	"0"	"0"	"-1"	"-1"	"-1"	"""TRUE"""	"""distractor2"""	"""FALSE"""	"-1"	"-1"	"-1"	"-1"	"-1"	"-1"	"""Word generalization and association."""	""""""	"""24"""	"""Female"""	"8"	"0"	"2"	"0"	"1"	"""5"""	"-1"
"What is he talking about? (1-2 mins)"	"Short and fun! A 1-2 minute word game about what someone is talking about."	"experiment, psychology, game"	"$0.25"	"Tue Jul 29 18:41:56 PDT 2014"	"300"	"0"	"0"	"300"	"Reviewable"	"NotReviewed"	"1 scales"	"600"	"60000"	"Tue Aug 05 18:41:56 PDT 2014"	"S39851"	"Approved"	""	"""boat"""	"""cabin"""	"0"	"-1"	"1"	"0"	"0"	"1"	"0"	"0"	"-1"	"-1"	"-1"	"""TRUE"""	"""target"""	"""TRUE"""	"-1"	"-1"	"-1"	"-1"	"-1"	"-1"	"""To see what picture people associate with the word cabin"""	"""no"""	"""27"""	"""f"""	"20"	"0"	"0"	"2"	"1"	"""5"""	"-1"
"What is he talking about? (1-2 mins)"	"Short and fun! A 1-2 minute word game about what someone is talking about."	"experiment, psychology, game"	"$0.25"	"Tue Jul 29 18:41:56 PDT 2014"	"300"	"0"	"0"	"300"	"Reviewable"	"NotReviewed"	"1 scales"	"600"	"60000"	"Tue Aug 05 18:41:56 PDT 2014"	"S78394"	"Approved"	""	"""friend"""	"""mustache"""	"0"	"-1"	"2"	"0"	"0"	"1"	"0"	"0"	"-1"	"-1"	"-1"	"""TRUE"""	"""distractor2"""	"""FALSE"""	"-1"	"-1"	"-1"	"-1"	"-1"	"-1"	"""Which friend bob visits on Sunday"""	"""No"""	"""27"""	"""f"""	"8"	"0"	"0"	"2"	"1"	"""5"""	"-1"
"What is he talking about? (1-2 mins)"	"Short and fun! A 1-2 minute word game about what someone is talking about."	"experiment, psychology, game"	"$0.25"	"Tue Jul 29 18:41:56 PDT 2014"	"300"	"0"	"0"	"300"	"Reviewable"	"NotReviewed"	"1 scales"	"600"	"60000"	"Tue Aug 05 18:41:56 PDT 2014"	"S28599"	"Approved"	""	"""Christmas tree"""	"""lights"""	"0"	"-1"	"1"	"0"	"0"	"1"	"0"	"0"	"-1"	"-1"	"-1"	"""TRUE"""	"""target"""	"""TRUE"""	"-1"	"-1"	"-1"	"-1"	"-1"	"-1"	"""Christmas trees"""	""""""	"""19"""	"""m"""	"12"	"0"	"1"	"0"	"2"	"""5"""	"-1"
"What is he talking about? (1-2 mins)"	"Short and fun! A 1-2 minute word game about what someone is talking about."	"experiment, psychology, game"	"$0.25"	"Tue Jul 29 18:41:56 PDT 2014"	"300"	"0"	"0"	"300"	"Reviewable"	"NotReviewed"	"1 scales"	"600"	"60000"	"Tue Aug 05 18:41:56 PDT 2014"	"S64875"	"Approved"	""	"""boat"""	"""motor"""	"0"	"-1"	"2"	"0"	"0"	"1"	"0"	"0"	"-1"	"-1"	"-1"	"""TRUE"""	"""target"""	"""TRUE"""	"-1"	"-1"	"-1"	"-1"	"-1"	"-1"	"""boats"""	""""""	"""31"""	"""m"""	"16"	"0"	"0"	"1"	"2"	"""5"""	"-1"
"What is he talking about? (1-2 mins)"	"Short and fun! A 1-2 minute word game about what someone is talking about."	"experiment, psychology, game"	"$0.25"	"Tue Jul 29 18:41:56 PDT 2014"	"300"	"0"	"0"	"300"	"Reviewable"	"NotReviewed"	"1 scales"	"600"	"60000"	"Tue Aug 05 18:41:56 PDT 2014"	"S75372"	"Approved"	""	"""sundae"""	"""whipped cream"""	"0"	"-1"	"1"	"0"	"0"	"1"	"0"	"0"	"-1"	"-1"	"-1"	"""TRUE"""	"""target"""	"""TRUE"""	"-1"	"-1"	"-1"	"-1"	"-1"	"-1"	"""How people recognize words."""	""""""	"""21"""	"""m"""	"20"	"0"	"2"	"1"	"0"	"""5"""	"-1"
"What is he talking about? (1-2 mins)"	"Short and fun! A 1-2 minute word game about what someone is talking about."	"experiment, psychology, game"	"$0.25"	"Tue Jul 29 18:41:56 PDT 2014"	"300"	"0"	"0"	"300"	"Reviewable"	"NotReviewed"	"1 scales"	"600"	"60000"	"Tue Aug 05 18:41:56 PDT 2014"	"S02875"	"Approved"	""	"""friend"""	"""hat"""	"0"	"-1"	"2"	"0"	"0"	"1"	"0"	"0"	"-1"	"-1"	"-1"	"""TRUE"""	"""target"""	"""TRUE"""	"-1"	"-1"	"-1"	"-1"	"-1"	"-1"	"""Understanding what others are talking about"""	""""""	"""20"""	"""m"""	"8"	"0"	"1"	"0"	"2"	"""5"""	"-1"
"What is he talking about? (1-2 mins)"	"Short and fun! A 1-2 minute word game about what someone is talking about."	"experiment, psychology, game"	"$0.25"	"Tue Jul 29 18:41:56 PDT 2014"	"300"	"0"	"0"	"300"	"Reviewable"	"NotReviewed"	"1 scales"	"600"	"60000"	"Tue Aug 05 18:41:56 PDT 2014"	"S84338"	"Approved"	""	"""Christmas tree"""	"""star"""	"0"	"-1"	"1"	"0"	"0"	"1"	"0"	"0"	"-1"	"-1"	"-1"	"""TRUE"""	"""distractor1"""	"""FALSE"""	"-1"	"-1"	"-1"	"-1"	"-1"	"-1"	"""Bob trying to communicate in one word and guessing what he meant"""	""""""	"""33"""	"""f"""	"17"	"0"	"0"	"1"	"2"	"""5"""	"-1"
"What is he talking about? (1-2 mins)"	"Short and fun! A 1-2 minute word game about what someone is talking about."	"experiment, psychology, game"	"$0.25"	"Tue Jul 29 18:41:56 PDT 2014"	"300"	"0"	"0"	"300"	"Reviewable"	"NotReviewed"	"1 scales"	"600"	"60000"	"Tue Aug 05 18:41:56 PDT 2014"	"S43621"	"Approved"	""	"""boat"""	"""flag"""	"0"	"-1"	"1"	"0"	"0"	"1"	"0"	"0"	"-1"	"-1"	"-1"	"""TRUE"""	"""distractor3"""	"""FALSE"""	"-1"	"-1"	"-1"	"-1"	"-1"	"-1"	"""Identifying objects"""	"""None at this time"""	"""24"""	"""m"""	"20"	"0"	"2"	"1"	"0"	"""5"""	"-1"
"What is he talking about? (1-2 mins)"	"Short and fun! A 1-2 minute word game about what someone is talking about."	"experiment, psychology, game"	"$0.25"	"Tue Jul 29 18:41:56 PDT 2014"	"300"	"0"	"0"	"300"	"Reviewable"	"NotReviewed"	"1 scales"	"600"	"60000"	"Tue Aug 05 18:41:56 PDT 2014"	"S72021"	"Approved"	""	"""snowman"""	"""scarf"""	"0"	"-1"	"1"	"0"	"0"	"1"	"0"	"0"	"-1"	"-1"	"-1"	"""TRUE"""	"""distractor1"""	"""FALSE"""	"-1"	"-1"	"-1"	"-1"	"-1"	"-1"	"""Interpretting a single word used to describe a snowman"""	""""""	"""25"""	"""m"""	"17"	"0"	"0"	"2"	"1"	"""5"""	"-1"
"What is he talking about? (1-2 mins)"	"Short and fun! A 1-2 minute word game about what someone is talking about."	"experiment, psychology, game"	"$0.25"	"Tue Jul 29 18:41:56 PDT 2014"	"300"	"0"	"0"	"300"	"Reviewable"	"NotReviewed"	"1 scales"	"600"	"60000"	"Tue Aug 05 18:41:56 PDT 2014"	"S28886"	"Approved"	""	"""pizza"""	"""olives"""	"0"	"-1"	"2"	"0"	"0"	"1"	"0"	"0"	"-1"	"-1"	"-1"	"""TRUE"""	"""target"""	"""TRUE"""	"-1"	"-1"	"-1"	"-1"	"-1"	"-1"	"""specifyin' a pizza"""	""""""	"""22"""	"""m"""	"8"	"0"	"1"	"2"	"0"	"""5"""	"-1"
"What is he talking about? (1-2 mins)"	"Short and fun! A 1-2 minute word game about what someone is talking about."	"experiment, psychology, game"	"$0.25"	"Tue Jul 29 18:41:56 PDT 2014"	"300"	"0"	"0"	"300"	"Reviewable"	"NotReviewed"	"1 scales"	"600"	"60000"	"Tue Aug 05 18:41:56 PDT 2014"	"S80347"	"Approved"	""	"""friend"""	"""bowtie"""	"0"	"-1"	"2"	"0"	"0"	"1"	"0"	"0"	"-1"	"-1"	"-1"	"""TRUE"""	"""target"""	"""TRUE"""	"-1"	"-1"	"-1"	"-1"	"-1"	"-1"	"""WHOM BOB VISITED"""	"""THANKS"""	"""55"""	"""F"""	"19"	"0"	"0"	"2"	"1"	"""5"""	"-1"
"What is he talking about? (1-2 mins)"	"Short and fun! A 1-2 minute word game about what someone is talking about."	"experiment, psychology, game"	"$0.25"	"Tue Jul 29 18:41:56 PDT 2014"	"300"	"0"	"0"	"300"	"Reviewable"	"NotReviewed"	"1 scales"	"600"	"60000"	"Tue Aug 05 18:41:56 PDT 2014"	"S54046"	"Approved"	""	"""Christmas tree"""	"""lights"""	"0"	"-1"	"1"	"0"	"0"	"1"	"0"	"0"	"-1"	"-1"	"-1"	"""TRUE"""	"""target"""	"""TRUE"""	"-1"	"-1"	"-1"	"-1"	"-1"	"-1"	"""simple verbal communication"""	""""""	"""46"""	"""m"""	"17"	"0"	"1"	"0"	"2"	"""5"""	"-1"
"What is he talking about? (1-2 mins)"	"Short and fun! A 1-2 minute word game about what someone is talking about."	"experiment, psychology, game"	"$0.25"	"Tue Jul 29 18:41:56 PDT 2014"	"300"	"0"	"0"	"300"	"Reviewable"	"NotReviewed"	"1 scales"	"600"	"60000"	"Tue Aug 05 18:41:56 PDT 2014"	"S75201"	"Approved"	""	"""boat"""	"""motor"""	"0"	"-1"	"2"	"0"	"0"	"1"	"0"	"0"	"-1"	"-1"	"-1"	"""TRUE"""	"""distractor2"""	"""FALSE"""	"-1"	"-1"	"-1"	"-1"	"-1"	"-1"	"""What is a person talking about"""	""""""	"""28"""	"""f"""	"11"	"0"	"0"	"2"	"1"	"""5"""	"-1"
"What is he talking about? (1-2 mins)"	"Short and fun! A 1-2 minute word game about what someone is talking about."	"experiment, psychology, game"	"$0.25"	"Tue Jul 29 18:41:56 PDT 2014"	"300"	"0"	"0"	"300"	"Reviewable"	"NotReviewed"	"1 scales"	"600"	"60000"	"Tue Aug 05 18:41:56 PDT 2014"	"S34875"	"Approved"	""	"""Christmas tree"""	"""star"""	"0"	"-1"	"2"	"0"	"0"	"1"	"0"	"0"	"-1"	"-1"	"-1"	"""TRUE"""	"""target"""	"""TRUE"""	"-1"	"-1"	"-1"	"-1"	"-1"	"-1"	"""Bob picking a Christmas tree."""	"""no"""	"""34"""	"""m"""	"19"	"0"	"0"	"1"	"2"	"""5"""	"-1"
"What is he talking about? (1-2 mins)"	"Short and fun! A 1-2 minute word game about what someone is talking about."	"experiment, psychology, game"	"$0.25"	"Tue Jul 29 18:41:56 PDT 2014"	"300"	"0"	"0"	"300"	"Reviewable"	"NotReviewed"	"1 scales"	"600"	"60000"	"Tue Aug 05 18:41:56 PDT 2014"	"S10631"	"Approved"	""	"""Christmas tree"""	"""ornaments"""	"0"	"-1"	"1"	"0"	"0"	"1"	"0"	"0"	"-1"	"-1"	"-1"	"""TRUE"""	"""distractor3"""	"""FALSE"""	"-1"	"-1"	"-1"	"-1"	"-1"	"-1"	"""how we view ithers communications"""	""""""	"""54"""	"""m"""	"20"	"0"	"0"	"2"	"1"	"""5"""	"-1"
"What is he talking about? (1-2 mins)"	"Short and fun! A 1-2 minute word game about what someone is talking about."	"experiment, psychology, game"	"$0.25"	"Tue Jul 29 18:41:56 PDT 2014"	"300"	"0"	"0"	"300"	"Reviewable"	"NotReviewed"	"1 scales"	"600"	"60000"	"Tue Aug 05 18:41:56 PDT 2014"	"S39107"	"Approved"	""	"""pizza"""	"""olives"""	"0"	"-1"	"1"	"0"	"0"	"1"	"0"	"0"	"-1"	"-1"	"-1"	"""TRUE"""	"""target"""	"""TRUE"""	"-1"	"-1"	"-1"	"-1"	"-1"	"-1"	"""Pizzas"""	"""None"""	"""24"""	"""M"""	"12"	"0"	"2"	"1"	"0"	"""5"""	"-1"
"What is he talking about? (1-2 mins)"	"Short and fun! A 1-2 minute word game about what someone is talking about."	"experiment, psychology, game"	"$0.25"	"Tue Jul 29 18:41:56 PDT 2014"	"300"	"0"	"0"	"300"	"Reviewable"	"NotReviewed"	"1 scales"	"600"	"60000"	"Tue Aug 05 18:41:56 PDT 2014"	"S66343"	"Approved"	""	"""pizza"""	"""mushrooms"""	"0"	"-1"	"1"	"0"	"0"	"1"	"0"	"0"	"-1"	"-1"	"-1"	"""TRUE"""	"""target"""	"""TRUE"""	"-1"	"-1"	"-1"	"-1"	"-1"	"-1"	"""which pizza is best described by the word \""mushrooms\"""""	"""no"""	"""29"""	"""m"""	"9"	"0"	"2"	"0"	"1"	"""5"""	"-1"
"What is he talking about? (1-2 mins)"	"Short and fun! A 1-2 minute word game about what someone is talking about."	"experiment, psychology, game"	"$0.25"	"Tue Jul 29 18:41:56 PDT 2014"	"300"	"0"	"0"	"300"	"Reviewable"	"NotReviewed"	"1 scales"	"600"	"60000"	"Tue Aug 05 18:41:56 PDT 2014"	"S08182"	"Approved"	""	"""snowman"""	"""belt"""	"0"	"-1"	"1"	"0"	"0"	"1"	"0"	"0"	"-1"	"-1"	"-1"	"""TRUE"""	"""target"""	"""TRUE"""	"-1"	"-1"	"-1"	"-1"	"-1"	"-1"	"""Making a choice based on limited communication"""	""""""	"""23"""	"""m"""	"17"	"0"	"0"	"2"	"1"	"""5"""	"-1"
"What is he talking about? (1-2 mins)"	"Short and fun! A 1-2 minute word game about what someone is talking about."	"experiment, psychology, game"	"$0.25"	"Tue Jul 29 18:41:56 PDT 2014"	"300"	"0"	"0"	"300"	"Reviewable"	"NotReviewed"	"1 scales"	"600"	"60000"	"Tue Aug 05 18:41:56 PDT 2014"	"S08875"	"Approved"	""	"""snowman"""	"""mittens"""	"0"	"-1"	"2"	"0"	"0"	"1"	"0"	"0"	"-1"	"-1"	"-1"	"""TRUE"""	"""target"""	"""TRUE"""	"-1"	"-1"	"-1"	"-1"	"-1"	"-1"	"""No idea"""	""""""	""""""	"""F"""	"8"	"0"	"1"	"0"	"2"	"""5"""	"-1"
"What is he talking about? (1-2 mins)"	"Short and fun! A 1-2 minute word game about what someone is talking about."	"experiment, psychology, game"	"$0.25"	"Tue Jul 29 18:41:56 PDT 2014"	"300"	"0"	"0"	"300"	"Reviewable"	"NotReviewed"	"1 scales"	"600"	"60000"	"Tue Aug 05 18:41:56 PDT 2014"	"S71897"	"Approved"	""	"""boat"""	"""flag"""	"0"	"-1"	"2"	"0"	"0"	"1"	"0"	"0"	"-1"	"-1"	"-1"	"""TRUE"""	"""target"""	"""TRUE"""	"-1"	"-1"	"-1"	"-1"	"-1"	"-1"	"""BOB LIKING BOATS"""	""""""	"""21"""	"""M"""	"16"	"0"	"2"	"1"	"0"	"""5"""	"-1"
"What is he talking about? (1-2 mins)"	"Short and fun! A 1-2 minute word game about what someone is talking about."	"experiment, psychology, game"	"$0.25"	"Tue Jul 29 18:41:56 PDT 2014"	"300"	"0"	"0"	"300"	"Reviewable"	"NotReviewed"	"1 scales"	"600"	"60000"	"Tue Aug 05 18:41:56 PDT 2014"	"S48415"	"Approved"	""	"""friend"""	"""mustache"""	"0"	"-1"	"1"	"0"	"0"	"1"	"0"	"0"	"-1"	"-1"	"-1"	"""TRUE"""	"""distractor3"""	"""FALSE"""	"-1"	"-1"	"-1"	"-1"	"-1"	"-1"	"""Unsure"""	""""""	"""31"""	"""F"""	"20"	"0"	"1"	"0"	"2"	"""5"""	"-1"
"What is he talking about? (1-2 mins)"	"Short and fun! A 1-2 minute word game about what someone is talking about."	"experiment, psychology, game"	"$0.25"	"Tue Jul 29 18:41:56 PDT 2014"	"300"	"0"	"0"	"300"	"Reviewable"	"NotReviewed"	"1 scales"	"600"	"60000"	"Tue Aug 05 18:41:56 PDT 2014"	"S23948"	"Approved"	""	"""boat"""	"""sail"""	"0"	"-1"	"2"	"0"	"0"	"1"	"0"	"0"	"-1"	"-1"	"-1"	"""FALSE"""	"""target"""	"""TRUE"""	"-1"	"-1"	"-1"	"-1"	"-1"	"-1"	"""assumptions"""	"""none"""	"""46"""	"""f"""	"11"	"0"	"2"	"0"	"1"	"""5"""	"-1"
"What is he talking about? (1-2 mins)"	"Short and fun! A 1-2 minute word game about what someone is talking about."	"experiment, psychology, game"	"$0.25"	"Tue Jul 29 18:41:56 PDT 2014"	"300"	"0"	"0"	"300"	"Reviewable"	"NotReviewed"	"1 scales"	"600"	"60000"	"Tue Aug 05 18:41:56 PDT 2014"	"S08076"	"Approved"	""	"""boat"""	"""flag"""	"0"	"-1"	"1"	"0"	"0"	"1"	"0"	"0"	"-1"	"-1"	"-1"	"""TRUE"""	"""target"""	"""TRUE"""	"-1"	"-1"	"-1"	"-1"	"-1"	"-1"	"""Figuring out what someone is saying."""	""""""	"""28"""	"""m"""	"20"	"0"	"1"	"0"	"2"	"""5"""	"-1"
"What is he talking about? (1-2 mins)"	"Short and fun! A 1-2 minute word game about what someone is talking about."	"experiment, psychology, game"	"$0.25"	"Tue Jul 29 18:41:56 PDT 2014"	"300"	"0"	"0"	"300"	"Reviewable"	"NotReviewed"	"1 scales"	"600"	"60000"	"Tue Aug 05 18:41:56 PDT 2014"	"S58562"	"Approved"	""	"""snowman"""	"""belt"""	"0"	"-1"	"1"	"0"	"0"	"1"	"0"	"0"	"-1"	"-1"	"-1"	"""TRUE"""	"""target"""	"""TRUE"""	"-1"	"-1"	"-1"	"-1"	"-1"	"-1"	"""The perception of people."""	"""Nope."""	"""29"""	"""m"""	"17"	"0"	"0"	"2"	"1"	"""5"""	"-1"
"What is he talking about? (1-2 mins)"	"Short and fun! A 1-2 minute word game about what someone is talking about."	"experiment, psychology, game"	"$0.25"	"Tue Jul 29 18:41:56 PDT 2014"	"300"	"0"	"0"	"300"	"Reviewable"	"NotReviewed"	"1 scales"	"600"	"60000"	"Tue Aug 05 18:41:56 PDT 2014"	"S10871"	"Approved"	""	"""snowman"""	"""scarf"""	"0"	"-1"	"2"	"0"	"0"	"1"	"0"	"0"	"-1"	"-1"	"-1"	"""TRUE"""	"""distractor2"""	"""FALSE"""	"-1"	"-1"	"-1"	"-1"	"-1"	"-1"	"""what bob was talking about"""	"""no"""	"""27"""	"""F"""	"11"	"0"	"1"	"0"	"2"	"""5"""	"-1"
"What is he talking about? (1-2 mins)"	"Short and fun! A 1-2 minute word game about what someone is talking about."	"experiment, psychology, game"	"$0.25"	"Tue Jul 29 18:41:56 PDT 2014"	"300"	"0"	"0"	"300"	"Reviewable"	"NotReviewed"	"1 scales"	"600"	"60000"	"Tue Aug 05 18:41:56 PDT 2014"	"S26678"	"Approved"	""	"""boat"""	"""motor"""	"0"	"-1"	"1"	"0"	"0"	"1"	"0"	"0"	"-1"	"-1"	"-1"	"""TRUE"""	"""target"""	"""TRUE"""	"-1"	"-1"	"-1"	"-1"	"-1"	"-1"	"""language comprehension"""	"""none"""	"""28"""	"""m"""	"17"	"0"	"2"	"0"	"1"	"""5"""	"-1"
"What is he talking about? (1-2 mins)"	"Short and fun! A 1-2 minute word game about what someone is talking about."	"experiment, psychology, game"	"$0.25"	"Tue Jul 29 18:41:56 PDT 2014"	"300"	"0"	"0"	"300"	"Reviewable"	"NotReviewed"	"1 scales"	"600"	"60000"	"Tue Aug 05 18:41:56 PDT 2014"	"S03946"	"Approved"	""	"""Christmas tree"""	"""star"""	"0"	"-1"	"1"	"0"	"0"	"1"	"0"	"0"	"-1"	"-1"	"-1"	"""TRUE"""	"""distractor2"""	"""FALSE"""	"-1"	"-1"	"-1"	"-1"	"-1"	"-1"	"""What was Bob talking about?"""	"""n/a"""	"""28"""	"""Male"""	"9"	"0"	"1"	"0"	"2"	"""5"""	"-1"
"What is he talking about? (1-2 mins)"	"Short and fun! A 1-2 minute word game about what someone is talking about."	"experiment, psychology, game"	"$0.25"	"Tue Jul 29 18:41:56 PDT 2014"	"300"	"0"	"0"	"300"	"Reviewable"	"NotReviewed"	"1 scales"	"600"	"60000"	"Tue Aug 05 18:41:56 PDT 2014"	"S66117"	"Approved"	""	"""boat"""	"""motor"""	"0"	"-1"	"2"	"0"	"0"	"1"	"0"	"0"	"-1"	"-1"	"-1"	"""TRUE"""	"""distractor2"""	"""FALSE"""	"-1"	"-1"	"-1"	"-1"	"-1"	"-1"	"""Boats"""	""""""	"""26"""	"""m"""	"8"	"0"	"1"	"2"	"0"	"""5"""	"-1"
"What is he talking about? (1-2 mins)"	"Short and fun! A 1-2 minute word game about what someone is talking about."	"experiment, psychology, game"	"$0.25"	"Tue Jul 29 18:41:56 PDT 2014"	"300"	"0"	"0"	"300"	"Reviewable"	"NotReviewed"	"1 scales"	"600"	"60000"	"Tue Aug 05 18:41:56 PDT 2014"	"S25854"	"Approved"	""	"""pizza"""	"""mushrooms"""	"0"	"-1"	"2"	"0"	"0"	"1"	"0"	"0"	"-1"	"-1"	"-1"	"""TRUE"""	"""target"""	"""TRUE"""	"-1"	"-1"	"-1"	"-1"	"-1"	"-1"	"""what pizza bob wanted"""	""""""	"""28"""	"""m"""	"11"	"0"	"0"	"1"	"2"	"""5"""	"-1"
"What is he talking about? (1-2 mins)"	"Short and fun! A 1-2 minute word game about what someone is talking about."	"experiment, psychology, game"	"$0.25"	"Tue Jul 29 18:41:56 PDT 2014"	"300"	"0"	"0"	"300"	"Reviewable"	"NotReviewed"	"1 scales"	"600"	"60000"	"Tue Aug 05 18:41:56 PDT 2014"	"S79518"	"Approved"	""	"""sundae"""	"""cherry"""	"0"	"-1"	"1"	"0"	"0"	"1"	"0"	"0"	"-1"	"-1"	"-1"	"""TRUE"""	"""target"""	"""TRUE"""	"-1"	"-1"	"-1"	"-1"	"-1"	"-1"	"""Interpreting what someone means with little communication"""	"""No comment"""	"""24"""	"""m"""	"9"	"0"	"2"	"1"	"0"	"""5"""	"-1"
"What is he talking about? (1-2 mins)"	"Short and fun! A 1-2 minute word game about what someone is talking about."	"experiment, psychology, game"	"$0.25"	"Tue Jul 29 18:41:56 PDT 2014"	"300"	"0"	"0"	"300"	"Reviewable"	"NotReviewed"	"1 scales"	"600"	"60000"	"Tue Aug 05 18:41:56 PDT 2014"	"S20585"	"Approved"	""	"""snowman"""	"""mittens"""	"0"	"-1"	"1"	"0"	"0"	"1"	"0"	"0"	"-1"	"-1"	"-1"	"""TRUE"""	"""target"""	"""TRUE"""	"-1"	"-1"	"-1"	"-1"	"-1"	"-1"	"""Bob gave me one word to describe his snowmen, and I had to pick which one he was talking about."""	"""Great hit, thank you!"""	"""29"""	"""f"""	"12"	"0"	"0"	"1"	"2"	"""5"""	"-1"
"What is he talking about? (1-2 mins)"	"Short and fun! A 1-2 minute word game about what someone is talking about."	"experiment, psychology, game"	"$0.25"	"Tue Jul 29 18:41:56 PDT 2014"	"300"	"0"	"0"	"300"	"Reviewable"	"NotReviewed"	"1 scales"	"600"	"60000"	"Tue Aug 05 18:41:56 PDT 2014"	"S93930"	"Approved"	""	"""snowman"""	"""scarf"""	"0"	"-1"	"1"	"0"	"0"	"1"	"0"	"0"	"-1"	"-1"	"-1"	"""TRUE"""	"""target"""	"""TRUE"""	"-1"	"-1"	"-1"	"-1"	"-1"	"-1"	"""To figure out which snowman he was talking about based on limited information"""	"""I thought this was interesting"""	"""31"""	"""m"""	"12"	"0"	"1"	"0"	"2"	"""5"""	"-1"
"What is he talking about? (1-2 mins)"	"Short and fun! A 1-2 minute word game about what someone is talking about."	"experiment, psychology, game"	"$0.25"	"Tue Jul 29 18:41:56 PDT 2014"	"300"	"0"	"0"	"300"	"Reviewable"	"NotReviewed"	"1 scales"	"600"	"60000"	"Tue Aug 05 18:41:56 PDT 2014"	"S51955"	"Approved"	""	"""Christmas tree"""	"""star"""	"0"	"-1"	"1"	"0"	"0"	"1"	"0"	"0"	"-1"	"-1"	"-1"	"""TRUE"""	"""distractor3"""	"""FALSE"""	"-1"	"-1"	"-1"	"-1"	"-1"	"-1"	"""bob trimming a christmas tree, and i had to pick the one with the star!"""	"""fun survey!"""	"""23"""	"""m"""	"12"	"0"	"2"	"0"	"1"	"""5"""	"-1"
"What is he talking about? (1-2 mins)"	"Short and fun! A 1-2 minute word game about what someone is talking about."	"experiment, psychology, game"	"$0.25"	"Tue Jul 29 18:41:56 PDT 2014"	"300"	"0"	"0"	"300"	"Reviewable"	"NotReviewed"	"1 scales"	"600"	"60000"	"Tue Aug 05 18:41:56 PDT 2014"	"S72839"	"Approved"	""	"""sundae"""	"""whipped cream"""	"0"	"-1"	"1"	"0"	"0"	"1"	"0"	"0"	"-1"	"-1"	"-1"	"""TRUE"""	"""target"""	"""TRUE"""	"-1"	"-1"	"-1"	"-1"	"-1"	"-1"	"""picking what sundae you thought bob was talking about"""	"""no comments """	"""22"""	"""f"""	"9"	"0"	"2"	"1"	"0"	"""5"""	"-1"
"What is he talking about? (1-2 mins)"	"Short and fun! A 1-2 minute word game about what someone is talking about."	"experiment, psychology, game"	"$0.25"	"Tue Jul 29 18:41:56 PDT 2014"	"300"	"0"	"0"	"300"	"Reviewable"	"NotReviewed"	"1 scales"	"600"	"60000"	"Tue Aug 05 18:41:56 PDT 2014"	"S91239"	"Approved"	""	"""friend"""	"""glasses"""	"0"	"-1"	"2"	"0"	"0"	"1"	"0"	"0"	"-1"	"-1"	"-1"	"""TRUE"""	"""target"""	"""TRUE"""	"-1"	"-1"	"-1"	"-1"	"-1"	"-1"	"""Assigning faces to a word. """	"""No"""	"""18"""	"""m"""	"16"	"0"	"0"	"1"	"2"	"""5"""	"-1"
"What is he talking about? (1-2 mins)"	"Short and fun! A 1-2 minute word game about what someone is talking about."	"experiment, psychology, game"	"$0.25"	"Tue Jul 29 18:41:56 PDT 2014"	"300"	"0"	"0"	"300"	"Reviewable"	"NotReviewed"	"1 scales"	"600"	"60000"	"Tue Aug 05 18:41:56 PDT 2014"	"S07644"	"Approved"	""	"""pizza"""	"""peppers"""	"0"	"-1"	"2"	"0"	"0"	"1"	"0"	"0"	"-1"	"-1"	"-1"	"""TRUE"""	"""target"""	"""TRUE"""	"-1"	"-1"	"-1"	"-1"	"-1"	"-1"	"""language ambiguity"""	""""""	"""25"""	"""m"""	"19"	"0"	"1"	"0"	"2"	"""5"""	"-1"
"What is he talking about? (1-2 mins)"	"Short and fun! A 1-2 minute word game about what someone is talking about."	"experiment, psychology, game"	"$0.25"	"Tue Jul 29 18:41:56 PDT 2014"	"300"	"0"	"0"	"300"	"Reviewable"	"NotReviewed"	"1 scales"	"600"	"60000"	"Tue Aug 05 18:41:56 PDT 2014"	"S07886"	"Approved"	""	"""snowman"""	"""scarf"""	"0"	"-1"	"2"	"0"	"0"	"1"	"0"	"0"	"-1"	"-1"	"-1"	"""TRUE"""	"""target"""	"""TRUE"""	"-1"	"-1"	"-1"	"-1"	"-1"	"-1"	"""What snowman bob was talking about"""	"""None"""	"""26"""	"""m"""	"8"	"0"	"2"	"1"	"0"	"""5"""	"-1"
"What is he talking about? (1-2 mins)"	"Short and fun! A 1-2 minute word game about what someone is talking about."	"experiment, psychology, game"	"$0.25"	"Tue Jul 29 18:41:56 PDT 2014"	"300"	"0"	"0"	"300"	"Reviewable"	"NotReviewed"	"1 scales"	"600"	"60000"	"Tue Aug 05 18:41:56 PDT 2014"	"S52306"	"Approved"	""	"""friend"""	"""hat"""	"0"	"-1"	"1"	"0"	"0"	"1"	"0"	"0"	"-1"	"-1"	"-1"	"""TRUE"""	"""target"""	"""TRUE"""	"-1"	"-1"	"-1"	"-1"	"-1"	"-1"	"""Who is he visiting."""	"""interesting!"""	"""27"""	"""m"""	"20"	"0"	"1"	"0"	"2"	"""5"""	"-1"
"What is he talking about? (1-2 mins)"	"Short and fun! A 1-2 minute word game about what someone is talking about."	"experiment, psychology, game"	"$0.25"	"Tue Jul 29 18:41:56 PDT 2014"	"300"	"0"	"0"	"300"	"Reviewable"	"NotReviewed"	"1 scales"	"600"	"60000"	"Tue Aug 05 18:41:56 PDT 2014"	"S30457"	"Approved"	""	"""Christmas tree"""	"""ornaments"""	"0"	"-1"	"2"	"0"	"0"	"1"	"0"	"0"	"-1"	"-1"	"-1"	"""TRUE"""	"""target"""	"""TRUE"""	"-1"	"-1"	"-1"	"-1"	"-1"	"-1"	"""communication"""	""""""	""""""	"""f"""	"16"	"0"	"1"	"0"	"2"	"""5"""	"-1"
"What is he talking about? (1-2 mins)"	"Short and fun! A 1-2 minute word game about what someone is talking about."	"experiment, psychology, game"	"$0.25"	"Tue Jul 29 18:41:56 PDT 2014"	"300"	"0"	"0"	"300"	"Reviewable"	"NotReviewed"	"1 scales"	"600"	"60000"	"Tue Aug 05 18:41:56 PDT 2014"	"S64529"	"Approved"	""	"""pizza"""	"""olives"""	"0"	"-1"	"1"	"0"	"0"	"1"	"0"	"0"	"-1"	"-1"	"-1"	"""TRUE"""	"""distractor1"""	"""FALSE"""	"-1"	"-1"	"-1"	"-1"	"-1"	"-1"	"""Guessing what Bob is talking about"""	""""""	"""23"""	"""m"""	"17"	"0"	"0"	"1"	"2"	"""5"""	"-1"
"What is he talking about? (1-2 mins)"	"Short and fun! A 1-2 minute word game about what someone is talking about."	"experiment, psychology, game"	"$0.25"	"Tue Jul 29 18:41:56 PDT 2014"	"300"	"0"	"0"	"300"	"Reviewable"	"NotReviewed"	"1 scales"	"600"	"60000"	"Tue Aug 05 18:41:56 PDT 2014"	"S46257"	"Approved"	""	"""sundae"""	"""cherry"""	"0"	"-1"	"2"	"0"	"0"	"1"	"0"	"0"	"-1"	"-1"	"-1"	"""TRUE"""	"""distractor1"""	"""FALSE"""	"-1"	"-1"	"-1"	"-1"	"-1"	"-1"	"""No idea"""	""""""	"""34"""	"""m"""	"11"	"0"	"1"	"0"	"2"	"""5"""	"-1"
"What is he talking about? (1-2 mins)"	"Short and fun! A 1-2 minute word game about what someone is talking about."	"experiment, psychology, game"	"$0.25"	"Tue Jul 29 18:41:56 PDT 2014"	"300"	"0"	"0"	"300"	"Reviewable"	"NotReviewed"	"1 scales"	"600"	"60000"	"Tue Aug 05 18:41:56 PDT 2014"	"S54134"	"Approved"	""	"""boat"""	"""cabin"""	"0"	"-1"	"2"	"0"	"0"	"1"	"0"	"0"	"-1"	"-1"	"-1"	"""TRUE"""	"""target"""	"""TRUE"""	"-1"	"-1"	"-1"	"-1"	"-1"	"-1"	"""To see how people react to one word descriptions"""	""""""	"""19"""	"""m"""	"8"	"0"	"1"	"2"	"0"	"""5"""	"-1"
"What is he talking about? (1-2 mins)"	"Short and fun! A 1-2 minute word game about what someone is talking about."	"experiment, psychology, game"	"$0.25"	"Tue Jul 29 18:41:56 PDT 2014"	"300"	"0"	"0"	"300"	"Reviewable"	"NotReviewed"	"1 scales"	"600"	"60000"	"Tue Aug 05 18:41:56 PDT 2014"	"S37828"	"Approved"	""	"""snowman"""	"""mittens"""	"0"	"-1"	"1"	"0"	"0"	"1"	"0"	"0"	"-1"	"-1"	"-1"	"""TRUE"""	"""target"""	"""TRUE"""	"-1"	"-1"	"-1"	"-1"	"-1"	"-1"	"""Prominence of words"""	""""""	"""33"""	"""m"""	"9"	"0"	"2"	"0"	"1"	"""5"""	"-1"
"What is he talking about? (1-2 mins)"	"Short and fun! A 1-2 minute word game about what someone is talking about."	"experiment, psychology, game"	"$0.25"	"Tue Jul 29 18:41:56 PDT 2014"	"300"	"0"	"0"	"300"	"Reviewable"	"NotReviewed"	"1 scales"	"600"	"60000"	"Tue Aug 05 18:41:56 PDT 2014"	"S31511"	"Approved"	""	"""Christmas tree"""	"""star"""	"0"	"-1"	"2"	"0"	"0"	"1"	"0"	"0"	"-1"	"-1"	"-1"	"""TRUE"""	"""target"""	"""TRUE"""	"-1"	"-1"	"-1"	"-1"	"-1"	"-1"	"""Bob likes to cut christams trees. He was only able to communicate one word. ( the actual survey was to see my judgement )"""	""""""	"""22"""	"""m"""	"8"	"0"	"0"	"2"	"1"	"""5"""	"-1"
"What is he talking about? (1-2 mins)"	"Short and fun! A 1-2 minute word game about what someone is talking about."	"experiment, psychology, game"	"$0.25"	"Tue Jul 29 18:41:56 PDT 2014"	"300"	"0"	"0"	"300"	"Reviewable"	"NotReviewed"	"1 scales"	"600"	"60000"	"Tue Aug 05 18:41:56 PDT 2014"	"S55338"	"Approved"	""	"""snowman"""	"""hat"""	"0"	"-1"	"2"	"0"	"0"	"1"	"0"	"0"	"-1"	"-1"	"-1"	"""FALSE"""	"""distractor1"""	"""FALSE"""	"-1"	"-1"	"-1"	"-1"	"-1"	"-1"	"""bob saying one word"""	""""""	"""24"""	"""f"""	"8"	"0"	"0"	"2"	"1"	"""5"""	"-1"
"What is he talking about? (1-2 mins)"	"Short and fun! A 1-2 minute word game about what someone is talking about."	"experiment, psychology, game"	"$0.25"	"Tue Jul 29 18:41:56 PDT 2014"	"300"	"0"	"0"	"300"	"Reviewable"	"NotReviewed"	"1 scales"	"600"	"60000"	"Tue Aug 05 18:41:56 PDT 2014"	"S36035"	"Approved"	""	"""snowman"""	"""hat"""	"0"	"-1"	"1"	"0"	"0"	"1"	"0"	"0"	"-1"	"-1"	"-1"	"""TRUE"""	"""target"""	"""TRUE"""	"-1"	"-1"	"-1"	"-1"	"-1"	"-1"	"""Finding the snowman that Bob made"""	""""""	"""20"""	"""m"""	"20"	"0"	"2"	"0"	"1"	"""5"""	"-1"
"What is he talking about? (1-2 mins)"	"Short and fun! A 1-2 minute word game about what someone is talking about."	"experiment, psychology, game"	"$0.25"	"Tue Jul 29 18:41:56 PDT 2014"	"300"	"0"	"0"	"300"	"Reviewable"	"NotReviewed"	"1 scales"	"600"	"60000"	"Tue Aug 05 18:41:56 PDT 2014"	"S73877"	"Approved"	""	"""boat"""	"""sail"""	"0"	"-1"	"2"	"0"	"0"	"1"	"0"	"0"	"-1"	"-1"	"-1"	"""TRUE"""	"""target"""	"""TRUE"""	"-1"	"-1"	"-1"	"-1"	"-1"	"-1"	"""This was about sailing."""	"""Thanks!"""	"""20"""	"""m"""	"8"	"0"	"2"	"1"	"0"	"""5"""	"-1"
"What is he talking about? (1-2 mins)"	"Short and fun! A 1-2 minute word game about what someone is talking about."	"experiment, psychology, game"	"$0.25"	"Tue Jul 29 18:41:56 PDT 2014"	"300"	"0"	"0"	"300"	"Reviewable"	"NotReviewed"	"1 scales"	"600"	"60000"	"Tue Aug 05 18:41:56 PDT 2014"	"S07287"	"Approved"	""	"""snowman"""	"""scarf"""	"0"	"-1"	"1"	"0"	"0"	"1"	"0"	"0"	"-1"	"-1"	"-1"	"""TRUE"""	"""target"""	"""TRUE"""	"-1"	"-1"	"-1"	"-1"	"-1"	"-1"	"""communication"""	"""none"""	"""33"""	"""m"""	"12"	"0"	"2"	"0"	"1"	"""5"""	"-1"
"What is he talking about? (1-2 mins)"	"Short and fun! A 1-2 minute word game about what someone is talking about."	"experiment, psychology, game"	"$0.25"	"Tue Jul 29 18:41:56 PDT 2014"	"300"	"0"	"0"	"300"	"Reviewable"	"NotReviewed"	"1 scales"	"600"	"60000"	"Tue Aug 05 18:41:56 PDT 2014"	"S15953"	"Approved"	""	"""friend"""	"""mustache"""	"0"	"-1"	"1"	"0"	"0"	"1"	"0"	"0"	"-1"	"-1"	"-1"	"""TRUE"""	"""distractor1"""	"""FALSE"""	"-1"	"-1"	"-1"	"-1"	"-1"	"-1"	"""I am unsure"""	"""Thank you"""	"""34"""	"""f"""	"17"	"0"	"2"	"1"	"0"	"""5"""	"-1"
"What is he talking about? (1-2 mins)"	"Short and fun! A 1-2 minute word game about what someone is talking about."	"experiment, psychology, game"	"$0.25"	"Tue Jul 29 18:41:56 PDT 2014"	"300"	"0"	"0"	"300"	"Reviewable"	"NotReviewed"	"1 scales"	"600"	"60000"	"Tue Aug 05 18:41:56 PDT 2014"	"S82512"	"Approved"	""	"""Christmas tree"""	"""ornaments"""	"0"	"-1"	"2"	"0"	"0"	"1"	"0"	"0"	"-1"	"-1"	"-1"	"""TRUE"""	"""distractor2"""	"""FALSE"""	"-1"	"-1"	"-1"	"-1"	"-1"	"-1"	"""Bob trimming a christmas tree"""	""""""	""""""	""""""	"19"	"0"	"1"	"0"	"2"	"""5"""	"-1"
"What is he talking about? (1-2 mins)"	"Short and fun! A 1-2 minute word game about what someone is talking about."	"experiment, psychology, game"	"$0.25"	"Tue Jul 29 18:41:56 PDT 2014"	"300"	"0"	"0"	"300"	"Reviewable"	"NotReviewed"	"1 scales"	"600"	"60000"	"Tue Aug 05 18:41:56 PDT 2014"	"S67299"	"Approved"	""	"""friend"""	"""mustache"""	"0"	"-1"	"1"	"0"	"0"	"1"	"0"	"0"	"-1"	"-1"	"-1"	"""TRUE"""	"""target"""	"""TRUE"""	"-1"	"-1"	"-1"	"-1"	"-1"	"-1"	"""Someone Bob met"""	""""""	"""39"""	"""m"""	"12"	"0"	"0"	"1"	"2"	"""5"""	"-1"
"What is he talking about? (1-2 mins)"	"Short and fun! A 1-2 minute word game about what someone is talking about."	"experiment, psychology, game"	"$0.25"	"Tue Jul 29 18:41:56 PDT 2014"	"300"	"0"	"0"	"300"	"Reviewable"	"NotReviewed"	"1 scales"	"600"	"60000"	"Tue Aug 05 18:41:56 PDT 2014"	"S90073"	"Approved"	""	"""Christmas tree"""	"""presents"""	"0"	"-1"	"1"	"0"	"0"	"1"	"0"	"0"	"-1"	"-1"	"-1"	"""TRUE"""	"""distractor3"""	"""FALSE"""	"-1"	"-1"	"-1"	"-1"	"-1"	"-1"	"""Which christmas tree do you think Bob is referring to?"""	""""""	"""22"""	"""f"""	"20"	"0"	"1"	"2"	"0"	"""5"""	"-1"
"What is he talking about? (1-2 mins)"	"Short and fun! A 1-2 minute word game about what someone is talking about."	"experiment, psychology, game"	"$0.25"	"Tue Jul 29 18:41:56 PDT 2014"	"300"	"0"	"0"	"300"	"Reviewable"	"NotReviewed"	"1 scales"	"600"	"60000"	"Tue Aug 05 18:41:56 PDT 2014"	"S73215"	"Approved"	""	"""boat"""	"""cabin"""	"0"	"-1"	"1"	"0"	"0"	"1"	"0"	"0"	"-1"	"-1"	"-1"	"""TRUE"""	"""target"""	"""TRUE"""	"-1"	"-1"	"-1"	"-1"	"-1"	"-1"	"""Boats"""	""""""	"""28"""	"""m"""	"12"	"0"	"1"	"0"	"2"	"""5"""	"-1"
"What is he talking about? (1-2 mins)"	"Short and fun! A 1-2 minute word game about what someone is talking about."	"experiment, psychology, game"	"$0.25"	"Tue Jul 29 18:41:56 PDT 2014"	"300"	"0"	"0"	"300"	"Reviewable"	"NotReviewed"	"1 scales"	"600"	"60000"	"Tue Aug 05 18:41:56 PDT 2014"	"S27352"	"Approved"	""	"""friend"""	"""bowtie"""	"0"	"-1"	"2"	"0"	"0"	"1"	"0"	"0"	"-1"	"-1"	"-1"	"""TRUE"""	"""distractor1"""	"""FALSE"""	"-1"	"-1"	"-1"	"-1"	"-1"	"-1"	"""Bob"""	"""Nope!  Thanks!"""	"""34"""	"""m"""	"16"	"0"	"0"	"1"	"2"	"""5"""	"-1"
"What is he talking about? (1-2 mins)"	"Short and fun! A 1-2 minute word game about what someone is talking about."	"experiment, psychology, game"	"$0.25"	"Tue Jul 29 18:41:56 PDT 2014"	"300"	"0"	"0"	"300"	"Reviewable"	"NotReviewed"	"1 scales"	"600"	"60000"	"Tue Aug 05 18:41:56 PDT 2014"	"S05985"	"Approved"	""	"""boat"""	"""cabin"""	"0"	"-1"	"2"	"0"	"0"	"1"	"0"	"0"	"-1"	"-1"	"-1"	"""TRUE"""	"""target"""	"""TRUE"""	"-1"	"-1"	"-1"	"-1"	"-1"	"-1"	"""Choosing the boat that best fits the description"""	"""Interesting concept, also fun"""	"""21"""	"""m"""	"8"	"0"	"0"	"2"	"1"	"""5"""	"-1"
"What is he talking about? (1-2 mins)"	"Short and fun! A 1-2 minute word game about what someone is talking about."	"experiment, psychology, game"	"$0.25"	"Tue Jul 29 18:41:56 PDT 2014"	"300"	"0"	"0"	"300"	"Reviewable"	"NotReviewed"	"1 scales"	"600"	"60000"	"Tue Aug 05 18:41:56 PDT 2014"	"S77401"	"Approved"	""	"""boat"""	"""sail"""	"0"	"-1"	"1"	"0"	"0"	"1"	"0"	"0"	"-1"	"-1"	"-1"	"""TRUE"""	"""distractor3"""	"""FALSE"""	"-1"	"-1"	"-1"	"-1"	"-1"	"-1"	"""Identifying the word \""sail\"" with one of 4 boats"""	"""No comments."""	"""25"""	"""M"""	"12"	"0"	"0"	"1"	"2"	"""5"""	"-1"
"What is he talking about? (1-2 mins)"	"Short and fun! A 1-2 minute word game about what someone is talking about."	"experiment, psychology, game"	"$0.25"	"Tue Jul 29 18:41:56 PDT 2014"	"300"	"0"	"0"	"300"	"Reviewable"	"NotReviewed"	"1 scales"	"600"	"60000"	"Tue Aug 05 18:41:56 PDT 2014"	"S83713"	"Approved"	""	"""sundae"""	"""chocolate"""	"0"	"-1"	"1"	"0"	"0"	"1"	"0"	"0"	"-1"	"-1"	"-1"	"""TRUE"""	"""target"""	"""TRUE"""	"-1"	"-1"	"-1"	"-1"	"-1"	"-1"	"""Language"""	""""""	"""41"""	"""m"""	"9"	"0"	"1"	"0"	"2"	"""5"""	"-1"
"What is he talking about? (1-2 mins)"	"Short and fun! A 1-2 minute word game about what someone is talking about."	"experiment, psychology, game"	"$0.25"	"Tue Jul 29 18:41:56 PDT 2014"	"300"	"0"	"0"	"300"	"Reviewable"	"NotReviewed"	"1 scales"	"600"	"60000"	"Tue Aug 05 18:41:56 PDT 2014"	"S20656"	"Approved"	""	"""sundae"""	"""whipped cream"""	"0"	"-1"	"1"	"0"	"0"	"1"	"0"	"0"	"-1"	"-1"	"-1"	"""TRUE"""	"""target"""	"""TRUE"""	"-1"	"-1"	"-1"	"-1"	"-1"	"-1"	"""ice cream"""	""""""	"""24"""	"""m"""	"12"	"0"	"2"	"0"	"1"	"""5"""	"-1"
"What is he talking about? (1-2 mins)"	"Short and fun! A 1-2 minute word game about what someone is talking about."	"experiment, psychology, game"	"$0.25"	"Tue Jul 29 18:41:56 PDT 2014"	"300"	"0"	"0"	"300"	"Reviewable"	"NotReviewed"	"1 scales"	"600"	"60000"	"Tue Aug 05 18:41:56 PDT 2014"	"S10286"	"Approved"	""	"""snowman"""	"""scarf"""	"0"	"-1"	"1"	"0"	"0"	"1"	"0"	"0"	"-1"	"-1"	"-1"	"""TRUE"""	"""target"""	"""TRUE"""	"-1"	"-1"	"-1"	"-1"	"-1"	"-1"	"""bobs building snowmen"""	"""no"""	"""21"""	"""f"""	"12"	"0"	"0"	"2"	"1"	"""5"""	"-1"
"What is he talking about? (1-2 mins)"	"Short and fun! A 1-2 minute word game about what someone is talking about."	"experiment, psychology, game"	"$0.25"	"Tue Jul 29 18:41:56 PDT 2014"	"300"	"0"	"0"	"300"	"Reviewable"	"NotReviewed"	"1 scales"	"600"	"60000"	"Tue Aug 05 18:41:56 PDT 2014"	"S23412"	"Approved"	""	"""snowman"""	"""scarf"""	"0"	"-1"	"2"	"0"	"0"	"1"	"0"	"0"	"-1"	"-1"	"-1"	"""TRUE"""	"""distractor2"""	"""FALSE"""	"-1"	"-1"	"-1"	"-1"	"-1"	"-1"	"""choosing a snowman bob was talking about"""	""""""	"""25"""	"""m"""	"19"	"0"	"2"	"1"	"0"	"""5"""	"-1"
"What is he talking about? (1-2 mins)"	"Short and fun! A 1-2 minute word game about what someone is talking about."	"experiment, psychology, game"	"$0.25"	"Tue Jul 29 18:41:56 PDT 2014"	"300"	"0"	"0"	"300"	"Reviewable"	"NotReviewed"	"1 scales"	"600"	"60000"	"Tue Aug 05 18:41:56 PDT 2014"	"S10688"	"Approved"	""	"""friend"""	"""mustache"""	"0"	"-1"	"1"	"0"	"0"	"1"	"0"	"0"	"-1"	"-1"	"-1"	"""TRUE"""	"""target"""	"""TRUE"""	"-1"	"-1"	"-1"	"-1"	"-1"	"-1"	"""the guy visits his friend on sunday but can only say mustache"""	"""I really cannot remember his name, oops!"""	"""20"""	"""f"""	"17"	"0"	"2"	"0"	"1"	"""5"""	"-1"
"What is he talking about? (1-2 mins)"	"Short and fun! A 1-2 minute word game about what someone is talking about."	"experiment, psychology, game"	"$0.25"	"Tue Jul 29 18:41:56 PDT 2014"	"300"	"0"	"0"	"300"	"Reviewable"	"NotReviewed"	"1 scales"	"600"	"60000"	"Tue Aug 05 18:41:56 PDT 2014"	"S35160"	"Approved"	""	"""Christmas tree"""	"""ornaments"""	"0"	"-1"	"1"	"0"	"0"	"1"	"0"	"0"	"-1"	"-1"	"-1"	"""TRUE"""	"""target"""	"""TRUE"""	"-1"	"-1"	"-1"	"-1"	"-1"	"-1"	"""Bob and his Christmas trees"""	""""""	"""35"""	"""m"""	"17"	"0"	"2"	"1"	"0"	"""5"""	"-1"
"What is he talking about? (1-2 mins)"	"Short and fun! A 1-2 minute word game about what someone is talking about."	"experiment, psychology, game"	"$0.25"	"Tue Jul 29 18:41:56 PDT 2014"	"300"	"0"	"0"	"300"	"Reviewable"	"NotReviewed"	"1 scales"	"600"	"60000"	"Tue Aug 05 18:41:56 PDT 2014"	"S49802"	"Approved"	""	"""pizza"""	"""mushrooms"""	"0"	"-1"	"2"	"0"	"0"	"1"	"0"	"0"	"-1"	"-1"	"-1"	"""TRUE"""	"""target"""	"""TRUE"""	"-1"	"-1"	"-1"	"-1"	"-1"	"-1"	"""unsure"""	""""""	"""30"""	"""m"""	"8"	"0"	"2"	"0"	"1"	"""5"""	"-1"
"What is he talking about? (1-2 mins)"	"Short and fun! A 1-2 minute word game about what someone is talking about."	"experiment, psychology, game"	"$0.25"	"Tue Jul 29 18:41:56 PDT 2014"	"300"	"0"	"0"	"300"	"Reviewable"	"NotReviewed"	"1 scales"	"600"	"60000"	"Tue Aug 05 18:41:56 PDT 2014"	"S90061"	"Approved"	""	"""pizza"""	"""olives"""	"0"	"-1"	"1"	"0"	"0"	"1"	"0"	"0"	"-1"	"-1"	"-1"	"""TRUE"""	"""target"""	"""TRUE"""	"-1"	"-1"	"-1"	"-1"	"-1"	"-1"	"""How we make decisions with limited information"""	"""No"""	"""20"""	"""m"""	"9"	"0"	"0"	"2"	"1"	"""5"""	"-1"
"What is he talking about? (1-2 mins)"	"Short and fun! A 1-2 minute word game about what someone is talking about."	"experiment, psychology, game"	"$0.25"	"Tue Jul 29 18:41:56 PDT 2014"	"300"	"0"	"0"	"300"	"Reviewable"	"NotReviewed"	"1 scales"	"600"	"60000"	"Tue Aug 05 18:41:56 PDT 2014"	"S86183"	"Approved"	""	"""snowman"""	"""hat"""	"0"	"-1"	"2"	"0"	"0"	"1"	"0"	"0"	"-1"	"-1"	"-1"	"""TRUE"""	"""distractor2"""	"""FALSE"""	"-1"	"-1"	"-1"	"-1"	"-1"	"-1"	"""Not sure. """	"""No."""	""""""	""""""	"8"	"0"	"2"	"0"	"1"	"""5"""	"-1"
"What is he talking about? (1-2 mins)"	"Short and fun! A 1-2 minute word game about what someone is talking about."	"experiment, psychology, game"	"$0.25"	"Tue Jul 29 18:41:56 PDT 2014"	"300"	"0"	"0"	"300"	"Reviewable"	"NotReviewed"	"1 scales"	"600"	"60000"	"Tue Aug 05 18:41:56 PDT 2014"	"S44899"	"Approved"	""	"""friend"""	"""hat"""	"0"	"-1"	"2"	"0"	"0"	"1"	"0"	"0"	"-1"	"-1"	"-1"	"""TRUE"""	"""target"""	"""TRUE"""	"-1"	"-1"	"-1"	"-1"	"-1"	"-1"	"""Correlating a word to an image"""	"""None"""	"""26"""	"""m"""	"8"	"0"	"2"	"0"	"1"	"""5"""	"-1"
"What is he talking about? (1-2 mins)"	"Short and fun! A 1-2 minute word game about what someone is talking about."	"experiment, psychology, game"	"$0.25"	"Tue Jul 29 18:41:56 PDT 2014"	"300"	"0"	"0"	"300"	"Reviewable"	"NotReviewed"	"1 scales"	"600"	"60000"	"Tue Aug 05 18:41:56 PDT 2014"	"S11496"	"Approved"	""	"""boat"""	"""motor"""	"0"	"-1"	"2"	"0"	"0"	"1"	"0"	"0"	"-1"	"-1"	"-1"	"""TRUE"""	"""distractor2"""	"""FALSE"""	"-1"	"-1"	"-1"	"-1"	"-1"	"-1"	"""Bob and a boat"""	"""Thank you for the survey!"""	"""48"""	"""M"""	"11"	"0"	"0"	"1"	"2"	"""5"""	"-1"
"What is he talking about? (1-2 mins)"	"Short and fun! A 1-2 minute word game about what someone is talking about."	"experiment, psychology, game"	"$0.25"	"Tue Jul 29 18:41:56 PDT 2014"	"300"	"0"	"0"	"300"	"Reviewable"	"NotReviewed"	"1 scales"	"600"	"60000"	"Tue Aug 05 18:41:56 PDT 2014"	"S14530"	"Approved"	""	"""sundae"""	"""cherry"""	"0"	"-1"	"1"	"0"	"0"	"1"	"0"	"0"	"-1"	"-1"	"-1"	"""TRUE"""	"""target"""	"""TRUE"""	"-1"	"-1"	"-1"	"-1"	"-1"	"-1"	"""Which sundae bob was talking about"""	"""No"""	"""31"""	"""m"""	"12"	"0"	"1"	"2"	"0"	"""5"""	"-1"
"What is he talking about? (1-2 mins)"	"Short and fun! A 1-2 minute word game about what someone is talking about."	"experiment, psychology, game"	"$0.25"	"Tue Jul 29 18:41:56 PDT 2014"	"300"	"0"	"0"	"300"	"Reviewable"	"NotReviewed"	"1 scales"	"600"	"60000"	"Tue Aug 05 18:41:56 PDT 2014"	"S08106"	"Approved"	""	"""boat"""	"""cabin"""	"0"	"-1"	"1"	"0"	"0"	"1"	"0"	"0"	"-1"	"-1"	"-1"	"""TRUE"""	"""distractor3"""	"""FALSE"""	"-1"	"-1"	"-1"	"-1"	"-1"	"-1"	"""Bob who liked to sail and could only communicate in one word and i had to figure out through the drawings the meaning of that one word."""	""""""	"""28"""	"""f"""	"12"	"0"	"2"	"0"	"1"	"""5"""	"-1"
"What is he talking about? (1-2 mins)"	"Short and fun! A 1-2 minute word game about what someone is talking about."	"experiment, psychology, game"	"$0.25"	"Tue Jul 29 18:41:56 PDT 2014"	"300"	"0"	"0"	"300"	"Reviewable"	"NotReviewed"	"1 scales"	"600"	"60000"	"Tue Aug 05 18:41:56 PDT 2014"	"S17276"	"Approved"	""	"""friend"""	"""glasses"""	"0"	"-1"	"2"	"0"	"0"	"1"	"0"	"0"	"-1"	"-1"	"-1"	"""TRUE"""	"""target"""	"""TRUE"""	"-1"	"-1"	"-1"	"-1"	"-1"	"-1"	"""bob choosing his friend with glasses, so i chose only glasses!"""	"""fun!"""	"""24"""	"""f"""	"16"	"0"	"0"	"1"	"2"	"""5"""	"-1"
"What is he talking about? (1-2 mins)"	"Short and fun! A 1-2 minute word game about what someone is talking about."	"experiment, psychology, game"	"$0.25"	"Tue Jul 29 18:41:56 PDT 2014"	"300"	"0"	"0"	"300"	"Reviewable"	"NotReviewed"	"1 scales"	"600"	"60000"	"Tue Aug 05 18:41:56 PDT 2014"	"S60747"	"Approved"	""	"""pizza"""	"""mushrooms"""	"0"	"-1"	"2"	"0"	"0"	"1"	"0"	"0"	"-1"	"-1"	"-1"	"""TRUE"""	"""target"""	"""TRUE"""	"-1"	"-1"	"-1"	"-1"	"-1"	"-1"	"""Bob likes Pizza and can only say \""mushrooms\"" which pizza represents that best?"""	"""No, but that was a fun survey."""	"""27"""	"""m"""	"11"	"0"	"0"	"1"	"2"	"""5"""	"-1"
"What is he talking about? (1-2 mins)"	"Short and fun! A 1-2 minute word game about what someone is talking about."	"experiment, psychology, game"	"$0.25"	"Tue Jul 29 18:41:56 PDT 2014"	"300"	"0"	"0"	"300"	"Reviewable"	"NotReviewed"	"1 scales"	"600"	"60000"	"Tue Aug 05 18:41:56 PDT 2014"	"S35223"	"Approved"	""	"""friend"""	"""glasses"""	"0"	"-1"	"2"	"0"	"0"	"1"	"0"	"0"	"-1"	"-1"	"-1"	"""TRUE"""	"""distractor2"""	"""FALSE"""	"-1"	"-1"	"-1"	"-1"	"-1"	"-1"	"""Identifying his friend"""	""""""	"""23"""	"""m"""	"16"	"0"	"0"	"2"	"1"	"""5"""	"-1"
"What is he talking about? (1-2 mins)"	"Short and fun! A 1-2 minute word game about what someone is talking about."	"experiment, psychology, game"	"$0.25"	"Tue Jul 29 18:41:56 PDT 2014"	"300"	"0"	"0"	"300"	"Reviewable"	"NotReviewed"	"1 scales"	"600"	"60000"	"Tue Aug 05 18:41:56 PDT 2014"	"S84147"	"Approved"	""	"""pizza"""	"""mushrooms"""	"0"	"-1"	"1"	"0"	"0"	"1"	"0"	"0"	"-1"	"-1"	"-1"	"""TRUE"""	"""target"""	"""TRUE"""	"-1"	"-1"	"-1"	"-1"	"-1"	"-1"	"""Pizza"""	""""""	"""28"""	"""m"""	"20"	"0"	"1"	"2"	"0"	"""5"""	"-1"
"What is he talking about? (1-2 mins)"	"Short and fun! A 1-2 minute word game about what someone is talking about."	"experiment, psychology, game"	"$0.25"	"Tue Jul 29 18:41:56 PDT 2014"	"300"	"0"	"0"	"300"	"Reviewable"	"NotReviewed"	"1 scales"	"600"	"60000"	"Tue Aug 05 18:41:56 PDT 2014"	"S59582"	"Approved"	""	"""sundae"""	"""cherry"""	"0"	"-1"	"2"	"0"	"0"	"1"	"0"	"0"	"-1"	"-1"	"-1"	"""TRUE"""	"""distractor2"""	"""FALSE"""	"-1"	"-1"	"-1"	"-1"	"-1"	"-1"	"""Sundaes"""	""""""	""""""	""""""	"11"	"0"	"2"	"1"	"0"	"""5"""	"-1"
"What is he talking about? (1-2 mins)"	"Short and fun! A 1-2 minute word game about what someone is talking about."	"experiment, psychology, game"	"$0.25"	"Tue Jul 29 18:41:56 PDT 2014"	"300"	"0"	"0"	"300"	"Reviewable"	"NotReviewed"	"1 scales"	"600"	"60000"	"Tue Aug 05 18:41:56 PDT 2014"	"S74682"	"Approved"	""	"""sundae"""	"""whipped cream"""	"0"	"-1"	"2"	"0"	"0"	"1"	"0"	"0"	"-1"	"-1"	"-1"	"""TRUE"""	"""target"""	"""TRUE"""	"-1"	"-1"	"-1"	"-1"	"-1"	"-1"	"""Perception based on a small word statement"""	"""No additional comments"""	"""28"""	"""m"""	"19"	"0"	"2"	"0"	"1"	"""5"""	"-1"
"What is he talking about? (1-2 mins)"	"Short and fun! A 1-2 minute word game about what someone is talking about."	"experiment, psychology, game"	"$0.25"	"Tue Jul 29 18:41:56 PDT 2014"	"300"	"0"	"0"	"300"	"Reviewable"	"NotReviewed"	"1 scales"	"600"	"60000"	"Tue Aug 05 18:41:56 PDT 2014"	"S51449"	"Approved"	""	"""pizza"""	"""olives"""	"0"	"-1"	"1"	"0"	"0"	"1"	"0"	"0"	"-1"	"-1"	"-1"	"""FALSE"""	"""target"""	"""TRUE"""	"-1"	"-1"	"-1"	"-1"	"-1"	"-1"	"""pizza"""	"""no"""	"""40"""	"""m"""	"9"	"0"	"2"	"1"	"0"	"""5"""	"-1"
"What is he talking about? (1-2 mins)"	"Short and fun! A 1-2 minute word game about what someone is talking about."	"experiment, psychology, game"	"$0.25"	"Tue Jul 29 18:41:56 PDT 2014"	"300"	"0"	"0"	"300"	"Reviewable"	"NotReviewed"	"1 scales"	"600"	"60000"	"Tue Aug 05 18:41:56 PDT 2014"	"S64290"	"Approved"	""	"""boat"""	"""flag"""	"0"	"-1"	"2"	"0"	"0"	"1"	"0"	"0"	"-1"	"-1"	"-1"	"""FALSE"""	"""distractor1"""	"""FALSE"""	"-1"	"-1"	"-1"	"-1"	"-1"	"-1"	"""Guessing which boat"""	"""No"""	""""""	"""M"""	"19"	"0"	"0"	"2"	"1"	"""5"""	"-1"
"What is he talking about? (1-2 mins)"	"Short and fun! A 1-2 minute word game about what someone is talking about."	"experiment, psychology, game"	"$0.25"	"Tue Jul 29 18:41:56 PDT 2014"	"300"	"0"	"0"	"300"	"Reviewable"	"NotReviewed"	"1 scales"	"600"	"60000"	"Tue Aug 05 18:41:56 PDT 2014"	"S60110"	"Approved"	""	"""snowman"""	"""hat"""	"0"	"-1"	"2"	"0"	"0"	"1"	"0"	"0"	"-1"	"-1"	"-1"	"""TRUE"""	"""target"""	"""TRUE"""	"-1"	"-1"	"-1"	"-1"	"-1"	"-1"	"""Trying to decipher what someone is trying to communicate with you based off of the only one word they can say."""	"""I chose B because that snowman had no other accessories on (i.e. scarf, belt)."""	"""38"""	"""f"""	"16"	"0"	"2"	"1"	"0"	"""5"""	"-1"
"What is he talking about? (1-2 mins)"	"Short and fun! A 1-2 minute word game about what someone is talking about."	"experiment, psychology, game"	"$0.25"	"Tue Jul 29 18:41:56 PDT 2014"	"300"	"0"	"0"	"300"	"Reviewable"	"NotReviewed"	"1 scales"	"600"	"60000"	"Tue Aug 05 18:41:56 PDT 2014"	"S27769"	"Approved"	""	"""pizza"""	"""mushrooms"""	"0"	"-1"	"2"	"0"	"0"	"1"	"0"	"0"	"-1"	"-1"	"-1"	"""TRUE"""	"""target"""	"""TRUE"""	"-1"	"-1"	"-1"	"-1"	"-1"	"-1"	"""Communication"""	""""""	"""32"""	"""Female"""	"19"	"0"	"1"	"0"	"2"	"""5"""	"-1"
"What is he talking about? (1-2 mins)"	"Short and fun! A 1-2 minute word game about what someone is talking about."	"experiment, psychology, game"	"$0.25"	"Tue Jul 29 18:41:56 PDT 2014"	"300"	"0"	"0"	"300"	"Reviewable"	"NotReviewed"	"1 scales"	"600"	"60000"	"Tue Aug 05 18:41:56 PDT 2014"	"S82584"	"Approved"	""	"""friend"""	"""hat"""	"0"	"-1"	"1"	"0"	"0"	"1"	"0"	"0"	"-1"	"-1"	"-1"	"""TRUE"""	"""target"""	"""TRUE"""	"-1"	"-1"	"-1"	"-1"	"-1"	"-1"	"""Figuring out what bob is saying"""	""""""	"""20"""	"""female"""	"20"	"0"	"1"	"2"	"0"	"""5"""	"-1"
"What is he talking about? (1-2 mins)"	"Short and fun! A 1-2 minute word game about what someone is talking about."	"experiment, psychology, game"	"$0.25"	"Tue Jul 29 18:41:56 PDT 2014"	"300"	"0"	"0"	"300"	"Reviewable"	"NotReviewed"	"1 scales"	"600"	"60000"	"Tue Aug 05 18:41:56 PDT 2014"	"S62653"	"Approved"	""	"""friend"""	"""hat"""	"0"	"-1"	"1"	"0"	"0"	"1"	"0"	"0"	"-1"	"-1"	"-1"	"""TRUE"""	"""target"""	"""TRUE"""	"-1"	"-1"	"-1"	"-1"	"-1"	"-1"	"""Which person is Bob most likely to visit."""	""""""	"""31"""	"""male"""	"12"	"0"	"2"	"1"	"0"	"""5"""	"-1"
"What is he talking about? (1-2 mins)"	"Short and fun! A 1-2 minute word game about what someone is talking about."	"experiment, psychology, game"	"$0.25"	"Tue Jul 29 18:41:56 PDT 2014"	"300"	"0"	"0"	"300"	"Reviewable"	"NotReviewed"	"1 scales"	"600"	"60000"	"Tue Aug 05 18:41:56 PDT 2014"	"S27533"	"Approved"	""	"""snowman"""	"""belt"""	"0"	"-1"	"2"	"0"	"0"	"1"	"0"	"0"	"-1"	"-1"	"-1"	"""TRUE"""	"""target"""	"""TRUE"""	"-1"	"-1"	"-1"	"-1"	"-1"	"-1"	"""communication and understanding"""	""""""	"""28"""	"""f"""	"16"	"0"	"2"	"0"	"1"	"""5"""	"-1"
"What is he talking about? (1-2 mins)"	"Short and fun! A 1-2 minute word game about what someone is talking about."	"experiment, psychology, game"	"$0.25"	"Tue Jul 29 18:41:56 PDT 2014"	"300"	"0"	"0"	"300"	"Reviewable"	"NotReviewed"	"1 scales"	"600"	"60000"	"Tue Aug 05 18:41:56 PDT 2014"	"S05149"	"Approved"	""	"""pizza"""	"""mushrooms"""	"0"	"-1"	"2"	"0"	"0"	"1"	"0"	"0"	"-1"	"-1"	"-1"	"""TRUE"""	"""target"""	"""TRUE"""	"-1"	"-1"	"-1"	"-1"	"-1"	"-1"	"""decisions"""	"""interesting survey"""	"""32"""	"""m"""	"11"	"0"	"1"	"2"	"0"	"""5"""	"-1"
"What is he talking about? (1-2 mins)"	"Short and fun! A 1-2 minute word game about what someone is talking about."	"experiment, psychology, game"	"$0.25"	"Tue Jul 29 18:41:56 PDT 2014"	"300"	"0"	"0"	"300"	"Reviewable"	"NotReviewed"	"1 scales"	"600"	"60000"	"Tue Aug 05 18:41:56 PDT 2014"	"S96688"	"Approved"	""	"""Christmas tree"""	"""presents"""	"0"	"-1"	"1"	"0"	"0"	"1"	"0"	"0"	"-1"	"-1"	"-1"	"""TRUE"""	"""distractor3"""	"""FALSE"""	"-1"	"-1"	"-1"	"-1"	"-1"	"-1"	"""which tree we think bob means"""	"""none"""	"""25"""	"""m"""	"20"	"0"	"1"	"2"	"0"	"""5"""	"-1"
"What is he talking about? (1-2 mins)"	"Short and fun! A 1-2 minute word game about what someone is talking about."	"experiment, psychology, game"	"$0.25"	"Tue Jul 29 18:41:56 PDT 2014"	"300"	"0"	"0"	"300"	"Reviewable"	"NotReviewed"	"1 scales"	"600"	"60000"	"Tue Aug 05 18:41:56 PDT 2014"	"S91376"	"Approved"	""	"""pizza"""	"""mushrooms"""	"0"	"-1"	"2"	"0"	"0"	"1"	"0"	"0"	"-1"	"-1"	"-1"	"""TRUE"""	"""target"""	"""TRUE"""	"-1"	"-1"	"-1"	"-1"	"-1"	"-1"	"""Communication"""	""""""	"""30"""	"""m"""	"8"	"0"	"1"	"0"	"2"	"""5"""	"-1"
"What is he talking about? (1-2 mins)"	"Short and fun! A 1-2 minute word game about what someone is talking about."	"experiment, psychology, game"	"$0.25"	"Tue Jul 29 18:41:56 PDT 2014"	"300"	"0"	"0"	"300"	"Reviewable"	"NotReviewed"	"1 scales"	"600"	"60000"	"Tue Aug 05 18:41:56 PDT 2014"	"S25585"	"Approved"	""	"""sundae"""	"""chocolate"""	"0"	"-1"	"1"	"0"	"0"	"1"	"0"	"0"	"-1"	"-1"	"-1"	"""TRUE"""	"""target"""	"""TRUE"""	"-1"	"-1"	"-1"	"-1"	"-1"	"-1"	"""Bob and his sundaes"""	""""""	"""23"""	"""f"""	"12"	"0"	"2"	"1"	"0"	"""5"""	"-1"
"What is he talking about? (1-2 mins)"	"Short and fun! A 1-2 minute word game about what someone is talking about."	"experiment, psychology, game"	"$0.25"	"Tue Jul 29 18:41:56 PDT 2014"	"300"	"0"	"0"	"300"	"Reviewable"	"NotReviewed"	"1 scales"	"600"	"60000"	"Tue Aug 05 18:41:56 PDT 2014"	"S67063"	"Approved"	""	"""boat"""	"""motor"""	"0"	"-1"	"2"	"0"	"0"	"1"	"0"	"0"	"-1"	"-1"	"-1"	"""FALSE"""	"""distractor1"""	"""FALSE"""	"-1"	"-1"	"-1"	"-1"	"-1"	"-1"	"""What I thought people were talking about. """	"""No"""	"""20"""	"""f"""	"11"	"0"	"0"	"1"	"2"	"""5"""	"-1"
"What is he talking about? (1-2 mins)"	"Short and fun! A 1-2 minute word game about what someone is talking about."	"experiment, psychology, game"	"$0.25"	"Tue Jul 29 18:41:56 PDT 2014"	"300"	"0"	"0"	"300"	"Reviewable"	"NotReviewed"	"1 scales"	"600"	"60000"	"Tue Aug 05 18:41:56 PDT 2014"	"S97361"	"Approved"	""	"""sundae"""	"""cherry"""	"0"	"-1"	"2"	"0"	"0"	"1"	"0"	"0"	"-1"	"-1"	"-1"	"""TRUE"""	"""distractor2"""	"""FALSE"""	"-1"	"-1"	"-1"	"-1"	"-1"	"-1"	"""The type of sundays Bob has eaten"""	"""I picked my option because it was the most visually appealing, even though they all had \""cherries\""."""	"""32"""	"""m"""	"19"	"0"	"2"	"1"	"0"	"""5"""	"-1"
"What is he talking about? (1-2 mins)"	"Short and fun! A 1-2 minute word game about what someone is talking about."	"experiment, psychology, game"	"$0.25"	"Tue Jul 29 18:41:56 PDT 2014"	"300"	"0"	"0"	"300"	"Reviewable"	"NotReviewed"	"1 scales"	"600"	"60000"	"Tue Aug 05 18:41:56 PDT 2014"	"S00708"	"Approved"	""	"""Christmas tree"""	"""star"""	"0"	"-1"	"1"	"0"	"0"	"1"	"0"	"0"	"-1"	"-1"	"-1"	"""TRUE"""	"""distractor3"""	"""FALSE"""	"-1"	"-1"	"-1"	"-1"	"-1"	"-1"	"""Communication"""	"""no"""	"""34"""	"""m"""	"12"	"0"	"0"	"2"	"1"	"""5"""	"-1"
"What is he talking about? (1-2 mins)"	"Short and fun! A 1-2 minute word game about what someone is talking about."	"experiment, psychology, game"	"$0.25"	"Tue Jul 29 18:41:56 PDT 2014"	"300"	"0"	"0"	"300"	"Reviewable"	"NotReviewed"	"1 scales"	"600"	"60000"	"Tue Aug 05 18:41:56 PDT 2014"	"S32002"	"Approved"	""	"""snowman"""	"""scarf"""	"0"	"-1"	"1"	"0"	"0"	"1"	"0"	"0"	"-1"	"-1"	"-1"	"""TRUE"""	"""target"""	"""TRUE"""	"-1"	"-1"	"-1"	"-1"	"-1"	"-1"	"""Language perception"""	""""""	"""23"""	"""m"""	"12"	"0"	"1"	"0"	"2"	"""5"""	"-1"
"What is he talking about? (1-2 mins)"	"Short and fun! A 1-2 minute word game about what someone is talking about."	"experiment, psychology, game"	"$0.25"	"Tue Jul 29 18:41:56 PDT 2014"	"300"	"0"	"0"	"300"	"Reviewable"	"NotReviewed"	"1 scales"	"600"	"60000"	"Tue Aug 05 18:41:56 PDT 2014"	"S65420"	"Approved"	""	"""sundae"""	"""chocolate"""	"0"	"-1"	"2"	"0"	"0"	"1"	"0"	"0"	"-1"	"-1"	"-1"	"""TRUE"""	"""target"""	"""TRUE"""	"-1"	"-1"	"-1"	"-1"	"-1"	"-1"	"""Making a decision on what Bob was referring to"""	""""""	"""27"""	"""f"""	"16"	"0"	"0"	"2"	"1"	"""5"""	"-1"
"What is he talking about? (1-2 mins)"	"Short and fun! A 1-2 minute word game about what someone is talking about."	"experiment, psychology, game"	"$0.25"	"Tue Jul 29 18:41:56 PDT 2014"	"300"	"0"	"0"	"300"	"Reviewable"	"NotReviewed"	"1 scales"	"600"	"60000"	"Tue Aug 05 18:41:56 PDT 2014"	"S70181"	"Approved"	""	"""pizza"""	"""mushrooms"""	"0"	"-1"	"2"	"0"	"0"	"1"	"0"	"0"	"-1"	"-1"	"-1"	"""TRUE"""	"""target"""	"""TRUE"""	"-1"	"-1"	"-1"	"-1"	"-1"	"-1"	"""How to decide things with only limited information"""	"""thank you"""	"""27"""	"""m"""	"19"	"0"	"2"	"1"	"0"	"""5"""	"-1"
"What is he talking about? (1-2 mins)"	"Short and fun! A 1-2 minute word game about what someone is talking about."	"experiment, psychology, game"	"$0.25"	"Tue Jul 29 18:41:56 PDT 2014"	"300"	"0"	"0"	"300"	"Reviewable"	"NotReviewed"	"1 scales"	"600"	"60000"	"Tue Aug 05 18:41:56 PDT 2014"	"S50352"	"Approved"	""	"""Christmas tree"""	"""star"""	"0"	"-1"	"2"	"0"	"0"	"1"	"0"	"0"	"-1"	"-1"	"-1"	"""TRUE"""	"""target"""	"""TRUE"""	"-1"	"-1"	"-1"	"-1"	"-1"	"-1"	"""he said one one star and we had to pick thexmas tree he had"""	"""nope"""	"""53"""	"""m"""	"8"	"0"	"1"	"0"	"2"	"""5"""	"-1"
"What is he talking about? (1-2 mins)"	"Short and fun! A 1-2 minute word game about what someone is talking about."	"experiment, psychology, game"	"$0.25"	"Tue Jul 29 18:41:56 PDT 2014"	"300"	"0"	"0"	"300"	"Reviewable"	"NotReviewed"	"1 scales"	"600"	"60000"	"Tue Aug 05 18:41:56 PDT 2014"	"S48037"	"Approved"	""	"""friend"""	"""glasses"""	"0"	"-1"	"2"	"0"	"0"	"1"	"0"	"0"	"-1"	"-1"	"-1"	"""TRUE"""	"""target"""	"""TRUE"""	"-1"	"-1"	"-1"	"-1"	"-1"	"-1"	"""Recognizing descriptors amongst a group."""	""""""	"""27"""	"""m"""	"11"	"0"	"0"	"2"	"1"	"""5"""	"-1"
"What is he talking about? (1-2 mins)"	"Short and fun! A 1-2 minute word game about what someone is talking about."	"experiment, psychology, game"	"$0.25"	"Tue Jul 29 18:41:56 PDT 2014"	"300"	"0"	"0"	"300"	"Reviewable"	"NotReviewed"	"1 scales"	"600"	"60000"	"Tue Aug 05 18:41:56 PDT 2014"	"S94989"	"Approved"	""	"""sundae"""	"""cherry"""	"0"	"-1"	"2"	"0"	"0"	"1"	"0"	"0"	"-1"	"-1"	"-1"	"""FALSE"""	"""target"""	"""TRUE"""	"-1"	"-1"	"-1"	"-1"	"-1"	"-1"	"""What Bob wanted"""	"""Thank you and good luck with your research"""	"""34"""	"""f"""	"16"	"0"	"0"	"2"	"1"	"""5"""	"-1"
"What is he talking about? (1-2 mins)"	"Short and fun! A 1-2 minute word game about what someone is talking about."	"experiment, psychology, game"	"$0.25"	"Tue Jul 29 18:41:56 PDT 2014"	"300"	"0"	"0"	"300"	"Reviewable"	"NotReviewed"	"1 scales"	"600"	"60000"	"Tue Aug 05 18:41:56 PDT 2014"	"S65250"	"Approved"	""	"""pizza"""	"""mushrooms"""	"0"	"-1"	"1"	"0"	"0"	"1"	"0"	"0"	"-1"	"-1"	"-1"	"""TRUE"""	"""target"""	"""TRUE"""	"-1"	"-1"	"-1"	"-1"	"-1"	"-1"	"""Bob who likes pizza."""	"""No."""	"""25"""	"""f"""	"20"	"0"	"2"	"1"	"0"	"""5"""	"-1"
"What is he talking about? (1-2 mins)"	"Short and fun! A 1-2 minute word game about what someone is talking about."	"experiment, psychology, game"	"$0.25"	"Tue Jul 29 18:41:56 PDT 2014"	"300"	"0"	"0"	"300"	"Reviewable"	"NotReviewed"	"1 scales"	"600"	"60000"	"Tue Aug 05 18:41:56 PDT 2014"	"S15158"	"Approved"	""	"""pizza"""	"""olives"""	"0"	"-1"	"1"	"0"	"0"	"1"	"0"	"0"	"-1"	"-1"	"-1"	"""TRUE"""	"""target"""	"""TRUE"""	"-1"	"-1"	"-1"	"-1"	"-1"	"-1"	"""words"""	""""""	"""32"""	"""m"""	"12"	"0"	"1"	"2"	"0"	"""5"""	"-1"
"What is he talking about? (1-2 mins)"	"Short and fun! A 1-2 minute word game about what someone is talking about."	"experiment, psychology, game"	"$0.25"	"Tue Jul 29 18:41:56 PDT 2014"	"300"	"0"	"0"	"300"	"Reviewable"	"NotReviewed"	"1 scales"	"600"	"60000"	"Tue Aug 05 18:41:56 PDT 2014"	"S23116"	"Approved"	""	"""snowman"""	"""scarf"""	"0"	"-1"	"1"	"0"	"0"	"1"	"0"	"0"	"-1"	"-1"	"-1"	"""TRUE"""	"""target"""	"""TRUE"""	"-1"	"-1"	"-1"	"-1"	"-1"	"-1"	"""judging meaning my limited communication"""	"""I chose scarf because that is how I would identify B... \""All would\"" be a better one for the one with all, including a scarf."""	"""23"""	"""m"""	"12"	"0"	"2"	"1"	"0"	"""5"""	"-1"
"What is he talking about? (1-2 mins)"	"Short and fun! A 1-2 minute word game about what someone is talking about."	"experiment, psychology, game"	"$0.25"	"Tue Jul 29 18:41:56 PDT 2014"	"300"	"0"	"0"	"300"	"Reviewable"	"NotReviewed"	"1 scales"	"600"	"60000"	"Tue Aug 05 18:41:56 PDT 2014"	"S21192"	"Approved"	""	"""boat"""	"""motor"""	"0"	"-1"	"1"	"0"	"0"	"1"	"0"	"0"	"-1"	"-1"	"-1"	"""TRUE"""	"""distractor2"""	"""FALSE"""	"-1"	"-1"	"-1"	"-1"	"-1"	"-1"	"""bob renting boat"""	"""great survey"""	"""22"""	"""m"""	"9"	"0"	"1"	"0"	"2"	"""5"""	"-1"
"What is he talking about? (1-2 mins)"	"Short and fun! A 1-2 minute word game about what someone is talking about."	"experiment, psychology, game"	"$0.25"	"Tue Jul 29 18:41:56 PDT 2014"	"300"	"0"	"0"	"300"	"Reviewable"	"NotReviewed"	"1 scales"	"600"	"60000"	"Tue Aug 05 18:41:56 PDT 2014"	"S19714"	"Approved"	""	"""snowman"""	"""mittens"""	"0"	"-1"	"2"	"0"	"0"	"1"	"0"	"0"	"-1"	"-1"	"-1"	"""TRUE"""	"""distractor1"""	"""FALSE"""	"-1"	"-1"	"-1"	"-1"	"-1"	"-1"	"""A snowman with mittens"""	""""""	"""27"""	"""m"""	"8"	"0"	"2"	"0"	"1"	"""5"""	"-1"
"What is he talking about? (1-2 mins)"	"Short and fun! A 1-2 minute word game about what someone is talking about."	"experiment, psychology, game"	"$0.25"	"Tue Jul 29 18:41:56 PDT 2014"	"300"	"0"	"0"	"300"	"Reviewable"	"NotReviewed"	"1 scales"	"600"	"60000"	"Tue Aug 05 18:41:56 PDT 2014"	"S06171"	"Approved"	""	"""friend"""	"""hat"""	"0"	"-1"	"1"	"0"	"0"	"1"	"0"	"0"	"-1"	"-1"	"-1"	"""TRUE"""	"""target"""	"""TRUE"""	"-1"	"-1"	"-1"	"-1"	"-1"	"-1"	"""A word"""	""""""	"""31"""	"""m"""	"9"	"0"	"0"	"2"	"1"	"""5"""	"-1"
"What is he talking about? (1-2 mins)"	"Short and fun! A 1-2 minute word game about what someone is talking about."	"experiment, psychology, game"	"$0.25"	"Tue Jul 29 18:41:56 PDT 2014"	"300"	"0"	"0"	"300"	"Reviewable"	"NotReviewed"	"1 scales"	"600"	"60000"	"Tue Aug 05 18:41:56 PDT 2014"	"S26030"	"Approved"	""	"""sundae"""	"""whipped cream"""	"0"	"-1"	"2"	"0"	"0"	"1"	"0"	"0"	"-1"	"-1"	"-1"	"""TRUE"""	"""target"""	"""TRUE"""	"-1"	"-1"	"-1"	"-1"	"-1"	"-1"	"""don't know"""	""""""	"""35"""	"""f"""	"16"	"0"	"2"	"1"	"0"	"""5"""	"-1"
"What is he talking about? (1-2 mins)"	"Short and fun! A 1-2 minute word game about what someone is talking about."	"experiment, psychology, game"	"$0.25"	"Tue Jul 29 18:41:56 PDT 2014"	"300"	"0"	"0"	"300"	"Reviewable"	"NotReviewed"	"1 scales"	"600"	"60000"	"Tue Aug 05 18:41:56 PDT 2014"	"S47433"	"Approved"	""	"""Christmas tree"""	"""star"""	"0"	"-1"	"2"	"0"	"0"	"1"	"0"	"0"	"-1"	"-1"	"-1"	"""TRUE"""	"""target"""	"""TRUE"""	"-1"	"-1"	"-1"	"-1"	"-1"	"-1"	"""Memory"""	"""none"""	"""22"""	"""m"""	"8"	"0"	"0"	"2"	"1"	"""5"""	"-1"
"What is he talking about? (1-2 mins)"	"Short and fun! A 1-2 minute word game about what someone is talking about."	"experiment, psychology, game"	"$0.25"	"Tue Jul 29 18:41:56 PDT 2014"	"300"	"0"	"0"	"300"	"Reviewable"	"NotReviewed"	"1 scales"	"600"	"60000"	"Tue Aug 05 18:41:56 PDT 2014"	"S73247"	"Approved"	""	"""pizza"""	"""mushrooms"""	"0"	"-1"	"2"	"0"	"0"	"1"	"0"	"0"	"-1"	"-1"	"-1"	"""TRUE"""	"""target"""	"""TRUE"""	"-1"	"-1"	"-1"	"-1"	"-1"	"-1"	"""What Bob means when he says mushrooms"""	""""""	"""27"""	"""f"""	"19"	"0"	"0"	"2"	"1"	"""5"""	"-1"
"What is he talking about? (1-2 mins)"	"Short and fun! A 1-2 minute word game about what someone is talking about."	"experiment, psychology, game"	"$0.25"	"Tue Jul 29 18:41:56 PDT 2014"	"300"	"0"	"0"	"300"	"Reviewable"	"NotReviewed"	"1 scales"	"600"	"60000"	"Tue Aug 05 18:41:56 PDT 2014"	"S55295"	"Approved"	""	"""boat"""	"""motor"""	"0"	"-1"	"2"	"0"	"0"	"1"	"0"	"0"	"-1"	"-1"	"-1"	"""TRUE"""	"""target"""	"""TRUE"""	"-1"	"-1"	"-1"	"-1"	"-1"	"-1"	"""Which boat Bob meant when Motor."""	"""That is a peculiar hit( scratching head) would have given him a piece of paper """	"""47"""	"""f"""	"16"	"0"	"1"	"0"	"2"	"""5"""	"-1"
"What is he talking about? (1-2 mins)"	"Short and fun! A 1-2 minute word game about what someone is talking about."	"experiment, psychology, game"	"$0.25"	"Tue Jul 29 18:41:56 PDT 2014"	"300"	"0"	"0"	"300"	"Reviewable"	"NotReviewed"	"1 scales"	"600"	"60000"	"Tue Aug 05 18:41:56 PDT 2014"	"S86723"	"Approved"	""	"""pizza"""	"""mushrooms"""	"0"	"-1"	"2"	"0"	"0"	"1"	"0"	"0"	"-1"	"-1"	"-1"	"""TRUE"""	"""target"""	"""TRUE"""	"-1"	"-1"	"-1"	"-1"	"-1"	"-1"	"""Pizza"""	""""""	"""29"""	"""m"""	"11"	"0"	"2"	"1"	"0"	"""5"""	"-1"
"What is he talking about? (1-2 mins)"	"Short and fun! A 1-2 minute word game about what someone is talking about."	"experiment, psychology, game"	"$0.25"	"Tue Jul 29 18:41:56 PDT 2014"	"300"	"0"	"0"	"300"	"Reviewable"	"NotReviewed"	"1 scales"	"600"	"60000"	"Tue Aug 05 18:41:56 PDT 2014"	"S80880"	"Approved"	""	"""snowman"""	"""scarf"""	"0"	"-1"	"2"	"0"	"0"	"1"	"0"	"0"	"-1"	"-1"	"-1"	"""TRUE"""	"""distractor1"""	"""FALSE"""	"-1"	"-1"	"-1"	"-1"	"-1"	"-1"	"""knowing words"""	""""""	""""""	"""m"""	"8"	"0"	"0"	"2"	"1"	"""5"""	"-1"
"What is he talking about? (1-2 mins)"	"Short and fun! A 1-2 minute word game about what someone is talking about."	"experiment, psychology, game"	"$0.25"	"Tue Jul 29 18:41:56 PDT 2014"	"300"	"0"	"0"	"300"	"Reviewable"	"NotReviewed"	"1 scales"	"600"	"60000"	"Tue Aug 05 18:41:56 PDT 2014"	"S71463"	"Approved"	""	"""pizza"""	"""peppers"""	"0"	"-1"	"2"	"0"	"0"	"1"	"0"	"0"	"-1"	"-1"	"-1"	"""TRUE"""	"""target"""	"""TRUE"""	"-1"	"-1"	"-1"	"-1"	"-1"	"-1"	"""Seeing which we choose when all contain the one word?"""	""""""	"""40"""	"""m"""	"11"	"0"	"2"	"1"	"0"	"""5"""	"-1"
"What is he talking about? (1-2 mins)"	"Short and fun! A 1-2 minute word game about what someone is talking about."	"experiment, psychology, game"	"$0.25"	"Tue Jul 29 18:41:56 PDT 2014"	"300"	"0"	"0"	"300"	"Reviewable"	"NotReviewed"	"1 scales"	"600"	"60000"	"Tue Aug 05 18:41:56 PDT 2014"	"S66439"	"Approved"	""	"""pizza"""	"""olives"""	"0"	"-1"	"2"	"0"	"0"	"1"	"0"	"0"	"-1"	"-1"	"-1"	"""TRUE"""	"""distractor2"""	"""FALSE"""	"-1"	"-1"	"-1"	"-1"	"-1"	"-1"	"""Bob likes olive pizzas"""	""""""	""""""	"""F"""	"16"	"0"	"1"	"0"	"2"	"""5"""	"-1"
"What is he talking about? (1-2 mins)"	"Short and fun! A 1-2 minute word game about what someone is talking about."	"experiment, psychology, game"	"$0.25"	"Tue Jul 29 18:41:56 PDT 2014"	"300"	"0"	"0"	"300"	"Reviewable"	"NotReviewed"	"1 scales"	"600"	"60000"	"Tue Aug 05 18:41:56 PDT 2014"	"S84974"	"Approved"	""	"""sundae"""	"""cherry"""	"0"	"-1"	"2"	"0"	"0"	"1"	"0"	"0"	"-1"	"-1"	"-1"	"""TRUE"""	"""target"""	"""TRUE"""	"-1"	"-1"	"-1"	"-1"	"-1"	"-1"	"""Choosing a Sundae based one Bob's one word"""	"""I have no comment."""	"""26"""	"""m"""	"8"	"0"	"0"	"1"	"2"	"""5"""	"-1"
"What is he talking about? (1-2 mins)"	"Short and fun! A 1-2 minute word game about what someone is talking about."	"experiment, psychology, game"	"$0.25"	"Tue Jul 29 18:41:56 PDT 2014"	"300"	"0"	"0"	"300"	"Reviewable"	"NotReviewed"	"1 scales"	"600"	"60000"	"Tue Aug 05 18:41:56 PDT 2014"	"S91007"	"Approved"	""	"""Christmas tree"""	"""ornaments"""	"0"	"-1"	"1"	"0"	"0"	"1"	"0"	"0"	"-1"	"-1"	"-1"	"""TRUE"""	"""distractor3"""	"""FALSE"""	"-1"	"-1"	"-1"	"-1"	"-1"	"-1"	"""buying christmas trees"""	"""none"""	"""33"""	"""m"""	"12"	"0"	"0"	"1"	"2"	"""5"""	"-1"
"What is he talking about? (1-2 mins)"	"Short and fun! A 1-2 minute word game about what someone is talking about."	"experiment, psychology, game"	"$0.25"	"Tue Jul 29 18:41:56 PDT 2014"	"300"	"0"	"0"	"300"	"Reviewable"	"NotReviewed"	"1 scales"	"600"	"60000"	"Tue Aug 05 18:41:56 PDT 2014"	"S52886"	"Approved"	""	"""pizza"""	"""sausage"""	"0"	"-1"	"1"	"0"	"0"	"1"	"0"	"0"	"-1"	"-1"	"-1"	"""FALSE"""	"""distractor3"""	"""FALSE"""	"-1"	"-1"	"-1"	"-1"	"-1"	"-1"	"""picking out image from one word?"""	"""none"""	"""58"""	"""m"""	"20"	"0"	"1"	"0"	"2"	"""5"""	"-1"
"What is he talking about? (1-2 mins)"	"Short and fun! A 1-2 minute word game about what someone is talking about."	"experiment, psychology, game"	"$0.25"	"Tue Jul 29 18:41:56 PDT 2014"	"300"	"0"	"0"	"300"	"Reviewable"	"NotReviewed"	"1 scales"	"600"	"60000"	"Tue Aug 05 18:41:56 PDT 2014"	"S99965"	"Approved"	""	"""friend"""	"""glasses"""	"0"	"-1"	"2"	"0"	"0"	"1"	"0"	"0"	"-1"	"-1"	"-1"	"""TRUE"""	"""target"""	"""TRUE"""	"-1"	"-1"	"-1"	"-1"	"-1"	"-1"	"""limited information"""	""""""	""""""	""""""	"8"	"0"	"0"	"1"	"2"	"""5"""	"-1"
"What is he talking about? (1-2 mins)"	"Short and fun! A 1-2 minute word game about what someone is talking about."	"experiment, psychology, game"	"$0.25"	"Tue Jul 29 18:41:56 PDT 2014"	"300"	"0"	"0"	"300"	"Reviewable"	"NotReviewed"	"1 scales"	"600"	"60000"	"Tue Aug 05 18:41:56 PDT 2014"	"S60292"	"Approved"	""	"""friend"""	"""mustache"""	"0"	"-1"	"1"	"0"	"0"	"1"	"0"	"0"	"-1"	"-1"	"-1"	"""TRUE"""	"""target"""	"""TRUE"""	"-1"	"-1"	"-1"	"-1"	"-1"	"-1"	"""Bob's friends"""	"""none"""	"""22"""	"""m"""	"12"	"0"	"2"	"1"	"0"	"""5"""	"-1"
"What is he talking about? (1-2 mins)"	"Short and fun! A 1-2 minute word game about what someone is talking about."	"experiment, psychology, game"	"$0.25"	"Tue Jul 29 18:41:56 PDT 2014"	"300"	"0"	"0"	"300"	"Reviewable"	"NotReviewed"	"1 scales"	"600"	"60000"	"Tue Aug 05 18:41:56 PDT 2014"	"S72402"	"Approved"	""	"""snowman"""	"""scarf"""	"0"	"-1"	"1"	"0"	"0"	"1"	"0"	"0"	"-1"	"-1"	"-1"	"""TRUE"""	"""distractor1"""	"""FALSE"""	"-1"	"-1"	"-1"	"-1"	"-1"	"-1"	"""This survey was about interpreting the meaning of what someone is saying."""	""""""	"""37"""	"""m"""	"9"	"0"	"2"	"1"	"0"	"""5"""	"-1"
"What is he talking about? (1-2 mins)"	"Short and fun! A 1-2 minute word game about what someone is talking about."	"experiment, psychology, game"	"$0.25"	"Tue Jul 29 18:41:56 PDT 2014"	"300"	"0"	"0"	"300"	"Reviewable"	"NotReviewed"	"1 scales"	"600"	"60000"	"Tue Aug 05 18:41:56 PDT 2014"	"S72858"	"Approved"	""	"""boat"""	"""cabin"""	"0"	"-1"	"1"	"0"	"0"	"1"	"0"	"0"	"-1"	"-1"	"-1"	"""TRUE"""	"""distractor2"""	"""FALSE"""	"-1"	"-1"	"-1"	"-1"	"-1"	"-1"	"""boats"""	"""no"""	""""""	"""m"""	"9"	"0"	"1"	"2"	"0"	"""5"""	"-1"
"What is he talking about? (1-2 mins)"	"Short and fun! A 1-2 minute word game about what someone is talking about."	"experiment, psychology, game"	"$0.25"	"Tue Jul 29 18:41:56 PDT 2014"	"300"	"0"	"0"	"300"	"Reviewable"	"NotReviewed"	"1 scales"	"600"	"60000"	"Tue Aug 05 18:41:56 PDT 2014"	"S43413"	"Approved"	""	"""friend"""	"""hat"""	"0"	"-1"	"2"	"0"	"0"	"1"	"0"	"0"	"-1"	"-1"	"-1"	"""TRUE"""	"""target"""	"""TRUE"""	"-1"	"-1"	"-1"	"-1"	"-1"	"-1"	"""Bob's friends"""	""""""	"""23"""	"""m"""	"19"	"0"	"2"	"1"	"0"	"""5"""	"-1"
"What is he talking about? (1-2 mins)"	"Short and fun! A 1-2 minute word game about what someone is talking about."	"experiment, psychology, game"	"$0.25"	"Tue Jul 29 18:41:56 PDT 2014"	"300"	"0"	"0"	"300"	"Reviewable"	"NotReviewed"	"1 scales"	"600"	"60000"	"Tue Aug 05 18:41:56 PDT 2014"	"S55115"	"Approved"	""	"""sundae"""	"""whipped cream"""	"0"	"-1"	"2"	"0"	"0"	"1"	"0"	"0"	"-1"	"-1"	"-1"	"""TRUE"""	"""target"""	"""TRUE"""	"-1"	"-1"	"-1"	"-1"	"-1"	"-1"	"""Bob likes Sundaes """	""""""	"""29"""	"""f"""	"8"	"0"	"0"	"1"	"2"	"""5"""	"-1"
"What is he talking about? (1-2 mins)"	"Short and fun! A 1-2 minute word game about what someone is talking about."	"experiment, psychology, game"	"$0.25"	"Tue Jul 29 18:41:56 PDT 2014"	"300"	"0"	"0"	"300"	"Reviewable"	"NotReviewed"	"1 scales"	"600"	"60000"	"Tue Aug 05 18:41:56 PDT 2014"	"S10411"	"Approved"	""	"""pizza"""	"""mushrooms"""	"0"	"-1"	"1"	"0"	"0"	"1"	"0"	"0"	"-1"	"-1"	"-1"	"""TRUE"""	"""distractor3"""	"""FALSE"""	"-1"	"-1"	"-1"	"-1"	"-1"	"-1"	"""Pizza"""	""""""	"""25"""	"""F"""	"20"	"0"	"1"	"2"	"0"	"""5"""	"-1"
"What is he talking about? (1-2 mins)"	"Short and fun! A 1-2 minute word game about what someone is talking about."	"experiment, psychology, game"	"$0.25"	"Tue Jul 29 18:41:56 PDT 2014"	"300"	"0"	"0"	"300"	"Reviewable"	"NotReviewed"	"1 scales"	"600"	"60000"	"Tue Aug 05 18:41:56 PDT 2014"	"S03914"	"Approved"	""	"""boat"""	"""motor"""	"0"	"-1"	"1"	"0"	"0"	"1"	"0"	"0"	"-1"	"-1"	"-1"	"""TRUE"""	"""distractor3"""	"""FALSE"""	"-1"	"-1"	"-1"	"-1"	"-1"	"-1"	"""boats with motors"""	""""""	"""38"""	"""m"""	"12"	"0"	"0"	"2"	"1"	"""5"""	"-1"
"What is he talking about? (1-2 mins)"	"Short and fun! A 1-2 minute word game about what someone is talking about."	"experiment, psychology, game"	"$0.25"	"Tue Jul 29 18:41:56 PDT 2014"	"300"	"0"	"0"	"300"	"Reviewable"	"NotReviewed"	"1 scales"	"600"	"60000"	"Tue Aug 05 18:41:56 PDT 2014"	"S50219"	"Approved"	""	"""friend"""	"""bowtie"""	"0"	"-1"	"1"	"0"	"0"	"1"	"0"	"0"	"-1"	"-1"	"-1"	"""TRUE"""	"""distractor3"""	"""FALSE"""	"-1"	"-1"	"-1"	"-1"	"-1"	"-1"	"""I don't know"""	"""no"""	"""22"""	"""m"""	"20"	"0"	"1"	"2"	"0"	"""5"""	"-1"
"What is he talking about? (1-2 mins)"	"Short and fun! A 1-2 minute word game about what someone is talking about."	"experiment, psychology, game"	"$0.25"	"Tue Jul 29 18:41:56 PDT 2014"	"300"	"0"	"0"	"300"	"Reviewable"	"NotReviewed"	"1 scales"	"600"	"60000"	"Tue Aug 05 18:41:56 PDT 2014"	"S42214"	"Approved"	""	"""pizza"""	"""olives"""	"0"	"-1"	"2"	"0"	"0"	"1"	"0"	"0"	"-1"	"-1"	"-1"	"""TRUE"""	"""target"""	"""TRUE"""	"-1"	"-1"	"-1"	"-1"	"-1"	"-1"	"""pizza"""	""""""	"""24"""	"""m"""	"11"	"0"	"0"	"1"	"2"	"""5"""	"-1"
"What is he talking about? (1-2 mins)"	"Short and fun! A 1-2 minute word game about what someone is talking about."	"experiment, psychology, game"	"$0.25"	"Tue Jul 29 18:41:56 PDT 2014"	"300"	"0"	"0"	"300"	"Reviewable"	"NotReviewed"	"1 scales"	"600"	"60000"	"Tue Aug 05 18:41:56 PDT 2014"	"S71039"	"Approved"	""	"""boat"""	"""flag"""	"0"	"-1"	"2"	"0"	"0"	"1"	"0"	"0"	"-1"	"-1"	"-1"	"""TRUE"""	"""distractor2"""	"""FALSE"""	"-1"	"-1"	"-1"	"-1"	"-1"	"-1"	"""A man named Bob who can only communicate using one word and rents sailboats."""	"""N/A"""	"""24"""	"""m"""	"16"	"0"	"1"	"0"	"2"	"""5"""	"-1"
"What is he talking about? (1-2 mins)"	"Short and fun! A 1-2 minute word game about what someone is talking about."	"experiment, psychology, game"	"$0.25"	"Tue Jul 29 18:41:56 PDT 2014"	"300"	"0"	"0"	"300"	"Reviewable"	"NotReviewed"	"1 scales"	"600"	"60000"	"Tue Aug 05 18:41:56 PDT 2014"	"S44122"	"Approved"	""	"""boat"""	"""motor"""	"0"	"-1"	"1"	"0"	"0"	"1"	"0"	"0"	"-1"	"-1"	"-1"	"""TRUE"""	"""target"""	"""TRUE"""	"-1"	"-1"	"-1"	"-1"	"-1"	"-1"	"""Guessing an object."""	"""No"""	"""24"""	"""m"""	"12"	"0"	"2"	"1"	"0"	"""5"""	"-1"
"What is he talking about? (1-2 mins)"	"Short and fun! A 1-2 minute word game about what someone is talking about."	"experiment, psychology, game"	"$0.25"	"Tue Jul 29 18:41:56 PDT 2014"	"300"	"0"	"0"	"300"	"Reviewable"	"NotReviewed"	"1 scales"	"600"	"60000"	"Tue Aug 05 18:41:56 PDT 2014"	"S56948"	"Approved"	""	"""boat"""	"""cabin"""	"0"	"-1"	"1"	"0"	"0"	"1"	"0"	"0"	"-1"	"-1"	"-1"	"""TRUE"""	"""distractor3"""	"""FALSE"""	"-1"	"-1"	"-1"	"-1"	"-1"	"-1"	"""sail boats"""	""""""	"""24"""	"""f"""	"12"	"0"	"2"	"1"	"0"	"""5"""	"-1"
"What is he talking about? (1-2 mins)"	"Short and fun! A 1-2 minute word game about what someone is talking about."	"experiment, psychology, game"	"$0.25"	"Tue Jul 29 18:41:56 PDT 2014"	"300"	"0"	"0"	"300"	"Reviewable"	"NotReviewed"	"1 scales"	"600"	"60000"	"Tue Aug 05 18:41:56 PDT 2014"	"S06875"	"Approved"	""	"""Christmas tree"""	"""lights"""	"0"	"-1"	"2"	"0"	"0"	"1"	"0"	"0"	"-1"	"-1"	"-1"	"""TRUE"""	"""target"""	"""TRUE"""	"-1"	"-1"	"-1"	"-1"	"-1"	"-1"	"""christmas trees"""	""""""	"""27"""	"""M"""	"16"	"0"	"0"	"2"	"1"	"""5"""	"-1"
"What is he talking about? (1-2 mins)"	"Short and fun! A 1-2 minute word game about what someone is talking about."	"experiment, psychology, game"	"$0.25"	"Tue Jul 29 18:41:56 PDT 2014"	"300"	"0"	"0"	"300"	"Reviewable"	"NotReviewed"	"1 scales"	"600"	"60000"	"Tue Aug 05 18:41:56 PDT 2014"	"S58533"	"Approved"	""	"""snowman"""	"""hat"""	"0"	"-1"	"2"	"0"	"0"	"1"	"0"	"0"	"-1"	"-1"	"-1"	"""TRUE"""	"""target"""	"""TRUE"""	"-1"	"-1"	"-1"	"-1"	"-1"	"-1"	"""Bob likes to decorate snowmen"""	""""""	"""55"""	"""f"""	"16"	"0"	"0"	"1"	"2"	"""5"""	"-1"
"What is he talking about? (1-2 mins)"	"Short and fun! A 1-2 minute word game about what someone is talking about."	"experiment, psychology, game"	"$0.25"	"Tue Jul 29 18:41:56 PDT 2014"	"300"	"0"	"0"	"300"	"Reviewable"	"NotReviewed"	"1 scales"	"600"	"60000"	"Tue Aug 05 18:41:56 PDT 2014"	"S09093"	"Approved"	""	"""friend"""	"""mustache"""	"0"	"-1"	"1"	"0"	"0"	"1"	"0"	"0"	"-1"	"-1"	"-1"	"""TRUE"""	"""target"""	"""TRUE"""	"-1"	"-1"	"-1"	"-1"	"-1"	"-1"	"""Judging who a person was referring to"""	""""""	"""27"""	"""m"""	"12"	"0"	"0"	"1"	"2"	"""5"""	"-1"
"What is he talking about? (1-2 mins)"	"Short and fun! A 1-2 minute word game about what someone is talking about."	"experiment, psychology, game"	"$0.25"	"Tue Jul 29 18:41:56 PDT 2014"	"300"	"0"	"0"	"300"	"Reviewable"	"NotReviewed"	"1 scales"	"600"	"60000"	"Tue Aug 05 18:41:56 PDT 2014"	"S66465"	"Approved"	""	"""friend"""	"""glasses"""	"0"	"-1"	"1"	"0"	"0"	"1"	"0"	"0"	"-1"	"-1"	"-1"	"""FALSE"""	"""target"""	"""TRUE"""	"-1"	"-1"	"-1"	"-1"	"-1"	"-1"	"""I don't know"""	""""""	"""38"""	"""m"""	"9"	"0"	"1"	"0"	"2"	"""5"""	"-1"
"What is he talking about? (1-2 mins)"	"Short and fun! A 1-2 minute word game about what someone is talking about."	"experiment, psychology, game"	"$0.25"	"Tue Jul 29 18:41:56 PDT 2014"	"300"	"0"	"0"	"300"	"Reviewable"	"NotReviewed"	"1 scales"	"600"	"60000"	"Tue Aug 05 18:41:56 PDT 2014"	"S05319"	"Approved"	""	"""friend"""	"""hat"""	"0"	"-1"	"1"	"0"	"0"	"1"	"0"	"0"	"-1"	"-1"	"-1"	"""TRUE"""	"""target"""	"""TRUE"""	"-1"	"-1"	"-1"	"-1"	"-1"	"-1"	"""Indications based on words"""	""""""	"""28"""	"""n"""	"20"	"0"	"1"	"2"	"0"	"""5"""	"-1"
"What is he talking about? (1-2 mins)"	"Short and fun! A 1-2 minute word game about what someone is talking about."	"experiment, psychology, game"	"$0.25"	"Tue Jul 29 18:41:56 PDT 2014"	"300"	"0"	"0"	"300"	"Reviewable"	"NotReviewed"	"1 scales"	"600"	"60000"	"Tue Aug 05 18:41:56 PDT 2014"	"S89866"	"Approved"	""	"""Christmas tree"""	"""ornaments"""	"0"	"-1"	"1"	"0"	"0"	"1"	"0"	"0"	"-1"	"-1"	"-1"	"""TRUE"""	"""distractor2"""	"""FALSE"""	"-1"	"-1"	"-1"	"-1"	"-1"	"-1"	"""what is this guy talking about?"""	"""Nope"""	"""34"""	"""M"""	"12"	"0"	"1"	"2"	"0"	"""5"""	"-1"
"What is he talking about? (1-2 mins)"	"Short and fun! A 1-2 minute word game about what someone is talking about."	"experiment, psychology, game"	"$0.25"	"Tue Jul 29 18:41:56 PDT 2014"	"300"	"0"	"0"	"300"	"Reviewable"	"NotReviewed"	"1 scales"	"600"	"60000"	"Tue Aug 05 18:41:56 PDT 2014"	"S22397"	"Approved"	""	"""boat"""	"""cabin"""	"0"	"-1"	"1"	"0"	"0"	"1"	"0"	"0"	"-1"	"-1"	"-1"	"""TRUE"""	"""target"""	"""TRUE"""	"-1"	"-1"	"-1"	"-1"	"-1"	"-1"	"""A guy who likes to rent boats"""	"""Everything was fine; thanks!"""	"""34"""	"""m"""	"9"	"0"	"1"	"0"	"2"	"""5"""	"-1"
"What is he talking about? (1-2 mins)"	"Short and fun! A 1-2 minute word game about what someone is talking about."	"experiment, psychology, game"	"$0.25"	"Tue Jul 29 18:41:56 PDT 2014"	"300"	"0"	"0"	"300"	"Reviewable"	"NotReviewed"	"1 scales"	"600"	"60000"	"Tue Aug 05 18:41:56 PDT 2014"	"S06260"	"Approved"	""	"""friend"""	"""mustache"""	"0"	"-1"	"1"	"0"	"0"	"1"	"0"	"0"	"-1"	"-1"	"-1"	"""TRUE"""	"""target"""	"""TRUE"""	"-1"	"-1"	"-1"	"-1"	"-1"	"-1"	"""determining which friend i thought bob was talking about based on one word"""	"""nah"""	"""30"""	"""m"""	"17"	"0"	"0"	"1"	"2"	"""5"""	"-1"
"What is he talking about? (1-2 mins)"	"Short and fun! A 1-2 minute word game about what someone is talking about."	"experiment, psychology, game"	"$0.25"	"Tue Jul 29 18:41:56 PDT 2014"	"300"	"0"	"0"	"300"	"Reviewable"	"NotReviewed"	"1 scales"	"600"	"60000"	"Tue Aug 05 18:41:56 PDT 2014"	"S88154"	"Approved"	""	"""boat"""	"""sail"""	"0"	"-1"	"2"	"0"	"0"	"1"	"0"	"0"	"-1"	"-1"	"-1"	"""TRUE"""	"""target"""	"""TRUE"""	"-1"	"-1"	"-1"	"-1"	"-1"	"-1"	"""how we communicate"""	""""""	"""59"""	"""f"""	"16"	"0"	"0"	"1"	"2"	"""5"""	"-1"
"What is he talking about? (1-2 mins)"	"Short and fun! A 1-2 minute word game about what someone is talking about."	"experiment, psychology, game"	"$0.25"	"Tue Jul 29 18:41:56 PDT 2014"	"300"	"0"	"0"	"300"	"Reviewable"	"NotReviewed"	"1 scales"	"600"	"60000"	"Tue Aug 05 18:41:56 PDT 2014"	"S88375"	"Approved"	""	"""boat"""	"""cabin"""	"0"	"-1"	"2"	"0"	"0"	"1"	"0"	"0"	"-1"	"-1"	"-1"	"""FALSE"""	"""target"""	"""TRUE"""	"-1"	"-1"	"-1"	"-1"	"-1"	"-1"	"""Identifying which boat Joe referred to as having a cabin."""	""""""	"""55"""	"""male"""	"8"	"0"	"2"	"1"	"0"	"""5"""	"-1"
"What is he talking about? (1-2 mins)"	"Short and fun! A 1-2 minute word game about what someone is talking about."	"experiment, psychology, game"	"$0.25"	"Tue Jul 29 18:41:56 PDT 2014"	"300"	"0"	"0"	"300"	"Reviewable"	"NotReviewed"	"1 scales"	"600"	"60000"	"Tue Aug 05 18:41:56 PDT 2014"	"S35585"	"Approved"	""	"""snowman"""	"""mittens"""	"0"	"-1"	"1"	"0"	"0"	"1"	"0"	"0"	"-1"	"-1"	"-1"	"""TRUE"""	"""target"""	"""TRUE"""	"-1"	"-1"	"-1"	"-1"	"-1"	"-1"	"""Determining what snowman he's talking about."""	"""none"""	"""30"""	"""m"""	"9"	"0"	"1"	"2"	"0"	"""5"""	"-1"
"What is he talking about? (1-2 mins)"	"Short and fun! A 1-2 minute word game about what someone is talking about."	"experiment, psychology, game"	"$0.25"	"Tue Jul 29 18:41:56 PDT 2014"	"300"	"0"	"0"	"300"	"Reviewable"	"NotReviewed"	"1 scales"	"600"	"60000"	"Tue Aug 05 18:41:56 PDT 2014"	"S59233"	"Approved"	""	"""Christmas tree"""	"""presents"""	"0"	"-1"	"1"	"0"	"0"	"1"	"0"	"0"	"-1"	"-1"	"-1"	"""TRUE"""	"""distractor3"""	"""FALSE"""	"-1"	"-1"	"-1"	"-1"	"-1"	"-1"	"""bob likes christmas trees"""	""""""	"""23"""	"""m"""	"20"	"0"	"0"	"2"	"1"	"""5"""	"-1"
"What is he talking about? (1-2 mins)"	"Short and fun! A 1-2 minute word game about what someone is talking about."	"experiment, psychology, game"	"$0.25"	"Tue Jul 29 18:41:56 PDT 2014"	"300"	"0"	"0"	"300"	"Reviewable"	"NotReviewed"	"1 scales"	"600"	"60000"	"Tue Aug 05 18:41:56 PDT 2014"	"S13514"	"Approved"	""	"""Christmas tree"""	"""star"""	"0"	"-1"	"1"	"0"	"0"	"1"	"0"	"0"	"-1"	"-1"	"-1"	"""TRUE"""	"""target"""	"""TRUE"""	"-1"	"-1"	"-1"	"-1"	"-1"	"-1"	"""Bob and Christmas trees and a star"""	""""""	"""30"""	"""m"""	"17"	"0"	"2"	"1"	"0"	"""5"""	"-1"
"What is he talking about? (1-2 mins)"	"Short and fun! A 1-2 minute word game about what someone is talking about."	"experiment, psychology, game"	"$0.25"	"Tue Jul 29 18:41:56 PDT 2014"	"300"	"0"	"0"	"300"	"Reviewable"	"NotReviewed"	"1 scales"	"600"	"60000"	"Tue Aug 05 18:41:56 PDT 2014"	"S11404"	"Approved"	""	"""friend"""	"""bowtie"""	"0"	"-1"	"1"	"0"	"0"	"1"	"0"	"0"	"-1"	"-1"	"-1"	"""TRUE"""	"""distractor1"""	"""FALSE"""	"-1"	"-1"	"-1"	"-1"	"-1"	"-1"	"""Bob visiting friends."""	"""My guess is Bob is trying to convey that one of the pictured friends is missing his bowtie."""	"""30"""	"""m"""	"17"	"0"	"2"	"1"	"0"	"""5"""	"-1"
"What is he talking about? (1-2 mins)"	"Short and fun! A 1-2 minute word game about what someone is talking about."	"experiment, psychology, game"	"$0.25"	"Tue Jul 29 18:41:56 PDT 2014"	"300"	"0"	"0"	"300"	"Reviewable"	"NotReviewed"	"1 scales"	"600"	"60000"	"Tue Aug 05 18:41:56 PDT 2014"	"S37190"	"Approved"	""	"""sundae"""	"""sprinkles"""	"0"	"-1"	"1"	"0"	"0"	"1"	"0"	"0"	"-1"	"-1"	"-1"	"""TRUE"""	"""distractor2"""	"""FALSE"""	"-1"	"-1"	"-1"	"-1"	"-1"	"-1"	"""This, much like the previous survey, is about a guy named Bob and the sundaes he makes every Friday and the only word he can say is 'sprinkles'. I chose the B option because traditionally, sundaes are considered to have ice cream, whip cream, a sauce (usually fudge) with a cherry on top. His only word being \""sprinkles\""; I assume this is what Bob was talking about. """	"""Thank you very much!"""	"""29"""	"""m"""	"17"	"0"	"2"	"1"	"0"	"""5"""	"-1"
"What is he talking about? (1-2 mins)"	"Short and fun! A 1-2 minute word game about what someone is talking about."	"experiment, psychology, game"	"$0.25"	"Tue Jul 29 18:41:56 PDT 2014"	"300"	"0"	"0"	"300"	"Reviewable"	"NotReviewed"	"1 scales"	"600"	"60000"	"Tue Aug 05 18:41:56 PDT 2014"	"S15859"	"Approved"	""	"""friend"""	"""mustache"""	"0"	"-1"	"2"	"0"	"0"	"1"	"0"	"0"	"-1"	"-1"	"-1"	"""TRUE"""	"""distractor1"""	"""FALSE"""	"-1"	"-1"	"-1"	"-1"	"-1"	"-1"	"""Bob meting friends."""	"""no"""	"""27"""	"""f"""	"11"	"0"	"1"	"0"	"2"	"""5"""	"-1"
