"title"	"description"	"keywords"	"reward"	"creationtime"	"assignments"	"numavailable"	"numpending"	"numcomplete"	"hitstatus"	"reviewstatus"	"annotation"	"assignmentduration"	"autoapprovaldelay"	"hitlifetime"	"workerid"	"assignmentstatus"	"deadline"	"Answer.item"	"Answer.target_property"	"Answer.logical_property"	"Answer.foil_property"	"Answer.target_position"	"Answer.logical_position"	"Answer.target_frequency"	"Answer.familiarization_cond"	"Answer.participant_response_type_condition"	"Answer.participant_feature_count_condition"	"Answer.linguistic_framing_condition"	"Answer.target_filler_sequence_condition"	"Answer.question_type_condition"	"Answer.manip_check_target"	"Answer.manip_check_dist"	"Answer.name_check_correct"	"Answer.choice"	"Answer.choice_correct"	"Answer.money_allocated_to_foil"	"Answer.money_allocated_to_target"	"Answer.money_allocated_to_logical"	"Answer.Likert_value_foil"	"Answer.Likert_value_target"	"Answer.Likert_value_logical"	"Answer.about"	"Answer.comment"	"Answer.age"	"Answer.gender"	"Answer.scale_and_levels_condition"	"Answer.familiarization_present_in_study"
"What is he talking about? (1-2 mins)"	"Short and fun! A 1-2 minute word game about what someone is talking about."	"experiment, psychology, game"	"$0.20"	"Sun Apr 06 03:17:02 PDT 2014"	"250"	"0"	"0"	"250"	"Reviewable"	"NotReviewed"	"1 scales"	"600"	"60000"	"Sun Apr 13 03:17:02 PDT 2014"	"S28779"	"Approved"	""	"""pizza"""	"""olives"""	"""mushrooms"""	"""peppers"""	"""right"""	"""middle"""	"0"	"-1"	"0"	"1"	"8"	"0"	"0"	"""2"""	"""1"""	"""TRUE"""	"""foil"""	"""FALSE"""	"-1"	"-1"	"-1"	"-1"	"-1"	"-1"	"""Bob who likes to eat pizza"""	"""yoyoyoooo"""	"""23"""	"""m"""	"1"	"0"
"What is he talking about? (1-2 mins)"	"Short and fun! A 1-2 minute word game about what someone is talking about."	"experiment, psychology, game"	"$0.20"	"Sun Apr 06 03:17:02 PDT 2014"	"250"	"0"	"0"	"250"	"Reviewable"	"NotReviewed"	"1 scales"	"600"	"60000"	"Sun Apr 13 03:17:02 PDT 2014"	"S94855"	"Approved"	""	"""boat"""	"""sail"""	"""cabin"""	"""motor"""	"""middle"""	"""right"""	"0"	"-1"	"0"	"1"	"8"	"0"	"0"	"""2"""	"""1"""	"""TRUE"""	"""foil"""	"""FALSE"""	"-1"	"-1"	"-1"	"-1"	"-1"	"-1"	"""This survey was about Bob, and his love of renting boats on the weekend."""	"""This survey is cool and unique to me!"""	"""24"""	"""f"""	"1"	"0"
"What is he talking about? (1-2 mins)"	"Short and fun! A 1-2 minute word game about what someone is talking about."	"experiment, psychology, game"	"$0.20"	"Sun Apr 06 03:17:02 PDT 2014"	"250"	"0"	"0"	"250"	"Reviewable"	"NotReviewed"	"1 scales"	"600"	"60000"	"Sun Apr 13 03:17:02 PDT 2014"	"S49463"	"Approved"	""	"""Christmas tree"""	"""lights"""	"""star"""	"""ornaments"""	"""middle"""	"""left"""	"0"	"-1"	"0"	"1"	"8"	"0"	"0"	"""2"""	"""1"""	"""TRUE"""	"""foil"""	"""FALSE"""	"-1"	"-1"	"-1"	"-1"	"-1"	"-1"	"""Christmas trees"""	"""No"""	"""20"""	"""f"""	"1"	"0"
"What is he talking about? (1-2 mins)"	"Short and fun! A 1-2 minute word game about what someone is talking about."	"experiment, psychology, game"	"$0.20"	"Sun Apr 06 03:17:02 PDT 2014"	"250"	"0"	"0"	"250"	"Reviewable"	"NotReviewed"	"1 scales"	"600"	"60000"	"Sun Apr 13 03:17:02 PDT 2014"	"S77604"	"Approved"	""	"""pizza"""	"""mushrooms"""	"""peppers"""	"""olives"""	"""left"""	"""right"""	"0"	"-1"	"0"	"1"	"7"	"0"	"0"	"""2"""	"""1"""	"""TRUE"""	"""target"""	"""TRUE"""	"-1"	"-1"	"-1"	"-1"	"-1"	"-1"	"""Which pizza is Bob's favorite."""	"""no"""	"""23"""	"""m"""	"1"	"0"
"What is he talking about? (1-2 mins)"	"Short and fun! A 1-2 minute word game about what someone is talking about."	"experiment, psychology, game"	"$0.20"	"Sun Apr 06 03:17:02 PDT 2014"	"250"	"0"	"0"	"250"	"Reviewable"	"NotReviewed"	"1 scales"	"600"	"60000"	"Sun Apr 13 03:17:02 PDT 2014"	"S29880"	"Approved"	""	"""snowman"""	"""mittens"""	"""scarf"""	"""hat"""	"""middle"""	"""left"""	"0"	"-1"	"0"	"1"	"7"	"0"	"0"	"""2"""	"""1"""	"""TRUE"""	"""logical"""	"""FALSE"""	"-1"	"-1"	"-1"	"-1"	"-1"	"-1"	"""Bob building a snowman and which one is his favorite."""	"""No."""	"""27"""	"""m"""	"1"	"0"
"What is he talking about? (1-2 mins)"	"Short and fun! A 1-2 minute word game about what someone is talking about."	"experiment, psychology, game"	"$0.20"	"Sun Apr 06 03:17:02 PDT 2014"	"250"	"0"	"0"	"250"	"Reviewable"	"NotReviewed"	"1 scales"	"600"	"60000"	"Sun Apr 13 03:17:02 PDT 2014"	"S15158"	"Approved"	""	"""Christmas tree"""	"""lights"""	"""star"""	"""ornaments"""	"""middle"""	"""left"""	"0"	"-1"	"0"	"1"	"7"	"0"	"0"	"""2"""	"""1"""	"""TRUE"""	"""logical"""	"""FALSE"""	"-1"	"-1"	"-1"	"-1"	"-1"	"-1"	"""language"""	""""""	"""32"""	"""m"""	"1"	"0"
"What is he talking about? (1-2 mins)"	"Short and fun! A 1-2 minute word game about what someone is talking about."	"experiment, psychology, game"	"$0.20"	"Sun Apr 06 03:17:02 PDT 2014"	"250"	"0"	"0"	"250"	"Reviewable"	"NotReviewed"	"1 scales"	"600"	"60000"	"Sun Apr 13 03:17:02 PDT 2014"	"S54102"	"Approved"	""	"""Christmas tree"""	"""ornaments"""	"""lights"""	"""star"""	"""right"""	"""left"""	"0"	"-1"	"0"	"1"	"7"	"0"	"0"	"""2"""	"""1"""	"""TRUE"""	"""logical"""	"""FALSE"""	"-1"	"-1"	"-1"	"-1"	"-1"	"-1"	"""Christmas trees that bob likes"""	""""""	"""24"""	"""f"""	"1"	"0"
"What is he talking about? (1-2 mins)"	"Short and fun! A 1-2 minute word game about what someone is talking about."	"experiment, psychology, game"	"$0.20"	"Sun Apr 06 03:17:02 PDT 2014"	"250"	"0"	"0"	"250"	"Reviewable"	"NotReviewed"	"1 scales"	"600"	"60000"	"Sun Apr 13 03:17:02 PDT 2014"	"S81602"	"Approved"	""	"""Christmas tree"""	"""star"""	"""ornaments"""	"""lights"""	"""middle"""	"""right"""	"0"	"-1"	"0"	"1"	"8"	"0"	"0"	"""1"""	"""1"""	"""TRUE"""	"""foil"""	"""FALSE"""	"-1"	"-1"	"-1"	"-1"	"-1"	"-1"	"""xmas trees"""	""""""	""""""	"""m"""	"1"	"0"
"What is he talking about? (1-2 mins)"	"Short and fun! A 1-2 minute word game about what someone is talking about."	"experiment, psychology, game"	"$0.20"	"Sun Apr 06 03:17:02 PDT 2014"	"250"	"0"	"0"	"250"	"Reviewable"	"NotReviewed"	"1 scales"	"600"	"60000"	"Sun Apr 13 03:17:02 PDT 2014"	"S04115"	"Approved"	""	"""friend"""	"""glasses"""	"""mustache"""	"""hat"""	"""left"""	"""right"""	"0"	"-1"	"0"	"1"	"7"	"0"	"0"	"""2"""	"""1"""	"""TRUE"""	"""foil"""	"""FALSE"""	"-1"	"-1"	"-1"	"-1"	"-1"	"-1"	"""what features cause us to perceive faces as cool or boring?"""	"""no"""	"""50"""	"""m"""	"1"	"0"
"What is he talking about? (1-2 mins)"	"Short and fun! A 1-2 minute word game about what someone is talking about."	"experiment, psychology, game"	"$0.20"	"Sun Apr 06 03:17:02 PDT 2014"	"250"	"0"	"0"	"250"	"Reviewable"	"NotReviewed"	"1 scales"	"600"	"60000"	"Sun Apr 13 03:17:02 PDT 2014"	"S95456"	"Approved"	""	"""sundae"""	"""whipped cream"""	"""cherry"""	"""chocolate"""	"""left"""	"""right"""	"0"	"-1"	"0"	"1"	"8"	"0"	"0"	"""2"""	"""1"""	"""TRUE"""	"""target"""	"""TRUE"""	"-1"	"-1"	"-1"	"-1"	"-1"	"-1"	"""sundaes"""	""""""	"""26"""	"""M"""	"1"	"0"
"What is he talking about? (1-2 mins)"	"Short and fun! A 1-2 minute word game about what someone is talking about."	"experiment, psychology, game"	"$0.20"	"Sun Apr 06 03:17:02 PDT 2014"	"250"	"0"	"0"	"250"	"Reviewable"	"NotReviewed"	"1 scales"	"600"	"60000"	"Sun Apr 13 03:17:02 PDT 2014"	"S09818"	"Approved"	""	"""Christmas tree"""	"""ornaments"""	"""star"""	"""lights"""	"""middle"""	"""right"""	"0"	"-1"	"0"	"1"	"8"	"0"	"0"	"""2"""	"""1"""	"""TRUE"""	"""target"""	"""TRUE"""	"-1"	"-1"	"-1"	"-1"	"-1"	"-1"	"""trees"""	""""""	""""""	"""m"""	"1"	"0"
"What is he talking about? (1-2 mins)"	"Short and fun! A 1-2 minute word game about what someone is talking about."	"experiment, psychology, game"	"$0.20"	"Sun Apr 06 03:17:02 PDT 2014"	"250"	"0"	"0"	"250"	"Reviewable"	"NotReviewed"	"1 scales"	"600"	"60000"	"Sun Apr 13 03:17:02 PDT 2014"	"S35528"	"Approved"	""	"""sundae"""	"""cherry"""	"""whipped cream"""	"""chocolate"""	"""right"""	"""middle"""	"0"	"-1"	"0"	"1"	"8"	"0"	"0"	"""2"""	"""1"""	"""TRUE"""	"""logical"""	"""FALSE"""	"-1"	"-1"	"-1"	"-1"	"-1"	"-1"	"""sundaes"""	""""""	""""""	""""""	"1"	"0"
"What is he talking about? (1-2 mins)"	"Short and fun! A 1-2 minute word game about what someone is talking about."	"experiment, psychology, game"	"$0.20"	"Sun Apr 06 03:17:02 PDT 2014"	"250"	"0"	"0"	"250"	"Reviewable"	"NotReviewed"	"1 scales"	"600"	"60000"	"Sun Apr 13 03:17:02 PDT 2014"	"S61018"	"Approved"	""	"""friend"""	"""glasses"""	"""hat"""	"""mustache"""	"""middle"""	"""right"""	"0"	"-1"	"0"	"1"	"7"	"0"	"0"	"""2"""	"""1"""	"""TRUE"""	"""foil"""	"""FALSE"""	"-1"	"-1"	"-1"	"-1"	"-1"	"-1"	"""friends"""	""""""	""""""	""""""	"1"	"0"
"What is he talking about? (1-2 mins)"	"Short and fun! A 1-2 minute word game about what someone is talking about."	"experiment, psychology, game"	"$0.20"	"Sun Apr 06 03:17:02 PDT 2014"	"250"	"0"	"0"	"250"	"Reviewable"	"NotReviewed"	"1 scales"	"600"	"60000"	"Sun Apr 13 03:17:02 PDT 2014"	"S19742"	"Approved"	""	"""pizza"""	"""olives"""	"""peppers"""	"""mushrooms"""	"""right"""	"""left"""	"0"	"-1"	"0"	"1"	"8"	"0"	"0"	"""2"""	"""1"""	"""TRUE"""	"""foil"""	"""FALSE"""	"-1"	"-1"	"-1"	"-1"	"-1"	"-1"	"""Understanding what people say."""	"""No"""	"""23"""	"""f"""	"1"	"0"
"What is he talking about? (1-2 mins)"	"Short and fun! A 1-2 minute word game about what someone is talking about."	"experiment, psychology, game"	"$0.20"	"Sun Apr 06 03:17:02 PDT 2014"	"250"	"0"	"0"	"250"	"Reviewable"	"NotReviewed"	"1 scales"	"600"	"60000"	"Sun Apr 13 03:17:02 PDT 2014"	"S70816"	"Approved"	""	"""boat"""	"""motor"""	"""sail"""	"""cabin"""	"""middle"""	"""left"""	"0"	"-1"	"0"	"1"	"8"	"0"	"0"	"""2"""	"""1"""	"""TRUE"""	"""logical"""	"""FALSE"""	"-1"	"-1"	"-1"	"-1"	"-1"	"-1"	"""Guess what someone's favorite boat was"""	"""No"""	"""27"""	"""m"""	"1"	"0"
"What is he talking about? (1-2 mins)"	"Short and fun! A 1-2 minute word game about what someone is talking about."	"experiment, psychology, game"	"$0.20"	"Sun Apr 06 03:17:02 PDT 2014"	"250"	"0"	"0"	"250"	"Reviewable"	"NotReviewed"	"1 scales"	"600"	"60000"	"Sun Apr 13 03:17:02 PDT 2014"	"S93548"	"Approved"	""	"""snowman"""	"""scarf"""	"""mittens"""	"""hat"""	"""right"""	"""middle"""	"0"	"-1"	"0"	"1"	"7"	"0"	"0"	"""2"""	"""1"""	"""TRUE"""	"""logical"""	"""FALSE"""	"-1"	"-1"	"-1"	"-1"	"-1"	"-1"	"""Bob's snowmen"""	""""""	"""55"""	"""f"""	"1"	"0"
"What is he talking about? (1-2 mins)"	"Short and fun! A 1-2 minute word game about what someone is talking about."	"experiment, psychology, game"	"$0.20"	"Sun Apr 06 03:17:02 PDT 2014"	"250"	"0"	"0"	"250"	"Reviewable"	"NotReviewed"	"1 scales"	"600"	"60000"	"Sun Apr 13 03:17:02 PDT 2014"	"S45610"	"Approved"	""	"""Christmas tree"""	"""star"""	"""ornaments"""	"""lights"""	"""right"""	"""left"""	"0"	"-1"	"0"	"1"	"8"	"0"	"0"	"""2"""	"""1"""	"""TRUE"""	"""target"""	"""TRUE"""	"-1"	"-1"	"-1"	"-1"	"-1"	"-1"	"""about the language and choice"""	""""""	""""""	"""f"""	"1"	"0"
"What is he talking about? (1-2 mins)"	"Short and fun! A 1-2 minute word game about what someone is talking about."	"experiment, psychology, game"	"$0.20"	"Sun Apr 06 03:17:02 PDT 2014"	"250"	"0"	"0"	"250"	"Reviewable"	"NotReviewed"	"1 scales"	"600"	"60000"	"Sun Apr 13 03:17:02 PDT 2014"	"S14607"	"Approved"	""	"""boat"""	"""motor"""	"""sail"""	"""cabin"""	"""middle"""	"""right"""	"0"	"-1"	"0"	"1"	"7"	"0"	"0"	"""2"""	"""0"""	"""TRUE"""	"""logical"""	"""FALSE"""	"-1"	"-1"	"-1"	"-1"	"-1"	"-1"	"""Donno"""	"""None of the boats have a sail."""	"""54"""	"""Female"""	"1"	"0"
"What is he talking about? (1-2 mins)"	"Short and fun! A 1-2 minute word game about what someone is talking about."	"experiment, psychology, game"	"$0.20"	"Sun Apr 06 03:17:02 PDT 2014"	"250"	"0"	"0"	"250"	"Reviewable"	"NotReviewed"	"1 scales"	"600"	"60000"	"Sun Apr 13 03:17:02 PDT 2014"	"S70976"	"Approved"	""	"""friend"""	"""glasses"""	"""hat"""	"""mustache"""	"""left"""	"""right"""	"0"	"-1"	"0"	"1"	"8"	"0"	"0"	"""2"""	"""1"""	"""TRUE"""	"""foil"""	"""FALSE"""	"-1"	"-1"	"-1"	"-1"	"-1"	"-1"	"""Bob's friends"""	""""""	"""19"""	"""f"""	"1"	"0"
"What is he talking about? (1-2 mins)"	"Short and fun! A 1-2 minute word game about what someone is talking about."	"experiment, psychology, game"	"$0.20"	"Sun Apr 06 03:17:02 PDT 2014"	"250"	"0"	"0"	"250"	"Reviewable"	"NotReviewed"	"1 scales"	"600"	"60000"	"Sun Apr 13 03:17:02 PDT 2014"	"S52833"	"Approved"	""	"""sundae"""	"""whipped cream"""	"""chocolate"""	"""cherry"""	"""left"""	"""middle"""	"0"	"-1"	"0"	"1"	"7"	"0"	"0"	"""2"""	"""1"""	"""TRUE"""	"""logical"""	"""FALSE"""	"-1"	"-1"	"-1"	"-1"	"-1"	"-1"	"""Bob and his ice cream sundaes"""	"""None"""	"""36"""	"""m"""	"1"	"0"
"What is he talking about? (1-2 mins)"	"Short and fun! A 1-2 minute word game about what someone is talking about."	"experiment, psychology, game"	"$0.20"	"Sun Apr 06 03:17:02 PDT 2014"	"250"	"0"	"0"	"250"	"Reviewable"	"NotReviewed"	"1 scales"	"600"	"60000"	"Sun Apr 13 03:17:02 PDT 2014"	"S47217"	"Approved"	""	"""pizza"""	"""peppers"""	"""olives"""	"""mushrooms"""	"""left"""	"""right"""	"0"	"-1"	"0"	"1"	"8"	"0"	"0"	"""3"""	"""1"""	"""TRUE"""	"""foil"""	"""FALSE"""	"-1"	"-1"	"-1"	"-1"	"-1"	"-1"	"""What pizzas Bob eats"""	"""I think I might of put 3 instead of 2 for number of pizzas by mistake..."""	"""26"""	"""m"""	"1"	"0"
"What is he talking about? (1-2 mins)"	"Short and fun! A 1-2 minute word game about what someone is talking about."	"experiment, psychology, game"	"$0.20"	"Sun Apr 06 03:17:02 PDT 2014"	"250"	"0"	"0"	"250"	"Reviewable"	"NotReviewed"	"1 scales"	"600"	"60000"	"Sun Apr 13 03:17:02 PDT 2014"	"S18337"	"Approved"	""	"""sundae"""	"""whipped cream"""	"""chocolate"""	"""cherry"""	"""right"""	"""left"""	"0"	"-1"	"0"	"1"	"8"	"0"	"0"	"""2"""	"""1"""	"""FALSE"""	"""foil"""	"""FALSE"""	"-1"	"-1"	"-1"	"-1"	"-1"	"-1"	"""sundae"""	"""none"""	"""26"""	"""f"""	"1"	"0"
"What is he talking about? (1-2 mins)"	"Short and fun! A 1-2 minute word game about what someone is talking about."	"experiment, psychology, game"	"$0.20"	"Sun Apr 06 03:17:02 PDT 2014"	"250"	"0"	"0"	"250"	"Reviewable"	"NotReviewed"	"1 scales"	"600"	"60000"	"Sun Apr 13 03:17:02 PDT 2014"	"S39211"	"Approved"	""	"""snowman"""	"""scarf"""	"""hat"""	"""mittens"""	"""left"""	"""right"""	"0"	"-1"	"0"	"1"	"7"	"0"	"0"	"""2"""	"""1"""	"""TRUE"""	"""logical"""	"""FALSE"""	"-1"	"-1"	"-1"	"-1"	"-1"	"-1"	"""Perception """	""""""	"""40"""	"""Male"""	"1"	"0"
"What is he talking about? (1-2 mins)"	"Short and fun! A 1-2 minute word game about what someone is talking about."	"experiment, psychology, game"	"$0.20"	"Sun Apr 06 03:17:02 PDT 2014"	"250"	"0"	"0"	"250"	"Reviewable"	"NotReviewed"	"1 scales"	"600"	"60000"	"Sun Apr 13 03:17:02 PDT 2014"	"S63917"	"Approved"	""	"""snowman"""	"""mittens"""	"""hat"""	"""scarf"""	"""left"""	"""middle"""	"0"	"-1"	"0"	"1"	"7"	"0"	"0"	"""2"""	"""1"""	"""TRUE"""	"""logical"""	"""FALSE"""	"-1"	"-1"	"-1"	"-1"	"-1"	"-1"	"""Snowmen"""	"""Odd"""	"""45"""	"""m"""	"1"	"0"
"What is he talking about? (1-2 mins)"	"Short and fun! A 1-2 minute word game about what someone is talking about."	"experiment, psychology, game"	"$0.20"	"Sun Apr 06 03:17:02 PDT 2014"	"250"	"0"	"0"	"250"	"Reviewable"	"NotReviewed"	"1 scales"	"600"	"60000"	"Sun Apr 13 03:17:02 PDT 2014"	"S30095"	"Approved"	""	"""pizza"""	"""mushrooms"""	"""peppers"""	"""olives"""	"""middle"""	"""left"""	"0"	"-1"	"0"	"1"	"7"	"0"	"0"	"""1"""	"""1"""	"""TRUE"""	"""target"""	"""TRUE"""	"-1"	"-1"	"-1"	"-1"	"-1"	"-1"	"""Bob ordering pizza"""	"""no"""	"""35"""	"""f"""	"1"	"0"
"What is he talking about? (1-2 mins)"	"Short and fun! A 1-2 minute word game about what someone is talking about."	"experiment, psychology, game"	"$0.20"	"Sun Apr 06 03:17:02 PDT 2014"	"250"	"0"	"0"	"250"	"Reviewable"	"NotReviewed"	"1 scales"	"600"	"60000"	"Sun Apr 13 03:17:02 PDT 2014"	"S46073"	"Approved"	""	"""pizza"""	"""olives"""	"""mushrooms"""	"""peppers"""	"""right"""	"""middle"""	"0"	"-1"	"0"	"1"	"7"	"0"	"0"	"""2"""	"""1"""	"""TRUE"""	"""target"""	"""TRUE"""	"-1"	"-1"	"-1"	"-1"	"-1"	"-1"	"""What someone is talking about  - bob's favorite pizza"""	"""thanks!"""	"""24"""	"""f"""	"1"	"0"
"What is he talking about? (1-2 mins)"	"Short and fun! A 1-2 minute word game about what someone is talking about."	"experiment, psychology, game"	"$0.20"	"Sun Apr 06 03:17:02 PDT 2014"	"250"	"0"	"0"	"250"	"Reviewable"	"NotReviewed"	"1 scales"	"600"	"60000"	"Sun Apr 13 03:17:02 PDT 2014"	"S26674"	"Approved"	""	"""snowman"""	"""hat"""	"""mittens"""	"""scarf"""	"""right"""	"""middle"""	"0"	"-1"	"0"	"1"	"7"	"0"	"0"	"""2"""	"""1"""	"""TRUE"""	"""logical"""	"""FALSE"""	"-1"	"-1"	"-1"	"-1"	"-1"	"-1"	"""Bob being creative"""	"""Bob need to get a life with more interaction with reality."""	"""57"""	"""m"""	"1"	"0"
"What is he talking about? (1-2 mins)"	"Short and fun! A 1-2 minute word game about what someone is talking about."	"experiment, psychology, game"	"$0.20"	"Sun Apr 06 03:17:02 PDT 2014"	"250"	"0"	"0"	"250"	"Reviewable"	"NotReviewed"	"1 scales"	"600"	"60000"	"Sun Apr 13 03:17:02 PDT 2014"	"S77629"	"Approved"	""	"""sundae"""	"""whipped cream"""	"""chocolate"""	"""cherry"""	"""middle"""	"""left"""	"0"	"-1"	"0"	"1"	"7"	"0"	"0"	"""2"""	"""1"""	"""TRUE"""	"""target"""	"""TRUE"""	"-1"	"-1"	"-1"	"-1"	"-1"	"-1"	"""sundaes"""	"""no"""	"""53"""	"""f"""	"1"	"0"
"What is he talking about? (1-2 mins)"	"Short and fun! A 1-2 minute word game about what someone is talking about."	"experiment, psychology, game"	"$0.20"	"Sun Apr 06 03:17:02 PDT 2014"	"250"	"0"	"0"	"250"	"Reviewable"	"NotReviewed"	"1 scales"	"600"	"60000"	"Sun Apr 13 03:17:02 PDT 2014"	"S76267"	"Approved"	""	"""pizza"""	"""mushrooms"""	"""olives"""	"""peppers"""	"""middle"""	"""right"""	"0"	"-1"	"0"	"1"	"8"	"0"	"0"	"""2"""	"""1"""	"""FALSE"""	"""foil"""	"""FALSE"""	"-1"	"-1"	"-1"	"-1"	"-1"	"-1"	"""It was about Joe and how he liked to eat pizzas. """	"""Interesting survey!!!"""	"""23"""	"""m"""	"1"	"0"
"What is he talking about? (1-2 mins)"	"Short and fun! A 1-2 minute word game about what someone is talking about."	"experiment, psychology, game"	"$0.20"	"Sun Apr 06 03:17:02 PDT 2014"	"250"	"0"	"0"	"250"	"Reviewable"	"NotReviewed"	"1 scales"	"600"	"60000"	"Sun Apr 13 03:17:02 PDT 2014"	"S52478"	"Approved"	""	"""friend"""	"""hat"""	"""glasses"""	"""mustache"""	"""left"""	"""right"""	"0"	"-1"	"0"	"1"	"7"	"0"	"0"	"""2"""	"""1"""	"""TRUE"""	"""logical"""	"""FALSE"""	"-1"	"-1"	"-1"	"-1"	"-1"	"-1"	"""Bob's friends"""	"""No"""	"""42"""	"""Male"""	"1"	"0"
"What is he talking about? (1-2 mins)"	"Short and fun! A 1-2 minute word game about what someone is talking about."	"experiment, psychology, game"	"$0.20"	"Sun Apr 06 03:17:02 PDT 2014"	"250"	"0"	"0"	"250"	"Reviewable"	"NotReviewed"	"1 scales"	"600"	"60000"	"Sun Apr 13 03:17:02 PDT 2014"	"S58778"	"Approved"	""	"""friend"""	"""mustache"""	"""hat"""	"""glasses"""	"""left"""	"""right"""	"0"	"-1"	"0"	"1"	"8"	"0"	"0"	"""2"""	"""1"""	"""TRUE"""	"""foil"""	"""FALSE"""	"-1"	"-1"	"-1"	"-1"	"-1"	"-1"	"""Bobs preference of friends?"""	"""None"""	"""34"""	"""Male"""	"1"	"0"
"What is he talking about? (1-2 mins)"	"Short and fun! A 1-2 minute word game about what someone is talking about."	"experiment, psychology, game"	"$0.20"	"Sun Apr 06 03:17:02 PDT 2014"	"250"	"0"	"0"	"250"	"Reviewable"	"NotReviewed"	"1 scales"	"600"	"60000"	"Sun Apr 13 03:17:02 PDT 2014"	"S63930"	"Approved"	""	"""sundae"""	"""whipped cream"""	"""cherry"""	"""chocolate"""	"""left"""	"""middle"""	"0"	"-1"	"0"	"1"	"7"	"0"	"0"	"""2"""	"""1"""	"""TRUE"""	"""logical"""	"""FALSE"""	"-1"	"-1"	"-1"	"-1"	"-1"	"-1"	"""what sundae does Bob like?"""	""""""	"""37"""	"""m"""	"1"	"0"
"What is he talking about? (1-2 mins)"	"Short and fun! A 1-2 minute word game about what someone is talking about."	"experiment, psychology, game"	"$0.20"	"Sun Apr 06 03:17:02 PDT 2014"	"250"	"0"	"0"	"250"	"Reviewable"	"NotReviewed"	"1 scales"	"600"	"60000"	"Sun Apr 13 03:17:02 PDT 2014"	"S95732"	"Approved"	""	"""pizza"""	"""mushrooms"""	"""olives"""	"""peppers"""	"""middle"""	"""left"""	"0"	"-1"	"0"	"1"	"7"	"0"	"0"	"""2"""	"""1"""	"""TRUE"""	"""target"""	"""TRUE"""	"-1"	"-1"	"-1"	"-1"	"-1"	"-1"	"""Bob's pizza preference."""	"""nope"""	"""57"""	"""f"""	"1"	"0"
"What is he talking about? (1-2 mins)"	"Short and fun! A 1-2 minute word game about what someone is talking about."	"experiment, psychology, game"	"$0.20"	"Sun Apr 06 03:17:02 PDT 2014"	"250"	"0"	"0"	"250"	"Reviewable"	"NotReviewed"	"1 scales"	"600"	"60000"	"Sun Apr 13 03:17:02 PDT 2014"	"S76999"	"Approved"	""	"""sundae"""	"""whipped cream"""	"""chocolate"""	"""cherry"""	"""right"""	"""middle"""	"0"	"-1"	"0"	"1"	"8"	"0"	"0"	"""2"""	"""1"""	"""TRUE"""	"""foil"""	"""FALSE"""	"-1"	"-1"	"-1"	"-1"	"-1"	"-1"	"""Guessing Bob's favorite Sundae"""	"""Nope"""	"""24"""	"""m"""	"1"	"0"
"What is he talking about? (1-2 mins)"	"Short and fun! A 1-2 minute word game about what someone is talking about."	"experiment, psychology, game"	"$0.20"	"Sun Apr 06 03:17:02 PDT 2014"	"250"	"0"	"0"	"250"	"Reviewable"	"NotReviewed"	"1 scales"	"600"	"60000"	"Sun Apr 13 03:17:02 PDT 2014"	"S10544"	"Approved"	""	"""boat"""	"""sail"""	"""motor"""	"""cabin"""	"""right"""	"""middle"""	"0"	"-1"	"0"	"1"	"8"	"0"	"0"	"""2"""	"""1"""	"""FALSE"""	"""foil"""	"""FALSE"""	"-1"	"-1"	"-1"	"-1"	"-1"	"-1"	"""What kind of boat was Joe's least favorite"""	""""""	"""20"""	"""m"""	"1"	"0"
"What is he talking about? (1-2 mins)"	"Short and fun! A 1-2 minute word game about what someone is talking about."	"experiment, psychology, game"	"$0.20"	"Sun Apr 06 03:17:02 PDT 2014"	"250"	"0"	"0"	"250"	"Reviewable"	"NotReviewed"	"1 scales"	"600"	"60000"	"Sun Apr 13 03:17:02 PDT 2014"	"S48306"	"Approved"	""	"""pizza"""	"""mushrooms"""	"""peppers"""	"""olives"""	"""middle"""	"""left"""	"0"	"-1"	"0"	"1"	"8"	"0"	"0"	"""2"""	"""1"""	"""TRUE"""	"""foil"""	"""FALSE"""	"-1"	"-1"	"-1"	"-1"	"-1"	"-1"	"""what pizza bob refers"""	"""no"""	"""31"""	"""m"""	"1"	"0"
"What is he talking about? (1-2 mins)"	"Short and fun! A 1-2 minute word game about what someone is talking about."	"experiment, psychology, game"	"$0.20"	"Sun Apr 06 03:17:02 PDT 2014"	"250"	"0"	"0"	"250"	"Reviewable"	"NotReviewed"	"1 scales"	"600"	"60000"	"Sun Apr 13 03:17:02 PDT 2014"	"S35780"	"Approved"	""	"""friend"""	"""glasses"""	"""mustache"""	"""hat"""	"""middle"""	"""right"""	"0"	"-1"	"0"	"1"	"7"	"0"	"0"	"""2"""	"""1"""	"""TRUE"""	"""target"""	"""TRUE"""	"-1"	"-1"	"-1"	"-1"	"-1"	"-1"	"""who bob visited"""	""""""	""""""	"""m"""	"1"	"0"
"What is he talking about? (1-2 mins)"	"Short and fun! A 1-2 minute word game about what someone is talking about."	"experiment, psychology, game"	"$0.20"	"Sun Apr 06 03:17:02 PDT 2014"	"250"	"0"	"0"	"250"	"Reviewable"	"NotReviewed"	"1 scales"	"600"	"60000"	"Sun Apr 13 03:17:02 PDT 2014"	"S15901"	"Approved"	""	"""friend"""	"""hat"""	"""mustache"""	"""glasses"""	"""middle"""	"""left"""	"0"	"-1"	"0"	"1"	"8"	"0"	"0"	"""2"""	"""1"""	"""TRUE"""	"""foil"""	"""FALSE"""	"-1"	"-1"	"-1"	"-1"	"-1"	"-1"	"""who Bob visits"""	""""""	"""52"""	"""m"""	"1"	"0"
"What is he talking about? (1-2 mins)"	"Short and fun! A 1-2 minute word game about what someone is talking about."	"experiment, psychology, game"	"$0.20"	"Sun Apr 06 03:17:02 PDT 2014"	"250"	"0"	"0"	"250"	"Reviewable"	"NotReviewed"	"1 scales"	"600"	"60000"	"Sun Apr 13 03:17:02 PDT 2014"	"S99642"	"Approved"	""	"""pizza"""	"""mushrooms"""	"""peppers"""	"""olives"""	"""left"""	"""right"""	"0"	"-1"	"0"	"1"	"7"	"0"	"0"	"""2"""	"""1"""	"""TRUE"""	"""logical"""	"""FALSE"""	"-1"	"-1"	"-1"	"-1"	"-1"	"-1"	"""don't know"""	""""""	"""33"""	"""m"""	"1"	"0"
"What is he talking about? (1-2 mins)"	"Short and fun! A 1-2 minute word game about what someone is talking about."	"experiment, psychology, game"	"$0.20"	"Sun Apr 06 03:17:02 PDT 2014"	"250"	"0"	"0"	"250"	"Reviewable"	"NotReviewed"	"1 scales"	"600"	"60000"	"Sun Apr 13 03:17:02 PDT 2014"	"S26339"	"Approved"	""	"""pizza"""	"""olives"""	"""peppers"""	"""mushrooms"""	"""middle"""	"""right"""	"0"	"-1"	"0"	"1"	"7"	"0"	"0"	"""2"""	"""1"""	"""TRUE"""	"""target"""	"""TRUE"""	"-1"	"-1"	"-1"	"-1"	"-1"	"-1"	"""How many and what kind of pizzas Bob ate"""	""""""	"""26"""	"""m"""	"1"	"0"
"What is he talking about? (1-2 mins)"	"Short and fun! A 1-2 minute word game about what someone is talking about."	"experiment, psychology, game"	"$0.20"	"Sun Apr 06 03:17:02 PDT 2014"	"250"	"0"	"0"	"250"	"Reviewable"	"NotReviewed"	"1 scales"	"600"	"60000"	"Sun Apr 13 03:17:02 PDT 2014"	"S53705"	"Approved"	""	"""sundae"""	"""chocolate"""	"""whipped cream"""	"""cherry"""	"""right"""	"""left"""	"0"	"-1"	"0"	"1"	"8"	"0"	"0"	"""2"""	"""1"""	"""TRUE"""	"""foil"""	"""FALSE"""	"-1"	"-1"	"-1"	"-1"	"-1"	"-1"	"""his preferences for sundae toppings"""	""""""	"""53"""	"""f"""	"1"	"0"
"What is he talking about? (1-2 mins)"	"Short and fun! A 1-2 minute word game about what someone is talking about."	"experiment, psychology, game"	"$0.20"	"Sun Apr 06 03:17:02 PDT 2014"	"250"	"0"	"0"	"250"	"Reviewable"	"NotReviewed"	"1 scales"	"600"	"60000"	"Sun Apr 13 03:17:02 PDT 2014"	"S59345"	"Approved"	""	"""boat"""	"""sail"""	"""cabin"""	"""motor"""	"""middle"""	"""left"""	"0"	"-1"	"0"	"1"	"8"	"0"	"0"	"""2"""	"""1"""	"""TRUE"""	"""foil"""	"""FALSE"""	"-1"	"-1"	"-1"	"-1"	"-1"	"-1"	"""Paying attention, inferences?"""	"""nope"""	"""29"""	"""m"""	"1"	"0"
"What is he talking about? (1-2 mins)"	"Short and fun! A 1-2 minute word game about what someone is talking about."	"experiment, psychology, game"	"$0.20"	"Sun Apr 06 03:17:02 PDT 2014"	"250"	"0"	"0"	"250"	"Reviewable"	"NotReviewed"	"1 scales"	"600"	"60000"	"Sun Apr 13 03:17:02 PDT 2014"	"S27381"	"Approved"	""	"""snowman"""	"""scarf"""	"""hat"""	"""mittens"""	"""middle"""	"""left"""	"0"	"-1"	"0"	"1"	"7"	"0"	"0"	"""2"""	"""1"""	"""TRUE"""	"""logical"""	"""FALSE"""	"-1"	"-1"	"-1"	"-1"	"-1"	"-1"	"""Which snowman is Bob's favorite"""	"""Thank you."""	"""33"""	"""M"""	"1"	"0"
"What is he talking about? (1-2 mins)"	"Short and fun! A 1-2 minute word game about what someone is talking about."	"experiment, psychology, game"	"$0.20"	"Sun Apr 06 03:17:02 PDT 2014"	"250"	"0"	"0"	"250"	"Reviewable"	"NotReviewed"	"1 scales"	"600"	"60000"	"Sun Apr 13 03:17:02 PDT 2014"	"S32002"	"Approved"	""	"""pizza"""	"""peppers"""	"""mushrooms"""	"""olives"""	"""right"""	"""left"""	"0"	"-1"	"0"	"1"	"7"	"0"	"0"	"""2"""	"""1"""	"""TRUE"""	"""logical"""	"""FALSE"""	"-1"	"-1"	"-1"	"-1"	"-1"	"-1"	"""Pizza"""	""""""	"""23"""	"""M"""	"1"	"0"
"What is he talking about? (1-2 mins)"	"Short and fun! A 1-2 minute word game about what someone is talking about."	"experiment, psychology, game"	"$0.20"	"Sun Apr 06 03:17:02 PDT 2014"	"250"	"0"	"0"	"250"	"Reviewable"	"NotReviewed"	"1 scales"	"600"	"60000"	"Sun Apr 13 03:17:02 PDT 2014"	"S19932"	"Approved"	""	"""boat"""	"""cabin"""	"""sail"""	"""motor"""	"""left"""	"""right"""	"0"	"-1"	"0"	"1"	"7"	"0"	"0"	"""2"""	"""1"""	"""TRUE"""	"""logical"""	"""FALSE"""	"-1"	"-1"	"-1"	"-1"	"-1"	"-1"	"""Boat preferences"""	""""""	"""41"""	"""f"""	"1"	"0"
"What is he talking about? (1-2 mins)"	"Short and fun! A 1-2 minute word game about what someone is talking about."	"experiment, psychology, game"	"$0.20"	"Sun Apr 06 03:17:02 PDT 2014"	"250"	"0"	"0"	"250"	"Reviewable"	"NotReviewed"	"1 scales"	"600"	"60000"	"Sun Apr 13 03:17:02 PDT 2014"	"S60467"	"Approved"	""	"""friend"""	"""mustache"""	"""hat"""	"""glasses"""	"""left"""	"""middle"""	"0"	"-1"	"0"	"1"	"7"	"0"	"0"	"""2"""	"""1"""	"""TRUE"""	"""foil"""	"""FALSE"""	"-1"	"-1"	"-1"	"-1"	"-1"	"-1"	"""friends"""	"""no"""	"""31"""	"""m"""	"1"	"0"
"What is he talking about? (1-2 mins)"	"Short and fun! A 1-2 minute word game about what someone is talking about."	"experiment, psychology, game"	"$0.20"	"Sun Apr 06 03:17:02 PDT 2014"	"250"	"0"	"0"	"250"	"Reviewable"	"NotReviewed"	"1 scales"	"600"	"60000"	"Sun Apr 13 03:17:02 PDT 2014"	"S40254"	"Approved"	""	"""snowman"""	"""mittens"""	"""hat"""	"""scarf"""	"""middle"""	"""left"""	"0"	"-1"	"0"	"1"	"8"	"0"	"0"	"""2"""	"""1"""	"""TRUE"""	"""foil"""	"""FALSE"""	"-1"	"-1"	"-1"	"-1"	"-1"	"-1"	"""Snowmen and clothing accessories"""	""""""	"""26"""	"""m"""	"1"	"0"
"What is he talking about? (1-2 mins)"	"Short and fun! A 1-2 minute word game about what someone is talking about."	"experiment, psychology, game"	"$0.20"	"Sun Apr 06 03:17:02 PDT 2014"	"250"	"0"	"0"	"250"	"Reviewable"	"NotReviewed"	"1 scales"	"600"	"60000"	"Sun Apr 13 03:17:02 PDT 2014"	"S52987"	"Approved"	""	"""boat"""	"""motor"""	"""cabin"""	"""sail"""	"""left"""	"""right"""	"0"	"-1"	"0"	"1"	"8"	"0"	"0"	"""2"""	"""1"""	"""FALSE"""	"""logical"""	"""FALSE"""	"-1"	"-1"	"-1"	"-1"	"-1"	"-1"	"""What people are talking about"""	"""Interesting survey"""	"""29"""	"""female"""	"1"	"0"
"What is he talking about? (1-2 mins)"	"Short and fun! A 1-2 minute word game about what someone is talking about."	"experiment, psychology, game"	"$0.20"	"Sun Apr 06 03:17:02 PDT 2014"	"250"	"0"	"0"	"250"	"Reviewable"	"NotReviewed"	"1 scales"	"600"	"60000"	"Sun Apr 13 03:17:02 PDT 2014"	"S11149"	"Approved"	""	"""pizza"""	"""mushrooms"""	"""peppers"""	"""olives"""	"""right"""	"""left"""	"0"	"-1"	"0"	"1"	"8"	"0"	"0"	"""2"""	"""1"""	"""TRUE"""	"""foil"""	"""FALSE"""	"-1"	"-1"	"-1"	"-1"	"-1"	"-1"	"""Bob and the pizzas he eats."""	""""""	"""27"""	"""m"""	"1"	"0"
"What is he talking about? (1-2 mins)"	"Short and fun! A 1-2 minute word game about what someone is talking about."	"experiment, psychology, game"	"$0.20"	"Sun Apr 06 03:17:02 PDT 2014"	"250"	"0"	"0"	"250"	"Reviewable"	"NotReviewed"	"1 scales"	"600"	"60000"	"Sun Apr 13 03:17:02 PDT 2014"	"S36938"	"Approved"	""	"""friend"""	"""mustache"""	"""hat"""	"""glasses"""	"""right"""	"""left"""	"0"	"-1"	"0"	"1"	"8"	"0"	"0"	"""2"""	"""1"""	"""TRUE"""	"""foil"""	"""FALSE"""	"-1"	"-1"	"-1"	"-1"	"-1"	"-1"	"""What is he talking about?"""	"""What is this survey really about?"""	"""23"""	"""f"""	"1"	"0"
"What is he talking about? (1-2 mins)"	"Short and fun! A 1-2 minute word game about what someone is talking about."	"experiment, psychology, game"	"$0.20"	"Sun Apr 06 03:17:02 PDT 2014"	"250"	"0"	"0"	"250"	"Reviewable"	"NotReviewed"	"1 scales"	"600"	"60000"	"Sun Apr 13 03:17:02 PDT 2014"	"S33696"	"Approved"	""	"""snowman"""	"""hat"""	"""mittens"""	"""scarf"""	"""right"""	"""middle"""	"0"	"-1"	"0"	"1"	"7"	"0"	"0"	"""2"""	"""1"""	"""TRUE"""	"""logical"""	"""FALSE"""	"-1"	"-1"	"-1"	"-1"	"-1"	"-1"	"""It's about Bob, he makes snowmen."""	""""""	"""37"""	"""m"""	"1"	"0"
"What is he talking about? (1-2 mins)"	"Short and fun! A 1-2 minute word game about what someone is talking about."	"experiment, psychology, game"	"$0.20"	"Sun Apr 06 03:17:02 PDT 2014"	"250"	"0"	"0"	"250"	"Reviewable"	"NotReviewed"	"1 scales"	"600"	"60000"	"Sun Apr 13 03:17:02 PDT 2014"	"S37982"	"Approved"	""	"""snowman"""	"""scarf"""	"""mittens"""	"""hat"""	"""right"""	"""middle"""	"0"	"-1"	"0"	"1"	"8"	"0"	"0"	"""2"""	"""1"""	"""TRUE"""	"""foil"""	"""FALSE"""	"-1"	"-1"	"-1"	"-1"	"-1"	"-1"	"""Snowman feature identification."""	"""No"""	"""33"""	"""m"""	"1"	"0"
"What is he talking about? (1-2 mins)"	"Short and fun! A 1-2 minute word game about what someone is talking about."	"experiment, psychology, game"	"$0.20"	"Sun Apr 06 03:17:02 PDT 2014"	"250"	"0"	"0"	"250"	"Reviewable"	"NotReviewed"	"1 scales"	"600"	"60000"	"Sun Apr 13 03:17:02 PDT 2014"	"S10631"	"Approved"	""	"""sundae"""	"""cherry"""	"""whipped cream"""	"""chocolate"""	"""right"""	"""left"""	"0"	"-1"	"0"	"1"	"7"	"0"	"0"	"""2"""	"""1"""	"""TRUE"""	"""logical"""	"""FALSE"""	"-1"	"-1"	"-1"	"-1"	"-1"	"-1"	"""what bob likes"""	""""""	"""53"""	"""m"""	"1"	"0"
"What is he talking about? (1-2 mins)"	"Short and fun! A 1-2 minute word game about what someone is talking about."	"experiment, psychology, game"	"$0.20"	"Sun Apr 06 03:17:02 PDT 2014"	"250"	"0"	"0"	"250"	"Reviewable"	"NotReviewed"	"1 scales"	"600"	"60000"	"Sun Apr 13 03:17:02 PDT 2014"	"S66489"	"Approved"	""	"""boat"""	"""motor"""	"""cabin"""	"""sail"""	"""left"""	"""middle"""	"0"	"-1"	"0"	"1"	"7"	"0"	"0"	"""2"""	"""1"""	"""TRUE"""	"""logical"""	"""FALSE"""	"-1"	"-1"	"-1"	"-1"	"-1"	"-1"	"""Bob's boats"""	"""Nope"""	"""27"""	"""m"""	"1"	"0"
"What is he talking about? (1-2 mins)"	"Short and fun! A 1-2 minute word game about what someone is talking about."	"experiment, psychology, game"	"$0.20"	"Sun Apr 06 03:17:02 PDT 2014"	"250"	"0"	"0"	"250"	"Reviewable"	"NotReviewed"	"1 scales"	"600"	"60000"	"Sun Apr 13 03:17:02 PDT 2014"	"S37043"	"Approved"	""	"""friend"""	"""hat"""	"""mustache"""	"""glasses"""	"""right"""	"""middle"""	"0"	"-1"	"0"	"1"	"8"	"0"	"0"	"""2"""	"""1"""	"""TRUE"""	"""foil"""	"""FALSE"""	"-1"	"-1"	"-1"	"-1"	"-1"	"-1"	"""Visual Cognition"""	""""""	"""50"""	"""M"""	"1"	"0"
"What is he talking about? (1-2 mins)"	"Short and fun! A 1-2 minute word game about what someone is talking about."	"experiment, psychology, game"	"$0.20"	"Sun Apr 06 03:17:02 PDT 2014"	"250"	"0"	"0"	"250"	"Reviewable"	"NotReviewed"	"1 scales"	"600"	"60000"	"Sun Apr 13 03:17:02 PDT 2014"	"S85340"	"Approved"	""	"""sundae"""	"""chocolate"""	"""cherry"""	"""whipped cream"""	"""middle"""	"""left"""	"0"	"-1"	"0"	"1"	"8"	"0"	"0"	"""2"""	"""1"""	"""TRUE"""	"""foil"""	"""FALSE"""	"-1"	"-1"	"-1"	"-1"	"-1"	"-1"	"""Ice Cream"""	""""""	"""27"""	"""m"""	"1"	"0"
"What is he talking about? (1-2 mins)"	"Short and fun! A 1-2 minute word game about what someone is talking about."	"experiment, psychology, game"	"$0.20"	"Sun Apr 06 03:17:02 PDT 2014"	"250"	"0"	"0"	"250"	"Reviewable"	"NotReviewed"	"1 scales"	"600"	"60000"	"Sun Apr 13 03:17:02 PDT 2014"	"S23837"	"Approved"	""	"""snowman"""	"""mittens"""	"""hat"""	"""scarf"""	"""middle"""	"""right"""	"0"	"-1"	"0"	"1"	"8"	"0"	"0"	"""2"""	"""1"""	"""TRUE"""	"""foil"""	"""FALSE"""	"-1"	"-1"	"-1"	"-1"	"-1"	"-1"	"""decide what makes Bob happy"""	"""no"""	"""54"""	"""f"""	"1"	"0"
"What is he talking about? (1-2 mins)"	"Short and fun! A 1-2 minute word game about what someone is talking about."	"experiment, psychology, game"	"$0.20"	"Sun Apr 06 03:17:02 PDT 2014"	"250"	"0"	"0"	"250"	"Reviewable"	"NotReviewed"	"1 scales"	"600"	"60000"	"Sun Apr 13 03:17:02 PDT 2014"	"S76334"	"Approved"	""	"""snowman"""	"""mittens"""	"""hat"""	"""scarf"""	"""left"""	"""right"""	"0"	"-1"	"0"	"1"	"7"	"0"	"0"	"""2"""	"""1"""	"""TRUE"""	"""logical"""	"""FALSE"""	"-1"	"-1"	"-1"	"-1"	"-1"	"-1"	"""Bob making snowmen"""	""""""	"""28"""	"""F"""	"1"	"0"
"What is he talking about? (1-2 mins)"	"Short and fun! A 1-2 minute word game about what someone is talking about."	"experiment, psychology, game"	"$0.20"	"Sun Apr 06 03:17:02 PDT 2014"	"250"	"0"	"0"	"250"	"Reviewable"	"NotReviewed"	"1 scales"	"600"	"60000"	"Sun Apr 13 03:17:02 PDT 2014"	"S62865"	"Approved"	""	"""snowman"""	"""hat"""	"""scarf"""	"""mittens"""	"""middle"""	"""left"""	"0"	"-1"	"0"	"1"	"8"	"0"	"0"	"""2"""	"""1"""	"""TRUE"""	"""foil"""	"""FALSE"""	"-1"	"-1"	"-1"	"-1"	"-1"	"-1"	"""Identifying subjects based on limited information."""	"""No."""	"""31"""	"""m"""	"1"	"0"
"What is he talking about? (1-2 mins)"	"Short and fun! A 1-2 minute word game about what someone is talking about."	"experiment, psychology, game"	"$0.20"	"Sun Apr 06 03:17:02 PDT 2014"	"250"	"0"	"0"	"250"	"Reviewable"	"NotReviewed"	"1 scales"	"600"	"60000"	"Sun Apr 13 03:17:02 PDT 2014"	"S40943"	"Approved"	""	"""sundae"""	"""whipped cream"""	"""chocolate"""	"""cherry"""	"""left"""	"""middle"""	"0"	"-1"	"0"	"1"	"8"	"0"	"0"	"""2"""	"""1"""	"""TRUE"""	"""foil"""	"""FALSE"""	"-1"	"-1"	"-1"	"-1"	"-1"	"-1"	"""Sundaes"""	""""""	"""23"""	"""f"""	"1"	"0"
"What is he talking about? (1-2 mins)"	"Short and fun! A 1-2 minute word game about what someone is talking about."	"experiment, psychology, game"	"$0.20"	"Sun Apr 06 03:17:02 PDT 2014"	"250"	"0"	"0"	"250"	"Reviewable"	"NotReviewed"	"1 scales"	"600"	"60000"	"Sun Apr 13 03:17:02 PDT 2014"	"S69330"	"Approved"	""	"""Christmas tree"""	"""lights"""	"""star"""	"""ornaments"""	"""middle"""	"""left"""	"0"	"-1"	"0"	"1"	"7"	"0"	"0"	"""2"""	"""1"""	"""TRUE"""	"""foil"""	"""FALSE"""	"-1"	"-1"	"-1"	"-1"	"-1"	"-1"	"""Bob trimming christmas trees"""	""""""	"""24"""	"""M"""	"1"	"0"
"What is he talking about? (1-2 mins)"	"Short and fun! A 1-2 minute word game about what someone is talking about."	"experiment, psychology, game"	"$0.20"	"Sun Apr 06 03:17:02 PDT 2014"	"250"	"0"	"0"	"250"	"Reviewable"	"NotReviewed"	"1 scales"	"600"	"60000"	"Sun Apr 13 03:17:02 PDT 2014"	"S30149"	"Approved"	""	"""Christmas tree"""	"""ornaments"""	"""lights"""	"""star"""	"""right"""	"""left"""	"0"	"-1"	"0"	"1"	"7"	"0"	"0"	"""2"""	"""1"""	"""TRUE"""	"""logical"""	"""FALSE"""	"-1"	"-1"	"-1"	"-1"	"-1"	"-1"	"""not sure"""	""""""	"""22"""	"""m"""	"1"	"0"
"What is he talking about? (1-2 mins)"	"Short and fun! A 1-2 minute word game about what someone is talking about."	"experiment, psychology, game"	"$0.20"	"Sun Apr 06 03:17:02 PDT 2014"	"250"	"0"	"0"	"250"	"Reviewable"	"NotReviewed"	"1 scales"	"600"	"60000"	"Sun Apr 13 03:17:02 PDT 2014"	"S08875"	"Approved"	""	"""snowman"""	"""mittens"""	"""scarf"""	"""hat"""	"""right"""	"""middle"""	"0"	"-1"	"0"	"1"	"8"	"0"	"0"	"""2"""	"""1"""	"""TRUE"""	"""foil"""	"""FALSE"""	"-1"	"-1"	"-1"	"-1"	"-1"	"-1"	"""No idea"""	""""""	"""33"""	"""Female"""	"1"	"0"
"What is he talking about? (1-2 mins)"	"Short and fun! A 1-2 minute word game about what someone is talking about."	"experiment, psychology, game"	"$0.20"	"Sun Apr 06 03:17:02 PDT 2014"	"250"	"0"	"0"	"250"	"Reviewable"	"NotReviewed"	"1 scales"	"600"	"60000"	"Sun Apr 13 03:17:02 PDT 2014"	"S61597"	"Approved"	""	"""pizza"""	"""olives"""	"""mushrooms"""	"""peppers"""	"""middle"""	"""left"""	"0"	"-1"	"0"	"1"	"8"	"0"	"0"	"""2"""	"""1"""	"""TRUE"""	"""foil"""	"""FALSE"""	"-1"	"-1"	"-1"	"-1"	"-1"	"-1"	"""Making judgments about others with limited information. """	"""No."""	"""52"""	"""m"""	"1"	"0"
"What is he talking about? (1-2 mins)"	"Short and fun! A 1-2 minute word game about what someone is talking about."	"experiment, psychology, game"	"$0.20"	"Sun Apr 06 03:17:02 PDT 2014"	"250"	"0"	"0"	"250"	"Reviewable"	"NotReviewed"	"1 scales"	"600"	"60000"	"Sun Apr 13 03:17:02 PDT 2014"	"S07360"	"Approved"	""	"""Christmas tree"""	"""ornaments"""	"""lights"""	"""star"""	"""left"""	"""middle"""	"0"	"-1"	"0"	"1"	"7"	"0"	"0"	"""2"""	"""2"""	"""TRUE"""	"""logical"""	"""FALSE"""	"-1"	"-1"	"-1"	"-1"	"-1"	"-1"	"""Christmas trees"""	"""None"""	"""26"""	"""m"""	"1"	"0"
"What is he talking about? (1-2 mins)"	"Short and fun! A 1-2 minute word game about what someone is talking about."	"experiment, psychology, game"	"$0.20"	"Sun Apr 06 03:17:02 PDT 2014"	"250"	"0"	"0"	"250"	"Reviewable"	"NotReviewed"	"1 scales"	"600"	"60000"	"Sun Apr 13 03:17:02 PDT 2014"	"S16470"	"Approved"	""	"""Christmas tree"""	"""lights"""	"""star"""	"""ornaments"""	"""left"""	"""middle"""	"0"	"-1"	"0"	"1"	"8"	"0"	"0"	"""2"""	"""1"""	"""TRUE"""	"""logical"""	"""FALSE"""	"-1"	"-1"	"-1"	"-1"	"-1"	"-1"	"""Bob and his like for trimming Christmas trees"""	""""""	"""29"""	"""m"""	"1"	"0"
"What is he talking about? (1-2 mins)"	"Short and fun! A 1-2 minute word game about what someone is talking about."	"experiment, psychology, game"	"$0.20"	"Sun Apr 06 03:17:02 PDT 2014"	"250"	"0"	"0"	"250"	"Reviewable"	"NotReviewed"	"1 scales"	"600"	"60000"	"Sun Apr 13 03:17:02 PDT 2014"	"S32482"	"Approved"	""	"""pizza"""	"""peppers"""	"""mushrooms"""	"""olives"""	"""right"""	"""left"""	"0"	"-1"	"0"	"1"	"7"	"0"	"0"	"""2"""	"""1"""	"""TRUE"""	"""target"""	"""TRUE"""	"-1"	"-1"	"-1"	"-1"	"-1"	"-1"	"""To see how people perceive what others say or do"""	"""None"""	"""23"""	"""m"""	"1"	"0"
"What is he talking about? (1-2 mins)"	"Short and fun! A 1-2 minute word game about what someone is talking about."	"experiment, psychology, game"	"$0.20"	"Sun Apr 06 03:17:02 PDT 2014"	"250"	"0"	"0"	"250"	"Reviewable"	"NotReviewed"	"1 scales"	"600"	"60000"	"Sun Apr 13 03:17:02 PDT 2014"	"S02745"	"Approved"	""	"""pizza"""	"""peppers"""	"""mushrooms"""	"""olives"""	"""left"""	"""middle"""	"0"	"-1"	"0"	"1"	"7"	"0"	"0"	"""2"""	"""1"""	"""TRUE"""	"""target"""	"""TRUE"""	"-1"	"-1"	"-1"	"-1"	"-1"	"-1"	"""I'm not sure"""	"""No"""	"""33"""	"""f"""	"1"	"0"
"What is he talking about? (1-2 mins)"	"Short and fun! A 1-2 minute word game about what someone is talking about."	"experiment, psychology, game"	"$0.20"	"Sun Apr 06 03:17:02 PDT 2014"	"250"	"0"	"0"	"250"	"Reviewable"	"NotReviewed"	"1 scales"	"600"	"60000"	"Sun Apr 13 03:17:02 PDT 2014"	"S83713"	"Approved"	""	"""pizza"""	"""mushrooms"""	"""peppers"""	"""olives"""	"""right"""	"""left"""	"0"	"-1"	"0"	"1"	"8"	"0"	"0"	"""2"""	"""1"""	"""TRUE"""	"""foil"""	"""FALSE"""	"-1"	"-1"	"-1"	"-1"	"-1"	"-1"	"""I have no idea"""	""""""	"""41"""	"""m"""	"1"	"0"
"What is he talking about? (1-2 mins)"	"Short and fun! A 1-2 minute word game about what someone is talking about."	"experiment, psychology, game"	"$0.20"	"Sun Apr 06 03:17:02 PDT 2014"	"250"	"0"	"0"	"250"	"Reviewable"	"NotReviewed"	"1 scales"	"600"	"60000"	"Sun Apr 13 03:17:02 PDT 2014"	"S24278"	"Approved"	""	"""boat"""	"""motor"""	"""sail"""	"""cabin"""	"""middle"""	"""right"""	"0"	"-1"	"0"	"1"	"8"	"0"	"0"	"""2"""	"""1"""	"""TRUE"""	"""foil"""	"""FALSE"""	"-1"	"-1"	"-1"	"-1"	"-1"	"-1"	"""Bob boats."""	"""No."""	""""""	""""""	"1"	"0"
"What is he talking about? (1-2 mins)"	"Short and fun! A 1-2 minute word game about what someone is talking about."	"experiment, psychology, game"	"$0.20"	"Sun Apr 06 03:17:02 PDT 2014"	"250"	"0"	"0"	"250"	"Reviewable"	"NotReviewed"	"1 scales"	"600"	"60000"	"Sun Apr 13 03:17:02 PDT 2014"	"S35880"	"Approved"	""	"""snowman"""	"""mittens"""	"""hat"""	"""scarf"""	"""middle"""	"""left"""	"0"	"-1"	"0"	"1"	"8"	"0"	"0"	"""2"""	"""1"""	"""TRUE"""	"""foil"""	"""FALSE"""	"-1"	"-1"	"-1"	"-1"	"-1"	"-1"	"""don't know"""	""""""	"""37"""	"""f"""	"1"	"0"
"What is he talking about? (1-2 mins)"	"Short and fun! A 1-2 minute word game about what someone is talking about."	"experiment, psychology, game"	"$0.20"	"Sun Apr 06 03:17:02 PDT 2014"	"250"	"0"	"0"	"250"	"Reviewable"	"NotReviewed"	"1 scales"	"600"	"60000"	"Sun Apr 13 03:17:02 PDT 2014"	"S22796"	"Approved"	""	"""sundae"""	"""whipped cream"""	"""chocolate"""	"""cherry"""	"""left"""	"""right"""	"0"	"-1"	"0"	"1"	"8"	"0"	"0"	"""2"""	"""1"""	"""TRUE"""	"""target"""	"""TRUE"""	"-1"	"-1"	"-1"	"-1"	"-1"	"-1"	"""which ice cream bob likes."""	"""nothing it all worked fine."""	"""27"""	"""m"""	"1"	"0"
"What is he talking about? (1-2 mins)"	"Short and fun! A 1-2 minute word game about what someone is talking about."	"experiment, psychology, game"	"$0.20"	"Sun Apr 06 03:17:02 PDT 2014"	"250"	"0"	"0"	"250"	"Reviewable"	"NotReviewed"	"1 scales"	"600"	"60000"	"Sun Apr 13 03:17:02 PDT 2014"	"S40345"	"Approved"	""	"""friend"""	"""glasses"""	"""hat"""	"""mustache"""	"""middle"""	"""right"""	"0"	"-1"	"0"	"1"	"8"	"0"	"0"	"""2"""	"""1"""	"""TRUE"""	"""target"""	"""TRUE"""	"-1"	"-1"	"-1"	"-1"	"-1"	"-1"	"""Judgements on appearance"""	""""""	"""23"""	"""f"""	"1"	"0"
"What is he talking about? (1-2 mins)"	"Short and fun! A 1-2 minute word game about what someone is talking about."	"experiment, psychology, game"	"$0.20"	"Sun Apr 06 03:17:02 PDT 2014"	"250"	"0"	"0"	"250"	"Reviewable"	"NotReviewed"	"1 scales"	"600"	"60000"	"Sun Apr 13 03:17:02 PDT 2014"	"S49802"	"Approved"	""	"""sundae"""	"""whipped cream"""	"""cherry"""	"""chocolate"""	"""left"""	"""middle"""	"0"	"-1"	"0"	"1"	"8"	"0"	"0"	"""2"""	"""1"""	"""TRUE"""	"""foil"""	"""FALSE"""	"-1"	"-1"	"-1"	"-1"	"-1"	"-1"	"""sundaes """	""""""	""""""	"""m"""	"1"	"0"
"What is he talking about? (1-2 mins)"	"Short and fun! A 1-2 minute word game about what someone is talking about."	"experiment, psychology, game"	"$0.20"	"Sun Apr 06 03:17:02 PDT 2014"	"250"	"0"	"0"	"250"	"Reviewable"	"NotReviewed"	"1 scales"	"600"	"60000"	"Sun Apr 13 03:17:02 PDT 2014"	"S94519"	"Approved"	""	"""friend"""	"""glasses"""	"""mustache"""	"""hat"""	"""left"""	"""middle"""	"0"	"-1"	"0"	"1"	"8"	"0"	"0"	"""2"""	"""1"""	"""TRUE"""	"""target"""	"""TRUE"""	"-1"	"-1"	"-1"	"-1"	"-1"	"-1"	"""Which of Bob's friends had certain physical appearances and which he liked the least."""	"""Interesting study!"""	"""25"""	"""m"""	"1"	"0"
"What is he talking about? (1-2 mins)"	"Short and fun! A 1-2 minute word game about what someone is talking about."	"experiment, psychology, game"	"$0.20"	"Sun Apr 06 03:17:02 PDT 2014"	"250"	"0"	"0"	"250"	"Reviewable"	"NotReviewed"	"1 scales"	"600"	"60000"	"Sun Apr 13 03:17:02 PDT 2014"	"S61345"	"Approved"	""	"""snowman"""	"""scarf"""	"""hat"""	"""mittens"""	"""middle"""	"""left"""	"0"	"-1"	"0"	"1"	"8"	"0"	"0"	"""2"""	"""1"""	"""TRUE"""	"""foil"""	"""FALSE"""	"-1"	"-1"	"-1"	"-1"	"-1"	"-1"	"""Bob decerating snowmen"""	"""fun pictures"""	"""30"""	"""M"""	"1"	"0"
"What is he talking about? (1-2 mins)"	"Short and fun! A 1-2 minute word game about what someone is talking about."	"experiment, psychology, game"	"$0.20"	"Sun Apr 06 03:17:02 PDT 2014"	"250"	"0"	"0"	"250"	"Reviewable"	"NotReviewed"	"1 scales"	"600"	"60000"	"Sun Apr 13 03:17:02 PDT 2014"	"S79792"	"Approved"	""	"""boat"""	"""motor"""	"""sail"""	"""cabin"""	"""left"""	"""right"""	"0"	"-1"	"0"	"1"	"8"	"0"	"0"	"""2"""	"""1"""	"""TRUE"""	"""foil"""	"""FALSE"""	"-1"	"-1"	"-1"	"-1"	"-1"	"-1"	"""bob renting boats"""	""""""	"""34"""	"""female"""	"1"	"0"
"What is he talking about? (1-2 mins)"	"Short and fun! A 1-2 minute word game about what someone is talking about."	"experiment, psychology, game"	"$0.20"	"Sun Apr 06 03:17:02 PDT 2014"	"250"	"0"	"0"	"250"	"Reviewable"	"NotReviewed"	"1 scales"	"600"	"60000"	"Sun Apr 13 03:17:02 PDT 2014"	"S81137"	"Approved"	""	"""sundae"""	"""cherry"""	"""chocolate"""	"""whipped cream"""	"""left"""	"""middle"""	"0"	"-1"	"0"	"1"	"8"	"0"	"0"	"""2"""	"""1"""	"""TRUE"""	"""foil"""	"""FALSE"""	"-1"	"-1"	"-1"	"-1"	"-1"	"-1"	"""Bob and his eating habits."""	""""""	"""21"""	"""f"""	"1"	"0"
"What is he talking about? (1-2 mins)"	"Short and fun! A 1-2 minute word game about what someone is talking about."	"experiment, psychology, game"	"$0.20"	"Sun Apr 06 03:17:02 PDT 2014"	"250"	"0"	"0"	"250"	"Reviewable"	"NotReviewed"	"1 scales"	"600"	"60000"	"Sun Apr 13 03:17:02 PDT 2014"	"S85325"	"Approved"	""	"""Christmas tree"""	"""lights"""	"""ornaments"""	"""star"""	"""middle"""	"""left"""	"0"	"-1"	"0"	"1"	"8"	"0"	"0"	"""2"""	"""1"""	"""TRUE"""	"""logical"""	"""FALSE"""	"-1"	"-1"	"-1"	"-1"	"-1"	"-1"	"""Answering questions about Bob's trimmed Christmas trees."""	""""""	"""20"""	"""m"""	"1"	"0"
"What is he talking about? (1-2 mins)"	"Short and fun! A 1-2 minute word game about what someone is talking about."	"experiment, psychology, game"	"$0.20"	"Sun Apr 06 03:17:02 PDT 2014"	"250"	"0"	"0"	"250"	"Reviewable"	"NotReviewed"	"1 scales"	"600"	"60000"	"Sun Apr 13 03:17:02 PDT 2014"	"S45875"	"Approved"	""	"""friend"""	"""glasses"""	"""hat"""	"""mustache"""	"""left"""	"""right"""	"0"	"-1"	"0"	"1"	"8"	"0"	"0"	"""2"""	"""1"""	"""TRUE"""	"""foil"""	"""FALSE"""	"-1"	"-1"	"-1"	"-1"	"-1"	"-1"	"""Bob's friends that he visits on Sundays"""	""""""	"""30"""	"""m"""	"1"	"0"
"What is he talking about? (1-2 mins)"	"Short and fun! A 1-2 minute word game about what someone is talking about."	"experiment, psychology, game"	"$0.20"	"Sun Apr 06 03:17:02 PDT 2014"	"250"	"0"	"0"	"250"	"Reviewable"	"NotReviewed"	"1 scales"	"600"	"60000"	"Sun Apr 13 03:17:02 PDT 2014"	"S36189"	"Approved"	""	"""snowman"""	"""mittens"""	"""scarf"""	"""hat"""	"""left"""	"""middle"""	"0"	"-1"	"0"	"1"	"7"	"0"	"0"	"""2"""	"""1"""	"""TRUE"""	"""logical"""	"""FALSE"""	"-1"	"-1"	"-1"	"-1"	"-1"	"-1"	"""Bob and his love for snowman."""	"""thanks!"""	"""36"""	"""m"""	"1"	"0"
"What is he talking about? (1-2 mins)"	"Short and fun! A 1-2 minute word game about what someone is talking about."	"experiment, psychology, game"	"$0.20"	"Sun Apr 06 03:17:02 PDT 2014"	"250"	"0"	"0"	"250"	"Reviewable"	"NotReviewed"	"1 scales"	"600"	"60000"	"Sun Apr 13 03:17:02 PDT 2014"	"S69021"	"Approved"	""	"""sundae"""	"""whipped cream"""	"""cherry"""	"""chocolate"""	"""right"""	"""middle"""	"0"	"-1"	"0"	"1"	"7"	"0"	"0"	"""2"""	"""1"""	"""TRUE"""	"""logical"""	"""FALSE"""	"-1"	"-1"	"-1"	"-1"	"-1"	"-1"	"""Sundaes and preference """	"""None"""	"""21"""	"""m"""	"1"	"0"
"What is he talking about? (1-2 mins)"	"Short and fun! A 1-2 minute word game about what someone is talking about."	"experiment, psychology, game"	"$0.20"	"Sun Apr 06 03:17:02 PDT 2014"	"250"	"0"	"0"	"250"	"Reviewable"	"NotReviewed"	"1 scales"	"600"	"60000"	"Sun Apr 13 03:17:02 PDT 2014"	"S61009"	"Approved"	""	"""snowman"""	"""scarf"""	"""hat"""	"""mittens"""	"""left"""	"""middle"""	"0"	"-1"	"0"	"1"	"7"	"0"	"0"	"""2"""	"""1"""	"""FALSE"""	"""logical"""	"""FALSE"""	"-1"	"-1"	"-1"	"-1"	"-1"	"-1"	"""judge a person"""	"""No"""	"""38"""	"""F"""	"1"	"0"
"What is he talking about? (1-2 mins)"	"Short and fun! A 1-2 minute word game about what someone is talking about."	"experiment, psychology, game"	"$0.20"	"Sun Apr 06 03:17:02 PDT 2014"	"250"	"0"	"0"	"250"	"Reviewable"	"NotReviewed"	"1 scales"	"600"	"60000"	"Sun Apr 13 03:17:02 PDT 2014"	"S06171"	"Approved"	""	"""Christmas tree"""	"""ornaments"""	"""lights"""	"""star"""	"""left"""	"""right"""	"0"	"-1"	"0"	"1"	"8"	"0"	"0"	"""2"""	"""1"""	"""TRUE"""	"""logical"""	"""FALSE"""	"-1"	"-1"	"-1"	"-1"	"-1"	"-1"	"""Making choices bases on a small piece of information."""	"""Interesting survey."""	"""31"""	"""m"""	"1"	"0"
"What is he talking about? (1-2 mins)"	"Short and fun! A 1-2 minute word game about what someone is talking about."	"experiment, psychology, game"	"$0.20"	"Sun Apr 06 03:17:02 PDT 2014"	"250"	"0"	"0"	"250"	"Reviewable"	"NotReviewed"	"1 scales"	"600"	"60000"	"Sun Apr 13 03:17:02 PDT 2014"	"S01987"	"Approved"	""	"""friend"""	"""glasses"""	"""mustache"""	"""hat"""	"""right"""	"""left"""	"0"	"-1"	"0"	"1"	"7"	"0"	"0"	"""2"""	"""1"""	"""TRUE"""	"""logical"""	"""FALSE"""	"-1"	"-1"	"-1"	"-1"	"-1"	"-1"	"""Friends"""	""""""	"""45"""	"""m"""	"1"	"0"
"What is he talking about? (1-2 mins)"	"Short and fun! A 1-2 minute word game about what someone is talking about."	"experiment, psychology, game"	"$0.20"	"Sun Apr 06 03:17:02 PDT 2014"	"250"	"0"	"0"	"250"	"Reviewable"	"NotReviewed"	"1 scales"	"600"	"60000"	"Sun Apr 13 03:17:02 PDT 2014"	"S13430"	"Approved"	""	"""friend"""	"""glasses"""	"""hat"""	"""mustache"""	"""middle"""	"""left"""	"0"	"-1"	"0"	"1"	"8"	"0"	"0"	"""2"""	"""1"""	"""TRUE"""	"""foil"""	"""FALSE"""	"-1"	"-1"	"-1"	"-1"	"-1"	"-1"	"""who bob visits."""	"""Thanks!"""	"""30"""	"""M"""	"1"	"0"
"What is he talking about? (1-2 mins)"	"Short and fun! A 1-2 minute word game about what someone is talking about."	"experiment, psychology, game"	"$0.20"	"Sun Apr 06 03:17:02 PDT 2014"	"250"	"0"	"0"	"250"	"Reviewable"	"NotReviewed"	"1 scales"	"600"	"60000"	"Sun Apr 13 03:17:02 PDT 2014"	"S49895"	"Approved"	""	"""snowman"""	"""hat"""	"""mittens"""	"""scarf"""	"""middle"""	"""right"""	"0"	"-1"	"0"	"1"	"8"	"0"	"0"	"""2"""	"""1"""	"""TRUE"""	"""foil"""	"""FALSE"""	"-1"	"-1"	"-1"	"-1"	"-1"	"-1"	"""Snowmen preferences"""	""""""	"""19"""	"""F"""	"1"	"0"
"What is he talking about? (1-2 mins)"	"Short and fun! A 1-2 minute word game about what someone is talking about."	"experiment, psychology, game"	"$0.20"	"Sun Apr 06 03:17:02 PDT 2014"	"250"	"0"	"0"	"250"	"Reviewable"	"NotReviewed"	"1 scales"	"600"	"60000"	"Sun Apr 13 03:17:02 PDT 2014"	"S13571"	"Approved"	""	"""boat"""	"""cabin"""	"""sail"""	"""motor"""	"""right"""	"""middle"""	"0"	"-1"	"0"	"1"	"7"	"0"	"0"	"""2"""	"""1"""	"""TRUE"""	"""target"""	"""TRUE"""	"-1"	"-1"	"-1"	"-1"	"-1"	"-1"	"""Boat renting"""	"""No."""	"""19"""	"""M"""	"1"	"0"
"What is he talking about? (1-2 mins)"	"Short and fun! A 1-2 minute word game about what someone is talking about."	"experiment, psychology, game"	"$0.20"	"Sun Apr 06 03:17:02 PDT 2014"	"250"	"0"	"0"	"250"	"Reviewable"	"NotReviewed"	"1 scales"	"600"	"60000"	"Sun Apr 13 03:17:02 PDT 2014"	"S89249"	"Approved"	""	"""pizza"""	"""peppers"""	"""olives"""	"""mushrooms"""	"""right"""	"""middle"""	"0"	"-1"	"0"	"1"	"8"	"0"	"0"	"""2"""	"""1"""	"""TRUE"""	"""foil"""	"""FALSE"""	"-1"	"-1"	"-1"	"-1"	"-1"	"-1"	"""Bob and what kind of pizza he eats"""	"""no"""	"""52"""	"""m"""	"1"	"0"
"What is he talking about? (1-2 mins)"	"Short and fun! A 1-2 minute word game about what someone is talking about."	"experiment, psychology, game"	"$0.20"	"Sun Apr 06 03:17:02 PDT 2014"	"250"	"0"	"0"	"250"	"Reviewable"	"NotReviewed"	"1 scales"	"600"	"60000"	"Sun Apr 13 03:17:02 PDT 2014"	"S74378"	"Approved"	""	"""pizza"""	"""peppers"""	"""mushrooms"""	"""olives"""	"""left"""	"""middle"""	"0"	"-1"	"0"	"1"	"7"	"0"	"0"	"""2"""	"""1"""	"""TRUE"""	"""foil"""	"""FALSE"""	"-1"	"-1"	"-1"	"-1"	"-1"	"-1"	"""What kind of pizza Bob likes."""	"""Very quick and fun survey"""	"""33"""	"""m"""	"1"	"0"
"What is he talking about? (1-2 mins)"	"Short and fun! A 1-2 minute word game about what someone is talking about."	"experiment, psychology, game"	"$0.20"	"Sun Apr 06 03:17:02 PDT 2014"	"250"	"0"	"0"	"250"	"Reviewable"	"NotReviewed"	"1 scales"	"600"	"60000"	"Sun Apr 13 03:17:02 PDT 2014"	"S31907"	"Approved"	""	"""pizza"""	"""olives"""	"""peppers"""	"""mushrooms"""	"""right"""	"""middle"""	"0"	"-1"	"0"	"1"	"8"	"0"	"0"	"""2"""	"""1"""	"""TRUE"""	"""foil"""	"""FALSE"""	"-1"	"-1"	"-1"	"-1"	"-1"	"-1"	"""Pizza"""	""""""	"""19"""	"""F"""	"1"	"0"
"What is he talking about? (1-2 mins)"	"Short and fun! A 1-2 minute word game about what someone is talking about."	"experiment, psychology, game"	"$0.20"	"Sun Apr 06 03:17:02 PDT 2014"	"250"	"0"	"0"	"250"	"Reviewable"	"NotReviewed"	"1 scales"	"600"	"60000"	"Sun Apr 13 03:17:02 PDT 2014"	"S79981"	"Approved"	""	"""Christmas tree"""	"""lights"""	"""star"""	"""ornaments"""	"""right"""	"""middle"""	"0"	"-1"	"0"	"1"	"8"	"0"	"0"	"""2"""	"""1"""	"""TRUE"""	"""foil"""	"""FALSE"""	"-1"	"-1"	"-1"	"-1"	"-1"	"-1"	"""Honestly can't really tell from length. I assume opinion on individual's behavior and preference based on that behavior?"""	""""""	"""23"""	"""m"""	"1"	"0"
"What is he talking about? (1-2 mins)"	"Short and fun! A 1-2 minute word game about what someone is talking about."	"experiment, psychology, game"	"$0.20"	"Sun Apr 06 03:17:02 PDT 2014"	"250"	"0"	"0"	"250"	"Reviewable"	"NotReviewed"	"1 scales"	"600"	"60000"	"Sun Apr 13 03:17:02 PDT 2014"	"S97902"	"Approved"	""	"""boat"""	"""motor"""	"""sail"""	"""cabin"""	"""left"""	"""right"""	"0"	"-1"	"0"	"1"	"8"	"0"	"0"	"""2"""	"""1"""	"""TRUE"""	"""logical"""	"""FALSE"""	"-1"	"-1"	"-1"	"-1"	"-1"	"-1"	"""bob renting a boat"""	"""no"""	"""56"""	"""female"""	"1"	"0"
"What is he talking about? (1-2 mins)"	"Short and fun! A 1-2 minute word game about what someone is talking about."	"experiment, psychology, game"	"$0.20"	"Sun Apr 06 03:17:02 PDT 2014"	"250"	"0"	"0"	"250"	"Reviewable"	"NotReviewed"	"1 scales"	"600"	"60000"	"Sun Apr 13 03:17:02 PDT 2014"	"S45342"	"Approved"	""	"""snowman"""	"""hat"""	"""mittens"""	"""scarf"""	"""left"""	"""right"""	"0"	"-1"	"0"	"1"	"8"	"0"	"0"	"""2"""	"""1"""	"""TRUE"""	"""foil"""	"""FALSE"""	"-1"	"-1"	"-1"	"-1"	"-1"	"-1"	"""Snowmen?"""	"""None"""	"""24"""	"""m"""	"1"	"0"
"What is he talking about? (1-2 mins)"	"Short and fun! A 1-2 minute word game about what someone is talking about."	"experiment, psychology, game"	"$0.20"	"Sun Apr 06 03:17:02 PDT 2014"	"250"	"0"	"0"	"250"	"Reviewable"	"NotReviewed"	"1 scales"	"600"	"60000"	"Sun Apr 13 03:17:02 PDT 2014"	"S49649"	"Approved"	""	"""sundae"""	"""cherry"""	"""chocolate"""	"""whipped cream"""	"""left"""	"""middle"""	"0"	"-1"	"0"	"1"	"8"	"0"	"0"	"""2"""	"""1"""	"""TRUE"""	"""foil"""	"""FALSE"""	"-1"	"-1"	"-1"	"-1"	"-1"	"-1"	"""I have no idea, besides that I've looked at some sunadaes a child likes to eat."""	"""I have no additional substantial comments to add."""	"""25"""	"""m"""	"1"	"0"
"What is he talking about? (1-2 mins)"	"Short and fun! A 1-2 minute word game about what someone is talking about."	"experiment, psychology, game"	"$0.20"	"Sun Apr 06 03:17:02 PDT 2014"	"250"	"0"	"0"	"250"	"Reviewable"	"NotReviewed"	"1 scales"	"600"	"60000"	"Sun Apr 13 03:17:02 PDT 2014"	"S31469"	"Approved"	""	"""pizza"""	"""mushrooms"""	"""peppers"""	"""olives"""	"""middle"""	"""right"""	"0"	"-1"	"0"	"1"	"7"	"0"	"0"	"""2"""	"""1"""	"""TRUE"""	"""logical"""	"""FALSE"""	"-1"	"-1"	"-1"	"-1"	"-1"	"-1"	"""No clue"""	""""""	"""50"""	"""m"""	"1"	"0"
"What is he talking about? (1-2 mins)"	"Short and fun! A 1-2 minute word game about what someone is talking about."	"experiment, psychology, game"	"$0.20"	"Sun Apr 06 03:17:02 PDT 2014"	"250"	"0"	"0"	"250"	"Reviewable"	"NotReviewed"	"1 scales"	"600"	"60000"	"Sun Apr 13 03:17:02 PDT 2014"	"S57210"	"Approved"	""	"""sundae"""	"""chocolate"""	"""cherry"""	"""whipped cream"""	"""right"""	"""middle"""	"0"	"-1"	"0"	"1"	"8"	"0"	"0"	"""2"""	"""1"""	"""TRUE"""	"""foil"""	"""FALSE"""	"-1"	"-1"	"-1"	"-1"	"-1"	"-1"	"""Deduction I guess, using it to try and figure out which ice cream is his least favorite."""	"""n/a"""	"""33"""	"""m"""	"1"	"0"
"What is he talking about? (1-2 mins)"	"Short and fun! A 1-2 minute word game about what someone is talking about."	"experiment, psychology, game"	"$0.20"	"Sun Apr 06 03:17:02 PDT 2014"	"250"	"0"	"0"	"250"	"Reviewable"	"NotReviewed"	"1 scales"	"600"	"60000"	"Sun Apr 13 03:17:02 PDT 2014"	"S87320"	"Approved"	""	"""sundae"""	"""chocolate"""	"""whipped cream"""	"""cherry"""	"""right"""	"""middle"""	"0"	"-1"	"0"	"1"	"8"	"0"	"0"	"""2"""	"""1"""	"""TRUE"""	"""foil"""	"""FALSE"""	"-1"	"-1"	"-1"	"-1"	"-1"	"-1"	"""if you're asking literally it was about bob and his love of sundaes. otherwise i don't know"""	"""n/a"""	"""20"""	"""m"""	"1"	"0"
"What is he talking about? (1-2 mins)"	"Short and fun! A 1-2 minute word game about what someone is talking about."	"experiment, psychology, game"	"$0.20"	"Sun Apr 06 03:17:02 PDT 2014"	"250"	"0"	"0"	"250"	"Reviewable"	"NotReviewed"	"1 scales"	"600"	"60000"	"Sun Apr 13 03:17:02 PDT 2014"	"S08760"	"Approved"	""	"""Christmas tree"""	"""star"""	"""ornaments"""	"""lights"""	"""left"""	"""middle"""	"0"	"-1"	"0"	"1"	"7"	"0"	"0"	"""2"""	"""1"""	"""TRUE"""	"""logical"""	"""FALSE"""	"-1"	"-1"	"-1"	"-1"	"-1"	"-1"	"""Being able to guess which Christmas tree is bob's favorite. """	"""Nice HIT"""	"""41"""	"""m"""	"1"	"0"
"What is he talking about? (1-2 mins)"	"Short and fun! A 1-2 minute word game about what someone is talking about."	"experiment, psychology, game"	"$0.20"	"Sun Apr 06 03:17:02 PDT 2014"	"250"	"0"	"0"	"250"	"Reviewable"	"NotReviewed"	"1 scales"	"600"	"60000"	"Sun Apr 13 03:17:02 PDT 2014"	"S81786"	"Approved"	""	"""snowman"""	"""mittens"""	"""hat"""	"""scarf"""	"""middle"""	"""right"""	"0"	"-1"	"0"	"1"	"7"	"0"	"0"	"""2"""	"""1"""	"""TRUE"""	"""logical"""	"""FALSE"""	"-1"	"-1"	"-1"	"-1"	"-1"	"-1"	"""It was about making inferences"""	"""No"""	"""38"""	"""F"""	"1"	"0"
"What is he talking about? (1-2 mins)"	"Short and fun! A 1-2 minute word game about what someone is talking about."	"experiment, psychology, game"	"$0.20"	"Sun Apr 06 03:17:02 PDT 2014"	"250"	"0"	"0"	"250"	"Reviewable"	"NotReviewed"	"1 scales"	"600"	"60000"	"Sun Apr 13 03:17:02 PDT 2014"	"S53255"	"Approved"	""	"""pizza"""	"""peppers"""	"""olives"""	"""mushrooms"""	"""left"""	"""right"""	"0"	"-1"	"0"	"1"	"8"	"0"	"0"	"""2"""	"""1"""	"""TRUE"""	"""logical"""	"""FALSE"""	"-1"	"-1"	"-1"	"-1"	"-1"	"-1"	"""Bob's pizza eating habits"""	""""""	"""23"""	"""m"""	"1"	"0"
"What is he talking about? (1-2 mins)"	"Short and fun! A 1-2 minute word game about what someone is talking about."	"experiment, psychology, game"	"$0.20"	"Sun Apr 06 03:17:02 PDT 2014"	"250"	"0"	"0"	"250"	"Reviewable"	"NotReviewed"	"1 scales"	"600"	"60000"	"Sun Apr 13 03:17:02 PDT 2014"	"S82657"	"Approved"	""	"""pizza"""	"""mushrooms"""	"""peppers"""	"""olives"""	"""right"""	"""left"""	"0"	"-1"	"0"	"1"	"7"	"0"	"0"	"""2"""	"""1"""	"""TRUE"""	"""logical"""	"""FALSE"""	"-1"	"-1"	"-1"	"-1"	"-1"	"-1"	"""Pizzas"""	"""none"""	"""18"""	"""m"""	"1"	"0"
"What is he talking about? (1-2 mins)"	"Short and fun! A 1-2 minute word game about what someone is talking about."	"experiment, psychology, game"	"$0.20"	"Sun Apr 06 03:17:02 PDT 2014"	"250"	"0"	"0"	"250"	"Reviewable"	"NotReviewed"	"1 scales"	"600"	"60000"	"Sun Apr 13 03:17:02 PDT 2014"	"S15393"	"Approved"	""	"""sundae"""	"""chocolate"""	"""whipped cream"""	"""cherry"""	"""right"""	"""middle"""	"0"	"-1"	"0"	"1"	"8"	"0"	"0"	"""2"""	"""1"""	"""TRUE"""	"""target"""	"""TRUE"""	"-1"	"-1"	"-1"	"-1"	"-1"	"-1"	"""I'm not sure"""	""""""	"""32"""	"""m"""	"1"	"0"
"What is he talking about? (1-2 mins)"	"Short and fun! A 1-2 minute word game about what someone is talking about."	"experiment, psychology, game"	"$0.20"	"Sun Apr 06 03:17:02 PDT 2014"	"250"	"0"	"0"	"250"	"Reviewable"	"NotReviewed"	"1 scales"	"600"	"60000"	"Sun Apr 13 03:17:02 PDT 2014"	"S60237"	"Approved"	""	"""sundae"""	"""chocolate"""	"""cherry"""	"""whipped cream"""	"""left"""	"""middle"""	"0"	"-1"	"0"	"1"	"7"	"0"	"0"	"""2"""	"""1"""	"""TRUE"""	"""logical"""	"""FALSE"""	"-1"	"-1"	"-1"	"-1"	"-1"	"-1"	"""eating sundae"""	"""that was fun"""	""""""	"""m"""	"1"	"0"
"What is he talking about? (1-2 mins)"	"Short and fun! A 1-2 minute word game about what someone is talking about."	"experiment, psychology, game"	"$0.20"	"Sun Apr 06 03:17:02 PDT 2014"	"250"	"0"	"0"	"250"	"Reviewable"	"NotReviewed"	"1 scales"	"600"	"60000"	"Sun Apr 13 03:17:02 PDT 2014"	"S10871"	"Approved"	""	"""friend"""	"""glasses"""	"""mustache"""	"""hat"""	"""right"""	"""left"""	"0"	"-1"	"0"	"1"	"8"	"0"	"0"	"""2"""	"""1"""	"""TRUE"""	"""target"""	"""TRUE"""	"-1"	"-1"	"-1"	"-1"	"-1"	"-1"	"""bobs friends"""	"""no"""	"""27"""	"""f"""	"1"	"0"
"What is he talking about? (1-2 mins)"	"Short and fun! A 1-2 minute word game about what someone is talking about."	"experiment, psychology, game"	"$0.20"	"Sun Apr 06 03:17:02 PDT 2014"	"250"	"0"	"0"	"250"	"Reviewable"	"NotReviewed"	"1 scales"	"600"	"60000"	"Sun Apr 13 03:17:02 PDT 2014"	"S56523"	"Approved"	""	"""snowman"""	"""scarf"""	"""hat"""	"""mittens"""	"""left"""	"""right"""	"0"	"-1"	"0"	"1"	"7"	"0"	"0"	"""2"""	"""1"""	"""TRUE"""	"""logical"""	"""FALSE"""	"-1"	"-1"	"-1"	"-1"	"-1"	"-1"	"""Pictures of snowmen"""	""""""	"""21"""	"""m"""	"1"	"0"
"What is he talking about? (1-2 mins)"	"Short and fun! A 1-2 minute word game about what someone is talking about."	"experiment, psychology, game"	"$0.20"	"Sun Apr 06 03:17:02 PDT 2014"	"250"	"0"	"0"	"250"	"Reviewable"	"NotReviewed"	"1 scales"	"600"	"60000"	"Sun Apr 13 03:17:02 PDT 2014"	"S97962"	"Approved"	""	"""friend"""	"""hat"""	"""mustache"""	"""glasses"""	"""right"""	"""middle"""	"0"	"-1"	"0"	"1"	"8"	"0"	"0"	"""2"""	"""1"""	"""TRUE"""	"""foil"""	"""FALSE"""	"-1"	"-1"	"-1"	"-1"	"-1"	"-1"	"""To find out what someone was talking about/language"""	"""Short and easy! Want to be invited to more."""	"""21"""	"""f"""	"1"	"0"
"What is he talking about? (1-2 mins)"	"Short and fun! A 1-2 minute word game about what someone is talking about."	"experiment, psychology, game"	"$0.20"	"Sun Apr 06 03:17:02 PDT 2014"	"250"	"0"	"0"	"250"	"Reviewable"	"NotReviewed"	"1 scales"	"600"	"60000"	"Sun Apr 13 03:17:02 PDT 2014"	"S43119"	"Approved"	""	"""sundae"""	"""cherry"""	"""chocolate"""	"""whipped cream"""	"""middle"""	"""left"""	"0"	"-1"	"0"	"1"	"7"	"0"	"0"	"""1"""	"""1"""	"""TRUE"""	"""logical"""	"""FALSE"""	"-1"	"-1"	"-1"	"-1"	"-1"	"-1"	"""sundaes"""	"""no"""	"""18"""	"""f"""	"1"	"0"
"What is he talking about? (1-2 mins)"	"Short and fun! A 1-2 minute word game about what someone is talking about."	"experiment, psychology, game"	"$0.20"	"Sun Apr 06 03:17:02 PDT 2014"	"250"	"0"	"0"	"250"	"Reviewable"	"NotReviewed"	"1 scales"	"600"	"60000"	"Sun Apr 13 03:17:02 PDT 2014"	"S15897"	"Approved"	""	"""boat"""	"""sail"""	"""motor"""	"""cabin"""	"""right"""	"""middle"""	"0"	"-1"	"0"	"1"	"8"	"0"	"0"	"""2"""	"""1"""	"""TRUE"""	"""foil"""	"""FALSE"""	"-1"	"-1"	"-1"	"-1"	"-1"	"-1"	"""boats"""	"""weird"""	"""29"""	"""m"""	"1"	"0"
"What is he talking about? (1-2 mins)"	"Short and fun! A 1-2 minute word game about what someone is talking about."	"experiment, psychology, game"	"$0.20"	"Sun Apr 06 03:17:02 PDT 2014"	"250"	"0"	"0"	"250"	"Reviewable"	"NotReviewed"	"1 scales"	"600"	"60000"	"Sun Apr 13 03:17:02 PDT 2014"	"S60594"	"Approved"	""	"""friend"""	"""mustache"""	"""glasses"""	"""hat"""	"""right"""	"""middle"""	"0"	"-1"	"0"	"1"	"7"	"0"	"0"	"""2"""	"""1"""	"""TRUE"""	"""logical"""	"""FALSE"""	"-1"	"-1"	"-1"	"-1"	"-1"	"-1"	"""To see which friend did Bob met or remember the person's name."""	"""no comment"""	"""36"""	"""f"""	"1"	"0"
"What is he talking about? (1-2 mins)"	"Short and fun! A 1-2 minute word game about what someone is talking about."	"experiment, psychology, game"	"$0.20"	"Sun Apr 06 03:17:02 PDT 2014"	"250"	"0"	"0"	"250"	"Reviewable"	"NotReviewed"	"1 scales"	"600"	"60000"	"Sun Apr 13 03:17:02 PDT 2014"	"S11142"	"Approved"	""	"""sundae"""	"""cherry"""	"""whipped cream"""	"""chocolate"""	"""left"""	"""right"""	"0"	"-1"	"0"	"1"	"8"	"0"	"0"	"""2"""	"""1"""	"""TRUE"""	"""foil"""	"""FALSE"""	"-1"	"-1"	"-1"	"-1"	"-1"	"-1"	"""About Bob and that he makes a sundae every Friday."""	"""Sundaes are great!"""	"""23"""	"""m"""	"1"	"0"
"What is he talking about? (1-2 mins)"	"Short and fun! A 1-2 minute word game about what someone is talking about."	"experiment, psychology, game"	"$0.20"	"Sun Apr 06 03:17:02 PDT 2014"	"250"	"0"	"0"	"250"	"Reviewable"	"NotReviewed"	"1 scales"	"600"	"60000"	"Sun Apr 13 03:17:02 PDT 2014"	"S95058"	"Approved"	""	"""sundae"""	"""whipped cream"""	"""cherry"""	"""chocolate"""	"""left"""	"""right"""	"0"	"-1"	"0"	"1"	"8"	"0"	"0"	"""2"""	"""1"""	"""TRUE"""	"""foil"""	"""FALSE"""	"-1"	"-1"	"-1"	"-1"	"-1"	"-1"	"""Attention"""	"""No"""	"""34"""	"""F"""	"1"	"0"
"What is he talking about? (1-2 mins)"	"Short and fun! A 1-2 minute word game about what someone is talking about."	"experiment, psychology, game"	"$0.20"	"Sun Apr 06 03:17:02 PDT 2014"	"250"	"0"	"0"	"250"	"Reviewable"	"NotReviewed"	"1 scales"	"600"	"60000"	"Sun Apr 13 03:17:02 PDT 2014"	"S01351"	"Approved"	""	"""Christmas tree"""	"""lights"""	"""ornaments"""	"""star"""	"""middle"""	"""left"""	"0"	"-1"	"0"	"1"	"7"	"0"	"0"	"""1"""	"""1"""	"""TRUE"""	"""logical"""	"""FALSE"""	"-1"	"-1"	"-1"	"-1"	"-1"	"-1"	"""What Bob is talking about"""	"""No!"""	"""24"""	"""f"""	"1"	"0"
"What is he talking about? (1-2 mins)"	"Short and fun! A 1-2 minute word game about what someone is talking about."	"experiment, psychology, game"	"$0.20"	"Sun Apr 06 03:17:02 PDT 2014"	"250"	"0"	"0"	"250"	"Reviewable"	"NotReviewed"	"1 scales"	"600"	"60000"	"Sun Apr 13 03:17:02 PDT 2014"	"S88277"	"Approved"	""	"""sundae"""	"""whipped cream"""	"""chocolate"""	"""cherry"""	"""middle"""	"""right"""	"0"	"-1"	"0"	"1"	"7"	"0"	"0"	"""2"""	"""1"""	"""FALSE"""	"""logical"""	"""FALSE"""	"-1"	"-1"	"-1"	"-1"	"-1"	"-1"	"""Ice cream sundaes"""	"""quick fun survey"""	"""31"""	"""m"""	"1"	"0"
"What is he talking about? (1-2 mins)"	"Short and fun! A 1-2 minute word game about what someone is talking about."	"experiment, psychology, game"	"$0.20"	"Sun Apr 06 03:17:02 PDT 2014"	"250"	"0"	"0"	"250"	"Reviewable"	"NotReviewed"	"1 scales"	"600"	"60000"	"Sun Apr 13 03:17:02 PDT 2014"	"S62479"	"Approved"	""	"""sundae"""	"""chocolate"""	"""cherry"""	"""whipped cream"""	"""left"""	"""middle"""	"0"	"-1"	"0"	"1"	"8"	"0"	"0"	"""2"""	"""1"""	"""TRUE"""	"""foil"""	"""FALSE"""	"-1"	"-1"	"-1"	"-1"	"-1"	"-1"	"""Apparently about sundaes. Possibly about inferring things about people based on evidence of their choices. Or judging how subtle differences in images influences our judgement of the items represented."""	"""How does Bob stay so thin on this weekly sundae regimen?"""	"""28"""	"""f"""	"1"	"0"
"What is he talking about? (1-2 mins)"	"Short and fun! A 1-2 minute word game about what someone is talking about."	"experiment, psychology, game"	"$0.20"	"Sun Apr 06 03:17:02 PDT 2014"	"250"	"0"	"0"	"250"	"Reviewable"	"NotReviewed"	"1 scales"	"600"	"60000"	"Sun Apr 13 03:17:02 PDT 2014"	"S86395"	"Approved"	""	"""friend"""	"""hat"""	"""glasses"""	"""mustache"""	"""left"""	"""middle"""	"0"	"-1"	"0"	"1"	"8"	"0"	"0"	"""2"""	"""1"""	"""TRUE"""	"""foil"""	"""FALSE"""	"-1"	"-1"	"-1"	"-1"	"-1"	"-1"	"""people identification """	""""""	"""24"""	"""m"""	"1"	"0"
"What is he talking about? (1-2 mins)"	"Short and fun! A 1-2 minute word game about what someone is talking about."	"experiment, psychology, game"	"$0.20"	"Sun Apr 06 03:17:02 PDT 2014"	"250"	"0"	"0"	"250"	"Reviewable"	"NotReviewed"	"1 scales"	"600"	"60000"	"Sun Apr 13 03:17:02 PDT 2014"	"S09016"	"Approved"	""	"""pizza"""	"""mushrooms"""	"""olives"""	"""peppers"""	"""right"""	"""left"""	"0"	"-1"	"0"	"1"	"8"	"0"	"0"	"""2"""	"""1"""	"""TRUE"""	"""foil"""	"""FALSE"""	"-1"	"-1"	"-1"	"-1"	"-1"	"-1"	"""Determining what people like based on choices"""	""""""	"""20"""	"""f"""	"1"	"0"
"What is he talking about? (1-2 mins)"	"Short and fun! A 1-2 minute word game about what someone is talking about."	"experiment, psychology, game"	"$0.20"	"Sun Apr 06 03:17:02 PDT 2014"	"250"	"0"	"0"	"250"	"Reviewable"	"NotReviewed"	"1 scales"	"600"	"60000"	"Sun Apr 13 03:17:02 PDT 2014"	"S09719"	"Approved"	""	"""pizza"""	"""peppers"""	"""mushrooms"""	"""olives"""	"""middle"""	"""right"""	"0"	"-1"	"0"	"1"	"7"	"0"	"0"	"""2"""	"""1"""	"""TRUE"""	"""target"""	"""TRUE"""	"-1"	"-1"	"-1"	"-1"	"-1"	"-1"	"""guessing what someone's favorite is based on incomplete info?"""	"""no"""	"""27"""	"""m"""	"1"	"0"
"What is he talking about? (1-2 mins)"	"Short and fun! A 1-2 minute word game about what someone is talking about."	"experiment, psychology, game"	"$0.20"	"Sun Apr 06 03:17:02 PDT 2014"	"250"	"0"	"0"	"250"	"Reviewable"	"NotReviewed"	"1 scales"	"600"	"60000"	"Sun Apr 13 03:17:02 PDT 2014"	"S16029"	"Approved"	""	"""snowman"""	"""scarf"""	"""hat"""	"""mittens"""	"""middle"""	"""right"""	"0"	"-1"	"0"	"1"	"7"	"0"	"0"	"""2"""	"""1"""	"""TRUE"""	"""logical"""	"""FALSE"""	"-1"	"-1"	"-1"	"-1"	"-1"	"-1"	"""What Bob likes to do and our judgments"""	"""Thank you"""	"""28"""	"""m"""	"1"	"0"
"What is he talking about? (1-2 mins)"	"Short and fun! A 1-2 minute word game about what someone is talking about."	"experiment, psychology, game"	"$0.20"	"Sun Apr 06 03:17:02 PDT 2014"	"250"	"0"	"0"	"250"	"Reviewable"	"NotReviewed"	"1 scales"	"600"	"60000"	"Sun Apr 13 03:17:02 PDT 2014"	"S29627"	"Approved"	""	"""boat"""	"""sail"""	"""motor"""	"""cabin"""	"""right"""	"""middle"""	"0"	"-1"	"0"	"1"	"7"	"0"	"0"	"""2"""	"""1"""	"""TRUE"""	"""logical"""	"""FALSE"""	"-1"	"-1"	"-1"	"-1"	"-1"	"-1"	"""Judging Bob's Boats"""	"""Nope!"""	"""33"""	"""m"""	"1"	"0"
"What is he talking about? (1-2 mins)"	"Short and fun! A 1-2 minute word game about what someone is talking about."	"experiment, psychology, game"	"$0.20"	"Sun Apr 06 03:17:02 PDT 2014"	"250"	"0"	"0"	"250"	"Reviewable"	"NotReviewed"	"1 scales"	"600"	"60000"	"Sun Apr 13 03:17:02 PDT 2014"	"S18290"	"Approved"	""	"""snowman"""	"""scarf"""	"""hat"""	"""mittens"""	"""right"""	"""middle"""	"0"	"-1"	"0"	"1"	"8"	"0"	"0"	"""2"""	"""1"""	"""TRUE"""	"""foil"""	"""FALSE"""	"-1"	"-1"	"-1"	"-1"	"-1"	"-1"	"""Judging how someone feels about his actions"""	"""no comment"""	"""51"""	"""f"""	"1"	"0"
"What is he talking about? (1-2 mins)"	"Short and fun! A 1-2 minute word game about what someone is talking about."	"experiment, psychology, game"	"$0.20"	"Sun Apr 06 03:17:02 PDT 2014"	"250"	"0"	"0"	"250"	"Reviewable"	"NotReviewed"	"1 scales"	"600"	"60000"	"Sun Apr 13 03:17:02 PDT 2014"	"S24093"	"Approved"	""	"""pizza"""	"""mushrooms"""	"""peppers"""	"""olives"""	"""left"""	"""middle"""	"0"	"-1"	"0"	"1"	"7"	"0"	"0"	"""2"""	"""1"""	"""TRUE"""	"""logical"""	"""FALSE"""	"-1"	"-1"	"-1"	"-1"	"-1"	"-1"	"""pizza"""	"""super easy!"""	"""22"""	"""f"""	"1"	"0"
"What is he talking about? (1-2 mins)"	"Short and fun! A 1-2 minute word game about what someone is talking about."	"experiment, psychology, game"	"$0.20"	"Sun Apr 06 03:17:02 PDT 2014"	"250"	"0"	"0"	"250"	"Reviewable"	"NotReviewed"	"1 scales"	"600"	"60000"	"Sun Apr 13 03:17:02 PDT 2014"	"S05181"	"Approved"	""	"""sundae"""	"""cherry"""	"""chocolate"""	"""whipped cream"""	"""right"""	"""middle"""	"0"	"-1"	"0"	"1"	"8"	"0"	"0"	"""2"""	"""1"""	"""TRUE"""	"""foil"""	"""FALSE"""	"-1"	"-1"	"-1"	"-1"	"-1"	"-1"	"""reading comprehension"""	"""none"""	"""25"""	"""male"""	"1"	"0"
"What is he talking about? (1-2 mins)"	"Short and fun! A 1-2 minute word game about what someone is talking about."	"experiment, psychology, game"	"$0.20"	"Sun Apr 06 03:17:02 PDT 2014"	"250"	"0"	"0"	"250"	"Reviewable"	"NotReviewed"	"1 scales"	"600"	"60000"	"Sun Apr 13 03:17:02 PDT 2014"	"S20859"	"Approved"	""	"""Christmas tree"""	"""lights"""	"""ornaments"""	"""star"""	"""middle"""	"""right"""	"0"	"-1"	"0"	"1"	"8"	"0"	"0"	"""2"""	"""1"""	"""TRUE"""	"""foil"""	"""FALSE"""	"-1"	"-1"	"-1"	"-1"	"-1"	"-1"	"""I am unsure what the purpose of this study was."""	"""Interesting, Fun, and creative :) Thank you :)"""	"""27"""	"""m"""	"1"	"0"
"What is he talking about? (1-2 mins)"	"Short and fun! A 1-2 minute word game about what someone is talking about."	"experiment, psychology, game"	"$0.20"	"Sun Apr 06 03:17:02 PDT 2014"	"250"	"0"	"0"	"250"	"Reviewable"	"NotReviewed"	"1 scales"	"600"	"60000"	"Sun Apr 13 03:17:02 PDT 2014"	"S39781"	"Approved"	""	"""pizza"""	"""peppers"""	"""olives"""	"""mushrooms"""	"""middle"""	"""left"""	"0"	"-1"	"0"	"1"	"8"	"0"	"0"	"""2"""	"""1"""	"""TRUE"""	"""foil"""	"""FALSE"""	"-1"	"-1"	"-1"	"-1"	"-1"	"-1"	"""Understanding context clues """	""""""	"""24"""	"""F"""	"1"	"0"
"What is he talking about? (1-2 mins)"	"Short and fun! A 1-2 minute word game about what someone is talking about."	"experiment, psychology, game"	"$0.20"	"Sun Apr 06 03:17:02 PDT 2014"	"250"	"0"	"0"	"250"	"Reviewable"	"NotReviewed"	"1 scales"	"600"	"60000"	"Sun Apr 13 03:17:02 PDT 2014"	"S58360"	"Approved"	""	"""friend"""	"""mustache"""	"""glasses"""	"""hat"""	"""right"""	"""middle"""	"0"	"-1"	"0"	"1"	"7"	"0"	"0"	"""2"""	"""1"""	"""TRUE"""	"""logical"""	"""FALSE"""	"-1"	"-1"	"-1"	"-1"	"-1"	"-1"	"""friends"""	""""""	""""""	"""m"""	"1"	"0"
"What is he talking about? (1-2 mins)"	"Short and fun! A 1-2 minute word game about what someone is talking about."	"experiment, psychology, game"	"$0.20"	"Sun Apr 06 03:17:02 PDT 2014"	"250"	"0"	"0"	"250"	"Reviewable"	"NotReviewed"	"1 scales"	"600"	"60000"	"Sun Apr 13 03:17:02 PDT 2014"	"S94586"	"Approved"	""	"""Christmas tree"""	"""star"""	"""ornaments"""	"""lights"""	"""right"""	"""left"""	"0"	"-1"	"0"	"1"	"8"	"0"	"0"	"""2"""	"""1"""	"""TRUE"""	"""foil"""	"""FALSE"""	"-1"	"-1"	"-1"	"-1"	"-1"	"-1"	"""trees"""	""""""	""""""	""""""	"1"	"0"
"What is he talking about? (1-2 mins)"	"Short and fun! A 1-2 minute word game about what someone is talking about."	"experiment, psychology, game"	"$0.20"	"Sun Apr 06 03:17:02 PDT 2014"	"250"	"0"	"0"	"250"	"Reviewable"	"NotReviewed"	"1 scales"	"600"	"60000"	"Sun Apr 13 03:17:02 PDT 2014"	"S14106"	"Approved"	""	"""sundae"""	"""whipped cream"""	"""cherry"""	"""chocolate"""	"""middle"""	"""left"""	"0"	"-1"	"0"	"1"	"8"	"0"	"0"	"""2"""	"""1"""	"""TRUE"""	"""foil"""	"""FALSE"""	"-1"	"-1"	"-1"	"-1"	"-1"	"-1"	"""Sundays"""	""""""	"""36"""	"""f"""	"1"	"0"
"What is he talking about? (1-2 mins)"	"Short and fun! A 1-2 minute word game about what someone is talking about."	"experiment, psychology, game"	"$0.20"	"Sun Apr 06 03:17:02 PDT 2014"	"250"	"0"	"0"	"250"	"Reviewable"	"NotReviewed"	"1 scales"	"600"	"60000"	"Sun Apr 13 03:17:02 PDT 2014"	"S53105"	"Approved"	""	"""Christmas tree"""	"""star"""	"""ornaments"""	"""lights"""	"""middle"""	"""left"""	"0"	"-1"	"0"	"1"	"7"	"0"	"0"	"""2"""	"""1"""	"""TRUE"""	"""logical"""	"""FALSE"""	"-1"	"-1"	"-1"	"-1"	"-1"	"-1"	"""We were asked to decide which christmas tree bob might like, given that he likes christmas trees and trimming them"""	"""none"""	"""35"""	"""m"""	"1"	"0"
"What is he talking about? (1-2 mins)"	"Short and fun! A 1-2 minute word game about what someone is talking about."	"experiment, psychology, game"	"$0.20"	"Sun Apr 06 03:17:02 PDT 2014"	"250"	"0"	"0"	"250"	"Reviewable"	"NotReviewed"	"1 scales"	"600"	"60000"	"Sun Apr 13 03:17:02 PDT 2014"	"S06340"	"Approved"	""	"""boat"""	"""cabin"""	"""sail"""	"""motor"""	"""middle"""	"""left"""	"0"	"-1"	"0"	"1"	"8"	"0"	"0"	"""2"""	"""1"""	"""TRUE"""	"""foil"""	"""FALSE"""	"-1"	"-1"	"-1"	"-1"	"-1"	"-1"	"""cognition and boats"""	"""none"""	"""26"""	"""male"""	"1"	"0"
"What is he talking about? (1-2 mins)"	"Short and fun! A 1-2 minute word game about what someone is talking about."	"experiment, psychology, game"	"$0.20"	"Sun Apr 06 03:17:02 PDT 2014"	"250"	"0"	"0"	"250"	"Reviewable"	"NotReviewed"	"1 scales"	"600"	"60000"	"Sun Apr 13 03:17:02 PDT 2014"	"S25811"	"Approved"	""	"""sundae"""	"""cherry"""	"""whipped cream"""	"""chocolate"""	"""middle"""	"""left"""	"0"	"-1"	"0"	"1"	"7"	"0"	"0"	"""2"""	"""1"""	"""TRUE"""	"""target"""	"""TRUE"""	"-1"	"-1"	"-1"	"-1"	"-1"	"-1"	"""Bob, who likes to eat sundaes."""	""""""	"""37"""	"""m"""	"1"	"0"
"What is he talking about? (1-2 mins)"	"Short and fun! A 1-2 minute word game about what someone is talking about."	"experiment, psychology, game"	"$0.20"	"Sun Apr 06 03:17:02 PDT 2014"	"250"	"0"	"0"	"250"	"Reviewable"	"NotReviewed"	"1 scales"	"600"	"60000"	"Sun Apr 13 03:17:02 PDT 2014"	"S36071"	"Approved"	""	"""boat"""	"""sail"""	"""motor"""	"""cabin"""	"""right"""	"""middle"""	"0"	"-1"	"0"	"1"	"7"	"0"	"0"	"""2"""	"""1"""	"""TRUE"""	"""target"""	"""TRUE"""	"-1"	"-1"	"-1"	"-1"	"-1"	"-1"	"""boats """	""""""	"""29"""	"""f"""	"1"	"0"
"What is he talking about? (1-2 mins)"	"Short and fun! A 1-2 minute word game about what someone is talking about."	"experiment, psychology, game"	"$0.20"	"Sun Apr 06 03:17:02 PDT 2014"	"250"	"0"	"0"	"250"	"Reviewable"	"NotReviewed"	"1 scales"	"600"	"60000"	"Sun Apr 13 03:17:02 PDT 2014"	"S35228"	"Approved"	""	"""Christmas tree"""	"""ornaments"""	"""lights"""	"""star"""	"""middle"""	"""right"""	"0"	"-1"	"0"	"1"	"8"	"0"	"0"	"""2"""	"""1"""	"""TRUE"""	"""foil"""	"""FALSE"""	"-1"	"-1"	"-1"	"-1"	"-1"	"-1"	"""xmas trees"""	""""""	"""24"""	"""f"""	"1"	"0"
"What is he talking about? (1-2 mins)"	"Short and fun! A 1-2 minute word game about what someone is talking about."	"experiment, psychology, game"	"$0.20"	"Sun Apr 06 03:17:02 PDT 2014"	"250"	"0"	"0"	"250"	"Reviewable"	"NotReviewed"	"1 scales"	"600"	"60000"	"Sun Apr 13 03:17:02 PDT 2014"	"S80883"	"Approved"	""	"""boat"""	"""sail"""	"""cabin"""	"""motor"""	"""middle"""	"""left"""	"0"	"-1"	"0"	"1"	"7"	"0"	"0"	"""2"""	"""1"""	"""TRUE"""	"""logical"""	"""FALSE"""	"-1"	"-1"	"-1"	"-1"	"-1"	"-1"	"""What a person is likely to... like?"""	""""""	"""31"""	"""M"""	"1"	"0"
"What is he talking about? (1-2 mins)"	"Short and fun! A 1-2 minute word game about what someone is talking about."	"experiment, psychology, game"	"$0.20"	"Sun Apr 06 03:17:02 PDT 2014"	"250"	"0"	"0"	"250"	"Reviewable"	"NotReviewed"	"1 scales"	"600"	"60000"	"Sun Apr 13 03:17:02 PDT 2014"	"S71995"	"Approved"	""	"""sundae"""	"""cherry"""	"""whipped cream"""	"""chocolate"""	"""right"""	"""middle"""	"0"	"-1"	"0"	"1"	"8"	"0"	"0"	"""2"""	"""1"""	"""TRUE"""	"""foil"""	"""FALSE"""	"-1"	"-1"	"-1"	"-1"	"-1"	"-1"	"""bob and ice cream"""	"""na"""	"""26"""	"""f"""	"1"	"0"
"What is he talking about? (1-2 mins)"	"Short and fun! A 1-2 minute word game about what someone is talking about."	"experiment, psychology, game"	"$0.20"	"Sun Apr 06 03:17:02 PDT 2014"	"250"	"0"	"0"	"250"	"Reviewable"	"NotReviewed"	"1 scales"	"600"	"60000"	"Sun Apr 13 03:17:02 PDT 2014"	"S36941"	"Approved"	""	"""friend"""	"""mustache"""	"""hat"""	"""glasses"""	"""left"""	"""right"""	"0"	"-1"	"0"	"1"	"8"	"0"	"0"	"""2"""	"""1"""	"""TRUE"""	"""logical"""	"""FALSE"""	"-1"	"-1"	"-1"	"-1"	"-1"	"-1"	"""Snap judgments"""	""""""	"""29"""	"""m"""	"1"	"0"
"What is he talking about? (1-2 mins)"	"Short and fun! A 1-2 minute word game about what someone is talking about."	"experiment, psychology, game"	"$0.20"	"Sun Apr 06 03:17:02 PDT 2014"	"250"	"0"	"0"	"250"	"Reviewable"	"NotReviewed"	"1 scales"	"600"	"60000"	"Sun Apr 13 03:17:02 PDT 2014"	"S81423"	"Approved"	""	"""boat"""	"""cabin"""	"""motor"""	"""sail"""	"""middle"""	"""right"""	"0"	"-1"	"0"	"1"	"7"	"0"	"0"	"""2"""	"""1"""	"""TRUE"""	"""logical"""	"""FALSE"""	"-1"	"-1"	"-1"	"-1"	"-1"	"-1"	"""boats"""	"""none"""	"""42"""	"""m"""	"1"	"0"
"What is he talking about? (1-2 mins)"	"Short and fun! A 1-2 minute word game about what someone is talking about."	"experiment, psychology, game"	"$0.20"	"Sun Apr 06 03:17:02 PDT 2014"	"250"	"0"	"0"	"250"	"Reviewable"	"NotReviewed"	"1 scales"	"600"	"60000"	"Sun Apr 13 03:17:02 PDT 2014"	"S96506"	"Approved"	""	"""sundae"""	"""whipped cream"""	"""chocolate"""	"""cherry"""	"""middle"""	"""right"""	"0"	"-1"	"0"	"1"	"7"	"0"	"0"	"""2"""	"""1"""	"""TRUE"""	"""logical"""	"""FALSE"""	"-1"	"-1"	"-1"	"-1"	"-1"	"-1"	"""Bob's ice cream habits"""	"""Nope"""	"""25"""	"""f"""	"1"	"0"
"What is he talking about? (1-2 mins)"	"Short and fun! A 1-2 minute word game about what someone is talking about."	"experiment, psychology, game"	"$0.20"	"Sun Apr 06 03:17:02 PDT 2014"	"250"	"0"	"0"	"250"	"Reviewable"	"NotReviewed"	"1 scales"	"600"	"60000"	"Sun Apr 13 03:17:02 PDT 2014"	"S12414"	"Approved"	""	"""Christmas tree"""	"""star"""	"""ornaments"""	"""lights"""	"""middle"""	"""left"""	"0"	"-1"	"0"	"1"	"8"	"0"	"0"	"""2"""	"""1"""	"""TRUE"""	"""logical"""	"""FALSE"""	"-1"	"-1"	"-1"	"-1"	"-1"	"-1"	"""This survey focused on how we perceive people based on limited information."""	"""Thank you for the survey. I'd be interested in more HITs like this."""	"""20"""	"""M"""	"1"	"0"
"What is he talking about? (1-2 mins)"	"Short and fun! A 1-2 minute word game about what someone is talking about."	"experiment, psychology, game"	"$0.20"	"Sun Apr 06 03:17:02 PDT 2014"	"250"	"0"	"0"	"250"	"Reviewable"	"NotReviewed"	"1 scales"	"600"	"60000"	"Sun Apr 13 03:17:02 PDT 2014"	"S98070"	"Approved"	""	"""snowman"""	"""scarf"""	"""hat"""	"""mittens"""	"""right"""	"""left"""	"0"	"-1"	"0"	"1"	"7"	"0"	"0"	"""2"""	"""1"""	"""TRUE"""	"""logical"""	"""FALSE"""	"-1"	"-1"	"-1"	"-1"	"-1"	"-1"	"""Snowmen"""	""""""	"""20"""	"""f"""	"1"	"0"
"What is he talking about? (1-2 mins)"	"Short and fun! A 1-2 minute word game about what someone is talking about."	"experiment, psychology, game"	"$0.20"	"Sun Apr 06 03:17:02 PDT 2014"	"250"	"0"	"0"	"250"	"Reviewable"	"NotReviewed"	"1 scales"	"600"	"60000"	"Sun Apr 13 03:17:02 PDT 2014"	"S95189"	"Approved"	""	"""pizza"""	"""olives"""	"""mushrooms"""	"""peppers"""	"""middle"""	"""right"""	"0"	"-1"	"0"	"1"	"7"	"0"	"0"	"""2"""	"""1"""	"""TRUE"""	"""target"""	"""TRUE"""	"-1"	"-1"	"-1"	"-1"	"-1"	"-1"	"""What kinds of pizza Bob likes."""	"""Pizza - good one. :^)"""	"""37"""	"""m"""	"1"	"0"
"What is he talking about? (1-2 mins)"	"Short and fun! A 1-2 minute word game about what someone is talking about."	"experiment, psychology, game"	"$0.20"	"Sun Apr 06 03:17:02 PDT 2014"	"250"	"0"	"0"	"250"	"Reviewable"	"NotReviewed"	"1 scales"	"600"	"60000"	"Sun Apr 13 03:17:02 PDT 2014"	"S06613"	"Approved"	""	"""friend"""	"""mustache"""	"""hat"""	"""glasses"""	"""right"""	"""middle"""	"0"	"-1"	"0"	"1"	"7"	"0"	"0"	"""2"""	"""1"""	"""TRUE"""	"""target"""	"""TRUE"""	"-1"	"-1"	"-1"	"-1"	"-1"	"-1"	"""Which friend Bob should meet up with on Sunday"""	"""No"""	"""24"""	"""f"""	"1"	"0"
"What is he talking about? (1-2 mins)"	"Short and fun! A 1-2 minute word game about what someone is talking about."	"experiment, psychology, game"	"$0.20"	"Sun Apr 06 03:17:02 PDT 2014"	"250"	"0"	"0"	"250"	"Reviewable"	"NotReviewed"	"1 scales"	"600"	"60000"	"Sun Apr 13 03:17:02 PDT 2014"	"S37519"	"Approved"	""	"""Christmas tree"""	"""lights"""	"""ornaments"""	"""star"""	"""left"""	"""middle"""	"0"	"-1"	"0"	"1"	"8"	"0"	"0"	"""2"""	"""1"""	"""TRUE"""	"""foil"""	"""FALSE"""	"-1"	"-1"	"-1"	"-1"	"-1"	"-1"	"""choosing which tree bob liked least"""	""""""	"""35"""	"""f"""	"1"	"0"
"What is he talking about? (1-2 mins)"	"Short and fun! A 1-2 minute word game about what someone is talking about."	"experiment, psychology, game"	"$0.20"	"Sun Apr 06 03:17:02 PDT 2014"	"250"	"0"	"0"	"250"	"Reviewable"	"NotReviewed"	"1 scales"	"600"	"60000"	"Sun Apr 13 03:17:02 PDT 2014"	"S53834"	"Approved"	""	"""boat"""	"""sail"""	"""cabin"""	"""motor"""	"""middle"""	"""right"""	"0"	"-1"	"0"	"1"	"7"	"0"	"0"	"""2"""	"""1"""	"""TRUE"""	"""logical"""	"""FALSE"""	"-1"	"-1"	"-1"	"-1"	"-1"	"-1"	"""boats"""	"""no"""	"""34"""	"""m"""	"1"	"0"
"What is he talking about? (1-2 mins)"	"Short and fun! A 1-2 minute word game about what someone is talking about."	"experiment, psychology, game"	"$0.20"	"Sun Apr 06 03:17:02 PDT 2014"	"250"	"0"	"0"	"250"	"Reviewable"	"NotReviewed"	"1 scales"	"600"	"60000"	"Sun Apr 13 03:17:02 PDT 2014"	"S78233"	"Approved"	""	"""sundae"""	"""chocolate"""	"""cherry"""	"""whipped cream"""	"""left"""	"""right"""	"0"	"-1"	"0"	"1"	"7"	"0"	"0"	"""2"""	"""1"""	"""TRUE"""	"""logical"""	"""FALSE"""	"-1"	"-1"	"-1"	"-1"	"-1"	"-1"	"""Bobs enjoyment of sundaes"""	"""fun survey"""	"""24"""	"""m"""	"1"	"0"
"What is he talking about? (1-2 mins)"	"Short and fun! A 1-2 minute word game about what someone is talking about."	"experiment, psychology, game"	"$0.20"	"Sun Apr 06 03:17:02 PDT 2014"	"250"	"0"	"0"	"250"	"Reviewable"	"NotReviewed"	"1 scales"	"600"	"60000"	"Sun Apr 13 03:17:02 PDT 2014"	"S18379"	"Approved"	""	"""sundae"""	"""chocolate"""	"""whipped cream"""	"""cherry"""	"""left"""	"""right"""	"0"	"-1"	"0"	"1"	"7"	"0"	"0"	"""2"""	"""1"""	"""TRUE"""	"""logical"""	"""FALSE"""	"-1"	"-1"	"-1"	"-1"	"-1"	"-1"	"""Which sundae does Bob like"""	""""""	"""29"""	"""m"""	"1"	"0"
"What is he talking about? (1-2 mins)"	"Short and fun! A 1-2 minute word game about what someone is talking about."	"experiment, psychology, game"	"$0.20"	"Sun Apr 06 03:17:02 PDT 2014"	"250"	"0"	"0"	"250"	"Reviewable"	"NotReviewed"	"1 scales"	"600"	"60000"	"Sun Apr 13 03:17:02 PDT 2014"	"S26774"	"Approved"	""	"""pizza"""	"""mushrooms"""	"""olives"""	"""peppers"""	"""right"""	"""left"""	"0"	"-1"	"0"	"1"	"8"	"0"	"0"	"""2"""	"""1"""	"""TRUE"""	"""foil"""	"""FALSE"""	"-1"	"-1"	"-1"	"-1"	"-1"	"-1"	"""Figuring how what pizza's Bob liked."""	"""Thanks for the opportunity!"""	"""33"""	"""f"""	"1"	"0"
"What is he talking about? (1-2 mins)"	"Short and fun! A 1-2 minute word game about what someone is talking about."	"experiment, psychology, game"	"$0.20"	"Sun Apr 06 03:17:02 PDT 2014"	"250"	"0"	"0"	"250"	"Reviewable"	"NotReviewed"	"1 scales"	"600"	"60000"	"Sun Apr 13 03:17:02 PDT 2014"	"S66751"	"Approved"	""	"""boat"""	"""motor"""	"""sail"""	"""cabin"""	"""middle"""	"""right"""	"0"	"-1"	"0"	"1"	"7"	"0"	"0"	"""2"""	"""1"""	"""TRUE"""	"""logical"""	"""FALSE"""	"-1"	"-1"	"-1"	"-1"	"-1"	"-1"	"""Not sure"""	"""No"""	"""35"""	"""F"""	"1"	"0"
"What is he talking about? (1-2 mins)"	"Short and fun! A 1-2 minute word game about what someone is talking about."	"experiment, psychology, game"	"$0.20"	"Sun Apr 06 03:17:02 PDT 2014"	"250"	"0"	"0"	"250"	"Reviewable"	"NotReviewed"	"1 scales"	"600"	"60000"	"Sun Apr 13 03:17:02 PDT 2014"	"S74107"	"Approved"	""	"""pizza"""	"""mushrooms"""	"""olives"""	"""peppers"""	"""left"""	"""middle"""	"0"	"-1"	"0"	"1"	"7"	"0"	"0"	"""2"""	"""1"""	"""TRUE"""	"""target"""	"""TRUE"""	"-1"	"-1"	"-1"	"-1"	"-1"	"-1"	"""what type of pizza bob likes"""	"""none"""	"""34"""	"""f"""	"1"	"0"
"What is he talking about? (1-2 mins)"	"Short and fun! A 1-2 minute word game about what someone is talking about."	"experiment, psychology, game"	"$0.20"	"Sun Apr 06 03:17:02 PDT 2014"	"250"	"0"	"0"	"250"	"Reviewable"	"NotReviewed"	"1 scales"	"600"	"60000"	"Sun Apr 13 03:17:02 PDT 2014"	"S71631"	"Approved"	""	"""sundae"""	"""cherry"""	"""whipped cream"""	"""chocolate"""	"""left"""	"""middle"""	"0"	"-1"	"0"	"1"	"8"	"0"	"0"	"""2"""	"""1"""	"""TRUE"""	"""foil"""	"""FALSE"""	"-1"	"-1"	"-1"	"-1"	"-1"	"-1"	"""icecream sundaes"""	""""""	"""24"""	"""m"""	"1"	"0"
"What is he talking about? (1-2 mins)"	"Short and fun! A 1-2 minute word game about what someone is talking about."	"experiment, psychology, game"	"$0.20"	"Sun Apr 06 03:17:02 PDT 2014"	"250"	"0"	"0"	"250"	"Reviewable"	"NotReviewed"	"1 scales"	"600"	"60000"	"Sun Apr 13 03:17:02 PDT 2014"	"S70361"	"Approved"	""	"""boat"""	"""motor"""	"""sail"""	"""cabin"""	"""middle"""	"""right"""	"0"	"-1"	"0"	"1"	"8"	"0"	"0"	"""2"""	"""1"""	"""TRUE"""	"""foil"""	"""FALSE"""	"-1"	"-1"	"-1"	"-1"	"-1"	"-1"	"""About interpreting limited descriptions to make assumptions. """	"""The name, \""What is he talking about?\"" did not lead me to expect the short statement, image and question. """	"""47"""	"""m"""	"1"	"0"
"What is he talking about? (1-2 mins)"	"Short and fun! A 1-2 minute word game about what someone is talking about."	"experiment, psychology, game"	"$0.20"	"Sun Apr 06 03:17:02 PDT 2014"	"250"	"0"	"0"	"250"	"Reviewable"	"NotReviewed"	"1 scales"	"600"	"60000"	"Sun Apr 13 03:17:02 PDT 2014"	"S97102"	"Approved"	""	"""friend"""	"""mustache"""	"""glasses"""	"""hat"""	"""right"""	"""left"""	"0"	"-1"	"0"	"1"	"8"	"0"	"0"	"""2"""	"""1"""	"""TRUE"""	"""foil"""	"""FALSE"""	"-1"	"-1"	"-1"	"-1"	"-1"	"-1"	"""bobs friend"""	"""no"""	"""55"""	"""F"""	"1"	"0"
"What is he talking about? (1-2 mins)"	"Short and fun! A 1-2 minute word game about what someone is talking about."	"experiment, psychology, game"	"$0.20"	"Sun Apr 06 03:17:02 PDT 2014"	"250"	"0"	"0"	"250"	"Reviewable"	"NotReviewed"	"1 scales"	"600"	"60000"	"Sun Apr 13 03:17:02 PDT 2014"	"S26152"	"Approved"	""	"""sundae"""	"""whipped cream"""	"""chocolate"""	"""cherry"""	"""left"""	"""middle"""	"0"	"-1"	"0"	"1"	"7"	"0"	"0"	"""2"""	"""1"""	"""TRUE"""	"""logical"""	"""FALSE"""	"-1"	"-1"	"-1"	"-1"	"-1"	"-1"	"""Bob's sundae preferences"""	"""Thank you and good luck with your research!"""	"""55"""	"""f"""	"1"	"0"
"What is he talking about? (1-2 mins)"	"Short and fun! A 1-2 minute word game about what someone is talking about."	"experiment, psychology, game"	"$0.20"	"Sun Apr 06 03:17:02 PDT 2014"	"250"	"0"	"0"	"250"	"Reviewable"	"NotReviewed"	"1 scales"	"600"	"60000"	"Sun Apr 13 03:17:02 PDT 2014"	"S76429"	"Approved"	""	"""pizza"""	"""olives"""	"""mushrooms"""	"""peppers"""	"""right"""	"""left"""	"0"	"-1"	"0"	"1"	"7"	"0"	"0"	"""2"""	"""1"""	"""TRUE"""	"""target"""	"""TRUE"""	"-1"	"-1"	"-1"	"-1"	"-1"	"-1"	"""Pizza preferences"""	"""Wow this is Science? We are doomed."""	"""28"""	"""m"""	"1"	"0"
"What is he talking about? (1-2 mins)"	"Short and fun! A 1-2 minute word game about what someone is talking about."	"experiment, psychology, game"	"$0.20"	"Sun Apr 06 03:17:02 PDT 2014"	"250"	"0"	"0"	"250"	"Reviewable"	"NotReviewed"	"1 scales"	"600"	"60000"	"Sun Apr 13 03:17:02 PDT 2014"	"S13010"	"Approved"	""	"""sundae"""	"""whipped cream"""	"""cherry"""	"""chocolate"""	"""middle"""	"""right"""	"0"	"-1"	"0"	"1"	"8"	"0"	"0"	"""2"""	"""1"""	"""TRUE"""	"""foil"""	"""FALSE"""	"-1"	"-1"	"-1"	"-1"	"-1"	"-1"	"""Sundae"""	"""Nope"""	"""22"""	"""F"""	"1"	"0"
"What is he talking about? (1-2 mins)"	"Short and fun! A 1-2 minute word game about what someone is talking about."	"experiment, psychology, game"	"$0.20"	"Sun Apr 06 03:17:02 PDT 2014"	"250"	"0"	"0"	"250"	"Reviewable"	"NotReviewed"	"1 scales"	"600"	"60000"	"Sun Apr 13 03:17:02 PDT 2014"	"S14503"	"Approved"	""	"""boat"""	"""cabin"""	"""sail"""	"""motor"""	"""middle"""	"""right"""	"0"	"-1"	"0"	"1"	"8"	"0"	"0"	"""2"""	"""1"""	"""TRUE"""	"""foil"""	"""FALSE"""	"-1"	"-1"	"-1"	"-1"	"-1"	"-1"	"""Bob choosing a boat"""	"""Thanks, good luck with the study!"""	"""23"""	"""f"""	"1"	"0"
"What is he talking about? (1-2 mins)"	"Short and fun! A 1-2 minute word game about what someone is talking about."	"experiment, psychology, game"	"$0.20"	"Sun Apr 06 03:17:02 PDT 2014"	"250"	"0"	"0"	"250"	"Reviewable"	"NotReviewed"	"1 scales"	"600"	"60000"	"Sun Apr 13 03:17:02 PDT 2014"	"S08448"	"Approved"	""	"""snowman"""	"""scarf"""	"""mittens"""	"""hat"""	"""right"""	"""left"""	"0"	"-1"	"0"	"1"	"8"	"0"	"0"	"""2"""	"""1"""	"""TRUE"""	"""foil"""	"""FALSE"""	"-1"	"-1"	"-1"	"-1"	"-1"	"-1"	"""snowmen"""	""""""	"""31"""	"""f"""	"1"	"0"
"What is he talking about? (1-2 mins)"	"Short and fun! A 1-2 minute word game about what someone is talking about."	"experiment, psychology, game"	"$0.20"	"Sun Apr 06 03:17:02 PDT 2014"	"250"	"0"	"0"	"250"	"Reviewable"	"NotReviewed"	"1 scales"	"600"	"60000"	"Sun Apr 13 03:17:02 PDT 2014"	"S01352"	"Approved"	""	"""Christmas tree"""	"""lights"""	"""ornaments"""	"""star"""	"""left"""	"""middle"""	"0"	"-1"	"0"	"1"	"7"	"0"	"0"	"""2"""	"""1"""	"""TRUE"""	"""logical"""	"""FALSE"""	"-1"	"-1"	"-1"	"-1"	"-1"	"-1"	"""How many tree have lights or ornaments and which tree Bob likes the most"""	"""I wish I knew what the point of this survey was"""	"""18"""	"""m"""	"1"	"0"
"What is he talking about? (1-2 mins)"	"Short and fun! A 1-2 minute word game about what someone is talking about."	"experiment, psychology, game"	"$0.20"	"Sun Apr 06 03:17:02 PDT 2014"	"250"	"0"	"0"	"250"	"Reviewable"	"NotReviewed"	"1 scales"	"600"	"60000"	"Sun Apr 13 03:17:02 PDT 2014"	"S52471"	"Approved"	""	"""Christmas tree"""	"""ornaments"""	"""star"""	"""lights"""	"""middle"""	"""left"""	"0"	"-1"	"0"	"1"	"8"	"0"	"0"	"""2"""	"""1"""	"""TRUE"""	"""logical"""	"""FALSE"""	"-1"	"-1"	"-1"	"-1"	"-1"	"-1"	"""Paying attention"""	"""None"""	"""41"""	"""F"""	"1"	"0"
"What is he talking about? (1-2 mins)"	"Short and fun! A 1-2 minute word game about what someone is talking about."	"experiment, psychology, game"	"$0.20"	"Sun Apr 06 03:17:02 PDT 2014"	"250"	"0"	"0"	"250"	"Reviewable"	"NotReviewed"	"1 scales"	"600"	"60000"	"Sun Apr 13 03:17:02 PDT 2014"	"S47152"	"Approved"	""	"""pizza"""	"""olives"""	"""peppers"""	"""mushrooms"""	"""middle"""	"""left"""	"0"	"-1"	"0"	"1"	"8"	"0"	"0"	"""2"""	"""1"""	"""TRUE"""	"""logical"""	"""FALSE"""	"-1"	"-1"	"-1"	"-1"	"-1"	"-1"	"""pizza"""	""""""	"""24"""	"""f"""	"1"	"0"
"What is he talking about? (1-2 mins)"	"Short and fun! A 1-2 minute word game about what someone is talking about."	"experiment, psychology, game"	"$0.20"	"Sun Apr 06 03:17:02 PDT 2014"	"250"	"0"	"0"	"250"	"Reviewable"	"NotReviewed"	"1 scales"	"600"	"60000"	"Sun Apr 13 03:17:02 PDT 2014"	"S57611"	"Approved"	""	"""sundae"""	"""cherry"""	"""chocolate"""	"""whipped cream"""	"""right"""	"""middle"""	"0"	"-1"	"0"	"1"	"8"	"0"	"0"	"""2"""	"""1"""	"""TRUE"""	"""foil"""	"""FALSE"""	"-1"	"-1"	"-1"	"-1"	"-1"	"-1"	"""How people make judgements based on incomplete information."""	"""Very interesting study!"""	"""32"""	"""m"""	"1"	"0"
"What is he talking about? (1-2 mins)"	"Short and fun! A 1-2 minute word game about what someone is talking about."	"experiment, psychology, game"	"$0.20"	"Sun Apr 06 03:17:02 PDT 2014"	"250"	"0"	"0"	"250"	"Reviewable"	"NotReviewed"	"1 scales"	"600"	"60000"	"Sun Apr 13 03:17:02 PDT 2014"	"S02113"	"Approved"	""	"""friend"""	"""mustache"""	"""glasses"""	"""hat"""	"""right"""	"""left"""	"0"	"-1"	"0"	"1"	"8"	"0"	"0"	"""2"""	"""1"""	"""TRUE"""	"""foil"""	"""FALSE"""	"-1"	"-1"	"-1"	"-1"	"-1"	"-1"	"""Trying to see who we think Bob's least favorite is, based on limited information."""	""""""	"""37"""	"""f"""	"1"	"0"
"What is he talking about? (1-2 mins)"	"Short and fun! A 1-2 minute word game about what someone is talking about."	"experiment, psychology, game"	"$0.20"	"Sun Apr 06 03:17:02 PDT 2014"	"250"	"0"	"0"	"250"	"Reviewable"	"NotReviewed"	"1 scales"	"600"	"60000"	"Sun Apr 13 03:17:02 PDT 2014"	"S05084"	"Approved"	""	"""Christmas tree"""	"""ornaments"""	"""lights"""	"""star"""	"""middle"""	"""left"""	"0"	"-1"	"0"	"1"	"8"	"0"	"0"	"""2"""	"""1"""	"""TRUE"""	"""logical"""	"""FALSE"""	"-1"	"-1"	"-1"	"-1"	"-1"	"-1"	"""christmas trees"""	"""none"""	"""32"""	"""m"""	"1"	"0"
"What is he talking about? (1-2 mins)"	"Short and fun! A 1-2 minute word game about what someone is talking about."	"experiment, psychology, game"	"$0.20"	"Sun Apr 06 03:17:02 PDT 2014"	"250"	"0"	"0"	"250"	"Reviewable"	"NotReviewed"	"1 scales"	"600"	"60000"	"Sun Apr 13 03:17:02 PDT 2014"	"S99286"	"Approved"	""	"""friend"""	"""glasses"""	"""hat"""	"""mustache"""	"""middle"""	"""right"""	"0"	"-1"	"0"	"1"	"7"	"0"	"0"	"""2"""	"""1"""	"""TRUE"""	"""logical"""	"""FALSE"""	"-1"	"-1"	"-1"	"-1"	"-1"	"-1"	"""Bob's friends and who I think is his favorite"""	""""""	"""36"""	"""f"""	"1"	"0"
"What is he talking about? (1-2 mins)"	"Short and fun! A 1-2 minute word game about what someone is talking about."	"experiment, psychology, game"	"$0.20"	"Sun Apr 06 03:17:02 PDT 2014"	"250"	"0"	"0"	"250"	"Reviewable"	"NotReviewed"	"1 scales"	"600"	"60000"	"Sun Apr 13 03:17:02 PDT 2014"	"S40320"	"Approved"	""	"""boat"""	"""cabin"""	"""sail"""	"""motor"""	"""right"""	"""middle"""	"0"	"-1"	"0"	"1"	"8"	"0"	"0"	"""2"""	"""1"""	"""TRUE"""	"""foil"""	"""FALSE"""	"-1"	"-1"	"-1"	"-1"	"-1"	"-1"	"""what Bob thinks of his boats."""	"""n/a"""	"""26"""	"""m"""	"1"	"0"
"What is he talking about? (1-2 mins)"	"Short and fun! A 1-2 minute word game about what someone is talking about."	"experiment, psychology, game"	"$0.20"	"Sun Apr 06 03:17:02 PDT 2014"	"250"	"0"	"0"	"250"	"Reviewable"	"NotReviewed"	"1 scales"	"600"	"60000"	"Sun Apr 13 03:17:02 PDT 2014"	"S36147"	"Approved"	""	"""sundae"""	"""chocolate"""	"""cherry"""	"""whipped cream"""	"""middle"""	"""right"""	"0"	"-1"	"0"	"1"	"8"	"0"	"0"	"""2"""	"""1"""	"""TRUE"""	"""foil"""	"""FALSE"""	"-1"	"-1"	"-1"	"-1"	"-1"	"-1"	"""About what sundae was preferred by those that like sundaes."""	"""Fun survey"""	"""20"""	"""m"""	"1"	"0"
"What is he talking about? (1-2 mins)"	"Short and fun! A 1-2 minute word game about what someone is talking about."	"experiment, psychology, game"	"$0.20"	"Sun Apr 06 03:17:02 PDT 2014"	"250"	"0"	"0"	"250"	"Reviewable"	"NotReviewed"	"1 scales"	"600"	"60000"	"Sun Apr 13 03:17:02 PDT 2014"	"S34614"	"Approved"	""	"""sundae"""	"""whipped cream"""	"""cherry"""	"""chocolate"""	"""left"""	"""right"""	"0"	"-1"	"0"	"1"	"7"	"0"	"0"	"""2"""	"""1"""	"""TRUE"""	"""logical"""	"""FALSE"""	"-1"	"-1"	"-1"	"-1"	"-1"	"-1"	"""Bob likes sundaes and has one every Friday."""	""""""	"""45"""	"""m"""	"1"	"0"
"What is he talking about? (1-2 mins)"	"Short and fun! A 1-2 minute word game about what someone is talking about."	"experiment, psychology, game"	"$0.20"	"Sun Apr 06 03:17:02 PDT 2014"	"250"	"0"	"0"	"250"	"Reviewable"	"NotReviewed"	"1 scales"	"600"	"60000"	"Sun Apr 13 03:17:02 PDT 2014"	"S11722"	"Approved"	""	"""Christmas tree"""	"""star"""	"""ornaments"""	"""lights"""	"""middle"""	"""left"""	"0"	"-1"	"0"	"1"	"8"	"0"	"0"	"""2"""	"""1"""	"""TRUE"""	"""foil"""	"""FALSE"""	"-1"	"-1"	"-1"	"-1"	"-1"	"-1"	"""Trimming Christmas trees"""	"""That was weird """	"""23"""	"""m"""	"1"	"0"
"What is he talking about? (1-2 mins)"	"Short and fun! A 1-2 minute word game about what someone is talking about."	"experiment, psychology, game"	"$0.20"	"Sun Apr 06 03:17:02 PDT 2014"	"250"	"0"	"0"	"250"	"Reviewable"	"NotReviewed"	"1 scales"	"600"	"60000"	"Sun Apr 13 03:17:02 PDT 2014"	"S49626"	"Approved"	""	"""pizza"""	"""olives"""	"""mushrooms"""	"""peppers"""	"""middle"""	"""right"""	"0"	"-1"	"0"	"1"	"8"	"0"	"0"	"""2"""	"""1"""	"""TRUE"""	"""foil"""	"""FALSE"""	"-1"	"-1"	"-1"	"-1"	"-1"	"-1"	"""Figuring out what the person was talking about. """	""""""	"""24"""	"""f"""	"1"	"0"
"What is he talking about? (1-2 mins)"	"Short and fun! A 1-2 minute word game about what someone is talking about."	"experiment, psychology, game"	"$0.20"	"Sun Apr 06 03:17:02 PDT 2014"	"250"	"0"	"0"	"250"	"Reviewable"	"NotReviewed"	"1 scales"	"600"	"60000"	"Sun Apr 13 03:17:02 PDT 2014"	"S51649"	"Approved"	""	"""Christmas tree"""	"""ornaments"""	"""star"""	"""lights"""	"""left"""	"""middle"""	"0"	"-1"	"0"	"1"	"7"	"0"	"0"	"""2"""	"""1"""	"""TRUE"""	"""logical"""	"""FALSE"""	"-1"	"-1"	"-1"	"-1"	"-1"	"-1"	"""i have no idea"""	"""no"""	"""32"""	"""m"""	"1"	"0"
"What is he talking about? (1-2 mins)"	"Short and fun! A 1-2 minute word game about what someone is talking about."	"experiment, psychology, game"	"$0.20"	"Sun Apr 06 03:17:02 PDT 2014"	"250"	"0"	"0"	"250"	"Reviewable"	"NotReviewed"	"1 scales"	"600"	"60000"	"Sun Apr 13 03:17:02 PDT 2014"	"S92232"	"Approved"	""	"""friend"""	"""glasses"""	"""hat"""	"""mustache"""	"""right"""	"""middle"""	"0"	"-1"	"0"	"1"	"8"	"0"	"0"	"""2"""	"""1"""	"""TRUE"""	"""logical"""	"""FALSE"""	"-1"	"-1"	"-1"	"-1"	"-1"	"-1"	"""bob communinication"""	"""no"""	"""30"""	"""F"""	"1"	"0"
"What is he talking about? (1-2 mins)"	"Short and fun! A 1-2 minute word game about what someone is talking about."	"experiment, psychology, game"	"$0.20"	"Sun Apr 06 03:17:02 PDT 2014"	"250"	"0"	"0"	"250"	"Reviewable"	"NotReviewed"	"1 scales"	"600"	"60000"	"Sun Apr 13 03:17:02 PDT 2014"	"S95242"	"Approved"	""	"""boat"""	"""motor"""	"""cabin"""	"""sail"""	"""right"""	"""middle"""	"0"	"-1"	"0"	"1"	"7"	"0"	"0"	"""2"""	"""1"""	"""TRUE"""	"""target"""	"""TRUE"""	"-1"	"-1"	"-1"	"-1"	"-1"	"-1"	"""Bob and his love of boats."""	""""""	"""24"""	"""m"""	"1"	"0"
"What is he talking about? (1-2 mins)"	"Short and fun! A 1-2 minute word game about what someone is talking about."	"experiment, psychology, game"	"$0.20"	"Sun Apr 06 03:17:02 PDT 2014"	"250"	"0"	"0"	"250"	"Reviewable"	"NotReviewed"	"1 scales"	"600"	"60000"	"Sun Apr 13 03:17:02 PDT 2014"	"S39759"	"Approved"	""	"""snowman"""	"""hat"""	"""mittens"""	"""scarf"""	"""left"""	"""right"""	"0"	"-1"	"0"	"1"	"8"	"0"	"0"	"""2"""	"""1"""	"""TRUE"""	"""foil"""	"""FALSE"""	"-1"	"-1"	"-1"	"-1"	"-1"	"-1"	"""Bob likes snowmen"""	"""no"""	"""40"""	"""female"""	"1"	"0"
"What is he talking about? (1-2 mins)"	"Short and fun! A 1-2 minute word game about what someone is talking about."	"experiment, psychology, game"	"$0.20"	"Sun Apr 06 03:17:02 PDT 2014"	"250"	"0"	"0"	"250"	"Reviewable"	"NotReviewed"	"1 scales"	"600"	"60000"	"Sun Apr 13 03:17:02 PDT 2014"	"S90130"	"Approved"	""	"""pizza"""	"""olives"""	"""mushrooms"""	"""peppers"""	"""right"""	"""left"""	"0"	"-1"	"0"	"1"	"8"	"0"	"0"	"""2"""	"""1"""	"""TRUE"""	"""foil"""	"""FALSE"""	"-1"	"-1"	"-1"	"-1"	"-1"	"-1"	"""Bob's pizza preferences"""	"""no"""	"""37"""	"""m"""	"1"	"0"
"What is he talking about? (1-2 mins)"	"Short and fun! A 1-2 minute word game about what someone is talking about."	"experiment, psychology, game"	"$0.20"	"Sun Apr 06 03:17:02 PDT 2014"	"250"	"0"	"0"	"250"	"Reviewable"	"NotReviewed"	"1 scales"	"600"	"60000"	"Sun Apr 13 03:17:02 PDT 2014"	"S50524"	"Approved"	""	"""snowman"""	"""scarf"""	"""hat"""	"""mittens"""	"""right"""	"""left"""	"0"	"-1"	"0"	"1"	"8"	"0"	"0"	"""2"""	"""1"""	"""TRUE"""	"""foil"""	"""FALSE"""	"-1"	"-1"	"-1"	"-1"	"-1"	"-1"	"""Bob building snowmen."""	"""No"""	"""32"""	"""f"""	"1"	"0"
"What is he talking about? (1-2 mins)"	"Short and fun! A 1-2 minute word game about what someone is talking about."	"experiment, psychology, game"	"$0.20"	"Sun Apr 06 03:17:02 PDT 2014"	"250"	"0"	"0"	"250"	"Reviewable"	"NotReviewed"	"1 scales"	"600"	"60000"	"Sun Apr 13 03:17:02 PDT 2014"	"S78391"	"Approved"	""	"""sundae"""	"""whipped cream"""	"""cherry"""	"""chocolate"""	"""left"""	"""middle"""	"0"	"-1"	"0"	"1"	"8"	"0"	"0"	"""2"""	"""1"""	"""FALSE"""	"""foil"""	"""FALSE"""	"-1"	"-1"	"-1"	"-1"	"-1"	"-1"	"""Joe's sundaes"""	"""none"""	"""21"""	"""f"""	"1"	"0"
"What is he talking about? (1-2 mins)"	"Short and fun! A 1-2 minute word game about what someone is talking about."	"experiment, psychology, game"	"$0.20"	"Sun Apr 06 03:17:02 PDT 2014"	"250"	"0"	"0"	"250"	"Reviewable"	"NotReviewed"	"1 scales"	"600"	"60000"	"Sun Apr 13 03:17:02 PDT 2014"	"S96232"	"Approved"	""	"""sundae"""	"""cherry"""	"""chocolate"""	"""whipped cream"""	"""right"""	"""left"""	"0"	"-1"	"0"	"1"	"8"	"0"	"0"	"""2"""	"""1"""	"""TRUE"""	"""foil"""	"""FALSE"""	"-1"	"-1"	"-1"	"-1"	"-1"	"-1"	"""sundaes"""	""""""	"""18"""	"""m"""	"1"	"0"
"What is he talking about? (1-2 mins)"	"Short and fun! A 1-2 minute word game about what someone is talking about."	"experiment, psychology, game"	"$0.20"	"Sun Apr 06 03:17:02 PDT 2014"	"250"	"0"	"0"	"250"	"Reviewable"	"NotReviewed"	"1 scales"	"600"	"60000"	"Sun Apr 13 03:17:02 PDT 2014"	"S69700"	"Approved"	""	"""sundae"""	"""cherry"""	"""whipped cream"""	"""chocolate"""	"""middle"""	"""right"""	"0"	"-1"	"0"	"1"	"7"	"0"	"0"	"""2"""	"""1"""	"""TRUE"""	"""logical"""	"""FALSE"""	"-1"	"-1"	"-1"	"-1"	"-1"	"-1"	"""How we interpreted the meaning of him liking sundaes as a phrase"""	""""""	"""28"""	"""m"""	"1"	"0"
"What is he talking about? (1-2 mins)"	"Short and fun! A 1-2 minute word game about what someone is talking about."	"experiment, psychology, game"	"$0.20"	"Sun Apr 06 03:17:02 PDT 2014"	"250"	"0"	"0"	"250"	"Reviewable"	"NotReviewed"	"1 scales"	"600"	"60000"	"Sun Apr 13 03:17:02 PDT 2014"	"S54261"	"Approved"	""	"""friend"""	"""glasses"""	"""mustache"""	"""hat"""	"""right"""	"""left"""	"0"	"-1"	"0"	"1"	"8"	"0"	"0"	"""2"""	"""1"""	"""TRUE"""	"""target"""	"""TRUE"""	"-1"	"-1"	"-1"	"-1"	"-1"	"-1"	"""Bob and his friends"""	""""""	"""29"""	"""m"""	"1"	"0"
"What is he talking about? (1-2 mins)"	"Short and fun! A 1-2 minute word game about what someone is talking about."	"experiment, psychology, game"	"$0.20"	"Sun Apr 06 03:17:02 PDT 2014"	"250"	"0"	"0"	"250"	"Reviewable"	"NotReviewed"	"1 scales"	"600"	"60000"	"Sun Apr 13 03:17:02 PDT 2014"	"S29417"	"Approved"	""	"""pizza"""	"""olives"""	"""peppers"""	"""mushrooms"""	"""middle"""	"""left"""	"0"	"-1"	"0"	"1"	"8"	"0"	"0"	"""2"""	"""1"""	"""TRUE"""	"""foil"""	"""FALSE"""	"-1"	"-1"	"-1"	"-1"	"-1"	"-1"	"""Bob's love of pizza"""	""""""	"""55"""	"""f"""	"1"	"0"
"What is he talking about? (1-2 mins)"	"Short and fun! A 1-2 minute word game about what someone is talking about."	"experiment, psychology, game"	"$0.20"	"Sun Apr 06 03:17:02 PDT 2014"	"250"	"0"	"0"	"250"	"Reviewable"	"NotReviewed"	"1 scales"	"600"	"60000"	"Sun Apr 13 03:17:02 PDT 2014"	"S05897"	"Approved"	""	"""Christmas tree"""	"""ornaments"""	"""lights"""	"""star"""	"""left"""	"""middle"""	"0"	"-1"	"0"	"1"	"7"	"0"	"0"	"""2"""	"""2"""	"""TRUE"""	"""logical"""	"""FALSE"""	"-1"	"-1"	"-1"	"-1"	"-1"	"-1"	"""making assumptions"""	""""""	"""30"""	"""f"""	"1"	"0"
"What is he talking about? (1-2 mins)"	"Short and fun! A 1-2 minute word game about what someone is talking about."	"experiment, psychology, game"	"$0.20"	"Sun Apr 06 03:17:02 PDT 2014"	"250"	"0"	"0"	"250"	"Reviewable"	"NotReviewed"	"1 scales"	"600"	"60000"	"Sun Apr 13 03:17:02 PDT 2014"	"S02017"	"Approved"	""	"""pizza"""	"""mushrooms"""	"""olives"""	"""peppers"""	"""left"""	"""right"""	"0"	"-1"	"0"	"1"	"8"	"0"	"0"	"""2"""	"""1"""	"""TRUE"""	"""foil"""	"""FALSE"""	"-1"	"-1"	"-1"	"-1"	"-1"	"-1"	"""pizza? unsure"""	"""none"""	"""33"""	"""m"""	"1"	"0"
"What is he talking about? (1-2 mins)"	"Short and fun! A 1-2 minute word game about what someone is talking about."	"experiment, psychology, game"	"$0.20"	"Sun Apr 06 03:17:02 PDT 2014"	"250"	"0"	"0"	"250"	"Reviewable"	"NotReviewed"	"1 scales"	"600"	"60000"	"Sun Apr 13 03:17:02 PDT 2014"	"S88288"	"Approved"	""	"""friend"""	"""mustache"""	"""hat"""	"""glasses"""	"""right"""	"""middle"""	"0"	"-1"	"0"	"1"	"7"	"0"	"0"	"""2"""	"""1"""	"""TRUE"""	"""foil"""	"""FALSE"""	"-1"	"-1"	"-1"	"-1"	"-1"	"-1"	"""I don't know"""	"""No"""	"""39"""	"""f"""	"1"	"0"
"What is he talking about? (1-2 mins)"	"Short and fun! A 1-2 minute word game about what someone is talking about."	"experiment, psychology, game"	"$0.20"	"Sun Apr 06 03:17:02 PDT 2014"	"250"	"0"	"0"	"250"	"Reviewable"	"NotReviewed"	"1 scales"	"600"	"60000"	"Sun Apr 13 03:17:02 PDT 2014"	"S59501"	"Approved"	""	"""pizza"""	"""mushrooms"""	"""peppers"""	"""olives"""	"""right"""	"""middle"""	"0"	"-1"	"0"	"1"	"8"	"0"	"0"	"""2"""	"""1"""	"""TRUE"""	"""foil"""	"""FALSE"""	"-1"	"-1"	"-1"	"-1"	"-1"	"-1"	"""Pizza!"""	"""Thanks!"""	"""29"""	"""m"""	"1"	"0"
"What is he talking about? (1-2 mins)"	"Short and fun! A 1-2 minute word game about what someone is talking about."	"experiment, psychology, game"	"$0.20"	"Sun Apr 06 03:17:02 PDT 2014"	"250"	"0"	"0"	"250"	"Reviewable"	"NotReviewed"	"1 scales"	"600"	"60000"	"Sun Apr 13 03:17:02 PDT 2014"	"S45119"	"Approved"	""	"""snowman"""	"""scarf"""	"""hat"""	"""mittens"""	"""middle"""	"""right"""	"0"	"-1"	"0"	"1"	"7"	"0"	"0"	"""2"""	"""1"""	"""TRUE"""	"""logical"""	"""FALSE"""	"-1"	"-1"	"-1"	"-1"	"-1"	"-1"	"""BOB MAKING A SNOWMAN EVERY YEAR AND PICKING HIS FAVORITE ONE."""	"""N0"""	""""""	"""M"""	"1"	"0"
"What is he talking about? (1-2 mins)"	"Short and fun! A 1-2 minute word game about what someone is talking about."	"experiment, psychology, game"	"$0.20"	"Sun Apr 06 03:17:02 PDT 2014"	"250"	"0"	"0"	"250"	"Reviewable"	"NotReviewed"	"1 scales"	"600"	"60000"	"Sun Apr 13 03:17:02 PDT 2014"	"S22212"	"Approved"	""	"""boat"""	"""cabin"""	"""sail"""	"""motor"""	"""left"""	"""middle"""	"0"	"-1"	"0"	"1"	"8"	"0"	"0"	"""2"""	"""1"""	"""TRUE"""	"""logical"""	"""FALSE"""	"-1"	"-1"	"-1"	"-1"	"-1"	"-1"	"""Bob and his love of boats"""	"""No"""	"""27"""	"""f"""	"1"	"0"
"What is he talking about? (1-2 mins)"	"Short and fun! A 1-2 minute word game about what someone is talking about."	"experiment, psychology, game"	"$0.20"	"Sun Apr 06 03:17:02 PDT 2014"	"250"	"0"	"0"	"250"	"Reviewable"	"NotReviewed"	"1 scales"	"600"	"60000"	"Sun Apr 13 03:17:02 PDT 2014"	"S85800"	"Approved"	""	"""Christmas tree"""	"""ornaments"""	"""lights"""	"""star"""	"""middle"""	"""left"""	"0"	"-1"	"0"	"1"	"8"	"0"	"0"	"""2"""	"""1"""	"""TRUE"""	"""foil"""	"""FALSE"""	"-1"	"-1"	"-1"	"-1"	"-1"	"-1"	"""cutting trees"""	"""na"""	"""27"""	"""f"""	"1"	"0"
"What is he talking about? (1-2 mins)"	"Short and fun! A 1-2 minute word game about what someone is talking about."	"experiment, psychology, game"	"$0.20"	"Sun Apr 06 03:17:02 PDT 2014"	"250"	"0"	"0"	"250"	"Reviewable"	"NotReviewed"	"1 scales"	"600"	"60000"	"Sun Apr 13 03:17:02 PDT 2014"	"S75419"	"Approved"	""	"""sundae"""	"""chocolate"""	"""whipped cream"""	"""cherry"""	"""right"""	"""middle"""	"0"	"-1"	"0"	"1"	"8"	"0"	"0"	"""2"""	"""1"""	"""TRUE"""	"""foil"""	"""FALSE"""	"-1"	"-1"	"-1"	"-1"	"-1"	"-1"	"""bob likes sundaes"""	"""this was fun"""	"""22"""	"""f"""	"1"	"0"
"What is he talking about? (1-2 mins)"	"Short and fun! A 1-2 minute word game about what someone is talking about."	"experiment, psychology, game"	"$0.20"	"Sun Apr 06 03:17:02 PDT 2014"	"250"	"0"	"0"	"250"	"Reviewable"	"NotReviewed"	"1 scales"	"600"	"60000"	"Sun Apr 13 03:17:02 PDT 2014"	"S70632"	"Approved"	""	"""sundae"""	"""whipped cream"""	"""cherry"""	"""chocolate"""	"""right"""	"""middle"""	"0"	"-1"	"0"	"1"	"8"	"0"	"0"	"""2"""	"""1"""	"""TRUE"""	"""foil"""	"""FALSE"""	"-1"	"-1"	"-1"	"-1"	"-1"	"-1"	"""ice cream """	""""""	"""61"""	"""m"""	"1"	"0"
"What is he talking about? (1-2 mins)"	"Short and fun! A 1-2 minute word game about what someone is talking about."	"experiment, psychology, game"	"$0.20"	"Sun Apr 06 03:17:02 PDT 2014"	"250"	"0"	"0"	"250"	"Reviewable"	"NotReviewed"	"1 scales"	"600"	"60000"	"Sun Apr 13 03:17:02 PDT 2014"	"S71265"	"Approved"	""	"""boat"""	"""cabin"""	"""motor"""	"""sail"""	"""middle"""	"""right"""	"0"	"-1"	"0"	"1"	"8"	"0"	"0"	"""2"""	"""1"""	"""TRUE"""	"""foil"""	"""FALSE"""	"-1"	"-1"	"-1"	"-1"	"-1"	"-1"	"""figuring out what the person in the hit is talking about"""	"""no"""	"""49"""	"""f"""	"1"	"0"
"What is he talking about? (1-2 mins)"	"Short and fun! A 1-2 minute word game about what someone is talking about."	"experiment, psychology, game"	"$0.20"	"Sun Apr 06 03:17:02 PDT 2014"	"250"	"0"	"0"	"250"	"Reviewable"	"NotReviewed"	"1 scales"	"600"	"60000"	"Sun Apr 13 03:17:02 PDT 2014"	"S27018"	"Approved"	""	"""friend"""	"""glasses"""	"""hat"""	"""mustache"""	"""left"""	"""right"""	"0"	"-1"	"0"	"1"	"7"	"0"	"0"	"""2"""	"""1"""	"""TRUE"""	"""logical"""	"""FALSE"""	"-1"	"-1"	"-1"	"-1"	"-1"	"-1"	"""Bobs friend"""	"""weird but I like weird"""	"""25"""	"""m"""	"1"	"0"
"What is he talking about? (1-2 mins)"	"Short and fun! A 1-2 minute word game about what someone is talking about."	"experiment, psychology, game"	"$0.20"	"Sun Apr 06 03:17:02 PDT 2014"	"250"	"0"	"0"	"250"	"Reviewable"	"NotReviewed"	"1 scales"	"600"	"60000"	"Sun Apr 13 03:17:02 PDT 2014"	"S96853"	"Approved"	""	"""sundae"""	"""chocolate"""	"""cherry"""	"""whipped cream"""	"""middle"""	"""left"""	"0"	"-1"	"0"	"1"	"7"	"0"	"0"	"""2"""	"""1"""	"""TRUE"""	"""logical"""	"""FALSE"""	"-1"	"-1"	"-1"	"-1"	"-1"	"-1"	"""SUNDAES"""	""""""	"""41"""	"""M"""	"1"	"0"
"What is he talking about? (1-2 mins)"	"Short and fun! A 1-2 minute word game about what someone is talking about."	"experiment, psychology, game"	"$0.20"	"Sun Apr 06 03:17:02 PDT 2014"	"250"	"0"	"0"	"250"	"Reviewable"	"NotReviewed"	"1 scales"	"600"	"60000"	"Sun Apr 13 03:17:02 PDT 2014"	"S34323"	"Approved"	""	"""pizza"""	"""mushrooms"""	"""olives"""	"""peppers"""	"""middle"""	"""right"""	"0"	"-1"	"0"	"1"	"7"	"0"	"0"	"""2"""	"""1"""	"""FALSE"""	"""logical"""	"""FALSE"""	"-1"	"-1"	"-1"	"-1"	"-1"	"-1"	"""Ordering Pizza"""	"""No"""	""""""	"""f"""	"1"	"0"
"What is he talking about? (1-2 mins)"	"Short and fun! A 1-2 minute word game about what someone is talking about."	"experiment, psychology, game"	"$0.20"	"Sun Apr 06 03:17:02 PDT 2014"	"250"	"0"	"0"	"250"	"Reviewable"	"NotReviewed"	"1 scales"	"600"	"60000"	"Sun Apr 13 03:17:02 PDT 2014"	"S39476"	"Approved"	""	"""pizza"""	"""olives"""	"""peppers"""	"""mushrooms"""	"""middle"""	"""right"""	"0"	"-1"	"0"	"1"	"7"	"0"	"0"	"""2"""	"""1"""	"""TRUE"""	"""target"""	"""TRUE"""	"-1"	"-1"	"-1"	"-1"	"-1"	"-1"	"""paying attention"""	""""""	"""29"""	"""f"""	"1"	"0"
"What is he talking about? (1-2 mins)"	"Short and fun! A 1-2 minute word game about what someone is talking about."	"experiment, psychology, game"	"$0.20"	"Sun Apr 06 03:17:02 PDT 2014"	"250"	"0"	"0"	"250"	"Reviewable"	"NotReviewed"	"1 scales"	"600"	"60000"	"Sun Apr 13 03:17:02 PDT 2014"	"S18164"	"Approved"	""	"""pizza"""	"""olives"""	"""mushrooms"""	"""peppers"""	"""left"""	"""middle"""	"0"	"-1"	"0"	"1"	"7"	"0"	"0"	"""2"""	"""1"""	"""TRUE"""	"""target"""	"""TRUE"""	"-1"	"-1"	"-1"	"-1"	"-1"	"-1"	"""language & cognition"""	"""no :)"""	"""21"""	"""f"""	"1"	"0"
"What is he talking about? (1-2 mins)"	"Short and fun! A 1-2 minute word game about what someone is talking about."	"experiment, psychology, game"	"$0.20"	"Sun Apr 06 03:17:02 PDT 2014"	"250"	"0"	"0"	"250"	"Reviewable"	"NotReviewed"	"1 scales"	"600"	"60000"	"Sun Apr 13 03:17:02 PDT 2014"	"S28967"	"Approved"	""	"""sundae"""	"""whipped cream"""	"""chocolate"""	"""cherry"""	"""left"""	"""middle"""	"0"	"-1"	"0"	"1"	"7"	"0"	"0"	"""2"""	"""1"""	"""TRUE"""	"""logical"""	"""FALSE"""	"-1"	"-1"	"-1"	"-1"	"-1"	"-1"	"""Bob's ice cream preferences """	"""Ill do HIT's like this all day. keep em coming."""	"""30"""	"""m"""	"1"	"0"
"What is he talking about? (1-2 mins)"	"Short and fun! A 1-2 minute word game about what someone is talking about."	"experiment, psychology, game"	"$0.20"	"Sun Apr 06 03:17:02 PDT 2014"	"250"	"0"	"0"	"250"	"Reviewable"	"NotReviewed"	"1 scales"	"600"	"60000"	"Sun Apr 13 03:17:02 PDT 2014"	"S64464"	"Approved"	""	"""boat"""	"""cabin"""	"""motor"""	"""sail"""	"""middle"""	"""right"""	"0"	"-1"	"0"	"1"	"7"	"0"	"0"	"""2"""	"""1"""	"""TRUE"""	"""logical"""	"""FALSE"""	"-1"	"-1"	"-1"	"-1"	"-1"	"-1"	"""Bob likes boats"""	""""""	"""59"""	"""f"""	"1"	"0"
"What is he talking about? (1-2 mins)"	"Short and fun! A 1-2 minute word game about what someone is talking about."	"experiment, psychology, game"	"$0.20"	"Sun Apr 06 03:17:02 PDT 2014"	"250"	"0"	"0"	"250"	"Reviewable"	"NotReviewed"	"1 scales"	"600"	"60000"	"Sun Apr 13 03:17:02 PDT 2014"	"S84851"	"Approved"	""	"""pizza"""	"""mushrooms"""	"""peppers"""	"""olives"""	"""middle"""	"""right"""	"0"	"-1"	"0"	"1"	"7"	"0"	"0"	"""2"""	"""1"""	"""TRUE"""	"""foil"""	"""FALSE"""	"-1"	"-1"	"-1"	"-1"	"-1"	"-1"	"""To determine what type of Pizza Bob likes"""	""""""	"""28"""	"""m"""	"1"	"0"
"What is he talking about? (1-2 mins)"	"Short and fun! A 1-2 minute word game about what someone is talking about."	"experiment, psychology, game"	"$0.20"	"Sun Apr 06 03:17:02 PDT 2014"	"250"	"0"	"0"	"250"	"Reviewable"	"NotReviewed"	"1 scales"	"600"	"60000"	"Sun Apr 13 03:17:02 PDT 2014"	"S27434"	"Approved"	""	"""friend"""	"""glasses"""	"""mustache"""	"""hat"""	"""right"""	"""left"""	"0"	"-1"	"0"	"1"	"7"	"0"	"0"	"""2"""	"""1"""	"""TRUE"""	"""logical"""	"""FALSE"""	"-1"	"-1"	"-1"	"-1"	"-1"	"-1"	"""Visiting friends."""	"""I'm not sure I get it."""	"""29"""	"""m"""	"1"	"0"
"What is he talking about? (1-2 mins)"	"Short and fun! A 1-2 minute word game about what someone is talking about."	"experiment, psychology, game"	"$0.20"	"Sun Apr 06 03:17:02 PDT 2014"	"250"	"0"	"0"	"250"	"Reviewable"	"NotReviewed"	"1 scales"	"600"	"60000"	"Sun Apr 13 03:17:02 PDT 2014"	"S71360"	"Approved"	""	"""snowman"""	"""scarf"""	"""hat"""	"""mittens"""	"""middle"""	"""left"""	"0"	"-1"	"0"	"1"	"7"	"0"	"0"	"""2"""	"""1"""	"""TRUE"""	"""logical"""	"""FALSE"""	"-1"	"-1"	"-1"	"-1"	"-1"	"-1"	"""Perceptions about what \""really decorate\"" means"""	""""""	""""""	"""F"""	"1"	"0"
"What is he talking about? (1-2 mins)"	"Short and fun! A 1-2 minute word game about what someone is talking about."	"experiment, psychology, game"	"$0.20"	"Sun Apr 06 03:17:02 PDT 2014"	"250"	"0"	"0"	"250"	"Reviewable"	"NotReviewed"	"1 scales"	"600"	"60000"	"Sun Apr 13 03:17:02 PDT 2014"	"S30512"	"Approved"	""	"""friend"""	"""glasses"""	"""hat"""	"""mustache"""	"""right"""	"""middle"""	"0"	"-1"	"0"	"1"	"8"	"0"	"0"	"""2"""	"""1"""	"""TRUE"""	"""foil"""	"""FALSE"""	"-1"	"-1"	"-1"	"-1"	"-1"	"-1"	"""Bobs friends"""	"""Fun"""	"""32"""	"""m"""	"1"	"0"
"What is he talking about? (1-2 mins)"	"Short and fun! A 1-2 minute word game about what someone is talking about."	"experiment, psychology, game"	"$0.20"	"Sun Apr 06 03:17:02 PDT 2014"	"250"	"0"	"0"	"250"	"Reviewable"	"NotReviewed"	"1 scales"	"600"	"60000"	"Sun Apr 13 03:17:02 PDT 2014"	"S60228"	"Approved"	""	"""pizza"""	"""mushrooms"""	"""peppers"""	"""olives"""	"""left"""	"""right"""	"0"	"-1"	"0"	"1"	"8"	"0"	"0"	"""2"""	"""1"""	"""TRUE"""	"""foil"""	"""FALSE"""	"-1"	"-1"	"-1"	"-1"	"-1"	"-1"	"""pizza preference"""	"""I love pizza!"""	"""39"""	"""f"""	"1"	"0"
"What is he talking about? (1-2 mins)"	"Short and fun! A 1-2 minute word game about what someone is talking about."	"experiment, psychology, game"	"$0.20"	"Sun Apr 06 03:17:02 PDT 2014"	"250"	"0"	"0"	"250"	"Reviewable"	"NotReviewed"	"1 scales"	"600"	"60000"	"Sun Apr 13 03:17:02 PDT 2014"	"S19931"	"Approved"	""	"""sundae"""	"""whipped cream"""	"""cherry"""	"""chocolate"""	"""middle"""	"""right"""	"0"	"-1"	"0"	"1"	"7"	"0"	"0"	"""2"""	"""1"""	"""TRUE"""	"""logical"""	"""FALSE"""	"-1"	"-1"	"-1"	"-1"	"-1"	"-1"	"""Sundaes"""	""""""	"""18"""	"""m"""	"1"	"0"
"What is he talking about? (1-2 mins)"	"Short and fun! A 1-2 minute word game about what someone is talking about."	"experiment, psychology, game"	"$0.20"	"Sun Apr 06 03:17:02 PDT 2014"	"250"	"0"	"0"	"250"	"Reviewable"	"NotReviewed"	"1 scales"	"600"	"60000"	"Sun Apr 13 03:17:02 PDT 2014"	"S87437"	"Approved"	""	"""pizza"""	"""olives"""	"""peppers"""	"""mushrooms"""	"""right"""	"""middle"""	"0"	"-1"	"0"	"1"	"7"	"0"	"0"	"""2"""	"""1"""	"""TRUE"""	"""logical"""	"""FALSE"""	"-1"	"-1"	"-1"	"-1"	"-1"	"-1"	"""Bobs pizzas"""	""""""	"""34"""	"""F"""	"1"	"0"
"What is he talking about? (1-2 mins)"	"Short and fun! A 1-2 minute word game about what someone is talking about."	"experiment, psychology, game"	"$0.20"	"Sun Apr 06 03:17:02 PDT 2014"	"250"	"0"	"0"	"250"	"Reviewable"	"NotReviewed"	"1 scales"	"600"	"60000"	"Sun Apr 13 03:17:02 PDT 2014"	"S94718"	"Approved"	""	"""sundae"""	"""cherry"""	"""chocolate"""	"""whipped cream"""	"""right"""	"""left"""	"0"	"-1"	"0"	"1"	"8"	"0"	"0"	"""2"""	"""1"""	"""TRUE"""	"""foil"""	"""FALSE"""	"-1"	"-1"	"-1"	"-1"	"-1"	"-1"	"""Bob and sundaes"""	""""""	"""54"""	"""f"""	"1"	"0"
"What is he talking about? (1-2 mins)"	"Short and fun! A 1-2 minute word game about what someone is talking about."	"experiment, psychology, game"	"$0.20"	"Sun Apr 06 03:17:02 PDT 2014"	"250"	"0"	"0"	"250"	"Reviewable"	"NotReviewed"	"1 scales"	"600"	"60000"	"Sun Apr 13 03:17:02 PDT 2014"	"S53334"	"Approved"	""	"""snowman"""	"""scarf"""	"""mittens"""	"""hat"""	"""left"""	"""middle"""	"0"	"-1"	"0"	"1"	"8"	"0"	"0"	"""2"""	"""1"""	"""FALSE"""	"""foil"""	"""FALSE"""	"-1"	"-1"	"-1"	"-1"	"-1"	"-1"	"""decorating snowmen"""	""""""	"""28"""	"""f"""	"1"	"0"
"What is he talking about? (1-2 mins)"	"Short and fun! A 1-2 minute word game about what someone is talking about."	"experiment, psychology, game"	"$0.20"	"Sun Apr 06 03:17:02 PDT 2014"	"250"	"0"	"0"	"250"	"Reviewable"	"NotReviewed"	"1 scales"	"600"	"60000"	"Sun Apr 13 03:17:02 PDT 2014"	"S80685"	"Approved"	""	"""snowman"""	"""hat"""	"""mittens"""	"""scarf"""	"""middle"""	"""left"""	"0"	"-1"	"0"	"1"	"8"	"0"	"0"	"""2"""	"""1"""	"""TRUE"""	"""foil"""	"""FALSE"""	"-1"	"-1"	"-1"	"-1"	"-1"	"-1"	"""Observations about Bob's snow building habits"""	"""N/A"""	"""29"""	"""m"""	"1"	"0"
"What is he talking about? (1-2 mins)"	"Short and fun! A 1-2 minute word game about what someone is talking about."	"experiment, psychology, game"	"$0.20"	"Sun Apr 06 03:17:02 PDT 2014"	"250"	"0"	"0"	"250"	"Reviewable"	"NotReviewed"	"1 scales"	"600"	"60000"	"Sun Apr 13 03:17:02 PDT 2014"	"S92151"	"Approved"	""	"""sundae"""	"""whipped cream"""	"""chocolate"""	"""cherry"""	"""right"""	"""left"""	"0"	"-1"	"0"	"1"	"8"	"0"	"0"	"""2"""	"""1"""	"""TRUE"""	"""foil"""	"""FALSE"""	"-1"	"-1"	"-1"	"-1"	"-1"	"-1"	"""BOB AND ICE CREAM"""	"""NONE"""	"""32"""	"""F"""	"1"	"0"
"What is he talking about? (1-2 mins)"	"Short and fun! A 1-2 minute word game about what someone is talking about."	"experiment, psychology, game"	"$0.20"	"Sun Apr 06 03:17:02 PDT 2014"	"250"	"0"	"0"	"250"	"Reviewable"	"NotReviewed"	"1 scales"	"600"	"60000"	"Sun Apr 13 03:17:02 PDT 2014"	"S03620"	"Approved"	""	"""snowman"""	"""mittens"""	"""scarf"""	"""hat"""	"""left"""	"""right"""	"0"	"-1"	"0"	"1"	"8"	"0"	"0"	"""2"""	"""1"""	"""FALSE"""	"""foil"""	"""FALSE"""	"-1"	"-1"	"-1"	"-1"	"-1"	"-1"	"""Seeing how much putting something as simple as a scarf on an object will affect how well people perceive it. """	""""""	"""20"""	"""m"""	"1"	"0"
"What is he talking about? (1-2 mins)"	"Short and fun! A 1-2 minute word game about what someone is talking about."	"experiment, psychology, game"	"$0.20"	"Sun Apr 06 03:17:02 PDT 2014"	"250"	"0"	"0"	"250"	"Reviewable"	"NotReviewed"	"1 scales"	"600"	"60000"	"Sun Apr 13 03:17:02 PDT 2014"	"S74537"	"Approved"	""	"""snowman"""	"""mittens"""	"""hat"""	"""scarf"""	"""right"""	"""left"""	"0"	"-1"	"0"	"1"	"7"	"0"	"0"	"""3"""	"""1"""	"""TRUE"""	"""foil"""	"""FALSE"""	"-1"	"-1"	"-1"	"-1"	"-1"	"-1"	"""Bob's Snowmen"""	"""No"""	"""18"""	"""Male"""	"1"	"0"
"What is he talking about? (1-2 mins)"	"Short and fun! A 1-2 minute word game about what someone is talking about."	"experiment, psychology, game"	"$0.20"	"Sun Apr 06 03:17:02 PDT 2014"	"250"	"0"	"0"	"250"	"Reviewable"	"NotReviewed"	"1 scales"	"600"	"60000"	"Sun Apr 13 03:17:02 PDT 2014"	"S98115"	"Approved"	""	"""sundae"""	"""whipped cream"""	"""cherry"""	"""chocolate"""	"""left"""	"""right"""	"0"	"-1"	"0"	"1"	"7"	"0"	"0"	"""2"""	"""1"""	"""TRUE"""	"""logical"""	"""FALSE"""	"-1"	"-1"	"-1"	"-1"	"-1"	"-1"	"""Preferences"""	"""No"""	"""24"""	"""F"""	"1"	"0"
"What is he talking about? (1-2 mins)"	"Short and fun! A 1-2 minute word game about what someone is talking about."	"experiment, psychology, game"	"$0.20"	"Sun Apr 06 03:17:02 PDT 2014"	"250"	"0"	"0"	"250"	"Reviewable"	"NotReviewed"	"1 scales"	"600"	"60000"	"Sun Apr 13 03:17:02 PDT 2014"	"S27326"	"Approved"	""	"""sundae"""	"""whipped cream"""	"""chocolate"""	"""cherry"""	"""middle"""	"""left"""	"0"	"-1"	"0"	"1"	"7"	"0"	"0"	"""2"""	"""1"""	"""TRUE"""	"""foil"""	"""FALSE"""	"-1"	"-1"	"-1"	"-1"	"-1"	"-1"	"""Bob's ice cream """	""""""	"""22"""	"""f"""	"1"	"0"
"What is he talking about? (1-2 mins)"	"Short and fun! A 1-2 minute word game about what someone is talking about."	"experiment, psychology, game"	"$0.20"	"Sun Apr 06 03:17:02 PDT 2014"	"250"	"0"	"0"	"250"	"Reviewable"	"NotReviewed"	"1 scales"	"600"	"60000"	"Sun Apr 13 03:17:02 PDT 2014"	"S89670"	"Approved"	""	"""sundae"""	"""cherry"""	"""whipped cream"""	"""chocolate"""	"""middle"""	"""left"""	"0"	"-1"	"0"	"1"	"8"	"0"	"0"	"""2"""	"""1"""	"""TRUE"""	"""foil"""	"""FALSE"""	"-1"	"-1"	"-1"	"-1"	"-1"	"-1"	"""Preferences"""	"""No"""	"""39"""	"""m"""	"1"	"0"
"What is he talking about? (1-2 mins)"	"Short and fun! A 1-2 minute word game about what someone is talking about."	"experiment, psychology, game"	"$0.20"	"Sun Apr 06 03:17:02 PDT 2014"	"250"	"0"	"0"	"250"	"Reviewable"	"NotReviewed"	"1 scales"	"600"	"60000"	"Sun Apr 13 03:17:02 PDT 2014"	"S20215"	"Approved"	""	"""friend"""	"""hat"""	"""mustache"""	"""glasses"""	"""middle"""	"""right"""	"0"	"-1"	"0"	"1"	"7"	"0"	"0"	"""2"""	"""1"""	"""TRUE"""	"""target"""	"""TRUE"""	"-1"	"-1"	"-1"	"-1"	"-1"	"-1"	"""Bob's friends"""	"""No"""	"""29"""	"""F"""	"1"	"0"
"What is he talking about? (1-2 mins)"	"Short and fun! A 1-2 minute word game about what someone is talking about."	"experiment, psychology, game"	"$0.20"	"Sun Apr 06 03:17:02 PDT 2014"	"250"	"0"	"0"	"250"	"Reviewable"	"NotReviewed"	"1 scales"	"600"	"60000"	"Sun Apr 13 03:17:02 PDT 2014"	"S25681"	"Approved"	""	"""Christmas tree"""	"""star"""	"""lights"""	"""ornaments"""	"""left"""	"""middle"""	"0"	"-1"	"0"	"1"	"7"	"0"	"0"	"""2"""	"""1"""	"""TRUE"""	"""logical"""	"""FALSE"""	"-1"	"-1"	"-1"	"-1"	"-1"	"-1"	"""Trimming christmas trees"""	"""No"""	"""39"""	"""f"""	"1"	"0"
"What is he talking about? (1-2 mins)"	"Short and fun! A 1-2 minute word game about what someone is talking about."	"experiment, psychology, game"	"$0.20"	"Sun Apr 06 03:17:02 PDT 2014"	"250"	"0"	"0"	"250"	"Reviewable"	"NotReviewed"	"1 scales"	"600"	"60000"	"Sun Apr 13 03:17:02 PDT 2014"	"S42308"	"Approved"	""	"""friend"""	"""mustache"""	"""hat"""	"""glasses"""	"""middle"""	"""right"""	"0"	"-1"	"0"	"1"	"7"	"0"	"0"	"""2"""	"""1"""	"""FALSE"""	"""target"""	"""TRUE"""	"-1"	"-1"	"-1"	"-1"	"-1"	"-1"	"""Identifying people"""	""""""	"""22"""	"""m"""	"1"	"0"
"What is he talking about? (1-2 mins)"	"Short and fun! A 1-2 minute word game about what someone is talking about."	"experiment, psychology, game"	"$0.20"	"Sun Apr 06 03:17:02 PDT 2014"	"250"	"0"	"0"	"250"	"Reviewable"	"NotReviewed"	"1 scales"	"600"	"60000"	"Sun Apr 13 03:17:02 PDT 2014"	"S69756"	"Approved"	""	"""sundae"""	"""cherry"""	"""whipped cream"""	"""chocolate"""	"""right"""	"""left"""	"0"	"-1"	"0"	"1"	"7"	"0"	"0"	"""2"""	"""1"""	"""TRUE"""	"""logical"""	"""FALSE"""	"-1"	"-1"	"-1"	"-1"	"-1"	"-1"	"""sundaes"""	""""""	"""28"""	"""m"""	"1"	"0"
"What is he talking about? (1-2 mins)"	"Short and fun! A 1-2 minute word game about what someone is talking about."	"experiment, psychology, game"	"$0.20"	"Sun Apr 06 03:17:02 PDT 2014"	"250"	"0"	"0"	"250"	"Reviewable"	"NotReviewed"	"1 scales"	"600"	"60000"	"Sun Apr 13 03:17:02 PDT 2014"	"S41795"	"Approved"	""	"""Christmas tree"""	"""ornaments"""	"""star"""	"""lights"""	"""left"""	"""middle"""	"0"	"-1"	"0"	"1"	"8"	"0"	"0"	"""2"""	"""1"""	"""TRUE"""	"""foil"""	"""FALSE"""	"-1"	"-1"	"-1"	"-1"	"-1"	"-1"	"""Bob liking to trim christmas trees"""	"""None"""	"""27"""	"""m"""	"1"	"0"
"What is he talking about? (1-2 mins)"	"Short and fun! A 1-2 minute word game about what someone is talking about."	"experiment, psychology, game"	"$0.20"	"Sun Apr 06 03:17:02 PDT 2014"	"250"	"0"	"0"	"250"	"Reviewable"	"NotReviewed"	"1 scales"	"600"	"60000"	"Sun Apr 13 03:17:02 PDT 2014"	"S26578"	"Approved"	""	"""friend"""	"""mustache"""	"""hat"""	"""glasses"""	"""right"""	"""middle"""	"0"	"-1"	"0"	"1"	"7"	"0"	"0"	"""2"""	"""1"""	"""TRUE"""	"""target"""	"""TRUE"""	"-1"	"-1"	"-1"	"-1"	"-1"	"-1"	"""His visits with friends"""	"""No"""	"""28"""	"""m"""	"1"	"0"
"What is he talking about? (1-2 mins)"	"Short and fun! A 1-2 minute word game about what someone is talking about."	"experiment, psychology, game"	"$0.20"	"Sun Apr 06 03:17:02 PDT 2014"	"250"	"0"	"0"	"250"	"Reviewable"	"NotReviewed"	"1 scales"	"600"	"60000"	"Sun Apr 13 03:17:02 PDT 2014"	"S28965"	"Approved"	""	"""boat"""	"""cabin"""	"""sail"""	"""motor"""	"""right"""	"""left"""	"0"	"-1"	"0"	"1"	"7"	"0"	"0"	"""2"""	"""1"""	"""TRUE"""	"""logical"""	"""FALSE"""	"-1"	"-1"	"-1"	"-1"	"-1"	"-1"	"""bob's boats"""	"""no"""	"""28"""	"""m"""	"1"	"0"
"What is he talking about? (1-2 mins)"	"Short and fun! A 1-2 minute word game about what someone is talking about."	"experiment, psychology, game"	"$0.20"	"Sun Apr 06 03:17:02 PDT 2014"	"250"	"0"	"0"	"250"	"Reviewable"	"NotReviewed"	"1 scales"	"600"	"60000"	"Sun Apr 13 03:17:02 PDT 2014"	"S70247"	"Approved"	""	"""friend"""	"""hat"""	"""mustache"""	"""glasses"""	"""middle"""	"""left"""	"0"	"-1"	"0"	"1"	"7"	"0"	"0"	"""2"""	"""1"""	"""TRUE"""	"""foil"""	"""FALSE"""	"-1"	"-1"	"-1"	"-1"	"-1"	"-1"	"""Bob's friends"""	"""Nope"""	"""21"""	"""m"""	"1"	"0"
"What is he talking about? (1-2 mins)"	"Short and fun! A 1-2 minute word game about what someone is talking about."	"experiment, psychology, game"	"$0.20"	"Sun Apr 06 03:17:02 PDT 2014"	"250"	"0"	"0"	"250"	"Reviewable"	"NotReviewed"	"1 scales"	"600"	"60000"	"Sun Apr 13 03:17:02 PDT 2014"	"S75126"	"Approved"	""	"""boat"""	"""motor"""	"""cabin"""	"""sail"""	"""middle"""	"""left"""	"0"	"-1"	"0"	"1"	"8"	"0"	"0"	"""2"""	"""1"""	"""TRUE"""	"""logical"""	"""FALSE"""	"-1"	"-1"	"-1"	"-1"	"-1"	"-1"	"""Boats"""	""""""	""""""	""""""	"1"	"0"
"What is he talking about? (1-2 mins)"	"Short and fun! A 1-2 minute word game about what someone is talking about."	"experiment, psychology, game"	"$0.20"	"Sun Apr 06 03:17:02 PDT 2014"	"250"	"0"	"0"	"250"	"Reviewable"	"NotReviewed"	"1 scales"	"600"	"60000"	"Sun Apr 13 03:17:02 PDT 2014"	"S62939"	"Approved"	""	"""snowman"""	"""hat"""	"""mittens"""	"""scarf"""	"""middle"""	"""left"""	"0"	"-1"	"0"	"1"	"8"	"0"	"0"	"""2"""	"""1"""	"""TRUE"""	"""foil"""	"""FALSE"""	"-1"	"-1"	"-1"	"-1"	"-1"	"-1"	"""Bob's least favorite decorated snowman"""	"""No"""	"""37"""	"""f"""	"1"	"0"
"What is he talking about? (1-2 mins)"	"Short and fun! A 1-2 minute word game about what someone is talking about."	"experiment, psychology, game"	"$0.20"	"Sun Apr 06 03:17:02 PDT 2014"	"250"	"0"	"0"	"250"	"Reviewable"	"NotReviewed"	"1 scales"	"600"	"60000"	"Sun Apr 13 03:17:02 PDT 2014"	"S64026"	"Approved"	""	"""Christmas tree"""	"""star"""	"""lights"""	"""ornaments"""	"""middle"""	"""left"""	"0"	"-1"	"0"	"1"	"8"	"0"	"0"	"""2"""	"""1"""	"""TRUE"""	"""logical"""	"""FALSE"""	"-1"	"-1"	"-1"	"-1"	"-1"	"-1"	"""christmas trees"""	""""""	"""21"""	"""o"""	"1"	"0"
"What is he talking about? (1-2 mins)"	"Short and fun! A 1-2 minute word game about what someone is talking about."	"experiment, psychology, game"	"$0.20"	"Sun Apr 06 03:17:02 PDT 2014"	"250"	"0"	"0"	"250"	"Reviewable"	"NotReviewed"	"1 scales"	"600"	"60000"	"Sun Apr 13 03:17:02 PDT 2014"	"S35249"	"Approved"	""	"""snowman"""	"""scarf"""	"""mittens"""	"""hat"""	"""middle"""	"""left"""	"0"	"-1"	"0"	"1"	"7"	"0"	"0"	"""2"""	"""1"""	"""TRUE"""	"""logical"""	"""FALSE"""	"-1"	"-1"	"-1"	"-1"	"-1"	"-1"	"""Snowmen"""	"""Have a great day!"""	"""27"""	"""M"""	"1"	"0"
"What is he talking about? (1-2 mins)"	"Short and fun! A 1-2 minute word game about what someone is talking about."	"experiment, psychology, game"	"$0.20"	"Sun Apr 06 03:17:02 PDT 2014"	"250"	"0"	"0"	"250"	"Reviewable"	"NotReviewed"	"1 scales"	"600"	"60000"	"Sun Apr 13 03:17:02 PDT 2014"	"S00708"	"Approved"	""	"""pizza"""	"""peppers"""	"""mushrooms"""	"""olives"""	"""left"""	"""right"""	"0"	"-1"	"0"	"1"	"8"	"0"	"0"	"""2"""	"""1"""	"""TRUE"""	"""foil"""	"""FALSE"""	"-1"	"-1"	"-1"	"-1"	"-1"	"-1"	"""Pizzas"""	"""Nope"""	"""34"""	"""m"""	"1"	"0"
"What is he talking about? (1-2 mins)"	"Short and fun! A 1-2 minute word game about what someone is talking about."	"experiment, psychology, game"	"$0.20"	"Sun Apr 06 03:17:02 PDT 2014"	"250"	"0"	"0"	"250"	"Reviewable"	"NotReviewed"	"1 scales"	"600"	"60000"	"Sun Apr 13 03:17:02 PDT 2014"	"S35871"	"Approved"	""	"""friend"""	"""mustache"""	"""hat"""	"""glasses"""	"""right"""	"""left"""	"0"	"-1"	"0"	"1"	"7"	"0"	"0"	"""2"""	"""1"""	"""TRUE"""	"""logical"""	"""FALSE"""	"-1"	"-1"	"-1"	"-1"	"-1"	"-1"	"""not sure"""	"""no"""	"""22"""	"""m"""	"1"	"0"
"What is he talking about? (1-2 mins)"	"Short and fun! A 1-2 minute word game about what someone is talking about."	"experiment, psychology, game"	"$0.20"	"Sun Apr 06 03:17:02 PDT 2014"	"250"	"0"	"0"	"250"	"Reviewable"	"NotReviewed"	"1 scales"	"600"	"60000"	"Sun Apr 13 03:17:02 PDT 2014"	"S18772"	"Approved"	""	"""friend"""	"""hat"""	"""mustache"""	"""glasses"""	"""left"""	"""right"""	"0"	"-1"	"0"	"1"	"7"	"0"	"0"	"""2"""	"""1"""	"""TRUE"""	"""foil"""	"""FALSE"""	"-1"	"-1"	"-1"	"-1"	"-1"	"-1"	"""How headwear and facial hair factors into friendship decisions"""	"""Thanks"""	"""42"""	"""m"""	"1"	"0"
"What is he talking about? (1-2 mins)"	"Short and fun! A 1-2 minute word game about what someone is talking about."	"experiment, psychology, game"	"$0.20"	"Sun Apr 06 03:17:02 PDT 2014"	"250"	"0"	"0"	"250"	"Reviewable"	"NotReviewed"	"1 scales"	"600"	"60000"	"Sun Apr 13 03:17:02 PDT 2014"	"S90354"	"Approved"	""	"""pizza"""	"""peppers"""	"""olives"""	"""mushrooms"""	"""right"""	"""left"""	"0"	"-1"	"0"	"1"	"7"	"0"	"0"	"""2"""	"""1"""	"""TRUE"""	"""logical"""	"""FALSE"""	"-1"	"-1"	"-1"	"-1"	"-1"	"-1"	"""pizza toppings?"""	"""no"""	"""31"""	"""m"""	"1"	"0"
"What is he talking about? (1-2 mins)"	"Short and fun! A 1-2 minute word game about what someone is talking about."	"experiment, psychology, game"	"$0.20"	"Sun Apr 06 03:17:02 PDT 2014"	"250"	"0"	"0"	"250"	"Reviewable"	"NotReviewed"	"1 scales"	"600"	"60000"	"Sun Apr 13 03:17:02 PDT 2014"	"S93775"	"Approved"	""	"""boat"""	"""motor"""	"""cabin"""	"""sail"""	"""right"""	"""middle"""	"0"	"-1"	"0"	"1"	"8"	"0"	"0"	"""2"""	"""1"""	"""TRUE"""	"""logical"""	"""FALSE"""	"-1"	"-1"	"-1"	"-1"	"-1"	"-1"	"""Choosing a boat"""	"""Weird survey """	"""31"""	"""M"""	"1"	"0"
"What is he talking about? (1-2 mins)"	"Short and fun! A 1-2 minute word game about what someone is talking about."	"experiment, psychology, game"	"$0.20"	"Sun Apr 06 03:17:02 PDT 2014"	"250"	"0"	"0"	"250"	"Reviewable"	"NotReviewed"	"1 scales"	"600"	"60000"	"Sun Apr 13 03:17:02 PDT 2014"	"S16916"	"Approved"	""	"""friend"""	"""hat"""	"""glasses"""	"""mustache"""	"""right"""	"""middle"""	"0"	"-1"	"0"	"1"	"7"	"0"	"0"	"""2"""	"""1"""	"""TRUE"""	"""logical"""	"""FALSE"""	"-1"	"-1"	"-1"	"-1"	"-1"	"-1"	"""language"""	""""""	"""35"""	"""f"""	"1"	"0"
"What is he talking about? (1-2 mins)"	"Short and fun! A 1-2 minute word game about what someone is talking about."	"experiment, psychology, game"	"$0.20"	"Sun Apr 06 03:17:02 PDT 2014"	"250"	"0"	"0"	"250"	"Reviewable"	"NotReviewed"	"1 scales"	"600"	"60000"	"Sun Apr 13 03:17:02 PDT 2014"	"S86183"	"Approved"	""	"""friend"""	"""hat"""	"""glasses"""	"""mustache"""	"""right"""	"""left"""	"0"	"-1"	"0"	"1"	"8"	"0"	"0"	"""2"""	"""1"""	"""TRUE"""	"""foil"""	"""FALSE"""	"-1"	"-1"	"-1"	"-1"	"-1"	"-1"	"""Not sure."""	"""No."""	""""""	""""""	"1"	"0"
"What is he talking about? (1-2 mins)"	"Short and fun! A 1-2 minute word game about what someone is talking about."	"experiment, psychology, game"	"$0.20"	"Sun Apr 06 03:17:02 PDT 2014"	"250"	"0"	"0"	"250"	"Reviewable"	"NotReviewed"	"1 scales"	"600"	"60000"	"Sun Apr 13 03:17:02 PDT 2014"	"S66882"	"Approved"	""	"""friend"""	"""mustache"""	"""hat"""	"""glasses"""	"""left"""	"""right"""	"0"	"-1"	"0"	"1"	"8"	"0"	"0"	"""2"""	"""1"""	"""TRUE"""	"""foil"""	"""FALSE"""	"-1"	"-1"	"-1"	"-1"	"-1"	"-1"	"""Visiting friends"""	"""No"""	"""26"""	"""f"""	"1"	"0"
"What is he talking about? (1-2 mins)"	"Short and fun! A 1-2 minute word game about what someone is talking about."	"experiment, psychology, game"	"$0.20"	"Sun Apr 06 03:17:02 PDT 2014"	"250"	"0"	"0"	"250"	"Reviewable"	"NotReviewed"	"1 scales"	"600"	"60000"	"Sun Apr 13 03:17:02 PDT 2014"	"S78224"	"Approved"	""	"""friend"""	"""mustache"""	"""hat"""	"""glasses"""	"""middle"""	"""left"""	"0"	"-1"	"0"	"1"	"7"	"0"	"0"	"""2"""	"""1"""	"""TRUE"""	"""logical"""	"""FALSE"""	"-1"	"-1"	"-1"	"-1"	"-1"	"-1"	"""subject contex"""	"""no"""	"""23"""	"""m"""	"1"	"0"
"What is he talking about? (1-2 mins)"	"Short and fun! A 1-2 minute word game about what someone is talking about."	"experiment, psychology, game"	"$0.20"	"Sun Apr 06 03:17:02 PDT 2014"	"250"	"0"	"0"	"250"	"Reviewable"	"NotReviewed"	"1 scales"	"600"	"60000"	"Sun Apr 13 03:17:02 PDT 2014"	"S76012"	"Approved"	""	"""Christmas tree"""	"""star"""	"""lights"""	"""ornaments"""	"""middle"""	"""right"""	"0"	"-1"	"0"	"1"	"7"	"0"	"0"	"""2"""	"""1"""	"""TRUE"""	"""logical"""	"""FALSE"""	"-1"	"-1"	"-1"	"-1"	"-1"	"-1"	"""Meeting Bob"""	""""""	"""27"""	"""m"""	"1"	"0"
"What is he talking about? (1-2 mins)"	"Short and fun! A 1-2 minute word game about what someone is talking about."	"experiment, psychology, game"	"$0.20"	"Sun Apr 06 03:17:02 PDT 2014"	"250"	"0"	"0"	"250"	"Reviewable"	"NotReviewed"	"1 scales"	"600"	"60000"	"Sun Apr 13 03:17:02 PDT 2014"	"S48848"	"Approved"	""	"""Christmas tree"""	"""ornaments"""	"""star"""	"""lights"""	"""right"""	"""middle"""	"0"	"-1"	"0"	"1"	"8"	"0"	"0"	"""2"""	"""1"""	"""TRUE"""	"""foil"""	"""FALSE"""	"-1"	"-1"	"-1"	"-1"	"-1"	"-1"	"""Bobs opinions. """	""""""	"""25"""	"""m"""	"1"	"0"
"What is he talking about? (1-2 mins)"	"Short and fun! A 1-2 minute word game about what someone is talking about."	"experiment, psychology, game"	"$0.20"	"Sun Apr 06 03:17:02 PDT 2014"	"250"	"0"	"0"	"250"	"Reviewable"	"NotReviewed"	"1 scales"	"600"	"60000"	"Sun Apr 13 03:17:02 PDT 2014"	"S73786"	"Approved"	""	"""friend"""	"""glasses"""	"""mustache"""	"""hat"""	"""right"""	"""middle"""	"0"	"-1"	"0"	"1"	"7"	"0"	"0"	"""2"""	"""1"""	"""TRUE"""	"""logical"""	"""FALSE"""	"-1"	"-1"	"-1"	"-1"	"-1"	"-1"	"""Bob Meeting friends"""	"""none"""	"""49"""	"""m"""	"1"	"0"
"What is he talking about? (1-2 mins)"	"Short and fun! A 1-2 minute word game about what someone is talking about."	"experiment, psychology, game"	"$0.20"	"Sun Apr 06 03:17:02 PDT 2014"	"250"	"0"	"0"	"250"	"Reviewable"	"NotReviewed"	"1 scales"	"600"	"60000"	"Sun Apr 13 03:17:02 PDT 2014"	"S11838"	"Approved"	""	"""pizza"""	"""mushrooms"""	"""olives"""	"""peppers"""	"""middle"""	"""left"""	"0"	"-1"	"0"	"1"	"8"	"0"	"0"	"""2"""	"""1"""	"""TRUE"""	"""logical"""	"""FALSE"""	"-1"	"-1"	"-1"	"-1"	"-1"	"-1"	"""Bob eating pizza"""	"""N/A"""	"""22"""	"""f"""	"1"	"0"
"What is he talking about? (1-2 mins)"	"Short and fun! A 1-2 minute word game about what someone is talking about."	"experiment, psychology, game"	"$0.20"	"Sun Apr 06 03:17:02 PDT 2014"	"250"	"0"	"0"	"250"	"Reviewable"	"NotReviewed"	"1 scales"	"600"	"60000"	"Sun Apr 13 03:17:02 PDT 2014"	"S19209"	"Approved"	""	"""friend"""	"""glasses"""	"""mustache"""	"""hat"""	"""left"""	"""right"""	"0"	"-1"	"0"	"1"	"7"	"0"	"0"	"""2"""	"""1"""	"""TRUE"""	"""target"""	"""TRUE"""	"-1"	"-1"	"-1"	"-1"	"-1"	"-1"	"""BOB AND HIS FRIENDS"""	"""THANKS"""	"""29"""	"""m"""	"1"	"0"
"What is he talking about? (1-2 mins)"	"Short and fun! A 1-2 minute word game about what someone is talking about."	"experiment, psychology, game"	"$0.20"	"Sun Apr 06 03:17:02 PDT 2014"	"250"	"0"	"0"	"250"	"Reviewable"	"NotReviewed"	"1 scales"	"600"	"60000"	"Sun Apr 13 03:17:02 PDT 2014"	"S86565"	"Approved"	""	"""sundae"""	"""cherry"""	"""chocolate"""	"""whipped cream"""	"""right"""	"""middle"""	"0"	"-1"	"0"	"1"	"8"	"0"	"0"	"""2"""	"""1"""	"""TRUE"""	"""foil"""	"""FALSE"""	"-1"	"-1"	"-1"	"-1"	"-1"	"-1"	"""Choices?"""	"""Nope"""	"""25"""	"""m"""	"1"	"0"
"What is he talking about? (1-2 mins)"	"Short and fun! A 1-2 minute word game about what someone is talking about."	"experiment, psychology, game"	"$0.20"	"Sun Apr 06 03:17:02 PDT 2014"	"250"	"0"	"0"	"250"	"Reviewable"	"NotReviewed"	"1 scales"	"600"	"60000"	"Sun Apr 13 03:17:02 PDT 2014"	"S71217"	"Approved"	""	"""sundae"""	"""cherry"""	"""whipped cream"""	"""chocolate"""	"""right"""	"""left"""	"0"	"-1"	"0"	"1"	"8"	"0"	"0"	"""2"""	"""1"""	"""TRUE"""	"""foil"""	"""FALSE"""	"-1"	"-1"	"-1"	"-1"	"-1"	"-1"	"""bob"""	""""""	"""26"""	"""m"""	"1"	"0"
"What is he talking about? (1-2 mins)"	"Short and fun! A 1-2 minute word game about what someone is talking about."	"experiment, psychology, game"	"$0.20"	"Sun Apr 06 03:17:02 PDT 2014"	"250"	"0"	"0"	"250"	"Reviewable"	"NotReviewed"	"1 scales"	"600"	"60000"	"Sun Apr 13 03:17:02 PDT 2014"	"S11291"	"Approved"	""	"""boat"""	"""motor"""	"""cabin"""	"""sail"""	"""middle"""	"""left"""	"0"	"-1"	"0"	"1"	"7"	"0"	"0"	"""2"""	"""1"""	"""TRUE"""	"""logical"""	"""FALSE"""	"-1"	"-1"	"-1"	"-1"	"-1"	"-1"	"""Word association """	""""""	"""22"""	"""m"""	"1"	"0"
"What is he talking about? (1-2 mins)"	"Short and fun! A 1-2 minute word game about what someone is talking about."	"experiment, psychology, game"	"$0.20"	"Sun Apr 06 03:17:02 PDT 2014"	"250"	"0"	"0"	"250"	"Reviewable"	"NotReviewed"	"1 scales"	"600"	"60000"	"Sun Apr 13 03:17:02 PDT 2014"	"S86039"	"Approved"	""	"""pizza"""	"""peppers"""	"""mushrooms"""	"""olives"""	"""left"""	"""middle"""	"0"	"-1"	"0"	"1"	"8"	"0"	"0"	"""2"""	"""1"""	"""TRUE"""	"""foil"""	"""FALSE"""	"-1"	"-1"	"-1"	"-1"	"-1"	"-1"	"""Bob's pizzas"""	""""""	"""21"""	"""f"""	"1"	"0"
"What is he talking about? (1-2 mins)"	"Short and fun! A 1-2 minute word game about what someone is talking about."	"experiment, psychology, game"	"$0.20"	"Sun Apr 06 03:17:02 PDT 2014"	"250"	"0"	"0"	"250"	"Reviewable"	"NotReviewed"	"1 scales"	"600"	"60000"	"Sun Apr 13 03:17:02 PDT 2014"	"S87430"	"Approved"	""	"""boat"""	"""motor"""	"""cabin"""	"""sail"""	"""left"""	"""right"""	"0"	"-1"	"0"	"1"	"8"	"0"	"0"	"""2"""	"""1"""	"""TRUE"""	"""logical"""	"""FALSE"""	"-1"	"-1"	"-1"	"-1"	"-1"	"-1"	"""Bob's boats"""	"""Fun survey. Thank you very much."""	"""21"""	"""f"""	"1"	"0"
"What is he talking about? (1-2 mins)"	"Short and fun! A 1-2 minute word game about what someone is talking about."	"experiment, psychology, game"	"$0.20"	"Sun Apr 06 03:17:02 PDT 2014"	"250"	"0"	"0"	"250"	"Reviewable"	"NotReviewed"	"1 scales"	"600"	"60000"	"Sun Apr 13 03:17:02 PDT 2014"	"S40541"	"Approved"	""	"""boat"""	"""cabin"""	"""sail"""	"""motor"""	"""left"""	"""middle"""	"0"	"-1"	"0"	"1"	"7"	"0"	"0"	"""2"""	"""1"""	"""TRUE"""	"""logical"""	"""FALSE"""	"-1"	"-1"	"-1"	"-1"	"-1"	"-1"	"""what type of boat bob would like"""	"""never use bubble answers in a horizontal line like you have above. people might not know which name corresponds with which bubble"""	"""25"""	"""m"""	"1"	"0"
"What is he talking about? (1-2 mins)"	"Short and fun! A 1-2 minute word game about what someone is talking about."	"experiment, psychology, game"	"$0.20"	"Sun Apr 06 03:17:02 PDT 2014"	"250"	"0"	"0"	"250"	"Reviewable"	"NotReviewed"	"1 scales"	"600"	"60000"	"Sun Apr 13 03:17:02 PDT 2014"	"S26738"	"Approved"	""	"""friend"""	"""glasses"""	"""mustache"""	"""hat"""	"""left"""	"""middle"""	"0"	"-1"	"0"	"1"	"7"	"0"	"0"	"""2"""	"""1"""	"""TRUE"""	"""logical"""	"""FALSE"""	"-1"	"-1"	"-1"	"-1"	"-1"	"-1"	"""friends"""	""""""	"""30"""	"""m"""	"1"	"0"
"What is he talking about? (1-2 mins)"	"Short and fun! A 1-2 minute word game about what someone is talking about."	"experiment, psychology, game"	"$0.20"	"Sun Apr 06 03:17:02 PDT 2014"	"250"	"0"	"0"	"250"	"Reviewable"	"NotReviewed"	"1 scales"	"600"	"60000"	"Sun Apr 13 03:17:02 PDT 2014"	"S03169"	"Approved"	""	"""Christmas tree"""	"""star"""	"""ornaments"""	"""lights"""	"""right"""	"""left"""	"0"	"-1"	"0"	"1"	"8"	"0"	"0"	"""2"""	"""1"""	"""FALSE"""	"""foil"""	"""FALSE"""	"-1"	"-1"	"-1"	"-1"	"-1"	"-1"	"""Christmas tree chopping"""	"""no"""	""""""	"""m"""	"1"	"0"
"What is he talking about? (1-2 mins)"	"Short and fun! A 1-2 minute word game about what someone is talking about."	"experiment, psychology, game"	"$0.20"	"Sun Apr 06 03:17:02 PDT 2014"	"250"	"0"	"0"	"250"	"Reviewable"	"NotReviewed"	"1 scales"	"600"	"60000"	"Sun Apr 13 03:17:02 PDT 2014"	"S08052"	"Approved"	""	"""pizza"""	"""peppers"""	"""mushrooms"""	"""olives"""	"""middle"""	"""left"""	"0"	"-1"	"0"	"1"	"7"	"0"	"0"	"""2"""	"""1"""	"""TRUE"""	"""logical"""	"""FALSE"""	"-1"	"-1"	"-1"	"-1"	"-1"	"-1"	"""A study on language."""	"""Thanks!"""	"""29"""	"""m"""	"1"	"0"
"What is he talking about? (1-2 mins)"	"Short and fun! A 1-2 minute word game about what someone is talking about."	"experiment, psychology, game"	"$0.20"	"Sun Apr 06 03:17:02 PDT 2014"	"250"	"0"	"0"	"250"	"Reviewable"	"NotReviewed"	"1 scales"	"600"	"60000"	"Sun Apr 13 03:17:02 PDT 2014"	"S88516"	"Approved"	""	"""boat"""	"""cabin"""	"""motor"""	"""sail"""	"""left"""	"""right"""	"0"	"-1"	"0"	"1"	"7"	"0"	"0"	"""2"""	"""1"""	"""TRUE"""	"""logical"""	"""FALSE"""	"-1"	"-1"	"-1"	"-1"	"-1"	"-1"	"""Bob's boat rentals."""	""""""	"""22"""	"""m"""	"1"	"0"
"What is he talking about? (1-2 mins)"	"Short and fun! A 1-2 minute word game about what someone is talking about."	"experiment, psychology, game"	"$0.20"	"Sun Apr 06 03:17:02 PDT 2014"	"250"	"0"	"0"	"250"	"Reviewable"	"NotReviewed"	"1 scales"	"600"	"60000"	"Sun Apr 13 03:17:02 PDT 2014"	"S21488"	"Approved"	""	"""snowman"""	"""scarf"""	"""mittens"""	"""hat"""	"""right"""	"""left"""	"0"	"-1"	"0"	"1"	"8"	"0"	"0"	"""2"""	"""1"""	"""TRUE"""	"""foil"""	"""FALSE"""	"-1"	"-1"	"-1"	"-1"	"-1"	"-1"	"""Bob decorates snowmen every year, and after being shown 3 of his snowmen, I had to pick which one I thought was his least favorite."""	"""I liked this survey. Interesting!"""	"""25"""	"""m"""	"1"	"0"
