"title"	"description"	"keywords"	"reward"	"creationtime"	"assignments"	"numavailable"	"numpending"	"numcomplete"	"hitstatus"	"reviewstatus"	"annotation"	"assignmentduration"	"autoapprovaldelay"	"hitlifetime"	"workerid"	"assignmentstatus"	"deadline"	"Answer.item"	"Answer.target_property"	"Answer.target_frequency"	"Answer.familiarization_cond"	"Answer.level"	"Answer.participant_response_type_condition"	"Answer.participant_feature_count_condition"	"Answer.linguistic_framing_condition"	"Answer.target_filler_sequence_condition"	"Answer.question_type_condition"	"Answer.manip_check_target"	"Answer.manip_check_dist"	"Answer.manip_check_foil"	"Answer.name_check_correct"	"Answer.choice"	"Answer.choice_correct"	"Answer.money_allocated_to_foil"	"Answer.money_allocated_to_target"	"Answer.money_allocated_to_logical"	"Answer.Likert_value_foil"	"Answer.Likert_value_target"	"Answer.Likert_value_logical"	"Answer.about"	"Answer.comment"	"Answer.age"	"Answer.gender"	"Answer.scale_and_levels_condition"	"Answer.familiarization_present_in_study"	"Answer.top_question_order"	"Answer.middle_question_order"	"Answer.bottom_question_order"	"Answer.image_version"	"Answer.hand_position"
"What is he talking about? (1-2 mins)"	"Short and fun! A 1-2 minute word game about what someone is talking about."	"experiment, psychology, game"	"$0.25 "	"Thu Jul 31 15:08:18 PDT 2014"	"400"	"0"	"0"	"400"	"Reviewable"	"NotReviewed"	"1 scales"	"600"	"60000"	"Thu Aug 07 15:08:18 PDT 2014"	"S80393"	"Approved"	""	"""Christmas tree"""	"""presents"""	"0"	"-1"	"2"	"0"	"0"	"1"	"0"	"0"	"-1"	"-1"	"-1"	"""TRUE"""	"""distractor2"""	"""FALSE"""	"-1"	"-1"	"-1"	"-1"	"-1"	"-1"	"""Choosing"""	"""no"""	""""""	"""f"""	"19"	"0"	"0"	"1"	"2"	"""5"""	"-1"
"What is he talking about? (1-2 mins)"	"Short and fun! A 1-2 minute word game about what someone is talking about."	"experiment, psychology, game"	"$0.25 "	"Thu Jul 31 15:08:18 PDT 2014"	"400"	"0"	"0"	"400"	"Reviewable"	"NotReviewed"	"1 scales"	"600"	"60000"	"Thu Aug 07 15:08:18 PDT 2014"	"S92117"	"Approved"	""	"""sundae"""	"""whipped cream"""	"0"	"-1"	"2"	"0"	"0"	"1"	"0"	"0"	"-1"	"-1"	"-1"	"""FALSE"""	"""target"""	"""TRUE"""	"-1"	"-1"	"-1"	"-1"	"-1"	"-1"	"""Eating iced cream and only being able to communicate a little."""	"""Nah"""	"""27"""	"""M"""	"16"	"0"	"2"	"0"	"1"	"""5"""	"-1"
"What is he talking about? (1-2 mins)"	"Short and fun! A 1-2 minute word game about what someone is talking about."	"experiment, psychology, game"	"$0.25 "	"Thu Jul 31 15:08:18 PDT 2014"	"400"	"0"	"0"	"400"	"Reviewable"	"NotReviewed"	"1 scales"	"600"	"60000"	"Thu Aug 07 15:08:18 PDT 2014"	"S20714"	"Approved"	""	"""sundae"""	"""sprinkles"""	"0"	"-1"	"2"	"0"	"0"	"1"	"0"	"0"	"-1"	"-1"	"-1"	"""TRUE"""	"""target"""	"""TRUE"""	"-1"	"-1"	"-1"	"-1"	"-1"	"-1"	"""bob and ice cream"""	""""""	"""19"""	"""m"""	"16"	"0"	"2"	"0"	"1"	"""5"""	"-1"
"What is he talking about? (1-2 mins)"	"Short and fun! A 1-2 minute word game about what someone is talking about."	"experiment, psychology, game"	"$0.25 "	"Thu Jul 31 15:08:18 PDT 2014"	"400"	"0"	"0"	"400"	"Reviewable"	"NotReviewed"	"1 scales"	"600"	"60000"	"Thu Aug 07 15:08:18 PDT 2014"	"S57804"	"Approved"	""	"""Christmas tree"""	"""lights"""	"0"	"-1"	"1"	"0"	"0"	"1"	"0"	"0"	"-1"	"-1"	"-1"	"""TRUE"""	"""distractor3"""	"""FALSE"""	"-1"	"-1"	"-1"	"-1"	"-1"	"-1"	"""Bob and his christmas tree habits"""	""""""	"""30"""	"""m"""	"20"	"0"	"0"	"2"	"1"	"""5"""	"-1"
"What is he talking about? (1-2 mins)"	"Short and fun! A 1-2 minute word game about what someone is talking about."	"experiment, psychology, game"	"$0.25 "	"Thu Jul 31 15:08:18 PDT 2014"	"400"	"0"	"0"	"400"	"Reviewable"	"NotReviewed"	"1 scales"	"600"	"60000"	"Thu Aug 07 15:08:18 PDT 2014"	"S75120"	"Approved"	""	"""Christmas tree"""	"""presents"""	"0"	"-1"	"2"	"0"	"0"	"1"	"0"	"0"	"-1"	"-1"	"-1"	"""TRUE"""	"""target"""	"""TRUE"""	"-1"	"-1"	"-1"	"-1"	"-1"	"-1"	"""We had to see what tree Bob was talking about."""	"""No, it was fun!"""	"""24"""	"""f"""	"16"	"0"	"0"	"1"	"2"	"""5"""	"-1"
"What is he talking about? (1-2 mins)"	"Short and fun! A 1-2 minute word game about what someone is talking about."	"experiment, psychology, game"	"$0.25 "	"Thu Jul 31 15:08:18 PDT 2014"	"400"	"0"	"0"	"400"	"Reviewable"	"NotReviewed"	"1 scales"	"600"	"60000"	"Thu Aug 07 15:08:18 PDT 2014"	"S00796"	"Approved"	""	"""friend"""	"""hat"""	"0"	"-1"	"2"	"0"	"0"	"1"	"0"	"0"	"-1"	"-1"	"-1"	"""TRUE"""	"""distractor2"""	"""FALSE"""	"-1"	"-1"	"-1"	"-1"	"-1"	"-1"	"""Figuring out what friend Bob wants to visit"""	"""None"""	"""25"""	"""f"""	"11"	"0"	"1"	"2"	"0"	"""5"""	"-1"
"What is he talking about? (1-2 mins)"	"Short and fun! A 1-2 minute word game about what someone is talking about."	"experiment, psychology, game"	"$0.25 "	"Thu Jul 31 15:08:18 PDT 2014"	"400"	"0"	"0"	"400"	"Reviewable"	"NotReviewed"	"1 scales"	"600"	"60000"	"Thu Aug 07 15:08:18 PDT 2014"	"S36587"	"Approved"	""	"""sundae"""	"""chocolate"""	"0"	"-1"	"2"	"0"	"0"	"1"	"0"	"0"	"-1"	"-1"	"-1"	"""FALSE"""	"""target"""	"""TRUE"""	"-1"	"-1"	"-1"	"-1"	"-1"	"-1"	"""communication"""	""""""	"""53"""	"""f"""	"19"	"0"	"0"	"1"	"2"	"""5"""	"-1"
"What is he talking about? (1-2 mins)"	"Short and fun! A 1-2 minute word game about what someone is talking about."	"experiment, psychology, game"	"$0.25 "	"Thu Jul 31 15:08:18 PDT 2014"	"400"	"0"	"0"	"400"	"Reviewable"	"NotReviewed"	"1 scales"	"600"	"60000"	"Thu Aug 07 15:08:18 PDT 2014"	"S82901"	"Approved"	""	"""snowman"""	"""belt"""	"0"	"-1"	"1"	"0"	"0"	"1"	"0"	"0"	"-1"	"-1"	"-1"	"""TRUE"""	"""distractor1"""	"""FALSE"""	"-1"	"-1"	"-1"	"-1"	"-1"	"-1"	"""Which snowman Bob was referring to by saying \""belt\"""""	""""""	"""19"""	"""m"""	"17"	"0"	"1"	"2"	"0"	"""5"""	"-1"
"What is he talking about? (1-2 mins)"	"Short and fun! A 1-2 minute word game about what someone is talking about."	"experiment, psychology, game"	"$0.25 "	"Thu Jul 31 15:08:18 PDT 2014"	"400"	"0"	"0"	"400"	"Reviewable"	"NotReviewed"	"1 scales"	"600"	"60000"	"Thu Aug 07 15:08:18 PDT 2014"	"S17785"	"Approved"	""	"""boat"""	"""sail"""	"0"	"-1"	"1"	"0"	"0"	"1"	"0"	"0"	"-1"	"-1"	"-1"	"""TRUE"""	"""distractor3"""	"""FALSE"""	"-1"	"-1"	"-1"	"-1"	"-1"	"-1"	"""BOATS"""	"""NO"""	""""""	""""""	"12"	"0"	"0"	"2"	"1"	"""5"""	"-1"
"What is he talking about? (1-2 mins)"	"Short and fun! A 1-2 minute word game about what someone is talking about."	"experiment, psychology, game"	"$0.25 "	"Thu Jul 31 15:08:18 PDT 2014"	"400"	"0"	"0"	"400"	"Reviewable"	"NotReviewed"	"1 scales"	"600"	"60000"	"Thu Aug 07 15:08:18 PDT 2014"	"S68853"	"Approved"	""	"""friend"""	"""mustache"""	"0"	"-1"	"2"	"0"	"0"	"1"	"0"	"0"	"-1"	"-1"	"-1"	"""TRUE"""	"""distractor2"""	"""FALSE"""	"-1"	"-1"	"-1"	"-1"	"-1"	"-1"	"""How a person will put a word and picture together."""	"""None"""	"""18"""	"""m"""	"8"	"0"	"2"	"0"	"1"	"""5"""	"-1"
"What is he talking about? (1-2 mins)"	"Short and fun! A 1-2 minute word game about what someone is talking about."	"experiment, psychology, game"	"$0.25 "	"Thu Jul 31 15:08:18 PDT 2014"	"400"	"0"	"0"	"400"	"Reviewable"	"NotReviewed"	"1 scales"	"600"	"60000"	"Thu Aug 07 15:08:18 PDT 2014"	"S72339"	"Approved"	""	"""Christmas tree"""	"""star"""	"0"	"-1"	"1"	"0"	"0"	"1"	"0"	"0"	"-1"	"-1"	"-1"	"""FALSE"""	"""distractor3"""	"""FALSE"""	"-1"	"-1"	"-1"	"-1"	"-1"	"-1"	"""Choosing a tree for him to trim"""	"""none"""	"""22"""	"""M"""	"12"	"0"	"0"	"1"	"2"	"""5"""	"-1"
"What is he talking about? (1-2 mins)"	"Short and fun! A 1-2 minute word game about what someone is talking about."	"experiment, psychology, game"	"$0.25 "	"Thu Jul 31 15:08:18 PDT 2014"	"400"	"0"	"0"	"400"	"Reviewable"	"NotReviewed"	"1 scales"	"600"	"60000"	"Thu Aug 07 15:08:18 PDT 2014"	"S08216"	"Approved"	""	"""sundae"""	"""whipped cream"""	"0"	"-1"	"1"	"0"	"0"	"1"	"0"	"0"	"-1"	"-1"	"-1"	"""TRUE"""	"""target"""	"""TRUE"""	"-1"	"-1"	"-1"	"-1"	"-1"	"-1"	"""Bob!"""	"""nom nom nom"""	"""22"""	"""f"""	"12"	"0"	"2"	"1"	"0"	"""5"""	"-1"
"What is he talking about? (1-2 mins)"	"Short and fun! A 1-2 minute word game about what someone is talking about."	"experiment, psychology, game"	"$0.25 "	"Thu Jul 31 15:08:18 PDT 2014"	"400"	"0"	"0"	"400"	"Reviewable"	"NotReviewed"	"1 scales"	"600"	"60000"	"Thu Aug 07 15:08:18 PDT 2014"	"S02865"	"Approved"	""	"""Christmas tree"""	"""star"""	"0"	"-1"	"1"	"0"	"0"	"1"	"0"	"0"	"-1"	"-1"	"-1"	"""TRUE"""	"""distractor2"""	"""FALSE"""	"-1"	"-1"	"-1"	"-1"	"-1"	"-1"	"""Bob's Christmas tree."""	"""Nope"""	"""29"""	"""m"""	"9"	"0"	"2"	"0"	"1"	"""5"""	"-1"
"What is he talking about? (1-2 mins)"	"Short and fun! A 1-2 minute word game about what someone is talking about."	"experiment, psychology, game"	"$0.25 "	"Thu Jul 31 15:08:18 PDT 2014"	"400"	"0"	"0"	"400"	"Reviewable"	"NotReviewed"	"1 scales"	"600"	"60000"	"Thu Aug 07 15:08:18 PDT 2014"	"S17766"	"Approved"	""	"""friend"""	"""hat"""	"0"	"-1"	"2"	"0"	"0"	"1"	"0"	"0"	"-1"	"-1"	"-1"	"""TRUE"""	"""target"""	"""TRUE"""	"-1"	"-1"	"-1"	"-1"	"-1"	"-1"	"""Figuring out who Bob was referring to."""	"""Nope."""	"""31"""	"""m"""	"19"	"0"	"1"	"0"	"2"	"""5"""	"-1"
"What is he talking about? (1-2 mins)"	"Short and fun! A 1-2 minute word game about what someone is talking about."	"experiment, psychology, game"	"$0.25 "	"Thu Jul 31 15:08:18 PDT 2014"	"400"	"0"	"0"	"400"	"Reviewable"	"NotReviewed"	"1 scales"	"600"	"60000"	"Thu Aug 07 15:08:18 PDT 2014"	"S56337"	"Approved"	""	"""snowman"""	"""belt"""	"0"	"-1"	"1"	"0"	"0"	"1"	"0"	"0"	"-1"	"-1"	"-1"	"""TRUE"""	"""target"""	"""TRUE"""	"-1"	"-1"	"-1"	"-1"	"-1"	"-1"	"""Communicating in one word."""	"""No."""	""""""	""""""	"20"	"0"	"1"	"0"	"2"	"""5"""	"-1"
"What is he talking about? (1-2 mins)"	"Short and fun! A 1-2 minute word game about what someone is talking about."	"experiment, psychology, game"	"$0.25 "	"Thu Jul 31 15:08:18 PDT 2014"	"400"	"0"	"0"	"400"	"Reviewable"	"NotReviewed"	"1 scales"	"600"	"60000"	"Thu Aug 07 15:08:18 PDT 2014"	"S40852"	"Approved"	""	"""boat"""	"""sail"""	"0"	"-1"	"1"	"0"	"0"	"1"	"0"	"0"	"-1"	"-1"	"-1"	"""TRUE"""	"""distractor3"""	"""FALSE"""	"-1"	"-1"	"-1"	"-1"	"-1"	"-1"	"""no idea"""	"""no"""	""""""	"""m"""	"12"	"0"	"0"	"1"	"2"	"""5"""	"-1"
"What is he talking about? (1-2 mins)"	"Short and fun! A 1-2 minute word game about what someone is talking about."	"experiment, psychology, game"	"$0.25 "	"Thu Jul 31 15:08:18 PDT 2014"	"400"	"0"	"0"	"400"	"Reviewable"	"NotReviewed"	"1 scales"	"600"	"60000"	"Thu Aug 07 15:08:18 PDT 2014"	"S18306"	"Approved"	""	"""boat"""	"""motor"""	"0"	"-1"	"1"	"0"	"0"	"1"	"0"	"0"	"-1"	"-1"	"-1"	"""TRUE"""	"""distractor3"""	"""FALSE"""	"-1"	"-1"	"-1"	"-1"	"-1"	"-1"	"""Making a selection (boat) using only the one word provided by the character"""	""""""	"""22"""	"""f"""	"12"	"0"	"2"	"0"	"1"	"""5"""	"-1"
"What is he talking about? (1-2 mins)"	"Short and fun! A 1-2 minute word game about what someone is talking about."	"experiment, psychology, game"	"$0.25 "	"Thu Jul 31 15:08:18 PDT 2014"	"400"	"0"	"0"	"400"	"Reviewable"	"NotReviewed"	"1 scales"	"600"	"60000"	"Thu Aug 07 15:08:18 PDT 2014"	"S70360"	"Approved"	""	"""pizza"""	"""peppers"""	"0"	"-1"	"1"	"0"	"0"	"1"	"0"	"0"	"-1"	"-1"	"-1"	"""TRUE"""	"""target"""	"""TRUE"""	"-1"	"-1"	"-1"	"-1"	"-1"	"-1"	"""What people think when people say something."""	"""It was very interesting"""	"""25"""	"""m"""	"9"	"0"	"1"	"0"	"2"	"""5"""	"-1"
"What is he talking about? (1-2 mins)"	"Short and fun! A 1-2 minute word game about what someone is talking about."	"experiment, psychology, game"	"$0.25 "	"Thu Jul 31 15:08:18 PDT 2014"	"400"	"0"	"0"	"400"	"Reviewable"	"NotReviewed"	"1 scales"	"600"	"60000"	"Thu Aug 07 15:08:18 PDT 2014"	"S31690"	"Approved"	""	"""Christmas tree"""	"""lights"""	"0"	"-1"	"1"	"0"	"0"	"1"	"0"	"0"	"-1"	"-1"	"-1"	"""TRUE"""	"""target"""	"""TRUE"""	"-1"	"-1"	"-1"	"-1"	"-1"	"-1"	"""Not sure."""	"""No"""	"""23"""	"""M"""	"12"	"0"	"2"	"1"	"0"	"""5"""	"-1"
"What is he talking about? (1-2 mins)"	"Short and fun! A 1-2 minute word game about what someone is talking about."	"experiment, psychology, game"	"$0.25 "	"Thu Jul 31 15:08:18 PDT 2014"	"400"	"0"	"0"	"400"	"Reviewable"	"NotReviewed"	"1 scales"	"600"	"60000"	"Thu Aug 07 15:08:18 PDT 2014"	"S36314"	"Approved"	""	"""friend"""	"""glasses"""	"0"	"-1"	"2"	"0"	"0"	"1"	"0"	"0"	"-1"	"-1"	"-1"	"""TRUE"""	"""target"""	"""TRUE"""	"-1"	"-1"	"-1"	"-1"	"-1"	"-1"	"""unsure"""	"""no"""	"""24"""	"""o"""	"19"	"0"	"0"	"2"	"1"	"""5"""	"-1"
"What is he talking about? (1-2 mins)"	"Short and fun! A 1-2 minute word game about what someone is talking about."	"experiment, psychology, game"	"$0.25 "	"Thu Jul 31 15:08:18 PDT 2014"	"400"	"0"	"0"	"400"	"Reviewable"	"NotReviewed"	"1 scales"	"600"	"60000"	"Thu Aug 07 15:08:18 PDT 2014"	"S87871"	"Approved"	""	"""Christmas tree"""	"""ornaments"""	"0"	"-1"	"1"	"0"	"0"	"1"	"0"	"0"	"-1"	"-1"	"-1"	"""TRUE"""	"""distractor2"""	"""FALSE"""	"-1"	"-1"	"-1"	"-1"	"-1"	"-1"	"""communication"""	""""""	"""49"""	"""f"""	"17"	"0"	"0"	"1"	"2"	"""5"""	"-1"
"What is he talking about? (1-2 mins)"	"Short and fun! A 1-2 minute word game about what someone is talking about."	"experiment, psychology, game"	"$0.25 "	"Thu Jul 31 15:08:18 PDT 2014"	"400"	"0"	"0"	"400"	"Reviewable"	"NotReviewed"	"1 scales"	"600"	"60000"	"Thu Aug 07 15:08:18 PDT 2014"	"S43584"	"Approved"	""	"""boat"""	"""cabin"""	"0"	"-1"	"2"	"0"	"0"	"1"	"0"	"0"	"-1"	"-1"	"-1"	"""TRUE"""	"""target"""	"""TRUE"""	"-1"	"-1"	"-1"	"-1"	"-1"	"-1"	"""communication with one word."""	"""Boy those boats all looked the same."""	"""49"""	"""female"""	"19"	"0"	"0"	"1"	"2"	"""5"""	"-1"
"What is he talking about? (1-2 mins)"	"Short and fun! A 1-2 minute word game about what someone is talking about."	"experiment, psychology, game"	"$0.25 "	"Thu Jul 31 15:08:18 PDT 2014"	"400"	"0"	"0"	"400"	"Reviewable"	"NotReviewed"	"1 scales"	"600"	"60000"	"Thu Aug 07 15:08:18 PDT 2014"	"S59221"	"Approved"	""	"""sundae"""	"""sprinkles"""	"0"	"-1"	"1"	"0"	"0"	"1"	"0"	"0"	"-1"	"-1"	"-1"	"""TRUE"""	"""target"""	"""TRUE"""	"-1"	"-1"	"-1"	"-1"	"-1"	"-1"	"""What bob was talking about."""	"""no"""	"""21"""	"""m"""	"17"	"0"	"2"	"1"	"0"	"""5"""	"-1"
"What is he talking about? (1-2 mins)"	"Short and fun! A 1-2 minute word game about what someone is talking about."	"experiment, psychology, game"	"$0.25 "	"Thu Jul 31 15:08:18 PDT 2014"	"400"	"0"	"0"	"400"	"Reviewable"	"NotReviewed"	"1 scales"	"600"	"60000"	"Thu Aug 07 15:08:18 PDT 2014"	"S58344"	"Approved"	""	"""Christmas tree"""	"""lights"""	"0"	"-1"	"1"	"0"	"0"	"1"	"0"	"0"	"-1"	"-1"	"-1"	"""TRUE"""	"""target"""	"""TRUE"""	"-1"	"-1"	"-1"	"-1"	"-1"	"-1"	"""Communication skills"""	""""""	"""22"""	"""Male"""	"9"	"0"	"0"	"2"	"1"	"""5"""	"-1"
"What is he talking about? (1-2 mins)"	"Short and fun! A 1-2 minute word game about what someone is talking about."	"experiment, psychology, game"	"$0.25 "	"Thu Jul 31 15:08:18 PDT 2014"	"400"	"0"	"0"	"400"	"Reviewable"	"NotReviewed"	"1 scales"	"600"	"60000"	"Thu Aug 07 15:08:18 PDT 2014"	"S18137"	"Approved"	""	"""Christmas tree"""	"""presents"""	"0"	"-1"	"2"	"0"	"0"	"1"	"0"	"0"	"-1"	"-1"	"-1"	"""TRUE"""	"""distractor2"""	"""FALSE"""	"-1"	"-1"	"-1"	"-1"	"-1"	"-1"	"""communication and visual symbols or something"""	""""""	"""31"""	"""m"""	"16"	"0"	"0"	"2"	"1"	"""5"""	"-1"
"What is he talking about? (1-2 mins)"	"Short and fun! A 1-2 minute word game about what someone is talking about."	"experiment, psychology, game"	"$0.25 "	"Thu Jul 31 15:08:18 PDT 2014"	"400"	"0"	"0"	"400"	"Reviewable"	"NotReviewed"	"1 scales"	"600"	"60000"	"Thu Aug 07 15:08:18 PDT 2014"	"S50312"	"Approved"	""	"""friend"""	"""bowtie"""	"0"	"-1"	"2"	"0"	"0"	"1"	"0"	"0"	"-1"	"-1"	"-1"	"""TRUE"""	"""target"""	"""TRUE"""	"-1"	"-1"	"-1"	"-1"	"-1"	"-1"	"""Deciding which friend Bob is referring to with limited info."""	"""I enjoyed this task."""	"""25"""	"""M"""	"16"	"0"	"1"	"0"	"2"	"""5"""	"-1"
"What is he talking about? (1-2 mins)"	"Short and fun! A 1-2 minute word game about what someone is talking about."	"experiment, psychology, game"	"$0.25 "	"Thu Jul 31 15:08:18 PDT 2014"	"400"	"0"	"0"	"400"	"Reviewable"	"NotReviewed"	"1 scales"	"600"	"60000"	"Thu Aug 07 15:08:18 PDT 2014"	"S63953"	"Approved"	""	"""snowman"""	"""hat"""	"0"	"-1"	"2"	"0"	"0"	"1"	"0"	"0"	"-1"	"-1"	"-1"	"""TRUE"""	"""target"""	"""TRUE"""	"-1"	"-1"	"-1"	"-1"	"-1"	"-1"	"""bob and a snowman"""	""""""	"""20"""	"""f"""	"8"	"0"	"2"	"0"	"1"	"""5"""	"-1"
"What is he talking about? (1-2 mins)"	"Short and fun! A 1-2 minute word game about what someone is talking about."	"experiment, psychology, game"	"$0.25 "	"Thu Jul 31 15:08:18 PDT 2014"	"400"	"0"	"0"	"400"	"Reviewable"	"NotReviewed"	"1 scales"	"600"	"60000"	"Thu Aug 07 15:08:18 PDT 2014"	"S32660"	"Approved"	""	"""boat"""	"""flag"""	"0"	"-1"	"1"	"0"	"0"	"1"	"0"	"0"	"-1"	"-1"	"-1"	"""TRUE"""	"""distractor1"""	"""FALSE"""	"-1"	"-1"	"-1"	"-1"	"-1"	"-1"	"""Boats"""	""""""	"""21"""	"""M"""	"17"	"0"	"2"	"0"	"1"	"""5"""	"-1"
"What is he talking about? (1-2 mins)"	"Short and fun! A 1-2 minute word game about what someone is talking about."	"experiment, psychology, game"	"$0.25 "	"Thu Jul 31 15:08:18 PDT 2014"	"400"	"0"	"0"	"400"	"Reviewable"	"NotReviewed"	"1 scales"	"600"	"60000"	"Thu Aug 07 15:08:18 PDT 2014"	"S02264"	"Approved"	""	"""snowman"""	"""belt"""	"0"	"-1"	"2"	"0"	"0"	"1"	"0"	"0"	"-1"	"-1"	"-1"	"""TRUE"""	"""target"""	"""TRUE"""	"-1"	"-1"	"-1"	"-1"	"-1"	"-1"	"""A belt"""	"""none"""	""""""	""""""	"19"	"0"	"0"	"2"	"1"	"""5"""	"-1"
"What is he talking about? (1-2 mins)"	"Short and fun! A 1-2 minute word game about what someone is talking about."	"experiment, psychology, game"	"$0.25 "	"Thu Jul 31 15:08:18 PDT 2014"	"400"	"0"	"0"	"400"	"Reviewable"	"NotReviewed"	"1 scales"	"600"	"60000"	"Thu Aug 07 15:08:18 PDT 2014"	"S40733"	"Approved"	""	"""sundae"""	"""sprinkles"""	"0"	"-1"	"2"	"0"	"0"	"1"	"0"	"0"	"-1"	"-1"	"-1"	"""TRUE"""	"""distractor2"""	"""FALSE"""	"-1"	"-1"	"-1"	"-1"	"-1"	"-1"	"""ice creame """	"""fun task"""	"""31"""	"""male """	"16"	"0"	"2"	"1"	"0"	"""5"""	"-1"
"What is he talking about? (1-2 mins)"	"Short and fun! A 1-2 minute word game about what someone is talking about."	"experiment, psychology, game"	"$0.25 "	"Thu Jul 31 15:08:18 PDT 2014"	"400"	"0"	"0"	"400"	"Reviewable"	"NotReviewed"	"1 scales"	"600"	"60000"	"Thu Aug 07 15:08:18 PDT 2014"	"S01993"	"Approved"	""	"""friend"""	"""glasses"""	"0"	"-1"	"2"	"0"	"0"	"1"	"0"	"0"	"-1"	"-1"	"-1"	"""TRUE"""	"""target"""	"""TRUE"""	"-1"	"-1"	"-1"	"-1"	"-1"	"-1"	"""I was supposed to judge and deteremine which choice Bob selected."""	""""""	"""21"""	"""m"""	"8"	"0"	"1"	"0"	"2"	"""5"""	"-1"
"What is he talking about? (1-2 mins)"	"Short and fun! A 1-2 minute word game about what someone is talking about."	"experiment, psychology, game"	"$0.25 "	"Thu Jul 31 15:08:18 PDT 2014"	"400"	"0"	"0"	"400"	"Reviewable"	"NotReviewed"	"1 scales"	"600"	"60000"	"Thu Aug 07 15:08:18 PDT 2014"	"S62689"	"Approved"	""	"""friend"""	"""glasses"""	"0"	"-1"	"2"	"0"	"0"	"1"	"0"	"0"	"-1"	"-1"	"-1"	"""TRUE"""	"""distractor1"""	"""FALSE"""	"-1"	"-1"	"-1"	"-1"	"-1"	"-1"	"""glasses and friends"""	""""""	"""39"""	"""f"""	"8"	"0"	"1"	"0"	"2"	"""5"""	"-1"
"What is he talking about? (1-2 mins)"	"Short and fun! A 1-2 minute word game about what someone is talking about."	"experiment, psychology, game"	"$0.25 "	"Thu Jul 31 15:08:18 PDT 2014"	"400"	"0"	"0"	"400"	"Reviewable"	"NotReviewed"	"1 scales"	"600"	"60000"	"Thu Aug 07 15:08:18 PDT 2014"	"S90848"	"Approved"	""	"""snowman"""	"""hat"""	"0"	"-1"	"1"	"0"	"0"	"1"	"0"	"0"	"-1"	"-1"	"-1"	"""TRUE"""	"""distractor2"""	"""FALSE"""	"-1"	"-1"	"-1"	"-1"	"-1"	"-1"	"""Figuring out what someone is talking about using only one word."""	"""N/A"""	"""22"""	"""f"""	"9"	"0"	"2"	"0"	"1"	"""5"""	"-1"
"What is he talking about? (1-2 mins)"	"Short and fun! A 1-2 minute word game about what someone is talking about."	"experiment, psychology, game"	"$0.25 "	"Thu Jul 31 15:08:18 PDT 2014"	"400"	"0"	"0"	"400"	"Reviewable"	"NotReviewed"	"1 scales"	"600"	"60000"	"Thu Aug 07 15:08:18 PDT 2014"	"S18645"	"Approved"	""	"""Christmas tree"""	"""star"""	"0"	"-1"	"2"	"0"	"0"	"1"	"0"	"0"	"-1"	"-1"	"-1"	"""TRUE"""	"""target"""	"""TRUE"""	"-1"	"-1"	"-1"	"-1"	"-1"	"-1"	"""To see which christmas tree bob was referring to."""	"""None."""	"""26"""	"""male"""	"16"	"0"	"0"	"1"	"2"	"""5"""	"-1"
"What is he talking about? (1-2 mins)"	"Short and fun! A 1-2 minute word game about what someone is talking about."	"experiment, psychology, game"	"$0.25 "	"Thu Jul 31 15:08:18 PDT 2014"	"400"	"0"	"0"	"400"	"Reviewable"	"NotReviewed"	"1 scales"	"600"	"60000"	"Thu Aug 07 15:08:18 PDT 2014"	"S43911"	"Approved"	""	"""friend"""	"""glasses"""	"0"	"-1"	"2"	"0"	"0"	"1"	"0"	"0"	"-1"	"-1"	"-1"	"""TRUE"""	"""distractor2"""	"""FALSE"""	"-1"	"-1"	"-1"	"-1"	"-1"	"-1"	"""I have no idea."""	""""""	"""23"""	"""m"""	"11"	"0"	"2"	"0"	"1"	"""5"""	"-1"
"What is he talking about? (1-2 mins)"	"Short and fun! A 1-2 minute word game about what someone is talking about."	"experiment, psychology, game"	"$0.25 "	"Thu Jul 31 15:08:18 PDT 2014"	"400"	"0"	"0"	"400"	"Reviewable"	"NotReviewed"	"1 scales"	"600"	"60000"	"Thu Aug 07 15:08:18 PDT 2014"	"S89274"	"Approved"	""	"""sundae"""	"""sprinkles"""	"0"	"-1"	"2"	"0"	"0"	"1"	"0"	"0"	"-1"	"-1"	"-1"	"""TRUE"""	"""target"""	"""TRUE"""	"-1"	"-1"	"-1"	"-1"	"-1"	"-1"	"""Bob and his sundaes"""	"""No"""	""""""	""""""	"16"	"0"	"0"	"1"	"2"	"""5"""	"-1"
"What is he talking about? (1-2 mins)"	"Short and fun! A 1-2 minute word game about what someone is talking about."	"experiment, psychology, game"	"$0.25 "	"Thu Jul 31 15:08:18 PDT 2014"	"400"	"0"	"0"	"400"	"Reviewable"	"NotReviewed"	"1 scales"	"600"	"60000"	"Thu Aug 07 15:08:18 PDT 2014"	"S34965"	"Approved"	""	"""friend"""	"""hat"""	"0"	"-1"	"2"	"0"	"0"	"1"	"0"	"0"	"-1"	"-1"	"-1"	"""TRUE"""	"""target"""	"""TRUE"""	"-1"	"-1"	"-1"	"-1"	"-1"	"-1"	"""No idea"""	"""nope"""	"""20"""	"""m"""	"11"	"0"	"1"	"0"	"2"	"""5"""	"-1"
"What is he talking about? (1-2 mins)"	"Short and fun! A 1-2 minute word game about what someone is talking about."	"experiment, psychology, game"	"$0.25 "	"Thu Jul 31 15:08:18 PDT 2014"	"400"	"0"	"0"	"400"	"Reviewable"	"NotReviewed"	"1 scales"	"600"	"60000"	"Thu Aug 07 15:08:18 PDT 2014"	"S06404"	"Approved"	""	"""snowman"""	"""scarf"""	"0"	"-1"	"2"	"0"	"0"	"1"	"0"	"0"	"-1"	"-1"	"-1"	"""TRUE"""	"""distractor2"""	"""FALSE"""	"-1"	"-1"	"-1"	"-1"	"-1"	"-1"	"""snowmen"""	"""none"""	"""21"""	"""m"""	"11"	"0"	"1"	"0"	"2"	"""5"""	"-1"
"What is he talking about? (1-2 mins)"	"Short and fun! A 1-2 minute word game about what someone is talking about."	"experiment, psychology, game"	"$0.25 "	"Thu Jul 31 15:08:18 PDT 2014"	"400"	"0"	"0"	"400"	"Reviewable"	"NotReviewed"	"1 scales"	"600"	"60000"	"Thu Aug 07 15:08:18 PDT 2014"	"S18485"	"Approved"	""	"""friend"""	"""mustache"""	"0"	"-1"	"1"	"0"	"0"	"1"	"0"	"0"	"-1"	"-1"	"-1"	"""TRUE"""	"""distractor3"""	"""FALSE"""	"-1"	"-1"	"-1"	"-1"	"-1"	"-1"	"""To see how people recognize others."""	"""no"""	"""34"""	"""m"""	"20"	"0"	"1"	"0"	"2"	"""5"""	"-1"
"What is he talking about? (1-2 mins)"	"Short and fun! A 1-2 minute word game about what someone is talking about."	"experiment, psychology, game"	"$0.25 "	"Thu Jul 31 15:08:18 PDT 2014"	"400"	"0"	"0"	"400"	"Reviewable"	"NotReviewed"	"1 scales"	"600"	"60000"	"Thu Aug 07 15:08:18 PDT 2014"	"S01034"	"Approved"	""	"""pizza"""	"""olives"""	"0"	"-1"	"1"	"0"	"0"	"1"	"0"	"0"	"-1"	"-1"	"-1"	"""TRUE"""	"""distractor3"""	"""FALSE"""	"-1"	"-1"	"-1"	"-1"	"-1"	"-1"	"""Bob eating pizza and which pizza he orders"""	"""Fun survey"""	"""29"""	"""M"""	"12"	"0"	"0"	"2"	"1"	"""5"""	"-1"
"What is he talking about? (1-2 mins)"	"Short and fun! A 1-2 minute word game about what someone is talking about."	"experiment, psychology, game"	"$0.25 "	"Thu Jul 31 15:08:18 PDT 2014"	"400"	"0"	"0"	"400"	"Reviewable"	"NotReviewed"	"1 scales"	"600"	"60000"	"Thu Aug 07 15:08:18 PDT 2014"	"S57616"	"Approved"	""	"""pizza"""	"""peppers"""	"0"	"-1"	"1"	"0"	"0"	"1"	"0"	"0"	"-1"	"-1"	"-1"	"""TRUE"""	"""target"""	"""TRUE"""	"-1"	"-1"	"-1"	"-1"	"-1"	"-1"	"""Communications """	""""""	"""24"""	"""M"""	"9"	"0"	"2"	"1"	"0"	"""5"""	"-1"
"What is he talking about? (1-2 mins)"	"Short and fun! A 1-2 minute word game about what someone is talking about."	"experiment, psychology, game"	"$0.25 "	"Thu Jul 31 15:08:18 PDT 2014"	"400"	"0"	"0"	"400"	"Reviewable"	"NotReviewed"	"1 scales"	"600"	"60000"	"Thu Aug 07 15:08:18 PDT 2014"	"S91343"	"Approved"	""	"""friend"""	"""mustache"""	"0"	"-1"	"1"	"0"	"0"	"1"	"0"	"0"	"-1"	"-1"	"-1"	"""TRUE"""	"""target"""	"""TRUE"""	"-1"	"-1"	"-1"	"-1"	"-1"	"-1"	"""Who Bob was talking about when he can only say one word."""	""""""	"""29"""	"""m"""	"17"	"0"	"0"	"2"	"1"	"""5"""	"-1"
"What is he talking about? (1-2 mins)"	"Short and fun! A 1-2 minute word game about what someone is talking about."	"experiment, psychology, game"	"$0.25 "	"Thu Jul 31 15:08:18 PDT 2014"	"400"	"0"	"0"	"400"	"Reviewable"	"NotReviewed"	"1 scales"	"600"	"60000"	"Thu Aug 07 15:08:18 PDT 2014"	"S51023"	"Approved"	""	"""friend"""	"""glasses"""	"0"	"-1"	"2"	"0"	"0"	"1"	"0"	"0"	"-1"	"-1"	"-1"	"""FALSE"""	"""target"""	"""TRUE"""	"-1"	"-1"	"-1"	"-1"	"-1"	"-1"	"""Linking what was communicated to was the answer is, when only one word was used."""	""""""	"""40"""	"""m"""	"19"	"0"	"1"	"0"	"2"	"""5"""	"-1"
"What is he talking about? (1-2 mins)"	"Short and fun! A 1-2 minute word game about what someone is talking about."	"experiment, psychology, game"	"$0.25 "	"Thu Jul 31 15:08:18 PDT 2014"	"400"	"0"	"0"	"400"	"Reviewable"	"NotReviewed"	"1 scales"	"600"	"60000"	"Thu Aug 07 15:08:18 PDT 2014"	"S36406"	"Approved"	""	"""sundae"""	"""chocolate"""	"0"	"-1"	"2"	"0"	"0"	"1"	"0"	"0"	"-1"	"-1"	"-1"	"""TRUE"""	"""target"""	"""TRUE"""	"-1"	"-1"	"-1"	"-1"	"-1"	"-1"	"""meaning"""	"""no"""	"""33"""	"""m"""	"11"	"0"	"1"	"0"	"2"	"""5"""	"-1"
"What is he talking about? (1-2 mins)"	"Short and fun! A 1-2 minute word game about what someone is talking about."	"experiment, psychology, game"	"$0.25 "	"Thu Jul 31 15:08:18 PDT 2014"	"400"	"0"	"0"	"400"	"Reviewable"	"NotReviewed"	"1 scales"	"600"	"60000"	"Thu Aug 07 15:08:18 PDT 2014"	"S79653"	"Approved"	""	"""snowman"""	"""mittens"""	"0"	"-1"	"1"	"0"	"0"	"1"	"0"	"0"	"-1"	"-1"	"-1"	"""FALSE"""	"""target"""	"""TRUE"""	"-1"	"-1"	"-1"	"-1"	"-1"	"-1"	"""wanting a snowman with mitten """	"""no"""	"""25"""	"""f"""	"9"	"0"	"0"	"2"	"1"	"""5"""	"-1"
"What is he talking about? (1-2 mins)"	"Short and fun! A 1-2 minute word game about what someone is talking about."	"experiment, psychology, game"	"$0.25 "	"Thu Jul 31 15:08:18 PDT 2014"	"400"	"0"	"0"	"400"	"Reviewable"	"NotReviewed"	"1 scales"	"600"	"60000"	"Thu Aug 07 15:08:18 PDT 2014"	"S22013"	"Approved"	""	"""boat"""	"""flag"""	"0"	"-1"	"1"	"0"	"0"	"1"	"0"	"0"	"-1"	"-1"	"-1"	"""TRUE"""	"""target"""	"""TRUE"""	"-1"	"-1"	"-1"	"-1"	"-1"	"-1"	"""Communication through one word"""	""""""	"""24"""	"""f"""	"17"	"0"	"1"	"0"	"2"	"""5"""	"-1"
"What is he talking about? (1-2 mins)"	"Short and fun! A 1-2 minute word game about what someone is talking about."	"experiment, psychology, game"	"$0.25 "	"Thu Jul 31 15:08:18 PDT 2014"	"400"	"0"	"0"	"400"	"Reviewable"	"NotReviewed"	"1 scales"	"600"	"60000"	"Thu Aug 07 15:08:18 PDT 2014"	"S98470"	"Approved"	""	"""boat"""	"""cabin"""	"0"	"-1"	"1"	"0"	"0"	"1"	"0"	"0"	"-1"	"-1"	"-1"	"""TRUE"""	"""distractor3"""	"""FALSE"""	"-1"	"-1"	"-1"	"-1"	"-1"	"-1"	"""Boats and Cabins"""	""""""	""""""	""""""	"12"	"0"	"1"	"0"	"2"	"""5"""	"-1"
"What is he talking about? (1-2 mins)"	"Short and fun! A 1-2 minute word game about what someone is talking about."	"experiment, psychology, game"	"$0.25 "	"Thu Jul 31 15:08:18 PDT 2014"	"400"	"0"	"0"	"400"	"Reviewable"	"NotReviewed"	"1 scales"	"600"	"60000"	"Thu Aug 07 15:08:18 PDT 2014"	"S65663"	"Approved"	""	"""friend"""	"""hat"""	"0"	"-1"	"1"	"0"	"0"	"1"	"0"	"0"	"-1"	"-1"	"-1"	"""TRUE"""	"""target"""	"""TRUE"""	"-1"	"-1"	"-1"	"-1"	"-1"	"-1"	"""Bob's hat."""	"""Thanks."""	"""27"""	"""m"""	"12"	"0"	"0"	"1"	"2"	"""5"""	"-1"
"What is he talking about? (1-2 mins)"	"Short and fun! A 1-2 minute word game about what someone is talking about."	"experiment, psychology, game"	"$0.25 "	"Thu Jul 31 15:08:18 PDT 2014"	"400"	"0"	"0"	"400"	"Reviewable"	"NotReviewed"	"1 scales"	"600"	"60000"	"Thu Aug 07 15:08:18 PDT 2014"	"S29250"	"Approved"	""	"""sundae"""	"""cherry"""	"0"	"-1"	"1"	"0"	"0"	"1"	"0"	"0"	"-1"	"-1"	"-1"	"""TRUE"""	"""target"""	"""TRUE"""	"-1"	"-1"	"-1"	"-1"	"-1"	"-1"	"""Ice cream and cherries"""	"""No"""	"""32"""	"""M"""	"9"	"0"	"1"	"2"	"0"	"""5"""	"-1"
"What is he talking about? (1-2 mins)"	"Short and fun! A 1-2 minute word game about what someone is talking about."	"experiment, psychology, game"	"$0.25 "	"Thu Jul 31 15:08:18 PDT 2014"	"400"	"0"	"0"	"400"	"Reviewable"	"NotReviewed"	"1 scales"	"600"	"60000"	"Thu Aug 07 15:08:18 PDT 2014"	"S70811"	"Approved"	""	"""pizza"""	"""olives"""	"0"	"-1"	"1"	"0"	"0"	"1"	"0"	"0"	"-1"	"-1"	"-1"	"""TRUE"""	"""distractor2"""	"""FALSE"""	"-1"	"-1"	"-1"	"-1"	"-1"	"-1"	"""pizza"""	"""no"""	"""34"""	"""male"""	"17"	"0"	"0"	"1"	"2"	"""5"""	"-1"
"What is he talking about? (1-2 mins)"	"Short and fun! A 1-2 minute word game about what someone is talking about."	"experiment, psychology, game"	"$0.25 "	"Thu Jul 31 15:08:18 PDT 2014"	"400"	"0"	"0"	"400"	"Reviewable"	"NotReviewed"	"1 scales"	"600"	"60000"	"Thu Aug 07 15:08:18 PDT 2014"	"S78807"	"Approved"	""	"""friend"""	"""hat"""	"0"	"-1"	"1"	"0"	"0"	"1"	"0"	"0"	"-1"	"-1"	"-1"	"""TRUE"""	"""target"""	"""TRUE"""	"-1"	"-1"	"-1"	"-1"	"-1"	"-1"	""" a simple logic puzzle"""	""""""	"""24"""	"""m"""	"9"	"0"	"0"	"2"	"1"	"""5"""	"-1"
"What is he talking about? (1-2 mins)"	"Short and fun! A 1-2 minute word game about what someone is talking about."	"experiment, psychology, game"	"$0.25 "	"Thu Jul 31 15:08:18 PDT 2014"	"400"	"0"	"0"	"400"	"Reviewable"	"NotReviewed"	"1 scales"	"600"	"60000"	"Thu Aug 07 15:08:18 PDT 2014"	"S94317"	"Approved"	""	"""pizza"""	"""mushrooms"""	"0"	"-1"	"2"	"0"	"0"	"1"	"0"	"0"	"-1"	"-1"	"-1"	"""TRUE"""	"""target"""	"""TRUE"""	"-1"	"-1"	"-1"	"-1"	"-1"	"-1"	"""mushrooms"""	""""""	"""26"""	"""f"""	"11"	"0"	"2"	"0"	"1"	"""5"""	"-1"
"What is he talking about? (1-2 mins)"	"Short and fun! A 1-2 minute word game about what someone is talking about."	"experiment, psychology, game"	"$0.25 "	"Thu Jul 31 15:08:18 PDT 2014"	"400"	"0"	"0"	"400"	"Reviewable"	"NotReviewed"	"1 scales"	"600"	"60000"	"Thu Aug 07 15:08:18 PDT 2014"	"S43215"	"Approved"	""	"""friend"""	"""mustache"""	"0"	"-1"	"1"	"0"	"0"	"1"	"0"	"0"	"-1"	"-1"	"-1"	"""TRUE"""	"""target"""	"""TRUE"""	"-1"	"-1"	"-1"	"-1"	"-1"	"-1"	"""pick the friend who bob is talking about, Bob says mustache"""	""""""	"""27"""	"""f"""	"17"	"0"	"2"	"0"	"1"	"""5"""	"-1"
"What is he talking about? (1-2 mins)"	"Short and fun! A 1-2 minute word game about what someone is talking about."	"experiment, psychology, game"	"$0.25 "	"Thu Jul 31 15:08:18 PDT 2014"	"400"	"0"	"0"	"400"	"Reviewable"	"NotReviewed"	"1 scales"	"600"	"60000"	"Thu Aug 07 15:08:18 PDT 2014"	"S09093"	"Approved"	""	"""friend"""	"""mustache"""	"0"	"-1"	"1"	"0"	"0"	"1"	"0"	"0"	"-1"	"-1"	"-1"	"""TRUE"""	"""target"""	"""TRUE"""	"-1"	"-1"	"-1"	"-1"	"-1"	"-1"	"""Judging who Bob was referring to """	"""Fun survey, thanks"""	"""27"""	"""m"""	"20"	"0"	"2"	"0"	"1"	"""5"""	"-1"
"What is he talking about? (1-2 mins)"	"Short and fun! A 1-2 minute word game about what someone is talking about."	"experiment, psychology, game"	"$0.25 "	"Thu Jul 31 15:08:18 PDT 2014"	"400"	"0"	"0"	"400"	"Reviewable"	"NotReviewed"	"1 scales"	"600"	"60000"	"Thu Aug 07 15:08:18 PDT 2014"	"S76532"	"Approved"	""	"""sundae"""	"""whipped cream"""	"0"	"-1"	"1"	"0"	"0"	"1"	"0"	"0"	"-1"	"-1"	"-1"	"""TRUE"""	"""target"""	"""TRUE"""	"-1"	"-1"	"-1"	"-1"	"-1"	"-1"	"""bob likes sundaes"""	"""thx"""	"""34"""	"""m"""	"17"	"0"	"2"	"1"	"0"	"""5"""	"-1"
"What is he talking about? (1-2 mins)"	"Short and fun! A 1-2 minute word game about what someone is talking about."	"experiment, psychology, game"	"$0.25 "	"Thu Jul 31 15:08:18 PDT 2014"	"400"	"0"	"0"	"400"	"Reviewable"	"NotReviewed"	"1 scales"	"600"	"60000"	"Thu Aug 07 15:08:18 PDT 2014"	"S00250"	"Approved"	""	"""sundae"""	"""chocolate"""	"0"	"-1"	"1"	"0"	"0"	"1"	"0"	"0"	"-1"	"-1"	"-1"	"""TRUE"""	"""distractor1"""	"""FALSE"""	"-1"	"-1"	"-1"	"-1"	"-1"	"-1"	"""Bob"""	""""""	""""""	""""""	"12"	"0"	"0"	"1"	"2"	"""5"""	"-1"
"What is he talking about? (1-2 mins)"	"Short and fun! A 1-2 minute word game about what someone is talking about."	"experiment, psychology, game"	"$0.25 "	"Thu Jul 31 15:08:18 PDT 2014"	"400"	"0"	"0"	"400"	"Reviewable"	"NotReviewed"	"1 scales"	"600"	"60000"	"Thu Aug 07 15:08:18 PDT 2014"	"S68004"	"Approved"	""	"""boat"""	"""sail"""	"0"	"-1"	"1"	"0"	"0"	"1"	"0"	"0"	"-1"	"-1"	"-1"	"""TRUE"""	"""distractor2"""	"""FALSE"""	"-1"	"-1"	"-1"	"-1"	"-1"	"-1"	"""Perceptions of people and decisions"""	"""Thank you ::)"""	"""23"""	"""m"""	"9"	"0"	"0"	"1"	"2"	"""5"""	"-1"
"What is he talking about? (1-2 mins)"	"Short and fun! A 1-2 minute word game about what someone is talking about."	"experiment, psychology, game"	"$0.25 "	"Thu Jul 31 15:08:18 PDT 2014"	"400"	"0"	"0"	"400"	"Reviewable"	"NotReviewed"	"1 scales"	"600"	"60000"	"Thu Aug 07 15:08:18 PDT 2014"	"S00658"	"Approved"	""	"""friend"""	"""glasses"""	"0"	"-1"	"2"	"0"	"0"	"1"	"0"	"0"	"-1"	"-1"	"-1"	"""TRUE"""	"""target"""	"""TRUE"""	"-1"	"-1"	"-1"	"-1"	"-1"	"-1"	"""glasses"""	""""""	"""27"""	"""m"""	"16"	"0"	"2"	"1"	"0"	"""5"""	"-1"
"What is he talking about? (1-2 mins)"	"Short and fun! A 1-2 minute word game about what someone is talking about."	"experiment, psychology, game"	"$0.25 "	"Thu Jul 31 15:08:18 PDT 2014"	"400"	"0"	"0"	"400"	"Reviewable"	"NotReviewed"	"1 scales"	"600"	"60000"	"Thu Aug 07 15:08:18 PDT 2014"	"S25994"	"Approved"	""	"""friend"""	"""glasses"""	"0"	"-1"	"2"	"0"	"0"	"1"	"0"	"0"	"-1"	"-1"	"-1"	"""TRUE"""	"""target"""	"""TRUE"""	"-1"	"-1"	"-1"	"-1"	"-1"	"-1"	"""Which face comes to mind when a certain describing word is use."""	"""none"""	"""23"""	"""m"""	"8"	"0"	"1"	"2"	"0"	"""5"""	"-1"
"What is he talking about? (1-2 mins)"	"Short and fun! A 1-2 minute word game about what someone is talking about."	"experiment, psychology, game"	"$0.25 "	"Thu Jul 31 15:08:18 PDT 2014"	"400"	"0"	"0"	"400"	"Reviewable"	"NotReviewed"	"1 scales"	"600"	"60000"	"Thu Aug 07 15:08:18 PDT 2014"	"S68439"	"Approved"	""	"""boat"""	"""motor"""	"0"	"-1"	"1"	"0"	"0"	"1"	"0"	"0"	"-1"	"-1"	"-1"	"""TRUE"""	"""target"""	"""TRUE"""	"-1"	"-1"	"-1"	"-1"	"-1"	"-1"	"""boats"""	""""""	"""24"""	"""m"""	"9"	"0"	"2"	"0"	"1"	"""5"""	"-1"
"What is he talking about? (1-2 mins)"	"Short and fun! A 1-2 minute word game about what someone is talking about."	"experiment, psychology, game"	"$0.25 "	"Thu Jul 31 15:08:18 PDT 2014"	"400"	"0"	"0"	"400"	"Reviewable"	"NotReviewed"	"1 scales"	"600"	"60000"	"Thu Aug 07 15:08:18 PDT 2014"	"S19029"	"Approved"	""	"""Christmas tree"""	"""ornaments"""	"0"	"-1"	"1"	"0"	"0"	"1"	"0"	"0"	"-1"	"-1"	"-1"	"""TRUE"""	"""distractor3"""	"""FALSE"""	"-1"	"-1"	"-1"	"-1"	"-1"	"-1"	"""communication"""	"""no"""	""""""	"""m"""	"20"	"0"	"1"	"0"	"2"	"""5"""	"-1"
"What is he talking about? (1-2 mins)"	"Short and fun! A 1-2 minute word game about what someone is talking about."	"experiment, psychology, game"	"$0.25 "	"Thu Jul 31 15:08:18 PDT 2014"	"400"	"0"	"0"	"400"	"Reviewable"	"NotReviewed"	"1 scales"	"600"	"60000"	"Thu Aug 07 15:08:18 PDT 2014"	"S70816"	"Approved"	""	"""snowman"""	"""mittens"""	"0"	"-1"	"1"	"0"	"0"	"1"	"0"	"0"	"-1"	"-1"	"-1"	"""TRUE"""	"""target"""	"""TRUE"""	"-1"	"-1"	"-1"	"-1"	"-1"	"-1"	"""Picking a snowman"""	"""No"""	"""27"""	"""M"""	"17"	"0"	"2"	"1"	"0"	"""5"""	"-1"
"What is he talking about? (1-2 mins)"	"Short and fun! A 1-2 minute word game about what someone is talking about."	"experiment, psychology, game"	"$0.25 "	"Thu Jul 31 15:08:18 PDT 2014"	"400"	"0"	"0"	"400"	"Reviewable"	"NotReviewed"	"1 scales"	"600"	"60000"	"Thu Aug 07 15:08:18 PDT 2014"	"S21923"	"Approved"	""	"""snowman"""	"""mittens"""	"0"	"-1"	"2"	"0"	"0"	"1"	"0"	"0"	"-1"	"-1"	"-1"	"""TRUE"""	"""target"""	"""TRUE"""	"-1"	"-1"	"-1"	"-1"	"-1"	"-1"	"""Asks to identify something based on info I know about bob"""	"""No"""	"""24"""	"""M"""	"16"	"0"	"0"	"2"	"1"	"""5"""	"-1"
"What is he talking about? (1-2 mins)"	"Short and fun! A 1-2 minute word game about what someone is talking about."	"experiment, psychology, game"	"$0.25 "	"Thu Jul 31 15:08:18 PDT 2014"	"400"	"0"	"0"	"400"	"Reviewable"	"NotReviewed"	"1 scales"	"600"	"60000"	"Thu Aug 07 15:08:18 PDT 2014"	"S93563"	"Approved"	""	"""Christmas tree"""	"""ornaments"""	"0"	"-1"	"2"	"0"	"0"	"1"	"0"	"0"	"-1"	"-1"	"-1"	"""TRUE"""	"""target"""	"""TRUE"""	"-1"	"-1"	"-1"	"-1"	"-1"	"-1"	"""item recognition"""	"""no"""	""""""	"""m"""	"11"	"0"	"0"	"1"	"2"	"""5"""	"-1"
"What is he talking about? (1-2 mins)"	"Short and fun! A 1-2 minute word game about what someone is talking about."	"experiment, psychology, game"	"$0.25 "	"Thu Jul 31 15:08:18 PDT 2014"	"400"	"0"	"0"	"400"	"Reviewable"	"NotReviewed"	"1 scales"	"600"	"60000"	"Thu Aug 07 15:08:18 PDT 2014"	"S90870"	"Approved"	""	"""boat"""	"""flag"""	"0"	"-1"	"2"	"0"	"0"	"1"	"0"	"0"	"-1"	"-1"	"-1"	"""TRUE"""	"""distractor1"""	"""FALSE"""	"-1"	"-1"	"-1"	"-1"	"-1"	"-1"	"""boats"""	""""""	"""23"""	"""m"""	"16"	"0"	"0"	"2"	"1"	"""5"""	"-1"
"What is he talking about? (1-2 mins)"	"Short and fun! A 1-2 minute word game about what someone is talking about."	"experiment, psychology, game"	"$0.25 "	"Thu Jul 31 15:08:18 PDT 2014"	"400"	"0"	"0"	"400"	"Reviewable"	"NotReviewed"	"1 scales"	"600"	"60000"	"Thu Aug 07 15:08:18 PDT 2014"	"S55689"	"Approved"	""	"""friend"""	"""glasses"""	"0"	"-1"	"2"	"0"	"0"	"1"	"0"	"0"	"-1"	"-1"	"-1"	"""TRUE"""	"""target"""	"""TRUE"""	"-1"	"-1"	"-1"	"-1"	"-1"	"-1"	"""What people are discussing"""	""""""	"""26"""	"""M"""	"16"	"0"	"1"	"2"	"0"	"""5"""	"-1"
"What is he talking about? (1-2 mins)"	"Short and fun! A 1-2 minute word game about what someone is talking about."	"experiment, psychology, game"	"$0.25 "	"Thu Jul 31 15:08:18 PDT 2014"	"400"	"0"	"0"	"400"	"Reviewable"	"NotReviewed"	"1 scales"	"600"	"60000"	"Thu Aug 07 15:08:18 PDT 2014"	"S67406"	"Approved"	""	"""pizza"""	"""mushrooms"""	"0"	"-1"	"2"	"0"	"0"	"1"	"0"	"0"	"-1"	"-1"	"-1"	"""TRUE"""	"""target"""	"""TRUE"""	"-1"	"-1"	"-1"	"-1"	"-1"	"-1"	"""Pizza"""	"""No"""	"""23"""	"""f"""	"11"	"0"	"1"	"0"	"2"	"""5"""	"-1"
"What is he talking about? (1-2 mins)"	"Short and fun! A 1-2 minute word game about what someone is talking about."	"experiment, psychology, game"	"$0.25 "	"Thu Jul 31 15:08:18 PDT 2014"	"400"	"0"	"0"	"400"	"Reviewable"	"NotReviewed"	"1 scales"	"600"	"60000"	"Thu Aug 07 15:08:18 PDT 2014"	"S37737"	"Approved"	""	"""pizza"""	"""olives"""	"0"	"-1"	"1"	"0"	"0"	"1"	"0"	"0"	"-1"	"-1"	"-1"	"""TRUE"""	"""target"""	"""TRUE"""	"-1"	"-1"	"-1"	"-1"	"-1"	"-1"	"""language"""	"""no"""	"""27"""	"""m"""	"20"	"0"	"1"	"0"	"2"	"""5"""	"-1"
"What is he talking about? (1-2 mins)"	"Short and fun! A 1-2 minute word game about what someone is talking about."	"experiment, psychology, game"	"$0.25 "	"Thu Jul 31 15:08:18 PDT 2014"	"400"	"0"	"0"	"400"	"Reviewable"	"NotReviewed"	"1 scales"	"600"	"60000"	"Thu Aug 07 15:08:18 PDT 2014"	"S03830"	"Approved"	""	"""Christmas tree"""	"""presents"""	"0"	"-1"	"1"	"0"	"0"	"1"	"0"	"0"	"-1"	"-1"	"-1"	"""TRUE"""	"""distractor3"""	"""FALSE"""	"-1"	"-1"	"-1"	"-1"	"-1"	"-1"	"""trees"""	""""""	"""27"""	"""m"""	"20"	"0"	"0"	"2"	"1"	"""5"""	"-1"
"What is he talking about? (1-2 mins)"	"Short and fun! A 1-2 minute word game about what someone is talking about."	"experiment, psychology, game"	"$0.25 "	"Thu Jul 31 15:08:18 PDT 2014"	"400"	"0"	"0"	"400"	"Reviewable"	"NotReviewed"	"1 scales"	"600"	"60000"	"Thu Aug 07 15:08:18 PDT 2014"	"S64674"	"Approved"	""	"""snowman"""	"""mittens"""	"0"	"-1"	"1"	"0"	"0"	"1"	"0"	"0"	"-1"	"-1"	"-1"	"""TRUE"""	"""target"""	"""TRUE"""	"-1"	"-1"	"-1"	"-1"	"-1"	"-1"	"""To see how I interpret what something means."""	"""fun"""	"""22"""	"""m"""	"9"	"0"	"2"	"1"	"0"	"""5"""	"-1"
"What is he talking about? (1-2 mins)"	"Short and fun! A 1-2 minute word game about what someone is talking about."	"experiment, psychology, game"	"$0.25 "	"Thu Jul 31 15:08:18 PDT 2014"	"400"	"0"	"0"	"400"	"Reviewable"	"NotReviewed"	"1 scales"	"600"	"60000"	"Thu Aug 07 15:08:18 PDT 2014"	"S02347"	"Approved"	""	"""boat"""	"""cabin"""	"0"	"-1"	"2"	"0"	"0"	"1"	"0"	"0"	"-1"	"-1"	"-1"	"""FALSE"""	"""distractor2"""	"""FALSE"""	"-1"	"-1"	"-1"	"-1"	"-1"	"-1"	"""Renting a boat"""	"""No"""	"""30"""	"""m"""	"11"	"0"	"0"	"1"	"2"	"""5"""	"-1"
"What is he talking about? (1-2 mins)"	"Short and fun! A 1-2 minute word game about what someone is talking about."	"experiment, psychology, game"	"$0.25 "	"Thu Jul 31 15:08:18 PDT 2014"	"400"	"0"	"0"	"400"	"Reviewable"	"NotReviewed"	"1 scales"	"600"	"60000"	"Thu Aug 07 15:08:18 PDT 2014"	"S24565"	"Approved"	""	"""pizza"""	"""peppers"""	"0"	"-1"	"2"	"0"	"0"	"1"	"0"	"0"	"-1"	"-1"	"-1"	"""TRUE"""	"""target"""	"""TRUE"""	"-1"	"-1"	"-1"	"-1"	"-1"	"-1"	"""peppers on pizza """	""""""	"""21"""	"""f"""	"11"	"0"	"0"	"1"	"2"	"""5"""	"-1"
"What is he talking about? (1-2 mins)"	"Short and fun! A 1-2 minute word game about what someone is talking about."	"experiment, psychology, game"	"$0.25 "	"Thu Jul 31 15:08:18 PDT 2014"	"400"	"0"	"0"	"400"	"Reviewable"	"NotReviewed"	"1 scales"	"600"	"60000"	"Thu Aug 07 15:08:18 PDT 2014"	"S16634"	"Approved"	""	"""sundae"""	"""sprinkles"""	"0"	"-1"	"2"	"0"	"0"	"1"	"0"	"0"	"-1"	"-1"	"-1"	"""TRUE"""	"""distractor2"""	"""FALSE"""	"-1"	"-1"	"-1"	"-1"	"-1"	"-1"	"""bob like sundaies"""	"""no"""	""""""	"""female"""	"16"	"0"	"2"	"0"	"1"	"""5"""	"-1"
"What is he talking about? (1-2 mins)"	"Short and fun! A 1-2 minute word game about what someone is talking about."	"experiment, psychology, game"	"$0.25 "	"Thu Jul 31 15:08:18 PDT 2014"	"400"	"0"	"0"	"400"	"Reviewable"	"NotReviewed"	"1 scales"	"600"	"60000"	"Thu Aug 07 15:08:18 PDT 2014"	"S29071"	"Approved"	""	"""Christmas tree"""	"""presents"""	"0"	"-1"	"1"	"0"	"0"	"1"	"0"	"0"	"-1"	"-1"	"-1"	"""TRUE"""	"""target"""	"""TRUE"""	"-1"	"-1"	"-1"	"-1"	"-1"	"-1"	"""Christmas trees"""	"""No"""	"""23"""	"""F"""	"20"	"0"	"1"	"2"	"0"	"""5"""	"-1"
"What is he talking about? (1-2 mins)"	"Short and fun! A 1-2 minute word game about what someone is talking about."	"experiment, psychology, game"	"$0.25 "	"Thu Jul 31 15:08:18 PDT 2014"	"400"	"0"	"0"	"400"	"Reviewable"	"NotReviewed"	"1 scales"	"600"	"60000"	"Thu Aug 07 15:08:18 PDT 2014"	"S24554"	"Approved"	""	"""friend"""	"""mustache"""	"0"	"-1"	"2"	"0"	"0"	"1"	"0"	"0"	"-1"	"-1"	"-1"	"""TRUE"""	"""target"""	"""TRUE"""	"-1"	"-1"	"-1"	"-1"	"-1"	"-1"	"""what i thought"""	"""none"""	"""30"""	"""f"""	"11"	"0"	"0"	"2"	"1"	"""5"""	"-1"
"What is he talking about? (1-2 mins)"	"Short and fun! A 1-2 minute word game about what someone is talking about."	"experiment, psychology, game"	"$0.25 "	"Thu Jul 31 15:08:18 PDT 2014"	"400"	"0"	"0"	"400"	"Reviewable"	"NotReviewed"	"1 scales"	"600"	"60000"	"Thu Aug 07 15:08:18 PDT 2014"	"S99859"	"Approved"	""	"""Christmas tree"""	"""lights"""	"0"	"-1"	"2"	"0"	"0"	"1"	"0"	"0"	"-1"	"-1"	"-1"	"""FALSE"""	"""target"""	"""TRUE"""	"-1"	"-1"	"-1"	"-1"	"-1"	"-1"	"""Not sure, to see if people understand certain situations?"""	"""Great hit, thanks!"""	"""24"""	"""m"""	"8"	"0"	"2"	"1"	"0"	"""5"""	"-1"
"What is he talking about? (1-2 mins)"	"Short and fun! A 1-2 minute word game about what someone is talking about."	"experiment, psychology, game"	"$0.25 "	"Thu Jul 31 15:08:18 PDT 2014"	"400"	"0"	"0"	"400"	"Reviewable"	"NotReviewed"	"1 scales"	"600"	"60000"	"Thu Aug 07 15:08:18 PDT 2014"	"S73308"	"Approved"	""	"""snowman"""	"""mittens"""	"0"	"-1"	"2"	"0"	"0"	"1"	"0"	"0"	"-1"	"-1"	"-1"	"""TRUE"""	"""distractor1"""	"""FALSE"""	"-1"	"-1"	"-1"	"-1"	"-1"	"-1"	"""Seeing how people think when giving them a word that applies to all objects. There were some details put in the pictures that might persuade people to choose a specific object."""	""""""	"""33"""	"""m"""	"19"	"0"	"1"	"0"	"2"	"""5"""	"-1"
"What is he talking about? (1-2 mins)"	"Short and fun! A 1-2 minute word game about what someone is talking about."	"experiment, psychology, game"	"$0.25 "	"Thu Jul 31 15:08:18 PDT 2014"	"400"	"0"	"0"	"400"	"Reviewable"	"NotReviewed"	"1 scales"	"600"	"60000"	"Thu Aug 07 15:08:18 PDT 2014"	"S46513"	"Approved"	""	"""Christmas tree"""	"""ornaments"""	"0"	"-1"	"1"	"0"	"0"	"1"	"0"	"0"	"-1"	"-1"	"-1"	"""TRUE"""	"""distractor2"""	"""FALSE"""	"-1"	"-1"	"-1"	"-1"	"-1"	"-1"	"""Christmas tree"""	"""no"""	"""23"""	"""m"""	"9"	"0"	"1"	"2"	"0"	"""5"""	"-1"
"What is he talking about? (1-2 mins)"	"Short and fun! A 1-2 minute word game about what someone is talking about."	"experiment, psychology, game"	"$0.25 "	"Thu Jul 31 15:08:18 PDT 2014"	"400"	"0"	"0"	"400"	"Reviewable"	"NotReviewed"	"1 scales"	"600"	"60000"	"Thu Aug 07 15:08:18 PDT 2014"	"S48527"	"Approved"	""	"""snowman"""	"""belt"""	"0"	"-1"	"2"	"0"	"0"	"1"	"0"	"0"	"-1"	"-1"	"-1"	"""TRUE"""	"""distractor2"""	"""FALSE"""	"-1"	"-1"	"-1"	"-1"	"-1"	"-1"	"""bob liked to decorate snowmen"""	"""none at this time"""	"""50"""	"""m"""	"16"	"0"	"0"	"2"	"1"	"""5"""	"-1"
"What is he talking about? (1-2 mins)"	"Short and fun! A 1-2 minute word game about what someone is talking about."	"experiment, psychology, game"	"$0.25 "	"Thu Jul 31 15:08:18 PDT 2014"	"400"	"0"	"0"	"400"	"Reviewable"	"NotReviewed"	"1 scales"	"600"	"60000"	"Thu Aug 07 15:08:18 PDT 2014"	"S54331"	"Approved"	""	"""snowman"""	"""mittens"""	"0"	"-1"	"1"	"0"	"0"	"1"	"0"	"0"	"-1"	"-1"	"-1"	"""TRUE"""	"""target"""	"""TRUE"""	"-1"	"-1"	"-1"	"-1"	"-1"	"-1"	"""communications  choosing snowmen"""	""""""	"""61"""	"""f"""	"12"	"0"	"1"	"2"	"0"	"""5"""	"-1"
"What is he talking about? (1-2 mins)"	"Short and fun! A 1-2 minute word game about what someone is talking about."	"experiment, psychology, game"	"$0.25 "	"Thu Jul 31 15:08:18 PDT 2014"	"400"	"0"	"0"	"400"	"Reviewable"	"NotReviewed"	"1 scales"	"600"	"60000"	"Thu Aug 07 15:08:18 PDT 2014"	"S66653"	"Approved"	""	"""friend"""	"""glasses"""	"0"	"-1"	"1"	"0"	"0"	"1"	"0"	"0"	"-1"	"-1"	"-1"	"""TRUE"""	"""distractor2"""	"""FALSE"""	"-1"	"-1"	"-1"	"-1"	"-1"	"-1"	"""Socializing  """	"""None."""	"""22"""	"""m"""	"12"	"0"	"2"	"0"	"1"	"""5"""	"-1"
"What is he talking about? (1-2 mins)"	"Short and fun! A 1-2 minute word game about what someone is talking about."	"experiment, psychology, game"	"$0.25 "	"Thu Jul 31 15:08:18 PDT 2014"	"400"	"0"	"0"	"400"	"Reviewable"	"NotReviewed"	"1 scales"	"600"	"60000"	"Thu Aug 07 15:08:18 PDT 2014"	"S07823"	"Approved"	""	"""pizza"""	"""mushrooms"""	"0"	"-1"	"1"	"0"	"0"	"1"	"0"	"0"	"-1"	"-1"	"-1"	"""TRUE"""	"""target"""	"""TRUE"""	"-1"	"-1"	"-1"	"-1"	"-1"	"-1"	"""Bob eats pizza"""	""""""	"""24"""	"""f"""	"9"	"0"	"2"	"0"	"1"	"""5"""	"-1"
"What is he talking about? (1-2 mins)"	"Short and fun! A 1-2 minute word game about what someone is talking about."	"experiment, psychology, game"	"$0.25 "	"Thu Jul 31 15:08:18 PDT 2014"	"400"	"0"	"0"	"400"	"Reviewable"	"NotReviewed"	"1 scales"	"600"	"60000"	"Thu Aug 07 15:08:18 PDT 2014"	"S05337"	"Approved"	""	"""sundae"""	"""chocolate"""	"0"	"-1"	"1"	"0"	"0"	"1"	"0"	"0"	"-1"	"-1"	"-1"	"""TRUE"""	"""distractor3"""	"""FALSE"""	"-1"	"-1"	"-1"	"-1"	"-1"	"-1"	"""Ice cream?"""	"""No"""	"""39"""	"""m"""	"12"	"0"	"0"	"2"	"1"	"""5"""	"-1"
"What is he talking about? (1-2 mins)"	"Short and fun! A 1-2 minute word game about what someone is talking about."	"experiment, psychology, game"	"$0.25 "	"Thu Jul 31 15:08:18 PDT 2014"	"400"	"0"	"0"	"400"	"Reviewable"	"NotReviewed"	"1 scales"	"600"	"60000"	"Thu Aug 07 15:08:18 PDT 2014"	"S56187"	"Approved"	""	"""Christmas tree"""	"""star"""	"0"	"-1"	"2"	"0"	"0"	"1"	"0"	"0"	"-1"	"-1"	"-1"	"""TRUE"""	"""target"""	"""TRUE"""	"-1"	"-1"	"-1"	"-1"	"-1"	"-1"	"""Which Christmas tree Bob Likes"""	""""""	"""27"""	"""m"""	"16"	"0"	"0"	"2"	"1"	"""5"""	"-1"
"What is he talking about? (1-2 mins)"	"Short and fun! A 1-2 minute word game about what someone is talking about."	"experiment, psychology, game"	"$0.25 "	"Thu Jul 31 15:08:18 PDT 2014"	"400"	"0"	"0"	"400"	"Reviewable"	"NotReviewed"	"1 scales"	"600"	"60000"	"Thu Aug 07 15:08:18 PDT 2014"	"S44122"	"Approved"	""	"""snowman"""	"""mittens"""	"0"	"-1"	"1"	"0"	"0"	"1"	"0"	"0"	"-1"	"-1"	"-1"	"""TRUE"""	"""target"""	"""TRUE"""	"-1"	"-1"	"-1"	"-1"	"-1"	"-1"	"""Picking a snowman."""	"""No."""	"""24"""	"""m"""	"12"	"0"	"1"	"0"	"2"	"""5"""	"-1"
"What is he talking about? (1-2 mins)"	"Short and fun! A 1-2 minute word game about what someone is talking about."	"experiment, psychology, game"	"$0.25 "	"Thu Jul 31 15:08:18 PDT 2014"	"400"	"0"	"0"	"400"	"Reviewable"	"NotReviewed"	"1 scales"	"600"	"60000"	"Thu Aug 07 15:08:18 PDT 2014"	"S32520"	"Approved"	""	"""snowman"""	"""mittens"""	"0"	"-1"	"1"	"0"	"0"	"1"	"0"	"0"	"-1"	"-1"	"-1"	"""TRUE"""	"""distractor3"""	"""FALSE"""	"-1"	"-1"	"-1"	"-1"	"-1"	"-1"	"""Bob liking to build snowmen"""	"""None"""	"""23"""	"""f"""	"20"	"0"	"2"	"1"	"0"	"""5"""	"-1"
"What is he talking about? (1-2 mins)"	"Short and fun! A 1-2 minute word game about what someone is talking about."	"experiment, psychology, game"	"$0.25 "	"Thu Jul 31 15:08:18 PDT 2014"	"400"	"0"	"0"	"400"	"Reviewable"	"NotReviewed"	"1 scales"	"600"	"60000"	"Thu Aug 07 15:08:18 PDT 2014"	"S47111"	"Approved"	""	"""friend"""	"""glasses"""	"0"	"-1"	"2"	"0"	"0"	"1"	"0"	"0"	"-1"	"-1"	"-1"	"""TRUE"""	"""target"""	"""TRUE"""	"-1"	"-1"	"-1"	"-1"	"-1"	"-1"	"""Bob's Friends"""	"""Interesting HIT"""	"""22"""	"""m"""	"11"	"0"	"1"	"2"	"0"	"""5"""	"-1"
"What is he talking about? (1-2 mins)"	"Short and fun! A 1-2 minute word game about what someone is talking about."	"experiment, psychology, game"	"$0.25 "	"Thu Jul 31 15:08:18 PDT 2014"	"400"	"0"	"0"	"400"	"Reviewable"	"NotReviewed"	"1 scales"	"600"	"60000"	"Thu Aug 07 15:08:18 PDT 2014"	"S72858"	"Approved"	""	"""sundae"""	"""sprinkles"""	"0"	"-1"	"2"	"0"	"0"	"1"	"0"	"0"	"-1"	"-1"	"-1"	"""TRUE"""	"""distractor1"""	"""FALSE"""	"-1"	"-1"	"-1"	"-1"	"-1"	"-1"	"""sprinkles"""	"""no"""	"""27"""	"""m"""	"16"	"0"	"1"	"0"	"2"	"""5"""	"-1"
"What is he talking about? (1-2 mins)"	"Short and fun! A 1-2 minute word game about what someone is talking about."	"experiment, psychology, game"	"$0.25 "	"Thu Jul 31 15:08:18 PDT 2014"	"400"	"0"	"0"	"400"	"Reviewable"	"NotReviewed"	"1 scales"	"600"	"60000"	"Thu Aug 07 15:08:18 PDT 2014"	"S56750"	"Approved"	""	"""pizza"""	"""mushrooms"""	"0"	"-1"	"1"	"0"	"0"	"1"	"0"	"0"	"-1"	"-1"	"-1"	"""FALSE"""	"""target"""	"""TRUE"""	"-1"	"-1"	"-1"	"-1"	"-1"	"-1"	"""pizzas"""	""""""	"""27"""	"""m"""	"17"	"0"	"1"	"2"	"0"	"""5"""	"-1"
"What is he talking about? (1-2 mins)"	"Short and fun! A 1-2 minute word game about what someone is talking about."	"experiment, psychology, game"	"$0.25 "	"Thu Jul 31 15:08:18 PDT 2014"	"400"	"0"	"0"	"400"	"Reviewable"	"NotReviewed"	"1 scales"	"600"	"60000"	"Thu Aug 07 15:08:18 PDT 2014"	"S03586"	"Approved"	""	"""sundae"""	"""whipped cream"""	"0"	"-1"	"1"	"0"	"0"	"1"	"0"	"0"	"-1"	"-1"	"-1"	"""FALSE"""	"""target"""	"""TRUE"""	"-1"	"-1"	"-1"	"-1"	"-1"	"-1"	"""preferences"""	""""""	"""47"""	"""f"""	"20"	"0"	"0"	"2"	"1"	"""5"""	"-1"
"What is he talking about? (1-2 mins)"	"Short and fun! A 1-2 minute word game about what someone is talking about."	"experiment, psychology, game"	"$0.25 "	"Thu Jul 31 15:08:18 PDT 2014"	"400"	"0"	"0"	"400"	"Reviewable"	"NotReviewed"	"1 scales"	"600"	"60000"	"Thu Aug 07 15:08:18 PDT 2014"	"S12908"	"Approved"	""	"""snowman"""	"""scarf"""	"0"	"-1"	"1"	"0"	"0"	"1"	"0"	"0"	"-1"	"-1"	"-1"	"""FALSE"""	"""target"""	"""TRUE"""	"-1"	"-1"	"-1"	"-1"	"-1"	"-1"	"""language"""	"""no"""	"""23"""	"""m"""	"12"	"0"	"1"	"2"	"0"	"""5"""	"-1"
"What is he talking about? (1-2 mins)"	"Short and fun! A 1-2 minute word game about what someone is talking about."	"experiment, psychology, game"	"$0.25 "	"Thu Jul 31 15:08:18 PDT 2014"	"400"	"0"	"0"	"400"	"Reviewable"	"NotReviewed"	"1 scales"	"600"	"60000"	"Thu Aug 07 15:08:18 PDT 2014"	"S91809"	"Approved"	""	"""boat"""	"""cabin"""	"0"	"-1"	"1"	"0"	"0"	"1"	"0"	"0"	"-1"	"-1"	"-1"	"""TRUE"""	"""distractor2"""	"""FALSE"""	"-1"	"-1"	"-1"	"-1"	"-1"	"-1"	"""bob and his boat"""	"""great hit"""	""""""	""""""	"17"	"0"	"2"	"1"	"0"	"""5"""	"-1"
"What is he talking about? (1-2 mins)"	"Short and fun! A 1-2 minute word game about what someone is talking about."	"experiment, psychology, game"	"$0.25 "	"Thu Jul 31 15:08:18 PDT 2014"	"400"	"0"	"0"	"400"	"Reviewable"	"NotReviewed"	"1 scales"	"600"	"60000"	"Thu Aug 07 15:08:18 PDT 2014"	"S71897"	"Approved"	""	"""sundae"""	"""cherry"""	"0"	"-1"	"1"	"0"	"0"	"1"	"0"	"0"	"-1"	"-1"	"-1"	"""TRUE"""	"""target"""	"""TRUE"""	"-1"	"-1"	"-1"	"-1"	"-1"	"-1"	"""what bob was talking about"""	""""""	"""21"""	"""m"""	"17"	"0"	"1"	"2"	"0"	"""5"""	"-1"
"What is he talking about? (1-2 mins)"	"Short and fun! A 1-2 minute word game about what someone is talking about."	"experiment, psychology, game"	"$0.25 "	"Thu Jul 31 15:08:18 PDT 2014"	"400"	"0"	"0"	"400"	"Reviewable"	"NotReviewed"	"1 scales"	"600"	"60000"	"Thu Aug 07 15:08:18 PDT 2014"	"S77750"	"Approved"	""	"""sundae"""	"""whipped cream"""	"0"	"-1"	"2"	"0"	"0"	"1"	"0"	"0"	"-1"	"-1"	"-1"	"""TRUE"""	"""target"""	"""TRUE"""	"-1"	"-1"	"-1"	"-1"	"-1"	"-1"	"""determining what Bob was trying to communicate to me"""	"""thank you!"""	"""31"""	"""f"""	"11"	"0"	"0"	"2"	"1"	"""5"""	"-1"
"What is he talking about? (1-2 mins)"	"Short and fun! A 1-2 minute word game about what someone is talking about."	"experiment, psychology, game"	"$0.25 "	"Thu Jul 31 15:08:18 PDT 2014"	"400"	"0"	"0"	"400"	"Reviewable"	"NotReviewed"	"1 scales"	"600"	"60000"	"Thu Aug 07 15:08:18 PDT 2014"	"S45342"	"Approved"	""	"""snowman"""	"""scarf"""	"0"	"-1"	"2"	"0"	"0"	"1"	"0"	"0"	"-1"	"-1"	"-1"	"""TRUE"""	"""target"""	"""TRUE"""	"-1"	"-1"	"-1"	"-1"	"-1"	"-1"	"""Bob and Snowmen"""	""""""	"""24"""	"""m"""	"8"	"0"	"1"	"0"	"2"	"""5"""	"-1"
"What is he talking about? (1-2 mins)"	"Short and fun! A 1-2 minute word game about what someone is talking about."	"experiment, psychology, game"	"$0.25 "	"Thu Jul 31 15:08:18 PDT 2014"	"400"	"0"	"0"	"400"	"Reviewable"	"NotReviewed"	"1 scales"	"600"	"60000"	"Thu Aug 07 15:08:18 PDT 2014"	"S80347"	"Approved"	""	"""snowman"""	"""hat"""	"0"	"-1"	"2"	"0"	"0"	"1"	"0"	"0"	"-1"	"-1"	"-1"	"""TRUE"""	"""target"""	"""TRUE"""	"-1"	"-1"	"-1"	"-1"	"-1"	"-1"	"""bob building a snowman"""	"""thanks"""	"""55"""	"""f"""	"11"	"0"	"2"	"1"	"0"	"""5"""	"-1"
"What is he talking about? (1-2 mins)"	"Short and fun! A 1-2 minute word game about what someone is talking about."	"experiment, psychology, game"	"$0.25 "	"Thu Jul 31 15:08:18 PDT 2014"	"400"	"0"	"0"	"400"	"Reviewable"	"NotReviewed"	"1 scales"	"600"	"60000"	"Thu Aug 07 15:08:18 PDT 2014"	"S07360"	"Approved"	""	"""boat"""	"""motor"""	"0"	"-1"	"2"	"0"	"0"	"1"	"0"	"0"	"-1"	"-1"	"-1"	"""FALSE"""	"""target"""	"""TRUE"""	"-1"	"-1"	"-1"	"-1"	"-1"	"-1"	"""Sailboats and what the man tried to communicate with one word"""	""""""	"""26"""	"""m"""	"8"	"0"	"0"	"2"	"1"	"""5"""	"-1"
"What is he talking about? (1-2 mins)"	"Short and fun! A 1-2 minute word game about what someone is talking about."	"experiment, psychology, game"	"$0.25 "	"Thu Jul 31 15:08:18 PDT 2014"	"400"	"0"	"0"	"400"	"Reviewable"	"NotReviewed"	"1 scales"	"600"	"60000"	"Thu Aug 07 15:08:18 PDT 2014"	"S28849"	"Approved"	""	"""boat"""	"""motor"""	"0"	"-1"	"2"	"0"	"0"	"1"	"0"	"0"	"-1"	"-1"	"-1"	"""FALSE"""	"""target"""	"""TRUE"""	"-1"	"-1"	"-1"	"-1"	"-1"	"-1"	"""Perceptions"""	"""N/A"""	""""""	"""m"""	"19"	"0"	"2"	"1"	"0"	"""5"""	"-1"
"What is he talking about? (1-2 mins)"	"Short and fun! A 1-2 minute word game about what someone is talking about."	"experiment, psychology, game"	"$0.25 "	"Thu Jul 31 15:08:18 PDT 2014"	"400"	"0"	"0"	"400"	"Reviewable"	"NotReviewed"	"1 scales"	"600"	"60000"	"Thu Aug 07 15:08:18 PDT 2014"	"S25044"	"Approved"	""	"""friend"""	"""glasses"""	"0"	"-1"	"1"	"0"	"0"	"1"	"0"	"0"	"-1"	"-1"	"-1"	"""TRUE"""	"""target"""	"""TRUE"""	"-1"	"-1"	"-1"	"-1"	"-1"	"-1"	"""Who Bob would associate with one word."""	"""N/A"""	"""23"""	"""M"""	"20"	"0"	"0"	"1"	"2"	"""5"""	"-1"
"What is he talking about? (1-2 mins)"	"Short and fun! A 1-2 minute word game about what someone is talking about."	"experiment, psychology, game"	"$0.25 "	"Thu Jul 31 15:08:18 PDT 2014"	"400"	"0"	"0"	"400"	"Reviewable"	"NotReviewed"	"1 scales"	"600"	"60000"	"Thu Aug 07 15:08:18 PDT 2014"	"S54643"	"Approved"	""	"""sundae"""	"""cherry"""	"0"	"-1"	"2"	"0"	"0"	"1"	"0"	"0"	"-1"	"-1"	"-1"	"""TRUE"""	"""target"""	"""TRUE"""	"-1"	"-1"	"-1"	"-1"	"-1"	"-1"	"""What is meant by words"""	"""/na"""	"""26"""	"""m"""	"19"	"0"	"2"	"0"	"1"	"""5"""	"-1"
"What is he talking about? (1-2 mins)"	"Short and fun! A 1-2 minute word game about what someone is talking about."	"experiment, psychology, game"	"$0.25 "	"Thu Jul 31 15:08:18 PDT 2014"	"400"	"0"	"0"	"400"	"Reviewable"	"NotReviewed"	"1 scales"	"600"	"60000"	"Thu Aug 07 15:08:18 PDT 2014"	"S80187"	"Approved"	""	"""pizza"""	"""peppers"""	"0"	"-1"	"2"	"0"	"0"	"1"	"0"	"0"	"-1"	"-1"	"-1"	"""TRUE"""	"""distractor1"""	"""FALSE"""	"-1"	"-1"	"-1"	"-1"	"-1"	"-1"	"""pizza"""	"""fast survey"""	"""20"""	"""m"""	"8"	"0"	"2"	"1"	"0"	"""5"""	"-1"
"What is he talking about? (1-2 mins)"	"Short and fun! A 1-2 minute word game about what someone is talking about."	"experiment, psychology, game"	"$0.25 "	"Thu Jul 31 15:08:18 PDT 2014"	"400"	"0"	"0"	"400"	"Reviewable"	"NotReviewed"	"1 scales"	"600"	"60000"	"Thu Aug 07 15:08:18 PDT 2014"	"S81602"	"Approved"	""	"""snowman"""	"""hat"""	"0"	"-1"	"1"	"0"	"0"	"1"	"0"	"0"	"-1"	"-1"	"-1"	"""TRUE"""	"""target"""	"""TRUE"""	"-1"	"-1"	"-1"	"-1"	"-1"	"-1"	"""snowmen"""	""""""	"""26"""	"""m"""	"12"	"0"	"0"	"1"	"2"	"""5"""	"-1"
"What is he talking about? (1-2 mins)"	"Short and fun! A 1-2 minute word game about what someone is talking about."	"experiment, psychology, game"	"$0.25 "	"Thu Jul 31 15:08:18 PDT 2014"	"400"	"0"	"0"	"400"	"Reviewable"	"NotReviewed"	"1 scales"	"600"	"60000"	"Thu Aug 07 15:08:18 PDT 2014"	"S10752"	"Approved"	""	"""friend"""	"""mustache"""	"0"	"-1"	"2"	"0"	"0"	"1"	"0"	"0"	"-1"	"-1"	"-1"	"""TRUE"""	"""target"""	"""TRUE"""	"-1"	"-1"	"-1"	"-1"	"-1"	"-1"	"""Descriptions of friends"""	""""""	"""27"""	"""m"""	"11"	"0"	"1"	"2"	"0"	"""5"""	"-1"
"What is he talking about? (1-2 mins)"	"Short and fun! A 1-2 minute word game about what someone is talking about."	"experiment, psychology, game"	"$0.25 "	"Thu Jul 31 15:08:18 PDT 2014"	"400"	"0"	"0"	"400"	"Reviewable"	"NotReviewed"	"1 scales"	"600"	"60000"	"Thu Aug 07 15:08:18 PDT 2014"	"S75126"	"Approved"	""	"""Christmas tree"""	"""presents"""	"0"	"-1"	"2"	"0"	"0"	"1"	"0"	"0"	"-1"	"-1"	"-1"	"""TRUE"""	"""target"""	"""TRUE"""	"-1"	"-1"	"-1"	"-1"	"-1"	"-1"	"""trees"""	""""""	"""24"""	"""m"""	"16"	"0"	"2"	"1"	"0"	"""5"""	"-1"
"What is he talking about? (1-2 mins)"	"Short and fun! A 1-2 minute word game about what someone is talking about."	"experiment, psychology, game"	"$0.25 "	"Thu Jul 31 15:08:18 PDT 2014"	"400"	"0"	"0"	"400"	"Reviewable"	"NotReviewed"	"1 scales"	"600"	"60000"	"Thu Aug 07 15:08:18 PDT 2014"	"S15448"	"Approved"	""	"""friend"""	"""mustache"""	"0"	"-1"	"2"	"0"	"0"	"1"	"0"	"0"	"-1"	"-1"	"-1"	"""TRUE"""	"""target"""	"""TRUE"""	"-1"	"-1"	"-1"	"-1"	"-1"	"-1"	"""meeting bob's friends with only 1 word"""	"""mustache"""	"""30"""	"""m"""	"16"	"0"	"0"	"1"	"2"	"""5"""	"-1"
"What is he talking about? (1-2 mins)"	"Short and fun! A 1-2 minute word game about what someone is talking about."	"experiment, psychology, game"	"$0.25 "	"Thu Jul 31 15:08:18 PDT 2014"	"400"	"0"	"0"	"400"	"Reviewable"	"NotReviewed"	"1 scales"	"600"	"60000"	"Thu Aug 07 15:08:18 PDT 2014"	"S44899"	"Approved"	""	"""pizza"""	"""mushrooms"""	"0"	"-1"	"1"	"0"	"0"	"1"	"0"	"0"	"-1"	"-1"	"-1"	"""TRUE"""	"""target"""	"""TRUE"""	"-1"	"-1"	"-1"	"-1"	"-1"	"-1"	"""Linking a word with an image"""	"""None"""	"""26"""	"""m"""	"17"	"0"	"1"	"0"	"2"	"""5"""	"-1"
"What is he talking about? (1-2 mins)"	"Short and fun! A 1-2 minute word game about what someone is talking about."	"experiment, psychology, game"	"$0.25 "	"Thu Jul 31 15:08:18 PDT 2014"	"400"	"0"	"0"	"400"	"Reviewable"	"NotReviewed"	"1 scales"	"600"	"60000"	"Thu Aug 07 15:08:18 PDT 2014"	"S08832"	"Approved"	""	"""pizza"""	"""olives"""	"0"	"-1"	"1"	"0"	"0"	"1"	"0"	"0"	"-1"	"-1"	"-1"	"""TRUE"""	"""distractor3"""	"""FALSE"""	"-1"	"-1"	"-1"	"-1"	"-1"	"-1"	"""How I would classify what Bob was talking about"""	"""This was fun"""	"""27"""	"""m"""	"12"	"0"	"1"	"0"	"2"	"""5"""	"-1"
"What is he talking about? (1-2 mins)"	"Short and fun! A 1-2 minute word game about what someone is talking about."	"experiment, psychology, game"	"$0.25 "	"Thu Jul 31 15:08:18 PDT 2014"	"400"	"0"	"0"	"400"	"Reviewable"	"NotReviewed"	"1 scales"	"600"	"60000"	"Thu Aug 07 15:08:18 PDT 2014"	"S87457"	"Approved"	""	"""snowman"""	"""mittens"""	"0"	"-1"	"2"	"0"	"0"	"1"	"0"	"0"	"-1"	"-1"	"-1"	"""TRUE"""	"""target"""	"""TRUE"""	"-1"	"-1"	"-1"	"-1"	"-1"	"-1"	"""How apparently Bob can only say one word."""	""""""	"""25"""	"""m"""	"19"	"0"	"0"	"1"	"2"	"""5"""	"-1"
"What is he talking about? (1-2 mins)"	"Short and fun! A 1-2 minute word game about what someone is talking about."	"experiment, psychology, game"	"$0.25 "	"Thu Jul 31 15:08:18 PDT 2014"	"400"	"0"	"0"	"400"	"Reviewable"	"NotReviewed"	"1 scales"	"600"	"60000"	"Thu Aug 07 15:08:18 PDT 2014"	"S91784"	"Approved"	""	"""sundae"""	"""sprinkles"""	"0"	"-1"	"2"	"0"	"0"	"1"	"0"	"0"	"-1"	"-1"	"-1"	"""FALSE"""	"""distractor2"""	"""FALSE"""	"-1"	"-1"	"-1"	"-1"	"-1"	"-1"	"""sundaes"""	""""""	"""23"""	"""m"""	"16"	"0"	"0"	"2"	"1"	"""5"""	"-1"
"What is he talking about? (1-2 mins)"	"Short and fun! A 1-2 minute word game about what someone is talking about."	"experiment, psychology, game"	"$0.25 "	"Thu Jul 31 15:08:18 PDT 2014"	"400"	"0"	"0"	"400"	"Reviewable"	"NotReviewed"	"1 scales"	"600"	"60000"	"Thu Aug 07 15:08:18 PDT 2014"	"S91376"	"Approved"	""	"""snowman"""	"""mittens"""	"0"	"-1"	"2"	"0"	"0"	"1"	"0"	"0"	"-1"	"-1"	"-1"	"""TRUE"""	"""target"""	"""TRUE"""	"-1"	"-1"	"-1"	"-1"	"-1"	"-1"	"""How we interpret speech"""	""""""	"""30"""	"""m"""	"16"	"0"	"0"	"2"	"1"	"""5"""	"-1"
"What is he talking about? (1-2 mins)"	"Short and fun! A 1-2 minute word game about what someone is talking about."	"experiment, psychology, game"	"$0.25 "	"Thu Jul 31 15:08:18 PDT 2014"	"400"	"0"	"0"	"400"	"Reviewable"	"NotReviewed"	"1 scales"	"600"	"60000"	"Thu Aug 07 15:08:18 PDT 2014"	"S23116"	"Approved"	""	"""sundae"""	"""chocolate"""	"0"	"-1"	"1"	"0"	"0"	"1"	"0"	"0"	"-1"	"-1"	"-1"	"""TRUE"""	"""target"""	"""TRUE"""	"-1"	"-1"	"-1"	"-1"	"-1"	"-1"	"""determining meaning behind limited communication"""	"""very interested in any findings from this!"""	"""23"""	"""m"""	"17"	"0"	"2"	"0"	"1"	"""5"""	"-1"
"What is he talking about? (1-2 mins)"	"Short and fun! A 1-2 minute word game about what someone is talking about."	"experiment, psychology, game"	"$0.25 "	"Thu Jul 31 15:08:18 PDT 2014"	"400"	"0"	"0"	"400"	"Reviewable"	"NotReviewed"	"1 scales"	"600"	"60000"	"Thu Aug 07 15:08:18 PDT 2014"	"S06875"	"Approved"	""	"""Christmas tree"""	"""star"""	"0"	"-1"	"2"	"0"	"0"	"1"	"0"	"0"	"-1"	"-1"	"-1"	"""TRUE"""	"""target"""	"""TRUE"""	"-1"	"-1"	"-1"	"-1"	"-1"	"-1"	"""Christmas trees"""	""""""	"""27"""	"""M"""	"19"	"0"	"1"	"2"	"0"	"""5"""	"-1"
"What is he talking about? (1-2 mins)"	"Short and fun! A 1-2 minute word game about what someone is talking about."	"experiment, psychology, game"	"$0.25 "	"Thu Jul 31 15:08:18 PDT 2014"	"400"	"0"	"0"	"400"	"Reviewable"	"NotReviewed"	"1 scales"	"600"	"60000"	"Thu Aug 07 15:08:18 PDT 2014"	"S12871"	"Approved"	""	"""friend"""	"""glasses"""	"0"	"-1"	"1"	"0"	"0"	"1"	"0"	"0"	"-1"	"-1"	"-1"	"""TRUE"""	"""distractor3"""	"""FALSE"""	"-1"	"-1"	"-1"	"-1"	"-1"	"-1"	"""How we describe people"""	"""No"""	"""26"""	"""M"""	"12"	"0"	"1"	"2"	"0"	"""5"""	"-1"
"What is he talking about? (1-2 mins)"	"Short and fun! A 1-2 minute word game about what someone is talking about."	"experiment, psychology, game"	"$0.25 "	"Thu Jul 31 15:08:18 PDT 2014"	"400"	"0"	"0"	"400"	"Reviewable"	"NotReviewed"	"1 scales"	"600"	"60000"	"Thu Aug 07 15:08:18 PDT 2014"	"S07287"	"Approved"	""	"""sundae"""	"""whipped cream"""	"0"	"-1"	"1"	"0"	"0"	"1"	"0"	"0"	"-1"	"-1"	"-1"	"""TRUE"""	"""target"""	"""TRUE"""	"-1"	"-1"	"-1"	"-1"	"-1"	"-1"	"""I dont know"""	"""None"""	"""33"""	"""m"""	"12"	"0"	"1"	"0"	"2"	"""5"""	"-1"
"What is he talking about? (1-2 mins)"	"Short and fun! A 1-2 minute word game about what someone is talking about."	"experiment, psychology, game"	"$0.25 "	"Thu Jul 31 15:08:18 PDT 2014"	"400"	"0"	"0"	"400"	"Reviewable"	"NotReviewed"	"1 scales"	"600"	"60000"	"Thu Aug 07 15:08:18 PDT 2014"	"S78853"	"Approved"	""	"""sundae"""	"""chocolate"""	"0"	"-1"	"2"	"0"	"0"	"1"	"0"	"0"	"-1"	"-1"	"-1"	"""TRUE"""	"""target"""	"""TRUE"""	"-1"	"-1"	"-1"	"-1"	"-1"	"-1"	"""Interpretation """	"""Thank you very much!"""	"""38"""	"""m"""	"19"	"0"	"1"	"2"	"0"	"""5"""	"-1"
"What is he talking about? (1-2 mins)"	"Short and fun! A 1-2 minute word game about what someone is talking about."	"experiment, psychology, game"	"$0.25 "	"Thu Jul 31 15:08:18 PDT 2014"	"400"	"0"	"0"	"400"	"Reviewable"	"NotReviewed"	"1 scales"	"600"	"60000"	"Thu Aug 07 15:08:18 PDT 2014"	"S98030"	"Approved"	""	"""boat"""	"""cabin"""	"0"	"-1"	"2"	"0"	"0"	"1"	"0"	"0"	"-1"	"-1"	"-1"	"""TRUE"""	"""target"""	"""TRUE"""	"-1"	"-1"	"-1"	"-1"	"-1"	"-1"	"""how he has to communicate in one word"""	""""""	"""22"""	"""m"""	"8"	"0"	"0"	"2"	"1"	"""5"""	"-1"
"What is he talking about? (1-2 mins)"	"Short and fun! A 1-2 minute word game about what someone is talking about."	"experiment, psychology, game"	"$0.25 "	"Thu Jul 31 15:08:18 PDT 2014"	"400"	"0"	"0"	"400"	"Reviewable"	"NotReviewed"	"1 scales"	"600"	"60000"	"Thu Aug 07 15:08:18 PDT 2014"	"S88955"	"Approved"	""	"""friend"""	"""hat"""	"0"	"-1"	"1"	"0"	"0"	"1"	"0"	"0"	"-1"	"-1"	"-1"	"""TRUE"""	"""target"""	"""TRUE"""	"-1"	"-1"	"-1"	"-1"	"-1"	"-1"	"""Language representation"""	"""None"""	"""23"""	"""M"""	"9"	"0"	"1"	"0"	"2"	"""5"""	"-1"
"What is he talking about? (1-2 mins)"	"Short and fun! A 1-2 minute word game about what someone is talking about."	"experiment, psychology, game"	"$0.25 "	"Thu Jul 31 15:08:18 PDT 2014"	"400"	"0"	"0"	"400"	"Reviewable"	"NotReviewed"	"1 scales"	"600"	"60000"	"Thu Aug 07 15:08:18 PDT 2014"	"S73878"	"Approved"	""	"""Christmas tree"""	"""ornaments"""	"0"	"-1"	"1"	"0"	"0"	"1"	"0"	"0"	"-1"	"-1"	"-1"	"""TRUE"""	"""distractor3"""	"""FALSE"""	"-1"	"-1"	"-1"	"-1"	"-1"	"-1"	"""Bob's tree trimming and picking a tree with one word descriptions."""	""""""	"""33"""	"""m"""	"20"	"0"	"2"	"1"	"0"	"""5"""	"-1"
"What is he talking about? (1-2 mins)"	"Short and fun! A 1-2 minute word game about what someone is talking about."	"experiment, psychology, game"	"$0.25 "	"Thu Jul 31 15:08:18 PDT 2014"	"400"	"0"	"0"	"400"	"Reviewable"	"NotReviewed"	"1 scales"	"600"	"60000"	"Thu Aug 07 15:08:18 PDT 2014"	"S83549"	"Approved"	""	"""pizza"""	"""peppers"""	"0"	"-1"	"2"	"0"	"0"	"1"	"0"	"0"	"-1"	"-1"	"-1"	"""FALSE"""	"""target"""	"""TRUE"""	"-1"	"-1"	"-1"	"-1"	"-1"	"-1"	"""which pizza i think he was referring to"""	""""""	"""22"""	"""m"""	"11"	"0"	"2"	"0"	"1"	"""5"""	"-1"
"What is he talking about? (1-2 mins)"	"Short and fun! A 1-2 minute word game about what someone is talking about."	"experiment, psychology, game"	"$0.25 "	"Thu Jul 31 15:08:18 PDT 2014"	"400"	"0"	"0"	"400"	"Reviewable"	"NotReviewed"	"1 scales"	"600"	"60000"	"Thu Aug 07 15:08:18 PDT 2014"	"S45066"	"Approved"	""	"""sundae"""	"""chocolate"""	"0"	"-1"	"1"	"0"	"0"	"1"	"0"	"0"	"-1"	"-1"	"-1"	"""TRUE"""	"""target"""	"""TRUE"""	"-1"	"-1"	"-1"	"-1"	"-1"	"-1"	"""What words represent to people."""	""""""	"""37"""	"""f"""	"20"	"0"	"1"	"2"	"0"	"""5"""	"-1"
"What is he talking about? (1-2 mins)"	"Short and fun! A 1-2 minute word game about what someone is talking about."	"experiment, psychology, game"	"$0.25 "	"Thu Jul 31 15:08:18 PDT 2014"	"400"	"0"	"0"	"400"	"Reviewable"	"NotReviewed"	"1 scales"	"600"	"60000"	"Thu Aug 07 15:08:18 PDT 2014"	"S01693"	"Approved"	""	"""Christmas tree"""	"""presents"""	"0"	"-1"	"2"	"0"	"0"	"1"	"0"	"0"	"-1"	"-1"	"-1"	"""TRUE"""	"""distractor2"""	"""FALSE"""	"-1"	"-1"	"-1"	"-1"	"-1"	"-1"	"""no clue"""	"""no"""	""""""	"""m"""	"19"	"0"	"1"	"0"	"2"	"""5"""	"-1"
"What is he talking about? (1-2 mins)"	"Short and fun! A 1-2 minute word game about what someone is talking about."	"experiment, psychology, game"	"$0.25 "	"Thu Jul 31 15:08:18 PDT 2014"	"400"	"0"	"0"	"400"	"Reviewable"	"NotReviewed"	"1 scales"	"600"	"60000"	"Thu Aug 07 15:08:18 PDT 2014"	"S64903"	"Approved"	""	"""sundae"""	"""whipped cream"""	"0"	"-1"	"2"	"0"	"0"	"1"	"0"	"0"	"-1"	"-1"	"-1"	"""TRUE"""	"""target"""	"""TRUE"""	"-1"	"-1"	"-1"	"-1"	"-1"	"-1"	"""Picking which sundae bob was talking about"""	""""""	"""20"""	"""m"""	"19"	"0"	"2"	"0"	"1"	"""5"""	"-1"
"What is he talking about? (1-2 mins)"	"Short and fun! A 1-2 minute word game about what someone is talking about."	"experiment, psychology, game"	"$0.25 "	"Thu Jul 31 15:08:18 PDT 2014"	"400"	"0"	"0"	"400"	"Reviewable"	"NotReviewed"	"1 scales"	"600"	"60000"	"Thu Aug 07 15:08:18 PDT 2014"	"S96253"	"Approved"	""	"""sundae"""	"""cherry"""	"0"	"-1"	"2"	"0"	"0"	"1"	"0"	"0"	"-1"	"-1"	"-1"	"""TRUE"""	"""target"""	"""TRUE"""	"-1"	"-1"	"-1"	"-1"	"-1"	"-1"	"""Ice cream"""	"""No"""	"""20"""	"""F"""	"8"	"0"	"1"	"2"	"0"	"""5"""	"-1"
"What is he talking about? (1-2 mins)"	"Short and fun! A 1-2 minute word game about what someone is talking about."	"experiment, psychology, game"	"$0.25 "	"Thu Jul 31 15:08:18 PDT 2014"	"400"	"0"	"0"	"400"	"Reviewable"	"NotReviewed"	"1 scales"	"600"	"60000"	"Thu Aug 07 15:08:18 PDT 2014"	"S36347"	"Approved"	""	"""sundae"""	"""whipped cream"""	"0"	"-1"	"1"	"0"	"0"	"1"	"0"	"0"	"-1"	"-1"	"-1"	"""TRUE"""	"""target"""	"""TRUE"""	"-1"	"-1"	"-1"	"-1"	"-1"	"-1"	"""Language inferences"""	""""""	"""36"""	"""m"""	"9"	"0"	"0"	"1"	"2"	"""5"""	"-1"
"What is he talking about? (1-2 mins)"	"Short and fun! A 1-2 minute word game about what someone is talking about."	"experiment, psychology, game"	"$0.25 "	"Thu Jul 31 15:08:18 PDT 2014"	"400"	"0"	"0"	"400"	"Reviewable"	"NotReviewed"	"1 scales"	"600"	"60000"	"Thu Aug 07 15:08:18 PDT 2014"	"S42790"	"Approved"	""	"""boat"""	"""sail"""	"0"	"-1"	"2"	"0"	"0"	"1"	"0"	"0"	"-1"	"-1"	"-1"	"""TRUE"""	"""distractor2"""	"""FALSE"""	"-1"	"-1"	"-1"	"-1"	"-1"	"-1"	"""boats"""	"""no"""	"""40"""	"""m"""	"19"	"0"	"2"	"1"	"0"	"""5"""	"-1"
"What is he talking about? (1-2 mins)"	"Short and fun! A 1-2 minute word game about what someone is talking about."	"experiment, psychology, game"	"$0.25 "	"Thu Jul 31 15:08:18 PDT 2014"	"400"	"0"	"0"	"400"	"Reviewable"	"NotReviewed"	"1 scales"	"600"	"60000"	"Thu Aug 07 15:08:18 PDT 2014"	"S45747"	"Approved"	""	"""Christmas tree"""	"""presents"""	"0"	"-1"	"2"	"0"	"0"	"1"	"0"	"0"	"-1"	"-1"	"-1"	"""FALSE"""	"""target"""	"""TRUE"""	"-1"	"-1"	"-1"	"-1"	"-1"	"-1"	"""This is about memory."""	""""""	"""20"""	"""m"""	"16"	"0"	"0"	"1"	"2"	"""5"""	"-1"
"What is he talking about? (1-2 mins)"	"Short and fun! A 1-2 minute word game about what someone is talking about."	"experiment, psychology, game"	"$0.25 "	"Thu Jul 31 15:08:18 PDT 2014"	"400"	"0"	"0"	"400"	"Reviewable"	"NotReviewed"	"1 scales"	"600"	"60000"	"Thu Aug 07 15:08:18 PDT 2014"	"S80250"	"Approved"	""	"""sundae"""	"""sprinkles"""	"0"	"-1"	"1"	"0"	"0"	"1"	"0"	"0"	"-1"	"-1"	"-1"	"""TRUE"""	"""distractor3"""	"""FALSE"""	"-1"	"-1"	"-1"	"-1"	"-1"	"-1"	"""Sundaes"""	""""""	"""22"""	"""m"""	"20"	"0"	"2"	"0"	"1"	"""5"""	"-1"
"What is he talking about? (1-2 mins)"	"Short and fun! A 1-2 minute word game about what someone is talking about."	"experiment, psychology, game"	"$0.25 "	"Thu Jul 31 15:08:18 PDT 2014"	"400"	"0"	"0"	"400"	"Reviewable"	"NotReviewed"	"1 scales"	"600"	"60000"	"Thu Aug 07 15:08:18 PDT 2014"	"S35203"	"Approved"	""	"""boat"""	"""motor"""	"0"	"-1"	"1"	"0"	"0"	"1"	"0"	"0"	"-1"	"-1"	"-1"	"""TRUE"""	"""target"""	"""TRUE"""	"-1"	"-1"	"-1"	"-1"	"-1"	"-1"	"""dunno"""	"""ty"""	"""26"""	"""m"""	"20"	"0"	"1"	"2"	"0"	"""5"""	"-1"
"What is he talking about? (1-2 mins)"	"Short and fun! A 1-2 minute word game about what someone is talking about."	"experiment, psychology, game"	"$0.25 "	"Thu Jul 31 15:08:18 PDT 2014"	"400"	"0"	"0"	"400"	"Reviewable"	"NotReviewed"	"1 scales"	"600"	"60000"	"Thu Aug 07 15:08:18 PDT 2014"	"S56339"	"Approved"	""	"""pizza"""	"""peppers"""	"0"	"-1"	"1"	"0"	"0"	"1"	"0"	"0"	"-1"	"-1"	"-1"	"""TRUE"""	"""target"""	"""TRUE"""	"-1"	"-1"	"-1"	"-1"	"-1"	"-1"	"""interpreting intent with little information"""	"""none"""	"""31"""	"""o"""	"9"	"0"	"1"	"0"	"2"	"""5"""	"-1"
"What is he talking about? (1-2 mins)"	"Short and fun! A 1-2 minute word game about what someone is talking about."	"experiment, psychology, game"	"$0.25 "	"Thu Jul 31 15:08:18 PDT 2014"	"400"	"0"	"0"	"400"	"Reviewable"	"NotReviewed"	"1 scales"	"600"	"60000"	"Thu Aug 07 15:08:18 PDT 2014"	"S09371"	"Approved"	""	"""sundae"""	"""whipped cream"""	"0"	"-1"	"2"	"0"	"0"	"1"	"0"	"0"	"-1"	"-1"	"-1"	"""TRUE"""	"""distractor1"""	"""FALSE"""	"-1"	"-1"	"-1"	"-1"	"-1"	"-1"	"""ice cream"""	"""na"""	"""29"""	"""m"""	"8"	"0"	"0"	"2"	"1"	"""5"""	"-1"
"What is he talking about? (1-2 mins)"	"Short and fun! A 1-2 minute word game about what someone is talking about."	"experiment, psychology, game"	"$0.25 "	"Thu Jul 31 15:08:18 PDT 2014"	"400"	"0"	"0"	"400"	"Reviewable"	"NotReviewed"	"1 scales"	"600"	"60000"	"Thu Aug 07 15:08:18 PDT 2014"	"S53498"	"Approved"	""	"""Christmas tree"""	"""ornaments"""	"0"	"-1"	"1"	"0"	"0"	"1"	"0"	"0"	"-1"	"-1"	"-1"	"""TRUE"""	"""distractor2"""	"""FALSE"""	"-1"	"-1"	"-1"	"-1"	"-1"	"-1"	"""christmas trees"""	""""""	"""22"""	"""m"""	"17"	"0"	"2"	"0"	"1"	"""5"""	"-1"
"What is he talking about? (1-2 mins)"	"Short and fun! A 1-2 minute word game about what someone is talking about."	"experiment, psychology, game"	"$0.25 "	"Thu Jul 31 15:08:18 PDT 2014"	"400"	"0"	"0"	"400"	"Reviewable"	"NotReviewed"	"1 scales"	"600"	"60000"	"Thu Aug 07 15:08:18 PDT 2014"	"S81676"	"Approved"	""	"""snowman"""	"""mittens"""	"0"	"-1"	"1"	"0"	"0"	"1"	"0"	"0"	"-1"	"-1"	"-1"	"""TRUE"""	"""distractor2"""	"""FALSE"""	"-1"	"-1"	"-1"	"-1"	"-1"	"-1"	"""Bob and his smowmen"""	""""""	"""23"""	"""m"""	"17"	"0"	"2"	"1"	"0"	"""5"""	"-1"
"What is he talking about? (1-2 mins)"	"Short and fun! A 1-2 minute word game about what someone is talking about."	"experiment, psychology, game"	"$0.25 "	"Thu Jul 31 15:08:18 PDT 2014"	"400"	"0"	"0"	"400"	"Reviewable"	"NotReviewed"	"1 scales"	"600"	"60000"	"Thu Aug 07 15:08:18 PDT 2014"	"S01033"	"Approved"	""	"""snowman"""	"""hat"""	"0"	"-1"	"2"	"0"	"0"	"1"	"0"	"0"	"-1"	"-1"	"-1"	"""TRUE"""	"""target"""	"""TRUE"""	"-1"	"-1"	"-1"	"-1"	"-1"	"-1"	"""communication"""	"""thanks, i think his name was bob...yeah...yeah definitely"""	"""23"""	"""m"""	"16"	"0"	"2"	"0"	"1"	"""5"""	"-1"
"What is he talking about? (1-2 mins)"	"Short and fun! A 1-2 minute word game about what someone is talking about."	"experiment, psychology, game"	"$0.25 "	"Thu Jul 31 15:08:18 PDT 2014"	"400"	"0"	"0"	"400"	"Reviewable"	"NotReviewed"	"1 scales"	"600"	"60000"	"Thu Aug 07 15:08:18 PDT 2014"	"S35794"	"Approved"	""	"""friend"""	"""glasses"""	"0"	"-1"	"1"	"0"	"0"	"1"	"0"	"0"	"-1"	"-1"	"-1"	"""TRUE"""	"""target"""	"""TRUE"""	"-1"	"-1"	"-1"	"-1"	"-1"	"-1"	"""Communication"""	"""This was definitely interesting.  """	"""32"""	"""m"""	"9"	"0"	"2"	"0"	"1"	"""5"""	"-1"
"What is he talking about? (1-2 mins)"	"Short and fun! A 1-2 minute word game about what someone is talking about."	"experiment, psychology, game"	"$0.25 "	"Thu Jul 31 15:08:18 PDT 2014"	"400"	"0"	"0"	"400"	"Reviewable"	"NotReviewed"	"1 scales"	"600"	"60000"	"Thu Aug 07 15:08:18 PDT 2014"	"S91998"	"Approved"	""	"""snowman"""	"""mittens"""	"0"	"-1"	"2"	"0"	"0"	"1"	"0"	"0"	"-1"	"-1"	"-1"	"""TRUE"""	"""target"""	"""TRUE"""	"-1"	"-1"	"-1"	"-1"	"-1"	"-1"	"""I don' t know"""	""""""	"""25"""	"""m"""	"19"	"0"	"1"	"2"	"0"	"""5"""	"-1"
"What is he talking about? (1-2 mins)"	"Short and fun! A 1-2 minute word game about what someone is talking about."	"experiment, psychology, game"	"$0.25 "	"Thu Jul 31 15:08:18 PDT 2014"	"400"	"0"	"0"	"400"	"Reviewable"	"NotReviewed"	"1 scales"	"600"	"60000"	"Thu Aug 07 15:08:18 PDT 2014"	"S40221"	"Approved"	""	"""friend"""	"""mustache"""	"0"	"-1"	"2"	"0"	"0"	"1"	"0"	"0"	"-1"	"-1"	"-1"	"""TRUE"""	"""target"""	"""TRUE"""	"-1"	"-1"	"-1"	"-1"	"-1"	"-1"	"""Bob's friends"""	"""No"""	"""20"""	"""f"""	"8"	"0"	"0"	"2"	"1"	"""5"""	"-1"
"What is he talking about? (1-2 mins)"	"Short and fun! A 1-2 minute word game about what someone is talking about."	"experiment, psychology, game"	"$0.25 "	"Thu Jul 31 15:08:18 PDT 2014"	"400"	"0"	"0"	"400"	"Reviewable"	"NotReviewed"	"1 scales"	"600"	"60000"	"Thu Aug 07 15:08:18 PDT 2014"	"S96688"	"Approved"	""	"""pizza"""	"""sausage"""	"0"	"-1"	"2"	"0"	"0"	"1"	"0"	"0"	"-1"	"-1"	"-1"	"""TRUE"""	"""target"""	"""TRUE"""	"-1"	"-1"	"-1"	"-1"	"-1"	"-1"	"""bob ordering pizza"""	"""None"""	"""25"""	"""m"""	"19"	"0"	"2"	"1"	"0"	"""5"""	"-1"
"What is he talking about? (1-2 mins)"	"Short and fun! A 1-2 minute word game about what someone is talking about."	"experiment, psychology, game"	"$0.25 "	"Thu Jul 31 15:08:18 PDT 2014"	"400"	"0"	"0"	"400"	"Reviewable"	"NotReviewed"	"1 scales"	"600"	"60000"	"Thu Aug 07 15:08:18 PDT 2014"	"S39851"	"Approved"	""	"""sundae"""	"""chocolate"""	"0"	"-1"	"1"	"0"	"0"	"1"	"0"	"0"	"-1"	"-1"	"-1"	"""TRUE"""	"""target"""	"""TRUE"""	"-1"	"-1"	"-1"	"-1"	"-1"	"-1"	"""to see what we think he means by chocolate"""	"""no"""	"""27"""	"""f"""	"20"	"0"	"2"	"0"	"1"	"""5"""	"-1"
"What is he talking about? (1-2 mins)"	"Short and fun! A 1-2 minute word game about what someone is talking about."	"experiment, psychology, game"	"$0.25 "	"Thu Jul 31 15:08:18 PDT 2014"	"400"	"0"	"0"	"400"	"Reviewable"	"NotReviewed"	"1 scales"	"600"	"60000"	"Thu Aug 07 15:08:18 PDT 2014"	"S37024"	"Approved"	""	"""pizza"""	"""sausage"""	"0"	"-1"	"1"	"0"	"0"	"1"	"0"	"0"	"-1"	"-1"	"-1"	"""TRUE"""	"""target"""	"""TRUE"""	"-1"	"-1"	"-1"	"-1"	"-1"	"-1"	"""to see how people interpret a picture"""	""""""	"""25"""	"""m"""	"17"	"0"	"1"	"0"	"2"	"""5"""	"-1"
"What is he talking about? (1-2 mins)"	"Short and fun! A 1-2 minute word game about what someone is talking about."	"experiment, psychology, game"	"$0.25 "	"Thu Jul 31 15:08:18 PDT 2014"	"400"	"0"	"0"	"400"	"Reviewable"	"NotReviewed"	"1 scales"	"600"	"60000"	"Thu Aug 07 15:08:18 PDT 2014"	"S22423"	"Approved"	""	"""boat"""	"""motor"""	"0"	"-1"	"2"	"0"	"0"	"1"	"0"	"0"	"-1"	"-1"	"-1"	"""TRUE"""	"""distractor2"""	"""FALSE"""	"-1"	"-1"	"-1"	"-1"	"-1"	"-1"	"""judging"""	"""thanks"""	""""""	"""m"""	"19"	"0"	"2"	"0"	"1"	"""5"""	"-1"
"What is he talking about? (1-2 mins)"	"Short and fun! A 1-2 minute word game about what someone is talking about."	"experiment, psychology, game"	"$0.25 "	"Thu Jul 31 15:08:18 PDT 2014"	"400"	"0"	"0"	"400"	"Reviewable"	"NotReviewed"	"1 scales"	"600"	"60000"	"Thu Aug 07 15:08:18 PDT 2014"	"S21035"	"Approved"	""	"""Christmas tree"""	"""star"""	"0"	"-1"	"1"	"0"	"0"	"1"	"0"	"0"	"-1"	"-1"	"-1"	"""TRUE"""	"""distractor3"""	"""FALSE"""	"-1"	"-1"	"-1"	"-1"	"-1"	"-1"	"""picking a tree with a star"""	"""no"""	"""23"""	"""m"""	"20"	"0"	"2"	"0"	"1"	"""5"""	"-1"
"What is he talking about? (1-2 mins)"	"Short and fun! A 1-2 minute word game about what someone is talking about."	"experiment, psychology, game"	"$0.25 "	"Thu Jul 31 15:08:18 PDT 2014"	"400"	"0"	"0"	"400"	"Reviewable"	"NotReviewed"	"1 scales"	"600"	"60000"	"Thu Aug 07 15:08:18 PDT 2014"	"S99209"	"Approved"	""	"""sundae"""	"""chocolate"""	"0"	"-1"	"2"	"0"	"0"	"1"	"0"	"0"	"-1"	"-1"	"-1"	"""TRUE"""	"""target"""	"""TRUE"""	"-1"	"-1"	"-1"	"-1"	"-1"	"-1"	"""which sundae he was talking about"""	"""It was confusing but fun"""	"""23"""	"""F"""	"11"	"0"	"2"	"0"	"1"	"""5"""	"-1"
"What is he talking about? (1-2 mins)"	"Short and fun! A 1-2 minute word game about what someone is talking about."	"experiment, psychology, game"	"$0.25 "	"Thu Jul 31 15:08:18 PDT 2014"	"400"	"0"	"0"	"400"	"Reviewable"	"NotReviewed"	"1 scales"	"600"	"60000"	"Thu Aug 07 15:08:18 PDT 2014"	"S61937"	"Approved"	""	"""Christmas tree"""	"""lights"""	"0"	"-1"	"2"	"0"	"0"	"1"	"0"	"0"	"-1"	"-1"	"-1"	"""TRUE"""	"""target"""	"""TRUE"""	"-1"	"-1"	"-1"	"-1"	"-1"	"-1"	"""Picking the option that reflected what Bob was talking about given he only said one word."""	"""None."""	"""21"""	"""f"""	"16"	"0"	"0"	"2"	"1"	"""5"""	"-1"
"What is he talking about? (1-2 mins)"	"Short and fun! A 1-2 minute word game about what someone is talking about."	"experiment, psychology, game"	"$0.25 "	"Thu Jul 31 15:08:18 PDT 2014"	"400"	"0"	"0"	"400"	"Reviewable"	"NotReviewed"	"1 scales"	"600"	"60000"	"Thu Aug 07 15:08:18 PDT 2014"	"S06260"	"Approved"	""	"""friend"""	"""glasses"""	"0"	"-1"	"2"	"0"	"0"	"1"	"0"	"0"	"-1"	"-1"	"-1"	"""TRUE"""	"""target"""	"""TRUE"""	"-1"	"-1"	"-1"	"-1"	"-1"	"-1"	"""bob meeting his friends"""	"""no"""	"""30"""	"""m"""	"11"	"0"	"1"	"0"	"2"	"""5"""	"-1"
"What is he talking about? (1-2 mins)"	"Short and fun! A 1-2 minute word game about what someone is talking about."	"experiment, psychology, game"	"$0.25 "	"Thu Jul 31 15:08:18 PDT 2014"	"400"	"0"	"0"	"400"	"Reviewable"	"NotReviewed"	"1 scales"	"600"	"60000"	"Thu Aug 07 15:08:18 PDT 2014"	"S53653"	"Approved"	""	"""friend"""	"""glasses"""	"0"	"-1"	"2"	"0"	"0"	"1"	"0"	"0"	"-1"	"-1"	"-1"	"""TRUE"""	"""target"""	"""TRUE"""	"-1"	"-1"	"-1"	"-1"	"-1"	"-1"	"""Bob who he was talking"""	""""""	"""32"""	"""Female"""	"11"	"0"	"2"	"0"	"1"	"""5"""	"-1"
"What is he talking about? (1-2 mins)"	"Short and fun! A 1-2 minute word game about what someone is talking about."	"experiment, psychology, game"	"$0.25 "	"Thu Jul 31 15:08:18 PDT 2014"	"400"	"0"	"0"	"400"	"Reviewable"	"NotReviewed"	"1 scales"	"600"	"60000"	"Thu Aug 07 15:08:18 PDT 2014"	"S78777"	"Approved"	""	"""boat"""	"""cabin"""	"0"	"-1"	"2"	"0"	"0"	"1"	"0"	"0"	"-1"	"-1"	"-1"	"""TRUE"""	"""target"""	"""TRUE"""	"-1"	"-1"	"-1"	"-1"	"-1"	"-1"	"""Understanding what someone means with one word only"""	""""""	"""30"""	"""f"""	"8"	"0"	"2"	"1"	"0"	"""5"""	"-1"
"What is he talking about? (1-2 mins)"	"Short and fun! A 1-2 minute word game about what someone is talking about."	"experiment, psychology, game"	"$0.25 "	"Thu Jul 31 15:08:18 PDT 2014"	"400"	"0"	"0"	"400"	"Reviewable"	"NotReviewed"	"1 scales"	"600"	"60000"	"Thu Aug 07 15:08:18 PDT 2014"	"S77936"	"Approved"	""	"""Christmas tree"""	"""lights"""	"0"	"-1"	"1"	"0"	"0"	"1"	"0"	"0"	"-1"	"-1"	"-1"	"""TRUE"""	"""target"""	"""TRUE"""	"-1"	"-1"	"-1"	"-1"	"-1"	"-1"	"""Communication"""	"""None"""	"""19"""	"""m"""	"12"	"0"	"2"	"1"	"0"	"""5"""	"-1"
"What is he talking about? (1-2 mins)"	"Short and fun! A 1-2 minute word game about what someone is talking about."	"experiment, psychology, game"	"$0.25 "	"Thu Jul 31 15:08:18 PDT 2014"	"400"	"0"	"0"	"400"	"Reviewable"	"NotReviewed"	"1 scales"	"600"	"60000"	"Thu Aug 07 15:08:18 PDT 2014"	"S05319"	"Approved"	""	"""pizza"""	"""mushrooms"""	"0"	"-1"	"2"	"0"	"0"	"1"	"0"	"0"	"-1"	"-1"	"-1"	"""TRUE"""	"""target"""	"""TRUE"""	"-1"	"-1"	"-1"	"-1"	"-1"	"-1"	"""Implications from single word answers"""	""""""	"""28"""	"""m"""	"19"	"0"	"0"	"2"	"1"	"""5"""	"-1"
"What is he talking about? (1-2 mins)"	"Short and fun! A 1-2 minute word game about what someone is talking about."	"experiment, psychology, game"	"$0.25 "	"Thu Jul 31 15:08:18 PDT 2014"	"400"	"0"	"0"	"400"	"Reviewable"	"NotReviewed"	"1 scales"	"600"	"60000"	"Thu Aug 07 15:08:18 PDT 2014"	"S50878"	"Approved"	""	"""snowman"""	"""hat"""	"0"	"-1"	"2"	"0"	"0"	"1"	"0"	"0"	"-1"	"-1"	"-1"	"""TRUE"""	"""target"""	"""TRUE"""	"-1"	"-1"	"-1"	"-1"	"-1"	"-1"	"""Bob and his snowmen"""	""""""	"""20"""	"""m"""	"16"	"0"	"2"	"1"	"0"	"""5"""	"-1"
"What is he talking about? (1-2 mins)"	"Short and fun! A 1-2 minute word game about what someone is talking about."	"experiment, psychology, game"	"$0.25 "	"Thu Jul 31 15:08:18 PDT 2014"	"400"	"0"	"0"	"400"	"Reviewable"	"NotReviewed"	"1 scales"	"600"	"60000"	"Thu Aug 07 15:08:18 PDT 2014"	"S32002"	"Approved"	""	"""Christmas tree"""	"""star"""	"0"	"-1"	"2"	"0"	"0"	"1"	"0"	"0"	"-1"	"-1"	"-1"	"""TRUE"""	"""target"""	"""TRUE"""	"-1"	"-1"	"-1"	"-1"	"-1"	"-1"	"""Language"""	""""""	"""23"""	"""m"""	"8"	"0"	"1"	"2"	"0"	"""5"""	"-1"
"What is he talking about? (1-2 mins)"	"Short and fun! A 1-2 minute word game about what someone is talking about."	"experiment, psychology, game"	"$0.25 "	"Thu Jul 31 15:08:18 PDT 2014"	"400"	"0"	"0"	"400"	"Reviewable"	"NotReviewed"	"1 scales"	"600"	"60000"	"Thu Aug 07 15:08:18 PDT 2014"	"S91602"	"Approved"	""	"""snowman"""	"""belt"""	"0"	"-1"	"2"	"0"	"0"	"1"	"0"	"0"	"-1"	"-1"	"-1"	"""TRUE"""	"""target"""	"""TRUE"""	"-1"	"-1"	"-1"	"-1"	"-1"	"-1"	"""Comminications"""	""""""	"""56"""	"""f"""	"19"	"0"	"1"	"0"	"2"	"""5"""	"-1"
"What is he talking about? (1-2 mins)"	"Short and fun! A 1-2 minute word game about what someone is talking about."	"experiment, psychology, game"	"$0.25 "	"Thu Jul 31 15:08:18 PDT 2014"	"400"	"0"	"0"	"400"	"Reviewable"	"NotReviewed"	"1 scales"	"600"	"60000"	"Thu Aug 07 15:08:18 PDT 2014"	"S07686"	"Approved"	""	"""sundae"""	"""whipped cream"""	"0"	"-1"	"2"	"0"	"0"	"1"	"0"	"0"	"-1"	"-1"	"-1"	"""TRUE"""	"""target"""	"""TRUE"""	"-1"	"-1"	"-1"	"-1"	"-1"	"-1"	"""I'm not sure, actually"""	"""n/a"""	"""24"""	"""f"""	"8"	"0"	"2"	"1"	"0"	"""5"""	"-1"
"What is he talking about? (1-2 mins)"	"Short and fun! A 1-2 minute word game about what someone is talking about."	"experiment, psychology, game"	"$0.25 "	"Thu Jul 31 15:08:18 PDT 2014"	"400"	"0"	"0"	"400"	"Reviewable"	"NotReviewed"	"1 scales"	"600"	"60000"	"Thu Aug 07 15:08:18 PDT 2014"	"S31184"	"Approved"	""	"""boat"""	"""motor"""	"0"	"-1"	"1"	"0"	"0"	"1"	"0"	"0"	"-1"	"-1"	"-1"	"""TRUE"""	"""target"""	"""TRUE"""	"-1"	"-1"	"-1"	"-1"	"-1"	"-1"	"""How people communicate"""	"""None"""	"""32"""	"""m"""	"17"	"0"	"0"	"1"	"2"	"""5"""	"-1"
"What is he talking about? (1-2 mins)"	"Short and fun! A 1-2 minute word game about what someone is talking about."	"experiment, psychology, game"	"$0.25 "	"Thu Jul 31 15:08:18 PDT 2014"	"400"	"0"	"0"	"400"	"Reviewable"	"NotReviewed"	"1 scales"	"600"	"60000"	"Thu Aug 07 15:08:18 PDT 2014"	"S64521"	"Approved"	""	"""boat"""	"""cabin"""	"0"	"-1"	"2"	"0"	"0"	"1"	"0"	"0"	"-1"	"-1"	"-1"	"""TRUE"""	"""target"""	"""TRUE"""	"-1"	"-1"	"-1"	"-1"	"-1"	"-1"	"""Image associate with 1 word"""	""""""	"""29"""	"""m"""	"11"	"0"	"1"	"2"	"0"	"""5"""	"-1"
"What is he talking about? (1-2 mins)"	"Short and fun! A 1-2 minute word game about what someone is talking about."	"experiment, psychology, game"	"$0.25 "	"Thu Jul 31 15:08:18 PDT 2014"	"400"	"0"	"0"	"400"	"Reviewable"	"NotReviewed"	"1 scales"	"600"	"60000"	"Thu Aug 07 15:08:18 PDT 2014"	"S92504"	"Approved"	""	"""boat"""	"""cabin"""	"0"	"-1"	"2"	"0"	"0"	"1"	"0"	"0"	"-1"	"-1"	"-1"	"""TRUE"""	"""target"""	"""TRUE"""	"-1"	"-1"	"-1"	"-1"	"-1"	"-1"	"""We had to look at three pictures of boats and pick which one Bob meant when he could only say the word cabin. I think it was looking at what we associate the word cabin with."""	"""I think his name was Bob, but I could have been mistaken. """	"""22"""	"""m"""	"8"	"0"	"1"	"0"	"2"	"""5"""	"-1"
"What is he talking about? (1-2 mins)"	"Short and fun! A 1-2 minute word game about what someone is talking about."	"experiment, psychology, game"	"$0.25 "	"Thu Jul 31 15:08:18 PDT 2014"	"400"	"0"	"0"	"400"	"Reviewable"	"NotReviewed"	"1 scales"	"600"	"60000"	"Thu Aug 07 15:08:18 PDT 2014"	"S90228"	"Approved"	""	"""sundae"""	"""chocolate"""	"0"	"-1"	"1"	"0"	"0"	"1"	"0"	"0"	"-1"	"-1"	"-1"	"""TRUE"""	"""distractor2"""	"""FALSE"""	"-1"	"-1"	"-1"	"-1"	"-1"	"-1"	"""sundaes"""	"""no thank you"""	"""48"""	"""f"""	"9"	"0"	"2"	"0"	"1"	"""5"""	"-1"
"What is he talking about? (1-2 mins)"	"Short and fun! A 1-2 minute word game about what someone is talking about."	"experiment, psychology, game"	"$0.25 "	"Thu Jul 31 15:08:18 PDT 2014"	"400"	"0"	"0"	"400"	"Reviewable"	"NotReviewed"	"1 scales"	"600"	"60000"	"Thu Aug 07 15:08:18 PDT 2014"	"S20801"	"Approved"	""	"""sundae"""	"""whipped cream"""	"0"	"-1"	"2"	"0"	"0"	"1"	"0"	"0"	"-1"	"-1"	"-1"	"""TRUE"""	"""distractor2"""	"""FALSE"""	"-1"	"-1"	"-1"	"-1"	"-1"	"-1"	"""Which sundae bob was pointing to"""	"""nah bruh"""	"""22"""	"""M"""	"19"	"0"	"2"	"0"	"1"	"""5"""	"-1"
"What is he talking about? (1-2 mins)"	"Short and fun! A 1-2 minute word game about what someone is talking about."	"experiment, psychology, game"	"$0.25 "	"Thu Jul 31 15:08:18 PDT 2014"	"400"	"0"	"0"	"400"	"Reviewable"	"NotReviewed"	"1 scales"	"600"	"60000"	"Thu Aug 07 15:08:18 PDT 2014"	"S59233"	"Approved"	""	"""friend"""	"""hat"""	"0"	"-1"	"1"	"0"	"0"	"1"	"0"	"0"	"-1"	"-1"	"-1"	"""TRUE"""	"""target"""	"""TRUE"""	"-1"	"-1"	"-1"	"-1"	"-1"	"-1"	"""Bob's friend"""	""""""	"""23"""	"""m"""	"20"	"0"	"2"	"1"	"0"	"""5"""	"-1"
"What is he talking about? (1-2 mins)"	"Short and fun! A 1-2 minute word game about what someone is talking about."	"experiment, psychology, game"	"$0.25 "	"Thu Jul 31 15:08:18 PDT 2014"	"400"	"0"	"0"	"400"	"Reviewable"	"NotReviewed"	"1 scales"	"600"	"60000"	"Thu Aug 07 15:08:18 PDT 2014"	"S21082"	"Approved"	""	"""snowman"""	"""hat"""	"0"	"-1"	"2"	"0"	"0"	"1"	"0"	"0"	"-1"	"-1"	"-1"	"""TRUE"""	"""target"""	"""TRUE"""	"-1"	"-1"	"-1"	"-1"	"-1"	"-1"	"""snowmen"""	"""they were cool"""	"""31"""	"""m"""	"11"	"0"	"2"	"0"	"1"	"""5"""	"-1"
"What is he talking about? (1-2 mins)"	"Short and fun! A 1-2 minute word game about what someone is talking about."	"experiment, psychology, game"	"$0.25 "	"Thu Jul 31 15:08:18 PDT 2014"	"400"	"0"	"0"	"400"	"Reviewable"	"NotReviewed"	"1 scales"	"600"	"60000"	"Thu Aug 07 15:08:18 PDT 2014"	"S31188"	"Approved"	""	"""friend"""	"""mustache"""	"0"	"-1"	"1"	"0"	"0"	"1"	"0"	"0"	"-1"	"-1"	"-1"	"""TRUE"""	"""distractor2"""	"""FALSE"""	"-1"	"-1"	"-1"	"-1"	"-1"	"-1"	"""to see which of his friends has a mustache """	"""thanks"""	"""48"""	"""m"""	"17"	"0"	"0"	"2"	"1"	"""5"""	"-1"
"What is he talking about? (1-2 mins)"	"Short and fun! A 1-2 minute word game about what someone is talking about."	"experiment, psychology, game"	"$0.25 "	"Thu Jul 31 15:08:18 PDT 2014"	"400"	"0"	"0"	"400"	"Reviewable"	"NotReviewed"	"1 scales"	"600"	"60000"	"Thu Aug 07 15:08:18 PDT 2014"	"S91163"	"Approved"	""	"""snowman"""	"""hat"""	"0"	"-1"	"1"	"0"	"0"	"1"	"0"	"0"	"-1"	"-1"	"-1"	"""TRUE"""	"""distractor2"""	"""FALSE"""	"-1"	"-1"	"-1"	"-1"	"-1"	"-1"	"""language """	""""""	"""33"""	"""f"""	"17"	"0"	"2"	"0"	"1"	"""5"""	"-1"
"What is he talking about? (1-2 mins)"	"Short and fun! A 1-2 minute word game about what someone is talking about."	"experiment, psychology, game"	"$0.25 "	"Thu Jul 31 15:08:18 PDT 2014"	"400"	"0"	"0"	"400"	"Reviewable"	"NotReviewed"	"1 scales"	"600"	"60000"	"Thu Aug 07 15:08:18 PDT 2014"	"S59996"	"Approved"	""	"""pizza"""	"""mushrooms"""	"0"	"-1"	"2"	"0"	"0"	"1"	"0"	"0"	"-1"	"-1"	"-1"	"""TRUE"""	"""target"""	"""TRUE"""	"-1"	"-1"	"-1"	"-1"	"-1"	"-1"	"""Bob eating pizza."""	"""I liked this survey"""	"""21."""	"""f"""	"11"	"0"	"1"	"2"	"0"	"""5"""	"-1"
"What is he talking about? (1-2 mins)"	"Short and fun! A 1-2 minute word game about what someone is talking about."	"experiment, psychology, game"	"$0.25 "	"Thu Jul 31 15:08:18 PDT 2014"	"400"	"0"	"0"	"400"	"Reviewable"	"NotReviewed"	"1 scales"	"600"	"60000"	"Thu Aug 07 15:08:18 PDT 2014"	"S03277"	"Approved"	""	"""boat"""	"""cabin"""	"0"	"-1"	"2"	"0"	"0"	"1"	"0"	"0"	"-1"	"-1"	"-1"	"""TRUE"""	"""distractor2"""	"""FALSE"""	"-1"	"-1"	"-1"	"-1"	"-1"	"-1"	"""attention"""	""""""	"""31"""	"""m"""	"8"	"0"	"2"	"0"	"1"	"""5"""	"-1"
"What is he talking about? (1-2 mins)"	"Short and fun! A 1-2 minute word game about what someone is talking about."	"experiment, psychology, game"	"$0.25 "	"Thu Jul 31 15:08:18 PDT 2014"	"400"	"0"	"0"	"400"	"Reviewable"	"NotReviewed"	"1 scales"	"600"	"60000"	"Thu Aug 07 15:08:18 PDT 2014"	"S97962"	"Approved"	""	"""sundae"""	"""cherry"""	"0"	"-1"	"2"	"0"	"0"	"1"	"0"	"0"	"-1"	"-1"	"-1"	"""TRUE"""	"""target"""	"""TRUE"""	"-1"	"-1"	"-1"	"-1"	"-1"	"-1"	"""To see how people view meanings of words, how people comprehend meanings of words"""	""""""	"""22"""	"""f"""	"16"	"0"	"2"	"1"	"0"	"""5"""	"-1"
"What is he talking about? (1-2 mins)"	"Short and fun! A 1-2 minute word game about what someone is talking about."	"experiment, psychology, game"	"$0.25 "	"Thu Jul 31 15:08:18 PDT 2014"	"400"	"0"	"0"	"400"	"Reviewable"	"NotReviewed"	"1 scales"	"600"	"60000"	"Thu Aug 07 15:08:18 PDT 2014"	"S57327"	"Approved"	""	"""boat"""	"""cabin"""	"0"	"-1"	"1"	"0"	"0"	"1"	"0"	"0"	"-1"	"-1"	"-1"	"""TRUE"""	"""distractor3"""	"""FALSE"""	"-1"	"-1"	"-1"	"-1"	"-1"	"-1"	"""To determine if one could identify which boat was talking about by one word."""	""""""	"""19"""	"""m"""	"12"	"0"	"2"	"1"	"0"	"""5"""	"-1"
"What is he talking about? (1-2 mins)"	"Short and fun! A 1-2 minute word game about what someone is talking about."	"experiment, psychology, game"	"$0.25 "	"Thu Jul 31 15:08:18 PDT 2014"	"400"	"0"	"0"	"400"	"Reviewable"	"NotReviewed"	"1 scales"	"600"	"60000"	"Thu Aug 07 15:08:18 PDT 2014"	"S91861"	"Approved"	""	"""Christmas tree"""	"""ornaments"""	"0"	"-1"	"2"	"0"	"0"	"1"	"0"	"0"	"-1"	"-1"	"-1"	"""TRUE"""	"""distractor2"""	"""FALSE"""	"-1"	"-1"	"-1"	"-1"	"-1"	"-1"	"""Semantics"""	"""Nope"""	"""29"""	"""o"""	"11"	"0"	"2"	"1"	"0"	"""5"""	"-1"
"What is he talking about? (1-2 mins)"	"Short and fun! A 1-2 minute word game about what someone is talking about."	"experiment, psychology, game"	"$0.25 "	"Thu Jul 31 15:08:18 PDT 2014"	"400"	"0"	"0"	"400"	"Reviewable"	"NotReviewed"	"1 scales"	"600"	"60000"	"Thu Aug 07 15:08:18 PDT 2014"	"S05678"	"Approved"	""	"""sundae"""	"""whipped cream"""	"0"	"-1"	"2"	"0"	"0"	"1"	"0"	"0"	"-1"	"-1"	"-1"	"""TRUE"""	"""target"""	"""TRUE"""	"-1"	"-1"	"-1"	"-1"	"-1"	"-1"	"""I needed to choose which sunday bob was thinking about. All of them had whipped cream though."""	"""whipped cream is 2 words. I thought bob can only communicate with one word."""	"""22"""	"""m"""	"11"	"0"	"0"	"1"	"2"	"""5"""	"-1"
"What is he talking about? (1-2 mins)"	"Short and fun! A 1-2 minute word game about what someone is talking about."	"experiment, psychology, game"	"$0.25 "	"Thu Jul 31 15:08:18 PDT 2014"	"400"	"0"	"0"	"400"	"Reviewable"	"NotReviewed"	"1 scales"	"600"	"60000"	"Thu Aug 07 15:08:18 PDT 2014"	"S84366"	"Approved"	""	"""pizza"""	"""peppers"""	"0"	"-1"	"2"	"0"	"0"	"1"	"0"	"0"	"-1"	"-1"	"-1"	"""TRUE"""	"""target"""	"""TRUE"""	"-1"	"-1"	"-1"	"-1"	"-1"	"-1"	"""Seeing what Pizza he likes"""	"""no"""	"""28"""	"""male"""	"16"	"0"	"0"	"2"	"1"	"""5"""	"-1"
"What is he talking about? (1-2 mins)"	"Short and fun! A 1-2 minute word game about what someone is talking about."	"experiment, psychology, game"	"$0.25 "	"Thu Jul 31 15:08:18 PDT 2014"	"400"	"0"	"0"	"400"	"Reviewable"	"NotReviewed"	"1 scales"	"600"	"60000"	"Thu Aug 07 15:08:18 PDT 2014"	"S81952"	"Approved"	""	"""sundae"""	"""cherry"""	"0"	"-1"	"2"	"0"	"0"	"1"	"0"	"0"	"-1"	"-1"	"-1"	"""TRUE"""	"""target"""	"""TRUE"""	"-1"	"-1"	"-1"	"-1"	"-1"	"-1"	"""trying to determine what Bob was talking about"""	""""""	"""27"""	"""f"""	"19"	"0"	"2"	"0"	"1"	"""5"""	"-1"
"What is he talking about? (1-2 mins)"	"Short and fun! A 1-2 minute word game about what someone is talking about."	"experiment, psychology, game"	"$0.25 "	"Thu Jul 31 15:08:18 PDT 2014"	"400"	"0"	"0"	"400"	"Reviewable"	"NotReviewed"	"1 scales"	"600"	"60000"	"Thu Aug 07 15:08:18 PDT 2014"	"S09528"	"Approved"	""	"""boat"""	"""motor"""	"0"	"-1"	"2"	"0"	"0"	"1"	"0"	"0"	"-1"	"-1"	"-1"	"""TRUE"""	"""distractor2"""	"""FALSE"""	"-1"	"-1"	"-1"	"-1"	"-1"	"-1"	"""Bob renting boats"""	"""No"""	"""28"""	"""F"""	"11"	"0"	"0"	"1"	"2"	"""5"""	"-1"
"What is he talking about? (1-2 mins)"	"Short and fun! A 1-2 minute word game about what someone is talking about."	"experiment, psychology, game"	"$0.25 "	"Thu Jul 31 15:08:18 PDT 2014"	"400"	"0"	"0"	"400"	"Reviewable"	"NotReviewed"	"1 scales"	"600"	"60000"	"Thu Aug 07 15:08:18 PDT 2014"	"S83713"	"Approved"	""	"""friend"""	"""mustache"""	"0"	"-1"	"1"	"0"	"0"	"1"	"0"	"0"	"-1"	"-1"	"-1"	"""TRUE"""	"""target"""	"""TRUE"""	"-1"	"-1"	"-1"	"-1"	"-1"	"-1"	"""Language"""	""""""	"""41"""	"""m"""	"12"	"0"	"1"	"2"	"0"	"""5"""	"-1"
"What is he talking about? (1-2 mins)"	"Short and fun! A 1-2 minute word game about what someone is talking about."	"experiment, psychology, game"	"$0.25 "	"Thu Jul 31 15:08:18 PDT 2014"	"400"	"0"	"0"	"400"	"Reviewable"	"NotReviewed"	"1 scales"	"600"	"60000"	"Thu Aug 07 15:08:18 PDT 2014"	"S71117"	"Approved"	""	"""boat"""	"""sail"""	"0"	"-1"	"2"	"0"	"0"	"1"	"0"	"0"	"-1"	"-1"	"-1"	"""TRUE"""	"""target"""	"""TRUE"""	"-1"	"-1"	"-1"	"-1"	"-1"	"-1"	"""My perception of what I thought \""sail\"" ment to Bob."""	"""It was not what I expected from the description."""	"""34"""	"""m"""	"16"	"0"	"0"	"1"	"2"	"""5"""	"-1"
"What is he talking about? (1-2 mins)"	"Short and fun! A 1-2 minute word game about what someone is talking about."	"experiment, psychology, game"	"$0.25 "	"Thu Jul 31 15:08:18 PDT 2014"	"400"	"0"	"0"	"400"	"Reviewable"	"NotReviewed"	"1 scales"	"600"	"60000"	"Thu Aug 07 15:08:18 PDT 2014"	"S91188"	"Approved"	""	"""friend"""	"""hat"""	"0"	"-1"	"2"	"0"	"0"	"1"	"0"	"0"	"-1"	"-1"	"-1"	"""TRUE"""	"""distractor2"""	"""FALSE"""	"-1"	"-1"	"-1"	"-1"	"-1"	"-1"	"""meeting people?"""	"""none"""	"""21"""	"""m"""	"11"	"0"	"2"	"0"	"1"	"""5"""	"-1"
"What is he talking about? (1-2 mins)"	"Short and fun! A 1-2 minute word game about what someone is talking about."	"experiment, psychology, game"	"$0.25 "	"Thu Jul 31 15:08:18 PDT 2014"	"400"	"0"	"0"	"400"	"Reviewable"	"NotReviewed"	"1 scales"	"600"	"60000"	"Thu Aug 07 15:08:18 PDT 2014"	"S06171"	"Approved"	""	"""Christmas tree"""	"""ornaments"""	"0"	"-1"	"1"	"0"	"0"	"1"	"0"	"0"	"-1"	"-1"	"-1"	"""TRUE"""	"""distractor3"""	"""FALSE"""	"-1"	"-1"	"-1"	"-1"	"-1"	"-1"	"""Christmas trees"""	"""Nope"""	"""31"""	"""m"""	"12"	"0"	"2"	"0"	"1"	"""5"""	"-1"
"What is he talking about? (1-2 mins)"	"Short and fun! A 1-2 minute word game about what someone is talking about."	"experiment, psychology, game"	"$0.25 "	"Thu Jul 31 15:08:18 PDT 2014"	"400"	"0"	"0"	"400"	"Reviewable"	"NotReviewed"	"1 scales"	"600"	"60000"	"Thu Aug 07 15:08:18 PDT 2014"	"S60930"	"Approved"	""	"""boat"""	"""cabin"""	"0"	"-1"	"2"	"0"	"0"	"1"	"0"	"0"	"-1"	"-1"	"-1"	"""TRUE"""	"""target"""	"""TRUE"""	"-1"	"-1"	"-1"	"-1"	"-1"	"-1"	"""what type of boat Bob rented"""	""""""	"""19"""	"""f"""	"19"	"0"	"0"	"2"	"1"	"""5"""	"-1"
"What is he talking about? (1-2 mins)"	"Short and fun! A 1-2 minute word game about what someone is talking about."	"experiment, psychology, game"	"$0.25 "	"Thu Jul 31 15:08:18 PDT 2014"	"400"	"0"	"0"	"400"	"Reviewable"	"NotReviewed"	"1 scales"	"600"	"60000"	"Thu Aug 07 15:08:18 PDT 2014"	"S48791"	"Approved"	""	"""sundae"""	"""chocolate"""	"0"	"-1"	"2"	"0"	"0"	"1"	"0"	"0"	"-1"	"-1"	"-1"	"""TRUE"""	"""distractor2"""	"""FALSE"""	"-1"	"-1"	"-1"	"-1"	"-1"	"-1"	"""which sunday is chocolate that bob ate """	"""no"""	"""32"""	"""f"""	"11"	"0"	"1"	"0"	"2"	"""5"""	"-1"
"What is he talking about? (1-2 mins)"	"Short and fun! A 1-2 minute word game about what someone is talking about."	"experiment, psychology, game"	"$0.25 "	"Thu Jul 31 15:08:18 PDT 2014"	"400"	"0"	"0"	"400"	"Reviewable"	"NotReviewed"	"1 scales"	"600"	"60000"	"Thu Aug 07 15:08:18 PDT 2014"	"S82242"	"Approved"	""	"""friend"""	"""hat"""	"0"	"-1"	"1"	"0"	"0"	"1"	"0"	"0"	"-1"	"-1"	"-1"	"""TRUE"""	"""target"""	"""TRUE"""	"-1"	"-1"	"-1"	"-1"	"-1"	"-1"	"""Bob's friends"""	""":)"""	"""19"""	"""f"""	"17"	"0"	"2"	"1"	"0"	"""5"""	"-1"
"What is he talking about? (1-2 mins)"	"Short and fun! A 1-2 minute word game about what someone is talking about."	"experiment, psychology, game"	"$0.25 "	"Thu Jul 31 15:08:18 PDT 2014"	"400"	"0"	"0"	"400"	"Reviewable"	"NotReviewed"	"1 scales"	"600"	"60000"	"Thu Aug 07 15:08:18 PDT 2014"	"S55844"	"Approved"	""	"""sundae"""	"""whipped cream"""	"0"	"-1"	"2"	"0"	"0"	"1"	"0"	"0"	"-1"	"-1"	"-1"	"""TRUE"""	"""distractor2"""	"""FALSE"""	"-1"	"-1"	"-1"	"-1"	"-1"	"-1"	"""sundaes"""	""""""	""""""	""""""	"8"	"0"	"2"	"0"	"1"	"""5"""	"-1"
"What is he talking about? (1-2 mins)"	"Short and fun! A 1-2 minute word game about what someone is talking about."	"experiment, psychology, game"	"$0.25 "	"Thu Jul 31 15:08:18 PDT 2014"	"400"	"0"	"0"	"400"	"Reviewable"	"NotReviewed"	"1 scales"	"600"	"60000"	"Thu Aug 07 15:08:18 PDT 2014"	"S79265"	"Approved"	""	"""boat"""	"""cabin"""	"0"	"-1"	"1"	"0"	"0"	"1"	"0"	"0"	"-1"	"-1"	"-1"	"""TRUE"""	"""distractor3"""	"""FALSE"""	"-1"	"-1"	"-1"	"-1"	"-1"	"-1"	"""boats"""	""""""	"""24"""	"""f"""	"12"	"0"	"2"	"0"	"1"	"""5"""	"-1"
"What is he talking about? (1-2 mins)"	"Short and fun! A 1-2 minute word game about what someone is talking about."	"experiment, psychology, game"	"$0.25 "	"Thu Jul 31 15:08:18 PDT 2014"	"400"	"0"	"0"	"400"	"Reviewable"	"NotReviewed"	"1 scales"	"600"	"60000"	"Thu Aug 07 15:08:18 PDT 2014"	"S21627"	"Approved"	""	"""friend"""	"""hat"""	"0"	"-1"	"2"	"0"	"0"	"1"	"0"	"0"	"-1"	"-1"	"-1"	"""TRUE"""	"""target"""	"""TRUE"""	"-1"	"-1"	"-1"	"-1"	"-1"	"-1"	"""Say one word..Hat which one does Bob want"""	""""""	"""31"""	"""M"""	"19"	"0"	"1"	"2"	"0"	"""5"""	"-1"
"What is he talking about? (1-2 mins)"	"Short and fun! A 1-2 minute word game about what someone is talking about."	"experiment, psychology, game"	"$0.25 "	"Thu Jul 31 15:08:18 PDT 2014"	"400"	"0"	"0"	"400"	"Reviewable"	"NotReviewed"	"1 scales"	"600"	"60000"	"Thu Aug 07 15:08:18 PDT 2014"	"S82584"	"Approved"	""	"""snowman"""	"""scarf"""	"0"	"-1"	"2"	"0"	"0"	"1"	"0"	"0"	"-1"	"-1"	"-1"	"""TRUE"""	"""target"""	"""TRUE"""	"-1"	"-1"	"-1"	"-1"	"-1"	"-1"	"""clicking on which snowman Bob was talking"""	"""N/A"""	"""20"""	"""f"""	"19"	"0"	"2"	"1"	"0"	"""5"""	"-1"
"What is he talking about? (1-2 mins)"	"Short and fun! A 1-2 minute word game about what someone is talking about."	"experiment, psychology, game"	"$0.25 "	"Thu Jul 31 15:08:18 PDT 2014"	"400"	"0"	"0"	"400"	"Reviewable"	"NotReviewed"	"1 scales"	"600"	"60000"	"Thu Aug 07 15:08:18 PDT 2014"	"S47993"	"Approved"	""	"""pizza"""	"""mushrooms"""	"0"	"-1"	"1"	"0"	"0"	"1"	"0"	"0"	"-1"	"-1"	"-1"	"""TRUE"""	"""target"""	"""TRUE"""	"-1"	"-1"	"-1"	"-1"	"-1"	"-1"	"""Pizzas"""	""""""	"""24"""	"""m"""	"20"	"0"	"2"	"1"	"0"	"""5"""	"-1"
"What is he talking about? (1-2 mins)"	"Short and fun! A 1-2 minute word game about what someone is talking about."	"experiment, psychology, game"	"$0.25 "	"Thu Jul 31 15:08:18 PDT 2014"	"400"	"0"	"0"	"400"	"Reviewable"	"NotReviewed"	"1 scales"	"600"	"60000"	"Thu Aug 07 15:08:18 PDT 2014"	"S28438"	"Approved"	""	"""friend"""	"""mustache"""	"0"	"-1"	"2"	"0"	"0"	"1"	"0"	"0"	"-1"	"-1"	"-1"	"""TRUE"""	"""target"""	"""TRUE"""	"-1"	"-1"	"-1"	"-1"	"-1"	"-1"	"""What the least amount of language is necessary to still communicate."""	""""""	"""36"""	"""f"""	"16"	"0"	"1"	"0"	"2"	"""5"""	"-1"
"What is he talking about? (1-2 mins)"	"Short and fun! A 1-2 minute word game about what someone is talking about."	"experiment, psychology, game"	"$0.25 "	"Thu Jul 31 15:08:18 PDT 2014"	"400"	"0"	"0"	"400"	"Reviewable"	"NotReviewed"	"1 scales"	"600"	"60000"	"Thu Aug 07 15:08:18 PDT 2014"	"S84354"	"Approved"	""	"""boat"""	"""cabin"""	"0"	"-1"	"1"	"0"	"0"	"1"	"0"	"0"	"-1"	"-1"	"-1"	"""TRUE"""	"""distractor3"""	"""FALSE"""	"-1"	"-1"	"-1"	"-1"	"-1"	"-1"	"""choose a picture based on one word Bob said"""	"""NA"""	"""29"""	"""f"""	"12"	"0"	"0"	"2"	"1"	"""5"""	"-1"
"What is he talking about? (1-2 mins)"	"Short and fun! A 1-2 minute word game about what someone is talking about."	"experiment, psychology, game"	"$0.25 "	"Thu Jul 31 15:08:18 PDT 2014"	"400"	"0"	"0"	"400"	"Reviewable"	"NotReviewed"	"1 scales"	"600"	"60000"	"Thu Aug 07 15:08:18 PDT 2014"	"S26678"	"Approved"	""	"""snowman"""	"""hat"""	"0"	"-1"	"1"	"0"	"0"	"1"	"0"	"0"	"-1"	"-1"	"-1"	"""TRUE"""	"""distractor1"""	"""FALSE"""	"-1"	"-1"	"-1"	"-1"	"-1"	"-1"	"""how people percieve language"""	"""none"""	"""28"""	"""m"""	"17"	"0"	"2"	"0"	"1"	"""5"""	"-1"
"What is he talking about? (1-2 mins)"	"Short and fun! A 1-2 minute word game about what someone is talking about."	"experiment, psychology, game"	"$0.25 "	"Thu Jul 31 15:08:18 PDT 2014"	"400"	"0"	"0"	"400"	"Reviewable"	"NotReviewed"	"1 scales"	"600"	"60000"	"Thu Aug 07 15:08:18 PDT 2014"	"S04243"	"Approved"	""	"""sundae"""	"""chocolate"""	"0"	"-1"	"1"	"0"	"0"	"1"	"0"	"0"	"-1"	"-1"	"-1"	"""TRUE"""	"""target"""	"""TRUE"""	"-1"	"-1"	"-1"	"-1"	"-1"	"-1"	"""Sundaes"""	""""""	"""45"""	"""m"""	"17"	"0"	"0"	"2"	"1"	"""5"""	"-1"
"What is he talking about? (1-2 mins)"	"Short and fun! A 1-2 minute word game about what someone is talking about."	"experiment, psychology, game"	"$0.25 "	"Thu Jul 31 15:08:18 PDT 2014"	"400"	"0"	"0"	"400"	"Reviewable"	"NotReviewed"	"1 scales"	"600"	"60000"	"Thu Aug 07 15:08:18 PDT 2014"	"S91974"	"Approved"	""	"""friend"""	"""hat"""	"0"	"-1"	"1"	"0"	"0"	"1"	"0"	"0"	"-1"	"-1"	"-1"	"""TRUE"""	"""target"""	"""TRUE"""	"-1"	"-1"	"-1"	"-1"	"-1"	"-1"	"""interpretation"""	""""""	"""29"""	"""m"""	"12"	"0"	"2"	"0"	"1"	"""5"""	"-1"
"What is he talking about? (1-2 mins)"	"Short and fun! A 1-2 minute word game about what someone is talking about."	"experiment, psychology, game"	"$0.25 "	"Thu Jul 31 15:08:18 PDT 2014"	"400"	"0"	"0"	"400"	"Reviewable"	"NotReviewed"	"1 scales"	"600"	"60000"	"Thu Aug 07 15:08:18 PDT 2014"	"S08650"	"Approved"	""	"""Christmas tree"""	"""lights"""	"0"	"-1"	"1"	"0"	"0"	"1"	"0"	"0"	"-1"	"-1"	"-1"	"""TRUE"""	"""distractor2"""	"""FALSE"""	"-1"	"-1"	"-1"	"-1"	"-1"	"-1"	"""language"""	""":)"""	"""30"""	"""f"""	"9"	"0"	"1"	"0"	"2"	"""5"""	"-1"
"What is he talking about? (1-2 mins)"	"Short and fun! A 1-2 minute word game about what someone is talking about."	"experiment, psychology, game"	"$0.25 "	"Thu Jul 31 15:08:18 PDT 2014"	"400"	"0"	"0"	"400"	"Reviewable"	"NotReviewed"	"1 scales"	"600"	"60000"	"Thu Aug 07 15:08:18 PDT 2014"	"S56712"	"Approved"	""	"""friend"""	"""glasses"""	"0"	"-1"	"1"	"0"	"0"	"1"	"0"	"0"	"-1"	"-1"	"-1"	"""TRUE"""	"""distractor2"""	"""FALSE"""	"-1"	"-1"	"-1"	"-1"	"-1"	"-1"	"""Who someone is talking about"""	""""""	"""19"""	"""m"""	"17"	"0"	"2"	"0"	"1"	"""5"""	"-1"
"What is he talking about? (1-2 mins)"	"Short and fun! A 1-2 minute word game about what someone is talking about."	"experiment, psychology, game"	"$0.25 "	"Thu Jul 31 15:08:18 PDT 2014"	"400"	"0"	"0"	"400"	"Reviewable"	"NotReviewed"	"1 scales"	"600"	"60000"	"Thu Aug 07 15:08:18 PDT 2014"	"S71481"	"Approved"	""	"""pizza"""	"""olives"""	"0"	"-1"	"1"	"0"	"0"	"1"	"0"	"0"	"-1"	"-1"	"-1"	"""TRUE"""	"""target"""	"""TRUE"""	"-1"	"-1"	"-1"	"-1"	"-1"	"-1"	"""Introducing us to a character and seeing if we can understand what he's saying."""	""""""	"""27"""	"""m"""	"17"	"0"	"1"	"2"	"0"	"""5"""	"-1"
"What is he talking about? (1-2 mins)"	"Short and fun! A 1-2 minute word game about what someone is talking about."	"experiment, psychology, game"	"$0.25 "	"Thu Jul 31 15:08:18 PDT 2014"	"400"	"0"	"0"	"400"	"Reviewable"	"NotReviewed"	"1 scales"	"600"	"60000"	"Thu Aug 07 15:08:18 PDT 2014"	"S58524"	"Approved"	""	"""Christmas tree"""	"""lights"""	"0"	"-1"	"1"	"0"	"0"	"1"	"0"	"0"	"-1"	"-1"	"-1"	"""TRUE"""	"""distractor3"""	"""FALSE"""	"-1"	"-1"	"-1"	"-1"	"-1"	"-1"	"""Bob says only one word and it is lights"""	"""No sorry I don't"""	"""60"""	"""f"""	"12"	"0"	"2"	"1"	"0"	"""5"""	"-1"
"What is he talking about? (1-2 mins)"	"Short and fun! A 1-2 minute word game about what someone is talking about."	"experiment, psychology, game"	"$0.25 "	"Thu Jul 31 15:08:18 PDT 2014"	"400"	"0"	"0"	"400"	"Reviewable"	"NotReviewed"	"1 scales"	"600"	"60000"	"Thu Aug 07 15:08:18 PDT 2014"	"S14209"	"Approved"	""	"""sundae"""	"""cherry"""	"0"	"-1"	"2"	"0"	"0"	"1"	"0"	"0"	"-1"	"-1"	"-1"	"""TRUE"""	"""target"""	"""TRUE"""	"-1"	"-1"	"-1"	"-1"	"-1"	"-1"	"""not sure"""	"""none"""	"""59"""	"""male"""	"11"	"0"	"2"	"1"	"0"	"""5"""	"-1"
"What is he talking about? (1-2 mins)"	"Short and fun! A 1-2 minute word game about what someone is talking about."	"experiment, psychology, game"	"$0.25 "	"Thu Jul 31 15:08:18 PDT 2014"	"400"	"0"	"0"	"400"	"Reviewable"	"NotReviewed"	"1 scales"	"600"	"60000"	"Thu Aug 07 15:08:18 PDT 2014"	"S32482"	"Approved"	""	"""snowman"""	"""hat"""	"0"	"-1"	"1"	"0"	"0"	"1"	"0"	"0"	"-1"	"-1"	"-1"	"""TRUE"""	"""target"""	"""TRUE"""	"-1"	"-1"	"-1"	"-1"	"-1"	"-1"	"""To see how people perceive language"""	"""None"""	"""23"""	"""m"""	"9"	"0"	"2"	"1"	"0"	"""5"""	"-1"
"What is he talking about? (1-2 mins)"	"Short and fun! A 1-2 minute word game about what someone is talking about."	"experiment, psychology, game"	"$0.25 "	"Thu Jul 31 15:08:18 PDT 2014"	"400"	"0"	"0"	"400"	"Reviewable"	"NotReviewed"	"1 scales"	"600"	"60000"	"Thu Aug 07 15:08:18 PDT 2014"	"S85522"	"Approved"	""	"""snowman"""	"""scarf"""	"0"	"-1"	"1"	"0"	"0"	"1"	"0"	"0"	"-1"	"-1"	"-1"	"""TRUE"""	"""distractor1"""	"""FALSE"""	"-1"	"-1"	"-1"	"-1"	"-1"	"-1"	"""Bob likes building snowmen and says the word \""scarf\"" to you."""	"""No."""	"""30"""	"""m"""	"9"	"0"	"1"	"2"	"0"	"""5"""	"-1"
"What is he talking about? (1-2 mins)"	"Short and fun! A 1-2 minute word game about what someone is talking about."	"experiment, psychology, game"	"$0.25 "	"Thu Jul 31 15:08:18 PDT 2014"	"400"	"0"	"0"	"400"	"Reviewable"	"NotReviewed"	"1 scales"	"600"	"60000"	"Thu Aug 07 15:08:18 PDT 2014"	"S19118"	"Approved"	""	"""sundae"""	"""chocolate"""	"0"	"-1"	"1"	"0"	"0"	"1"	"0"	"0"	"-1"	"-1"	"-1"	"""FALSE"""	"""distractor2"""	"""FALSE"""	"-1"	"-1"	"-1"	"-1"	"-1"	"-1"	"""trying to figure out what someone was saying with limited information"""	"""I forgot his name! ADD is a bitch."""	"""52"""	"""f"""	"17"	"0"	"0"	"2"	"1"	"""5"""	"-1"
"What is he talking about? (1-2 mins)"	"Short and fun! A 1-2 minute word game about what someone is talking about."	"experiment, psychology, game"	"$0.25 "	"Thu Jul 31 15:08:18 PDT 2014"	"400"	"0"	"0"	"400"	"Reviewable"	"NotReviewed"	"1 scales"	"600"	"60000"	"Thu Aug 07 15:08:18 PDT 2014"	"S24256"	"Approved"	""	"""pizza"""	"""peppers"""	"0"	"-1"	"2"	"0"	"0"	"1"	"0"	"0"	"-1"	"-1"	"-1"	"""TRUE"""	"""target"""	"""TRUE"""	"-1"	"-1"	"-1"	"-1"	"-1"	"-1"	"""Trying to figure out what people are talking about."""	"""N/A"""	"""25"""	"""f"""	"11"	"0"	"2"	"1"	"0"	"""5"""	"-1"
"What is he talking about? (1-2 mins)"	"Short and fun! A 1-2 minute word game about what someone is talking about."	"experiment, psychology, game"	"$0.25 "	"Thu Jul 31 15:08:18 PDT 2014"	"400"	"0"	"0"	"400"	"Reviewable"	"NotReviewed"	"1 scales"	"600"	"60000"	"Thu Aug 07 15:08:18 PDT 2014"	"S75293"	"Approved"	""	"""sundae"""	"""sprinkles"""	"0"	"-1"	"2"	"0"	"0"	"1"	"0"	"0"	"-1"	"-1"	"-1"	"""TRUE"""	"""target"""	"""TRUE"""	"-1"	"-1"	"-1"	"-1"	"-1"	"-1"	"""See what someone is trying to communicate to you."""	"""No"""	"""29"""	"""m"""	"19"	"0"	"0"	"1"	"2"	"""5"""	"-1"
"What is he talking about? (1-2 mins)"	"Short and fun! A 1-2 minute word game about what someone is talking about."	"experiment, psychology, game"	"$0.25 "	"Thu Jul 31 15:08:18 PDT 2014"	"400"	"0"	"0"	"400"	"Reviewable"	"NotReviewed"	"1 scales"	"600"	"60000"	"Thu Aug 07 15:08:18 PDT 2014"	"S45367"	"Approved"	""	"""friend"""	"""mustache"""	"0"	"-1"	"1"	"0"	"0"	"1"	"0"	"0"	"-1"	"-1"	"-1"	"""TRUE"""	"""distractor2"""	"""FALSE"""	"-1"	"-1"	"-1"	"-1"	"-1"	"-1"	"""who Bob is meeting, based on his limited language"""	"""none"""	"""30"""	"""m"""	"9"	"0"	"1"	"2"	"0"	"""5"""	"-1"
"What is he talking about? (1-2 mins)"	"Short and fun! A 1-2 minute word game about what someone is talking about."	"experiment, psychology, game"	"$0.25 "	"Thu Jul 31 15:08:18 PDT 2014"	"400"	"0"	"0"	"400"	"Reviewable"	"NotReviewed"	"1 scales"	"600"	"60000"	"Thu Aug 07 15:08:18 PDT 2014"	"S02099"	"Approved"	""	"""Christmas tree"""	"""lights"""	"0"	"-1"	"1"	"0"	"0"	"1"	"0"	"0"	"-1"	"-1"	"-1"	"""TRUE"""	"""target"""	"""TRUE"""	"-1"	"-1"	"-1"	"-1"	"-1"	"-1"	"""What did Bob say."""	"""None."""	"""45"""	"""m"""	"17"	"0"	"1"	"2"	"0"	"""5"""	"-1"
"What is he talking about? (1-2 mins)"	"Short and fun! A 1-2 minute word game about what someone is talking about."	"experiment, psychology, game"	"$0.25 "	"Thu Jul 31 15:08:18 PDT 2014"	"400"	"0"	"0"	"400"	"Reviewable"	"NotReviewed"	"1 scales"	"600"	"60000"	"Thu Aug 07 15:08:18 PDT 2014"	"S67197"	"Approved"	""	"""Christmas tree"""	"""lights"""	"0"	"-1"	"1"	"0"	"0"	"1"	"0"	"0"	"-1"	"-1"	"-1"	"""TRUE"""	"""target"""	"""TRUE"""	"-1"	"-1"	"-1"	"-1"	"-1"	"-1"	"""commincation"""	""""""	"""30"""	"""m"""	"9"	"0"	"2"	"1"	"0"	"""5"""	"-1"
"What is he talking about? (1-2 mins)"	"Short and fun! A 1-2 minute word game about what someone is talking about."	"experiment, psychology, game"	"$0.25 "	"Thu Jul 31 15:08:18 PDT 2014"	"400"	"0"	"0"	"400"	"Reviewable"	"NotReviewed"	"1 scales"	"600"	"60000"	"Thu Aug 07 15:08:18 PDT 2014"	"S25866"	"Approved"	""	"""snowman"""	"""hat"""	"0"	"-1"	"1"	"0"	"0"	"1"	"0"	"0"	"-1"	"-1"	"-1"	"""TRUE"""	"""distractor3"""	"""FALSE"""	"-1"	"-1"	"-1"	"-1"	"-1"	"-1"	"""Figuring out what someone means"""	"""No comments."""	"""26"""	"""m"""	"20"	"0"	"0"	"1"	"2"	"""5"""	"-1"
"What is he talking about? (1-2 mins)"	"Short and fun! A 1-2 minute word game about what someone is talking about."	"experiment, psychology, game"	"$0.25 "	"Thu Jul 31 15:08:18 PDT 2014"	"400"	"0"	"0"	"400"	"Reviewable"	"NotReviewed"	"1 scales"	"600"	"60000"	"Thu Aug 07 15:08:18 PDT 2014"	"S53671"	"Approved"	""	"""boat"""	"""cabin"""	"0"	"-1"	"1"	"0"	"0"	"1"	"0"	"0"	"-1"	"-1"	"-1"	"""TRUE"""	"""target"""	"""TRUE"""	"-1"	"-1"	"-1"	"-1"	"-1"	"-1"	"""visual and language skills"""	""""""	"""50"""	"""male"""	"9"	"0"	"0"	"1"	"2"	"""5"""	"-1"
"What is he talking about? (1-2 mins)"	"Short and fun! A 1-2 minute word game about what someone is talking about."	"experiment, psychology, game"	"$0.25 "	"Thu Jul 31 15:08:18 PDT 2014"	"400"	"0"	"0"	"400"	"Reviewable"	"NotReviewed"	"1 scales"	"600"	"60000"	"Thu Aug 07 15:08:18 PDT 2014"	"S37336"	"Approved"	""	"""pizza"""	"""olives"""	"0"	"-1"	"2"	"0"	"0"	"1"	"0"	"0"	"-1"	"-1"	"-1"	"""TRUE"""	"""target"""	"""TRUE"""	"-1"	"-1"	"-1"	"-1"	"-1"	"-1"	"""Understanding what a person wants when little information is given."""	"""Nope"""	"""31"""	"""m"""	"16"	"0"	"1"	"2"	"0"	"""5"""	"-1"
"What is he talking about? (1-2 mins)"	"Short and fun! A 1-2 minute word game about what someone is talking about."	"experiment, psychology, game"	"$0.25 "	"Thu Jul 31 15:08:18 PDT 2014"	"400"	"0"	"0"	"400"	"Reviewable"	"NotReviewed"	"1 scales"	"600"	"60000"	"Thu Aug 07 15:08:18 PDT 2014"	"S88653"	"Approved"	""	"""Christmas tree"""	"""ornaments"""	"0"	"-1"	"1"	"0"	"0"	"1"	"0"	"0"	"-1"	"-1"	"-1"	"""TRUE"""	"""distractor2"""	"""FALSE"""	"-1"	"-1"	"-1"	"-1"	"-1"	"-1"	"""not sure"""	"""none"""	"""36"""	"""f"""	"9"	"0"	"2"	"1"	"0"	"""5"""	"-1"
"What is he talking about? (1-2 mins)"	"Short and fun! A 1-2 minute word game about what someone is talking about."	"experiment, psychology, game"	"$0.25 "	"Thu Jul 31 15:08:18 PDT 2014"	"400"	"0"	"0"	"400"	"Reviewable"	"NotReviewed"	"1 scales"	"600"	"60000"	"Thu Aug 07 15:08:18 PDT 2014"	"S05298"	"Approved"	""	"""boat"""	"""cabin"""	"0"	"-1"	"2"	"0"	"0"	"1"	"0"	"0"	"-1"	"-1"	"-1"	"""TRUE"""	"""distractor2"""	"""FALSE"""	"-1"	"-1"	"-1"	"-1"	"-1"	"-1"	"""Bob wanted a boat."""	"""Bob is an odd sort and needs to add more words to his vocabulary."""	"""27"""	"""Female"""	"11"	"0"	"1"	"2"	"0"	"""5"""	"-1"
"What is he talking about? (1-2 mins)"	"Short and fun! A 1-2 minute word game about what someone is talking about."	"experiment, psychology, game"	"$0.25 "	"Thu Jul 31 15:08:18 PDT 2014"	"400"	"0"	"0"	"400"	"Reviewable"	"NotReviewed"	"1 scales"	"600"	"60000"	"Thu Aug 07 15:08:18 PDT 2014"	"S65730"	"Approved"	""	"""boat"""	"""motor"""	"0"	"-1"	"1"	"0"	"0"	"1"	"0"	"0"	"-1"	"-1"	"-1"	"""TRUE"""	"""distractor3"""	"""FALSE"""	"-1"	"-1"	"-1"	"-1"	"-1"	"-1"	"""which boat is bob talking about"""	"""no, thanks for the hit"""	"""33"""	"""m"""	"12"	"0"	"0"	"1"	"2"	"""5"""	"-1"
"What is he talking about? (1-2 mins)"	"Short and fun! A 1-2 minute word game about what someone is talking about."	"experiment, psychology, game"	"$0.25 "	"Thu Jul 31 15:08:18 PDT 2014"	"400"	"0"	"0"	"400"	"Reviewable"	"NotReviewed"	"1 scales"	"600"	"60000"	"Thu Aug 07 15:08:18 PDT 2014"	"S61735"	"Approved"	""	"""friend"""	"""mustache"""	"0"	"-1"	"2"	"0"	"0"	"1"	"0"	"0"	"-1"	"-1"	"-1"	"""TRUE"""	"""target"""	"""TRUE"""	"-1"	"-1"	"-1"	"-1"	"-1"	"-1"	"""Perceptions"""	""""""	"""27"""	"""m"""	"16"	"0"	"1"	"2"	"0"	"""5"""	"-1"
"What is he talking about? (1-2 mins)"	"Short and fun! A 1-2 minute word game about what someone is talking about."	"experiment, psychology, game"	"$0.25 "	"Thu Jul 31 15:08:18 PDT 2014"	"400"	"0"	"0"	"400"	"Reviewable"	"NotReviewed"	"1 scales"	"600"	"60000"	"Thu Aug 07 15:08:18 PDT 2014"	"S07644"	"Approved"	""	"""pizza"""	"""mushrooms"""	"0"	"-1"	"2"	"0"	"0"	"1"	"0"	"0"	"-1"	"-1"	"-1"	"""TRUE"""	"""target"""	"""TRUE"""	"-1"	"-1"	"-1"	"-1"	"-1"	"-1"	"""deriving meaning from limited information"""	""""""	"""25"""	"""m"""	"16"	"0"	"0"	"1"	"2"	"""5"""	"-1"
"What is he talking about? (1-2 mins)"	"Short and fun! A 1-2 minute word game about what someone is talking about."	"experiment, psychology, game"	"$0.25 "	"Thu Jul 31 15:08:18 PDT 2014"	"400"	"0"	"0"	"400"	"Reviewable"	"NotReviewed"	"1 scales"	"600"	"60000"	"Thu Aug 07 15:08:18 PDT 2014"	"S86277"	"Approved"	""	"""sundae"""	"""whipped cream"""	"0"	"-1"	"2"	"0"	"0"	"1"	"0"	"0"	"-1"	"-1"	"-1"	"""TRUE"""	"""target"""	"""TRUE"""	"-1"	"-1"	"-1"	"-1"	"-1"	"-1"	"""Bob communicate one word and we judge his word to make a choice"""	"""no"""	"""22"""	"""male"""	"11"	"0"	"2"	"0"	"1"	"""5"""	"-1"
"What is he talking about? (1-2 mins)"	"Short and fun! A 1-2 minute word game about what someone is talking about."	"experiment, psychology, game"	"$0.25 "	"Thu Jul 31 15:08:18 PDT 2014"	"400"	"0"	"0"	"400"	"Reviewable"	"NotReviewed"	"1 scales"	"600"	"60000"	"Thu Aug 07 15:08:18 PDT 2014"	"S19080"	"Approved"	""	"""pizza"""	"""mushrooms"""	"0"	"-1"	"2"	"0"	"0"	"1"	"0"	"0"	"-1"	"-1"	"-1"	"""TRUE"""	"""target"""	"""TRUE"""	"-1"	"-1"	"-1"	"-1"	"-1"	"-1"	"""pizza"""	"""no"""	"""26"""	"""f"""	"8"	"0"	"2"	"0"	"1"	"""5"""	"-1"
"What is he talking about? (1-2 mins)"	"Short and fun! A 1-2 minute word game about what someone is talking about."	"experiment, psychology, game"	"$0.25 "	"Thu Jul 31 15:08:18 PDT 2014"	"400"	"0"	"0"	"400"	"Reviewable"	"NotReviewed"	"1 scales"	"600"	"60000"	"Thu Aug 07 15:08:18 PDT 2014"	"S83253"	"Approved"	""	"""friend"""	"""mustache"""	"0"	"-1"	"2"	"0"	"0"	"1"	"0"	"0"	"-1"	"-1"	"-1"	"""TRUE"""	"""target"""	"""TRUE"""	"-1"	"-1"	"-1"	"-1"	"-1"	"-1"	"""friends"""	"""none"""	"""43"""	"""f"""	"11"	"0"	"0"	"1"	"2"	"""5"""	"-1"
"What is he talking about? (1-2 mins)"	"Short and fun! A 1-2 minute word game about what someone is talking about."	"experiment, psychology, game"	"$0.25 "	"Thu Jul 31 15:08:18 PDT 2014"	"400"	"0"	"0"	"400"	"Reviewable"	"NotReviewed"	"1 scales"	"600"	"60000"	"Thu Aug 07 15:08:18 PDT 2014"	"S65449"	"Approved"	""	"""snowman"""	"""mittens"""	"0"	"-1"	"2"	"0"	"0"	"1"	"0"	"0"	"-1"	"-1"	"-1"	"""TRUE"""	"""target"""	"""TRUE"""	"-1"	"-1"	"-1"	"-1"	"-1"	"-1"	"""Bob's snowmen"""	"""no"""	"""62"""	"""f"""	"11"	"0"	"0"	"2"	"1"	"""5"""	"-1"
"What is he talking about? (1-2 mins)"	"Short and fun! A 1-2 minute word game about what someone is talking about."	"experiment, psychology, game"	"$0.25 "	"Thu Jul 31 15:08:18 PDT 2014"	"400"	"0"	"0"	"400"	"Reviewable"	"NotReviewed"	"1 scales"	"600"	"60000"	"Thu Aug 07 15:08:18 PDT 2014"	"S59823"	"Approved"	""	"""pizza"""	"""mushrooms"""	"0"	"-1"	"1"	"0"	"0"	"1"	"0"	"0"	"-1"	"-1"	"-1"	"""FALSE"""	"""target"""	"""TRUE"""	"-1"	"-1"	"-1"	"-1"	"-1"	"-1"	"""...pizza, apparently? Or communication? Who knows?"""	"""Nope!"""	"""32"""	"""m"""	"9"	"0"	"0"	"1"	"2"	"""5"""	"-1"
"What is he talking about? (1-2 mins)"	"Short and fun! A 1-2 minute word game about what someone is talking about."	"experiment, psychology, game"	"$0.25 "	"Thu Jul 31 15:08:18 PDT 2014"	"400"	"0"	"0"	"400"	"Reviewable"	"NotReviewed"	"1 scales"	"600"	"60000"	"Thu Aug 07 15:08:18 PDT 2014"	"S28025"	"Approved"	""	"""friend"""	"""glasses"""	"0"	"-1"	"2"	"0"	"0"	"1"	"0"	"0"	"-1"	"-1"	"-1"	"""TRUE"""	"""distractor1"""	"""FALSE"""	"-1"	"-1"	"-1"	"-1"	"-1"	"-1"	"""Glasses"""	"""no"""	"""24"""	"""m"""	"16"	"0"	"2"	"0"	"1"	"""5"""	"-1"
"What is he talking about? (1-2 mins)"	"Short and fun! A 1-2 minute word game about what someone is talking about."	"experiment, psychology, game"	"$0.25 "	"Thu Jul 31 15:08:18 PDT 2014"	"400"	"0"	"0"	"400"	"Reviewable"	"NotReviewed"	"1 scales"	"600"	"60000"	"Thu Aug 07 15:08:18 PDT 2014"	"S15233"	"Approved"	""	"""sundae"""	"""sprinkles"""	"0"	"-1"	"1"	"0"	"0"	"1"	"0"	"0"	"-1"	"-1"	"-1"	"""TRUE"""	"""target"""	"""TRUE"""	"-1"	"-1"	"-1"	"-1"	"-1"	"-1"	"""Bob's sundae choices"""	"""none"""	"""26"""	"""m"""	"20"	"0"	"1"	"0"	"2"	"""5"""	"-1"
"What is he talking about? (1-2 mins)"	"Short and fun! A 1-2 minute word game about what someone is talking about."	"experiment, psychology, game"	"$0.25 "	"Thu Jul 31 15:08:18 PDT 2014"	"400"	"0"	"0"	"400"	"Reviewable"	"NotReviewed"	"1 scales"	"600"	"60000"	"Thu Aug 07 15:08:18 PDT 2014"	"S10612"	"Approved"	""	"""sundae"""	"""chocolate"""	"0"	"-1"	"1"	"0"	"0"	"1"	"0"	"0"	"-1"	"-1"	"-1"	"""TRUE"""	"""target"""	"""TRUE"""	"-1"	"-1"	"-1"	"-1"	"-1"	"-1"	"""sundaes"""	"""no"""	"""24"""	"""f"""	"12"	"0"	"1"	"0"	"2"	"""5"""	"-1"
"What is he talking about? (1-2 mins)"	"Short and fun! A 1-2 minute word game about what someone is talking about."	"experiment, psychology, game"	"$0.25 "	"Thu Jul 31 15:08:18 PDT 2014"	"400"	"0"	"0"	"400"	"Reviewable"	"NotReviewed"	"1 scales"	"600"	"60000"	"Thu Aug 07 15:08:18 PDT 2014"	"S25021"	"Approved"	""	"""sundae"""	"""cherry"""	"0"	"-1"	"2"	"0"	"0"	"1"	"0"	"0"	"-1"	"-1"	"-1"	"""TRUE"""	"""distractor1"""	"""FALSE"""	"-1"	"-1"	"-1"	"-1"	"-1"	"-1"	"""Bob can only communicate one word to describe his Sunday and I must pick which picture represents his thought best."""	""""""	"""24"""	"""Male"""	"8"	"0"	"0"	"1"	"2"	"""5"""	"-1"
"What is he talking about? (1-2 mins)"	"Short and fun! A 1-2 minute word game about what someone is talking about."	"experiment, psychology, game"	"$0.25 "	"Thu Jul 31 15:08:18 PDT 2014"	"400"	"0"	"0"	"400"	"Reviewable"	"NotReviewed"	"1 scales"	"600"	"60000"	"Thu Aug 07 15:08:18 PDT 2014"	"S60686"	"Approved"	""	"""boat"""	"""sail"""	"0"	"-1"	"1"	"0"	"0"	"1"	"0"	"0"	"-1"	"-1"	"-1"	"""TRUE"""	"""target"""	"""TRUE"""	"-1"	"-1"	"-1"	"-1"	"-1"	"-1"	"""Bob and his rented boat."""	""""""	"""31"""	"""F"""	"9"	"0"	"1"	"0"	"2"	"""5"""	"-1"
"What is he talking about? (1-2 mins)"	"Short and fun! A 1-2 minute word game about what someone is talking about."	"experiment, psychology, game"	"$0.25 "	"Thu Jul 31 15:08:18 PDT 2014"	"400"	"0"	"0"	"400"	"Reviewable"	"NotReviewed"	"1 scales"	"600"	"60000"	"Thu Aug 07 15:08:18 PDT 2014"	"S96473"	"Approved"	""	"""sundae"""	"""whipped cream"""	"0"	"-1"	"2"	"0"	"0"	"1"	"0"	"0"	"-1"	"-1"	"-1"	"""TRUE"""	"""target"""	"""TRUE"""	"-1"	"-1"	"-1"	"-1"	"-1"	"-1"	"""picking the sundae bob was talking about"""	"""no"""	"""46"""	"""m"""	"19"	"0"	"1"	"2"	"0"	"""5"""	"-1"
"What is he talking about? (1-2 mins)"	"Short and fun! A 1-2 minute word game about what someone is talking about."	"experiment, psychology, game"	"$0.25 "	"Thu Jul 31 15:08:18 PDT 2014"	"400"	"0"	"0"	"400"	"Reviewable"	"NotReviewed"	"1 scales"	"600"	"60000"	"Thu Aug 07 15:08:18 PDT 2014"	"S08554"	"Approved"	""	"""Christmas tree"""	"""ornaments"""	"0"	"-1"	"2"	"0"	"0"	"1"	"0"	"0"	"-1"	"-1"	"-1"	"""TRUE"""	"""distractor2"""	"""FALSE"""	"-1"	"-1"	"-1"	"-1"	"-1"	"-1"	"""Figuring out what Bob was talking about."""	""""""	"""24"""	"""m"""	"11"	"0"	"2"	"0"	"1"	"""5"""	"-1"
"What is he talking about? (1-2 mins)"	"Short and fun! A 1-2 minute word game about what someone is talking about."	"experiment, psychology, game"	"$0.25 "	"Thu Jul 31 15:08:18 PDT 2014"	"400"	"0"	"0"	"400"	"Reviewable"	"NotReviewed"	"1 scales"	"600"	"60000"	"Thu Aug 07 15:08:18 PDT 2014"	"S89930"	"Approved"	""	"""sundae"""	"""chocolate"""	"0"	"-1"	"2"	"0"	"0"	"1"	"0"	"0"	"-1"	"-1"	"-1"	"""TRUE"""	"""target"""	"""TRUE"""	"-1"	"-1"	"-1"	"-1"	"-1"	"-1"	"""sundaes"""	""""""	""""""	"""F"""	"19"	"0"	"0"	"2"	"1"	"""5"""	"-1"
"What is he talking about? (1-2 mins)"	"Short and fun! A 1-2 minute word game about what someone is talking about."	"experiment, psychology, game"	"$0.25 "	"Thu Jul 31 15:08:18 PDT 2014"	"400"	"0"	"0"	"400"	"Reviewable"	"NotReviewed"	"1 scales"	"600"	"60000"	"Thu Aug 07 15:08:18 PDT 2014"	"S68999"	"Approved"	""	"""snowman"""	"""mittens"""	"0"	"-1"	"1"	"0"	"0"	"1"	"0"	"0"	"-1"	"-1"	"-1"	"""TRUE"""	"""distractor2"""	"""FALSE"""	"-1"	"-1"	"-1"	"-1"	"-1"	"-1"	"""I think this survey was about how we interpret a sentence."""	""""""	"""25"""	"""m"""	"9"	"0"	"1"	"0"	"2"	"""5"""	"-1"
"What is he talking about? (1-2 mins)"	"Short and fun! A 1-2 minute word game about what someone is talking about."	"experiment, psychology, game"	"$0.25 "	"Thu Jul 31 15:08:18 PDT 2014"	"400"	"0"	"0"	"400"	"Reviewable"	"NotReviewed"	"1 scales"	"600"	"60000"	"Thu Aug 07 15:08:18 PDT 2014"	"S76477"	"Approved"	""	"""pizza"""	"""olives"""	"0"	"-1"	"2"	"0"	"0"	"1"	"0"	"0"	"-1"	"-1"	"-1"	"""TRUE"""	"""target"""	"""TRUE"""	"-1"	"-1"	"-1"	"-1"	"-1"	"-1"	"""I had to choose from three pictures of pizzas that I think Bob was talking about from the one word that he said."""	""""""	""""""	"""f"""	"8"	"0"	"1"	"2"	"0"	"""5"""	"-1"
"What is he talking about? (1-2 mins)"	"Short and fun! A 1-2 minute word game about what someone is talking about."	"experiment, psychology, game"	"$0.25 "	"Thu Jul 31 15:08:18 PDT 2014"	"400"	"0"	"0"	"400"	"Reviewable"	"NotReviewed"	"1 scales"	"600"	"60000"	"Thu Aug 07 15:08:18 PDT 2014"	"S01116"	"Approved"	""	"""Christmas tree"""	"""ornaments"""	"0"	"-1"	"1"	"0"	"0"	"1"	"0"	"0"	"-1"	"-1"	"-1"	"""TRUE"""	"""target"""	"""TRUE"""	"-1"	"-1"	"-1"	"-1"	"-1"	"-1"	"""Christmas Tree's"""	"""no"""	""""""	""""""	"20"	"0"	"1"	"2"	"0"	"""5"""	"-1"
"What is he talking about? (1-2 mins)"	"Short and fun! A 1-2 minute word game about what someone is talking about."	"experiment, psychology, game"	"$0.25 "	"Thu Jul 31 15:08:18 PDT 2014"	"400"	"0"	"0"	"400"	"Reviewable"	"NotReviewed"	"1 scales"	"600"	"60000"	"Thu Aug 07 15:08:18 PDT 2014"	"S90884"	"Approved"	""	"""friend"""	"""glasses"""	"0"	"-1"	"2"	"0"	"0"	"1"	"0"	"0"	"-1"	"-1"	"-1"	"""TRUE"""	"""target"""	"""TRUE"""	"-1"	"-1"	"-1"	"-1"	"-1"	"-1"	"""I was given a one word description to help me choose between three different choices. It was not extremely helpful."""	"""I did the first half of this, but it was about pizza toppings."""	"""27"""	"""m"""	"16"	"0"	"0"	"1"	"2"	"""5"""	"-1"
"What is he talking about? (1-2 mins)"	"Short and fun! A 1-2 minute word game about what someone is talking about."	"experiment, psychology, game"	"$0.25 "	"Thu Jul 31 15:08:18 PDT 2014"	"400"	"0"	"0"	"400"	"Reviewable"	"NotReviewed"	"1 scales"	"600"	"60000"	"Thu Aug 07 15:08:18 PDT 2014"	"S66938"	"Approved"	""	"""sundae"""	"""cherry"""	"0"	"-1"	"1"	"0"	"0"	"1"	"0"	"0"	"-1"	"-1"	"-1"	"""TRUE"""	"""distractor3"""	"""FALSE"""	"-1"	"-1"	"-1"	"-1"	"-1"	"-1"	"""recognizing an object from a single word"""	""""""	"""46"""	"""f"""	"12"	"0"	"0"	"1"	"2"	"""5"""	"-1"
"What is he talking about? (1-2 mins)"	"Short and fun! A 1-2 minute word game about what someone is talking about."	"experiment, psychology, game"	"$0.25 "	"Thu Jul 31 15:08:18 PDT 2014"	"400"	"0"	"0"	"400"	"Reviewable"	"NotReviewed"	"1 scales"	"600"	"60000"	"Thu Aug 07 15:08:18 PDT 2014"	"S17196"	"Approved"	""	"""sundae"""	"""sprinkles"""	"0"	"-1"	"2"	"0"	"0"	"1"	"0"	"0"	"-1"	"-1"	"-1"	"""TRUE"""	"""target"""	"""TRUE"""	"-1"	"-1"	"-1"	"-1"	"-1"	"-1"	"""Language use"""	"""No"""	"""39"""	"""f"""	"19"	"0"	"1"	"0"	"2"	"""5"""	"-1"
"What is he talking about? (1-2 mins)"	"Short and fun! A 1-2 minute word game about what someone is talking about."	"experiment, psychology, game"	"$0.25 "	"Thu Jul 31 15:08:18 PDT 2014"	"400"	"0"	"0"	"400"	"Reviewable"	"NotReviewed"	"1 scales"	"600"	"60000"	"Thu Aug 07 15:08:18 PDT 2014"	"S29015"	"Approved"	""	"""boat"""	"""sail"""	"0"	"-1"	"1"	"0"	"0"	"1"	"0"	"0"	"-1"	"-1"	"-1"	"""TRUE"""	"""target"""	"""TRUE"""	"-1"	"-1"	"-1"	"-1"	"-1"	"-1"	"""Bob and boats"""	"""Nah"""	"""35"""	"""f"""	"12"	"0"	"0"	"2"	"1"	"""5"""	"-1"
"What is he talking about? (1-2 mins)"	"Short and fun! A 1-2 minute word game about what someone is talking about."	"experiment, psychology, game"	"$0.25 "	"Thu Jul 31 15:08:18 PDT 2014"	"400"	"0"	"0"	"400"	"Reviewable"	"NotReviewed"	"1 scales"	"600"	"60000"	"Thu Aug 07 15:08:18 PDT 2014"	"S81019"	"Approved"	""	"""sundae"""	"""whipped cream"""	"0"	"-1"	"2"	"0"	"0"	"1"	"0"	"0"	"-1"	"-1"	"-1"	"""TRUE"""	"""target"""	"""TRUE"""	"-1"	"-1"	"-1"	"-1"	"-1"	"-1"	"""Understanding what is said"""	"""no."""	"""34"""	"""f"""	"16"	"0"	"0"	"2"	"1"	"""5"""	"-1"
"What is he talking about? (1-2 mins)"	"Short and fun! A 1-2 minute word game about what someone is talking about."	"experiment, psychology, game"	"$0.25 "	"Thu Jul 31 15:08:18 PDT 2014"	"400"	"0"	"0"	"400"	"Reviewable"	"NotReviewed"	"1 scales"	"600"	"60000"	"Thu Aug 07 15:08:18 PDT 2014"	"S90354"	"Approved"	""	"""sundae"""	"""chocolate"""	"0"	"-1"	"2"	"0"	"0"	"1"	"0"	"0"	"-1"	"-1"	"-1"	"""TRUE"""	"""target"""	"""TRUE"""	"-1"	"-1"	"-1"	"-1"	"-1"	"-1"	"""sundaes"""	"""Thanks"""	"""31"""	"""m"""	"11"	"0"	"1"	"0"	"2"	"""5"""	"-1"
"What is he talking about? (1-2 mins)"	"Short and fun! A 1-2 minute word game about what someone is talking about."	"experiment, psychology, game"	"$0.25 "	"Thu Jul 31 15:08:18 PDT 2014"	"400"	"0"	"0"	"400"	"Reviewable"	"NotReviewed"	"1 scales"	"600"	"60000"	"Thu Aug 07 15:08:18 PDT 2014"	"S22035"	"Approved"	""	"""pizza"""	"""sausage"""	"0"	"-1"	"1"	"0"	"0"	"1"	"0"	"0"	"-1"	"-1"	"-1"	"""TRUE"""	"""target"""	"""TRUE"""	"-1"	"-1"	"-1"	"-1"	"-1"	"-1"	"""Bob's pizza"""	"""Funny and odd.."""	"""29"""	"""m"""	"20"	"0"	"0"	"2"	"1"	"""5"""	"-1"
"What is he talking about? (1-2 mins)"	"Short and fun! A 1-2 minute word game about what someone is talking about."	"experiment, psychology, game"	"$0.25 "	"Thu Jul 31 15:08:18 PDT 2014"	"400"	"0"	"0"	"400"	"Reviewable"	"NotReviewed"	"1 scales"	"600"	"60000"	"Thu Aug 07 15:08:18 PDT 2014"	"S15158"	"Approved"	""	"""boat"""	"""motor"""	"0"	"-1"	"2"	"0"	"0"	"1"	"0"	"0"	"-1"	"-1"	"-1"	"""TRUE"""	"""target"""	"""TRUE"""	"-1"	"-1"	"-1"	"-1"	"-1"	"-1"	"""boats"""	""""""	"""32"""	"""m"""	"19"	"0"	"0"	"2"	"1"	"""5"""	"-1"
"What is he talking about? (1-2 mins)"	"Short and fun! A 1-2 minute word game about what someone is talking about."	"experiment, psychology, game"	"$0.25 "	"Thu Jul 31 15:08:18 PDT 2014"	"400"	"0"	"0"	"400"	"Reviewable"	"NotReviewed"	"1 scales"	"600"	"60000"	"Thu Aug 07 15:08:18 PDT 2014"	"S46685"	"Approved"	""	"""sundae"""	"""cherry"""	"0"	"-1"	"1"	"0"	"0"	"1"	"0"	"0"	"-1"	"-1"	"-1"	"""TRUE"""	"""target"""	"""TRUE"""	"-1"	"-1"	"-1"	"-1"	"-1"	"-1"	"""Interpreting sentences"""	""""""	"""25"""	"""m"""	"9"	"0"	"1"	"2"	"0"	"""5"""	"-1"
"What is he talking about? (1-2 mins)"	"Short and fun! A 1-2 minute word game about what someone is talking about."	"experiment, psychology, game"	"$0.25 "	"Thu Jul 31 15:08:18 PDT 2014"	"400"	"0"	"0"	"400"	"Reviewable"	"NotReviewed"	"1 scales"	"600"	"60000"	"Thu Aug 07 15:08:18 PDT 2014"	"S03251"	"Approved"	""	"""friend"""	"""mustache"""	"0"	"-1"	"2"	"0"	"0"	"1"	"0"	"0"	"-1"	"-1"	"-1"	"""TRUE"""	"""target"""	"""TRUE"""	"-1"	"-1"	"-1"	"-1"	"-1"	"-1"	"""Picking the correct friend"""	"""Good and fun"""	"""30"""	"""m"""	"8"	"0"	"2"	"0"	"1"	"""5"""	"-1"
"What is he talking about? (1-2 mins)"	"Short and fun! A 1-2 minute word game about what someone is talking about."	"experiment, psychology, game"	"$0.25 "	"Thu Jul 31 15:08:18 PDT 2014"	"400"	"0"	"0"	"400"	"Reviewable"	"NotReviewed"	"1 scales"	"600"	"60000"	"Thu Aug 07 15:08:18 PDT 2014"	"S41656"	"Approved"	""	"""snowman"""	"""hat"""	"0"	"-1"	"2"	"0"	"0"	"1"	"0"	"0"	"-1"	"-1"	"-1"	"""TRUE"""	"""distractor2"""	"""FALSE"""	"-1"	"-1"	"-1"	"-1"	"-1"	"-1"	"""? language interpretation"""	"""Have a great day!"""	"""40"""	"""m"""	"11"	"0"	"0"	"2"	"1"	"""5"""	"-1"
"What is he talking about? (1-2 mins)"	"Short and fun! A 1-2 minute word game about what someone is talking about."	"experiment, psychology, game"	"$0.25 "	"Thu Jul 31 15:08:18 PDT 2014"	"400"	"0"	"0"	"400"	"Reviewable"	"NotReviewed"	"1 scales"	"600"	"60000"	"Thu Aug 07 15:08:18 PDT 2014"	"S65250"	"Approved"	""	"""friend"""	"""hat"""	"0"	"-1"	"2"	"0"	"0"	"1"	"0"	"0"	"-1"	"-1"	"-1"	"""TRUE"""	"""target"""	"""TRUE"""	"-1"	"-1"	"-1"	"-1"	"-1"	"-1"	"""Bob who likes to meet friends."""	"""No."""	"""25"""	"""f"""	"11"	"0"	"1"	"0"	"2"	"""5"""	"-1"
"What is he talking about? (1-2 mins)"	"Short and fun! A 1-2 minute word game about what someone is talking about."	"experiment, psychology, game"	"$0.25 "	"Thu Jul 31 15:08:18 PDT 2014"	"400"	"0"	"0"	"400"	"Reviewable"	"NotReviewed"	"1 scales"	"600"	"60000"	"Thu Aug 07 15:08:18 PDT 2014"	"S00701"	"Approved"	""	"""Christmas tree"""	"""presents"""	"0"	"-1"	"1"	"0"	"0"	"1"	"0"	"0"	"-1"	"-1"	"-1"	"""TRUE"""	"""target"""	"""TRUE"""	"-1"	"-1"	"-1"	"-1"	"-1"	"-1"	"""identify what bob is referring to"""	""""""	""""""	""""""	"17"	"0"	"0"	"1"	"2"	"""5"""	"-1"
"What is he talking about? (1-2 mins)"	"Short and fun! A 1-2 minute word game about what someone is talking about."	"experiment, psychology, game"	"$0.25 "	"Thu Jul 31 15:08:18 PDT 2014"	"400"	"0"	"0"	"400"	"Reviewable"	"NotReviewed"	"1 scales"	"600"	"60000"	"Thu Aug 07 15:08:18 PDT 2014"	"S06964"	"Approved"	""	"""friend"""	"""glasses"""	"0"	"-1"	"1"	"0"	"0"	"1"	"0"	"0"	"-1"	"-1"	"-1"	"""TRUE"""	"""target"""	"""TRUE"""	"-1"	"-1"	"-1"	"-1"	"-1"	"-1"	"""This survey was about deciding what someone is talking about."""	"""This survey was quick and fun."""	"""22"""	"""M"""	"12"	"0"	"2"	"0"	"1"	"""5"""	"-1"
"What is he talking about? (1-2 mins)"	"Short and fun! A 1-2 minute word game about what someone is talking about."	"experiment, psychology, game"	"$0.25 "	"Thu Jul 31 15:08:18 PDT 2014"	"400"	"0"	"0"	"400"	"Reviewable"	"NotReviewed"	"1 scales"	"600"	"60000"	"Thu Aug 07 15:08:18 PDT 2014"	"S73725"	"Approved"	""	"""Christmas tree"""	"""lights"""	"0"	"-1"	"1"	"0"	"0"	"1"	"0"	"0"	"-1"	"-1"	"-1"	"""TRUE"""	"""target"""	"""TRUE"""	"-1"	"-1"	"-1"	"-1"	"-1"	"-1"	"""what Bob is talking about"""	"""no"""	"""44"""	"""m"""	"12"	"0"	"1"	"0"	"2"	"""5"""	"-1"
"What is he talking about? (1-2 mins)"	"Short and fun! A 1-2 minute word game about what someone is talking about."	"experiment, psychology, game"	"$0.25 "	"Thu Jul 31 15:08:18 PDT 2014"	"400"	"0"	"0"	"400"	"Reviewable"	"NotReviewed"	"1 scales"	"600"	"60000"	"Thu Aug 07 15:08:18 PDT 2014"	"S10631"	"Approved"	""	"""boat"""	"""cabin"""	"0"	"-1"	"1"	"0"	"0"	"1"	"0"	"0"	"-1"	"-1"	"-1"	"""TRUE"""	"""distractor2"""	"""FALSE"""	"-1"	"-1"	"-1"	"-1"	"-1"	"-1"	"""what bob wnats"""	""""""	"""54"""	"""m"""	"17"	"0"	"1"	"0"	"2"	"""5"""	"-1"
"What is he talking about? (1-2 mins)"	"Short and fun! A 1-2 minute word game about what someone is talking about."	"experiment, psychology, game"	"$0.25 "	"Thu Jul 31 15:08:18 PDT 2014"	"400"	"0"	"0"	"400"	"Reviewable"	"NotReviewed"	"1 scales"	"600"	"60000"	"Thu Aug 07 15:08:18 PDT 2014"	"S46333"	"Approved"	""	"""snowman"""	"""mittens"""	"0"	"-1"	"1"	"0"	"0"	"1"	"0"	"0"	"-1"	"-1"	"-1"	"""TRUE"""	"""target"""	"""TRUE"""	"-1"	"-1"	"-1"	"-1"	"-1"	"-1"	"""Bob's snowman"""	"""Nope"""	"""27"""	"""m"""	"12"	"0"	"1"	"2"	"0"	"""5"""	"-1"
"What is he talking about? (1-2 mins)"	"Short and fun! A 1-2 minute word game about what someone is talking about."	"experiment, psychology, game"	"$0.25 "	"Thu Jul 31 15:08:18 PDT 2014"	"400"	"0"	"0"	"400"	"Reviewable"	"NotReviewed"	"1 scales"	"600"	"60000"	"Thu Aug 07 15:08:18 PDT 2014"	"S10954"	"Approved"	""	"""boat"""	"""motor"""	"0"	"-1"	"2"	"0"	"0"	"1"	"0"	"0"	"-1"	"-1"	"-1"	"""TRUE"""	"""target"""	"""TRUE"""	"-1"	"-1"	"-1"	"-1"	"-1"	"-1"	"""Boats and bob"""	"""N/a"""	"""36"""	"""F"""	"16"	"0"	"1"	"2"	"0"	"""5"""	"-1"
"What is he talking about? (1-2 mins)"	"Short and fun! A 1-2 minute word game about what someone is talking about."	"experiment, psychology, game"	"$0.25 "	"Thu Jul 31 15:08:18 PDT 2014"	"400"	"0"	"0"	"400"	"Reviewable"	"NotReviewed"	"1 scales"	"600"	"60000"	"Thu Aug 07 15:08:18 PDT 2014"	"S68658"	"Approved"	""	"""pizza"""	"""peppers"""	"0"	"-1"	"1"	"0"	"0"	"1"	"0"	"0"	"-1"	"-1"	"-1"	"""TRUE"""	"""distractor2"""	"""FALSE"""	"-1"	"-1"	"-1"	"-1"	"-1"	"-1"	"""pizza"""	""""""	"""35"""	"""m"""	"17"	"0"	"0"	"1"	"2"	"""5"""	"-1"
"What is he talking about? (1-2 mins)"	"Short and fun! A 1-2 minute word game about what someone is talking about."	"experiment, psychology, game"	"$0.25 "	"Thu Jul 31 15:08:18 PDT 2014"	"400"	"0"	"0"	"400"	"Reviewable"	"NotReviewed"	"1 scales"	"600"	"60000"	"Thu Aug 07 15:08:18 PDT 2014"	"S63031"	"Approved"	""	"""sundae"""	"""chocolate"""	"0"	"-1"	"1"	"0"	"0"	"1"	"0"	"0"	"-1"	"-1"	"-1"	"""TRUE"""	"""target"""	"""TRUE"""	"-1"	"-1"	"-1"	"-1"	"-1"	"-1"	"""interpreting bobs wishes"""	"""no"""	"""34"""	"""m"""	"17"	"0"	"0"	"2"	"1"	"""5"""	"-1"
"What is he talking about? (1-2 mins)"	"Short and fun! A 1-2 minute word game about what someone is talking about."	"experiment, psychology, game"	"$0.25 "	"Thu Jul 31 15:08:18 PDT 2014"	"400"	"0"	"0"	"400"	"Reviewable"	"NotReviewed"	"1 scales"	"600"	"60000"	"Thu Aug 07 15:08:18 PDT 2014"	"S02824"	"Approved"	""	"""pizza"""	"""sausage"""	"0"	"-1"	"2"	"0"	"0"	"1"	"0"	"0"	"-1"	"-1"	"-1"	"""TRUE"""	"""target"""	"""TRUE"""	"-1"	"-1"	"-1"	"-1"	"-1"	"-1"	"""What someone is talking about"""	"""no"""	"""22"""	"""m"""	"16"	"0"	"1"	"2"	"0"	"""5"""	"-1"
"What is he talking about? (1-2 mins)"	"Short and fun! A 1-2 minute word game about what someone is talking about."	"experiment, psychology, game"	"$0.25 "	"Thu Jul 31 15:08:18 PDT 2014"	"400"	"0"	"0"	"400"	"Reviewable"	"NotReviewed"	"1 scales"	"600"	"60000"	"Thu Aug 07 15:08:18 PDT 2014"	"S52796"	"Approved"	""	"""friend"""	"""bowtie"""	"0"	"-1"	"2"	"0"	"0"	"1"	"0"	"0"	"-1"	"-1"	"-1"	"""TRUE"""	"""target"""	"""TRUE"""	"-1"	"-1"	"-1"	"-1"	"-1"	"-1"	"""How people feel about bowties."""	""""""	"""21"""	"""m"""	"16"	"0"	"2"	"1"	"0"	"""5"""	"-1"
"What is he talking about? (1-2 mins)"	"Short and fun! A 1-2 minute word game about what someone is talking about."	"experiment, psychology, game"	"$0.25 "	"Thu Jul 31 15:08:18 PDT 2014"	"400"	"0"	"0"	"400"	"Reviewable"	"NotReviewed"	"1 scales"	"600"	"60000"	"Thu Aug 07 15:08:18 PDT 2014"	"S28959"	"Approved"	""	"""Christmas tree"""	"""lights"""	"0"	"-1"	"2"	"0"	"0"	"1"	"0"	"0"	"-1"	"-1"	"-1"	"""TRUE"""	"""target"""	"""TRUE"""	"-1"	"-1"	"-1"	"-1"	"-1"	"-1"	"""Language and communication"""	"""None"""	"""23"""	"""M"""	"19"	"0"	"1"	"2"	"0"	"""5"""	"-1"
"What is he talking about? (1-2 mins)"	"Short and fun! A 1-2 minute word game about what someone is talking about."	"experiment, psychology, game"	"$0.25 "	"Thu Jul 31 15:08:18 PDT 2014"	"400"	"0"	"0"	"400"	"Reviewable"	"NotReviewed"	"1 scales"	"600"	"60000"	"Thu Aug 07 15:08:18 PDT 2014"	"S07901"	"Approved"	""	"""boat"""	"""sail"""	"0"	"-1"	"2"	"0"	"0"	"1"	"0"	"0"	"-1"	"-1"	"-1"	"""TRUE"""	"""distractor1"""	"""FALSE"""	"-1"	"-1"	"-1"	"-1"	"-1"	"-1"	"""What bob ment"""	"""It's a little odd"""	"""26"""	"""m"""	"11"	"0"	"1"	"0"	"2"	"""5"""	"-1"
"What is he talking about? (1-2 mins)"	"Short and fun! A 1-2 minute word game about what someone is talking about."	"experiment, psychology, game"	"$0.25 "	"Thu Jul 31 15:08:18 PDT 2014"	"400"	"0"	"0"	"400"	"Reviewable"	"NotReviewed"	"1 scales"	"600"	"60000"	"Thu Aug 07 15:08:18 PDT 2014"	"S19056"	"Approved"	""	"""boat"""	"""cabin"""	"0"	"-1"	"1"	"0"	"0"	"1"	"0"	"0"	"-1"	"-1"	"-1"	"""TRUE"""	"""distractor3"""	"""FALSE"""	"-1"	"-1"	"-1"	"-1"	"-1"	"-1"	"""Communication - which boat he picked"""	"""no"""	"""24"""	"""m"""	"20"	"0"	"1"	"2"	"0"	"""5"""	"-1"
"What is he talking about? (1-2 mins)"	"Short and fun! A 1-2 minute word game about what someone is talking about."	"experiment, psychology, game"	"$0.25 "	"Thu Jul 31 15:08:18 PDT 2014"	"400"	"0"	"0"	"400"	"Reviewable"	"NotReviewed"	"1 scales"	"600"	"60000"	"Thu Aug 07 15:08:18 PDT 2014"	"S64075"	"Approved"	""	"""snowman"""	"""mittens"""	"0"	"-1"	"2"	"0"	"0"	"1"	"0"	"0"	"-1"	"-1"	"-1"	"""TRUE"""	"""target"""	"""TRUE"""	"-1"	"-1"	"-1"	"-1"	"-1"	"-1"	"""Which mitten you think Bob was talking about."""	""""""	""""""	"""f"""	"8"	"0"	"2"	"1"	"0"	"""5"""	"-1"
"What is he talking about? (1-2 mins)"	"Short and fun! A 1-2 minute word game about what someone is talking about."	"experiment, psychology, game"	"$0.25 "	"Thu Jul 31 15:08:18 PDT 2014"	"400"	"0"	"0"	"400"	"Reviewable"	"NotReviewed"	"1 scales"	"600"	"60000"	"Thu Aug 07 15:08:18 PDT 2014"	"S36054"	"Approved"	""	"""boat"""	"""cabin"""	"0"	"-1"	"2"	"0"	"0"	"1"	"0"	"0"	"-1"	"-1"	"-1"	"""TRUE"""	"""distractor2"""	"""FALSE"""	"-1"	"-1"	"-1"	"-1"	"-1"	"-1"	"""Trying to see if we're able to comprehend what people say with little description"""	""""""	"""18"""	"""M"""	"11"	"0"	"2"	"1"	"0"	"""5"""	"-1"
"What is he talking about? (1-2 mins)"	"Short and fun! A 1-2 minute word game about what someone is talking about."	"experiment, psychology, game"	"$0.25 "	"Thu Jul 31 15:08:18 PDT 2014"	"400"	"0"	"0"	"400"	"Reviewable"	"NotReviewed"	"1 scales"	"600"	"60000"	"Thu Aug 07 15:08:18 PDT 2014"	"S06665"	"Approved"	""	"""snowman"""	"""hat"""	"0"	"-1"	"1"	"0"	"0"	"1"	"0"	"0"	"-1"	"-1"	"-1"	"""TRUE"""	"""target"""	"""TRUE"""	"-1"	"-1"	"-1"	"-1"	"-1"	"-1"	"""Figuring out what Bob was trying to say"""	""""""	"""35"""	"""f"""	"12"	"0"	"1"	"2"	"0"	"""5"""	"-1"
"What is he talking about? (1-2 mins)"	"Short and fun! A 1-2 minute word game about what someone is talking about."	"experiment, psychology, game"	"$0.25 "	"Thu Jul 31 15:08:18 PDT 2014"	"400"	"0"	"0"	"400"	"Reviewable"	"NotReviewed"	"1 scales"	"600"	"60000"	"Thu Aug 07 15:08:18 PDT 2014"	"S23833"	"Approved"	""	"""pizza"""	"""mushrooms"""	"0"	"-1"	"1"	"0"	"0"	"1"	"0"	"0"	"-1"	"-1"	"-1"	"""TRUE"""	"""target"""	"""TRUE"""	"-1"	"-1"	"-1"	"-1"	"-1"	"-1"	"""Which pizza did a man eat when he used one word to describe it"""	""""""	""""""	"""m"""	"12"	"0"	"2"	"0"	"1"	"""5"""	"-1"
"What is he talking about? (1-2 mins)"	"Short and fun! A 1-2 minute word game about what someone is talking about."	"experiment, psychology, game"	"$0.25 "	"Thu Jul 31 15:08:18 PDT 2014"	"400"	"0"	"0"	"400"	"Reviewable"	"NotReviewed"	"1 scales"	"600"	"60000"	"Thu Aug 07 15:08:18 PDT 2014"	"S05890"	"Approved"	""	"""boat"""	"""cabin"""	"0"	"-1"	"1"	"0"	"0"	"1"	"0"	"0"	"-1"	"-1"	"-1"	"""TRUE"""	"""target"""	"""TRUE"""	"-1"	"-1"	"-1"	"-1"	"-1"	"-1"	"""Cabin and boats"""	""""""	"""34"""	"""m"""	"12"	"0"	"1"	"2"	"0"	"""5"""	"-1"
"What is he talking about? (1-2 mins)"	"Short and fun! A 1-2 minute word game about what someone is talking about."	"experiment, psychology, game"	"$0.25 "	"Thu Jul 31 15:08:18 PDT 2014"	"400"	"0"	"0"	"400"	"Reviewable"	"NotReviewed"	"1 scales"	"600"	"60000"	"Thu Aug 07 15:08:18 PDT 2014"	"S74859"	"Approved"	""	"""sundae"""	"""whipped cream"""	"0"	"-1"	"2"	"0"	"0"	"1"	"0"	"0"	"-1"	"-1"	"-1"	"""TRUE"""	"""target"""	"""TRUE"""	"-1"	"-1"	"-1"	"-1"	"-1"	"-1"	"""interpreting limited information"""	"""no"""	"""42"""	"""m"""	"16"	"0"	"2"	"0"	"1"	"""5"""	"-1"
"What is he talking about? (1-2 mins)"	"Short and fun! A 1-2 minute word game about what someone is talking about."	"experiment, psychology, game"	"$0.25 "	"Thu Jul 31 15:08:18 PDT 2014"	"400"	"0"	"0"	"400"	"Reviewable"	"NotReviewed"	"1 scales"	"600"	"60000"	"Thu Aug 07 15:08:18 PDT 2014"	"S00010"	"Approved"	""	"""Christmas tree"""	"""presents"""	"0"	"-1"	"1"	"0"	"0"	"1"	"0"	"0"	"-1"	"-1"	"-1"	"""TRUE"""	"""distractor2"""	"""FALSE"""	"-1"	"-1"	"-1"	"-1"	"-1"	"-1"	"""a word that Bob communicated"""	"""interesting survey"""	"""31"""	"""m"""	"17"	"0"	"1"	"2"	"0"	"""5"""	"-1"
"What is he talking about? (1-2 mins)"	"Short and fun! A 1-2 minute word game about what someone is talking about."	"experiment, psychology, game"	"$0.25 "	"Thu Jul 31 15:08:18 PDT 2014"	"400"	"0"	"0"	"400"	"Reviewable"	"NotReviewed"	"1 scales"	"600"	"60000"	"Thu Aug 07 15:08:18 PDT 2014"	"S96877"	"Approved"	""	"""boat"""	"""cabin"""	"0"	"-1"	"1"	"0"	"0"	"1"	"0"	"0"	"-1"	"-1"	"-1"	"""TRUE"""	"""distractor3"""	"""FALSE"""	"-1"	"-1"	"-1"	"-1"	"-1"	"-1"	"""choices"""	"""Have a nice day :)"""	"""26"""	"""F"""	"12"	"0"	"1"	"2"	"0"	"""5"""	"-1"
"What is he talking about? (1-2 mins)"	"Short and fun! A 1-2 minute word game about what someone is talking about."	"experiment, psychology, game"	"$0.25 "	"Thu Jul 31 15:08:18 PDT 2014"	"400"	"0"	"0"	"400"	"Reviewable"	"NotReviewed"	"1 scales"	"600"	"60000"	"Thu Aug 07 15:08:18 PDT 2014"	"S49959"	"Approved"	""	"""boat"""	"""cabin"""	"0"	"-1"	"2"	"0"	"0"	"1"	"0"	"0"	"-1"	"-1"	"-1"	"""TRUE"""	"""distractor1"""	"""FALSE"""	"-1"	"-1"	"-1"	"-1"	"-1"	"-1"	"""Determining what people are talking about (Bob and his boats)"""	"""Nope"""	"""18"""	"""m"""	"11"	"0"	"2"	"0"	"1"	"""5"""	"-1"
"What is he talking about? (1-2 mins)"	"Short and fun! A 1-2 minute word game about what someone is talking about."	"experiment, psychology, game"	"$0.25 "	"Thu Jul 31 15:08:18 PDT 2014"	"400"	"0"	"0"	"400"	"Reviewable"	"NotReviewed"	"1 scales"	"600"	"60000"	"Thu Aug 07 15:08:18 PDT 2014"	"S55338"	"Approved"	""	"""Christmas tree"""	"""lights"""	"0"	"-1"	"2"	"0"	"0"	"1"	"0"	"0"	"-1"	"-1"	"-1"	"""FALSE"""	"""target"""	"""TRUE"""	"-1"	"-1"	"-1"	"-1"	"-1"	"-1"	"""bob not being able to talk"""	"""no"""	"""24"""	"""f"""	"8"	"0"	"0"	"2"	"1"	"""5"""	"-1"
"What is he talking about? (1-2 mins)"	"Short and fun! A 1-2 minute word game about what someone is talking about."	"experiment, psychology, game"	"$0.25 "	"Thu Jul 31 15:08:18 PDT 2014"	"400"	"0"	"0"	"400"	"Reviewable"	"NotReviewed"	"1 scales"	"600"	"60000"	"Thu Aug 07 15:08:18 PDT 2014"	"S60035"	"Approved"	""	"""friend"""	"""mustache"""	"0"	"-1"	"1"	"0"	"0"	"1"	"0"	"0"	"-1"	"-1"	"-1"	"""TRUE"""	"""target"""	"""TRUE"""	"-1"	"-1"	"-1"	"-1"	"-1"	"-1"	"""Deciding what friend Bob would visit based off of one word he said."""	""""""	"""25"""	"""m"""	"17"	"0"	"0"	"2"	"1"	"""5"""	"-1"
"What is he talking about? (1-2 mins)"	"Short and fun! A 1-2 minute word game about what someone is talking about."	"experiment, psychology, game"	"$0.25 "	"Thu Jul 31 15:08:18 PDT 2014"	"400"	"0"	"0"	"400"	"Reviewable"	"NotReviewed"	"1 scales"	"600"	"60000"	"Thu Aug 07 15:08:18 PDT 2014"	"S74745"	"Approved"	""	"""boat"""	"""motor"""	"0"	"-1"	"1"	"0"	"0"	"1"	"0"	"0"	"-1"	"-1"	"-1"	"""TRUE"""	"""target"""	"""TRUE"""	"-1"	"-1"	"-1"	"-1"	"-1"	"-1"	"""bobs boat """	"""none at this time """	"""20"""	"""m"""	"17"	"0"	"1"	"2"	"0"	"""5"""	"-1"
"What is he talking about? (1-2 mins)"	"Short and fun! A 1-2 minute word game about what someone is talking about."	"experiment, psychology, game"	"$0.25 "	"Thu Jul 31 15:08:18 PDT 2014"	"400"	"0"	"0"	"400"	"Reviewable"	"NotReviewed"	"1 scales"	"600"	"60000"	"Thu Aug 07 15:08:18 PDT 2014"	"S60292"	"Approved"	""	"""friend"""	"""mustache"""	"0"	"-1"	"1"	"0"	"0"	"1"	"0"	"0"	"-1"	"-1"	"-1"	"""TRUE"""	"""target"""	"""TRUE"""	"-1"	"-1"	"-1"	"-1"	"-1"	"-1"	"""linking attributes to descriptors"""	""""""	"""22"""	"""m"""	"17"	"0"	"1"	"0"	"2"	"""5"""	"-1"
"What is he talking about? (1-2 mins)"	"Short and fun! A 1-2 minute word game about what someone is talking about."	"experiment, psychology, game"	"$0.25 "	"Thu Jul 31 15:08:18 PDT 2014"	"400"	"0"	"0"	"400"	"Reviewable"	"NotReviewed"	"1 scales"	"600"	"60000"	"Thu Aug 07 15:08:18 PDT 2014"	"S48008"	"Approved"	""	"""friend"""	"""bowtie"""	"0"	"-1"	"1"	"0"	"0"	"1"	"0"	"0"	"-1"	"-1"	"-1"	"""TRUE"""	"""target"""	"""TRUE"""	"-1"	"-1"	"-1"	"-1"	"-1"	"-1"	"""What is Bob talking about."""	"""none"""	""""""	"""female"""	"20"	"0"	"2"	"1"	"0"	"""5"""	"-1"
"What is he talking about? (1-2 mins)"	"Short and fun! A 1-2 minute word game about what someone is talking about."	"experiment, psychology, game"	"$0.25 "	"Thu Jul 31 15:08:18 PDT 2014"	"400"	"0"	"0"	"400"	"Reviewable"	"NotReviewed"	"1 scales"	"600"	"60000"	"Thu Aug 07 15:08:18 PDT 2014"	"S27702"	"Approved"	""	"""snowman"""	"""hat"""	"0"	"-1"	"1"	"0"	"0"	"1"	"0"	"0"	"-1"	"-1"	"-1"	"""TRUE"""	"""target"""	"""TRUE"""	"-1"	"-1"	"-1"	"-1"	"-1"	"-1"	"""Which snowman bob was describing."""	"""Thanks"""	"""27"""	"""m"""	"12"	"0"	"0"	"1"	"2"	"""5"""	"-1"
"What is he talking about? (1-2 mins)"	"Short and fun! A 1-2 minute word game about what someone is talking about."	"experiment, psychology, game"	"$0.25 "	"Thu Jul 31 15:08:18 PDT 2014"	"400"	"0"	"0"	"400"	"Reviewable"	"NotReviewed"	"1 scales"	"600"	"60000"	"Thu Aug 07 15:08:18 PDT 2014"	"S49798"	"Approved"	""	"""boat"""	"""motor"""	"0"	"-1"	"2"	"0"	"0"	"1"	"0"	"0"	"-1"	"-1"	"-1"	"""TRUE"""	"""distractor2"""	"""FALSE"""	"-1"	"-1"	"-1"	"-1"	"-1"	"-1"	"""I have no idea.  I chose the boat that seemed most complete with both sail and cabin."""	""""""	"""31"""	"""male"""	"8"	"0"	"1"	"0"	"2"	"""5"""	"-1"
"What is he talking about? (1-2 mins)"	"Short and fun! A 1-2 minute word game about what someone is talking about."	"experiment, psychology, game"	"$0.25 "	"Thu Jul 31 15:08:18 PDT 2014"	"400"	"0"	"0"	"400"	"Reviewable"	"NotReviewed"	"1 scales"	"600"	"60000"	"Thu Aug 07 15:08:18 PDT 2014"	"S65571"	"Approved"	""	"""friend"""	"""mustache"""	"0"	"-1"	"1"	"0"	"0"	"1"	"0"	"0"	"-1"	"-1"	"-1"	"""TRUE"""	"""target"""	"""TRUE"""	"-1"	"-1"	"-1"	"-1"	"-1"	"-1"	"""logic"""	""""""	"""25"""	"""m"""	"12"	"0"	"0"	"1"	"2"	"""5"""	"-1"
"What is he talking about? (1-2 mins)"	"Short and fun! A 1-2 minute word game about what someone is talking about."	"experiment, psychology, game"	"$0.25 "	"Thu Jul 31 15:08:18 PDT 2014"	"400"	"0"	"0"	"400"	"Reviewable"	"NotReviewed"	"1 scales"	"600"	"60000"	"Thu Aug 07 15:08:18 PDT 2014"	"S16136"	"Approved"	""	"""boat"""	"""flag"""	"0"	"-1"	"2"	"0"	"0"	"1"	"0"	"0"	"-1"	"-1"	"-1"	"""TRUE"""	"""distractor2"""	"""FALSE"""	"-1"	"-1"	"-1"	"-1"	"-1"	"-1"	"""Bob rents a sail boat every weekend, he describes a boat as \""flag\"""""	"""all the boats have flags. I picked the first one as it was the nicest and could be considered his flag ship"""	"""39"""	"""m"""	"19"	"0"	"1"	"0"	"2"	"""5"""	"-1"
"What is he talking about? (1-2 mins)"	"Short and fun! A 1-2 minute word game about what someone is talking about."	"experiment, psychology, game"	"$0.25 "	"Thu Jul 31 15:08:18 PDT 2014"	"400"	"0"	"0"	"400"	"Reviewable"	"NotReviewed"	"1 scales"	"600"	"60000"	"Thu Aug 07 15:08:18 PDT 2014"	"S74824"	"Approved"	""	"""pizza"""	"""sausage"""	"0"	"-1"	"2"	"0"	"0"	"1"	"0"	"0"	"-1"	"-1"	"-1"	"""TRUE"""	"""target"""	"""TRUE"""	"-1"	"-1"	"-1"	"-1"	"-1"	"-1"	"""Pizza"""	""""""	"""23"""	"""f"""	"19"	"0"	"0"	"2"	"1"	"""5"""	"-1"
"What is he talking about? (1-2 mins)"	"Short and fun! A 1-2 minute word game about what someone is talking about."	"experiment, psychology, game"	"$0.25 "	"Thu Jul 31 15:08:18 PDT 2014"	"400"	"0"	"0"	"400"	"Reviewable"	"NotReviewed"	"1 scales"	"600"	"60000"	"Thu Aug 07 15:08:18 PDT 2014"	"S19619"	"Approved"	""	"""Christmas tree"""	"""presents"""	"0"	"-1"	"2"	"0"	"0"	"1"	"0"	"0"	"-1"	"-1"	"-1"	"""TRUE"""	"""target"""	"""TRUE"""	"-1"	"-1"	"-1"	"-1"	"-1"	"-1"	"""having only one word to communicate with"""	""""""	"""56"""	"""f"""	"19"	"0"	"2"	"0"	"1"	"""5"""	"-1"
"What is he talking about? (1-2 mins)"	"Short and fun! A 1-2 minute word game about what someone is talking about."	"experiment, psychology, game"	"$0.25 "	"Thu Jul 31 15:08:18 PDT 2014"	"400"	"0"	"0"	"400"	"Reviewable"	"NotReviewed"	"1 scales"	"600"	"60000"	"Thu Aug 07 15:08:18 PDT 2014"	"S65094"	"Approved"	""	"""sundae"""	"""chocolate"""	"0"	"-1"	"2"	"0"	"0"	"1"	"0"	"0"	"-1"	"-1"	"-1"	"""TRUE"""	"""distractor1"""	"""FALSE"""	"-1"	"-1"	"-1"	"-1"	"-1"	"-1"	"""language perception"""	""""""	"""34"""	"""f"""	"16"	"0"	"0"	"1"	"2"	"""5"""	"-1"
"What is he talking about? (1-2 mins)"	"Short and fun! A 1-2 minute word game about what someone is talking about."	"experiment, psychology, game"	"$0.25 "	"Thu Jul 31 15:08:18 PDT 2014"	"400"	"0"	"0"	"400"	"Reviewable"	"NotReviewed"	"1 scales"	"600"	"60000"	"Thu Aug 07 15:08:18 PDT 2014"	"S99885"	"Approved"	""	"""friend"""	"""glasses"""	"0"	"-1"	"2"	"0"	"0"	"1"	"0"	"0"	"-1"	"-1"	"-1"	"""TRUE"""	"""target"""	"""TRUE"""	"-1"	"-1"	"-1"	"-1"	"-1"	"-1"	"""Bobs friends"""	"""no"""	"""23"""	"""f"""	"8"	"0"	"2"	"1"	"0"	"""5"""	"-1"
"What is he talking about? (1-2 mins)"	"Short and fun! A 1-2 minute word game about what someone is talking about."	"experiment, psychology, game"	"$0.25 "	"Thu Jul 31 15:08:18 PDT 2014"	"400"	"0"	"0"	"400"	"Reviewable"	"NotReviewed"	"1 scales"	"600"	"60000"	"Thu Aug 07 15:08:18 PDT 2014"	"S75895"	"Approved"	""	"""boat"""	"""cabin"""	"0"	"-1"	"1"	"0"	"0"	"1"	"0"	"0"	"-1"	"-1"	"-1"	"""TRUE"""	"""distractor2"""	"""FALSE"""	"-1"	"-1"	"-1"	"-1"	"-1"	"-1"	"""communication"""	"""none"""	"""31"""	"""m"""	"17"	"0"	"2"	"1"	"0"	"""5"""	"-1"
"What is he talking about? (1-2 mins)"	"Short and fun! A 1-2 minute word game about what someone is talking about."	"experiment, psychology, game"	"$0.25 "	"Thu Jul 31 15:08:18 PDT 2014"	"400"	"0"	"0"	"400"	"Reviewable"	"NotReviewed"	"1 scales"	"600"	"60000"	"Thu Aug 07 15:08:18 PDT 2014"	"S48436"	"Approved"	""	"""sundae"""	"""whipped cream"""	"0"	"-1"	"2"	"0"	"0"	"1"	"0"	"0"	"-1"	"-1"	"-1"	"""TRUE"""	"""distractor2"""	"""FALSE"""	"-1"	"-1"	"-1"	"-1"	"-1"	"-1"	"""sundaes"""	""""""	"""54"""	"""f"""	"11"	"0"	"1"	"0"	"2"	"""5"""	"-1"
"What is he talking about? (1-2 mins)"	"Short and fun! A 1-2 minute word game about what someone is talking about."	"experiment, psychology, game"	"$0.25 "	"Thu Jul 31 15:08:18 PDT 2014"	"400"	"0"	"0"	"400"	"Reviewable"	"NotReviewed"	"1 scales"	"600"	"60000"	"Thu Aug 07 15:08:18 PDT 2014"	"S16345"	"Approved"	""	"""snowman"""	"""hat"""	"0"	"-1"	"1"	"0"	"0"	"1"	"0"	"0"	"-1"	"-1"	"-1"	"""TRUE"""	"""distractor2"""	"""FALSE"""	"-1"	"-1"	"-1"	"-1"	"-1"	"-1"	"""Being able to discern what someone was saying, using limited speech."""	"""None, other than to say thank you!"""	"""32"""	"""f"""	"17"	"0"	"2"	"0"	"1"	"""5"""	"-1"
"What is he talking about? (1-2 mins)"	"Short and fun! A 1-2 minute word game about what someone is talking about."	"experiment, psychology, game"	"$0.25 "	"Thu Jul 31 15:08:18 PDT 2014"	"400"	"0"	"0"	"400"	"Reviewable"	"NotReviewed"	"1 scales"	"600"	"60000"	"Thu Aug 07 15:08:18 PDT 2014"	"S75511"	"Approved"	""	"""snowman"""	"""scarf"""	"0"	"-1"	"2"	"0"	"0"	"1"	"0"	"0"	"-1"	"-1"	"-1"	"""TRUE"""	"""target"""	"""TRUE"""	"-1"	"-1"	"-1"	"-1"	"-1"	"-1"	"""To decide what snowman Bob was talking about based on the one word he said: \""scarf.\"""""	"""No"""	"""24"""	"""Male"""	"11"	"0"	"0"	"1"	"2"	"""5"""	"-1"
"What is he talking about? (1-2 mins)"	"Short and fun! A 1-2 minute word game about what someone is talking about."	"experiment, psychology, game"	"$0.25 "	"Thu Jul 31 15:08:18 PDT 2014"	"400"	"0"	"0"	"400"	"Reviewable"	"NotReviewed"	"1 scales"	"600"	"60000"	"Thu Aug 07 15:08:18 PDT 2014"	"S09160"	"Approved"	""	"""friend"""	"""mustache"""	"0"	"-1"	"1"	"0"	"0"	"1"	"0"	"0"	"-1"	"-1"	"-1"	"""TRUE"""	"""target"""	"""TRUE"""	"-1"	"-1"	"-1"	"-1"	"-1"	"-1"	"""whether people choose the man with a mustache or the man with the glasses as well"""	""""""	"""25"""	"""m"""	"17"	"0"	"1"	"2"	"0"	"""5"""	"-1"
"What is he talking about? (1-2 mins)"	"Short and fun! A 1-2 minute word game about what someone is talking about."	"experiment, psychology, game"	"$0.25 "	"Thu Jul 31 15:08:18 PDT 2014"	"400"	"0"	"0"	"400"	"Reviewable"	"NotReviewed"	"1 scales"	"600"	"60000"	"Thu Aug 07 15:08:18 PDT 2014"	"S62493"	"Approved"	""	"""Christmas tree"""	"""ornaments"""	"0"	"-1"	"2"	"0"	"0"	"1"	"0"	"0"	"-1"	"-1"	"-1"	"""TRUE"""	"""distractor2"""	"""FALSE"""	"-1"	"-1"	"-1"	"-1"	"-1"	"-1"	"""christmas trees"""	"""Thanks."""	"""39"""	"""f"""	"16"	"0"	"0"	"2"	"1"	"""5"""	"-1"
"What is he talking about? (1-2 mins)"	"Short and fun! A 1-2 minute word game about what someone is talking about."	"experiment, psychology, game"	"$0.25 "	"Thu Jul 31 15:08:18 PDT 2014"	"400"	"0"	"0"	"400"	"Reviewable"	"NotReviewed"	"1 scales"	"600"	"60000"	"Thu Aug 07 15:08:18 PDT 2014"	"S13565"	"Approved"	""	"""friend"""	"""hat"""	"0"	"-1"	"2"	"0"	"0"	"1"	"0"	"0"	"-1"	"-1"	"-1"	"""TRUE"""	"""target"""	"""TRUE"""	"-1"	"-1"	"-1"	"-1"	"-1"	"-1"	"""I really don't know"""	"""no"""	"""20"""	"""F"""	"11"	"0"	"2"	"0"	"1"	"""5"""	"-1"
"What is he talking about? (1-2 mins)"	"Short and fun! A 1-2 minute word game about what someone is talking about."	"experiment, psychology, game"	"$0.25 "	"Thu Jul 31 15:08:18 PDT 2014"	"400"	"0"	"0"	"400"	"Reviewable"	"NotReviewed"	"1 scales"	"600"	"60000"	"Thu Aug 07 15:08:18 PDT 2014"	"S27299"	"Approved"	""	"""pizza"""	"""olives"""	"0"	"-1"	"2"	"0"	"0"	"1"	"0"	"0"	"-1"	"-1"	"-1"	"""TRUE"""	"""distractor2"""	"""FALSE"""	"-1"	"-1"	"-1"	"-1"	"-1"	"-1"	"""picking a pizza"""	""""""	"""24"""	"""male"""	"16"	"0"	"1"	"2"	"0"	"""5"""	"-1"
"What is he talking about? (1-2 mins)"	"Short and fun! A 1-2 minute word game about what someone is talking about."	"experiment, psychology, game"	"$0.25 "	"Thu Jul 31 15:08:18 PDT 2014"	"400"	"0"	"0"	"400"	"Reviewable"	"NotReviewed"	"1 scales"	"600"	"60000"	"Thu Aug 07 15:08:18 PDT 2014"	"S07562"	"Approved"	""	"""friend"""	"""glasses"""	"0"	"-1"	"1"	"0"	"0"	"1"	"0"	"0"	"-1"	"-1"	"-1"	"""TRUE"""	"""target"""	"""TRUE"""	"-1"	"-1"	"-1"	"-1"	"-1"	"-1"	"""What someone is talking about"""	""""""	"""18"""	"""m"""	"9"	"0"	"0"	"1"	"2"	"""5"""	"-1"
"What is he talking about? (1-2 mins)"	"Short and fun! A 1-2 minute word game about what someone is talking about."	"experiment, psychology, game"	"$0.25 "	"Thu Jul 31 15:08:18 PDT 2014"	"400"	"0"	"0"	"400"	"Reviewable"	"NotReviewed"	"1 scales"	"600"	"60000"	"Thu Aug 07 15:08:18 PDT 2014"	"S81910"	"Approved"	""	"""Christmas tree"""	"""lights"""	"0"	"-1"	"1"	"0"	"0"	"1"	"0"	"0"	"-1"	"-1"	"-1"	"""TRUE"""	"""target"""	"""TRUE"""	"-1"	"-1"	"-1"	"-1"	"-1"	"-1"	"""bob and christmas trees"""	""""""	"""44"""	"""m"""	"12"	"0"	"0"	"2"	"1"	"""5"""	"-1"
"What is he talking about? (1-2 mins)"	"Short and fun! A 1-2 minute word game about what someone is talking about."	"experiment, psychology, game"	"$0.25 "	"Thu Jul 31 15:08:18 PDT 2014"	"400"	"0"	"0"	"400"	"Reviewable"	"NotReviewed"	"1 scales"	"600"	"60000"	"Thu Aug 07 15:08:18 PDT 2014"	"S41440"	"Approved"	""	"""boat"""	"""cabin"""	"0"	"-1"	"1"	"0"	"0"	"1"	"0"	"0"	"-1"	"-1"	"-1"	"""TRUE"""	"""target"""	"""TRUE"""	"-1"	"-1"	"-1"	"-1"	"-1"	"-1"	"""language"""	"""no"""	"""33"""	"""m"""	"20"	"0"	"1"	"0"	"2"	"""5"""	"-1"
"What is he talking about? (1-2 mins)"	"Short and fun! A 1-2 minute word game about what someone is talking about."	"experiment, psychology, game"	"$0.25 "	"Thu Jul 31 15:08:18 PDT 2014"	"400"	"0"	"0"	"400"	"Reviewable"	"NotReviewed"	"1 scales"	"600"	"60000"	"Thu Aug 07 15:08:18 PDT 2014"	"S66961"	"Approved"	""	"""snowman"""	"""mittens"""	"0"	"-1"	"1"	"0"	"0"	"1"	"0"	"0"	"-1"	"-1"	"-1"	"""TRUE"""	"""distractor1"""	"""FALSE"""	"-1"	"-1"	"-1"	"-1"	"-1"	"-1"	"""Mittens"""	""""""	""""""	"""m"""	"17"	"0"	"2"	"1"	"0"	"""5"""	"-1"
"What is he talking about? (1-2 mins)"	"Short and fun! A 1-2 minute word game about what someone is talking about."	"experiment, psychology, game"	"$0.25 "	"Thu Jul 31 15:08:18 PDT 2014"	"400"	"0"	"0"	"400"	"Reviewable"	"NotReviewed"	"1 scales"	"600"	"60000"	"Thu Aug 07 15:08:18 PDT 2014"	"S27188"	"Approved"	""	"""sundae"""	"""whipped cream"""	"0"	"-1"	"2"	"0"	"0"	"1"	"0"	"0"	"-1"	"-1"	"-1"	"""TRUE"""	"""distractor2"""	"""FALSE"""	"-1"	"-1"	"-1"	"-1"	"-1"	"-1"	"""Sundaes"""	"""No"""	"""32"""	"""M"""	"11"	"0"	"1"	"2"	"0"	"""5"""	"-1"
"What is he talking about? (1-2 mins)"	"Short and fun! A 1-2 minute word game about what someone is talking about."	"experiment, psychology, game"	"$0.25 "	"Thu Jul 31 15:08:18 PDT 2014"	"400"	"0"	"0"	"400"	"Reviewable"	"NotReviewed"	"1 scales"	"600"	"60000"	"Thu Aug 07 15:08:18 PDT 2014"	"S27089"	"Approved"	""	"""sundae"""	"""whipped cream"""	"0"	"-1"	"1"	"0"	"0"	"1"	"0"	"0"	"-1"	"-1"	"-1"	"""TRUE"""	"""target"""	"""TRUE"""	"-1"	"-1"	"-1"	"-1"	"-1"	"-1"	"""I had to pick an ice cream that I liked"""	"""none"""	"""19"""	"""m"""	"17"	"0"	"0"	"1"	"2"	"""5"""	"-1"
"What is he talking about? (1-2 mins)"	"Short and fun! A 1-2 minute word game about what someone is talking about."	"experiment, psychology, game"	"$0.25 "	"Thu Jul 31 15:08:18 PDT 2014"	"400"	"0"	"0"	"400"	"Reviewable"	"NotReviewed"	"1 scales"	"600"	"60000"	"Thu Aug 07 15:08:18 PDT 2014"	"S75719"	"Approved"	""	"""friend"""	"""glasses"""	"0"	"-1"	"2"	"0"	"0"	"1"	"0"	"0"	"-1"	"-1"	"-1"	"""TRUE"""	"""target"""	"""TRUE"""	"-1"	"-1"	"-1"	"-1"	"-1"	"-1"	"""Friends"""	""""""	"""29"""	"""m"""	"19"	"0"	"2"	"0"	"1"	"""5"""	"-1"
"What is he talking about? (1-2 mins)"	"Short and fun! A 1-2 minute word game about what someone is talking about."	"experiment, psychology, game"	"$0.25 "	"Thu Jul 31 15:08:18 PDT 2014"	"400"	"0"	"0"	"400"	"Reviewable"	"NotReviewed"	"1 scales"	"600"	"60000"	"Thu Aug 07 15:08:18 PDT 2014"	"S75030"	"Approved"	""	"""sundae"""	"""sprinkles"""	"0"	"-1"	"1"	"0"	"0"	"1"	"0"	"0"	"-1"	"-1"	"-1"	"""TRUE"""	"""target"""	"""TRUE"""	"-1"	"-1"	"-1"	"-1"	"-1"	"-1"	"""how one word represents something"""	""""""	"""24"""	"""f"""	"17"	"0"	"2"	"0"	"1"	"""5"""	"-1"
"What is he talking about? (1-2 mins)"	"Short and fun! A 1-2 minute word game about what someone is talking about."	"experiment, psychology, game"	"$0.25 "	"Thu Jul 31 15:08:18 PDT 2014"	"400"	"0"	"0"	"400"	"Reviewable"	"NotReviewed"	"1 scales"	"600"	"60000"	"Thu Aug 07 15:08:18 PDT 2014"	"S33365"	"Approved"	""	"""pizza"""	"""peppers"""	"0"	"-1"	"2"	"0"	"0"	"1"	"0"	"0"	"-1"	"-1"	"-1"	"""TRUE"""	"""target"""	"""TRUE"""	"-1"	"-1"	"-1"	"-1"	"-1"	"-1"	"""What pizza Bob was talking about"""	"""No"""	"""29"""	"""m"""	"11"	"0"	"0"	"2"	"1"	"""5"""	"-1"
"What is he talking about? (1-2 mins)"	"Short and fun! A 1-2 minute word game about what someone is talking about."	"experiment, psychology, game"	"$0.25 "	"Thu Jul 31 15:08:18 PDT 2014"	"400"	"0"	"0"	"400"	"Reviewable"	"NotReviewed"	"1 scales"	"600"	"60000"	"Thu Aug 07 15:08:18 PDT 2014"	"S54556"	"Approved"	""	"""snowman"""	"""mittens"""	"0"	"-1"	"1"	"0"	"0"	"1"	"0"	"0"	"-1"	"-1"	"-1"	"""TRUE"""	"""target"""	"""TRUE"""	"-1"	"-1"	"-1"	"-1"	"-1"	"-1"	"""Snowmen"""	""""""	"""25"""	"""f"""	"17"	"0"	"1"	"2"	"0"	"""5"""	"-1"
"What is he talking about? (1-2 mins)"	"Short and fun! A 1-2 minute word game about what someone is talking about."	"experiment, psychology, game"	"$0.25 "	"Thu Jul 31 15:08:18 PDT 2014"	"400"	"0"	"0"	"400"	"Reviewable"	"NotReviewed"	"1 scales"	"600"	"60000"	"Thu Aug 07 15:08:18 PDT 2014"	"S51176"	"Approved"	""	"""pizza"""	"""peppers"""	"0"	"-1"	"2"	"0"	"0"	"1"	"0"	"0"	"-1"	"-1"	"-1"	"""TRUE"""	"""target"""	"""TRUE"""	"-1"	"-1"	"-1"	"-1"	"-1"	"-1"	"""dont know"""	"""none"""	"""23"""	"""m"""	"8"	"0"	"1"	"0"	"2"	"""5"""	"-1"
"What is he talking about? (1-2 mins)"	"Short and fun! A 1-2 minute word game about what someone is talking about."	"experiment, psychology, game"	"$0.25 "	"Thu Jul 31 15:08:18 PDT 2014"	"400"	"0"	"0"	"400"	"Reviewable"	"NotReviewed"	"1 scales"	"600"	"60000"	"Thu Aug 07 15:08:18 PDT 2014"	"S44346"	"Approved"	""	"""sundae"""	"""cherry"""	"0"	"-1"	"1"	"0"	"0"	"1"	"0"	"0"	"-1"	"-1"	"-1"	"""TRUE"""	"""target"""	"""TRUE"""	"-1"	"-1"	"-1"	"-1"	"-1"	"-1"	"""sundaes"""	"""clear and had no issues"""	"""24"""	"""m"""	"12"	"0"	"0"	"1"	"2"	"""5"""	"-1"
"What is he talking about? (1-2 mins)"	"Short and fun! A 1-2 minute word game about what someone is talking about."	"experiment, psychology, game"	"$0.25 "	"Thu Jul 31 15:08:18 PDT 2014"	"400"	"0"	"0"	"400"	"Reviewable"	"NotReviewed"	"1 scales"	"600"	"60000"	"Thu Aug 07 15:08:18 PDT 2014"	"S35067"	"Approved"	""	"""boat"""	"""cabin"""	"0"	"-1"	"1"	"0"	"0"	"1"	"0"	"0"	"-1"	"-1"	"-1"	"""TRUE"""	"""target"""	"""TRUE"""	"-1"	"-1"	"-1"	"-1"	"-1"	"-1"	"""Boats"""	"""Nope"""	"""29"""	"""m"""	"12"	"0"	"0"	"1"	"2"	"""5"""	"-1"
"What is he talking about? (1-2 mins)"	"Short and fun! A 1-2 minute word game about what someone is talking about."	"experiment, psychology, game"	"$0.25 "	"Thu Jul 31 15:08:18 PDT 2014"	"400"	"0"	"0"	"400"	"Reviewable"	"NotReviewed"	"1 scales"	"600"	"60000"	"Thu Aug 07 15:08:18 PDT 2014"	"S88235"	"Approved"	""	"""pizza"""	"""peppers"""	"0"	"-1"	"2"	"0"	"0"	"1"	"0"	"0"	"-1"	"-1"	"-1"	"""TRUE"""	"""target"""	"""TRUE"""	"-1"	"-1"	"-1"	"-1"	"-1"	"-1"	"""Language/Pizzas"""	"""NA"""	"""25"""	"""f"""	"8"	"0"	"1"	"0"	"2"	"""5"""	"-1"
"What is he talking about? (1-2 mins)"	"Short and fun! A 1-2 minute word game about what someone is talking about."	"experiment, psychology, game"	"$0.25 "	"Thu Jul 31 15:08:18 PDT 2014"	"400"	"0"	"0"	"400"	"Reviewable"	"NotReviewed"	"1 scales"	"600"	"60000"	"Thu Aug 07 15:08:18 PDT 2014"	"S36993"	"Approved"	""	"""Christmas tree"""	"""lights"""	"0"	"-1"	"2"	"0"	"0"	"1"	"0"	"0"	"-1"	"-1"	"-1"	"""TRUE"""	"""distractor1"""	"""FALSE"""	"-1"	"-1"	"-1"	"-1"	"-1"	"-1"	"""tree lights i guess"""	"""i used to know kids who drew like this in middle school"""	"""23"""	"""f"""	"11"	"0"	"2"	"0"	"1"	"""5"""	"-1"
"What is he talking about? (1-2 mins)"	"Short and fun! A 1-2 minute word game about what someone is talking about."	"experiment, psychology, game"	"$0.25 "	"Thu Jul 31 15:08:18 PDT 2014"	"400"	"0"	"0"	"400"	"Reviewable"	"NotReviewed"	"1 scales"	"600"	"60000"	"Thu Aug 07 15:08:18 PDT 2014"	"S36649"	"Approved"	""	"""boat"""	"""flag"""	"0"	"-1"	"2"	"0"	"0"	"1"	"0"	"0"	"-1"	"-1"	"-1"	"""TRUE"""	"""target"""	"""TRUE"""	"-1"	"-1"	"-1"	"-1"	"-1"	"-1"	"""sailboats"""	""""""	"""46"""	"""f"""	"16"	"0"	"2"	"1"	"0"	"""5"""	"-1"
"What is he talking about? (1-2 mins)"	"Short and fun! A 1-2 minute word game about what someone is talking about."	"experiment, psychology, game"	"$0.25 "	"Thu Jul 31 15:08:18 PDT 2014"	"400"	"0"	"0"	"400"	"Reviewable"	"NotReviewed"	"1 scales"	"600"	"60000"	"Thu Aug 07 15:08:18 PDT 2014"	"S37126"	"Approved"	""	"""boat"""	"""sail"""	"0"	"-1"	"1"	"0"	"0"	"1"	"0"	"0"	"-1"	"-1"	"-1"	"""TRUE"""	"""target"""	"""TRUE"""	"-1"	"-1"	"-1"	"-1"	"-1"	"-1"	"""the aim was to understand what bob was referring to."""	""""""	"""24"""	"""m"""	"17"	"0"	"1"	"2"	"0"	"""5"""	"-1"
"What is he talking about? (1-2 mins)"	"Short and fun! A 1-2 minute word game about what someone is talking about."	"experiment, psychology, game"	"$0.25 "	"Thu Jul 31 15:08:18 PDT 2014"	"400"	"0"	"0"	"400"	"Reviewable"	"NotReviewed"	"1 scales"	"600"	"60000"	"Thu Aug 07 15:08:18 PDT 2014"	"S78291"	"Approved"	""	"""friend"""	"""glasses"""	"0"	"-1"	"2"	"0"	"0"	"1"	"0"	"0"	"-1"	"-1"	"-1"	"""TRUE"""	"""target"""	"""TRUE"""	"-1"	"-1"	"-1"	"-1"	"-1"	"-1"	"""meeting friends"""	""""""	"""24"""	"""f"""	"8"	"0"	"1"	"2"	"0"	"""5"""	"-1"
"What is he talking about? (1-2 mins)"	"Short and fun! A 1-2 minute word game about what someone is talking about."	"experiment, psychology, game"	"$0.25 "	"Thu Jul 31 15:08:18 PDT 2014"	"400"	"0"	"0"	"400"	"Reviewable"	"NotReviewed"	"1 scales"	"600"	"60000"	"Thu Aug 07 15:08:18 PDT 2014"	"S61766"	"Approved"	""	"""sundae"""	"""chocolate"""	"0"	"-1"	"2"	"0"	"0"	"1"	"0"	"0"	"-1"	"-1"	"-1"	"""TRUE"""	"""distractor2"""	"""FALSE"""	"-1"	"-1"	"-1"	"-1"	"-1"	"-1"	"""Visual perception versus verbal perception"""	"""No, thank you for the interesting."""	"""39"""	"""f"""	"8"	"0"	"2"	"0"	"1"	"""5"""	"-1"
"What is he talking about? (1-2 mins)"	"Short and fun! A 1-2 minute word game about what someone is talking about."	"experiment, psychology, game"	"$0.25 "	"Thu Jul 31 15:08:18 PDT 2014"	"400"	"0"	"0"	"400"	"Reviewable"	"NotReviewed"	"1 scales"	"600"	"60000"	"Thu Aug 07 15:08:18 PDT 2014"	"S99688"	"Approved"	""	"""Christmas tree"""	"""ornaments"""	"0"	"-1"	"2"	"0"	"0"	"1"	"0"	"0"	"-1"	"-1"	"-1"	"""FALSE"""	"""distractor1"""	"""FALSE"""	"-1"	"-1"	"-1"	"-1"	"-1"	"-1"	"""Bob communicating by only using one word to describe a Christmas tree"""	""""""	"""28"""	"""m"""	"8"	"0"	"1"	"0"	"2"	"""5"""	"-1"
"What is he talking about? (1-2 mins)"	"Short and fun! A 1-2 minute word game about what someone is talking about."	"experiment, psychology, game"	"$0.25 "	"Thu Jul 31 15:08:18 PDT 2014"	"400"	"0"	"0"	"400"	"Reviewable"	"NotReviewed"	"1 scales"	"600"	"60000"	"Thu Aug 07 15:08:18 PDT 2014"	"S24961"	"Approved"	""	"""Christmas tree"""	"""ornaments"""	"0"	"-1"	"1"	"0"	"0"	"1"	"0"	"0"	"-1"	"-1"	"-1"	"""FALSE"""	"""distractor2"""	"""FALSE"""	"-1"	"-1"	"-1"	"-1"	"-1"	"-1"	"""trimming trees and how they look"""	"""no"""	"""21"""	"""m"""	"17"	"0"	"0"	"1"	"2"	"""5"""	"-1"
"What is he talking about? (1-2 mins)"	"Short and fun! A 1-2 minute word game about what someone is talking about."	"experiment, psychology, game"	"$0.25 "	"Thu Jul 31 15:08:18 PDT 2014"	"400"	"0"	"0"	"400"	"Reviewable"	"NotReviewed"	"1 scales"	"600"	"60000"	"Thu Aug 07 15:08:18 PDT 2014"	"S55218"	"Approved"	""	"""sundae"""	"""whipped cream"""	"0"	"-1"	"1"	"0"	"0"	"1"	"0"	"0"	"-1"	"-1"	"-1"	"""TRUE"""	"""distractor2"""	"""FALSE"""	"-1"	"-1"	"-1"	"-1"	"-1"	"-1"	"""What bob ate"""	"""None"""	"""22"""	"""Female"""	"17"	"0"	"1"	"2"	"0"	"""5"""	"-1"
"What is he talking about? (1-2 mins)"	"Short and fun! A 1-2 minute word game about what someone is talking about."	"experiment, psychology, game"	"$0.25 "	"Thu Jul 31 15:08:18 PDT 2014"	"400"	"0"	"0"	"400"	"Reviewable"	"NotReviewed"	"1 scales"	"600"	"60000"	"Thu Aug 07 15:08:18 PDT 2014"	"S30534"	"Approved"	""	"""friend"""	"""glasses"""	"0"	"-1"	"1"	"0"	"0"	"1"	"0"	"0"	"-1"	"-1"	"-1"	"""TRUE"""	"""target"""	"""TRUE"""	"-1"	"-1"	"-1"	"-1"	"-1"	"-1"	"""Bob's smile"""	"""Thanks"""	"""22"""	"""m"""	"17"	"0"	"2"	"1"	"0"	"""5"""	"-1"
"What is he talking about? (1-2 mins)"	"Short and fun! A 1-2 minute word game about what someone is talking about."	"experiment, psychology, game"	"$0.25 "	"Thu Jul 31 15:08:18 PDT 2014"	"400"	"0"	"0"	"400"	"Reviewable"	"NotReviewed"	"1 scales"	"600"	"60000"	"Thu Aug 07 15:08:18 PDT 2014"	"S77008"	"Approved"	""	"""snowman"""	"""mittens"""	"0"	"-1"	"2"	"0"	"0"	"1"	"0"	"0"	"-1"	"-1"	"-1"	"""FALSE"""	"""target"""	"""TRUE"""	"-1"	"-1"	"-1"	"-1"	"-1"	"-1"	"""mittens"""	"""Thanks for using AMT"""	"""35"""	"""f"""	"8"	"0"	"2"	"1"	"0"	"""5"""	"-1"
"What is he talking about? (1-2 mins)"	"Short and fun! A 1-2 minute word game about what someone is talking about."	"experiment, psychology, game"	"$0.25 "	"Thu Jul 31 15:08:18 PDT 2014"	"400"	"0"	"0"	"400"	"Reviewable"	"NotReviewed"	"1 scales"	"600"	"60000"	"Thu Aug 07 15:08:18 PDT 2014"	"S00459"	"Approved"	""	"""boat"""	"""motor"""	"0"	"-1"	"1"	"0"	"0"	"1"	"0"	"0"	"-1"	"-1"	"-1"	"""TRUE"""	"""target"""	"""TRUE"""	"-1"	"-1"	"-1"	"-1"	"-1"	"-1"	"""This survey was about language acquistion."""	"""No comments."""	"""22"""	"""m"""	"17"	"0"	"2"	"0"	"1"	"""5"""	"-1"
"What is he talking about? (1-2 mins)"	"Short and fun! A 1-2 minute word game about what someone is talking about."	"experiment, psychology, game"	"$0.25 "	"Thu Jul 31 15:08:18 PDT 2014"	"400"	"0"	"0"	"400"	"Reviewable"	"NotReviewed"	"1 scales"	"600"	"60000"	"Thu Aug 07 15:08:18 PDT 2014"	"S84869"	"Approved"	""	"""friend"""	"""glasses"""	"0"	"-1"	"1"	"0"	"0"	"1"	"0"	"0"	"-1"	"-1"	"-1"	"""TRUE"""	"""target"""	"""TRUE"""	"-1"	"-1"	"-1"	"-1"	"-1"	"-1"	"""This survey was about effective reading and comprehension. Also it was about using deductive reasoning to figure out who the individual was visiting. """	"""I would have liked to know if I got the question right or if I picked the right person. """	"""28"""	"""m"""	"20"	"0"	"2"	"0"	"1"	"""5"""	"-1"
"What is he talking about? (1-2 mins)"	"Short and fun! A 1-2 minute word game about what someone is talking about."	"experiment, psychology, game"	"$0.25 "	"Thu Jul 31 15:08:18 PDT 2014"	"400"	"0"	"0"	"400"	"Reviewable"	"NotReviewed"	"1 scales"	"600"	"60000"	"Thu Aug 07 15:08:18 PDT 2014"	"S71812"	"Approved"	""	"""friend"""	"""hat"""	"0"	"-1"	"1"	"0"	"0"	"1"	"0"	"0"	"-1"	"-1"	"-1"	"""FALSE"""	"""target"""	"""TRUE"""	"-1"	"-1"	"-1"	"-1"	"-1"	"-1"	"""Picking a friend to visit"""	"""No"""	"""24"""	"""Female"""	"20"	"0"	"0"	"1"	"2"	"""5"""	"-1"
"What is he talking about? (1-2 mins)"	"Short and fun! A 1-2 minute word game about what someone is talking about."	"experiment, psychology, game"	"$0.25 "	"Thu Jul 31 15:08:18 PDT 2014"	"400"	"0"	"0"	"400"	"Reviewable"	"NotReviewed"	"1 scales"	"600"	"60000"	"Thu Aug 07 15:08:18 PDT 2014"	"S55295"	"Approved"	""	"""boat"""	"""flag"""	"0"	"-1"	"2"	"0"	"0"	"1"	"0"	"0"	"-1"	"-1"	"-1"	"""TRUE"""	"""distractor2"""	"""FALSE"""	"-1"	"-1"	"-1"	"-1"	"-1"	"-1"	"""How people understand and use words to communicate"""	""""""	""""""	"""f"""	"19"	"0"	"0"	"1"	"2"	"""5"""	"-1"
"What is he talking about? (1-2 mins)"	"Short and fun! A 1-2 minute word game about what someone is talking about."	"experiment, psychology, game"	"$0.25 "	"Thu Jul 31 15:08:18 PDT 2014"	"400"	"0"	"0"	"400"	"Reviewable"	"NotReviewed"	"1 scales"	"600"	"60000"	"Thu Aug 07 15:08:18 PDT 2014"	"S03490"	"Approved"	""	"""pizza"""	"""mushrooms"""	"0"	"-1"	"1"	"0"	"0"	"1"	"0"	"0"	"-1"	"-1"	"-1"	"""TRUE"""	"""target"""	"""TRUE"""	"-1"	"-1"	"-1"	"-1"	"-1"	"-1"	"""Bob's pizza"""	""""""	"""52"""	"""female"""	"9"	"0"	"1"	"2"	"0"	"""5"""	"-1"
"What is he talking about? (1-2 mins)"	"Short and fun! A 1-2 minute word game about what someone is talking about."	"experiment, psychology, game"	"$0.25 "	"Thu Jul 31 15:08:18 PDT 2014"	"400"	"0"	"0"	"400"	"Reviewable"	"NotReviewed"	"1 scales"	"600"	"60000"	"Thu Aug 07 15:08:18 PDT 2014"	"S71895"	"Approved"	""	"""snowman"""	"""scarf"""	"0"	"-1"	"2"	"0"	"0"	"1"	"0"	"0"	"-1"	"-1"	"-1"	"""TRUE"""	"""distractor2"""	"""FALSE"""	"-1"	"-1"	"-1"	"-1"	"-1"	"-1"	"""picking a scarf on a snowman"""	""""""	"""22"""	"""m"""	"19"	"0"	"1"	"0"	"2"	"""5"""	"-1"
"What is he talking about? (1-2 mins)"	"Short and fun! A 1-2 minute word game about what someone is talking about."	"experiment, psychology, game"	"$0.25 "	"Thu Jul 31 15:08:18 PDT 2014"	"400"	"0"	"0"	"400"	"Reviewable"	"NotReviewed"	"1 scales"	"600"	"60000"	"Thu Aug 07 15:08:18 PDT 2014"	"S71719"	"Approved"	""	"""Christmas tree"""	"""lights"""	"0"	"-1"	"1"	"0"	"0"	"1"	"0"	"0"	"-1"	"-1"	"-1"	"""TRUE"""	"""target"""	"""TRUE"""	"-1"	"-1"	"-1"	"-1"	"-1"	"-1"	"""christmas tree lights"""	""""""	"""35"""	"""male"""	"12"	"0"	"0"	"2"	"1"	"""5"""	"-1"
"What is he talking about? (1-2 mins)"	"Short and fun! A 1-2 minute word game about what someone is talking about."	"experiment, psychology, game"	"$0.25 "	"Thu Jul 31 15:08:18 PDT 2014"	"400"	"0"	"0"	"400"	"Reviewable"	"NotReviewed"	"1 scales"	"600"	"60000"	"Thu Aug 07 15:08:18 PDT 2014"	"S57518"	"Approved"	""	"""snowman"""	"""mittens"""	"0"	"-1"	"1"	"0"	"0"	"1"	"0"	"0"	"-1"	"-1"	"-1"	"""TRUE"""	"""distractor3"""	"""FALSE"""	"-1"	"-1"	"-1"	"-1"	"-1"	"-1"	"""Which snowman he was talking about"""	"""no"""	"""18"""	"""m"""	"12"	"0"	"1"	"2"	"0"	"""5"""	"-1"
"What is he talking about? (1-2 mins)"	"Short and fun! A 1-2 minute word game about what someone is talking about."	"experiment, psychology, game"	"$0.25 "	"Thu Jul 31 15:08:18 PDT 2014"	"400"	"0"	"0"	"400"	"Reviewable"	"NotReviewed"	"1 scales"	"600"	"60000"	"Thu Aug 07 15:08:18 PDT 2014"	"S10472"	"Approved"	""	"""sundae"""	"""cherry"""	"0"	"-1"	"1"	"0"	"0"	"1"	"0"	"0"	"-1"	"-1"	"-1"	"""TRUE"""	"""distractor2"""	"""FALSE"""	"-1"	"-1"	"-1"	"-1"	"-1"	"-1"	"""What sundae bob would choose."""	"""n/a"""	"""26"""	"""f"""	"9"	"0"	"1"	"2"	"0"	"""5"""	"-1"
"What is he talking about? (1-2 mins)"	"Short and fun! A 1-2 minute word game about what someone is talking about."	"experiment, psychology, game"	"$0.25 "	"Thu Jul 31 15:08:18 PDT 2014"	"400"	"0"	"0"	"400"	"Reviewable"	"NotReviewed"	"1 scales"	"600"	"60000"	"Thu Aug 07 15:08:18 PDT 2014"	"S20530"	"Approved"	""	"""friend"""	"""hat"""	"0"	"-1"	"2"	"0"	"0"	"1"	"0"	"0"	"-1"	"-1"	"-1"	"""TRUE"""	"""target"""	"""TRUE"""	"-1"	"-1"	"-1"	"-1"	"-1"	"-1"	"""Finding out which friend Bob is talking about by deciphering the descriptor \""hat\""."""	"""No."""	"""32"""	"""m"""	"8"	"0"	"2"	"1"	"0"	"""5"""	"-1"
"What is he talking about? (1-2 mins)"	"Short and fun! A 1-2 minute word game about what someone is talking about."	"experiment, psychology, game"	"$0.25 "	"Thu Jul 31 15:08:18 PDT 2014"	"400"	"0"	"0"	"400"	"Reviewable"	"NotReviewed"	"1 scales"	"600"	"60000"	"Thu Aug 07 15:08:18 PDT 2014"	"S51752"	"Approved"	""	"""sundae"""	"""whipped cream"""	"0"	"-1"	"1"	"0"	"0"	"1"	"0"	"0"	"-1"	"-1"	"-1"	"""TRUE"""	"""distractor2"""	"""FALSE"""	"-1"	"-1"	"-1"	"-1"	"-1"	"-1"	"""Sundaes"""	"""ty"""	"""36"""	"""f"""	"17"	"0"	"0"	"1"	"2"	"""5"""	"-1"
"What is he talking about? (1-2 mins)"	"Short and fun! A 1-2 minute word game about what someone is talking about."	"experiment, psychology, game"	"$0.25 "	"Thu Jul 31 15:08:18 PDT 2014"	"400"	"0"	"0"	"400"	"Reviewable"	"NotReviewed"	"1 scales"	"600"	"60000"	"Thu Aug 07 15:08:18 PDT 2014"	"S43278"	"Approved"	""	"""boat"""	"""motor"""	"0"	"-1"	"2"	"0"	"0"	"1"	"0"	"0"	"-1"	"-1"	"-1"	"""TRUE"""	"""distractor2"""	"""FALSE"""	"-1"	"-1"	"-1"	"-1"	"-1"	"-1"	"""to figure out which boat he meant to point out with the word \""motor\"""""	"""none"""	"""25"""	"""m"""	"11"	"0"	"0"	"1"	"2"	"""5"""	"-1"
"What is he talking about? (1-2 mins)"	"Short and fun! A 1-2 minute word game about what someone is talking about."	"experiment, psychology, game"	"$0.25 "	"Thu Jul 31 15:08:18 PDT 2014"	"400"	"0"	"0"	"400"	"Reviewable"	"NotReviewed"	"1 scales"	"600"	"60000"	"Thu Aug 07 15:08:18 PDT 2014"	"S34295"	"Approved"	""	"""friend"""	"""glasses"""	"0"	"-1"	"2"	"0"	"0"	"1"	"0"	"0"	"-1"	"-1"	"-1"	"""TRUE"""	"""target"""	"""TRUE"""	"-1"	"-1"	"-1"	"-1"	"-1"	"-1"	"""people"""	"""no thanks"""	"""60"""	"""m"""	"16"	"0"	"2"	"1"	"0"	"""5"""	"-1"
"What is he talking about? (1-2 mins)"	"Short and fun! A 1-2 minute word game about what someone is talking about."	"experiment, psychology, game"	"$0.25 "	"Thu Jul 31 15:08:18 PDT 2014"	"400"	"0"	"0"	"400"	"Reviewable"	"NotReviewed"	"1 scales"	"600"	"60000"	"Thu Aug 07 15:08:18 PDT 2014"	"S21819"	"Approved"	""	"""pizza"""	"""olives"""	"0"	"-1"	"1"	"0"	"0"	"1"	"0"	"0"	"-1"	"-1"	"-1"	"""TRUE"""	"""target"""	"""TRUE"""	"-1"	"-1"	"-1"	"-1"	"-1"	"-1"	"""figuring out what pizza bob was talking about"""	"""fun"""	"""45"""	"""m"""	"20"	"0"	"2"	"0"	"1"	"""5"""	"-1"
"What is he talking about? (1-2 mins)"	"Short and fun! A 1-2 minute word game about what someone is talking about."	"experiment, psychology, game"	"$0.25 "	"Thu Jul 31 15:08:18 PDT 2014"	"400"	"0"	"0"	"400"	"Reviewable"	"NotReviewed"	"1 scales"	"600"	"60000"	"Thu Aug 07 15:08:18 PDT 2014"	"S69107"	"Approved"	""	"""sundae"""	"""sprinkles"""	"0"	"-1"	"2"	"0"	"0"	"1"	"0"	"0"	"-1"	"-1"	"-1"	"""TRUE"""	"""target"""	"""TRUE"""	"-1"	"-1"	"-1"	"-1"	"-1"	"-1"	"""Bob said sprinkles, I had to decide which sundae he was referring to."""	"""No"""	"""56"""	"""f"""	"16"	"0"	"2"	"1"	"0"	"""5"""	"-1"
"What is he talking about? (1-2 mins)"	"Short and fun! A 1-2 minute word game about what someone is talking about."	"experiment, psychology, game"	"$0.25 "	"Thu Jul 31 15:08:18 PDT 2014"	"400"	"0"	"0"	"400"	"Reviewable"	"NotReviewed"	"1 scales"	"600"	"60000"	"Thu Aug 07 15:08:18 PDT 2014"	"S07392"	"Approved"	""	"""snowman"""	"""mittens"""	"0"	"-1"	"1"	"0"	"0"	"1"	"0"	"0"	"-1"	"-1"	"-1"	"""TRUE"""	"""target"""	"""TRUE"""	"-1"	"-1"	"-1"	"-1"	"-1"	"-1"	"""What I think people are talking about"""	""""""	"""33"""	"""m"""	"12"	"0"	"2"	"0"	"1"	"""5"""	"-1"
"What is he talking about? (1-2 mins)"	"Short and fun! A 1-2 minute word game about what someone is talking about."	"experiment, psychology, game"	"$0.25 "	"Thu Jul 31 15:08:18 PDT 2014"	"400"	"0"	"0"	"400"	"Reviewable"	"NotReviewed"	"1 scales"	"600"	"60000"	"Thu Aug 07 15:08:18 PDT 2014"	"S31270"	"Approved"	""	"""snowman"""	"""mittens"""	"0"	"-1"	"1"	"0"	"0"	"1"	"0"	"0"	"-1"	"-1"	"-1"	"""TRUE"""	"""distractor1"""	"""FALSE"""	"-1"	"-1"	"-1"	"-1"	"-1"	"-1"	"""It sounded like a dying boy's wish for me--the anonymous survey participant--to complete his middle snowman with a pair of mittens."""	""""""	"""22"""	"""m"""	"9"	"0"	"2"	"0"	"1"	"""5"""	"-1"
"What is he talking about? (1-2 mins)"	"Short and fun! A 1-2 minute word game about what someone is talking about."	"experiment, psychology, game"	"$0.25 "	"Thu Jul 31 15:08:18 PDT 2014"	"400"	"0"	"0"	"400"	"Reviewable"	"NotReviewed"	"1 scales"	"600"	"60000"	"Thu Aug 07 15:08:18 PDT 2014"	"S26275"	"Approved"	""	"""Christmas tree"""	"""lights"""	"0"	"-1"	"2"	"0"	"0"	"1"	"0"	"0"	"-1"	"-1"	"-1"	"""TRUE"""	"""target"""	"""TRUE"""	"-1"	"-1"	"-1"	"-1"	"-1"	"-1"	"""Language interpretation"""	"""Insteresting"""	"""32"""	"""f"""	"16"	"0"	"1"	"0"	"2"	"""5"""	"-1"
"What is he talking about? (1-2 mins)"	"Short and fun! A 1-2 minute word game about what someone is talking about."	"experiment, psychology, game"	"$0.25 "	"Thu Jul 31 15:08:18 PDT 2014"	"400"	"0"	"0"	"400"	"Reviewable"	"NotReviewed"	"1 scales"	"600"	"60000"	"Thu Aug 07 15:08:18 PDT 2014"	"S16755"	"Approved"	""	"""friend"""	"""mustache"""	"0"	"-1"	"2"	"0"	"0"	"1"	"0"	"0"	"-1"	"-1"	"-1"	"""TRUE"""	"""target"""	"""TRUE"""	"-1"	"-1"	"-1"	"-1"	"-1"	"-1"	"""What's Bob talking about?"""	""""""	"""36"""	"""f"""	"8"	"0"	"2"	"0"	"1"	"""5"""	"-1"
"What is he talking about? (1-2 mins)"	"Short and fun! A 1-2 minute word game about what someone is talking about."	"experiment, psychology, game"	"$0.25 "	"Thu Jul 31 15:08:18 PDT 2014"	"400"	"0"	"0"	"400"	"Reviewable"	"NotReviewed"	"1 scales"	"600"	"60000"	"Thu Aug 07 15:08:18 PDT 2014"	"S29725"	"Approved"	""	"""pizza"""	"""peppers"""	"0"	"-1"	"2"	"0"	"0"	"1"	"0"	"0"	"-1"	"-1"	"-1"	"""TRUE"""	"""target"""	"""TRUE"""	"-1"	"-1"	"-1"	"-1"	"-1"	"-1"	"""language"""	"""fun"""	"""45"""	"""f"""	"11"	"0"	"1"	"0"	"2"	"""5"""	"-1"
"What is he talking about? (1-2 mins)"	"Short and fun! A 1-2 minute word game about what someone is talking about."	"experiment, psychology, game"	"$0.25 "	"Thu Jul 31 15:08:18 PDT 2014"	"400"	"0"	"0"	"400"	"Reviewable"	"NotReviewed"	"1 scales"	"600"	"60000"	"Thu Aug 07 15:08:18 PDT 2014"	"S18626"	"Approved"	""	"""boat"""	"""sail"""	"0"	"-1"	"2"	"0"	"0"	"1"	"0"	"0"	"-1"	"-1"	"-1"	"""TRUE"""	"""distractor1"""	"""FALSE"""	"-1"	"-1"	"-1"	"-1"	"-1"	"-1"	"""Judging what a sail boat expert thinks a sail boat is."""	""""""	"""24"""	"""m"""	"11"	"0"	"0"	"2"	"1"	"""5"""	"-1"
"What is he talking about? (1-2 mins)"	"Short and fun! A 1-2 minute word game about what someone is talking about."	"experiment, psychology, game"	"$0.25 "	"Thu Jul 31 15:08:18 PDT 2014"	"400"	"0"	"0"	"400"	"Reviewable"	"NotReviewed"	"1 scales"	"600"	"60000"	"Thu Aug 07 15:08:18 PDT 2014"	"S40479"	"Approved"	""	"""pizza"""	"""mushrooms"""	"0"	"-1"	"1"	"0"	"0"	"1"	"0"	"0"	"-1"	"-1"	"-1"	"""TRUE"""	"""target"""	"""TRUE"""	"-1"	"-1"	"-1"	"-1"	"-1"	"-1"	"""bob's choice in pizza"""	"""interesting survey"""	"""32"""	"""m"""	"12"	"0"	"1"	"0"	"2"	"""5"""	"-1"
"What is he talking about? (1-2 mins)"	"Short and fun! A 1-2 minute word game about what someone is talking about."	"experiment, psychology, game"	"$0.25 "	"Thu Jul 31 15:08:18 PDT 2014"	"400"	"0"	"0"	"400"	"Reviewable"	"NotReviewed"	"1 scales"	"600"	"60000"	"Thu Aug 07 15:08:18 PDT 2014"	"S30387"	"Approved"	""	"""boat"""	"""cabin"""	"0"	"-1"	"1"	"0"	"0"	"1"	"0"	"0"	"-1"	"-1"	"-1"	"""TRUE"""	"""distractor2"""	"""FALSE"""	"-1"	"-1"	"-1"	"-1"	"-1"	"-1"	"""Picking which boat Bob wants"""	""""""	"""28"""	"""m"""	"17"	"0"	"1"	"0"	"2"	"""5"""	"-1"
"What is he talking about? (1-2 mins)"	"Short and fun! A 1-2 minute word game about what someone is talking about."	"experiment, psychology, game"	"$0.25 "	"Thu Jul 31 15:08:18 PDT 2014"	"400"	"0"	"0"	"400"	"Reviewable"	"NotReviewed"	"1 scales"	"600"	"60000"	"Thu Aug 07 15:08:18 PDT 2014"	"S03284"	"Approved"	""	"""boat"""	"""cabin"""	"0"	"-1"	"2"	"0"	"0"	"1"	"0"	"0"	"-1"	"-1"	"-1"	"""FALSE"""	"""distractor1"""	"""FALSE"""	"-1"	"-1"	"-1"	"-1"	"-1"	"-1"	"""deciding what he means"""	""""""	"""49"""	"""f"""	"8"	"0"	"0"	"1"	"2"	"""5"""	"-1"
"What is he talking about? (1-2 mins)"	"Short and fun! A 1-2 minute word game about what someone is talking about."	"experiment, psychology, game"	"$0.25 "	"Thu Jul 31 15:08:18 PDT 2014"	"400"	"0"	"0"	"400"	"Reviewable"	"NotReviewed"	"1 scales"	"600"	"60000"	"Thu Aug 07 15:08:18 PDT 2014"	"S74373"	"Approved"	""	"""boat"""	"""flag"""	"0"	"-1"	"2"	"0"	"0"	"1"	"0"	"0"	"-1"	"-1"	"-1"	"""TRUE"""	"""distractor1"""	"""FALSE"""	"-1"	"-1"	"-1"	"-1"	"-1"	"-1"	"""boats"""	"""ty"""	"""30"""	"""m"""	"16"	"0"	"1"	"2"	"0"	"""5"""	"-1"
"What is he talking about? (1-2 mins)"	"Short and fun! A 1-2 minute word game about what someone is talking about."	"experiment, psychology, game"	"$0.25 "	"Thu Jul 31 15:08:18 PDT 2014"	"400"	"0"	"0"	"400"	"Reviewable"	"NotReviewed"	"1 scales"	"600"	"60000"	"Thu Aug 07 15:08:18 PDT 2014"	"S03165"	"Approved"	""	"""snowman"""	"""scarf"""	"0"	"-1"	"2"	"0"	"0"	"1"	"0"	"0"	"-1"	"-1"	"-1"	"""TRUE"""	"""target"""	"""TRUE"""	"-1"	"-1"	"-1"	"-1"	"-1"	"-1"	"""Bob's ability to communicate"""	"""n\\a"""	"""32"""	"""m"""	"16"	"0"	"0"	"2"	"1"	"""5"""	"-1"
"What is he talking about? (1-2 mins)"	"Short and fun! A 1-2 minute word game about what someone is talking about."	"experiment, psychology, game"	"$0.25 "	"Thu Jul 31 15:08:18 PDT 2014"	"400"	"0"	"0"	"400"	"Reviewable"	"NotReviewed"	"1 scales"	"600"	"60000"	"Thu Aug 07 15:08:18 PDT 2014"	"S37581"	"Approved"	""	"""boat"""	"""sail"""	"0"	"-1"	"2"	"0"	"0"	"1"	"0"	"0"	"-1"	"-1"	"-1"	"""TRUE"""	"""target"""	"""TRUE"""	"-1"	"-1"	"-1"	"-1"	"-1"	"-1"	"""What bob is talking about"""	"""thank you"""	"""26"""	"""f"""	"16"	"0"	"0"	"1"	"2"	"""5"""	"-1"
"What is he talking about? (1-2 mins)"	"Short and fun! A 1-2 minute word game about what someone is talking about."	"experiment, psychology, game"	"$0.25 "	"Thu Jul 31 15:08:18 PDT 2014"	"400"	"0"	"0"	"400"	"Reviewable"	"NotReviewed"	"1 scales"	"600"	"60000"	"Thu Aug 07 15:08:18 PDT 2014"	"S97587"	"Approved"	""	"""pizza"""	"""peppers"""	"0"	"-1"	"1"	"0"	"0"	"1"	"0"	"0"	"-1"	"-1"	"-1"	"""TRUE"""	"""distractor2"""	"""FALSE"""	"-1"	"-1"	"-1"	"-1"	"-1"	"-1"	"""Picking pizza"""	""""""	"""28"""	"""m"""	"9"	"0"	"1"	"2"	"0"	"""5"""	"-1"
"What is he talking about? (1-2 mins)"	"Short and fun! A 1-2 minute word game about what someone is talking about."	"experiment, psychology, game"	"$0.25 "	"Thu Jul 31 15:08:18 PDT 2014"	"400"	"0"	"0"	"400"	"Reviewable"	"NotReviewed"	"1 scales"	"600"	"60000"	"Thu Aug 07 15:08:18 PDT 2014"	"S48224"	"Approved"	""	"""snowman"""	"""scarf"""	"0"	"-1"	"2"	"0"	"0"	"1"	"0"	"0"	"-1"	"-1"	"-1"	"""TRUE"""	"""target"""	"""TRUE"""	"-1"	"-1"	"-1"	"-1"	"-1"	"-1"	"""What Bob was trying to say with one word. """	""""""	"""20"""	"""m"""	"16"	"0"	"0"	"2"	"1"	"""5"""	"-1"
"What is he talking about? (1-2 mins)"	"Short and fun! A 1-2 minute word game about what someone is talking about."	"experiment, psychology, game"	"$0.25 "	"Thu Jul 31 15:08:18 PDT 2014"	"400"	"0"	"0"	"400"	"Reviewable"	"NotReviewed"	"1 scales"	"600"	"60000"	"Thu Aug 07 15:08:18 PDT 2014"	"S08076"	"Approved"	""	"""Christmas tree"""	"""star"""	"0"	"-1"	"2"	"0"	"0"	"1"	"0"	"0"	"-1"	"-1"	"-1"	"""TRUE"""	"""distractor2"""	"""FALSE"""	"-1"	"-1"	"-1"	"-1"	"-1"	"-1"	"""Figuring out something about someone."""	""""""	"""28"""	"""m"""	"19"	"0"	"2"	"1"	"0"	"""5"""	"-1"
"What is he talking about? (1-2 mins)"	"Short and fun! A 1-2 minute word game about what someone is talking about."	"experiment, psychology, game"	"$0.25 "	"Thu Jul 31 15:08:18 PDT 2014"	"400"	"0"	"0"	"400"	"Reviewable"	"NotReviewed"	"1 scales"	"600"	"60000"	"Thu Aug 07 15:08:18 PDT 2014"	"S80591"	"Approved"	""	"""boat"""	"""sail"""	"0"	"-1"	"1"	"0"	"0"	"1"	"0"	"0"	"-1"	"-1"	"-1"	"""TRUE"""	"""target"""	"""TRUE"""	"-1"	"-1"	"-1"	"-1"	"-1"	"-1"	"""Sailing"""	"""Thanks"""	"""19"""	"""m"""	"9"	"0"	"0"	"2"	"1"	"""5"""	"-1"
"What is he talking about? (1-2 mins)"	"Short and fun! A 1-2 minute word game about what someone is talking about."	"experiment, psychology, game"	"$0.25 "	"Thu Jul 31 15:08:18 PDT 2014"	"400"	"0"	"0"	"400"	"Reviewable"	"NotReviewed"	"1 scales"	"600"	"60000"	"Thu Aug 07 15:08:18 PDT 2014"	"S73942"	"Approved"	""	"""Christmas tree"""	"""ornaments"""	"0"	"-1"	"1"	"0"	"0"	"1"	"0"	"0"	"-1"	"-1"	"-1"	"""TRUE"""	"""distractor3"""	"""FALSE"""	"-1"	"-1"	"-1"	"-1"	"-1"	"-1"	"""communication effectiveness?"""	"""No"""	"""29"""	"""f"""	"20"	"0"	"2"	"0"	"1"	"""5"""	"-1"
"What is he talking about? (1-2 mins)"	"Short and fun! A 1-2 minute word game about what someone is talking about."	"experiment, psychology, game"	"$0.25 "	"Thu Jul 31 15:08:18 PDT 2014"	"400"	"0"	"0"	"400"	"Reviewable"	"NotReviewed"	"1 scales"	"600"	"60000"	"Thu Aug 07 15:08:18 PDT 2014"	"S74124"	"Approved"	""	"""sundae"""	"""whipped cream"""	"0"	"-1"	"2"	"0"	"0"	"1"	"0"	"0"	"-1"	"-1"	"-1"	"""TRUE"""	"""target"""	"""TRUE"""	"-1"	"-1"	"-1"	"-1"	"-1"	"-1"	"""Figuring out what someone is trying to say based on one word or phrase."""	""""""	"""27"""	"""m"""	"19"	"0"	"0"	"2"	"1"	"""5"""	"-1"
"What is he talking about? (1-2 mins)"	"Short and fun! A 1-2 minute word game about what someone is talking about."	"experiment, psychology, game"	"$0.25 "	"Thu Jul 31 15:08:18 PDT 2014"	"400"	"0"	"0"	"400"	"Reviewable"	"NotReviewed"	"1 scales"	"600"	"60000"	"Thu Aug 07 15:08:18 PDT 2014"	"S69418"	"Approved"	""	"""boat"""	"""sail"""	"0"	"-1"	"2"	"0"	"0"	"1"	"0"	"0"	"-1"	"-1"	"-1"	"""TRUE"""	"""target"""	"""TRUE"""	"-1"	"-1"	"-1"	"-1"	"-1"	"-1"	"""How people determine the desires of others when having limited information"""	""""""	"""27"""	"""m"""	"8"	"0"	"1"	"0"	"2"	"""5"""	"-1"
"What is he talking about? (1-2 mins)"	"Short and fun! A 1-2 minute word game about what someone is talking about."	"experiment, psychology, game"	"$0.25 "	"Thu Jul 31 15:08:18 PDT 2014"	"400"	"0"	"0"	"400"	"Reviewable"	"NotReviewed"	"1 scales"	"600"	"60000"	"Thu Aug 07 15:08:18 PDT 2014"	"S58581"	"Approved"	""	"""Christmas tree"""	"""lights"""	"0"	"-1"	"2"	"0"	"0"	"1"	"0"	"0"	"-1"	"-1"	"-1"	"""TRUE"""	"""target"""	"""TRUE"""	"-1"	"-1"	"-1"	"-1"	"-1"	"-1"	"""comprehension"""	""""""	"""40"""	"""f"""	"8"	"0"	"1"	"2"	"0"	"""5"""	"-1"
"What is he talking about? (1-2 mins)"	"Short and fun! A 1-2 minute word game about what someone is talking about."	"experiment, psychology, game"	"$0.25 "	"Thu Jul 31 15:08:18 PDT 2014"	"400"	"0"	"0"	"400"	"Reviewable"	"NotReviewed"	"1 scales"	"600"	"60000"	"Thu Aug 07 15:08:18 PDT 2014"	"S84396"	"Approved"	""	"""Christmas tree"""	"""star"""	"0"	"-1"	"2"	"0"	"0"	"1"	"0"	"0"	"-1"	"-1"	"-1"	"""TRUE"""	"""distractor2"""	"""FALSE"""	"-1"	"-1"	"-1"	"-1"	"-1"	"-1"	"""language"""	"""no"""	"""27"""	"""f"""	"11"	"0"	"0"	"1"	"2"	"""5"""	"-1"
"What is he talking about? (1-2 mins)"	"Short and fun! A 1-2 minute word game about what someone is talking about."	"experiment, psychology, game"	"$0.25 "	"Thu Jul 31 15:08:18 PDT 2014"	"400"	"0"	"0"	"400"	"Reviewable"	"NotReviewed"	"1 scales"	"600"	"60000"	"Thu Aug 07 15:08:18 PDT 2014"	"S29647"	"Approved"	""	"""boat"""	"""motor"""	"0"	"-1"	"1"	"0"	"0"	"1"	"0"	"0"	"-1"	"-1"	"-1"	"""TRUE"""	"""distractor2"""	"""FALSE"""	"-1"	"-1"	"-1"	"-1"	"-1"	"-1"	"""What Bob was talking about"""	""""""	"""25"""	"""f"""	"9"	"0"	"1"	"0"	"2"	"""5"""	"-1"
"What is he talking about? (1-2 mins)"	"Short and fun! A 1-2 minute word game about what someone is talking about."	"experiment, psychology, game"	"$0.25 "	"Thu Jul 31 15:08:18 PDT 2014"	"400"	"0"	"0"	"400"	"Reviewable"	"NotReviewed"	"1 scales"	"600"	"60000"	"Thu Aug 07 15:08:18 PDT 2014"	"S82050"	"Approved"	""	"""snowman"""	"""mittens"""	"0"	"-1"	"1"	"0"	"0"	"1"	"0"	"0"	"-1"	"-1"	"-1"	"""TRUE"""	"""distractor3"""	"""FALSE"""	"-1"	"-1"	"-1"	"-1"	"-1"	"-1"	"""Recognition"""	""""""	"""25"""	"""m"""	"12"	"0"	"0"	"2"	"1"	"""5"""	"-1"
"What is he talking about? (1-2 mins)"	"Short and fun! A 1-2 minute word game about what someone is talking about."	"experiment, psychology, game"	"$0.25 "	"Thu Jul 31 15:08:18 PDT 2014"	"400"	"0"	"0"	"400"	"Reviewable"	"NotReviewed"	"1 scales"	"600"	"60000"	"Thu Aug 07 15:08:18 PDT 2014"	"S26638"	"Approved"	""	"""Christmas tree"""	"""ornaments"""	"0"	"-1"	"1"	"0"	"0"	"1"	"0"	"0"	"-1"	"-1"	"-1"	"""TRUE"""	"""distractor2"""	"""FALSE"""	"-1"	"-1"	"-1"	"-1"	"-1"	"-1"	"""Bob's ability to communicate an image with only one word."""	"""No."""	""""""	"""m"""	"17"	"0"	"0"	"2"	"1"	"""5"""	"-1"
"What is he talking about? (1-2 mins)"	"Short and fun! A 1-2 minute word game about what someone is talking about."	"experiment, psychology, game"	"$0.25 "	"Thu Jul 31 15:08:18 PDT 2014"	"400"	"0"	"0"	"400"	"Reviewable"	"NotReviewed"	"1 scales"	"600"	"60000"	"Thu Aug 07 15:08:18 PDT 2014"	"S90852"	"Approved"	""	"""boat"""	"""motor"""	"0"	"-1"	"1"	"0"	"0"	"1"	"0"	"0"	"-1"	"-1"	"-1"	"""TRUE"""	"""distractor3"""	"""FALSE"""	"-1"	"-1"	"-1"	"-1"	"-1"	"-1"	"""How people recognize words"""	"""No"""	"""32"""	"""m"""	"20"	"0"	"2"	"1"	"0"	"""5"""	"-1"
"What is he talking about? (1-2 mins)"	"Short and fun! A 1-2 minute word game about what someone is talking about."	"experiment, psychology, game"	"$0.25 "	"Thu Jul 31 15:08:18 PDT 2014"	"400"	"0"	"0"	"400"	"Reviewable"	"NotReviewed"	"1 scales"	"600"	"60000"	"Thu Aug 07 15:08:18 PDT 2014"	"S40011"	"Approved"	""	"""sundae"""	"""whipped cream"""	"0"	"-1"	"2"	"0"	"0"	"1"	"0"	"0"	"-1"	"-1"	"-1"	"""FALSE"""	"""distractor2"""	"""FALSE"""	"-1"	"-1"	"-1"	"-1"	"-1"	"-1"	"""Joe eating sundaes"""	""""""	"""21"""	"""m"""	"11"	"0"	"2"	"1"	"0"	"""5"""	"-1"
"What is he talking about? (1-2 mins)"	"Short and fun! A 1-2 minute word game about what someone is talking about."	"experiment, psychology, game"	"$0.25 "	"Thu Jul 31 15:08:18 PDT 2014"	"400"	"0"	"0"	"400"	"Reviewable"	"NotReviewed"	"1 scales"	"600"	"60000"	"Thu Aug 07 15:08:18 PDT 2014"	"S48236"	"Approved"	""	"""pizza"""	"""olives"""	"0"	"-1"	"2"	"0"	"0"	"1"	"0"	"0"	"-1"	"-1"	"-1"	"""TRUE"""	"""target"""	"""TRUE"""	"-1"	"-1"	"-1"	"-1"	"-1"	"-1"	"""Understanding what was wanted from one word."""	""""""	"""32"""	"""m"""	"8"	"0"	"2"	"1"	"0"	"""5"""	"-1"
"What is he talking about? (1-2 mins)"	"Short and fun! A 1-2 minute word game about what someone is talking about."	"experiment, psychology, game"	"$0.25 "	"Thu Jul 31 15:08:18 PDT 2014"	"400"	"0"	"0"	"400"	"Reviewable"	"NotReviewed"	"1 scales"	"600"	"60000"	"Thu Aug 07 15:08:18 PDT 2014"	"S07612"	"Approved"	""	"""boat"""	"""flag"""	"0"	"-1"	"2"	"0"	"0"	"1"	"0"	"0"	"-1"	"-1"	"-1"	"""TRUE"""	"""distractor1"""	"""FALSE"""	"-1"	"-1"	"-1"	"-1"	"-1"	"-1"	"""Asking to pick a boat after Bob gave a description"""	"""Nice HIT!"""	"""20"""	"""m"""	"19"	"0"	"0"	"2"	"1"	"""5"""	"-1"
"What is he talking about? (1-2 mins)"	"Short and fun! A 1-2 minute word game about what someone is talking about."	"experiment, psychology, game"	"$0.25 "	"Thu Jul 31 15:08:18 PDT 2014"	"400"	"0"	"0"	"400"	"Reviewable"	"NotReviewed"	"1 scales"	"600"	"60000"	"Thu Aug 07 15:08:18 PDT 2014"	"S65708"	"Approved"	""	"""pizza"""	"""sausage"""	"0"	"-1"	"1"	"0"	"0"	"1"	"0"	"0"	"-1"	"-1"	"-1"	"""TRUE"""	"""target"""	"""TRUE"""	"-1"	"-1"	"-1"	"-1"	"-1"	"-1"	"""what our thoughts on a request are with limited info"""	"""no"""	"""19"""	"""m"""	"17"	"0"	"2"	"1"	"0"	"""5"""	"-1"
"What is he talking about? (1-2 mins)"	"Short and fun! A 1-2 minute word game about what someone is talking about."	"experiment, psychology, game"	"$0.25 "	"Thu Jul 31 15:08:18 PDT 2014"	"400"	"0"	"0"	"400"	"Reviewable"	"NotReviewed"	"1 scales"	"600"	"60000"	"Thu Aug 07 15:08:18 PDT 2014"	"S02952"	"Approved"	""	"""pizza"""	"""olives"""	"0"	"-1"	"2"	"0"	"0"	"1"	"0"	"0"	"-1"	"-1"	"-1"	"""TRUE"""	"""target"""	"""TRUE"""	"-1"	"-1"	"-1"	"-1"	"-1"	"-1"	"""pizza"""	""""""	""""""	"""m"""	"11"	"0"	"2"	"0"	"1"	"""5"""	"-1"
"What is he talking about? (1-2 mins)"	"Short and fun! A 1-2 minute word game about what someone is talking about."	"experiment, psychology, game"	"$0.25 "	"Thu Jul 31 15:08:18 PDT 2014"	"400"	"0"	"0"	"400"	"Reviewable"	"NotReviewed"	"1 scales"	"600"	"60000"	"Thu Aug 07 15:08:18 PDT 2014"	"S37908"	"Approved"	""	"""snowman"""	"""hat"""	"0"	"-1"	"2"	"0"	"0"	"1"	"0"	"0"	"-1"	"-1"	"-1"	"""TRUE"""	"""target"""	"""TRUE"""	"-1"	"-1"	"-1"	"-1"	"-1"	"-1"	"""Snowmen"""	"""No"""	"""24"""	"""f"""	"8"	"0"	"2"	"1"	"0"	"""5"""	"-1"
"What is he talking about? (1-2 mins)"	"Short and fun! A 1-2 minute word game about what someone is talking about."	"experiment, psychology, game"	"$0.25 "	"Thu Jul 31 15:08:18 PDT 2014"	"400"	"0"	"0"	"400"	"Reviewable"	"NotReviewed"	"1 scales"	"600"	"60000"	"Thu Aug 07 15:08:18 PDT 2014"	"S99278"	"Approved"	""	"""boat"""	"""motor"""	"0"	"-1"	"1"	"0"	"0"	"1"	"0"	"0"	"-1"	"-1"	"-1"	"""FALSE"""	"""distractor3"""	"""FALSE"""	"-1"	"-1"	"-1"	"-1"	"-1"	"-1"	"""if we associate a word with a greater context"""	"""no"""	"""28"""	"""m"""	"20"	"0"	"0"	"1"	"2"	"""5"""	"-1"
"What is he talking about? (1-2 mins)"	"Short and fun! A 1-2 minute word game about what someone is talking about."	"experiment, psychology, game"	"$0.25 "	"Thu Jul 31 15:08:18 PDT 2014"	"400"	"0"	"0"	"400"	"Reviewable"	"NotReviewed"	"1 scales"	"600"	"60000"	"Thu Aug 07 15:08:18 PDT 2014"	"S88422"	"Approved"	""	"""Christmas tree"""	"""ornaments"""	"0"	"-1"	"2"	"0"	"0"	"1"	"0"	"0"	"-1"	"-1"	"-1"	"""TRUE"""	"""distractor2"""	"""FALSE"""	"-1"	"-1"	"-1"	"-1"	"-1"	"-1"	"""Language perception."""	"""Wow, I'm worried I forgot the name of the guy already. ^-^"""	"""18"""	"""m"""	"11"	"0"	"2"	"1"	"0"	"""5"""	"-1"
"What is he talking about? (1-2 mins)"	"Short and fun! A 1-2 minute word game about what someone is talking about."	"experiment, psychology, game"	"$0.25 "	"Thu Jul 31 15:08:18 PDT 2014"	"400"	"0"	"0"	"400"	"Reviewable"	"NotReviewed"	"1 scales"	"600"	"60000"	"Thu Aug 07 15:08:18 PDT 2014"	"S49626"	"Approved"	""	"""friend"""	"""mustache"""	"0"	"-1"	"1"	"0"	"0"	"1"	"0"	"0"	"-1"	"-1"	"-1"	"""TRUE"""	"""target"""	"""TRUE"""	"-1"	"-1"	"-1"	"-1"	"-1"	"-1"	"""Who Bob was talking about when he only used one word."""	""""""	"""24"""	"""f"""	"20"	"0"	"0"	"2"	"1"	"""5"""	"-1"
"What is he talking about? (1-2 mins)"	"Short and fun! A 1-2 minute word game about what someone is talking about."	"experiment, psychology, game"	"$0.25 "	"Thu Jul 31 15:08:18 PDT 2014"	"400"	"0"	"0"	"400"	"Reviewable"	"NotReviewed"	"1 scales"	"600"	"60000"	"Thu Aug 07 15:08:18 PDT 2014"	"S17566"	"Approved"	""	"""sundae"""	"""chocolate"""	"0"	"-1"	"2"	"0"	"0"	"1"	"0"	"0"	"-1"	"-1"	"-1"	"""TRUE"""	"""target"""	"""TRUE"""	"-1"	"-1"	"-1"	"-1"	"-1"	"-1"	"""How people describe things"""	"""None"""	"""27"""	"""M"""	"8"	"0"	"0"	"1"	"2"	"""5"""	"-1"
"What is he talking about? (1-2 mins)"	"Short and fun! A 1-2 minute word game about what someone is talking about."	"experiment, psychology, game"	"$0.25 "	"Thu Jul 31 15:08:18 PDT 2014"	"400"	"0"	"0"	"400"	"Reviewable"	"NotReviewed"	"1 scales"	"600"	"60000"	"Thu Aug 07 15:08:18 PDT 2014"	"S14823"	"Approved"	""	"""friend"""	"""glasses"""	"0"	"-1"	"1"	"0"	"0"	"1"	"0"	"0"	"-1"	"-1"	"-1"	"""TRUE"""	"""distractor2"""	"""FALSE"""	"-1"	"-1"	"-1"	"-1"	"-1"	"-1"	"""bob visiting a friend"""	"""none"""	"""24"""	"""m"""	"9"	"0"	"0"	"1"	"2"	"""5"""	"-1"
"What is he talking about? (1-2 mins)"	"Short and fun! A 1-2 minute word game about what someone is talking about."	"experiment, psychology, game"	"$0.25 "	"Thu Jul 31 15:08:18 PDT 2014"	"400"	"0"	"0"	"400"	"Reviewable"	"NotReviewed"	"1 scales"	"600"	"60000"	"Thu Aug 07 15:08:18 PDT 2014"	"S84202"	"Approved"	""	"""Christmas tree"""	"""lights"""	"0"	"-1"	"2"	"0"	"0"	"1"	"0"	"0"	"-1"	"-1"	"-1"	"""TRUE"""	"""target"""	"""TRUE"""	"-1"	"-1"	"-1"	"-1"	"-1"	"-1"	"""Minimal language as descriptors"""	""""""	"""23"""	"""m"""	"11"	"0"	"1"	"2"	"0"	"""5"""	"-1"
"What is he talking about? (1-2 mins)"	"Short and fun! A 1-2 minute word game about what someone is talking about."	"experiment, psychology, game"	"$0.25 "	"Thu Jul 31 15:08:18 PDT 2014"	"400"	"0"	"0"	"400"	"Reviewable"	"NotReviewed"	"1 scales"	"600"	"60000"	"Thu Aug 07 15:08:18 PDT 2014"	"S09555"	"Approved"	""	"""sundae"""	"""cherry"""	"0"	"-1"	"1"	"0"	"0"	"1"	"0"	"0"	"-1"	"-1"	"-1"	"""TRUE"""	"""distractor1"""	"""FALSE"""	"-1"	"-1"	"-1"	"-1"	"-1"	"-1"	"""language and perception"""	"""nope"""	"""32"""	"""m"""	"9"	"0"	"2"	"0"	"1"	"""5"""	"-1"
"What is he talking about? (1-2 mins)"	"Short and fun! A 1-2 minute word game about what someone is talking about."	"experiment, psychology, game"	"$0.25 "	"Thu Jul 31 15:08:18 PDT 2014"	"400"	"0"	"0"	"400"	"Reviewable"	"NotReviewed"	"1 scales"	"600"	"60000"	"Thu Aug 07 15:08:18 PDT 2014"	"S44002"	"Approved"	""	"""pizza"""	"""peppers"""	"0"	"-1"	"2"	"0"	"0"	"1"	"0"	"0"	"-1"	"-1"	"-1"	"""TRUE"""	"""distractor2"""	"""FALSE"""	"-1"	"-1"	"-1"	"-1"	"-1"	"-1"	"""A man named Bob who orders pizzas on Wednesday that only said the word 'peppers' to indicate which of four different pizzas he wanted."""	"""no comments"""	"""36"""	"""m"""	"19"	"0"	"2"	"1"	"0"	"""5"""	"-1"
"What is he talking about? (1-2 mins)"	"Short and fun! A 1-2 minute word game about what someone is talking about."	"experiment, psychology, game"	"$0.25 "	"Thu Jul 31 15:08:18 PDT 2014"	"400"	"0"	"0"	"400"	"Reviewable"	"NotReviewed"	"1 scales"	"600"	"60000"	"Thu Aug 07 15:08:18 PDT 2014"	"S20585"	"Approved"	""	"""pizza"""	"""sausage"""	"0"	"-1"	"2"	"0"	"0"	"1"	"0"	"0"	"-1"	"-1"	"-1"	"""TRUE"""	"""target"""	"""TRUE"""	"-1"	"-1"	"-1"	"-1"	"-1"	"-1"	"""Bob only told me the word sausage, and I had to pick which pizza he was talking about. I t was hard to decide because all the pizzas had sausage on them."""	"""interesting, thank you!"""	"""29"""	"""f"""	"19"	"0"	"2"	"1"	"0"	"""5"""	"-1"
"What is he talking about? (1-2 mins)"	"Short and fun! A 1-2 minute word game about what someone is talking about."	"experiment, psychology, game"	"$0.25 "	"Thu Jul 31 15:08:18 PDT 2014"	"400"	"0"	"0"	"400"	"Reviewable"	"NotReviewed"	"1 scales"	"600"	"60000"	"Thu Aug 07 15:08:18 PDT 2014"	"S26822"	"Approved"	""	"""friend"""	"""glasses"""	"0"	"-1"	"1"	"0"	"0"	"1"	"0"	"0"	"-1"	"-1"	"-1"	"""TRUE"""	"""target"""	"""TRUE"""	"-1"	"-1"	"-1"	"-1"	"-1"	"-1"	"""decision making"""	"""no"""	"""27"""	"""f"""	"9"	"0"	"2"	"0"	"1"	"""5"""	"-1"
"What is he talking about? (1-2 mins)"	"Short and fun! A 1-2 minute word game about what someone is talking about."	"experiment, psychology, game"	"$0.25 "	"Thu Jul 31 15:08:18 PDT 2014"	"400"	"0"	"0"	"400"	"Reviewable"	"NotReviewed"	"1 scales"	"600"	"60000"	"Thu Aug 07 15:08:18 PDT 2014"	"S50498"	"Approved"	""	"""pizza"""	"""mushrooms"""	"0"	"-1"	"1"	"0"	"0"	"1"	"0"	"0"	"-1"	"-1"	"-1"	"""TRUE"""	"""target"""	"""TRUE"""	"-1"	"-1"	"-1"	"-1"	"-1"	"-1"	"""pizza ingredients"""	"""no"""	"""44"""	"""f"""	"17"	"0"	"0"	"2"	"1"	"""5"""	"-1"
"What is he talking about? (1-2 mins)"	"Short and fun! A 1-2 minute word game about what someone is talking about."	"experiment, psychology, game"	"$0.25 "	"Thu Jul 31 15:08:18 PDT 2014"	"400"	"0"	"0"	"400"	"Reviewable"	"NotReviewed"	"1 scales"	"600"	"60000"	"Thu Aug 07 15:08:18 PDT 2014"	"S20920"	"Approved"	""	"""pizza"""	"""olives"""	"0"	"-1"	"1"	"0"	"0"	"1"	"0"	"0"	"-1"	"-1"	"-1"	"""TRUE"""	"""target"""	"""TRUE"""	"-1"	"-1"	"-1"	"-1"	"-1"	"-1"	"""Ambiguity in sentences/words"""	"""I really honestly almost chose B."""	"""34"""	"""f"""	"17"	"0"	"0"	"1"	"2"	"""5"""	"-1"
"What is he talking about? (1-2 mins)"	"Short and fun! A 1-2 minute word game about what someone is talking about."	"experiment, psychology, game"	"$0.25 "	"Thu Jul 31 15:08:18 PDT 2014"	"400"	"0"	"0"	"400"	"Reviewable"	"NotReviewed"	"1 scales"	"600"	"60000"	"Thu Aug 07 15:08:18 PDT 2014"	"S99983"	"Approved"	""	"""sundae"""	"""whipped cream"""	"0"	"-1"	"1"	"0"	"0"	"1"	"0"	"0"	"-1"	"-1"	"-1"	"""TRUE"""	"""target"""	"""TRUE"""	"-1"	"-1"	"-1"	"-1"	"-1"	"-1"	"""Bob and his love for sundaes that he makes every Friday"""	"""Thank you"""	"""27"""	"""m"""	"9"	"0"	"1"	"0"	"2"	"""5"""	"-1"
"What is he talking about? (1-2 mins)"	"Short and fun! A 1-2 minute word game about what someone is talking about."	"experiment, psychology, game"	"$0.25 "	"Thu Jul 31 15:08:18 PDT 2014"	"400"	"0"	"0"	"400"	"Reviewable"	"NotReviewed"	"1 scales"	"600"	"60000"	"Thu Aug 07 15:08:18 PDT 2014"	"S80668"	"Approved"	""	"""sundae"""	"""cherry"""	"0"	"-1"	"1"	"0"	"0"	"1"	"0"	"0"	"-1"	"-1"	"-1"	"""TRUE"""	"""target"""	"""TRUE"""	"-1"	"-1"	"-1"	"-1"	"-1"	"-1"	"""What is he communicating"""	"""None"""	"""38"""	"""m"""	"9"	"0"	"0"	"2"	"1"	"""5"""	"-1"
"What is he talking about? (1-2 mins)"	"Short and fun! A 1-2 minute word game about what someone is talking about."	"experiment, psychology, game"	"$0.25 "	"Thu Jul 31 15:08:18 PDT 2014"	"400"	"0"	"0"	"400"	"Reviewable"	"NotReviewed"	"1 scales"	"600"	"60000"	"Thu Aug 07 15:08:18 PDT 2014"	"S48711"	"Approved"	""	"""Christmas tree"""	"""ornaments"""	"0"	"-1"	"2"	"0"	"0"	"1"	"0"	"0"	"-1"	"-1"	"-1"	"""TRUE"""	"""distractor2"""	"""FALSE"""	"-1"	"-1"	"-1"	"-1"	"-1"	"-1"	"""bob trying to communicate what he did with the tree"""	"""good luck with your research and thank you"""	"""27"""	"""male"""	"19"	"0"	"2"	"1"	"0"	"""5"""	"-1"
"What is he talking about? (1-2 mins)"	"Short and fun! A 1-2 minute word game about what someone is talking about."	"experiment, psychology, game"	"$0.25 "	"Thu Jul 31 15:08:18 PDT 2014"	"400"	"0"	"0"	"400"	"Reviewable"	"NotReviewed"	"1 scales"	"600"	"60000"	"Thu Aug 07 15:08:18 PDT 2014"	"S48037"	"Approved"	""	"""boat"""	"""cabin"""	"0"	"-1"	"1"	"0"	"0"	"1"	"0"	"0"	"-1"	"-1"	"-1"	"""FALSE"""	"""target"""	"""TRUE"""	"-1"	"-1"	"-1"	"-1"	"-1"	"-1"	"""Communicating descriptions"""	""""""	"""27"""	"""M"""	"17"	"0"	"0"	"1"	"2"	"""5"""	"-1"
"What is he talking about? (1-2 mins)"	"Short and fun! A 1-2 minute word game about what someone is talking about."	"experiment, psychology, game"	"$0.25 "	"Thu Jul 31 15:08:18 PDT 2014"	"400"	"0"	"0"	"400"	"Reviewable"	"NotReviewed"	"1 scales"	"600"	"60000"	"Thu Aug 07 15:08:18 PDT 2014"	"S55543"	"Approved"	""	"""pizza"""	"""mushrooms"""	"0"	"-1"	"2"	"0"	"0"	"1"	"0"	"0"	"-1"	"-1"	"-1"	"""TRUE"""	"""target"""	"""TRUE"""	"-1"	"-1"	"-1"	"-1"	"-1"	"-1"	"""What Bob is talking about. """	""""""	"""20"""	"""m"""	"8"	"0"	"2"	"0"	"1"	"""5"""	"-1"
"What is he talking about? (1-2 mins)"	"Short and fun! A 1-2 minute word game about what someone is talking about."	"experiment, psychology, game"	"$0.25 "	"Thu Jul 31 15:08:18 PDT 2014"	"400"	"0"	"0"	"400"	"Reviewable"	"NotReviewed"	"1 scales"	"600"	"60000"	"Thu Aug 07 15:08:18 PDT 2014"	"S59341"	"Approved"	""	"""snowman"""	"""scarf"""	"0"	"-1"	"2"	"0"	"0"	"1"	"0"	"0"	"-1"	"-1"	"-1"	"""TRUE"""	"""distractor2"""	"""FALSE"""	"-1"	"-1"	"-1"	"-1"	"-1"	"-1"	"""what bob was talking about"""	"""all of the snowmen have a scarf"""	"""44"""	"""f"""	"11"	"0"	"1"	"0"	"2"	"""5"""	"-1"
"What is he talking about? (1-2 mins)"	"Short and fun! A 1-2 minute word game about what someone is talking about."	"experiment, psychology, game"	"$0.25 "	"Thu Jul 31 15:08:18 PDT 2014"	"400"	"0"	"0"	"400"	"Reviewable"	"NotReviewed"	"1 scales"	"600"	"60000"	"Thu Aug 07 15:08:18 PDT 2014"	"S52948"	"Approved"	""	"""boat"""	"""sail"""	"0"	"-1"	"2"	"0"	"0"	"1"	"0"	"0"	"-1"	"-1"	"-1"	"""TRUE"""	"""distractor1"""	"""FALSE"""	"-1"	"-1"	"-1"	"-1"	"-1"	"-1"	"""Perception of a person and scenario with little information."""	"""no"""	"""32"""	"""m"""	"16"	"0"	"1"	"2"	"0"	"""5"""	"-1"
"What is he talking about? (1-2 mins)"	"Short and fun! A 1-2 minute word game about what someone is talking about."	"experiment, psychology, game"	"$0.25 "	"Thu Jul 31 15:08:18 PDT 2014"	"400"	"0"	"0"	"400"	"Reviewable"	"NotReviewed"	"1 scales"	"600"	"60000"	"Thu Aug 07 15:08:18 PDT 2014"	"S77679"	"Approved"	""	"""friend"""	"""hat"""	"0"	"-1"	"2"	"0"	"0"	"1"	"0"	"0"	"-1"	"-1"	"-1"	"""TRUE"""	"""target"""	"""TRUE"""	"-1"	"-1"	"-1"	"-1"	"-1"	"-1"	"""I honestly have no idea"""	""""""	"""34"""	"""m"""	"8"	"0"	"0"	"1"	"2"	"""5"""	"-1"
"What is he talking about? (1-2 mins)"	"Short and fun! A 1-2 minute word game about what someone is talking about."	"experiment, psychology, game"	"$0.25 "	"Thu Jul 31 15:08:18 PDT 2014"	"400"	"0"	"0"	"400"	"Reviewable"	"NotReviewed"	"1 scales"	"600"	"60000"	"Thu Aug 07 15:08:18 PDT 2014"	"S26082"	"Approved"	""	"""friend"""	"""glasses"""	"0"	"-1"	"2"	"0"	"0"	"1"	"0"	"0"	"-1"	"-1"	"-1"	"""TRUE"""	"""target"""	"""TRUE"""	"-1"	"-1"	"-1"	"-1"	"-1"	"-1"	"""I have no idea."""	"""Even though they all had glasses I picked the person who didn't have any other real defining features."""	"""43"""	"""m"""	"8"	"0"	"1"	"0"	"2"	"""5"""	"-1"
"What is he talking about? (1-2 mins)"	"Short and fun! A 1-2 minute word game about what someone is talking about."	"experiment, psychology, game"	"$0.25 "	"Thu Jul 31 15:08:18 PDT 2014"	"400"	"0"	"0"	"400"	"Reviewable"	"NotReviewed"	"1 scales"	"600"	"60000"	"Thu Aug 07 15:08:18 PDT 2014"	"S84497"	"Approved"	""	"""sundae"""	"""whipped cream"""	"0"	"-1"	"1"	"0"	"0"	"1"	"0"	"0"	"-1"	"-1"	"-1"	"""TRUE"""	"""target"""	"""TRUE"""	"-1"	"-1"	"-1"	"-1"	"-1"	"-1"	"""Commands"""	""""""	"""19"""	"""F"""	"9"	"0"	"0"	"2"	"1"	"""5"""	"-1"
"What is he talking about? (1-2 mins)"	"Short and fun! A 1-2 minute word game about what someone is talking about."	"experiment, psychology, game"	"$0.25 "	"Thu Jul 31 15:08:18 PDT 2014"	"400"	"0"	"0"	"400"	"Reviewable"	"NotReviewed"	"1 scales"	"600"	"60000"	"Thu Aug 07 15:08:18 PDT 2014"	"S88018"	"Approved"	""	"""snowman"""	"""hat"""	"0"	"-1"	"2"	"0"	"0"	"1"	"0"	"0"	"-1"	"-1"	"-1"	"""TRUE"""	"""target"""	"""TRUE"""	"-1"	"-1"	"-1"	"-1"	"-1"	"-1"	"""snowmen and details in images"""	"""n/a"""	""""""	""""""	"8"	"0"	"2"	"0"	"1"	"""5"""	"-1"
"What is he talking about? (1-2 mins)"	"Short and fun! A 1-2 minute word game about what someone is talking about."	"experiment, psychology, game"	"$0.25 "	"Thu Jul 31 15:08:18 PDT 2014"	"400"	"0"	"0"	"400"	"Reviewable"	"NotReviewed"	"1 scales"	"600"	"60000"	"Thu Aug 07 15:08:18 PDT 2014"	"S68265"	"Approved"	""	"""snowman"""	"""hat"""	"0"	"-1"	"1"	"0"	"0"	"1"	"0"	"0"	"-1"	"-1"	"-1"	"""TRUE"""	"""target"""	"""TRUE"""	"-1"	"-1"	"-1"	"-1"	"-1"	"-1"	"""Bob can only communicate through images."""	""""""	"""34"""	"""m"""	"9"	"0"	"2"	"0"	"1"	"""5"""	"-1"
"What is he talking about? (1-2 mins)"	"Short and fun! A 1-2 minute word game about what someone is talking about."	"experiment, psychology, game"	"$0.25 "	"Thu Jul 31 15:08:18 PDT 2014"	"400"	"0"	"0"	"400"	"Reviewable"	"NotReviewed"	"1 scales"	"600"	"60000"	"Thu Aug 07 15:08:18 PDT 2014"	"S93888"	"Approved"	""	"""friend"""	"""mustache"""	"0"	"-1"	"1"	"0"	"0"	"1"	"0"	"0"	"-1"	"-1"	"-1"	"""TRUE"""	"""target"""	"""TRUE"""	"-1"	"-1"	"-1"	"-1"	"-1"	"-1"	"""Bob gave me one word and I had to pick who he was talking about out of 3"""	"""No"""	"""22"""	"""m"""	"17"	"0"	"0"	"2"	"1"	"""5"""	"-1"
"What is he talking about? (1-2 mins)"	"Short and fun! A 1-2 minute word game about what someone is talking about."	"experiment, psychology, game"	"$0.25 "	"Thu Jul 31 15:08:18 PDT 2014"	"400"	"0"	"0"	"400"	"Reviewable"	"NotReviewed"	"1 scales"	"600"	"60000"	"Thu Aug 07 15:08:18 PDT 2014"	"S57821"	"Approved"	""	"""snowman"""	"""mittens"""	"0"	"-1"	"1"	"0"	"0"	"1"	"0"	"0"	"-1"	"-1"	"-1"	"""FALSE"""	"""target"""	"""TRUE"""	"-1"	"-1"	"-1"	"-1"	"-1"	"-1"	"""snowmen"""	""""""	"""24"""	"""m"""	"9"	"0"	"1"	"2"	"0"	"""5"""	"-1"
"What is he talking about? (1-2 mins)"	"Short and fun! A 1-2 minute word game about what someone is talking about."	"experiment, psychology, game"	"$0.25 "	"Thu Jul 31 15:08:18 PDT 2014"	"400"	"0"	"0"	"400"	"Reviewable"	"NotReviewed"	"1 scales"	"600"	"60000"	"Thu Aug 07 15:08:18 PDT 2014"	"S61718"	"Approved"	""	"""sundae"""	"""cherry"""	"0"	"-1"	"1"	"0"	"0"	"1"	"0"	"0"	"-1"	"-1"	"-1"	"""TRUE"""	"""distractor2"""	"""FALSE"""	"-1"	"-1"	"-1"	"-1"	"-1"	"-1"	"""sundaes"""	""""""	"""30"""	"""f"""	"17"	"0"	"2"	"1"	"0"	"""5"""	"-1"
"What is he talking about? (1-2 mins)"	"Short and fun! A 1-2 minute word game about what someone is talking about."	"experiment, psychology, game"	"$0.25 "	"Thu Jul 31 15:08:18 PDT 2014"	"400"	"0"	"0"	"400"	"Reviewable"	"NotReviewed"	"1 scales"	"600"	"60000"	"Thu Aug 07 15:08:18 PDT 2014"	"S65180"	"Approved"	""	"""friend"""	"""bowtie"""	"0"	"-1"	"1"	"0"	"0"	"1"	"0"	"0"	"-1"	"-1"	"-1"	"""TRUE"""	"""target"""	"""TRUE"""	"-1"	"-1"	"-1"	"-1"	"-1"	"-1"	"""Making judgments based on limited verbal clues."""	"""No"""	"""26"""	"""m"""	"17"	"0"	"0"	"1"	"2"	"""5"""	"-1"
"What is he talking about? (1-2 mins)"	"Short and fun! A 1-2 minute word game about what someone is talking about."	"experiment, psychology, game"	"$0.25 "	"Thu Jul 31 15:08:18 PDT 2014"	"400"	"0"	"0"	"400"	"Reviewable"	"NotReviewed"	"1 scales"	"600"	"60000"	"Thu Aug 07 15:08:18 PDT 2014"	"S66330"	"Approved"	""	"""pizza"""	"""peppers"""	"0"	"-1"	"2"	"0"	"0"	"1"	"0"	"0"	"-1"	"-1"	"-1"	"""TRUE"""	"""target"""	"""TRUE"""	"-1"	"-1"	"-1"	"-1"	"-1"	"-1"	"""Bob orders pizza every Wednesday he can only say the word peppers.. I had to decide of 3 pizzas which one Bob wanted"""	""""""	"""28"""	"""female"""	"8"	"0"	"1"	"2"	"0"	"""5"""	"-1"
"What is he talking about? (1-2 mins)"	"Short and fun! A 1-2 minute word game about what someone is talking about."	"experiment, psychology, game"	"$0.25 "	"Thu Jul 31 15:08:18 PDT 2014"	"400"	"0"	"0"	"400"	"Reviewable"	"NotReviewed"	"1 scales"	"600"	"60000"	"Thu Aug 07 15:08:18 PDT 2014"	"S14910"	"Approved"	""	"""Christmas tree"""	"""lights"""	"0"	"-1"	"2"	"0"	"0"	"1"	"0"	"0"	"-1"	"-1"	"-1"	"""TRUE"""	"""target"""	"""TRUE"""	"-1"	"-1"	"-1"	"-1"	"-1"	"-1"	"""Deciding what Bob meant when he said \""Lights\"""""	""""""	"""40"""	"""m"""	"8"	"0"	"1"	"2"	"0"	"""5"""	"-1"
"What is he talking about? (1-2 mins)"	"Short and fun! A 1-2 minute word game about what someone is talking about."	"experiment, psychology, game"	"$0.25 "	"Thu Jul 31 15:08:18 PDT 2014"	"400"	"0"	"0"	"400"	"Reviewable"	"NotReviewed"	"1 scales"	"600"	"60000"	"Thu Aug 07 15:08:18 PDT 2014"	"S04513"	"Approved"	""	"""Christmas tree"""	"""star"""	"0"	"-1"	"1"	"0"	"0"	"1"	"0"	"0"	"-1"	"-1"	"-1"	"""FALSE"""	"""distractor3"""	"""FALSE"""	"-1"	"-1"	"-1"	"-1"	"-1"	"-1"	"""What he is talking about"""	""""""	"""23"""	"""m"""	"20"	"0"	"2"	"1"	"0"	"""5"""	"-1"
"What is he talking about? (1-2 mins)"	"Short and fun! A 1-2 minute word game about what someone is talking about."	"experiment, psychology, game"	"$0.25 "	"Thu Jul 31 15:08:18 PDT 2014"	"400"	"0"	"0"	"400"	"Reviewable"	"NotReviewed"	"1 scales"	"600"	"60000"	"Thu Aug 07 15:08:18 PDT 2014"	"S52306"	"Approved"	""	"""pizza"""	"""olives"""	"0"	"-1"	"1"	"0"	"0"	"1"	"0"	"0"	"-1"	"-1"	"-1"	"""FALSE"""	"""target"""	"""TRUE"""	"-1"	"-1"	"-1"	"-1"	"-1"	"-1"	"""What food does he like?"""	""""""	"""27"""	"""M"""	"20"	"0"	"0"	"2"	"1"	"""5"""	"-1"
"What is he talking about? (1-2 mins)"	"Short and fun! A 1-2 minute word game about what someone is talking about."	"experiment, psychology, game"	"$0.25 "	"Thu Jul 31 15:08:18 PDT 2014"	"400"	"0"	"0"	"400"	"Reviewable"	"NotReviewed"	"1 scales"	"600"	"60000"	"Thu Aug 07 15:08:18 PDT 2014"	"S93335"	"Approved"	""	"""snowman"""	"""scarf"""	"0"	"-1"	"2"	"0"	"0"	"1"	"0"	"0"	"-1"	"-1"	"-1"	"""TRUE"""	"""target"""	"""TRUE"""	"-1"	"-1"	"-1"	"-1"	"-1"	"-1"	"""Picking what snowman you thought Bob was talking about"""	"""Thanks."""	"""33"""	"""m"""	"8"	"0"	"0"	"1"	"2"	"""5"""	"-1"
"What is he talking about? (1-2 mins)"	"Short and fun! A 1-2 minute word game about what someone is talking about."	"experiment, psychology, game"	"$0.25 "	"Thu Jul 31 15:08:18 PDT 2014"	"400"	"0"	"0"	"400"	"Reviewable"	"NotReviewed"	"1 scales"	"600"	"60000"	"Thu Aug 07 15:08:18 PDT 2014"	"S15810"	"Approved"	""	"""friend"""	"""hat"""	"0"	"-1"	"1"	"0"	"0"	"1"	"0"	"0"	"-1"	"-1"	"-1"	"""TRUE"""	"""distractor2"""	"""FALSE"""	"-1"	"-1"	"-1"	"-1"	"-1"	"-1"	"""Bob meeting his friends and can only say one word, we have to choose which friend. I'm guessing you're survey who takes something literally or figuratively. """	""""""	"""26"""	"""f"""	"17"	"0"	"1"	"2"	"0"	"""5"""	"-1"
"What is he talking about? (1-2 mins)"	"Short and fun! A 1-2 minute word game about what someone is talking about."	"experiment, psychology, game"	"$0.25 "	"Thu Jul 31 15:08:18 PDT 2014"	"400"	"0"	"0"	"400"	"Reviewable"	"NotReviewed"	"1 scales"	"600"	"60000"	"Thu Aug 07 15:08:18 PDT 2014"	"S27320"	"Approved"	""	"""friend"""	"""glasses"""	"0"	"-1"	"2"	"0"	"0"	"1"	"0"	"0"	"-1"	"-1"	"-1"	"""TRUE"""	"""target"""	"""TRUE"""	"-1"	"-1"	"-1"	"-1"	"-1"	"-1"	"""Judging character"""	"""no"""	"""29"""	"""m"""	"11"	"0"	"1"	"0"	"2"	"""5"""	"-1"
"What is he talking about? (1-2 mins)"	"Short and fun! A 1-2 minute word game about what someone is talking about."	"experiment, psychology, game"	"$0.25 "	"Thu Jul 31 15:08:18 PDT 2014"	"400"	"0"	"0"	"400"	"Reviewable"	"NotReviewed"	"1 scales"	"600"	"60000"	"Thu Aug 07 15:08:18 PDT 2014"	"S65017"	"Approved"	""	"""snowman"""	"""belt"""	"0"	"-1"	"1"	"0"	"0"	"1"	"0"	"0"	"-1"	"-1"	"-1"	"""TRUE"""	"""distractor3"""	"""FALSE"""	"-1"	"-1"	"-1"	"-1"	"-1"	"-1"	"""Decorating Snowmen"""	"""No """	"""21"""	"""m"""	"20"	"0"	"1"	"0"	"2"	"""5"""	"-1"
"What is he talking about? (1-2 mins)"	"Short and fun! A 1-2 minute word game about what someone is talking about."	"experiment, psychology, game"	"$0.25 "	"Thu Jul 31 15:08:18 PDT 2014"	"400"	"0"	"0"	"400"	"Reviewable"	"NotReviewed"	"1 scales"	"600"	"60000"	"Thu Aug 07 15:08:18 PDT 2014"	"S98792"	"Approved"	""	"""pizza"""	"""peppers"""	"0"	"-1"	"2"	"0"	"0"	"1"	"0"	"0"	"-1"	"-1"	"-1"	"""TRUE"""	"""target"""	"""TRUE"""	"-1"	"-1"	"-1"	"-1"	"-1"	"-1"	"""Communication"""	"""Interesting, thanks."""	"""23"""	"""m"""	"8"	"0"	"2"	"1"	"0"	"""5"""	"-1"
"What is he talking about? (1-2 mins)"	"Short and fun! A 1-2 minute word game about what someone is talking about."	"experiment, psychology, game"	"$0.25 "	"Thu Jul 31 15:08:18 PDT 2014"	"400"	"0"	"0"	"400"	"Reviewable"	"NotReviewed"	"1 scales"	"600"	"60000"	"Thu Aug 07 15:08:18 PDT 2014"	"S93161"	"Approved"	""	"""snowman"""	"""hat"""	"0"	"-1"	"2"	"0"	"0"	"1"	"0"	"0"	"-1"	"-1"	"-1"	"""TRUE"""	"""target"""	"""TRUE"""	"-1"	"-1"	"-1"	"-1"	"-1"	"-1"	"""If we can figure out what Bob meant when he said \""hat\"""""	"""No"""	""""""	"""F"""	"8"	"0"	"1"	"2"	"0"	"""5"""	"-1"
"What is he talking about? (1-2 mins)"	"Short and fun! A 1-2 minute word game about what someone is talking about."	"experiment, psychology, game"	"$0.25 "	"Thu Jul 31 15:08:18 PDT 2014"	"400"	"0"	"0"	"400"	"Reviewable"	"NotReviewed"	"1 scales"	"600"	"60000"	"Thu Aug 07 15:08:18 PDT 2014"	"S77399"	"Approved"	""	"""snowman"""	"""mittens"""	"0"	"-1"	"1"	"0"	"0"	"1"	"0"	"0"	"-1"	"-1"	"-1"	"""TRUE"""	"""target"""	"""TRUE"""	"-1"	"-1"	"-1"	"-1"	"-1"	"-1"	"""How we interprate language based on images"""	""""""	""""""	"""m"""	"12"	"0"	"0"	"1"	"2"	"""5"""	"-1"
"What is he talking about? (1-2 mins)"	"Short and fun! A 1-2 minute word game about what someone is talking about."	"experiment, psychology, game"	"$0.25 "	"Thu Jul 31 15:08:18 PDT 2014"	"400"	"0"	"0"	"400"	"Reviewable"	"NotReviewed"	"1 scales"	"600"	"60000"	"Thu Aug 07 15:08:18 PDT 2014"	"S87886"	"Approved"	""	"""pizza"""	"""olives"""	"0"	"-1"	"2"	"0"	"0"	"1"	"0"	"0"	"-1"	"-1"	"-1"	"""TRUE"""	"""target"""	"""TRUE"""	"-1"	"-1"	"-1"	"-1"	"-1"	"-1"	"""Pizza toppings."""	"""All the pizzas appeared to have equal numbers of olives, but Bob was referring to the one in which they were most prominent."""	"""32"""	"""m"""	"16"	"0"	"2"	"0"	"1"	"""5"""	"-1"
"What is he talking about? (1-2 mins)"	"Short and fun! A 1-2 minute word game about what someone is talking about."	"experiment, psychology, game"	"$0.25 "	"Thu Jul 31 15:08:18 PDT 2014"	"400"	"0"	"0"	"400"	"Reviewable"	"NotReviewed"	"1 scales"	"600"	"60000"	"Thu Aug 07 15:08:18 PDT 2014"	"S45633"	"Approved"	""	"""friend"""	"""glasses"""	"0"	"-1"	"2"	"0"	"0"	"1"	"0"	"0"	"-1"	"-1"	"-1"	"""TRUE"""	"""distractor1"""	"""FALSE"""	"-1"	"-1"	"-1"	"-1"	"-1"	"-1"	"""about friens bob visit"""	""""""	"""41"""	"""f"""	"8"	"0"	"0"	"2"	"1"	"""5"""	"-1"
"What is he talking about? (1-2 mins)"	"Short and fun! A 1-2 minute word game about what someone is talking about."	"experiment, psychology, game"	"$0.25 "	"Thu Jul 31 15:08:18 PDT 2014"	"400"	"0"	"0"	"400"	"Reviewable"	"NotReviewed"	"1 scales"	"600"	"60000"	"Thu Aug 07 15:08:18 PDT 2014"	"S38314"	"Approved"	""	"""boat"""	"""motor"""	"0"	"-1"	"1"	"0"	"0"	"1"	"0"	"0"	"-1"	"-1"	"-1"	"""TRUE"""	"""target"""	"""TRUE"""	"-1"	"-1"	"-1"	"-1"	"-1"	"-1"	"""Boats"""	""""""	"""29"""	"""f"""	"9"	"0"	"2"	"0"	"1"	"""5"""	"-1"
"What is he talking about? (1-2 mins)"	"Short and fun! A 1-2 minute word game about what someone is talking about."	"experiment, psychology, game"	"$0.25 "	"Thu Jul 31 15:08:18 PDT 2014"	"400"	"0"	"0"	"400"	"Reviewable"	"NotReviewed"	"1 scales"	"600"	"60000"	"Thu Aug 07 15:08:18 PDT 2014"	"S96831"	"Approved"	""	"""snowman"""	"""scarf"""	"0"	"-1"	"2"	"0"	"0"	"1"	"0"	"0"	"-1"	"-1"	"-1"	"""TRUE"""	"""target"""	"""TRUE"""	"-1"	"-1"	"-1"	"-1"	"-1"	"-1"	"""Identification based on one word description"""	"""none"""	"""37"""	"""m"""	"8"	"0"	"2"	"0"	"1"	"""5"""	"-1"
"What is he talking about? (1-2 mins)"	"Short and fun! A 1-2 minute word game about what someone is talking about."	"experiment, psychology, game"	"$0.25 "	"Thu Jul 31 15:08:18 PDT 2014"	"400"	"0"	"0"	"400"	"Reviewable"	"NotReviewed"	"1 scales"	"600"	"60000"	"Thu Aug 07 15:08:18 PDT 2014"	"S57611"	"Approved"	""	"""snowman"""	"""scarf"""	"0"	"-1"	"2"	"0"	"0"	"1"	"0"	"0"	"-1"	"-1"	"-1"	"""TRUE"""	"""target"""	"""TRUE"""	"-1"	"-1"	"-1"	"-1"	"-1"	"-1"	"""How people interpret other people with limited information."""	"""Great study!"""	"""32"""	"""m"""	"8"	"0"	"1"	"0"	"2"	"""5"""	"-1"
"What is he talking about? (1-2 mins)"	"Short and fun! A 1-2 minute word game about what someone is talking about."	"experiment, psychology, game"	"$0.25 "	"Thu Jul 31 15:08:18 PDT 2014"	"400"	"0"	"0"	"400"	"Reviewable"	"NotReviewed"	"1 scales"	"600"	"60000"	"Thu Aug 07 15:08:18 PDT 2014"	"S72416"	"Approved"	""	"""snowman"""	"""scarf"""	"0"	"-1"	"1"	"0"	"0"	"1"	"0"	"0"	"-1"	"-1"	"-1"	"""TRUE"""	"""target"""	"""TRUE"""	"-1"	"-1"	"-1"	"-1"	"-1"	"-1"	"""Snowmen"""	""""""	"""21"""	"""F"""	"17"	"0"	"2"	"1"	"0"	"""5"""	"-1"
"What is he talking about? (1-2 mins)"	"Short and fun! A 1-2 minute word game about what someone is talking about."	"experiment, psychology, game"	"$0.25 "	"Thu Jul 31 15:08:18 PDT 2014"	"400"	"0"	"0"	"400"	"Reviewable"	"NotReviewed"	"1 scales"	"600"	"60000"	"Thu Aug 07 15:08:18 PDT 2014"	"S79735"	"Approved"	""	"""Christmas tree"""	"""ornaments"""	"0"	"-1"	"2"	"0"	"0"	"1"	"0"	"0"	"-1"	"-1"	"-1"	"""TRUE"""	"""target"""	"""TRUE"""	"-1"	"-1"	"-1"	"-1"	"-1"	"-1"	"""word recognition"""	""""""	"""26"""	"""m"""	"16"	"0"	"2"	"1"	"0"	"""5"""	"-1"
"What is he talking about? (1-2 mins)"	"Short and fun! A 1-2 minute word game about what someone is talking about."	"experiment, psychology, game"	"$0.25 "	"Thu Jul 31 15:08:18 PDT 2014"	"400"	"0"	"0"	"400"	"Reviewable"	"NotReviewed"	"1 scales"	"600"	"60000"	"Thu Aug 07 15:08:18 PDT 2014"	"S72383"	"Approved"	""	"""Christmas tree"""	"""lights"""	"0"	"-1"	"1"	"0"	"0"	"1"	"0"	"0"	"-1"	"-1"	"-1"	"""TRUE"""	"""distractor2"""	"""FALSE"""	"-1"	"-1"	"-1"	"-1"	"-1"	"-1"	"""Bob and Christmas trees"""	"""No"""	"""23"""	"""f"""	"17"	"0"	"2"	"1"	"0"	"""5"""	"-1"
"What is he talking about? (1-2 mins)"	"Short and fun! A 1-2 minute word game about what someone is talking about."	"experiment, psychology, game"	"$0.25 "	"Thu Jul 31 15:08:18 PDT 2014"	"400"	"0"	"0"	"400"	"Reviewable"	"NotReviewed"	"1 scales"	"600"	"60000"	"Thu Aug 07 15:08:18 PDT 2014"	"S88735"	"Approved"	""	"""sundae"""	"""whipped cream"""	"0"	"-1"	"2"	"0"	"0"	"1"	"0"	"0"	"-1"	"-1"	"-1"	"""TRUE"""	"""target"""	"""TRUE"""	"-1"	"-1"	"-1"	"-1"	"-1"	"-1"	"""What sundae did bob eat."""	"""none"""	"""31"""	"""m"""	"19"	"0"	"0"	"2"	"1"	"""5"""	"-1"
"What is he talking about? (1-2 mins)"	"Short and fun! A 1-2 minute word game about what someone is talking about."	"experiment, psychology, game"	"$0.25 "	"Thu Jul 31 15:08:18 PDT 2014"	"400"	"0"	"0"	"400"	"Reviewable"	"NotReviewed"	"1 scales"	"600"	"60000"	"Thu Aug 07 15:08:18 PDT 2014"	"S44035"	"Approved"	""	"""Christmas tree"""	"""star"""	"0"	"-1"	"1"	"0"	"0"	"1"	"0"	"0"	"-1"	"-1"	"-1"	"""FALSE"""	"""target"""	"""TRUE"""	"-1"	"-1"	"-1"	"-1"	"-1"	"-1"	"""He likes to trim christmas trees and wants to buy one but only said star"""	""""""	"""22"""	"""f"""	"20"	"0"	"2"	"0"	"1"	"""5"""	"-1"
"What is he talking about? (1-2 mins)"	"Short and fun! A 1-2 minute word game about what someone is talking about."	"experiment, psychology, game"	"$0.25 "	"Thu Jul 31 15:08:18 PDT 2014"	"400"	"0"	"0"	"400"	"Reviewable"	"NotReviewed"	"1 scales"	"600"	"60000"	"Thu Aug 07 15:08:18 PDT 2014"	"S72571"	"Approved"	""	"""pizza"""	"""mushrooms"""	"0"	"-1"	"1"	"0"	"0"	"1"	"0"	"0"	"-1"	"-1"	"-1"	"""TRUE"""	"""target"""	"""TRUE"""	"-1"	"-1"	"-1"	"-1"	"-1"	"-1"	"""understanding communication"""	""""""	"""35"""	"""f"""	"12"	"0"	"1"	"2"	"0"	"""5"""	"-1"
"What is he talking about? (1-2 mins)"	"Short and fun! A 1-2 minute word game about what someone is talking about."	"experiment, psychology, game"	"$0.25 "	"Thu Jul 31 15:08:18 PDT 2014"	"400"	"0"	"0"	"400"	"Reviewable"	"NotReviewed"	"1 scales"	"600"	"60000"	"Thu Aug 07 15:08:18 PDT 2014"	"S65420"	"Approved"	""	"""friend"""	"""hat"""	"0"	"-1"	"1"	"0"	"0"	"1"	"0"	"0"	"-1"	"-1"	"-1"	"""TRUE"""	"""target"""	"""TRUE"""	"-1"	"-1"	"-1"	"-1"	"-1"	"-1"	"""communication"""	""""""	"""27"""	"""f"""	"9"	"0"	"2"	"0"	"1"	"""5"""	"-1"
