"title"	"description"	"keywords"	"reward"	"creationtime"	"assignments"	"numavailable"	"numpending"	"numcomplete"	"hitstatus"	"reviewstatus"	"annotation"	"assignmentduration"	"autoapprovaldelay"	"hitlifetime"	"workerid"	"assignmentstatus"	"deadline"	"Answer.item"	"Answer.target_property"	"Answer.target_position"	"Answer.target_frequency"	"Answer.familiarization_cond"	"Answer.participant_response_type_condition"	"Answer.participant_feature_count_condition"	"Answer.linguistic_framing_condition"	"Answer.target_filler_sequence_condition"	"Answer.question_type_condition"	"Answer.manip_check_target"	"Answer.manip_check_dist"	"Answer.manip_check_foil"	"Answer.name_check_correct"	"Answer.choice"	"Answer.choice_correct"	"Answer.money_allocated_to_foil"	"Answer.money_allocated_to_target"	"Answer.money_allocated_to_logical"	"Answer.Likert_value_foil"	"Answer.Likert_value_target"	"Answer.Likert_value_logical"	"Answer.about"	"Answer.comment"	"Answer.age"	"Answer.gender"	"Answer.scale_and_levels_condition"	"Answer.familiarization_present_in_study"	"Answer.top_question_order"	"Answer.middle_question_order"	"Answer.bottom_question_order"	"Answer.image_version"	"Answer.hand_position"
"What is he talking about? (1-2 mins)"	"Short and fun! A 1-2 minute word game about what someone is talking about."	"experiment, psychology, game"	"$0.20"	"Thu Jan 22 12:54:51 PST 2015"	"200"	"0"	"0"	"200"	"Reviewable"	"NotReviewed"	"1 scales"	"600"	"60000"	"Thu Jan 29 12:54:51 PST 2015"	"S93512"	"Approved"	""	"""Christmas tree"""	"""star"""	"""left"""	"0"	"-1"	"0"	"1"	"1"	"0"	"4"	"""2"""	"""1"""	"-1"	"""TRUE"""	"""foil"""	"""FALSE"""	"-1"	"-1"	"-1"	"-1"	"-1"	"-1"	"""trimming Christmas trees"""	""""""	""""""	""""""	"4"	"0"	"1"	"2"	"0"	"""3"""	"-1"
"What is he talking about? (1-2 mins)"	"Short and fun! A 1-2 minute word game about what someone is talking about."	"experiment, psychology, game"	"$0.20"	"Thu Jan 22 12:54:51 PST 2015"	"200"	"0"	"0"	"200"	"Reviewable"	"NotReviewed"	"1 scales"	"600"	"60000"	"Thu Jan 29 12:54:51 PST 2015"	"S35985"	"Approved"	""	"""Christmas tree"""	"""star"""	"""left"""	"0"	"-1"	"0"	"1"	"1"	"0"	"4"	"""2"""	"""1"""	"-1"	"""TRUE"""	"""foil"""	"""FALSE"""	"-1"	"-1"	"-1"	"-1"	"-1"	"-1"	"""Bob"""	"""None"""	"""29"""	"""f"""	"4"	"0"	"0"	"1"	"2"	"""3"""	"-1"
"What is he talking about? (1-2 mins)"	"Short and fun! A 1-2 minute word game about what someone is talking about."	"experiment, psychology, game"	"$0.20"	"Thu Jan 22 12:54:51 PST 2015"	"200"	"0"	"0"	"200"	"Reviewable"	"NotReviewed"	"1 scales"	"600"	"60000"	"Thu Jan 29 12:54:51 PST 2015"	"S82277"	"Approved"	""	"""pizza"""	"""olives"""	"""left"""	"0"	"-1"	"0"	"1"	"1"	"0"	"4"	"""2"""	"""1"""	"-1"	"""TRUE"""	"""target"""	"""TRUE"""	"-1"	"-1"	"-1"	"-1"	"-1"	"-1"	"""Psychology"""	""""""	"""34"""	"""m"""	"4"	"0"	"1"	"0"	"2"	"""3"""	"-1"
"What is he talking about? (1-2 mins)"	"Short and fun! A 1-2 minute word game about what someone is talking about."	"experiment, psychology, game"	"$0.20"	"Thu Jan 22 12:54:51 PST 2015"	"200"	"0"	"0"	"200"	"Reviewable"	"NotReviewed"	"1 scales"	"600"	"60000"	"Thu Jan 29 12:54:51 PST 2015"	"S62600"	"Approved"	""	"""sundae"""	"""cherry"""	"""left"""	"0"	"-1"	"0"	"1"	"1"	"0"	"4"	"""2"""	"""1"""	"-1"	"""TRUE"""	"""logical"""	"""FALSE"""	"-1"	"-1"	"-1"	"-1"	"-1"	"-1"	"""Sundaes"""	"""no"""	"""32"""	"""m"""	"4"	"0"	"1"	"2"	"0"	"""3"""	"-1"
"What is he talking about? (1-2 mins)"	"Short and fun! A 1-2 minute word game about what someone is talking about."	"experiment, psychology, game"	"$0.20"	"Thu Jan 22 12:54:51 PST 2015"	"200"	"0"	"0"	"200"	"Reviewable"	"NotReviewed"	"1 scales"	"600"	"60000"	"Thu Jan 29 12:54:51 PST 2015"	"S29252"	"Approved"	""	"""friend"""	"""glasses"""	"""left"""	"0"	"-1"	"0"	"1"	"1"	"0"	"4"	"""2"""	"""1"""	"-1"	"""TRUE"""	"""foil"""	"""FALSE"""	"-1"	"-1"	"-1"	"-1"	"-1"	"-1"	"""Perceptions of people Bob hangs out with"""	""""""	"""24"""	"""f"""	"4"	"0"	"0"	"1"	"2"	"""3"""	"-1"
"What is he talking about? (1-2 mins)"	"Short and fun! A 1-2 minute word game about what someone is talking about."	"experiment, psychology, game"	"$0.20"	"Thu Jan 22 12:54:51 PST 2015"	"200"	"0"	"0"	"200"	"Reviewable"	"NotReviewed"	"1 scales"	"600"	"60000"	"Thu Jan 29 12:54:51 PST 2015"	"S20483"	"Approved"	""	"""boat"""	"""motor"""	"""left"""	"0"	"-1"	"0"	"1"	"1"	"0"	"4"	"""1"""	"""3"""	"-1"	"""TRUE"""	"""foil"""	"""FALSE"""	"-1"	"-1"	"-1"	"-1"	"-1"	"-1"	"""his boats!"""	""""""	"""26"""	"""f"""	"4"	"0"	"2"	"0"	"1"	"""3"""	"-1"
"What is he talking about? (1-2 mins)"	"Short and fun! A 1-2 minute word game about what someone is talking about."	"experiment, psychology, game"	"$0.20"	"Thu Jan 22 12:54:51 PST 2015"	"200"	"0"	"0"	"200"	"Reviewable"	"NotReviewed"	"1 scales"	"600"	"60000"	"Thu Jan 29 12:54:51 PST 2015"	"S04155"	"Approved"	""	"""pizza"""	"""mushrooms"""	"""left"""	"0"	"-1"	"0"	"1"	"1"	"0"	"3"	"""2"""	"""1"""	"-1"	"""TRUE"""	"""target"""	"""TRUE"""	"-1"	"-1"	"-1"	"-1"	"-1"	"-1"	"""Patterns of behavior based on previous actions, making decisions though unlclear rules"""	""""""	"""20"""	"""f"""	"4"	"0"	"1"	"2"	"0"	"""3"""	"-1"
"What is he talking about? (1-2 mins)"	"Short and fun! A 1-2 minute word game about what someone is talking about."	"experiment, psychology, game"	"$0.20"	"Thu Jan 22 12:54:51 PST 2015"	"200"	"0"	"0"	"200"	"Reviewable"	"NotReviewed"	"1 scales"	"600"	"60000"	"Thu Jan 29 12:54:51 PST 2015"	"S94689"	"Approved"	""	"""pizza"""	"""olives"""	"""left"""	"0"	"-1"	"0"	"1"	"1"	"0"	"4"	"""2"""	"""1"""	"-1"	"""TRUE"""	"""foil"""	"""FALSE"""	"-1"	"-1"	"-1"	"-1"	"-1"	"-1"	"""pizza preference"""	"""none"""	"""33"""	"""female"""	"4"	"0"	"1"	"2"	"0"	"""3"""	"-1"
"What is he talking about? (1-2 mins)"	"Short and fun! A 1-2 minute word game about what someone is talking about."	"experiment, psychology, game"	"$0.20"	"Thu Jan 22 12:54:51 PST 2015"	"200"	"0"	"0"	"200"	"Reviewable"	"NotReviewed"	"1 scales"	"600"	"60000"	"Thu Jan 29 12:54:51 PST 2015"	"S41844"	"Approved"	""	"""friend"""	"""mustache"""	"""middle"""	"0"	"-1"	"0"	"1"	"1"	"0"	"4"	"""2"""	"""1"""	"-1"	"""TRUE"""	"""foil"""	"""FALSE"""	"-1"	"-1"	"-1"	"-1"	"-1"	"-1"	"""Who Bob will visit next"""	"""Weird survey"""	"""23"""	"""m"""	"4"	"0"	"2"	"0"	"1"	"""3"""	"-1"
"What is he talking about? (1-2 mins)"	"Short and fun! A 1-2 minute word game about what someone is talking about."	"experiment, psychology, game"	"$0.20"	"Thu Jan 22 12:54:51 PST 2015"	"200"	"0"	"0"	"200"	"Reviewable"	"NotReviewed"	"1 scales"	"600"	"60000"	"Thu Jan 29 12:54:51 PST 2015"	"S15010"	"Approved"	""	"""sundae"""	"""cherry"""	"""left"""	"0"	"-1"	"0"	"1"	"1"	"0"	"4"	"""2"""	"""1"""	"-1"	"""TRUE"""	"""foil"""	"""FALSE"""	"-1"	"-1"	"-1"	"-1"	"-1"	"-1"	"""bob eating sundaes"""	"""fun study"""	"""26"""	"""m"""	"4"	"0"	"2"	"1"	"0"	"""3"""	"-1"
"What is he talking about? (1-2 mins)"	"Short and fun! A 1-2 minute word game about what someone is talking about."	"experiment, psychology, game"	"$0.20"	"Thu Jan 22 12:54:51 PST 2015"	"200"	"0"	"0"	"200"	"Reviewable"	"NotReviewed"	"1 scales"	"600"	"60000"	"Thu Jan 29 12:54:51 PST 2015"	"S13160"	"Approved"	""	"""Christmas tree"""	"""ornaments"""	"""right"""	"0"	"-1"	"0"	"1"	"1"	"0"	"4"	"""2"""	"""1"""	"-1"	"""TRUE"""	"""foil"""	"""FALSE"""	"-1"	"-1"	"-1"	"-1"	"-1"	"-1"	"""Understanding Vocabulary"""	"""Bob is dressed funny to enjoy Christmas trees."""	"""18"""	"""m"""	"4"	"0"	"1"	"0"	"2"	"""3"""	"-1"
"What is he talking about? (1-2 mins)"	"Short and fun! A 1-2 minute word game about what someone is talking about."	"experiment, psychology, game"	"$0.20"	"Thu Jan 22 12:54:51 PST 2015"	"200"	"0"	"0"	"200"	"Reviewable"	"NotReviewed"	"1 scales"	"600"	"60000"	"Thu Jan 29 12:54:51 PST 2015"	"S09160"	"Approved"	""	"""sundae"""	"""chocolate"""	"""middle"""	"0"	"-1"	"0"	"1"	"1"	"0"	"3"	"""2"""	"""1"""	"-1"	"""TRUE"""	"""target"""	"""TRUE"""	"-1"	"-1"	"-1"	"-1"	"-1"	"-1"	"""sundaes"""	""""""	""""""	""""""	"4"	"0"	"2"	"1"	"0"	"""3"""	"-1"
"What is he talking about? (1-2 mins)"	"Short and fun! A 1-2 minute word game about what someone is talking about."	"experiment, psychology, game"	"$0.20"	"Thu Jan 22 12:54:51 PST 2015"	"200"	"0"	"0"	"200"	"Reviewable"	"NotReviewed"	"1 scales"	"600"	"60000"	"Thu Jan 29 12:54:51 PST 2015"	"S35855"	"Approved"	""	"""boat"""	"""cabin"""	"""middle"""	"0"	"-1"	"0"	"1"	"1"	"0"	"3"	"""2"""	"""1"""	"-1"	"""TRUE"""	"""foil"""	"""FALSE"""	"-1"	"-1"	"-1"	"-1"	"-1"	"-1"	"""Our interpretation of why Bob may have said from his mumble."""	"""Thanks for the survey"""	"""41"""	"""m"""	"4"	"0"	"2"	"0"	"1"	"""3"""	"-1"
"What is he talking about? (1-2 mins)"	"Short and fun! A 1-2 minute word game about what someone is talking about."	"experiment, psychology, game"	"$0.20"	"Thu Jan 22 12:54:51 PST 2015"	"200"	"0"	"0"	"200"	"Reviewable"	"NotReviewed"	"1 scales"	"600"	"60000"	"Thu Jan 29 12:54:51 PST 2015"	"S07626"	"Approved"	""	"""pizza"""	"""mushrooms"""	"""right"""	"0"	"-1"	"0"	"1"	"1"	"0"	"4"	"""2"""	"""1"""	"-1"	"""TRUE"""	"""target"""	"""TRUE"""	"-1"	"-1"	"-1"	"-1"	"-1"	"-1"	"""Bob eating pizza"""	"""Hi!"""	"""24"""	"""f"""	"4"	"0"	"2"	"0"	"1"	"""3"""	"-1"
"What is he talking about? (1-2 mins)"	"Short and fun! A 1-2 minute word game about what someone is talking about."	"experiment, psychology, game"	"$0.20"	"Thu Jan 22 12:54:51 PST 2015"	"200"	"0"	"0"	"200"	"Reviewable"	"NotReviewed"	"1 scales"	"600"	"60000"	"Thu Jan 29 12:54:51 PST 2015"	"S48066"	"Approved"	""	"""friend"""	"""hat"""	"""middle"""	"0"	"-1"	"0"	"1"	"1"	"0"	"3"	"""2"""	"""1"""	"-1"	"""FALSE"""	"""foil"""	"""FALSE"""	"-1"	"-1"	"-1"	"-1"	"-1"	"-1"	"""guessing what is he talking about"""	""""""	""""""	"""M"""	"4"	"0"	"0"	"1"	"2"	"""3"""	"-1"
"What is he talking about? (1-2 mins)"	"Short and fun! A 1-2 minute word game about what someone is talking about."	"experiment, psychology, game"	"$0.20"	"Thu Jan 22 12:54:51 PST 2015"	"200"	"0"	"0"	"200"	"Reviewable"	"NotReviewed"	"1 scales"	"600"	"60000"	"Thu Jan 29 12:54:51 PST 2015"	"S60272"	"Approved"	""	"""snowman"""	"""hat"""	"""right"""	"0"	"-1"	"0"	"1"	"1"	"0"	"4"	"""2"""	"""1"""	"-1"	"""TRUE"""	"""foil"""	"""FALSE"""	"-1"	"-1"	"-1"	"-1"	"-1"	"-1"	"""Patterns."""	""""""	"""29"""	"""m"""	"4"	"0"	"2"	"0"	"1"	"""3"""	"-1"
"What is he talking about? (1-2 mins)"	"Short and fun! A 1-2 minute word game about what someone is talking about."	"experiment, psychology, game"	"$0.20"	"Thu Jan 22 12:54:51 PST 2015"	"200"	"0"	"0"	"200"	"Reviewable"	"NotReviewed"	"1 scales"	"600"	"60000"	"Thu Jan 29 12:54:51 PST 2015"	"S56566"	"Approved"	""	"""boat"""	"""sail"""	"""middle"""	"0"	"-1"	"0"	"1"	"1"	"0"	"4"	"""2"""	"""1"""	"-1"	"""TRUE"""	"""logical"""	"""FALSE"""	"-1"	"-1"	"-1"	"-1"	"-1"	"-1"	"""Boats"""	"""none"""	"""21"""	"""f"""	"4"	"0"	"1"	"0"	"2"	"""3"""	"-1"
"What is he talking about? (1-2 mins)"	"Short and fun! A 1-2 minute word game about what someone is talking about."	"experiment, psychology, game"	"$0.20"	"Thu Jan 22 12:54:51 PST 2015"	"200"	"0"	"0"	"200"	"Reviewable"	"NotReviewed"	"1 scales"	"600"	"60000"	"Thu Jan 29 12:54:51 PST 2015"	"S69830"	"Approved"	""	"""Christmas tree"""	"""lights"""	"""left"""	"0"	"-1"	"0"	"1"	"1"	"0"	"3"	"""2"""	"""1"""	"-1"	"""TRUE"""	"""foil"""	"""FALSE"""	"-1"	"-1"	"-1"	"-1"	"-1"	"-1"	"""Perceptions regarding a person's inaudible comment."""	"""None."""	"""33"""	"""M"""	"4"	"0"	"1"	"0"	"2"	"""3"""	"-1"
"What is he talking about? (1-2 mins)"	"Short and fun! A 1-2 minute word game about what someone is talking about."	"experiment, psychology, game"	"$0.20"	"Thu Jan 22 12:54:51 PST 2015"	"200"	"0"	"0"	"200"	"Reviewable"	"NotReviewed"	"1 scales"	"600"	"60000"	"Thu Jan 29 12:54:51 PST 2015"	"S90286"	"Approved"	""	"""Christmas tree"""	"""ornaments"""	"""left"""	"0"	"-1"	"0"	"1"	"1"	"0"	"4"	"""2"""	"""1"""	"-1"	"""TRUE"""	"""target"""	"""TRUE"""	"-1"	"-1"	"-1"	"-1"	"-1"	"-1"	"""what was on three different tres"""	""""""	"""37"""	"""m"""	"4"	"0"	"0"	"1"	"2"	"""3"""	"-1"
"What is he talking about? (1-2 mins)"	"Short and fun! A 1-2 minute word game about what someone is talking about."	"experiment, psychology, game"	"$0.20"	"Thu Jan 22 12:54:51 PST 2015"	"200"	"0"	"0"	"200"	"Reviewable"	"NotReviewed"	"1 scales"	"600"	"60000"	"Thu Jan 29 12:54:51 PST 2015"	"S46610"	"Approved"	""	"""boat"""	"""sail"""	"""left"""	"0"	"-1"	"0"	"1"	"1"	"0"	"4"	"""2"""	"""1"""	"-1"	"""TRUE"""	"""foil"""	"""FALSE"""	"-1"	"-1"	"-1"	"-1"	"-1"	"-1"	"""bob and his boats"""	"""thnak you"""	"""27"""	"""m"""	"4"	"0"	"2"	"1"	"0"	"""3"""	"-1"
"What is he talking about? (1-2 mins)"	"Short and fun! A 1-2 minute word game about what someone is talking about."	"experiment, psychology, game"	"$0.20"	"Thu Jan 22 12:54:51 PST 2015"	"200"	"0"	"0"	"200"	"Reviewable"	"NotReviewed"	"1 scales"	"600"	"60000"	"Thu Jan 29 12:54:51 PST 2015"	"S36803"	"Approved"	""	"""sundae"""	"""whipped cream"""	"""right"""	"0"	"-1"	"0"	"1"	"1"	"0"	"4"	"""2"""	"""1"""	"-1"	"""TRUE"""	"""foil"""	"""FALSE"""	"-1"	"-1"	"-1"	"-1"	"-1"	"-1"	"""Ice cream"""	"""none"""	"""21"""	"""m"""	"4"	"0"	"2"	"1"	"0"	"""3"""	"-1"
"What is he talking about? (1-2 mins)"	"Short and fun! A 1-2 minute word game about what someone is talking about."	"experiment, psychology, game"	"$0.20"	"Thu Jan 22 12:54:51 PST 2015"	"200"	"0"	"0"	"200"	"Reviewable"	"NotReviewed"	"1 scales"	"600"	"60000"	"Thu Jan 29 12:54:51 PST 2015"	"S53493"	"Approved"	""	"""sundae"""	"""chocolate"""	"""middle"""	"0"	"-1"	"0"	"1"	"1"	"0"	"3"	"""2"""	"""1"""	"-1"	"""TRUE"""	"""logical"""	"""FALSE"""	"-1"	"-1"	"-1"	"-1"	"-1"	"-1"	"""sundaes"""	"""no"""	"""41"""	"""m"""	"4"	"0"	"2"	"1"	"0"	"""3"""	"-1"
"What is he talking about? (1-2 mins)"	"Short and fun! A 1-2 minute word game about what someone is talking about."	"experiment, psychology, game"	"$0.20"	"Thu Jan 22 12:54:51 PST 2015"	"200"	"0"	"0"	"200"	"Reviewable"	"NotReviewed"	"1 scales"	"600"	"60000"	"Thu Jan 29 12:54:51 PST 2015"	"S08396"	"Approved"	""	"""boat"""	"""cabin"""	"""middle"""	"0"	"-1"	"0"	"1"	"1"	"0"	"4"	"""2"""	"""1"""	"-1"	"""FALSE"""	"""target"""	"""TRUE"""	"-1"	"-1"	"-1"	"-1"	"-1"	"-1"	"""Joe and his love of boats."""	""""""	"""26"""	"""M"""	"4"	"0"	"2"	"0"	"1"	"""3"""	"-1"
"What is he talking about? (1-2 mins)"	"Short and fun! A 1-2 minute word game about what someone is talking about."	"experiment, psychology, game"	"$0.20"	"Thu Jan 22 12:54:51 PST 2015"	"200"	"0"	"0"	"200"	"Reviewable"	"NotReviewed"	"1 scales"	"600"	"60000"	"Thu Jan 29 12:54:51 PST 2015"	"S21784"	"Approved"	""	"""snowman"""	"""hat"""	"""middle"""	"0"	"-1"	"0"	"1"	"1"	"0"	"4"	"""2"""	"""1"""	"-1"	"""TRUE"""	"""target"""	"""TRUE"""	"-1"	"-1"	"-1"	"-1"	"-1"	"-1"	"""Making predictions"""	"""No"""	"""18"""	"""m"""	"4"	"0"	"2"	"1"	"0"	"""3"""	"-1"
"What is he talking about? (1-2 mins)"	"Short and fun! A 1-2 minute word game about what someone is talking about."	"experiment, psychology, game"	"$0.20"	"Thu Jan 22 12:54:51 PST 2015"	"200"	"0"	"0"	"200"	"Reviewable"	"NotReviewed"	"1 scales"	"600"	"60000"	"Thu Jan 29 12:54:51 PST 2015"	"S57709"	"Approved"	""	"""snowman"""	"""mittens"""	"""middle"""	"0"	"-1"	"0"	"1"	"1"	"0"	"3"	"""2"""	"""1"""	"-1"	"""TRUE"""	"""foil"""	"""FALSE"""	"-1"	"-1"	"-1"	"-1"	"-1"	"-1"	"""A guy who decorates snowmen"""	"""No, thanks"""	""""""	"""F"""	"4"	"0"	"1"	"2"	"0"	"""3"""	"-1"
"What is he talking about? (1-2 mins)"	"Short and fun! A 1-2 minute word game about what someone is talking about."	"experiment, psychology, game"	"$0.20"	"Thu Jan 22 12:54:51 PST 2015"	"200"	"0"	"0"	"200"	"Reviewable"	"NotReviewed"	"1 scales"	"600"	"60000"	"Thu Jan 29 12:54:51 PST 2015"	"S89617"	"Approved"	""	"""friend"""	"""hat"""	"""right"""	"0"	"-1"	"0"	"1"	"1"	"0"	"4"	"""2"""	"""1"""	"-1"	"""TRUE"""	"""logical"""	"""FALSE"""	"-1"	"-1"	"-1"	"-1"	"-1"	"-1"	"""bob visiting friends"""	"""no"""	"""19"""	"""f"""	"4"	"0"	"2"	"0"	"1"	"""3"""	"-1"
"What is he talking about? (1-2 mins)"	"Short and fun! A 1-2 minute word game about what someone is talking about."	"experiment, psychology, game"	"$0.20"	"Thu Jan 22 12:54:51 PST 2015"	"200"	"0"	"0"	"200"	"Reviewable"	"NotReviewed"	"1 scales"	"600"	"60000"	"Thu Jan 29 12:54:51 PST 2015"	"S87871"	"Approved"	""	"""Christmas tree"""	"""lights"""	"""middle"""	"0"	"-1"	"0"	"1"	"1"	"0"	"3"	"""2"""	"""1"""	"-1"	"""TRUE"""	"""target"""	"""TRUE"""	"-1"	"-1"	"-1"	"-1"	"-1"	"-1"	"""making assumptions """	""""""	"""49"""	"""female"""	"4"	"0"	"1"	"2"	"0"	"""3"""	"-1"
"What is he talking about? (1-2 mins)"	"Short and fun! A 1-2 minute word game about what someone is talking about."	"experiment, psychology, game"	"$0.20"	"Thu Jan 22 12:54:51 PST 2015"	"200"	"0"	"0"	"200"	"Reviewable"	"NotReviewed"	"1 scales"	"600"	"60000"	"Thu Jan 29 12:54:51 PST 2015"	"S51094"	"Approved"	""	"""boat"""	"""sail"""	"""left"""	"0"	"-1"	"0"	"1"	"1"	"0"	"3"	"""2"""	"""1"""	"-1"	"""TRUE"""	"""foil"""	"""FALSE"""	"-1"	"-1"	"-1"	"-1"	"-1"	"-1"	"""How people make decisions based on limited information"""	""""""	"""18"""	"""m"""	"4"	"0"	"1"	"0"	"2"	"""3"""	"-1"
"What is he talking about? (1-2 mins)"	"Short and fun! A 1-2 minute word game about what someone is talking about."	"experiment, psychology, game"	"$0.20"	"Thu Jan 22 12:54:51 PST 2015"	"200"	"0"	"0"	"200"	"Reviewable"	"NotReviewed"	"1 scales"	"600"	"60000"	"Thu Jan 29 12:54:51 PST 2015"	"S23839"	"Approved"	""	"""friend"""	"""hat"""	"""right"""	"0"	"-1"	"0"	"1"	"1"	"0"	"4"	"""2"""	"""1"""	"-1"	"""TRUE"""	"""foil"""	"""FALSE"""	"-1"	"-1"	"-1"	"-1"	"-1"	"-1"	"""no idea"""	""""""	""""""	""""""	"4"	"0"	"1"	"0"	"2"	"""3"""	"-1"
"What is he talking about? (1-2 mins)"	"Short and fun! A 1-2 minute word game about what someone is talking about."	"experiment, psychology, game"	"$0.20"	"Thu Jan 22 12:54:51 PST 2015"	"200"	"0"	"0"	"200"	"Reviewable"	"NotReviewed"	"1 scales"	"600"	"60000"	"Thu Jan 29 12:54:51 PST 2015"	"S68494"	"Approved"	""	"""friend"""	"""mustache"""	"""right"""	"0"	"-1"	"0"	"1"	"1"	"0"	"4"	"""2"""	"""1"""	"-1"	"""TRUE"""	"""foil"""	"""FALSE"""	"-1"	"-1"	"-1"	"-1"	"-1"	"-1"	"""I am not really sure?"""	""""""	"""38"""	"""m"""	"4"	"0"	"0"	"1"	"2"	"""3"""	"-1"
"What is he talking about? (1-2 mins)"	"Short and fun! A 1-2 minute word game about what someone is talking about."	"experiment, psychology, game"	"$0.20"	"Thu Jan 22 12:54:51 PST 2015"	"200"	"0"	"0"	"200"	"Reviewable"	"NotReviewed"	"1 scales"	"600"	"60000"	"Thu Jan 29 12:54:51 PST 2015"	"S51658"	"Approved"	""	"""Christmas tree"""	"""star"""	"""middle"""	"0"	"-1"	"0"	"1"	"1"	"0"	"3"	"""2"""	"""1"""	"-1"	"""TRUE"""	"""logical"""	"""FALSE"""	"-1"	"-1"	"-1"	"-1"	"-1"	"-1"	"""Intuition"""	""""""	"""33"""	"""m"""	"4"	"0"	"2"	"0"	"1"	"""3"""	"-1"
"What is he talking about? (1-2 mins)"	"Short and fun! A 1-2 minute word game about what someone is talking about."	"experiment, psychology, game"	"$0.20"	"Thu Jan 22 12:54:51 PST 2015"	"200"	"0"	"0"	"200"	"Reviewable"	"NotReviewed"	"1 scales"	"600"	"60000"	"Thu Jan 29 12:54:51 PST 2015"	"S61598"	"Approved"	""	"""boat"""	"""sail"""	"""middle"""	"0"	"-1"	"0"	"1"	"1"	"0"	"3"	"""2"""	"""2"""	"-1"	"""TRUE"""	"""target"""	"""TRUE"""	"-1"	"-1"	"-1"	"-1"	"-1"	"-1"	"""Picking a boat for bob """	"""no """	"""32"""	"""m"""	"4"	"0"	"0"	"2"	"1"	"""3"""	"-1"
"What is he talking about? (1-2 mins)"	"Short and fun! A 1-2 minute word game about what someone is talking about."	"experiment, psychology, game"	"$0.20"	"Thu Jan 22 12:54:51 PST 2015"	"200"	"0"	"0"	"200"	"Reviewable"	"NotReviewed"	"1 scales"	"600"	"60000"	"Thu Jan 29 12:54:51 PST 2015"	"S75858"	"Approved"	""	"""boat"""	"""sail"""	"""left"""	"0"	"-1"	"0"	"1"	"1"	"0"	"4"	"""2"""	"""1"""	"-1"	"""TRUE"""	"""logical"""	"""FALSE"""	"-1"	"-1"	"-1"	"-1"	"-1"	"-1"	"""what bob said"""	""""""	"""24"""	"""Male"""	"4"	"0"	"1"	"2"	"0"	"""3"""	"-1"
"What is he talking about? (1-2 mins)"	"Short and fun! A 1-2 minute word game about what someone is talking about."	"experiment, psychology, game"	"$0.20"	"Thu Jan 22 12:54:51 PST 2015"	"200"	"0"	"0"	"200"	"Reviewable"	"NotReviewed"	"1 scales"	"600"	"60000"	"Thu Jan 29 12:54:51 PST 2015"	"S93096"	"Approved"	""	"""boat"""	"""motor"""	"""middle"""	"0"	"-1"	"0"	"1"	"1"	"0"	"3"	"""2"""	"""1"""	"-1"	"""TRUE"""	"""logical"""	"""FALSE"""	"-1"	"-1"	"-1"	"-1"	"-1"	"-1"	"""figuring out which boat Bob was talking about?"""	"""no"""	"""50"""	"""f"""	"4"	"0"	"1"	"2"	"0"	"""3"""	"-1"
"What is he talking about? (1-2 mins)"	"Short and fun! A 1-2 minute word game about what someone is talking about."	"experiment, psychology, game"	"$0.20"	"Thu Jan 22 12:54:51 PST 2015"	"200"	"0"	"0"	"200"	"Reviewable"	"NotReviewed"	"1 scales"	"600"	"60000"	"Thu Jan 29 12:54:51 PST 2015"	"S85658"	"Approved"	""	"""pizza"""	"""peppers"""	"""middle"""	"0"	"-1"	"0"	"1"	"1"	"0"	"3"	"""0"""	"""20"""	"-1"	"""TRUE"""	"""target"""	"""TRUE"""	"-1"	"-1"	"-1"	"-1"	"-1"	"-1"	"""communications"""	""""""	"""27"""	"""m"""	"4"	"0"	"1"	"0"	"2"	"""3"""	"-1"
"What is he talking about? (1-2 mins)"	"Short and fun! A 1-2 minute word game about what someone is talking about."	"experiment, psychology, game"	"$0.20"	"Thu Jan 22 12:54:51 PST 2015"	"200"	"0"	"0"	"200"	"Reviewable"	"NotReviewed"	"1 scales"	"600"	"60000"	"Thu Jan 29 12:54:51 PST 2015"	"S57114"	"Approved"	""	"""snowman"""	"""hat"""	"""middle"""	"0"	"-1"	"0"	"1"	"1"	"0"	"4"	"""2"""	"""1"""	"-1"	"""TRUE"""	"""foil"""	"""FALSE"""	"-1"	"-1"	"-1"	"-1"	"-1"	"-1"	"""Decorating snowmen."""	""""""	"""26"""	"""f"""	"4"	"0"	"1"	"2"	"0"	"""3"""	"-1"
"What is he talking about? (1-2 mins)"	"Short and fun! A 1-2 minute word game about what someone is talking about."	"experiment, psychology, game"	"$0.20"	"Thu Jan 22 12:54:51 PST 2015"	"200"	"0"	"0"	"200"	"Reviewable"	"NotReviewed"	"1 scales"	"600"	"60000"	"Thu Jan 29 12:54:51 PST 2015"	"S15281"	"Approved"	""	"""pizza"""	"""mushrooms"""	"""left"""	"0"	"-1"	"0"	"1"	"1"	"0"	"3"	"""2"""	"""1"""	"-1"	"""TRUE"""	"""target"""	"""TRUE"""	"-1"	"-1"	"-1"	"-1"	"-1"	"-1"	"""pizza"""	""""""	"""26"""	"""m"""	"4"	"0"	"1"	"2"	"0"	"""3"""	"-1"
"What is he talking about? (1-2 mins)"	"Short and fun! A 1-2 minute word game about what someone is talking about."	"experiment, psychology, game"	"$0.20"	"Thu Jan 22 12:54:51 PST 2015"	"200"	"0"	"0"	"200"	"Reviewable"	"NotReviewed"	"1 scales"	"600"	"60000"	"Thu Jan 29 12:54:51 PST 2015"	"S71337"	"Approved"	""	"""sundae"""	"""chocolate"""	"""left"""	"0"	"-1"	"0"	"1"	"1"	"0"	"3"	"""2"""	"""1"""	"-1"	"""TRUE"""	"""foil"""	"""FALSE"""	"-1"	"-1"	"-1"	"-1"	"-1"	"-1"	"""What ice cream would bob choose."""	"""fun and easy."""	"""28"""	"""m"""	"4"	"0"	"2"	"1"	"0"	"""3"""	"-1"
"What is he talking about? (1-2 mins)"	"Short and fun! A 1-2 minute word game about what someone is talking about."	"experiment, psychology, game"	"$0.20"	"Thu Jan 22 12:54:51 PST 2015"	"200"	"0"	"0"	"200"	"Reviewable"	"NotReviewed"	"1 scales"	"600"	"60000"	"Thu Jan 29 12:54:51 PST 2015"	"S77411"	"Approved"	""	"""friend"""	"""glasses"""	"""right"""	"0"	"-1"	"0"	"1"	"1"	"0"	"4"	"""2"""	"""1"""	"-1"	"""TRUE"""	"""logical"""	"""FALSE"""	"-1"	"-1"	"-1"	"-1"	"-1"	"-1"	"""Who bob will meet next"""	""""""	"""19"""	"""m"""	"4"	"0"	"2"	"1"	"0"	"""3"""	"-1"
"What is he talking about? (1-2 mins)"	"Short and fun! A 1-2 minute word game about what someone is talking about."	"experiment, psychology, game"	"$0.20"	"Thu Jan 22 12:54:51 PST 2015"	"200"	"0"	"0"	"200"	"Reviewable"	"NotReviewed"	"1 scales"	"600"	"60000"	"Thu Jan 29 12:54:51 PST 2015"	"S79943"	"Approved"	""	"""boat"""	"""cabin"""	"""middle"""	"0"	"-1"	"0"	"1"	"1"	"0"	"3"	"""2"""	"""1"""	"-1"	"""TRUE"""	"""foil"""	"""FALSE"""	"-1"	"-1"	"-1"	"-1"	"-1"	"-1"	"""boats (language & cognition)"""	"""no"""	"""21"""	"""M"""	"4"	"0"	"0"	"2"	"1"	"""3"""	"-1"
"What is he talking about? (1-2 mins)"	"Short and fun! A 1-2 minute word game about what someone is talking about."	"experiment, psychology, game"	"$0.20"	"Thu Jan 22 12:54:51 PST 2015"	"200"	"0"	"0"	"200"	"Reviewable"	"NotReviewed"	"1 scales"	"600"	"60000"	"Thu Jan 29 12:54:51 PST 2015"	"S95193"	"Approved"	""	"""friend"""	"""hat"""	"""middle"""	"0"	"-1"	"0"	"1"	"1"	"0"	"3"	"""2"""	"""1"""	"-1"	"""TRUE"""	"""logical"""	"""FALSE"""	"-1"	"-1"	"-1"	"-1"	"-1"	"-1"	"""which friend bob visits"""	""""""	""""""	""""""	"4"	"0"	"0"	"1"	"2"	"""3"""	"-1"
"What is he talking about? (1-2 mins)"	"Short and fun! A 1-2 minute word game about what someone is talking about."	"experiment, psychology, game"	"$0.20"	"Thu Jan 22 12:54:51 PST 2015"	"200"	"0"	"0"	"200"	"Reviewable"	"NotReviewed"	"1 scales"	"600"	"60000"	"Thu Jan 29 12:54:51 PST 2015"	"S21792"	"Approved"	""	"""snowman"""	"""scarf"""	"""right"""	"0"	"-1"	"0"	"1"	"1"	"0"	"3"	"""2"""	"""1"""	"-1"	"""TRUE"""	"""foil"""	"""FALSE"""	"-1"	"-1"	"-1"	"-1"	"-1"	"-1"	"""pattern recognition"""	""""""	"""45"""	"""m"""	"4"	"0"	"2"	"0"	"1"	"""3"""	"-1"
"What is he talking about? (1-2 mins)"	"Short and fun! A 1-2 minute word game about what someone is talking about."	"experiment, psychology, game"	"$0.20"	"Thu Jan 22 12:54:51 PST 2015"	"200"	"0"	"0"	"200"	"Reviewable"	"NotReviewed"	"1 scales"	"600"	"60000"	"Thu Jan 29 12:54:51 PST 2015"	"S79217"	"Approved"	""	"""pizza"""	"""mushrooms"""	"""right"""	"0"	"-1"	"0"	"1"	"1"	"0"	"3"	"""2"""	"""1"""	"-1"	"""TRUE"""	"""foil"""	"""FALSE"""	"-1"	"-1"	"-1"	"-1"	"-1"	"-1"	"""language perception"""	""""""	""""""	"""f"""	"4"	"0"	"1"	"0"	"2"	"""3"""	"-1"
"What is he talking about? (1-2 mins)"	"Short and fun! A 1-2 minute word game about what someone is talking about."	"experiment, psychology, game"	"$0.20"	"Thu Jan 22 12:54:51 PST 2015"	"200"	"0"	"0"	"200"	"Reviewable"	"NotReviewed"	"1 scales"	"600"	"60000"	"Thu Jan 29 12:54:51 PST 2015"	"S48301"	"Approved"	""	"""boat"""	"""cabin"""	"""left"""	"0"	"-1"	"0"	"1"	"1"	"0"	"3"	"""2"""	"""1"""	"-1"	"""TRUE"""	"""logical"""	"""FALSE"""	"-1"	"-1"	"-1"	"-1"	"-1"	"-1"	"""Bob's boats"""	""""""	"""21"""	"""f"""	"4"	"0"	"2"	"0"	"1"	"""3"""	"-1"
"What is he talking about? (1-2 mins)"	"Short and fun! A 1-2 minute word game about what someone is talking about."	"experiment, psychology, game"	"$0.20"	"Thu Jan 22 12:54:51 PST 2015"	"200"	"0"	"0"	"200"	"Reviewable"	"NotReviewed"	"1 scales"	"600"	"60000"	"Thu Jan 29 12:54:51 PST 2015"	"S61374"	"Approved"	""	"""Christmas tree"""	"""star"""	"""left"""	"0"	"-1"	"0"	"1"	"1"	"0"	"3"	"""2"""	"""1"""	"-1"	"""TRUE"""	"""foil"""	"""FALSE"""	"-1"	"-1"	"-1"	"-1"	"-1"	"-1"	"""understanding what Bob was saying"""	"""No"""	"""40"""	"""m"""	"4"	"0"	"2"	"1"	"0"	"""3"""	"-1"
"What is he talking about? (1-2 mins)"	"Short and fun! A 1-2 minute word game about what someone is talking about."	"experiment, psychology, game"	"$0.20"	"Thu Jan 22 12:54:51 PST 2015"	"200"	"0"	"0"	"200"	"Reviewable"	"NotReviewed"	"1 scales"	"600"	"60000"	"Thu Jan 29 12:54:51 PST 2015"	"S27817"	"Approved"	""	"""pizza"""	"""peppers"""	"""right"""	"0"	"-1"	"0"	"1"	"1"	"0"	"4"	"""2"""	"""1"""	"-1"	"""TRUE"""	"""logical"""	"""FALSE"""	"-1"	"-1"	"-1"	"-1"	"-1"	"-1"	"""The pizzas Bob has eaten and which pizza he will eat next. I have no idea what the point of it was though!"""	"""None."""	"""31"""	"""m"""	"4"	"0"	"1"	"2"	"0"	"""3"""	"-1"
"What is he talking about? (1-2 mins)"	"Short and fun! A 1-2 minute word game about what someone is talking about."	"experiment, psychology, game"	"$0.20"	"Thu Jan 22 12:54:51 PST 2015"	"200"	"0"	"0"	"200"	"Reviewable"	"NotReviewed"	"1 scales"	"600"	"60000"	"Thu Jan 29 12:54:51 PST 2015"	"S75030"	"Approved"	""	"""boat"""	"""motor"""	"""right"""	"0"	"-1"	"0"	"1"	"1"	"0"	"4"	"""2"""	"""1"""	"-1"	"""TRUE"""	"""logical"""	"""FALSE"""	"-1"	"-1"	"-1"	"-1"	"-1"	"-1"	"""what bob was saying"""	""""""	"""24"""	"""f"""	"4"	"0"	"1"	"2"	"0"	"""3"""	"-1"
"What is he talking about? (1-2 mins)"	"Short and fun! A 1-2 minute word game about what someone is talking about."	"experiment, psychology, game"	"$0.20"	"Thu Jan 22 12:54:51 PST 2015"	"200"	"0"	"0"	"200"	"Reviewable"	"NotReviewed"	"1 scales"	"600"	"60000"	"Thu Jan 29 12:54:51 PST 2015"	"S71364"	"Approved"	""	"""boat"""	"""sail"""	"""left"""	"0"	"-1"	"0"	"1"	"1"	"0"	"3"	"""2"""	"""1"""	"-1"	"""TRUE"""	"""logical"""	"""FALSE"""	"-1"	"-1"	"-1"	"-1"	"-1"	"-1"	"""A boat"""	"""mumblemumble"""	"""22"""	"""m"""	"4"	"0"	"1"	"2"	"0"	"""3"""	"-1"
"What is he talking about? (1-2 mins)"	"Short and fun! A 1-2 minute word game about what someone is talking about."	"experiment, psychology, game"	"$0.20"	"Thu Jan 22 12:54:51 PST 2015"	"200"	"0"	"0"	"200"	"Reviewable"	"NotReviewed"	"1 scales"	"600"	"60000"	"Thu Jan 29 12:54:51 PST 2015"	"S48727"	"Approved"	""	"""Christmas tree"""	"""lights"""	"""left"""	"0"	"-1"	"0"	"1"	"1"	"0"	"3"	"""2"""	"""1"""	"-1"	"""TRUE"""	"""foil"""	"""FALSE"""	"-1"	"-1"	"-1"	"-1"	"-1"	"-1"	"""How we react when we don't understand someone."""	""""""	"""30"""	"""m"""	"4"	"0"	"0"	"1"	"2"	"""3"""	"-1"
"What is he talking about? (1-2 mins)"	"Short and fun! A 1-2 minute word game about what someone is talking about."	"experiment, psychology, game"	"$0.20"	"Thu Jan 22 12:54:51 PST 2015"	"200"	"0"	"0"	"200"	"Reviewable"	"NotReviewed"	"1 scales"	"600"	"60000"	"Thu Jan 29 12:54:51 PST 2015"	"S00944"	"Approved"	""	"""Christmas tree"""	"""star"""	"""middle"""	"0"	"-1"	"0"	"1"	"1"	"0"	"4"	"""2"""	"""1"""	"-1"	"""TRUE"""	"""foil"""	"""FALSE"""	"-1"	"-1"	"-1"	"-1"	"-1"	"-1"	"""Trimming trees and choices"""	"""None"""	"""48"""	"""f"""	"4"	"0"	"1"	"0"	"2"	"""3"""	"-1"
"What is he talking about? (1-2 mins)"	"Short and fun! A 1-2 minute word game about what someone is talking about."	"experiment, psychology, game"	"$0.20"	"Thu Jan 22 12:54:51 PST 2015"	"200"	"0"	"0"	"200"	"Reviewable"	"NotReviewed"	"1 scales"	"600"	"60000"	"Thu Jan 29 12:54:51 PST 2015"	"S58545"	"Approved"	""	"""pizza"""	"""olives"""	"""left"""	"0"	"-1"	"0"	"1"	"1"	"0"	"4"	"""1"""	"""2"""	"-1"	"""TRUE"""	"""logical"""	"""FALSE"""	"-1"	"-1"	"-1"	"-1"	"-1"	"-1"	"""What pizza he will eat"""	"""-"""	"""23"""	"""m"""	"4"	"0"	"2"	"1"	"0"	"""3"""	"-1"
"What is he talking about? (1-2 mins)"	"Short and fun! A 1-2 minute word game about what someone is talking about."	"experiment, psychology, game"	"$0.20"	"Thu Jan 22 12:54:51 PST 2015"	"200"	"0"	"0"	"200"	"Reviewable"	"NotReviewed"	"1 scales"	"600"	"60000"	"Thu Jan 29 12:54:51 PST 2015"	"S37845"	"Approved"	""	"""Christmas tree"""	"""star"""	"""right"""	"0"	"-1"	"0"	"1"	"1"	"0"	"4"	"""2"""	"""3"""	"-1"	"""TRUE"""	"""foil"""	"""FALSE"""	"-1"	"-1"	"-1"	"-1"	"-1"	"-1"	"""Bob trimming Christmas trees"""	"""Short, and straightforward."""	"""21"""	"""m"""	"4"	"0"	"2"	"1"	"0"	"""3"""	"-1"
"What is he talking about? (1-2 mins)"	"Short and fun! A 1-2 minute word game about what someone is talking about."	"experiment, psychology, game"	"$0.20"	"Thu Jan 22 12:54:51 PST 2015"	"200"	"0"	"0"	"200"	"Reviewable"	"NotReviewed"	"1 scales"	"600"	"60000"	"Thu Jan 29 12:54:51 PST 2015"	"S71852"	"Approved"	""	"""boat"""	"""cabin"""	"""right"""	"0"	"-1"	"0"	"1"	"1"	"0"	"4"	"""2"""	"""1"""	"-1"	"""TRUE"""	"""target"""	"""TRUE"""	"-1"	"-1"	"-1"	"-1"	"-1"	"-1"	"""Judging someone based off of text."""	"""I completely forgot if his name was Bob or Joe, sorry."""	"""24"""	"""m"""	"4"	"0"	"2"	"0"	"1"	"""3"""	"-1"
"What is he talking about? (1-2 mins)"	"Short and fun! A 1-2 minute word game about what someone is talking about."	"experiment, psychology, game"	"$0.20"	"Thu Jan 22 12:54:51 PST 2015"	"200"	"0"	"0"	"200"	"Reviewable"	"NotReviewed"	"1 scales"	"600"	"60000"	"Thu Jan 29 12:54:51 PST 2015"	"S21275"	"Approved"	""	"""Christmas tree"""	"""ornaments"""	"""left"""	"0"	"-1"	"0"	"1"	"1"	"0"	"4"	"""2"""	"""1"""	"-1"	"""TRUE"""	"""foil"""	"""FALSE"""	"-1"	"-1"	"-1"	"-1"	"-1"	"-1"	"""choices"""	""""""	"""70"""	"""f"""	"4"	"0"	"0"	"2"	"1"	"""3"""	"-1"
"What is he talking about? (1-2 mins)"	"Short and fun! A 1-2 minute word game about what someone is talking about."	"experiment, psychology, game"	"$0.20"	"Thu Jan 22 12:54:51 PST 2015"	"200"	"0"	"0"	"200"	"Reviewable"	"NotReviewed"	"1 scales"	"600"	"60000"	"Thu Jan 29 12:54:51 PST 2015"	"S19240"	"Approved"	""	"""sundae"""	"""whipped cream"""	"""right"""	"0"	"-1"	"0"	"1"	"1"	"0"	"3"	"""2"""	"""1"""	"-1"	"""TRUE"""	"""logical"""	"""FALSE"""	"-1"	"-1"	"-1"	"-1"	"-1"	"-1"	"""Trying to guess meaning of a nonsense word based on context and facts known."""	""""""	"""33"""	"""m"""	"4"	"0"	"2"	"1"	"0"	"""3"""	"-1"
"What is he talking about? (1-2 mins)"	"Short and fun! A 1-2 minute word game about what someone is talking about."	"experiment, psychology, game"	"$0.20"	"Thu Jan 22 12:54:51 PST 2015"	"200"	"0"	"0"	"200"	"Reviewable"	"NotReviewed"	"1 scales"	"600"	"60000"	"Thu Jan 29 12:54:51 PST 2015"	"S46812"	"Approved"	""	"""boat"""	"""cabin"""	"""middle"""	"0"	"-1"	"0"	"1"	"1"	"0"	"4"	"""2"""	"""1"""	"-1"	"""TRUE"""	"""target"""	"""TRUE"""	"-1"	"-1"	"-1"	"-1"	"-1"	"-1"	"""boats"""	""""""	""""""	"""f"""	"4"	"0"	"1"	"0"	"2"	"""3"""	"-1"
"What is he talking about? (1-2 mins)"	"Short and fun! A 1-2 minute word game about what someone is talking about."	"experiment, psychology, game"	"$0.20"	"Thu Jan 22 12:54:51 PST 2015"	"200"	"0"	"0"	"200"	"Reviewable"	"NotReviewed"	"1 scales"	"600"	"60000"	"Thu Jan 29 12:54:51 PST 2015"	"S84428"	"Approved"	""	"""Christmas tree"""	"""star"""	"""middle"""	"0"	"-1"	"0"	"1"	"1"	"0"	"3"	"""2"""	"""1"""	"-1"	"""TRUE"""	"""foil"""	"""FALSE"""	"-1"	"-1"	"-1"	"-1"	"-1"	"-1"	"""Cutting down trees"""	""""""	"""27"""	"""m"""	"4"	"0"	"0"	"2"	"1"	"""3"""	"-1"
"What is he talking about? (1-2 mins)"	"Short and fun! A 1-2 minute word game about what someone is talking about."	"experiment, psychology, game"	"$0.20"	"Thu Jan 22 12:54:51 PST 2015"	"200"	"0"	"0"	"200"	"Reviewable"	"NotReviewed"	"1 scales"	"600"	"60000"	"Thu Jan 29 12:54:51 PST 2015"	"S38495"	"Approved"	""	"""Christmas tree"""	"""lights"""	"""right"""	"0"	"-1"	"0"	"1"	"1"	"0"	"4"	"""2"""	"""1"""	"-1"	"""TRUE"""	"""foil"""	"""FALSE"""	"-1"	"-1"	"-1"	"-1"	"-1"	"-1"	"""bob's love of christmas trees"""	"""n/a"""	"""36"""	"""f"""	"4"	"0"	"2"	"1"	"0"	"""3"""	"-1"
"What is he talking about? (1-2 mins)"	"Short and fun! A 1-2 minute word game about what someone is talking about."	"experiment, psychology, game"	"$0.20"	"Thu Jan 22 12:54:51 PST 2015"	"200"	"0"	"0"	"200"	"Reviewable"	"NotReviewed"	"1 scales"	"600"	"60000"	"Thu Jan 29 12:54:51 PST 2015"	"S23792"	"Approved"	""	"""boat"""	"""sail"""	"""left"""	"0"	"-1"	"0"	"1"	"1"	"0"	"3"	"""2"""	"""1"""	"-1"	"""FALSE"""	"""logical"""	"""FALSE"""	"-1"	"-1"	"-1"	"-1"	"-1"	"-1"	"""Guessing what boat Joe would want to use."""	""""""	"""24"""	"""f"""	"4"	"0"	"1"	"0"	"2"	"""3"""	"-1"
"What is he talking about? (1-2 mins)"	"Short and fun! A 1-2 minute word game about what someone is talking about."	"experiment, psychology, game"	"$0.20"	"Thu Jan 22 12:54:51 PST 2015"	"200"	"0"	"0"	"200"	"Reviewable"	"NotReviewed"	"1 scales"	"600"	"60000"	"Thu Jan 29 12:54:51 PST 2015"	"S70434"	"Approved"	""	"""pizza"""	"""peppers"""	"""right"""	"0"	"-1"	"0"	"1"	"1"	"0"	"4"	"""2"""	"""1"""	"-1"	"""TRUE"""	"""logical"""	"""FALSE"""	"-1"	"-1"	"-1"	"-1"	"-1"	"-1"	"""Bob eating pizza"""	""""""	"""21"""	"""m"""	"4"	"0"	"1"	"2"	"0"	"""3"""	"-1"
"What is he talking about? (1-2 mins)"	"Short and fun! A 1-2 minute word game about what someone is talking about."	"experiment, psychology, game"	"$0.20"	"Thu Jan 22 12:54:51 PST 2015"	"200"	"0"	"0"	"200"	"Reviewable"	"NotReviewed"	"1 scales"	"600"	"60000"	"Thu Jan 29 12:54:51 PST 2015"	"S35504"	"Approved"	""	"""pizza"""	"""peppers"""	"""right"""	"0"	"-1"	"0"	"1"	"1"	"0"	"4"	"""2"""	"""1"""	"-1"	"""TRUE"""	"""target"""	"""TRUE"""	"-1"	"-1"	"-1"	"-1"	"-1"	"-1"	"""pizzas"""	"""no"""	"""23"""	"""f"""	"4"	"0"	"0"	"2"	"1"	"""3"""	"-1"
"What is he talking about? (1-2 mins)"	"Short and fun! A 1-2 minute word game about what someone is talking about."	"experiment, psychology, game"	"$0.20"	"Thu Jan 22 12:54:51 PST 2015"	"200"	"0"	"0"	"200"	"Reviewable"	"NotReviewed"	"1 scales"	"600"	"60000"	"Thu Jan 29 12:54:51 PST 2015"	"S34369"	"Approved"	""	"""boat"""	"""cabin"""	"""middle"""	"0"	"-1"	"0"	"1"	"1"	"0"	"3"	"""2"""	"""1"""	"-1"	"""TRUE"""	"""target"""	"""TRUE"""	"-1"	"-1"	"-1"	"-1"	"-1"	"-1"	"""to find out what boat bob want's """	""""""	"""31"""	"""m"""	"4"	"0"	"1"	"2"	"0"	"""3"""	"-1"
"What is he talking about? (1-2 mins)"	"Short and fun! A 1-2 minute word game about what someone is talking about."	"experiment, psychology, game"	"$0.20"	"Thu Jan 22 12:54:51 PST 2015"	"200"	"0"	"0"	"200"	"Reviewable"	"NotReviewed"	"1 scales"	"600"	"60000"	"Thu Jan 29 12:54:51 PST 2015"	"S57770"	"Approved"	""	"""boat"""	"""sail"""	"""left"""	"0"	"-1"	"0"	"1"	"1"	"0"	"3"	"""2"""	"""1"""	"-1"	"""TRUE"""	"""foil"""	"""FALSE"""	"-1"	"-1"	"-1"	"-1"	"-1"	"-1"	"""Interpreting gibberish"""	"""None"""	"""23"""	"""m"""	"4"	"0"	"2"	"1"	"0"	"""3"""	"-1"
"What is he talking about? (1-2 mins)"	"Short and fun! A 1-2 minute word game about what someone is talking about."	"experiment, psychology, game"	"$0.20"	"Thu Jan 22 12:54:51 PST 2015"	"200"	"0"	"0"	"200"	"Reviewable"	"NotReviewed"	"1 scales"	"600"	"60000"	"Thu Jan 29 12:54:51 PST 2015"	"S73641"	"Approved"	""	"""pizza"""	"""peppers"""	"""right"""	"0"	"-1"	"0"	"1"	"1"	"0"	"4"	"""2"""	"""1"""	"-1"	"""TRUE"""	"""logical"""	"""FALSE"""	"-1"	"-1"	"-1"	"-1"	"-1"	"-1"	"""Pizzas"""	"""Thank you for the survey."""	"""25"""	"""m"""	"4"	"0"	"2"	"0"	"1"	"""3"""	"-1"
"What is he talking about? (1-2 mins)"	"Short and fun! A 1-2 minute word game about what someone is talking about."	"experiment, psychology, game"	"$0.20"	"Thu Jan 22 12:54:51 PST 2015"	"200"	"0"	"0"	"200"	"Reviewable"	"NotReviewed"	"1 scales"	"600"	"60000"	"Thu Jan 29 12:54:51 PST 2015"	"S64602"	"Approved"	""	"""sundae"""	"""chocolate"""	"""middle"""	"0"	"-1"	"0"	"1"	"1"	"0"	"3"	"""2"""	"""1"""	"-1"	"""TRUE"""	"""logical"""	"""FALSE"""	"-1"	"-1"	"-1"	"-1"	"-1"	"-1"	"""Ice Cream Sundaes"""	"""No comments"""	"""21"""	"""m"""	"4"	"0"	"1"	"2"	"0"	"""3"""	"-1"
"What is he talking about? (1-2 mins)"	"Short and fun! A 1-2 minute word game about what someone is talking about."	"experiment, psychology, game"	"$0.20"	"Thu Jan 22 12:54:51 PST 2015"	"200"	"0"	"0"	"200"	"Reviewable"	"NotReviewed"	"1 scales"	"600"	"60000"	"Thu Jan 29 12:54:51 PST 2015"	"S81991"	"Approved"	""	"""snowman"""	"""scarf"""	"""left"""	"0"	"-1"	"0"	"1"	"1"	"0"	"4"	"""2"""	"""1"""	"-1"	"""TRUE"""	"""target"""	"""TRUE"""	"-1"	"-1"	"-1"	"-1"	"-1"	"-1"	"""bob decorating a snowman"""	""""""	"""30"""	"""m"""	"4"	"0"	"1"	"0"	"2"	"""3"""	"-1"
"What is he talking about? (1-2 mins)"	"Short and fun! A 1-2 minute word game about what someone is talking about."	"experiment, psychology, game"	"$0.20"	"Thu Jan 22 12:54:51 PST 2015"	"200"	"0"	"0"	"200"	"Reviewable"	"NotReviewed"	"1 scales"	"600"	"60000"	"Thu Jan 29 12:54:51 PST 2015"	"S20037"	"Approved"	""	"""snowman"""	"""mittens"""	"""right"""	"0"	"-1"	"0"	"1"	"1"	"0"	"3"	"""2"""	"""1"""	"-1"	"""TRUE"""	"""foil"""	"""FALSE"""	"-1"	"-1"	"-1"	"-1"	"-1"	"-1"	"""what we think people are saying"""	"""no"""	"""35"""	"""female"""	"4"	"0"	"2"	"0"	"1"	"""3"""	"-1"
"What is he talking about? (1-2 mins)"	"Short and fun! A 1-2 minute word game about what someone is talking about."	"experiment, psychology, game"	"$0.20"	"Thu Jan 22 12:54:51 PST 2015"	"200"	"0"	"0"	"200"	"Reviewable"	"NotReviewed"	"1 scales"	"600"	"60000"	"Thu Jan 29 12:54:51 PST 2015"	"S99074"	"Approved"	""	"""snowman"""	"""hat"""	"""middle"""	"0"	"-1"	"0"	"1"	"1"	"0"	"3"	"""2"""	"""1"""	"-1"	"""TRUE"""	"""foil"""	"""FALSE"""	"-1"	"-1"	"-1"	"-1"	"-1"	"-1"	"""Bob making snowmen"""	"""No"""	"""33"""	"""m"""	"4"	"0"	"1"	"2"	"0"	"""3"""	"-1"
"What is he talking about? (1-2 mins)"	"Short and fun! A 1-2 minute word game about what someone is talking about."	"experiment, psychology, game"	"$0.20"	"Thu Jan 22 12:54:51 PST 2015"	"200"	"0"	"0"	"200"	"Reviewable"	"NotReviewed"	"1 scales"	"600"	"60000"	"Thu Jan 29 12:54:51 PST 2015"	"S12269"	"Approved"	""	"""boat"""	"""sail"""	"""left"""	"0"	"-1"	"0"	"1"	"1"	"0"	"3"	"""2"""	"""3"""	"-1"	"""FALSE"""	"""foil"""	"""FALSE"""	"-1"	"-1"	"-1"	"-1"	"-1"	"-1"	"""sails"""	"""n/a"""	""""""	"""female"""	"4"	"0"	"1"	"2"	"0"	"""3"""	"-1"
"What is he talking about? (1-2 mins)"	"Short and fun! A 1-2 minute word game about what someone is talking about."	"experiment, psychology, game"	"$0.20"	"Thu Jan 22 12:54:51 PST 2015"	"200"	"0"	"0"	"200"	"Reviewable"	"NotReviewed"	"1 scales"	"600"	"60000"	"Thu Jan 29 12:54:51 PST 2015"	"S39779"	"Approved"	""	"""pizza"""	"""olives"""	"""middle"""	"0"	"-1"	"0"	"1"	"1"	"0"	"3"	"""2"""	"""1"""	"-1"	"""TRUE"""	"""logical"""	"""FALSE"""	"-1"	"-1"	"-1"	"-1"	"-1"	"-1"	"""what I think mumblemumble meant"""	""""""	"""27"""	"""f"""	"4"	"0"	"0"	"1"	"2"	"""3"""	"-1"
"What is he talking about? (1-2 mins)"	"Short and fun! A 1-2 minute word game about what someone is talking about."	"experiment, psychology, game"	"$0.20"	"Thu Jan 22 12:54:51 PST 2015"	"200"	"0"	"0"	"200"	"Reviewable"	"NotReviewed"	"1 scales"	"600"	"60000"	"Thu Jan 29 12:54:51 PST 2015"	"S27311"	"Approved"	""	"""snowman"""	"""mittens"""	"""middle"""	"0"	"-1"	"0"	"1"	"1"	"0"	"4"	"""2"""	"""1"""	"-1"	"""TRUE"""	"""foil"""	"""FALSE"""	"-1"	"-1"	"-1"	"-1"	"-1"	"-1"	"""perceptions? """	""""""	"""28"""	"""m"""	"4"	"0"	"1"	"0"	"2"	"""3"""	"-1"
"What is he talking about? (1-2 mins)"	"Short and fun! A 1-2 minute word game about what someone is talking about."	"experiment, psychology, game"	"$0.20"	"Thu Jan 22 12:54:51 PST 2015"	"200"	"0"	"0"	"200"	"Reviewable"	"NotReviewed"	"1 scales"	"600"	"60000"	"Thu Jan 29 12:54:51 PST 2015"	"S18831"	"Approved"	""	"""Christmas tree"""	"""lights"""	"""right"""	"0"	"-1"	"0"	"1"	"1"	"0"	"3"	"""2"""	"""1"""	"-1"	"""TRUE"""	"""target"""	"""TRUE"""	"-1"	"-1"	"-1"	"-1"	"-1"	"-1"	"""I'm not entirely sure, that was really weird."""	"""I couldn't quite remember if it was Bob or Tim :c"""	"""21"""	"""f"""	"4"	"0"	"1"	"0"	"2"	"""3"""	"-1"
"What is he talking about? (1-2 mins)"	"Short and fun! A 1-2 minute word game about what someone is talking about."	"experiment, psychology, game"	"$0.20"	"Thu Jan 22 12:54:51 PST 2015"	"200"	"0"	"0"	"200"	"Reviewable"	"NotReviewed"	"1 scales"	"600"	"60000"	"Thu Jan 29 12:54:51 PST 2015"	"S93051"	"Approved"	""	"""snowman"""	"""mittens"""	"""left"""	"0"	"-1"	"0"	"1"	"1"	"0"	"3"	"""2"""	"""1"""	"-1"	"""TRUE"""	"""logical"""	"""FALSE"""	"-1"	"-1"	"-1"	"-1"	"-1"	"-1"	"""guessing what mumblemumble implies"""	"""no"""	""""""	"""m"""	"4"	"0"	"1"	"0"	"2"	"""3"""	"-1"
"What is he talking about? (1-2 mins)"	"Short and fun! A 1-2 minute word game about what someone is talking about."	"experiment, psychology, game"	"$0.20"	"Thu Jan 22 12:54:51 PST 2015"	"200"	"0"	"0"	"200"	"Reviewable"	"NotReviewed"	"1 scales"	"600"	"60000"	"Thu Jan 29 12:54:51 PST 2015"	"S72021"	"Approved"	""	"""pizza"""	"""mushrooms"""	"""right"""	"0"	"-1"	"0"	"1"	"1"	"0"	"4"	"""2"""	"""1"""	"-1"	"""TRUE"""	"""target"""	"""TRUE"""	"-1"	"-1"	"-1"	"-1"	"-1"	"-1"	"""Eating pizza?"""	"""nope"""	"""25"""	"""m"""	"4"	"0"	"2"	"0"	"1"	"""3"""	"-1"
"What is he talking about? (1-2 mins)"	"Short and fun! A 1-2 minute word game about what someone is talking about."	"experiment, psychology, game"	"$0.20"	"Thu Jan 22 12:54:51 PST 2015"	"200"	"0"	"0"	"200"	"Reviewable"	"NotReviewed"	"1 scales"	"600"	"60000"	"Thu Jan 29 12:54:51 PST 2015"	"S23067"	"Approved"	""	"""friend"""	"""mustache"""	"""right"""	"0"	"-1"	"0"	"1"	"1"	"0"	"3"	"""2"""	"""1"""	"-1"	"""TRUE"""	"""target"""	"""TRUE"""	"-1"	"-1"	"-1"	"-1"	"-1"	"-1"	"""Who Bob met"""	"""No"""	"""25"""	"""m"""	"4"	"0"	"0"	"2"	"1"	"""3"""	"-1"
"What is he talking about? (1-2 mins)"	"Short and fun! A 1-2 minute word game about what someone is talking about."	"experiment, psychology, game"	"$0.20"	"Thu Jan 22 12:54:51 PST 2015"	"200"	"0"	"0"	"200"	"Reviewable"	"NotReviewed"	"1 scales"	"600"	"60000"	"Thu Jan 29 12:54:51 PST 2015"	"S27021"	"Approved"	""	"""pizza"""	"""olives"""	"""right"""	"0"	"-1"	"0"	"1"	"1"	"0"	"3"	"""2"""	"""1"""	"-1"	"""TRUE"""	"""foil"""	"""FALSE"""	"-1"	"-1"	"-1"	"-1"	"-1"	"-1"	"""Whether the question about olives and mushrooms alters the answer."""	""""""	"""40"""	"""m"""	"4"	"0"	"0"	"2"	"1"	"""3"""	"-1"
"What is he talking about? (1-2 mins)"	"Short and fun! A 1-2 minute word game about what someone is talking about."	"experiment, psychology, game"	"$0.20"	"Thu Jan 22 12:54:51 PST 2015"	"200"	"0"	"0"	"200"	"Reviewable"	"NotReviewed"	"1 scales"	"600"	"60000"	"Thu Jan 29 12:54:51 PST 2015"	"S68607"	"Approved"	""	"""boat"""	"""motor"""	"""right"""	"0"	"-1"	"0"	"1"	"1"	"0"	"4"	"""2"""	"""1"""	"-1"	"""TRUE"""	"""logical"""	"""FALSE"""	"-1"	"-1"	"-1"	"-1"	"-1"	"-1"	"""Bob renting boats"""	""""""	"""22"""	"""m"""	"4"	"0"	"2"	"0"	"1"	"""3"""	"-1"
"What is he talking about? (1-2 mins)"	"Short and fun! A 1-2 minute word game about what someone is talking about."	"experiment, psychology, game"	"$0.20"	"Thu Jan 22 12:54:51 PST 2015"	"200"	"0"	"0"	"200"	"Reviewable"	"NotReviewed"	"1 scales"	"600"	"60000"	"Thu Jan 29 12:54:51 PST 2015"	"S95628"	"Approved"	""	"""pizza"""	"""mushrooms"""	"""right"""	"0"	"-1"	"0"	"1"	"1"	"0"	"3"	"""2"""	"""1"""	"-1"	"""TRUE"""	"""target"""	"""TRUE"""	"-1"	"-1"	"-1"	"-1"	"-1"	"-1"	"""not sure"""	""""""	"""36"""	"""f"""	"4"	"0"	"2"	"1"	"0"	"""3"""	"-1"
"What is he talking about? (1-2 mins)"	"Short and fun! A 1-2 minute word game about what someone is talking about."	"experiment, psychology, game"	"$0.20"	"Thu Jan 22 12:54:51 PST 2015"	"200"	"0"	"0"	"200"	"Reviewable"	"NotReviewed"	"1 scales"	"600"	"60000"	"Thu Jan 29 12:54:51 PST 2015"	"S23377"	"Approved"	""	"""boat"""	"""sail"""	"""right"""	"0"	"-1"	"0"	"1"	"1"	"0"	"4"	"""2"""	"""2"""	"-1"	"""TRUE"""	"""logical"""	"""FALSE"""	"-1"	"-1"	"-1"	"-1"	"-1"	"-1"	"""boats"""	""""""	"""30"""	"""f"""	"4"	"0"	"0"	"1"	"2"	"""3"""	"-1"
"What is he talking about? (1-2 mins)"	"Short and fun! A 1-2 minute word game about what someone is talking about."	"experiment, psychology, game"	"$0.20"	"Thu Jan 22 12:54:51 PST 2015"	"200"	"0"	"0"	"200"	"Reviewable"	"NotReviewed"	"1 scales"	"600"	"60000"	"Thu Jan 29 12:54:51 PST 2015"	"S26030"	"Approved"	""	"""pizza"""	"""peppers"""	"""middle"""	"0"	"-1"	"0"	"1"	"1"	"0"	"3"	"""2"""	"""1"""	"-1"	"""FALSE"""	"""foil"""	"""FALSE"""	"-1"	"-1"	"-1"	"-1"	"-1"	"-1"	"""pizza"""	""""""	"""35"""	"""f"""	"4"	"0"	"1"	"2"	"0"	"""3"""	"-1"
"What is he talking about? (1-2 mins)"	"Short and fun! A 1-2 minute word game about what someone is talking about."	"experiment, psychology, game"	"$0.20"	"Thu Jan 22 12:54:51 PST 2015"	"200"	"0"	"0"	"200"	"Reviewable"	"NotReviewed"	"1 scales"	"600"	"60000"	"Thu Jan 29 12:54:51 PST 2015"	"S36914"	"Approved"	""	"""sundae"""	"""whipped cream"""	"""left"""	"0"	"-1"	"0"	"1"	"1"	"0"	"4"	"""2"""	"""1"""	"-1"	"""TRUE"""	"""target"""	"""TRUE"""	"-1"	"-1"	"-1"	"-1"	"-1"	"-1"	"""What sundae will he eat"""	"""NO"""	"""34"""	"""m"""	"4"	"0"	"0"	"2"	"1"	"""3"""	"-1"
"What is he talking about? (1-2 mins)"	"Short and fun! A 1-2 minute word game about what someone is talking about."	"experiment, psychology, game"	"$0.20"	"Thu Jan 22 12:54:51 PST 2015"	"200"	"0"	"0"	"200"	"Reviewable"	"NotReviewed"	"1 scales"	"600"	"60000"	"Thu Jan 29 12:54:51 PST 2015"	"S60567"	"Approved"	""	"""sundae"""	"""cherry"""	"""middle"""	"0"	"-1"	"0"	"1"	"1"	"0"	"4"	"""2"""	"""1"""	"-1"	"""TRUE"""	"""logical"""	"""FALSE"""	"-1"	"-1"	"-1"	"-1"	"-1"	"-1"	"""sundaes"""	""""""	"""24"""	"""m"""	"4"	"0"	"0"	"1"	"2"	"""3"""	"-1"
"What is he talking about? (1-2 mins)"	"Short and fun! A 1-2 minute word game about what someone is talking about."	"experiment, psychology, game"	"$0.20"	"Thu Jan 22 12:54:51 PST 2015"	"200"	"0"	"0"	"200"	"Reviewable"	"NotReviewed"	"1 scales"	"600"	"60000"	"Thu Jan 29 12:54:51 PST 2015"	"S29840"	"Approved"	""	"""Christmas tree"""	"""ornaments"""	"""middle"""	"0"	"-1"	"0"	"1"	"1"	"0"	"3"	"""3"""	"""1"""	"-1"	"""TRUE"""	"""target"""	"""TRUE"""	"-1"	"-1"	"-1"	"-1"	"-1"	"-1"	"""No clue"""	"""no"""	""""""	"""m"""	"4"	"0"	"1"	"2"	"0"	"""3"""	"-1"
"What is he talking about? (1-2 mins)"	"Short and fun! A 1-2 minute word game about what someone is talking about."	"experiment, psychology, game"	"$0.20"	"Thu Jan 22 12:54:51 PST 2015"	"200"	"0"	"0"	"200"	"Reviewable"	"NotReviewed"	"1 scales"	"600"	"60000"	"Thu Jan 29 12:54:51 PST 2015"	"S85683"	"Approved"	""	"""boat"""	"""sail"""	"""left"""	"0"	"-1"	"0"	"1"	"1"	"0"	"4"	"""2"""	"""1"""	"-1"	"""TRUE"""	"""logical"""	"""FALSE"""	"-1"	"-1"	"-1"	"-1"	"-1"	"-1"	"""boats"""	"""no"""	"""24"""	"""m"""	"4"	"0"	"1"	"2"	"0"	"""3"""	"-1"
"What is he talking about? (1-2 mins)"	"Short and fun! A 1-2 minute word game about what someone is talking about."	"experiment, psychology, game"	"$0.20"	"Thu Jan 22 12:54:51 PST 2015"	"200"	"0"	"0"	"200"	"Reviewable"	"NotReviewed"	"1 scales"	"600"	"60000"	"Thu Jan 29 12:54:51 PST 2015"	"S72999"	"Approved"	""	"""boat"""	"""motor"""	"""left"""	"0"	"-1"	"0"	"1"	"1"	"0"	"3"	"""2"""	"""1"""	"-1"	"""TRUE"""	"""logical"""	"""FALSE"""	"-1"	"-1"	"-1"	"-1"	"-1"	"-1"	"""It's about Bob's preference in sailboats."""	""""""	"""32"""	"""f"""	"4"	"0"	"2"	"1"	"0"	"""3"""	"-1"
"What is he talking about? (1-2 mins)"	"Short and fun! A 1-2 minute word game about what someone is talking about."	"experiment, psychology, game"	"$0.20"	"Thu Jan 22 12:54:51 PST 2015"	"200"	"0"	"0"	"200"	"Reviewable"	"NotReviewed"	"1 scales"	"600"	"60000"	"Thu Jan 29 12:54:51 PST 2015"	"S47264"	"Approved"	""	"""pizza"""	"""mushrooms"""	"""left"""	"0"	"-1"	"0"	"1"	"1"	"0"	"4"	"""2"""	"""1"""	"-1"	"""TRUE"""	"""logical"""	"""FALSE"""	"-1"	"-1"	"-1"	"-1"	"-1"	"-1"	"""bob eats pizza"""	"""enjoyable survey thank you"""	"""26"""	"""male"""	"4"	"0"	"0"	"2"	"1"	"""3"""	"-1"
"What is he talking about? (1-2 mins)"	"Short and fun! A 1-2 minute word game about what someone is talking about."	"experiment, psychology, game"	"$0.20"	"Thu Jan 22 12:54:51 PST 2015"	"200"	"0"	"0"	"200"	"Reviewable"	"NotReviewed"	"1 scales"	"600"	"60000"	"Thu Jan 29 12:54:51 PST 2015"	"S99342"	"Approved"	""	"""sundae"""	"""chocolate"""	"""middle"""	"0"	"-1"	"0"	"1"	"1"	"0"	"4"	"""2"""	"""1"""	"-1"	"""TRUE"""	"""target"""	"""TRUE"""	"-1"	"-1"	"-1"	"-1"	"-1"	"-1"	"""Sundaes"""	"""No"""	"""23"""	"""m"""	"4"	"0"	"1"	"0"	"2"	"""3"""	"-1"
"What is he talking about? (1-2 mins)"	"Short and fun! A 1-2 minute word game about what someone is talking about."	"experiment, psychology, game"	"$0.20"	"Thu Jan 22 12:54:51 PST 2015"	"200"	"0"	"0"	"200"	"Reviewable"	"NotReviewed"	"1 scales"	"600"	"60000"	"Thu Jan 29 12:54:51 PST 2015"	"S26996"	"Approved"	""	"""snowman"""	"""hat"""	"""right"""	"0"	"-1"	"0"	"1"	"1"	"0"	"3"	"""2"""	"""1"""	"-1"	"""TRUE"""	"""foil"""	"""FALSE"""	"-1"	"-1"	"-1"	"-1"	"-1"	"-1"	"""Snowmen"""	""""""	"""29"""	"""m"""	"4"	"0"	"1"	"2"	"0"	"""3"""	"-1"
"What is he talking about? (1-2 mins)"	"Short and fun! A 1-2 minute word game about what someone is talking about."	"experiment, psychology, game"	"$0.20"	"Thu Jan 22 12:54:51 PST 2015"	"200"	"0"	"0"	"200"	"Reviewable"	"NotReviewed"	"1 scales"	"600"	"60000"	"Thu Jan 29 12:54:51 PST 2015"	"S89624"	"Approved"	""	"""friend"""	"""hat"""	"""left"""	"0"	"-1"	"0"	"1"	"1"	"0"	"4"	"""2"""	"""1"""	"-1"	"""TRUE"""	"""foil"""	"""FALSE"""	"-1"	"-1"	"-1"	"-1"	"-1"	"-1"	"""This survey was about how well you understand a friendship scenario.  """	""""""	"""56"""	"""f"""	"4"	"0"	"0"	"2"	"1"	"""3"""	"-1"
"What is he talking about? (1-2 mins)"	"Short and fun! A 1-2 minute word game about what someone is talking about."	"experiment, psychology, game"	"$0.20"	"Thu Jan 22 12:54:51 PST 2015"	"200"	"0"	"0"	"200"	"Reviewable"	"NotReviewed"	"1 scales"	"600"	"60000"	"Thu Jan 29 12:54:51 PST 2015"	"S21026"	"Approved"	""	"""friend"""	"""hat"""	"""right"""	"0"	"-1"	"0"	"1"	"1"	"0"	"4"	"""2"""	"""1"""	"-1"	"""TRUE"""	"""target"""	"""TRUE"""	"-1"	"-1"	"-1"	"-1"	"-1"	"-1"	"""no idea"""	""""""	"""26"""	"""m"""	"4"	"0"	"2"	"0"	"1"	"""3"""	"-1"
"What is he talking about? (1-2 mins)"	"Short and fun! A 1-2 minute word game about what someone is talking about."	"experiment, psychology, game"	"$0.20"	"Thu Jan 22 12:54:51 PST 2015"	"200"	"0"	"0"	"200"	"Reviewable"	"NotReviewed"	"1 scales"	"600"	"60000"	"Thu Jan 29 12:54:51 PST 2015"	"S70253"	"Approved"	""	"""sundae"""	"""cherry"""	"""middle"""	"0"	"-1"	"0"	"1"	"1"	"0"	"4"	"""2"""	"""1"""	"-1"	"""TRUE"""	"""target"""	"""TRUE"""	"-1"	"-1"	"-1"	"-1"	"-1"	"-1"	"""making judgements on what Bob likes"""	""""""	""""""	"""m"""	"4"	"0"	"1"	"2"	"0"	"""3"""	"-1"
"What is he talking about? (1-2 mins)"	"Short and fun! A 1-2 minute word game about what someone is talking about."	"experiment, psychology, game"	"$0.20"	"Thu Jan 22 12:54:51 PST 2015"	"200"	"0"	"0"	"200"	"Reviewable"	"NotReviewed"	"1 scales"	"600"	"60000"	"Thu Jan 29 12:54:51 PST 2015"	"S66663"	"Approved"	""	"""Christmas tree"""	"""ornaments"""	"""left"""	"0"	"-1"	"0"	"1"	"1"	"0"	"4"	"""2"""	"""1"""	"-1"	"""TRUE"""	"""foil"""	"""FALSE"""	"-1"	"-1"	"-1"	"-1"	"-1"	"-1"	"""trimming christmas trees."""	""""""	""""""	""""""	"4"	"0"	"1"	"2"	"0"	"""3"""	"-1"
"What is he talking about? (1-2 mins)"	"Short and fun! A 1-2 minute word game about what someone is talking about."	"experiment, psychology, game"	"$0.20"	"Thu Jan 22 12:54:51 PST 2015"	"200"	"0"	"0"	"200"	"Reviewable"	"NotReviewed"	"1 scales"	"600"	"60000"	"Thu Jan 29 12:54:51 PST 2015"	"S24089"	"Approved"	""	"""sundae"""	"""whipped cream"""	"""left"""	"0"	"-1"	"0"	"1"	"1"	"0"	"4"	"""2"""	"""1"""	"-1"	"""FALSE"""	"""foil"""	"""FALSE"""	"-1"	"-1"	"-1"	"-1"	"-1"	"-1"	"""Sunday tim will eat next"""	"""none"""	"""22"""	"""m"""	"4"	"0"	"0"	"1"	"2"	"""3"""	"-1"
"What is he talking about? (1-2 mins)"	"Short and fun! A 1-2 minute word game about what someone is talking about."	"experiment, psychology, game"	"$0.20"	"Thu Jan 22 12:54:51 PST 2015"	"200"	"0"	"0"	"200"	"Reviewable"	"NotReviewed"	"1 scales"	"600"	"60000"	"Thu Jan 29 12:54:51 PST 2015"	"S75786"	"Approved"	""	"""Christmas tree"""	"""lights"""	"""middle"""	"0"	"-1"	"0"	"1"	"1"	"0"	"4"	"""2"""	"""1"""	"-1"	"""TRUE"""	"""foil"""	"""FALSE"""	"-1"	"-1"	"-1"	"-1"	"-1"	"-1"	"""Which tree Bob will trim next."""	"""Short and easy; good survey."""	"""20"""	"""m"""	"4"	"0"	"0"	"1"	"2"	"""3"""	"-1"
"What is he talking about? (1-2 mins)"	"Short and fun! A 1-2 minute word game about what someone is talking about."	"experiment, psychology, game"	"$0.20"	"Thu Jan 22 12:54:51 PST 2015"	"200"	"0"	"0"	"200"	"Reviewable"	"NotReviewed"	"1 scales"	"600"	"60000"	"Thu Jan 29 12:54:51 PST 2015"	"S10594"	"Approved"	""	"""sundae"""	"""chocolate"""	"""middle"""	"0"	"-1"	"0"	"1"	"1"	"0"	"4"	"""2"""	"""1"""	"-1"	"""TRUE"""	"""logical"""	"""FALSE"""	"-1"	"-1"	"-1"	"-1"	"-1"	"-1"	"""Bob's preferences for sundaes"""	""""""	"""33"""	"""f"""	"4"	"0"	"2"	"0"	"1"	"""3"""	"-1"
"What is he talking about? (1-2 mins)"	"Short and fun! A 1-2 minute word game about what someone is talking about."	"experiment, psychology, game"	"$0.20"	"Thu Jan 22 12:54:51 PST 2015"	"200"	"0"	"0"	"200"	"Reviewable"	"NotReviewed"	"1 scales"	"600"	"60000"	"Thu Jan 29 12:54:51 PST 2015"	"S88070"	"Approved"	""	"""snowman"""	"""hat"""	"""right"""	"0"	"-1"	"0"	"1"	"1"	"0"	"3"	"""2"""	"""1"""	"-1"	"""TRUE"""	"""logical"""	"""FALSE"""	"-1"	"-1"	"-1"	"-1"	"-1"	"-1"	"""Estimating what someone is saying without verbal communication"""	""""""	"""30"""	"""F"""	"4"	"0"	"2"	"1"	"0"	"""3"""	"-1"
"What is he talking about? (1-2 mins)"	"Short and fun! A 1-2 minute word game about what someone is talking about."	"experiment, psychology, game"	"$0.20"	"Thu Jan 22 12:54:51 PST 2015"	"200"	"0"	"0"	"200"	"Reviewable"	"NotReviewed"	"1 scales"	"600"	"60000"	"Thu Jan 29 12:54:51 PST 2015"	"S74590"	"Approved"	""	"""snowman"""	"""hat"""	"""left"""	"0"	"-1"	"0"	"1"	"1"	"0"	"4"	"""2"""	"""1"""	"-1"	"""TRUE"""	"""logical"""	"""FALSE"""	"-1"	"-1"	"-1"	"-1"	"-1"	"-1"	"""I have no idea."""	""""""	"""27"""	"""m"""	"4"	"0"	"1"	"2"	"0"	"""3"""	"-1"
"What is he talking about? (1-2 mins)"	"Short and fun! A 1-2 minute word game about what someone is talking about."	"experiment, psychology, game"	"$0.20"	"Thu Jan 22 12:54:51 PST 2015"	"200"	"0"	"0"	"200"	"Reviewable"	"NotReviewed"	"1 scales"	"600"	"60000"	"Thu Jan 29 12:54:51 PST 2015"	"S17672"	"Approved"	""	"""boat"""	"""motor"""	"""left"""	"0"	"-1"	"0"	"1"	"1"	"0"	"3"	"""2"""	"""1"""	"-1"	"""TRUE"""	"""logical"""	"""FALSE"""	"-1"	"-1"	"-1"	"-1"	"-1"	"-1"	"""Boat picking"""	""""""	"""24"""	"""M"""	"4"	"0"	"0"	"2"	"1"	"""3"""	"-1"
"What is he talking about? (1-2 mins)"	"Short and fun! A 1-2 minute word game about what someone is talking about."	"experiment, psychology, game"	"$0.20"	"Thu Jan 22 12:54:51 PST 2015"	"200"	"0"	"0"	"200"	"Reviewable"	"NotReviewed"	"1 scales"	"600"	"60000"	"Thu Jan 29 12:54:51 PST 2015"	"S74215"	"Approved"	""	"""sundae"""	"""cherry"""	"""middle"""	"0"	"-1"	"0"	"1"	"1"	"0"	"3"	"""2"""	"""1"""	"-1"	"""TRUE"""	"""logical"""	"""FALSE"""	"-1"	"-1"	"-1"	"-1"	"-1"	"-1"	"""sundaes"""	""""""	"""39"""	"""m"""	"4"	"0"	"1"	"2"	"0"	"""3"""	"-1"
"What is he talking about? (1-2 mins)"	"Short and fun! A 1-2 minute word game about what someone is talking about."	"experiment, psychology, game"	"$0.20"	"Thu Jan 22 12:54:51 PST 2015"	"200"	"0"	"0"	"200"	"Reviewable"	"NotReviewed"	"1 scales"	"600"	"60000"	"Thu Jan 29 12:54:51 PST 2015"	"S95272"	"Approved"	""	"""pizza"""	"""olives"""	"""middle"""	"0"	"-1"	"0"	"1"	"1"	"0"	"3"	"""2"""	"""1"""	"-1"	"""TRUE"""	"""foil"""	"""FALSE"""	"-1"	"-1"	"-1"	"-1"	"-1"	"-1"	"""Interpreting Bob's choice"""	""""""	"""23"""	"""m"""	"4"	"0"	"0"	"2"	"1"	"""3"""	"-1"
"What is he talking about? (1-2 mins)"	"Short and fun! A 1-2 minute word game about what someone is talking about."	"experiment, psychology, game"	"$0.20"	"Thu Jan 22 12:54:51 PST 2015"	"200"	"0"	"0"	"200"	"Reviewable"	"NotReviewed"	"1 scales"	"600"	"60000"	"Thu Jan 29 12:54:51 PST 2015"	"S51640"	"Approved"	""	"""friend"""	"""glasses"""	"""left"""	"0"	"-1"	"0"	"1"	"1"	"0"	"4"	"""2"""	"""1"""	"-1"	"""TRUE"""	"""target"""	"""TRUE"""	"-1"	"-1"	"-1"	"-1"	"-1"	"-1"	"""what friend he was going to visit next"""	"""no"""	"""25"""	"""f"""	"4"	"0"	"0"	"1"	"2"	"""3"""	"-1"
"What is he talking about? (1-2 mins)"	"Short and fun! A 1-2 minute word game about what someone is talking about."	"experiment, psychology, game"	"$0.20"	"Thu Jan 22 12:54:51 PST 2015"	"200"	"0"	"0"	"200"	"Reviewable"	"NotReviewed"	"1 scales"	"600"	"60000"	"Thu Jan 29 12:54:51 PST 2015"	"S04325"	"Approved"	""	"""friend"""	"""mustache"""	"""right"""	"0"	"-1"	"0"	"1"	"1"	"0"	"3"	"""2"""	"""1"""	"-1"	"""TRUE"""	"""logical"""	"""FALSE"""	"-1"	"-1"	"-1"	"-1"	"-1"	"-1"	"""No Idea"""	"""None"""	"""25"""	"""F"""	"4"	"0"	"0"	"2"	"1"	"""3"""	"-1"
"What is he talking about? (1-2 mins)"	"Short and fun! A 1-2 minute word game about what someone is talking about."	"experiment, psychology, game"	"$0.20"	"Thu Jan 22 12:54:51 PST 2015"	"200"	"0"	"0"	"200"	"Reviewable"	"NotReviewed"	"1 scales"	"600"	"60000"	"Thu Jan 29 12:54:51 PST 2015"	"S37741"	"Approved"	""	"""Christmas tree"""	"""star"""	"""left"""	"0"	"-1"	"0"	"1"	"1"	"0"	"3"	"""2"""	"""3"""	"-1"	"""TRUE"""	"""foil"""	"""FALSE"""	"-1"	"-1"	"-1"	"-1"	"-1"	"-1"	"""Christmas tree decorations"""	""""""	"""23"""	"""f"""	"4"	"0"	"1"	"0"	"2"	"""3"""	"-1"
"What is he talking about? (1-2 mins)"	"Short and fun! A 1-2 minute word game about what someone is talking about."	"experiment, psychology, game"	"$0.20"	"Thu Jan 22 12:54:51 PST 2015"	"200"	"0"	"0"	"200"	"Reviewable"	"NotReviewed"	"1 scales"	"600"	"60000"	"Thu Jan 29 12:54:51 PST 2015"	"S15897"	"Approved"	""	"""friend"""	"""glasses"""	"""left"""	"0"	"-1"	"0"	"1"	"1"	"0"	"4"	"""2"""	"""1"""	"-1"	"""TRUE"""	"""target"""	"""TRUE"""	"-1"	"-1"	"-1"	"-1"	"-1"	"-1"	"""friends"""	"""no"""	"""29"""	"""m"""	"4"	"0"	"2"	"1"	"0"	"""3"""	"-1"
"What is he talking about? (1-2 mins)"	"Short and fun! A 1-2 minute word game about what someone is talking about."	"experiment, psychology, game"	"$0.20"	"Thu Jan 22 12:54:51 PST 2015"	"200"	"0"	"0"	"200"	"Reviewable"	"NotReviewed"	"1 scales"	"600"	"60000"	"Thu Jan 29 12:54:51 PST 2015"	"S31661"	"Approved"	""	"""Christmas tree"""	"""star"""	"""right"""	"0"	"-1"	"0"	"1"	"1"	"0"	"4"	"""2"""	"""1"""	"-1"	"""TRUE"""	"""foil"""	"""FALSE"""	"-1"	"-1"	"-1"	"-1"	"-1"	"-1"	"""Bob trimming Christmas trees"""	"""No"""	"""27"""	"""f"""	"4"	"0"	"1"	"0"	"2"	"""3"""	"-1"
"What is he talking about? (1-2 mins)"	"Short and fun! A 1-2 minute word game about what someone is talking about."	"experiment, psychology, game"	"$0.20"	"Thu Jan 22 12:54:51 PST 2015"	"200"	"0"	"0"	"200"	"Reviewable"	"NotReviewed"	"1 scales"	"600"	"60000"	"Thu Jan 29 12:54:51 PST 2015"	"S23442"	"Approved"	""	"""snowman"""	"""hat"""	"""middle"""	"0"	"-1"	"0"	"1"	"1"	"0"	"3"	"""2"""	"""1"""	"-1"	"""TRUE"""	"""foil"""	"""FALSE"""	"-1"	"-1"	"-1"	"-1"	"-1"	"-1"	"""Comprehending someone's mubling"""	""""""	"""29"""	"""m"""	"4"	"0"	"2"	"0"	"1"	"""3"""	"-1"
"What is he talking about? (1-2 mins)"	"Short and fun! A 1-2 minute word game about what someone is talking about."	"experiment, psychology, game"	"$0.20"	"Thu Jan 22 12:54:51 PST 2015"	"200"	"0"	"0"	"200"	"Reviewable"	"NotReviewed"	"1 scales"	"600"	"60000"	"Thu Jan 29 12:54:51 PST 2015"	"S04971"	"Approved"	""	"""pizza"""	"""mushrooms"""	"""left"""	"0"	"-1"	"0"	"1"	"1"	"0"	"4"	"""1"""	"""1"""	"-1"	"""TRUE"""	"""target"""	"""TRUE"""	"-1"	"-1"	"-1"	"-1"	"-1"	"-1"	"""Pizza's and likeness in a drawing"""	"""weird!"""	"""48"""	"""f"""	"4"	"0"	"1"	"0"	"2"	"""3"""	"-1"
"What is he talking about? (1-2 mins)"	"Short and fun! A 1-2 minute word game about what someone is talking about."	"experiment, psychology, game"	"$0.20"	"Thu Jan 22 12:54:51 PST 2015"	"200"	"0"	"0"	"200"	"Reviewable"	"NotReviewed"	"1 scales"	"600"	"60000"	"Thu Jan 29 12:54:51 PST 2015"	"S90354"	"Approved"	""	"""boat"""	"""motor"""	"""left"""	"0"	"-1"	"0"	"1"	"1"	"0"	"3"	"""2"""	"""1"""	"-1"	"""TRUE"""	"""logical"""	"""FALSE"""	"-1"	"-1"	"-1"	"-1"	"-1"	"-1"	"""Bob sailing"""	"""Thanks"""	"""32"""	"""m"""	"4"	"0"	"0"	"2"	"1"	"""3"""	"-1"
"What is he talking about? (1-2 mins)"	"Short and fun! A 1-2 minute word game about what someone is talking about."	"experiment, psychology, game"	"$0.20"	"Thu Jan 22 12:54:51 PST 2015"	"200"	"0"	"0"	"200"	"Reviewable"	"NotReviewed"	"1 scales"	"600"	"60000"	"Thu Jan 29 12:54:51 PST 2015"	"S59892"	"Approved"	""	"""snowman"""	"""mittens"""	"""left"""	"0"	"-1"	"0"	"1"	"1"	"0"	"4"	"""2"""	"""1"""	"-1"	"""TRUE"""	"""foil"""	"""FALSE"""	"-1"	"-1"	"-1"	"-1"	"-1"	"-1"	"""Decorating snowman"""	""""""	""""""	"""m"""	"4"	"0"	"2"	"1"	"0"	"""3"""	"-1"
"What is he talking about? (1-2 mins)"	"Short and fun! A 1-2 minute word game about what someone is talking about."	"experiment, psychology, game"	"$0.20"	"Thu Jan 22 12:54:51 PST 2015"	"200"	"0"	"0"	"200"	"Reviewable"	"NotReviewed"	"1 scales"	"600"	"60000"	"Thu Jan 29 12:54:51 PST 2015"	"S90982"	"Approved"	""	"""friend"""	"""mustache"""	"""right"""	"0"	"-1"	"0"	"1"	"1"	"0"	"4"	"""2"""	"""1"""	"-1"	"""TRUE"""	"""foil"""	"""FALSE"""	"-1"	"-1"	"-1"	"-1"	"-1"	"-1"	"""Interpreting what people say"""	"""None"""	"""28"""	"""M"""	"4"	"0"	"0"	"1"	"2"	"""3"""	"-1"
"What is he talking about? (1-2 mins)"	"Short and fun! A 1-2 minute word game about what someone is talking about."	"experiment, psychology, game"	"$0.20"	"Thu Jan 22 12:54:51 PST 2015"	"200"	"0"	"0"	"200"	"Reviewable"	"NotReviewed"	"1 scales"	"600"	"60000"	"Thu Jan 29 12:54:51 PST 2015"	"S96782"	"Approved"	""	"""Christmas tree"""	"""lights"""	"""middle"""	"0"	"-1"	"0"	"1"	"1"	"0"	"4"	"""2"""	"""1"""	"-1"	"""TRUE"""	"""foil"""	"""FALSE"""	"-1"	"-1"	"-1"	"-1"	"-1"	"-1"	"""This survey was about Bob, who likes to trim Christmas trees. """	""""""	"""31"""	"""F"""	"4"	"0"	"2"	"1"	"0"	"""3"""	"-1"
"What is he talking about? (1-2 mins)"	"Short and fun! A 1-2 minute word game about what someone is talking about."	"experiment, psychology, game"	"$0.20"	"Thu Jan 22 12:54:51 PST 2015"	"200"	"0"	"0"	"200"	"Reviewable"	"NotReviewed"	"1 scales"	"600"	"60000"	"Thu Jan 29 12:54:51 PST 2015"	"S04097"	"Approved"	""	"""sundae"""	"""whipped cream"""	"""right"""	"0"	"-1"	"0"	"1"	"1"	"0"	"3"	"""2"""	"""1"""	"-1"	"""TRUE"""	"""target"""	"""TRUE"""	"-1"	"-1"	"-1"	"-1"	"-1"	"-1"	"""Sundaes"""	"""no"""	"""23"""	"""f"""	"4"	"0"	"0"	"1"	"2"	"""3"""	"-1"
"What is he talking about? (1-2 mins)"	"Short and fun! A 1-2 minute word game about what someone is talking about."	"experiment, psychology, game"	"$0.20"	"Thu Jan 22 12:54:51 PST 2015"	"200"	"0"	"0"	"200"	"Reviewable"	"NotReviewed"	"1 scales"	"600"	"60000"	"Thu Jan 29 12:54:51 PST 2015"	"S39253"	"Approved"	""	"""pizza"""	"""olives"""	"""right"""	"0"	"-1"	"0"	"1"	"1"	"0"	"3"	"""2"""	"""1"""	"-1"	"""TRUE"""	"""logical"""	"""FALSE"""	"-1"	"-1"	"-1"	"-1"	"-1"	"-1"	"""pizza choice"""	"""no"""	"""53"""	"""M"""	"4"	"0"	"1"	"0"	"2"	"""3"""	"-1"
"What is he talking about? (1-2 mins)"	"Short and fun! A 1-2 minute word game about what someone is talking about."	"experiment, psychology, game"	"$0.20"	"Thu Jan 22 12:54:51 PST 2015"	"200"	"0"	"0"	"200"	"Reviewable"	"NotReviewed"	"1 scales"	"600"	"60000"	"Thu Jan 29 12:54:51 PST 2015"	"S83263"	"Approved"	""	"""sundae"""	"""whipped cream"""	"""right"""	"0"	"-1"	"0"	"1"	"1"	"0"	"3"	"""2"""	"""1"""	"-1"	"""TRUE"""	"""logical"""	"""FALSE"""	"-1"	"-1"	"-1"	"-1"	"-1"	"-1"	"""ice cream sundaes and language"""	"""none"""	"""24"""	"""m"""	"4"	"0"	"0"	"1"	"2"	"""3"""	"-1"
"What is he talking about? (1-2 mins)"	"Short and fun! A 1-2 minute word game about what someone is talking about."	"experiment, psychology, game"	"$0.20"	"Thu Jan 22 12:54:51 PST 2015"	"200"	"0"	"0"	"200"	"Reviewable"	"NotReviewed"	"1 scales"	"600"	"60000"	"Thu Jan 29 12:54:51 PST 2015"	"S71721"	"Approved"	""	"""pizza"""	"""olives"""	"""left"""	"0"	"-1"	"0"	"1"	"1"	"0"	"4"	"""2"""	"""1"""	"-1"	"""TRUE"""	"""foil"""	"""FALSE"""	"-1"	"-1"	"-1"	"-1"	"-1"	"-1"	"""Asking about pizza toppings and which pizza we think he'll eat next."""	"""No."""	"""30"""	"""m"""	"4"	"0"	"2"	"1"	"0"	"""3"""	"-1"
"What is he talking about? (1-2 mins)"	"Short and fun! A 1-2 minute word game about what someone is talking about."	"experiment, psychology, game"	"$0.20"	"Thu Jan 22 12:54:51 PST 2015"	"200"	"0"	"0"	"200"	"Reviewable"	"NotReviewed"	"1 scales"	"600"	"60000"	"Thu Jan 29 12:54:51 PST 2015"	"S11621"	"Approved"	""	"""Christmas tree"""	"""lights"""	"""left"""	"0"	"-1"	"0"	"1"	"1"	"0"	"3"	"""2"""	"""1"""	"-1"	"""TRUE"""	"""foil"""	"""FALSE"""	"-1"	"-1"	"-1"	"-1"	"-1"	"-1"	"""Christmas trees"""	"""none"""	"""28"""	"""f"""	"4"	"0"	"1"	"0"	"2"	"""3"""	"-1"
"What is he talking about? (1-2 mins)"	"Short and fun! A 1-2 minute word game about what someone is talking about."	"experiment, psychology, game"	"$0.20"	"Thu Jan 22 12:54:51 PST 2015"	"200"	"0"	"0"	"200"	"Reviewable"	"NotReviewed"	"1 scales"	"600"	"60000"	"Thu Jan 29 12:54:51 PST 2015"	"S17218"	"Approved"	""	"""snowman"""	"""scarf"""	"""left"""	"0"	"-1"	"0"	"1"	"1"	"0"	"4"	"""2"""	"""1"""	"-1"	"""TRUE"""	"""foil"""	"""FALSE"""	"-1"	"-1"	"-1"	"-1"	"-1"	"-1"	"""A man who makes snowmen"""	""""""	"""24"""	"""m"""	"4"	"0"	"2"	"1"	"0"	"""3"""	"-1"
"What is he talking about? (1-2 mins)"	"Short and fun! A 1-2 minute word game about what someone is talking about."	"experiment, psychology, game"	"$0.20"	"Thu Jan 22 12:54:51 PST 2015"	"200"	"0"	"0"	"200"	"Reviewable"	"NotReviewed"	"1 scales"	"600"	"60000"	"Thu Jan 29 12:54:51 PST 2015"	"S70104"	"Approved"	""	"""boat"""	"""motor"""	"""middle"""	"0"	"-1"	"0"	"1"	"1"	"0"	"4"	"""2"""	"""1"""	"-1"	"""TRUE"""	"""target"""	"""TRUE"""	"-1"	"-1"	"-1"	"-1"	"-1"	"-1"	"""Boats and Bob"""	"""Odd survey...interested in what the purpose was"""	""""""	"""m"""	"4"	"0"	"0"	"2"	"1"	"""3"""	"-1"
"What is he talking about? (1-2 mins)"	"Short and fun! A 1-2 minute word game about what someone is talking about."	"experiment, psychology, game"	"$0.20"	"Thu Jan 22 12:54:51 PST 2015"	"200"	"0"	"0"	"200"	"Reviewable"	"NotReviewed"	"1 scales"	"600"	"60000"	"Thu Jan 29 12:54:51 PST 2015"	"S60035"	"Approved"	""	"""pizza"""	"""olives"""	"""right"""	"0"	"-1"	"0"	"1"	"1"	"0"	"3"	"""2"""	"""1"""	"-1"	"""TRUE"""	"""target"""	"""TRUE"""	"-1"	"-1"	"-1"	"-1"	"-1"	"-1"	"""Using what is known about someone and predicting their next action based on that."""	""""""	"""25"""	"""m"""	"4"	"0"	"1"	"0"	"2"	"""3"""	"-1"
"What is he talking about? (1-2 mins)"	"Short and fun! A 1-2 minute word game about what someone is talking about."	"experiment, psychology, game"	"$0.20"	"Thu Jan 22 12:54:51 PST 2015"	"200"	"0"	"0"	"200"	"Reviewable"	"NotReviewed"	"1 scales"	"600"	"60000"	"Thu Jan 29 12:54:51 PST 2015"	"S93048"	"Approved"	""	"""boat"""	"""sail"""	"""right"""	"0"	"-1"	"0"	"1"	"1"	"0"	"4"	"""2"""	"""1"""	"-1"	"""TRUE"""	"""logical"""	"""FALSE"""	"-1"	"-1"	"-1"	"-1"	"-1"	"-1"	"""Bob likes to sail and rent boats."""	""""""	"""21"""	"""f"""	"4"	"0"	"1"	"0"	"2"	"""3"""	"-1"
"What is he talking about? (1-2 mins)"	"Short and fun! A 1-2 minute word game about what someone is talking about."	"experiment, psychology, game"	"$0.20"	"Thu Jan 22 12:54:51 PST 2015"	"200"	"0"	"0"	"200"	"Reviewable"	"NotReviewed"	"1 scales"	"600"	"60000"	"Thu Jan 29 12:54:51 PST 2015"	"S89312"	"Approved"	""	"""boat"""	"""cabin"""	"""middle"""	"0"	"-1"	"0"	"1"	"1"	"0"	"3"	"""2"""	"""1"""	"-1"	"""FALSE"""	"""logical"""	"""FALSE"""	"-1"	"-1"	"-1"	"-1"	"-1"	"-1"	"""Seeing which sailboat was to be taken next"""	""""""	"""23"""	"""male"""	"4"	"0"	"1"	"2"	"0"	"""3"""	"-1"
"What is he talking about? (1-2 mins)"	"Short and fun! A 1-2 minute word game about what someone is talking about."	"experiment, psychology, game"	"$0.20"	"Thu Jan 22 12:54:51 PST 2015"	"200"	"0"	"0"	"200"	"Reviewable"	"NotReviewed"	"1 scales"	"600"	"60000"	"Thu Jan 29 12:54:51 PST 2015"	"S66251"	"Approved"	""	"""boat"""	"""sail"""	"""right"""	"0"	"-1"	"0"	"1"	"1"	"0"	"3"	"""2"""	"""1"""	"-1"	"""TRUE"""	"""logical"""	"""FALSE"""	"-1"	"-1"	"-1"	"-1"	"-1"	"-1"	"""boats"""	""""""	""""""	""""""	"4"	"0"	"2"	"0"	"1"	"""3"""	"-1"
"What is he talking about? (1-2 mins)"	"Short and fun! A 1-2 minute word game about what someone is talking about."	"experiment, psychology, game"	"$0.20"	"Thu Jan 22 12:54:51 PST 2015"	"200"	"0"	"0"	"200"	"Reviewable"	"NotReviewed"	"1 scales"	"600"	"60000"	"Thu Jan 29 12:54:51 PST 2015"	"S06964"	"Approved"	""	"""friend"""	"""glasses"""	"""middle"""	"0"	"-1"	"0"	"1"	"1"	"0"	"4"	"""2"""	"""1"""	"-1"	"""TRUE"""	"""foil"""	"""FALSE"""	"-1"	"-1"	"-1"	"-1"	"-1"	"-1"	"""This survey was about guessing what someone was referring to."""	""""""	"""23"""	"""M"""	"4"	"0"	"0"	"2"	"1"	"""3"""	"-1"
"What is he talking about? (1-2 mins)"	"Short and fun! A 1-2 minute word game about what someone is talking about."	"experiment, psychology, game"	"$0.20"	"Thu Jan 22 12:54:51 PST 2015"	"200"	"0"	"0"	"200"	"Reviewable"	"NotReviewed"	"1 scales"	"600"	"60000"	"Thu Jan 29 12:54:51 PST 2015"	"S74260"	"Approved"	""	"""snowman"""	"""hat"""	"""right"""	"0"	"-1"	"0"	"1"	"1"	"0"	"4"	"""2"""	"""1"""	"-1"	"""TRUE"""	"""foil"""	"""FALSE"""	"-1"	"-1"	"-1"	"-1"	"-1"	"-1"	"""decorating snowmans"""	"""nope"""	"""29"""	"""m"""	"4"	"0"	"1"	"0"	"2"	"""3"""	"-1"
"What is he talking about? (1-2 mins)"	"Short and fun! A 1-2 minute word game about what someone is talking about."	"experiment, psychology, game"	"$0.20"	"Thu Jan 22 12:54:51 PST 2015"	"200"	"0"	"0"	"200"	"Reviewable"	"NotReviewed"	"1 scales"	"600"	"60000"	"Thu Jan 29 12:54:51 PST 2015"	"S29545"	"Approved"	""	"""friend"""	"""mustache"""	"""middle"""	"0"	"-1"	"0"	"1"	"1"	"0"	"3"	"""2"""	"""1"""	"-1"	"""TRUE"""	"""foil"""	"""FALSE"""	"-1"	"-1"	"-1"	"-1"	"-1"	"-1"	"""what friend bob is going to visit"""	"""49"""	""""""	"""f"""	"4"	"0"	"1"	"2"	"0"	"""3"""	"-1"
"What is he talking about? (1-2 mins)"	"Short and fun! A 1-2 minute word game about what someone is talking about."	"experiment, psychology, game"	"$0.20"	"Thu Jan 22 12:54:51 PST 2015"	"200"	"0"	"0"	"200"	"Reviewable"	"NotReviewed"	"1 scales"	"600"	"60000"	"Thu Jan 29 12:54:51 PST 2015"	"S39051"	"Approved"	""	"""snowman"""	"""hat"""	"""middle"""	"0"	"-1"	"0"	"1"	"1"	"0"	"4"	"""2"""	"""1"""	"-1"	"""TRUE"""	"""foil"""	"""FALSE"""	"-1"	"-1"	"-1"	"-1"	"-1"	"-1"	"""Building and decorating snowmen"""	""""""	"""47"""	"""m"""	"4"	"0"	"1"	"2"	"0"	"""3"""	"-1"
"What is he talking about? (1-2 mins)"	"Short and fun! A 1-2 minute word game about what someone is talking about."	"experiment, psychology, game"	"$0.20"	"Thu Jan 22 12:54:51 PST 2015"	"200"	"0"	"0"	"200"	"Reviewable"	"NotReviewed"	"1 scales"	"600"	"60000"	"Thu Jan 29 12:54:51 PST 2015"	"S59339"	"Approved"	""	"""sundae"""	"""cherry"""	"""middle"""	"0"	"-1"	"0"	"1"	"1"	"0"	"4"	"""2"""	"""1"""	"-1"	"""TRUE"""	"""foil"""	"""FALSE"""	"-1"	"-1"	"-1"	"-1"	"-1"	"-1"	"""Pick which sundae Bob will eat"""	""""""	""""""	"""M"""	"4"	"0"	"2"	"1"	"0"	"""3"""	"-1"
"What is he talking about? (1-2 mins)"	"Short and fun! A 1-2 minute word game about what someone is talking about."	"experiment, psychology, game"	"$0.20"	"Thu Jan 22 12:54:51 PST 2015"	"200"	"0"	"0"	"200"	"Reviewable"	"NotReviewed"	"1 scales"	"600"	"60000"	"Thu Jan 29 12:54:51 PST 2015"	"S71920"	"Approved"	""	"""snowman"""	"""mittens"""	"""left"""	"0"	"-1"	"0"	"1"	"1"	"0"	"3"	"""2"""	"""1"""	"-1"	"""TRUE"""	"""foil"""	"""FALSE"""	"-1"	"-1"	"-1"	"-1"	"-1"	"-1"	"""whether we could figure out what bob was talking about and if having questions about mittens and hats would throw us off"""	""""""	"""27"""	"""m"""	"4"	"0"	"1"	"2"	"0"	"""3"""	"-1"
"What is he talking about? (1-2 mins)"	"Short and fun! A 1-2 minute word game about what someone is talking about."	"experiment, psychology, game"	"$0.20"	"Thu Jan 22 12:54:51 PST 2015"	"200"	"0"	"0"	"200"	"Reviewable"	"NotReviewed"	"1 scales"	"600"	"60000"	"Thu Jan 29 12:54:51 PST 2015"	"S66515"	"Approved"	""	"""pizza"""	"""mushrooms"""	"""right"""	"0"	"-1"	"0"	"1"	"1"	"0"	"4"	"""2"""	"""1"""	"-1"	"""TRUE"""	"""foil"""	"""FALSE"""	"-1"	"-1"	"-1"	"-1"	"-1"	"-1"	"""Bob and his love for pizza. """	"""no"""	"""24"""	"""m"""	"4"	"0"	"1"	"2"	"0"	"""3"""	"-1"
"What is he talking about? (1-2 mins)"	"Short and fun! A 1-2 minute word game about what someone is talking about."	"experiment, psychology, game"	"$0.20"	"Thu Jan 22 12:54:51 PST 2015"	"200"	"0"	"0"	"200"	"Reviewable"	"NotReviewed"	"1 scales"	"600"	"60000"	"Thu Jan 29 12:54:51 PST 2015"	"S31607"	"Approved"	""	"""pizza"""	"""olives"""	"""right"""	"0"	"-1"	"0"	"1"	"1"	"0"	"4"	"""2"""	"""1"""	"-1"	"""TRUE"""	"""logical"""	"""FALSE"""	"-1"	"-1"	"-1"	"-1"	"-1"	"-1"	"""prediction"""	""""""	"""29"""	"""m"""	"4"	"0"	"1"	"2"	"0"	"""3"""	"-1"
"What is he talking about? (1-2 mins)"	"Short and fun! A 1-2 minute word game about what someone is talking about."	"experiment, psychology, game"	"$0.20"	"Thu Jan 22 12:54:51 PST 2015"	"200"	"0"	"0"	"200"	"Reviewable"	"NotReviewed"	"1 scales"	"600"	"60000"	"Thu Jan 29 12:54:51 PST 2015"	"S54751"	"Approved"	""	"""Christmas tree"""	"""lights"""	"""left"""	"0"	"-1"	"0"	"1"	"1"	"0"	"3"	"""2"""	"""1"""	"-1"	"""FALSE"""	"""foil"""	"""FALSE"""	"-1"	"-1"	"-1"	"-1"	"-1"	"-1"	"""cognition"""	""""""	"""22"""	"""m"""	"4"	"0"	"2"	"0"	"1"	"""3"""	"-1"
"What is he talking about? (1-2 mins)"	"Short and fun! A 1-2 minute word game about what someone is talking about."	"experiment, psychology, game"	"$0.20"	"Thu Jan 22 12:54:51 PST 2015"	"200"	"0"	"0"	"200"	"Reviewable"	"NotReviewed"	"1 scales"	"600"	"60000"	"Thu Jan 29 12:54:51 PST 2015"	"S88906"	"Approved"	""	"""Christmas tree"""	"""star"""	"""right"""	"0"	"-1"	"0"	"1"	"1"	"0"	"3"	"""2"""	"""1"""	"-1"	"""TRUE"""	"""logical"""	"""FALSE"""	"-1"	"-1"	"-1"	"-1"	"-1"	"-1"	"""no idea"""	"""no"""	"""32"""	"""m"""	"4"	"0"	"0"	"1"	"2"	"""3"""	"-1"
"What is he talking about? (1-2 mins)"	"Short and fun! A 1-2 minute word game about what someone is talking about."	"experiment, psychology, game"	"$0.20"	"Thu Jan 22 12:54:51 PST 2015"	"200"	"0"	"0"	"200"	"Reviewable"	"NotReviewed"	"1 scales"	"600"	"60000"	"Thu Jan 29 12:54:51 PST 2015"	"S38731"	"Approved"	""	"""pizza"""	"""peppers"""	"""middle"""	"0"	"-1"	"0"	"1"	"1"	"0"	"4"	"""2"""	"""1"""	"-1"	"""TRUE"""	"""logical"""	"""FALSE"""	"-1"	"-1"	"-1"	"-1"	"-1"	"-1"	"""learning about bob and his pizza preference"""	""""""	"""39"""	"""f"""	"4"	"0"	"0"	"1"	"2"	"""3"""	"-1"
"What is he talking about? (1-2 mins)"	"Short and fun! A 1-2 minute word game about what someone is talking about."	"experiment, psychology, game"	"$0.20"	"Thu Jan 22 12:54:51 PST 2015"	"200"	"0"	"0"	"200"	"Reviewable"	"NotReviewed"	"1 scales"	"600"	"60000"	"Thu Jan 29 12:54:51 PST 2015"	"S55788"	"Approved"	""	"""friend"""	"""mustache"""	"""left"""	"0"	"-1"	"0"	"1"	"1"	"0"	"4"	"""2"""	"""1"""	"-1"	"""FALSE"""	"""foil"""	"""FALSE"""	"-1"	"-1"	"-1"	"-1"	"-1"	"-1"	"""Describing whether a character's friends has mustaches or hats, and who the character will visit next."""	""""""	"""34"""	"""m"""	"4"	"0"	"0"	"1"	"2"	"""3"""	"-1"
"What is he talking about? (1-2 mins)"	"Short and fun! A 1-2 minute word game about what someone is talking about."	"experiment, psychology, game"	"$0.20"	"Thu Jan 22 12:54:51 PST 2015"	"200"	"0"	"0"	"200"	"Reviewable"	"NotReviewed"	"1 scales"	"600"	"60000"	"Thu Jan 29 12:54:51 PST 2015"	"S99925"	"Approved"	""	"""pizza"""	"""olives"""	"""right"""	"0"	"-1"	"0"	"1"	"1"	"0"	"4"	"""2"""	"""1"""	"-1"	"""TRUE"""	"""foil"""	"""FALSE"""	"-1"	"-1"	"-1"	"-1"	"-1"	"-1"	"""pizza"""	"""that was confusing"""	"""25"""	"""m"""	"4"	"0"	"2"	"1"	"0"	"""3"""	"-1"
"What is he talking about? (1-2 mins)"	"Short and fun! A 1-2 minute word game about what someone is talking about."	"experiment, psychology, game"	"$0.20"	"Thu Jan 22 12:54:51 PST 2015"	"200"	"0"	"0"	"200"	"Reviewable"	"NotReviewed"	"1 scales"	"600"	"60000"	"Thu Jan 29 12:54:51 PST 2015"	"S27837"	"Approved"	""	"""snowman"""	"""mittens"""	"""right"""	"0"	"-1"	"0"	"1"	"1"	"0"	"3"	"""2"""	"""1"""	"-1"	"""TRUE"""	"""logical"""	"""FALSE"""	"-1"	"-1"	"-1"	"-1"	"-1"	"-1"	"""To see what people think is the next step. """	""""""	""""""	"""f"""	"4"	"0"	"0"	"1"	"2"	"""3"""	"-1"
"What is he talking about? (1-2 mins)"	"Short and fun! A 1-2 minute word game about what someone is talking about."	"experiment, psychology, game"	"$0.20"	"Thu Jan 22 12:54:51 PST 2015"	"200"	"0"	"0"	"200"	"Reviewable"	"NotReviewed"	"1 scales"	"600"	"60000"	"Thu Jan 29 12:54:51 PST 2015"	"S40648"	"Approved"	""	"""snowman"""	"""hat"""	"""right"""	"0"	"-1"	"0"	"1"	"1"	"0"	"4"	"""2"""	"""1"""	"-1"	"""TRUE"""	"""foil"""	"""FALSE"""	"-1"	"-1"	"-1"	"-1"	"-1"	"-1"	"""no idea"""	""""""	"""32"""	"""m"""	"4"	"0"	"1"	"0"	"2"	"""3"""	"-1"
"What is he talking about? (1-2 mins)"	"Short and fun! A 1-2 minute word game about what someone is talking about."	"experiment, psychology, game"	"$0.20"	"Thu Jan 22 12:54:51 PST 2015"	"200"	"0"	"0"	"200"	"Reviewable"	"NotReviewed"	"1 scales"	"600"	"60000"	"Thu Jan 29 12:54:51 PST 2015"	"S07273"	"Approved"	""	"""boat"""	"""motor"""	"""left"""	"0"	"-1"	"0"	"1"	"1"	"0"	"3"	"""2"""	"""3"""	"-1"	"""TRUE"""	"""logical"""	"""FALSE"""	"-1"	"-1"	"-1"	"-1"	"-1"	"-1"	"""understanding what he is saying"""	"""no"""	"""27"""	"""male"""	"4"	"0"	"2"	"1"	"0"	"""3"""	"-1"
"What is he talking about? (1-2 mins)"	"Short and fun! A 1-2 minute word game about what someone is talking about."	"experiment, psychology, game"	"$0.20"	"Thu Jan 22 12:54:51 PST 2015"	"200"	"0"	"0"	"200"	"Reviewable"	"NotReviewed"	"1 scales"	"600"	"60000"	"Thu Jan 29 12:54:51 PST 2015"	"S96976"	"Approved"	""	"""Christmas tree"""	"""ornaments"""	"""left"""	"0"	"-1"	"0"	"1"	"1"	"0"	"4"	"""2"""	"""1"""	"-1"	"""TRUE"""	"""foil"""	"""FALSE"""	"-1"	"-1"	"-1"	"-1"	"-1"	"-1"	"""Bob liking to and trimming christmas trees"""	""""""	""""""	"""f"""	"4"	"0"	"2"	"0"	"1"	"""3"""	"-1"
"What is he talking about? (1-2 mins)"	"Short and fun! A 1-2 minute word game about what someone is talking about."	"experiment, psychology, game"	"$0.20"	"Thu Jan 22 12:54:51 PST 2015"	"200"	"0"	"0"	"200"	"Reviewable"	"NotReviewed"	"1 scales"	"600"	"60000"	"Thu Jan 29 12:54:51 PST 2015"	"S18626"	"Approved"	""	"""pizza"""	"""olives"""	"""middle"""	"0"	"-1"	"0"	"1"	"1"	"0"	"4"	"""2"""	"""1"""	"-1"	"""TRUE"""	"""foil"""	"""FALSE"""	"-1"	"-1"	"-1"	"-1"	"-1"	"-1"	"""Picking out pizza Bob likes and identifying pizzas with toppings"""	""""""	"""24"""	"""m"""	"4"	"0"	"0"	"1"	"2"	"""3"""	"-1"
"What is he talking about? (1-2 mins)"	"Short and fun! A 1-2 minute word game about what someone is talking about."	"experiment, psychology, game"	"$0.20"	"Thu Jan 22 12:54:51 PST 2015"	"200"	"0"	"0"	"200"	"Reviewable"	"NotReviewed"	"1 scales"	"600"	"60000"	"Thu Jan 29 12:54:51 PST 2015"	"S91164"	"Approved"	""	"""sundae"""	"""cherry"""	"""right"""	"0"	"-1"	"0"	"1"	"1"	"0"	"4"	"""2"""	"""1"""	"-1"	"""TRUE"""	"""logical"""	"""FALSE"""	"-1"	"-1"	"-1"	"-1"	"-1"	"-1"	"""What Bob Likes"""	"""no"""	"""34"""	"""m"""	"4"	"0"	"0"	"1"	"2"	"""3"""	"-1"
"What is he talking about? (1-2 mins)"	"Short and fun! A 1-2 minute word game about what someone is talking about."	"experiment, psychology, game"	"$0.20"	"Thu Jan 22 12:54:51 PST 2015"	"200"	"0"	"0"	"200"	"Reviewable"	"NotReviewed"	"1 scales"	"600"	"60000"	"Thu Jan 29 12:54:51 PST 2015"	"S50367"	"Approved"	""	"""pizza"""	"""olives"""	"""middle"""	"0"	"-1"	"0"	"1"	"1"	"0"	"3"	"""1"""	"""1"""	"-1"	"""TRUE"""	"""target"""	"""TRUE"""	"-1"	"-1"	"-1"	"-1"	"-1"	"-1"	"""guessing the pizza with the most common toppings"""	""""""	"""18"""	"""m"""	"4"	"0"	"0"	"2"	"1"	"""3"""	"-1"
"What is he talking about? (1-2 mins)"	"Short and fun! A 1-2 minute word game about what someone is talking about."	"experiment, psychology, game"	"$0.20"	"Thu Jan 22 12:54:51 PST 2015"	"200"	"0"	"0"	"200"	"Reviewable"	"NotReviewed"	"1 scales"	"600"	"60000"	"Thu Jan 29 12:54:51 PST 2015"	"S30416"	"Approved"	""	"""snowman"""	"""hat"""	"""right"""	"0"	"-1"	"0"	"1"	"1"	"0"	"4"	"""2"""	"""1"""	"-1"	"""TRUE"""	"""foil"""	"""FALSE"""	"-1"	"-1"	"-1"	"-1"	"-1"	"-1"	"""Snowmen and their accessories Bob has put on them."""	"""No """	"""24"""	"""f"""	"4"	"0"	"2"	"1"	"0"	"""3"""	"-1"
"What is he talking about? (1-2 mins)"	"Short and fun! A 1-2 minute word game about what someone is talking about."	"experiment, psychology, game"	"$0.20"	"Thu Jan 22 12:54:51 PST 2015"	"200"	"0"	"0"	"200"	"Reviewable"	"NotReviewed"	"1 scales"	"600"	"60000"	"Thu Jan 29 12:54:51 PST 2015"	"S36438"	"Approved"	""	"""sundae"""	"""cherry"""	"""middle"""	"0"	"-1"	"0"	"1"	"1"	"0"	"3"	"""2"""	"""1"""	"-1"	"""TRUE"""	"""logical"""	"""FALSE"""	"-1"	"-1"	"-1"	"-1"	"-1"	"-1"	"""Perceptions of desire"""	"""Sundaes... yum"""	"""33"""	"""f"""	"4"	"0"	"2"	"0"	"1"	"""3"""	"-1"
"What is he talking about? (1-2 mins)"	"Short and fun! A 1-2 minute word game about what someone is talking about."	"experiment, psychology, game"	"$0.20"	"Thu Jan 22 12:54:51 PST 2015"	"200"	"0"	"0"	"200"	"Reviewable"	"NotReviewed"	"1 scales"	"600"	"60000"	"Thu Jan 29 12:54:51 PST 2015"	"S48281"	"Approved"	""	"""snowman"""	"""scarf"""	"""left"""	"0"	"-1"	"0"	"1"	"1"	"0"	"3"	"""2"""	"""1"""	"-1"	"""TRUE"""	"""target"""	"""TRUE"""	"-1"	"-1"	"-1"	"-1"	"-1"	"-1"	"""What type of decorated snowman will Bob make"""	"""None"""	"""19"""	"""m"""	"4"	"0"	"0"	"2"	"1"	"""3"""	"-1"
"What is he talking about? (1-2 mins)"	"Short and fun! A 1-2 minute word game about what someone is talking about."	"experiment, psychology, game"	"$0.20"	"Thu Jan 22 12:54:51 PST 2015"	"200"	"0"	"0"	"200"	"Reviewable"	"NotReviewed"	"1 scales"	"600"	"60000"	"Thu Jan 29 12:54:51 PST 2015"	"S75905"	"Approved"	""	"""friend"""	"""hat"""	"""right"""	"0"	"-1"	"0"	"1"	"1"	"0"	"3"	"""2"""	"""1"""	"-1"	"""TRUE"""	"""foil"""	"""FALSE"""	"-1"	"-1"	"-1"	"-1"	"-1"	"-1"	"""bob's friends"""	"""no"""	"""29"""	"""m"""	"4"	"0"	"1"	"2"	"0"	"""3"""	"-1"
"What is he talking about? (1-2 mins)"	"Short and fun! A 1-2 minute word game about what someone is talking about."	"experiment, psychology, game"	"$0.20"	"Thu Jan 22 12:54:51 PST 2015"	"200"	"0"	"0"	"200"	"Reviewable"	"NotReviewed"	"1 scales"	"600"	"60000"	"Thu Jan 29 12:54:51 PST 2015"	"S19911"	"Approved"	""	"""boat"""	"""motor"""	"""middle"""	"0"	"-1"	"0"	"1"	"1"	"0"	"3"	"""2"""	"""1"""	"-1"	"""TRUE"""	"""target"""	"""TRUE"""	"-1"	"-1"	"-1"	"-1"	"-1"	"-1"	"""Understanding language"""	"""None"""	"""26"""	"""f"""	"4"	"0"	"1"	"2"	"0"	"""3"""	"-1"
"What is he talking about? (1-2 mins)"	"Short and fun! A 1-2 minute word game about what someone is talking about."	"experiment, psychology, game"	"$0.20"	"Thu Jan 22 12:54:51 PST 2015"	"200"	"0"	"0"	"200"	"Reviewable"	"NotReviewed"	"1 scales"	"600"	"60000"	"Thu Jan 29 12:54:51 PST 2015"	"S36212"	"Approved"	""	"""snowman"""	"""mittens"""	"""left"""	"0"	"-1"	"0"	"1"	"1"	"0"	"3"	"""2"""	"""1"""	"-1"	"""TRUE"""	"""foil"""	"""FALSE"""	"-1"	"-1"	"-1"	"-1"	"-1"	"-1"	"""Trying to figure out communication"""	"""mumblemumble (I bet everyone types that.)"""	"""34"""	"""f"""	"4"	"0"	"1"	"0"	"2"	"""3"""	"-1"
"What is he talking about? (1-2 mins)"	"Short and fun! A 1-2 minute word game about what someone is talking about."	"experiment, psychology, game"	"$0.20"	"Thu Jan 22 12:54:51 PST 2015"	"200"	"0"	"0"	"200"	"Reviewable"	"NotReviewed"	"1 scales"	"600"	"60000"	"Thu Jan 29 12:54:51 PST 2015"	"S71691"	"Approved"	""	"""friend"""	"""glasses"""	"""left"""	"0"	"-1"	"0"	"1"	"1"	"0"	"4"	"""2"""	"""1"""	"-1"	"""TRUE"""	"""foil"""	"""FALSE"""	"-1"	"-1"	"-1"	"-1"	"-1"	"-1"	"""Which friend he'll visit next"""	"""I had no idea what to base my answer for the last question (who will he visit next) on!"""	"""28"""	"""female"""	"4"	"0"	"1"	"0"	"2"	"""3"""	"-1"
"What is he talking about? (1-2 mins)"	"Short and fun! A 1-2 minute word game about what someone is talking about."	"experiment, psychology, game"	"$0.20"	"Thu Jan 22 12:54:51 PST 2015"	"200"	"0"	"0"	"200"	"Reviewable"	"NotReviewed"	"1 scales"	"600"	"60000"	"Thu Jan 29 12:54:51 PST 2015"	"S30512"	"Approved"	""	"""boat"""	"""motor"""	"""middle"""	"0"	"-1"	"0"	"1"	"1"	"0"	"3"	"""2"""	"""1"""	"-1"	"""TRUE"""	"""target"""	"""TRUE"""	"-1"	"-1"	"-1"	"-1"	"-1"	"-1"	"""Whats was bob talking about"""	"""fun"""	"""33"""	"""m"""	"4"	"0"	"2"	"0"	"1"	"""3"""	"-1"
"What is he talking about? (1-2 mins)"	"Short and fun! A 1-2 minute word game about what someone is talking about."	"experiment, psychology, game"	"$0.20"	"Thu Jan 22 12:54:51 PST 2015"	"200"	"0"	"0"	"200"	"Reviewable"	"NotReviewed"	"1 scales"	"600"	"60000"	"Thu Jan 29 12:54:51 PST 2015"	"S00087"	"Approved"	""	"""sundae"""	"""chocolate"""	"""left"""	"0"	"-1"	"0"	"1"	"1"	"0"	"4"	"""2"""	"""1"""	"-1"	"""TRUE"""	"""logical"""	"""FALSE"""	"-1"	"-1"	"-1"	"-1"	"-1"	"-1"	"""sundaes"""	"""Thank you"""	"""25"""	"""f"""	"4"	"0"	"2"	"0"	"1"	"""3"""	"-1"
"What is he talking about? (1-2 mins)"	"Short and fun! A 1-2 minute word game about what someone is talking about."	"experiment, psychology, game"	"$0.20"	"Thu Jan 22 12:54:51 PST 2015"	"200"	"0"	"0"	"200"	"Reviewable"	"NotReviewed"	"1 scales"	"600"	"60000"	"Thu Jan 29 12:54:51 PST 2015"	"S72339"	"Approved"	""	"""sundae"""	"""chocolate"""	"""left"""	"0"	"-1"	"0"	"1"	"1"	"0"	"3"	"""2"""	"""1"""	"-1"	"""TRUE"""	"""target"""	"""TRUE"""	"-1"	"-1"	"-1"	"-1"	"-1"	"-1"	"""Picking a sundae for bob"""	"""none"""	"""22"""	"""m"""	"4"	"0"	"0"	"2"	"1"	"""3"""	"-1"
"What is he talking about? (1-2 mins)"	"Short and fun! A 1-2 minute word game about what someone is talking about."	"experiment, psychology, game"	"$0.20"	"Thu Jan 22 12:54:51 PST 2015"	"200"	"0"	"0"	"200"	"Reviewable"	"NotReviewed"	"1 scales"	"600"	"60000"	"Thu Jan 29 12:54:51 PST 2015"	"S60905"	"Approved"	""	"""sundae"""	"""whipped cream"""	"""right"""	"0"	"-1"	"0"	"1"	"1"	"0"	"3"	"""2"""	"""1"""	"-1"	"""TRUE"""	"""logical"""	"""FALSE"""	"-1"	"-1"	"-1"	"-1"	"-1"	"-1"	"""Bob likes to eat sundaes and makes them every friday, and what sundae he will eat next."""	"""This is odd, but neat"""	"""39"""	"""m"""	"4"	"0"	"1"	"0"	"2"	"""3"""	"-1"
"What is he talking about? (1-2 mins)"	"Short and fun! A 1-2 minute word game about what someone is talking about."	"experiment, psychology, game"	"$0.20"	"Thu Jan 22 12:54:51 PST 2015"	"200"	"0"	"0"	"200"	"Reviewable"	"NotReviewed"	"1 scales"	"600"	"60000"	"Thu Jan 29 12:54:51 PST 2015"	"S25376"	"Approved"	""	"""snowman"""	"""mittens"""	"""left"""	"0"	"-1"	"0"	"1"	"1"	"0"	"4"	"""2"""	"""1"""	"-1"	"""TRUE"""	"""foil"""	"""FALSE"""	"-1"	"-1"	"-1"	"-1"	"-1"	"-1"	"""How someone interprets the order in which Bob decorates the snowmen from what the others were wearing."""	""""""	"""30"""	"""m"""	"4"	"0"	"2"	"0"	"1"	"""3"""	"-1"
"What is he talking about? (1-2 mins)"	"Short and fun! A 1-2 minute word game about what someone is talking about."	"experiment, psychology, game"	"$0.20"	"Thu Jan 22 12:54:51 PST 2015"	"200"	"0"	"0"	"200"	"Reviewable"	"NotReviewed"	"1 scales"	"600"	"60000"	"Thu Jan 29 12:54:51 PST 2015"	"S28986"	"Approved"	""	"""Christmas tree"""	"""lights"""	"""right"""	"0"	"-1"	"0"	"1"	"1"	"0"	"3"	"""2"""	"""1"""	"-1"	"""TRUE"""	"""foil"""	"""FALSE"""	"-1"	"-1"	"-1"	"-1"	"-1"	"-1"	"""Christmas trees and communication"""	"""Everything was clear."""	"""66"""	"""f"""	"4"	"0"	"2"	"0"	"1"	"""3"""	"-1"
"What is he talking about? (1-2 mins)"	"Short and fun! A 1-2 minute word game about what someone is talking about."	"experiment, psychology, game"	"$0.20"	"Thu Jan 22 12:54:51 PST 2015"	"200"	"0"	"0"	"200"	"Reviewable"	"NotReviewed"	"1 scales"	"600"	"60000"	"Thu Jan 29 12:54:51 PST 2015"	"S88192"	"Approved"	""	"""friend"""	"""mustache"""	"""right"""	"0"	"-1"	"0"	"1"	"1"	"0"	"4"	"""2"""	"""1"""	"-1"	"""TRUE"""	"""logical"""	"""FALSE"""	"-1"	"-1"	"-1"	"-1"	"-1"	"-1"	"""Bob and him meeting his friends."""	"""I liked it"""	"""25"""	"""f"""	"4"	"0"	"1"	"2"	"0"	"""3"""	"-1"
"What is he talking about? (1-2 mins)"	"Short and fun! A 1-2 minute word game about what someone is talking about."	"experiment, psychology, game"	"$0.20"	"Thu Jan 22 12:54:51 PST 2015"	"200"	"0"	"0"	"200"	"Reviewable"	"NotReviewed"	"1 scales"	"600"	"60000"	"Thu Jan 29 12:54:51 PST 2015"	"S20989"	"Approved"	""	"""friend"""	"""mustache"""	"""right"""	"0"	"-1"	"0"	"1"	"1"	"0"	"3"	"""2"""	"""1"""	"-1"	"""TRUE"""	"""foil"""	"""FALSE"""	"-1"	"-1"	"-1"	"-1"	"-1"	"-1"	"""who joe will visit next"""	"""no"""	"""26"""	"""f"""	"4"	"0"	"1"	"2"	"0"	"""3"""	"-1"
"What is he talking about? (1-2 mins)"	"Short and fun! A 1-2 minute word game about what someone is talking about."	"experiment, psychology, game"	"$0.20"	"Thu Jan 22 12:54:51 PST 2015"	"200"	"0"	"0"	"200"	"Reviewable"	"NotReviewed"	"1 scales"	"600"	"60000"	"Thu Jan 29 12:54:51 PST 2015"	"S75511"	"Approved"	""	"""boat"""	"""motor"""	"""left"""	"0"	"-1"	"0"	"1"	"1"	"0"	"4"	"""2"""	"""1"""	"-1"	"""TRUE"""	"""logical"""	"""FALSE"""	"-1"	"-1"	"-1"	"-1"	"-1"	"-1"	"""Deciding what a person would do based on the information provided"""	"""No"""	"""24"""	"""Male"""	"4"	"0"	"2"	"0"	"1"	"""3"""	"-1"
"What is he talking about? (1-2 mins)"	"Short and fun! A 1-2 minute word game about what someone is talking about."	"experiment, psychology, game"	"$0.20"	"Thu Jan 22 12:54:51 PST 2015"	"200"	"0"	"0"	"200"	"Reviewable"	"NotReviewed"	"1 scales"	"600"	"60000"	"Thu Jan 29 12:54:51 PST 2015"	"S88345"	"Approved"	""	"""snowman"""	"""scarf"""	"""middle"""	"0"	"-1"	"0"	"1"	"1"	"0"	"4"	"""2"""	"""1"""	"-1"	"""TRUE"""	"""foil"""	"""FALSE"""	"-1"	"-1"	"-1"	"-1"	"-1"	"-1"	"""How Bob decorates snowmen."""	""""""	"""24"""	"""f"""	"4"	"0"	"1"	"2"	"0"	"""3"""	"-1"
"What is he talking about? (1-2 mins)"	"Short and fun! A 1-2 minute word game about what someone is talking about."	"experiment, psychology, game"	"$0.20"	"Thu Jan 22 12:54:51 PST 2015"	"200"	"0"	"0"	"200"	"Reviewable"	"NotReviewed"	"1 scales"	"600"	"60000"	"Thu Jan 29 12:54:51 PST 2015"	"S42496"	"Approved"	""	"""friend"""	"""mustache"""	"""left"""	"0"	"-1"	"0"	"1"	"1"	"0"	"3"	"""2"""	"""1"""	"-1"	"""TRUE"""	"""logical"""	"""FALSE"""	"-1"	"-1"	"-1"	"-1"	"-1"	"-1"	"""guessing  which friend bob is meeting next."""	""""""	"""51"""	"""f"""	"4"	"0"	"1"	"0"	"2"	"""3"""	"-1"
"What is he talking about? (1-2 mins)"	"Short and fun! A 1-2 minute word game about what someone is talking about."	"experiment, psychology, game"	"$0.20"	"Thu Jan 22 12:54:51 PST 2015"	"200"	"0"	"0"	"200"	"Reviewable"	"NotReviewed"	"1 scales"	"600"	"60000"	"Thu Jan 29 12:54:51 PST 2015"	"S05890"	"Approved"	""	"""friend"""	"""hat"""	"""right"""	"0"	"-1"	"0"	"1"	"1"	"0"	"3"	"""2"""	"""1"""	"-1"	"""TRUE"""	"""logical"""	"""FALSE"""	"-1"	"-1"	"-1"	"-1"	"-1"	"-1"	"""Bob visiting friends"""	""""""	"""34"""	"""m"""	"4"	"0"	"1"	"2"	"0"	"""3"""	"-1"
"What is he talking about? (1-2 mins)"	"Short and fun! A 1-2 minute word game about what someone is talking about."	"experiment, psychology, game"	"$0.20"	"Thu Jan 22 12:54:51 PST 2015"	"200"	"0"	"0"	"200"	"Reviewable"	"NotReviewed"	"1 scales"	"600"	"60000"	"Thu Jan 29 12:54:51 PST 2015"	"S32216"	"Approved"	""	"""sundae"""	"""cherry"""	"""middle"""	"0"	"-1"	"0"	"1"	"1"	"0"	"3"	"""2"""	"""1"""	"-1"	"""TRUE"""	"""foil"""	"""FALSE"""	"-1"	"-1"	"-1"	"-1"	"-1"	"-1"	"""ice cream choices"""	""""""	"""21"""	"""m"""	"4"	"0"	"0"	"2"	"1"	"""3"""	"-1"
"What is he talking about? (1-2 mins)"	"Short and fun! A 1-2 minute word game about what someone is talking about."	"experiment, psychology, game"	"$0.20"	"Thu Jan 22 12:54:51 PST 2015"	"200"	"0"	"0"	"200"	"Reviewable"	"NotReviewed"	"1 scales"	"600"	"60000"	"Thu Jan 29 12:54:51 PST 2015"	"S86656"	"Approved"	""	"""sundae"""	"""whipped cream"""	"""middle"""	"0"	"-1"	"0"	"1"	"1"	"0"	"4"	"""2"""	"""1"""	"-1"	"""TRUE"""	"""logical"""	"""FALSE"""	"-1"	"-1"	"-1"	"-1"	"-1"	"-1"	"""i don't know"""	""""""	"""34"""	"""m"""	"4"	"0"	"2"	"1"	"0"	"""3"""	"-1"
"What is he talking about? (1-2 mins)"	"Short and fun! A 1-2 minute word game about what someone is talking about."	"experiment, psychology, game"	"$0.20"	"Thu Jan 22 12:54:51 PST 2015"	"200"	"0"	"0"	"200"	"Reviewable"	"NotReviewed"	"1 scales"	"600"	"60000"	"Thu Jan 29 12:54:51 PST 2015"	"S46378"	"Approved"	""	"""snowman"""	"""scarf"""	"""left"""	"0"	"-1"	"0"	"1"	"1"	"0"	"3"	"""2"""	"""1"""	"-1"	"""TRUE"""	"""foil"""	"""FALSE"""	"-1"	"-1"	"-1"	"-1"	"-1"	"-1"	"""Communication"""	"""no"""	"""28"""	"""F"""	"4"	"0"	"0"	"1"	"2"	"""3"""	"-1"
"What is he talking about? (1-2 mins)"	"Short and fun! A 1-2 minute word game about what someone is talking about."	"experiment, psychology, game"	"$0.20"	"Thu Jan 22 12:54:51 PST 2015"	"200"	"0"	"0"	"200"	"Reviewable"	"NotReviewed"	"1 scales"	"600"	"60000"	"Thu Jan 29 12:54:51 PST 2015"	"S46337"	"Approved"	""	"""snowman"""	"""scarf"""	"""middle"""	"0"	"-1"	"0"	"1"	"1"	"0"	"4"	"""2"""	"""1"""	"-1"	"""TRUE"""	"""foil"""	"""FALSE"""	"-1"	"-1"	"-1"	"-1"	"-1"	"-1"	"""decorating snowmen"""	""""""	"""24"""	"""m"""	"4"	"0"	"2"	"1"	"0"	"""3"""	"-1"
"What is he talking about? (1-2 mins)"	"Short and fun! A 1-2 minute word game about what someone is talking about."	"experiment, psychology, game"	"$0.20"	"Thu Jan 22 12:54:51 PST 2015"	"200"	"0"	"0"	"200"	"Reviewable"	"NotReviewed"	"1 scales"	"600"	"60000"	"Thu Jan 29 12:54:51 PST 2015"	"S94725"	"Approved"	""	"""sundae"""	"""chocolate"""	"""middle"""	"0"	"-1"	"0"	"1"	"1"	"0"	"3"	"""2"""	"""1"""	"-1"	"""TRUE"""	"""target"""	"""TRUE"""	"-1"	"-1"	"-1"	"-1"	"-1"	"-1"	"""Which sundae Bob would pick"""	"""No Comment"""	"""22"""	"""m"""	"4"	"0"	"2"	"0"	"1"	"""3"""	"-1"
"What is he talking about? (1-2 mins)"	"Short and fun! A 1-2 minute word game about what someone is talking about."	"experiment, psychology, game"	"$0.20"	"Thu Jan 22 12:54:51 PST 2015"	"200"	"0"	"0"	"200"	"Reviewable"	"NotReviewed"	"1 scales"	"600"	"60000"	"Thu Jan 29 12:54:51 PST 2015"	"S13015"	"Approved"	""	"""boat"""	"""sail"""	"""middle"""	"0"	"-1"	"0"	"1"	"1"	"0"	"4"	"""2"""	"""1"""	"-1"	"""FALSE"""	"""logical"""	"""FALSE"""	"-1"	"-1"	"-1"	"-1"	"-1"	"-1"	"""Boats"""	""""""	"""22"""	"""m"""	"4"	"0"	"1"	"0"	"2"	"""3"""	"-1"
"What is he talking about? (1-2 mins)"	"Short and fun! A 1-2 minute word game about what someone is talking about."	"experiment, psychology, game"	"$0.20"	"Thu Jan 22 12:54:51 PST 2015"	"200"	"0"	"0"	"200"	"Reviewable"	"NotReviewed"	"1 scales"	"600"	"60000"	"Thu Jan 29 12:54:51 PST 2015"	"S22423"	"Approved"	""	"""snowman"""	"""scarf"""	"""left"""	"0"	"-1"	"0"	"1"	"1"	"0"	"4"	"""2"""	"""1"""	"-1"	"""TRUE"""	"""foil"""	"""FALSE"""	"-1"	"-1"	"-1"	"-1"	"-1"	"-1"	"""what we think will happen"""	"""thanks"""	"""18"""	"""m"""	"4"	"0"	"0"	"2"	"1"	"""3"""	"-1"
"What is he talking about? (1-2 mins)"	"Short and fun! A 1-2 minute word game about what someone is talking about."	"experiment, psychology, game"	"$0.20"	"Thu Jan 22 12:54:51 PST 2015"	"200"	"0"	"0"	"200"	"Reviewable"	"NotReviewed"	"1 scales"	"600"	"60000"	"Thu Jan 29 12:54:51 PST 2015"	"S85458"	"Approved"	""	"""boat"""	"""motor"""	"""right"""	"0"	"-1"	"0"	"1"	"1"	"0"	"3"	"""2"""	"""1"""	"-1"	"""TRUE"""	"""logical"""	"""FALSE"""	"-1"	"-1"	"-1"	"-1"	"-1"	"-1"	"""Bob liking boats and renting them """	""""""	"""44"""	"""f"""	"4"	"0"	"1"	"0"	"2"	"""3"""	"-1"
"What is he talking about? (1-2 mins)"	"Short and fun! A 1-2 minute word game about what someone is talking about."	"experiment, psychology, game"	"$0.20"	"Thu Jan 22 12:54:51 PST 2015"	"200"	"0"	"0"	"200"	"Reviewable"	"NotReviewed"	"1 scales"	"600"	"60000"	"Thu Jan 29 12:54:51 PST 2015"	"S81125"	"Approved"	""	"""snowman"""	"""hat"""	"""middle"""	"0"	"-1"	"0"	"1"	"1"	"0"	"3"	"""2"""	"""1"""	"-1"	"""TRUE"""	"""target"""	"""TRUE"""	"-1"	"-1"	"-1"	"-1"	"-1"	"-1"	"""I honestly don't know."""	""""""	"""35"""	"""Male"""	"4"	"0"	"0"	"1"	"2"	"""3"""	"-1"
"What is he talking about? (1-2 mins)"	"Short and fun! A 1-2 minute word game about what someone is talking about."	"experiment, psychology, game"	"$0.20"	"Thu Jan 22 12:54:51 PST 2015"	"200"	"0"	"0"	"200"	"Reviewable"	"NotReviewed"	"1 scales"	"600"	"60000"	"Thu Jan 29 12:54:51 PST 2015"	"S48956"	"Approved"	""	"""Christmas tree"""	"""ornaments"""	"""left"""	"0"	"-1"	"0"	"1"	"1"	"0"	"4"	"""5"""	"""1"""	"-1"	"""TRUE"""	"""foil"""	"""FALSE"""	"-1"	"-1"	"-1"	"-1"	"-1"	"-1"	"""Christmas trees"""	"""This was funny"""	"""21"""	"""F"""	"4"	"0"	"2"	"0"	"1"	"""3"""	"-1"
"What is he talking about? (1-2 mins)"	"Short and fun! A 1-2 minute word game about what someone is talking about."	"experiment, psychology, game"	"$0.20"	"Thu Jan 22 12:54:51 PST 2015"	"200"	"0"	"0"	"200"	"Reviewable"	"NotReviewed"	"1 scales"	"600"	"60000"	"Thu Jan 29 12:54:51 PST 2015"	"S02832"	"Approved"	""	"""boat"""	"""cabin"""	"""right"""	"0"	"-1"	"0"	"1"	"1"	"0"	"4"	"""2"""	"""1"""	"-1"	"""TRUE"""	"""logical"""	"""FALSE"""	"-1"	"-1"	"-1"	"-1"	"-1"	"-1"	"""Bob's boats"""	"""no"""	"""24"""	"""male"""	"4"	"0"	"2"	"0"	"1"	"""3"""	"-1"
"What is he talking about? (1-2 mins)"	"Short and fun! A 1-2 minute word game about what someone is talking about."	"experiment, psychology, game"	"$0.20"	"Thu Jan 22 12:54:51 PST 2015"	"200"	"0"	"0"	"200"	"Reviewable"	"NotReviewed"	"1 scales"	"600"	"60000"	"Thu Jan 29 12:54:51 PST 2015"	"S89401"	"Approved"	""	"""Christmas tree"""	"""star"""	"""middle"""	"0"	"-1"	"0"	"1"	"1"	"0"	"3"	"""2"""	"""1"""	"-1"	"""TRUE"""	"""foil"""	"""FALSE"""	"-1"	"-1"	"-1"	"-1"	"-1"	"-1"	"""Chriatmas trees Bob trims."""	"""No"""	"""20"""	"""f"""	"4"	"0"	"1"	"2"	"0"	"""3"""	"-1"
"What is he talking about? (1-2 mins)"	"Short and fun! A 1-2 minute word game about what someone is talking about."	"experiment, psychology, game"	"$0.20"	"Thu Jan 22 12:54:51 PST 2015"	"200"	"0"	"0"	"200"	"Reviewable"	"NotReviewed"	"1 scales"	"600"	"60000"	"Thu Jan 29 12:54:51 PST 2015"	"S86565"	"Approved"	""	"""boat"""	"""cabin"""	"""right"""	"0"	"-1"	"0"	"1"	"1"	"0"	"4"	"""1"""	"""1"""	"-1"	"""TRUE"""	"""target"""	"""TRUE"""	"-1"	"-1"	"-1"	"-1"	"-1"	"-1"	"""Guessing what someone will do based on past info."""	""""""	"""25"""	"""m"""	"4"	"0"	"1"	"0"	"2"	"""3"""	"-1"
"What is he talking about? (1-2 mins)"	"Short and fun! A 1-2 minute word game about what someone is talking about."	"experiment, psychology, game"	"$0.20"	"Thu Jan 22 12:54:51 PST 2015"	"200"	"0"	"0"	"200"	"Reviewable"	"NotReviewed"	"1 scales"	"600"	"60000"	"Thu Jan 29 12:54:51 PST 2015"	"S90182"	"Approved"	""	"""boat"""	"""motor"""	"""middle"""	"0"	"-1"	"0"	"1"	"1"	"0"	"3"	"""2"""	"""1"""	"-1"	"""TRUE"""	"""foil"""	"""FALSE"""	"-1"	"-1"	"-1"	"-1"	"-1"	"-1"	"""What Bob is saying"""	""""""	""""""	""""""	"4"	"0"	"2"	"0"	"1"	"""3"""	"-1"
"What is he talking about? (1-2 mins)"	"Short and fun! A 1-2 minute word game about what someone is talking about."	"experiment, psychology, game"	"$0.20"	"Thu Jan 22 12:54:51 PST 2015"	"200"	"0"	"0"	"200"	"Reviewable"	"NotReviewed"	"1 scales"	"600"	"60000"	"Thu Jan 29 12:54:51 PST 2015"	"S99831"	"Approved"	""	"""pizza"""	"""peppers"""	"""middle"""	"0"	"-1"	"0"	"1"	"1"	"0"	"4"	"""2"""	"""1"""	"-1"	"""FALSE"""	"""foil"""	"""FALSE"""	"-1"	"-1"	"-1"	"-1"	"-1"	"-1"	"""Choosing pizza toppings"""	""""""	"""28"""	"""m"""	"4"	"0"	"0"	"2"	"1"	"""3"""	"-1"
"What is he talking about? (1-2 mins)"	"Short and fun! A 1-2 minute word game about what someone is talking about."	"experiment, psychology, game"	"$0.20"	"Thu Jan 22 12:54:51 PST 2015"	"200"	"0"	"0"	"200"	"Reviewable"	"NotReviewed"	"1 scales"	"600"	"60000"	"Thu Jan 29 12:54:51 PST 2015"	"S48687"	"Approved"	""	"""sundae"""	"""chocolate"""	"""middle"""	"0"	"-1"	"0"	"1"	"1"	"0"	"4"	"""2"""	"""1"""	"-1"	"""TRUE"""	"""logical"""	"""FALSE"""	"-1"	"-1"	"-1"	"-1"	"-1"	"-1"	"""Sundaes"""	"""No"""	"""24"""	"""m"""	"4"	"0"	"0"	"2"	"1"	"""3"""	"-1"
"What is he talking about? (1-2 mins)"	"Short and fun! A 1-2 minute word game about what someone is talking about."	"experiment, psychology, game"	"$0.20"	"Thu Jan 22 12:54:51 PST 2015"	"200"	"0"	"0"	"200"	"Reviewable"	"NotReviewed"	"1 scales"	"600"	"60000"	"Thu Jan 29 12:54:51 PST 2015"	"S58009"	"Approved"	""	"""snowman"""	"""hat"""	"""right"""	"0"	"-1"	"0"	"1"	"1"	"0"	"4"	"""2"""	"""1"""	"-1"	"""TRUE"""	"""foil"""	"""FALSE"""	"-1"	"-1"	"-1"	"-1"	"-1"	"-1"	"""Not sure"""	"""No"""	""""""	"""m"""	"4"	"0"	"0"	"1"	"2"	"""3"""	"-1"
"What is he talking about? (1-2 mins)"	"Short and fun! A 1-2 minute word game about what someone is talking about."	"experiment, psychology, game"	"$0.20"	"Thu Jan 22 12:54:51 PST 2015"	"200"	"0"	"0"	"200"	"Reviewable"	"NotReviewed"	"1 scales"	"600"	"60000"	"Thu Jan 29 12:54:51 PST 2015"	"S05820"	"Approved"	""	"""pizza"""	"""peppers"""	"""middle"""	"0"	"-1"	"0"	"1"	"1"	"0"	"3"	"""2"""	"""1"""	"-1"	"""TRUE"""	"""logical"""	"""FALSE"""	"-1"	"-1"	"-1"	"-1"	"-1"	"-1"	"""Pizza"""	"""No"""	"""21"""	"""Female"""	"4"	"0"	"2"	"1"	"0"	"""3"""	"-1"
"What is he talking about? (1-2 mins)"	"Short and fun! A 1-2 minute word game about what someone is talking about."	"experiment, psychology, game"	"$0.20"	"Thu Jan 22 12:54:51 PST 2015"	"200"	"0"	"0"	"200"	"Reviewable"	"NotReviewed"	"1 scales"	"600"	"60000"	"Thu Jan 29 12:54:51 PST 2015"	"S79444"	"Approved"	""	"""boat"""	"""motor"""	"""left"""	"0"	"-1"	"0"	"1"	"1"	"0"	"4"	"""2"""	"""1"""	"-1"	"""TRUE"""	"""logical"""	"""FALSE"""	"-1"	"-1"	"-1"	"-1"	"-1"	"-1"	"""Boats, which one had sails, which one had motors, and which one Bob would like"""	""""""	"""24"""	"""f"""	"4"	"0"	"0"	"2"	"1"	"""3"""	"-1"
"What is he talking about? (1-2 mins)"	"Short and fun! A 1-2 minute word game about what someone is talking about."	"experiment, psychology, game"	"$0.20"	"Thu Jan 22 12:54:51 PST 2015"	"200"	"0"	"0"	"200"	"Reviewable"	"NotReviewed"	"1 scales"	"600"	"60000"	"Thu Jan 29 12:54:51 PST 2015"	"S31331"	"Approved"	""	"""friend"""	"""mustache"""	"""left"""	"0"	"-1"	"0"	"1"	"1"	"0"	"3"	"""2"""	"""1"""	"-1"	"""TRUE"""	"""logical"""	"""FALSE"""	"-1"	"-1"	"-1"	"-1"	"-1"	"-1"	"""I have no idea!"""	"""No additional comments"""	"""24"""	"""f"""	"4"	"0"	"2"	"1"	"0"	"""3"""	"-1"
"What is he talking about? (1-2 mins)"	"Short and fun! A 1-2 minute word game about what someone is talking about."	"experiment, psychology, game"	"$0.20"	"Thu Jan 22 12:54:51 PST 2015"	"200"	"0"	"0"	"200"	"Reviewable"	"NotReviewed"	"1 scales"	"600"	"60000"	"Thu Jan 29 12:54:51 PST 2015"	"S54410"	"Approved"	""	"""boat"""	"""sail"""	"""left"""	"0"	"-1"	"0"	"1"	"1"	"0"	"3"	"""2"""	"""3"""	"-1"	"""TRUE"""	"""target"""	"""TRUE"""	"-1"	"-1"	"-1"	"-1"	"-1"	"-1"	"""how well people understand eachother"""	""""""	"""20"""	"""f"""	"4"	"0"	"1"	"2"	"0"	"""3"""	"-1"
"What is he talking about? (1-2 mins)"	"Short and fun! A 1-2 minute word game about what someone is talking about."	"experiment, psychology, game"	"$0.20"	"Thu Jan 22 12:54:51 PST 2015"	"200"	"0"	"0"	"200"	"Reviewable"	"NotReviewed"	"1 scales"	"600"	"60000"	"Thu Jan 29 12:54:51 PST 2015"	"S25869"	"Approved"	""	"""friend"""	"""mustache"""	"""right"""	"0"	"-1"	"0"	"1"	"1"	"0"	"4"	"""2"""	"""1"""	"-1"	"""TRUE"""	"""foil"""	"""FALSE"""	"-1"	"-1"	"-1"	"-1"	"-1"	"-1"	"""choices"""	""""""	"""34"""	"""f"""	"4"	"0"	"0"	"2"	"1"	"""3"""	"-1"
"What is he talking about? (1-2 mins)"	"Short and fun! A 1-2 minute word game about what someone is talking about."	"experiment, psychology, game"	"$0.20"	"Thu Jan 22 12:54:51 PST 2015"	"200"	"0"	"0"	"200"	"Reviewable"	"NotReviewed"	"1 scales"	"600"	"60000"	"Thu Jan 29 12:54:51 PST 2015"	"S37188"	"Approved"	""	"""friend"""	"""glasses"""	"""left"""	"0"	"-1"	"0"	"1"	"1"	"0"	"4"	"""2"""	"""1"""	"-1"	"""FALSE"""	"""logical"""	"""FALSE"""	"-1"	"-1"	"-1"	"-1"	"-1"	"-1"	"""No idea"""	"""No"""	"""23"""	"""M"""	"4"	"0"	"2"	"1"	"0"	"""3"""	"-1"
"What is he talking about? (1-2 mins)"	"Short and fun! A 1-2 minute word game about what someone is talking about."	"experiment, psychology, game"	"$0.20"	"Thu Jan 22 12:54:51 PST 2015"	"200"	"0"	"0"	"200"	"Reviewable"	"NotReviewed"	"1 scales"	"600"	"60000"	"Thu Jan 29 12:54:51 PST 2015"	"S55314"	"Approved"	""	"""sundae"""	"""chocolate"""	"""right"""	"0"	"-1"	"0"	"1"	"1"	"0"	"3"	"""2"""	"""1"""	"-1"	"""TRUE"""	"""logical"""	"""FALSE"""	"-1"	"-1"	"-1"	"-1"	"-1"	"-1"	"""Sundaes """	""""""	""""""	""""""	"4"	"0"	"2"	"0"	"1"	"""3"""	"-1"
"What is he talking about? (1-2 mins)"	"Short and fun! A 1-2 minute word game about what someone is talking about."	"experiment, psychology, game"	"$0.20"	"Thu Jan 22 12:54:51 PST 2015"	"200"	"0"	"0"	"200"	"Reviewable"	"NotReviewed"	"1 scales"	"600"	"60000"	"Thu Jan 29 12:54:51 PST 2015"	"S59242"	"Approved"	""	"""Christmas tree"""	"""star"""	"""left"""	"0"	"-1"	"0"	"1"	"1"	"0"	"3"	"""2"""	"""1"""	"-1"	"""TRUE"""	"""logical"""	"""FALSE"""	"-1"	"-1"	"-1"	"-1"	"-1"	"-1"	"""no idea"""	"""very odd task"""	"""28"""	"""M"""	"4"	"0"	"2"	"0"	"1"	"""3"""	"-1"
"What is he talking about? (1-2 mins)"	"Short and fun! A 1-2 minute word game about what someone is talking about."	"experiment, psychology, game"	"$0.20"	"Thu Jan 22 12:54:51 PST 2015"	"200"	"0"	"0"	"200"	"Reviewable"	"NotReviewed"	"1 scales"	"600"	"60000"	"Thu Jan 29 12:54:51 PST 2015"	"S82220"	"Approved"	""	"""snowman"""	"""scarf"""	"""middle"""	"0"	"-1"	"0"	"1"	"1"	"0"	"4"	"""2"""	"""1"""	"-1"	"""TRUE"""	"""logical"""	"""FALSE"""	"-1"	"-1"	"-1"	"-1"	"-1"	"-1"	"""a man liking snowmen."""	"""none"""	"""51"""	"""f"""	"4"	"0"	"0"	"2"	"1"	"""3"""	"-1"
"What is he talking about? (1-2 mins)"	"Short and fun! A 1-2 minute word game about what someone is talking about."	"experiment, psychology, game"	"$0.20"	"Thu Jan 22 12:54:51 PST 2015"	"200"	"0"	"0"	"200"	"Reviewable"	"NotReviewed"	"1 scales"	"600"	"60000"	"Thu Jan 29 12:54:51 PST 2015"	"S08337"	"Approved"	""	"""boat"""	"""sail"""	"""left"""	"0"	"-1"	"0"	"1"	"1"	"0"	"3"	"""2"""	"""1"""	"-1"	"""FALSE"""	"""logical"""	"""FALSE"""	"-1"	"-1"	"-1"	"-1"	"-1"	"-1"	"""No idea"""	""""""	"""43"""	"""m"""	"4"	"0"	"0"	"2"	"1"	"""3"""	"-1"
"What is he talking about? (1-2 mins)"	"Short and fun! A 1-2 minute word game about what someone is talking about."	"experiment, psychology, game"	"$0.20"	"Thu Jan 22 12:54:51 PST 2015"	"200"	"0"	"0"	"200"	"Reviewable"	"NotReviewed"	"1 scales"	"600"	"60000"	"Thu Jan 29 12:54:51 PST 2015"	"S14874"	"Approved"	""	"""Christmas tree"""	"""ornaments"""	"""right"""	"0"	"-1"	"0"	"1"	"1"	"0"	"4"	"""2"""	"""1"""	"-1"	"""TRUE"""	"""logical"""	"""FALSE"""	"-1"	"-1"	"-1"	"-1"	"-1"	"-1"	"""Bob and his Christmas trees"""	""""""	"""20"""	"""m"""	"4"	"0"	"2"	"1"	"0"	"""3"""	"-1"
"What is he talking about? (1-2 mins)"	"Short and fun! A 1-2 minute word game about what someone is talking about."	"experiment, psychology, game"	"$0.20"	"Thu Jan 22 12:54:51 PST 2015"	"200"	"0"	"0"	"200"	"Reviewable"	"NotReviewed"	"1 scales"	"600"	"60000"	"Thu Jan 29 12:54:51 PST 2015"	"S58696"	"Approved"	""	"""friend"""	"""hat"""	"""right"""	"0"	"-1"	"0"	"1"	"1"	"0"	"3"	"""2"""	"""1"""	"-1"	"""TRUE"""	"""target"""	"""TRUE"""	"-1"	"-1"	"-1"	"-1"	"-1"	"-1"	"""Picking which friend I thought Bob would visit next"""	""""""	"""28"""	"""m"""	"4"	"0"	"2"	"1"	"0"	"""3"""	"-1"
"What is he talking about? (1-2 mins)"	"Short and fun! A 1-2 minute word game about what someone is talking about."	"experiment, psychology, game"	"$0.20"	"Thu Jan 22 12:54:51 PST 2015"	"200"	"0"	"0"	"200"	"Reviewable"	"NotReviewed"	"1 scales"	"600"	"60000"	"Thu Jan 29 12:54:51 PST 2015"	"S27685"	"Approved"	""	"""snowman"""	"""hat"""	"""right"""	"0"	"-1"	"0"	"1"	"1"	"0"	"3"	"""2"""	"""1"""	"-1"	"""TRUE"""	"""foil"""	"""FALSE"""	"-1"	"-1"	"-1"	"-1"	"-1"	"-1"	"""Gauging intent from language"""	""""""	"""23"""	"""o"""	"4"	"0"	"2"	"0"	"1"	"""3"""	"-1"
"What is he talking about? (1-2 mins)"	"Short and fun! A 1-2 minute word game about what someone is talking about."	"experiment, psychology, game"	"$0.20"	"Thu Jan 22 12:54:51 PST 2015"	"200"	"0"	"0"	"200"	"Reviewable"	"NotReviewed"	"1 scales"	"600"	"60000"	"Thu Jan 29 12:54:51 PST 2015"	"S47059"	"Approved"	""	"""boat"""	"""cabin"""	"""right"""	"0"	"-1"	"0"	"1"	"1"	"0"	"3"	"""2"""	"""1"""	"-1"	"""TRUE"""	"""logical"""	"""FALSE"""	"-1"	"-1"	"-1"	"-1"	"-1"	"-1"	"""Communication and visual elements"""	"""No"""	"""30"""	"""m"""	"4"	"0"	"2"	"1"	"0"	"""3"""	"-1"
"What is he talking about? (1-2 mins)"	"Short and fun! A 1-2 minute word game about what someone is talking about."	"experiment, psychology, game"	"$0.20"	"Thu Jan 22 12:54:51 PST 2015"	"200"	"0"	"0"	"200"	"Reviewable"	"NotReviewed"	"1 scales"	"600"	"60000"	"Thu Jan 29 12:54:51 PST 2015"	"S26210"	"Approved"	""	"""sundae"""	"""cherry"""	"""middle"""	"0"	"-1"	"0"	"1"	"1"	"0"	"4"	"""2"""	"""1"""	"-1"	"""TRUE"""	"""foil"""	"""FALSE"""	"-1"	"-1"	"-1"	"-1"	"-1"	"-1"	"""Ice Cream"""	"""No"""	"""27"""	"""m"""	"4"	"0"	"0"	"1"	"2"	"""3"""	"-1"
"What is he talking about? (1-2 mins)"	"Short and fun! A 1-2 minute word game about what someone is talking about."	"experiment, psychology, game"	"$0.20"	"Thu Jan 22 12:54:51 PST 2015"	"200"	"0"	"0"	"200"	"Reviewable"	"NotReviewed"	"1 scales"	"600"	"60000"	"Thu Jan 29 12:54:51 PST 2015"	"S15273"	"Approved"	""	"""friend"""	"""mustache"""	"""right"""	"0"	"-1"	"0"	"1"	"1"	"0"	"3"	"""2"""	"""1"""	"-1"	"""TRUE"""	"""target"""	"""TRUE"""	"-1"	"-1"	"-1"	"-1"	"-1"	"-1"	"""Communication"""	"""That was a strange survey"""	"""41"""	"""F"""	"4"	"0"	"0"	"1"	"2"	"""3"""	"-1"
"What is he talking about? (1-2 mins)"	"Short and fun! A 1-2 minute word game about what someone is talking about."	"experiment, psychology, game"	"$0.20"	"Thu Jan 22 12:54:51 PST 2015"	"200"	"0"	"0"	"200"	"Reviewable"	"NotReviewed"	"1 scales"	"600"	"60000"	"Thu Jan 29 12:54:51 PST 2015"	"S52702"	"Approved"	""	"""Christmas tree"""	"""ornaments"""	"""middle"""	"0"	"-1"	"0"	"1"	"1"	"0"	"3"	"""2"""	"""1"""	"-1"	"""TRUE"""	"""foil"""	"""FALSE"""	"-1"	"-1"	"-1"	"-1"	"-1"	"-1"	"""christmas trees?"""	"""n/a"""	"""35"""	"""f"""	"4"	"0"	"1"	"2"	"0"	"""3"""	"-1"
"What is he talking about? (1-2 mins)"	"Short and fun! A 1-2 minute word game about what someone is talking about."	"experiment, psychology, game"	"$0.20"	"Thu Jan 22 12:54:51 PST 2015"	"200"	"0"	"0"	"200"	"Reviewable"	"NotReviewed"	"1 scales"	"600"	"60000"	"Thu Jan 29 12:54:51 PST 2015"	"S74202"	"Approved"	""	"""pizza"""	"""mushrooms"""	"""middle"""	"0"	"-1"	"0"	"1"	"1"	"0"	"4"	"""2"""	"""1"""	"-1"	"""TRUE"""	"""foil"""	"""FALSE"""	"-1"	"-1"	"-1"	"-1"	"-1"	"-1"	"""Bob and how much he likes Pizzas?"""	"""I'm not sure I get it. If he ate those pizzas already, why should there be a \""What pizza will he eat next?\"""""	"""57"""	"""f"""	"4"	"0"	"2"	"1"	"0"	"""3"""	"-1"
"What is he talking about? (1-2 mins)"	"Short and fun! A 1-2 minute word game about what someone is talking about."	"experiment, psychology, game"	"$0.20"	"Thu Jan 22 12:54:51 PST 2015"	"200"	"0"	"0"	"200"	"Reviewable"	"NotReviewed"	"1 scales"	"600"	"60000"	"Thu Jan 29 12:54:51 PST 2015"	"S03490"	"Approved"	""	"""boat"""	"""motor"""	"""middle"""	"0"	"-1"	"0"	"1"	"1"	"0"	"4"	"""2"""	"""1"""	"-1"	"""TRUE"""	"""logical"""	"""FALSE"""	"-1"	"-1"	"-1"	"-1"	"-1"	"-1"	"""Bob and boats"""	"""nah"""	"""52"""	"""f"""	"4"	"0"	"1"	"0"	"2"	"""3"""	"-1"
"What is he talking about? (1-2 mins)"	"Short and fun! A 1-2 minute word game about what someone is talking about."	"experiment, psychology, game"	"$0.20"	"Thu Jan 22 12:54:51 PST 2015"	"200"	"0"	"0"	"200"	"Reviewable"	"NotReviewed"	"1 scales"	"600"	"60000"	"Thu Jan 29 12:54:51 PST 2015"	"S88735"	"Approved"	""	"""snowman"""	"""scarf"""	"""right"""	"0"	"-1"	"0"	"1"	"1"	"0"	"4"	"""2"""	"""1"""	"-1"	"""TRUE"""	"""foil"""	"""FALSE"""	"-1"	"-1"	"-1"	"-1"	"-1"	"-1"	"""bob building snowmen """	""""""	""""""	"""m"""	"4"	"0"	"0"	"2"	"1"	"""3"""	"-1"
"What is he talking about? (1-2 mins)"	"Short and fun! A 1-2 minute word game about what someone is talking about."	"experiment, psychology, game"	"$0.20"	"Thu Jan 22 12:54:51 PST 2015"	"200"	"0"	"0"	"200"	"Reviewable"	"NotReviewed"	"1 scales"	"600"	"60000"	"Thu Jan 29 12:54:51 PST 2015"	"S09519"	"Approved"	""	"""Christmas tree"""	"""ornaments"""	"""middle"""	"0"	"-1"	"0"	"1"	"1"	"0"	"3"	"""2"""	"""1"""	"-1"	"""TRUE"""	"""target"""	"""TRUE"""	"-1"	"-1"	"-1"	"-1"	"-1"	"-1"	"""To guess what tree bob will trim next"""	""""""	"""24"""	"""f"""	"4"	"0"	"0"	"2"	"1"	"""3"""	"-1"
"What is he talking about? (1-2 mins)"	"Short and fun! A 1-2 minute word game about what someone is talking about."	"experiment, psychology, game"	"$0.20"	"Thu Jan 22 12:54:51 PST 2015"	"200"	"0"	"0"	"200"	"Reviewable"	"NotReviewed"	"1 scales"	"600"	"60000"	"Thu Jan 29 12:54:51 PST 2015"	"S02956"	"Approved"	""	"""friend"""	"""hat"""	"""left"""	"0"	"-1"	"0"	"1"	"1"	"0"	"3"	"""2"""	"""1"""	"-1"	"""TRUE"""	"""logical"""	"""FALSE"""	"-1"	"-1"	"-1"	"-1"	"-1"	"-1"	"""educated guesses?"""	"""a little confusing"""	"""30"""	"""m"""	"4"	"0"	"1"	"0"	"2"	"""3"""	"-1"
