"title"	"description"	"keywords"	"reward"	"creationtime"	"assignments"	"numavailable"	"numpending"	"numcomplete"	"hitstatus"	"reviewstatus"	"annotation"	"assignmentduration"	"autoapprovaldelay"	"hitlifetime"	"workerid"	"assignmentstatus"	"deadline"	"Answer.item"	"Answer.target_property"	"Answer.target_frequency"	"Answer.target_position"	"Answer.familiarization_cond"	"Answer.participant_response_type_condition"	"Answer.participant_feature_count_condition"	"Answer.linguistic_framing_condition"	"Answer.target_filler_sequence_condition"	"Answer.question_type_condition"	"Answer.manip_check_target"	"Answer.manip_check_dist"	"Answer.name_check_correct"	"Answer.choice"	"Answer.choice_correct"	"Answer.money_allocated_to_foil"	"Answer.money_allocated_to_target"	"Answer.money_allocated_to_logical"	"Answer.Likert_value_foil"	"Answer.Likert_value_target"	"Answer.Likert_value_logical"	"Answer.about"	"Answer.comment"	"Answer.age"	"Answer.gender"	"Answer.scale_and_levels_condition"	"Answer.familiarization_present_in_study"
"What is he talking about? (1-2 mins)"	"Short and fun! A 1-2 minute word game about what someone is talking about."	"experiment, psychology, game"	"$0.20"	"Fri Jan 24 16:02:24 PST 2014"	"200"	"0"	"0"	"200"	"Reviewable"	"NotReviewed"	"1 scales"	"600"	"60000"	"Fri Jan 31 16:02:24 PST 2014"	"S60342"	"Approved"	""	"""snowman"""	"""mittens"""	"0"	"""middle"""	"-1"	"0"	"1"	"1"	"0"	"0"	"""2"""	"""1"""	"""TRUE"""	"""logical"""	"""FALSE"""	"-1"	"-1"	"-1"	"-1"	"-1"	"-1"	"""snowmen"""	""""""	"""27"""	"""m"""	"4"	"0"
"What is he talking about? (1-2 mins)"	"Short and fun! A 1-2 minute word game about what someone is talking about."	"experiment, psychology, game"	"$0.20"	"Fri Jan 24 16:02:24 PST 2014"	"200"	"0"	"0"	"200"	"Reviewable"	"NotReviewed"	"1 scales"	"600"	"60000"	"Fri Jan 31 16:02:24 PST 2014"	"S94557"	"Approved"	""	"""friend"""	"""mustache"""	"0"	"""left"""	"-1"	"0"	"1"	"1"	"0"	"0"	"""2"""	"""2"""	"""TRUE"""	"""target"""	"""TRUE"""	"-1"	"-1"	"-1"	"-1"	"-1"	"-1"	"""Figuring out people's answers with limited information."""	"""Thanks!"""	"""39"""	"""M"""	"3"	"0"
"What is he talking about? (1-2 mins)"	"Short and fun! A 1-2 minute word game about what someone is talking about."	"experiment, psychology, game"	"$0.20"	"Fri Jan 24 16:02:24 PST 2014"	"200"	"0"	"0"	"200"	"Reviewable"	"NotReviewed"	"1 scales"	"600"	"60000"	"Fri Jan 31 16:02:24 PST 2014"	"S44593"	"Approved"	""	"""Christmas tree"""	"""ornaments"""	"0"	"""middle"""	"-1"	"0"	"1"	"1"	"0"	"0"	"""2"""	"""2"""	"""TRUE"""	"""target"""	"""TRUE"""	"-1"	"-1"	"-1"	"-1"	"-1"	"-1"	"""ornaments"""	""""""	"""28"""	"""m"""	"3"	"0"
"What is he talking about? (1-2 mins)"	"Short and fun! A 1-2 minute word game about what someone is talking about."	"experiment, psychology, game"	"$0.20"	"Fri Jan 24 16:02:24 PST 2014"	"200"	"0"	"0"	"200"	"Reviewable"	"NotReviewed"	"1 scales"	"600"	"60000"	"Fri Jan 31 16:02:24 PST 2014"	"S87281"	"Approved"	""	"""snowman"""	"""mittens"""	"0"	"""middle"""	"-1"	"0"	"1"	"1"	"0"	"0"	"""2"""	"""1"""	"""TRUE"""	"""target"""	"""TRUE"""	"-1"	"-1"	"-1"	"-1"	"-1"	"-1"	"""People's interpretation of descriptions"""	"""N/A"""	"""28"""	"""m"""	"4"	"0"
"What is he talking about? (1-2 mins)"	"Short and fun! A 1-2 minute word game about what someone is talking about."	"experiment, psychology, game"	"$0.20"	"Fri Jan 24 16:02:24 PST 2014"	"200"	"0"	"0"	"200"	"Reviewable"	"NotReviewed"	"1 scales"	"600"	"60000"	"Fri Jan 31 16:02:24 PST 2014"	"S54643"	"Approved"	""	"""snowman"""	"""mittens"""	"0"	"""right"""	"-1"	"0"	"1"	"1"	"0"	"0"	"""1"""	"""2"""	"""TRUE"""	"""target"""	"""TRUE"""	"-1"	"-1"	"-1"	"-1"	"-1"	"-1"	"""Choices given one word."""	""""""	"""25"""	"""m"""	"2"	"0"
"What is he talking about? (1-2 mins)"	"Short and fun! A 1-2 minute word game about what someone is talking about."	"experiment, psychology, game"	"$0.20"	"Fri Jan 24 16:02:24 PST 2014"	"200"	"0"	"0"	"200"	"Reviewable"	"NotReviewed"	"1 scales"	"600"	"60000"	"Fri Jan 31 16:02:24 PST 2014"	"S42446"	"Approved"	""	"""snowman"""	"""scarf"""	"0"	"""right"""	"-1"	"0"	"1"	"1"	"0"	"0"	"""2"""	"""1"""	"""TRUE"""	"""logical"""	"""FALSE"""	"-1"	"-1"	"-1"	"-1"	"-1"	"-1"	"""snowmen"""	"""no"""	"""30"""	"""m"""	"4"	"0"
"What is he talking about? (1-2 mins)"	"Short and fun! A 1-2 minute word game about what someone is talking about."	"experiment, psychology, game"	"$0.20"	"Fri Jan 24 16:02:24 PST 2014"	"200"	"0"	"0"	"200"	"Reviewable"	"NotReviewed"	"1 scales"	"600"	"60000"	"Fri Jan 31 16:02:24 PST 2014"	"S95130"	"Approved"	""	"""snowman"""	"""mittens"""	"0"	"""left"""	"-1"	"0"	"1"	"1"	"0"	"0"	"""1"""	"""2"""	"""TRUE"""	"""target"""	"""TRUE"""	"-1"	"-1"	"-1"	"-1"	"-1"	"-1"	"""Snowmen"""	""""""	"""18"""	"""m"""	"2"	"0"
"What is he talking about? (1-2 mins)"	"Short and fun! A 1-2 minute word game about what someone is talking about."	"experiment, psychology, game"	"$0.20"	"Fri Jan 24 16:02:24 PST 2014"	"200"	"0"	"0"	"200"	"Reviewable"	"NotReviewed"	"1 scales"	"600"	"60000"	"Fri Jan 31 16:02:24 PST 2014"	"S67434"	"Approved"	""	"""boat"""	"""sail"""	"0"	"""left"""	"-1"	"0"	"1"	"1"	"0"	"0"	"""1"""	"""2"""	"""TRUE"""	"""target"""	"""TRUE"""	"-1"	"-1"	"-1"	"-1"	"-1"	"-1"	"""Bobs boats"""	""""""	"""23"""	"""m"""	"2"	"0"
"What is he talking about? (1-2 mins)"	"Short and fun! A 1-2 minute word game about what someone is talking about."	"experiment, psychology, game"	"$0.20"	"Fri Jan 24 16:02:24 PST 2014"	"200"	"0"	"0"	"200"	"Reviewable"	"NotReviewed"	"1 scales"	"600"	"60000"	"Fri Jan 31 16:02:24 PST 2014"	"S34614"	"Approved"	""	"""Christmas tree"""	"""star"""	"0"	"""right"""	"-1"	"0"	"1"	"1"	"0"	"0"	"""2"""	"""1"""	"""TRUE"""	"""target"""	"""TRUE"""	"-1"	"-1"	"-1"	"-1"	"-1"	"-1"	"""Bob likes to put trim on christmas trees that he buys every year."""	""""""	"""45"""	"""m"""	"3"	"0"
"What is he talking about? (1-2 mins)"	"Short and fun! A 1-2 minute word game about what someone is talking about."	"experiment, psychology, game"	"$0.20"	"Fri Jan 24 16:02:24 PST 2014"	"200"	"0"	"0"	"200"	"Reviewable"	"NotReviewed"	"1 scales"	"600"	"60000"	"Fri Jan 31 16:02:24 PST 2014"	"S35203"	"Approved"	""	"""pizza"""	"""mushrooms"""	"0"	"""right"""	"-1"	"0"	"1"	"1"	"0"	"0"	"""2"""	"""1"""	"""TRUE"""	"""logical"""	"""FALSE"""	"-1"	"-1"	"-1"	"-1"	"-1"	"-1"	"""Biases"""	"""No"""	"""26"""	"""m"""	"4"	"0"
"What is he talking about? (1-2 mins)"	"Short and fun! A 1-2 minute word game about what someone is talking about."	"experiment, psychology, game"	"$0.20"	"Fri Jan 24 16:02:24 PST 2014"	"200"	"0"	"0"	"200"	"Reviewable"	"NotReviewed"	"1 scales"	"600"	"60000"	"Fri Jan 31 16:02:24 PST 2014"	"S47749"	"Approved"	""	"""sundae"""	"""chocolate"""	"0"	"""middle"""	"-1"	"0"	"1"	"1"	"0"	"0"	"""2"""	"""1"""	"""TRUE"""	"""target"""	"""TRUE"""	"-1"	"-1"	"-1"	"-1"	"-1"	"-1"	"""ice cream choices for bob"""	"""thank you"""	"""20"""	"""f"""	"4"	"0"
"What is he talking about? (1-2 mins)"	"Short and fun! A 1-2 minute word game about what someone is talking about."	"experiment, psychology, game"	"$0.20"	"Fri Jan 24 16:02:24 PST 2014"	"200"	"0"	"0"	"200"	"Reviewable"	"NotReviewed"	"1 scales"	"600"	"60000"	"Fri Jan 31 16:02:24 PST 2014"	"S03977"	"Approved"	""	"""Christmas tree"""	"""star"""	"0"	"""middle"""	"-1"	"0"	"1"	"1"	"0"	"0"	"""1"""	"""2"""	"""TRUE"""	"""target"""	"""TRUE"""	"-1"	"-1"	"-1"	"-1"	"-1"	"-1"	"""I'm guessing it's a study on how we communicate. There were 3 trees and we had to guess which one was being talked about."""	""""""	"""32"""	"""m"""	"2"	"0"
"What is he talking about? (1-2 mins)"	"Short and fun! A 1-2 minute word game about what someone is talking about."	"experiment, psychology, game"	"$0.20"	"Fri Jan 24 16:02:24 PST 2014"	"200"	"0"	"0"	"200"	"Reviewable"	"NotReviewed"	"1 scales"	"600"	"60000"	"Fri Jan 31 16:02:24 PST 2014"	"S22343"	"Approved"	""	"""sundae"""	"""chocolate"""	"0"	"""right"""	"-1"	"0"	"1"	"1"	"0"	"0"	"""2"""	"""2"""	"""TRUE"""	"""target"""	"""TRUE"""	"-1"	"-1"	"-1"	"-1"	"-1"	"-1"	"""logical decisions"""	"""Have a nice weekend."""	"""25"""	"""m"""	"3"	"0"
"What is he talking about? (1-2 mins)"	"Short and fun! A 1-2 minute word game about what someone is talking about."	"experiment, psychology, game"	"$0.20"	"Fri Jan 24 16:02:24 PST 2014"	"200"	"0"	"0"	"200"	"Reviewable"	"NotReviewed"	"1 scales"	"600"	"60000"	"Fri Jan 31 16:02:24 PST 2014"	"S16325"	"Approved"	""	"""pizza"""	"""olives"""	"0"	"""right"""	"-1"	"0"	"1"	"1"	"0"	"0"	"""2"""	"""2"""	"""TRUE"""	"""logical"""	"""FALSE"""	"-1"	"-1"	"-1"	"-1"	"-1"	"-1"	"""Cognition"""	"""Nope"""	"""23"""	"""m"""	"3"	"0"
"What is he talking about? (1-2 mins)"	"Short and fun! A 1-2 minute word game about what someone is talking about."	"experiment, psychology, game"	"$0.20"	"Fri Jan 24 16:02:24 PST 2014"	"200"	"0"	"0"	"200"	"Reviewable"	"NotReviewed"	"1 scales"	"600"	"60000"	"Fri Jan 31 16:02:24 PST 2014"	"S94519"	"Approved"	""	"""Christmas tree"""	"""lights"""	"0"	"""left"""	"-1"	"0"	"1"	"1"	"0"	"0"	"""2"""	"""2"""	"""TRUE"""	"""target"""	"""TRUE"""	"-1"	"-1"	"-1"	"-1"	"-1"	"-1"	"""What type of Christmas tree I thought Bob would want from one word."""	"""Fun HIT!"""	"""25"""	"""m"""	"3"	"0"
"What is he talking about? (1-2 mins)"	"Short and fun! A 1-2 minute word game about what someone is talking about."	"experiment, psychology, game"	"$0.20"	"Fri Jan 24 16:02:24 PST 2014"	"200"	"0"	"0"	"200"	"Reviewable"	"NotReviewed"	"1 scales"	"600"	"60000"	"Fri Jan 31 16:02:24 PST 2014"	"S05693"	"Approved"	""	"""sundae"""	"""cherry"""	"0"	"""middle"""	"-1"	"0"	"1"	"1"	"0"	"0"	"""1"""	"""2"""	"""TRUE"""	"""target"""	"""TRUE"""	"-1"	"-1"	"-1"	"-1"	"-1"	"-1"	"""Bob preference for sundaes"""	""""""	"""28"""	"""m"""	"2"	"0"
"What is he talking about? (1-2 mins)"	"Short and fun! A 1-2 minute word game about what someone is talking about."	"experiment, psychology, game"	"$0.20"	"Fri Jan 24 16:02:24 PST 2014"	"200"	"0"	"0"	"200"	"Reviewable"	"NotReviewed"	"1 scales"	"600"	"60000"	"Fri Jan 31 16:02:24 PST 2014"	"S28025"	"Approved"	""	"""Christmas tree"""	"""ornaments"""	"0"	"""right"""	"-1"	"0"	"1"	"1"	"0"	"0"	"""2"""	"""1"""	"""TRUE"""	"""target"""	"""TRUE"""	"-1"	"-1"	"-1"	"-1"	"-1"	"-1"	"""Christmas trees"""	""""""	"""24"""	"""m"""	"4"	"0"
"What is he talking about? (1-2 mins)"	"Short and fun! A 1-2 minute word game about what someone is talking about."	"experiment, psychology, game"	"$0.20"	"Fri Jan 24 16:02:24 PST 2014"	"200"	"0"	"0"	"200"	"Reviewable"	"NotReviewed"	"1 scales"	"600"	"60000"	"Fri Jan 31 16:02:24 PST 2014"	"S33588"	"Approved"	""	"""Christmas tree"""	"""lights"""	"0"	"""right"""	"-1"	"0"	"1"	"1"	"0"	"0"	"""1"""	"""2"""	"""TRUE"""	"""target"""	"""TRUE"""	"-1"	"-1"	"-1"	"-1"	"-1"	"-1"	"""Interpret the meaning of a person's words"""	""""""	"""48"""	"""f"""	"3"	"0"
"What is he talking about? (1-2 mins)"	"Short and fun! A 1-2 minute word game about what someone is talking about."	"experiment, psychology, game"	"$0.20"	"Fri Jan 24 16:02:24 PST 2014"	"200"	"0"	"0"	"200"	"Reviewable"	"NotReviewed"	"1 scales"	"600"	"60000"	"Fri Jan 31 16:02:24 PST 2014"	"S81049"	"Approved"	""	"""pizza"""	"""olives"""	"0"	"""middle"""	"-1"	"0"	"1"	"1"	"0"	"0"	"""2"""	"""1"""	"""TRUE"""	"""target"""	"""TRUE"""	"-1"	"-1"	"-1"	"-1"	"-1"	"-1"	"""Pizza"""	""""""	"""19"""	"""M"""	"4"	"0"
"What is he talking about? (1-2 mins)"	"Short and fun! A 1-2 minute word game about what someone is talking about."	"experiment, psychology, game"	"$0.20"	"Fri Jan 24 16:02:24 PST 2014"	"200"	"0"	"0"	"200"	"Reviewable"	"NotReviewed"	"1 scales"	"600"	"60000"	"Fri Jan 31 16:02:24 PST 2014"	"S35871"	"Approved"	""	"""pizza"""	"""mushrooms"""	"0"	"""right"""	"-1"	"0"	"1"	"1"	"0"	"0"	"""2"""	"""2"""	"""TRUE"""	"""target"""	"""TRUE"""	"-1"	"-1"	"-1"	"-1"	"-1"	"-1"	"""mushrooms on pizza"""	""""""	"""22"""	"""m"""	"3"	"0"
"What is he talking about? (1-2 mins)"	"Short and fun! A 1-2 minute word game about what someone is talking about."	"experiment, psychology, game"	"$0.20"	"Fri Jan 24 16:02:24 PST 2014"	"200"	"0"	"0"	"200"	"Reviewable"	"NotReviewed"	"1 scales"	"600"	"60000"	"Fri Jan 31 16:02:24 PST 2014"	"S97465"	"Approved"	""	"""snowman"""	"""mittens"""	"0"	"""middle"""	"-1"	"0"	"1"	"1"	"0"	"0"	"""2"""	"""1"""	"""TRUE"""	"""foil"""	"""FALSE"""	"-1"	"-1"	"-1"	"-1"	"-1"	"-1"	"""Snowmen"""	"""Mittens! """	"""30"""	"""Male"""	"4"	"0"
"What is he talking about? (1-2 mins)"	"Short and fun! A 1-2 minute word game about what someone is talking about."	"experiment, psychology, game"	"$0.20"	"Fri Jan 24 16:02:24 PST 2014"	"200"	"0"	"0"	"200"	"Reviewable"	"NotReviewed"	"1 scales"	"600"	"60000"	"Fri Jan 31 16:02:24 PST 2014"	"S41798"	"Approved"	""	"""sundae"""	"""chocolate"""	"0"	"""right"""	"-1"	"0"	"1"	"1"	"0"	"0"	"""1"""	"""2"""	"""TRUE"""	"""target"""	"""TRUE"""	"-1"	"-1"	"-1"	"-1"	"-1"	"-1"	"""picking a sundae for Bob, who conveys to us chocolate"""	"""no"""	"""29"""	"""f"""	"2"	"0"
"What is he talking about? (1-2 mins)"	"Short and fun! A 1-2 minute word game about what someone is talking about."	"experiment, psychology, game"	"$0.20"	"Fri Jan 24 16:02:24 PST 2014"	"200"	"0"	"0"	"200"	"Reviewable"	"NotReviewed"	"1 scales"	"600"	"60000"	"Fri Jan 31 16:02:24 PST 2014"	"S42497"	"Approved"	""	"""boat"""	"""motor"""	"0"	"""left"""	"-1"	"0"	"1"	"1"	"0"	"0"	"""2"""	"""3"""	"""TRUE"""	"""logical"""	"""FALSE"""	"-1"	"-1"	"-1"	"-1"	"-1"	"-1"	"""Visual communication"""	"""No"""	"""23"""	"""m"""	"4"	"0"
"What is he talking about? (1-2 mins)"	"Short and fun! A 1-2 minute word game about what someone is talking about."	"experiment, psychology, game"	"$0.20"	"Fri Jan 24 16:02:24 PST 2014"	"200"	"0"	"0"	"200"	"Reviewable"	"NotReviewed"	"1 scales"	"600"	"60000"	"Fri Jan 31 16:02:24 PST 2014"	"S47264"	"Approved"	""	"""boat"""	"""sail"""	"0"	"""middle"""	"-1"	"0"	"1"	"1"	"0"	"0"	"""2"""	"""1"""	"""TRUE"""	"""target"""	"""TRUE"""	"-1"	"-1"	"-1"	"-1"	"-1"	"-1"	"""bob rents sail boat every weekend"""	"""good one"""	"""25"""	"""male"""	"4"	"0"
"What is he talking about? (1-2 mins)"	"Short and fun! A 1-2 minute word game about what someone is talking about."	"experiment, psychology, game"	"$0.20"	"Fri Jan 24 16:02:24 PST 2014"	"200"	"0"	"0"	"200"	"Reviewable"	"NotReviewed"	"1 scales"	"600"	"60000"	"Fri Jan 31 16:02:24 PST 2014"	"S46503"	"Approved"	""	"""pizza"""	"""peppers"""	"0"	"""right"""	"-1"	"0"	"1"	"1"	"0"	"0"	"""1"""	"""2"""	"""TRUE"""	"""target"""	"""TRUE"""	"-1"	"-1"	"-1"	"-1"	"-1"	"-1"	"""Bob liking pizza and telling me which one he wanted."""	""""""	"""29"""	"""m"""	"2"	"0"
"What is he talking about? (1-2 mins)"	"Short and fun! A 1-2 minute word game about what someone is talking about."	"experiment, psychology, game"	"$0.20"	"Fri Jan 24 16:02:24 PST 2014"	"200"	"0"	"0"	"200"	"Reviewable"	"NotReviewed"	"1 scales"	"600"	"60000"	"Fri Jan 31 16:02:24 PST 2014"	"S76090"	"Approved"	""	"""friend"""	"""mustache"""	"0"	"""left"""	"-1"	"0"	"1"	"1"	"0"	"0"	"""2"""	"""1"""	"""FALSE"""	"""target"""	"""TRUE"""	"-1"	"-1"	"-1"	"-1"	"-1"	"-1"	"""Choosing a person with a moustache"""	"""I could not remember the name."""	"""23"""	"""f"""	"3"	"0"
"What is he talking about? (1-2 mins)"	"Short and fun! A 1-2 minute word game about what someone is talking about."	"experiment, psychology, game"	"$0.20"	"Fri Jan 24 16:02:24 PST 2014"	"200"	"0"	"0"	"200"	"Reviewable"	"NotReviewed"	"1 scales"	"600"	"60000"	"Fri Jan 31 16:02:24 PST 2014"	"S15158"	"Approved"	""	"""snowman"""	"""scarf"""	"0"	"""right"""	"-1"	"0"	"1"	"1"	"0"	"0"	"""1"""	"""2"""	"""TRUE"""	"""target"""	"""TRUE"""	"-1"	"-1"	"-1"	"-1"	"-1"	"-1"	"""language"""	"""no"""	"""32"""	"""m"""	"2"	"0"
"What is he talking about? (1-2 mins)"	"Short and fun! A 1-2 minute word game about what someone is talking about."	"experiment, psychology, game"	"$0.20"	"Fri Jan 24 16:02:24 PST 2014"	"200"	"0"	"0"	"200"	"Reviewable"	"NotReviewed"	"1 scales"	"600"	"60000"	"Fri Jan 31 16:02:24 PST 2014"	"S71330"	"Approved"	""	"""Christmas tree"""	"""lights"""	"0"	"""right"""	"-1"	"0"	"1"	"1"	"0"	"0"	"""2"""	"""3"""	"""TRUE"""	"""logical"""	"""FALSE"""	"-1"	"-1"	"-1"	"-1"	"-1"	"-1"	"""understanding and language"""	"""no"""	"""21"""	"""m"""	"4"	"0"
"What is he talking about? (1-2 mins)"	"Short and fun! A 1-2 minute word game about what someone is talking about."	"experiment, psychology, game"	"$0.20"	"Fri Jan 24 16:02:24 PST 2014"	"200"	"0"	"0"	"200"	"Reviewable"	"NotReviewed"	"1 scales"	"600"	"60000"	"Fri Jan 31 16:02:24 PST 2014"	"S68263"	"Approved"	""	"""sundae"""	"""whipped cream"""	"0"	"""left"""	"-1"	"0"	"1"	"1"	"0"	"0"	"""2"""	"""1"""	"""TRUE"""	"""logical"""	"""FALSE"""	"-1"	"-1"	"-1"	"-1"	"-1"	"-1"	"""Bob eating ice cream"""	""""""	"""19"""	"""m"""	"4"	"0"
"What is he talking about? (1-2 mins)"	"Short and fun! A 1-2 minute word game about what someone is talking about."	"experiment, psychology, game"	"$0.20"	"Fri Jan 24 16:02:24 PST 2014"	"200"	"0"	"0"	"200"	"Reviewable"	"NotReviewed"	"1 scales"	"600"	"60000"	"Fri Jan 31 16:02:24 PST 2014"	"S21819"	"Approved"	""	"""sundae"""	"""cherry"""	"0"	"""middle"""	"-1"	"0"	"1"	"1"	"0"	"0"	"""2"""	"""1"""	"""TRUE"""	"""target"""	"""TRUE"""	"-1"	"-1"	"-1"	"-1"	"-1"	"-1"	"""communication"""	"""no"""	"""45"""	"""m"""	"4"	"0"
"What is he talking about? (1-2 mins)"	"Short and fun! A 1-2 minute word game about what someone is talking about."	"experiment, psychology, game"	"$0.20"	"Fri Jan 24 16:02:24 PST 2014"	"200"	"0"	"0"	"200"	"Reviewable"	"NotReviewed"	"1 scales"	"600"	"60000"	"Fri Jan 31 16:02:24 PST 2014"	"S59013"	"Approved"	""	"""snowman"""	"""mittens"""	"0"	"""left"""	"-1"	"0"	"1"	"1"	"0"	"0"	"""1"""	"""2"""	"""FALSE"""	"""target"""	"""TRUE"""	"-1"	"-1"	"-1"	"-1"	"-1"	"-1"	"""Memory"""	""""""	"""21"""	"""M"""	"2"	"0"
"What is he talking about? (1-2 mins)"	"Short and fun! A 1-2 minute word game about what someone is talking about."	"experiment, psychology, game"	"$0.20"	"Fri Jan 24 16:02:24 PST 2014"	"200"	"0"	"0"	"200"	"Reviewable"	"NotReviewed"	"1 scales"	"600"	"60000"	"Fri Jan 31 16:02:24 PST 2014"	"S72694"	"Approved"	""	"""pizza"""	"""olives"""	"0"	"""left"""	"-1"	"0"	"1"	"1"	"0"	"0"	"""2"""	"""1"""	"""TRUE"""	"""logical"""	"""FALSE"""	"-1"	"-1"	"-1"	"-1"	"-1"	"-1"	"""bob and pizza"""	"""no"""	"""23"""	"""m"""	"4"	"0"
"What is he talking about? (1-2 mins)"	"Short and fun! A 1-2 minute word game about what someone is talking about."	"experiment, psychology, game"	"$0.20"	"Fri Jan 24 16:02:24 PST 2014"	"200"	"0"	"0"	"200"	"Reviewable"	"NotReviewed"	"1 scales"	"600"	"60000"	"Fri Jan 31 16:02:24 PST 2014"	"S13257"	"Approved"	""	"""boat"""	"""sail"""	"0"	"""middle"""	"-1"	"0"	"1"	"1"	"0"	"0"	"""2"""	"""2"""	"""TRUE"""	"""target"""	"""TRUE"""	"-1"	"-1"	"-1"	"-1"	"-1"	"-1"	"""Sails and Boats and Sailboats, also a cognition study for Standford"""	"""Hi!!"""	"""21"""	"""f"""	"3"	"0"
"What is he talking about? (1-2 mins)"	"Short and fun! A 1-2 minute word game about what someone is talking about."	"experiment, psychology, game"	"$0.20"	"Fri Jan 24 16:02:24 PST 2014"	"200"	"0"	"0"	"200"	"Reviewable"	"NotReviewed"	"1 scales"	"600"	"60000"	"Fri Jan 31 16:02:24 PST 2014"	"S94110"	"Approved"	""	"""snowman"""	"""mittens"""	"0"	"""middle"""	"-1"	"0"	"1"	"1"	"0"	"0"	"""2"""	"""2"""	"""TRUE"""	"""target"""	"""TRUE"""	"-1"	"-1"	"-1"	"-1"	"-1"	"-1"	"""snowmen"""	"""great hit"""	"""51"""	"""f"""	"3"	"0"
"What is he talking about? (1-2 mins)"	"Short and fun! A 1-2 minute word game about what someone is talking about."	"experiment, psychology, game"	"$0.20"	"Fri Jan 24 16:02:24 PST 2014"	"200"	"0"	"0"	"200"	"Reviewable"	"NotReviewed"	"1 scales"	"600"	"60000"	"Fri Jan 31 16:02:24 PST 2014"	"S71063"	"Approved"	""	"""boat"""	"""motor"""	"0"	"""middle"""	"-1"	"0"	"1"	"1"	"0"	"0"	"""2"""	"""2"""	"""TRUE"""	"""target"""	"""TRUE"""	"-1"	"-1"	"-1"	"-1"	"-1"	"-1"	"""words"""	"""no"""	""""""	"""m"""	"3"	"0"
"What is he talking about? (1-2 mins)"	"Short and fun! A 1-2 minute word game about what someone is talking about."	"experiment, psychology, game"	"$0.20"	"Fri Jan 24 16:02:24 PST 2014"	"200"	"0"	"0"	"200"	"Reviewable"	"NotReviewed"	"1 scales"	"600"	"60000"	"Fri Jan 31 16:02:24 PST 2014"	"S91831"	"Approved"	""	"""Christmas tree"""	"""lights"""	"0"	"""left"""	"-1"	"0"	"1"	"1"	"0"	"0"	"""2"""	"""2"""	"""TRUE"""	"""logical"""	"""FALSE"""	"-1"	"-1"	"-1"	"-1"	"-1"	"-1"	"""decisions regarding christmas tree's"""	"""none"""	"""34"""	"""m"""	"3"	"0"
"What is he talking about? (1-2 mins)"	"Short and fun! A 1-2 minute word game about what someone is talking about."	"experiment, psychology, game"	"$0.20"	"Fri Jan 24 16:02:24 PST 2014"	"200"	"0"	"0"	"200"	"Reviewable"	"NotReviewed"	"1 scales"	"600"	"60000"	"Fri Jan 31 16:02:24 PST 2014"	"S45828"	"Approved"	""	"""sundae"""	"""chocolate"""	"0"	"""left"""	"-1"	"0"	"1"	"1"	"0"	"0"	"""2"""	"""1"""	"""TRUE"""	"""target"""	"""TRUE"""	"-1"	"-1"	"-1"	"-1"	"-1"	"-1"	"""I do not know."""	""""""	"""27"""	"""m"""	"4"	"0"
"What is he talking about? (1-2 mins)"	"Short and fun! A 1-2 minute word game about what someone is talking about."	"experiment, psychology, game"	"$0.20"	"Fri Jan 24 16:02:24 PST 2014"	"200"	"0"	"0"	"200"	"Reviewable"	"NotReviewed"	"1 scales"	"600"	"60000"	"Fri Jan 31 16:02:24 PST 2014"	"S38684"	"Approved"	""	"""Christmas tree"""	"""star"""	"0"	"""left"""	"-1"	"0"	"1"	"1"	"0"	"0"	"""2"""	"""1"""	"""TRUE"""	"""foil"""	"""FALSE"""	"-1"	"-1"	"-1"	"-1"	"-1"	"-1"	"""Communication, Christmas Trees, Star"""	""""""	"""28"""	"""F"""	"4"	"0"
"What is he talking about? (1-2 mins)"	"Short and fun! A 1-2 minute word game about what someone is talking about."	"experiment, psychology, game"	"$0.20"	"Fri Jan 24 16:02:24 PST 2014"	"200"	"0"	"0"	"200"	"Reviewable"	"NotReviewed"	"1 scales"	"600"	"60000"	"Fri Jan 31 16:02:24 PST 2014"	"S71719"	"Approved"	""	"""pizza"""	"""mushrooms"""	"0"	"""right"""	"-1"	"0"	"1"	"1"	"0"	"0"	"""2"""	"""2"""	"""TRUE"""	"""target"""	"""TRUE"""	"-1"	"-1"	"-1"	"-1"	"-1"	"-1"	"""pizza"""	""""""	"""35"""	"""m"""	"3"	"0"
"What is he talking about? (1-2 mins)"	"Short and fun! A 1-2 minute word game about what someone is talking about."	"experiment, psychology, game"	"$0.20"	"Fri Jan 24 16:02:24 PST 2014"	"200"	"0"	"0"	"200"	"Reviewable"	"NotReviewed"	"1 scales"	"600"	"60000"	"Fri Jan 31 16:02:24 PST 2014"	"S43863"	"Approved"	""	"""friend"""	"""hat"""	"0"	"""right"""	"-1"	"0"	"1"	"1"	"0"	"0"	"""2"""	"""1"""	"""TRUE"""	"""logical"""	"""FALSE"""	"-1"	"-1"	"-1"	"-1"	"-1"	"-1"	"""Bob"""	""""""	"""26"""	"""m"""	"4"	"0"
"What is he talking about? (1-2 mins)"	"Short and fun! A 1-2 minute word game about what someone is talking about."	"experiment, psychology, game"	"$0.20"	"Fri Jan 24 16:02:24 PST 2014"	"200"	"0"	"0"	"200"	"Reviewable"	"NotReviewed"	"1 scales"	"600"	"60000"	"Fri Jan 31 16:02:24 PST 2014"	"S00250"	"Approved"	""	"""friend"""	"""glasses"""	"0"	"""right"""	"-1"	"0"	"1"	"1"	"0"	"0"	"""2"""	"""1"""	"""TRUE"""	"""target"""	"""TRUE"""	"-1"	"-1"	"-1"	"-1"	"-1"	"-1"	"""Some jerk off that only says one word. """	"""Nope"""	"""27"""	"""m"""	"4"	"0"
"What is he talking about? (1-2 mins)"	"Short and fun! A 1-2 minute word game about what someone is talking about."	"experiment, psychology, game"	"$0.20"	"Fri Jan 24 16:02:24 PST 2014"	"200"	"0"	"0"	"200"	"Reviewable"	"NotReviewed"	"1 scales"	"600"	"60000"	"Fri Jan 31 16:02:24 PST 2014"	"S83403"	"Approved"	""	"""Christmas tree"""	"""star"""	"0"	"""left"""	"-1"	"0"	"1"	"1"	"0"	"0"	"""2"""	"""2"""	"""TRUE"""	"""target"""	"""TRUE"""	"-1"	"-1"	"-1"	"-1"	"-1"	"-1"	"""Christmas trees"""	"""Interesting survey"""	"""30"""	"""m"""	"3"	"0"
"What is he talking about? (1-2 mins)"	"Short and fun! A 1-2 minute word game about what someone is talking about."	"experiment, psychology, game"	"$0.20"	"Fri Jan 24 16:02:24 PST 2014"	"200"	"0"	"0"	"200"	"Reviewable"	"NotReviewed"	"1 scales"	"600"	"60000"	"Fri Jan 31 16:02:24 PST 2014"	"S61860"	"Approved"	""	"""sundae"""	"""chocolate"""	"0"	"""middle"""	"-1"	"0"	"1"	"1"	"0"	"0"	"""2"""	"""1"""	"""TRUE"""	"""logical"""	"""FALSE"""	"-1"	"-1"	"-1"	"-1"	"-1"	"-1"	"""n/a"""	"""n/a"""	"""23"""	"""M"""	"4"	"0"
"What is he talking about? (1-2 mins)"	"Short and fun! A 1-2 minute word game about what someone is talking about."	"experiment, psychology, game"	"$0.20"	"Fri Jan 24 16:02:24 PST 2014"	"200"	"0"	"0"	"200"	"Reviewable"	"NotReviewed"	"1 scales"	"600"	"60000"	"Fri Jan 31 16:02:24 PST 2014"	"S93994"	"Approved"	""	"""pizza"""	"""mushrooms"""	"0"	"""left"""	"-1"	"0"	"1"	"1"	"0"	"0"	"""2"""	"""2"""	"""TRUE"""	"""target"""	"""TRUE"""	"-1"	"-1"	"-1"	"-1"	"-1"	"-1"	"""What Bob meant regarding pizzas"""	""""""	"""28"""	"""m"""	"3"	"0"
"What is he talking about? (1-2 mins)"	"Short and fun! A 1-2 minute word game about what someone is talking about."	"experiment, psychology, game"	"$0.20"	"Fri Jan 24 16:02:24 PST 2014"	"200"	"0"	"0"	"200"	"Reviewable"	"NotReviewed"	"1 scales"	"600"	"60000"	"Fri Jan 31 16:02:24 PST 2014"	"S47626"	"Approved"	""	"""Christmas tree"""	"""lights"""	"0"	"""left"""	"-1"	"0"	"1"	"1"	"0"	"0"	"""2"""	"""2"""	"""TRUE"""	"""logical"""	"""FALSE"""	"-1"	"-1"	"-1"	"-1"	"-1"	"-1"	"""christmas trees"""	""""""	"""31"""	"""f"""	"3"	"0"
"What is he talking about? (1-2 mins)"	"Short and fun! A 1-2 minute word game about what someone is talking about."	"experiment, psychology, game"	"$0.20"	"Fri Jan 24 16:02:24 PST 2014"	"200"	"0"	"0"	"200"	"Reviewable"	"NotReviewed"	"1 scales"	"600"	"60000"	"Fri Jan 31 16:02:24 PST 2014"	"S57833"	"Approved"	""	"""snowman"""	"""mittens"""	"0"	"""right"""	"-1"	"0"	"1"	"1"	"0"	"0"	"""1"""	"""2"""	"""TRUE"""	"""logical"""	"""FALSE"""	"-1"	"-1"	"-1"	"-1"	"-1"	"-1"	"""guessing what someone meant by the usage of one word. i choose his use of the words mittens to mean that it is the one part he wants to add to his most completely decorate snowman"""	""""""	"""33"""	"""m"""	"2"	"0"
"What is he talking about? (1-2 mins)"	"Short and fun! A 1-2 minute word game about what someone is talking about."	"experiment, psychology, game"	"$0.20"	"Fri Jan 24 16:02:24 PST 2014"	"200"	"0"	"0"	"200"	"Reviewable"	"NotReviewed"	"1 scales"	"600"	"60000"	"Fri Jan 31 16:02:24 PST 2014"	"S31462"	"Approved"	""	"""snowman"""	"""hat"""	"0"	"""right"""	"-1"	"0"	"1"	"1"	"0"	"0"	"""2"""	"""1"""	"""TRUE"""	"""logical"""	"""FALSE"""	"-1"	"-1"	"-1"	"-1"	"-1"	"-1"	"""What is Bob Talking about when he said \""hat\"""""	""""""	"""34"""	"""m"""	"4"	"0"
"What is he talking about? (1-2 mins)"	"Short and fun! A 1-2 minute word game about what someone is talking about."	"experiment, psychology, game"	"$0.20"	"Fri Jan 24 16:02:24 PST 2014"	"200"	"0"	"0"	"200"	"Reviewable"	"NotReviewed"	"1 scales"	"600"	"60000"	"Fri Jan 31 16:02:24 PST 2014"	"S41105"	"Approved"	""	"""boat"""	"""motor"""	"0"	"""left"""	"-1"	"0"	"1"	"1"	"0"	"0"	"""1"""	"""2"""	"""TRUE"""	"""target"""	"""TRUE"""	"-1"	"-1"	"-1"	"-1"	"-1"	"-1"	"""Interpretation"""	""""""	"""24"""	"""m"""	"2"	"0"
"What is he talking about? (1-2 mins)"	"Short and fun! A 1-2 minute word game about what someone is talking about."	"experiment, psychology, game"	"$0.20"	"Fri Jan 24 16:02:24 PST 2014"	"200"	"0"	"0"	"200"	"Reviewable"	"NotReviewed"	"1 scales"	"600"	"60000"	"Fri Jan 31 16:02:24 PST 2014"	"S42976"	"Approved"	""	"""snowman"""	"""hat"""	"0"	"""left"""	"-1"	"0"	"1"	"1"	"0"	"0"	"""2"""	"""1"""	"""TRUE"""	"""target"""	"""TRUE"""	"-1"	"-1"	"-1"	"-1"	"-1"	"-1"	"""What snowman Bob was talking about."""	""""""	"""36"""	"""m"""	"4"	"0"
"What is he talking about? (1-2 mins)"	"Short and fun! A 1-2 minute word game about what someone is talking about."	"experiment, psychology, game"	"$0.20"	"Fri Jan 24 16:02:24 PST 2014"	"200"	"0"	"0"	"200"	"Reviewable"	"NotReviewed"	"1 scales"	"600"	"60000"	"Fri Jan 31 16:02:24 PST 2014"	"S98626"	"Approved"	""	"""Christmas tree"""	"""lights"""	"0"	"""right"""	"-1"	"0"	"1"	"1"	"0"	"0"	"""2"""	"""2"""	"""TRUE"""	"""target"""	"""TRUE"""	"-1"	"-1"	"-1"	"-1"	"-1"	"-1"	"""Assigning one object to a description that fits more than one of the possible objects"""	""""""	"""25"""	"""F"""	"3"	"0"
"What is he talking about? (1-2 mins)"	"Short and fun! A 1-2 minute word game about what someone is talking about."	"experiment, psychology, game"	"$0.20"	"Fri Jan 24 16:02:24 PST 2014"	"200"	"0"	"0"	"200"	"Reviewable"	"NotReviewed"	"1 scales"	"600"	"60000"	"Fri Jan 31 16:02:24 PST 2014"	"S02357"	"Approved"	""	"""pizza"""	"""mushrooms"""	"0"	"""right"""	"-1"	"0"	"1"	"1"	"0"	"0"	"""2"""	"""1"""	"""TRUE"""	"""logical"""	"""FALSE"""	"-1"	"-1"	"-1"	"-1"	"-1"	"-1"	"""bob and his pizza"""	"""strange survey"""	"""56"""	"""m"""	"4"	"0"
"What is he talking about? (1-2 mins)"	"Short and fun! A 1-2 minute word game about what someone is talking about."	"experiment, psychology, game"	"$0.20"	"Fri Jan 24 16:02:24 PST 2014"	"200"	"0"	"0"	"200"	"Reviewable"	"NotReviewed"	"1 scales"	"600"	"60000"	"Fri Jan 31 16:02:24 PST 2014"	"S56254"	"Approved"	""	"""snowman"""	"""mittens"""	"0"	"""right"""	"-1"	"0"	"1"	"1"	"0"	"0"	"""1"""	"""2"""	"""TRUE"""	"""target"""	"""TRUE"""	"-1"	"-1"	"-1"	"-1"	"-1"	"-1"	"""snowmen"""	""""""	"""43"""	"""m"""	"2"	"0"
"What is he talking about? (1-2 mins)"	"Short and fun! A 1-2 minute word game about what someone is talking about."	"experiment, psychology, game"	"$0.20"	"Fri Jan 24 16:02:24 PST 2014"	"200"	"0"	"0"	"200"	"Reviewable"	"NotReviewed"	"1 scales"	"600"	"60000"	"Fri Jan 31 16:02:24 PST 2014"	"S40320"	"Approved"	""	"""sundae"""	"""cherry"""	"0"	"""middle"""	"-1"	"0"	"1"	"1"	"0"	"0"	"""2"""	"""1"""	"""TRUE"""	"""logical"""	"""FALSE"""	"-1"	"-1"	"-1"	"-1"	"-1"	"-1"	"""seeing how people would identify a word in terms of meaning based on given objects"""	"""Nope!"""	"""26"""	"""m"""	"4"	"0"
"What is he talking about? (1-2 mins)"	"Short and fun! A 1-2 minute word game about what someone is talking about."	"experiment, psychology, game"	"$0.20"	"Fri Jan 24 16:02:24 PST 2014"	"200"	"0"	"0"	"200"	"Reviewable"	"NotReviewed"	"1 scales"	"600"	"60000"	"Fri Jan 31 16:02:24 PST 2014"	"S15633"	"Approved"	""	"""snowman"""	"""hat"""	"0"	"""left"""	"-1"	"0"	"1"	"1"	"0"	"0"	"""2"""	"""1"""	"""TRUE"""	"""target"""	"""TRUE"""	"-1"	"-1"	"-1"	"-1"	"-1"	"-1"	"""To determine how people interpret very vague descriptions."""	"""I have no additional comments."""	"""26"""	"""m"""	"4"	"0"
"What is he talking about? (1-2 mins)"	"Short and fun! A 1-2 minute word game about what someone is talking about."	"experiment, psychology, game"	"$0.20"	"Fri Jan 24 16:02:24 PST 2014"	"200"	"0"	"0"	"200"	"Reviewable"	"NotReviewed"	"1 scales"	"600"	"60000"	"Fri Jan 31 16:02:24 PST 2014"	"S02312"	"Approved"	""	"""Christmas tree"""	"""ornaments"""	"0"	"""left"""	"-1"	"0"	"1"	"1"	"0"	"0"	"""2"""	"""2"""	"""TRUE"""	"""target"""	"""TRUE"""	"-1"	"-1"	"-1"	"-1"	"-1"	"-1"	"""Christmas trees"""	"""None"""	"""21"""	"""m"""	"3"	"0"
"What is he talking about? (1-2 mins)"	"Short and fun! A 1-2 minute word game about what someone is talking about."	"experiment, psychology, game"	"$0.20"	"Fri Jan 24 16:02:24 PST 2014"	"200"	"0"	"0"	"200"	"Reviewable"	"NotReviewed"	"1 scales"	"600"	"60000"	"Fri Jan 31 16:02:24 PST 2014"	"S22837"	"Approved"	""	"""sundae"""	"""cherry"""	"0"	"""middle"""	"-1"	"0"	"1"	"1"	"0"	"0"	"""2"""	"""2"""	"""TRUE"""	"""target"""	"""TRUE"""	"-1"	"-1"	"-1"	"-1"	"-1"	"-1"	"""Bob talking about sundaes"""	"""no"""	"""31"""	"""f"""	"3"	"0"
"What is he talking about? (1-2 mins)"	"Short and fun! A 1-2 minute word game about what someone is talking about."	"experiment, psychology, game"	"$0.20"	"Fri Jan 24 16:02:24 PST 2014"	"200"	"0"	"0"	"200"	"Reviewable"	"NotReviewed"	"1 scales"	"600"	"60000"	"Fri Jan 31 16:02:24 PST 2014"	"S52361"	"Approved"	""	"""boat"""	"""motor"""	"0"	"""left"""	"-1"	"0"	"1"	"1"	"0"	"0"	"""1"""	"""2"""	"""TRUE"""	"""target"""	"""TRUE"""	"-1"	"-1"	"-1"	"-1"	"-1"	"-1"	"""perception of boats"""	""""""	"""30"""	"""m"""	"2"	"0"
"What is he talking about? (1-2 mins)"	"Short and fun! A 1-2 minute word game about what someone is talking about."	"experiment, psychology, game"	"$0.20"	"Fri Jan 24 16:02:24 PST 2014"	"200"	"0"	"0"	"200"	"Reviewable"	"NotReviewed"	"1 scales"	"600"	"60000"	"Fri Jan 31 16:02:24 PST 2014"	"S42887"	"Approved"	""	"""boat"""	"""cabin"""	"0"	"""right"""	"-1"	"0"	"1"	"1"	"0"	"0"	"""1"""	"""2"""	"""FALSE"""	"""target"""	"""TRUE"""	"-1"	"-1"	"-1"	"-1"	"-1"	"-1"	"""I think this survey is trying to see if we can understand what someone is saying from just one word."""	"""No"""	"""24"""	"""F"""	"2"	"0"
"What is he talking about? (1-2 mins)"	"Short and fun! A 1-2 minute word game about what someone is talking about."	"experiment, psychology, game"	"$0.20"	"Fri Jan 24 16:02:24 PST 2014"	"200"	"0"	"0"	"200"	"Reviewable"	"NotReviewed"	"1 scales"	"600"	"60000"	"Fri Jan 31 16:02:24 PST 2014"	"S04115"	"Approved"	""	"""pizza"""	"""peppers"""	"0"	"""middle"""	"-1"	"0"	"1"	"1"	"0"	"0"	"""1"""	"""2"""	"""TRUE"""	"""target"""	"""TRUE"""	"-1"	"-1"	"-1"	"-1"	"-1"	"-1"	"""I'm not sure. Only one pizza had peppers so there was no uncertainty in the answer."""	""""""	"""50"""	"""m"""	"2"	"0"
"What is he talking about? (1-2 mins)"	"Short and fun! A 1-2 minute word game about what someone is talking about."	"experiment, psychology, game"	"$0.20"	"Fri Jan 24 16:02:24 PST 2014"	"200"	"0"	"0"	"200"	"Reviewable"	"NotReviewed"	"1 scales"	"600"	"60000"	"Fri Jan 31 16:02:24 PST 2014"	"S44655"	"Approved"	""	"""sundae"""	"""chocolate"""	"0"	"""right"""	"-1"	"0"	"1"	"1"	"0"	"0"	"""2"""	"""1"""	"""TRUE"""	"""logical"""	"""FALSE"""	"-1"	"-1"	"-1"	"-1"	"-1"	"-1"	"""eating habits"""	""""""	""""""	"""m"""	"4"	"0"
"What is he talking about? (1-2 mins)"	"Short and fun! A 1-2 minute word game about what someone is talking about."	"experiment, psychology, game"	"$0.20"	"Fri Jan 24 16:02:24 PST 2014"	"200"	"0"	"0"	"200"	"Reviewable"	"NotReviewed"	"1 scales"	"600"	"60000"	"Fri Jan 31 16:02:24 PST 2014"	"S83595"	"Approved"	""	"""Christmas tree"""	"""ornaments"""	"0"	"""left"""	"-1"	"0"	"1"	"1"	"0"	"0"	"""1"""	"""2"""	"""TRUE"""	"""target"""	"""TRUE"""	"-1"	"-1"	"-1"	"-1"	"-1"	"-1"	"""Bob liking to trim trees and what he means by 'ornaments'"""	""""""	"""22"""	"""f"""	"2"	"0"
"What is he talking about? (1-2 mins)"	"Short and fun! A 1-2 minute word game about what someone is talking about."	"experiment, psychology, game"	"$0.20"	"Fri Jan 24 16:02:24 PST 2014"	"200"	"0"	"0"	"200"	"Reviewable"	"NotReviewed"	"1 scales"	"600"	"60000"	"Fri Jan 31 16:02:24 PST 2014"	"S11291"	"Approved"	""	"""Christmas tree"""	"""lights"""	"0"	"""left"""	"-1"	"0"	"1"	"1"	"0"	"0"	"""1"""	"""2"""	"""TRUE"""	"""target"""	"""TRUE"""	"-1"	"-1"	"-1"	"-1"	"-1"	"-1"	"""Descriptions"""	""""""	"""22"""	"""m"""	"2"	"0"
"What is he talking about? (1-2 mins)"	"Short and fun! A 1-2 minute word game about what someone is talking about."	"experiment, psychology, game"	"$0.20"	"Fri Jan 24 16:02:24 PST 2014"	"200"	"0"	"0"	"200"	"Reviewable"	"NotReviewed"	"1 scales"	"600"	"60000"	"Fri Jan 31 16:02:24 PST 2014"	"S81124"	"Approved"	""	"""boat"""	"""sail"""	"0"	"""left"""	"-1"	"0"	"1"	"1"	"0"	"0"	"""2"""	"""1"""	"""TRUE"""	"""target"""	"""TRUE"""	"-1"	"-1"	"-1"	"-1"	"-1"	"-1"	"""Communication?"""	"""Interesting survey, thank you!"""	"""24"""	"""M"""	"4"	"0"
"What is he talking about? (1-2 mins)"	"Short and fun! A 1-2 minute word game about what someone is talking about."	"experiment, psychology, game"	"$0.20"	"Fri Jan 24 16:02:24 PST 2014"	"200"	"0"	"0"	"200"	"Reviewable"	"NotReviewed"	"1 scales"	"600"	"60000"	"Fri Jan 31 16:02:24 PST 2014"	"S20150"	"Approved"	""	"""snowman"""	"""hat"""	"0"	"""right"""	"-1"	"0"	"1"	"1"	"0"	"0"	"""2"""	"""2"""	"""TRUE"""	"""target"""	"""TRUE"""	"-1"	"-1"	"-1"	"-1"	"-1"	"-1"	"""Choosing a snowman by characteristics when only one word was used to describe."""	""""""	"""60"""	"""f"""	"3"	"0"
"What is he talking about? (1-2 mins)"	"Short and fun! A 1-2 minute word game about what someone is talking about."	"experiment, psychology, game"	"$0.20"	"Fri Jan 24 16:02:24 PST 2014"	"200"	"0"	"0"	"200"	"Reviewable"	"NotReviewed"	"1 scales"	"600"	"60000"	"Fri Jan 31 16:02:24 PST 2014"	"S27643"	"Approved"	""	"""boat"""	"""sail"""	"0"	"""middle"""	"-1"	"0"	"1"	"1"	"0"	"0"	"""1"""	"""2"""	"""TRUE"""	"""target"""	"""TRUE"""	"-1"	"-1"	"-1"	"-1"	"-1"	"-1"	"""Bob and his boats."""	""""""	"""22"""	"""f"""	"2"	"0"
"What is he talking about? (1-2 mins)"	"Short and fun! A 1-2 minute word game about what someone is talking about."	"experiment, psychology, game"	"$0.20"	"Fri Jan 24 16:02:24 PST 2014"	"200"	"0"	"0"	"200"	"Reviewable"	"NotReviewed"	"1 scales"	"600"	"60000"	"Fri Jan 31 16:02:24 PST 2014"	"S02021"	"Approved"	""	"""boat"""	"""cabin"""	"0"	"""right"""	"-1"	"0"	"1"	"1"	"0"	"0"	"""1"""	"""2"""	"""TRUE"""	"""target"""	"""TRUE"""	"-1"	"-1"	"-1"	"-1"	"-1"	"-1"	"""getting bob a cabin"""	""""""	"""54"""	"""female"""	"2"	"0"
"What is he talking about? (1-2 mins)"	"Short and fun! A 1-2 minute word game about what someone is talking about."	"experiment, psychology, game"	"$0.20"	"Fri Jan 24 16:02:24 PST 2014"	"200"	"0"	"0"	"200"	"Reviewable"	"NotReviewed"	"1 scales"	"600"	"60000"	"Fri Jan 31 16:02:24 PST 2014"	"S41265"	"Approved"	""	"""sundae"""	"""whipped cream"""	"0"	"""left"""	"-1"	"0"	"1"	"1"	"0"	"0"	"""2"""	"""2"""	"""TRUE"""	"""logical"""	"""FALSE"""	"-1"	"-1"	"-1"	"-1"	"-1"	"-1"	"""Sundaes"""	""""""	"""25"""	"""M"""	"3"	"0"
"What is he talking about? (1-2 mins)"	"Short and fun! A 1-2 minute word game about what someone is talking about."	"experiment, psychology, game"	"$0.20"	"Fri Jan 24 16:02:24 PST 2014"	"200"	"0"	"0"	"200"	"Reviewable"	"NotReviewed"	"1 scales"	"600"	"60000"	"Fri Jan 31 16:02:24 PST 2014"	"S41642"	"Approved"	""	"""sundae"""	"""chocolate"""	"0"	"""right"""	"-1"	"0"	"1"	"1"	"0"	"0"	"""2"""	"""1"""	"""TRUE"""	"""logical"""	"""FALSE"""	"-1"	"-1"	"-1"	"-1"	"-1"	"-1"	"""Bob and his ice cream"""	""""""	"""22"""	"""m"""	"4"	"0"
"What is he talking about? (1-2 mins)"	"Short and fun! A 1-2 minute word game about what someone is talking about."	"experiment, psychology, game"	"$0.20"	"Fri Jan 24 16:02:24 PST 2014"	"200"	"0"	"0"	"200"	"Reviewable"	"NotReviewed"	"1 scales"	"600"	"60000"	"Fri Jan 31 16:02:24 PST 2014"	"S63576"	"Approved"	""	"""boat"""	"""sail"""	"0"	"""right"""	"-1"	"0"	"1"	"1"	"0"	"0"	"""2"""	"""2"""	"""TRUE"""	"""target"""	"""TRUE"""	"-1"	"-1"	"-1"	"-1"	"-1"	"-1"	"""What we thought Bob was talking about"""	"""none"""	"""29"""	"""f"""	"3"	"0"
"What is he talking about? (1-2 mins)"	"Short and fun! A 1-2 minute word game about what someone is talking about."	"experiment, psychology, game"	"$0.20"	"Fri Jan 24 16:02:24 PST 2014"	"200"	"0"	"0"	"200"	"Reviewable"	"NotReviewed"	"1 scales"	"600"	"60000"	"Fri Jan 31 16:02:24 PST 2014"	"S77936"	"Approved"	""	"""friend"""	"""mustache"""	"0"	"""right"""	"-1"	"0"	"1"	"1"	"0"	"0"	"""2"""	"""2"""	"""TRUE"""	"""target"""	"""TRUE"""	"-1"	"-1"	"-1"	"-1"	"-1"	"-1"	"""Identifying people through their characteristics"""	"""Nope.  Interesting turk!"""	"""18"""	"""m"""	"3"	"0"
"What is he talking about? (1-2 mins)"	"Short and fun! A 1-2 minute word game about what someone is talking about."	"experiment, psychology, game"	"$0.20"	"Fri Jan 24 16:02:24 PST 2014"	"200"	"0"	"0"	"200"	"Reviewable"	"NotReviewed"	"1 scales"	"600"	"60000"	"Fri Jan 31 16:02:24 PST 2014"	"S64026"	"Approved"	""	"""sundae"""	"""chocolate"""	"0"	"""right"""	"-1"	"0"	"1"	"1"	"0"	"0"	"""2"""	"""2"""	"""TRUE"""	"""target"""	"""TRUE"""	"-1"	"-1"	"-1"	"-1"	"-1"	"-1"	"""I don't know"""	""""""	"""20"""	"""O, Agender"""	"3"	"0"
"What is he talking about? (1-2 mins)"	"Short and fun! A 1-2 minute word game about what someone is talking about."	"experiment, psychology, game"	"$0.20"	"Fri Jan 24 16:02:24 PST 2014"	"200"	"0"	"0"	"200"	"Reviewable"	"NotReviewed"	"1 scales"	"600"	"60000"	"Fri Jan 31 16:02:24 PST 2014"	"S27702"	"Approved"	""	"""pizza"""	"""mushrooms"""	"0"	"""left"""	"-1"	"0"	"1"	"1"	"0"	"0"	"""2"""	"""1"""	"""TRUE"""	"""target"""	"""TRUE"""	"-1"	"-1"	"-1"	"-1"	"-1"	"-1"	"""Pizzas and bob describing one of them"""	"""Thank"""	"""27"""	"""m"""	"4"	"0"
"What is he talking about? (1-2 mins)"	"Short and fun! A 1-2 minute word game about what someone is talking about."	"experiment, psychology, game"	"$0.20"	"Fri Jan 24 16:02:24 PST 2014"	"200"	"0"	"0"	"200"	"Reviewable"	"NotReviewed"	"1 scales"	"600"	"60000"	"Fri Jan 31 16:02:24 PST 2014"	"S54469"	"Approved"	""	"""friend"""	"""glasses"""	"0"	"""left"""	"-1"	"0"	"1"	"1"	"0"	"0"	"""2"""	"""2"""	"""TRUE"""	"""foil"""	"""FALSE"""	"-1"	"-1"	"-1"	"-1"	"-1"	"-1"	"""description of friend"""	""""""	"""27"""	"""m"""	"3"	"0"
"What is he talking about? (1-2 mins)"	"Short and fun! A 1-2 minute word game about what someone is talking about."	"experiment, psychology, game"	"$0.20"	"Fri Jan 24 16:02:24 PST 2014"	"200"	"0"	"0"	"200"	"Reviewable"	"NotReviewed"	"1 scales"	"600"	"60000"	"Fri Jan 31 16:02:24 PST 2014"	"S09503"	"Approved"	""	"""snowman"""	"""scarf"""	"0"	"""left"""	"-1"	"0"	"1"	"1"	"0"	"0"	"""2"""	"""2"""	"""TRUE"""	"""target"""	"""TRUE"""	"-1"	"-1"	"-1"	"-1"	"-1"	"-1"	"""words"""	""""""	""""""	"""m"""	"3"	"0"
"What is he talking about? (1-2 mins)"	"Short and fun! A 1-2 minute word game about what someone is talking about."	"experiment, psychology, game"	"$0.20"	"Fri Jan 24 16:02:24 PST 2014"	"200"	"0"	"0"	"200"	"Reviewable"	"NotReviewed"	"1 scales"	"600"	"60000"	"Fri Jan 31 16:02:24 PST 2014"	"S57215"	"Approved"	""	"""snowman"""	"""mittens"""	"0"	"""right"""	"-1"	"0"	"1"	"1"	"0"	"0"	"""2"""	"""1"""	"""TRUE"""	"""logical"""	"""FALSE"""	"-1"	"-1"	"-1"	"-1"	"-1"	"-1"	"""Snowmen"""	"""None"""	"""20"""	"""f"""	"4"	"0"
"What is he talking about? (1-2 mins)"	"Short and fun! A 1-2 minute word game about what someone is talking about."	"experiment, psychology, game"	"$0.20"	"Fri Jan 24 16:02:24 PST 2014"	"200"	"0"	"0"	"200"	"Reviewable"	"NotReviewed"	"1 scales"	"600"	"60000"	"Fri Jan 31 16:02:24 PST 2014"	"S88880"	"Approved"	""	"""boat"""	"""cabin"""	"0"	"""right"""	"-1"	"0"	"1"	"1"	"0"	"0"	"""2"""	"""1"""	"""TRUE"""	"""logical"""	"""FALSE"""	"-1"	"-1"	"-1"	"-1"	"-1"	"-1"	"""language and perception"""	"""hire me to draw for you"""	"""38"""	"""m"""	"4"	"0"
"What is he talking about? (1-2 mins)"	"Short and fun! A 1-2 minute word game about what someone is talking about."	"experiment, psychology, game"	"$0.20"	"Fri Jan 24 16:02:24 PST 2014"	"200"	"0"	"0"	"200"	"Reviewable"	"NotReviewed"	"1 scales"	"600"	"60000"	"Fri Jan 31 16:02:24 PST 2014"	"S77065"	"Approved"	""	"""Christmas tree"""	"""star"""	"0"	"""left"""	"-1"	"0"	"1"	"1"	"0"	"0"	"""2"""	"""2"""	"""TRUE"""	"""target"""	"""TRUE"""	"-1"	"-1"	"-1"	"-1"	"-1"	"-1"	"""Bob's Christmas trees"""	""""""	""""""	"""f"""	"3"	"0"
"What is he talking about? (1-2 mins)"	"Short and fun! A 1-2 minute word game about what someone is talking about."	"experiment, psychology, game"	"$0.20"	"Fri Jan 24 16:02:24 PST 2014"	"200"	"0"	"0"	"200"	"Reviewable"	"NotReviewed"	"1 scales"	"600"	"60000"	"Fri Jan 31 16:02:24 PST 2014"	"S08576"	"Approved"	""	"""boat"""	"""cabin"""	"0"	"""middle"""	"-1"	"0"	"1"	"1"	"0"	"0"	"""1"""	"""2"""	"""TRUE"""	"""target"""	"""TRUE"""	"-1"	"-1"	"-1"	"-1"	"-1"	"-1"	"""Boats"""	"""No"""	"""19"""	"""Female"""	"3"	"0"
"What is he talking about? (1-2 mins)"	"Short and fun! A 1-2 minute word game about what someone is talking about."	"experiment, psychology, game"	"$0.20"	"Fri Jan 24 16:02:24 PST 2014"	"200"	"0"	"0"	"200"	"Reviewable"	"NotReviewed"	"1 scales"	"600"	"60000"	"Fri Jan 31 16:02:24 PST 2014"	"S61164"	"Approved"	""	"""Christmas tree"""	"""lights"""	"0"	"""middle"""	"-1"	"0"	"1"	"1"	"0"	"0"	"""2"""	"""1"""	"""TRUE"""	"""target"""	"""TRUE"""	"-1"	"-1"	"-1"	"-1"	"-1"	"-1"	"""Christmas trees"""	""""""	"""22"""	"""F"""	"4"	"0"
"What is he talking about? (1-2 mins)"	"Short and fun! A 1-2 minute word game about what someone is talking about."	"experiment, psychology, game"	"$0.20"	"Fri Jan 24 16:02:24 PST 2014"	"200"	"0"	"0"	"200"	"Reviewable"	"NotReviewed"	"1 scales"	"600"	"60000"	"Fri Jan 31 16:02:24 PST 2014"	"S88112"	"Approved"	""	"""snowman"""	"""hat"""	"0"	"""left"""	"-1"	"0"	"1"	"1"	"0"	"0"	"""1"""	"""2"""	"""FALSE"""	"""target"""	"""TRUE"""	"-1"	"-1"	"-1"	"-1"	"-1"	"-1"	"""Snowman"""	"""n/a"""	"""21"""	"""M"""	"2"	"0"
"What is he talking about? (1-2 mins)"	"Short and fun! A 1-2 minute word game about what someone is talking about."	"experiment, psychology, game"	"$0.20"	"Fri Jan 24 16:02:24 PST 2014"	"200"	"0"	"0"	"200"	"Reviewable"	"NotReviewed"	"1 scales"	"600"	"60000"	"Fri Jan 31 16:02:24 PST 2014"	"S88645"	"Approved"	""	"""friend"""	"""glasses"""	"0"	"""middle"""	"-1"	"0"	"1"	"1"	"0"	"0"	"""2"""	"""1"""	"""TRUE"""	"""foil"""	"""FALSE"""	"-1"	"-1"	"-1"	"-1"	"-1"	"-1"	"""how people interpret others"""	"""interesting """	"""24"""	"""m"""	"4"	"0"
"What is he talking about? (1-2 mins)"	"Short and fun! A 1-2 minute word game about what someone is talking about."	"experiment, psychology, game"	"$0.20"	"Fri Jan 24 16:02:24 PST 2014"	"200"	"0"	"0"	"200"	"Reviewable"	"NotReviewed"	"1 scales"	"600"	"60000"	"Fri Jan 31 16:02:24 PST 2014"	"S86987"	"Approved"	""	"""pizza"""	"""olives"""	"0"	"""right"""	"-1"	"0"	"1"	"1"	"0"	"0"	"""2"""	"""2"""	"""TRUE"""	"""target"""	"""TRUE"""	"-1"	"-1"	"-1"	"-1"	"-1"	"-1"	"""Bob and pizza."""	""""""	"""25"""	"""m"""	"3"	"0"
"What is he talking about? (1-2 mins)"	"Short and fun! A 1-2 minute word game about what someone is talking about."	"experiment, psychology, game"	"$0.20"	"Fri Jan 24 16:02:24 PST 2014"	"200"	"0"	"0"	"200"	"Reviewable"	"NotReviewed"	"1 scales"	"600"	"60000"	"Fri Jan 31 16:02:24 PST 2014"	"S58440"	"Approved"	""	"""snowman"""	"""hat"""	"0"	"""left"""	"-1"	"0"	"1"	"1"	"0"	"0"	"""2"""	"""2"""	"""FALSE"""	"""target"""	"""TRUE"""	"-1"	"-1"	"-1"	"-1"	"-1"	"-1"	"""What we thought he meant by a single word."""	""""""	"""21"""	"""m"""	"3"	"0"
"What is he talking about? (1-2 mins)"	"Short and fun! A 1-2 minute word game about what someone is talking about."	"experiment, psychology, game"	"$0.20"	"Fri Jan 24 16:02:24 PST 2014"	"200"	"0"	"0"	"200"	"Reviewable"	"NotReviewed"	"1 scales"	"600"	"60000"	"Fri Jan 31 16:02:24 PST 2014"	"S03337"	"Approved"	""	"""boat"""	"""motor"""	"0"	"""right"""	"-1"	"0"	"1"	"1"	"0"	"0"	"""2"""	"""2"""	"""TRUE"""	"""target"""	"""TRUE"""	"-1"	"-1"	"-1"	"-1"	"-1"	"-1"	"""bob liking boats"""	"""motor"""	"""20"""	"""m"""	"3"	"0"
"What is he talking about? (1-2 mins)"	"Short and fun! A 1-2 minute word game about what someone is talking about."	"experiment, psychology, game"	"$0.20"	"Fri Jan 24 16:02:24 PST 2014"	"200"	"0"	"0"	"200"	"Reviewable"	"NotReviewed"	"1 scales"	"600"	"60000"	"Fri Jan 31 16:02:24 PST 2014"	"S50312"	"Approved"	""	"""boat"""	"""motor"""	"0"	"""left"""	"-1"	"0"	"1"	"1"	"0"	"0"	"""1"""	"""2"""	"""TRUE"""	"""target"""	"""TRUE"""	"-1"	"-1"	"-1"	"-1"	"-1"	"-1"	"""Deciding which boat Bob is refering to."""	"""Fun task."""	"""25"""	"""M"""	"2"	"0"
"What is he talking about? (1-2 mins)"	"Short and fun! A 1-2 minute word game about what someone is talking about."	"experiment, psychology, game"	"$0.20"	"Fri Jan 24 16:02:24 PST 2014"	"200"	"0"	"0"	"200"	"Reviewable"	"NotReviewed"	"1 scales"	"600"	"60000"	"Fri Jan 31 16:02:24 PST 2014"	"S87421"	"Approved"	""	"""boat"""	"""sail"""	"0"	"""left"""	"-1"	"0"	"1"	"1"	"0"	"0"	"""2"""	"""2"""	"""TRUE"""	"""target"""	"""TRUE"""	"-1"	"-1"	"-1"	"-1"	"-1"	"-1"	"""language and cognition"""	""""""	"""30"""	"""m"""	"4"	"0"
"What is he talking about? (1-2 mins)"	"Short and fun! A 1-2 minute word game about what someone is talking about."	"experiment, psychology, game"	"$0.20"	"Fri Jan 24 16:02:24 PST 2014"	"200"	"0"	"0"	"200"	"Reviewable"	"NotReviewed"	"1 scales"	"600"	"60000"	"Fri Jan 31 16:02:24 PST 2014"	"S49102"	"Approved"	""	"""snowman"""	"""hat"""	"0"	"""middle"""	"-1"	"0"	"1"	"1"	"0"	"0"	"""1"""	"""2"""	"""TRUE"""	"""target"""	"""TRUE"""	"-1"	"-1"	"-1"	"-1"	"-1"	"-1"	"""Snowmen and hats and scarves"""	""""""	"""20"""	"""m"""	"2"	"0"
"What is he talking about? (1-2 mins)"	"Short and fun! A 1-2 minute word game about what someone is talking about."	"experiment, psychology, game"	"$0.20"	"Fri Jan 24 16:02:24 PST 2014"	"200"	"0"	"0"	"200"	"Reviewable"	"NotReviewed"	"1 scales"	"600"	"60000"	"Fri Jan 31 16:02:24 PST 2014"	"S09294"	"Approved"	""	"""sundae"""	"""chocolate"""	"0"	"""left"""	"-1"	"0"	"1"	"1"	"0"	"0"	"""1"""	"""2"""	"""TRUE"""	"""target"""	"""TRUE"""	"-1"	"-1"	"-1"	"-1"	"-1"	"-1"	"""Choosing a survey"""	"""No"""	"""23"""	"""m"""	"2"	"0"
"What is he talking about? (1-2 mins)"	"Short and fun! A 1-2 minute word game about what someone is talking about."	"experiment, psychology, game"	"$0.20"	"Fri Jan 24 16:02:24 PST 2014"	"200"	"0"	"0"	"200"	"Reviewable"	"NotReviewed"	"1 scales"	"600"	"60000"	"Fri Jan 31 16:02:24 PST 2014"	"S99278"	"Approved"	""	"""Christmas tree"""	"""ornaments"""	"0"	"""right"""	"-1"	"0"	"1"	"1"	"0"	"0"	"""1"""	"""2"""	"""FALSE"""	"""target"""	"""TRUE"""	"-1"	"-1"	"-1"	"-1"	"-1"	"-1"	"""how we pay attention to details"""	""""""	"""28"""	"""m"""	"2"	"0"
"What is he talking about? (1-2 mins)"	"Short and fun! A 1-2 minute word game about what someone is talking about."	"experiment, psychology, game"	"$0.20"	"Fri Jan 24 16:02:24 PST 2014"	"200"	"0"	"0"	"200"	"Reviewable"	"NotReviewed"	"1 scales"	"600"	"60000"	"Fri Jan 31 16:02:24 PST 2014"	"S53744"	"Approved"	""	"""friend"""	"""glasses"""	"0"	"""left"""	"-1"	"0"	"1"	"1"	"0"	"0"	"""2"""	"""1"""	"""TRUE"""	"""target"""	"""TRUE"""	"-1"	"-1"	"-1"	"-1"	"-1"	"-1"	"""Who I think Bob is refering to in one word"""	"""no"""	"""38"""	"""F"""	"4"	"0"
"What is he talking about? (1-2 mins)"	"Short and fun! A 1-2 minute word game about what someone is talking about."	"experiment, psychology, game"	"$0.20"	"Fri Jan 24 16:02:24 PST 2014"	"200"	"0"	"0"	"200"	"Reviewable"	"NotReviewed"	"1 scales"	"600"	"60000"	"Fri Jan 31 16:02:24 PST 2014"	"S19888"	"Approved"	""	"""sundae"""	"""whipped cream"""	"0"	"""right"""	"-1"	"0"	"1"	"1"	"0"	"0"	"""1"""	"""2"""	"""TRUE"""	"""logical"""	"""FALSE"""	"-1"	"-1"	"-1"	"-1"	"-1"	"-1"	"""Sundaes. And/or the perception of what people are talking about when they say 'sundae'."""	"""No."""	"""25"""	"""o"""	"2"	"0"
"What is he talking about? (1-2 mins)"	"Short and fun! A 1-2 minute word game about what someone is talking about."	"experiment, psychology, game"	"$0.20"	"Fri Jan 24 16:02:24 PST 2014"	"200"	"0"	"0"	"200"	"Reviewable"	"NotReviewed"	"1 scales"	"600"	"60000"	"Fri Jan 31 16:02:24 PST 2014"	"S18527"	"Approved"	""	"""boat"""	"""sail"""	"0"	"""left"""	"-1"	"0"	"1"	"1"	"0"	"0"	"""1"""	"""2"""	"""TRUE"""	"""target"""	"""TRUE"""	"-1"	"-1"	"-1"	"-1"	"-1"	"-1"	"""what we thought bob meant when he told us \""sail\"""""	""""""	"""19"""	"""m"""	"2"	"0"
"What is he talking about? (1-2 mins)"	"Short and fun! A 1-2 minute word game about what someone is talking about."	"experiment, psychology, game"	"$0.20"	"Fri Jan 24 16:02:24 PST 2014"	"200"	"0"	"0"	"200"	"Reviewable"	"NotReviewed"	"1 scales"	"600"	"60000"	"Fri Jan 31 16:02:24 PST 2014"	"S74221"	"Approved"	""	"""boat"""	"""cabin"""	"0"	"""left"""	"-1"	"0"	"1"	"1"	"0"	"0"	"""1"""	"""2"""	"""TRUE"""	"""target"""	"""TRUE"""	"-1"	"-1"	"-1"	"-1"	"-1"	"-1"	"""How we perceive words and objects"""	"""No"""	"""36"""	"""M"""	"2"	"0"
"What is he talking about? (1-2 mins)"	"Short and fun! A 1-2 minute word game about what someone is talking about."	"experiment, psychology, game"	"$0.20"	"Fri Jan 24 16:02:24 PST 2014"	"200"	"0"	"0"	"200"	"Reviewable"	"NotReviewed"	"1 scales"	"600"	"60000"	"Fri Jan 31 16:02:24 PST 2014"	"S84533"	"Approved"	""	"""Christmas tree"""	"""star"""	"0"	"""middle"""	"-1"	"0"	"1"	"1"	"0"	"0"	"""1"""	"""3"""	"""FALSE"""	"""target"""	"""TRUE"""	"-1"	"-1"	"-1"	"-1"	"-1"	"-1"	"""One word communcation"""	""""""	"""25"""	"""m"""	"2"	"0"
"What is he talking about? (1-2 mins)"	"Short and fun! A 1-2 minute word game about what someone is talking about."	"experiment, psychology, game"	"$0.20"	"Fri Jan 24 16:02:24 PST 2014"	"200"	"0"	"0"	"200"	"Reviewable"	"NotReviewed"	"1 scales"	"600"	"60000"	"Fri Jan 31 16:02:24 PST 2014"	"S85005"	"Approved"	""	"""friend"""	"""mustache"""	"0"	"""middle"""	"-1"	"0"	"1"	"1"	"0"	"0"	"""1"""	"""2"""	"""TRUE"""	"""target"""	"""TRUE"""	"-1"	"-1"	"-1"	"-1"	"-1"	"-1"	"""bobs friends"""	""""""	"""27"""	"""m"""	"2"	"0"
"What is he talking about? (1-2 mins)"	"Short and fun! A 1-2 minute word game about what someone is talking about."	"experiment, psychology, game"	"$0.20"	"Fri Jan 24 16:02:24 PST 2014"	"200"	"0"	"0"	"200"	"Reviewable"	"NotReviewed"	"1 scales"	"600"	"60000"	"Fri Jan 31 16:02:24 PST 2014"	"S99983"	"Approved"	""	"""boat"""	"""motor"""	"0"	"""left"""	"-1"	"0"	"1"	"1"	"0"	"0"	"""1"""	"""2"""	"""TRUE"""	"""target"""	"""TRUE"""	"-1"	"-1"	"-1"	"-1"	"-1"	"-1"	"""Boats"""	"""thank you"""	"""27"""	"""M"""	"2"	"0"
"What is he talking about? (1-2 mins)"	"Short and fun! A 1-2 minute word game about what someone is talking about."	"experiment, psychology, game"	"$0.20"	"Fri Jan 24 16:02:24 PST 2014"	"200"	"0"	"0"	"200"	"Reviewable"	"NotReviewed"	"1 scales"	"600"	"60000"	"Fri Jan 31 16:02:24 PST 2014"	"S62505"	"Approved"	""	"""pizza"""	"""peppers"""	"0"	"""left"""	"-1"	"0"	"1"	"1"	"0"	"0"	"""1"""	"""1"""	"""TRUE"""	"""target"""	"""TRUE"""	"-1"	"-1"	"-1"	"-1"	"-1"	"-1"	"""Pizza and Bob's communication"""	"""Nope"""	"""23"""	"""f"""	"2"	"0"
"What is he talking about? (1-2 mins)"	"Short and fun! A 1-2 minute word game about what someone is talking about."	"experiment, psychology, game"	"$0.20"	"Fri Jan 24 16:02:24 PST 2014"	"200"	"0"	"0"	"200"	"Reviewable"	"NotReviewed"	"1 scales"	"600"	"60000"	"Fri Jan 31 16:02:24 PST 2014"	"S18505"	"Approved"	""	"""boat"""	"""sail"""	"0"	"""right"""	"-1"	"0"	"1"	"1"	"0"	"0"	"""2"""	"""2"""	"""TRUE"""	"""logical"""	"""FALSE"""	"-1"	"-1"	"-1"	"-1"	"-1"	"-1"	"""The survey was about Bob and what I thought he was talking about when he said \""sail\""."""	""""""	"""22"""	"""f"""	"3"	"0"
"What is he talking about? (1-2 mins)"	"Short and fun! A 1-2 minute word game about what someone is talking about."	"experiment, psychology, game"	"$0.20"	"Fri Jan 24 16:02:24 PST 2014"	"200"	"0"	"0"	"200"	"Reviewable"	"NotReviewed"	"1 scales"	"600"	"60000"	"Fri Jan 31 16:02:24 PST 2014"	"S45668"	"Approved"	""	"""pizza"""	"""peppers"""	"0"	"""right"""	"-1"	"0"	"1"	"1"	"0"	"0"	"""2"""	"""1"""	"""TRUE"""	"""target"""	"""TRUE"""	"-1"	"-1"	"-1"	"-1"	"-1"	"-1"	"""Bob, a person who likes pizza and guess which pizza with peppers he wanted."""	"""I have none, thank you."""	"""24"""	"""m"""	"4"	"0"
"What is he talking about? (1-2 mins)"	"Short and fun! A 1-2 minute word game about what someone is talking about."	"experiment, psychology, game"	"$0.20"	"Fri Jan 24 16:02:24 PST 2014"	"200"	"0"	"0"	"200"	"Reviewable"	"NotReviewed"	"1 scales"	"600"	"60000"	"Fri Jan 31 16:02:24 PST 2014"	"S33620"	"Approved"	""	"""sundae"""	"""chocolate"""	"0"	"""middle"""	"-1"	"0"	"1"	"1"	"0"	"0"	"""2"""	"""2"""	"""TRUE"""	"""target"""	"""TRUE"""	"-1"	"-1"	"-1"	"-1"	"-1"	"-1"	"""what he was talking about"""	"""no"""	"""28"""	"""m"""	"3"	"0"
"What is he talking about? (1-2 mins)"	"Short and fun! A 1-2 minute word game about what someone is talking about."	"experiment, psychology, game"	"$0.20"	"Fri Jan 24 16:02:24 PST 2014"	"200"	"0"	"0"	"200"	"Reviewable"	"NotReviewed"	"1 scales"	"600"	"60000"	"Fri Jan 31 16:02:24 PST 2014"	"S74253"	"Approved"	""	"""boat"""	"""motor"""	"0"	"""left"""	"-1"	"0"	"1"	"1"	"0"	"0"	"""2"""	"""1"""	"""TRUE"""	"""target"""	"""TRUE"""	"-1"	"-1"	"-1"	"-1"	"-1"	"-1"	"""Boats"""	"""No"""	""""""	"""M"""	"4"	"0"
"What is he talking about? (1-2 mins)"	"Short and fun! A 1-2 minute word game about what someone is talking about."	"experiment, psychology, game"	"$0.20"	"Fri Jan 24 16:02:24 PST 2014"	"200"	"0"	"0"	"200"	"Reviewable"	"NotReviewed"	"1 scales"	"600"	"60000"	"Fri Jan 31 16:02:24 PST 2014"	"S87560"	"Approved"	""	"""snowman"""	"""scarf"""	"0"	"""left"""	"-1"	"0"	"1"	"1"	"0"	"0"	"""2"""	"""2"""	"""TRUE"""	"""target"""	"""TRUE"""	"-1"	"-1"	"-1"	"-1"	"-1"	"-1"	"""communication"""	""""""	"""36"""	"""m"""	"3"	"0"
"What is he talking about? (1-2 mins)"	"Short and fun! A 1-2 minute word game about what someone is talking about."	"experiment, psychology, game"	"$0.20"	"Fri Jan 24 16:02:24 PST 2014"	"200"	"0"	"0"	"200"	"Reviewable"	"NotReviewed"	"1 scales"	"600"	"60000"	"Fri Jan 31 16:02:24 PST 2014"	"S41970"	"Approved"	""	"""sundae"""	"""cherry"""	"0"	"""left"""	"-1"	"0"	"1"	"1"	"0"	"0"	"""1"""	"""2"""	"""TRUE"""	"""target"""	"""TRUE"""	"-1"	"-1"	"-1"	"-1"	"-1"	"-1"	"""Sundaes that Bob has eaten """	"""No"""	"""25"""	"""Female"""	"2"	"0"
"What is he talking about? (1-2 mins)"	"Short and fun! A 1-2 minute word game about what someone is talking about."	"experiment, psychology, game"	"$0.20"	"Fri Jan 24 16:02:24 PST 2014"	"200"	"0"	"0"	"200"	"Reviewable"	"NotReviewed"	"1 scales"	"600"	"60000"	"Fri Jan 31 16:02:24 PST 2014"	"S34875"	"Approved"	""	"""pizza"""	"""mushrooms"""	"0"	"""middle"""	"-1"	"0"	"1"	"1"	"0"	"0"	"""1"""	"""2"""	"""TRUE"""	"""target"""	"""TRUE"""	"-1"	"-1"	"-1"	"-1"	"-1"	"-1"	"""What Bob meant by the word \""mushroom\"""""	"""No"""	"""33"""	"""m"""	"2"	"0"
"What is he talking about? (1-2 mins)"	"Short and fun! A 1-2 minute word game about what someone is talking about."	"experiment, psychology, game"	"$0.20"	"Fri Jan 24 16:02:24 PST 2014"	"200"	"0"	"0"	"200"	"Reviewable"	"NotReviewed"	"1 scales"	"600"	"60000"	"Fri Jan 31 16:02:24 PST 2014"	"S88679"	"Approved"	""	"""snowman"""	"""scarf"""	"0"	"""middle"""	"-1"	"0"	"1"	"1"	"0"	"0"	"""1"""	"""2"""	"""TRUE"""	"""target"""	"""TRUE"""	"-1"	"-1"	"-1"	"-1"	"-1"	"-1"	"""Snowmen identification"""	""""""	"""37"""	"""m"""	"2"	"0"
"What is he talking about? (1-2 mins)"	"Short and fun! A 1-2 minute word game about what someone is talking about."	"experiment, psychology, game"	"$0.20"	"Fri Jan 24 16:02:24 PST 2014"	"200"	"0"	"0"	"200"	"Reviewable"	"NotReviewed"	"1 scales"	"600"	"60000"	"Fri Jan 31 16:02:24 PST 2014"	"S13482"	"Approved"	""	"""boat"""	"""cabin"""	"0"	"""right"""	"-1"	"0"	"1"	"1"	"0"	"0"	"""1"""	"""2"""	"""TRUE"""	"""target"""	"""TRUE"""	"-1"	"-1"	"-1"	"-1"	"-1"	"-1"	"""Understanding what Bob wants"""	""""""	"""22"""	"""f"""	"2"	"0"
"What is he talking about? (1-2 mins)"	"Short and fun! A 1-2 minute word game about what someone is talking about."	"experiment, psychology, game"	"$0.20"	"Fri Jan 24 16:02:24 PST 2014"	"200"	"0"	"0"	"200"	"Reviewable"	"NotReviewed"	"1 scales"	"600"	"60000"	"Fri Jan 31 16:02:24 PST 2014"	"S41967"	"Approved"	""	"""sundae"""	"""cherry"""	"0"	"""right"""	"-1"	"0"	"1"	"1"	"0"	"0"	"""1"""	"""2"""	"""TRUE"""	"""target"""	"""TRUE"""	"-1"	"-1"	"-1"	"-1"	"-1"	"-1"	"""Which ice cream he wants to eat"""	""""""	"""24"""	"""Male"""	"2"	"0"
"What is he talking about? (1-2 mins)"	"Short and fun! A 1-2 minute word game about what someone is talking about."	"experiment, psychology, game"	"$0.20"	"Fri Jan 24 16:02:24 PST 2014"	"200"	"0"	"0"	"200"	"Reviewable"	"NotReviewed"	"1 scales"	"600"	"60000"	"Fri Jan 31 16:02:24 PST 2014"	"S96853"	"Approved"	""	"""sundae"""	"""cherry"""	"0"	"""left"""	"-1"	"0"	"1"	"1"	"0"	"0"	"""2"""	"""1"""	"""TRUE"""	"""target"""	"""TRUE"""	"-1"	"-1"	"-1"	"-1"	"-1"	"-1"	"""INCOMPLETE COMMUNICATION"""	""""""	"""40"""	"""M"""	"4"	"0"
"What is he talking about? (1-2 mins)"	"Short and fun! A 1-2 minute word game about what someone is talking about."	"experiment, psychology, game"	"$0.20"	"Fri Jan 24 16:02:24 PST 2014"	"200"	"0"	"0"	"200"	"Reviewable"	"NotReviewed"	"1 scales"	"600"	"60000"	"Fri Jan 31 16:02:24 PST 2014"	"S01587"	"Approved"	""	"""sundae"""	"""cherry"""	"0"	"""middle"""	"-1"	"0"	"1"	"1"	"0"	"0"	"""2"""	"""2"""	"""TRUE"""	"""logical"""	"""FALSE"""	"-1"	"-1"	"-1"	"-1"	"-1"	"-1"	"""What a single word in some frame of context can mean."""	"""Thank you for the test. """	"""31"""	"""m"""	"3"	"0"
"What is he talking about? (1-2 mins)"	"Short and fun! A 1-2 minute word game about what someone is talking about."	"experiment, psychology, game"	"$0.20"	"Fri Jan 24 16:02:24 PST 2014"	"200"	"0"	"0"	"200"	"Reviewable"	"NotReviewed"	"1 scales"	"600"	"60000"	"Fri Jan 31 16:02:24 PST 2014"	"S75520"	"Approved"	""	"""boat"""	"""sail"""	"0"	"""middle"""	"-1"	"0"	"1"	"1"	"0"	"0"	"""2"""	"""2"""	"""TRUE"""	"""target"""	"""TRUE"""	"-1"	"-1"	"-1"	"-1"	"-1"	"-1"	"""Sailing"""	"""None"""	"""32"""	"""f"""	"4"	"0"
"What is he talking about? (1-2 mins)"	"Short and fun! A 1-2 minute word game about what someone is talking about."	"experiment, psychology, game"	"$0.20"	"Fri Jan 24 16:02:24 PST 2014"	"200"	"0"	"0"	"200"	"Reviewable"	"NotReviewed"	"1 scales"	"600"	"60000"	"Fri Jan 31 16:02:24 PST 2014"	"S06439"	"Approved"	""	"""pizza"""	"""olives"""	"0"	"""right"""	"-1"	"0"	"1"	"1"	"0"	"0"	"""2"""	"""1"""	"""TRUE"""	"""logical"""	"""FALSE"""	"-1"	"-1"	"-1"	"-1"	"-1"	"-1"	"""Pizza"""	"""Wondering why this?"""	"""19"""	"""M"""	"4"	"0"
"What is he talking about? (1-2 mins)"	"Short and fun! A 1-2 minute word game about what someone is talking about."	"experiment, psychology, game"	"$0.20"	"Fri Jan 24 16:02:24 PST 2014"	"200"	"0"	"0"	"200"	"Reviewable"	"NotReviewed"	"1 scales"	"600"	"60000"	"Fri Jan 31 16:02:24 PST 2014"	"S63872"	"Approved"	""	"""pizza"""	"""peppers"""	"0"	"""left"""	"-1"	"0"	"1"	"1"	"0"	"0"	"""2"""	"""2"""	"""TRUE"""	"""logical"""	"""FALSE"""	"-1"	"-1"	"-1"	"-1"	"-1"	"-1"	"""Making inferences giving ambiguous information?"""	""""""	"""34"""	"""m"""	"3"	"0"
"What is he talking about? (1-2 mins)"	"Short and fun! A 1-2 minute word game about what someone is talking about."	"experiment, psychology, game"	"$0.20"	"Fri Jan 24 16:02:24 PST 2014"	"200"	"0"	"0"	"200"	"Reviewable"	"NotReviewed"	"1 scales"	"600"	"60000"	"Fri Jan 31 16:02:24 PST 2014"	"S26381"	"Approved"	""	"""Christmas tree"""	"""ornaments"""	"0"	"""left"""	"-1"	"0"	"1"	"1"	"0"	"0"	"""2"""	"""2"""	"""TRUE"""	"""foil"""	"""FALSE"""	"-1"	"-1"	"-1"	"-1"	"-1"	"-1"	"""Communication"""	""""""	""""""	""""""	"4"	"0"
"What is he talking about? (1-2 mins)"	"Short and fun! A 1-2 minute word game about what someone is talking about."	"experiment, psychology, game"	"$0.20"	"Fri Jan 24 16:02:24 PST 2014"	"200"	"0"	"0"	"200"	"Reviewable"	"NotReviewed"	"1 scales"	"600"	"60000"	"Fri Jan 31 16:02:24 PST 2014"	"S47743"	"Approved"	""	"""snowman"""	"""hat"""	"0"	"""right"""	"-1"	"0"	"1"	"1"	"0"	"0"	"""2"""	"""2"""	"""TRUE"""	"""target"""	"""TRUE"""	"-1"	"-1"	"-1"	"-1"	"-1"	"-1"	"""Bob's communication about snowmen."""	""""""	"""24"""	"""m"""	"3"	"0"
"What is he talking about? (1-2 mins)"	"Short and fun! A 1-2 minute word game about what someone is talking about."	"experiment, psychology, game"	"$0.20"	"Fri Jan 24 16:02:24 PST 2014"	"200"	"0"	"0"	"200"	"Reviewable"	"NotReviewed"	"1 scales"	"600"	"60000"	"Fri Jan 31 16:02:24 PST 2014"	"S37347"	"Approved"	""	"""snowman"""	"""hat"""	"0"	"""middle"""	"-1"	"0"	"1"	"1"	"0"	"0"	"""2"""	"""1"""	"""TRUE"""	"""foil"""	"""FALSE"""	"-1"	"-1"	"-1"	"-1"	"-1"	"-1"	"""snowmen and language"""	""""""	"""27"""	"""m"""	"4"	"0"
"What is he talking about? (1-2 mins)"	"Short and fun! A 1-2 minute word game about what someone is talking about."	"experiment, psychology, game"	"$0.20"	"Fri Jan 24 16:02:24 PST 2014"	"200"	"0"	"0"	"200"	"Reviewable"	"NotReviewed"	"1 scales"	"600"	"60000"	"Fri Jan 31 16:02:24 PST 2014"	"S95279"	"Approved"	""	"""Christmas tree"""	"""ornaments"""	"0"	"""right"""	"-1"	"0"	"1"	"1"	"0"	"0"	"""1"""	"""2"""	"""TRUE"""	"""target"""	"""TRUE"""	"-1"	"-1"	"-1"	"-1"	"-1"	"-1"	"""Christmas Trees and visual communication"""	""""""	"""20"""	"""F"""	"3"	"0"
"What is he talking about? (1-2 mins)"	"Short and fun! A 1-2 minute word game about what someone is talking about."	"experiment, psychology, game"	"$0.20"	"Fri Jan 24 16:02:24 PST 2014"	"200"	"0"	"0"	"200"	"Reviewable"	"NotReviewed"	"1 scales"	"600"	"60000"	"Fri Jan 31 16:02:24 PST 2014"	"S30942"	"Approved"	""	"""sundae"""	"""cherry"""	"0"	"""left"""	"-1"	"0"	"1"	"1"	"0"	"0"	"""2"""	"""1"""	"""TRUE"""	"""logical"""	"""FALSE"""	"-1"	"-1"	"-1"	"-1"	"-1"	"-1"	"""bob, ice cream, cherry"""	""""""	""""""	"""m"""	"4"	"0"
"What is he talking about? (1-2 mins)"	"Short and fun! A 1-2 minute word game about what someone is talking about."	"experiment, psychology, game"	"$0.20"	"Fri Jan 24 16:02:24 PST 2014"	"200"	"0"	"0"	"200"	"Reviewable"	"NotReviewed"	"1 scales"	"600"	"60000"	"Fri Jan 31 16:02:24 PST 2014"	"S86542"	"Approved"	""	"""Christmas tree"""	"""star"""	"0"	"""left"""	"-1"	"0"	"1"	"1"	"0"	"0"	"""1"""	"""2"""	"""TRUE"""	"""target"""	"""TRUE"""	"-1"	"-1"	"-1"	"-1"	"-1"	"-1"	"""language interpretation"""	"""interesting survey"""	"""27"""	"""f"""	"2"	"0"
"What is he talking about? (1-2 mins)"	"Short and fun! A 1-2 minute word game about what someone is talking about."	"experiment, psychology, game"	"$0.20"	"Fri Jan 24 16:02:24 PST 2014"	"200"	"0"	"0"	"200"	"Reviewable"	"NotReviewed"	"1 scales"	"600"	"60000"	"Fri Jan 31 16:02:24 PST 2014"	"S13581"	"Approved"	""	"""sundae"""	"""chocolate"""	"0"	"""right"""	"-1"	"0"	"1"	"1"	"0"	"0"	"""2"""	"""2"""	"""TRUE"""	"""target"""	"""TRUE"""	"-1"	"-1"	"-1"	"-1"	"-1"	"-1"	"""ice cream sundaes"""	"""I can't remember his name! I know there were 3 sundaes, one with whipped cream and cherry, one with chocolate sauce and cherry, and one with just chocolate sauce. I did read. I'm sorry! """	"""19"""	"""f"""	"3"	"0"
"What is he talking about? (1-2 mins)"	"Short and fun! A 1-2 minute word game about what someone is talking about."	"experiment, psychology, game"	"$0.20"	"Fri Jan 24 16:02:24 PST 2014"	"200"	"0"	"0"	"200"	"Reviewable"	"NotReviewed"	"1 scales"	"600"	"60000"	"Fri Jan 31 16:02:24 PST 2014"	"S53102"	"Approved"	""	"""snowman"""	"""mittens"""	"0"	"""left"""	"-1"	"0"	"1"	"1"	"0"	"0"	"""2"""	"""2"""	"""TRUE"""	"""target"""	"""TRUE"""	"-1"	"-1"	"-1"	"-1"	"-1"	"-1"	"""snowmen"""	"""thanks"""	"""27"""	"""m"""	"3"	"0"
"What is he talking about? (1-2 mins)"	"Short and fun! A 1-2 minute word game about what someone is talking about."	"experiment, psychology, game"	"$0.20"	"Fri Jan 24 16:02:24 PST 2014"	"200"	"0"	"0"	"200"	"Reviewable"	"NotReviewed"	"1 scales"	"600"	"60000"	"Fri Jan 31 16:02:24 PST 2014"	"S55137"	"Approved"	""	"""pizza"""	"""olives"""	"0"	"""right"""	"-1"	"0"	"1"	"1"	"0"	"0"	"""2"""	"""2"""	"""TRUE"""	"""target"""	"""TRUE"""	"-1"	"-1"	"-1"	"-1"	"-1"	"-1"	"""Pizza"""	"""Nice"""	"""50"""	"""m"""	"3"	"0"
"What is he talking about? (1-2 mins)"	"Short and fun! A 1-2 minute word game about what someone is talking about."	"experiment, psychology, game"	"$0.20"	"Fri Jan 24 16:02:24 PST 2014"	"200"	"0"	"0"	"200"	"Reviewable"	"NotReviewed"	"1 scales"	"600"	"60000"	"Fri Jan 31 16:02:24 PST 2014"	"S55291"	"Approved"	""	"""friend"""	"""mustache"""	"0"	"""middle"""	"-1"	"0"	"1"	"1"	"0"	"0"	"""2"""	"""2"""	"""TRUE"""	"""target"""	"""TRUE"""	"-1"	"-1"	"-1"	"-1"	"-1"	"-1"	"""This survey was about how we perceive what other people say."""	"""Enjoyable Survey"""	"""27"""	"""m"""	"3"	"0"
"What is he talking about? (1-2 mins)"	"Short and fun! A 1-2 minute word game about what someone is talking about."	"experiment, psychology, game"	"$0.20"	"Fri Jan 24 16:02:24 PST 2014"	"200"	"0"	"0"	"200"	"Reviewable"	"NotReviewed"	"1 scales"	"600"	"60000"	"Fri Jan 31 16:02:24 PST 2014"	"S78336"	"Approved"	""	"""snowman"""	"""scarf"""	"0"	"""left"""	"-1"	"0"	"1"	"1"	"0"	"0"	"""1"""	"""2"""	"""TRUE"""	"""target"""	"""TRUE"""	"-1"	"-1"	"-1"	"-1"	"-1"	"-1"	"""Bob likes snowmen and makes them every year...survey was about communication"""	"""Nice and quick!"""	"""32"""	"""f"""	"2"	"0"
"What is he talking about? (1-2 mins)"	"Short and fun! A 1-2 minute word game about what someone is talking about."	"experiment, psychology, game"	"$0.20"	"Fri Jan 24 16:02:24 PST 2014"	"200"	"0"	"0"	"200"	"Reviewable"	"NotReviewed"	"1 scales"	"600"	"60000"	"Fri Jan 31 16:02:24 PST 2014"	"S47639"	"Approved"	""	"""pizza"""	"""peppers"""	"0"	"""left"""	"-1"	"0"	"1"	"1"	"0"	"0"	"""2"""	"""1"""	"""TRUE"""	"""logical"""	"""FALSE"""	"-1"	"-1"	"-1"	"-1"	"-1"	"-1"	"""which pizza he would choose. And what he meant by peppers."""	"""no"""	"""24"""	"""f"""	"4"	"0"
"What is he talking about? (1-2 mins)"	"Short and fun! A 1-2 minute word game about what someone is talking about."	"experiment, psychology, game"	"$0.20"	"Fri Jan 24 16:02:24 PST 2014"	"200"	"0"	"0"	"200"	"Reviewable"	"NotReviewed"	"1 scales"	"600"	"60000"	"Fri Jan 31 16:02:24 PST 2014"	"S57611"	"Approved"	""	"""pizza"""	"""mushrooms"""	"0"	"""left"""	"-1"	"0"	"1"	"1"	"0"	"0"	"""2"""	"""2"""	"""TRUE"""	"""logical"""	"""FALSE"""	"-1"	"-1"	"-1"	"-1"	"-1"	"-1"	"""How people judge unclear communication."""	"""Very interesting study!"""	"""32"""	"""m"""	"3"	"0"
"What is he talking about? (1-2 mins)"	"Short and fun! A 1-2 minute word game about what someone is talking about."	"experiment, psychology, game"	"$0.20"	"Fri Jan 24 16:02:24 PST 2014"	"200"	"0"	"0"	"200"	"Reviewable"	"NotReviewed"	"1 scales"	"600"	"60000"	"Fri Jan 31 16:02:24 PST 2014"	"S30868"	"Approved"	""	"""friend"""	"""glasses"""	"0"	"""right"""	"-1"	"0"	"1"	"1"	"0"	"0"	"""1"""	"""2"""	"""TRUE"""	"""target"""	"""TRUE"""	"-1"	"-1"	"-1"	"-1"	"-1"	"-1"	"""Bob visits a group of friends. We are told to guess who the friend is based on a hint. I think this survey is about how people make decisions based on limited information."""	""""""	"""21"""	"""m"""	"2"	"0"
"What is he talking about? (1-2 mins)"	"Short and fun! A 1-2 minute word game about what someone is talking about."	"experiment, psychology, game"	"$0.20"	"Fri Jan 24 16:02:24 PST 2014"	"200"	"0"	"0"	"200"	"Reviewable"	"NotReviewed"	"1 scales"	"600"	"60000"	"Fri Jan 31 16:02:24 PST 2014"	"S08606"	"Approved"	""	"""sundae"""	"""whipped cream"""	"0"	"""right"""	"-1"	"0"	"1"	"1"	"0"	"0"	"""2"""	"""2"""	"""TRUE"""	"""target"""	"""TRUE"""	"-1"	"-1"	"-1"	"-1"	"-1"	"-1"	"""Ice cream sundaes"""	"""Purple Monkey Dishwasher"""	"""31"""	"""m"""	"3"	"0"
"What is he talking about? (1-2 mins)"	"Short and fun! A 1-2 minute word game about what someone is talking about."	"experiment, psychology, game"	"$0.20"	"Fri Jan 24 16:02:24 PST 2014"	"200"	"0"	"0"	"200"	"Reviewable"	"NotReviewed"	"1 scales"	"600"	"60000"	"Fri Jan 31 16:02:24 PST 2014"	"S08676"	"Approved"	""	"""Christmas tree"""	"""lights"""	"0"	"""middle"""	"-1"	"0"	"1"	"1"	"0"	"0"	"""2"""	"""2"""	"""TRUE"""	"""target"""	"""TRUE"""	"-1"	"-1"	"-1"	"-1"	"-1"	"-1"	"""christmas trees"""	"""None"""	""""""	"""m"""	"3"	"0"
"What is he talking about? (1-2 mins)"	"Short and fun! A 1-2 minute word game about what someone is talking about."	"experiment, psychology, game"	"$0.20"	"Fri Jan 24 16:02:24 PST 2014"	"200"	"0"	"0"	"200"	"Reviewable"	"NotReviewed"	"1 scales"	"600"	"60000"	"Fri Jan 31 16:02:24 PST 2014"	"S04661"	"Approved"	""	"""pizza"""	"""peppers"""	"0"	"""right"""	"-1"	"0"	"1"	"1"	"0"	"0"	"""2"""	"""1"""	"""TRUE"""	"""target"""	"""TRUE"""	"-1"	"-1"	"-1"	"-1"	"-1"	"-1"	"""Pizza"""	""""""	""""""	"""F"""	"4"	"0"
"What is he talking about? (1-2 mins)"	"Short and fun! A 1-2 minute word game about what someone is talking about."	"experiment, psychology, game"	"$0.20"	"Fri Jan 24 16:02:24 PST 2014"	"200"	"0"	"0"	"200"	"Reviewable"	"NotReviewed"	"1 scales"	"600"	"60000"	"Fri Jan 31 16:02:24 PST 2014"	"S44254"	"Approved"	""	"""Christmas tree"""	"""star"""	"0"	"""left"""	"-1"	"0"	"1"	"1"	"0"	"0"	"""2"""	"""2"""	"""TRUE"""	"""foil"""	"""FALSE"""	"-1"	"-1"	"-1"	"-1"	"-1"	"-1"	"""Christmas Trees"""	"""No"""	"""28"""	"""m"""	"3"	"0"
"What is he talking about? (1-2 mins)"	"Short and fun! A 1-2 minute word game about what someone is talking about."	"experiment, psychology, game"	"$0.20"	"Fri Jan 24 16:02:24 PST 2014"	"200"	"0"	"0"	"200"	"Reviewable"	"NotReviewed"	"1 scales"	"600"	"60000"	"Fri Jan 31 16:02:24 PST 2014"	"S69351"	"Approved"	""	"""sundae"""	"""cherry"""	"0"	"""left"""	"-1"	"0"	"1"	"1"	"0"	"0"	"""2"""	"""1"""	"""TRUE"""	"""logical"""	"""FALSE"""	"-1"	"-1"	"-1"	"-1"	"-1"	"-1"	"""bob"""	""""""	"""23"""	"""m"""	"4"	"0"
"What is he talking about? (1-2 mins)"	"Short and fun! A 1-2 minute word game about what someone is talking about."	"experiment, psychology, game"	"$0.20"	"Fri Jan 24 16:02:24 PST 2014"	"200"	"0"	"0"	"200"	"Reviewable"	"NotReviewed"	"1 scales"	"600"	"60000"	"Fri Jan 31 16:02:24 PST 2014"	"S34411"	"Approved"	""	"""Christmas tree"""	"""lights"""	"0"	"""right"""	"-1"	"0"	"1"	"1"	"0"	"0"	"""2"""	"""2"""	"""TRUE"""	"""target"""	"""TRUE"""	"-1"	"-1"	"-1"	"-1"	"-1"	"-1"	"""Autism"""	""""""	""""""	""""""	"3"	"0"
"What is he talking about? (1-2 mins)"	"Short and fun! A 1-2 minute word game about what someone is talking about."	"experiment, psychology, game"	"$0.20"	"Fri Jan 24 16:02:24 PST 2014"	"200"	"0"	"0"	"200"	"Reviewable"	"NotReviewed"	"1 scales"	"600"	"60000"	"Fri Jan 31 16:02:24 PST 2014"	"S19850"	"Approved"	""	"""friend"""	"""glasses"""	"0"	"""middle"""	"-1"	"0"	"1"	"1"	"0"	"0"	"""2"""	"""2"""	"""TRUE"""	"""logical"""	"""FALSE"""	"-1"	"-1"	"-1"	"-1"	"-1"	"-1"	"""How people make assumptions """	""""""	"""19"""	"""m"""	"3"	"0"
"What is he talking about? (1-2 mins)"	"Short and fun! A 1-2 minute word game about what someone is talking about."	"experiment, psychology, game"	"$0.20"	"Fri Jan 24 16:02:24 PST 2014"	"200"	"0"	"0"	"200"	"Reviewable"	"NotReviewed"	"1 scales"	"600"	"60000"	"Fri Jan 31 16:02:24 PST 2014"	"S03627"	"Approved"	""	"""Christmas tree"""	"""lights"""	"0"	"""middle"""	"-1"	"0"	"1"	"1"	"0"	"0"	"""2"""	"""3"""	"""TRUE"""	"""logical"""	"""FALSE"""	"-1"	"-1"	"-1"	"-1"	"-1"	"-1"	"""lights"""	"""no"""	"""42"""	"""f"""	"4"	"0"
"What is he talking about? (1-2 mins)"	"Short and fun! A 1-2 minute word game about what someone is talking about."	"experiment, psychology, game"	"$0.20"	"Fri Jan 24 16:02:24 PST 2014"	"200"	"0"	"0"	"200"	"Reviewable"	"NotReviewed"	"1 scales"	"600"	"60000"	"Fri Jan 31 16:02:24 PST 2014"	"S32919"	"Approved"	""	"""sundae"""	"""chocolate"""	"0"	"""right"""	"-1"	"0"	"1"	"1"	"0"	"0"	"""1"""	"""2"""	"""TRUE"""	"""target"""	"""TRUE"""	"-1"	"-1"	"-1"	"-1"	"-1"	"-1"	"""recognition"""	""""""	"""64"""	"""f"""	"2"	"0"
"What is he talking about? (1-2 mins)"	"Short and fun! A 1-2 minute word game about what someone is talking about."	"experiment, psychology, game"	"$0.20"	"Fri Jan 24 16:02:24 PST 2014"	"200"	"0"	"0"	"200"	"Reviewable"	"NotReviewed"	"1 scales"	"600"	"60000"	"Fri Jan 31 16:02:24 PST 2014"	"S62493"	"Approved"	""	"""boat"""	"""cabin"""	"0"	"""right"""	"-1"	"0"	"1"	"1"	"0"	"0"	"""2"""	"""2"""	"""TRUE"""	"""logical"""	"""FALSE"""	"-1"	"-1"	"-1"	"-1"	"-1"	"-1"	"""I was to make a decision about some of Bob's boats and decide which one he was referring to."""	"""The survey ran smoothly."""	"""39"""	"""f"""	"4"	"0"
"What is he talking about? (1-2 mins)"	"Short and fun! A 1-2 minute word game about what someone is talking about."	"experiment, psychology, game"	"$0.20"	"Fri Jan 24 16:02:24 PST 2014"	"200"	"0"	"0"	"200"	"Reviewable"	"NotReviewed"	"1 scales"	"600"	"60000"	"Fri Jan 31 16:02:24 PST 2014"	"S43147"	"Approved"	""	"""boat"""	"""cabin"""	"0"	"""right"""	"-1"	"0"	"1"	"1"	"0"	"0"	"""2"""	"""2"""	"""TRUE"""	"""target"""	"""TRUE"""	"-1"	"-1"	"-1"	"-1"	"-1"	"-1"	"""language comprehension"""	""""""	"""21"""	"""m"""	"3"	"0"
"What is he talking about? (1-2 mins)"	"Short and fun! A 1-2 minute word game about what someone is talking about."	"experiment, psychology, game"	"$0.20"	"Fri Jan 24 16:02:24 PST 2014"	"200"	"0"	"0"	"200"	"Reviewable"	"NotReviewed"	"1 scales"	"600"	"60000"	"Fri Jan 31 16:02:24 PST 2014"	"S38509"	"Approved"	""	"""sundae"""	"""cherry"""	"0"	"""left"""	"-1"	"0"	"1"	"1"	"0"	"0"	"""1"""	"""2"""	"""TRUE"""	"""target"""	"""TRUE"""	"-1"	"-1"	"-1"	"-1"	"-1"	"-1"	"""What a person is talking about"""	""""""	"""28"""	"""m"""	"2"	"0"
"What is he talking about? (1-2 mins)"	"Short and fun! A 1-2 minute word game about what someone is talking about."	"experiment, psychology, game"	"$0.20"	"Fri Jan 24 16:02:24 PST 2014"	"200"	"0"	"0"	"200"	"Reviewable"	"NotReviewed"	"1 scales"	"600"	"60000"	"Fri Jan 31 16:02:24 PST 2014"	"S46941"	"Approved"	""	"""friend"""	"""mustache"""	"0"	"""middle"""	"-1"	"0"	"1"	"1"	"0"	"0"	"""1"""	"""2"""	"""TRUE"""	"""target"""	"""TRUE"""	"-1"	"-1"	"-1"	"-1"	"-1"	"-1"	"""not sure"""	""""""	""""""	"""m"""	"2"	"0"
"What is he talking about? (1-2 mins)"	"Short and fun! A 1-2 minute word game about what someone is talking about."	"experiment, psychology, game"	"$0.20"	"Fri Jan 24 16:02:24 PST 2014"	"200"	"0"	"0"	"200"	"Reviewable"	"NotReviewed"	"1 scales"	"600"	"60000"	"Fri Jan 31 16:02:24 PST 2014"	"S87587"	"Approved"	""	"""snowman"""	"""mittens"""	"0"	"""right"""	"-1"	"0"	"1"	"1"	"0"	"0"	"""1"""	"""2"""	"""TRUE"""	"""target"""	"""TRUE"""	"-1"	"-1"	"-1"	"-1"	"-1"	"-1"	"""Language Cognitive"""	""""""	"""21"""	"""m"""	"2"	"0"
"What is he talking about? (1-2 mins)"	"Short and fun! A 1-2 minute word game about what someone is talking about."	"experiment, psychology, game"	"$0.20"	"Fri Jan 24 16:02:24 PST 2014"	"200"	"0"	"0"	"200"	"Reviewable"	"NotReviewed"	"1 scales"	"600"	"60000"	"Fri Jan 31 16:02:24 PST 2014"	"S21890"	"Approved"	""	"""sundae"""	"""chocolate"""	"0"	"""right"""	"-1"	"0"	"1"	"1"	"0"	"0"	"""2"""	"""2"""	"""TRUE"""	"""target"""	"""TRUE"""	"-1"	"-1"	"-1"	"-1"	"-1"	"-1"	"""Concentration"""	"""nope :)"""	"""28"""	"""m"""	"3"	"0"
"What is he talking about? (1-2 mins)"	"Short and fun! A 1-2 minute word game about what someone is talking about."	"experiment, psychology, game"	"$0.20"	"Fri Jan 24 16:02:24 PST 2014"	"200"	"0"	"0"	"200"	"Reviewable"	"NotReviewed"	"1 scales"	"600"	"60000"	"Fri Jan 31 16:02:24 PST 2014"	"S86305"	"Approved"	""	"""friend"""	"""mustache"""	"0"	"""middle"""	"-1"	"0"	"1"	"1"	"0"	"0"	"""1"""	"""2"""	"""TRUE"""	"""target"""	"""TRUE"""	"-1"	"-1"	"-1"	"-1"	"-1"	"-1"	"""What friend Bob is asking about"""	""""""	"""18"""	"""m"""	"2"	"0"
"What is he talking about? (1-2 mins)"	"Short and fun! A 1-2 minute word game about what someone is talking about."	"experiment, psychology, game"	"$0.20"	"Fri Jan 24 16:02:24 PST 2014"	"200"	"0"	"0"	"200"	"Reviewable"	"NotReviewed"	"1 scales"	"600"	"60000"	"Fri Jan 31 16:02:24 PST 2014"	"S65250"	"Approved"	""	"""Christmas tree"""	"""ornaments"""	"0"	"""right"""	"-1"	"0"	"1"	"1"	"0"	"0"	"""3"""	"""2"""	"""TRUE"""	"""foil"""	"""FALSE"""	"-1"	"-1"	"-1"	"-1"	"-1"	"-1"	"""This survey was about Bob who like to trim trees."""	"""No."""	"""24"""	"""f"""	"2"	"0"
"What is he talking about? (1-2 mins)"	"Short and fun! A 1-2 minute word game about what someone is talking about."	"experiment, psychology, game"	"$0.20"	"Fri Jan 24 16:02:24 PST 2014"	"200"	"0"	"0"	"200"	"Reviewable"	"NotReviewed"	"1 scales"	"600"	"60000"	"Fri Jan 31 16:02:24 PST 2014"	"S83253"	"Approved"	""	"""friend"""	"""hat"""	"0"	"""middle"""	"-1"	"0"	"1"	"1"	"0"	"0"	"""2"""	"""1"""	"""TRUE"""	"""target"""	"""TRUE"""	"-1"	"-1"	"-1"	"-1"	"-1"	"-1"	"""visiting friends"""	"""cute survey"""	"""42"""	"""F"""	"4"	"0"
"What is he talking about? (1-2 mins)"	"Short and fun! A 1-2 minute word game about what someone is talking about."	"experiment, psychology, game"	"$0.20"	"Fri Jan 24 16:02:24 PST 2014"	"200"	"0"	"0"	"200"	"Reviewable"	"NotReviewed"	"1 scales"	"600"	"60000"	"Fri Jan 31 16:02:24 PST 2014"	"S40943"	"Approved"	""	"""pizza"""	"""olives"""	"0"	"""right"""	"-1"	"0"	"1"	"1"	"0"	"0"	"""2"""	"""1"""	"""TRUE"""	"""target"""	"""TRUE"""	"-1"	"-1"	"-1"	"-1"	"-1"	"-1"	"""Pizza"""	"""no"""	"""22"""	"""F"""	"4"	"0"
"What is he talking about? (1-2 mins)"	"Short and fun! A 1-2 minute word game about what someone is talking about."	"experiment, psychology, game"	"$0.20"	"Fri Jan 24 16:02:24 PST 2014"	"200"	"0"	"0"	"200"	"Reviewable"	"NotReviewed"	"1 scales"	"600"	"60000"	"Fri Jan 31 16:02:24 PST 2014"	"S86277"	"Approved"	""	"""snowman"""	"""hat"""	"0"	"""middle"""	"-1"	"0"	"1"	"1"	"0"	"0"	"""2"""	"""2"""	"""TRUE"""	"""foil"""	"""FALSE"""	"-1"	"-1"	"-1"	"-1"	"-1"	"-1"	"""Predictions, communication"""	"""fun survey"""	"""22"""	"""male"""	"3"	"0"
"What is he talking about? (1-2 mins)"	"Short and fun! A 1-2 minute word game about what someone is talking about."	"experiment, psychology, game"	"$0.20"	"Fri Jan 24 16:02:24 PST 2014"	"200"	"0"	"0"	"200"	"Reviewable"	"NotReviewed"	"1 scales"	"600"	"60000"	"Fri Jan 31 16:02:24 PST 2014"	"S12641"	"Approved"	""	"""boat"""	"""cabin"""	"0"	"""middle"""	"-1"	"0"	"1"	"1"	"0"	"0"	"""2"""	"""2"""	"""TRUE"""	"""target"""	"""TRUE"""	"-1"	"-1"	"-1"	"-1"	"-1"	"-1"	"""understanding Bob's one word clue"""	"""I think I am right"""	"""51"""	"""m"""	"3"	"0"
"What is he talking about? (1-2 mins)"	"Short and fun! A 1-2 minute word game about what someone is talking about."	"experiment, psychology, game"	"$0.20"	"Fri Jan 24 16:02:24 PST 2014"	"200"	"0"	"0"	"200"	"Reviewable"	"NotReviewed"	"1 scales"	"600"	"60000"	"Fri Jan 31 16:02:24 PST 2014"	"S36920"	"Approved"	""	"""Christmas tree"""	"""star"""	"0"	"""middle"""	"-1"	"0"	"1"	"1"	"0"	"0"	"""1"""	"""3"""	"""TRUE"""	"""target"""	"""TRUE"""	"-1"	"-1"	"-1"	"-1"	"-1"	"-1"	"""Bob liking to trim Christmas trees and star."""	"""None"""	"""23"""	"""M"""	"2"	"0"
"What is he talking about? (1-2 mins)"	"Short and fun! A 1-2 minute word game about what someone is talking about."	"experiment, psychology, game"	"$0.20"	"Fri Jan 24 16:02:24 PST 2014"	"200"	"0"	"0"	"200"	"Reviewable"	"NotReviewed"	"1 scales"	"600"	"60000"	"Fri Jan 31 16:02:24 PST 2014"	"S53264"	"Approved"	""	"""pizza"""	"""mushrooms"""	"0"	"""left"""	"-1"	"0"	"1"	"1"	"0"	"0"	"""2"""	"""1"""	"""TRUE"""	"""logical"""	"""FALSE"""	"-1"	"-1"	"-1"	"-1"	"-1"	"-1"	"""Making a judgement based on little information."""	""""""	"""29"""	"""m"""	"4"	"0"
"What is he talking about? (1-2 mins)"	"Short and fun! A 1-2 minute word game about what someone is talking about."	"experiment, psychology, game"	"$0.20"	"Fri Jan 24 16:02:24 PST 2014"	"200"	"0"	"0"	"200"	"Reviewable"	"NotReviewed"	"1 scales"	"600"	"60000"	"Fri Jan 31 16:02:24 PST 2014"	"S10457"	"Approved"	""	"""Christmas tree"""	"""lights"""	"0"	"""left"""	"-1"	"0"	"1"	"1"	"0"	"0"	"""2"""	"""1"""	"""TRUE"""	"""target"""	"""TRUE"""	"-1"	"-1"	"-1"	"-1"	"-1"	"-1"	"""which tree bob was talking about when he said lights"""	""""""	"""27"""	"""m"""	"4"	"0"
"What is he talking about? (1-2 mins)"	"Short and fun! A 1-2 minute word game about what someone is talking about."	"experiment, psychology, game"	"$0.20"	"Fri Jan 24 16:02:24 PST 2014"	"200"	"0"	"0"	"200"	"Reviewable"	"NotReviewed"	"1 scales"	"600"	"60000"	"Fri Jan 31 16:02:24 PST 2014"	"S73832"	"Approved"	""	"""pizza"""	"""mushrooms"""	"0"	"""left"""	"-1"	"0"	"1"	"1"	"0"	"0"	"""2"""	"""1"""	"""TRUE"""	"""target"""	"""TRUE"""	"-1"	"-1"	"-1"	"-1"	"-1"	"-1"	"""Describing pizza with one word."""	""""""	"""41"""	"""m"""	"4"	"0"
"What is he talking about? (1-2 mins)"	"Short and fun! A 1-2 minute word game about what someone is talking about."	"experiment, psychology, game"	"$0.20"	"Fri Jan 24 16:02:24 PST 2014"	"200"	"0"	"0"	"200"	"Reviewable"	"NotReviewed"	"1 scales"	"600"	"60000"	"Fri Jan 31 16:02:24 PST 2014"	"S53146"	"Approved"	""	"""snowman"""	"""mittens"""	"0"	"""right"""	"-1"	"0"	"1"	"1"	"0"	"0"	"""2"""	"""2"""	"""TRUE"""	"""target"""	"""TRUE"""	"-1"	"-1"	"-1"	"-1"	"-1"	"-1"	"""Snowmen and mittens"""	""""""	"""24"""	"""m"""	"3"	"0"
"What is he talking about? (1-2 mins)"	"Short and fun! A 1-2 minute word game about what someone is talking about."	"experiment, psychology, game"	"$0.20"	"Fri Jan 24 16:02:24 PST 2014"	"200"	"0"	"0"	"200"	"Reviewable"	"NotReviewed"	"1 scales"	"600"	"60000"	"Fri Jan 31 16:02:24 PST 2014"	"S68167"	"Approved"	""	"""friend"""	"""mustache"""	"0"	"""left"""	"-1"	"0"	"1"	"1"	"0"	"0"	"""2"""	"""2"""	"""TRUE"""	"""logical"""	"""FALSE"""	"-1"	"-1"	"-1"	"-1"	"-1"	"-1"	"""I don't know."""	"""None."""	"""30"""	"""f"""	"3"	"0"
"What is he talking about? (1-2 mins)"	"Short and fun! A 1-2 minute word game about what someone is talking about."	"experiment, psychology, game"	"$0.20"	"Fri Jan 24 16:02:24 PST 2014"	"200"	"0"	"0"	"200"	"Reviewable"	"NotReviewed"	"1 scales"	"600"	"60000"	"Fri Jan 31 16:02:24 PST 2014"	"S41440"	"Approved"	""	"""boat"""	"""sail"""	"0"	"""right"""	"-1"	"0"	"1"	"1"	"0"	"0"	"""2"""	"""1"""	"""TRUE"""	"""target"""	"""TRUE"""	"-1"	"-1"	"-1"	"-1"	"-1"	"-1"	"""language"""	"""no"""	"""33"""	"""m"""	"4"	"0"
"What is he talking about? (1-2 mins)"	"Short and fun! A 1-2 minute word game about what someone is talking about."	"experiment, psychology, game"	"$0.20"	"Fri Jan 24 16:02:24 PST 2014"	"200"	"0"	"0"	"200"	"Reviewable"	"NotReviewed"	"1 scales"	"600"	"60000"	"Fri Jan 31 16:02:24 PST 2014"	"S32064"	"Approved"	""	"""snowman"""	"""mittens"""	"0"	"""middle"""	"-1"	"0"	"1"	"1"	"0"	"0"	"""2"""	"""1"""	"""TRUE"""	"""target"""	"""TRUE"""	"-1"	"-1"	"-1"	"-1"	"-1"	"-1"	"""This survey might have been about reading comprehension."""	"""No"""	"""26"""	"""f"""	"4"	"0"
"What is he talking about? (1-2 mins)"	"Short and fun! A 1-2 minute word game about what someone is talking about."	"experiment, psychology, game"	"$0.20"	"Fri Jan 24 16:02:24 PST 2014"	"200"	"0"	"0"	"200"	"Reviewable"	"NotReviewed"	"1 scales"	"600"	"60000"	"Fri Jan 31 16:02:24 PST 2014"	"S74673"	"Approved"	""	"""Christmas tree"""	"""lights"""	"0"	"""middle"""	"-1"	"0"	"1"	"1"	"0"	"0"	"""2"""	"""1"""	"""FALSE"""	"""target"""	"""TRUE"""	"-1"	"-1"	"-1"	"-1"	"-1"	"-1"	"""christmas trees"""	""""""	"""34"""	"""m"""	"4"	"0"
"What is he talking about? (1-2 mins)"	"Short and fun! A 1-2 minute word game about what someone is talking about."	"experiment, psychology, game"	"$0.20"	"Fri Jan 24 16:02:24 PST 2014"	"200"	"0"	"0"	"200"	"Reviewable"	"NotReviewed"	"1 scales"	"600"	"60000"	"Fri Jan 31 16:02:24 PST 2014"	"S82276"	"Approved"	""	"""Christmas tree"""	"""star"""	"0"	"""middle"""	"-1"	"0"	"1"	"1"	"0"	"0"	"""2"""	"""1"""	"""TRUE"""	"""target"""	"""TRUE"""	"-1"	"-1"	"-1"	"-1"	"-1"	"-1"	"""christmas trees"""	""""""	"""55"""	"""f"""	"4"	"0"
"What is he talking about? (1-2 mins)"	"Short and fun! A 1-2 minute word game about what someone is talking about."	"experiment, psychology, game"	"$0.20"	"Fri Jan 24 16:02:24 PST 2014"	"200"	"0"	"0"	"200"	"Reviewable"	"NotReviewed"	"1 scales"	"600"	"60000"	"Fri Jan 31 16:02:24 PST 2014"	"S58853"	"Approved"	""	"""sundae"""	"""chocolate"""	"0"	"""middle"""	"-1"	"0"	"1"	"1"	"0"	"0"	"""2"""	"""1"""	"""TRUE"""	"""logical"""	"""FALSE"""	"-1"	"-1"	"-1"	"-1"	"-1"	"-1"	"""making sundaes"""	""""""	"""27"""	"""m"""	"4"	"0"
"What is he talking about? (1-2 mins)"	"Short and fun! A 1-2 minute word game about what someone is talking about."	"experiment, psychology, game"	"$0.20"	"Fri Jan 24 16:02:24 PST 2014"	"200"	"0"	"0"	"200"	"Reviewable"	"NotReviewed"	"1 scales"	"600"	"60000"	"Fri Jan 31 16:02:24 PST 2014"	"S66078"	"Approved"	""	"""snowman"""	"""mittens"""	"0"	"""right"""	"-1"	"0"	"1"	"1"	"0"	"0"	"""1"""	"""2"""	"""TRUE"""	"""target"""	"""TRUE"""	"-1"	"-1"	"-1"	"-1"	"-1"	"-1"	"""snowman"""	"""none"""	"""43"""	"""m"""	"2"	"0"
"What is he talking about? (1-2 mins)"	"Short and fun! A 1-2 minute word game about what someone is talking about."	"experiment, psychology, game"	"$0.20"	"Fri Jan 24 16:02:24 PST 2014"	"200"	"0"	"0"	"200"	"Reviewable"	"NotReviewed"	"1 scales"	"600"	"60000"	"Fri Jan 31 16:02:24 PST 2014"	"S17747"	"Approved"	""	"""boat"""	"""cabin"""	"0"	"""middle"""	"-1"	"0"	"1"	"1"	"0"	"0"	"""2"""	"""1"""	"""TRUE"""	"""target"""	"""TRUE"""	"-1"	"-1"	"-1"	"-1"	"-1"	"-1"	"""It was about Bob and his boats."""	""""""	"""48"""	"""female"""	"4"	"0"
"What is he talking about? (1-2 mins)"	"Short and fun! A 1-2 minute word game about what someone is talking about."	"experiment, psychology, game"	"$0.20"	"Fri Jan 24 16:02:24 PST 2014"	"200"	"0"	"0"	"200"	"Reviewable"	"NotReviewed"	"1 scales"	"600"	"60000"	"Fri Jan 31 16:02:24 PST 2014"	"S96863"	"Approved"	""	"""sundae"""	"""whipped cream"""	"0"	"""right"""	"-1"	"0"	"1"	"1"	"0"	"0"	"""1"""	"""2"""	"""TRUE"""	"""target"""	"""TRUE"""	"-1"	"-1"	"-1"	"-1"	"-1"	"-1"	"""the preferred food of a person"""	"""no"""	"""27"""	"""f"""	"2"	"0"
"What is he talking about? (1-2 mins)"	"Short and fun! A 1-2 minute word game about what someone is talking about."	"experiment, psychology, game"	"$0.20"	"Fri Jan 24 16:02:24 PST 2014"	"200"	"0"	"0"	"200"	"Reviewable"	"NotReviewed"	"1 scales"	"600"	"60000"	"Fri Jan 31 16:02:24 PST 2014"	"S51297"	"Approved"	""	"""pizza"""	"""peppers"""	"0"	"""middle"""	"-1"	"0"	"1"	"1"	"0"	"0"	"""2"""	"""1"""	"""TRUE"""	"""target"""	"""TRUE"""	"-1"	"-1"	"-1"	"-1"	"-1"	"-1"	"""Pizza"""	"""Thank you!"""	"""28"""	"""m"""	"4"	"0"
"What is he talking about? (1-2 mins)"	"Short and fun! A 1-2 minute word game about what someone is talking about."	"experiment, psychology, game"	"$0.20"	"Fri Jan 24 16:02:24 PST 2014"	"200"	"0"	"0"	"200"	"Reviewable"	"NotReviewed"	"1 scales"	"600"	"60000"	"Fri Jan 31 16:02:24 PST 2014"	"S98893"	"Approved"	""	"""snowman"""	"""scarf"""	"0"	"""left"""	"-1"	"0"	"1"	"1"	"0"	"0"	"""1"""	"""2"""	"""TRUE"""	"""target"""	"""TRUE"""	"-1"	"-1"	"-1"	"-1"	"-1"	"-1"	"""decision making"""	"""no"""	"""21"""	"""m"""	"2"	"0"
"What is he talking about? (1-2 mins)"	"Short and fun! A 1-2 minute word game about what someone is talking about."	"experiment, psychology, game"	"$0.20"	"Fri Jan 24 16:02:24 PST 2014"	"200"	"0"	"0"	"200"	"Reviewable"	"NotReviewed"	"1 scales"	"600"	"60000"	"Fri Jan 31 16:02:24 PST 2014"	"S83484"	"Approved"	""	"""boat"""	"""sail"""	"0"	"""middle"""	"-1"	"0"	"1"	"1"	"0"	"0"	"""2"""	"""2"""	"""TRUE"""	"""target"""	"""TRUE"""	"-1"	"-1"	"-1"	"-1"	"-1"	"-1"	"""Trying to figure out what Bob is talking about."""	""""""	"""54"""	"""m"""	"3"	"0"
"What is he talking about? (1-2 mins)"	"Short and fun! A 1-2 minute word game about what someone is talking about."	"experiment, psychology, game"	"$0.20"	"Fri Jan 24 16:02:24 PST 2014"	"200"	"0"	"0"	"200"	"Reviewable"	"NotReviewed"	"1 scales"	"600"	"60000"	"Fri Jan 31 16:02:24 PST 2014"	"S18065"	"Approved"	""	"""boat"""	"""motor"""	"0"	"""middle"""	"-1"	"0"	"1"	"1"	"0"	"0"	"""2"""	"""2"""	"""TRUE"""	"""logical"""	"""FALSE"""	"-1"	"-1"	"-1"	"-1"	"-1"	"-1"	"""A dude and his boats. Also his lack of English."""	"""I like Stanford. I like that your mascot is sort of a Christmas tree."""	"""21"""	"""m"""	"3"	"0"
"What is he talking about? (1-2 mins)"	"Short and fun! A 1-2 minute word game about what someone is talking about."	"experiment, psychology, game"	"$0.20"	"Fri Jan 24 16:02:24 PST 2014"	"200"	"0"	"0"	"200"	"Reviewable"	"NotReviewed"	"1 scales"	"600"	"60000"	"Fri Jan 31 16:02:24 PST 2014"	"S18690"	"Approved"	""	"""snowman"""	"""scarf"""	"0"	"""right"""	"-1"	"0"	"1"	"1"	"0"	"0"	"""1"""	"""2"""	"""TRUE"""	"""target"""	"""TRUE"""	"-1"	"-1"	"-1"	"-1"	"-1"	"-1"	"""Which snowman Bob built"""	""""""	"""39"""	"""m"""	"2"	"0"
"What is he talking about? (1-2 mins)"	"Short and fun! A 1-2 minute word game about what someone is talking about."	"experiment, psychology, game"	"$0.20"	"Fri Jan 24 16:02:24 PST 2014"	"200"	"0"	"0"	"200"	"Reviewable"	"NotReviewed"	"1 scales"	"600"	"60000"	"Fri Jan 31 16:02:24 PST 2014"	"S12763"	"Approved"	""	"""pizza"""	"""peppers"""	"0"	"""middle"""	"-1"	"0"	"1"	"1"	"0"	"0"	"""2"""	"""2"""	"""TRUE"""	"""target"""	"""TRUE"""	"-1"	"-1"	"-1"	"-1"	"-1"	"-1"	"""Bob and Pizza"""	"""Fun HIT, thank you"""	"""45"""	"""f"""	"3"	"0"
"What is he talking about? (1-2 mins)"	"Short and fun! A 1-2 minute word game about what someone is talking about."	"experiment, psychology, game"	"$0.20"	"Fri Jan 24 16:02:24 PST 2014"	"200"	"0"	"0"	"200"	"Reviewable"	"NotReviewed"	"1 scales"	"600"	"60000"	"Fri Jan 31 16:02:24 PST 2014"	"S84537"	"Approved"	""	"""sundae"""	"""chocolate"""	"0"	"""middle"""	"-1"	"0"	"1"	"1"	"0"	"0"	"""1"""	"""2"""	"""TRUE"""	"""target"""	"""TRUE"""	"-1"	"-1"	"-1"	"-1"	"-1"	"-1"	"""Bob's Ice Cream Sundaes"""	"""No"""	"""22"""	"""m"""	"2"	"0"
"What is he talking about? (1-2 mins)"	"Short and fun! A 1-2 minute word game about what someone is talking about."	"experiment, psychology, game"	"$0.20"	"Fri Jan 24 16:02:24 PST 2014"	"200"	"0"	"0"	"200"	"Reviewable"	"NotReviewed"	"1 scales"	"600"	"60000"	"Fri Jan 31 16:02:24 PST 2014"	"S86506"	"Approved"	""	"""friend"""	"""mustache"""	"0"	"""right"""	"-1"	"0"	"1"	"1"	"0"	"0"	"""1"""	"""2"""	"""TRUE"""	"""target"""	"""TRUE"""	"-1"	"-1"	"-1"	"-1"	"-1"	"-1"	"""mustache"""	"""not really"""	"""35"""	"""m"""	"2"	"0"
"What is he talking about? (1-2 mins)"	"Short and fun! A 1-2 minute word game about what someone is talking about."	"experiment, psychology, game"	"$0.20"	"Fri Jan 24 16:02:24 PST 2014"	"200"	"0"	"0"	"200"	"Reviewable"	"NotReviewed"	"1 scales"	"600"	"60000"	"Fri Jan 31 16:02:24 PST 2014"	"S02023"	"Approved"	""	"""pizza"""	"""olives"""	"0"	"""middle"""	"-1"	"0"	"1"	"1"	"0"	"0"	"""1"""	"""2"""	"""TRUE"""	"""target"""	"""TRUE"""	"-1"	"-1"	"-1"	"-1"	"-1"	"-1"	"""What kind of pizza bob eats"""	"""No short and sweet survey"""	"""32"""	"""M"""	"2"	"0"
"What is he talking about? (1-2 mins)"	"Short and fun! A 1-2 minute word game about what someone is talking about."	"experiment, psychology, game"	"$0.20"	"Fri Jan 24 16:02:24 PST 2014"	"200"	"0"	"0"	"200"	"Reviewable"	"NotReviewed"	"1 scales"	"600"	"60000"	"Fri Jan 31 16:02:24 PST 2014"	"S13010"	"Approved"	""	"""Christmas tree"""	"""lights"""	"0"	"""middle"""	"-1"	"0"	"1"	"1"	"0"	"0"	"""2"""	"""1"""	"""TRUE"""	"""target"""	"""TRUE"""	"-1"	"-1"	"-1"	"-1"	"-1"	"-1"	"""trees"""	""""""	"""22"""	"""f"""	"4"	"0"
"What is he talking about? (1-2 mins)"	"Short and fun! A 1-2 minute word game about what someone is talking about."	"experiment, psychology, game"	"$0.20"	"Fri Jan 24 16:02:24 PST 2014"	"200"	"0"	"0"	"200"	"Reviewable"	"NotReviewed"	"1 scales"	"600"	"60000"	"Fri Jan 31 16:02:24 PST 2014"	"S75925"	"Approved"	""	"""pizza"""	"""mushrooms"""	"0"	"""left"""	"-1"	"0"	"1"	"1"	"0"	"0"	"""1"""	"""2"""	"""FALSE"""	"""target"""	"""TRUE"""	"-1"	"-1"	"-1"	"-1"	"-1"	"-1"	"""Pizzas"""	"""No"""	""""""	"""f"""	"2"	"0"
"What is he talking about? (1-2 mins)"	"Short and fun! A 1-2 minute word game about what someone is talking about."	"experiment, psychology, game"	"$0.20"	"Fri Jan 24 16:02:24 PST 2014"	"200"	"0"	"0"	"200"	"Reviewable"	"NotReviewed"	"1 scales"	"600"	"60000"	"Fri Jan 31 16:02:24 PST 2014"	"S17458"	"Approved"	""	"""friend"""	"""hat"""	"0"	"""right"""	"-1"	"0"	"1"	"1"	"0"	"0"	"""2"""	"""1"""	"""TRUE"""	"""target"""	"""TRUE"""	"-1"	"-1"	"-1"	"-1"	"-1"	"-1"	"""logic of unclear communication"""	"""interesting"""	"""46"""	"""m"""	"4"	"0"
"What is he talking about? (1-2 mins)"	"Short and fun! A 1-2 minute word game about what someone is talking about."	"experiment, psychology, game"	"$0.20"	"Fri Jan 24 16:02:24 PST 2014"	"200"	"0"	"0"	"200"	"Reviewable"	"NotReviewed"	"1 scales"	"600"	"60000"	"Fri Jan 31 16:02:24 PST 2014"	"S60467"	"Approved"	""	"""boat"""	"""cabin"""	"0"	"""middle"""	"-1"	"0"	"1"	"1"	"0"	"0"	"""2"""	"""1"""	"""TRUE"""	"""target"""	"""TRUE"""	"-1"	"-1"	"-1"	"-1"	"-1"	"-1"	"""cabin"""	"""cabin"""	"""30"""	"""m"""	"4"	"0"
"What is he talking about? (1-2 mins)"	"Short and fun! A 1-2 minute word game about what someone is talking about."	"experiment, psychology, game"	"$0.20"	"Fri Jan 24 16:02:24 PST 2014"	"200"	"0"	"0"	"200"	"Reviewable"	"NotReviewed"	"1 scales"	"600"	"60000"	"Fri Jan 31 16:02:24 PST 2014"	"S36022"	"Approved"	""	"""boat"""	"""cabin"""	"0"	"""right"""	"-1"	"0"	"1"	"1"	"0"	"0"	"""2"""	"""1"""	"""TRUE"""	"""logical"""	"""FALSE"""	"-1"	"-1"	"-1"	"-1"	"-1"	"-1"	"""boats"""	""""""	"""20"""	"""male"""	"4"	"0"
"What is he talking about? (1-2 mins)"	"Short and fun! A 1-2 minute word game about what someone is talking about."	"experiment, psychology, game"	"$0.20"	"Fri Jan 24 16:02:24 PST 2014"	"200"	"0"	"0"	"200"	"Reviewable"	"NotReviewed"	"1 scales"	"600"	"60000"	"Fri Jan 31 16:02:24 PST 2014"	"S41630"	"Approved"	""	"""boat"""	"""motor"""	"0"	"""middle"""	"-1"	"0"	"1"	"1"	"0"	"0"	"""1"""	"""2"""	"""TRUE"""	"""target"""	"""TRUE"""	"-1"	"-1"	"-1"	"-1"	"-1"	"-1"	"""What is Bob talking about?"""	"""Nope."""	"""32"""	"""m"""	"2"	"0"
"What is he talking about? (1-2 mins)"	"Short and fun! A 1-2 minute word game about what someone is talking about."	"experiment, psychology, game"	"$0.20"	"Fri Jan 24 16:02:24 PST 2014"	"200"	"0"	"0"	"200"	"Reviewable"	"NotReviewed"	"1 scales"	"600"	"60000"	"Fri Jan 31 16:02:24 PST 2014"	"S59515"	"Approved"	""	"""snowman"""	"""hat"""	"0"	"""middle"""	"-1"	"0"	"1"	"1"	"0"	"0"	"""2"""	"""2"""	"""TRUE"""	"""target"""	"""TRUE"""	"-1"	"-1"	"-1"	"-1"	"-1"	"-1"	"""Snowmen """	"""nice and easy! """	"""19"""	"""m"""	"3"	"0"
"What is he talking about? (1-2 mins)"	"Short and fun! A 1-2 minute word game about what someone is talking about."	"experiment, psychology, game"	"$0.20"	"Fri Jan 24 16:02:24 PST 2014"	"200"	"0"	"0"	"200"	"Reviewable"	"NotReviewed"	"1 scales"	"600"	"60000"	"Fri Jan 31 16:02:24 PST 2014"	"S39200"	"Approved"	""	"""boat"""	"""cabin"""	"0"	"""right"""	"-1"	"0"	"1"	"1"	"0"	"0"	"""2"""	"""1"""	"""TRUE"""	"""logical"""	"""FALSE"""	"-1"	"-1"	"-1"	"-1"	"-1"	"-1"	"""Figuring out what a person wants based on a word."""	"""Thanks!"""	"""24"""	"""m"""	"4"	"0"
"What is he talking about? (1-2 mins)"	"Short and fun! A 1-2 minute word game about what someone is talking about."	"experiment, psychology, game"	"$0.20"	"Fri Jan 24 16:02:24 PST 2014"	"200"	"0"	"0"	"200"	"Reviewable"	"NotReviewed"	"1 scales"	"600"	"60000"	"Fri Jan 31 16:02:24 PST 2014"	"S60237"	"Approved"	""	"""sundae"""	"""chocolate"""	"0"	"""middle"""	"-1"	"0"	"1"	"1"	"0"	"0"	"""2"""	"""1"""	"""TRUE"""	"""target"""	"""TRUE"""	"-1"	"-1"	"-1"	"-1"	"-1"	"-1"	"""not sure"""	"""none"""	"""35"""	"""m"""	"4"	"0"
"What is he talking about? (1-2 mins)"	"Short and fun! A 1-2 minute word game about what someone is talking about."	"experiment, psychology, game"	"$0.20"	"Fri Jan 24 16:02:24 PST 2014"	"200"	"0"	"0"	"200"	"Reviewable"	"NotReviewed"	"1 scales"	"600"	"60000"	"Fri Jan 31 16:02:24 PST 2014"	"S07299"	"Approved"	""	"""friend"""	"""glasses"""	"0"	"""right"""	"-1"	"0"	"1"	"1"	"0"	"0"	"""2"""	"""2"""	"""TRUE"""	"""target"""	"""TRUE"""	"-1"	"-1"	"-1"	"-1"	"-1"	"-1"	"""Bob's friends"""	""""""	"""35"""	"""m"""	"3"	"0"
"What is he talking about? (1-2 mins)"	"Short and fun! A 1-2 minute word game about what someone is talking about."	"experiment, psychology, game"	"$0.20"	"Fri Jan 24 16:02:24 PST 2014"	"200"	"0"	"0"	"200"	"Reviewable"	"NotReviewed"	"1 scales"	"600"	"60000"	"Fri Jan 31 16:02:24 PST 2014"	"S33491"	"Approved"	""	"""Christmas tree"""	"""star"""	"0"	"""middle"""	"-1"	"0"	"1"	"1"	"0"	"0"	"""1"""	"""3"""	"""TRUE"""	"""target"""	"""TRUE"""	"-1"	"-1"	"-1"	"-1"	"-1"	"-1"	"""Communication; Bob; Christmas trees"""	"""No"""	"""28"""	"""m"""	"2"	"0"
"What is he talking about? (1-2 mins)"	"Short and fun! A 1-2 minute word game about what someone is talking about."	"experiment, psychology, game"	"$0.20"	"Fri Jan 24 16:02:24 PST 2014"	"200"	"0"	"0"	"200"	"Reviewable"	"NotReviewed"	"1 scales"	"600"	"60000"	"Fri Jan 31 16:02:24 PST 2014"	"S01162"	"Approved"	""	"""Christmas tree"""	"""ornaments"""	"0"	"""middle"""	"-1"	"0"	"1"	"1"	"0"	"0"	"""1"""	"""2"""	"""TRUE"""	"""target"""	"""TRUE"""	"-1"	"-1"	"-1"	"-1"	"-1"	"-1"	"""Interpretation"""	""""""	"""22"""	"""f"""	"2"	"0"
"What is he talking about? (1-2 mins)"	"Short and fun! A 1-2 minute word game about what someone is talking about."	"experiment, psychology, game"	"$0.20"	"Fri Jan 24 16:02:24 PST 2014"	"200"	"0"	"0"	"200"	"Reviewable"	"NotReviewed"	"1 scales"	"600"	"60000"	"Fri Jan 31 16:02:24 PST 2014"	"S35067"	"Approved"	""	"""snowman"""	"""scarf"""	"0"	"""middle"""	"-1"	"0"	"1"	"1"	"0"	"0"	"""1"""	"""2"""	"""TRUE"""	"""target"""	"""TRUE"""	"-1"	"-1"	"-1"	"-1"	"-1"	"-1"	"""Guesses"""	"""No"""	"""29"""	"""m"""	"2"	"0"
"What is he talking about? (1-2 mins)"	"Short and fun! A 1-2 minute word game about what someone is talking about."	"experiment, psychology, game"	"$0.20"	"Fri Jan 24 16:02:24 PST 2014"	"200"	"0"	"0"	"200"	"Reviewable"	"NotReviewed"	"1 scales"	"600"	"60000"	"Fri Jan 31 16:02:24 PST 2014"	"S00459"	"Approved"	""	"""friend"""	"""mustache"""	"0"	"""left"""	"-1"	"0"	"1"	"1"	"0"	"0"	"""1"""	"""2"""	"""TRUE"""	"""target"""	"""TRUE"""	"-1"	"-1"	"-1"	"-1"	"-1"	"-1"	"""memory"""	"""no comments"""	"""21"""	"""m"""	"2"	"0"
"What is he talking about? (1-2 mins)"	"Short and fun! A 1-2 minute word game about what someone is talking about."	"experiment, psychology, game"	"$0.20"	"Fri Jan 24 16:02:24 PST 2014"	"200"	"0"	"0"	"200"	"Reviewable"	"NotReviewed"	"1 scales"	"600"	"60000"	"Fri Jan 31 16:02:24 PST 2014"	"S02620"	"Approved"	""	"""boat"""	"""sail"""	"0"	"""middle"""	"-1"	"0"	"1"	"1"	"0"	"0"	"""2"""	"""2"""	"""TRUE"""	"""target"""	"""TRUE"""	"-1"	"-1"	"-1"	"-1"	"-1"	"-1"	"""Deciphering what boat Bob was talking about when he said the word \""sail\"""""	""""""	"""19"""	"""m"""	"3"	"0"
"What is he talking about? (1-2 mins)"	"Short and fun! A 1-2 minute word game about what someone is talking about."	"experiment, psychology, game"	"$0.20"	"Fri Jan 24 16:02:24 PST 2014"	"200"	"0"	"0"	"200"	"Reviewable"	"NotReviewed"	"1 scales"	"600"	"60000"	"Fri Jan 31 16:02:24 PST 2014"	"S37484"	"Approved"	""	"""snowman"""	"""scarf"""	"0"	"""left"""	"-1"	"0"	"1"	"1"	"0"	"0"	"""2"""	"""1"""	"""TRUE"""	"""logical"""	"""FALSE"""	"-1"	"-1"	"-1"	"-1"	"-1"	"-1"	"""Judgements about what people are talking about. Bob gave a single descriptor word and I had to think about which image identified most with what he said."""	"""None"""	"""20"""	"""m"""	"4"	"0"
"What is he talking about? (1-2 mins)"	"Short and fun! A 1-2 minute word game about what someone is talking about."	"experiment, psychology, game"	"$0.20"	"Fri Jan 24 16:02:24 PST 2014"	"200"	"0"	"0"	"200"	"Reviewable"	"NotReviewed"	"1 scales"	"600"	"60000"	"Fri Jan 31 16:02:24 PST 2014"	"S64497"	"Approved"	""	"""snowman"""	"""scarf"""	"0"	"""middle"""	"-1"	"0"	"1"	"1"	"0"	"0"	"""1"""	"""2"""	"""TRUE"""	"""target"""	"""TRUE"""	"-1"	"-1"	"-1"	"-1"	"-1"	"-1"	"""perception"""	"""no"""	"""23"""	"""m"""	"2"	"0"
"What is he talking about? (1-2 mins)"	"Short and fun! A 1-2 minute word game about what someone is talking about."	"experiment, psychology, game"	"$0.20"	"Fri Jan 24 16:02:24 PST 2014"	"200"	"0"	"0"	"200"	"Reviewable"	"NotReviewed"	"1 scales"	"600"	"60000"	"Fri Jan 31 16:02:24 PST 2014"	"S91636"	"Approved"	""	"""Christmas tree"""	"""lights"""	"0"	"""left"""	"-1"	"0"	"1"	"1"	"0"	"0"	"""3"""	"""1"""	"""TRUE"""	"""logical"""	"""FALSE"""	"-1"	"-1"	"-1"	"-1"	"-1"	"-1"	"""triming christmas trees"""	"""none"""	"""58"""	"""Female"""	"4"	"0"
"What is he talking about? (1-2 mins)"	"Short and fun! A 1-2 minute word game about what someone is talking about."	"experiment, psychology, game"	"$0.20"	"Fri Jan 24 16:02:24 PST 2014"	"200"	"0"	"0"	"200"	"Reviewable"	"NotReviewed"	"1 scales"	"600"	"60000"	"Fri Jan 31 16:02:24 PST 2014"	"S94586"	"Approved"	""	"""boat"""	"""motor"""	"0"	"""middle"""	"-1"	"0"	"1"	"1"	"0"	"0"	"""1"""	"""2"""	"""TRUE"""	"""target"""	"""TRUE"""	"-1"	"-1"	"-1"	"-1"	"-1"	"-1"	"""bob's boat"""	""""""	""""""	""""""	"2"	"0"
"What is he talking about? (1-2 mins)"	"Short and fun! A 1-2 minute word game about what someone is talking about."	"experiment, psychology, game"	"$0.20"	"Fri Jan 24 16:02:24 PST 2014"	"200"	"0"	"0"	"200"	"Reviewable"	"NotReviewed"	"1 scales"	"600"	"60000"	"Fri Jan 31 16:02:24 PST 2014"	"S76927"	"Approved"	""	"""sundae"""	"""chocolate"""	"0"	"""middle"""	"-1"	"0"	"1"	"1"	"0"	"0"	"""2"""	"""1"""	"""TRUE"""	"""target"""	"""TRUE"""	"-1"	"-1"	"-1"	"-1"	"-1"	"-1"	"""sundaes or something I don't know"""	"""no"""	"""20"""	"""m"""	"4"	"0"
"What is he talking about? (1-2 mins)"	"Short and fun! A 1-2 minute word game about what someone is talking about."	"experiment, psychology, game"	"$0.20"	"Fri Jan 24 16:02:24 PST 2014"	"200"	"0"	"0"	"200"	"Reviewable"	"NotReviewed"	"1 scales"	"600"	"60000"	"Fri Jan 31 16:02:24 PST 2014"	"S61851"	"Approved"	""	"""snowman"""	"""scarf"""	"0"	"""middle"""	"-1"	"0"	"1"	"1"	"0"	"0"	"""1"""	"""2"""	"""TRUE"""	"""target"""	"""TRUE"""	"-1"	"-1"	"-1"	"-1"	"-1"	"-1"	"""What Bob was saying about the snowmen"""	""""""	"""22"""	"""f"""	"2"	"0"
"What is he talking about? (1-2 mins)"	"Short and fun! A 1-2 minute word game about what someone is talking about."	"experiment, psychology, game"	"$0.20"	"Fri Jan 24 16:02:24 PST 2014"	"200"	"0"	"0"	"200"	"Reviewable"	"NotReviewed"	"1 scales"	"600"	"60000"	"Fri Jan 31 16:02:24 PST 2014"	"S64600"	"Approved"	""	"""Christmas tree"""	"""lights"""	"0"	"""right"""	"-1"	"0"	"1"	"1"	"0"	"0"	"""2"""	"""2"""	"""TRUE"""	"""target"""	"""TRUE"""	"-1"	"-1"	"-1"	"-1"	"-1"	"-1"	"""Recognizing lights and ornaments"""	""""""	"""29"""	"""m"""	"3"	"0"
"What is he talking about? (1-2 mins)"	"Short and fun! A 1-2 minute word game about what someone is talking about."	"experiment, psychology, game"	"$0.20"	"Fri Jan 24 16:02:24 PST 2014"	"200"	"0"	"0"	"200"	"Reviewable"	"NotReviewed"	"1 scales"	"600"	"60000"	"Fri Jan 31 16:02:24 PST 2014"	"S72999"	"Approved"	""	"""snowman"""	"""mittens"""	"0"	"""middle"""	"-1"	"0"	"1"	"1"	"0"	"0"	"""2"""	"""1"""	"""FALSE"""	"""logical"""	"""FALSE"""	"-1"	"-1"	"-1"	"-1"	"-1"	"-1"	"""It asked me what I thought about Tim's snowmen."""	"""No."""	""""""	"""female"""	"4"	"0"
"What is he talking about? (1-2 mins)"	"Short and fun! A 1-2 minute word game about what someone is talking about."	"experiment, psychology, game"	"$0.20"	"Fri Jan 24 16:02:24 PST 2014"	"200"	"0"	"0"	"200"	"Reviewable"	"NotReviewed"	"1 scales"	"600"	"60000"	"Fri Jan 31 16:02:24 PST 2014"	"S84783"	"Approved"	""	"""snowman"""	"""hat"""	"0"	"""left"""	"-1"	"0"	"1"	"1"	"0"	"0"	"""2"""	"""1"""	"""FALSE"""	"""foil"""	"""FALSE"""	"-1"	"-1"	"-1"	"-1"	"-1"	"-1"	"""The snow men was about how Joe makes snowmen every winter and he likes it. """	"""no."""	"""26"""	"""m"""	"4"	"0"
"What is he talking about? (1-2 mins)"	"Short and fun! A 1-2 minute word game about what someone is talking about."	"experiment, psychology, game"	"$0.20"	"Fri Jan 24 16:02:24 PST 2014"	"200"	"0"	"0"	"200"	"Reviewable"	"NotReviewed"	"1 scales"	"600"	"60000"	"Fri Jan 31 16:02:24 PST 2014"	"S89023"	"Approved"	""	"""pizza"""	"""olives"""	"0"	"""left"""	"-1"	"0"	"1"	"1"	"0"	"0"	"""2"""	"""1"""	"""TRUE"""	"""logical"""	"""FALSE"""	"-1"	"-1"	"-1"	"-1"	"-1"	"-1"	"""This survey was about choices of pizza. """	""""""	"""26"""	"""Male"""	"4"	"0"
"What is he talking about? (1-2 mins)"	"Short and fun! A 1-2 minute word game about what someone is talking about."	"experiment, psychology, game"	"$0.20"	"Fri Jan 24 16:02:24 PST 2014"	"200"	"0"	"0"	"200"	"Reviewable"	"NotReviewed"	"1 scales"	"600"	"60000"	"Fri Jan 31 16:02:24 PST 2014"	"S45385"	"Approved"	""	"""snowman"""	"""scarf"""	"0"	"""left"""	"-1"	"0"	"1"	"1"	"0"	"0"	"""2"""	"""1"""	"""TRUE"""	"""logical"""	"""FALSE"""	"-1"	"-1"	"-1"	"-1"	"-1"	"-1"	"""Communication. Bob said \""scarf\"" and I was asked to figure out which snowman he was referring to."""	""""""	"""22"""	"""m"""	"4"	"0"
"What is he talking about? (1-2 mins)"	"Short and fun! A 1-2 minute word game about what someone is talking about."	"experiment, psychology, game"	"$0.20"	"Fri Jan 24 16:02:24 PST 2014"	"200"	"0"	"0"	"200"	"Reviewable"	"NotReviewed"	"1 scales"	"600"	"60000"	"Fri Jan 31 16:02:24 PST 2014"	"S02181"	"Approved"	""	"""boat"""	"""motor"""	"0"	"""right"""	"-1"	"0"	"1"	"1"	"0"	"0"	"""2"""	"""3"""	"""TRUE"""	"""logical"""	"""FALSE"""	"-1"	"-1"	"-1"	"-1"	"-1"	"-1"	"""Boats"""	"""None"""	"""25"""	"""m"""	"3"	"0"
"What is he talking about? (1-2 mins)"	"Short and fun! A 1-2 minute word game about what someone is talking about."	"experiment, psychology, game"	"$0.20"	"Fri Jan 24 16:02:24 PST 2014"	"200"	"0"	"0"	"200"	"Reviewable"	"NotReviewed"	"1 scales"	"600"	"60000"	"Fri Jan 31 16:02:24 PST 2014"	"S00493"	"Approved"	""	"""Christmas tree"""	"""star"""	"0"	"""left"""	"-1"	"0"	"1"	"1"	"0"	"0"	"""2"""	"""2"""	"""TRUE"""	"""target"""	"""TRUE"""	"-1"	"-1"	"-1"	"-1"	"-1"	"-1"	"""Interpretation"""	""""""	"""26"""	"""F"""	"3"	"0"
"What is he talking about? (1-2 mins)"	"Short and fun! A 1-2 minute word game about what someone is talking about."	"experiment, psychology, game"	"$0.20"	"Fri Jan 24 16:02:24 PST 2014"	"200"	"0"	"0"	"200"	"Reviewable"	"NotReviewed"	"1 scales"	"600"	"60000"	"Fri Jan 31 16:02:24 PST 2014"	"S39211"	"Approved"	""	"""sundae"""	"""cherry"""	"0"	"""right"""	"-1"	"0"	"1"	"1"	"0"	"0"	"""2"""	"""1"""	"""TRUE"""	"""target"""	"""TRUE"""	"-1"	"-1"	"-1"	"-1"	"-1"	"-1"	"""Ice cream sundae"""	""""""	"""40"""	"""male"""	"4"	"0"
"What is he talking about? (1-2 mins)"	"Short and fun! A 1-2 minute word game about what someone is talking about."	"experiment, psychology, game"	"$0.20"	"Fri Jan 24 16:02:24 PST 2014"	"200"	"0"	"0"	"200"	"Reviewable"	"NotReviewed"	"1 scales"	"600"	"60000"	"Fri Jan 31 16:02:24 PST 2014"	"S96556"	"Approved"	""	"""snowman"""	"""mittens"""	"0"	"""left"""	"-1"	"0"	"1"	"1"	"0"	"0"	"""2"""	"""2"""	"""TRUE"""	"""target"""	"""TRUE"""	"-1"	"-1"	"-1"	"-1"	"-1"	"-1"	"""snowmen and bob only being able to say mittens"""	""""""	"""22"""	"""M"""	"3"	"0"
