"title"	"description"	"keywords"	"reward"	"creationtime"	"assignments"	"numavailable"	"numpending"	"numcomplete"	"hitstatus"	"reviewstatus"	"annotation"	"assignmentduration"	"autoapprovaldelay"	"hitlifetime"	"workerid"	"assignmentstatus"	"deadline"	"Answer.item"	"Answer.target_property"	"Answer.logical_property"	"Answer.foil_property"	"Answer.target_position"	"Answer.logical_position"	"Answer.target_frequency"	"Answer.familiarization_cond"	"Answer.participant_response_type_condition"	"Answer.participant_feature_count_condition"	"Answer.linguistic_framing_condition"	"Answer.target_filler_sequence_condition"	"Answer.question_type_condition"	"Answer.manip_check_target"	"Answer.manip_check_dist"	"Answer.name_check_correct"	"Answer.choice"	"Answer.choice_correct"	"Answer.money_allocated_to_foil"	"Answer.money_allocated_to_target"	"Answer.money_allocated_to_logical"	"Answer.Likert_value_foil"	"Answer.Likert_value_target"	"Answer.Likert_value_logical"	"Answer.about"	"Answer.comment"	"Answer.age"	"Answer.gender"	"Answer.scale_and_levels_condition"	"Answer.familiarization_present_in_study"
"What is he talking about? (1-2 mins)"	"Short and fun! A 1-2 minute word game about what someone is talking about."	"experiment, psychology, game"	"$0.20"	"Tue Mar 04 04:32:54 PST 2014"	"256"	"0"	"0"	"256"	"Reviewable"	"NotReviewed"	"1 scales"	"600"	"60000"	"Tue Mar 11 05:32:54 PDT 2014"	"S07077"	"Approved"	""	"""friend"""	"""mustache"""	"""glasses"""	"""hat"""	"""right"""	"""left"""	"0.11"	"0"	"0"	"1"	"1"	"0"	"0"	"""2"""	"""1"""	"""TRUE"""	"""logical"""	"""FALSE"""	"-1"	"-1"	"-1"	"-1"	"-1"	"-1"	"""Mustaches"""	""""""	"""41"""	"""Female"""	"1"	"1"
"What is he talking about? (1-2 mins)"	"Short and fun! A 1-2 minute word game about what someone is talking about."	"experiment, psychology, game"	"$0.20"	"Tue Mar 04 04:32:54 PST 2014"	"256"	"0"	"0"	"256"	"Reviewable"	"NotReviewed"	"1 scales"	"600"	"60000"	"Tue Mar 11 05:32:54 PDT 2014"	"S15029"	"Approved"	""	"""friend"""	"""mustache"""	"""hat"""	"""glasses"""	"""right"""	"""middle"""	"0.556"	"2"	"0"	"1"	"1"	"0"	"0"	"""2"""	"""1"""	"""TRUE"""	"""target"""	"""TRUE"""	"-1"	"-1"	"-1"	"-1"	"-1"	"-1"	"""No idea"""	""""""	""""""	""""""	"1"	"1"
"What is he talking about? (1-2 mins)"	"Short and fun! A 1-2 minute word game about what someone is talking about."	"experiment, psychology, game"	"$0.20"	"Tue Mar 04 04:32:54 PST 2014"	"256"	"0"	"0"	"256"	"Reviewable"	"NotReviewed"	"1 scales"	"600"	"60000"	"Tue Mar 11 05:32:54 PDT 2014"	"S27283"	"Approved"	""	"""boat"""	"""motor"""	"""cabin"""	"""sail"""	"""middle"""	"""left"""	"0.11"	"0"	"0"	"1"	"1"	"0"	"0"	"""2"""	"""1"""	"""TRUE"""	"""target"""	"""TRUE"""	"-1"	"-1"	"-1"	"-1"	"-1"	"-1"	"""Boats"""	"""Nope"""	"""19"""	"""m"""	"1"	"1"
"What is he talking about? (1-2 mins)"	"Short and fun! A 1-2 minute word game about what someone is talking about."	"experiment, psychology, game"	"$0.20"	"Tue Mar 04 04:32:54 PST 2014"	"256"	"0"	"0"	"256"	"Reviewable"	"NotReviewed"	"1 scales"	"600"	"60000"	"Tue Mar 11 05:32:54 PDT 2014"	"S27306"	"Approved"	""	"""boat"""	"""sail"""	"""motor"""	"""cabin"""	"""left"""	"""right"""	"0.556"	"2"	"0"	"1"	"1"	"0"	"0"	"""2"""	"""1"""	"""TRUE"""	"""target"""	"""TRUE"""	"-1"	"-1"	"-1"	"-1"	"-1"	"-1"	"""Identifying words and pictures."""	"""No."""	""""""	""""""	"1"	"1"
"What is he talking about? (1-2 mins)"	"Short and fun! A 1-2 minute word game about what someone is talking about."	"experiment, psychology, game"	"$0.20"	"Tue Mar 04 04:32:54 PST 2014"	"256"	"0"	"0"	"256"	"Reviewable"	"NotReviewed"	"1 scales"	"600"	"60000"	"Tue Mar 11 05:32:54 PDT 2014"	"S64826"	"Approved"	""	"""boat"""	"""cabin"""	"""sail"""	"""motor"""	"""middle"""	"""left"""	"0.33"	"1"	"0"	"1"	"1"	"0"	"0"	"""2"""	"""1"""	"""TRUE"""	"""target"""	"""TRUE"""	"-1"	"-1"	"-1"	"-1"	"-1"	"-1"	"""Boats he rented."""	""""""	"""40"""	"""f"""	"1"	"1"
"What is he talking about? (1-2 mins)"	"Short and fun! A 1-2 minute word game about what someone is talking about."	"experiment, psychology, game"	"$0.20"	"Tue Mar 04 04:32:54 PST 2014"	"256"	"0"	"0"	"256"	"Reviewable"	"NotReviewed"	"1 scales"	"600"	"60000"	"Tue Mar 11 05:32:54 PDT 2014"	"S07691"	"Approved"	""	"""boat"""	"""motor"""	"""cabin"""	"""sail"""	"""right"""	"""middle"""	"0.33"	"1"	"0"	"1"	"1"	"0"	"0"	"""6"""	"""6"""	"""TRUE"""	"""logical"""	"""FALSE"""	"-1"	"-1"	"-1"	"-1"	"-1"	"-1"	"""sailing """	"""Nope"""	"""31"""	"""m"""	"1"	"1"
"What is he talking about? (1-2 mins)"	"Short and fun! A 1-2 minute word game about what someone is talking about."	"experiment, psychology, game"	"$0.20"	"Tue Mar 04 04:32:54 PST 2014"	"256"	"0"	"0"	"256"	"Reviewable"	"NotReviewed"	"1 scales"	"600"	"60000"	"Tue Mar 11 05:32:54 PDT 2014"	"S65094"	"Approved"	""	"""snowman"""	"""mittens"""	"""hat"""	"""scarf"""	"""right"""	"""middle"""	"0.11"	"0"	"0"	"1"	"1"	"0"	"0"	"""2"""	"""1"""	"""TRUE"""	"""logical"""	"""FALSE"""	"-1"	"-1"	"-1"	"-1"	"-1"	"-1"	"""perception of others"""	""""""	"""33"""	"""f"""	"1"	"1"
"What is he talking about? (1-2 mins)"	"Short and fun! A 1-2 minute word game about what someone is talking about."	"experiment, psychology, game"	"$0.20"	"Tue Mar 04 04:32:54 PST 2014"	"256"	"0"	"0"	"256"	"Reviewable"	"NotReviewed"	"1 scales"	"600"	"60000"	"Tue Mar 11 05:32:54 PDT 2014"	"S00250"	"Approved"	""	"""boat"""	"""motor"""	"""sail"""	"""cabin"""	"""right"""	"""middle"""	"0.33"	"1"	"0"	"1"	"1"	"0"	"0"	"""2"""	"""1"""	"""TRUE"""	"""target"""	"""TRUE"""	"-1"	"-1"	"-1"	"-1"	"-1"	"-1"	"""words"""	"""Nope"""	"""28"""	"""m"""	"1"	"1"
"What is he talking about? (1-2 mins)"	"Short and fun! A 1-2 minute word game about what someone is talking about."	"experiment, psychology, game"	"$0.20"	"Tue Mar 04 04:32:54 PST 2014"	"256"	"0"	"0"	"256"	"Reviewable"	"NotReviewed"	"1 scales"	"600"	"60000"	"Tue Mar 11 05:32:54 PDT 2014"	"S93337"	"Approved"	""	"""pizza"""	"""peppers"""	"""olives"""	"""mushrooms"""	"""left"""	"""middle"""	"0.556"	"2"	"0"	"1"	"1"	"0"	"0"	"""6"""	"""3"""	"""TRUE"""	"""target"""	"""TRUE"""	"-1"	"-1"	"-1"	"-1"	"-1"	"-1"	"""pizza"""	""""""	"""37"""	"""f"""	"1"	"1"
"What is he talking about? (1-2 mins)"	"Short and fun! A 1-2 minute word game about what someone is talking about."	"experiment, psychology, game"	"$0.20"	"Tue Mar 04 04:32:54 PST 2014"	"256"	"0"	"0"	"256"	"Reviewable"	"NotReviewed"	"1 scales"	"600"	"60000"	"Tue Mar 11 05:32:54 PDT 2014"	"S42817"	"Approved"	""	"""Christmas tree"""	"""lights"""	"""star"""	"""ornaments"""	"""right"""	"""middle"""	"0.33"	"1"	"0"	"1"	"1"	"0"	"0"	"""2"""	"""1"""	"""TRUE"""	"""target"""	"""TRUE"""	"-1"	"-1"	"-1"	"-1"	"-1"	"-1"	"""Bob trimming his Christmas trees"""	"""no"""	"""33"""	"""f"""	"1"	"1"
"What is he talking about? (1-2 mins)"	"Short and fun! A 1-2 minute word game about what someone is talking about."	"experiment, psychology, game"	"$0.20"	"Tue Mar 04 04:32:54 PST 2014"	"256"	"0"	"0"	"256"	"Reviewable"	"NotReviewed"	"1 scales"	"600"	"60000"	"Tue Mar 11 05:32:54 PDT 2014"	"S76683"	"Approved"	""	"""sundae"""	"""whipped cream"""	"""chocolate"""	"""cherry"""	"""right"""	"""left"""	"0.33"	"1"	"0"	"1"	"1"	"0"	"0"	"""3"""	"""1"""	"""TRUE"""	"""logical"""	"""FALSE"""	"-1"	"-1"	"-1"	"-1"	"-1"	"-1"	"""ice cream"""	"""no"""	"""24"""	"""m"""	"1"	"1"
"What is he talking about? (1-2 mins)"	"Short and fun! A 1-2 minute word game about what someone is talking about."	"experiment, psychology, game"	"$0.20"	"Tue Mar 04 04:32:54 PST 2014"	"256"	"0"	"0"	"256"	"Reviewable"	"NotReviewed"	"1 scales"	"600"	"60000"	"Tue Mar 11 05:32:54 PDT 2014"	"S86891"	"Approved"	""	"""boat"""	"""cabin"""	"""sail"""	"""motor"""	"""left"""	"""right"""	"0.33"	"1"	"0"	"1"	"1"	"0"	"0"	"""2"""	"""1"""	"""TRUE"""	"""logical"""	"""FALSE"""	"-1"	"-1"	"-1"	"-1"	"-1"	"-1"	"""Picking a boat"""	"""Fun"""	"""31"""	"""m"""	"1"	"1"
"What is he talking about? (1-2 mins)"	"Short and fun! A 1-2 minute word game about what someone is talking about."	"experiment, psychology, game"	"$0.20"	"Tue Mar 04 04:32:54 PST 2014"	"256"	"0"	"0"	"256"	"Reviewable"	"NotReviewed"	"1 scales"	"600"	"60000"	"Tue Mar 11 05:32:54 PDT 2014"	"S56124"	"Approved"	""	"""boat"""	"""cabin"""	"""sail"""	"""motor"""	"""right"""	"""left"""	"0.33"	"1"	"0"	"1"	"1"	"0"	"0"	"""2"""	"""1"""	"""TRUE"""	"""target"""	"""TRUE"""	"-1"	"-1"	"-1"	"-1"	"-1"	"-1"	"""The boats that Bob sailed on different days and about how many of the boats had cabins/dails"""	""""""	"""26"""	"""f"""	"1"	"1"
"What is he talking about? (1-2 mins)"	"Short and fun! A 1-2 minute word game about what someone is talking about."	"experiment, psychology, game"	"$0.20"	"Tue Mar 04 04:32:54 PST 2014"	"256"	"0"	"0"	"256"	"Reviewable"	"NotReviewed"	"1 scales"	"600"	"60000"	"Tue Mar 11 05:32:54 PDT 2014"	"S12908"	"Approved"	""	"""Christmas tree"""	"""ornaments"""	"""lights"""	"""star"""	"""right"""	"""middle"""	"0.33"	"1"	"0"	"1"	"1"	"0"	"0"	"""2"""	"""1"""	"""TRUE"""	"""target"""	"""TRUE"""	"-1"	"-1"	"-1"	"-1"	"-1"	"-1"	"""Christmas Trees"""	"""no"""	"""22"""	"""m"""	"1"	"1"
"What is he talking about? (1-2 mins)"	"Short and fun! A 1-2 minute word game about what someone is talking about."	"experiment, psychology, game"	"$0.20"	"Tue Mar 04 04:32:54 PST 2014"	"256"	"0"	"0"	"256"	"Reviewable"	"NotReviewed"	"1 scales"	"600"	"60000"	"Tue Mar 11 05:32:54 PDT 2014"	"S74097"	"Approved"	""	"""boat"""	"""sail"""	"""cabin"""	"""motor"""	"""left"""	"""right"""	"0.778"	"3"	"0"	"1"	"1"	"0"	"0"	"""2"""	"""1"""	"""TRUE"""	"""logical"""	"""FALSE"""	"-1"	"-1"	"-1"	"-1"	"-1"	"-1"	"""the boats that Bob sails"""	""""""	"""21"""	"""f"""	"1"	"1"
"What is he talking about? (1-2 mins)"	"Short and fun! A 1-2 minute word game about what someone is talking about."	"experiment, psychology, game"	"$0.20"	"Tue Mar 04 04:32:54 PST 2014"	"256"	"0"	"0"	"256"	"Reviewable"	"NotReviewed"	"1 scales"	"600"	"60000"	"Tue Mar 11 05:32:54 PDT 2014"	"S60016"	"Approved"	""	"""Christmas tree"""	"""lights"""	"""star"""	"""ornaments"""	"""right"""	"""middle"""	"0.11"	"0"	"0"	"1"	"1"	"0"	"0"	"""2"""	"""1"""	"""TRUE"""	"""target"""	"""TRUE"""	"-1"	"-1"	"-1"	"-1"	"-1"	"-1"	"""lights"""	"""noe"""	"""42"""	"""m"""	"1"	"1"
"What is he talking about? (1-2 mins)"	"Short and fun! A 1-2 minute word game about what someone is talking about."	"experiment, psychology, game"	"$0.20"	"Tue Mar 04 04:32:54 PST 2014"	"256"	"0"	"0"	"256"	"Reviewable"	"NotReviewed"	"1 scales"	"600"	"60000"	"Tue Mar 11 05:32:54 PDT 2014"	"S32823"	"Approved"	""	"""Christmas tree"""	"""star"""	"""lights"""	"""ornaments"""	"""left"""	"""right"""	"0.33"	"1"	"0"	"1"	"1"	"0"	"0"	"""2"""	"""1"""	"""TRUE"""	"""target"""	"""TRUE"""	"-1"	"-1"	"-1"	"-1"	"-1"	"-1"	"""Memory"""	""""""	""""""	""""""	"1"	"1"
"What is he talking about? (1-2 mins)"	"Short and fun! A 1-2 minute word game about what someone is talking about."	"experiment, psychology, game"	"$0.20"	"Tue Mar 04 04:32:54 PST 2014"	"256"	"0"	"0"	"256"	"Reviewable"	"NotReviewed"	"1 scales"	"600"	"60000"	"Tue Mar 11 05:32:54 PDT 2014"	"S18517"	"Approved"	""	"""Christmas tree"""	"""star"""	"""lights"""	"""ornaments"""	"""right"""	"""left"""	"0.556"	"2"	"0"	"1"	"1"	"0"	"0"	"""2"""	"""1"""	"""TRUE"""	"""target"""	"""TRUE"""	"-1"	"-1"	"-1"	"-1"	"-1"	"-1"	"""Christmas Trees"""	"""I did not experience any errors."""	"""25"""	"""Male"""	"1"	"1"
"What is he talking about? (1-2 mins)"	"Short and fun! A 1-2 minute word game about what someone is talking about."	"experiment, psychology, game"	"$0.20"	"Tue Mar 04 04:32:54 PST 2014"	"256"	"0"	"0"	"256"	"Reviewable"	"NotReviewed"	"1 scales"	"600"	"60000"	"Tue Mar 11 05:32:54 PDT 2014"	"S87863"	"Approved"	""	"""Christmas tree"""	"""ornaments"""	"""star"""	"""lights"""	"""left"""	"""right"""	"0.33"	"1"	"0"	"1"	"1"	"0"	"0"	"""2"""	"""1"""	"""TRUE"""	"""logical"""	"""FALSE"""	"-1"	"-1"	"-1"	"-1"	"-1"	"-1"	"""to see if we know what bob was talking about """	"""Thank you for this survey """	"""36"""	"""m"""	"1"	"1"
"What is he talking about? (1-2 mins)"	"Short and fun! A 1-2 minute word game about what someone is talking about."	"experiment, psychology, game"	"$0.20"	"Tue Mar 04 04:32:54 PST 2014"	"256"	"0"	"0"	"256"	"Reviewable"	"NotReviewed"	"1 scales"	"600"	"60000"	"Tue Mar 11 05:32:54 PDT 2014"	"S76912"	"Approved"	""	"""snowman"""	"""mittens"""	"""scarf"""	"""hat"""	"""middle"""	"""right"""	"0.11"	"0"	"0"	"1"	"1"	"0"	"0"	"""2"""	"""1"""	"""TRUE"""	"""target"""	"""TRUE"""	"-1"	"-1"	"-1"	"-1"	"-1"	"-1"	"""Perception"""	""""""	""""""	""""""	"1"	"1"
"What is he talking about? (1-2 mins)"	"Short and fun! A 1-2 minute word game about what someone is talking about."	"experiment, psychology, game"	"$0.20"	"Tue Mar 04 04:32:54 PST 2014"	"256"	"0"	"0"	"256"	"Reviewable"	"NotReviewed"	"1 scales"	"600"	"60000"	"Tue Mar 11 05:32:54 PDT 2014"	"S74859"	"Approved"	""	"""friend"""	"""glasses"""	"""mustache"""	"""hat"""	"""left"""	"""right"""	"0.11"	"0"	"0"	"1"	"1"	"0"	"0"	"""2"""	"""1"""	"""TRUE"""	"""target"""	"""TRUE"""	"-1"	"-1"	"-1"	"-1"	"-1"	"-1"	"""guessing who bob is talking about"""	""""""	"""41"""	"""m"""	"1"	"1"
"What is he talking about? (1-2 mins)"	"Short and fun! A 1-2 minute word game about what someone is talking about."	"experiment, psychology, game"	"$0.20"	"Tue Mar 04 04:32:54 PST 2014"	"256"	"0"	"0"	"256"	"Reviewable"	"NotReviewed"	"1 scales"	"600"	"60000"	"Tue Mar 11 05:32:54 PDT 2014"	"S78004"	"Approved"	""	"""pizza"""	"""mushrooms"""	"""peppers"""	"""olives"""	"""left"""	"""middle"""	"0.33"	"1"	"0"	"1"	"1"	"0"	"0"	"""2"""	"""1"""	"""TRUE"""	"""target"""	"""TRUE"""	"-1"	"-1"	"-1"	"-1"	"-1"	"-1"	"""What food Bob Likes"""	""""""	"""22"""	"""m"""	"1"	"1"
"What is he talking about? (1-2 mins)"	"Short and fun! A 1-2 minute word game about what someone is talking about."	"experiment, psychology, game"	"$0.20"	"Tue Mar 04 04:32:54 PST 2014"	"256"	"0"	"0"	"256"	"Reviewable"	"NotReviewed"	"1 scales"	"600"	"60000"	"Tue Mar 11 05:32:54 PDT 2014"	"S52478"	"Approved"	""	"""Christmas tree"""	"""star"""	"""lights"""	"""ornaments"""	"""left"""	"""right"""	"0.556"	"2"	"0"	"1"	"1"	"0"	"0"	"""2"""	"""1"""	"""TRUE"""	"""target"""	"""TRUE"""	"-1"	"-1"	"-1"	"-1"	"-1"	"-1"	"""What Bob's talking about"""	"""No"""	"""42"""	"""Male"""	"1"	"1"
"What is he talking about? (1-2 mins)"	"Short and fun! A 1-2 minute word game about what someone is talking about."	"experiment, psychology, game"	"$0.20"	"Tue Mar 04 04:32:54 PST 2014"	"256"	"0"	"0"	"256"	"Reviewable"	"NotReviewed"	"1 scales"	"600"	"60000"	"Tue Mar 11 05:32:54 PDT 2014"	"S46787"	"Approved"	""	"""sundae"""	"""chocolate"""	"""whipped cream"""	"""cherry"""	"""right"""	"""middle"""	"0.33"	"1"	"0"	"1"	"1"	"0"	"0"	"""2"""	"""1"""	"""TRUE"""	"""target"""	"""TRUE"""	"-1"	"-1"	"-1"	"-1"	"-1"	"-1"	"""Identifying what Bob likes"""	""""""	"""38"""	"""f"""	"1"	"1"
"What is he talking about? (1-2 mins)"	"Short and fun! A 1-2 minute word game about what someone is talking about."	"experiment, psychology, game"	"$0.20"	"Tue Mar 04 04:32:54 PST 2014"	"256"	"0"	"0"	"256"	"Reviewable"	"NotReviewed"	"1 scales"	"600"	"60000"	"Tue Mar 11 05:32:54 PDT 2014"	"S10631"	"Approved"	""	"""snowman"""	"""hat"""	"""mittens"""	"""scarf"""	"""left"""	"""middle"""	"0.778"	"3"	"0"	"1"	"1"	"0"	"0"	"""8"""	"""1"""	"""TRUE"""	"""target"""	"""TRUE"""	"-1"	"-1"	"-1"	"-1"	"-1"	"-1"	"""identifying what bob thinks"""	""""""	"""53"""	"""m"""	"1"	"1"
"What is he talking about? (1-2 mins)"	"Short and fun! A 1-2 minute word game about what someone is talking about."	"experiment, psychology, game"	"$0.20"	"Tue Mar 04 04:32:54 PST 2014"	"256"	"0"	"0"	"256"	"Reviewable"	"NotReviewed"	"1 scales"	"600"	"60000"	"Tue Mar 11 05:32:54 PDT 2014"	"S38260"	"Approved"	""	"""friend"""	"""glasses"""	"""hat"""	"""mustache"""	"""right"""	"""left"""	"0.778"	"3"	"0"	"1"	"1"	"0"	"0"	"""2"""	"""1"""	"""TRUE"""	"""target"""	"""TRUE"""	"-1"	"-1"	"-1"	"-1"	"-1"	"-1"	"""Words to describe friends"""	"""No"""	"""29"""	"""m"""	"1"	"1"
"What is he talking about? (1-2 mins)"	"Short and fun! A 1-2 minute word game about what someone is talking about."	"experiment, psychology, game"	"$0.20"	"Tue Mar 04 04:32:54 PST 2014"	"256"	"0"	"0"	"256"	"Reviewable"	"NotReviewed"	"1 scales"	"600"	"60000"	"Tue Mar 11 05:32:54 PDT 2014"	"S43862"	"Approved"	""	"""pizza"""	"""mushrooms"""	"""olives"""	"""peppers"""	"""middle"""	"""right"""	"0.778"	"3"	"0"	"1"	"1"	"0"	"0"	"""2"""	"""1"""	"""TRUE"""	"""target"""	"""TRUE"""	"-1"	"-1"	"-1"	"-1"	"-1"	"-1"	"""Pizza"""	""""""	"""35"""	"""f"""	"1"	"1"
"What is he talking about? (1-2 mins)"	"Short and fun! A 1-2 minute word game about what someone is talking about."	"experiment, psychology, game"	"$0.20"	"Tue Mar 04 04:32:54 PST 2014"	"256"	"0"	"0"	"256"	"Reviewable"	"NotReviewed"	"1 scales"	"600"	"60000"	"Tue Mar 11 05:32:54 PDT 2014"	"S54331"	"Approved"	""	"""friend"""	"""glasses"""	"""hat"""	"""mustache"""	"""left"""	"""right"""	"0.556"	"2"	"0"	"1"	"1"	"0"	"0"	"""2"""	"""1"""	"""TRUE"""	"""target"""	"""TRUE"""	"-1"	"-1"	"-1"	"-1"	"-1"	"-1"	"""I don't know"""	""""""	"""61"""	"""f"""	"1"	"1"
"What is he talking about? (1-2 mins)"	"Short and fun! A 1-2 minute word game about what someone is talking about."	"experiment, psychology, game"	"$0.20"	"Tue Mar 04 04:32:54 PST 2014"	"256"	"0"	"0"	"256"	"Reviewable"	"NotReviewed"	"1 scales"	"600"	"60000"	"Tue Mar 11 05:32:54 PDT 2014"	"S86010"	"Approved"	""	"""friend"""	"""glasses"""	"""mustache"""	"""hat"""	"""right"""	"""left"""	"0.556"	"2"	"0"	"1"	"1"	"0"	"0"	"""2"""	"""1"""	"""TRUE"""	"""target"""	"""TRUE"""	"-1"	"-1"	"-1"	"-1"	"-1"	"-1"	"""I have absolutely no idea."""	"""Nope"""	"""23"""	"""f"""	"1"	"1"
"What is he talking about? (1-2 mins)"	"Short and fun! A 1-2 minute word game about what someone is talking about."	"experiment, psychology, game"	"$0.20"	"Tue Mar 04 04:32:54 PST 2014"	"256"	"0"	"0"	"256"	"Reviewable"	"NotReviewed"	"1 scales"	"600"	"60000"	"Tue Mar 11 05:32:54 PDT 2014"	"S71495"	"Approved"	""	"""boat"""	"""motor"""	"""cabin"""	"""sail"""	"""middle"""	"""left"""	"0.33"	"1"	"0"	"1"	"1"	"0"	"0"	"""2"""	"""1"""	"""TRUE"""	"""target"""	"""TRUE"""	"-1"	"-1"	"-1"	"-1"	"-1"	"-1"	"""Bob and all of the boats he's rented."""	"""Thanks!"""	"""40"""	"""F"""	"1"	"1"
"What is he talking about? (1-2 mins)"	"Short and fun! A 1-2 minute word game about what someone is talking about."	"experiment, psychology, game"	"$0.20"	"Tue Mar 04 04:32:54 PST 2014"	"256"	"0"	"0"	"256"	"Reviewable"	"NotReviewed"	"1 scales"	"600"	"60000"	"Tue Mar 11 05:32:54 PDT 2014"	"S91809"	"Approved"	""	"""sundae"""	"""whipped cream"""	"""cherry"""	"""chocolate"""	"""middle"""	"""left"""	"0.33"	"1"	"0"	"1"	"1"	"0"	"0"	"""2"""	"""1"""	"""TRUE"""	"""logical"""	"""FALSE"""	"-1"	"-1"	"-1"	"-1"	"-1"	"-1"	"""bob and his sundae"""	"""great hit"""	"""22"""	"""m"""	"1"	"1"
"What is he talking about? (1-2 mins)"	"Short and fun! A 1-2 minute word game about what someone is talking about."	"experiment, psychology, game"	"$0.20"	"Tue Mar 04 04:32:54 PST 2014"	"256"	"0"	"0"	"256"	"Reviewable"	"NotReviewed"	"1 scales"	"600"	"60000"	"Tue Mar 11 05:32:54 PDT 2014"	"S90119"	"Approved"	""	"""pizza"""	"""olives"""	"""peppers"""	"""mushrooms"""	"""middle"""	"""right"""	"0.778"	"3"	"0"	"1"	"1"	"0"	"0"	"""1"""	"""1"""	"""TRUE"""	"""target"""	"""TRUE"""	"-1"	"-1"	"-1"	"-1"	"-1"	"-1"	"""Comprehension of pizza toppings?"""	""""""	"""22"""	"""m"""	"1"	"1"
"What is he talking about? (1-2 mins)"	"Short and fun! A 1-2 minute word game about what someone is talking about."	"experiment, psychology, game"	"$0.20"	"Tue Mar 04 04:32:54 PST 2014"	"256"	"0"	"0"	"256"	"Reviewable"	"NotReviewed"	"1 scales"	"600"	"60000"	"Tue Mar 11 05:32:54 PDT 2014"	"S99461"	"Approved"	""	"""sundae"""	"""chocolate"""	"""whipped cream"""	"""cherry"""	"""left"""	"""middle"""	"0.556"	"2"	"0"	"1"	"1"	"0"	"0"	"""10"""	"""4"""	"""FALSE"""	"""target"""	"""TRUE"""	"-1"	"-1"	"-1"	"-1"	"-1"	"-1"	"""observation"""	""""""	"""52"""	"""f"""	"1"	"1"
"What is he talking about? (1-2 mins)"	"Short and fun! A 1-2 minute word game about what someone is talking about."	"experiment, psychology, game"	"$0.20"	"Tue Mar 04 04:32:54 PST 2014"	"256"	"0"	"0"	"256"	"Reviewable"	"NotReviewed"	"1 scales"	"600"	"60000"	"Tue Mar 11 05:32:54 PDT 2014"	"S03470"	"Approved"	""	"""pizza"""	"""olives"""	"""peppers"""	"""mushrooms"""	"""middle"""	"""right"""	"0.33"	"1"	"0"	"1"	"1"	"0"	"0"	"""2"""	"""1"""	"""TRUE"""	"""target"""	"""TRUE"""	"-1"	"-1"	"-1"	"-1"	"-1"	"-1"	"""Pizza and Olives"""	""""""	"""31"""	"""f"""	"1"	"1"
"What is he talking about? (1-2 mins)"	"Short and fun! A 1-2 minute word game about what someone is talking about."	"experiment, psychology, game"	"$0.20"	"Tue Mar 04 04:32:54 PST 2014"	"256"	"0"	"0"	"256"	"Reviewable"	"NotReviewed"	"1 scales"	"600"	"60000"	"Tue Mar 11 05:32:54 PDT 2014"	"S04304"	"Approved"	""	"""Christmas tree"""	"""ornaments"""	"""star"""	"""lights"""	"""middle"""	"""right"""	"0.33"	"1"	"0"	"1"	"1"	"0"	"0"	"""2"""	"""1"""	"""TRUE"""	"""target"""	"""TRUE"""	"-1"	"-1"	"-1"	"-1"	"-1"	"-1"	"""Bob's fascination with Christmas trees."""	""""""	"""20"""	"""Female"""	"1"	"1"
"What is he talking about? (1-2 mins)"	"Short and fun! A 1-2 minute word game about what someone is talking about."	"experiment, psychology, game"	"$0.20"	"Tue Mar 04 04:32:54 PST 2014"	"256"	"0"	"0"	"256"	"Reviewable"	"NotReviewed"	"1 scales"	"600"	"60000"	"Tue Mar 11 05:32:54 PDT 2014"	"S78932"	"Approved"	""	"""friend"""	"""glasses"""	"""hat"""	"""mustache"""	"""left"""	"""middle"""	"0.778"	"3"	"0"	"1"	"1"	"0"	"0"	"""2"""	"""1"""	"""TRUE"""	"""target"""	"""TRUE"""	"-1"	"-1"	"-1"	"-1"	"-1"	"-1"	"""WHo bob likes to hang out with"""	"""Pretty weird but interesting hit"""	"""28"""	"""Male"""	"1"	"1"
"What is he talking about? (1-2 mins)"	"Short and fun! A 1-2 minute word game about what someone is talking about."	"experiment, psychology, game"	"$0.20"	"Tue Mar 04 04:32:54 PST 2014"	"256"	"0"	"0"	"256"	"Reviewable"	"NotReviewed"	"1 scales"	"600"	"60000"	"Tue Mar 11 05:32:54 PDT 2014"	"S09332"	"Approved"	""	"""friend"""	"""hat"""	"""glasses"""	"""mustache"""	"""right"""	"""middle"""	"0.778"	"3"	"0"	"1"	"1"	"0"	"0"	"""2"""	"""1"""	"""TRUE"""	"""target"""	"""TRUE"""	"-1"	"-1"	"-1"	"-1"	"-1"	"-1"	"""Bob visiting friends"""	""""""	"""35"""	"""m"""	"1"	"1"
"What is he talking about? (1-2 mins)"	"Short and fun! A 1-2 minute word game about what someone is talking about."	"experiment, psychology, game"	"$0.20"	"Tue Mar 04 04:32:54 PST 2014"	"256"	"0"	"0"	"256"	"Reviewable"	"NotReviewed"	"1 scales"	"600"	"60000"	"Tue Mar 11 05:32:54 PDT 2014"	"S95110"	"Approved"	""	"""snowman"""	"""mittens"""	"""hat"""	"""scarf"""	"""right"""	"""middle"""	"0.11"	"0"	"0"	"1"	"1"	"0"	"0"	"""2"""	"""1"""	"""TRUE"""	"""target"""	"""TRUE"""	"-1"	"-1"	"-1"	"-1"	"-1"	"-1"	"""What bob was talking about?"""	"""Very odd survey, but thanks!"""	"""22"""	"""m"""	"1"	"1"
"What is he talking about? (1-2 mins)"	"Short and fun! A 1-2 minute word game about what someone is talking about."	"experiment, psychology, game"	"$0.20"	"Tue Mar 04 04:32:54 PST 2014"	"256"	"0"	"0"	"256"	"Reviewable"	"NotReviewed"	"1 scales"	"600"	"60000"	"Tue Mar 11 05:32:54 PDT 2014"	"S07677"	"Approved"	""	"""friend"""	"""glasses"""	"""mustache"""	"""hat"""	"""middle"""	"""left"""	"0.11"	"0"	"0"	"1"	"1"	"0"	"0"	"""2"""	"""1"""	"""TRUE"""	"""target"""	"""TRUE"""	"-1"	"-1"	"-1"	"-1"	"-1"	"-1"	"""friends bob has visited"""	""""""	"""24"""	"""f"""	"1"	"1"
"What is he talking about? (1-2 mins)"	"Short and fun! A 1-2 minute word game about what someone is talking about."	"experiment, psychology, game"	"$0.20"	"Tue Mar 04 04:32:54 PST 2014"	"256"	"0"	"0"	"256"	"Reviewable"	"NotReviewed"	"1 scales"	"600"	"60000"	"Tue Mar 11 05:32:54 PDT 2014"	"S11720"	"Approved"	""	"""Christmas tree"""	"""lights"""	"""ornaments"""	"""star"""	"""middle"""	"""right"""	"0.556"	"2"	"0"	"1"	"1"	"0"	"0"	"""9"""	"""5"""	"""TRUE"""	"""foil"""	"""FALSE"""	"-1"	"-1"	"-1"	"-1"	"-1"	"-1"	"""ABOUT CHOICES"""	""""""	""""""	"""FEMALE"""	"1"	"1"
"What is he talking about? (1-2 mins)"	"Short and fun! A 1-2 minute word game about what someone is talking about."	"experiment, psychology, game"	"$0.20"	"Tue Mar 04 04:32:54 PST 2014"	"256"	"0"	"0"	"256"	"Reviewable"	"NotReviewed"	"1 scales"	"600"	"60000"	"Tue Mar 11 05:32:54 PDT 2014"	"S46073"	"Approved"	""	"""sundae"""	"""cherry"""	"""chocolate"""	"""whipped cream"""	"""right"""	"""left"""	"0.556"	"2"	"0"	"1"	"1"	"0"	"0"	"""2"""	"""1"""	"""TRUE"""	"""target"""	"""TRUE"""	"-1"	"-1"	"-1"	"-1"	"-1"	"-1"	"""Ice cream sundaes / what someone is talking about"""	""""""	"""24"""	"""f"""	"1"	"1"
"What is he talking about? (1-2 mins)"	"Short and fun! A 1-2 minute word game about what someone is talking about."	"experiment, psychology, game"	"$0.20"	"Tue Mar 04 04:32:54 PST 2014"	"256"	"0"	"0"	"256"	"Reviewable"	"NotReviewed"	"1 scales"	"600"	"60000"	"Tue Mar 11 05:32:54 PDT 2014"	"S84396"	"Approved"	""	"""friend"""	"""glasses"""	"""hat"""	"""mustache"""	"""right"""	"""left"""	"0.778"	"3"	"0"	"1"	"1"	"0"	"0"	"""2"""	"""1"""	"""TRUE"""	"""target"""	"""TRUE"""	"-1"	"-1"	"-1"	"-1"	"-1"	"-1"	"""friends and their looks"""	"""no"""	"""26"""	"""f"""	"1"	"1"
"What is he talking about? (1-2 mins)"	"Short and fun! A 1-2 minute word game about what someone is talking about."	"experiment, psychology, game"	"$0.20"	"Tue Mar 04 04:32:54 PST 2014"	"256"	"0"	"0"	"256"	"Reviewable"	"NotReviewed"	"1 scales"	"600"	"60000"	"Tue Mar 11 05:32:54 PDT 2014"	"S32491"	"Approved"	""	"""sundae"""	"""whipped cream"""	"""chocolate"""	"""cherry"""	"""left"""	"""middle"""	"0.11"	"0"	"0"	"1"	"1"	"0"	"0"	"""2"""	"""1"""	"""TRUE"""	"""target"""	"""TRUE"""	"-1"	"-1"	"-1"	"-1"	"-1"	"-1"	"""Choosing an item that Bob is talking about."""	""""""	"""29"""	"""m"""	"1"	"1"
"What is he talking about? (1-2 mins)"	"Short and fun! A 1-2 minute word game about what someone is talking about."	"experiment, psychology, game"	"$0.20"	"Tue Mar 04 04:32:54 PST 2014"	"256"	"0"	"0"	"256"	"Reviewable"	"NotReviewed"	"1 scales"	"600"	"60000"	"Tue Mar 11 05:32:54 PDT 2014"	"S30217"	"Approved"	""	"""Christmas tree"""	"""lights"""	"""ornaments"""	"""star"""	"""left"""	"""middle"""	"0.11"	"0"	"0"	"1"	"1"	"0"	"0"	"""2"""	"""1"""	"""TRUE"""	"""logical"""	"""FALSE"""	"-1"	"-1"	"-1"	"-1"	"-1"	"-1"	"""trees"""	"""no"""	""""""	"""m"""	"1"	"1"
"What is he talking about? (1-2 mins)"	"Short and fun! A 1-2 minute word game about what someone is talking about."	"experiment, psychology, game"	"$0.20"	"Tue Mar 04 04:32:54 PST 2014"	"256"	"0"	"0"	"256"	"Reviewable"	"NotReviewed"	"1 scales"	"600"	"60000"	"Tue Mar 11 05:32:54 PDT 2014"	"S44960"	"Approved"	""	"""boat"""	"""cabin"""	"""sail"""	"""motor"""	"""left"""	"""middle"""	"0.11"	"0"	"0"	"1"	"1"	"0"	"0"	"""2"""	"""1"""	"""TRUE"""	"""target"""	"""TRUE"""	"-1"	"-1"	"-1"	"-1"	"-1"	"-1"	"""no idea"""	""""""	"""28"""	"""m"""	"1"	"1"
"What is he talking about? (1-2 mins)"	"Short and fun! A 1-2 minute word game about what someone is talking about."	"experiment, psychology, game"	"$0.20"	"Tue Mar 04 04:32:54 PST 2014"	"256"	"0"	"0"	"256"	"Reviewable"	"NotReviewed"	"1 scales"	"600"	"60000"	"Tue Mar 11 05:32:54 PDT 2014"	"S49675"	"Approved"	""	"""sundae"""	"""chocolate"""	"""whipped cream"""	"""cherry"""	"""middle"""	"""right"""	"0.556"	"2"	"0"	"1"	"1"	"0"	"0"	"""2"""	"""1"""	"""TRUE"""	"""target"""	"""TRUE"""	"-1"	"-1"	"-1"	"-1"	"-1"	"-1"	"""sundaes that Bob ate"""	"""no"""	""""""	"""f"""	"1"	"1"
"What is he talking about? (1-2 mins)"	"Short and fun! A 1-2 minute word game about what someone is talking about."	"experiment, psychology, game"	"$0.20"	"Tue Mar 04 04:32:54 PST 2014"	"256"	"0"	"0"	"256"	"Reviewable"	"NotReviewed"	"1 scales"	"600"	"60000"	"Tue Mar 11 05:32:54 PDT 2014"	"S08420"	"Approved"	""	"""sundae"""	"""cherry"""	"""chocolate"""	"""whipped cream"""	"""middle"""	"""left"""	"0.556"	"2"	"0"	"1"	"1"	"0"	"0"	"""3"""	"""2"""	"""TRUE"""	"""target"""	"""TRUE"""	"-1"	"-1"	"-1"	"-1"	"-1"	"-1"	"""I am not sure, memory?"""	"""N/A"""	"""29"""	"""F"""	"1"	"1"
"What is he talking about? (1-2 mins)"	"Short and fun! A 1-2 minute word game about what someone is talking about."	"experiment, psychology, game"	"$0.20"	"Tue Mar 04 04:32:54 PST 2014"	"256"	"0"	"0"	"256"	"Reviewable"	"NotReviewed"	"1 scales"	"600"	"60000"	"Tue Mar 11 05:32:54 PDT 2014"	"S97521"	"Approved"	""	"""friend"""	"""glasses"""	"""mustache"""	"""hat"""	"""middle"""	"""left"""	"0.11"	"0"	"0"	"1"	"1"	"0"	"0"	"""2"""	"""7"""	"""TRUE"""	"""target"""	"""TRUE"""	"-1"	"-1"	"-1"	"-1"	"-1"	"-1"	"""visiting friend"""	"""no"""	""""""	""""""	"1"	"1"
"What is he talking about? (1-2 mins)"	"Short and fun! A 1-2 minute word game about what someone is talking about."	"experiment, psychology, game"	"$0.20"	"Tue Mar 04 04:32:54 PST 2014"	"256"	"0"	"0"	"256"	"Reviewable"	"NotReviewed"	"1 scales"	"600"	"60000"	"Tue Mar 11 05:32:54 PDT 2014"	"S17500"	"Approved"	""	"""Christmas tree"""	"""ornaments"""	"""star"""	"""lights"""	"""middle"""	"""right"""	"0.778"	"3"	"0"	"1"	"1"	"0"	"0"	"""2"""	"""1"""	"""TRUE"""	"""logical"""	"""FALSE"""	"-1"	"-1"	"-1"	"-1"	"-1"	"-1"	"""Bob trimming the Christmas tree."""	""""""	"""41"""	"""F"""	"1"	"1"
"What is he talking about? (1-2 mins)"	"Short and fun! A 1-2 minute word game about what someone is talking about."	"experiment, psychology, game"	"$0.20"	"Tue Mar 04 04:32:54 PST 2014"	"256"	"0"	"0"	"256"	"Reviewable"	"NotReviewed"	"1 scales"	"600"	"60000"	"Tue Mar 11 05:32:54 PDT 2014"	"S44627"	"Approved"	""	"""sundae"""	"""chocolate"""	"""cherry"""	"""whipped cream"""	"""right"""	"""left"""	"0.778"	"3"	"0"	"1"	"1"	"0"	"0"	"""2"""	"""1"""	"""FALSE"""	"""target"""	"""TRUE"""	"-1"	"-1"	"-1"	"-1"	"-1"	"-1"	"""sundaes"""	"""none"""	"""30"""	"""f"""	"1"	"1"
"What is he talking about? (1-2 mins)"	"Short and fun! A 1-2 minute word game about what someone is talking about."	"experiment, psychology, game"	"$0.20"	"Tue Mar 04 04:32:54 PST 2014"	"256"	"0"	"0"	"256"	"Reviewable"	"NotReviewed"	"1 scales"	"600"	"60000"	"Tue Mar 11 05:32:54 PDT 2014"	"S40890"	"Approved"	""	"""friend"""	"""mustache"""	"""hat"""	"""glasses"""	"""right"""	"""middle"""	"0.11"	"0"	"0"	"1"	"1"	"0"	"0"	"""2"""	"""1"""	"""TRUE"""	"""target"""	"""TRUE"""	"-1"	"-1"	"-1"	"-1"	"-1"	"-1"	"""mustaches and frienxds"""	"""none"""	"""35"""	"""m"""	"1"	"1"
"What is he talking about? (1-2 mins)"	"Short and fun! A 1-2 minute word game about what someone is talking about."	"experiment, psychology, game"	"$0.20"	"Tue Mar 04 04:32:54 PST 2014"	"256"	"0"	"0"	"256"	"Reviewable"	"NotReviewed"	"1 scales"	"600"	"60000"	"Tue Mar 11 05:32:54 PDT 2014"	"S55959"	"Approved"	""	"""pizza"""	"""olives"""	"""peppers"""	"""mushrooms"""	"""right"""	"""left"""	"0.778"	"3"	"0"	"1"	"1"	"0"	"0"	"""2"""	"""1"""	"""TRUE"""	"""target"""	"""TRUE"""	"-1"	"-1"	"-1"	"-1"	"-1"	"-1"	"""Bob love for pizza"""	""""""	"""28"""	"""f"""	"1"	"1"
"What is he talking about? (1-2 mins)"	"Short and fun! A 1-2 minute word game about what someone is talking about."	"experiment, psychology, game"	"$0.20"	"Tue Mar 04 04:32:54 PST 2014"	"256"	"0"	"0"	"256"	"Reviewable"	"NotReviewed"	"1 scales"	"600"	"60000"	"Tue Mar 11 05:32:54 PDT 2014"	"S46386"	"Approved"	""	"""boat"""	"""cabin"""	"""sail"""	"""motor"""	"""middle"""	"""left"""	"0.556"	"2"	"0"	"1"	"1"	"0"	"0"	"""2"""	"""1"""	"""TRUE"""	"""target"""	"""TRUE"""	"-1"	"-1"	"-1"	"-1"	"-1"	"-1"	"""Which boat bob sails or the boats he sails."""	"""None"""	"""46"""	"""m"""	"1"	"1"
"What is he talking about? (1-2 mins)"	"Short and fun! A 1-2 minute word game about what someone is talking about."	"experiment, psychology, game"	"$0.20"	"Tue Mar 04 04:32:54 PST 2014"	"256"	"0"	"0"	"256"	"Reviewable"	"NotReviewed"	"1 scales"	"600"	"60000"	"Tue Mar 11 05:32:54 PDT 2014"	"S63326"	"Approved"	""	"""boat"""	"""sail"""	"""cabin"""	"""motor"""	"""right"""	"""middle"""	"0.11"	"0"	"0"	"1"	"1"	"0"	"0"	"""2"""	"""1"""	"""TRUE"""	"""foil"""	"""FALSE"""	"-1"	"-1"	"-1"	"-1"	"-1"	"-1"	"""Atteention to detail"""	"""I like sailing too"""	"""49"""	"""m"""	"1"	"1"
"What is he talking about? (1-2 mins)"	"Short and fun! A 1-2 minute word game about what someone is talking about."	"experiment, psychology, game"	"$0.20"	"Tue Mar 04 04:32:54 PST 2014"	"256"	"0"	"0"	"256"	"Reviewable"	"NotReviewed"	"1 scales"	"600"	"60000"	"Tue Mar 11 05:32:54 PDT 2014"	"S37737"	"Approved"	""	"""boat"""	"""motor"""	"""cabin"""	"""sail"""	"""middle"""	"""right"""	"0.778"	"3"	"0"	"1"	"1"	"0"	"0"	"""2"""	"""1"""	"""TRUE"""	"""target"""	"""TRUE"""	"-1"	"-1"	"-1"	"-1"	"-1"	"-1"	"""Language"""	""""""	"""26"""	"""m"""	"1"	"1"
"What is he talking about? (1-2 mins)"	"Short and fun! A 1-2 minute word game about what someone is talking about."	"experiment, psychology, game"	"$0.20"	"Tue Mar 04 04:32:54 PST 2014"	"256"	"0"	"0"	"256"	"Reviewable"	"NotReviewed"	"1 scales"	"600"	"60000"	"Tue Mar 11 05:32:54 PDT 2014"	"S97024"	"Approved"	""	"""Christmas tree"""	"""star"""	"""lights"""	"""ornaments"""	"""right"""	"""middle"""	"0.778"	"3"	"0"	"1"	"1"	"0"	"0"	"""2"""	"""1"""	"""TRUE"""	"""target"""	"""TRUE"""	"-1"	"-1"	"-1"	"-1"	"-1"	"-1"	"""Not sure."""	"""No."""	"""26"""	"""m"""	"1"	"1"
"What is he talking about? (1-2 mins)"	"Short and fun! A 1-2 minute word game about what someone is talking about."	"experiment, psychology, game"	"$0.20"	"Tue Mar 04 04:32:54 PST 2014"	"256"	"0"	"0"	"256"	"Reviewable"	"NotReviewed"	"1 scales"	"600"	"60000"	"Tue Mar 11 05:32:54 PDT 2014"	"S85230"	"Approved"	""	"""snowman"""	"""mittens"""	"""scarf"""	"""hat"""	"""left"""	"""right"""	"0.11"	"0"	"0"	"1"	"1"	"0"	"0"	"""2"""	"""1"""	"""TRUE"""	"""foil"""	"""FALSE"""	"-1"	"-1"	"-1"	"-1"	"-1"	"-1"	"""How language is interpreted """	""""""	"""25"""	"""m"""	"1"	"1"
"What is he talking about? (1-2 mins)"	"Short and fun! A 1-2 minute word game about what someone is talking about."	"experiment, psychology, game"	"$0.20"	"Tue Mar 04 04:32:54 PST 2014"	"256"	"0"	"0"	"256"	"Reviewable"	"NotReviewed"	"1 scales"	"600"	"60000"	"Tue Mar 11 05:32:54 PDT 2014"	"S00516"	"Approved"	""	"""friend"""	"""glasses"""	"""hat"""	"""mustache"""	"""right"""	"""middle"""	"0.33"	"1"	"0"	"1"	"1"	"0"	"0"	"""2"""	"""1"""	"""TRUE"""	"""target"""	"""TRUE"""	"-1"	"-1"	"-1"	"-1"	"-1"	"-1"	"""I'm not sure."""	"""No comments, thanks!"""	"""21"""	"""m"""	"1"	"1"
"What is he talking about? (1-2 mins)"	"Short and fun! A 1-2 minute word game about what someone is talking about."	"experiment, psychology, game"	"$0.20"	"Tue Mar 04 04:32:54 PST 2014"	"256"	"0"	"0"	"256"	"Reviewable"	"NotReviewed"	"1 scales"	"600"	"60000"	"Tue Mar 11 05:32:54 PDT 2014"	"S14461"	"Approved"	""	"""snowman"""	"""scarf"""	"""hat"""	"""mittens"""	"""middle"""	"""left"""	"0.778"	"3"	"0"	"1"	"1"	"0"	"0"	"""12"""	"""1"""	"""TRUE"""	"""target"""	"""TRUE"""	"-1"	"-1"	"-1"	"-1"	"-1"	"-1"	"""Observation, and memory? """	"""Awesome survey. Was actually entertaining!"""	"""27"""	"""m"""	"1"	"1"
"What is he talking about? (1-2 mins)"	"Short and fun! A 1-2 minute word game about what someone is talking about."	"experiment, psychology, game"	"$0.20"	"Tue Mar 04 04:32:54 PST 2014"	"256"	"0"	"0"	"256"	"Reviewable"	"NotReviewed"	"1 scales"	"600"	"60000"	"Tue Mar 11 05:32:54 PDT 2014"	"S06885"	"Approved"	""	"""snowman"""	"""mittens"""	"""scarf"""	"""hat"""	"""left"""	"""middle"""	"0.11"	"0"	"0"	"1"	"1"	"0"	"0"	"""2"""	"""1"""	"""TRUE"""	"""target"""	"""TRUE"""	"-1"	"-1"	"-1"	"-1"	"-1"	"-1"	"""It was about language cognition.  Bob could only use one word to communicate about snowmen."""	"""This was an interesting survey!"""	"""34"""	"""m"""	"1"	"1"
"What is he talking about? (1-2 mins)"	"Short and fun! A 1-2 minute word game about what someone is talking about."	"experiment, psychology, game"	"$0.20"	"Tue Mar 04 04:32:54 PST 2014"	"256"	"0"	"0"	"256"	"Reviewable"	"NotReviewed"	"1 scales"	"600"	"60000"	"Tue Mar 11 05:32:54 PDT 2014"	"S20165"	"Approved"	""	"""boat"""	"""sail"""	"""cabin"""	"""motor"""	"""left"""	"""middle"""	"0.11"	"0"	"0"	"1"	"1"	"0"	"0"	"""2"""	"""1"""	"""TRUE"""	"""target"""	"""TRUE"""	"-1"	"-1"	"-1"	"-1"	"-1"	"-1"	"""Determining what Bob was talking about."""	"""Good luck."""	"""24"""	"""m"""	"1"	"1"
"What is he talking about? (1-2 mins)"	"Short and fun! A 1-2 minute word game about what someone is talking about."	"experiment, psychology, game"	"$0.20"	"Tue Mar 04 04:32:54 PST 2014"	"256"	"0"	"0"	"256"	"Reviewable"	"NotReviewed"	"1 scales"	"600"	"60000"	"Tue Mar 11 05:32:54 PDT 2014"	"S40249"	"Approved"	""	"""snowman"""	"""hat"""	"""mittens"""	"""scarf"""	"""middle"""	"""left"""	"0.556"	"2"	"0"	"1"	"1"	"0"	"0"	"""8"""	"""3"""	"""TRUE"""	"""target"""	"""TRUE"""	"-1"	"-1"	"-1"	"-1"	"-1"	"-1"	"""Remembering the details of snowmen bob built"""	"""none"""	"""34"""	"""f"""	"1"	"1"
"What is he talking about? (1-2 mins)"	"Short and fun! A 1-2 minute word game about what someone is talking about."	"experiment, psychology, game"	"$0.20"	"Tue Mar 04 04:32:54 PST 2014"	"256"	"0"	"0"	"256"	"Reviewable"	"NotReviewed"	"1 scales"	"600"	"60000"	"Tue Mar 11 05:32:54 PDT 2014"	"S82908"	"Approved"	""	"""Christmas tree"""	"""ornaments"""	"""star"""	"""lights"""	"""right"""	"""left"""	"0.556"	"2"	"0"	"1"	"1"	"0"	"0"	"""2"""	"""1"""	"""TRUE"""	"""target"""	"""TRUE"""	"-1"	"-1"	"-1"	"-1"	"-1"	"-1"	"""Christmas trees"""	"""No"""	"""44"""	"""F"""	"1"	"1"
"What is he talking about? (1-2 mins)"	"Short and fun! A 1-2 minute word game about what someone is talking about."	"experiment, psychology, game"	"$0.20"	"Tue Mar 04 04:32:54 PST 2014"	"256"	"0"	"0"	"256"	"Reviewable"	"NotReviewed"	"1 scales"	"600"	"60000"	"Tue Mar 11 05:32:54 PDT 2014"	"S09282"	"Approved"	""	"""pizza"""	"""peppers"""	"""mushrooms"""	"""olives"""	"""right"""	"""left"""	"0.33"	"1"	"0"	"1"	"1"	"0"	"0"	"""2"""	"""1"""	"""TRUE"""	"""target"""	"""TRUE"""	"-1"	"-1"	"-1"	"-1"	"-1"	"-1"	"""I don't know."""	"""No thanks."""	"""23"""	"""f"""	"1"	"1"
"What is he talking about? (1-2 mins)"	"Short and fun! A 1-2 minute word game about what someone is talking about."	"experiment, psychology, game"	"$0.20"	"Tue Mar 04 04:32:54 PST 2014"	"256"	"0"	"0"	"256"	"Reviewable"	"NotReviewed"	"1 scales"	"600"	"60000"	"Tue Mar 11 05:32:54 PDT 2014"	"S48306"	"Approved"	""	"""friend"""	"""glasses"""	"""mustache"""	"""hat"""	"""left"""	"""middle"""	"0.33"	"1"	"0"	"1"	"1"	"0"	"0"	"""2"""	"""1"""	"""TRUE"""	"""target"""	"""TRUE"""	"-1"	"-1"	"-1"	"-1"	"-1"	"-1"	"""no clue"""	"""no comments"""	"""31"""	"""m"""	"1"	"1"
"What is he talking about? (1-2 mins)"	"Short and fun! A 1-2 minute word game about what someone is talking about."	"experiment, psychology, game"	"$0.20"	"Tue Mar 04 04:32:54 PST 2014"	"256"	"0"	"0"	"256"	"Reviewable"	"NotReviewed"	"1 scales"	"600"	"60000"	"Tue Mar 11 05:32:54 PDT 2014"	"S93062"	"Approved"	""	"""Christmas tree"""	"""star"""	"""ornaments"""	"""lights"""	"""left"""	"""middle"""	"0.11"	"0"	"0"	"1"	"1"	"0"	"0"	"""2"""	"""1"""	"""TRUE"""	"""target"""	"""TRUE"""	"-1"	"-1"	"-1"	"-1"	"-1"	"-1"	"""Christmas tree trimming and Bob's obsession with it and lack of vocabulary"""	""""""	"""28"""	"""f"""	"1"	"1"
"What is he talking about? (1-2 mins)"	"Short and fun! A 1-2 minute word game about what someone is talking about."	"experiment, psychology, game"	"$0.20"	"Tue Mar 04 04:32:54 PST 2014"	"256"	"0"	"0"	"256"	"Reviewable"	"NotReviewed"	"1 scales"	"600"	"60000"	"Tue Mar 11 05:32:54 PDT 2014"	"S01526"	"Approved"	""	"""friend"""	"""hat"""	"""mustache"""	"""glasses"""	"""left"""	"""middle"""	"0.778"	"3"	"0"	"1"	"1"	"0"	"0"	"""2"""	"""1"""	"""TRUE"""	"""target"""	"""TRUE"""	"-1"	"-1"	"-1"	"-1"	"-1"	"-1"	"""what friend bob was meeting"""	"""Thanks!"""	"""38"""	"""f"""	"1"	"1"
"What is he talking about? (1-2 mins)"	"Short and fun! A 1-2 minute word game about what someone is talking about."	"experiment, psychology, game"	"$0.20"	"Tue Mar 04 04:32:54 PST 2014"	"256"	"0"	"0"	"256"	"Reviewable"	"NotReviewed"	"1 scales"	"600"	"60000"	"Tue Mar 11 05:32:54 PDT 2014"	"S64659"	"Approved"	""	"""snowman"""	"""mittens"""	"""hat"""	"""scarf"""	"""left"""	"""middle"""	"0.778"	"3"	"0"	"1"	"1"	"0"	"0"	"""2"""	"""1"""	"""TRUE"""	"""target"""	"""TRUE"""	"-1"	"-1"	"-1"	"-1"	"-1"	"-1"	"""meaning of words"""	"""no"""	"""43"""	"""f"""	"1"	"1"
"What is he talking about? (1-2 mins)"	"Short and fun! A 1-2 minute word game about what someone is talking about."	"experiment, psychology, game"	"$0.20"	"Tue Mar 04 04:32:54 PST 2014"	"256"	"0"	"0"	"256"	"Reviewable"	"NotReviewed"	"1 scales"	"600"	"60000"	"Tue Mar 11 05:32:54 PDT 2014"	"S43021"	"Approved"	""	"""Christmas tree"""	"""lights"""	"""ornaments"""	"""star"""	"""left"""	"""right"""	"0.556"	"2"	"0"	"1"	"1"	"0"	"0"	"""2"""	"""2"""	"""TRUE"""	"""logical"""	"""FALSE"""	"-1"	"-1"	"-1"	"-1"	"-1"	"-1"	"""perception"""	""""""	"""49"""	"""male"""	"1"	"1"
"What is he talking about? (1-2 mins)"	"Short and fun! A 1-2 minute word game about what someone is talking about."	"experiment, psychology, game"	"$0.20"	"Tue Mar 04 04:32:54 PST 2014"	"256"	"0"	"0"	"256"	"Reviewable"	"NotReviewed"	"1 scales"	"600"	"60000"	"Tue Mar 11 05:32:54 PDT 2014"	"S72371"	"Approved"	""	"""sundae"""	"""whipped cream"""	"""cherry"""	"""chocolate"""	"""left"""	"""middle"""	"0.556"	"2"	"0"	"1"	"1"	"0"	"0"	"""9"""	"""3"""	"""TRUE"""	"""target"""	"""TRUE"""	"-1"	"-1"	"-1"	"-1"	"-1"	"-1"	"""ice cream sundaes"""	"""none"""	"""51"""	"""f"""	"1"	"1"
"What is he talking about? (1-2 mins)"	"Short and fun! A 1-2 minute word game about what someone is talking about."	"experiment, psychology, game"	"$0.20"	"Tue Mar 04 04:32:54 PST 2014"	"256"	"0"	"0"	"256"	"Reviewable"	"NotReviewed"	"1 scales"	"600"	"60000"	"Tue Mar 11 05:32:54 PDT 2014"	"S16851"	"Approved"	""	"""boat"""	"""sail"""	"""motor"""	"""cabin"""	"""middle"""	"""right"""	"0.556"	"2"	"0"	"1"	"1"	"0"	"0"	"""2"""	"""1"""	"""TRUE"""	"""logical"""	"""FALSE"""	"-1"	"-1"	"-1"	"-1"	"-1"	"-1"	"""bob sailing"""	""""""	"""26"""	"""f"""	"1"	"1"
"What is he talking about? (1-2 mins)"	"Short and fun! A 1-2 minute word game about what someone is talking about."	"experiment, psychology, game"	"$0.20"	"Tue Mar 04 04:32:54 PST 2014"	"256"	"0"	"0"	"256"	"Reviewable"	"NotReviewed"	"1 scales"	"600"	"60000"	"Tue Mar 11 05:32:54 PDT 2014"	"S99821"	"Approved"	""	"""snowman"""	"""scarf"""	"""hat"""	"""mittens"""	"""left"""	"""middle"""	"0.11"	"0"	"0"	"1"	"1"	"0"	"0"	"""2"""	"""1"""	"""TRUE"""	"""target"""	"""TRUE"""	"-1"	"-1"	"-1"	"-1"	"-1"	"-1"	"""Bob who likes to build snowmen"""	""""""	"""21"""	"""f"""	"1"	"1"
"What is he talking about? (1-2 mins)"	"Short and fun! A 1-2 minute word game about what someone is talking about."	"experiment, psychology, game"	"$0.20"	"Tue Mar 04 04:32:54 PST 2014"	"256"	"0"	"0"	"256"	"Reviewable"	"NotReviewed"	"1 scales"	"600"	"60000"	"Tue Mar 11 05:32:54 PDT 2014"	"S70356"	"Approved"	""	"""pizza"""	"""peppers"""	"""mushrooms"""	"""olives"""	"""middle"""	"""right"""	"0.11"	"0"	"0"	"1"	"1"	"0"	"0"	"""8"""	"""7"""	"""FALSE"""	"""target"""	"""TRUE"""	"-1"	"-1"	"-1"	"-1"	"-1"	"-1"	"""Pizzas"""	""""""	"""20"""	"""m"""	"1"	"1"
"What is he talking about? (1-2 mins)"	"Short and fun! A 1-2 minute word game about what someone is talking about."	"experiment, psychology, game"	"$0.20"	"Tue Mar 04 04:32:54 PST 2014"	"256"	"0"	"0"	"256"	"Reviewable"	"NotReviewed"	"1 scales"	"600"	"60000"	"Tue Mar 11 05:32:54 PDT 2014"	"S10905"	"Approved"	""	"""friend"""	"""hat"""	"""glasses"""	"""mustache"""	"""left"""	"""right"""	"0.556"	"2"	"0"	"1"	"1"	"0"	"0"	"""2"""	"""1"""	"""TRUE"""	"""target"""	"""TRUE"""	"-1"	"-1"	"-1"	"-1"	"-1"	"-1"	"""whic friend bob visited"""	""""""	"""34"""	"""f"""	"1"	"1"
"What is he talking about? (1-2 mins)"	"Short and fun! A 1-2 minute word game about what someone is talking about."	"experiment, psychology, game"	"$0.20"	"Tue Mar 04 04:32:54 PST 2014"	"256"	"0"	"0"	"256"	"Reviewable"	"NotReviewed"	"1 scales"	"600"	"60000"	"Tue Mar 11 05:32:54 PDT 2014"	"S70131"	"Approved"	""	"""friend"""	"""mustache"""	"""hat"""	"""glasses"""	"""middle"""	"""left"""	"0.33"	"1"	"0"	"1"	"1"	"0"	"0"	"""2"""	"""1"""	"""TRUE"""	"""logical"""	"""FALSE"""	"-1"	"-1"	"-1"	"-1"	"-1"	"-1"	"""Bob meeting friends"""	""""""	"""25"""	"""F"""	"1"	"1"
"What is he talking about? (1-2 mins)"	"Short and fun! A 1-2 minute word game about what someone is talking about."	"experiment, psychology, game"	"$0.20"	"Tue Mar 04 04:32:54 PST 2014"	"256"	"0"	"0"	"256"	"Reviewable"	"NotReviewed"	"1 scales"	"600"	"60000"	"Tue Mar 11 05:32:54 PDT 2014"	"S84172"	"Approved"	""	"""Christmas tree"""	"""ornaments"""	"""star"""	"""lights"""	"""middle"""	"""left"""	"0.556"	"2"	"0"	"1"	"1"	"0"	"0"	"""2"""	"""1"""	"""TRUE"""	"""logical"""	"""FALSE"""	"-1"	"-1"	"-1"	"-1"	"-1"	"-1"	"""His Christmas trees."""	"""Nope. Well, thanks."""	"""45"""	"""m"""	"1"	"1"
"What is he talking about? (1-2 mins)"	"Short and fun! A 1-2 minute word game about what someone is talking about."	"experiment, psychology, game"	"$0.20"	"Tue Mar 04 04:32:54 PST 2014"	"256"	"0"	"0"	"256"	"Reviewable"	"NotReviewed"	"1 scales"	"600"	"60000"	"Tue Mar 11 05:32:54 PDT 2014"	"S84366"	"Approved"	""	"""pizza"""	"""peppers"""	"""mushrooms"""	"""olives"""	"""left"""	"""middle"""	"0.778"	"3"	"0"	"1"	"1"	"0"	"0"	"""2"""	"""1"""	"""TRUE"""	"""target"""	"""TRUE"""	"-1"	"-1"	"-1"	"-1"	"-1"	"-1"	"""Pizza"""	""""""	"""27"""	"""m"""	"1"	"1"
"What is he talking about? (1-2 mins)"	"Short and fun! A 1-2 minute word game about what someone is talking about."	"experiment, psychology, game"	"$0.20"	"Tue Mar 04 04:32:54 PST 2014"	"256"	"0"	"0"	"256"	"Reviewable"	"NotReviewed"	"1 scales"	"600"	"60000"	"Tue Mar 11 05:32:54 PDT 2014"	"S16771"	"Approved"	""	"""sundae"""	"""whipped cream"""	"""cherry"""	"""chocolate"""	"""middle"""	"""right"""	"0.556"	"2"	"0"	"1"	"1"	"0"	"0"	"""2"""	"""1"""	"""TRUE"""	"""target"""	"""TRUE"""	"-1"	"-1"	"-1"	"-1"	"-1"	"-1"	"""Guessing which sundae Bob was talking about."""	"""Nope!"""	"""25"""	"""f"""	"1"	"1"
"What is he talking about? (1-2 mins)"	"Short and fun! A 1-2 minute word game about what someone is talking about."	"experiment, psychology, game"	"$0.20"	"Tue Mar 04 04:32:54 PST 2014"	"256"	"0"	"0"	"256"	"Reviewable"	"NotReviewed"	"1 scales"	"600"	"60000"	"Tue Mar 11 05:32:54 PDT 2014"	"S70262"	"Approved"	""	"""sundae"""	"""cherry"""	"""chocolate"""	"""whipped cream"""	"""middle"""	"""right"""	"0.778"	"3"	"0"	"1"	"1"	"0"	"0"	"""9"""	"""1"""	"""TRUE"""	"""target"""	"""TRUE"""	"-1"	"-1"	"-1"	"-1"	"-1"	"-1"	"""sundaes"""	""""""	"""40"""	"""m"""	"1"	"1"
"What is he talking about? (1-2 mins)"	"Short and fun! A 1-2 minute word game about what someone is talking about."	"experiment, psychology, game"	"$0.20"	"Tue Mar 04 04:32:54 PST 2014"	"256"	"0"	"0"	"256"	"Reviewable"	"NotReviewed"	"1 scales"	"600"	"60000"	"Tue Mar 11 05:32:54 PDT 2014"	"S34540"	"Approved"	""	"""sundae"""	"""cherry"""	"""chocolate"""	"""whipped cream"""	"""right"""	"""middle"""	"0.556"	"2"	"0"	"1"	"1"	"0"	"0"	"""2"""	"""1"""	"""TRUE"""	"""target"""	"""TRUE"""	"-1"	"-1"	"-1"	"-1"	"-1"	"-1"	"""sentance meaning"""	""""""	"""28"""	"""f"""	"1"	"1"
"What is he talking about? (1-2 mins)"	"Short and fun! A 1-2 minute word game about what someone is talking about."	"experiment, psychology, game"	"$0.20"	"Tue Mar 04 04:32:54 PST 2014"	"256"	"0"	"0"	"256"	"Reviewable"	"NotReviewed"	"1 scales"	"600"	"60000"	"Tue Mar 11 05:32:54 PDT 2014"	"S58428"	"Approved"	""	"""Christmas tree"""	"""star"""	"""lights"""	"""ornaments"""	"""right"""	"""middle"""	"0.11"	"0"	"0"	"1"	"1"	"0"	"0"	"""2"""	"""1"""	"""TRUE"""	"""target"""	"""TRUE"""	"-1"	"-1"	"-1"	"-1"	"-1"	"-1"	"""Public perception of language comprehension."""	"""Thank you!"""	"""23"""	"""m"""	"1"	"1"
"What is he talking about? (1-2 mins)"	"Short and fun! A 1-2 minute word game about what someone is talking about."	"experiment, psychology, game"	"$0.20"	"Tue Mar 04 04:32:54 PST 2014"	"256"	"0"	"0"	"256"	"Reviewable"	"NotReviewed"	"1 scales"	"600"	"60000"	"Tue Mar 11 05:32:54 PDT 2014"	"S72275"	"Approved"	""	"""sundae"""	"""chocolate"""	"""cherry"""	"""whipped cream"""	"""right"""	"""middle"""	"0.11"	"0"	"0"	"1"	"1"	"0"	"0"	"""2"""	"""1"""	"""TRUE"""	"""target"""	"""TRUE"""	"-1"	"-1"	"-1"	"-1"	"-1"	"-1"	"""unknown"""	"""n/a"""	"""28"""	"""f"""	"1"	"1"
"What is he talking about? (1-2 mins)"	"Short and fun! A 1-2 minute word game about what someone is talking about."	"experiment, psychology, game"	"$0.20"	"Tue Mar 04 04:32:54 PST 2014"	"256"	"0"	"0"	"256"	"Reviewable"	"NotReviewed"	"1 scales"	"600"	"60000"	"Tue Mar 11 05:32:54 PDT 2014"	"S28025"	"Approved"	""	"""sundae"""	"""chocolate"""	"""cherry"""	"""whipped cream"""	"""right"""	"""left"""	"0.778"	"3"	"0"	"1"	"1"	"0"	"0"	"""2"""	"""1"""	"""TRUE"""	"""target"""	"""TRUE"""	"-1"	"-1"	"-1"	"-1"	"-1"	"-1"	"""Sundaes."""	"""No"""	"""24"""	"""m"""	"1"	"1"
"What is he talking about? (1-2 mins)"	"Short and fun! A 1-2 minute word game about what someone is talking about."	"experiment, psychology, game"	"$0.20"	"Tue Mar 04 04:32:54 PST 2014"	"256"	"0"	"0"	"256"	"Reviewable"	"NotReviewed"	"1 scales"	"600"	"60000"	"Tue Mar 11 05:32:54 PDT 2014"	"S60467"	"Approved"	""	"""boat"""	"""cabin"""	"""motor"""	"""sail"""	"""middle"""	"""left"""	"0.556"	"2"	"0"	"1"	"1"	"0"	"0"	"""2"""	"""1"""	"""TRUE"""	"""target"""	"""TRUE"""	"-1"	"-1"	"-1"	"-1"	"-1"	"-1"	"""words"""	"""no"""	"""30"""	"""m"""	"1"	"1"
"What is he talking about? (1-2 mins)"	"Short and fun! A 1-2 minute word game about what someone is talking about."	"experiment, psychology, game"	"$0.20"	"Tue Mar 04 04:32:54 PST 2014"	"256"	"0"	"0"	"256"	"Reviewable"	"NotReviewed"	"1 scales"	"600"	"60000"	"Tue Mar 11 05:32:54 PDT 2014"	"S02137"	"Approved"	""	"""Christmas tree"""	"""star"""	"""ornaments"""	"""lights"""	"""middle"""	"""left"""	"0.33"	"1"	"0"	"1"	"1"	"0"	"0"	"""2"""	"""1"""	"""TRUE"""	"""target"""	"""TRUE"""	"-1"	"-1"	"-1"	"-1"	"-1"	"-1"	"""no idea"""	""""""	""""""	""""""	"1"	"1"
"What is he talking about? (1-2 mins)"	"Short and fun! A 1-2 minute word game about what someone is talking about."	"experiment, psychology, game"	"$0.20"	"Tue Mar 04 04:32:54 PST 2014"	"256"	"0"	"0"	"256"	"Reviewable"	"NotReviewed"	"1 scales"	"600"	"60000"	"Tue Mar 11 05:32:54 PDT 2014"	"S71907"	"Approved"	""	"""snowman"""	"""mittens"""	"""hat"""	"""scarf"""	"""left"""	"""middle"""	"0.11"	"0"	"0"	"1"	"1"	"0"	"0"	"""2"""	"""1"""	"""TRUE"""	"""foil"""	"""FALSE"""	"-1"	"-1"	"-1"	"-1"	"-1"	"-1"	"""Bob's snowman hobby"""	""""""	"""33"""	"""f"""	"1"	"1"
"What is he talking about? (1-2 mins)"	"Short and fun! A 1-2 minute word game about what someone is talking about."	"experiment, psychology, game"	"$0.20"	"Tue Mar 04 04:32:54 PST 2014"	"256"	"0"	"0"	"256"	"Reviewable"	"NotReviewed"	"1 scales"	"600"	"60000"	"Tue Mar 11 05:32:54 PDT 2014"	"S98267"	"Approved"	""	"""friend"""	"""glasses"""	"""mustache"""	"""hat"""	"""right"""	"""left"""	"0.556"	"2"	"0"	"1"	"1"	"0"	"0"	"""2"""	"""1"""	"""TRUE"""	"""target"""	"""TRUE"""	"-1"	"-1"	"-1"	"-1"	"-1"	"-1"	"""Did Bob's friend shave his mustache?"""	""""""	""""""	""""""	"1"	"1"
"What is he talking about? (1-2 mins)"	"Short and fun! A 1-2 minute word game about what someone is talking about."	"experiment, psychology, game"	"$0.20"	"Tue Mar 04 04:32:54 PST 2014"	"256"	"0"	"0"	"256"	"Reviewable"	"NotReviewed"	"1 scales"	"600"	"60000"	"Tue Mar 11 05:32:54 PDT 2014"	"S53088"	"Approved"	""	"""sundae"""	"""cherry"""	"""chocolate"""	"""whipped cream"""	"""left"""	"""middle"""	"0.778"	"3"	"0"	"1"	"1"	"0"	"0"	"""2"""	"""1"""	"""TRUE"""	"""target"""	"""TRUE"""	"-1"	"-1"	"-1"	"-1"	"-1"	"-1"	"""sundaes"""	""""""	"""25"""	"""male"""	"1"	"1"
"What is he talking about? (1-2 mins)"	"Short and fun! A 1-2 minute word game about what someone is talking about."	"experiment, psychology, game"	"$0.20"	"Tue Mar 04 04:32:54 PST 2014"	"256"	"0"	"0"	"256"	"Reviewable"	"NotReviewed"	"1 scales"	"600"	"60000"	"Tue Mar 11 05:32:54 PDT 2014"	"S19436"	"Approved"	""	"""snowman"""	"""mittens"""	"""scarf"""	"""hat"""	"""middle"""	"""left"""	"0.33"	"1"	"0"	"1"	"1"	"0"	"0"	"""5"""	"""3"""	"""TRUE"""	"""target"""	"""TRUE"""	"-1"	"-1"	"-1"	"-1"	"-1"	"-1"	"""memory"""	""""""	"""25"""	"""f"""	"1"	"1"
"What is he talking about? (1-2 mins)"	"Short and fun! A 1-2 minute word game about what someone is talking about."	"experiment, psychology, game"	"$0.20"	"Tue Mar 04 04:32:54 PST 2014"	"256"	"0"	"0"	"256"	"Reviewable"	"NotReviewed"	"1 scales"	"600"	"60000"	"Tue Mar 11 05:32:54 PDT 2014"	"S31141"	"Approved"	""	"""pizza"""	"""peppers"""	"""olives"""	"""mushrooms"""	"""right"""	"""middle"""	"0.11"	"0"	"0"	"1"	"1"	"0"	"0"	"""2"""	"""1"""	"""TRUE"""	"""target"""	"""TRUE"""	"-1"	"-1"	"-1"	"-1"	"-1"	"-1"	"""bob and pizza"""	"""no"""	"""53"""	"""f"""	"1"	"1"
"What is he talking about? (1-2 mins)"	"Short and fun! A 1-2 minute word game about what someone is talking about."	"experiment, psychology, game"	"$0.20"	"Tue Mar 04 04:32:54 PST 2014"	"256"	"0"	"0"	"256"	"Reviewable"	"NotReviewed"	"1 scales"	"600"	"60000"	"Tue Mar 11 05:32:54 PDT 2014"	"S26652"	"Approved"	""	"""snowman"""	"""scarf"""	"""hat"""	"""mittens"""	"""middle"""	"""left"""	"0.11"	"0"	"0"	"1"	"1"	"0"	"0"	"""2"""	"""1"""	"""TRUE"""	"""target"""	"""TRUE"""	"-1"	"-1"	"-1"	"-1"	"-1"	"-1"	"""i don't know"""	""""""	"""54"""	"""f"""	"1"	"1"
"What is he talking about? (1-2 mins)"	"Short and fun! A 1-2 minute word game about what someone is talking about."	"experiment, psychology, game"	"$0.20"	"Tue Mar 04 04:32:54 PST 2014"	"256"	"0"	"0"	"256"	"Reviewable"	"NotReviewed"	"1 scales"	"600"	"60000"	"Tue Mar 11 05:32:54 PDT 2014"	"S94972"	"Approved"	""	"""Christmas tree"""	"""star"""	"""ornaments"""	"""lights"""	"""left"""	"""right"""	"0.11"	"0"	"0"	"1"	"1"	"0"	"0"	"""2"""	"""3"""	"""TRUE"""	"""logical"""	"""FALSE"""	"-1"	"-1"	"-1"	"-1"	"-1"	"-1"	"""reasoning"""	""""""	"""33"""	"""m"""	"1"	"1"
"What is he talking about? (1-2 mins)"	"Short and fun! A 1-2 minute word game about what someone is talking about."	"experiment, psychology, game"	"$0.20"	"Tue Mar 04 04:32:54 PST 2014"	"256"	"0"	"0"	"256"	"Reviewable"	"NotReviewed"	"1 scales"	"600"	"60000"	"Tue Mar 11 05:32:54 PDT 2014"	"S72694"	"Approved"	""	"""sundae"""	"""chocolate"""	"""whipped cream"""	"""cherry"""	"""right"""	"""middle"""	"0.11"	"0"	"0"	"1"	"1"	"0"	"0"	"""2"""	"""1"""	"""TRUE"""	"""target"""	"""TRUE"""	"-1"	"-1"	"-1"	"-1"	"-1"	"-1"	"""Bob and how he likes sundaes"""	"""no"""	"""23"""	"""m"""	"1"	"1"
"What is he talking about? (1-2 mins)"	"Short and fun! A 1-2 minute word game about what someone is talking about."	"experiment, psychology, game"	"$0.20"	"Tue Mar 04 04:32:54 PST 2014"	"256"	"0"	"0"	"256"	"Reviewable"	"NotReviewed"	"1 scales"	"600"	"60000"	"Tue Mar 11 05:32:54 PDT 2014"	"S32373"	"Approved"	""	"""pizza"""	"""peppers"""	"""olives"""	"""mushrooms"""	"""left"""	"""right"""	"0.778"	"3"	"0"	"1"	"1"	"0"	"0"	"""2"""	"""1"""	"""TRUE"""	"""target"""	"""TRUE"""	"-1"	"-1"	"-1"	"-1"	"-1"	"-1"	"""Pizza"""	"""none"""	"""19"""	"""m"""	"1"	"1"
"What is he talking about? (1-2 mins)"	"Short and fun! A 1-2 minute word game about what someone is talking about."	"experiment, psychology, game"	"$0.20"	"Tue Mar 04 04:32:54 PST 2014"	"256"	"0"	"0"	"256"	"Reviewable"	"NotReviewed"	"1 scales"	"600"	"60000"	"Tue Mar 11 05:32:54 PDT 2014"	"S01048"	"Approved"	""	"""friend"""	"""glasses"""	"""hat"""	"""mustache"""	"""right"""	"""left"""	"0.778"	"3"	"0"	"1"	"1"	"0"	"0"	"""2"""	"""1"""	"""TRUE"""	"""target"""	"""TRUE"""	"-1"	"-1"	"-1"	"-1"	"-1"	"-1"	"""Bob visiting friends"""	""""""	"""26"""	"""f"""	"1"	"1"
"What is he talking about? (1-2 mins)"	"Short and fun! A 1-2 minute word game about what someone is talking about."	"experiment, psychology, game"	"$0.20"	"Tue Mar 04 04:32:54 PST 2014"	"256"	"0"	"0"	"256"	"Reviewable"	"NotReviewed"	"1 scales"	"600"	"60000"	"Tue Mar 11 05:32:54 PDT 2014"	"S10454"	"Approved"	""	"""Christmas tree"""	"""lights"""	"""star"""	"""ornaments"""	"""middle"""	"""left"""	"0.778"	"3"	"0"	"1"	"1"	"0"	"0"	"""2"""	"""1"""	"""TRUE"""	"""target"""	"""TRUE"""	"-1"	"-1"	"-1"	"-1"	"-1"	"-1"	"""communication"""	""""""	"""33"""	"""m"""	"1"	"1"
"What is he talking about? (1-2 mins)"	"Short and fun! A 1-2 minute word game about what someone is talking about."	"experiment, psychology, game"	"$0.20"	"Tue Mar 04 04:32:54 PST 2014"	"256"	"0"	"0"	"256"	"Reviewable"	"NotReviewed"	"1 scales"	"600"	"60000"	"Tue Mar 11 05:32:54 PDT 2014"	"S15745"	"Approved"	""	"""pizza"""	"""peppers"""	"""mushrooms"""	"""olives"""	"""left"""	"""middle"""	"0.778"	"3"	"0"	"1"	"1"	"0"	"0"	"""2"""	"""1"""	"""TRUE"""	"""target"""	"""TRUE"""	"-1"	"-1"	"-1"	"-1"	"-1"	"-1"	"""Bob's love for pizza"""	""""""	"""24"""	"""f"""	"1"	"1"
"What is he talking about? (1-2 mins)"	"Short and fun! A 1-2 minute word game about what someone is talking about."	"experiment, psychology, game"	"$0.20"	"Tue Mar 04 04:32:54 PST 2014"	"256"	"0"	"0"	"256"	"Reviewable"	"NotReviewed"	"1 scales"	"600"	"60000"	"Tue Mar 11 05:32:54 PDT 2014"	"S75011"	"Approved"	""	"""boat"""	"""motor"""	"""cabin"""	"""sail"""	"""left"""	"""right"""	"0.11"	"0"	"0"	"1"	"1"	"0"	"0"	"""2"""	"""1"""	"""TRUE"""	"""target"""	"""TRUE"""	"-1"	"-1"	"-1"	"-1"	"-1"	"-1"	"""Boats"""	"""not at this time"""	"""35"""	"""m"""	"1"	"1"
"What is he talking about? (1-2 mins)"	"Short and fun! A 1-2 minute word game about what someone is talking about."	"experiment, psychology, game"	"$0.20"	"Tue Mar 04 04:32:54 PST 2014"	"256"	"0"	"0"	"256"	"Reviewable"	"NotReviewed"	"1 scales"	"600"	"60000"	"Tue Mar 11 05:32:54 PDT 2014"	"S79133"	"Approved"	""	"""friend"""	"""hat"""	"""mustache"""	"""glasses"""	"""right"""	"""middle"""	"0.11"	"0"	"0"	"1"	"1"	"0"	"0"	"""2"""	"""1"""	"""TRUE"""	"""target"""	"""TRUE"""	"-1"	"-1"	"-1"	"-1"	"-1"	"-1"	"""understanding meaning using simple communication"""	"""no"""	"""35"""	"""m"""	"1"	"1"
"What is he talking about? (1-2 mins)"	"Short and fun! A 1-2 minute word game about what someone is talking about."	"experiment, psychology, game"	"$0.20"	"Tue Mar 04 04:32:54 PST 2014"	"256"	"0"	"0"	"256"	"Reviewable"	"NotReviewed"	"1 scales"	"600"	"60000"	"Tue Mar 11 05:32:54 PDT 2014"	"S18473"	"Approved"	""	"""friend"""	"""mustache"""	"""glasses"""	"""hat"""	"""left"""	"""middle"""	"0.33"	"1"	"0"	"1"	"1"	"0"	"0"	"""2"""	"""1"""	"""TRUE"""	"""target"""	"""TRUE"""	"-1"	"-1"	"-1"	"-1"	"-1"	"-1"	"""Word to face association """	""""""	"""38"""	"""m"""	"1"	"1"
"What is he talking about? (1-2 mins)"	"Short and fun! A 1-2 minute word game about what someone is talking about."	"experiment, psychology, game"	"$0.20"	"Tue Mar 04 04:32:54 PST 2014"	"256"	"0"	"0"	"256"	"Reviewable"	"NotReviewed"	"1 scales"	"600"	"60000"	"Tue Mar 11 05:32:54 PDT 2014"	"S55749"	"Approved"	""	"""friend"""	"""glasses"""	"""hat"""	"""mustache"""	"""left"""	"""middle"""	"0.556"	"2"	"0"	"1"	"1"	"0"	"0"	"""2"""	"""1"""	"""FALSE"""	"""target"""	"""TRUE"""	"-1"	"-1"	"-1"	"-1"	"-1"	"-1"	"""How we interpret language."""	""""""	"""33"""	"""m"""	"1"	"1"
"What is he talking about? (1-2 mins)"	"Short and fun! A 1-2 minute word game about what someone is talking about."	"experiment, psychology, game"	"$0.20"	"Tue Mar 04 04:32:54 PST 2014"	"256"	"0"	"0"	"256"	"Reviewable"	"NotReviewed"	"1 scales"	"600"	"60000"	"Tue Mar 11 05:32:54 PDT 2014"	"S17926"	"Approved"	""	"""friend"""	"""glasses"""	"""mustache"""	"""hat"""	"""left"""	"""right"""	"0.556"	"2"	"0"	"1"	"1"	"0"	"0"	"""2"""	"""1"""	"""TRUE"""	"""target"""	"""TRUE"""	"-1"	"-1"	"-1"	"-1"	"-1"	"-1"	"""Language Cognition"""	""""""	"""24"""	"""m"""	"1"	"1"
"What is he talking about? (1-2 mins)"	"Short and fun! A 1-2 minute word game about what someone is talking about."	"experiment, psychology, game"	"$0.20"	"Tue Mar 04 04:32:54 PST 2014"	"256"	"0"	"0"	"256"	"Reviewable"	"NotReviewed"	"1 scales"	"600"	"60000"	"Tue Mar 11 05:32:54 PDT 2014"	"S46342"	"Approved"	""	"""boat"""	"""cabin"""	"""sail"""	"""motor"""	"""right"""	"""middle"""	"0.33"	"1"	"0"	"1"	"1"	"0"	"0"	"""2"""	"""1"""	"""FALSE"""	"""target"""	"""TRUE"""	"-1"	"-1"	"-1"	"-1"	"-1"	"-1"	"""the boats he rides"""	""""""	"""21"""	"""f"""	"1"	"1"
"What is he talking about? (1-2 mins)"	"Short and fun! A 1-2 minute word game about what someone is talking about."	"experiment, psychology, game"	"$0.20"	"Tue Mar 04 04:32:54 PST 2014"	"256"	"0"	"0"	"256"	"Reviewable"	"NotReviewed"	"1 scales"	"600"	"60000"	"Tue Mar 11 05:32:54 PDT 2014"	"S14182"	"Approved"	""	"""pizza"""	"""peppers"""	"""mushrooms"""	"""olives"""	"""right"""	"""middle"""	"0.33"	"1"	"0"	"1"	"1"	"0"	"0"	"""8"""	"""5"""	"""TRUE"""	"""target"""	"""TRUE"""	"-1"	"-1"	"-1"	"-1"	"-1"	"-1"	"""pizza"""	""""""	"""34"""	"""m"""	"1"	"1"
"What is he talking about? (1-2 mins)"	"Short and fun! A 1-2 minute word game about what someone is talking about."	"experiment, psychology, game"	"$0.20"	"Tue Mar 04 04:32:54 PST 2014"	"256"	"0"	"0"	"256"	"Reviewable"	"NotReviewed"	"1 scales"	"600"	"60000"	"Tue Mar 11 05:32:54 PDT 2014"	"S43252"	"Approved"	""	"""Christmas tree"""	"""ornaments"""	"""star"""	"""lights"""	"""left"""	"""right"""	"0.11"	"0"	"0"	"1"	"1"	"0"	"0"	"""2"""	"""1"""	"""TRUE"""	"""target"""	"""TRUE"""	"-1"	"-1"	"-1"	"-1"	"-1"	"-1"	"""Bob's Christmas Trees"""	""""""	"""35"""	"""m"""	"1"	"1"
"What is he talking about? (1-2 mins)"	"Short and fun! A 1-2 minute word game about what someone is talking about."	"experiment, psychology, game"	"$0.20"	"Tue Mar 04 04:32:54 PST 2014"	"256"	"0"	"0"	"256"	"Reviewable"	"NotReviewed"	"1 scales"	"600"	"60000"	"Tue Mar 11 05:32:54 PDT 2014"	"S00459"	"Approved"	""	"""friend"""	"""mustache"""	"""glasses"""	"""hat"""	"""middle"""	"""right"""	"0.33"	"1"	"0"	"1"	"1"	"0"	"0"	"""7"""	"""5"""	"""TRUE"""	"""target"""	"""TRUE"""	"-1"	"-1"	"-1"	"-1"	"-1"	"-1"	"""This survey was about interpretation of language."""	"""No comments."""	"""21"""	"""m"""	"1"	"1"
"What is he talking about? (1-2 mins)"	"Short and fun! A 1-2 minute word game about what someone is talking about."	"experiment, psychology, game"	"$0.20"	"Tue Mar 04 04:32:54 PST 2014"	"256"	"0"	"0"	"256"	"Reviewable"	"NotReviewed"	"1 scales"	"600"	"60000"	"Tue Mar 11 05:32:54 PDT 2014"	"S03298"	"Approved"	""	"""snowman"""	"""scarf"""	"""mittens"""	"""hat"""	"""middle"""	"""right"""	"0.33"	"1"	"0"	"1"	"1"	"0"	"0"	"""8"""	"""2"""	"""TRUE"""	"""logical"""	"""FALSE"""	"-1"	"-1"	"-1"	"-1"	"-1"	"-1"	"""decorating snowmen"""	""""""	""""""	"""m"""	"1"	"1"
"What is he talking about? (1-2 mins)"	"Short and fun! A 1-2 minute word game about what someone is talking about."	"experiment, psychology, game"	"$0.20"	"Tue Mar 04 04:32:54 PST 2014"	"256"	"0"	"0"	"256"	"Reviewable"	"NotReviewed"	"1 scales"	"600"	"60000"	"Tue Mar 11 05:32:54 PDT 2014"	"S84699"	"Approved"	""	"""pizza"""	"""peppers"""	"""olives"""	"""mushrooms"""	"""middle"""	"""left"""	"0.11"	"0"	"0"	"1"	"1"	"0"	"0"	"""2"""	"""1"""	"""TRUE"""	"""target"""	"""TRUE"""	"-1"	"-1"	"-1"	"-1"	"-1"	"-1"	"""what i thoufht he had on his pizza"""	""""""	"""35"""	"""m"""	"1"	"1"
"What is he talking about? (1-2 mins)"	"Short and fun! A 1-2 minute word game about what someone is talking about."	"experiment, psychology, game"	"$0.20"	"Tue Mar 04 04:32:54 PST 2014"	"256"	"0"	"0"	"256"	"Reviewable"	"NotReviewed"	"1 scales"	"600"	"60000"	"Tue Mar 11 05:32:54 PDT 2014"	"S43061"	"Approved"	""	"""sundae"""	"""chocolate"""	"""whipped cream"""	"""cherry"""	"""right"""	"""middle"""	"0.778"	"3"	"0"	"1"	"1"	"0"	"0"	"""2"""	"""1"""	"""TRUE"""	"""target"""	"""TRUE"""	"-1"	"-1"	"-1"	"-1"	"-1"	"-1"	"""Basic logical responses"""	"""No"""	"""22"""	"""f"""	"1"	"1"
"What is he talking about? (1-2 mins)"	"Short and fun! A 1-2 minute word game about what someone is talking about."	"experiment, psychology, game"	"$0.20"	"Tue Mar 04 04:32:54 PST 2014"	"256"	"0"	"0"	"256"	"Reviewable"	"NotReviewed"	"1 scales"	"600"	"60000"	"Tue Mar 11 05:32:54 PDT 2014"	"S87629"	"Approved"	""	"""snowman"""	"""hat"""	"""scarf"""	"""mittens"""	"""left"""	"""right"""	"0.778"	"3"	"0"	"1"	"1"	"0"	"0"	"""7"""	"""1"""	"""TRUE"""	"""target"""	"""TRUE"""	"-1"	"-1"	"-1"	"-1"	"-1"	"-1"	"""word association"""	""""""	"""34"""	"""female"""	"1"	"1"
"What is he talking about? (1-2 mins)"	"Short and fun! A 1-2 minute word game about what someone is talking about."	"experiment, psychology, game"	"$0.20"	"Tue Mar 04 04:32:54 PST 2014"	"256"	"0"	"0"	"256"	"Reviewable"	"NotReviewed"	"1 scales"	"600"	"60000"	"Tue Mar 11 05:32:54 PDT 2014"	"S63401"	"Approved"	""	"""sundae"""	"""whipped cream"""	"""cherry"""	"""chocolate"""	"""right"""	"""middle"""	"0.778"	"3"	"0"	"1"	"1"	"0"	"0"	"""2"""	"""1"""	"""TRUE"""	"""target"""	"""TRUE"""	"-1"	"-1"	"-1"	"-1"	"-1"	"-1"	"""what is he talking about"""	"""ty"""	""""""	""""""	"1"	"1"
"What is he talking about? (1-2 mins)"	"Short and fun! A 1-2 minute word game about what someone is talking about."	"experiment, psychology, game"	"$0.20"	"Tue Mar 04 04:32:54 PST 2014"	"256"	"0"	"0"	"256"	"Reviewable"	"NotReviewed"	"1 scales"	"600"	"60000"	"Tue Mar 11 05:32:54 PDT 2014"	"S73112"	"Approved"	""	"""pizza"""	"""mushrooms"""	"""peppers"""	"""olives"""	"""middle"""	"""left"""	"0.778"	"3"	"0"	"1"	"1"	"0"	"0"	"""7"""	"""1"""	"""TRUE"""	"""target"""	"""TRUE"""	"-1"	"-1"	"-1"	"-1"	"-1"	"-1"	"""How many pizza Bob ate"""	"""no"""	"""29"""	"""m"""	"1"	"1"
"What is he talking about? (1-2 mins)"	"Short and fun! A 1-2 minute word game about what someone is talking about."	"experiment, psychology, game"	"$0.20"	"Tue Mar 04 04:32:54 PST 2014"	"256"	"0"	"0"	"256"	"Reviewable"	"NotReviewed"	"1 scales"	"600"	"60000"	"Tue Mar 11 05:32:54 PDT 2014"	"S24758"	"Approved"	""	"""sundae"""	"""chocolate"""	"""whipped cream"""	"""cherry"""	"""middle"""	"""left"""	"0.33"	"1"	"0"	"1"	"1"	"0"	"0"	"""3"""	"""5"""	"""TRUE"""	"""logical"""	"""FALSE"""	"-1"	"-1"	"-1"	"-1"	"-1"	"-1"	"""Sundaes"""	""""""	"""23"""	"""m"""	"1"	"1"
"What is he talking about? (1-2 mins)"	"Short and fun! A 1-2 minute word game about what someone is talking about."	"experiment, psychology, game"	"$0.20"	"Tue Mar 04 04:32:54 PST 2014"	"256"	"0"	"0"	"256"	"Reviewable"	"NotReviewed"	"1 scales"	"600"	"60000"	"Tue Mar 11 05:32:54 PDT 2014"	"S75411"	"Approved"	""	"""sundae"""	"""chocolate"""	"""cherry"""	"""whipped cream"""	"""right"""	"""left"""	"0.778"	"3"	"0"	"1"	"1"	"0"	"0"	"""2"""	"""1"""	"""TRUE"""	"""target"""	"""TRUE"""	"-1"	"-1"	"-1"	"-1"	"-1"	"-1"	"""Him eating chocolate"""	"""It's fun!"""	"""23"""	"""M"""	"1"	"1"
"What is he talking about? (1-2 mins)"	"Short and fun! A 1-2 minute word game about what someone is talking about."	"experiment, psychology, game"	"$0.20"	"Tue Mar 04 04:32:54 PST 2014"	"256"	"0"	"0"	"256"	"Reviewable"	"NotReviewed"	"1 scales"	"600"	"60000"	"Tue Mar 11 05:32:54 PDT 2014"	"S52493"	"Approved"	""	"""boat"""	"""motor"""	"""sail"""	"""cabin"""	"""right"""	"""left"""	"0.11"	"0"	"0"	"1"	"1"	"0"	"0"	"""2"""	"""3"""	"""TRUE"""	"""target"""	"""TRUE"""	"-1"	"-1"	"-1"	"-1"	"-1"	"-1"	"""Boats"""	"""No not really"""	""""""	"""m"""	"1"	"1"
"What is he talking about? (1-2 mins)"	"Short and fun! A 1-2 minute word game about what someone is talking about."	"experiment, psychology, game"	"$0.20"	"Tue Mar 04 04:32:54 PST 2014"	"256"	"0"	"0"	"256"	"Reviewable"	"NotReviewed"	"1 scales"	"600"	"60000"	"Tue Mar 11 05:32:54 PDT 2014"	"S37235"	"Approved"	""	"""Christmas tree"""	"""ornaments"""	"""lights"""	"""star"""	"""left"""	"""right"""	"0.556"	"2"	"0"	"1"	"1"	"0"	"0"	"""2"""	"""2"""	"""TRUE"""	"""target"""	"""TRUE"""	"-1"	"-1"	"-1"	"-1"	"-1"	"-1"	"""bob and christmas trees"""	""""""	"""35"""	"""m"""	"1"	"1"
"What is he talking about? (1-2 mins)"	"Short and fun! A 1-2 minute word game about what someone is talking about."	"experiment, psychology, game"	"$0.20"	"Tue Mar 04 04:32:54 PST 2014"	"256"	"0"	"0"	"256"	"Reviewable"	"NotReviewed"	"1 scales"	"600"	"60000"	"Tue Mar 11 05:32:54 PDT 2014"	"S53902"	"Approved"	""	"""pizza"""	"""peppers"""	"""olives"""	"""mushrooms"""	"""left"""	"""middle"""	"0.11"	"0"	"0"	"1"	"1"	"0"	"0"	"""2"""	"""1"""	"""TRUE"""	"""target"""	"""TRUE"""	"-1"	"-1"	"-1"	"-1"	"-1"	"-1"	"""Word choice"""	""""""	"""24"""	"""m"""	"1"	"1"
"What is he talking about? (1-2 mins)"	"Short and fun! A 1-2 minute word game about what someone is talking about."	"experiment, psychology, game"	"$0.20"	"Tue Mar 04 04:32:54 PST 2014"	"256"	"0"	"0"	"256"	"Reviewable"	"NotReviewed"	"1 scales"	"600"	"60000"	"Tue Mar 11 05:32:54 PDT 2014"	"S19392"	"Approved"	""	"""friend"""	"""hat"""	"""glasses"""	"""mustache"""	"""left"""	"""middle"""	"0.33"	"1"	"0"	"1"	"1"	"0"	"0"	"""12"""	"""6"""	"""TRUE"""	"""logical"""	"""FALSE"""	"-1"	"-1"	"-1"	"-1"	"-1"	"-1"	"""really dont know"""	""""""	"""52"""	"""m"""	"1"	"1"
"What is he talking about? (1-2 mins)"	"Short and fun! A 1-2 minute word game about what someone is talking about."	"experiment, psychology, game"	"$0.20"	"Tue Mar 04 04:32:54 PST 2014"	"256"	"0"	"0"	"256"	"Reviewable"	"NotReviewed"	"1 scales"	"600"	"60000"	"Tue Mar 11 05:32:54 PDT 2014"	"S01030"	"Approved"	""	"""Christmas tree"""	"""lights"""	"""star"""	"""ornaments"""	"""middle"""	"""right"""	"0.778"	"3"	"0"	"1"	"1"	"0"	"0"	"""2"""	"""1"""	"""TRUE"""	"""target"""	"""TRUE"""	"-1"	"-1"	"-1"	"-1"	"-1"	"-1"	"""Decisions"""	"""Thanks!"""	"""33"""	"""F"""	"1"	"1"
"What is he talking about? (1-2 mins)"	"Short and fun! A 1-2 minute word game about what someone is talking about."	"experiment, psychology, game"	"$0.20"	"Tue Mar 04 04:32:54 PST 2014"	"256"	"0"	"0"	"256"	"Reviewable"	"NotReviewed"	"1 scales"	"600"	"60000"	"Tue Mar 11 05:32:54 PDT 2014"	"S88235"	"Approved"	""	"""Christmas tree"""	"""lights"""	"""star"""	"""ornaments"""	"""left"""	"""right"""	"0.556"	"2"	"0"	"1"	"1"	"0"	"0"	"""2"""	"""1"""	"""TRUE"""	"""target"""	"""TRUE"""	"-1"	"-1"	"-1"	"-1"	"-1"	"-1"	"""Christmas tree trimming"""	""""""	"""25"""	"""f"""	"1"	"1"
"What is he talking about? (1-2 mins)"	"Short and fun! A 1-2 minute word game about what someone is talking about."	"experiment, psychology, game"	"$0.20"	"Tue Mar 04 04:32:54 PST 2014"	"256"	"0"	"0"	"256"	"Reviewable"	"NotReviewed"	"1 scales"	"600"	"60000"	"Tue Mar 11 05:32:54 PDT 2014"	"S49751"	"Approved"	""	"""pizza"""	"""olives"""	"""mushrooms"""	"""peppers"""	"""right"""	"""middle"""	"0.11"	"0"	"0"	"1"	"1"	"0"	"0"	"""2"""	"""1"""	"""TRUE"""	"""target"""	"""TRUE"""	"-1"	"-1"	"-1"	"-1"	"-1"	"-1"	"""interpretation of words/meaning based on previous assumptions and semantics and whether we like people named bob or pizza or how you pictured him or the type of pizza he ate and all those intangible variables """	"""no"""	"""22"""	"""m"""	"1"	"1"
"What is he talking about? (1-2 mins)"	"Short and fun! A 1-2 minute word game about what someone is talking about."	"experiment, psychology, game"	"$0.20"	"Tue Mar 04 04:32:54 PST 2014"	"256"	"0"	"0"	"256"	"Reviewable"	"NotReviewed"	"1 scales"	"600"	"60000"	"Tue Mar 11 05:32:54 PDT 2014"	"S56290"	"Approved"	""	"""friend"""	"""glasses"""	"""mustache"""	"""hat"""	"""left"""	"""right"""	"0.11"	"0"	"0"	"1"	"1"	"0"	"0"	"""9"""	"""8"""	"""TRUE"""	"""logical"""	"""FALSE"""	"-1"	"-1"	"-1"	"-1"	"-1"	"-1"	"""Guessing thoughts"""	"""fun survey"""	"""24"""	"""M"""	"1"	"1"
"What is he talking about? (1-2 mins)"	"Short and fun! A 1-2 minute word game about what someone is talking about."	"experiment, psychology, game"	"$0.20"	"Tue Mar 04 04:32:54 PST 2014"	"256"	"0"	"0"	"256"	"Reviewable"	"NotReviewed"	"1 scales"	"600"	"60000"	"Tue Mar 11 05:32:54 PDT 2014"	"S69319"	"Approved"	""	"""pizza"""	"""olives"""	"""mushrooms"""	"""peppers"""	"""middle"""	"""right"""	"0.556"	"2"	"0"	"1"	"1"	"0"	"0"	"""2"""	"""1"""	"""TRUE"""	"""target"""	"""TRUE"""	"-1"	"-1"	"-1"	"-1"	"-1"	"-1"	"""Bob's pizza preferences"""	""""""	"""25"""	"""m"""	"1"	"1"
"What is he talking about? (1-2 mins)"	"Short and fun! A 1-2 minute word game about what someone is talking about."	"experiment, psychology, game"	"$0.20"	"Tue Mar 04 04:32:54 PST 2014"	"256"	"0"	"0"	"256"	"Reviewable"	"NotReviewed"	"1 scales"	"600"	"60000"	"Tue Mar 11 05:32:54 PDT 2014"	"S77530"	"Approved"	""	"""snowman"""	"""scarf"""	"""hat"""	"""mittens"""	"""left"""	"""right"""	"0.33"	"1"	"0"	"1"	"1"	"0"	"0"	"""2"""	"""1"""	"""TRUE"""	"""target"""	"""TRUE"""	"-1"	"-1"	"-1"	"-1"	"-1"	"-1"	"""Word association"""	"""no"""	"""26"""	"""m"""	"1"	"1"
"What is he talking about? (1-2 mins)"	"Short and fun! A 1-2 minute word game about what someone is talking about."	"experiment, psychology, game"	"$0.20"	"Tue Mar 04 04:32:54 PST 2014"	"256"	"0"	"0"	"256"	"Reviewable"	"NotReviewed"	"1 scales"	"600"	"60000"	"Tue Mar 11 05:32:54 PDT 2014"	"S98889"	"Approved"	""	"""sundae"""	"""whipped cream"""	"""chocolate"""	"""cherry"""	"""left"""	"""right"""	"0.11"	"0"	"0"	"1"	"1"	"0"	"0"	"""2"""	"""1"""	"""TRUE"""	"""target"""	"""TRUE"""	"-1"	"-1"	"-1"	"-1"	"-1"	"-1"	"""Ice cream"""	"""Thanks!"""	"""23"""	"""F"""	"1"	"1"
"What is he talking about? (1-2 mins)"	"Short and fun! A 1-2 minute word game about what someone is talking about."	"experiment, psychology, game"	"$0.20"	"Tue Mar 04 04:32:54 PST 2014"	"256"	"0"	"0"	"256"	"Reviewable"	"NotReviewed"	"1 scales"	"600"	"60000"	"Tue Mar 11 05:32:54 PDT 2014"	"S70032"	"Approved"	""	"""pizza"""	"""peppers"""	"""mushrooms"""	"""olives"""	"""right"""	"""left"""	"0.778"	"3"	"0"	"1"	"1"	"0"	"0"	"""2"""	"""1"""	"""TRUE"""	"""target"""	"""TRUE"""	"-1"	"-1"	"-1"	"-1"	"-1"	"-1"	"""Bob and his pizzas"""	"""What in the heck does this survey show you?????????"""	"""35"""	"""m"""	"1"	"1"
"What is he talking about? (1-2 mins)"	"Short and fun! A 1-2 minute word game about what someone is talking about."	"experiment, psychology, game"	"$0.20"	"Tue Mar 04 04:32:54 PST 2014"	"256"	"0"	"0"	"256"	"Reviewable"	"NotReviewed"	"1 scales"	"600"	"60000"	"Tue Mar 11 05:32:54 PDT 2014"	"S21002"	"Approved"	""	"""snowman"""	"""hat"""	"""mittens"""	"""scarf"""	"""middle"""	"""left"""	"0.11"	"0"	"0"	"1"	"1"	"0"	"0"	"""2"""	"""1"""	"""TRUE"""	"""target"""	"""TRUE"""	"-1"	"-1"	"-1"	"-1"	"-1"	"-1"	"""Bob's love of building snowmen"""	""""""	""""""	"""m"""	"1"	"1"
"What is he talking about? (1-2 mins)"	"Short and fun! A 1-2 minute word game about what someone is talking about."	"experiment, psychology, game"	"$0.20"	"Tue Mar 04 04:32:54 PST 2014"	"256"	"0"	"0"	"256"	"Reviewable"	"NotReviewed"	"1 scales"	"600"	"60000"	"Tue Mar 11 05:32:54 PDT 2014"	"S41255"	"Approved"	""	"""sundae"""	"""whipped cream"""	"""cherry"""	"""chocolate"""	"""left"""	"""middle"""	"0.556"	"2"	"0"	"1"	"1"	"0"	"0"	"""2"""	"""1"""	"""TRUE"""	"""target"""	"""TRUE"""	"-1"	"-1"	"-1"	"-1"	"-1"	"-1"	"""Apparently, the study is looking at what people how context affects people's interpretation of conversation. Or something like that."""	"""No other useful comments, but good luck with your research!"""	"""40"""	"""m"""	"1"	"1"
"What is he talking about? (1-2 mins)"	"Short and fun! A 1-2 minute word game about what someone is talking about."	"experiment, psychology, game"	"$0.20"	"Tue Mar 04 04:32:54 PST 2014"	"256"	"0"	"0"	"256"	"Reviewable"	"NotReviewed"	"1 scales"	"600"	"60000"	"Tue Mar 11 05:32:54 PDT 2014"	"S31521"	"Approved"	""	"""pizza"""	"""olives"""	"""peppers"""	"""mushrooms"""	"""middle"""	"""right"""	"0.778"	"3"	"0"	"1"	"1"	"0"	"0"	"""2"""	"""1"""	"""TRUE"""	"""target"""	"""TRUE"""	"-1"	"-1"	"-1"	"-1"	"-1"	"-1"	"""communication"""	""""""	"""29"""	"""m"""	"1"	"1"
"What is he talking about? (1-2 mins)"	"Short and fun! A 1-2 minute word game about what someone is talking about."	"experiment, psychology, game"	"$0.20"	"Tue Mar 04 04:32:54 PST 2014"	"256"	"0"	"0"	"256"	"Reviewable"	"NotReviewed"	"1 scales"	"600"	"60000"	"Tue Mar 11 05:32:54 PDT 2014"	"S31957"	"Approved"	""	"""boat"""	"""cabin"""	"""sail"""	"""motor"""	"""left"""	"""middle"""	"0.778"	"3"	"0"	"1"	"1"	"0"	"0"	"""2"""	"""1"""	"""TRUE"""	"""target"""	"""TRUE"""	"-1"	"-1"	"-1"	"-1"	"-1"	"-1"	"""Word Usage"""	"""Nope"""	"""33"""	"""m"""	"1"	"1"
"What is he talking about? (1-2 mins)"	"Short and fun! A 1-2 minute word game about what someone is talking about."	"experiment, psychology, game"	"$0.20"	"Tue Mar 04 04:32:54 PST 2014"	"256"	"0"	"0"	"256"	"Reviewable"	"NotReviewed"	"1 scales"	"600"	"60000"	"Tue Mar 11 05:32:54 PDT 2014"	"S88856"	"Approved"	""	"""boat"""	"""cabin"""	"""motor"""	"""sail"""	"""middle"""	"""left"""	"0.778"	"3"	"0"	"1"	"1"	"0"	"0"	"""2"""	"""1"""	"""TRUE"""	"""target"""	"""TRUE"""	"-1"	"-1"	"-1"	"-1"	"-1"	"-1"	"""Use of descriptions in the English language"""	""""""	"""32"""	"""m"""	"1"	"1"
"What is he talking about? (1-2 mins)"	"Short and fun! A 1-2 minute word game about what someone is talking about."	"experiment, psychology, game"	"$0.20"	"Tue Mar 04 04:32:54 PST 2014"	"256"	"0"	"0"	"256"	"Reviewable"	"NotReviewed"	"1 scales"	"600"	"60000"	"Tue Mar 11 05:32:54 PDT 2014"	"S51176"	"Approved"	""	"""pizza"""	"""peppers"""	"""olives"""	"""mushrooms"""	"""right"""	"""left"""	"0.33"	"1"	"0"	"1"	"1"	"0"	"0"	"""2"""	"""1"""	"""TRUE"""	"""target"""	"""TRUE"""	"-1"	"-1"	"-1"	"-1"	"-1"	"-1"	"""don't know"""	"""none"""	""""""	""""""	"1"	"1"
"What is he talking about? (1-2 mins)"	"Short and fun! A 1-2 minute word game about what someone is talking about."	"experiment, psychology, game"	"$0.20"	"Tue Mar 04 04:32:54 PST 2014"	"256"	"0"	"0"	"256"	"Reviewable"	"NotReviewed"	"1 scales"	"600"	"60000"	"Tue Mar 11 05:32:54 PDT 2014"	"S05897"	"Approved"	""	"""pizza"""	"""olives"""	"""peppers"""	"""mushrooms"""	"""left"""	"""middle"""	"0.556"	"2"	"0"	"1"	"1"	"0"	"0"	"""8"""	"""2"""	"""TRUE"""	"""target"""	"""TRUE"""	"-1"	"-1"	"-1"	"-1"	"-1"	"-1"	"""Olives (or communication with only one word)"""	""""""	"""30"""	"""f"""	"1"	"1"
"What is he talking about? (1-2 mins)"	"Short and fun! A 1-2 minute word game about what someone is talking about."	"experiment, psychology, game"	"$0.20"	"Tue Mar 04 04:32:54 PST 2014"	"256"	"0"	"0"	"256"	"Reviewable"	"NotReviewed"	"1 scales"	"600"	"60000"	"Tue Mar 11 05:32:54 PDT 2014"	"S56271"	"Approved"	""	"""snowman"""	"""hat"""	"""mittens"""	"""scarf"""	"""left"""	"""middle"""	"0.556"	"2"	"0"	"1"	"1"	"0"	"0"	"""2"""	"""1"""	"""TRUE"""	"""target"""	"""TRUE"""	"-1"	"-1"	"-1"	"-1"	"-1"	"-1"	"""How we envision descriptions?"""	"""I'm Ron Burgundy?"""	"""28"""	"""m"""	"1"	"1"
"What is he talking about? (1-2 mins)"	"Short and fun! A 1-2 minute word game about what someone is talking about."	"experiment, psychology, game"	"$0.20"	"Tue Mar 04 04:32:54 PST 2014"	"256"	"0"	"0"	"256"	"Reviewable"	"NotReviewed"	"1 scales"	"600"	"60000"	"Tue Mar 11 05:32:54 PDT 2014"	"S02017"	"Approved"	""	"""friend"""	"""mustache"""	"""glasses"""	"""hat"""	"""left"""	"""middle"""	"0.778"	"3"	"0"	"1"	"1"	"0"	"0"	"""8"""	"""1"""	"""TRUE"""	"""logical"""	"""FALSE"""	"-1"	"-1"	"-1"	"-1"	"-1"	"-1"	"""Short term memory from flashes of information."""	""""""	"""33"""	"""m"""	"1"	"1"
"What is he talking about? (1-2 mins)"	"Short and fun! A 1-2 minute word game about what someone is talking about."	"experiment, psychology, game"	"$0.20"	"Tue Mar 04 04:32:54 PST 2014"	"256"	"0"	"0"	"256"	"Reviewable"	"NotReviewed"	"1 scales"	"600"	"60000"	"Tue Mar 11 05:32:54 PDT 2014"	"S71795"	"Approved"	""	"""snowman"""	"""mittens"""	"""hat"""	"""scarf"""	"""left"""	"""middle"""	"0.778"	"3"	"0"	"1"	"1"	"0"	"0"	"""2"""	"""1"""	"""TRUE"""	"""target"""	"""TRUE"""	"-1"	"-1"	"-1"	"-1"	"-1"	"-1"	"""perception of descriptions"""	"""no"""	"""26"""	"""m"""	"1"	"1"
"What is he talking about? (1-2 mins)"	"Short and fun! A 1-2 minute word game about what someone is talking about."	"experiment, psychology, game"	"$0.20"	"Tue Mar 04 04:32:54 PST 2014"	"256"	"0"	"0"	"256"	"Reviewable"	"NotReviewed"	"1 scales"	"600"	"60000"	"Tue Mar 11 05:32:54 PDT 2014"	"S11174"	"Approved"	""	"""snowman"""	"""scarf"""	"""mittens"""	"""hat"""	"""left"""	"""middle"""	"0.556"	"2"	"0"	"1"	"1"	"0"	"0"	"""7"""	"""3"""	"""FALSE"""	"""target"""	"""TRUE"""	"-1"	"-1"	"-1"	"-1"	"-1"	"-1"	"""memory """	"""interesting!"""	"""21"""	"""m"""	"1"	"1"
"What is he talking about? (1-2 mins)"	"Short and fun! A 1-2 minute word game about what someone is talking about."	"experiment, psychology, game"	"$0.20"	"Tue Mar 04 04:32:54 PST 2014"	"256"	"0"	"0"	"256"	"Reviewable"	"NotReviewed"	"1 scales"	"600"	"60000"	"Tue Mar 11 05:32:54 PDT 2014"	"S98826"	"Approved"	""	"""friend"""	"""glasses"""	"""mustache"""	"""hat"""	"""right"""	"""left"""	"0.11"	"0"	"0"	"1"	"1"	"0"	"0"	"""14"""	"""14"""	"""TRUE"""	"""target"""	"""TRUE"""	"-1"	"-1"	"-1"	"-1"	"-1"	"-1"	"""discerning what a person is talking about; memory and recalling information"""	""""""	"""22"""	"""m"""	"1"	"1"
"What is he talking about? (1-2 mins)"	"Short and fun! A 1-2 minute word game about what someone is talking about."	"experiment, psychology, game"	"$0.20"	"Tue Mar 04 04:32:54 PST 2014"	"256"	"0"	"0"	"256"	"Reviewable"	"NotReviewed"	"1 scales"	"600"	"60000"	"Tue Mar 11 05:32:54 PDT 2014"	"S81568"	"Approved"	""	"""sundae"""	"""cherry"""	"""whipped cream"""	"""chocolate"""	"""right"""	"""left"""	"0.778"	"3"	"0"	"1"	"1"	"0"	"0"	"""2"""	"""1"""	"""TRUE"""	"""target"""	"""TRUE"""	"-1"	"-1"	"-1"	"-1"	"-1"	"-1"	"""Deciphering what the person (Bob) was talking about via limited information."""	"""N/A"""	"""26"""	"""f"""	"1"	"1"
"What is he talking about? (1-2 mins)"	"Short and fun! A 1-2 minute word game about what someone is talking about."	"experiment, psychology, game"	"$0.20"	"Tue Mar 04 04:32:54 PST 2014"	"256"	"0"	"0"	"256"	"Reviewable"	"NotReviewed"	"1 scales"	"600"	"60000"	"Tue Mar 11 05:32:54 PDT 2014"	"S39636"	"Approved"	""	"""pizza"""	"""olives"""	"""mushrooms"""	"""peppers"""	"""right"""	"""middle"""	"0.778"	"3"	"0"	"1"	"1"	"0"	"0"	"""5"""	"""0"""	"""TRUE"""	"""target"""	"""TRUE"""	"-1"	"-1"	"-1"	"-1"	"-1"	"-1"	"""Memory"""	""""""	""""""	"""m"""	"1"	"1"
"What is he talking about? (1-2 mins)"	"Short and fun! A 1-2 minute word game about what someone is talking about."	"experiment, psychology, game"	"$0.20"	"Tue Mar 04 04:32:54 PST 2014"	"256"	"0"	"0"	"256"	"Reviewable"	"NotReviewed"	"1 scales"	"600"	"60000"	"Tue Mar 11 05:32:54 PDT 2014"	"S22672"	"Approved"	""	"""friend"""	"""hat"""	"""mustache"""	"""glasses"""	"""right"""	"""left"""	"0.33"	"1"	"0"	"1"	"1"	"0"	"0"	"""8"""	"""7"""	"""TRUE"""	"""target"""	"""TRUE"""	"-1"	"-1"	"-1"	"-1"	"-1"	"-1"	"""What friend does he go see."""	""""""	"""24"""	"""M"""	"1"	"1"
"What is he talking about? (1-2 mins)"	"Short and fun! A 1-2 minute word game about what someone is talking about."	"experiment, psychology, game"	"$0.20"	"Tue Mar 04 04:32:54 PST 2014"	"256"	"0"	"0"	"256"	"Reviewable"	"NotReviewed"	"1 scales"	"600"	"60000"	"Tue Mar 11 05:32:54 PDT 2014"	"S10982"	"Approved"	""	"""pizza"""	"""olives"""	"""peppers"""	"""mushrooms"""	"""left"""	"""right"""	"0.11"	"0"	"0"	"1"	"1"	"0"	"0"	"""2"""	"""1"""	"""TRUE"""	"""target"""	"""TRUE"""	"-1"	"-1"	"-1"	"-1"	"-1"	"-1"	"""I think survey to see if we can understand what people are talking about when given only hints."""	""""""	"""21"""	"""m"""	"1"	"1"
"What is he talking about? (1-2 mins)"	"Short and fun! A 1-2 minute word game about what someone is talking about."	"experiment, psychology, game"	"$0.20"	"Tue Mar 04 04:32:54 PST 2014"	"256"	"0"	"0"	"256"	"Reviewable"	"NotReviewed"	"1 scales"	"600"	"60000"	"Tue Mar 11 05:32:54 PDT 2014"	"S40473"	"Approved"	""	"""friend"""	"""glasses"""	"""hat"""	"""mustache"""	"""middle"""	"""left"""	"0.11"	"0"	"0"	"1"	"1"	"0"	"0"	"""2"""	"""1"""	"""TRUE"""	"""logical"""	"""FALSE"""	"-1"	"-1"	"-1"	"-1"	"-1"	"-1"	"""What we think Bob means when he says \""glasses.:"""	"""Not at this time"""	"""39"""	"""f"""	"1"	"1"
"What is he talking about? (1-2 mins)"	"Short and fun! A 1-2 minute word game about what someone is talking about."	"experiment, psychology, game"	"$0.20"	"Tue Mar 04 04:32:54 PST 2014"	"256"	"0"	"0"	"256"	"Reviewable"	"NotReviewed"	"1 scales"	"600"	"60000"	"Tue Mar 11 05:32:54 PDT 2014"	"S36399"	"Approved"	""	"""Christmas tree"""	"""star"""	"""ornaments"""	"""lights"""	"""left"""	"""right"""	"0.33"	"1"	"0"	"1"	"1"	"0"	"0"	"""8"""	"""5"""	"""TRUE"""	"""target"""	"""TRUE"""	"-1"	"-1"	"-1"	"-1"	"-1"	"-1"	"""memory"""	""""""	"""36"""	"""f"""	"1"	"1"
"What is he talking about? (1-2 mins)"	"Short and fun! A 1-2 minute word game about what someone is talking about."	"experiment, psychology, game"	"$0.20"	"Tue Mar 04 04:32:54 PST 2014"	"256"	"0"	"0"	"256"	"Reviewable"	"NotReviewed"	"1 scales"	"600"	"60000"	"Tue Mar 11 05:32:54 PDT 2014"	"S58968"	"Approved"	""	"""snowman"""	"""mittens"""	"""hat"""	"""scarf"""	"""right"""	"""middle"""	"0.556"	"2"	"0"	"1"	"1"	"0"	"0"	"""2"""	"""1"""	"""TRUE"""	"""target"""	"""TRUE"""	"-1"	"-1"	"-1"	"-1"	"-1"	"-1"	"""Snowmen and what they were wearing."""	"""No"""	"""30"""	"""F"""	"1"	"1"
"What is he talking about? (1-2 mins)"	"Short and fun! A 1-2 minute word game about what someone is talking about."	"experiment, psychology, game"	"$0.20"	"Tue Mar 04 04:32:54 PST 2014"	"256"	"0"	"0"	"256"	"Reviewable"	"NotReviewed"	"1 scales"	"600"	"60000"	"Tue Mar 11 05:32:54 PDT 2014"	"S00766"	"Approved"	""	"""friend"""	"""glasses"""	"""hat"""	"""mustache"""	"""left"""	"""right"""	"0.556"	"2"	"0"	"1"	"1"	"0"	"0"	"""2"""	"""1"""	"""TRUE"""	"""target"""	"""TRUE"""	"-1"	"-1"	"-1"	"-1"	"-1"	"-1"	"""I don't know."""	""""""	"""22"""	"""M"""	"1"	"1"
"What is he talking about? (1-2 mins)"	"Short and fun! A 1-2 minute word game about what someone is talking about."	"experiment, psychology, game"	"$0.20"	"Tue Mar 04 04:32:54 PST 2014"	"256"	"0"	"0"	"256"	"Reviewable"	"NotReviewed"	"1 scales"	"600"	"60000"	"Tue Mar 11 05:32:54 PDT 2014"	"S44396"	"Approved"	""	"""boat"""	"""motor"""	"""cabin"""	"""sail"""	"""right"""	"""middle"""	"0.33"	"1"	"0"	"1"	"1"	"0"	"0"	"""8"""	"""5"""	"""TRUE"""	"""logical"""	"""FALSE"""	"-1"	"-1"	"-1"	"-1"	"-1"	"-1"	"""Memory"""	"""Nope"""	""""""	"""m"""	"1"	"1"
"What is he talking about? (1-2 mins)"	"Short and fun! A 1-2 minute word game about what someone is talking about."	"experiment, psychology, game"	"$0.20"	"Tue Mar 04 04:32:54 PST 2014"	"256"	"0"	"0"	"256"	"Reviewable"	"NotReviewed"	"1 scales"	"600"	"60000"	"Tue Mar 11 05:32:54 PDT 2014"	"S63510"	"Approved"	""	"""Christmas tree"""	"""lights"""	"""star"""	"""ornaments"""	"""middle"""	"""right"""	"0.556"	"2"	"0"	"1"	"1"	"0"	"0"	"""2"""	"""1"""	"""TRUE"""	"""logical"""	"""FALSE"""	"-1"	"-1"	"-1"	"-1"	"-1"	"-1"	"""I have no idea"""	""""""	"""61"""	"""f"""	"1"	"1"
"What is he talking about? (1-2 mins)"	"Short and fun! A 1-2 minute word game about what someone is talking about."	"experiment, psychology, game"	"$0.20"	"Tue Mar 04 04:32:54 PST 2014"	"256"	"0"	"0"	"256"	"Reviewable"	"NotReviewed"	"1 scales"	"600"	"60000"	"Tue Mar 11 05:32:54 PDT 2014"	"S58784"	"Approved"	""	"""friend"""	"""glasses"""	"""mustache"""	"""hat"""	"""middle"""	"""left"""	"0.778"	"3"	"0"	"1"	"1"	"0"	"0"	"""2"""	"""1"""	"""TRUE"""	"""target"""	"""TRUE"""	"-1"	"-1"	"-1"	"-1"	"-1"	"-1"	"""A person describing another person."""	"""Interesting Survey"""	"""23"""	"""m"""	"1"	"1"
"What is he talking about? (1-2 mins)"	"Short and fun! A 1-2 minute word game about what someone is talking about."	"experiment, psychology, game"	"$0.20"	"Tue Mar 04 04:32:54 PST 2014"	"256"	"0"	"0"	"256"	"Reviewable"	"NotReviewed"	"1 scales"	"600"	"60000"	"Tue Mar 11 05:32:54 PDT 2014"	"S44035"	"Approved"	""	"""Christmas tree"""	"""lights"""	"""star"""	"""ornaments"""	"""left"""	"""middle"""	"0.778"	"3"	"0"	"1"	"1"	"0"	"0"	"""2"""	"""1"""	"""TRUE"""	"""target"""	"""TRUE"""	"-1"	"-1"	"-1"	"-1"	"-1"	"-1"	"""Finding what bob was talking about"""	""""""	"""21"""	"""f"""	"1"	"1"
"What is he talking about? (1-2 mins)"	"Short and fun! A 1-2 minute word game about what someone is talking about."	"experiment, psychology, game"	"$0.20"	"Tue Mar 04 04:32:54 PST 2014"	"256"	"0"	"0"	"256"	"Reviewable"	"NotReviewed"	"1 scales"	"600"	"60000"	"Tue Mar 11 05:32:54 PDT 2014"	"S86984"	"Approved"	""	"""pizza"""	"""peppers"""	"""mushrooms"""	"""olives"""	"""right"""	"""middle"""	"0.556"	"2"	"0"	"1"	"1"	"0"	"0"	"""2"""	"""1"""	"""TRUE"""	"""target"""	"""TRUE"""	"-1"	"-1"	"-1"	"-1"	"-1"	"-1"	"""Bob."""	"""No."""	""""""	""""""	"1"	"1"
"What is he talking about? (1-2 mins)"	"Short and fun! A 1-2 minute word game about what someone is talking about."	"experiment, psychology, game"	"$0.20"	"Tue Mar 04 04:32:54 PST 2014"	"256"	"0"	"0"	"256"	"Reviewable"	"NotReviewed"	"1 scales"	"600"	"60000"	"Tue Mar 11 05:32:54 PDT 2014"	"S55517"	"Approved"	""	"""pizza"""	"""peppers"""	"""mushrooms"""	"""olives"""	"""right"""	"""left"""	"0.11"	"0"	"0"	"1"	"1"	"0"	"0"	"""9"""	"""1"""	"""TRUE"""	"""target"""	"""TRUE"""	"-1"	"-1"	"-1"	"-1"	"-1"	"-1"	"""pizzas toppings"""	""""""	"""22"""	"""M"""	"1"	"1"
"What is he talking about? (1-2 mins)"	"Short and fun! A 1-2 minute word game about what someone is talking about."	"experiment, psychology, game"	"$0.20"	"Tue Mar 04 04:32:54 PST 2014"	"256"	"0"	"0"	"256"	"Reviewable"	"NotReviewed"	"1 scales"	"600"	"60000"	"Tue Mar 11 05:32:54 PDT 2014"	"S69756"	"Approved"	""	"""friend"""	"""glasses"""	"""hat"""	"""mustache"""	"""middle"""	"""right"""	"0.33"	"1"	"0"	"1"	"1"	"0"	"0"	"""2"""	"""1"""	"""TRUE"""	"""target"""	"""TRUE"""	"-1"	"-1"	"-1"	"-1"	"-1"	"-1"	"""not sure"""	""""""	"""28"""	"""m"""	"1"	"1"
"What is he talking about? (1-2 mins)"	"Short and fun! A 1-2 minute word game about what someone is talking about."	"experiment, psychology, game"	"$0.20"	"Tue Mar 04 04:32:54 PST 2014"	"256"	"0"	"0"	"256"	"Reviewable"	"NotReviewed"	"1 scales"	"600"	"60000"	"Tue Mar 11 05:32:54 PDT 2014"	"S98725"	"Approved"	""	"""boat"""	"""motor"""	"""cabin"""	"""sail"""	"""middle"""	"""left"""	"0.556"	"2"	"0"	"1"	"1"	"0"	"0"	"""8"""	"""3"""	"""TRUE"""	"""target"""	"""TRUE"""	"-1"	"-1"	"-1"	"-1"	"-1"	"-1"	"""Memory test"""	""""""	""""""	""""""	"1"	"1"
"What is he talking about? (1-2 mins)"	"Short and fun! A 1-2 minute word game about what someone is talking about."	"experiment, psychology, game"	"$0.20"	"Tue Mar 04 04:32:54 PST 2014"	"256"	"0"	"0"	"256"	"Reviewable"	"NotReviewed"	"1 scales"	"600"	"60000"	"Tue Mar 11 05:32:54 PDT 2014"	"S54072"	"Approved"	""	"""pizza"""	"""peppers"""	"""olives"""	"""mushrooms"""	"""right"""	"""left"""	"0.778"	"3"	"0"	"1"	"1"	"0"	"0"	"""2"""	"""1"""	"""TRUE"""	"""target"""	"""TRUE"""	"-1"	"-1"	"-1"	"-1"	"-1"	"-1"	"""Perception"""	""""""	""""""	""""""	"1"	"1"
"What is he talking about? (1-2 mins)"	"Short and fun! A 1-2 minute word game about what someone is talking about."	"experiment, psychology, game"	"$0.20"	"Tue Mar 04 04:32:54 PST 2014"	"256"	"0"	"0"	"256"	"Reviewable"	"NotReviewed"	"1 scales"	"600"	"60000"	"Tue Mar 11 05:32:54 PDT 2014"	"S99180"	"Approved"	""	"""pizza"""	"""peppers"""	"""mushrooms"""	"""olives"""	"""left"""	"""right"""	"0.11"	"0"	"0"	"1"	"1"	"0"	"0"	"""2"""	"""1"""	"""TRUE"""	"""logical"""	"""FALSE"""	"-1"	"-1"	"-1"	"-1"	"-1"	"-1"	"""Interpreting communication"""	"""I selected the pizza wiht mushrooms and peppers because he could only say one word and I figured that he usually got peppers and mushrooms but was OK with just peppers since he had only peppers one time as well. I did think a bit that perhaps he would have said \""mushrooms\"" if he wanted both since he had just peppers but never had just mushrooms, but I figured he'd be happiest with the pizza he ate most frequently."""	"""31"""	"""f"""	"1"	"1"
"What is he talking about? (1-2 mins)"	"Short and fun! A 1-2 minute word game about what someone is talking about."	"experiment, psychology, game"	"$0.20"	"Tue Mar 04 04:32:54 PST 2014"	"256"	"0"	"0"	"256"	"Reviewable"	"NotReviewed"	"1 scales"	"600"	"60000"	"Tue Mar 11 05:32:54 PDT 2014"	"S89873"	"Approved"	""	"""sundae"""	"""chocolate"""	"""cherry"""	"""whipped cream"""	"""left"""	"""right"""	"0.33"	"1"	"0"	"1"	"1"	"0"	"0"	"""2"""	"""1"""	"""TRUE"""	"""logical"""	"""FALSE"""	"-1"	"-1"	"-1"	"-1"	"-1"	"-1"	"""sundaes that bob ate"""	""""""	"""34"""	"""f"""	"1"	"1"
"What is he talking about? (1-2 mins)"	"Short and fun! A 1-2 minute word game about what someone is talking about."	"experiment, psychology, game"	"$0.20"	"Tue Mar 04 04:32:54 PST 2014"	"256"	"0"	"0"	"256"	"Reviewable"	"NotReviewed"	"1 scales"	"600"	"60000"	"Tue Mar 11 05:32:54 PDT 2014"	"S02473"	"Approved"	""	"""pizza"""	"""peppers"""	"""olives"""	"""mushrooms"""	"""left"""	"""middle"""	"0.556"	"2"	"0"	"1"	"1"	"0"	"0"	"""2"""	"""1"""	"""TRUE"""	"""target"""	"""TRUE"""	"-1"	"-1"	"-1"	"-1"	"-1"	"-1"	"""Figuring out what bob was talking about when he said one word."""	"""I wasn't sure if I should count olives and peppers for all of the weeks or just the three images shown.  I picked just the three images."""	"""46"""	"""f"""	"1"	"1"
"What is he talking about? (1-2 mins)"	"Short and fun! A 1-2 minute word game about what someone is talking about."	"experiment, psychology, game"	"$0.20"	"Tue Mar 04 04:32:54 PST 2014"	"256"	"0"	"0"	"256"	"Reviewable"	"NotReviewed"	"1 scales"	"600"	"60000"	"Tue Mar 11 05:32:54 PDT 2014"	"S11607"	"Approved"	""	"""Christmas tree"""	"""ornaments"""	"""lights"""	"""star"""	"""left"""	"""middle"""	"0.11"	"0"	"0"	"1"	"1"	"0"	"0"	"""1"""	"""2"""	"""TRUE"""	"""logical"""	"""FALSE"""	"-1"	"-1"	"-1"	"-1"	"-1"	"-1"	"""Christmas Trees"""	"""No"""	"""31"""	"""F"""	"1"	"1"
"What is he talking about? (1-2 mins)"	"Short and fun! A 1-2 minute word game about what someone is talking about."	"experiment, psychology, game"	"$0.20"	"Tue Mar 04 04:32:54 PST 2014"	"256"	"0"	"0"	"256"	"Reviewable"	"NotReviewed"	"1 scales"	"600"	"60000"	"Tue Mar 11 05:32:54 PDT 2014"	"S72272"	"Approved"	""	"""friend"""	"""mustache"""	"""glasses"""	"""hat"""	"""left"""	"""middle"""	"0.778"	"3"	"0"	"1"	"1"	"0"	"0"	"""1"""	"""1"""	"""TRUE"""	"""logical"""	"""FALSE"""	"-1"	"-1"	"-1"	"-1"	"-1"	"-1"	"""LANguage"""	""""""	"""24"""	"""f"""	"1"	"1"
"What is he talking about? (1-2 mins)"	"Short and fun! A 1-2 minute word game about what someone is talking about."	"experiment, psychology, game"	"$0.20"	"Tue Mar 04 04:32:54 PST 2014"	"256"	"0"	"0"	"256"	"Reviewable"	"NotReviewed"	"1 scales"	"600"	"60000"	"Tue Mar 11 05:32:54 PDT 2014"	"S01623"	"Approved"	""	"""Christmas tree"""	"""lights"""	"""star"""	"""ornaments"""	"""right"""	"""middle"""	"0.33"	"1"	"0"	"1"	"1"	"0"	"0"	"""2"""	"""1"""	"""TRUE"""	"""target"""	"""TRUE"""	"-1"	"-1"	"-1"	"-1"	"-1"	"-1"	"""christmas tree"""	""""""	"""28"""	"""F"""	"1"	"1"
"What is he talking about? (1-2 mins)"	"Short and fun! A 1-2 minute word game about what someone is talking about."	"experiment, psychology, game"	"$0.20"	"Tue Mar 04 04:32:54 PST 2014"	"256"	"0"	"0"	"256"	"Reviewable"	"NotReviewed"	"1 scales"	"600"	"60000"	"Tue Mar 11 05:32:54 PDT 2014"	"S62835"	"Approved"	""	"""friend"""	"""hat"""	"""glasses"""	"""mustache"""	"""right"""	"""left"""	"0.11"	"0"	"0"	"1"	"1"	"0"	"0"	"""2"""	"""1"""	"""TRUE"""	"""logical"""	"""FALSE"""	"-1"	"-1"	"-1"	"-1"	"-1"	"-1"	"""Recall and word associations. Ex. \""Hat\"" references guy only in hat or guy in hat *and* glasses?"""	"""Interesting study. If \""hat\"" there were two options. If \""glasses\"" there was one. If \""hat *and* glasses\"" there was one. Interesting recall/logic study."""	"""28"""	"""m"""	"1"	"1"
"What is he talking about? (1-2 mins)"	"Short and fun! A 1-2 minute word game about what someone is talking about."	"experiment, psychology, game"	"$0.20"	"Tue Mar 04 04:32:54 PST 2014"	"256"	"0"	"0"	"256"	"Reviewable"	"NotReviewed"	"1 scales"	"600"	"60000"	"Tue Mar 11 05:32:54 PDT 2014"	"S56165"	"Approved"	""	"""Christmas tree"""	"""star"""	"""lights"""	"""ornaments"""	"""right"""	"""left"""	"0.556"	"2"	"0"	"1"	"1"	"0"	"0"	"""2"""	"""1"""	"""TRUE"""	"""target"""	"""TRUE"""	"-1"	"-1"	"-1"	"-1"	"-1"	"-1"	"""Judging Bob and seeing what he was referring to when he said star"""	""""""	"""22"""	"""f"""	"1"	"1"
"What is he talking about? (1-2 mins)"	"Short and fun! A 1-2 minute word game about what someone is talking about."	"experiment, psychology, game"	"$0.20"	"Tue Mar 04 04:32:54 PST 2014"	"256"	"0"	"0"	"256"	"Reviewable"	"NotReviewed"	"1 scales"	"600"	"60000"	"Tue Mar 11 05:32:54 PDT 2014"	"S82168"	"Approved"	""	"""friend"""	"""hat"""	"""mustache"""	"""glasses"""	"""left"""	"""right"""	"0.778"	"3"	"0"	"1"	"1"	"0"	"0"	"""2"""	"""1"""	"""TRUE"""	"""target"""	"""TRUE"""	"-1"	"-1"	"-1"	"-1"	"-1"	"-1"	"""I'm still trying to figure that out. Somehting about interpreting Bob."""	"""weird"""	"""29"""	"""male"""	"1"	"1"
"What is he talking about? (1-2 mins)"	"Short and fun! A 1-2 minute word game about what someone is talking about."	"experiment, psychology, game"	"$0.20"	"Tue Mar 04 04:32:54 PST 2014"	"256"	"0"	"0"	"256"	"Reviewable"	"NotReviewed"	"1 scales"	"600"	"60000"	"Tue Mar 11 05:32:54 PDT 2014"	"S50584"	"Approved"	""	"""snowman"""	"""mittens"""	"""hat"""	"""scarf"""	"""middle"""	"""left"""	"0.33"	"1"	"0"	"1"	"1"	"0"	"0"	"""2"""	"""1"""	"""TRUE"""	"""target"""	"""TRUE"""	"-1"	"-1"	"-1"	"-1"	"-1"	"-1"	"""Bob's snowmen"""	"""nope"""	"""63"""	"""f"""	"1"	"1"
"What is he talking about? (1-2 mins)"	"Short and fun! A 1-2 minute word game about what someone is talking about."	"experiment, psychology, game"	"$0.20"	"Tue Mar 04 04:32:54 PST 2014"	"256"	"0"	"0"	"256"	"Reviewable"	"NotReviewed"	"1 scales"	"600"	"60000"	"Tue Mar 11 05:32:54 PDT 2014"	"S64797"	"Approved"	""	"""sundae"""	"""whipped cream"""	"""cherry"""	"""chocolate"""	"""left"""	"""middle"""	"0.11"	"0"	"0"	"1"	"1"	"0"	"0"	"""2"""	"""1"""	"""TRUE"""	"""target"""	"""TRUE"""	"-1"	"-1"	"-1"	"-1"	"-1"	"-1"	"""ice cream? """	"""Nope"""	"""26"""	"""f"""	"1"	"1"
"What is he talking about? (1-2 mins)"	"Short and fun! A 1-2 minute word game about what someone is talking about."	"experiment, psychology, game"	"$0.20"	"Tue Mar 04 04:32:54 PST 2014"	"256"	"0"	"0"	"256"	"Reviewable"	"NotReviewed"	"1 scales"	"600"	"60000"	"Tue Mar 11 05:32:54 PDT 2014"	"S93797"	"Approved"	""	"""snowman"""	"""hat"""	"""mittens"""	"""scarf"""	"""middle"""	"""left"""	"0.33"	"1"	"0"	"1"	"1"	"0"	"0"	"""2"""	"""1"""	"""TRUE"""	"""target"""	"""TRUE"""	"-1"	"-1"	"-1"	"-1"	"-1"	"-1"	"""Choosing which snowman we think Bob is talking about."""	"""No."""	"""27"""	"""M"""	"1"	"1"
"What is he talking about? (1-2 mins)"	"Short and fun! A 1-2 minute word game about what someone is talking about."	"experiment, psychology, game"	"$0.20"	"Tue Mar 04 04:32:54 PST 2014"	"256"	"0"	"0"	"256"	"Reviewable"	"NotReviewed"	"1 scales"	"600"	"60000"	"Tue Mar 11 05:32:54 PDT 2014"	"S22224"	"Approved"	""	"""friend"""	"""glasses"""	"""hat"""	"""mustache"""	"""left"""	"""middle"""	"0.778"	"3"	"0"	"1"	"1"	"0"	"0"	"""2"""	"""1"""	"""TRUE"""	"""target"""	"""TRUE"""	"-1"	"-1"	"-1"	"-1"	"-1"	"-1"	"""Bob and the friends he visits each Sunday."""	""""""	"""44"""	"""Female"""	"1"	"1"
"What is he talking about? (1-2 mins)"	"Short and fun! A 1-2 minute word game about what someone is talking about."	"experiment, psychology, game"	"$0.20"	"Tue Mar 04 04:32:54 PST 2014"	"256"	"0"	"0"	"256"	"Reviewable"	"NotReviewed"	"1 scales"	"600"	"60000"	"Tue Mar 11 05:32:54 PDT 2014"	"S28563"	"Approved"	""	"""Christmas tree"""	"""lights"""	"""ornaments"""	"""star"""	"""left"""	"""right"""	"0.778"	"3"	"0"	"1"	"1"	"0"	"0"	"""2"""	"""1"""	"""TRUE"""	"""target"""	"""TRUE"""	"-1"	"-1"	"-1"	"-1"	"-1"	"-1"	"""christmas trees"""	""""""	"""33"""	"""m"""	"1"	"1"
"What is he talking about? (1-2 mins)"	"Short and fun! A 1-2 minute word game about what someone is talking about."	"experiment, psychology, game"	"$0.20"	"Tue Mar 04 04:32:54 PST 2014"	"256"	"0"	"0"	"256"	"Reviewable"	"NotReviewed"	"1 scales"	"600"	"60000"	"Tue Mar 11 05:32:54 PDT 2014"	"S98115"	"Approved"	""	"""boat"""	"""cabin"""	"""sail"""	"""motor"""	"""middle"""	"""right"""	"0.556"	"2"	"0"	"1"	"1"	"0"	"0"	"""2"""	"""1"""	"""TRUE"""	"""target"""	"""TRUE"""	"-1"	"-1"	"-1"	"-1"	"-1"	"-1"	"""No idea"""	"""None"""	"""24"""	"""F"""	"1"	"1"
"What is he talking about? (1-2 mins)"	"Short and fun! A 1-2 minute word game about what someone is talking about."	"experiment, psychology, game"	"$0.20"	"Tue Mar 04 04:32:54 PST 2014"	"256"	"0"	"0"	"256"	"Reviewable"	"NotReviewed"	"1 scales"	"600"	"60000"	"Tue Mar 11 05:32:54 PDT 2014"	"S32482"	"Approved"	""	"""sundae"""	"""whipped cream"""	"""cherry"""	"""chocolate"""	"""right"""	"""left"""	"0.11"	"0"	"0"	"1"	"1"	"0"	"0"	"""8"""	"""7"""	"""TRUE"""	"""target"""	"""TRUE"""	"-1"	"-1"	"-1"	"-1"	"-1"	"-1"	"""To see how people interpret language"""	"""None"""	"""23"""	"""M"""	"1"	"1"
"What is he talking about? (1-2 mins)"	"Short and fun! A 1-2 minute word game about what someone is talking about."	"experiment, psychology, game"	"$0.20"	"Tue Mar 04 04:32:54 PST 2014"	"256"	"0"	"0"	"256"	"Reviewable"	"NotReviewed"	"1 scales"	"600"	"60000"	"Tue Mar 11 05:32:54 PDT 2014"	"S62396"	"Approved"	""	"""sundae"""	"""cherry"""	"""chocolate"""	"""whipped cream"""	"""left"""	"""middle"""	"0.556"	"2"	"0"	"1"	"1"	"0"	"0"	"""2"""	"""1"""	"""TRUE"""	"""target"""	"""TRUE"""	"-1"	"-1"	"-1"	"-1"	"-1"	"-1"	"""inferring meaning from given information"""	"""no"""	"""42"""	"""m"""	"1"	"1"
"What is he talking about? (1-2 mins)"	"Short and fun! A 1-2 minute word game about what someone is talking about."	"experiment, psychology, game"	"$0.20"	"Tue Mar 04 04:32:54 PST 2014"	"256"	"0"	"0"	"256"	"Reviewable"	"NotReviewed"	"1 scales"	"600"	"60000"	"Tue Mar 11 05:32:54 PDT 2014"	"S90354"	"Approved"	""	"""snowman"""	"""scarf"""	"""hat"""	"""mittens"""	"""right"""	"""left"""	"0.11"	"0"	"0"	"1"	"1"	"0"	"0"	"""2"""	"""1"""	"""TRUE"""	"""target"""	"""TRUE"""	"-1"	"-1"	"-1"	"-1"	"-1"	"-1"	"""snowmen and whats he talking about?"""	"""no"""	"""31"""	"""m"""	"1"	"1"
"What is he talking about? (1-2 mins)"	"Short and fun! A 1-2 minute word game about what someone is talking about."	"experiment, psychology, game"	"$0.20"	"Tue Mar 04 04:32:54 PST 2014"	"256"	"0"	"0"	"256"	"Reviewable"	"NotReviewed"	"1 scales"	"600"	"60000"	"Tue Mar 11 05:32:54 PDT 2014"	"S97040"	"Approved"	""	"""sundae"""	"""chocolate"""	"""cherry"""	"""whipped cream"""	"""left"""	"""right"""	"0.11"	"0"	"0"	"1"	"1"	"0"	"0"	"""8"""	"""7"""	"""TRUE"""	"""target"""	"""TRUE"""	"-1"	"-1"	"-1"	"-1"	"-1"	"-1"	"""Detail?"""	""""""	"""21"""	"""f"""	"1"	"1"
"What is he talking about? (1-2 mins)"	"Short and fun! A 1-2 minute word game about what someone is talking about."	"experiment, psychology, game"	"$0.20"	"Tue Mar 04 04:32:54 PST 2014"	"256"	"0"	"0"	"256"	"Reviewable"	"NotReviewed"	"1 scales"	"600"	"60000"	"Tue Mar 11 05:32:54 PDT 2014"	"S33367"	"Approved"	""	"""boat"""	"""sail"""	"""cabin"""	"""motor"""	"""left"""	"""right"""	"0.556"	"2"	"0"	"1"	"1"	"0"	"0"	"""2"""	"""1"""	"""TRUE"""	"""logical"""	"""FALSE"""	"-1"	"-1"	"-1"	"-1"	"-1"	"-1"	"""Checking to see what kind of boat Bob used for his sailing fun."""	""""""	""""""	"""f"""	"1"	"1"
"What is he talking about? (1-2 mins)"	"Short and fun! A 1-2 minute word game about what someone is talking about."	"experiment, psychology, game"	"$0.20"	"Tue Mar 04 04:32:54 PST 2014"	"256"	"0"	"0"	"256"	"Reviewable"	"NotReviewed"	"1 scales"	"600"	"60000"	"Tue Mar 11 05:32:54 PDT 2014"	"S42976"	"Approved"	""	"""pizza"""	"""olives"""	"""mushrooms"""	"""peppers"""	"""right"""	"""left"""	"0.778"	"3"	"0"	"1"	"1"	"0"	"0"	"""2"""	"""1"""	"""TRUE"""	"""target"""	"""TRUE"""	"-1"	"-1"	"-1"	"-1"	"-1"	"-1"	"""What pizza toppings Bob likes."""	""""""	"""37"""	"""M"""	"1"	"1"
"What is he talking about? (1-2 mins)"	"Short and fun! A 1-2 minute word game about what someone is talking about."	"experiment, psychology, game"	"$0.20"	"Tue Mar 04 04:32:54 PST 2014"	"256"	"0"	"0"	"256"	"Reviewable"	"NotReviewed"	"1 scales"	"600"	"60000"	"Tue Mar 11 05:32:54 PDT 2014"	"S63041"	"Approved"	""	"""pizza"""	"""peppers"""	"""olives"""	"""mushrooms"""	"""right"""	"""middle"""	"0.556"	"2"	"0"	"1"	"1"	"0"	"0"	"""2"""	"""1"""	"""FALSE"""	"""logical"""	"""FALSE"""	"-1"	"-1"	"-1"	"-1"	"-1"	"-1"	"""Perceptions of choice"""	""""""	"""48"""	"""n"""	"1"	"1"
"What is he talking about? (1-2 mins)"	"Short and fun! A 1-2 minute word game about what someone is talking about."	"experiment, psychology, game"	"$0.20"	"Tue Mar 04 04:32:54 PST 2014"	"256"	"0"	"0"	"256"	"Reviewable"	"NotReviewed"	"1 scales"	"600"	"60000"	"Tue Mar 11 05:32:54 PDT 2014"	"S13313"	"Approved"	""	"""sundae"""	"""cherry"""	"""chocolate"""	"""whipped cream"""	"""middle"""	"""left"""	"0.11"	"0"	"0"	"1"	"1"	"0"	"0"	"""8"""	"""2"""	"""TRUE"""	"""target"""	"""TRUE"""	"-1"	"-1"	"-1"	"-1"	"-1"	"-1"	"""choices"""	""""""	"""51"""	"""m"""	"1"	"1"
"What is he talking about? (1-2 mins)"	"Short and fun! A 1-2 minute word game about what someone is talking about."	"experiment, psychology, game"	"$0.20"	"Tue Mar 04 04:32:54 PST 2014"	"256"	"0"	"0"	"256"	"Reviewable"	"NotReviewed"	"1 scales"	"600"	"60000"	"Tue Mar 11 05:32:54 PDT 2014"	"S32834"	"Approved"	""	"""boat"""	"""motor"""	"""cabin"""	"""sail"""	"""middle"""	"""right"""	"0.11"	"0"	"0"	"1"	"1"	"0"	"0"	"""2"""	"""1"""	"""TRUE"""	"""target"""	"""TRUE"""	"-1"	"-1"	"-1"	"-1"	"-1"	"-1"	"""The boats bob sails"""	""""""	"""43"""	"""F"""	"1"	"1"
"What is he talking about? (1-2 mins)"	"Short and fun! A 1-2 minute word game about what someone is talking about."	"experiment, psychology, game"	"$0.20"	"Tue Mar 04 04:32:54 PST 2014"	"256"	"0"	"0"	"256"	"Reviewable"	"NotReviewed"	"1 scales"	"600"	"60000"	"Tue Mar 11 05:32:54 PDT 2014"	"S58303"	"Approved"	""	"""snowman"""	"""mittens"""	"""scarf"""	"""hat"""	"""right"""	"""middle"""	"0.556"	"2"	"0"	"1"	"1"	"0"	"0"	"""2"""	"""1"""	"""TRUE"""	"""target"""	"""TRUE"""	"-1"	"-1"	"-1"	"-1"	"-1"	"-1"	"""Snowman, mittens and scarves"""	""""""	""""""	"""f"""	"1"	"1"
"What is he talking about? (1-2 mins)"	"Short and fun! A 1-2 minute word game about what someone is talking about."	"experiment, psychology, game"	"$0.20"	"Tue Mar 04 04:32:54 PST 2014"	"256"	"0"	"0"	"256"	"Reviewable"	"NotReviewed"	"1 scales"	"600"	"60000"	"Tue Mar 11 05:32:54 PDT 2014"	"S96878"	"Approved"	""	"""Christmas tree"""	"""star"""	"""ornaments"""	"""lights"""	"""left"""	"""right"""	"0.33"	"1"	"0"	"1"	"1"	"0"	"0"	"""2"""	"""1"""	"""TRUE"""	"""target"""	"""TRUE"""	"-1"	"-1"	"-1"	"-1"	"-1"	"-1"	"""stars"""	"""nope"""	""""""	"""m"""	"1"	"1"
"What is he talking about? (1-2 mins)"	"Short and fun! A 1-2 minute word game about what someone is talking about."	"experiment, psychology, game"	"$0.20"	"Tue Mar 04 04:32:54 PST 2014"	"256"	"0"	"0"	"256"	"Reviewable"	"NotReviewed"	"1 scales"	"600"	"60000"	"Tue Mar 11 05:32:54 PDT 2014"	"S79034"	"Approved"	""	"""friend"""	"""glasses"""	"""mustache"""	"""hat"""	"""left"""	"""middle"""	"0.778"	"3"	"0"	"1"	"1"	"0"	"0"	"""2"""	"""1"""	"""TRUE"""	"""logical"""	"""FALSE"""	"-1"	"-1"	"-1"	"-1"	"-1"	"-1"	"""a guy named bob who likes to visit friends"""	"""none"""	"""23"""	"""m"""	"1"	"1"
"What is he talking about? (1-2 mins)"	"Short and fun! A 1-2 minute word game about what someone is talking about."	"experiment, psychology, game"	"$0.20"	"Tue Mar 04 04:32:54 PST 2014"	"256"	"0"	"0"	"256"	"Reviewable"	"NotReviewed"	"1 scales"	"600"	"60000"	"Tue Mar 11 05:32:54 PDT 2014"	"S37688"	"Approved"	""	"""boat"""	"""sail"""	"""cabin"""	"""motor"""	"""left"""	"""middle"""	"0.11"	"0"	"0"	"1"	"1"	"0"	"0"	"""2"""	"""1"""	"""TRUE"""	"""target"""	"""TRUE"""	"-1"	"-1"	"-1"	"-1"	"-1"	"-1"	"""Sail boats and their description"""	""""""	"""28"""	"""m"""	"1"	"1"
"What is he talking about? (1-2 mins)"	"Short and fun! A 1-2 minute word game about what someone is talking about."	"experiment, psychology, game"	"$0.20"	"Tue Mar 04 04:32:54 PST 2014"	"256"	"0"	"0"	"256"	"Reviewable"	"NotReviewed"	"1 scales"	"600"	"60000"	"Tue Mar 11 05:32:54 PDT 2014"	"S00229"	"Approved"	""	"""friend"""	"""glasses"""	"""hat"""	"""mustache"""	"""right"""	"""middle"""	"0.778"	"3"	"0"	"1"	"1"	"0"	"0"	"""2"""	"""3"""	"""FALSE"""	"""logical"""	"""FALSE"""	"-1"	"-1"	"-1"	"-1"	"-1"	"-1"	"""Identification"""	"""It was good"""	""""""	""""""	"1"	"1"
"What is he talking about? (1-2 mins)"	"Short and fun! A 1-2 minute word game about what someone is talking about."	"experiment, psychology, game"	"$0.20"	"Tue Mar 04 04:32:54 PST 2014"	"256"	"0"	"0"	"256"	"Reviewable"	"NotReviewed"	"1 scales"	"600"	"60000"	"Tue Mar 11 05:32:54 PDT 2014"	"S11086"	"Approved"	""	"""pizza"""	"""peppers"""	"""olives"""	"""mushrooms"""	"""right"""	"""middle"""	"0.778"	"3"	"0"	"1"	"1"	"0"	"0"	"""2"""	"""1"""	"""TRUE"""	"""target"""	"""TRUE"""	"-1"	"-1"	"-1"	"-1"	"-1"	"-1"	"""communication"""	""""""	"""41"""	"""m"""	"1"	"1"
"What is he talking about? (1-2 mins)"	"Short and fun! A 1-2 minute word game about what someone is talking about."	"experiment, psychology, game"	"$0.20"	"Tue Mar 04 04:32:54 PST 2014"	"256"	"0"	"0"	"256"	"Reviewable"	"NotReviewed"	"1 scales"	"600"	"60000"	"Tue Mar 11 05:32:54 PDT 2014"	"S37783"	"Approved"	""	"""sundae"""	"""cherry"""	"""whipped cream"""	"""chocolate"""	"""left"""	"""middle"""	"0.11"	"0"	"0"	"1"	"1"	"0"	"0"	"""2"""	"""1"""	"""TRUE"""	"""target"""	"""TRUE"""	"-1"	"-1"	"-1"	"-1"	"-1"	"-1"	"""categorization or best type"""	"""yeah cognitive linguistics FTW"""	"""37"""	"""f"""	"1"	"1"
"What is he talking about? (1-2 mins)"	"Short and fun! A 1-2 minute word game about what someone is talking about."	"experiment, psychology, game"	"$0.20"	"Tue Mar 04 04:32:54 PST 2014"	"256"	"0"	"0"	"256"	"Reviewable"	"NotReviewed"	"1 scales"	"600"	"60000"	"Tue Mar 11 05:32:54 PDT 2014"	"S83050"	"Approved"	""	"""friend"""	"""glasses"""	"""mustache"""	"""hat"""	"""left"""	"""middle"""	"0.33"	"1"	"0"	"1"	"1"	"0"	"0"	"""2"""	"""1"""	"""TRUE"""	"""target"""	"""TRUE"""	"-1"	"-1"	"-1"	"-1"	"-1"	"-1"	"""It was about bob going to visit his friends and what glasses means to me"""	"""no"""	"""44"""	"""f"""	"1"	"1"
"What is he talking about? (1-2 mins)"	"Short and fun! A 1-2 minute word game about what someone is talking about."	"experiment, psychology, game"	"$0.20"	"Tue Mar 04 04:32:54 PST 2014"	"256"	"0"	"0"	"256"	"Reviewable"	"NotReviewed"	"1 scales"	"600"	"60000"	"Tue Mar 11 05:32:54 PDT 2014"	"S93608"	"Approved"	""	"""pizza"""	"""mushrooms"""	"""peppers"""	"""olives"""	"""right"""	"""middle"""	"0.556"	"2"	"0"	"1"	"1"	"0"	"0"	"""2"""	"""1"""	"""TRUE"""	"""target"""	"""TRUE"""	"-1"	"-1"	"-1"	"-1"	"-1"	"-1"	"""about pizza's bob has eaten"""	""""""	"""26"""	"""m"""	"1"	"1"
"What is he talking about? (1-2 mins)"	"Short and fun! A 1-2 minute word game about what someone is talking about."	"experiment, psychology, game"	"$0.20"	"Tue Mar 04 04:32:54 PST 2014"	"256"	"0"	"0"	"256"	"Reviewable"	"NotReviewed"	"1 scales"	"600"	"60000"	"Tue Mar 11 05:32:54 PDT 2014"	"S16375"	"Approved"	""	"""sundae"""	"""whipped cream"""	"""cherry"""	"""chocolate"""	"""right"""	"""left"""	"0.33"	"1"	"0"	"1"	"1"	"0"	"0"	"""8"""	"""5"""	"""TRUE"""	"""target"""	"""TRUE"""	"-1"	"-1"	"-1"	"-1"	"-1"	"-1"	"""Memory"""	""""""	"""27"""	"""m"""	"1"	"1"
"What is he talking about? (1-2 mins)"	"Short and fun! A 1-2 minute word game about what someone is talking about."	"experiment, psychology, game"	"$0.20"	"Tue Mar 04 04:32:54 PST 2014"	"256"	"0"	"0"	"256"	"Reviewable"	"NotReviewed"	"1 scales"	"600"	"60000"	"Tue Mar 11 05:32:54 PDT 2014"	"S29440"	"Approved"	""	"""friend"""	"""glasses"""	"""mustache"""	"""hat"""	"""middle"""	"""left"""	"0.778"	"3"	"0"	"1"	"1"	"0"	"0"	"""2"""	"""1"""	"""TRUE"""	"""target"""	"""TRUE"""	"-1"	"-1"	"-1"	"-1"	"-1"	"-1"	"""Bob's friends """	""""""	""""""	"""f"""	"1"	"1"
"What is he talking about? (1-2 mins)"	"Short and fun! A 1-2 minute word game about what someone is talking about."	"experiment, psychology, game"	"$0.20"	"Tue Mar 04 04:32:54 PST 2014"	"256"	"0"	"0"	"256"	"Reviewable"	"NotReviewed"	"1 scales"	"600"	"60000"	"Tue Mar 11 05:32:54 PDT 2014"	"S37558"	"Approved"	""	"""sundae"""	"""whipped cream"""	"""chocolate"""	"""cherry"""	"""right"""	"""left"""	"0.11"	"0"	"0"	"1"	"1"	"0"	"0"	"""8"""	"""2"""	"""TRUE"""	"""logical"""	"""FALSE"""	"-1"	"-1"	"-1"	"-1"	"-1"	"-1"	"""sundaes"""	""""""	"""26"""	"""f"""	"1"	"1"
"What is he talking about? (1-2 mins)"	"Short and fun! A 1-2 minute word game about what someone is talking about."	"experiment, psychology, game"	"$0.20"	"Tue Mar 04 04:32:54 PST 2014"	"256"	"0"	"0"	"256"	"Reviewable"	"NotReviewed"	"1 scales"	"600"	"60000"	"Tue Mar 11 05:32:54 PDT 2014"	"S05019"	"Approved"	""	"""sundae"""	"""chocolate"""	"""cherry"""	"""whipped cream"""	"""middle"""	"""right"""	"0.556"	"2"	"0"	"1"	"1"	"0"	"0"	"""2"""	"""1"""	"""TRUE"""	"""target"""	"""TRUE"""	"-1"	"-1"	"-1"	"-1"	"-1"	"-1"	"""The extent that one word can describe something"""	""""""	"""32"""	"""m"""	"1"	"1"
"What is he talking about? (1-2 mins)"	"Short and fun! A 1-2 minute word game about what someone is talking about."	"experiment, psychology, game"	"$0.20"	"Tue Mar 04 04:32:54 PST 2014"	"256"	"0"	"0"	"256"	"Reviewable"	"NotReviewed"	"1 scales"	"600"	"60000"	"Tue Mar 11 05:32:54 PDT 2014"	"S69357"	"Approved"	""	"""pizza"""	"""peppers"""	"""olives"""	"""mushrooms"""	"""right"""	"""middle"""	"0.33"	"1"	"0"	"1"	"1"	"0"	"0"	"""2"""	"""6"""	"""TRUE"""	"""target"""	"""TRUE"""	"-1"	"-1"	"-1"	"-1"	"-1"	"-1"	"""pizza choices"""	""""""	"""49"""	"""f"""	"1"	"1"
"What is he talking about? (1-2 mins)"	"Short and fun! A 1-2 minute word game about what someone is talking about."	"experiment, psychology, game"	"$0.20"	"Tue Mar 04 04:32:54 PST 2014"	"256"	"0"	"0"	"256"	"Reviewable"	"NotReviewed"	"1 scales"	"600"	"60000"	"Tue Mar 11 05:32:54 PDT 2014"	"S56942"	"Approved"	""	"""sundae"""	"""whipped cream"""	"""cherry"""	"""chocolate"""	"""middle"""	"""right"""	"0.33"	"1"	"0"	"1"	"1"	"0"	"0"	"""2"""	"""1"""	"""TRUE"""	"""target"""	"""TRUE"""	"-1"	"-1"	"-1"	"-1"	"-1"	"-1"	"""bobs sundae habit"""	""""""	"""33"""	"""f"""	"1"	"1"
"What is he talking about? (1-2 mins)"	"Short and fun! A 1-2 minute word game about what someone is talking about."	"experiment, psychology, game"	"$0.20"	"Tue Mar 04 04:32:54 PST 2014"	"256"	"0"	"0"	"256"	"Reviewable"	"NotReviewed"	"1 scales"	"600"	"60000"	"Tue Mar 11 05:32:54 PDT 2014"	"S50279"	"Approved"	""	"""pizza"""	"""peppers"""	"""mushrooms"""	"""olives"""	"""right"""	"""left"""	"0.778"	"3"	"0"	"1"	"1"	"0"	"0"	"""2"""	"""1"""	"""TRUE"""	"""target"""	"""TRUE"""	"-1"	"-1"	"-1"	"-1"	"-1"	"-1"	"""Bob and his pizzas!"""	""""""	"""25"""	"""f"""	"1"	"1"
"What is he talking about? (1-2 mins)"	"Short and fun! A 1-2 minute word game about what someone is talking about."	"experiment, psychology, game"	"$0.20"	"Tue Mar 04 04:32:54 PST 2014"	"256"	"0"	"0"	"256"	"Reviewable"	"NotReviewed"	"1 scales"	"600"	"60000"	"Tue Mar 11 05:32:54 PDT 2014"	"S76106"	"Approved"	""	"""Christmas tree"""	"""ornaments"""	"""star"""	"""lights"""	"""middle"""	"""right"""	"0.556"	"2"	"0"	"1"	"1"	"0"	"0"	"""6"""	"""4"""	"""TRUE"""	"""foil"""	"""FALSE"""	"-1"	"-1"	"-1"	"-1"	"-1"	"-1"	"""Memorizing"""	""""""	"""22"""	"""m"""	"1"	"1"
"What is he talking about? (1-2 mins)"	"Short and fun! A 1-2 minute word game about what someone is talking about."	"experiment, psychology, game"	"$0.20"	"Tue Mar 04 04:32:54 PST 2014"	"256"	"0"	"0"	"256"	"Reviewable"	"NotReviewed"	"1 scales"	"600"	"60000"	"Tue Mar 11 05:32:54 PDT 2014"	"S26288"	"Approved"	""	"""snowman"""	"""scarf"""	"""hat"""	"""mittens"""	"""middle"""	"""left"""	"0.33"	"1"	"0"	"1"	"1"	"0"	"0"	"""2"""	"""1"""	"""TRUE"""	"""target"""	"""TRUE"""	"-1"	"-1"	"-1"	"-1"	"-1"	"-1"	"""Bod building snowmen every year."""	"""nope"""	"""26"""	"""male"""	"1"	"1"
"What is he talking about? (1-2 mins)"	"Short and fun! A 1-2 minute word game about what someone is talking about."	"experiment, psychology, game"	"$0.20"	"Tue Mar 04 04:32:54 PST 2014"	"256"	"0"	"0"	"256"	"Reviewable"	"NotReviewed"	"1 scales"	"600"	"60000"	"Tue Mar 11 05:32:54 PDT 2014"	"S52979"	"Approved"	""	"""snowman"""	"""mittens"""	"""hat"""	"""scarf"""	"""right"""	"""left"""	"0.33"	"1"	"0"	"1"	"1"	"0"	"0"	"""2"""	"""1"""	"""TRUE"""	"""target"""	"""TRUE"""	"-1"	"-1"	"-1"	"-1"	"-1"	"-1"	"""SNOWMEN"""	""""""	""""""	""""""	"1"	"1"
"What is he talking about? (1-2 mins)"	"Short and fun! A 1-2 minute word game about what someone is talking about."	"experiment, psychology, game"	"$0.20"	"Tue Mar 04 04:32:54 PST 2014"	"256"	"0"	"0"	"256"	"Reviewable"	"NotReviewed"	"1 scales"	"600"	"60000"	"Tue Mar 11 05:32:54 PDT 2014"	"S15158"	"Approved"	""	"""boat"""	"""motor"""	"""sail"""	"""cabin"""	"""left"""	"""right"""	"0.11"	"0"	"0"	"1"	"1"	"0"	"0"	"""2"""	"""1"""	"""TRUE"""	"""target"""	"""TRUE"""	"-1"	"-1"	"-1"	"-1"	"-1"	"-1"	"""boats"""	"""no"""	"""32"""	"""m"""	"1"	"1"
"What is he talking about? (1-2 mins)"	"Short and fun! A 1-2 minute word game about what someone is talking about."	"experiment, psychology, game"	"$0.20"	"Tue Mar 04 04:32:54 PST 2014"	"256"	"0"	"0"	"256"	"Reviewable"	"NotReviewed"	"1 scales"	"600"	"60000"	"Tue Mar 11 05:32:54 PDT 2014"	"S25125"	"Approved"	""	"""sundae"""	"""cherry"""	"""chocolate"""	"""whipped cream"""	"""left"""	"""right"""	"0.778"	"3"	"0"	"1"	"1"	"0"	"0"	"""2"""	"""1"""	"""TRUE"""	"""target"""	"""TRUE"""	"-1"	"-1"	"-1"	"-1"	"-1"	"-1"	"""ice cream and cherries"""	"""no"""	"""21"""	"""m"""	"1"	"1"
"What is he talking about? (1-2 mins)"	"Short and fun! A 1-2 minute word game about what someone is talking about."	"experiment, psychology, game"	"$0.20"	"Tue Mar 04 04:32:54 PST 2014"	"256"	"0"	"0"	"256"	"Reviewable"	"NotReviewed"	"1 scales"	"600"	"60000"	"Tue Mar 11 05:32:54 PDT 2014"	"S57616"	"Approved"	""	"""boat"""	"""motor"""	"""cabin"""	"""sail"""	"""right"""	"""left"""	"0.11"	"0"	"0"	"1"	"1"	"0"	"0"	"""2"""	"""1"""	"""TRUE"""	"""target"""	"""TRUE"""	"-1"	"-1"	"-1"	"-1"	"-1"	"-1"	"""Motor boat"""	""""""	"""24"""	"""m"""	"1"	"1"
"What is he talking about? (1-2 mins)"	"Short and fun! A 1-2 minute word game about what someone is talking about."	"experiment, psychology, game"	"$0.20"	"Tue Mar 04 04:32:54 PST 2014"	"256"	"0"	"0"	"256"	"Reviewable"	"NotReviewed"	"1 scales"	"600"	"60000"	"Tue Mar 11 05:32:54 PDT 2014"	"S70811"	"Approved"	""	"""sundae"""	"""chocolate"""	"""cherry"""	"""whipped cream"""	"""right"""	"""middle"""	"0.33"	"1"	"0"	"1"	"1"	"0"	"0"	"""2"""	"""1"""	"""TRUE"""	"""target"""	"""TRUE"""	"-1"	"-1"	"-1"	"-1"	"-1"	"-1"	"""sundaes"""	"""no"""	""""""	"""m"""	"1"	"1"
"What is he talking about? (1-2 mins)"	"Short and fun! A 1-2 minute word game about what someone is talking about."	"experiment, psychology, game"	"$0.20"	"Tue Mar 04 04:32:54 PST 2014"	"256"	"0"	"0"	"256"	"Reviewable"	"NotReviewed"	"1 scales"	"600"	"60000"	"Tue Mar 11 05:32:54 PDT 2014"	"S19841"	"Approved"	""	"""boat"""	"""cabin"""	"""motor"""	"""sail"""	"""right"""	"""middle"""	"0.11"	"0"	"0"	"1"	"1"	"0"	"0"	"""8"""	"""9"""	"""TRUE"""	"""logical"""	"""FALSE"""	"-1"	"-1"	"-1"	"-1"	"-1"	"-1"	"""Comprehension"""	""""""	"""28"""	"""m"""	"1"	"1"
"What is he talking about? (1-2 mins)"	"Short and fun! A 1-2 minute word game about what someone is talking about."	"experiment, psychology, game"	"$0.20"	"Tue Mar 04 04:32:54 PST 2014"	"256"	"0"	"0"	"256"	"Reviewable"	"NotReviewed"	"1 scales"	"600"	"60000"	"Tue Mar 11 05:32:54 PDT 2014"	"S73725"	"Approved"	""	"""boat"""	"""cabin"""	"""motor"""	"""sail"""	"""middle"""	"""left"""	"0.33"	"1"	"0"	"1"	"1"	"0"	"0"	"""2"""	"""1"""	"""TRUE"""	"""target"""	"""TRUE"""	"-1"	"-1"	"-1"	"-1"	"-1"	"-1"	"""boats"""	"""no"""	"""43"""	"""m"""	"1"	"1"
"What is he talking about? (1-2 mins)"	"Short and fun! A 1-2 minute word game about what someone is talking about."	"experiment, psychology, game"	"$0.20"	"Tue Mar 04 04:32:54 PST 2014"	"256"	"0"	"0"	"256"	"Reviewable"	"NotReviewed"	"1 scales"	"600"	"60000"	"Tue Mar 11 05:32:54 PDT 2014"	"S38991"	"Approved"	""	"""boat"""	"""sail"""	"""motor"""	"""cabin"""	"""right"""	"""middle"""	"0.11"	"0"	"0"	"1"	"1"	"0"	"0"	"""8"""	"""7"""	"""TRUE"""	"""logical"""	"""FALSE"""	"-1"	"-1"	"-1"	"-1"	"-1"	"-1"	"""To see how people interpret information based on limited info"""	"""Interest hit! """	"""31"""	"""f"""	"1"	"1"
"What is he talking about? (1-2 mins)"	"Short and fun! A 1-2 minute word game about what someone is talking about."	"experiment, psychology, game"	"$0.20"	"Tue Mar 04 04:32:54 PST 2014"	"256"	"0"	"0"	"256"	"Reviewable"	"NotReviewed"	"1 scales"	"600"	"60000"	"Tue Mar 11 05:32:54 PDT 2014"	"S82445"	"Approved"	""	"""friend"""	"""hat"""	"""mustache"""	"""glasses"""	"""right"""	"""left"""	"0.33"	"1"	"0"	"1"	"1"	"0"	"0"	"""2"""	"""1"""	"""TRUE"""	"""logical"""	"""FALSE"""	"-1"	"-1"	"-1"	"-1"	"-1"	"-1"	"""The friends that Bob goes to meet up with."""	"""No. """	"""25"""	"""f"""	"1"	"1"
"What is he talking about? (1-2 mins)"	"Short and fun! A 1-2 minute word game about what someone is talking about."	"experiment, psychology, game"	"$0.20"	"Tue Mar 04 04:32:54 PST 2014"	"256"	"0"	"0"	"256"	"Reviewable"	"NotReviewed"	"1 scales"	"600"	"60000"	"Tue Mar 11 05:32:54 PDT 2014"	"S75430"	"Approved"	""	"""snowman"""	"""hat"""	"""scarf"""	"""mittens"""	"""left"""	"""right"""	"0.33"	"1"	"0"	"1"	"1"	"0"	"0"	"""2"""	"""1"""	"""TRUE"""	"""target"""	"""TRUE"""	"-1"	"-1"	"-1"	"-1"	"-1"	"-1"	"""counting"""	"""I liked this"""	"""25"""	"""m"""	"1"	"1"
"What is he talking about? (1-2 mins)"	"Short and fun! A 1-2 minute word game about what someone is talking about."	"experiment, psychology, game"	"$0.20"	"Tue Mar 04 04:32:54 PST 2014"	"256"	"0"	"0"	"256"	"Reviewable"	"NotReviewed"	"1 scales"	"600"	"60000"	"Tue Mar 11 05:32:54 PDT 2014"	"S86652"	"Approved"	""	"""snowman"""	"""mittens"""	"""hat"""	"""scarf"""	"""right"""	"""middle"""	"0.11"	"0"	"0"	"1"	"1"	"0"	"0"	"""2"""	"""1"""	"""TRUE"""	"""target"""	"""TRUE"""	"-1"	"-1"	"-1"	"-1"	"-1"	"-1"	"""bobs snowmen"""	""""""	"""36"""	"""m"""	"1"	"1"
"What is he talking about? (1-2 mins)"	"Short and fun! A 1-2 minute word game about what someone is talking about."	"experiment, psychology, game"	"$0.20"	"Tue Mar 04 04:32:54 PST 2014"	"256"	"0"	"0"	"256"	"Reviewable"	"NotReviewed"	"1 scales"	"600"	"60000"	"Tue Mar 11 05:32:54 PDT 2014"	"S33714"	"Approved"	""	"""snowman"""	"""scarf"""	"""hat"""	"""mittens"""	"""left"""	"""middle"""	"0.556"	"2"	"0"	"1"	"1"	"0"	"0"	"""2"""	"""1"""	"""TRUE"""	"""target"""	"""TRUE"""	"-1"	"-1"	"-1"	"-1"	"-1"	"-1"	"""The snowmen he made"""	"""I have no comments"""	"""23"""	"""m"""	"1"	"1"
"What is he talking about? (1-2 mins)"	"Short and fun! A 1-2 minute word game about what someone is talking about."	"experiment, psychology, game"	"$0.20"	"Tue Mar 04 04:32:54 PST 2014"	"256"	"0"	"0"	"256"	"Reviewable"	"NotReviewed"	"1 scales"	"600"	"60000"	"Tue Mar 11 05:32:54 PDT 2014"	"S16338"	"Approved"	""	"""Christmas tree"""	"""lights"""	"""ornaments"""	"""star"""	"""middle"""	"""right"""	"0.11"	"0"	"0"	"1"	"1"	"0"	"0"	"""2"""	"""1"""	"""TRUE"""	"""target"""	"""TRUE"""	"-1"	"-1"	"-1"	"-1"	"-1"	"-1"	"""Interpretation of words"""	""""""	"""26"""	"""f"""	"1"	"1"
"What is he talking about? (1-2 mins)"	"Short and fun! A 1-2 minute word game about what someone is talking about."	"experiment, psychology, game"	"$0.20"	"Tue Mar 04 04:32:54 PST 2014"	"256"	"0"	"0"	"256"	"Reviewable"	"NotReviewed"	"1 scales"	"600"	"60000"	"Tue Mar 11 05:32:54 PDT 2014"	"S28734"	"Approved"	""	"""boat"""	"""cabin"""	"""motor"""	"""sail"""	"""middle"""	"""left"""	"0.11"	"0"	"0"	"1"	"1"	"0"	"0"	"""2"""	"""1"""	"""TRUE"""	"""logical"""	"""FALSE"""	"-1"	"-1"	"-1"	"-1"	"-1"	"-1"	"""boats sailing"""	"""no"""	"""27"""	"""m"""	"1"	"1"
"What is he talking about? (1-2 mins)"	"Short and fun! A 1-2 minute word game about what someone is talking about."	"experiment, psychology, game"	"$0.20"	"Tue Mar 04 04:32:54 PST 2014"	"256"	"0"	"0"	"256"	"Reviewable"	"NotReviewed"	"1 scales"	"600"	"60000"	"Tue Mar 11 05:32:54 PDT 2014"	"S61702"	"Approved"	""	"""sundae"""	"""whipped cream"""	"""cherry"""	"""chocolate"""	"""left"""	"""middle"""	"0.778"	"3"	"0"	"1"	"1"	"0"	"0"	"""2"""	"""1"""	"""TRUE"""	"""target"""	"""TRUE"""	"-1"	"-1"	"-1"	"-1"	"-1"	"-1"	"""Bob eating sundaes."""	"""no"""	"""32"""	"""f"""	"1"	"1"
"What is he talking about? (1-2 mins)"	"Short and fun! A 1-2 minute word game about what someone is talking about."	"experiment, psychology, game"	"$0.20"	"Tue Mar 04 04:32:54 PST 2014"	"256"	"0"	"0"	"256"	"Reviewable"	"NotReviewed"	"1 scales"	"600"	"60000"	"Tue Mar 11 05:32:54 PDT 2014"	"S53155"	"Approved"	""	"""friend"""	"""glasses"""	"""hat"""	"""mustache"""	"""right"""	"""left"""	"0.33"	"1"	"0"	"1"	"1"	"0"	"0"	"""2"""	"""1"""	"""TRUE"""	"""logical"""	"""FALSE"""	"-1"	"-1"	"-1"	"-1"	"-1"	"-1"	"""I don't really know what was the purpose of the study. It had different kind of faces which bob saw each day of the week."""	""""""	"""19"""	"""Male"""	"1"	"1"
"What is he talking about? (1-2 mins)"	"Short and fun! A 1-2 minute word game about what someone is talking about."	"experiment, psychology, game"	"$0.20"	"Tue Mar 04 04:32:54 PST 2014"	"256"	"0"	"0"	"256"	"Reviewable"	"NotReviewed"	"1 scales"	"600"	"60000"	"Tue Mar 11 05:32:54 PDT 2014"	"S94317"	"Approved"	""	"""Christmas tree"""	"""lights"""	"""star"""	"""ornaments"""	"""left"""	"""right"""	"0.556"	"2"	"0"	"1"	"1"	"0"	"0"	"""2"""	"""1"""	"""TRUE"""	"""target"""	"""TRUE"""	"-1"	"-1"	"-1"	"-1"	"-1"	"-1"	"""chrimstas trees"""	"""no"""	"""26"""	"""female"""	"1"	"1"
"What is he talking about? (1-2 mins)"	"Short and fun! A 1-2 minute word game about what someone is talking about."	"experiment, psychology, game"	"$0.20"	"Tue Mar 04 04:32:54 PST 2014"	"256"	"0"	"0"	"256"	"Reviewable"	"NotReviewed"	"1 scales"	"600"	"60000"	"Tue Mar 11 05:32:54 PDT 2014"	"S87048"	"Approved"	""	"""friend"""	"""glasses"""	"""mustache"""	"""hat"""	"""left"""	"""middle"""	"0.556"	"2"	"0"	"1"	"1"	"0"	"0"	"""2"""	"""1"""	"""TRUE"""	"""target"""	"""TRUE"""	"-1"	"-1"	"-1"	"-1"	"-1"	"-1"	"""Bob visiting his friends"""	"""No"""	"""20"""	"""f"""	"1"	"1"
"What is he talking about? (1-2 mins)"	"Short and fun! A 1-2 minute word game about what someone is talking about."	"experiment, psychology, game"	"$0.20"	"Tue Mar 04 04:32:54 PST 2014"	"256"	"0"	"0"	"256"	"Reviewable"	"NotReviewed"	"1 scales"	"600"	"60000"	"Tue Mar 11 05:32:54 PDT 2014"	"S13646"	"Approved"	""	"""boat"""	"""cabin"""	"""sail"""	"""motor"""	"""left"""	"""right"""	"0.556"	"2"	"0"	"1"	"1"	"0"	"0"	"""2"""	"""1"""	"""TRUE"""	"""target"""	"""TRUE"""	"-1"	"-1"	"-1"	"-1"	"-1"	"-1"	"""How people perceive 1 word requests."""	""""""	"""21"""	"""m"""	"1"	"1"
"What is he talking about? (1-2 mins)"	"Short and fun! A 1-2 minute word game about what someone is talking about."	"experiment, psychology, game"	"$0.20"	"Tue Mar 04 04:32:54 PST 2014"	"256"	"0"	"0"	"256"	"Reviewable"	"NotReviewed"	"1 scales"	"600"	"60000"	"Tue Mar 11 05:32:54 PDT 2014"	"S82359"	"Approved"	""	"""friend"""	"""mustache"""	"""glasses"""	"""hat"""	"""right"""	"""middle"""	"0.778"	"3"	"0"	"1"	"1"	"0"	"0"	"""2"""	"""1"""	"""TRUE"""	"""target"""	"""TRUE"""	"-1"	"-1"	"-1"	"-1"	"-1"	"-1"	"""Language Congnition"""	"""No"""	"""30"""	"""m"""	"1"	"1"
"What is he talking about? (1-2 mins)"	"Short and fun! A 1-2 minute word game about what someone is talking about."	"experiment, psychology, game"	"$0.20"	"Tue Mar 04 04:32:54 PST 2014"	"256"	"0"	"0"	"256"	"Reviewable"	"NotReviewed"	"1 scales"	"600"	"60000"	"Tue Mar 11 05:32:54 PDT 2014"	"S51749"	"Approved"	""	"""snowman"""	"""mittens"""	"""hat"""	"""scarf"""	"""left"""	"""right"""	"0.556"	"2"	"0"	"1"	"1"	"0"	"0"	"""2"""	"""1"""	"""TRUE"""	"""target"""	"""TRUE"""	"-1"	"-1"	"-1"	"-1"	"-1"	"-1"	"""Bob's snowmen"""	"""nope"""	"""31"""	"""m"""	"1"	"1"
"What is he talking about? (1-2 mins)"	"Short and fun! A 1-2 minute word game about what someone is talking about."	"experiment, psychology, game"	"$0.20"	"Tue Mar 04 04:32:54 PST 2014"	"256"	"0"	"0"	"256"	"Reviewable"	"NotReviewed"	"1 scales"	"600"	"60000"	"Tue Mar 11 05:32:54 PDT 2014"	"S81602"	"Approved"	""	"""sundae"""	"""chocolate"""	"""cherry"""	"""whipped cream"""	"""left"""	"""middle"""	"0.556"	"2"	"0"	"1"	"1"	"0"	"0"	"""2"""	"""1"""	"""TRUE"""	"""target"""	"""TRUE"""	"-1"	"-1"	"-1"	"-1"	"-1"	"-1"	"""ice cream"""	""""""	"""25"""	"""m"""	"1"	"1"
"What is he talking about? (1-2 mins)"	"Short and fun! A 1-2 minute word game about what someone is talking about."	"experiment, psychology, game"	"$0.20"	"Tue Mar 04 04:32:54 PST 2014"	"256"	"0"	"0"	"256"	"Reviewable"	"NotReviewed"	"1 scales"	"600"	"60000"	"Tue Mar 11 05:32:54 PDT 2014"	"S65880"	"Approved"	""	"""Christmas tree"""	"""ornaments"""	"""lights"""	"""star"""	"""middle"""	"""right"""	"0.556"	"2"	"0"	"1"	"1"	"0"	"0"	"""2"""	"""1"""	"""TRUE"""	"""target"""	"""TRUE"""	"-1"	"-1"	"-1"	"-1"	"-1"	"-1"	"""Christmas trees"""	"""No."""	"""25"""	"""m"""	"1"	"1"
"What is he talking about? (1-2 mins)"	"Short and fun! A 1-2 minute word game about what someone is talking about."	"experiment, psychology, game"	"$0.20"	"Tue Mar 04 04:32:54 PST 2014"	"256"	"0"	"0"	"256"	"Reviewable"	"NotReviewed"	"1 scales"	"600"	"60000"	"Tue Mar 11 05:32:54 PDT 2014"	"S37050"	"Approved"	""	"""sundae"""	"""cherry"""	"""whipped cream"""	"""chocolate"""	"""middle"""	"""right"""	"0.556"	"2"	"0"	"1"	"1"	"0"	"0"	"""2"""	"""1"""	"""TRUE"""	"""target"""	"""TRUE"""	"-1"	"-1"	"-1"	"-1"	"-1"	"-1"	"""sundays"""	"""n/a"""	"""23"""	"""m"""	"1"	"1"
"What is he talking about? (1-2 mins)"	"Short and fun! A 1-2 minute word game about what someone is talking about."	"experiment, psychology, game"	"$0.20"	"Tue Mar 04 04:32:54 PST 2014"	"256"	"0"	"0"	"256"	"Reviewable"	"NotReviewed"	"1 scales"	"600"	"60000"	"Tue Mar 11 05:32:54 PDT 2014"	"S05052"	"Approved"	""	"""sundae"""	"""whipped cream"""	"""cherry"""	"""chocolate"""	"""right"""	"""left"""	"0.778"	"3"	"0"	"1"	"1"	"0"	"0"	"""2"""	"""1"""	"""TRUE"""	"""target"""	"""TRUE"""	"-1"	"-1"	"-1"	"-1"	"-1"	"-1"	"""I don't know"""	""""""	"""29"""	"""f"""	"1"	"1"
"What is he talking about? (1-2 mins)"	"Short and fun! A 1-2 minute word game about what someone is talking about."	"experiment, psychology, game"	"$0.20"	"Tue Mar 04 04:32:54 PST 2014"	"256"	"0"	"0"	"256"	"Reviewable"	"NotReviewed"	"1 scales"	"600"	"60000"	"Tue Mar 11 05:32:54 PDT 2014"	"S64110"	"Approved"	""	"""pizza"""	"""olives"""	"""mushrooms"""	"""peppers"""	"""middle"""	"""left"""	"0.556"	"2"	"0"	"1"	"1"	"0"	"0"	"""2"""	"""1"""	"""TRUE"""	"""target"""	"""TRUE"""	"-1"	"-1"	"-1"	"-1"	"-1"	"-1"	"""use of language"""	"""Thank you!"""	"""45"""	"""f"""	"1"	"1"
"What is he talking about? (1-2 mins)"	"Short and fun! A 1-2 minute word game about what someone is talking about."	"experiment, psychology, game"	"$0.20"	"Tue Mar 04 04:32:54 PST 2014"	"256"	"0"	"0"	"256"	"Reviewable"	"NotReviewed"	"1 scales"	"600"	"60000"	"Tue Mar 11 05:32:54 PDT 2014"	"S16326"	"Approved"	""	"""boat"""	"""cabin"""	"""motor"""	"""sail"""	"""left"""	"""right"""	"0.11"	"0"	"0"	"1"	"1"	"0"	"0"	"""2"""	"""1"""	"""TRUE"""	"""foil"""	"""FALSE"""	"-1"	"-1"	"-1"	"-1"	"-1"	"-1"	"""What a person is referring to when speaking with limited information."""	"""Fun survey!"""	"""49"""	"""f"""	"1"	"1"
"What is he talking about? (1-2 mins)"	"Short and fun! A 1-2 minute word game about what someone is talking about."	"experiment, psychology, game"	"$0.20"	"Tue Mar 04 04:32:54 PST 2014"	"256"	"0"	"0"	"256"	"Reviewable"	"NotReviewed"	"1 scales"	"600"	"60000"	"Tue Mar 11 05:32:54 PDT 2014"	"S17223"	"Approved"	""	"""pizza"""	"""peppers"""	"""olives"""	"""mushrooms"""	"""middle"""	"""right"""	"0.33"	"1"	"0"	"1"	"1"	"0"	"0"	"""3"""	"""6"""	"""TRUE"""	"""foil"""	"""FALSE"""	"-1"	"-1"	"-1"	"-1"	"-1"	"-1"	"""pizza ordering"""	"""no"""	""""""	"""m"""	"1"	"1"
"What is he talking about? (1-2 mins)"	"Short and fun! A 1-2 minute word game about what someone is talking about."	"experiment, psychology, game"	"$0.20"	"Tue Mar 04 04:32:54 PST 2014"	"256"	"0"	"0"	"256"	"Reviewable"	"NotReviewed"	"1 scales"	"600"	"60000"	"Tue Mar 11 05:32:54 PDT 2014"	"S91618"	"Approved"	""	"""boat"""	"""motor"""	"""cabin"""	"""sail"""	"""left"""	"""right"""	"0.11"	"0"	"0"	"1"	"1"	"0"	"0"	"""2"""	"""1"""	"""TRUE"""	"""target"""	"""TRUE"""	"-1"	"-1"	"-1"	"-1"	"-1"	"-1"	"""language comprehension"""	"""No."""	"""26"""	"""m"""	"1"	"1"
"What is he talking about? (1-2 mins)"	"Short and fun! A 1-2 minute word game about what someone is talking about."	"experiment, psychology, game"	"$0.20"	"Tue Mar 04 04:32:54 PST 2014"	"256"	"0"	"0"	"256"	"Reviewable"	"NotReviewed"	"1 scales"	"600"	"60000"	"Tue Mar 11 05:32:54 PDT 2014"	"S98893"	"Approved"	""	"""snowman"""	"""hat"""	"""scarf"""	"""mittens"""	"""right"""	"""middle"""	"0.556"	"2"	"0"	"1"	"1"	"0"	"0"	"""8"""	"""4"""	"""TRUE"""	"""logical"""	"""FALSE"""	"-1"	"-1"	"-1"	"-1"	"-1"	"-1"	"""memory"""	"""no"""	""""""	"""m"""	"1"	"1"
"What is he talking about? (1-2 mins)"	"Short and fun! A 1-2 minute word game about what someone is talking about."	"experiment, psychology, game"	"$0.20"	"Tue Mar 04 04:32:54 PST 2014"	"256"	"0"	"0"	"256"	"Reviewable"	"NotReviewed"	"1 scales"	"600"	"60000"	"Tue Mar 11 05:32:54 PDT 2014"	"S83669"	"Approved"	""	"""snowman"""	"""hat"""	"""mittens"""	"""scarf"""	"""left"""	"""right"""	"0.556"	"2"	"0"	"1"	"1"	"0"	"0"	"""2"""	"""1"""	"""TRUE"""	"""logical"""	"""FALSE"""	"-1"	"-1"	"-1"	"-1"	"-1"	"-1"	"""snowmen"""	"""none"""	"""33"""	"""m"""	"1"	"1"
"What is he talking about? (1-2 mins)"	"Short and fun! A 1-2 minute word game about what someone is talking about."	"experiment, psychology, game"	"$0.20"	"Tue Mar 04 04:32:54 PST 2014"	"256"	"0"	"0"	"256"	"Reviewable"	"NotReviewed"	"1 scales"	"600"	"60000"	"Tue Mar 11 05:32:54 PDT 2014"	"S09230"	"Approved"	""	"""sundae"""	"""cherry"""	"""whipped cream"""	"""chocolate"""	"""right"""	"""left"""	"0.778"	"3"	"0"	"1"	"1"	"0"	"0"	"""2"""	"""1"""	"""TRUE"""	"""target"""	"""TRUE"""	"-1"	"-1"	"-1"	"-1"	"-1"	"-1"	"""Memory and communication"""	"""Thank you for the survey."""	"""36"""	"""f"""	"1"	"1"
"What is he talking about? (1-2 mins)"	"Short and fun! A 1-2 minute word game about what someone is talking about."	"experiment, psychology, game"	"$0.20"	"Tue Mar 04 04:32:54 PST 2014"	"256"	"0"	"0"	"256"	"Reviewable"	"NotReviewed"	"1 scales"	"600"	"60000"	"Tue Mar 11 05:32:54 PDT 2014"	"S54643"	"Approved"	""	"""pizza"""	"""mushrooms"""	"""peppers"""	"""olives"""	"""left"""	"""middle"""	"0.556"	"2"	"0"	"1"	"1"	"0"	"0"	"""5"""	"""3"""	"""TRUE"""	"""target"""	"""TRUE"""	"-1"	"-1"	"-1"	"-1"	"-1"	"-1"	"""Understanding what is being conveyed."""	""""""	"""25"""	"""m"""	"1"	"1"
"What is he talking about? (1-2 mins)"	"Short and fun! A 1-2 minute word game about what someone is talking about."	"experiment, psychology, game"	"$0.20"	"Tue Mar 04 04:32:54 PST 2014"	"256"	"0"	"0"	"256"	"Reviewable"	"NotReviewed"	"1 scales"	"600"	"60000"	"Tue Mar 11 05:32:54 PDT 2014"	"S07877"	"Approved"	""	"""snowman"""	"""mittens"""	"""hat"""	"""scarf"""	"""middle"""	"""left"""	"0.11"	"0"	"0"	"1"	"1"	"0"	"0"	"""2"""	"""1"""	"""TRUE"""	"""target"""	"""TRUE"""	"-1"	"-1"	"-1"	"-1"	"-1"	"-1"	"""Remembering distracting information"""	""""""	"""52"""	"""m"""	"1"	"1"
"What is he talking about? (1-2 mins)"	"Short and fun! A 1-2 minute word game about what someone is talking about."	"experiment, psychology, game"	"$0.20"	"Tue Mar 04 04:32:54 PST 2014"	"256"	"0"	"0"	"256"	"Reviewable"	"NotReviewed"	"1 scales"	"600"	"60000"	"Tue Mar 11 05:32:54 PDT 2014"	"S98604"	"Approved"	""	"""pizza"""	"""mushrooms"""	"""peppers"""	"""olives"""	"""middle"""	"""left"""	"0.556"	"2"	"0"	"1"	"1"	"0"	"0"	"""3"""	"""1"""	"""TRUE"""	"""foil"""	"""FALSE"""	"-1"	"-1"	"-1"	"-1"	"-1"	"-1"	"""pizza"""	""""""	"""33"""	"""f"""	"1"	"1"
"What is he talking about? (1-2 mins)"	"Short and fun! A 1-2 minute word game about what someone is talking about."	"experiment, psychology, game"	"$0.20"	"Tue Mar 04 04:32:54 PST 2014"	"256"	"0"	"0"	"256"	"Reviewable"	"NotReviewed"	"1 scales"	"600"	"60000"	"Tue Mar 11 05:32:54 PDT 2014"	"S92945"	"Approved"	""	"""Christmas tree"""	"""star"""	"""lights"""	"""ornaments"""	"""middle"""	"""right"""	"0.778"	"3"	"0"	"1"	"1"	"0"	"0"	"""2"""	"""1"""	"""TRUE"""	"""target"""	"""TRUE"""	"-1"	"-1"	"-1"	"-1"	"-1"	"-1"	"""trees"""	"""n/a"""	"""20"""	"""m"""	"1"	"1"
"What is he talking about? (1-2 mins)"	"Short and fun! A 1-2 minute word game about what someone is talking about."	"experiment, psychology, game"	"$0.20"	"Tue Mar 04 04:32:54 PST 2014"	"256"	"0"	"0"	"256"	"Reviewable"	"NotReviewed"	"1 scales"	"600"	"60000"	"Tue Mar 11 05:32:54 PDT 2014"	"S95755"	"Approved"	""	"""pizza"""	"""mushrooms"""	"""peppers"""	"""olives"""	"""middle"""	"""left"""	"0.778"	"3"	"0"	"1"	"1"	"0"	"0"	"""2"""	"""1"""	"""TRUE"""	"""target"""	"""TRUE"""	"-1"	"-1"	"-1"	"-1"	"-1"	"-1"	"""Bob and seeing what pizzas he ate"""	"""fun survey"""	"""30"""	"""m"""	"1"	"1"
"What is he talking about? (1-2 mins)"	"Short and fun! A 1-2 minute word game about what someone is talking about."	"experiment, psychology, game"	"$0.20"	"Tue Mar 04 04:32:54 PST 2014"	"256"	"0"	"0"	"256"	"Reviewable"	"NotReviewed"	"1 scales"	"600"	"60000"	"Tue Mar 11 05:32:54 PDT 2014"	"S55036"	"Approved"	""	"""pizza"""	"""peppers"""	"""mushrooms"""	"""olives"""	"""right"""	"""middle"""	"0.33"	"1"	"0"	"1"	"1"	"0"	"0"	"""2"""	"""1"""	"""TRUE"""	"""target"""	"""TRUE"""	"-1"	"-1"	"-1"	"-1"	"-1"	"-1"	"""pizza"""	""""""	"""38"""	"""f"""	"1"	"1"
"What is he talking about? (1-2 mins)"	"Short and fun! A 1-2 minute word game about what someone is talking about."	"experiment, psychology, game"	"$0.20"	"Tue Mar 04 04:32:54 PST 2014"	"256"	"0"	"0"	"256"	"Reviewable"	"NotReviewed"	"1 scales"	"600"	"60000"	"Tue Mar 11 05:32:54 PDT 2014"	"S11846"	"Approved"	""	"""snowman"""	"""scarf"""	"""hat"""	"""mittens"""	"""right"""	"""left"""	"0.33"	"1"	"0"	"1"	"1"	"0"	"0"	"""2"""	"""1"""	"""TRUE"""	"""target"""	"""TRUE"""	"-1"	"-1"	"-1"	"-1"	"-1"	"-1"	"""Bob dressing snowmen"""	"""That was fun."""	"""43"""	"""Female"""	"1"	"1"
"What is he talking about? (1-2 mins)"	"Short and fun! A 1-2 minute word game about what someone is talking about."	"experiment, psychology, game"	"$0.20"	"Tue Mar 04 04:32:54 PST 2014"	"256"	"0"	"0"	"256"	"Reviewable"	"NotReviewed"	"1 scales"	"600"	"60000"	"Tue Mar 11 05:32:54 PDT 2014"	"S10255"	"Approved"	""	"""snowman"""	"""hat"""	"""scarf"""	"""mittens"""	"""right"""	"""left"""	"0.556"	"2"	"0"	"1"	"1"	"0"	"0"	"""2"""	"""1"""	"""FALSE"""	"""target"""	"""TRUE"""	"-1"	"-1"	"-1"	"-1"	"-1"	"-1"	"""how people make decisions"""	"""thank you! good luck with your research :)"""	"""31"""	"""f"""	"1"	"1"
"What is he talking about? (1-2 mins)"	"Short and fun! A 1-2 minute word game about what someone is talking about."	"experiment, psychology, game"	"$0.20"	"Tue Mar 04 04:32:54 PST 2014"	"256"	"0"	"0"	"256"	"Reviewable"	"NotReviewed"	"1 scales"	"600"	"60000"	"Tue Mar 11 05:32:54 PDT 2014"	"S70251"	"Approved"	""	"""pizza"""	"""mushrooms"""	"""olives"""	"""peppers"""	"""middle"""	"""right"""	"0.778"	"3"	"0"	"1"	"1"	"0"	"0"	"""2"""	"""1"""	"""TRUE"""	"""target"""	"""TRUE"""	"-1"	"-1"	"-1"	"-1"	"-1"	"-1"	"""Pizza bob liked."""	""""""	"""25"""	"""M"""	"1"	"1"
"What is he talking about? (1-2 mins)"	"Short and fun! A 1-2 minute word game about what someone is talking about."	"experiment, psychology, game"	"$0.20"	"Tue Mar 04 04:32:54 PST 2014"	"256"	"0"	"0"	"256"	"Reviewable"	"NotReviewed"	"1 scales"	"600"	"60000"	"Tue Mar 11 05:32:54 PDT 2014"	"S48556"	"Approved"	""	"""snowman"""	"""hat"""	"""scarf"""	"""mittens"""	"""right"""	"""middle"""	"0.11"	"0"	"0"	"1"	"1"	"0"	"0"	"""2"""	"""1"""	"""TRUE"""	"""target"""	"""TRUE"""	"-1"	"-1"	"-1"	"-1"	"-1"	"-1"	"""snowmen decorated by bob"""	"""thank you!"""	"""54"""	"""f"""	"1"	"1"
"What is he talking about? (1-2 mins)"	"Short and fun! A 1-2 minute word game about what someone is talking about."	"experiment, psychology, game"	"$0.20"	"Tue Mar 04 04:32:54 PST 2014"	"256"	"0"	"0"	"256"	"Reviewable"	"NotReviewed"	"1 scales"	"600"	"60000"	"Tue Mar 11 05:32:54 PDT 2014"	"S04514"	"Approved"	""	"""sundae"""	"""cherry"""	"""chocolate"""	"""whipped cream"""	"""left"""	"""right"""	"0.33"	"1"	"0"	"1"	"1"	"0"	"0"	"""3"""	"""4"""	"""TRUE"""	"""target"""	"""TRUE"""	"-1"	"-1"	"-1"	"-1"	"-1"	"-1"	"""It was about cherry"""	""""""	"""23"""	"""m"""	"1"	"1"
"What is he talking about? (1-2 mins)"	"Short and fun! A 1-2 minute word game about what someone is talking about."	"experiment, psychology, game"	"$0.20"	"Tue Mar 04 04:32:54 PST 2014"	"256"	"0"	"0"	"256"	"Reviewable"	"NotReviewed"	"1 scales"	"600"	"60000"	"Tue Mar 11 05:32:54 PDT 2014"	"S17249"	"Approved"	""	"""boat"""	"""motor"""	"""cabin"""	"""sail"""	"""right"""	"""left"""	"0.11"	"0"	"0"	"1"	"1"	"0"	"0"	"""2"""	"""1"""	"""TRUE"""	"""target"""	"""TRUE"""	"-1"	"-1"	"-1"	"-1"	"-1"	"-1"	"""boats"""	"""grammar is inaccurate in the primary question"""	"""21"""	"""m"""	"1"	"1"
"What is he talking about? (1-2 mins)"	"Short and fun! A 1-2 minute word game about what someone is talking about."	"experiment, psychology, game"	"$0.20"	"Tue Mar 04 04:32:54 PST 2014"	"256"	"0"	"0"	"256"	"Reviewable"	"NotReviewed"	"1 scales"	"600"	"60000"	"Tue Mar 11 05:32:54 PDT 2014"	"S00427"	"Approved"	""	"""snowman"""	"""scarf"""	"""hat"""	"""mittens"""	"""left"""	"""middle"""	"0.33"	"1"	"0"	"1"	"1"	"0"	"0"	"""6"""	"""8"""	"""TRUE"""	"""target"""	"""TRUE"""	"-1"	"-1"	"-1"	"-1"	"-1"	"-1"	"""Snowmen?"""	"""Weird. I didn't count the snowmen that had hats or scarves, so I may have gotten that wrong"""	"""36"""	"""f"""	"1"	"1"
"What is he talking about? (1-2 mins)"	"Short and fun! A 1-2 minute word game about what someone is talking about."	"experiment, psychology, game"	"$0.20"	"Tue Mar 04 04:32:54 PST 2014"	"256"	"0"	"0"	"256"	"Reviewable"	"NotReviewed"	"1 scales"	"600"	"60000"	"Tue Mar 11 05:32:54 PDT 2014"	"S76002"	"Approved"	""	"""boat"""	"""cabin"""	"""motor"""	"""sail"""	"""middle"""	"""left"""	"0.11"	"0"	"0"	"1"	"1"	"0"	"0"	"""2"""	"""1"""	"""TRUE"""	"""target"""	"""TRUE"""	"-1"	"-1"	"-1"	"-1"	"-1"	"-1"	"""communicating with images"""	""""""	"""36"""	"""m"""	"1"	"1"
"What is he talking about? (1-2 mins)"	"Short and fun! A 1-2 minute word game about what someone is talking about."	"experiment, psychology, game"	"$0.20"	"Tue Mar 04 04:32:54 PST 2014"	"256"	"0"	"0"	"256"	"Reviewable"	"NotReviewed"	"1 scales"	"600"	"60000"	"Tue Mar 11 05:32:54 PDT 2014"	"S14389"	"Approved"	""	"""sundae"""	"""cherry"""	"""whipped cream"""	"""chocolate"""	"""right"""	"""middle"""	"0.556"	"2"	"0"	"1"	"1"	"0"	"0"	"""2"""	"""1"""	"""TRUE"""	"""target"""	"""TRUE"""	"-1"	"-1"	"-1"	"-1"	"-1"	"-1"	"""Bob eating Sundaes"""	"""No"""	"""30"""	"""f"""	"1"	"1"
"What is he talking about? (1-2 mins)"	"Short and fun! A 1-2 minute word game about what someone is talking about."	"experiment, psychology, game"	"$0.20"	"Tue Mar 04 04:32:54 PST 2014"	"256"	"0"	"0"	"256"	"Reviewable"	"NotReviewed"	"1 scales"	"600"	"60000"	"Tue Mar 11 05:32:54 PDT 2014"	"S75169"	"Approved"	""	"""snowman"""	"""mittens"""	"""hat"""	"""scarf"""	"""middle"""	"""left"""	"0.11"	"0"	"0"	"1"	"1"	"0"	"0"	"""2"""	"""1"""	"""TRUE"""	"""target"""	"""TRUE"""	"-1"	"-1"	"-1"	"-1"	"-1"	"-1"	"""snowmen/ communication"""	"""n/a"""	""""""	"""f"""	"1"	"1"
"What is he talking about? (1-2 mins)"	"Short and fun! A 1-2 minute word game about what someone is talking about."	"experiment, psychology, game"	"$0.20"	"Tue Mar 04 04:32:54 PST 2014"	"256"	"0"	"0"	"256"	"Reviewable"	"NotReviewed"	"1 scales"	"600"	"60000"	"Tue Mar 11 05:32:54 PDT 2014"	"S91799"	"Approved"	""	"""Christmas tree"""	"""ornaments"""	"""star"""	"""lights"""	"""left"""	"""middle"""	"0.33"	"1"	"0"	"1"	"1"	"0"	"0"	"""6"""	"""4"""	"""TRUE"""	"""target"""	"""TRUE"""	"-1"	"-1"	"-1"	"-1"	"-1"	"-1"	"""Trimming christmas trees every year"""	""""""	"""25"""	"""m"""	"1"	"1"
"What is he talking about? (1-2 mins)"	"Short and fun! A 1-2 minute word game about what someone is talking about."	"experiment, psychology, game"	"$0.20"	"Tue Mar 04 04:32:54 PST 2014"	"256"	"0"	"0"	"256"	"Reviewable"	"NotReviewed"	"1 scales"	"600"	"60000"	"Tue Mar 11 05:32:54 PDT 2014"	"S94701"	"Approved"	""	"""pizza"""	"""peppers"""	"""olives"""	"""mushrooms"""	"""middle"""	"""right"""	"0.556"	"2"	"0"	"1"	"1"	"0"	"0"	"""10"""	"""4"""	"""TRUE"""	"""target"""	"""TRUE"""	"-1"	"-1"	"-1"	"-1"	"-1"	"-1"	"""Memory and i failed."""	"""nope"""	"""23"""	"""m"""	"1"	"1"
"What is he talking about? (1-2 mins)"	"Short and fun! A 1-2 minute word game about what someone is talking about."	"experiment, psychology, game"	"$0.20"	"Tue Mar 04 04:32:54 PST 2014"	"256"	"0"	"0"	"256"	"Reviewable"	"NotReviewed"	"1 scales"	"600"	"60000"	"Tue Mar 11 05:32:54 PDT 2014"	"S31309"	"Approved"	""	"""boat"""	"""sail"""	"""motor"""	"""cabin"""	"""middle"""	"""left"""	"0.33"	"1"	"0"	"1"	"1"	"0"	"0"	"""2"""	"""1"""	"""TRUE"""	"""logical"""	"""FALSE"""	"-1"	"-1"	"-1"	"-1"	"-1"	"-1"	"""Choosing which boat Bob meant when he said 'sail'."""	""""""	"""38"""	"""f"""	"1"	"1"
"What is he talking about? (1-2 mins)"	"Short and fun! A 1-2 minute word game about what someone is talking about."	"experiment, psychology, game"	"$0.20"	"Tue Mar 04 04:32:54 PST 2014"	"256"	"0"	"0"	"256"	"Reviewable"	"NotReviewed"	"1 scales"	"600"	"60000"	"Tue Mar 11 05:32:54 PDT 2014"	"S06139"	"Approved"	""	"""sundae"""	"""whipped cream"""	"""cherry"""	"""chocolate"""	"""middle"""	"""left"""	"0.556"	"2"	"0"	"1"	"1"	"0"	"0"	"""5"""	"""3"""	"""TRUE"""	"""target"""	"""TRUE"""	"-1"	"-1"	"-1"	"-1"	"-1"	"-1"	"""eating ice cream"""	""""""	""""""	"""female"""	"1"	"1"
"What is he talking about? (1-2 mins)"	"Short and fun! A 1-2 minute word game about what someone is talking about."	"experiment, psychology, game"	"$0.20"	"Tue Mar 04 04:32:54 PST 2014"	"256"	"0"	"0"	"256"	"Reviewable"	"NotReviewed"	"1 scales"	"600"	"60000"	"Tue Mar 11 05:32:54 PDT 2014"	"S40623"	"Approved"	""	"""Christmas tree"""	"""lights"""	"""star"""	"""ornaments"""	"""left"""	"""middle"""	"0.11"	"0"	"0"	"1"	"1"	"0"	"0"	"""2"""	"""1"""	"""TRUE"""	"""logical"""	"""FALSE"""	"-1"	"-1"	"-1"	"-1"	"-1"	"-1"	"""To see how people use language."""	""""""	""""""	""""""	"1"	"1"
"What is he talking about? (1-2 mins)"	"Short and fun! A 1-2 minute word game about what someone is talking about."	"experiment, psychology, game"	"$0.20"	"Tue Mar 04 04:32:54 PST 2014"	"256"	"0"	"0"	"256"	"Reviewable"	"NotReviewed"	"1 scales"	"600"	"60000"	"Tue Mar 11 05:32:54 PDT 2014"	"S47665"	"Approved"	""	"""sundae"""	"""chocolate"""	"""cherry"""	"""whipped cream"""	"""right"""	"""left"""	"0.778"	"3"	"0"	"1"	"1"	"0"	"0"	"""2"""	"""1"""	"""TRUE"""	"""target"""	"""TRUE"""	"-1"	"-1"	"-1"	"-1"	"-1"	"-1"	"""bob eating sundaes"""	""""""	"""44"""	"""m"""	"1"	"1"
"What is he talking about? (1-2 mins)"	"Short and fun! A 1-2 minute word game about what someone is talking about."	"experiment, psychology, game"	"$0.20"	"Tue Mar 04 04:32:54 PST 2014"	"256"	"0"	"0"	"256"	"Reviewable"	"NotReviewed"	"1 scales"	"600"	"60000"	"Tue Mar 11 05:32:54 PDT 2014"	"S24483"	"Approved"	""	"""Christmas tree"""	"""ornaments"""	"""lights"""	"""star"""	"""middle"""	"""right"""	"0.556"	"2"	"0"	"1"	"1"	"0"	"0"	"""2"""	"""1"""	"""TRUE"""	"""target"""	"""TRUE"""	"-1"	"-1"	"-1"	"-1"	"-1"	"-1"	"""Na"""	""""""	"""31"""	"""Female"""	"1"	"1"
"What is he talking about? (1-2 mins)"	"Short and fun! A 1-2 minute word game about what someone is talking about."	"experiment, psychology, game"	"$0.20"	"Tue Mar 04 04:32:54 PST 2014"	"256"	"0"	"0"	"256"	"Reviewable"	"NotReviewed"	"1 scales"	"600"	"60000"	"Tue Mar 11 05:32:54 PDT 2014"	"S69330"	"Approved"	""	"""boat"""	"""sail"""	"""motor"""	"""cabin"""	"""right"""	"""middle"""	"0.11"	"0"	"0"	"1"	"1"	"0"	"0"	"""8"""	"""7"""	"""TRUE"""	"""target"""	"""TRUE"""	"-1"	"-1"	"-1"	"-1"	"-1"	"-1"	"""Your interpretation on what a sail boat is. """	""""""	"""24"""	"""m"""	"1"	"1"
"What is he talking about? (1-2 mins)"	"Short and fun! A 1-2 minute word game about what someone is talking about."	"experiment, psychology, game"	"$0.20"	"Tue Mar 04 04:32:54 PST 2014"	"256"	"0"	"0"	"256"	"Reviewable"	"NotReviewed"	"1 scales"	"600"	"60000"	"Tue Mar 11 05:32:54 PDT 2014"	"S59454"	"Approved"	""	"""pizza"""	"""peppers"""	"""olives"""	"""mushrooms"""	"""left"""	"""middle"""	"0.778"	"3"	"0"	"1"	"1"	"0"	"0"	"""1"""	"""8"""	"""TRUE"""	"""target"""	"""TRUE"""	"-1"	"-1"	"-1"	"-1"	"-1"	"-1"	"""percpetions"""	"""nope"""	"""20"""	"""m"""	"1"	"1"
"What is he talking about? (1-2 mins)"	"Short and fun! A 1-2 minute word game about what someone is talking about."	"experiment, psychology, game"	"$0.20"	"Tue Mar 04 04:32:54 PST 2014"	"256"	"0"	"0"	"256"	"Reviewable"	"NotReviewed"	"1 scales"	"600"	"60000"	"Tue Mar 11 05:32:54 PDT 2014"	"S48777"	"Approved"	""	"""boat"""	"""sail"""	"""cabin"""	"""motor"""	"""middle"""	"""right"""	"0.11"	"0"	"0"	"1"	"1"	"0"	"0"	"""9"""	"""10"""	"""TRUE"""	"""foil"""	"""FALSE"""	"-1"	"-1"	"-1"	"-1"	"-1"	"-1"	"""not sure """	""""""	""""""	"""f"""	"1"	"1"
"What is he talking about? (1-2 mins)"	"Short and fun! A 1-2 minute word game about what someone is talking about."	"experiment, psychology, game"	"$0.20"	"Tue Mar 04 04:32:54 PST 2014"	"256"	"0"	"0"	"256"	"Reviewable"	"NotReviewed"	"1 scales"	"600"	"60000"	"Tue Mar 11 05:32:54 PDT 2014"	"S10369"	"Approved"	""	"""boat"""	"""cabin"""	"""motor"""	"""sail"""	"""left"""	"""middle"""	"0.778"	"3"	"0"	"1"	"1"	"0"	"0"	"""8"""	"""1"""	"""TRUE"""	"""logical"""	"""FALSE"""	"-1"	"-1"	"-1"	"-1"	"-1"	"-1"	"""The survey was about identifying differences. """	""""""	"""29"""	"""f"""	"1"	"1"
