"title"	"description"	"keywords"	"reward"	"creationtime"	"assignments"	"numavailable"	"numpending"	"numcomplete"	"hitstatus"	"reviewstatus"	"annotation"	"assignmentduration"	"autoapprovaldelay"	"hitlifetime"	"workerid"	"assignmentstatus"	"deadline"	"Answer.item"	"Answer.target_property"	"Answer.logical_property"	"Answer.foil_property"	"Answer.target_position"	"Answer.logical_position"	"Answer.target_frequency"	"Answer.familiarization_cond"	"Answer.participant_response_type_condition"	"Answer.participant_feature_count_condition"	"Answer.linguistic_framing_condition"	"Answer.target_filler_sequence_condition"	"Answer.question_type_condition"	"Answer.manip_check_target"	"Answer.manip_check_dist"	"Answer.name_check_correct"	"Answer.choice"	"Answer.choice_correct"	"Answer.money_allocated_to_foil"	"Answer.money_allocated_to_target"	"Answer.money_allocated_to_logical"	"Answer.Likert_value_foil"	"Answer.Likert_value_target"	"Answer.Likert_value_logical"	"Answer.about"	"Answer.comment"	"Answer.age"	"Answer.gender"	"Answer.scale_and_levels_condition"	"Answer.familiarization_present_in_study"
"What is he talking about? (1-2 mins)"	"Short and fun! A 1-2 minute word game about what someone is talking about."	"experiment, psychology, game"	"$0.20"	"Wed Feb 26 12:59:11 PST 2014"	"400"	"0"	"0"	"400"	"Reviewable"	"NotReviewed"	"1 scales"	"600"	"60000"	"Wed Mar 05 12:59:11 PST 2014"	"S07151"	"Approved"	""	"""sundae"""	"""chocolate"""	"""cherry"""	"""whipped cream"""	"""right"""	"""middle"""	"0.778"	"3"	"0"	"1"	"1"	"0"	"1"	"""8"""	"""8"""	"""TRUE"""	"""logical"""	"""FALSE"""	"-1"	"-1"	"-1"	"-1"	"-1"	"-1"	"""what we think Bob was mumbling"""	""""""	"""32"""	"""f"""	"1"	"1"
"What is he talking about? (1-2 mins)"	"Short and fun! A 1-2 minute word game about what someone is talking about."	"experiment, psychology, game"	"$0.20"	"Wed Feb 26 12:59:11 PST 2014"	"400"	"0"	"0"	"400"	"Reviewable"	"NotReviewed"	"1 scales"	"600"	"60000"	"Wed Mar 05 12:59:11 PST 2014"	"S28375"	"Approved"	""	"""pizza"""	"""olives"""	"""peppers"""	"""mushrooms"""	"""left"""	"""right"""	"0.556"	"2"	"0"	"1"	"1"	"0"	"1"	"""2"""	"""1"""	"""TRUE"""	"""target"""	"""TRUE"""	"-1"	"-1"	"-1"	"-1"	"-1"	"-1"	"""Pizza"""	"""no"""	"""27"""	"""m"""	"1"	"1"
"What is he talking about? (1-2 mins)"	"Short and fun! A 1-2 minute word game about what someone is talking about."	"experiment, psychology, game"	"$0.20"	"Wed Feb 26 12:59:11 PST 2014"	"400"	"0"	"0"	"400"	"Reviewable"	"NotReviewed"	"1 scales"	"600"	"60000"	"Wed Mar 05 12:59:11 PST 2014"	"S92117"	"Approved"	""	"""friend"""	"""hat"""	"""mustache"""	"""glasses"""	"""right"""	"""middle"""	"0.11"	"0"	"0"	"1"	"1"	"0"	"1"	"""2"""	"""1"""	"""TRUE"""	"""logical"""	"""FALSE"""	"-1"	"-1"	"-1"	"-1"	"-1"	"-1"	"""happy faces"""	""""""	"""26"""	"""M"""	"1"	"1"
"What is he talking about? (1-2 mins)"	"Short and fun! A 1-2 minute word game about what someone is talking about."	"experiment, psychology, game"	"$0.20"	"Wed Feb 26 12:59:11 PST 2014"	"400"	"0"	"0"	"400"	"Reviewable"	"NotReviewed"	"1 scales"	"600"	"60000"	"Wed Mar 05 12:59:11 PST 2014"	"S88387"	"Approved"	""	"""snowman"""	"""mittens"""	"""scarf"""	"""hat"""	"""left"""	"""middle"""	"0.11"	"0"	"0"	"1"	"1"	"0"	"1"	"""2"""	"""1"""	"""TRUE"""	"""logical"""	"""FALSE"""	"-1"	"-1"	"-1"	"-1"	"-1"	"-1"	"""guessing what kind of snowman bob will make next year"""	"""none"""	"""33"""	"""m"""	"1"	"1"
"What is he talking about? (1-2 mins)"	"Short and fun! A 1-2 minute word game about what someone is talking about."	"experiment, psychology, game"	"$0.20"	"Wed Feb 26 12:59:11 PST 2014"	"400"	"0"	"0"	"400"	"Reviewable"	"NotReviewed"	"1 scales"	"600"	"60000"	"Wed Mar 05 12:59:11 PST 2014"	"S36920"	"Approved"	""	"""pizza"""	"""olives"""	"""peppers"""	"""mushrooms"""	"""left"""	"""middle"""	"0.778"	"3"	"0"	"1"	"1"	"0"	"1"	"""2"""	"""1"""	"""TRUE"""	"""target"""	"""TRUE"""	"-1"	"-1"	"-1"	"-1"	"-1"	"-1"	"""Decision making"""	"""No"""	"""23"""	"""M"""	"1"	"1"
"What is he talking about? (1-2 mins)"	"Short and fun! A 1-2 minute word game about what someone is talking about."	"experiment, psychology, game"	"$0.20"	"Wed Feb 26 12:59:11 PST 2014"	"400"	"0"	"0"	"400"	"Reviewable"	"NotReviewed"	"1 scales"	"600"	"60000"	"Wed Mar 05 12:59:11 PST 2014"	"S79258"	"Approved"	""	"""friend"""	"""mustache"""	"""hat"""	"""glasses"""	"""right"""	"""middle"""	"0.33"	"1"	"0"	"1"	"1"	"0"	"1"	"""2"""	"""1"""	"""TRUE"""	"""logical"""	"""FALSE"""	"-1"	"-1"	"-1"	"-1"	"-1"	"-1"	"""bob meeting his friend"""	"""none"""	"""27"""	"""M"""	"1"	"1"
"What is he talking about? (1-2 mins)"	"Short and fun! A 1-2 minute word game about what someone is talking about."	"experiment, psychology, game"	"$0.20"	"Wed Feb 26 12:59:11 PST 2014"	"400"	"0"	"0"	"400"	"Reviewable"	"NotReviewed"	"1 scales"	"600"	"60000"	"Wed Mar 05 12:59:11 PST 2014"	"S93930"	"Approved"	""	"""Christmas tree"""	"""ornaments"""	"""lights"""	"""star"""	"""left"""	"""right"""	"0.778"	"3"	"0"	"1"	"1"	"0"	"1"	"""2"""	"""1"""	"""TRUE"""	"""logical"""	"""FALSE"""	"-1"	"-1"	"-1"	"-1"	"-1"	"-1"	"""Christmas trees"""	""""""	"""31"""	"""m"""	"1"	"1"
"What is he talking about? (1-2 mins)"	"Short and fun! A 1-2 minute word game about what someone is talking about."	"experiment, psychology, game"	"$0.20"	"Wed Feb 26 12:59:11 PST 2014"	"400"	"0"	"0"	"400"	"Reviewable"	"NotReviewed"	"1 scales"	"600"	"60000"	"Wed Mar 05 12:59:11 PST 2014"	"S67050"	"Approved"	""	"""Christmas tree"""	"""lights"""	"""ornaments"""	"""star"""	"""middle"""	"""right"""	"0.11"	"0"	"0"	"1"	"1"	"0"	"1"	"""8"""	"""8"""	"""TRUE"""	"""logical"""	"""FALSE"""	"-1"	"-1"	"-1"	"-1"	"-1"	"-1"	"""What people think \""mumblemumble\"" could mean"""	""""""	"""26"""	"""m"""	"1"	"1"
"What is he talking about? (1-2 mins)"	"Short and fun! A 1-2 minute word game about what someone is talking about."	"experiment, psychology, game"	"$0.20"	"Wed Feb 26 12:59:11 PST 2014"	"400"	"0"	"0"	"400"	"Reviewable"	"NotReviewed"	"1 scales"	"600"	"60000"	"Wed Mar 05 12:59:11 PST 2014"	"S28849"	"Approved"	""	"""sundae"""	"""cherry"""	"""chocolate"""	"""whipped cream"""	"""right"""	"""middle"""	"0.33"	"1"	"0"	"1"	"1"	"0"	"1"	"""2"""	"""1"""	"""FALSE"""	"""logical"""	"""FALSE"""	"-1"	"-1"	"-1"	"-1"	"-1"	"-1"	"""Preferences"""	"""N/A"""	""""""	"""m"""	"1"	"1"
"What is he talking about? (1-2 mins)"	"Short and fun! A 1-2 minute word game about what someone is talking about."	"experiment, psychology, game"	"$0.20"	"Wed Feb 26 12:59:11 PST 2014"	"400"	"0"	"0"	"400"	"Reviewable"	"NotReviewed"	"1 scales"	"600"	"60000"	"Wed Mar 05 12:59:11 PST 2014"	"S26339"	"Approved"	""	"""snowman"""	"""scarf"""	"""mittens"""	"""hat"""	"""middle"""	"""left"""	"0.33"	"1"	"0"	"1"	"1"	"0"	"1"	"""2"""	"""1"""	"""TRUE"""	"""target"""	"""TRUE"""	"-1"	"-1"	"-1"	"-1"	"-1"	"-1"	"""Bob's snowman decorations"""	"""Strange survey, I couldn't figure out the point"""	"""26"""	"""m"""	"1"	"1"
"What is he talking about? (1-2 mins)"	"Short and fun! A 1-2 minute word game about what someone is talking about."	"experiment, psychology, game"	"$0.20"	"Wed Feb 26 12:59:11 PST 2014"	"400"	"0"	"0"	"400"	"Reviewable"	"NotReviewed"	"1 scales"	"600"	"60000"	"Wed Mar 05 12:59:11 PST 2014"	"S10544"	"Approved"	""	"""Christmas tree"""	"""ornaments"""	"""star"""	"""lights"""	"""middle"""	"""left"""	"0.33"	"1"	"0"	"1"	"1"	"0"	"1"	"""2"""	"""1"""	"""TRUE"""	"""logical"""	"""FALSE"""	"-1"	"-1"	"-1"	"-1"	"-1"	"-1"	"""Making assumptions."""	""""""	"""20"""	"""m"""	"1"	"1"
"What is he talking about? (1-2 mins)"	"Short and fun! A 1-2 minute word game about what someone is talking about."	"experiment, psychology, game"	"$0.20"	"Wed Feb 26 12:59:11 PST 2014"	"400"	"0"	"0"	"400"	"Reviewable"	"NotReviewed"	"1 scales"	"600"	"60000"	"Wed Mar 05 12:59:11 PST 2014"	"S71451"	"Approved"	""	"""Christmas tree"""	"""ornaments"""	"""lights"""	"""star"""	"""right"""	"""left"""	"0.11"	"0"	"0"	"1"	"1"	"0"	"1"	"""2"""	"""1"""	"""TRUE"""	"""logical"""	"""FALSE"""	"-1"	"-1"	"-1"	"-1"	"-1"	"-1"	"""Christmas trees"""	"""Nope."""	"""27"""	"""m"""	"1"	"1"
"What is he talking about? (1-2 mins)"	"Short and fun! A 1-2 minute word game about what someone is talking about."	"experiment, psychology, game"	"$0.20"	"Wed Feb 26 12:59:11 PST 2014"	"400"	"0"	"0"	"400"	"Reviewable"	"NotReviewed"	"1 scales"	"600"	"60000"	"Wed Mar 05 12:59:11 PST 2014"	"S82219"	"Approved"	""	"""friend"""	"""glasses"""	"""hat"""	"""mustache"""	"""left"""	"""middle"""	"0.33"	"1"	"0"	"1"	"1"	"0"	"1"	"""2"""	"""3"""	"""TRUE"""	"""logical"""	"""FALSE"""	"-1"	"-1"	"-1"	"-1"	"-1"	"-1"	"""recollection"""	""""""	"""21"""	"""m"""	"1"	"1"
"What is he talking about? (1-2 mins)"	"Short and fun! A 1-2 minute word game about what someone is talking about."	"experiment, psychology, game"	"$0.20"	"Wed Feb 26 12:59:11 PST 2014"	"400"	"0"	"0"	"400"	"Reviewable"	"NotReviewed"	"1 scales"	"600"	"60000"	"Wed Mar 05 12:59:11 PST 2014"	"S15158"	"Approved"	""	"""friend"""	"""mustache"""	"""hat"""	"""glasses"""	"""left"""	"""middle"""	"0.11"	"0"	"0"	"1"	"1"	"0"	"1"	"""2"""	"""1"""	"""TRUE"""	"""logical"""	"""FALSE"""	"-1"	"-1"	"-1"	"-1"	"-1"	"-1"	"""friends"""	"""NA"""	"""32"""	"""m"""	"1"	"1"
"What is he talking about? (1-2 mins)"	"Short and fun! A 1-2 minute word game about what someone is talking about."	"experiment, psychology, game"	"$0.20"	"Wed Feb 26 12:59:11 PST 2014"	"400"	"0"	"0"	"400"	"Reviewable"	"NotReviewed"	"1 scales"	"600"	"60000"	"Wed Mar 05 12:59:11 PST 2014"	"S98725"	"Approved"	""	"""boat"""	"""cabin"""	"""sail"""	"""motor"""	"""left"""	"""middle"""	"0.11"	"0"	"0"	"1"	"1"	"0"	"1"	"""8"""	"""7"""	"""TRUE"""	"""logical"""	"""FALSE"""	"-1"	"-1"	"-1"	"-1"	"-1"	"-1"	"""Memory task"""	""""""	"""21"""	"""f"""	"1"	"1"
"What is he talking about? (1-2 mins)"	"Short and fun! A 1-2 minute word game about what someone is talking about."	"experiment, psychology, game"	"$0.20"	"Wed Feb 26 12:59:11 PST 2014"	"400"	"0"	"0"	"400"	"Reviewable"	"NotReviewed"	"1 scales"	"600"	"60000"	"Wed Mar 05 12:59:11 PST 2014"	"S99635"	"Approved"	""	"""snowman"""	"""mittens"""	"""hat"""	"""scarf"""	"""middle"""	"""right"""	"0.778"	"3"	"0"	"1"	"1"	"0"	"1"	"""8"""	"""1"""	"""TRUE"""	"""target"""	"""TRUE"""	"-1"	"-1"	"-1"	"-1"	"-1"	"-1"	"""remembering images"""	""""""	"""33"""	"""m"""	"1"	"1"
"What is he talking about? (1-2 mins)"	"Short and fun! A 1-2 minute word game about what someone is talking about."	"experiment, psychology, game"	"$0.20"	"Wed Feb 26 12:59:11 PST 2014"	"400"	"0"	"0"	"400"	"Reviewable"	"NotReviewed"	"1 scales"	"600"	"60000"	"Wed Mar 05 12:59:11 PST 2014"	"S08118"	"Approved"	""	"""boat"""	"""motor"""	"""cabin"""	"""sail"""	"""middle"""	"""right"""	"0.11"	"0"	"0"	"1"	"1"	"0"	"1"	"""2"""	"""1"""	"""TRUE"""	"""logical"""	"""FALSE"""	"-1"	"-1"	"-1"	"-1"	"-1"	"-1"	"""Bob's boats"""	"""none"""	"""28"""	"""M"""	"1"	"1"
"What is he talking about? (1-2 mins)"	"Short and fun! A 1-2 minute word game about what someone is talking about."	"experiment, psychology, game"	"$0.20"	"Wed Feb 26 12:59:11 PST 2014"	"400"	"0"	"0"	"400"	"Reviewable"	"NotReviewed"	"1 scales"	"600"	"60000"	"Wed Mar 05 12:59:11 PST 2014"	"S19078"	"Approved"	""	"""snowman"""	"""scarf"""	"""hat"""	"""mittens"""	"""middle"""	"""left"""	"0.778"	"3"	"0"	"1"	"1"	"0"	"1"	"""2"""	"""1"""	"""TRUE"""	"""target"""	"""TRUE"""	"-1"	"-1"	"-1"	"-1"	"-1"	"-1"	"""snowman"""	"""no"""	"""34"""	"""m"""	"1"	"1"
"What is he talking about? (1-2 mins)"	"Short and fun! A 1-2 minute word game about what someone is talking about."	"experiment, psychology, game"	"$0.20"	"Wed Feb 26 12:59:11 PST 2014"	"400"	"0"	"0"	"400"	"Reviewable"	"NotReviewed"	"1 scales"	"600"	"60000"	"Wed Mar 05 12:59:11 PST 2014"	"S26650"	"Approved"	""	"""pizza"""	"""peppers"""	"""mushrooms"""	"""olives"""	"""middle"""	"""right"""	"0.33"	"1"	"0"	"1"	"1"	"0"	"1"	"""2"""	"""1"""	"""TRUE"""	"""target"""	"""TRUE"""	"-1"	"-1"	"-1"	"-1"	"-1"	"-1"	"""Predictions"""	""""""	"""26"""	"""Male"""	"1"	"1"
"What is he talking about? (1-2 mins)"	"Short and fun! A 1-2 minute word game about what someone is talking about."	"experiment, psychology, game"	"$0.20"	"Wed Feb 26 12:59:11 PST 2014"	"400"	"0"	"0"	"400"	"Reviewable"	"NotReviewed"	"1 scales"	"600"	"60000"	"Wed Mar 05 12:59:11 PST 2014"	"S27381"	"Approved"	""	"""pizza"""	"""peppers"""	"""olives"""	"""mushrooms"""	"""middle"""	"""left"""	"0.778"	"3"	"0"	"1"	"1"	"0"	"1"	"""1"""	"""1"""	"""TRUE"""	"""target"""	"""TRUE"""	"-1"	"-1"	"-1"	"-1"	"-1"	"-1"	"""Bob's pizza habits"""	"""Thank you."""	"""33"""	"""M"""	"1"	"1"
"What is he talking about? (1-2 mins)"	"Short and fun! A 1-2 minute word game about what someone is talking about."	"experiment, psychology, game"	"$0.20"	"Wed Feb 26 12:59:11 PST 2014"	"400"	"0"	"0"	"400"	"Reviewable"	"NotReviewed"	"1 scales"	"600"	"60000"	"Wed Mar 05 12:59:11 PST 2014"	"S82201"	"Approved"	""	"""friend"""	"""glasses"""	"""hat"""	"""mustache"""	"""left"""	"""right"""	"0.11"	"0"	"0"	"1"	"1"	"0"	"1"	"""2"""	"""1"""	"""TRUE"""	"""logical"""	"""FALSE"""	"-1"	"-1"	"-1"	"-1"	"-1"	"-1"	"""Memory """	"""Didn't only one character wear glasses?"""	"""32"""	"""m"""	"1"	"1"
"What is he talking about? (1-2 mins)"	"Short and fun! A 1-2 minute word game about what someone is talking about."	"experiment, psychology, game"	"$0.20"	"Wed Feb 26 12:59:11 PST 2014"	"400"	"0"	"0"	"400"	"Reviewable"	"NotReviewed"	"1 scales"	"600"	"60000"	"Wed Mar 05 12:59:11 PST 2014"	"S53126"	"Approved"	""	"""Christmas tree"""	"""lights"""	"""ornaments"""	"""star"""	"""left"""	"""right"""	"0.11"	"0"	"0"	"1"	"1"	"0"	"1"	"""8"""	"""7"""	"""TRUE"""	"""logical"""	"""FALSE"""	"-1"	"-1"	"-1"	"-1"	"-1"	"-1"	"""I have no clue"""	"""No"""	"""21"""	"""m"""	"1"	"1"
"What is he talking about? (1-2 mins)"	"Short and fun! A 1-2 minute word game about what someone is talking about."	"experiment, psychology, game"	"$0.20"	"Wed Feb 26 12:59:11 PST 2014"	"400"	"0"	"0"	"400"	"Reviewable"	"NotReviewed"	"1 scales"	"600"	"60000"	"Wed Mar 05 12:59:11 PST 2014"	"S99254"	"Approved"	""	"""friend"""	"""glasses"""	"""hat"""	"""mustache"""	"""middle"""	"""right"""	"0.33"	"1"	"0"	"1"	"1"	"0"	"1"	"""2"""	"""1"""	"""TRUE"""	"""target"""	"""TRUE"""	"-1"	"-1"	"-1"	"-1"	"-1"	"-1"	"""unsure"""	"""no"""	"""31"""	"""f"""	"1"	"1"
"What is he talking about? (1-2 mins)"	"Short and fun! A 1-2 minute word game about what someone is talking about."	"experiment, psychology, game"	"$0.20"	"Wed Feb 26 12:59:11 PST 2014"	"400"	"0"	"0"	"400"	"Reviewable"	"NotReviewed"	"1 scales"	"600"	"60000"	"Wed Mar 05 12:59:11 PST 2014"	"S45836"	"Approved"	""	"""pizza"""	"""mushrooms"""	"""peppers"""	"""olives"""	"""middle"""	"""right"""	"0.33"	"1"	"0"	"1"	"1"	"0"	"1"	"""8"""	"""5"""	"""TRUE"""	"""logical"""	"""FALSE"""	"-1"	"-1"	"-1"	"-1"	"-1"	"-1"	"""Estimation of words"""	"""n/a"""	"""19"""	"""m"""	"1"	"1"
"What is he talking about? (1-2 mins)"	"Short and fun! A 1-2 minute word game about what someone is talking about."	"experiment, psychology, game"	"$0.20"	"Wed Feb 26 12:59:11 PST 2014"	"400"	"0"	"0"	"400"	"Reviewable"	"NotReviewed"	"1 scales"	"600"	"60000"	"Wed Mar 05 12:59:11 PST 2014"	"S75126"	"Approved"	""	"""Christmas tree"""	"""lights"""	"""ornaments"""	"""star"""	"""left"""	"""middle"""	"0.556"	"2"	"0"	"1"	"1"	"0"	"1"	"""2"""	"""1"""	"""TRUE"""	"""foil"""	"""FALSE"""	"-1"	"-1"	"-1"	"-1"	"-1"	"-1"	"""Trimming Christmas trees"""	""""""	"""24"""	"""m"""	"1"	"1"
"What is he talking about? (1-2 mins)"	"Short and fun! A 1-2 minute word game about what someone is talking about."	"experiment, psychology, game"	"$0.20"	"Wed Feb 26 12:59:11 PST 2014"	"400"	"0"	"0"	"400"	"Reviewable"	"NotReviewed"	"1 scales"	"600"	"60000"	"Wed Mar 05 12:59:11 PST 2014"	"S64875"	"Approved"	""	"""pizza"""	"""mushrooms"""	"""olives"""	"""peppers"""	"""middle"""	"""right"""	"0.33"	"1"	"0"	"1"	"1"	"0"	"1"	"""9"""	"""7"""	"""TRUE"""	"""target"""	"""TRUE"""	"-1"	"-1"	"-1"	"-1"	"-1"	"-1"	"""not sure"""	""""""	"""31"""	"""m"""	"1"	"1"
"What is he talking about? (1-2 mins)"	"Short and fun! A 1-2 minute word game about what someone is talking about."	"experiment, psychology, game"	"$0.20"	"Wed Feb 26 12:59:11 PST 2014"	"400"	"0"	"0"	"400"	"Reviewable"	"NotReviewed"	"1 scales"	"600"	"60000"	"Wed Mar 05 12:59:11 PST 2014"	"S40546"	"Approved"	""	"""boat"""	"""cabin"""	"""motor"""	"""sail"""	"""right"""	"""middle"""	"0.11"	"0"	"0"	"1"	"1"	"0"	"1"	"""8"""	"""8"""	"""TRUE"""	"""foil"""	"""FALSE"""	"-1"	"-1"	"-1"	"-1"	"-1"	"-1"	"""Memory"""	""""""	"""25"""	"""m"""	"1"	"1"
"What is he talking about? (1-2 mins)"	"Short and fun! A 1-2 minute word game about what someone is talking about."	"experiment, psychology, game"	"$0.20"	"Wed Feb 26 12:59:11 PST 2014"	"400"	"0"	"0"	"400"	"Reviewable"	"NotReviewed"	"1 scales"	"600"	"60000"	"Wed Mar 05 12:59:11 PST 2014"	"S53114"	"Approved"	""	"""boat"""	"""sail"""	"""cabin"""	"""motor"""	"""right"""	"""left"""	"0.33"	"1"	"0"	"1"	"1"	"0"	"1"	"""5"""	"""4"""	"""TRUE"""	"""logical"""	"""FALSE"""	"-1"	"-1"	"-1"	"-1"	"-1"	"-1"	"""Bob sailboat"""	"""nope"""	"""21"""	"""m"""	"1"	"1"
"What is he talking about? (1-2 mins)"	"Short and fun! A 1-2 minute word game about what someone is talking about."	"experiment, psychology, game"	"$0.20"	"Wed Feb 26 12:59:11 PST 2014"	"400"	"0"	"0"	"400"	"Reviewable"	"NotReviewed"	"1 scales"	"600"	"60000"	"Wed Mar 05 12:59:11 PST 2014"	"S60395"	"Approved"	""	"""Christmas tree"""	"""ornaments"""	"""lights"""	"""star"""	"""middle"""	"""left"""	"0.778"	"3"	"0"	"1"	"1"	"0"	"1"	"""2"""	"""1"""	"""FALSE"""	"""target"""	"""TRUE"""	"-1"	"-1"	"-1"	"-1"	"-1"	"-1"	"""What Joe was talking about."""	""""""	"""43"""	"""m"""	"1"	"1"
"What is he talking about? (1-2 mins)"	"Short and fun! A 1-2 minute word game about what someone is talking about."	"experiment, psychology, game"	"$0.20"	"Wed Feb 26 12:59:11 PST 2014"	"400"	"0"	"0"	"400"	"Reviewable"	"NotReviewed"	"1 scales"	"600"	"60000"	"Wed Mar 05 12:59:11 PST 2014"	"S60467"	"Approved"	""	"""friend"""	"""hat"""	"""mustache"""	"""glasses"""	"""middle"""	"""left"""	"0.33"	"1"	"0"	"1"	"1"	"0"	"1"	"""2"""	"""1"""	"""TRUE"""	"""logical"""	"""FALSE"""	"-1"	"-1"	"-1"	"-1"	"-1"	"-1"	"""mumble"""	"""mumble"""	"""30"""	"""m"""	"1"	"1"
"What is he talking about? (1-2 mins)"	"Short and fun! A 1-2 minute word game about what someone is talking about."	"experiment, psychology, game"	"$0.20"	"Wed Feb 26 12:59:11 PST 2014"	"400"	"0"	"0"	"400"	"Reviewable"	"NotReviewed"	"1 scales"	"600"	"60000"	"Wed Mar 05 12:59:11 PST 2014"	"S92359"	"Approved"	""	"""friend"""	"""glasses"""	"""hat"""	"""mustache"""	"""left"""	"""middle"""	"0.556"	"2"	"0"	"1"	"1"	"0"	"1"	"""2"""	"""1"""	"""TRUE"""	"""target"""	"""TRUE"""	"-1"	"-1"	"-1"	"-1"	"-1"	"-1"	"""I think to determine how people put things together when given fragments of information."""	"""No."""	"""30"""	"""f"""	"1"	"1"
"What is he talking about? (1-2 mins)"	"Short and fun! A 1-2 minute word game about what someone is talking about."	"experiment, psychology, game"	"$0.20"	"Wed Feb 26 12:59:11 PST 2014"	"400"	"0"	"0"	"400"	"Reviewable"	"NotReviewed"	"1 scales"	"600"	"60000"	"Wed Mar 05 12:59:11 PST 2014"	"S73601"	"Approved"	""	"""boat"""	"""sail"""	"""cabin"""	"""motor"""	"""middle"""	"""right"""	"0.33"	"1"	"0"	"1"	"1"	"0"	"1"	"""2"""	"""1"""	"""TRUE"""	"""logical"""	"""FALSE"""	"-1"	"-1"	"-1"	"-1"	"-1"	"-1"	"""what boat bob rented"""	""""""	""""""	""""""	"1"	"1"
"What is he talking about? (1-2 mins)"	"Short and fun! A 1-2 minute word game about what someone is talking about."	"experiment, psychology, game"	"$0.20"	"Wed Feb 26 12:59:11 PST 2014"	"400"	"0"	"0"	"400"	"Reviewable"	"NotReviewed"	"1 scales"	"600"	"60000"	"Wed Mar 05 12:59:11 PST 2014"	"S34127"	"Approved"	""	"""friend"""	"""mustache"""	"""hat"""	"""glasses"""	"""right"""	"""left"""	"0.556"	"2"	"0"	"1"	"1"	"0"	"1"	"""2"""	"""1"""	"""TRUE"""	"""foil"""	"""FALSE"""	"-1"	"-1"	"-1"	"-1"	"-1"	"-1"	"""noticing a pattern  - human pattern"""	"""This could be confusing"""	"""36"""	"""F"""	"1"	"1"
"What is he talking about? (1-2 mins)"	"Short and fun! A 1-2 minute word game about what someone is talking about."	"experiment, psychology, game"	"$0.20"	"Wed Feb 26 12:59:11 PST 2014"	"400"	"0"	"0"	"400"	"Reviewable"	"NotReviewed"	"1 scales"	"600"	"60000"	"Wed Mar 05 12:59:11 PST 2014"	"S09500"	"Approved"	""	"""boat"""	"""sail"""	"""cabin"""	"""motor"""	"""left"""	"""right"""	"0.556"	"2"	"0"	"1"	"1"	"0"	"1"	"""2"""	"""1"""	"""TRUE"""	"""logical"""	"""FALSE"""	"-1"	"-1"	"-1"	"-1"	"-1"	"-1"	"""Patterns"""	"""no"""	"""24"""	"""F"""	"1"	"1"
"What is he talking about? (1-2 mins)"	"Short and fun! A 1-2 minute word game about what someone is talking about."	"experiment, psychology, game"	"$0.20"	"Wed Feb 26 12:59:11 PST 2014"	"400"	"0"	"0"	"400"	"Reviewable"	"NotReviewed"	"1 scales"	"600"	"60000"	"Wed Mar 05 12:59:11 PST 2014"	"S71119"	"Approved"	""	"""friend"""	"""hat"""	"""mustache"""	"""glasses"""	"""right"""	"""left"""	"0.11"	"0"	"0"	"1"	"1"	"0"	"1"	"""2"""	"""1"""	"""TRUE"""	"""logical"""	"""FALSE"""	"-1"	"-1"	"-1"	"-1"	"-1"	"-1"	"""Which friend he prefers"""	""""""	"""30"""	"""f"""	"1"	"1"
"What is he talking about? (1-2 mins)"	"Short and fun! A 1-2 minute word game about what someone is talking about."	"experiment, psychology, game"	"$0.20"	"Wed Feb 26 12:59:11 PST 2014"	"400"	"0"	"0"	"400"	"Reviewable"	"NotReviewed"	"1 scales"	"600"	"60000"	"Wed Mar 05 12:59:11 PST 2014"	"S91102"	"Approved"	""	"""friend"""	"""glasses"""	"""hat"""	"""mustache"""	"""left"""	"""middle"""	"0.778"	"3"	"0"	"1"	"1"	"0"	"1"	"""7"""	"""1"""	"""FALSE"""	"""foil"""	"""FALSE"""	"-1"	"-1"	"-1"	"-1"	"-1"	"-1"	"""Short term memory retention"""	""""""	"""25"""	"""m"""	"1"	"1"
"What is he talking about? (1-2 mins)"	"Short and fun! A 1-2 minute word game about what someone is talking about."	"experiment, psychology, game"	"$0.20"	"Wed Feb 26 12:59:11 PST 2014"	"400"	"0"	"0"	"400"	"Reviewable"	"NotReviewed"	"1 scales"	"600"	"60000"	"Wed Mar 05 12:59:11 PST 2014"	"S82651"	"Approved"	""	"""pizza"""	"""mushrooms"""	"""peppers"""	"""olives"""	"""right"""	"""left"""	"0.33"	"1"	"0"	"1"	"1"	"0"	"1"	"""2"""	"""1"""	"""TRUE"""	"""logical"""	"""FALSE"""	"-1"	"-1"	"-1"	"-1"	"-1"	"-1"	"""pizza"""	""""""	"""48"""	"""f"""	"1"	"1"
"What is he talking about? (1-2 mins)"	"Short and fun! A 1-2 minute word game about what someone is talking about."	"experiment, psychology, game"	"$0.20"	"Wed Feb 26 12:59:11 PST 2014"	"400"	"0"	"0"	"400"	"Reviewable"	"NotReviewed"	"1 scales"	"600"	"60000"	"Wed Mar 05 12:59:11 PST 2014"	"S31788"	"Approved"	""	"""friend"""	"""mustache"""	"""glasses"""	"""hat"""	"""left"""	"""right"""	"0.11"	"0"	"0"	"1"	"1"	"0"	"1"	"""2"""	"""1"""	"""FALSE"""	"""logical"""	"""FALSE"""	"-1"	"-1"	"-1"	"-1"	"-1"	"-1"	"""Patterns"""	""""""	"""25"""	"""f"""	"1"	"1"
"What is he talking about? (1-2 mins)"	"Short and fun! A 1-2 minute word game about what someone is talking about."	"experiment, psychology, game"	"$0.20"	"Wed Feb 26 12:59:11 PST 2014"	"400"	"0"	"0"	"400"	"Reviewable"	"NotReviewed"	"1 scales"	"600"	"60000"	"Wed Mar 05 12:59:11 PST 2014"	"S22397"	"Approved"	""	"""Christmas tree"""	"""lights"""	"""star"""	"""ornaments"""	"""left"""	"""right"""	"0.11"	"0"	"0"	"1"	"1"	"0"	"1"	"""8"""	"""5"""	"""TRUE"""	"""logical"""	"""FALSE"""	"-1"	"-1"	"-1"	"-1"	"-1"	"-1"	"""Memory/recall"""	"""None, thanks!"""	"""34"""	"""m"""	"1"	"1"
"What is he talking about? (1-2 mins)"	"Short and fun! A 1-2 minute word game about what someone is talking about."	"experiment, psychology, game"	"$0.20"	"Wed Feb 26 12:59:11 PST 2014"	"400"	"0"	"0"	"400"	"Reviewable"	"NotReviewed"	"1 scales"	"600"	"60000"	"Wed Mar 05 12:59:11 PST 2014"	"S21002"	"Approved"	""	"""Christmas tree"""	"""star"""	"""lights"""	"""ornaments"""	"""right"""	"""middle"""	"0.33"	"1"	"0"	"1"	"1"	"0"	"1"	"""2"""	"""1"""	"""TRUE"""	"""logical"""	"""FALSE"""	"-1"	"-1"	"-1"	"-1"	"-1"	"-1"	"""Bob trimming Christmas trees"""	"""no"""	"""37"""	"""m"""	"1"	"1"
"What is he talking about? (1-2 mins)"	"Short and fun! A 1-2 minute word game about what someone is talking about."	"experiment, psychology, game"	"$0.20"	"Wed Feb 26 12:59:11 PST 2014"	"400"	"0"	"0"	"400"	"Reviewable"	"NotReviewed"	"1 scales"	"600"	"60000"	"Wed Mar 05 12:59:11 PST 2014"	"S60237"	"Approved"	""	"""snowman"""	"""scarf"""	"""hat"""	"""mittens"""	"""right"""	"""middle"""	"0.33"	"1"	"0"	"1"	"1"	"0"	"1"	"""6"""	"""6"""	"""TRUE"""	"""logical"""	"""FALSE"""	"-1"	"-1"	"-1"	"-1"	"-1"	"-1"	"""memory of snowman"""	"""that was fun"""	"""35"""	"""m"""	"1"	"1"
"What is he talking about? (1-2 mins)"	"Short and fun! A 1-2 minute word game about what someone is talking about."	"experiment, psychology, game"	"$0.20"	"Wed Feb 26 12:59:11 PST 2014"	"400"	"0"	"0"	"400"	"Reviewable"	"NotReviewed"	"1 scales"	"600"	"60000"	"Wed Mar 05 12:59:11 PST 2014"	"S23948"	"Approved"	""	"""snowman"""	"""hat"""	"""mittens"""	"""scarf"""	"""left"""	"""right"""	"0.33"	"1"	"0"	"1"	"1"	"0"	"1"	"""2"""	"""1"""	"""TRUE"""	"""target"""	"""TRUE"""	"-1"	"-1"	"-1"	"-1"	"-1"	"-1"	"""Bob building snowmen"""	"""no"""	"""46"""	"""f"""	"1"	"1"
"What is he talking about? (1-2 mins)"	"Short and fun! A 1-2 minute word game about what someone is talking about."	"experiment, psychology, game"	"$0.20"	"Wed Feb 26 12:59:11 PST 2014"	"400"	"0"	"0"	"400"	"Reviewable"	"NotReviewed"	"1 scales"	"600"	"60000"	"Wed Mar 05 12:59:11 PST 2014"	"S15434"	"Approved"	""	"""sundae"""	"""chocolate"""	"""whipped cream"""	"""cherry"""	"""right"""	"""left"""	"0.556"	"2"	"0"	"1"	"1"	"0"	"1"	"""2"""	"""1"""	"""TRUE"""	"""target"""	"""TRUE"""	"-1"	"-1"	"-1"	"-1"	"-1"	"-1"	"""What kinds of sundaes Bob has each Friday."""	"""No comments."""	"""45"""	"""F"""	"1"	"1"
"What is he talking about? (1-2 mins)"	"Short and fun! A 1-2 minute word game about what someone is talking about."	"experiment, psychology, game"	"$0.20"	"Wed Feb 26 12:59:11 PST 2014"	"400"	"0"	"0"	"400"	"Reviewable"	"NotReviewed"	"1 scales"	"600"	"60000"	"Wed Mar 05 12:59:11 PST 2014"	"S13912"	"Approved"	""	"""snowman"""	"""mittens"""	"""hat"""	"""scarf"""	"""middle"""	"""left"""	"0.556"	"2"	"0"	"1"	"1"	"0"	"1"	"""2"""	"""1"""	"""TRUE"""	"""logical"""	"""FALSE"""	"-1"	"-1"	"-1"	"-1"	"-1"	"-1"	"""snowman building"""	"""none"""	"""30"""	"""m"""	"1"	"1"
"What is he talking about? (1-2 mins)"	"Short and fun! A 1-2 minute word game about what someone is talking about."	"experiment, psychology, game"	"$0.20"	"Wed Feb 26 12:59:11 PST 2014"	"400"	"0"	"0"	"400"	"Reviewable"	"NotReviewed"	"1 scales"	"600"	"60000"	"Wed Mar 05 12:59:11 PST 2014"	"S62028"	"Approved"	""	"""sundae"""	"""whipped cream"""	"""cherry"""	"""chocolate"""	"""left"""	"""middle"""	"0.33"	"1"	"0"	"1"	"1"	"0"	"1"	"""2"""	"""1"""	"""TRUE"""	"""target"""	"""TRUE"""	"-1"	"-1"	"-1"	"-1"	"-1"	"-1"	"""Ice cream preferences"""	"""Interesting survey"""	"""27"""	"""m"""	"1"	"1"
"What is he talking about? (1-2 mins)"	"Short and fun! A 1-2 minute word game about what someone is talking about."	"experiment, psychology, game"	"$0.20"	"Wed Feb 26 12:59:11 PST 2014"	"400"	"0"	"0"	"400"	"Reviewable"	"NotReviewed"	"1 scales"	"600"	"60000"	"Wed Mar 05 12:59:11 PST 2014"	"S21892"	"Approved"	""	"""snowman"""	"""hat"""	"""scarf"""	"""mittens"""	"""right"""	"""middle"""	"0.33"	"1"	"0"	"1"	"1"	"0"	"1"	"""5"""	"""5"""	"""TRUE"""	"""logical"""	"""FALSE"""	"-1"	"-1"	"-1"	"-1"	"-1"	"-1"	"""Snowmen and their attire"""	""""""	""""""	"""m"""	"1"	"1"
"What is he talking about? (1-2 mins)"	"Short and fun! A 1-2 minute word game about what someone is talking about."	"experiment, psychology, game"	"$0.20"	"Wed Feb 26 12:59:11 PST 2014"	"400"	"0"	"0"	"400"	"Reviewable"	"NotReviewed"	"1 scales"	"600"	"60000"	"Wed Mar 05 12:59:11 PST 2014"	"S68952"	"Approved"	""	"""Christmas tree"""	"""lights"""	"""ornaments"""	"""star"""	"""right"""	"""left"""	"0.778"	"3"	"0"	"1"	"1"	"0"	"1"	"""2"""	"""1"""	"""TRUE"""	"""foil"""	"""FALSE"""	"-1"	"-1"	"-1"	"-1"	"-1"	"-1"	"""cognition"""	"""This was odd ;)"""	"""26"""	"""f"""	"1"	"1"
"What is he talking about? (1-2 mins)"	"Short and fun! A 1-2 minute word game about what someone is talking about."	"experiment, psychology, game"	"$0.20"	"Wed Feb 26 12:59:11 PST 2014"	"400"	"0"	"0"	"400"	"Reviewable"	"NotReviewed"	"1 scales"	"600"	"60000"	"Wed Mar 05 12:59:11 PST 2014"	"S56267"	"Approved"	""	"""friend"""	"""glasses"""	"""mustache"""	"""hat"""	"""left"""	"""right"""	"0.556"	"2"	"0"	"1"	"1"	"0"	"1"	"""2"""	"""1"""	"""TRUE"""	"""target"""	"""TRUE"""	"-1"	"-1"	"-1"	"-1"	"-1"	"-1"	"""brain ability"""	""""""	"""18"""	"""m"""	"1"	"1"
"What is he talking about? (1-2 mins)"	"Short and fun! A 1-2 minute word game about what someone is talking about."	"experiment, psychology, game"	"$0.20"	"Wed Feb 26 12:59:11 PST 2014"	"400"	"0"	"0"	"400"	"Reviewable"	"NotReviewed"	"1 scales"	"600"	"60000"	"Wed Mar 05 12:59:11 PST 2014"	"S60871"	"Approved"	""	"""friend"""	"""glasses"""	"""mustache"""	"""hat"""	"""right"""	"""middle"""	"0.778"	"3"	"0"	"1"	"1"	"0"	"1"	"""2"""	"""1"""	"""TRUE"""	"""logical"""	"""FALSE"""	"-1"	"-1"	"-1"	"-1"	"-1"	"-1"	"""Logic"""	"""No"""	"""30"""	"""m"""	"1"	"1"
"What is he talking about? (1-2 mins)"	"Short and fun! A 1-2 minute word game about what someone is talking about."	"experiment, psychology, game"	"$0.20"	"Wed Feb 26 12:59:11 PST 2014"	"400"	"0"	"0"	"400"	"Reviewable"	"NotReviewed"	"1 scales"	"600"	"60000"	"Wed Mar 05 12:59:11 PST 2014"	"S08832"	"Approved"	""	"""boat"""	"""cabin"""	"""motor"""	"""sail"""	"""left"""	"""middle"""	"0.778"	"3"	"0"	"1"	"1"	"0"	"1"	"""2"""	"""1"""	"""TRUE"""	"""logical"""	"""FALSE"""	"-1"	"-1"	"-1"	"-1"	"-1"	"-1"	"""The boats that Bob sails."""	""""""	"""27"""	"""m"""	"1"	"1"
"What is he talking about? (1-2 mins)"	"Short and fun! A 1-2 minute word game about what someone is talking about."	"experiment, psychology, game"	"$0.20"	"Wed Feb 26 12:59:11 PST 2014"	"400"	"0"	"0"	"400"	"Reviewable"	"NotReviewed"	"1 scales"	"600"	"60000"	"Wed Mar 05 12:59:11 PST 2014"	"S16714"	"Approved"	""	"""sundae"""	"""whipped cream"""	"""chocolate"""	"""cherry"""	"""right"""	"""middle"""	"0.778"	"3"	"0"	"1"	"1"	"0"	"1"	"""2"""	"""1"""	"""TRUE"""	"""logical"""	"""FALSE"""	"-1"	"-1"	"-1"	"-1"	"-1"	"-1"	"""Associating non sense words with an image"""	""""""	"""19"""	"""m"""	"1"	"1"
"What is he talking about? (1-2 mins)"	"Short and fun! A 1-2 minute word game about what someone is talking about."	"experiment, psychology, game"	"$0.20"	"Wed Feb 26 12:59:11 PST 2014"	"400"	"0"	"0"	"400"	"Reviewable"	"NotReviewed"	"1 scales"	"600"	"60000"	"Wed Mar 05 12:59:11 PST 2014"	"S78989"	"Approved"	""	"""Christmas tree"""	"""star"""	"""ornaments"""	"""lights"""	"""middle"""	"""right"""	"0.556"	"2"	"0"	"1"	"1"	"0"	"1"	"""2"""	"""1"""	"""TRUE"""	"""target"""	"""TRUE"""	"-1"	"-1"	"-1"	"-1"	"-1"	"-1"	"""Trimming Christmas trees"""	""""""	"""35"""	"""m"""	"1"	"1"
"What is he talking about? (1-2 mins)"	"Short and fun! A 1-2 minute word game about what someone is talking about."	"experiment, psychology, game"	"$0.20"	"Wed Feb 26 12:59:11 PST 2014"	"400"	"0"	"0"	"400"	"Reviewable"	"NotReviewed"	"1 scales"	"600"	"60000"	"Wed Mar 05 12:59:11 PST 2014"	"S90251"	"Approved"	""	"""friend"""	"""mustache"""	"""glasses"""	"""hat"""	"""left"""	"""middle"""	"0.33"	"1"	"0"	"1"	"1"	"0"	"1"	"""2"""	"""1"""	"""TRUE"""	"""target"""	"""TRUE"""	"-1"	"-1"	"-1"	"-1"	"-1"	"-1"	"""Different friends"""	"""no"""	"""44"""	"""M"""	"1"	"1"
"What is he talking about? (1-2 mins)"	"Short and fun! A 1-2 minute word game about what someone is talking about."	"experiment, psychology, game"	"$0.20"	"Wed Feb 26 12:59:11 PST 2014"	"400"	"0"	"0"	"400"	"Reviewable"	"NotReviewed"	"1 scales"	"600"	"60000"	"Wed Mar 05 12:59:11 PST 2014"	"S96189"	"Approved"	""	"""Christmas tree"""	"""ornaments"""	"""star"""	"""lights"""	"""right"""	"""left"""	"0.778"	"3"	"0"	"1"	"1"	"0"	"1"	"""2"""	"""1"""	"""TRUE"""	"""foil"""	"""FALSE"""	"-1"	"-1"	"-1"	"-1"	"-1"	"-1"	"""Making a guess based on little information"""	"""I did a similar survey last night"""	"""21"""	"""m"""	"1"	"1"
"What is he talking about? (1-2 mins)"	"Short and fun! A 1-2 minute word game about what someone is talking about."	"experiment, psychology, game"	"$0.20"	"Wed Feb 26 12:59:11 PST 2014"	"400"	"0"	"0"	"400"	"Reviewable"	"NotReviewed"	"1 scales"	"600"	"60000"	"Wed Mar 05 12:59:11 PST 2014"	"S65751"	"Approved"	""	"""Christmas tree"""	"""star"""	"""lights"""	"""ornaments"""	"""right"""	"""left"""	"0.33"	"1"	"0"	"1"	"1"	"0"	"1"	"""2"""	"""1"""	"""TRUE"""	"""target"""	"""TRUE"""	"-1"	"-1"	"-1"	"-1"	"-1"	"-1"	"""christmas tree trimmin"""	"""no"""	""""""	"""m"""	"1"	"1"
"What is he talking about? (1-2 mins)"	"Short and fun! A 1-2 minute word game about what someone is talking about."	"experiment, psychology, game"	"$0.20"	"Wed Feb 26 12:59:11 PST 2014"	"400"	"0"	"0"	"400"	"Reviewable"	"NotReviewed"	"1 scales"	"600"	"60000"	"Wed Mar 05 12:59:11 PST 2014"	"S28025"	"Approved"	""	"""friend"""	"""mustache"""	"""hat"""	"""glasses"""	"""left"""	"""middle"""	"0.11"	"0"	"0"	"1"	"1"	"0"	"1"	"""2"""	"""1"""	"""TRUE"""	"""logical"""	"""FALSE"""	"-1"	"-1"	"-1"	"-1"	"-1"	"-1"	"""Friends"""	"""No"""	"""24"""	"""m"""	"1"	"1"
"What is he talking about? (1-2 mins)"	"Short and fun! A 1-2 minute word game about what someone is talking about."	"experiment, psychology, game"	"$0.20"	"Wed Feb 26 12:59:11 PST 2014"	"400"	"0"	"0"	"400"	"Reviewable"	"NotReviewed"	"1 scales"	"600"	"60000"	"Wed Mar 05 12:59:11 PST 2014"	"S02830"	"Approved"	""	"""Christmas tree"""	"""star"""	"""lights"""	"""ornaments"""	"""middle"""	"""left"""	"0.33"	"1"	"0"	"1"	"1"	"0"	"1"	"""2"""	"""1"""	"""TRUE"""	"""logical"""	"""FALSE"""	"-1"	"-1"	"-1"	"-1"	"-1"	"-1"	"""Bob's Christmas tree trimming"""	""""""	"""40"""	"""f"""	"1"	"1"
"What is he talking about? (1-2 mins)"	"Short and fun! A 1-2 minute word game about what someone is talking about."	"experiment, psychology, game"	"$0.20"	"Wed Feb 26 12:59:11 PST 2014"	"400"	"0"	"0"	"400"	"Reviewable"	"NotReviewed"	"1 scales"	"600"	"60000"	"Wed Mar 05 12:59:11 PST 2014"	"S15273"	"Approved"	""	"""pizza"""	"""olives"""	"""mushrooms"""	"""peppers"""	"""right"""	"""left"""	"0.556"	"2"	"0"	"1"	"1"	"0"	"1"	"""2"""	"""1"""	"""TRUE"""	"""foil"""	"""FALSE"""	"-1"	"-1"	"-1"	"-1"	"-1"	"-1"	"""Understanding limited communication"""	"""I didn't quite get this one, usually your surveys are much more obvious.  This one confused me because of the 9 pizzas first, but then the questions were only about 3."""	"""40"""	"""F"""	"1"	"1"
"What is he talking about? (1-2 mins)"	"Short and fun! A 1-2 minute word game about what someone is talking about."	"experiment, psychology, game"	"$0.20"	"Wed Feb 26 12:59:11 PST 2014"	"400"	"0"	"0"	"400"	"Reviewable"	"NotReviewed"	"1 scales"	"600"	"60000"	"Wed Mar 05 12:59:11 PST 2014"	"S52906"	"Approved"	""	"""Christmas tree"""	"""ornaments"""	"""star"""	"""lights"""	"""right"""	"""middle"""	"0.33"	"1"	"0"	"1"	"1"	"0"	"1"	"""2"""	"""1"""	"""TRUE"""	"""logical"""	"""FALSE"""	"-1"	"-1"	"-1"	"-1"	"-1"	"-1"	"""Unsure"""	"""No"""	"""22"""	"""f"""	"1"	"1"
"What is he talking about? (1-2 mins)"	"Short and fun! A 1-2 minute word game about what someone is talking about."	"experiment, psychology, game"	"$0.20"	"Wed Feb 26 12:59:11 PST 2014"	"400"	"0"	"0"	"400"	"Reviewable"	"NotReviewed"	"1 scales"	"600"	"60000"	"Wed Mar 05 12:59:11 PST 2014"	"S80388"	"Approved"	""	"""friend"""	"""glasses"""	"""hat"""	"""mustache"""	"""right"""	"""middle"""	"0.11"	"0"	"0"	"1"	"1"	"0"	"1"	"""8"""	"""8"""	"""TRUE"""	"""foil"""	"""FALSE"""	"-1"	"-1"	"-1"	"-1"	"-1"	"-1"	"""Friends that he visits"""	""""""	"""46"""	"""f"""	"1"	"1"
"What is he talking about? (1-2 mins)"	"Short and fun! A 1-2 minute word game about what someone is talking about."	"experiment, psychology, game"	"$0.20"	"Wed Feb 26 12:59:11 PST 2014"	"400"	"0"	"0"	"400"	"Reviewable"	"NotReviewed"	"1 scales"	"600"	"60000"	"Wed Mar 05 12:59:11 PST 2014"	"S17479"	"Approved"	""	"""boat"""	"""cabin"""	"""sail"""	"""motor"""	"""left"""	"""right"""	"0.778"	"3"	"0"	"1"	"1"	"0"	"1"	"""7"""	"""1"""	"""TRUE"""	"""target"""	"""TRUE"""	"-1"	"-1"	"-1"	"-1"	"-1"	"-1"	"""Bob's boats."""	"""That was fun"""	"""25"""	"""m"""	"1"	"1"
"What is he talking about? (1-2 mins)"	"Short and fun! A 1-2 minute word game about what someone is talking about."	"experiment, psychology, game"	"$0.20"	"Wed Feb 26 12:59:11 PST 2014"	"400"	"0"	"0"	"400"	"Reviewable"	"NotReviewed"	"1 scales"	"600"	"60000"	"Wed Mar 05 12:59:11 PST 2014"	"S83932"	"Approved"	""	"""snowman"""	"""hat"""	"""mittens"""	"""scarf"""	"""left"""	"""middle"""	"0.556"	"2"	"0"	"1"	"1"	"0"	"1"	"""2"""	"""1"""	"""TRUE"""	"""target"""	"""TRUE"""	"-1"	"-1"	"-1"	"-1"	"-1"	"-1"	"""Snowmen"""	"""No"""	"""19"""	"""m"""	"1"	"1"
"What is he talking about? (1-2 mins)"	"Short and fun! A 1-2 minute word game about what someone is talking about."	"experiment, psychology, game"	"$0.20"	"Wed Feb 26 12:59:11 PST 2014"	"400"	"0"	"0"	"400"	"Reviewable"	"NotReviewed"	"1 scales"	"600"	"60000"	"Wed Mar 05 12:59:11 PST 2014"	"S94272"	"Approved"	""	"""Christmas tree"""	"""lights"""	"""ornaments"""	"""star"""	"""right"""	"""left"""	"0.556"	"2"	"0"	"1"	"1"	"0"	"1"	"""2"""	"""1"""	"""TRUE"""	"""target"""	"""TRUE"""	"-1"	"-1"	"-1"	"-1"	"-1"	"-1"	"""predicting the tree bob would make"""	"""no"""	"""27"""	"""f"""	"1"	"1"
"What is he talking about? (1-2 mins)"	"Short and fun! A 1-2 minute word game about what someone is talking about."	"experiment, psychology, game"	"$0.20"	"Wed Feb 26 12:59:11 PST 2014"	"400"	"0"	"0"	"400"	"Reviewable"	"NotReviewed"	"1 scales"	"600"	"60000"	"Wed Mar 05 12:59:11 PST 2014"	"S52227"	"Approved"	""	"""boat"""	"""cabin"""	"""motor"""	"""sail"""	"""middle"""	"""right"""	"0.11"	"0"	"0"	"1"	"1"	"0"	"1"	"""2"""	"""1"""	"""TRUE"""	"""logical"""	"""FALSE"""	"-1"	"-1"	"-1"	"-1"	"-1"	"-1"	"""Bob renting sailboats"""	"""interesting"""	"""22"""	"""m"""	"1"	"1"
"What is he talking about? (1-2 mins)"	"Short and fun! A 1-2 minute word game about what someone is talking about."	"experiment, psychology, game"	"$0.20"	"Wed Feb 26 12:59:11 PST 2014"	"400"	"0"	"0"	"400"	"Reviewable"	"NotReviewed"	"1 scales"	"600"	"60000"	"Wed Mar 05 12:59:11 PST 2014"	"S50375"	"Approved"	""	"""sundae"""	"""cherry"""	"""whipped cream"""	"""chocolate"""	"""left"""	"""right"""	"0.556"	"2"	"0"	"1"	"1"	"0"	"1"	"""2"""	"""1"""	"""TRUE"""	"""logical"""	"""FALSE"""	"-1"	"-1"	"-1"	"-1"	"-1"	"-1"	"""Ice Cream"""	""""""	"""18"""	"""m"""	"1"	"1"
"What is he talking about? (1-2 mins)"	"Short and fun! A 1-2 minute word game about what someone is talking about."	"experiment, psychology, game"	"$0.20"	"Wed Feb 26 12:59:11 PST 2014"	"400"	"0"	"0"	"400"	"Reviewable"	"NotReviewed"	"1 scales"	"600"	"60000"	"Wed Mar 05 12:59:11 PST 2014"	"S66465"	"Approved"	""	"""boat"""	"""cabin"""	"""sail"""	"""motor"""	"""left"""	"""right"""	"0.556"	"2"	"0"	"1"	"1"	"0"	"1"	"""8"""	"""3"""	"""FALSE"""	"""target"""	"""TRUE"""	"-1"	"-1"	"-1"	"-1"	"-1"	"-1"	"""Boats"""	"""No"""	"""38"""	"""m"""	"1"	"1"
"What is he talking about? (1-2 mins)"	"Short and fun! A 1-2 minute word game about what someone is talking about."	"experiment, psychology, game"	"$0.20"	"Wed Feb 26 12:59:11 PST 2014"	"400"	"0"	"0"	"400"	"Reviewable"	"NotReviewed"	"1 scales"	"600"	"60000"	"Wed Mar 05 12:59:11 PST 2014"	"S22895"	"Approved"	""	"""sundae"""	"""chocolate"""	"""whipped cream"""	"""cherry"""	"""right"""	"""left"""	"0.778"	"3"	"0"	"1"	"1"	"0"	"1"	"""2"""	"""1"""	"""FALSE"""	"""logical"""	"""FALSE"""	"-1"	"-1"	"-1"	"-1"	"-1"	"-1"	"""i dont know"""	"""no"""	"""28"""	"""male"""	"1"	"1"
"What is he talking about? (1-2 mins)"	"Short and fun! A 1-2 minute word game about what someone is talking about."	"experiment, psychology, game"	"$0.20"	"Wed Feb 26 12:59:11 PST 2014"	"400"	"0"	"0"	"400"	"Reviewable"	"NotReviewed"	"1 scales"	"600"	"60000"	"Wed Mar 05 12:59:11 PST 2014"	"S84629"	"Approved"	""	"""friend"""	"""hat"""	"""mustache"""	"""glasses"""	"""middle"""	"""right"""	"0.778"	"3"	"0"	"1"	"1"	"0"	"1"	"""2"""	"""1"""	"""TRUE"""	"""target"""	"""TRUE"""	"-1"	"-1"	"-1"	"-1"	"-1"	"-1"	"""It was about interpreting what someone was saying, given limited information."""	"""Thanks."""	"""35"""	"""f"""	"1"	"1"
"What is he talking about? (1-2 mins)"	"Short and fun! A 1-2 minute word game about what someone is talking about."	"experiment, psychology, game"	"$0.20"	"Wed Feb 26 12:59:11 PST 2014"	"400"	"0"	"0"	"400"	"Reviewable"	"NotReviewed"	"1 scales"	"600"	"60000"	"Wed Mar 05 12:59:11 PST 2014"	"S52306"	"Approved"	""	"""boat"""	"""sail"""	"""motor"""	"""cabin"""	"""middle"""	"""right"""	"0.11"	"0"	"0"	"1"	"1"	"0"	"1"	"""8"""	"""7"""	"""TRUE"""	"""logical"""	"""FALSE"""	"-1"	"-1"	"-1"	"-1"	"-1"	"-1"	"""He likes to sail, which did he choose?"""	"""N/A"""	"""27"""	"""m"""	"1"	"1"
"What is he talking about? (1-2 mins)"	"Short and fun! A 1-2 minute word game about what someone is talking about."	"experiment, psychology, game"	"$0.20"	"Wed Feb 26 12:59:11 PST 2014"	"400"	"0"	"0"	"400"	"Reviewable"	"NotReviewed"	"1 scales"	"600"	"60000"	"Wed Mar 05 12:59:11 PST 2014"	"S28891"	"Approved"	""	"""boat"""	"""sail"""	"""cabin"""	"""motor"""	"""middle"""	"""right"""	"0.11"	"0"	"0"	"1"	"1"	"0"	"1"	"""8"""	"""9"""	"""TRUE"""	"""target"""	"""TRUE"""	"-1"	"-1"	"-1"	"-1"	"-1"	"-1"	"""No idea"""	""""""	"""26"""	"""m"""	"1"	"1"
"What is he talking about? (1-2 mins)"	"Short and fun! A 1-2 minute word game about what someone is talking about."	"experiment, psychology, game"	"$0.20"	"Wed Feb 26 12:59:11 PST 2014"	"400"	"0"	"0"	"400"	"Reviewable"	"NotReviewed"	"1 scales"	"600"	"60000"	"Wed Mar 05 12:59:11 PST 2014"	"S74837"	"Approved"	""	"""snowman"""	"""hat"""	"""scarf"""	"""mittens"""	"""middle"""	"""left"""	"0.33"	"1"	"0"	"1"	"1"	"0"	"1"	"""4"""	"""4"""	"""TRUE"""	"""target"""	"""TRUE"""	"-1"	"-1"	"-1"	"-1"	"-1"	"-1"	"""remembering"""	"""No"""	"""18"""	"""m"""	"1"	"1"
"What is he talking about? (1-2 mins)"	"Short and fun! A 1-2 minute word game about what someone is talking about."	"experiment, psychology, game"	"$0.20"	"Wed Feb 26 12:59:11 PST 2014"	"400"	"0"	"0"	"400"	"Reviewable"	"NotReviewed"	"1 scales"	"600"	"60000"	"Wed Mar 05 12:59:11 PST 2014"	"S19209"	"Approved"	""	"""snowman"""	"""mittens"""	"""scarf"""	"""hat"""	"""middle"""	"""right"""	"0.778"	"3"	"0"	"1"	"1"	"0"	"1"	"""2"""	"""1"""	"""TRUE"""	"""logical"""	"""FALSE"""	"-1"	"-1"	"-1"	"-1"	"-1"	"-1"	"""bob and his snowmen"""	"""thanks"""	"""29"""	"""m"""	"1"	"1"
"What is he talking about? (1-2 mins)"	"Short and fun! A 1-2 minute word game about what someone is talking about."	"experiment, psychology, game"	"$0.20"	"Wed Feb 26 12:59:11 PST 2014"	"400"	"0"	"0"	"400"	"Reviewable"	"NotReviewed"	"1 scales"	"600"	"60000"	"Wed Mar 05 12:59:11 PST 2014"	"S16061"	"Approved"	""	"""snowman"""	"""hat"""	"""mittens"""	"""scarf"""	"""middle"""	"""left"""	"0.556"	"2"	"0"	"1"	"1"	"0"	"1"	"""2"""	"""1"""	"""FALSE"""	"""target"""	"""TRUE"""	"-1"	"-1"	"-1"	"-1"	"-1"	"-1"	"""Joe and his love for snowmen"""	"""No"""	"""43"""	"""f"""	"1"	"1"
"What is he talking about? (1-2 mins)"	"Short and fun! A 1-2 minute word game about what someone is talking about."	"experiment, psychology, game"	"$0.20"	"Wed Feb 26 12:59:11 PST 2014"	"400"	"0"	"0"	"400"	"Reviewable"	"NotReviewed"	"1 scales"	"600"	"60000"	"Wed Mar 05 12:59:11 PST 2014"	"S32239"	"Approved"	""	"""snowman"""	"""mittens"""	"""hat"""	"""scarf"""	"""right"""	"""middle"""	"0.11"	"0"	"0"	"1"	"1"	"0"	"1"	"""2"""	"""1"""	"""TRUE"""	"""logical"""	"""FALSE"""	"-1"	"-1"	"-1"	"-1"	"-1"	"-1"	"""This survey was about understanding the snowmen Bob decorated, and inferring what he was going to create next based on limited information."""	"""No other comments."""	"""29"""	"""f"""	"1"	"1"
"What is he talking about? (1-2 mins)"	"Short and fun! A 1-2 minute word game about what someone is talking about."	"experiment, psychology, game"	"$0.20"	"Wed Feb 26 12:59:11 PST 2014"	"400"	"0"	"0"	"400"	"Reviewable"	"NotReviewed"	"1 scales"	"600"	"60000"	"Wed Mar 05 12:59:11 PST 2014"	"S55066"	"Approved"	""	"""friend"""	"""mustache"""	"""hat"""	"""glasses"""	"""left"""	"""middle"""	"0.33"	"1"	"0"	"1"	"1"	"0"	"1"	"""8"""	"""5"""	"""TRUE"""	"""logical"""	"""FALSE"""	"-1"	"-1"	"-1"	"-1"	"-1"	"-1"	"""to study people"""	"""no comments"""	"""35"""	"""m"""	"1"	"1"
"What is he talking about? (1-2 mins)"	"Short and fun! A 1-2 minute word game about what someone is talking about."	"experiment, psychology, game"	"$0.20"	"Wed Feb 26 12:59:11 PST 2014"	"400"	"0"	"0"	"400"	"Reviewable"	"NotReviewed"	"1 scales"	"600"	"60000"	"Wed Mar 05 12:59:11 PST 2014"	"S65911"	"Approved"	""	"""sundae"""	"""chocolate"""	"""whipped cream"""	"""cherry"""	"""middle"""	"""left"""	"0.778"	"3"	"0"	"1"	"1"	"0"	"1"	"""5"""	"""1"""	"""TRUE"""	"""logical"""	"""FALSE"""	"-1"	"-1"	"-1"	"-1"	"-1"	"-1"	"""what type of sundae bob ate"""	"""no"""	""""""	"""m"""	"1"	"1"
"What is he talking about? (1-2 mins)"	"Short and fun! A 1-2 minute word game about what someone is talking about."	"experiment, psychology, game"	"$0.20"	"Wed Feb 26 12:59:11 PST 2014"	"400"	"0"	"0"	"400"	"Reviewable"	"NotReviewed"	"1 scales"	"600"	"60000"	"Wed Mar 05 12:59:11 PST 2014"	"S11575"	"Approved"	""	"""boat"""	"""sail"""	"""motor"""	"""cabin"""	"""right"""	"""left"""	"0.778"	"3"	"0"	"1"	"1"	"0"	"1"	"""2"""	"""1"""	"""TRUE"""	"""target"""	"""TRUE"""	"-1"	"-1"	"-1"	"-1"	"-1"	"-1"	"""Figuring out what Bob said."""	""""""	"""22"""	"""f"""	"1"	"1"
"What is he talking about? (1-2 mins)"	"Short and fun! A 1-2 minute word game about what someone is talking about."	"experiment, psychology, game"	"$0.20"	"Wed Feb 26 12:59:11 PST 2014"	"400"	"0"	"0"	"400"	"Reviewable"	"NotReviewed"	"1 scales"	"600"	"60000"	"Wed Mar 05 12:59:11 PST 2014"	"S89603"	"Approved"	""	"""friend"""	"""hat"""	"""mustache"""	"""glasses"""	"""right"""	"""left"""	"0.11"	"0"	"0"	"1"	"1"	"0"	"1"	"""2"""	"""1"""	"""TRUE"""	"""logical"""	"""FALSE"""	"-1"	"-1"	"-1"	"-1"	"-1"	"-1"	"""Choosing friends"""	""""""	"""27"""	"""m"""	"1"	"1"
"What is he talking about? (1-2 mins)"	"Short and fun! A 1-2 minute word game about what someone is talking about."	"experiment, psychology, game"	"$0.20"	"Wed Feb 26 12:59:11 PST 2014"	"400"	"0"	"0"	"400"	"Reviewable"	"NotReviewed"	"1 scales"	"600"	"60000"	"Wed Mar 05 12:59:11 PST 2014"	"S47264"	"Approved"	""	"""boat"""	"""cabin"""	"""sail"""	"""motor"""	"""middle"""	"""right"""	"0.778"	"3"	"0"	"1"	"1"	"0"	"1"	"""2"""	"""1"""	"""TRUE"""	"""logical"""	"""FALSE"""	"-1"	"-1"	"-1"	"-1"	"-1"	"-1"	"""bob sails boats"""	"""nice one"""	"""25"""	"""male"""	"1"	"1"
"What is he talking about? (1-2 mins)"	"Short and fun! A 1-2 minute word game about what someone is talking about."	"experiment, psychology, game"	"$0.20"	"Wed Feb 26 12:59:11 PST 2014"	"400"	"0"	"0"	"400"	"Reviewable"	"NotReviewed"	"1 scales"	"600"	"60000"	"Wed Mar 05 12:59:11 PST 2014"	"S66932"	"Approved"	""	"""pizza"""	"""olives"""	"""peppers"""	"""mushrooms"""	"""left"""	"""right"""	"0.11"	"0"	"0"	"1"	"1"	"0"	"1"	"""8"""	"""7"""	"""FALSE"""	"""logical"""	"""FALSE"""	"-1"	"-1"	"-1"	"-1"	"-1"	"-1"	"""Pizza"""	"""None"""	"""32"""	"""m"""	"1"	"1"
"What is he talking about? (1-2 mins)"	"Short and fun! A 1-2 minute word game about what someone is talking about."	"experiment, psychology, game"	"$0.20"	"Wed Feb 26 12:59:11 PST 2014"	"400"	"0"	"0"	"400"	"Reviewable"	"NotReviewed"	"1 scales"	"600"	"60000"	"Wed Mar 05 12:59:11 PST 2014"	"S54469"	"Approved"	""	"""pizza"""	"""olives"""	"""mushrooms"""	"""peppers"""	"""left"""	"""middle"""	"0.556"	"2"	"0"	"1"	"1"	"0"	"1"	"""0"""	"""3"""	"""TRUE"""	"""foil"""	"""FALSE"""	"-1"	"-1"	"-1"	"-1"	"-1"	"-1"	"""Pizza"""	""""""	"""28"""	"""M"""	"1"	"1"
"What is he talking about? (1-2 mins)"	"Short and fun! A 1-2 minute word game about what someone is talking about."	"experiment, psychology, game"	"$0.20"	"Wed Feb 26 12:59:11 PST 2014"	"400"	"0"	"0"	"400"	"Reviewable"	"NotReviewed"	"1 scales"	"600"	"60000"	"Wed Mar 05 12:59:11 PST 2014"	"S06790"	"Approved"	""	"""friend"""	"""mustache"""	"""glasses"""	"""hat"""	"""middle"""	"""left"""	"0.556"	"2"	"0"	"1"	"1"	"0"	"1"	"""1"""	"""1"""	"""FALSE"""	"""foil"""	"""FALSE"""	"-1"	"-1"	"-1"	"-1"	"-1"	"-1"	"""What people think about actions"""	""""""	"""25"""	"""m"""	"1"	"1"
"What is he talking about? (1-2 mins)"	"Short and fun! A 1-2 minute word game about what someone is talking about."	"experiment, psychology, game"	"$0.20"	"Wed Feb 26 12:59:11 PST 2014"	"400"	"0"	"0"	"400"	"Reviewable"	"NotReviewed"	"1 scales"	"600"	"60000"	"Wed Mar 05 12:59:11 PST 2014"	"S62305"	"Approved"	""	"""friend"""	"""glasses"""	"""mustache"""	"""hat"""	"""left"""	"""right"""	"0.556"	"2"	"0"	"1"	"1"	"0"	"1"	"""2"""	"""1"""	"""TRUE"""	"""logical"""	"""FALSE"""	"-1"	"-1"	"-1"	"-1"	"-1"	"-1"	"""Guessing what a person is talking about with limited information"""	""""""	"""25"""	"""f"""	"1"	"1"
"What is he talking about? (1-2 mins)"	"Short and fun! A 1-2 minute word game about what someone is talking about."	"experiment, psychology, game"	"$0.20"	"Wed Feb 26 12:59:11 PST 2014"	"400"	"0"	"0"	"400"	"Reviewable"	"NotReviewed"	"1 scales"	"600"	"60000"	"Wed Mar 05 12:59:11 PST 2014"	"S69296"	"Approved"	""	"""sundae"""	"""cherry"""	"""whipped cream"""	"""chocolate"""	"""right"""	"""left"""	"0.556"	"2"	"0"	"1"	"1"	"0"	"1"	"""2"""	"""1"""	"""TRUE"""	"""logical"""	"""FALSE"""	"-1"	"-1"	"-1"	"-1"	"-1"	"-1"	"""Sundaes that Bob has eaten"""	""""""	"""29"""	"""m"""	"1"	"1"
"What is he talking about? (1-2 mins)"	"Short and fun! A 1-2 minute word game about what someone is talking about."	"experiment, psychology, game"	"$0.20"	"Wed Feb 26 12:59:11 PST 2014"	"400"	"0"	"0"	"400"	"Reviewable"	"NotReviewed"	"1 scales"	"600"	"60000"	"Wed Mar 05 12:59:11 PST 2014"	"S23026"	"Approved"	""	"""sundae"""	"""chocolate"""	"""cherry"""	"""whipped cream"""	"""middle"""	"""left"""	"0.33"	"1"	"0"	"1"	"1"	"0"	"1"	"""3"""	"""6"""	"""FALSE"""	"""target"""	"""TRUE"""	"-1"	"-1"	"-1"	"-1"	"-1"	"-1"	"""what types of sundays joe likes to eat and how often he eats them"""	""""""	"""27"""	"""f"""	"1"	"1"
"What is he talking about? (1-2 mins)"	"Short and fun! A 1-2 minute word game about what someone is talking about."	"experiment, psychology, game"	"$0.20"	"Wed Feb 26 12:59:11 PST 2014"	"400"	"0"	"0"	"400"	"Reviewable"	"NotReviewed"	"1 scales"	"600"	"60000"	"Wed Mar 05 12:59:11 PST 2014"	"S76074"	"Approved"	""	"""snowman"""	"""hat"""	"""mittens"""	"""scarf"""	"""right"""	"""left"""	"0.778"	"3"	"0"	"1"	"1"	"0"	"1"	"""2"""	"""1"""	"""FALSE"""	"""logical"""	"""FALSE"""	"-1"	"-1"	"-1"	"-1"	"-1"	"-1"	"""snowmen"""	"""none"""	"""32"""	"""m"""	"1"	"1"
"What is he talking about? (1-2 mins)"	"Short and fun! A 1-2 minute word game about what someone is talking about."	"experiment, psychology, game"	"$0.20"	"Wed Feb 26 12:59:11 PST 2014"	"400"	"0"	"0"	"400"	"Reviewable"	"NotReviewed"	"1 scales"	"600"	"60000"	"Wed Mar 05 12:59:11 PST 2014"	"S46838"	"Approved"	""	"""pizza"""	"""olives"""	"""peppers"""	"""mushrooms"""	"""left"""	"""right"""	"0.778"	"3"	"0"	"1"	"1"	"0"	"1"	"""7"""	"""2"""	"""TRUE"""	"""target"""	"""TRUE"""	"-1"	"-1"	"-1"	"-1"	"-1"	"-1"	"""memory"""	""""""	"""21"""	"""m"""	"1"	"1"
"What is he talking about? (1-2 mins)"	"Short and fun! A 1-2 minute word game about what someone is talking about."	"experiment, psychology, game"	"$0.20"	"Wed Feb 26 12:59:11 PST 2014"	"400"	"0"	"0"	"400"	"Reviewable"	"NotReviewed"	"1 scales"	"600"	"60000"	"Wed Mar 05 12:59:11 PST 2014"	"S58384"	"Approved"	""	"""Christmas tree"""	"""star"""	"""lights"""	"""ornaments"""	"""left"""	"""right"""	"0.556"	"2"	"0"	"1"	"1"	"0"	"1"	"""8"""	"""3"""	"""TRUE"""	"""target"""	"""TRUE"""	"-1"	"-1"	"-1"	"-1"	"-1"	"-1"	"""christmas trees"""	"""no"""	""""""	"""m"""	"1"	"1"
"What is he talking about? (1-2 mins)"	"Short and fun! A 1-2 minute word game about what someone is talking about."	"experiment, psychology, game"	"$0.20"	"Wed Feb 26 12:59:11 PST 2014"	"400"	"0"	"0"	"400"	"Reviewable"	"NotReviewed"	"1 scales"	"600"	"60000"	"Wed Mar 05 12:59:11 PST 2014"	"S42497"	"Approved"	""	"""Christmas tree"""	"""lights"""	"""ornaments"""	"""star"""	"""left"""	"""right"""	"0.556"	"2"	"0"	"1"	"1"	"0"	"1"	"""5"""	"""8"""	"""TRUE"""	"""logical"""	"""FALSE"""	"-1"	"-1"	"-1"	"-1"	"-1"	"-1"	"""Christmas trees and Bob's swork"""	""""""	"""23"""	"""m"""	"1"	"1"
"What is he talking about? (1-2 mins)"	"Short and fun! A 1-2 minute word game about what someone is talking about."	"experiment, psychology, game"	"$0.20"	"Wed Feb 26 12:59:11 PST 2014"	"400"	"0"	"0"	"400"	"Reviewable"	"NotReviewed"	"1 scales"	"600"	"60000"	"Wed Mar 05 12:59:11 PST 2014"	"S23352"	"Approved"	""	"""boat"""	"""motor"""	"""cabin"""	"""sail"""	"""right"""	"""left"""	"0.11"	"0"	"0"	"1"	"1"	"0"	"1"	"""2"""	"""1"""	"""TRUE"""	"""logical"""	"""FALSE"""	"-1"	"-1"	"-1"	"-1"	"-1"	"-1"	"""How people interpret patterns"""	""""""	"""22"""	"""m"""	"1"	"1"
"What is he talking about? (1-2 mins)"	"Short and fun! A 1-2 minute word game about what someone is talking about."	"experiment, psychology, game"	"$0.20"	"Wed Feb 26 12:59:11 PST 2014"	"400"	"0"	"0"	"400"	"Reviewable"	"NotReviewed"	"1 scales"	"600"	"60000"	"Wed Mar 05 12:59:11 PST 2014"	"S85599"	"Approved"	""	"""boat"""	"""cabin"""	"""motor"""	"""sail"""	"""right"""	"""left"""	"0.556"	"2"	"0"	"1"	"1"	"0"	"1"	"""8"""	"""4"""	"""TRUE"""	"""target"""	"""TRUE"""	"-1"	"-1"	"-1"	"-1"	"-1"	"-1"	"""Language and pre-cognition"""	"""No"""	"""40"""	"""Male"""	"1"	"1"
"What is he talking about? (1-2 mins)"	"Short and fun! A 1-2 minute word game about what someone is talking about."	"experiment, psychology, game"	"$0.20"	"Wed Feb 26 12:59:11 PST 2014"	"400"	"0"	"0"	"400"	"Reviewable"	"NotReviewed"	"1 scales"	"600"	"60000"	"Wed Mar 05 12:59:11 PST 2014"	"S16520"	"Approved"	""	"""sundae"""	"""whipped cream"""	"""cherry"""	"""chocolate"""	"""right"""	"""left"""	"0.556"	"2"	"0"	"1"	"1"	"0"	"1"	"""2"""	"""1"""	"""TRUE"""	"""target"""	"""TRUE"""	"-1"	"-1"	"-1"	"-1"	"-1"	"-1"	"""Memory, possibly patterns?"""	"""I liked it. Though I think it went way over my head. You Academic types!"""	"""41"""	"""m"""	"1"	"1"
"What is he talking about? (1-2 mins)"	"Short and fun! A 1-2 minute word game about what someone is talking about."	"experiment, psychology, game"	"$0.20"	"Wed Feb 26 12:59:11 PST 2014"	"400"	"0"	"0"	"400"	"Reviewable"	"NotReviewed"	"1 scales"	"600"	"60000"	"Wed Mar 05 12:59:11 PST 2014"	"S50315"	"Approved"	""	"""sundae"""	"""whipped cream"""	"""chocolate"""	"""cherry"""	"""left"""	"""right"""	"0.33"	"1"	"0"	"1"	"1"	"0"	"1"	"""6"""	"""5"""	"""TRUE"""	"""foil"""	"""FALSE"""	"-1"	"-1"	"-1"	"-1"	"-1"	"-1"	"""Sundays"""	""""""	"""42"""	"""m"""	"1"	"1"
"What is he talking about? (1-2 mins)"	"Short and fun! A 1-2 minute word game about what someone is talking about."	"experiment, psychology, game"	"$0.20"	"Wed Feb 26 12:59:11 PST 2014"	"400"	"0"	"0"	"400"	"Reviewable"	"NotReviewed"	"1 scales"	"600"	"60000"	"Wed Mar 05 12:59:11 PST 2014"	"S80906"	"Approved"	""	"""boat"""	"""cabin"""	"""motor"""	"""sail"""	"""right"""	"""middle"""	"0.33"	"1"	"0"	"1"	"1"	"0"	"1"	"""2"""	"""1"""	"""TRUE"""	"""logical"""	"""FALSE"""	"-1"	"-1"	"-1"	"-1"	"-1"	"-1"	"""Bob renting boats"""	""""""	"""23"""	"""F"""	"1"	"1"
"What is he talking about? (1-2 mins)"	"Short and fun! A 1-2 minute word game about what someone is talking about."	"experiment, psychology, game"	"$0.20"	"Wed Feb 26 12:59:11 PST 2014"	"400"	"0"	"0"	"400"	"Reviewable"	"NotReviewed"	"1 scales"	"600"	"60000"	"Wed Mar 05 12:59:11 PST 2014"	"S70356"	"Approved"	""	"""Christmas tree"""	"""ornaments"""	"""star"""	"""lights"""	"""right"""	"""middle"""	"0.11"	"0"	"0"	"1"	"1"	"0"	"1"	"""8"""	"""1"""	"""TRUE"""	"""target"""	"""TRUE"""	"-1"	"-1"	"-1"	"-1"	"-1"	"-1"	"""Memory"""	""""""	"""20"""	"""m"""	"1"	"1"
"What is he talking about? (1-2 mins)"	"Short and fun! A 1-2 minute word game about what someone is talking about."	"experiment, psychology, game"	"$0.20"	"Wed Feb 26 12:59:11 PST 2014"	"400"	"0"	"0"	"400"	"Reviewable"	"NotReviewed"	"1 scales"	"600"	"60000"	"Wed Mar 05 12:59:11 PST 2014"	"S47037"	"Approved"	""	"""pizza"""	"""olives"""	"""peppers"""	"""mushrooms"""	"""left"""	"""middle"""	"0.556"	"2"	"0"	"1"	"1"	"0"	"1"	"""2"""	"""1"""	"""FALSE"""	"""target"""	"""TRUE"""	"-1"	"-1"	"-1"	"-1"	"-1"	"-1"	"""To see how you would react to having to make a choice with little information to go on."""	""""""	"""31"""	"""m"""	"1"	"1"
"What is he talking about? (1-2 mins)"	"Short and fun! A 1-2 minute word game about what someone is talking about."	"experiment, psychology, game"	"$0.20"	"Wed Feb 26 12:59:11 PST 2014"	"400"	"0"	"0"	"400"	"Reviewable"	"NotReviewed"	"1 scales"	"600"	"60000"	"Wed Mar 05 12:59:11 PST 2014"	"S34102"	"Approved"	""	"""sundae"""	"""cherry"""	"""whipped cream"""	"""chocolate"""	"""right"""	"""left"""	"0.33"	"1"	"0"	"1"	"1"	"0"	"1"	"""2"""	"""1"""	"""TRUE"""	"""logical"""	"""FALSE"""	"-1"	"-1"	"-1"	"-1"	"-1"	"-1"	"""Sundaes-which does Bob want?"""	"""thanks, now I want a sundae"""	"""32"""	"""f"""	"1"	"1"
"What is he talking about? (1-2 mins)"	"Short and fun! A 1-2 minute word game about what someone is talking about."	"experiment, psychology, game"	"$0.20"	"Wed Feb 26 12:59:11 PST 2014"	"400"	"0"	"0"	"400"	"Reviewable"	"NotReviewed"	"1 scales"	"600"	"60000"	"Wed Mar 05 12:59:11 PST 2014"	"S84298"	"Approved"	""	"""sundae"""	"""chocolate"""	"""cherry"""	"""whipped cream"""	"""left"""	"""middle"""	"0.778"	"3"	"0"	"1"	"1"	"0"	"1"	"""2"""	"""1"""	"""TRUE"""	"""target"""	"""TRUE"""	"-1"	"-1"	"-1"	"-1"	"-1"	"-1"	"""sundaes"""	""""""	"""34"""	"""f"""	"1"	"1"
"What is he talking about? (1-2 mins)"	"Short and fun! A 1-2 minute word game about what someone is talking about."	"experiment, psychology, game"	"$0.20"	"Wed Feb 26 12:59:11 PST 2014"	"400"	"0"	"0"	"400"	"Reviewable"	"NotReviewed"	"1 scales"	"600"	"60000"	"Wed Mar 05 12:59:11 PST 2014"	"S27244"	"Approved"	""	"""friend"""	"""hat"""	"""glasses"""	"""mustache"""	"""left"""	"""right"""	"0.556"	"2"	"0"	"1"	"1"	"0"	"1"	"""2"""	"""1"""	"""TRUE"""	"""target"""	"""TRUE"""	"-1"	"-1"	"-1"	"-1"	"-1"	"-1"	"""Him meeting friend"""	""""""	"""31"""	"""m"""	"1"	"1"
"What is he talking about? (1-2 mins)"	"Short and fun! A 1-2 minute word game about what someone is talking about."	"experiment, psychology, game"	"$0.20"	"Wed Feb 26 12:59:11 PST 2014"	"400"	"0"	"0"	"400"	"Reviewable"	"NotReviewed"	"1 scales"	"600"	"60000"	"Wed Mar 05 12:59:11 PST 2014"	"S99316"	"Approved"	""	"""pizza"""	"""olives"""	"""mushrooms"""	"""peppers"""	"""left"""	"""right"""	"0.778"	"3"	"0"	"1"	"1"	"0"	"1"	"""9"""	"""1"""	"""TRUE"""	"""target"""	"""TRUE"""	"-1"	"-1"	"-1"	"-1"	"-1"	"-1"	"""Bob being obsessed with pizza."""	"""seriously, that's way too much pizza. bob's gonna die. """	"""23"""	"""f"""	"1"	"1"
"What is he talking about? (1-2 mins)"	"Short and fun! A 1-2 minute word game about what someone is talking about."	"experiment, psychology, game"	"$0.20"	"Wed Feb 26 12:59:11 PST 2014"	"400"	"0"	"0"	"400"	"Reviewable"	"NotReviewed"	"1 scales"	"600"	"60000"	"Wed Mar 05 12:59:11 PST 2014"	"S19071"	"Approved"	""	"""Christmas tree"""	"""ornaments"""	"""lights"""	"""star"""	"""right"""	"""middle"""	"0.778"	"3"	"0"	"1"	"1"	"0"	"1"	"""7"""	"""1"""	"""TRUE"""	"""target"""	"""TRUE"""	"-1"	"-1"	"-1"	"-1"	"-1"	"-1"	"""trimming christmas trees"""	"""no! haha"""	"""34"""	"""male"""	"1"	"1"
"What is he talking about? (1-2 mins)"	"Short and fun! A 1-2 minute word game about what someone is talking about."	"experiment, psychology, game"	"$0.20"	"Wed Feb 26 12:59:11 PST 2014"	"400"	"0"	"0"	"400"	"Reviewable"	"NotReviewed"	"1 scales"	"600"	"60000"	"Wed Mar 05 12:59:11 PST 2014"	"S13501"	"Approved"	""	"""sundae"""	"""chocolate"""	"""cherry"""	"""whipped cream"""	"""middle"""	"""left"""	"0.778"	"3"	"0"	"1"	"1"	"0"	"1"	"""7"""	"""1"""	"""TRUE"""	"""target"""	"""TRUE"""	"-1"	"-1"	"-1"	"-1"	"-1"	"-1"	"""Bob's sundaes"""	"""Nope"""	"""47"""	"""female"""	"1"	"1"
"What is he talking about? (1-2 mins)"	"Short and fun! A 1-2 minute word game about what someone is talking about."	"experiment, psychology, game"	"$0.20"	"Wed Feb 26 12:59:11 PST 2014"	"400"	"0"	"0"	"400"	"Reviewable"	"NotReviewed"	"1 scales"	"600"	"60000"	"Wed Mar 05 12:59:11 PST 2014"	"S64324"	"Approved"	""	"""snowman"""	"""mittens"""	"""hat"""	"""scarf"""	"""left"""	"""right"""	"0.33"	"1"	"0"	"1"	"1"	"0"	"1"	"""2"""	"""1"""	"""TRUE"""	"""logical"""	"""FALSE"""	"-1"	"-1"	"-1"	"-1"	"-1"	"-1"	"""making guesses based upon past actions"""	""""""	"""51"""	"""f"""	"1"	"1"
"What is he talking about? (1-2 mins)"	"Short and fun! A 1-2 minute word game about what someone is talking about."	"experiment, psychology, game"	"$0.20"	"Wed Feb 26 12:59:11 PST 2014"	"400"	"0"	"0"	"400"	"Reviewable"	"NotReviewed"	"1 scales"	"600"	"60000"	"Wed Mar 05 12:59:11 PST 2014"	"S16945"	"Approved"	""	"""snowman"""	"""scarf"""	"""hat"""	"""mittens"""	"""left"""	"""right"""	"0.556"	"2"	"0"	"1"	"1"	"0"	"1"	"""3"""	"""5"""	"""FALSE"""	"""foil"""	"""FALSE"""	"-1"	"-1"	"-1"	"-1"	"-1"	"-1"	"""Snowmans """	""""""	""""""	"""Male"""	"1"	"1"
"What is he talking about? (1-2 mins)"	"Short and fun! A 1-2 minute word game about what someone is talking about."	"experiment, psychology, game"	"$0.20"	"Wed Feb 26 12:59:11 PST 2014"	"400"	"0"	"0"	"400"	"Reviewable"	"NotReviewed"	"1 scales"	"600"	"60000"	"Wed Mar 05 12:59:11 PST 2014"	"S36088"	"Approved"	""	"""pizza"""	"""olives"""	"""mushrooms"""	"""peppers"""	"""middle"""	"""right"""	"0.778"	"3"	"0"	"1"	"1"	"0"	"1"	"""8"""	"""1"""	"""TRUE"""	"""foil"""	"""FALSE"""	"-1"	"-1"	"-1"	"-1"	"-1"	"-1"	"""Recongizition"""	""""""	"""34"""	"""f"""	"1"	"1"
"What is he talking about? (1-2 mins)"	"Short and fun! A 1-2 minute word game about what someone is talking about."	"experiment, psychology, game"	"$0.20"	"Wed Feb 26 12:59:11 PST 2014"	"400"	"0"	"0"	"400"	"Reviewable"	"NotReviewed"	"1 scales"	"600"	"60000"	"Wed Mar 05 12:59:11 PST 2014"	"S57611"	"Approved"	""	"""boat"""	"""motor"""	"""sail"""	"""cabin"""	"""right"""	"""middle"""	"0.33"	"1"	"0"	"1"	"1"	"0"	"1"	"""2"""	"""1"""	"""TRUE"""	"""logical"""	"""FALSE"""	"-1"	"-1"	"-1"	"-1"	"-1"	"-1"	"""How people interpret unclear communication"""	"""Very interesting study!"""	"""32"""	"""m"""	"1"	"1"
"What is he talking about? (1-2 mins)"	"Short and fun! A 1-2 minute word game about what someone is talking about."	"experiment, psychology, game"	"$0.20"	"Wed Feb 26 12:59:11 PST 2014"	"400"	"0"	"0"	"400"	"Reviewable"	"NotReviewed"	"1 scales"	"600"	"60000"	"Wed Mar 05 12:59:11 PST 2014"	"S82318"	"Approved"	""	"""snowman"""	"""scarf"""	"""hat"""	"""mittens"""	"""middle"""	"""right"""	"0.11"	"0"	"0"	"1"	"1"	"0"	"1"	"""2"""	"""1"""	"""TRUE"""	"""target"""	"""TRUE"""	"-1"	"-1"	"-1"	"-1"	"-1"	"-1"	"""Choosing items"""	""""""	""""""	"""m"""	"1"	"1"
"What is he talking about? (1-2 mins)"	"Short and fun! A 1-2 minute word game about what someone is talking about."	"experiment, psychology, game"	"$0.20"	"Wed Feb 26 12:59:11 PST 2014"	"400"	"0"	"0"	"400"	"Reviewable"	"NotReviewed"	"1 scales"	"600"	"60000"	"Wed Mar 05 12:59:11 PST 2014"	"S11392"	"Approved"	""	"""boat"""	"""motor"""	"""sail"""	"""cabin"""	"""right"""	"""middle"""	"0.556"	"2"	"0"	"1"	"1"	"0"	"1"	"""8"""	"""4"""	"""TRUE"""	"""foil"""	"""FALSE"""	"-1"	"-1"	"-1"	"-1"	"-1"	"-1"	"""I am not sure"""	""""""	""""""	""""""	"1"	"1"
"What is he talking about? (1-2 mins)"	"Short and fun! A 1-2 minute word game about what someone is talking about."	"experiment, psychology, game"	"$0.20"	"Wed Feb 26 12:59:11 PST 2014"	"400"	"0"	"0"	"400"	"Reviewable"	"NotReviewed"	"1 scales"	"600"	"60000"	"Wed Mar 05 12:59:11 PST 2014"	"S60683"	"Approved"	""	"""pizza"""	"""mushrooms"""	"""peppers"""	"""olives"""	"""right"""	"""left"""	"0.778"	"3"	"0"	"1"	"1"	"0"	"1"	"""2"""	"""1"""	"""TRUE"""	"""logical"""	"""FALSE"""	"-1"	"-1"	"-1"	"-1"	"-1"	"-1"	"""Logic"""	""""""	"""19"""	"""m"""	"1"	"1"
"What is he talking about? (1-2 mins)"	"Short and fun! A 1-2 minute word game about what someone is talking about."	"experiment, psychology, game"	"$0.20"	"Wed Feb 26 12:59:11 PST 2014"	"400"	"0"	"0"	"400"	"Reviewable"	"NotReviewed"	"1 scales"	"600"	"60000"	"Wed Mar 05 12:59:11 PST 2014"	"S29071"	"Approved"	""	"""boat"""	"""sail"""	"""motor"""	"""cabin"""	"""middle"""	"""left"""	"0.778"	"3"	"0"	"1"	"1"	"0"	"1"	"""2"""	"""1"""	"""TRUE"""	"""target"""	"""TRUE"""	"-1"	"-1"	"-1"	"-1"	"-1"	"-1"	"""Sailboats"""	""""""	"""22"""	"""f"""	"1"	"1"
"What is he talking about? (1-2 mins)"	"Short and fun! A 1-2 minute word game about what someone is talking about."	"experiment, psychology, game"	"$0.20"	"Wed Feb 26 12:59:11 PST 2014"	"400"	"0"	"0"	"400"	"Reviewable"	"NotReviewed"	"1 scales"	"600"	"60000"	"Wed Mar 05 12:59:11 PST 2014"	"S94016"	"Approved"	""	"""friend"""	"""hat"""	"""mustache"""	"""glasses"""	"""middle"""	"""left"""	"0.33"	"1"	"0"	"1"	"1"	"0"	"1"	"""2"""	"""1"""	"""TRUE"""	"""logical"""	"""FALSE"""	"-1"	"-1"	"-1"	"-1"	"-1"	"-1"	"""his friends"""	""""""	"""32"""	"""f"""	"1"	"1"
"What is he talking about? (1-2 mins)"	"Short and fun! A 1-2 minute word game about what someone is talking about."	"experiment, psychology, game"	"$0.20"	"Wed Feb 26 12:59:11 PST 2014"	"400"	"0"	"0"	"400"	"Reviewable"	"NotReviewed"	"1 scales"	"600"	"60000"	"Wed Mar 05 12:59:11 PST 2014"	"S96205"	"Approved"	""	"""pizza"""	"""olives"""	"""mushrooms"""	"""peppers"""	"""right"""	"""left"""	"0.556"	"2"	"0"	"1"	"1"	"0"	"1"	"""3"""	"""3"""	"""TRUE"""	"""logical"""	"""FALSE"""	"-1"	"-1"	"-1"	"-1"	"-1"	"-1"	"""Memory"""	""""""	"""21"""	"""Male"""	"1"	"1"
"What is he talking about? (1-2 mins)"	"Short and fun! A 1-2 minute word game about what someone is talking about."	"experiment, psychology, game"	"$0.20"	"Wed Feb 26 12:59:11 PST 2014"	"400"	"0"	"0"	"400"	"Reviewable"	"NotReviewed"	"1 scales"	"600"	"60000"	"Wed Mar 05 12:59:11 PST 2014"	"S25430"	"Approved"	""	"""snowman"""	"""mittens"""	"""hat"""	"""scarf"""	"""left"""	"""middle"""	"0.778"	"3"	"0"	"1"	"1"	"0"	"1"	"""8"""	"""1"""	"""TRUE"""	"""logical"""	"""FALSE"""	"-1"	"-1"	"-1"	"-1"	"-1"	"-1"	"""Differences in snowmen"""	"""No"""	"""49"""	"""m"""	"1"	"1"
"What is he talking about? (1-2 mins)"	"Short and fun! A 1-2 minute word game about what someone is talking about."	"experiment, psychology, game"	"$0.20"	"Wed Feb 26 12:59:11 PST 2014"	"400"	"0"	"0"	"400"	"Reviewable"	"NotReviewed"	"1 scales"	"600"	"60000"	"Wed Mar 05 12:59:11 PST 2014"	"S35067"	"Approved"	""	"""pizza"""	"""peppers"""	"""olives"""	"""mushrooms"""	"""right"""	"""left"""	"0.33"	"1"	"0"	"1"	"1"	"0"	"1"	"""2"""	"""1"""	"""TRUE"""	"""target"""	"""TRUE"""	"-1"	"-1"	"-1"	"-1"	"-1"	"-1"	"""No idea"""	"""Nope"""	"""29"""	"""m"""	"1"	"1"
"What is he talking about? (1-2 mins)"	"Short and fun! A 1-2 minute word game about what someone is talking about."	"experiment, psychology, game"	"$0.20"	"Wed Feb 26 12:59:11 PST 2014"	"400"	"0"	"0"	"400"	"Reviewable"	"NotReviewed"	"1 scales"	"600"	"60000"	"Wed Mar 05 12:59:11 PST 2014"	"S94554"	"Approved"	""	"""snowman"""	"""scarf"""	"""mittens"""	"""hat"""	"""middle"""	"""right"""	"0.556"	"2"	"0"	"1"	"1"	"0"	"1"	"""2"""	"""1"""	"""TRUE"""	"""logical"""	"""FALSE"""	"-1"	"-1"	"-1"	"-1"	"-1"	"-1"	"""Decorating snowmen"""	"""None"""	"""34"""	"""F"""	"1"	"1"
"What is he talking about? (1-2 mins)"	"Short and fun! A 1-2 minute word game about what someone is talking about."	"experiment, psychology, game"	"$0.20"	"Wed Feb 26 12:59:11 PST 2014"	"400"	"0"	"0"	"400"	"Reviewable"	"NotReviewed"	"1 scales"	"600"	"60000"	"Wed Mar 05 12:59:11 PST 2014"	"S99278"	"Approved"	""	"""sundae"""	"""chocolate"""	"""whipped cream"""	"""cherry"""	"""right"""	"""middle"""	"0.11"	"0"	"0"	"1"	"1"	"0"	"1"	"""2"""	"""1"""	"""TRUE"""	"""logical"""	"""FALSE"""	"-1"	"-1"	"-1"	"-1"	"-1"	"-1"	"""If we pick up on tendencies or not"""	"""n/a"""	"""28"""	"""m"""	"1"	"1"
"What is he talking about? (1-2 mins)"	"Short and fun! A 1-2 minute word game about what someone is talking about."	"experiment, psychology, game"	"$0.20"	"Wed Feb 26 12:59:11 PST 2014"	"400"	"0"	"0"	"400"	"Reviewable"	"NotReviewed"	"1 scales"	"600"	"60000"	"Wed Mar 05 12:59:11 PST 2014"	"S72229"	"Approved"	""	"""snowman"""	"""mittens"""	"""scarf"""	"""hat"""	"""left"""	"""middle"""	"0.33"	"1"	"0"	"1"	"1"	"0"	"1"	"""2"""	"""1"""	"""TRUE"""	"""target"""	"""TRUE"""	"-1"	"-1"	"-1"	"-1"	"-1"	"-1"	"""decorating snowmen"""	""""""	"""23"""	"""m"""	"1"	"1"
"What is he talking about? (1-2 mins)"	"Short and fun! A 1-2 minute word game about what someone is talking about."	"experiment, psychology, game"	"$0.20"	"Wed Feb 26 12:59:11 PST 2014"	"400"	"0"	"0"	"400"	"Reviewable"	"NotReviewed"	"1 scales"	"600"	"60000"	"Wed Mar 05 12:59:11 PST 2014"	"S27584"	"Approved"	""	"""friend"""	"""glasses"""	"""hat"""	"""mustache"""	"""middle"""	"""right"""	"0.556"	"2"	"0"	"1"	"1"	"0"	"1"	"""2"""	"""1"""	"""FALSE"""	"""target"""	"""TRUE"""	"-1"	"-1"	"-1"	"-1"	"-1"	"-1"	"""Recognition and memory"""	""""""	"""27"""	"""M=Male"""	"1"	"1"
"What is he talking about? (1-2 mins)"	"Short and fun! A 1-2 minute word game about what someone is talking about."	"experiment, psychology, game"	"$0.20"	"Wed Feb 26 12:59:11 PST 2014"	"400"	"0"	"0"	"400"	"Reviewable"	"NotReviewed"	"1 scales"	"600"	"60000"	"Wed Mar 05 12:59:11 PST 2014"	"S43303"	"Approved"	""	"""pizza"""	"""peppers"""	"""mushrooms"""	"""olives"""	"""middle"""	"""left"""	"0.778"	"3"	"0"	"1"	"1"	"0"	"1"	"""2"""	"""3"""	"""TRUE"""	"""target"""	"""TRUE"""	"-1"	"-1"	"-1"	"-1"	"-1"	"-1"	"""perception"""	""""""	""""""	""""""	"1"	"1"
"What is he talking about? (1-2 mins)"	"Short and fun! A 1-2 minute word game about what someone is talking about."	"experiment, psychology, game"	"$0.20"	"Wed Feb 26 12:59:11 PST 2014"	"400"	"0"	"0"	"400"	"Reviewable"	"NotReviewed"	"1 scales"	"600"	"60000"	"Wed Mar 05 12:59:11 PST 2014"	"S07866"	"Approved"	""	"""boat"""	"""sail"""	"""motor"""	"""cabin"""	"""middle"""	"""left"""	"0.778"	"3"	"0"	"1"	"1"	"0"	"1"	"""2"""	"""1"""	"""FALSE"""	"""logical"""	"""FALSE"""	"-1"	"-1"	"-1"	"-1"	"-1"	"-1"	"""The character's enjoyment and renting of boats, as well as analysis of a sentence that was not clearly heard."""	"""Thanks for the HIT."""	"""24"""	"""m"""	"1"	"1"
"What is he talking about? (1-2 mins)"	"Short and fun! A 1-2 minute word game about what someone is talking about."	"experiment, psychology, game"	"$0.20"	"Wed Feb 26 12:59:11 PST 2014"	"400"	"0"	"0"	"400"	"Reviewable"	"NotReviewed"	"1 scales"	"600"	"60000"	"Wed Mar 05 12:59:11 PST 2014"	"S98893"	"Approved"	""	"""Christmas tree"""	"""ornaments"""	"""star"""	"""lights"""	"""right"""	"""left"""	"0.33"	"1"	"0"	"1"	"1"	"0"	"1"	"""5"""	"""3"""	"""TRUE"""	"""foil"""	"""FALSE"""	"-1"	"-1"	"-1"	"-1"	"-1"	"-1"	"""trees"""	"""no"""	"""21"""	"""m"""	"1"	"1"
"What is he talking about? (1-2 mins)"	"Short and fun! A 1-2 minute word game about what someone is talking about."	"experiment, psychology, game"	"$0.20"	"Wed Feb 26 12:59:11 PST 2014"	"400"	"0"	"0"	"400"	"Reviewable"	"NotReviewed"	"1 scales"	"600"	"60000"	"Wed Mar 05 12:59:11 PST 2014"	"S14364"	"Approved"	""	"""snowman"""	"""scarf"""	"""mittens"""	"""hat"""	"""middle"""	"""left"""	"0.33"	"1"	"0"	"1"	"1"	"0"	"1"	"""2"""	"""1"""	"""TRUE"""	"""target"""	"""TRUE"""	"-1"	"-1"	"-1"	"-1"	"-1"	"-1"	"""Patterns"""	"""I couldn't see a pattern, sorry."""	"""26"""	"""m"""	"1"	"1"
"What is he talking about? (1-2 mins)"	"Short and fun! A 1-2 minute word game about what someone is talking about."	"experiment, psychology, game"	"$0.20"	"Wed Feb 26 12:59:11 PST 2014"	"400"	"0"	"0"	"400"	"Reviewable"	"NotReviewed"	"1 scales"	"600"	"60000"	"Wed Mar 05 12:59:11 PST 2014"	"S46453"	"Approved"	""	"""Christmas tree"""	"""ornaments"""	"""lights"""	"""star"""	"""middle"""	"""left"""	"0.11"	"0"	"0"	"1"	"1"	"0"	"1"	"""2"""	"""1"""	"""TRUE"""	"""logical"""	"""FALSE"""	"-1"	"-1"	"-1"	"-1"	"-1"	"-1"	"""Bob trimming christmas trees"""	"""I guess this was about noticing patterns? Or maybe that people see patterns where none exist?"""	"""25"""	"""f"""	"1"	"1"
"What is he talking about? (1-2 mins)"	"Short and fun! A 1-2 minute word game about what someone is talking about."	"experiment, psychology, game"	"$0.20"	"Wed Feb 26 12:59:11 PST 2014"	"400"	"0"	"0"	"400"	"Reviewable"	"NotReviewed"	"1 scales"	"600"	"60000"	"Wed Mar 05 12:59:11 PST 2014"	"S84952"	"Approved"	""	"""sundae"""	"""whipped cream"""	"""cherry"""	"""chocolate"""	"""right"""	"""middle"""	"0.778"	"3"	"0"	"1"	"1"	"0"	"1"	"""2"""	"""1"""	"""TRUE"""	"""target"""	"""TRUE"""	"-1"	"-1"	"-1"	"-1"	"-1"	"-1"	"""Bob's Sundaes"""	"""Thanks for letting me participate!"""	"""40"""	"""M"""	"1"	"1"
"What is he talking about? (1-2 mins)"	"Short and fun! A 1-2 minute word game about what someone is talking about."	"experiment, psychology, game"	"$0.20"	"Wed Feb 26 12:59:11 PST 2014"	"400"	"0"	"0"	"400"	"Reviewable"	"NotReviewed"	"1 scales"	"600"	"60000"	"Wed Mar 05 12:59:11 PST 2014"	"S74625"	"Approved"	""	"""boat"""	"""cabin"""	"""motor"""	"""sail"""	"""left"""	"""right"""	"0.11"	"0"	"0"	"1"	"1"	"0"	"1"	"""2"""	"""1"""	"""TRUE"""	"""logical"""	"""FALSE"""	"-1"	"-1"	"-1"	"-1"	"-1"	"-1"	"""not sure"""	"""no"""	"""34"""	"""m"""	"1"	"1"
"What is he talking about? (1-2 mins)"	"Short and fun! A 1-2 minute word game about what someone is talking about."	"experiment, psychology, game"	"$0.20"	"Wed Feb 26 12:59:11 PST 2014"	"400"	"0"	"0"	"400"	"Reviewable"	"NotReviewed"	"1 scales"	"600"	"60000"	"Wed Mar 05 12:59:11 PST 2014"	"S11174"	"Approved"	""	"""boat"""	"""cabin"""	"""sail"""	"""motor"""	"""right"""	"""left"""	"0.11"	"0"	"0"	"1"	"1"	"0"	"1"	"""8"""	"""7"""	"""FALSE"""	"""logical"""	"""FALSE"""	"-1"	"-1"	"-1"	"-1"	"-1"	"-1"	"""Observation"""	"""Interesting"""	"""21"""	"""M"""	"1"	"1"
"What is he talking about? (1-2 mins)"	"Short and fun! A 1-2 minute word game about what someone is talking about."	"experiment, psychology, game"	"$0.20"	"Wed Feb 26 12:59:11 PST 2014"	"400"	"0"	"0"	"400"	"Reviewable"	"NotReviewed"	"1 scales"	"600"	"60000"	"Wed Mar 05 12:59:11 PST 2014"	"S25561"	"Approved"	""	"""pizza"""	"""peppers"""	"""mushrooms"""	"""olives"""	"""left"""	"""right"""	"0.33"	"1"	"0"	"1"	"1"	"0"	"1"	"""2"""	"""1"""	"""TRUE"""	"""foil"""	"""FALSE"""	"-1"	"-1"	"-1"	"-1"	"-1"	"-1"	"""pizza"""	"""nop"""	"""28"""	"""m"""	"1"	"1"
"What is he talking about? (1-2 mins)"	"Short and fun! A 1-2 minute word game about what someone is talking about."	"experiment, psychology, game"	"$0.20"	"Wed Feb 26 12:59:11 PST 2014"	"400"	"0"	"0"	"400"	"Reviewable"	"NotReviewed"	"1 scales"	"600"	"60000"	"Wed Mar 05 12:59:11 PST 2014"	"S43839"	"Approved"	""	"""friend"""	"""hat"""	"""glasses"""	"""mustache"""	"""middle"""	"""left"""	"0.11"	"0"	"0"	"1"	"1"	"0"	"1"	"""2"""	"""1"""	"""TRUE"""	"""logical"""	"""FALSE"""	"-1"	"-1"	"-1"	"-1"	"-1"	"-1"	"""Trying to decide what meaning was being conveyed in an unintelligible communication, based upon known previous behavior"""	""""""	"""46"""	"""m"""	"1"	"1"
"What is he talking about? (1-2 mins)"	"Short and fun! A 1-2 minute word game about what someone is talking about."	"experiment, psychology, game"	"$0.20"	"Wed Feb 26 12:59:11 PST 2014"	"400"	"0"	"0"	"400"	"Reviewable"	"NotReviewed"	"1 scales"	"600"	"60000"	"Wed Mar 05 12:59:11 PST 2014"	"S58502"	"Approved"	""	"""boat"""	"""motor"""	"""sail"""	"""cabin"""	"""middle"""	"""right"""	"0.778"	"3"	"0"	"1"	"1"	"0"	"1"	"""2"""	"""1"""	"""TRUE"""	"""logical"""	"""FALSE"""	"-1"	"-1"	"-1"	"-1"	"-1"	"-1"	"""boats"""	""""""	"""26"""	"""m"""	"1"	"1"
"What is he talking about? (1-2 mins)"	"Short and fun! A 1-2 minute word game about what someone is talking about."	"experiment, psychology, game"	"$0.20"	"Wed Feb 26 12:59:11 PST 2014"	"400"	"0"	"0"	"400"	"Reviewable"	"NotReviewed"	"1 scales"	"600"	"60000"	"Wed Mar 05 12:59:11 PST 2014"	"S40436"	"Approved"	""	"""sundae"""	"""chocolate"""	"""whipped cream"""	"""cherry"""	"""right"""	"""middle"""	"0.11"	"0"	"0"	"1"	"1"	"0"	"1"	"""2"""	"""1"""	"""TRUE"""	"""target"""	"""TRUE"""	"-1"	"-1"	"-1"	"-1"	"-1"	"-1"	"""Bob eating sundays throughout the weeks"""	""""""	""""""	"""m"""	"1"	"1"
"What is he talking about? (1-2 mins)"	"Short and fun! A 1-2 minute word game about what someone is talking about."	"experiment, psychology, game"	"$0.20"	"Wed Feb 26 12:59:11 PST 2014"	"400"	"0"	"0"	"400"	"Reviewable"	"NotReviewed"	"1 scales"	"600"	"60000"	"Wed Mar 05 12:59:11 PST 2014"	"S31966"	"Approved"	""	"""sundae"""	"""cherry"""	"""chocolate"""	"""whipped cream"""	"""left"""	"""middle"""	"0.778"	"3"	"0"	"1"	"1"	"0"	"1"	"""2"""	"""1"""	"""TRUE"""	"""target"""	"""TRUE"""	"-1"	"-1"	"-1"	"-1"	"-1"	"-1"	"""Guessing what sundae based on certain ideas that are given. """	""""""	"""22"""	"""f"""	"1"	"1"
"What is he talking about? (1-2 mins)"	"Short and fun! A 1-2 minute word game about what someone is talking about."	"experiment, psychology, game"	"$0.20"	"Wed Feb 26 12:59:11 PST 2014"	"400"	"0"	"0"	"400"	"Reviewable"	"NotReviewed"	"1 scales"	"600"	"60000"	"Wed Mar 05 12:59:11 PST 2014"	"S38785"	"Approved"	""	"""Christmas tree"""	"""lights"""	"""star"""	"""ornaments"""	"""left"""	"""middle"""	"0.11"	"0"	"0"	"1"	"1"	"0"	"1"	"""2"""	"""1"""	"""TRUE"""	"""logical"""	"""FALSE"""	"-1"	"-1"	"-1"	"-1"	"-1"	"-1"	"""Christmas Trees"""	""""""	"""23"""	"""Male """	"1"	"1"
"What is he talking about? (1-2 mins)"	"Short and fun! A 1-2 minute word game about what someone is talking about."	"experiment, psychology, game"	"$0.20"	"Wed Feb 26 12:59:11 PST 2014"	"400"	"0"	"0"	"400"	"Reviewable"	"NotReviewed"	"1 scales"	"600"	"60000"	"Wed Mar 05 12:59:11 PST 2014"	"S01626"	"Approved"	""	"""snowman"""	"""scarf"""	"""hat"""	"""mittens"""	"""left"""	"""middle"""	"0.778"	"3"	"0"	"1"	"1"	"0"	"1"	"""2"""	"""1"""	"""TRUE"""	"""target"""	"""TRUE"""	"-1"	"-1"	"-1"	"-1"	"-1"	"-1"	"""Bob's snowmen"""	"""Fun!"""	"""35"""	"""f"""	"1"	"1"
"What is he talking about? (1-2 mins)"	"Short and fun! A 1-2 minute word game about what someone is talking about."	"experiment, psychology, game"	"$0.20"	"Wed Feb 26 12:59:11 PST 2014"	"400"	"0"	"0"	"400"	"Reviewable"	"NotReviewed"	"1 scales"	"600"	"60000"	"Wed Mar 05 12:59:11 PST 2014"	"S69071"	"Approved"	""	"""sundae"""	"""cherry"""	"""whipped cream"""	"""chocolate"""	"""right"""	"""middle"""	"0.33"	"1"	"0"	"1"	"1"	"0"	"1"	"""2"""	"""1"""	"""TRUE"""	"""target"""	"""TRUE"""	"-1"	"-1"	"-1"	"-1"	"-1"	"-1"	"""sundaes"""	""""""	"""29"""	"""f"""	"1"	"1"
"What is he talking about? (1-2 mins)"	"Short and fun! A 1-2 minute word game about what someone is talking about."	"experiment, psychology, game"	"$0.20"	"Wed Feb 26 12:59:11 PST 2014"	"400"	"0"	"0"	"400"	"Reviewable"	"NotReviewed"	"1 scales"	"600"	"60000"	"Wed Mar 05 12:59:11 PST 2014"	"S69473"	"Approved"	""	"""friend"""	"""glasses"""	"""hat"""	"""mustache"""	"""right"""	"""left"""	"0.778"	"3"	"0"	"1"	"1"	"0"	"1"	"""2"""	"""1"""	"""TRUE"""	"""logical"""	"""FALSE"""	"-1"	"-1"	"-1"	"-1"	"-1"	"-1"	"""How people perceive language."""	"""n/a"""	"""28"""	"""m"""	"1"	"1"
"What is he talking about? (1-2 mins)"	"Short and fun! A 1-2 minute word game about what someone is talking about."	"experiment, psychology, game"	"$0.20"	"Wed Feb 26 12:59:11 PST 2014"	"400"	"0"	"0"	"400"	"Reviewable"	"NotReviewed"	"1 scales"	"600"	"60000"	"Wed Mar 05 12:59:11 PST 2014"	"S05577"	"Approved"	""	"""friend"""	"""glasses"""	"""mustache"""	"""hat"""	"""middle"""	"""left"""	"0.778"	"3"	"0"	"1"	"1"	"0"	"1"	"""2"""	"""1"""	"""TRUE"""	"""target"""	"""TRUE"""	"-1"	"-1"	"-1"	"-1"	"-1"	"-1"	"""Bob and his friends."""	"""No."""	"""28"""	"""m"""	"1"	"1"
"What is he talking about? (1-2 mins)"	"Short and fun! A 1-2 minute word game about what someone is talking about."	"experiment, psychology, game"	"$0.20"	"Wed Feb 26 12:59:11 PST 2014"	"400"	"0"	"0"	"400"	"Reviewable"	"NotReviewed"	"1 scales"	"600"	"60000"	"Wed Mar 05 12:59:11 PST 2014"	"S88470"	"Approved"	""	"""snowman"""	"""mittens"""	"""hat"""	"""scarf"""	"""left"""	"""middle"""	"0.11"	"0"	"0"	"1"	"1"	"0"	"1"	"""2"""	"""1"""	"""TRUE"""	"""logical"""	"""FALSE"""	"-1"	"-1"	"-1"	"-1"	"-1"	"-1"	"""snowmen"""	""""""	"""35"""	"""m"""	"1"	"1"
"What is he talking about? (1-2 mins)"	"Short and fun! A 1-2 minute word game about what someone is talking about."	"experiment, psychology, game"	"$0.20"	"Wed Feb 26 12:59:11 PST 2014"	"400"	"0"	"0"	"400"	"Reviewable"	"NotReviewed"	"1 scales"	"600"	"60000"	"Wed Mar 05 12:59:11 PST 2014"	"S36475"	"Approved"	""	"""snowman"""	"""scarf"""	"""hat"""	"""mittens"""	"""left"""	"""middle"""	"0.556"	"2"	"0"	"1"	"1"	"0"	"1"	"""9"""	"""3"""	"""TRUE"""	"""foil"""	"""FALSE"""	"-1"	"-1"	"-1"	"-1"	"-1"	"-1"	"""figuring out what bob wants"""	""""""	"""30"""	"""m"""	"1"	"1"
"What is he talking about? (1-2 mins)"	"Short and fun! A 1-2 minute word game about what someone is talking about."	"experiment, psychology, game"	"$0.20"	"Wed Feb 26 12:59:11 PST 2014"	"400"	"0"	"0"	"400"	"Reviewable"	"NotReviewed"	"1 scales"	"600"	"60000"	"Wed Mar 05 12:59:11 PST 2014"	"S82559"	"Approved"	""	"""pizza"""	"""olives"""	"""mushrooms"""	"""peppers"""	"""left"""	"""right"""	"0.556"	"2"	"0"	"1"	"1"	"0"	"1"	"""8"""	"""3"""	"""TRUE"""	"""target"""	"""TRUE"""	"-1"	"-1"	"-1"	"-1"	"-1"	"-1"	"""Memory"""	""""""	"""48"""	"""m"""	"1"	"1"
"What is he talking about? (1-2 mins)"	"Short and fun! A 1-2 minute word game about what someone is talking about."	"experiment, psychology, game"	"$0.20"	"Wed Feb 26 12:59:11 PST 2014"	"400"	"0"	"0"	"400"	"Reviewable"	"NotReviewed"	"1 scales"	"600"	"60000"	"Wed Mar 05 12:59:11 PST 2014"	"S56521"	"Approved"	""	"""friend"""	"""mustache"""	"""hat"""	"""glasses"""	"""left"""	"""right"""	"0.33"	"1"	"0"	"1"	"1"	"0"	"1"	"""6"""	"""5"""	"""TRUE"""	"""logical"""	"""FALSE"""	"-1"	"-1"	"-1"	"-1"	"-1"	"-1"	"""social perception"""	""""""	"""20"""	"""male"""	"1"	"1"
"What is he talking about? (1-2 mins)"	"Short and fun! A 1-2 minute word game about what someone is talking about."	"experiment, psychology, game"	"$0.20"	"Wed Feb 26 12:59:11 PST 2014"	"400"	"0"	"0"	"400"	"Reviewable"	"NotReviewed"	"1 scales"	"600"	"60000"	"Wed Mar 05 12:59:11 PST 2014"	"S32520"	"Approved"	""	"""boat"""	"""cabin"""	"""sail"""	"""motor"""	"""middle"""	"""right"""	"0.556"	"2"	"0"	"1"	"1"	"0"	"1"	"""5"""	"""4"""	"""FALSE"""	"""target"""	"""TRUE"""	"-1"	"-1"	"-1"	"-1"	"-1"	"-1"	"""Remembering names and pictures."""	""""""	"""23"""	"""F"""	"1"	"1"
"What is he talking about? (1-2 mins)"	"Short and fun! A 1-2 minute word game about what someone is talking about."	"experiment, psychology, game"	"$0.20"	"Wed Feb 26 12:59:11 PST 2014"	"400"	"0"	"0"	"400"	"Reviewable"	"NotReviewed"	"1 scales"	"600"	"60000"	"Wed Mar 05 12:59:11 PST 2014"	"S02181"	"Approved"	""	"""friend"""	"""glasses"""	"""hat"""	"""mustache"""	"""left"""	"""right"""	"0.33"	"1"	"0"	"1"	"1"	"0"	"1"	"""2"""	"""1"""	"""TRUE"""	"""target"""	"""TRUE"""	"-1"	"-1"	"-1"	"-1"	"-1"	"-1"	"""Bob meeting his friends"""	"""None"""	"""25"""	"""m"""	"1"	"1"
"What is he talking about? (1-2 mins)"	"Short and fun! A 1-2 minute word game about what someone is talking about."	"experiment, psychology, game"	"$0.20"	"Wed Feb 26 12:59:11 PST 2014"	"400"	"0"	"0"	"400"	"Reviewable"	"NotReviewed"	"1 scales"	"600"	"60000"	"Wed Mar 05 12:59:11 PST 2014"	"S97928"	"Approved"	""	"""boat"""	"""motor"""	"""cabin"""	"""sail"""	"""right"""	"""middle"""	"0.11"	"0"	"0"	"1"	"1"	"0"	"1"	"""2"""	"""1"""	"""TRUE"""	"""logical"""	"""FALSE"""	"-1"	"-1"	"-1"	"-1"	"-1"	"-1"	"""Boats"""	""""""	"""24"""	"""m"""	"1"	"1"
"What is he talking about? (1-2 mins)"	"Short and fun! A 1-2 minute word game about what someone is talking about."	"experiment, psychology, game"	"$0.20"	"Wed Feb 26 12:59:11 PST 2014"	"400"	"0"	"0"	"400"	"Reviewable"	"NotReviewed"	"1 scales"	"600"	"60000"	"Wed Mar 05 12:59:11 PST 2014"	"S00592"	"Approved"	""	"""Christmas tree"""	"""ornaments"""	"""lights"""	"""star"""	"""middle"""	"""right"""	"0.556"	"2"	"0"	"1"	"1"	"0"	"1"	"""1"""	"""1"""	"""TRUE"""	"""logical"""	"""FALSE"""	"-1"	"-1"	"-1"	"-1"	"-1"	"-1"	"""unsure"""	""""""	"""22"""	"""woman"""	"1"	"1"
"What is he talking about? (1-2 mins)"	"Short and fun! A 1-2 minute word game about what someone is talking about."	"experiment, psychology, game"	"$0.20"	"Wed Feb 26 12:59:11 PST 2014"	"400"	"0"	"0"	"400"	"Reviewable"	"NotReviewed"	"1 scales"	"600"	"60000"	"Wed Mar 05 12:59:11 PST 2014"	"S85762"	"Approved"	""	"""pizza"""	"""olives"""	"""peppers"""	"""mushrooms"""	"""right"""	"""middle"""	"0.556"	"2"	"0"	"1"	"1"	"0"	"1"	"""2"""	"""1"""	"""TRUE"""	"""target"""	"""TRUE"""	"-1"	"-1"	"-1"	"-1"	"-1"	"-1"	"""Bob and his love for pizza"""	"""no"""	"""31"""	"""m"""	"1"	"1"
"What is he talking about? (1-2 mins)"	"Short and fun! A 1-2 minute word game about what someone is talking about."	"experiment, psychology, game"	"$0.20"	"Wed Feb 26 12:59:11 PST 2014"	"400"	"0"	"0"	"400"	"Reviewable"	"NotReviewed"	"1 scales"	"600"	"60000"	"Wed Mar 05 12:59:11 PST 2014"	"S94586"	"Approved"	""	"""friend"""	"""hat"""	"""glasses"""	"""mustache"""	"""left"""	"""middle"""	"0.11"	"0"	"0"	"1"	"1"	"0"	"1"	"""2"""	"""1"""	"""TRUE"""	"""logical"""	"""FALSE"""	"-1"	"-1"	"-1"	"-1"	"-1"	"-1"	"""Bob's friends"""	""""""	"""29"""	"""m"""	"1"	"1"
"What is he talking about? (1-2 mins)"	"Short and fun! A 1-2 minute word game about what someone is talking about."	"experiment, psychology, game"	"$0.20"	"Wed Feb 26 12:59:11 PST 2014"	"400"	"0"	"0"	"400"	"Reviewable"	"NotReviewed"	"1 scales"	"600"	"60000"	"Wed Mar 05 12:59:11 PST 2014"	"S14566"	"Approved"	""	"""sundae"""	"""whipped cream"""	"""cherry"""	"""chocolate"""	"""right"""	"""middle"""	"0.556"	"2"	"0"	"1"	"1"	"0"	"1"	"""2"""	"""1"""	"""TRUE"""	"""target"""	"""TRUE"""	"-1"	"-1"	"-1"	"-1"	"-1"	"-1"	"""sundaes"""	""""""	"""31"""	"""m"""	"1"	"1"
"What is he talking about? (1-2 mins)"	"Short and fun! A 1-2 minute word game about what someone is talking about."	"experiment, psychology, game"	"$0.20"	"Wed Feb 26 12:59:11 PST 2014"	"400"	"0"	"0"	"400"	"Reviewable"	"NotReviewed"	"1 scales"	"600"	"60000"	"Wed Mar 05 12:59:11 PST 2014"	"S40623"	"Approved"	""	"""Christmas tree"""	"""lights"""	"""star"""	"""ornaments"""	"""left"""	"""right"""	"0.11"	"0"	"0"	"1"	"1"	"0"	"1"	"""2"""	"""1"""	"""TRUE"""	"""logical"""	"""FALSE"""	"-1"	"-1"	"-1"	"-1"	"-1"	"-1"	"""How people view language."""	""""""	""""""	""""""	"1"	"1"
"What is he talking about? (1-2 mins)"	"Short and fun! A 1-2 minute word game about what someone is talking about."	"experiment, psychology, game"	"$0.20"	"Wed Feb 26 12:59:11 PST 2014"	"400"	"0"	"0"	"400"	"Reviewable"	"NotReviewed"	"1 scales"	"600"	"60000"	"Wed Mar 05 12:59:11 PST 2014"	"S70910"	"Approved"	""	"""boat"""	"""cabin"""	"""sail"""	"""motor"""	"""left"""	"""right"""	"0.556"	"2"	"0"	"1"	"1"	"0"	"1"	"""9"""	"""4"""	"""TRUE"""	"""logical"""	"""FALSE"""	"-1"	"-1"	"-1"	"-1"	"-1"	"-1"	"""Bob on his boat"""	""""""	"""21"""	"""m"""	"1"	"1"
"What is he talking about? (1-2 mins)"	"Short and fun! A 1-2 minute word game about what someone is talking about."	"experiment, psychology, game"	"$0.20"	"Wed Feb 26 12:59:11 PST 2014"	"400"	"0"	"0"	"400"	"Reviewable"	"NotReviewed"	"1 scales"	"600"	"60000"	"Wed Mar 05 12:59:11 PST 2014"	"S33818"	"Approved"	""	"""boat"""	"""sail"""	"""motor"""	"""cabin"""	"""left"""	"""right"""	"0.11"	"0"	"0"	"1"	"1"	"0"	"1"	"""2"""	"""1"""	"""TRUE"""	"""logical"""	"""FALSE"""	"-1"	"-1"	"-1"	"-1"	"-1"	"-1"	"""Bob sailing"""	"""none"""	"""20"""	"""male"""	"1"	"1"
"What is he talking about? (1-2 mins)"	"Short and fun! A 1-2 minute word game about what someone is talking about."	"experiment, psychology, game"	"$0.20"	"Wed Feb 26 12:59:11 PST 2014"	"400"	"0"	"0"	"400"	"Reviewable"	"NotReviewed"	"1 scales"	"600"	"60000"	"Wed Mar 05 12:59:11 PST 2014"	"S70262"	"Approved"	""	"""boat"""	"""motor"""	"""sail"""	"""cabin"""	"""right"""	"""left"""	"0.778"	"3"	"0"	"1"	"1"	"0"	"1"	"""2"""	"""4"""	"""TRUE"""	"""foil"""	"""FALSE"""	"-1"	"-1"	"-1"	"-1"	"-1"	"-1"	"""boats"""	""""""	"""40"""	"""m"""	"1"	"1"
"What is he talking about? (1-2 mins)"	"Short and fun! A 1-2 minute word game about what someone is talking about."	"experiment, psychology, game"	"$0.20"	"Wed Feb 26 12:59:11 PST 2014"	"400"	"0"	"0"	"400"	"Reviewable"	"NotReviewed"	"1 scales"	"600"	"60000"	"Wed Mar 05 12:59:11 PST 2014"	"S52879"	"Approved"	""	"""friend"""	"""glasses"""	"""hat"""	"""mustache"""	"""right"""	"""left"""	"0.556"	"2"	"0"	"1"	"1"	"0"	"1"	"""2"""	"""1"""	"""TRUE"""	"""logical"""	"""FALSE"""	"-1"	"-1"	"-1"	"-1"	"-1"	"-1"	"""Bob visiting his friends and trying to guess what he said"""	"""no"""	"""19"""	"""m"""	"1"	"1"
"What is he talking about? (1-2 mins)"	"Short and fun! A 1-2 minute word game about what someone is talking about."	"experiment, psychology, game"	"$0.20"	"Wed Feb 26 12:59:11 PST 2014"	"400"	"0"	"0"	"400"	"Reviewable"	"NotReviewed"	"1 scales"	"600"	"60000"	"Wed Mar 05 12:59:11 PST 2014"	"S63576"	"Approved"	""	"""pizza"""	"""peppers"""	"""mushrooms"""	"""olives"""	"""middle"""	"""right"""	"0.33"	"1"	"0"	"1"	"1"	"0"	"1"	"""2"""	"""1"""	"""TRUE"""	"""target"""	"""TRUE"""	"-1"	"-1"	"-1"	"-1"	"-1"	"-1"	"""How we ascribe meaning"""	""""""	"""29"""	"""F"""	"1"	"1"
"What is he talking about? (1-2 mins)"	"Short and fun! A 1-2 minute word game about what someone is talking about."	"experiment, psychology, game"	"$0.20"	"Wed Feb 26 12:59:11 PST 2014"	"400"	"0"	"0"	"400"	"Reviewable"	"NotReviewed"	"1 scales"	"600"	"60000"	"Wed Mar 05 12:59:11 PST 2014"	"S50160"	"Approved"	""	"""Christmas tree"""	"""ornaments"""	"""lights"""	"""star"""	"""left"""	"""middle"""	"0.33"	"1"	"0"	"1"	"1"	"0"	"1"	"""8"""	"""8"""	"""TRUE"""	"""logical"""	"""FALSE"""	"-1"	"-1"	"-1"	"-1"	"-1"	"-1"	"""Christmas trees"""	""""""	""""""	""""""	"1"	"1"
"What is he talking about? (1-2 mins)"	"Short and fun! A 1-2 minute word game about what someone is talking about."	"experiment, psychology, game"	"$0.20"	"Wed Feb 26 12:59:11 PST 2014"	"400"	"0"	"0"	"400"	"Reviewable"	"NotReviewed"	"1 scales"	"600"	"60000"	"Wed Mar 05 12:59:11 PST 2014"	"S28652"	"Approved"	""	"""boat"""	"""cabin"""	"""motor"""	"""sail"""	"""left"""	"""middle"""	"0.11"	"0"	"0"	"1"	"1"	"0"	"1"	"""8"""	"""8"""	"""TRUE"""	"""target"""	"""TRUE"""	"-1"	"-1"	"-1"	"-1"	"-1"	"-1"	"""noticing differences in images"""	""""""	"""40"""	"""m"""	"1"	"1"
"What is he talking about? (1-2 mins)"	"Short and fun! A 1-2 minute word game about what someone is talking about."	"experiment, psychology, game"	"$0.20"	"Wed Feb 26 12:59:11 PST 2014"	"400"	"0"	"0"	"400"	"Reviewable"	"NotReviewed"	"1 scales"	"600"	"60000"	"Wed Mar 05 12:59:11 PST 2014"	"S05181"	"Approved"	""	"""sundae"""	"""whipped cream"""	"""cherry"""	"""chocolate"""	"""left"""	"""middle"""	"0.33"	"1"	"0"	"1"	"1"	"0"	"1"	"""2"""	"""1"""	"""TRUE"""	"""target"""	"""TRUE"""	"-1"	"-1"	"-1"	"-1"	"-1"	"-1"	"""which sundae bob ate"""	"""none"""	"""25"""	"""f"""	"1"	"1"
"What is he talking about? (1-2 mins)"	"Short and fun! A 1-2 minute word game about what someone is talking about."	"experiment, psychology, game"	"$0.20"	"Wed Feb 26 12:59:11 PST 2014"	"400"	"0"	"0"	"400"	"Reviewable"	"NotReviewed"	"1 scales"	"600"	"60000"	"Wed Mar 05 12:59:11 PST 2014"	"S12294"	"Approved"	""	"""friend"""	"""hat"""	"""mustache"""	"""glasses"""	"""middle"""	"""left"""	"0.556"	"2"	"0"	"1"	"1"	"0"	"1"	"""2"""	"""1"""	"""TRUE"""	"""logical"""	"""FALSE"""	"-1"	"-1"	"-1"	"-1"	"-1"	"-1"	"""I...don't know"""	""""""	"""31"""	"""m"""	"1"	"1"
"What is he talking about? (1-2 mins)"	"Short and fun! A 1-2 minute word game about what someone is talking about."	"experiment, psychology, game"	"$0.20"	"Wed Feb 26 12:59:11 PST 2014"	"400"	"0"	"0"	"400"	"Reviewable"	"NotReviewed"	"1 scales"	"600"	"60000"	"Wed Mar 05 12:59:11 PST 2014"	"S28982"	"Approved"	""	"""friend"""	"""hat"""	"""glasses"""	"""mustache"""	"""middle"""	"""right"""	"0.33"	"1"	"0"	"1"	"1"	"0"	"1"	"""2"""	"""1"""	"""TRUE"""	"""logical"""	"""FALSE"""	"-1"	"-1"	"-1"	"-1"	"-1"	"-1"	"""Who is bob going to visit"""	""""""	""""""	""""""	"1"	"1"
"What is he talking about? (1-2 mins)"	"Short and fun! A 1-2 minute word game about what someone is talking about."	"experiment, psychology, game"	"$0.20"	"Wed Feb 26 12:59:11 PST 2014"	"400"	"0"	"0"	"400"	"Reviewable"	"NotReviewed"	"1 scales"	"600"	"60000"	"Wed Mar 05 12:59:11 PST 2014"	"S65476"	"Approved"	""	"""sundae"""	"""chocolate"""	"""whipped cream"""	"""cherry"""	"""right"""	"""middle"""	"0.11"	"0"	"0"	"1"	"1"	"0"	"1"	"""2"""	"""1"""	"""TRUE"""	"""logical"""	"""FALSE"""	"-1"	"-1"	"-1"	"-1"	"-1"	"-1"	"""Seems to be about predicting future behavior based on past behavior."""	""""""	"""36"""	"""m"""	"1"	"1"
"What is he talking about? (1-2 mins)"	"Short and fun! A 1-2 minute word game about what someone is talking about."	"experiment, psychology, game"	"$0.20"	"Wed Feb 26 12:59:11 PST 2014"	"400"	"0"	"0"	"400"	"Reviewable"	"NotReviewed"	"1 scales"	"600"	"60000"	"Wed Mar 05 12:59:11 PST 2014"	"S64587"	"Approved"	""	"""Christmas tree"""	"""lights"""	"""star"""	"""ornaments"""	"""middle"""	"""right"""	"0.556"	"2"	"0"	"1"	"1"	"0"	"1"	"""8"""	"""3"""	"""TRUE"""	"""foil"""	"""FALSE"""	"-1"	"-1"	"-1"	"-1"	"-1"	"-1"	"""cutting Christmas trees"""	""""""	"""25"""	"""m"""	"1"	"1"
"What is he talking about? (1-2 mins)"	"Short and fun! A 1-2 minute word game about what someone is talking about."	"experiment, psychology, game"	"$0.20"	"Wed Feb 26 12:59:11 PST 2014"	"400"	"0"	"0"	"400"	"Reviewable"	"NotReviewed"	"1 scales"	"600"	"60000"	"Wed Mar 05 12:59:11 PST 2014"	"S12134"	"Approved"	""	"""boat"""	"""sail"""	"""motor"""	"""cabin"""	"""right"""	"""left"""	"0.11"	"0"	"0"	"1"	"1"	"0"	"1"	"""2"""	"""1"""	"""TRUE"""	"""logical"""	"""FALSE"""	"-1"	"-1"	"-1"	"-1"	"-1"	"-1"	"""I have no idea."""	""""""	"""47"""	"""M"""	"1"	"1"
"What is he talking about? (1-2 mins)"	"Short and fun! A 1-2 minute word game about what someone is talking about."	"experiment, psychology, game"	"$0.20"	"Wed Feb 26 12:59:11 PST 2014"	"400"	"0"	"0"	"400"	"Reviewable"	"NotReviewed"	"1 scales"	"600"	"60000"	"Wed Mar 05 12:59:11 PST 2014"	"S73257"	"Approved"	""	"""snowman"""	"""hat"""	"""scarf"""	"""mittens"""	"""left"""	"""right"""	"0.11"	"0"	"0"	"1"	"1"	"0"	"1"	"""2"""	"""1"""	"""TRUE"""	"""logical"""	"""FALSE"""	"-1"	"-1"	"-1"	"-1"	"-1"	"-1"	"""Snowmen"""	""""""	"""20"""	"""m"""	"1"	"1"
"What is he talking about? (1-2 mins)"	"Short and fun! A 1-2 minute word game about what someone is talking about."	"experiment, psychology, game"	"$0.20"	"Wed Feb 26 12:59:11 PST 2014"	"400"	"0"	"0"	"400"	"Reviewable"	"NotReviewed"	"1 scales"	"600"	"60000"	"Wed Mar 05 12:59:11 PST 2014"	"S15281"	"Approved"	""	"""pizza"""	"""olives"""	"""mushrooms"""	"""peppers"""	"""middle"""	"""right"""	"0.33"	"1"	"0"	"1"	"1"	"0"	"1"	"""2"""	"""1"""	"""TRUE"""	"""logical"""	"""FALSE"""	"-1"	"-1"	"-1"	"-1"	"-1"	"-1"	"""pizza"""	"""easy"""	"""25"""	"""m"""	"1"	"1"
"What is he talking about? (1-2 mins)"	"Short and fun! A 1-2 minute word game about what someone is talking about."	"experiment, psychology, game"	"$0.20"	"Wed Feb 26 12:59:11 PST 2014"	"400"	"0"	"0"	"400"	"Reviewable"	"NotReviewed"	"1 scales"	"600"	"60000"	"Wed Mar 05 12:59:11 PST 2014"	"S18255"	"Approved"	""	"""pizza"""	"""mushrooms"""	"""peppers"""	"""olives"""	"""left"""	"""middle"""	"0.778"	"3"	"0"	"1"	"1"	"0"	"1"	"""8"""	"""1"""	"""TRUE"""	"""logical"""	"""FALSE"""	"-1"	"-1"	"-1"	"-1"	"-1"	"-1"	"""Bob's raging pizza addiction"""	"""None."""	"""25"""	"""M"""	"1"	"1"
"What is he talking about? (1-2 mins)"	"Short and fun! A 1-2 minute word game about what someone is talking about."	"experiment, psychology, game"	"$0.20"	"Wed Feb 26 12:59:11 PST 2014"	"400"	"0"	"0"	"400"	"Reviewable"	"NotReviewed"	"1 scales"	"600"	"60000"	"Wed Mar 05 12:59:11 PST 2014"	"S05982"	"Approved"	""	"""boat"""	"""cabin"""	"""motor"""	"""sail"""	"""right"""	"""middle"""	"0.33"	"1"	"0"	"1"	"1"	"0"	"1"	"""9"""	"""7"""	"""TRUE"""	"""foil"""	"""FALSE"""	"-1"	"-1"	"-1"	"-1"	"-1"	"-1"	"""remembering what the boats looked like"""	""""""	"""24"""	"""f"""	"1"	"1"
"What is he talking about? (1-2 mins)"	"Short and fun! A 1-2 minute word game about what someone is talking about."	"experiment, psychology, game"	"$0.20"	"Wed Feb 26 12:59:11 PST 2014"	"400"	"0"	"0"	"400"	"Reviewable"	"NotReviewed"	"1 scales"	"600"	"60000"	"Wed Mar 05 12:59:11 PST 2014"	"S49705"	"Approved"	""	"""friend"""	"""glasses"""	"""hat"""	"""mustache"""	"""left"""	"""right"""	"0.778"	"3"	"0"	"1"	"1"	"0"	"1"	"""2"""	"""1"""	"""TRUE"""	"""logical"""	"""FALSE"""	"-1"	"-1"	"-1"	"-1"	"-1"	"-1"	"""Making an educated guess"""	"""No"""	"""18"""	"""F"""	"1"	"1"
"What is he talking about? (1-2 mins)"	"Short and fun! A 1-2 minute word game about what someone is talking about."	"experiment, psychology, game"	"$0.20"	"Wed Feb 26 12:59:11 PST 2014"	"400"	"0"	"0"	"400"	"Reviewable"	"NotReviewed"	"1 scales"	"600"	"60000"	"Wed Mar 05 12:59:11 PST 2014"	"S02678"	"Approved"	""	"""sundae"""	"""chocolate"""	"""cherry"""	"""whipped cream"""	"""left"""	"""middle"""	"0.556"	"2"	"0"	"1"	"1"	"0"	"1"	"""5"""	"""3"""	"""TRUE"""	"""logical"""	"""FALSE"""	"-1"	"-1"	"-1"	"-1"	"-1"	"-1"	"""what sundaes bob made"""	"""i liked it"""	"""33"""	"""m"""	"1"	"1"
"What is he talking about? (1-2 mins)"	"Short and fun! A 1-2 minute word game about what someone is talking about."	"experiment, psychology, game"	"$0.20"	"Wed Feb 26 12:59:11 PST 2014"	"400"	"0"	"0"	"400"	"Reviewable"	"NotReviewed"	"1 scales"	"600"	"60000"	"Wed Mar 05 12:59:11 PST 2014"	"S05084"	"Approved"	""	"""sundae"""	"""cherry"""	"""whipped cream"""	"""chocolate"""	"""middle"""	"""right"""	"0.778"	"3"	"0"	"1"	"1"	"0"	"1"	"""2"""	"""1"""	"""TRUE"""	"""logical"""	"""FALSE"""	"-1"	"-1"	"-1"	"-1"	"-1"	"-1"	"""sundaes"""	"""no"""	"""31"""	"""m"""	"1"	"1"
"What is he talking about? (1-2 mins)"	"Short and fun! A 1-2 minute word game about what someone is talking about."	"experiment, psychology, game"	"$0.20"	"Wed Feb 26 12:59:11 PST 2014"	"400"	"0"	"0"	"400"	"Reviewable"	"NotReviewed"	"1 scales"	"600"	"60000"	"Wed Mar 05 12:59:11 PST 2014"	"S05890"	"Approved"	""	"""boat"""	"""sail"""	"""motor"""	"""cabin"""	"""left"""	"""middle"""	"0.556"	"2"	"0"	"1"	"1"	"0"	"1"	"""2"""	"""1"""	"""TRUE"""	"""target"""	"""TRUE"""	"-1"	"-1"	"-1"	"-1"	"-1"	"-1"	"""What kind of boat Bob will sail next week"""	""""""	"""33"""	"""m"""	"1"	"1"
"What is he talking about? (1-2 mins)"	"Short and fun! A 1-2 minute word game about what someone is talking about."	"experiment, psychology, game"	"$0.20"	"Wed Feb 26 12:59:11 PST 2014"	"400"	"0"	"0"	"400"	"Reviewable"	"NotReviewed"	"1 scales"	"600"	"60000"	"Wed Mar 05 12:59:11 PST 2014"	"S41114"	"Approved"	""	"""friend"""	"""hat"""	"""glasses"""	"""mustache"""	"""left"""	"""right"""	"0.33"	"1"	"0"	"1"	"1"	"0"	"1"	"""2"""	"""2"""	"""TRUE"""	"""logical"""	"""FALSE"""	"-1"	"-1"	"-1"	"-1"	"-1"	"-1"	"""Looking at Bob's friend"""	""""""	"""24"""	"""Male"""	"1"	"1"
"What is he talking about? (1-2 mins)"	"Short and fun! A 1-2 minute word game about what someone is talking about."	"experiment, psychology, game"	"$0.20"	"Wed Feb 26 12:59:11 PST 2014"	"400"	"0"	"0"	"400"	"Reviewable"	"NotReviewed"	"1 scales"	"600"	"60000"	"Wed Mar 05 12:59:11 PST 2014"	"S17926"	"Approved"	""	"""boat"""	"""sail"""	"""cabin"""	"""motor"""	"""middle"""	"""right"""	"0.778"	"3"	"0"	"1"	"1"	"0"	"1"	"""2"""	"""1"""	"""TRUE"""	"""target"""	"""TRUE"""	"-1"	"-1"	"-1"	"-1"	"-1"	"-1"	"""Identifying sail boats"""	""""""	"""24"""	"""m"""	"1"	"1"
"What is he talking about? (1-2 mins)"	"Short and fun! A 1-2 minute word game about what someone is talking about."	"experiment, psychology, game"	"$0.20"	"Wed Feb 26 12:59:11 PST 2014"	"400"	"0"	"0"	"400"	"Reviewable"	"NotReviewed"	"1 scales"	"600"	"60000"	"Wed Mar 05 12:59:11 PST 2014"	"S64487"	"Approved"	""	"""snowman"""	"""hat"""	"""scarf"""	"""mittens"""	"""middle"""	"""left"""	"0.11"	"0"	"0"	"1"	"1"	"0"	"1"	"""6"""	"""7"""	"""FALSE"""	"""target"""	"""TRUE"""	"-1"	"-1"	"-1"	"-1"	"-1"	"-1"	"""snowmen"""	"""none"""	"""23"""	"""m"""	"1"	"1"
"What is he talking about? (1-2 mins)"	"Short and fun! A 1-2 minute word game about what someone is talking about."	"experiment, psychology, game"	"$0.20"	"Wed Feb 26 12:59:11 PST 2014"	"400"	"0"	"0"	"400"	"Reviewable"	"NotReviewed"	"1 scales"	"600"	"60000"	"Wed Mar 05 12:59:11 PST 2014"	"S57152"	"Approved"	""	"""friend"""	"""glasses"""	"""hat"""	"""mustache"""	"""right"""	"""left"""	"0.778"	"3"	"0"	"1"	"1"	"0"	"1"	"""9"""	"""2"""	"""TRUE"""	"""target"""	"""TRUE"""	"-1"	"-1"	"-1"	"-1"	"-1"	"-1"	"""Bob likes to visit his friends on Sundays."""	"""This was different.  Thanks."""	"""45"""	"""f"""	"1"	"1"
"What is he talking about? (1-2 mins)"	"Short and fun! A 1-2 minute word game about what someone is talking about."	"experiment, psychology, game"	"$0.20"	"Wed Feb 26 12:59:11 PST 2014"	"400"	"0"	"0"	"400"	"Reviewable"	"NotReviewed"	"1 scales"	"600"	"60000"	"Wed Mar 05 12:59:11 PST 2014"	"S56829"	"Approved"	""	"""sundae"""	"""cherry"""	"""whipped cream"""	"""chocolate"""	"""left"""	"""middle"""	"0.556"	"2"	"0"	"1"	"1"	"0"	"1"	"""2"""	"""1"""	"""TRUE"""	"""target"""	"""TRUE"""	"-1"	"-1"	"-1"	"-1"	"-1"	"-1"	"""Bob eating sundaes"""	""""""	"""32"""	"""m"""	"1"	"1"
"What is he talking about? (1-2 mins)"	"Short and fun! A 1-2 minute word game about what someone is talking about."	"experiment, psychology, game"	"$0.20"	"Wed Feb 26 12:59:11 PST 2014"	"400"	"0"	"0"	"400"	"Reviewable"	"NotReviewed"	"1 scales"	"600"	"60000"	"Wed Mar 05 12:59:11 PST 2014"	"S86277"	"Approved"	""	"""friend"""	"""mustache"""	"""glasses"""	"""hat"""	"""right"""	"""middle"""	"0.11"	"0"	"0"	"1"	"1"	"0"	"1"	"""2"""	"""1"""	"""TRUE"""	"""target"""	"""TRUE"""	"-1"	"-1"	"-1"	"-1"	"-1"	"-1"	"""bob meeting his friends and figuring out who bob is gonna meet while he mumble mumble"""	"""no"""	"""22"""	"""male"""	"1"	"1"
"What is he talking about? (1-2 mins)"	"Short and fun! A 1-2 minute word game about what someone is talking about."	"experiment, psychology, game"	"$0.20"	"Wed Feb 26 12:59:11 PST 2014"	"400"	"0"	"0"	"400"	"Reviewable"	"NotReviewed"	"1 scales"	"600"	"60000"	"Wed Mar 05 12:59:11 PST 2014"	"S18654"	"Approved"	""	"""snowman"""	"""scarf"""	"""hat"""	"""mittens"""	"""middle"""	"""left"""	"0.11"	"0"	"0"	"1"	"1"	"0"	"1"	"""2"""	"""1"""	"""FALSE"""	"""logical"""	"""FALSE"""	"-1"	"-1"	"-1"	"-1"	"-1"	"-1"	"""Snowmen"""	"""I don't remember his name for certain - I think it was Joe, but I'm not 100 percent sure. But his first snowman had no extra decorations, his second one had a scarf but no hat, and all the ones thereafter had both a scarf and a hat. There were nine snowmen in total."""	"""27"""	"""f"""	"1"	"1"
"What is he talking about? (1-2 mins)"	"Short and fun! A 1-2 minute word game about what someone is talking about."	"experiment, psychology, game"	"$0.20"	"Wed Feb 26 12:59:11 PST 2014"	"400"	"0"	"0"	"400"	"Reviewable"	"NotReviewed"	"1 scales"	"600"	"60000"	"Wed Mar 05 12:59:11 PST 2014"	"S84676"	"Approved"	""	"""sundae"""	"""whipped cream"""	"""chocolate"""	"""cherry"""	"""right"""	"""middle"""	"0.11"	"0"	"0"	"1"	"1"	"0"	"1"	"""1"""	"""1"""	"""TRUE"""	"""logical"""	"""FALSE"""	"-1"	"-1"	"-1"	"-1"	"-1"	"-1"	"""sundaes"""	""""""	"""26"""	"""m"""	"1"	"1"
"What is he talking about? (1-2 mins)"	"Short and fun! A 1-2 minute word game about what someone is talking about."	"experiment, psychology, game"	"$0.20"	"Wed Feb 26 12:59:11 PST 2014"	"400"	"0"	"0"	"400"	"Reviewable"	"NotReviewed"	"1 scales"	"600"	"60000"	"Wed Mar 05 12:59:11 PST 2014"	"S70376"	"Approved"	""	"""snowman"""	"""scarf"""	"""mittens"""	"""hat"""	"""middle"""	"""left"""	"0.778"	"3"	"0"	"1"	"1"	"0"	"1"	"""9"""	"""1"""	"""TRUE"""	"""target"""	"""TRUE"""	"-1"	"-1"	"-1"	"-1"	"-1"	"-1"	"""Recognizing a pattern"""	""""""	""""""	"""m"""	"1"	"1"
"What is he talking about? (1-2 mins)"	"Short and fun! A 1-2 minute word game about what someone is talking about."	"experiment, psychology, game"	"$0.20"	"Wed Feb 26 12:59:11 PST 2014"	"400"	"0"	"0"	"400"	"Reviewable"	"NotReviewed"	"1 scales"	"600"	"60000"	"Wed Mar 05 12:59:11 PST 2014"	"S70355"	"Approved"	""	"""sundae"""	"""cherry"""	"""whipped cream"""	"""chocolate"""	"""right"""	"""middle"""	"0.11"	"0"	"0"	"1"	"1"	"0"	"1"	"""2"""	"""1"""	"""TRUE"""	"""logical"""	"""FALSE"""	"-1"	"-1"	"-1"	"-1"	"-1"	"-1"	"""Determining what Bob will eat base on his past choices."""	"""None"""	"""21"""	"""m"""	"1"	"1"
"What is he talking about? (1-2 mins)"	"Short and fun! A 1-2 minute word game about what someone is talking about."	"experiment, psychology, game"	"$0.20"	"Wed Feb 26 12:59:11 PST 2014"	"400"	"0"	"0"	"400"	"Reviewable"	"NotReviewed"	"1 scales"	"600"	"60000"	"Wed Mar 05 12:59:11 PST 2014"	"S77457"	"Approved"	""	"""Christmas tree"""	"""star"""	"""lights"""	"""ornaments"""	"""left"""	"""middle"""	"0.11"	"0"	"0"	"1"	"1"	"0"	"1"	"""6"""	"""3"""	"""TRUE"""	"""logical"""	"""FALSE"""	"-1"	"-1"	"-1"	"-1"	"-1"	"-1"	"""xmas trees"""	""""""	""""""	"""m"""	"1"	"1"
"What is he talking about? (1-2 mins)"	"Short and fun! A 1-2 minute word game about what someone is talking about."	"experiment, psychology, game"	"$0.20"	"Wed Feb 26 12:59:11 PST 2014"	"400"	"0"	"0"	"400"	"Reviewable"	"NotReviewed"	"1 scales"	"600"	"60000"	"Wed Mar 05 12:59:11 PST 2014"	"S35871"	"Approved"	""	"""Christmas tree"""	"""star"""	"""lights"""	"""ornaments"""	"""right"""	"""left"""	"0.556"	"2"	"0"	"1"	"1"	"0"	"1"	"""4"""	"""3"""	"""TRUE"""	"""foil"""	"""FALSE"""	"-1"	"-1"	"-1"	"-1"	"-1"	"-1"	"""trimming trees"""	""""""	"""22"""	"""m"""	"1"	"1"
"What is he talking about? (1-2 mins)"	"Short and fun! A 1-2 minute word game about what someone is talking about."	"experiment, psychology, game"	"$0.20"	"Wed Feb 26 12:59:11 PST 2014"	"400"	"0"	"0"	"400"	"Reviewable"	"NotReviewed"	"1 scales"	"600"	"60000"	"Wed Mar 05 12:59:11 PST 2014"	"S48112"	"Approved"	""	"""Christmas tree"""	"""ornaments"""	"""lights"""	"""star"""	"""left"""	"""right"""	"0.778"	"3"	"0"	"1"	"1"	"0"	"1"	"""2"""	"""1"""	"""TRUE"""	"""target"""	"""TRUE"""	"-1"	"-1"	"-1"	"-1"	"-1"	"-1"	"""christmas trees"""	"""no"""	"""32"""	"""f"""	"1"	"1"
"What is he talking about? (1-2 mins)"	"Short and fun! A 1-2 minute word game about what someone is talking about."	"experiment, psychology, game"	"$0.20"	"Wed Feb 26 12:59:11 PST 2014"	"400"	"0"	"0"	"400"	"Reviewable"	"NotReviewed"	"1 scales"	"600"	"60000"	"Wed Mar 05 12:59:11 PST 2014"	"S89269"	"Approved"	""	"""pizza"""	"""mushrooms"""	"""peppers"""	"""olives"""	"""left"""	"""middle"""	"0.33"	"1"	"0"	"1"	"1"	"0"	"1"	"""2"""	"""1"""	"""TRUE"""	"""logical"""	"""FALSE"""	"-1"	"-1"	"-1"	"-1"	"-1"	"-1"	"""Bob's choice of pizza and predicting that choice"""	""""""	"""38"""	"""m"""	"1"	"1"
"What is he talking about? (1-2 mins)"	"Short and fun! A 1-2 minute word game about what someone is talking about."	"experiment, psychology, game"	"$0.20"	"Wed Feb 26 12:59:11 PST 2014"	"400"	"0"	"0"	"400"	"Reviewable"	"NotReviewed"	"1 scales"	"600"	"60000"	"Wed Mar 05 12:59:11 PST 2014"	"S00294"	"Approved"	""	"""boat"""	"""cabin"""	"""motor"""	"""sail"""	"""right"""	"""middle"""	"0.556"	"2"	"0"	"1"	"1"	"0"	"1"	"""3"""	"""3"""	"""TRUE"""	"""foil"""	"""FALSE"""	"-1"	"-1"	"-1"	"-1"	"-1"	"-1"	"""Memory test"""	"""no"""	"""20"""	"""m"""	"1"	"1"
"What is he talking about? (1-2 mins)"	"Short and fun! A 1-2 minute word game about what someone is talking about."	"experiment, psychology, game"	"$0.20"	"Wed Feb 26 12:59:11 PST 2014"	"400"	"0"	"0"	"400"	"Reviewable"	"NotReviewed"	"1 scales"	"600"	"60000"	"Wed Mar 05 12:59:11 PST 2014"	"S32967"	"Approved"	""	"""sundae"""	"""chocolate"""	"""cherry"""	"""whipped cream"""	"""middle"""	"""right"""	"0.11"	"0"	"0"	"1"	"1"	"0"	"1"	"""8"""	"""7"""	"""FALSE"""	"""logical"""	"""FALSE"""	"-1"	"-1"	"-1"	"-1"	"-1"	"-1"	"""Attention skills, sundae"""	""""""	""""""	"""M"""	"1"	"1"
"What is he talking about? (1-2 mins)"	"Short and fun! A 1-2 minute word game about what someone is talking about."	"experiment, psychology, game"	"$0.20"	"Wed Feb 26 12:59:11 PST 2014"	"400"	"0"	"0"	"400"	"Reviewable"	"NotReviewed"	"1 scales"	"600"	"60000"	"Wed Mar 05 12:59:11 PST 2014"	"S60567"	"Approved"	""	"""snowman"""	"""hat"""	"""scarf"""	"""mittens"""	"""right"""	"""left"""	"0.556"	"2"	"0"	"1"	"1"	"0"	"1"	"""2"""	"""1"""	"""FALSE"""	"""logical"""	"""FALSE"""	"-1"	"-1"	"-1"	"-1"	"-1"	"-1"	"""predicting what kind of snowman will be made next"""	""""""	"""23"""	"""m"""	"1"	"1"
"What is he talking about? (1-2 mins)"	"Short and fun! A 1-2 minute word game about what someone is talking about."	"experiment, psychology, game"	"$0.20"	"Wed Feb 26 12:59:11 PST 2014"	"400"	"0"	"0"	"400"	"Reviewable"	"NotReviewed"	"1 scales"	"600"	"60000"	"Wed Mar 05 12:59:11 PST 2014"	"S43520"	"Approved"	""	"""Christmas tree"""	"""star"""	"""ornaments"""	"""lights"""	"""middle"""	"""left"""	"0.33"	"1"	"0"	"1"	"1"	"0"	"1"	"""2"""	"""1"""	"""TRUE"""	"""target"""	"""TRUE"""	"-1"	"-1"	"-1"	"-1"	"-1"	"-1"	"""christmas trees"""	""""""	"""32"""	"""m """	"1"	"1"
"What is he talking about? (1-2 mins)"	"Short and fun! A 1-2 minute word game about what someone is talking about."	"experiment, psychology, game"	"$0.20"	"Wed Feb 26 12:59:11 PST 2014"	"400"	"0"	"0"	"400"	"Reviewable"	"NotReviewed"	"1 scales"	"600"	"60000"	"Wed Mar 05 12:59:11 PST 2014"	"S80347"	"Approved"	""	"""snowman"""	"""mittens"""	"""scarf"""	"""hat"""	"""left"""	"""middle"""	"0.556"	"2"	"0"	"1"	"1"	"0"	"1"	"""2"""	"""1"""	"""TRUE"""	"""logical"""	"""FALSE"""	"-1"	"-1"	"-1"	"-1"	"-1"	"-1"	"""snowmen"""	"""no"""	"""54"""	"""f"""	"1"	"1"
"What is he talking about? (1-2 mins)"	"Short and fun! A 1-2 minute word game about what someone is talking about."	"experiment, psychology, game"	"$0.20"	"Wed Feb 26 12:59:11 PST 2014"	"400"	"0"	"0"	"400"	"Reviewable"	"NotReviewed"	"1 scales"	"600"	"60000"	"Wed Mar 05 12:59:11 PST 2014"	"S93720"	"Approved"	""	"""snowman"""	"""mittens"""	"""scarf"""	"""hat"""	"""left"""	"""right"""	"0.11"	"0"	"0"	"1"	"1"	"0"	"1"	"""8"""	"""7"""	"""TRUE"""	"""logical"""	"""FALSE"""	"-1"	"-1"	"-1"	"-1"	"-1"	"-1"	"""How Bob decoares his snowmen. """	""""""	"""23"""	"""F"""	"1"	"1"
"What is he talking about? (1-2 mins)"	"Short and fun! A 1-2 minute word game about what someone is talking about."	"experiment, psychology, game"	"$0.20"	"Wed Feb 26 12:59:11 PST 2014"	"400"	"0"	"0"	"400"	"Reviewable"	"NotReviewed"	"1 scales"	"600"	"60000"	"Wed Mar 05 12:59:11 PST 2014"	"S17756"	"Approved"	""	"""friend"""	"""hat"""	"""mustache"""	"""glasses"""	"""right"""	"""left"""	"0.556"	"2"	"0"	"1"	"1"	"0"	"1"	"""2"""	"""1"""	"""TRUE"""	"""logical"""	"""FALSE"""	"-1"	"-1"	"-1"	"-1"	"-1"	"-1"	"""generalizing what somebody says based on what they usually do"""	""""""	""""""	"""f"""	"1"	"1"
"What is he talking about? (1-2 mins)"	"Short and fun! A 1-2 minute word game about what someone is talking about."	"experiment, psychology, game"	"$0.20"	"Wed Feb 26 12:59:11 PST 2014"	"400"	"0"	"0"	"400"	"Reviewable"	"NotReviewed"	"1 scales"	"600"	"60000"	"Wed Mar 05 12:59:11 PST 2014"	"S98210"	"Approved"	""	"""friend"""	"""hat"""	"""mustache"""	"""glasses"""	"""right"""	"""left"""	"0.556"	"2"	"0"	"1"	"1"	"0"	"1"	"""4"""	"""3"""	"""TRUE"""	"""logical"""	"""FALSE"""	"-1"	"-1"	"-1"	"-1"	"-1"	"-1"	"""Bob's friends"""	""""""	"""29"""	"""Male"""	"1"	"1"
"What is he talking about? (1-2 mins)"	"Short and fun! A 1-2 minute word game about what someone is talking about."	"experiment, psychology, game"	"$0.20"	"Wed Feb 26 12:59:11 PST 2014"	"400"	"0"	"0"	"400"	"Reviewable"	"NotReviewed"	"1 scales"	"600"	"60000"	"Wed Mar 05 12:59:11 PST 2014"	"S93540"	"Approved"	""	"""Christmas tree"""	"""ornaments"""	"""lights"""	"""star"""	"""left"""	"""right"""	"0.556"	"2"	"0"	"1"	"1"	"0"	"1"	"""8"""	"""3"""	"""TRUE"""	"""logical"""	"""FALSE"""	"-1"	"-1"	"-1"	"-1"	"-1"	"-1"	"""trimming christmas trees"""	""""""	"""28"""	"""f"""	"1"	"1"
"What is he talking about? (1-2 mins)"	"Short and fun! A 1-2 minute word game about what someone is talking about."	"experiment, psychology, game"	"$0.20"	"Wed Feb 26 12:59:11 PST 2014"	"400"	"0"	"0"	"400"	"Reviewable"	"NotReviewed"	"1 scales"	"600"	"60000"	"Wed Mar 05 12:59:11 PST 2014"	"S65180"	"Approved"	""	"""sundae"""	"""chocolate"""	"""cherry"""	"""whipped cream"""	"""middle"""	"""left"""	"0.556"	"2"	"0"	"1"	"1"	"0"	"1"	"""2"""	"""1"""	"""TRUE"""	"""target"""	"""TRUE"""	"-1"	"-1"	"-1"	"-1"	"-1"	"-1"	"""Interpreting language with limited contextual information."""	"""No"""	"""25"""	"""m"""	"1"	"1"
"What is he talking about? (1-2 mins)"	"Short and fun! A 1-2 minute word game about what someone is talking about."	"experiment, psychology, game"	"$0.20"	"Wed Feb 26 12:59:11 PST 2014"	"400"	"0"	"0"	"400"	"Reviewable"	"NotReviewed"	"1 scales"	"600"	"60000"	"Wed Mar 05 12:59:11 PST 2014"	"S47756"	"Approved"	""	"""boat"""	"""cabin"""	"""motor"""	"""sail"""	"""left"""	"""middle"""	"0.778"	"3"	"0"	"1"	"1"	"0"	"1"	"""2"""	"""1"""	"""TRUE"""	"""target"""	"""TRUE"""	"-1"	"-1"	"-1"	"-1"	"-1"	"-1"	"""Guessing"""	"""nope!"""	"""19"""	"""m"""	"1"	"1"
"What is he talking about? (1-2 mins)"	"Short and fun! A 1-2 minute word game about what someone is talking about."	"experiment, psychology, game"	"$0.20"	"Wed Feb 26 12:59:11 PST 2014"	"400"	"0"	"0"	"400"	"Reviewable"	"NotReviewed"	"1 scales"	"600"	"60000"	"Wed Mar 05 12:59:11 PST 2014"	"S15058"	"Approved"	""	"""Christmas tree"""	"""ornaments"""	"""star"""	"""lights"""	"""left"""	"""right"""	"0.556"	"2"	"0"	"1"	"1"	"0"	"1"	"""3"""	"""2"""	"""TRUE"""	"""target"""	"""TRUE"""	"-1"	"-1"	"-1"	"-1"	"-1"	"-1"	"""Bob who trims christmas trees everyday"""	""""""	"""18"""	"""m"""	"1"	"1"
"What is he talking about? (1-2 mins)"	"Short and fun! A 1-2 minute word game about what someone is talking about."	"experiment, psychology, game"	"$0.20"	"Wed Feb 26 12:59:11 PST 2014"	"400"	"0"	"0"	"400"	"Reviewable"	"NotReviewed"	"1 scales"	"600"	"60000"	"Wed Mar 05 12:59:11 PST 2014"	"S18312"	"Approved"	""	"""snowman"""	"""scarf"""	"""mittens"""	"""hat"""	"""right"""	"""middle"""	"0.556"	"2"	"0"	"1"	"1"	"0"	"1"	"""2"""	"""1"""	"""TRUE"""	"""logical"""	"""FALSE"""	"-1"	"-1"	"-1"	"-1"	"-1"	"-1"	"""Snowmen Bob has made."""	""""""	"""39"""	"""m"""	"1"	"1"
"What is he talking about? (1-2 mins)"	"Short and fun! A 1-2 minute word game about what someone is talking about."	"experiment, psychology, game"	"$0.20"	"Wed Feb 26 12:59:11 PST 2014"	"400"	"0"	"0"	"400"	"Reviewable"	"NotReviewed"	"1 scales"	"600"	"60000"	"Wed Mar 05 12:59:11 PST 2014"	"S19813"	"Approved"	""	"""friend"""	"""hat"""	"""glasses"""	"""mustache"""	"""right"""	"""middle"""	"0.556"	"2"	"0"	"1"	"1"	"0"	"1"	"""2"""	"""1"""	"""TRUE"""	"""logical"""	"""FALSE"""	"-1"	"-1"	"-1"	"-1"	"-1"	"-1"	"""seeing who bob meet during certain weeks"""	"""none"""	"""23"""	"""m"""	"1"	"1"
"What is he talking about? (1-2 mins)"	"Short and fun! A 1-2 minute word game about what someone is talking about."	"experiment, psychology, game"	"$0.20"	"Wed Feb 26 12:59:11 PST 2014"	"400"	"0"	"0"	"400"	"Reviewable"	"NotReviewed"	"1 scales"	"600"	"60000"	"Wed Mar 05 12:59:11 PST 2014"	"S44151"	"Approved"	""	"""snowman"""	"""hat"""	"""scarf"""	"""mittens"""	"""right"""	"""left"""	"0.33"	"1"	"0"	"1"	"1"	"0"	"1"	"""2"""	"""1"""	"""TRUE"""	"""logical"""	"""FALSE"""	"-1"	"-1"	"-1"	"-1"	"-1"	"-1"	"""It was guessing how someone was meaning based on a series of events over the passed 9 years. """	"""No"""	"""29"""	"""Male"""	"1"	"1"
"What is he talking about? (1-2 mins)"	"Short and fun! A 1-2 minute word game about what someone is talking about."	"experiment, psychology, game"	"$0.20"	"Wed Feb 26 12:59:11 PST 2014"	"400"	"0"	"0"	"400"	"Reviewable"	"NotReviewed"	"1 scales"	"600"	"60000"	"Wed Mar 05 12:59:11 PST 2014"	"S74107"	"Approved"	""	"""boat"""	"""cabin"""	"""sail"""	"""motor"""	"""left"""	"""middle"""	"0.556"	"2"	"0"	"1"	"1"	"0"	"1"	"""5"""	"""3"""	"""TRUE"""	"""logical"""	"""FALSE"""	"-1"	"-1"	"-1"	"-1"	"-1"	"-1"	"""boats"""	"""no"""	"""34"""	"""f"""	"1"	"1"
"What is he talking about? (1-2 mins)"	"Short and fun! A 1-2 minute word game about what someone is talking about."	"experiment, psychology, game"	"$0.20"	"Wed Feb 26 12:59:11 PST 2014"	"400"	"0"	"0"	"400"	"Reviewable"	"NotReviewed"	"1 scales"	"600"	"60000"	"Wed Mar 05 12:59:11 PST 2014"	"S34432"	"Approved"	""	"""sundae"""	"""whipped cream"""	"""chocolate"""	"""cherry"""	"""middle"""	"""right"""	"0.556"	"2"	"0"	"1"	"1"	"0"	"1"	"""2"""	"""1"""	"""TRUE"""	"""logical"""	"""FALSE"""	"-1"	"-1"	"-1"	"-1"	"-1"	"-1"	"""What you can predict what a person will say."""	""""""	"""26"""	"""m"""	"1"	"1"
"What is he talking about? (1-2 mins)"	"Short and fun! A 1-2 minute word game about what someone is talking about."	"experiment, psychology, game"	"$0.20"	"Wed Feb 26 12:59:11 PST 2014"	"400"	"0"	"0"	"400"	"Reviewable"	"NotReviewed"	"1 scales"	"600"	"60000"	"Wed Mar 05 12:59:11 PST 2014"	"S75182"	"Approved"	""	"""Christmas tree"""	"""ornaments"""	"""lights"""	"""star"""	"""middle"""	"""left"""	"0.778"	"3"	"0"	"1"	"1"	"0"	"1"	"""2"""	"""1"""	"""TRUE"""	"""target"""	"""TRUE"""	"-1"	"-1"	"-1"	"-1"	"-1"	"-1"	"""Christmas trees"""	""""""	"""23"""	"""f"""	"1"	"1"
"What is he talking about? (1-2 mins)"	"Short and fun! A 1-2 minute word game about what someone is talking about."	"experiment, psychology, game"	"$0.20"	"Wed Feb 26 12:59:11 PST 2014"	"400"	"0"	"0"	"400"	"Reviewable"	"NotReviewed"	"1 scales"	"600"	"60000"	"Wed Mar 05 12:59:11 PST 2014"	"S07606"	"Approved"	""	"""boat"""	"""sail"""	"""motor"""	"""cabin"""	"""middle"""	"""right"""	"0.556"	"2"	"0"	"1"	"1"	"0"	"1"	"""2"""	"""1"""	"""TRUE"""	"""target"""	"""TRUE"""	"-1"	"-1"	"-1"	"-1"	"-1"	"-1"	"""A guy and his boating hobby"""	"""no"""	""""""	""""""	"1"	"1"
"What is he talking about? (1-2 mins)"	"Short and fun! A 1-2 minute word game about what someone is talking about."	"experiment, psychology, game"	"$0.20"	"Wed Feb 26 12:59:11 PST 2014"	"400"	"0"	"0"	"400"	"Reviewable"	"NotReviewed"	"1 scales"	"600"	"60000"	"Wed Mar 05 12:59:11 PST 2014"	"S61660"	"Approved"	""	"""pizza"""	"""mushrooms"""	"""peppers"""	"""olives"""	"""right"""	"""left"""	"0.778"	"3"	"0"	"1"	"1"	"0"	"1"	"""2"""	"""1"""	"""TRUE"""	"""target"""	"""TRUE"""	"-1"	"-1"	"-1"	"-1"	"-1"	"-1"	"""What pizzas Bob will eat"""	""""""	"""22"""	"""m"""	"1"	"1"
"What is he talking about? (1-2 mins)"	"Short and fun! A 1-2 minute word game about what someone is talking about."	"experiment, psychology, game"	"$0.20"	"Wed Feb 26 12:59:11 PST 2014"	"400"	"0"	"0"	"400"	"Reviewable"	"NotReviewed"	"1 scales"	"600"	"60000"	"Wed Mar 05 12:59:11 PST 2014"	"S72999"	"Approved"	""	"""sundae"""	"""chocolate"""	"""cherry"""	"""whipped cream"""	"""right"""	"""middle"""	"0.778"	"3"	"0"	"1"	"1"	"0"	"1"	"""2"""	"""1"""	"""FALSE"""	"""target"""	"""TRUE"""	"-1"	"-1"	"-1"	"-1"	"-1"	"-1"	"""It was about Tim's topping choices on sundaes."""	""""""	"""31"""	"""f"""	"1"	"1"
"What is he talking about? (1-2 mins)"	"Short and fun! A 1-2 minute word game about what someone is talking about."	"experiment, psychology, game"	"$0.20"	"Wed Feb 26 12:59:11 PST 2014"	"400"	"0"	"0"	"400"	"Reviewable"	"NotReviewed"	"1 scales"	"600"	"60000"	"Wed Mar 05 12:59:11 PST 2014"	"S86057"	"Approved"	""	"""friend"""	"""glasses"""	"""hat"""	"""mustache"""	"""middle"""	"""left"""	"0.556"	"2"	"0"	"1"	"1"	"0"	"1"	"""2"""	"""1"""	"""TRUE"""	"""target"""	"""TRUE"""	"-1"	"-1"	"-1"	"-1"	"-1"	"-1"	"""The friends that bob visits."""	"""No."""	"""33"""	"""m"""	"1"	"1"
"What is he talking about? (1-2 mins)"	"Short and fun! A 1-2 minute word game about what someone is talking about."	"experiment, psychology, game"	"$0.20"	"Wed Feb 26 12:59:11 PST 2014"	"400"	"0"	"0"	"400"	"Reviewable"	"NotReviewed"	"1 scales"	"600"	"60000"	"Wed Mar 05 12:59:11 PST 2014"	"S88212"	"Approved"	""	"""friend"""	"""glasses"""	"""hat"""	"""mustache"""	"""left"""	"""middle"""	"0.33"	"1"	"0"	"1"	"1"	"0"	"1"	"""2"""	"""1"""	"""TRUE"""	"""target"""	"""TRUE"""	"-1"	"-1"	"-1"	"-1"	"-1"	"-1"	"""Ambiguity."""	""""""	"""23"""	"""m"""	"1"	"1"
"What is he talking about? (1-2 mins)"	"Short and fun! A 1-2 minute word game about what someone is talking about."	"experiment, psychology, game"	"$0.20"	"Wed Feb 26 12:59:11 PST 2014"	"400"	"0"	"0"	"400"	"Reviewable"	"NotReviewed"	"1 scales"	"600"	"60000"	"Wed Mar 05 12:59:11 PST 2014"	"S84190"	"Approved"	""	"""snowman"""	"""hat"""	"""scarf"""	"""mittens"""	"""middle"""	"""left"""	"0.778"	"3"	"0"	"1"	"1"	"0"	"1"	"""2"""	"""1"""	"""TRUE"""	"""logical"""	"""FALSE"""	"-1"	"-1"	"-1"	"-1"	"-1"	"-1"	"""Bob has a history of making snowmen, and you have to figure out what kind of snowman he'll make next time"""	""""""	"""23"""	"""m"""	"1"	"1"
"What is he talking about? (1-2 mins)"	"Short and fun! A 1-2 minute word game about what someone is talking about."	"experiment, psychology, game"	"$0.20"	"Wed Feb 26 12:59:11 PST 2014"	"400"	"0"	"0"	"400"	"Reviewable"	"NotReviewed"	"1 scales"	"600"	"60000"	"Wed Mar 05 12:59:11 PST 2014"	"S07299"	"Approved"	""	"""boat"""	"""sail"""	"""cabin"""	"""motor"""	"""left"""	"""middle"""	"0.778"	"3"	"0"	"1"	"1"	"0"	"1"	"""2"""	"""1"""	"""TRUE"""	"""target"""	"""TRUE"""	"-1"	"-1"	"-1"	"-1"	"-1"	"-1"	"""i have no idea"""	"""weird"""	"""35"""	"""m"""	"1"	"1"
"What is he talking about? (1-2 mins)"	"Short and fun! A 1-2 minute word game about what someone is talking about."	"experiment, psychology, game"	"$0.20"	"Wed Feb 26 12:59:11 PST 2014"	"400"	"0"	"0"	"400"	"Reviewable"	"NotReviewed"	"1 scales"	"600"	"60000"	"Wed Mar 05 12:59:11 PST 2014"	"S10250"	"Approved"	""	"""sundae"""	"""chocolate"""	"""whipped cream"""	"""cherry"""	"""right"""	"""middle"""	"0.33"	"1"	"0"	"1"	"1"	"0"	"1"	"""2"""	"""1"""	"""TRUE"""	"""logical"""	"""FALSE"""	"-1"	"-1"	"-1"	"-1"	"-1"	"-1"	"""Eating sundaes every week"""	"""Nope"""	"""18"""	"""m"""	"1"	"1"
"What is he talking about? (1-2 mins)"	"Short and fun! A 1-2 minute word game about what someone is talking about."	"experiment, psychology, game"	"$0.20"	"Wed Feb 26 12:59:11 PST 2014"	"400"	"0"	"0"	"400"	"Reviewable"	"NotReviewed"	"1 scales"	"600"	"60000"	"Wed Mar 05 12:59:11 PST 2014"	"S51176"	"Approved"	""	"""sundae"""	"""whipped cream"""	"""cherry"""	"""chocolate"""	"""left"""	"""middle"""	"0.11"	"0"	"0"	"1"	"1"	"0"	"1"	"""2"""	"""1"""	"""TRUE"""	"""logical"""	"""FALSE"""	"-1"	"-1"	"-1"	"-1"	"-1"	"-1"	"""I don't know"""	"""None"""	"""21"""	"""m"""	"1"	"1"
"What is he talking about? (1-2 mins)"	"Short and fun! A 1-2 minute word game about what someone is talking about."	"experiment, psychology, game"	"$0.20"	"Wed Feb 26 12:59:11 PST 2014"	"400"	"0"	"0"	"400"	"Reviewable"	"NotReviewed"	"1 scales"	"600"	"60000"	"Wed Mar 05 12:59:11 PST 2014"	"S65159"	"Approved"	""	"""boat"""	"""sail"""	"""cabin"""	"""motor"""	"""left"""	"""middle"""	"0.33"	"1"	"0"	"1"	"1"	"0"	"1"	"""2"""	"""1"""	"""TRUE"""	"""logical"""	"""FALSE"""	"-1"	"-1"	"-1"	"-1"	"-1"	"-1"	"""sailboats and making choices using probability"""	""""""	"""24"""	"""f"""	"1"	"1"
"What is he talking about? (1-2 mins)"	"Short and fun! A 1-2 minute word game about what someone is talking about."	"experiment, psychology, game"	"$0.20"	"Wed Feb 26 12:59:11 PST 2014"	"400"	"0"	"0"	"400"	"Reviewable"	"NotReviewed"	"1 scales"	"600"	"60000"	"Wed Mar 05 12:59:11 PST 2014"	"S47324"	"Approved"	""	"""sundae"""	"""cherry"""	"""whipped cream"""	"""chocolate"""	"""right"""	"""left"""	"0.33"	"1"	"0"	"1"	"1"	"0"	"1"	"""2"""	"""1"""	"""TRUE"""	"""logical"""	"""FALSE"""	"-1"	"-1"	"-1"	"-1"	"-1"	"-1"	"""Sundaes"""	""""""	"""24"""	"""M"""	"1"	"1"
"What is he talking about? (1-2 mins)"	"Short and fun! A 1-2 minute word game about what someone is talking about."	"experiment, psychology, game"	"$0.20"	"Wed Feb 26 12:59:11 PST 2014"	"400"	"0"	"0"	"400"	"Reviewable"	"NotReviewed"	"1 scales"	"600"	"60000"	"Wed Mar 05 12:59:11 PST 2014"	"S81369"	"Approved"	""	"""Christmas tree"""	"""star"""	"""ornaments"""	"""lights"""	"""left"""	"""middle"""	"0.778"	"3"	"0"	"1"	"1"	"0"	"1"	"""1"""	"""1"""	"""TRUE"""	"""logical"""	"""FALSE"""	"-1"	"-1"	"-1"	"-1"	"-1"	"-1"	"""memory"""	""""""	"""24"""	"""f"""	"1"	"1"
"What is he talking about? (1-2 mins)"	"Short and fun! A 1-2 minute word game about what someone is talking about."	"experiment, psychology, game"	"$0.20"	"Wed Feb 26 12:59:11 PST 2014"	"400"	"0"	"0"	"400"	"Reviewable"	"NotReviewed"	"1 scales"	"600"	"60000"	"Wed Mar 05 12:59:11 PST 2014"	"S11982"	"Approved"	""	"""Christmas tree"""	"""ornaments"""	"""lights"""	"""star"""	"""right"""	"""middle"""	"0.33"	"1"	"0"	"1"	"1"	"0"	"1"	"""2"""	"""5"""	"""TRUE"""	"""foil"""	"""FALSE"""	"-1"	"-1"	"-1"	"-1"	"-1"	"-1"	"""memory"""	"""nope"""	"""28"""	"""m"""	"1"	"1"
"What is he talking about? (1-2 mins)"	"Short and fun! A 1-2 minute word game about what someone is talking about."	"experiment, psychology, game"	"$0.20"	"Wed Feb 26 12:59:11 PST 2014"	"400"	"0"	"0"	"400"	"Reviewable"	"NotReviewed"	"1 scales"	"600"	"60000"	"Wed Mar 05 12:59:11 PST 2014"	"S54881"	"Approved"	""	"""friend"""	"""hat"""	"""glasses"""	"""mustache"""	"""right"""	"""middle"""	"0.778"	"3"	"0"	"1"	"1"	"0"	"1"	"""2"""	"""1"""	"""TRUE"""	"""logical"""	"""FALSE"""	"-1"	"-1"	"-1"	"-1"	"-1"	"-1"	"""Meeting his friends, as well as guessing what he meant by mumblemumble."""	"""This was very intersting. Not sure what it is for."""	"""22"""	"""m"""	"1"	"1"
"What is he talking about? (1-2 mins)"	"Short and fun! A 1-2 minute word game about what someone is talking about."	"experiment, psychology, game"	"$0.20"	"Wed Feb 26 12:59:11 PST 2014"	"400"	"0"	"0"	"400"	"Reviewable"	"NotReviewed"	"1 scales"	"600"	"60000"	"Wed Mar 05 12:59:11 PST 2014"	"S51995"	"Approved"	""	"""snowman"""	"""hat"""	"""mittens"""	"""scarf"""	"""right"""	"""middle"""	"0.778"	"3"	"0"	"1"	"1"	"0"	"1"	"""2"""	"""1"""	"""TRUE"""	"""logical"""	"""FALSE"""	"-1"	"-1"	"-1"	"-1"	"-1"	"-1"	"""guess what bob will make next"""	""""""	""""""	"""m"""	"1"	"1"
"What is he talking about? (1-2 mins)"	"Short and fun! A 1-2 minute word game about what someone is talking about."	"experiment, psychology, game"	"$0.20"	"Wed Feb 26 12:59:11 PST 2014"	"400"	"0"	"0"	"400"	"Reviewable"	"NotReviewed"	"1 scales"	"600"	"60000"	"Wed Mar 05 12:59:11 PST 2014"	"S07769"	"Approved"	""	"""sundae"""	"""whipped cream"""	"""chocolate"""	"""cherry"""	"""middle"""	"""left"""	"0.556"	"2"	"0"	"1"	"1"	"0"	"1"	"""2"""	"""1"""	"""TRUE"""	"""logical"""	"""FALSE"""	"-1"	"-1"	"-1"	"-1"	"-1"	"-1"	"""Ice cream"""	"""No"""	"""21"""	"""M"""	"1"	"1"
"What is he talking about? (1-2 mins)"	"Short and fun! A 1-2 minute word game about what someone is talking about."	"experiment, psychology, game"	"$0.20"	"Wed Feb 26 12:59:11 PST 2014"	"400"	"0"	"0"	"400"	"Reviewable"	"NotReviewed"	"1 scales"	"600"	"60000"	"Wed Mar 05 12:59:11 PST 2014"	"S57300"	"Approved"	""	"""pizza"""	"""mushrooms"""	"""olives"""	"""peppers"""	"""left"""	"""right"""	"0.33"	"1"	"0"	"1"	"1"	"0"	"1"	"""2"""	"""1"""	"""TRUE"""	"""target"""	"""TRUE"""	"-1"	"-1"	"-1"	"-1"	"-1"	"-1"	"""Bob's pizza choices"""	""""""	"""24"""	"""f"""	"1"	"1"
"What is he talking about? (1-2 mins)"	"Short and fun! A 1-2 minute word game about what someone is talking about."	"experiment, psychology, game"	"$0.20"	"Wed Feb 26 12:59:11 PST 2014"	"400"	"0"	"0"	"400"	"Reviewable"	"NotReviewed"	"1 scales"	"600"	"60000"	"Wed Mar 05 12:59:11 PST 2014"	"S82820"	"Approved"	""	"""friend"""	"""mustache"""	"""glasses"""	"""hat"""	"""right"""	"""left"""	"0.556"	"2"	"0"	"1"	"1"	"0"	"1"	"""2"""	"""1"""	"""TRUE"""	"""target"""	"""TRUE"""	"-1"	"-1"	"-1"	"-1"	"-1"	"-1"	"""no idea"""	""""""	"""38"""	"""m"""	"1"	"1"
"What is he talking about? (1-2 mins)"	"Short and fun! A 1-2 minute word game about what someone is talking about."	"experiment, psychology, game"	"$0.20"	"Wed Feb 26 12:59:11 PST 2014"	"400"	"0"	"0"	"400"	"Reviewable"	"NotReviewed"	"1 scales"	"600"	"60000"	"Wed Mar 05 12:59:11 PST 2014"	"S15882"	"Approved"	""	"""snowman"""	"""hat"""	"""mittens"""	"""scarf"""	"""middle"""	"""right"""	"0.33"	"1"	"0"	"1"	"1"	"0"	"1"	"""2"""	"""1"""	"""TRUE"""	"""logical"""	"""FALSE"""	"-1"	"-1"	"-1"	"-1"	"-1"	"-1"	"""Learning ques from a message"""	""""""	"""27"""	"""m"""	"1"	"1"
"What is he talking about? (1-2 mins)"	"Short and fun! A 1-2 minute word game about what someone is talking about."	"experiment, psychology, game"	"$0.20"	"Wed Feb 26 12:59:11 PST 2014"	"400"	"0"	"0"	"400"	"Reviewable"	"NotReviewed"	"1 scales"	"600"	"60000"	"Wed Mar 05 12:59:11 PST 2014"	"S66569"	"Approved"	""	"""Christmas tree"""	"""lights"""	"""star"""	"""ornaments"""	"""right"""	"""middle"""	"0.778"	"3"	"0"	"1"	"1"	"0"	"1"	"""2"""	"""1"""	"""TRUE"""	"""logical"""	"""FALSE"""	"-1"	"-1"	"-1"	"-1"	"-1"	"-1"	"""Trimmin christmas trees :)"""	"""Word"""	"""36"""	"""m"""	"1"	"1"
"What is he talking about? (1-2 mins)"	"Short and fun! A 1-2 minute word game about what someone is talking about."	"experiment, psychology, game"	"$0.20"	"Wed Feb 26 12:59:11 PST 2014"	"400"	"0"	"0"	"400"	"Reviewable"	"NotReviewed"	"1 scales"	"600"	"60000"	"Wed Mar 05 12:59:11 PST 2014"	"S59073"	"Approved"	""	"""Christmas tree"""	"""star"""	"""lights"""	"""ornaments"""	"""left"""	"""middle"""	"0.11"	"0"	"0"	"1"	"1"	"0"	"1"	"""4"""	"""6"""	"""TRUE"""	"""logical"""	"""FALSE"""	"-1"	"-1"	"-1"	"-1"	"-1"	"-1"	"""Christmas Trees"""	"""Thanks"""	"""21"""	"""m"""	"1"	"1"
"What is he talking about? (1-2 mins)"	"Short and fun! A 1-2 minute word game about what someone is talking about."	"experiment, psychology, game"	"$0.20"	"Wed Feb 26 12:59:11 PST 2014"	"400"	"0"	"0"	"400"	"Reviewable"	"NotReviewed"	"1 scales"	"600"	"60000"	"Wed Mar 05 12:59:11 PST 2014"	"S77321"	"Approved"	""	"""pizza"""	"""peppers"""	"""mushrooms"""	"""olives"""	"""right"""	"""left"""	"0.33"	"1"	"0"	"1"	"1"	"0"	"1"	"""7"""	"""5"""	"""TRUE"""	"""logical"""	"""FALSE"""	"-1"	"-1"	"-1"	"-1"	"-1"	"-1"	"""What Bob eats."""	""""""	"""21"""	"""f"""	"1"	"1"
"What is he talking about? (1-2 mins)"	"Short and fun! A 1-2 minute word game about what someone is talking about."	"experiment, psychology, game"	"$0.20"	"Wed Feb 26 12:59:11 PST 2014"	"400"	"0"	"0"	"400"	"Reviewable"	"NotReviewed"	"1 scales"	"600"	"60000"	"Wed Mar 05 12:59:11 PST 2014"	"S20730"	"Approved"	""	"""snowman"""	"""mittens"""	"""hat"""	"""scarf"""	"""left"""	"""middle"""	"0.11"	"0"	"0"	"1"	"1"	"0"	"1"	"""8"""	"""7"""	"""TRUE"""	"""target"""	"""TRUE"""	"-1"	"-1"	"-1"	"-1"	"-1"	"-1"	"""What is Bob talking about"""	"""No"""	""""""	"""female"""	"1"	"1"
"What is he talking about? (1-2 mins)"	"Short and fun! A 1-2 minute word game about what someone is talking about."	"experiment, psychology, game"	"$0.20"	"Wed Feb 26 12:59:11 PST 2014"	"400"	"0"	"0"	"400"	"Reviewable"	"NotReviewed"	"1 scales"	"600"	"60000"	"Wed Mar 05 12:59:11 PST 2014"	"S39573"	"Approved"	""	"""sundae"""	"""whipped cream"""	"""cherry"""	"""chocolate"""	"""left"""	"""right"""	"0.33"	"1"	"0"	"1"	"1"	"0"	"1"	"""4"""	"""4"""	"""TRUE"""	"""logical"""	"""FALSE"""	"-1"	"-1"	"-1"	"-1"	"-1"	"-1"	"""It's about how this guy likes to eat a sundae every Friday and these are the sundaes he ate every Friday for several weeks. What do you think he'll eat this Friday?"""	"""None"""	"""21"""	"""F"""	"1"	"1"
"What is he talking about? (1-2 mins)"	"Short and fun! A 1-2 minute word game about what someone is talking about."	"experiment, psychology, game"	"$0.20"	"Wed Feb 26 12:59:11 PST 2014"	"400"	"0"	"0"	"400"	"Reviewable"	"NotReviewed"	"1 scales"	"600"	"60000"	"Wed Mar 05 12:59:11 PST 2014"	"S83398"	"Approved"	""	"""Christmas tree"""	"""ornaments"""	"""star"""	"""lights"""	"""middle"""	"""right"""	"0.11"	"0"	"0"	"1"	"1"	"0"	"1"	"""2"""	"""1"""	"""TRUE"""	"""target"""	"""TRUE"""	"-1"	"-1"	"-1"	"-1"	"-1"	"-1"	"""Trimming trees"""	"""No"""	"""23"""	"""m"""	"1"	"1"
"What is he talking about? (1-2 mins)"	"Short and fun! A 1-2 minute word game about what someone is talking about."	"experiment, psychology, game"	"$0.20"	"Wed Feb 26 12:59:11 PST 2014"	"400"	"0"	"0"	"400"	"Reviewable"	"NotReviewed"	"1 scales"	"600"	"60000"	"Wed Mar 05 12:59:11 PST 2014"	"S40838"	"Approved"	""	"""boat"""	"""sail"""	"""motor"""	"""cabin"""	"""middle"""	"""right"""	"0.11"	"0"	"0"	"1"	"1"	"0"	"1"	"""2"""	"""1"""	"""TRUE"""	"""logical"""	"""FALSE"""	"-1"	"-1"	"-1"	"-1"	"-1"	"-1"	"""Predicting which boat he would sail"""	""""""	"""30"""	"""m"""	"1"	"1"
"What is he talking about? (1-2 mins)"	"Short and fun! A 1-2 minute word game about what someone is talking about."	"experiment, psychology, game"	"$0.20"	"Wed Feb 26 12:59:11 PST 2014"	"400"	"0"	"0"	"400"	"Reviewable"	"NotReviewed"	"1 scales"	"600"	"60000"	"Wed Mar 05 12:59:11 PST 2014"	"S86183"	"Approved"	""	"""Christmas tree"""	"""star"""	"""lights"""	"""ornaments"""	"""left"""	"""middle"""	"0.11"	"0"	"0"	"1"	"1"	"0"	"1"	"""8"""	"""7"""	"""TRUE"""	"""logical"""	"""FALSE"""	"-1"	"-1"	"-1"	"-1"	"-1"	"-1"	"""Not sure."""	"""No."""	""""""	"""m"""	"1"	"1"
"What is he talking about? (1-2 mins)"	"Short and fun! A 1-2 minute word game about what someone is talking about."	"experiment, psychology, game"	"$0.20"	"Wed Feb 26 12:59:11 PST 2014"	"400"	"0"	"0"	"400"	"Reviewable"	"NotReviewed"	"1 scales"	"600"	"60000"	"Wed Mar 05 12:59:11 PST 2014"	"S18655"	"Approved"	""	"""Christmas tree"""	"""lights"""	"""star"""	"""ornaments"""	"""right"""	"""middle"""	"0.556"	"2"	"0"	"1"	"1"	"0"	"1"	"""5"""	"""3"""	"""TRUE"""	"""target"""	"""TRUE"""	"-1"	"-1"	"-1"	"-1"	"-1"	"-1"	"""About trimmin Christmas Trees"""	"""nope"""	"""27"""	"""m"""	"1"	"1"
"What is he talking about? (1-2 mins)"	"Short and fun! A 1-2 minute word game about what someone is talking about."	"experiment, psychology, game"	"$0.20"	"Wed Feb 26 12:59:11 PST 2014"	"400"	"0"	"0"	"400"	"Reviewable"	"NotReviewed"	"1 scales"	"600"	"60000"	"Wed Mar 05 12:59:11 PST 2014"	"S62842"	"Approved"	""	"""boat"""	"""cabin"""	"""sail"""	"""motor"""	"""left"""	"""right"""	"0.11"	"0"	"0"	"1"	"1"	"0"	"1"	"""6"""	"""5"""	"""TRUE"""	"""foil"""	"""FALSE"""	"-1"	"-1"	"-1"	"-1"	"-1"	"-1"	"""boats"""	""""""	"""23"""	"""m"""	"1"	"1"
"What is he talking about? (1-2 mins)"	"Short and fun! A 1-2 minute word game about what someone is talking about."	"experiment, psychology, game"	"$0.20"	"Wed Feb 26 12:59:11 PST 2014"	"400"	"0"	"0"	"400"	"Reviewable"	"NotReviewed"	"1 scales"	"600"	"60000"	"Wed Mar 05 12:59:11 PST 2014"	"S78690"	"Approved"	""	"""pizza"""	"""peppers"""	"""mushrooms"""	"""olives"""	"""middle"""	"""left"""	"0.33"	"1"	"0"	"1"	"1"	"0"	"1"	"""2"""	"""1"""	"""TRUE"""	"""logical"""	"""FALSE"""	"-1"	"-1"	"-1"	"-1"	"-1"	"-1"	"""What someone eats on a pizza / ordering habits."""	"""no"""	"""23"""	"""m"""	"1"	"1"
"What is he talking about? (1-2 mins)"	"Short and fun! A 1-2 minute word game about what someone is talking about."	"experiment, psychology, game"	"$0.20"	"Wed Feb 26 12:59:11 PST 2014"	"400"	"0"	"0"	"400"	"Reviewable"	"NotReviewed"	"1 scales"	"600"	"60000"	"Wed Mar 05 12:59:11 PST 2014"	"S38955"	"Approved"	""	"""Christmas tree"""	"""star"""	"""lights"""	"""ornaments"""	"""middle"""	"""left"""	"0.33"	"1"	"0"	"1"	"1"	"0"	"1"	"""2"""	"""1"""	"""TRUE"""	"""foil"""	"""FALSE"""	"-1"	"-1"	"-1"	"-1"	"-1"	"-1"	"""Figuring out what I thought Bob meant."""	"""No."""	"""32"""	"""m"""	"1"	"1"
"What is he talking about? (1-2 mins)"	"Short and fun! A 1-2 minute word game about what someone is talking about."	"experiment, psychology, game"	"$0.20"	"Wed Feb 26 12:59:11 PST 2014"	"400"	"0"	"0"	"400"	"Reviewable"	"NotReviewed"	"1 scales"	"600"	"60000"	"Wed Mar 05 12:59:11 PST 2014"	"S45101"	"Approved"	""	"""Christmas tree"""	"""ornaments"""	"""star"""	"""lights"""	"""right"""	"""left"""	"0.556"	"2"	"0"	"1"	"1"	"0"	"1"	"""2"""	"""1"""	"""TRUE"""	"""logical"""	"""FALSE"""	"-1"	"-1"	"-1"	"-1"	"-1"	"-1"	"""Better understanding miss-communication, and different meanings for the same thing """	""""""	"""23"""	"""F"""	"1"	"1"
"What is he talking about? (1-2 mins)"	"Short and fun! A 1-2 minute word game about what someone is talking about."	"experiment, psychology, game"	"$0.20"	"Wed Feb 26 12:59:11 PST 2014"	"400"	"0"	"0"	"400"	"Reviewable"	"NotReviewed"	"1 scales"	"600"	"60000"	"Wed Mar 05 12:59:11 PST 2014"	"S43996"	"Approved"	""	"""snowman"""	"""hat"""	"""mittens"""	"""scarf"""	"""left"""	"""right"""	"0.11"	"0"	"0"	"1"	"1"	"0"	"1"	"""2"""	"""1"""	"""TRUE"""	"""logical"""	"""FALSE"""	"-1"	"-1"	"-1"	"-1"	"-1"	"-1"	"""Predictions based upon previous behavior."""	""""""	"""26"""	"""m"""	"1"	"1"
"What is he talking about? (1-2 mins)"	"Short and fun! A 1-2 minute word game about what someone is talking about."	"experiment, psychology, game"	"$0.20"	"Wed Feb 26 12:59:11 PST 2014"	"400"	"0"	"0"	"400"	"Reviewable"	"NotReviewed"	"1 scales"	"600"	"60000"	"Wed Mar 05 12:59:11 PST 2014"	"S30618"	"Approved"	""	"""sundae"""	"""whipped cream"""	"""cherry"""	"""chocolate"""	"""right"""	"""left"""	"0.11"	"0"	"0"	"1"	"1"	"0"	"1"	"""2"""	"""1"""	"""TRUE"""	"""logical"""	"""FALSE"""	"-1"	"-1"	"-1"	"-1"	"-1"	"-1"	"""The sundaes Bob ate"""	"""Thanks!"""	"""31"""	"""m"""	"1"	"1"
"What is he talking about? (1-2 mins)"	"Short and fun! A 1-2 minute word game about what someone is talking about."	"experiment, psychology, game"	"$0.20"	"Wed Feb 26 12:59:11 PST 2014"	"400"	"0"	"0"	"400"	"Reviewable"	"NotReviewed"	"1 scales"	"600"	"60000"	"Wed Mar 05 12:59:11 PST 2014"	"S84724"	"Approved"	""	"""boat"""	"""motor"""	"""sail"""	"""cabin"""	"""middle"""	"""right"""	"0.11"	"0"	"0"	"1"	"1"	"0"	"1"	"""2"""	"""1"""	"""TRUE"""	"""logical"""	"""FALSE"""	"-1"	"-1"	"-1"	"-1"	"-1"	"-1"	"""The kind of boats Bob rents."""	""""""	"""23"""	"""F"""	"1"	"1"
"What is he talking about? (1-2 mins)"	"Short and fun! A 1-2 minute word game about what someone is talking about."	"experiment, psychology, game"	"$0.20"	"Wed Feb 26 12:59:11 PST 2014"	"400"	"0"	"0"	"400"	"Reviewable"	"NotReviewed"	"1 scales"	"600"	"60000"	"Wed Mar 05 12:59:11 PST 2014"	"S95452"	"Approved"	""	"""pizza"""	"""olives"""	"""mushrooms"""	"""peppers"""	"""right"""	"""middle"""	"0.33"	"1"	"0"	"1"	"1"	"0"	"1"	"""2"""	"""1"""	"""TRUE"""	"""target"""	"""TRUE"""	"-1"	"-1"	"-1"	"-1"	"-1"	"-1"	"""what bob ate over so many weeks"""	""""""	"""36"""	"""m"""	"1"	"1"
"What is he talking about? (1-2 mins)"	"Short and fun! A 1-2 minute word game about what someone is talking about."	"experiment, psychology, game"	"$0.20"	"Wed Feb 26 12:59:11 PST 2014"	"400"	"0"	"0"	"400"	"Reviewable"	"NotReviewed"	"1 scales"	"600"	"60000"	"Wed Mar 05 12:59:11 PST 2014"	"S65286"	"Approved"	""	"""Christmas tree"""	"""lights"""	"""ornaments"""	"""star"""	"""right"""	"""left"""	"0.778"	"3"	"0"	"1"	"1"	"0"	"1"	"""2"""	"""1"""	"""TRUE"""	"""target"""	"""TRUE"""	"-1"	"-1"	"-1"	"-1"	"-1"	"-1"	"""Christmas trees"""	"""None"""	"""42"""	"""f"""	"1"	"1"
"What is he talking about? (1-2 mins)"	"Short and fun! A 1-2 minute word game about what someone is talking about."	"experiment, psychology, game"	"$0.20"	"Wed Feb 26 12:59:11 PST 2014"	"400"	"0"	"0"	"400"	"Reviewable"	"NotReviewed"	"1 scales"	"600"	"60000"	"Wed Mar 05 12:59:11 PST 2014"	"S15393"	"Approved"	""	"""Christmas tree"""	"""lights"""	"""ornaments"""	"""star"""	"""right"""	"""left"""	"0.33"	"1"	"0"	"1"	"1"	"0"	"1"	"""2"""	"""1"""	"""FALSE"""	"""logical"""	"""FALSE"""	"-1"	"-1"	"-1"	"-1"	"-1"	"-1"	"""I'm not sure"""	""""""	"""32"""	"""m"""	"1"	"1"
"What is he talking about? (1-2 mins)"	"Short and fun! A 1-2 minute word game about what someone is talking about."	"experiment, psychology, game"	"$0.20"	"Wed Feb 26 12:59:11 PST 2014"	"400"	"0"	"0"	"400"	"Reviewable"	"NotReviewed"	"1 scales"	"600"	"60000"	"Wed Mar 05 12:59:11 PST 2014"	"S96434"	"Approved"	""	"""snowman"""	"""scarf"""	"""hat"""	"""mittens"""	"""middle"""	"""right"""	"0.778"	"3"	"0"	"1"	"1"	"0"	"1"	"""8"""	"""1"""	"""FALSE"""	"""target"""	"""TRUE"""	"-1"	"-1"	"-1"	"-1"	"-1"	"-1"	"""building snowmen"""	""""""	"""22"""	"""M"""	"1"	"1"
"What is he talking about? (1-2 mins)"	"Short and fun! A 1-2 minute word game about what someone is talking about."	"experiment, psychology, game"	"$0.20"	"Wed Feb 26 12:59:11 PST 2014"	"400"	"0"	"0"	"400"	"Reviewable"	"NotReviewed"	"1 scales"	"600"	"60000"	"Wed Mar 05 12:59:11 PST 2014"	"S85486"	"Approved"	""	"""Christmas tree"""	"""lights"""	"""ornaments"""	"""star"""	"""left"""	"""middle"""	"0.778"	"3"	"0"	"1"	"1"	"0"	"1"	"""8"""	"""1"""	"""FALSE"""	"""target"""	"""TRUE"""	"-1"	"-1"	"-1"	"-1"	"-1"	"-1"	"""Probability"""	""""""	"""28"""	"""m"""	"1"	"1"
"What is he talking about? (1-2 mins)"	"Short and fun! A 1-2 minute word game about what someone is talking about."	"experiment, psychology, game"	"$0.20"	"Wed Feb 26 12:59:11 PST 2014"	"400"	"0"	"0"	"400"	"Reviewable"	"NotReviewed"	"1 scales"	"600"	"60000"	"Wed Mar 05 12:59:11 PST 2014"	"S88277"	"Approved"	""	"""Christmas tree"""	"""star"""	"""lights"""	"""ornaments"""	"""left"""	"""right"""	"0.11"	"0"	"0"	"1"	"1"	"0"	"1"	"""2"""	"""1"""	"""TRUE"""	"""foil"""	"""FALSE"""	"-1"	"-1"	"-1"	"-1"	"-1"	"-1"	"""Christmas Trees"""	"""thanks"""	"""31"""	"""m"""	"1"	"1"
"What is he talking about? (1-2 mins)"	"Short and fun! A 1-2 minute word game about what someone is talking about."	"experiment, psychology, game"	"$0.20"	"Wed Feb 26 12:59:11 PST 2014"	"400"	"0"	"0"	"400"	"Reviewable"	"NotReviewed"	"1 scales"	"600"	"60000"	"Wed Mar 05 12:59:11 PST 2014"	"S99296"	"Approved"	""	"""pizza"""	"""olives"""	"""peppers"""	"""mushrooms"""	"""middle"""	"""right"""	"0.11"	"0"	"0"	"1"	"1"	"0"	"1"	"""2"""	"""1"""	"""TRUE"""	"""logical"""	"""FALSE"""	"-1"	"-1"	"-1"	"-1"	"-1"	"-1"	"""Bob eating pizzas"""	"""Bob should probably eat less pizza"""	"""18"""	"""m"""	"1"	"1"
"What is he talking about? (1-2 mins)"	"Short and fun! A 1-2 minute word game about what someone is talking about."	"experiment, psychology, game"	"$0.20"	"Wed Feb 26 12:59:11 PST 2014"	"400"	"0"	"0"	"400"	"Reviewable"	"NotReviewed"	"1 scales"	"600"	"60000"	"Wed Mar 05 12:59:11 PST 2014"	"S06226"	"Approved"	""	"""boat"""	"""cabin"""	"""sail"""	"""motor"""	"""left"""	"""middle"""	"0.11"	"0"	"0"	"1"	"1"	"0"	"1"	"""5"""	"""5"""	"""FALSE"""	"""logical"""	"""FALSE"""	"-1"	"-1"	"-1"	"-1"	"-1"	"-1"	"""Boat"""	""""""	""""""	"""m"""	"1"	"1"
"What is he talking about? (1-2 mins)"	"Short and fun! A 1-2 minute word game about what someone is talking about."	"experiment, psychology, game"	"$0.20"	"Wed Feb 26 12:59:11 PST 2014"	"400"	"0"	"0"	"400"	"Reviewable"	"NotReviewed"	"1 scales"	"600"	"60000"	"Wed Mar 05 12:59:11 PST 2014"	"S93038"	"Approved"	""	"""Christmas tree"""	"""ornaments"""	"""lights"""	"""star"""	"""right"""	"""middle"""	"0.556"	"2"	"0"	"1"	"1"	"0"	"1"	"""5"""	"""3"""	"""TRUE"""	"""target"""	"""TRUE"""	"-1"	"-1"	"-1"	"-1"	"-1"	"-1"	"""Bob's Christmas trees"""	"""No"""	"""21"""	"""f"""	"1"	"1"
"What is he talking about? (1-2 mins)"	"Short and fun! A 1-2 minute word game about what someone is talking about."	"experiment, psychology, game"	"$0.20"	"Wed Feb 26 12:59:11 PST 2014"	"400"	"0"	"0"	"400"	"Reviewable"	"NotReviewed"	"1 scales"	"600"	"60000"	"Wed Mar 05 12:59:11 PST 2014"	"S21353"	"Approved"	""	"""Christmas tree"""	"""ornaments"""	"""star"""	"""lights"""	"""middle"""	"""right"""	"0.556"	"2"	"0"	"1"	"1"	"0"	"1"	"""2"""	"""1"""	"""TRUE"""	"""target"""	"""TRUE"""	"-1"	"-1"	"-1"	"-1"	"-1"	"-1"	"""Guessing based on someone's habits"""	"""No, thank you"""	"""19"""	"""m"""	"1"	"1"
"What is he talking about? (1-2 mins)"	"Short and fun! A 1-2 minute word game about what someone is talking about."	"experiment, psychology, game"	"$0.20"	"Wed Feb 26 12:59:11 PST 2014"	"400"	"0"	"0"	"400"	"Reviewable"	"NotReviewed"	"1 scales"	"600"	"60000"	"Wed Mar 05 12:59:11 PST 2014"	"S13435"	"Approved"	""	"""sundae"""	"""chocolate"""	"""whipped cream"""	"""cherry"""	"""left"""	"""middle"""	"0.33"	"1"	"0"	"1"	"1"	"0"	"1"	"""2"""	"""1"""	"""TRUE"""	"""target"""	"""TRUE"""	"-1"	"-1"	"-1"	"-1"	"-1"	"-1"	"""Sundaes"""	"""No"""	"""19"""	"""m"""	"1"	"1"
"What is he talking about? (1-2 mins)"	"Short and fun! A 1-2 minute word game about what someone is talking about."	"experiment, psychology, game"	"$0.20"	"Wed Feb 26 12:59:11 PST 2014"	"400"	"0"	"0"	"400"	"Reviewable"	"NotReviewed"	"1 scales"	"600"	"60000"	"Wed Mar 05 12:59:11 PST 2014"	"S08528"	"Approved"	""	"""boat"""	"""sail"""	"""motor"""	"""cabin"""	"""right"""	"""left"""	"0.33"	"1"	"0"	"1"	"1"	"0"	"1"	"""2"""	"""1"""	"""FALSE"""	"""logical"""	"""FALSE"""	"-1"	"-1"	"-1"	"-1"	"-1"	"-1"	"""Attention"""	""""""	""""""	""""""	"1"	"1"
"What is he talking about? (1-2 mins)"	"Short and fun! A 1-2 minute word game about what someone is talking about."	"experiment, psychology, game"	"$0.20"	"Wed Feb 26 12:59:11 PST 2014"	"400"	"0"	"0"	"400"	"Reviewable"	"NotReviewed"	"1 scales"	"600"	"60000"	"Wed Mar 05 12:59:11 PST 2014"	"S91935"	"Approved"	""	"""snowman"""	"""mittens"""	"""scarf"""	"""hat"""	"""right"""	"""left"""	"0.11"	"0"	"0"	"1"	"1"	"0"	"1"	"""2"""	"""1"""	"""FALSE"""	"""target"""	"""TRUE"""	"-1"	"-1"	"-1"	"-1"	"-1"	"-1"	"""Snowmen and what they were wearing"""	""""""	""""""	"""F"""	"1"	"1"
"What is he talking about? (1-2 mins)"	"Short and fun! A 1-2 minute word game about what someone is talking about."	"experiment, psychology, game"	"$0.20"	"Wed Feb 26 12:59:11 PST 2014"	"400"	"0"	"0"	"400"	"Reviewable"	"NotReviewed"	"1 scales"	"600"	"60000"	"Wed Mar 05 12:59:11 PST 2014"	"S65446"	"Approved"	""	"""pizza"""	"""mushrooms"""	"""peppers"""	"""olives"""	"""middle"""	"""left"""	"0.11"	"0"	"0"	"1"	"1"	"0"	"1"	"""8"""	"""7"""	"""TRUE"""	"""logical"""	"""FALSE"""	"-1"	"-1"	"-1"	"-1"	"-1"	"-1"	"""memory"""	""""""	"""46"""	"""f"""	"1"	"1"
"What is he talking about? (1-2 mins)"	"Short and fun! A 1-2 minute word game about what someone is talking about."	"experiment, psychology, game"	"$0.20"	"Wed Feb 26 12:59:11 PST 2014"	"400"	"0"	"0"	"400"	"Reviewable"	"NotReviewed"	"1 scales"	"600"	"60000"	"Wed Mar 05 12:59:11 PST 2014"	"S75049"	"Approved"	""	"""boat"""	"""cabin"""	"""sail"""	"""motor"""	"""left"""	"""right"""	"0.33"	"1"	"0"	"1"	"1"	"0"	"1"	"""1"""	"""1"""	"""TRUE"""	"""logical"""	"""FALSE"""	"-1"	"-1"	"-1"	"-1"	"-1"	"-1"	"""Deciding what someone is talking about when we dont have all the info."""	"""None"""	"""34"""	"""M"""	"1"	"1"
"What is he talking about? (1-2 mins)"	"Short and fun! A 1-2 minute word game about what someone is talking about."	"experiment, psychology, game"	"$0.20"	"Wed Feb 26 12:59:11 PST 2014"	"400"	"0"	"0"	"400"	"Reviewable"	"NotReviewed"	"1 scales"	"600"	"60000"	"Wed Mar 05 12:59:11 PST 2014"	"S81438"	"Approved"	""	"""pizza"""	"""peppers"""	"""olives"""	"""mushrooms"""	"""middle"""	"""right"""	"0.33"	"1"	"0"	"1"	"1"	"0"	"1"	"""2"""	"""1"""	"""FALSE"""	"""target"""	"""TRUE"""	"-1"	"-1"	"-1"	"-1"	"-1"	"-1"	"""pizza choice based on previous decisions"""	"""no"""	"""22"""	"""f"""	"1"	"1"
"What is he talking about? (1-2 mins)"	"Short and fun! A 1-2 minute word game about what someone is talking about."	"experiment, psychology, game"	"$0.20"	"Wed Feb 26 12:59:11 PST 2014"	"400"	"0"	"0"	"400"	"Reviewable"	"NotReviewed"	"1 scales"	"600"	"60000"	"Wed Mar 05 12:59:11 PST 2014"	"S78457"	"Approved"	""	"""pizza"""	"""mushrooms"""	"""olives"""	"""peppers"""	"""right"""	"""left"""	"0.778"	"3"	"0"	"1"	"1"	"0"	"1"	"""2"""	"""1"""	"""TRUE"""	"""target"""	"""TRUE"""	"-1"	"-1"	"-1"	"-1"	"-1"	"-1"	"""Pattern prediction and category interpretation"""	""""""	"""22"""	"""m"""	"1"	"1"
"What is he talking about? (1-2 mins)"	"Short and fun! A 1-2 minute word game about what someone is talking about."	"experiment, psychology, game"	"$0.20"	"Wed Feb 26 12:59:11 PST 2014"	"400"	"0"	"0"	"400"	"Reviewable"	"NotReviewed"	"1 scales"	"600"	"60000"	"Wed Mar 05 12:59:11 PST 2014"	"S52891"	"Approved"	""	"""pizza"""	"""olives"""	"""mushrooms"""	"""peppers"""	"""right"""	"""middle"""	"0.778"	"3"	"0"	"1"	"1"	"0"	"1"	"""2"""	"""1"""	"""TRUE"""	"""target"""	"""TRUE"""	"-1"	"-1"	"-1"	"-1"	"-1"	"-1"	"""Trying to predict the behavior of another person based on their previous behavior."""	"""Nope."""	"""23"""	"""m"""	"1"	"1"
"What is he talking about? (1-2 mins)"	"Short and fun! A 1-2 minute word game about what someone is talking about."	"experiment, psychology, game"	"$0.20"	"Wed Feb 26 12:59:11 PST 2014"	"400"	"0"	"0"	"400"	"Reviewable"	"NotReviewed"	"1 scales"	"600"	"60000"	"Wed Mar 05 12:59:11 PST 2014"	"S12517"	"Approved"	""	"""snowman"""	"""scarf"""	"""mittens"""	"""hat"""	"""left"""	"""middle"""	"0.778"	"3"	"0"	"1"	"1"	"0"	"1"	"""2"""	"""1"""	"""TRUE"""	"""target"""	"""TRUE"""	"-1"	"-1"	"-1"	"-1"	"-1"	"-1"	"""global warming"""	"""I like your pictures."""	"""29"""	"""f"""	"1"	"1"
"What is he talking about? (1-2 mins)"	"Short and fun! A 1-2 minute word game about what someone is talking about."	"experiment, psychology, game"	"$0.20"	"Wed Feb 26 12:59:11 PST 2014"	"400"	"0"	"0"	"400"	"Reviewable"	"NotReviewed"	"1 scales"	"600"	"60000"	"Wed Mar 05 12:59:11 PST 2014"	"S80865"	"Approved"	""	"""snowman"""	"""scarf"""	"""mittens"""	"""hat"""	"""middle"""	"""left"""	"0.33"	"1"	"0"	"1"	"1"	"0"	"1"	"""2"""	"""1"""	"""TRUE"""	"""target"""	"""TRUE"""	"-1"	"-1"	"-1"	"-1"	"-1"	"-1"	"""snowmen"""	"""no"""	"""26"""	"""f"""	"1"	"1"
"What is he talking about? (1-2 mins)"	"Short and fun! A 1-2 minute word game about what someone is talking about."	"experiment, psychology, game"	"$0.20"	"Wed Feb 26 12:59:11 PST 2014"	"400"	"0"	"0"	"400"	"Reviewable"	"NotReviewed"	"1 scales"	"600"	"60000"	"Wed Mar 05 12:59:11 PST 2014"	"S00515"	"Approved"	""	"""snowman"""	"""mittens"""	"""scarf"""	"""hat"""	"""middle"""	"""left"""	"0.33"	"1"	"0"	"1"	"1"	"0"	"1"	"""2"""	"""1"""	"""TRUE"""	"""logical"""	"""FALSE"""	"-1"	"-1"	"-1"	"-1"	"-1"	"-1"	"""Snowmen"""	"""Nope"""	"""99"""	"""M"""	"1"	"1"
"What is he talking about? (1-2 mins)"	"Short and fun! A 1-2 minute word game about what someone is talking about."	"experiment, psychology, game"	"$0.20"	"Wed Feb 26 12:59:11 PST 2014"	"400"	"0"	"0"	"400"	"Reviewable"	"NotReviewed"	"1 scales"	"600"	"60000"	"Wed Mar 05 12:59:11 PST 2014"	"S74670"	"Approved"	""	"""snowman"""	"""mittens"""	"""hat"""	"""scarf"""	"""right"""	"""middle"""	"0.556"	"2"	"0"	"1"	"1"	"0"	"1"	"""2"""	"""1"""	"""TRUE"""	"""logical"""	"""FALSE"""	"-1"	"-1"	"-1"	"-1"	"-1"	"-1"	"""Understanding directions"""	"""Glitching with snowman visibility"""	"""21"""	"""m"""	"1"	"1"
"What is he talking about? (1-2 mins)"	"Short and fun! A 1-2 minute word game about what someone is talking about."	"experiment, psychology, game"	"$0.20"	"Wed Feb 26 12:59:11 PST 2014"	"400"	"0"	"0"	"400"	"Reviewable"	"NotReviewed"	"1 scales"	"600"	"60000"	"Wed Mar 05 12:59:11 PST 2014"	"S74353"	"Approved"	""	"""friend"""	"""hat"""	"""glasses"""	"""mustache"""	"""right"""	"""left"""	"0.778"	"3"	"0"	"1"	"1"	"0"	"1"	"""2"""	"""1"""	"""TRUE"""	"""target"""	"""TRUE"""	"-1"	"-1"	"-1"	"-1"	"-1"	"-1"	"""deciding what someone is saying when you can't hear/parse them"""	""""""	"""19"""	"""o"""	"1"	"1"
"What is he talking about? (1-2 mins)"	"Short and fun! A 1-2 minute word game about what someone is talking about."	"experiment, psychology, game"	"$0.20"	"Wed Feb 26 12:59:11 PST 2014"	"400"	"0"	"0"	"400"	"Reviewable"	"NotReviewed"	"1 scales"	"600"	"60000"	"Wed Mar 05 12:59:11 PST 2014"	"S92798"	"Approved"	""	"""snowman"""	"""scarf"""	"""hat"""	"""mittens"""	"""left"""	"""middle"""	"0.778"	"3"	"0"	"1"	"1"	"0"	"1"	"""2"""	"""1"""	"""TRUE"""	"""target"""	"""TRUE"""	"-1"	"-1"	"-1"	"-1"	"-1"	"-1"	"""Decorating snowmen"""	"""n/a"""	"""33"""	"""m"""	"1"	"1"
"What is he talking about? (1-2 mins)"	"Short and fun! A 1-2 minute word game about what someone is talking about."	"experiment, psychology, game"	"$0.20"	"Wed Feb 26 12:59:11 PST 2014"	"400"	"0"	"0"	"400"	"Reviewable"	"NotReviewed"	"1 scales"	"600"	"60000"	"Wed Mar 05 12:59:11 PST 2014"	"S07454"	"Approved"	""	"""boat"""	"""sail"""	"""motor"""	"""cabin"""	"""middle"""	"""left"""	"0.33"	"1"	"0"	"1"	"1"	"0"	"1"	"""2"""	"""1"""	"""TRUE"""	"""target"""	"""TRUE"""	"-1"	"-1"	"-1"	"-1"	"-1"	"-1"	"""dont no"""	"""no"""	""""""	""""""	"1"	"1"
"What is he talking about? (1-2 mins)"	"Short and fun! A 1-2 minute word game about what someone is talking about."	"experiment, psychology, game"	"$0.20"	"Wed Feb 26 12:59:11 PST 2014"	"400"	"0"	"0"	"400"	"Reviewable"	"NotReviewed"	"1 scales"	"600"	"60000"	"Wed Mar 05 12:59:11 PST 2014"	"S74300"	"Approved"	""	"""friend"""	"""mustache"""	"""hat"""	"""glasses"""	"""right"""	"""left"""	"0.11"	"0"	"0"	"1"	"1"	"0"	"1"	"""2"""	"""1"""	"""TRUE"""	"""logical"""	"""FALSE"""	"-1"	"-1"	"-1"	"-1"	"-1"	"-1"	"""memory and following instructions"""	"""that was fun"""	"""35"""	"""m"""	"1"	"1"
"What is he talking about? (1-2 mins)"	"Short and fun! A 1-2 minute word game about what someone is talking about."	"experiment, psychology, game"	"$0.20"	"Wed Feb 26 12:59:11 PST 2014"	"400"	"0"	"0"	"400"	"Reviewable"	"NotReviewed"	"1 scales"	"600"	"60000"	"Wed Mar 05 12:59:11 PST 2014"	"S60779"	"Approved"	""	"""boat"""	"""cabin"""	"""sail"""	"""motor"""	"""middle"""	"""right"""	"0.778"	"3"	"0"	"1"	"1"	"0"	"1"	"""2"""	"""1"""	"""TRUE"""	"""logical"""	"""FALSE"""	"-1"	"-1"	"-1"	"-1"	"-1"	"-1"	"""What Bob thinks about Sailboats?"""	"""Bob should get a new hobby"""	"""25"""	"""m"""	"1"	"1"
"What is he talking about? (1-2 mins)"	"Short and fun! A 1-2 minute word game about what someone is talking about."	"experiment, psychology, game"	"$0.20"	"Wed Feb 26 12:59:11 PST 2014"	"400"	"0"	"0"	"400"	"Reviewable"	"NotReviewed"	"1 scales"	"600"	"60000"	"Wed Mar 05 12:59:11 PST 2014"	"S65094"	"Approved"	""	"""boat"""	"""sail"""	"""cabin"""	"""motor"""	"""middle"""	"""right"""	"0.33"	"1"	"0"	"1"	"1"	"0"	"1"	"""2"""	"""1"""	"""TRUE"""	"""logical"""	"""FALSE"""	"-1"	"-1"	"-1"	"-1"	"-1"	"-1"	"""perception"""	""""""	"""33"""	"""f"""	"1"	"1"
"What is he talking about? (1-2 mins)"	"Short and fun! A 1-2 minute word game about what someone is talking about."	"experiment, psychology, game"	"$0.20"	"Wed Feb 26 12:59:11 PST 2014"	"400"	"0"	"0"	"400"	"Reviewable"	"NotReviewed"	"1 scales"	"600"	"60000"	"Wed Mar 05 12:59:11 PST 2014"	"S10342"	"Approved"	""	"""Christmas tree"""	"""lights"""	"""ornaments"""	"""star"""	"""right"""	"""middle"""	"0.556"	"2"	"0"	"1"	"1"	"0"	"1"	"""2"""	"""1"""	"""TRUE"""	"""logical"""	"""FALSE"""	"-1"	"-1"	"-1"	"-1"	"-1"	"-1"	"""tree lights"""	""""""	"""28"""	"""0"""	"1"	"1"
"What is he talking about? (1-2 mins)"	"Short and fun! A 1-2 minute word game about what someone is talking about."	"experiment, psychology, game"	"$0.20"	"Wed Feb 26 12:59:11 PST 2014"	"400"	"0"	"0"	"400"	"Reviewable"	"NotReviewed"	"1 scales"	"600"	"60000"	"Wed Mar 05 12:59:11 PST 2014"	"S66252"	"Approved"	""	"""boat"""	"""cabin"""	"""sail"""	"""motor"""	"""middle"""	"""right"""	"0.556"	"2"	"0"	"1"	"1"	"0"	"1"	"""2"""	"""1"""	"""FALSE"""	"""logical"""	"""FALSE"""	"-1"	"-1"	"-1"	"-1"	"-1"	"-1"	"""boats and speech perception"""	"""n/a"""	"""35"""	"""m"""	"1"	"1"
"What is he talking about? (1-2 mins)"	"Short and fun! A 1-2 minute word game about what someone is talking about."	"experiment, psychology, game"	"$0.20"	"Wed Feb 26 12:59:11 PST 2014"	"400"	"0"	"0"	"400"	"Reviewable"	"NotReviewed"	"1 scales"	"600"	"60000"	"Wed Mar 05 12:59:11 PST 2014"	"S46239"	"Approved"	""	"""sundae"""	"""whipped cream"""	"""cherry"""	"""chocolate"""	"""left"""	"""right"""	"0.778"	"3"	"0"	"1"	"1"	"0"	"1"	"""2"""	"""1"""	"""TRUE"""	"""logical"""	"""FALSE"""	"-1"	"-1"	"-1"	"-1"	"-1"	"-1"	"""deducing"""	""""""	"""21"""	"""m"""	"1"	"1"
"What is he talking about? (1-2 mins)"	"Short and fun! A 1-2 minute word game about what someone is talking about."	"experiment, psychology, game"	"$0.20"	"Wed Feb 26 12:59:11 PST 2014"	"400"	"0"	"0"	"400"	"Reviewable"	"NotReviewed"	"1 scales"	"600"	"60000"	"Wed Mar 05 12:59:11 PST 2014"	"S14627"	"Approved"	""	"""friend"""	"""glasses"""	"""mustache"""	"""hat"""	"""middle"""	"""right"""	"0.33"	"1"	"0"	"1"	"1"	"0"	"1"	"""2"""	"""1"""	"""TRUE"""	"""logical"""	"""FALSE"""	"-1"	"-1"	"-1"	"-1"	"-1"	"-1"	"""the friends bob visited"""	"""no"""	"""21"""	"""m"""	"1"	"1"
"What is he talking about? (1-2 mins)"	"Short and fun! A 1-2 minute word game about what someone is talking about."	"experiment, psychology, game"	"$0.20"	"Wed Feb 26 12:59:11 PST 2014"	"400"	"0"	"0"	"400"	"Reviewable"	"NotReviewed"	"1 scales"	"600"	"60000"	"Wed Mar 05 12:59:11 PST 2014"	"S46597"	"Approved"	""	"""pizza"""	"""olives"""	"""mushrooms"""	"""peppers"""	"""right"""	"""middle"""	"0.556"	"2"	"0"	"1"	"1"	"0"	"1"	"""8"""	"""3"""	"""TRUE"""	"""logical"""	"""FALSE"""	"-1"	"-1"	"-1"	"-1"	"-1"	"-1"	"""what pizzas bob eats"""	""""""	"""21"""	"""m"""	"1"	"1"
"What is he talking about? (1-2 mins)"	"Short and fun! A 1-2 minute word game about what someone is talking about."	"experiment, psychology, game"	"$0.20"	"Wed Feb 26 12:59:11 PST 2014"	"400"	"0"	"0"	"400"	"Reviewable"	"NotReviewed"	"1 scales"	"600"	"60000"	"Wed Mar 05 12:59:11 PST 2014"	"S73994"	"Approved"	""	"""boat"""	"""sail"""	"""motor"""	"""cabin"""	"""middle"""	"""right"""	"0.778"	"3"	"0"	"1"	"1"	"0"	"1"	"""2"""	"""1"""	"""TRUE"""	"""logical"""	"""FALSE"""	"-1"	"-1"	"-1"	"-1"	"-1"	"-1"	"""Boats and which parts are on them (sail or motor)"""	"""Thank you for the opportunity."""	"""22"""	"""m"""	"1"	"1"
"What is he talking about? (1-2 mins)"	"Short and fun! A 1-2 minute word game about what someone is talking about."	"experiment, psychology, game"	"$0.20"	"Wed Feb 26 12:59:11 PST 2014"	"400"	"0"	"0"	"400"	"Reviewable"	"NotReviewed"	"1 scales"	"600"	"60000"	"Wed Mar 05 12:59:11 PST 2014"	"S69698"	"Approved"	""	"""boat"""	"""motor"""	"""cabin"""	"""sail"""	"""left"""	"""right"""	"0.11"	"0"	"0"	"1"	"1"	"0"	"1"	"""2"""	"""1"""	"""TRUE"""	"""target"""	"""TRUE"""	"-1"	"-1"	"-1"	"-1"	"-1"	"-1"	"""boats"""	""""""	"""22"""	"""m"""	"1"	"1"
"What is he talking about? (1-2 mins)"	"Short and fun! A 1-2 minute word game about what someone is talking about."	"experiment, psychology, game"	"$0.20"	"Wed Feb 26 12:59:11 PST 2014"	"400"	"0"	"0"	"400"	"Reviewable"	"NotReviewed"	"1 scales"	"600"	"60000"	"Wed Mar 05 12:59:11 PST 2014"	"S54144"	"Approved"	""	"""sundae"""	"""cherry"""	"""whipped cream"""	"""chocolate"""	"""middle"""	"""left"""	"0.11"	"0"	"0"	"1"	"1"	"0"	"1"	"""2"""	"""1"""	"""TRUE"""	"""logical"""	"""FALSE"""	"-1"	"-1"	"-1"	"-1"	"-1"	"-1"	"""Bob eating sundaes."""	"""no"""	"""27"""	"""m"""	"1"	"1"
"What is he talking about? (1-2 mins)"	"Short and fun! A 1-2 minute word game about what someone is talking about."	"experiment, psychology, game"	"$0.20"	"Wed Feb 26 12:59:11 PST 2014"	"400"	"0"	"0"	"400"	"Reviewable"	"NotReviewed"	"1 scales"	"600"	"60000"	"Wed Mar 05 12:59:11 PST 2014"	"S72610"	"Approved"	""	"""snowman"""	"""scarf"""	"""mittens"""	"""hat"""	"""left"""	"""right"""	"0.556"	"2"	"0"	"1"	"1"	"0"	"1"	"""2"""	"""1"""	"""TRUE"""	"""target"""	"""TRUE"""	"-1"	"-1"	"-1"	"-1"	"-1"	"-1"	"""Snowmen and what they are decorated with"""	""""""	"""22"""	"""m"""	"1"	"1"
"What is he talking about? (1-2 mins)"	"Short and fun! A 1-2 minute word game about what someone is talking about."	"experiment, psychology, game"	"$0.20"	"Wed Feb 26 12:59:11 PST 2014"	"400"	"0"	"0"	"400"	"Reviewable"	"NotReviewed"	"1 scales"	"600"	"60000"	"Wed Mar 05 12:59:11 PST 2014"	"S83549"	"Approved"	""	"""pizza"""	"""peppers"""	"""mushrooms"""	"""olives"""	"""right"""	"""middle"""	"0.556"	"2"	"0"	"1"	"1"	"0"	"1"	"""2"""	"""1"""	"""TRUE"""	"""target"""	"""TRUE"""	"-1"	"-1"	"-1"	"-1"	"-1"	"-1"	"""What kind of pizza Bob will eat."""	""""""	""""""	"""m"""	"1"	"1"
"What is he talking about? (1-2 mins)"	"Short and fun! A 1-2 minute word game about what someone is talking about."	"experiment, psychology, game"	"$0.20"	"Wed Feb 26 12:59:11 PST 2014"	"400"	"0"	"0"	"400"	"Reviewable"	"NotReviewed"	"1 scales"	"600"	"60000"	"Wed Mar 05 12:59:11 PST 2014"	"S86425"	"Approved"	""	"""snowman"""	"""scarf"""	"""hat"""	"""mittens"""	"""middle"""	"""right"""	"0.11"	"0"	"0"	"1"	"1"	"0"	"1"	"""9"""	"""7"""	"""TRUE"""	"""logical"""	"""FALSE"""	"-1"	"-1"	"-1"	"-1"	"-1"	"-1"	"""Snowmen"""	"""None"""	"""26"""	"""m"""	"1"	"1"
"What is he talking about? (1-2 mins)"	"Short and fun! A 1-2 minute word game about what someone is talking about."	"experiment, psychology, game"	"$0.20"	"Wed Feb 26 12:59:11 PST 2014"	"400"	"0"	"0"	"400"	"Reviewable"	"NotReviewed"	"1 scales"	"600"	"60000"	"Wed Mar 05 12:59:11 PST 2014"	"S73988"	"Approved"	""	"""sundae"""	"""whipped cream"""	"""chocolate"""	"""cherry"""	"""left"""	"""middle"""	"0.11"	"0"	"0"	"1"	"1"	"0"	"1"	"""2"""	"""1"""	"""TRUE"""	"""target"""	"""TRUE"""	"-1"	"-1"	"-1"	"-1"	"-1"	"-1"	"""Bob eating ice cream sundaes each week"""	""""""	"""24"""	"""m"""	"1"	"1"
"What is he talking about? (1-2 mins)"	"Short and fun! A 1-2 minute word game about what someone is talking about."	"experiment, psychology, game"	"$0.20"	"Wed Feb 26 12:59:11 PST 2014"	"400"	"0"	"0"	"400"	"Reviewable"	"NotReviewed"	"1 scales"	"600"	"60000"	"Wed Mar 05 12:59:11 PST 2014"	"S83947"	"Approved"	""	"""snowman"""	"""hat"""	"""mittens"""	"""scarf"""	"""right"""	"""left"""	"0.11"	"0"	"0"	"1"	"1"	"0"	"1"	"""2"""	"""1"""	"""TRUE"""	"""target"""	"""TRUE"""	"-1"	"-1"	"-1"	"-1"	"-1"	"-1"	"""Interpreting our expectations of what someone said"""	""""""	"""25"""	"""m"""	"1"	"1"
"What is he talking about? (1-2 mins)"	"Short and fun! A 1-2 minute word game about what someone is talking about."	"experiment, psychology, game"	"$0.20"	"Wed Feb 26 12:59:11 PST 2014"	"400"	"0"	"0"	"400"	"Reviewable"	"NotReviewed"	"1 scales"	"600"	"60000"	"Wed Mar 05 12:59:11 PST 2014"	"S61231"	"Approved"	""	"""boat"""	"""cabin"""	"""sail"""	"""motor"""	"""middle"""	"""right"""	"0.11"	"0"	"0"	"1"	"1"	"0"	"1"	"""2"""	"""1"""	"""TRUE"""	"""logical"""	"""FALSE"""	"-1"	"-1"	"-1"	"-1"	"-1"	"-1"	"""Probability"""	""""""	""""""	""""""	"1"	"1"
"What is he talking about? (1-2 mins)"	"Short and fun! A 1-2 minute word game about what someone is talking about."	"experiment, psychology, game"	"$0.20"	"Wed Feb 26 12:59:11 PST 2014"	"400"	"0"	"0"	"400"	"Reviewable"	"NotReviewed"	"1 scales"	"600"	"60000"	"Wed Mar 05 12:59:11 PST 2014"	"S22871"	"Approved"	""	"""snowman"""	"""hat"""	"""mittens"""	"""scarf"""	"""middle"""	"""right"""	"0.778"	"3"	"0"	"1"	"1"	"0"	"1"	"""7"""	"""1"""	"""TRUE"""	"""target"""	"""TRUE"""	"-1"	"-1"	"-1"	"-1"	"-1"	"-1"	"""understanding"""	""""""	"""27"""	"""f"""	"1"	"1"
"What is he talking about? (1-2 mins)"	"Short and fun! A 1-2 minute word game about what someone is talking about."	"experiment, psychology, game"	"$0.20"	"Wed Feb 26 12:59:11 PST 2014"	"400"	"0"	"0"	"400"	"Reviewable"	"NotReviewed"	"1 scales"	"600"	"60000"	"Wed Mar 05 12:59:11 PST 2014"	"S09501"	"Approved"	""	"""friend"""	"""glasses"""	"""mustache"""	"""hat"""	"""middle"""	"""right"""	"0.778"	"3"	"0"	"1"	"1"	"0"	"1"	"""11"""	"""1"""	"""TRUE"""	"""target"""	"""TRUE"""	"-1"	"-1"	"-1"	"-1"	"-1"	"-1"	"""Language and Cognition"""	""""""	"""28"""	"""m"""	"1"	"1"
"What is he talking about? (1-2 mins)"	"Short and fun! A 1-2 minute word game about what someone is talking about."	"experiment, psychology, game"	"$0.20"	"Wed Feb 26 12:59:11 PST 2014"	"400"	"0"	"0"	"400"	"Reviewable"	"NotReviewed"	"1 scales"	"600"	"60000"	"Wed Mar 05 12:59:11 PST 2014"	"S48910"	"Approved"	""	"""snowman"""	"""scarf"""	"""mittens"""	"""hat"""	"""left"""	"""right"""	"0.33"	"1"	"0"	"1"	"1"	"0"	"1"	"""1"""	"""1"""	"""TRUE"""	"""target"""	"""TRUE"""	"-1"	"-1"	"-1"	"-1"	"-1"	"-1"	"""patterns"""	""""""	"""28"""	"""m"""	"1"	"1"
"What is he talking about? (1-2 mins)"	"Short and fun! A 1-2 minute word game about what someone is talking about."	"experiment, psychology, game"	"$0.20"	"Wed Feb 26 12:59:11 PST 2014"	"400"	"0"	"0"	"400"	"Reviewable"	"NotReviewed"	"1 scales"	"600"	"60000"	"Wed Mar 05 12:59:11 PST 2014"	"S64456"	"Approved"	""	"""snowman"""	"""mittens"""	"""hat"""	"""scarf"""	"""left"""	"""right"""	"0.33"	"1"	"0"	"1"	"1"	"0"	"1"	"""2"""	"""1"""	"""TRUE"""	"""logical"""	"""FALSE"""	"-1"	"-1"	"-1"	"-1"	"-1"	"-1"	"""meeting someone and trying to figure them out"""	""""""	"""35"""	"""f"""	"1"	"1"
"What is he talking about? (1-2 mins)"	"Short and fun! A 1-2 minute word game about what someone is talking about."	"experiment, psychology, game"	"$0.20"	"Wed Feb 26 12:59:11 PST 2014"	"400"	"0"	"0"	"400"	"Reviewable"	"NotReviewed"	"1 scales"	"600"	"60000"	"Wed Mar 05 12:59:11 PST 2014"	"S44374"	"Approved"	""	"""Christmas tree"""	"""star"""	"""ornaments"""	"""lights"""	"""middle"""	"""left"""	"0.11"	"0"	"0"	"1"	"1"	"0"	"1"	"""8"""	"""7"""	"""TRUE"""	"""logical"""	"""FALSE"""	"-1"	"-1"	"-1"	"-1"	"-1"	"-1"	"""A man trimming Christmas Trees"""	""""""	"""19"""	"""m"""	"1"	"1"
"What is he talking about? (1-2 mins)"	"Short and fun! A 1-2 minute word game about what someone is talking about."	"experiment, psychology, game"	"$0.20"	"Wed Feb 26 12:59:11 PST 2014"	"400"	"0"	"0"	"400"	"Reviewable"	"NotReviewed"	"1 scales"	"600"	"60000"	"Wed Mar 05 12:59:11 PST 2014"	"S09864"	"Approved"	""	"""boat"""	"""sail"""	"""cabin"""	"""motor"""	"""right"""	"""left"""	"0.33"	"1"	"0"	"1"	"1"	"0"	"1"	"""2"""	"""1"""	"""TRUE"""	"""logical"""	"""FALSE"""	"-1"	"-1"	"-1"	"-1"	"-1"	"-1"	"""Bob and boats"""	"""Thank you for your survey! """	"""45"""	"""f"""	"1"	"1"
"What is he talking about? (1-2 mins)"	"Short and fun! A 1-2 minute word game about what someone is talking about."	"experiment, psychology, game"	"$0.20"	"Wed Feb 26 12:59:11 PST 2014"	"400"	"0"	"0"	"400"	"Reviewable"	"NotReviewed"	"1 scales"	"600"	"60000"	"Wed Mar 05 12:59:11 PST 2014"	"S98842"	"Approved"	""	"""Christmas tree"""	"""ornaments"""	"""star"""	"""lights"""	"""middle"""	"""left"""	"0.778"	"3"	"0"	"1"	"1"	"0"	"1"	"""2"""	"""1"""	"""TRUE"""	"""target"""	"""TRUE"""	"-1"	"-1"	"-1"	"-1"	"-1"	"-1"	"""Making predictions based on past language and actions"""	"""no"""	"""29"""	"""f"""	"1"	"1"
"What is he talking about? (1-2 mins)"	"Short and fun! A 1-2 minute word game about what someone is talking about."	"experiment, psychology, game"	"$0.20"	"Wed Feb 26 12:59:11 PST 2014"	"400"	"0"	"0"	"400"	"Reviewable"	"NotReviewed"	"1 scales"	"600"	"60000"	"Wed Mar 05 12:59:11 PST 2014"	"S27188"	"Approved"	""	"""pizza"""	"""peppers"""	"""olives"""	"""mushrooms"""	"""left"""	"""middle"""	"0.556"	"2"	"0"	"1"	"1"	"0"	"1"	"""1"""	"""1"""	"""TRUE"""	"""logical"""	"""FALSE"""	"-1"	"-1"	"-1"	"-1"	"-1"	"-1"	"""Pizza"""	"""Non"""	"""31"""	"""M"""	"1"	"1"
"What is he talking about? (1-2 mins)"	"Short and fun! A 1-2 minute word game about what someone is talking about."	"experiment, psychology, game"	"$0.20"	"Wed Feb 26 12:59:11 PST 2014"	"400"	"0"	"0"	"400"	"Reviewable"	"NotReviewed"	"1 scales"	"600"	"60000"	"Wed Mar 05 12:59:11 PST 2014"	"S71063"	"Approved"	""	"""sundae"""	"""chocolate"""	"""whipped cream"""	"""cherry"""	"""right"""	"""left"""	"0.556"	"2"	"0"	"1"	"1"	"0"	"1"	"""2"""	"""1"""	"""TRUE"""	"""logical"""	"""FALSE"""	"-1"	"-1"	"-1"	"-1"	"-1"	"-1"	"""words"""	"""no"""	""""""	"""m"""	"1"	"1"
"What is he talking about? (1-2 mins)"	"Short and fun! A 1-2 minute word game about what someone is talking about."	"experiment, psychology, game"	"$0.20"	"Wed Feb 26 12:59:11 PST 2014"	"400"	"0"	"0"	"400"	"Reviewable"	"NotReviewed"	"1 scales"	"600"	"60000"	"Wed Mar 05 12:59:11 PST 2014"	"S33820"	"Approved"	""	"""snowman"""	"""scarf"""	"""hat"""	"""mittens"""	"""left"""	"""right"""	"0.556"	"2"	"0"	"1"	"1"	"0"	"1"	"""2"""	"""1"""	"""TRUE"""	"""logical"""	"""FALSE"""	"-1"	"-1"	"-1"	"-1"	"-1"	"-1"	"""A word game that involved snowmen."""	"""None."""	"""23"""	"""F"""	"1"	"1"
"What is he talking about? (1-2 mins)"	"Short and fun! A 1-2 minute word game about what someone is talking about."	"experiment, psychology, game"	"$0.20"	"Wed Feb 26 12:59:11 PST 2014"	"400"	"0"	"0"	"400"	"Reviewable"	"NotReviewed"	"1 scales"	"600"	"60000"	"Wed Mar 05 12:59:11 PST 2014"	"S73725"	"Approved"	""	"""snowman"""	"""hat"""	"""mittens"""	"""scarf"""	"""left"""	"""right"""	"0.33"	"1"	"0"	"1"	"1"	"0"	"1"	"""2"""	"""1"""	"""TRUE"""	"""target"""	"""TRUE"""	"-1"	"-1"	"-1"	"-1"	"-1"	"-1"	"""snowmen"""	"""no"""	"""43"""	"""m"""	"1"	"1"
"What is he talking about? (1-2 mins)"	"Short and fun! A 1-2 minute word game about what someone is talking about."	"experiment, psychology, game"	"$0.20"	"Wed Feb 26 12:59:11 PST 2014"	"400"	"0"	"0"	"400"	"Reviewable"	"NotReviewed"	"1 scales"	"600"	"60000"	"Wed Mar 05 12:59:11 PST 2014"	"S82718"	"Approved"	""	"""snowman"""	"""mittens"""	"""hat"""	"""scarf"""	"""left"""	"""right"""	"0.556"	"2"	"0"	"1"	"1"	"0"	"1"	"""2"""	"""1"""	"""TRUE"""	"""foil"""	"""FALSE"""	"-1"	"-1"	"-1"	"-1"	"-1"	"-1"	"""patterns"""	"""thank you!"""	"""21"""	"""f"""	"1"	"1"
"What is he talking about? (1-2 mins)"	"Short and fun! A 1-2 minute word game about what someone is talking about."	"experiment, psychology, game"	"$0.20"	"Wed Feb 26 12:59:11 PST 2014"	"400"	"0"	"0"	"400"	"Reviewable"	"NotReviewed"	"1 scales"	"600"	"60000"	"Wed Mar 05 12:59:11 PST 2014"	"S50783"	"Approved"	""	"""pizza"""	"""mushrooms"""	"""peppers"""	"""olives"""	"""middle"""	"""left"""	"0.33"	"1"	"0"	"1"	"1"	"0"	"1"	"""2"""	"""1"""	"""FALSE"""	"""target"""	"""TRUE"""	"-1"	"-1"	"-1"	"-1"	"-1"	"-1"	"""Bob's pizza addiction"""	""""""	"""35"""	"""m"""	"1"	"1"
"What is he talking about? (1-2 mins)"	"Short and fun! A 1-2 minute word game about what someone is talking about."	"experiment, psychology, game"	"$0.20"	"Wed Feb 26 12:59:11 PST 2014"	"400"	"0"	"0"	"400"	"Reviewable"	"NotReviewed"	"1 scales"	"600"	"60000"	"Wed Mar 05 12:59:11 PST 2014"	"S39577"	"Approved"	""	"""pizza"""	"""mushrooms"""	"""peppers"""	"""olives"""	"""middle"""	"""left"""	"0.778"	"3"	"0"	"1"	"1"	"0"	"1"	"""2"""	"""1"""	"""TRUE"""	"""target"""	"""TRUE"""	"-1"	"-1"	"-1"	"-1"	"-1"	"-1"	"""Pizza"""	""""""	"""23"""	"""m"""	"1"	"1"
"What is he talking about? (1-2 mins)"	"Short and fun! A 1-2 minute word game about what someone is talking about."	"experiment, psychology, game"	"$0.20"	"Wed Feb 26 12:59:11 PST 2014"	"400"	"0"	"0"	"400"	"Reviewable"	"NotReviewed"	"1 scales"	"600"	"60000"	"Wed Mar 05 12:59:11 PST 2014"	"S97605"	"Approved"	""	"""snowman"""	"""mittens"""	"""hat"""	"""scarf"""	"""right"""	"""left"""	"0.778"	"3"	"0"	"1"	"1"	"0"	"1"	"""9"""	"""8"""	"""TRUE"""	"""logical"""	"""FALSE"""	"-1"	"-1"	"-1"	"-1"	"-1"	"-1"	"""Memorization"""	""""""	"""29"""	"""m"""	"1"	"1"
"What is he talking about? (1-2 mins)"	"Short and fun! A 1-2 minute word game about what someone is talking about."	"experiment, psychology, game"	"$0.20"	"Wed Feb 26 12:59:11 PST 2014"	"400"	"0"	"0"	"400"	"Reviewable"	"NotReviewed"	"1 scales"	"600"	"60000"	"Wed Mar 05 12:59:11 PST 2014"	"S03495"	"Approved"	""	"""boat"""	"""sail"""	"""cabin"""	"""motor"""	"""middle"""	"""left"""	"0.778"	"3"	"0"	"1"	"1"	"0"	"1"	"""2"""	"""1"""	"""TRUE"""	"""logical"""	"""FALSE"""	"-1"	"-1"	"-1"	"-1"	"-1"	"-1"	"""boats"""	""""""	"""21"""	"""female"""	"1"	"1"
"What is he talking about? (1-2 mins)"	"Short and fun! A 1-2 minute word game about what someone is talking about."	"experiment, psychology, game"	"$0.20"	"Wed Feb 26 12:59:11 PST 2014"	"400"	"0"	"0"	"400"	"Reviewable"	"NotReviewed"	"1 scales"	"600"	"60000"	"Wed Mar 05 12:59:11 PST 2014"	"S15805"	"Approved"	""	"""sundae"""	"""chocolate"""	"""cherry"""	"""whipped cream"""	"""middle"""	"""right"""	"0.778"	"3"	"0"	"1"	"1"	"0"	"1"	"""7"""	"""1"""	"""TRUE"""	"""target"""	"""TRUE"""	"-1"	"-1"	"-1"	"-1"	"-1"	"-1"	"""Sundaes"""	"""No"""	"""28"""	"""m"""	"1"	"1"
"What is he talking about? (1-2 mins)"	"Short and fun! A 1-2 minute word game about what someone is talking about."	"experiment, psychology, game"	"$0.20"	"Wed Feb 26 12:59:11 PST 2014"	"400"	"0"	"0"	"400"	"Reviewable"	"NotReviewed"	"1 scales"	"600"	"60000"	"Wed Mar 05 12:59:11 PST 2014"	"S62143"	"Approved"	""	"""Christmas tree"""	"""star"""	"""ornaments"""	"""lights"""	"""right"""	"""middle"""	"0.11"	"0"	"0"	"1"	"1"	"0"	"1"	"""2"""	"""1"""	"""FALSE"""	"""logical"""	"""FALSE"""	"-1"	"-1"	"-1"	"-1"	"-1"	"-1"	"""I don't know"""	"""no"""	""""""	"""f"""	"1"	"1"
"What is he talking about? (1-2 mins)"	"Short and fun! A 1-2 minute word game about what someone is talking about."	"experiment, psychology, game"	"$0.20"	"Wed Feb 26 12:59:11 PST 2014"	"400"	"0"	"0"	"400"	"Reviewable"	"NotReviewed"	"1 scales"	"600"	"60000"	"Wed Mar 05 12:59:11 PST 2014"	"S90770"	"Approved"	""	"""Christmas tree"""	"""star"""	"""ornaments"""	"""lights"""	"""left"""	"""middle"""	"0.11"	"0"	"0"	"1"	"1"	"0"	"1"	"""2"""	"""1"""	"""TRUE"""	"""logical"""	"""FALSE"""	"-1"	"-1"	"-1"	"-1"	"-1"	"-1"	"""A person buying/trimming different Christmas trees over the years."""	"""Interesting - no issues!"""	"""27"""	"""F"""	"1"	"1"
"What is he talking about? (1-2 mins)"	"Short and fun! A 1-2 minute word game about what someone is talking about."	"experiment, psychology, game"	"$0.20"	"Wed Feb 26 12:59:11 PST 2014"	"400"	"0"	"0"	"400"	"Reviewable"	"NotReviewed"	"1 scales"	"600"	"60000"	"Wed Mar 05 12:59:11 PST 2014"	"S70251"	"Approved"	""	"""boat"""	"""motor"""	"""sail"""	"""cabin"""	"""middle"""	"""left"""	"0.11"	"0"	"0"	"1"	"1"	"0"	"1"	"""2"""	"""1"""	"""TRUE"""	"""target"""	"""TRUE"""	"-1"	"-1"	"-1"	"-1"	"-1"	"-1"	"""What was bob in based off pictures."""	""""""	"""25"""	"""M"""	"1"	"1"
"What is he talking about? (1-2 mins)"	"Short and fun! A 1-2 minute word game about what someone is talking about."	"experiment, psychology, game"	"$0.20"	"Wed Feb 26 12:59:11 PST 2014"	"400"	"0"	"0"	"400"	"Reviewable"	"NotReviewed"	"1 scales"	"600"	"60000"	"Wed Mar 05 12:59:11 PST 2014"	"S05446"	"Approved"	""	"""friend"""	"""mustache"""	"""glasses"""	"""hat"""	"""right"""	"""middle"""	"0.778"	"3"	"0"	"1"	"1"	"0"	"1"	"""2"""	"""1"""	"""TRUE"""	"""logical"""	"""FALSE"""	"-1"	"-1"	"-1"	"-1"	"-1"	"-1"	"""No clue."""	""""""	"""27"""	"""m"""	"1"	"1"
"What is he talking about? (1-2 mins)"	"Short and fun! A 1-2 minute word game about what someone is talking about."	"experiment, psychology, game"	"$0.20"	"Wed Feb 26 12:59:11 PST 2014"	"400"	"0"	"0"	"400"	"Reviewable"	"NotReviewed"	"1 scales"	"600"	"60000"	"Wed Mar 05 12:59:11 PST 2014"	"S46787"	"Approved"	""	"""friend"""	"""mustache"""	"""hat"""	"""glasses"""	"""right"""	"""left"""	"0.33"	"1"	"0"	"1"	"1"	"0"	"1"	"""2"""	"""1"""	"""TRUE"""	"""logical"""	"""FALSE"""	"-1"	"-1"	"-1"	"-1"	"-1"	"-1"	"""I'm not sure"""	"""NO"""	"""38"""	"""f"""	"1"	"1"
"What is he talking about? (1-2 mins)"	"Short and fun! A 1-2 minute word game about what someone is talking about."	"experiment, psychology, game"	"$0.20"	"Wed Feb 26 12:59:11 PST 2014"	"400"	"0"	"0"	"400"	"Reviewable"	"NotReviewed"	"1 scales"	"600"	"60000"	"Wed Mar 05 12:59:11 PST 2014"	"S32482"	"Approved"	""	"""snowman"""	"""hat"""	"""mittens"""	"""scarf"""	"""right"""	"""middle"""	"0.778"	"3"	"0"	"1"	"1"	"0"	"1"	"""8"""	"""1"""	"""TRUE"""	"""logical"""	"""FALSE"""	"-1"	"-1"	"-1"	"-1"	"-1"	"-1"	"""To see how people determine different communication cues"""	"""None"""	"""23"""	"""M"""	"1"	"1"
"What is he talking about? (1-2 mins)"	"Short and fun! A 1-2 minute word game about what someone is talking about."	"experiment, psychology, game"	"$0.20"	"Wed Feb 26 12:59:11 PST 2014"	"400"	"0"	"0"	"400"	"Reviewable"	"NotReviewed"	"1 scales"	"600"	"60000"	"Wed Mar 05 12:59:11 PST 2014"	"S66535"	"Approved"	""	"""sundae"""	"""whipped cream"""	"""chocolate"""	"""cherry"""	"""left"""	"""middle"""	"0.33"	"1"	"0"	"1"	"1"	"0"	"1"	"""3"""	"""5"""	"""TRUE"""	"""logical"""	"""FALSE"""	"-1"	"-1"	"-1"	"-1"	"-1"	"-1"	"""recognition"""	""""""	"""20"""	"""m"""	"1"	"1"
"What is he talking about? (1-2 mins)"	"Short and fun! A 1-2 minute word game about what someone is talking about."	"experiment, psychology, game"	"$0.20"	"Wed Feb 26 12:59:11 PST 2014"	"400"	"0"	"0"	"400"	"Reviewable"	"NotReviewed"	"1 scales"	"600"	"60000"	"Wed Mar 05 12:59:11 PST 2014"	"S61735"	"Approved"	""	"""friend"""	"""hat"""	"""mustache"""	"""glasses"""	"""right"""	"""left"""	"0.778"	"3"	"0"	"1"	"1"	"0"	"1"	"""2"""	"""1"""	"""TRUE"""	"""logical"""	"""FALSE"""	"-1"	"-1"	"-1"	"-1"	"-1"	"-1"	"""perceptions"""	""""""	"""27"""	"""m"""	"1"	"1"
"What is he talking about? (1-2 mins)"	"Short and fun! A 1-2 minute word game about what someone is talking about."	"experiment, psychology, game"	"$0.20"	"Wed Feb 26 12:59:11 PST 2014"	"400"	"0"	"0"	"400"	"Reviewable"	"NotReviewed"	"1 scales"	"600"	"60000"	"Wed Mar 05 12:59:11 PST 2014"	"S99305"	"Approved"	""	"""Christmas tree"""	"""ornaments"""	"""star"""	"""lights"""	"""right"""	"""middle"""	"0.778"	"3"	"0"	"1"	"1"	"0"	"1"	"""2"""	"""1"""	"""TRUE"""	"""target"""	"""TRUE"""	"-1"	"-1"	"-1"	"-1"	"-1"	"-1"	"""Christmas trees and probability"""	"""I got confused about the 9 trees year by year and then the 3 random trees with no context, which group was I supposed to answer from?"""	"""29"""	"""m"""	"1"	"1"
"What is he talking about? (1-2 mins)"	"Short and fun! A 1-2 minute word game about what someone is talking about."	"experiment, psychology, game"	"$0.20"	"Wed Feb 26 12:59:11 PST 2014"	"400"	"0"	"0"	"400"	"Reviewable"	"NotReviewed"	"1 scales"	"600"	"60000"	"Wed Mar 05 12:59:11 PST 2014"	"S44134"	"Approved"	""	"""pizza"""	"""mushrooms"""	"""olives"""	"""peppers"""	"""middle"""	"""left"""	"0.556"	"2"	"0"	"1"	"1"	"0"	"1"	"""10"""	"""5"""	"""TRUE"""	"""logical"""	"""FALSE"""	"-1"	"-1"	"-1"	"-1"	"-1"	"-1"	"""Pizza"""	"""No sir."""	"""35"""	"""male"""	"1"	"1"
"What is he talking about? (1-2 mins)"	"Short and fun! A 1-2 minute word game about what someone is talking about."	"experiment, psychology, game"	"$0.20"	"Wed Feb 26 12:59:11 PST 2014"	"400"	"0"	"0"	"400"	"Reviewable"	"NotReviewed"	"1 scales"	"600"	"60000"	"Wed Mar 05 12:59:11 PST 2014"	"S07544"	"Approved"	""	"""pizza"""	"""peppers"""	"""mushrooms"""	"""olives"""	"""left"""	"""middle"""	"0.11"	"0"	"0"	"1"	"1"	"0"	"1"	"""1"""	"""1"""	"""TRUE"""	"""logical"""	"""FALSE"""	"-1"	"-1"	"-1"	"-1"	"-1"	"-1"	"""not sure"""	"""thank you"""	"""40"""	"""f"""	"1"	"1"
"What is he talking about? (1-2 mins)"	"Short and fun! A 1-2 minute word game about what someone is talking about."	"experiment, psychology, game"	"$0.20"	"Wed Feb 26 12:59:11 PST 2014"	"400"	"0"	"0"	"400"	"Reviewable"	"NotReviewed"	"1 scales"	"600"	"60000"	"Wed Mar 05 12:59:11 PST 2014"	"S10631"	"Approved"	""	"""pizza"""	"""peppers"""	"""olives"""	"""mushrooms"""	"""right"""	"""left"""	"0.11"	"0"	"0"	"1"	"1"	"0"	"1"	"""7"""	"""7"""	"""TRUE"""	"""target"""	"""TRUE"""	"-1"	"-1"	"-1"	"-1"	"-1"	"-1"	"""what pizzas bob likes"""	""""""	"""53"""	"""m"""	"1"	"1"
"What is he talking about? (1-2 mins)"	"Short and fun! A 1-2 minute word game about what someone is talking about."	"experiment, psychology, game"	"$0.20"	"Wed Feb 26 12:59:11 PST 2014"	"400"	"0"	"0"	"400"	"Reviewable"	"NotReviewed"	"1 scales"	"600"	"60000"	"Wed Mar 05 12:59:11 PST 2014"	"S60792"	"Approved"	""	"""friend"""	"""glasses"""	"""mustache"""	"""hat"""	"""middle"""	"""right"""	"0.556"	"2"	"0"	"1"	"1"	"0"	"1"	"""2"""	"""1"""	"""FALSE"""	"""logical"""	"""FALSE"""	"-1"	"-1"	"-1"	"-1"	"-1"	"-1"	"""What the character was talking about."""	"""I forgot his name =("""	"""27"""	"""f"""	"1"	"1"
"What is he talking about? (1-2 mins)"	"Short and fun! A 1-2 minute word game about what someone is talking about."	"experiment, psychology, game"	"$0.20"	"Wed Feb 26 12:59:11 PST 2014"	"400"	"0"	"0"	"400"	"Reviewable"	"NotReviewed"	"1 scales"	"600"	"60000"	"Wed Mar 05 12:59:11 PST 2014"	"S19685"	"Approved"	""	"""sundae"""	"""whipped cream"""	"""chocolate"""	"""cherry"""	"""right"""	"""left"""	"0.556"	"2"	"0"	"1"	"1"	"0"	"1"	"""8"""	"""3"""	"""TRUE"""	"""target"""	"""TRUE"""	"-1"	"-1"	"-1"	"-1"	"-1"	"-1"	"""Sundaes"""	""""""	"""22"""	"""o"""	"1"	"1"
"What is he talking about? (1-2 mins)"	"Short and fun! A 1-2 minute word game about what someone is talking about."	"experiment, psychology, game"	"$0.20"	"Wed Feb 26 12:59:11 PST 2014"	"400"	"0"	"0"	"400"	"Reviewable"	"NotReviewed"	"1 scales"	"600"	"60000"	"Wed Mar 05 12:59:11 PST 2014"	"S51245"	"Approved"	""	"""boat"""	"""sail"""	"""motor"""	"""cabin"""	"""left"""	"""right"""	"0.556"	"2"	"0"	"1"	"1"	"0"	"1"	"""2"""	"""1"""	"""TRUE"""	"""logical"""	"""FALSE"""	"-1"	"-1"	"-1"	"-1"	"-1"	"-1"	"""The boat that Bob took."""	""""""	"""22"""	"""f"""	"1"	"1"
"What is he talking about? (1-2 mins)"	"Short and fun! A 1-2 minute word game about what someone is talking about."	"experiment, psychology, game"	"$0.20"	"Wed Feb 26 12:59:11 PST 2014"	"400"	"0"	"0"	"400"	"Reviewable"	"NotReviewed"	"1 scales"	"600"	"60000"	"Wed Mar 05 12:59:11 PST 2014"	"S80644"	"Approved"	""	"""pizza"""	"""mushrooms"""	"""peppers"""	"""olives"""	"""left"""	"""middle"""	"0.556"	"2"	"0"	"1"	"1"	"0"	"1"	"""8"""	"""3"""	"""TRUE"""	"""foil"""	"""FALSE"""	"-1"	"-1"	"-1"	"-1"	"-1"	"-1"	"""The survey was about how many pizzas Bob had with mushrooms or peppers."""	""""""	"""310"""	"""m"""	"1"	"1"
"What is he talking about? (1-2 mins)"	"Short and fun! A 1-2 minute word game about what someone is talking about."	"experiment, psychology, game"	"$0.20"	"Wed Feb 26 12:59:11 PST 2014"	"400"	"0"	"0"	"400"	"Reviewable"	"NotReviewed"	"1 scales"	"600"	"60000"	"Wed Mar 05 12:59:11 PST 2014"	"S17249"	"Approved"	""	"""sundae"""	"""whipped cream"""	"""cherry"""	"""chocolate"""	"""left"""	"""middle"""	"0.11"	"0"	"0"	"1"	"1"	"0"	"1"	"""2"""	"""1"""	"""TRUE"""	"""logical"""	"""FALSE"""	"-1"	"-1"	"-1"	"-1"	"-1"	"-1"	"""memory """	""""""	"""21"""	"""m"""	"1"	"1"
"What is he talking about? (1-2 mins)"	"Short and fun! A 1-2 minute word game about what someone is talking about."	"experiment, psychology, game"	"$0.20"	"Wed Feb 26 12:59:11 PST 2014"	"400"	"0"	"0"	"400"	"Reviewable"	"NotReviewed"	"1 scales"	"600"	"60000"	"Wed Mar 05 12:59:11 PST 2014"	"S42505"	"Approved"	""	"""pizza"""	"""peppers"""	"""olives"""	"""mushrooms"""	"""right"""	"""left"""	"0.778"	"3"	"0"	"1"	"1"	"0"	"1"	"""6"""	"""1"""	"""TRUE"""	"""foil"""	"""FALSE"""	"-1"	"-1"	"-1"	"-1"	"-1"	"-1"	"""Bob eating pizza."""	"""No"""	"""35"""	"""m"""	"1"	"1"
"What is he talking about? (1-2 mins)"	"Short and fun! A 1-2 minute word game about what someone is talking about."	"experiment, psychology, game"	"$0.20"	"Wed Feb 26 12:59:11 PST 2014"	"400"	"0"	"0"	"400"	"Reviewable"	"NotReviewed"	"1 scales"	"600"	"60000"	"Wed Mar 05 12:59:11 PST 2014"	"S68720"	"Approved"	""	"""boat"""	"""motor"""	"""cabin"""	"""sail"""	"""left"""	"""right"""	"0.11"	"0"	"0"	"1"	"1"	"0"	"1"	"""2"""	"""1"""	"""TRUE"""	"""logical"""	"""FALSE"""	"-1"	"-1"	"-1"	"-1"	"-1"	"-1"	"""What kind of boats Bob sailed"""	""""""	"""34"""	"""f"""	"1"	"1"
"What is he talking about? (1-2 mins)"	"Short and fun! A 1-2 minute word game about what someone is talking about."	"experiment, psychology, game"	"$0.20"	"Wed Feb 26 12:59:11 PST 2014"	"400"	"0"	"0"	"400"	"Reviewable"	"NotReviewed"	"1 scales"	"600"	"60000"	"Wed Mar 05 12:59:11 PST 2014"	"S83403"	"Approved"	""	"""boat"""	"""sail"""	"""motor"""	"""cabin"""	"""left"""	"""right"""	"0.778"	"3"	"0"	"1"	"1"	"0"	"1"	"""2"""	"""1"""	"""TRUE"""	"""target"""	"""TRUE"""	"-1"	"-1"	"-1"	"-1"	"-1"	"-1"	"""Bob and how many times he's sailed."""	"""Interesting survey."""	"""30"""	"""m"""	"1"	"1"
"What is he talking about? (1-2 mins)"	"Short and fun! A 1-2 minute word game about what someone is talking about."	"experiment, psychology, game"	"$0.20"	"Wed Feb 26 12:59:11 PST 2014"	"400"	"0"	"0"	"400"	"Reviewable"	"NotReviewed"	"1 scales"	"600"	"60000"	"Wed Mar 05 12:59:11 PST 2014"	"S20813"	"Approved"	""	"""friend"""	"""mustache"""	"""hat"""	"""glasses"""	"""left"""	"""right"""	"0.33"	"1"	"0"	"1"	"1"	"0"	"1"	"""4"""	"""4"""	"""TRUE"""	"""logical"""	"""FALSE"""	"-1"	"-1"	"-1"	"-1"	"-1"	"-1"	"""Bob visiting friends"""	"""This was cute"""	"""30"""	"""f"""	"1"	"1"
"What is he talking about? (1-2 mins)"	"Short and fun! A 1-2 minute word game about what someone is talking about."	"experiment, psychology, game"	"$0.20"	"Wed Feb 26 12:59:11 PST 2014"	"400"	"0"	"0"	"400"	"Reviewable"	"NotReviewed"	"1 scales"	"600"	"60000"	"Wed Mar 05 12:59:11 PST 2014"	"S88622"	"Approved"	""	"""boat"""	"""sail"""	"""cabin"""	"""motor"""	"""right"""	"""left"""	"0.778"	"3"	"0"	"1"	"1"	"0"	"1"	"""8"""	"""9"""	"""TRUE"""	"""foil"""	"""FALSE"""	"-1"	"-1"	"-1"	"-1"	"-1"	"-1"	"""Sail boats"""	""""""	"""26"""	"""f"""	"1"	"1"
"What is he talking about? (1-2 mins)"	"Short and fun! A 1-2 minute word game about what someone is talking about."	"experiment, psychology, game"	"$0.20"	"Wed Feb 26 12:59:11 PST 2014"	"400"	"0"	"0"	"400"	"Reviewable"	"NotReviewed"	"1 scales"	"600"	"60000"	"Wed Mar 05 12:59:11 PST 2014"	"S10806"	"Approved"	""	"""sundae"""	"""chocolate"""	"""whipped cream"""	"""cherry"""	"""left"""	"""middle"""	"0.778"	"3"	"0"	"1"	"1"	"0"	"1"	"""2"""	"""1"""	"""TRUE"""	"""target"""	"""TRUE"""	"-1"	"-1"	"-1"	"-1"	"-1"	"-1"	"""The ice cream bob eats"""	"""no"""	"""54"""	"""f"""	"1"	"1"
"What is he talking about? (1-2 mins)"	"Short and fun! A 1-2 minute word game about what someone is talking about."	"experiment, psychology, game"	"$0.20"	"Wed Feb 26 12:59:11 PST 2014"	"400"	"0"	"0"	"400"	"Reviewable"	"NotReviewed"	"1 scales"	"600"	"60000"	"Wed Mar 05 12:59:11 PST 2014"	"S54064"	"Approved"	""	"""sundae"""	"""cherry"""	"""chocolate"""	"""whipped cream"""	"""middle"""	"""left"""	"0.33"	"1"	"0"	"1"	"1"	"0"	"1"	"""2"""	"""1"""	"""TRUE"""	"""foil"""	"""FALSE"""	"-1"	"-1"	"-1"	"-1"	"-1"	"-1"	"""Bob eating sundaes"""	""""""	"""29"""	"""m"""	"1"	"1"
"What is he talking about? (1-2 mins)"	"Short and fun! A 1-2 minute word game about what someone is talking about."	"experiment, psychology, game"	"$0.20"	"Wed Feb 26 12:59:11 PST 2014"	"400"	"0"	"0"	"400"	"Reviewable"	"NotReviewed"	"1 scales"	"600"	"60000"	"Wed Mar 05 12:59:11 PST 2014"	"S10905"	"Approved"	""	"""boat"""	"""sail"""	"""cabin"""	"""motor"""	"""right"""	"""left"""	"0.778"	"3"	"0"	"1"	"1"	"0"	"1"	"""2"""	"""1"""	"""TRUE"""	"""target"""	"""TRUE"""	"-1"	"-1"	"-1"	"-1"	"-1"	"-1"	"""what boat bob asiled"""	""""""	"""34"""	"""f"""	"1"	"1"
"What is he talking about? (1-2 mins)"	"Short and fun! A 1-2 minute word game about what someone is talking about."	"experiment, psychology, game"	"$0.20"	"Wed Feb 26 12:59:11 PST 2014"	"400"	"0"	"0"	"400"	"Reviewable"	"NotReviewed"	"1 scales"	"600"	"60000"	"Wed Mar 05 12:59:11 PST 2014"	"S91809"	"Approved"	""	"""sundae"""	"""cherry"""	"""chocolate"""	"""whipped cream"""	"""right"""	"""left"""	"0.33"	"1"	"0"	"1"	"1"	"0"	"1"	"""2"""	"""1"""	"""TRUE"""	"""logical"""	"""FALSE"""	"-1"	"-1"	"-1"	"-1"	"-1"	"-1"	"""bobs sundae"""	"""no"""	"""22"""	"""male"""	"1"	"1"
"What is he talking about? (1-2 mins)"	"Short and fun! A 1-2 minute word game about what someone is talking about."	"experiment, psychology, game"	"$0.20"	"Wed Feb 26 12:59:11 PST 2014"	"400"	"0"	"0"	"400"	"Reviewable"	"NotReviewed"	"1 scales"	"600"	"60000"	"Wed Mar 05 12:59:11 PST 2014"	"S95529"	"Approved"	""	"""boat"""	"""cabin"""	"""motor"""	"""sail"""	"""left"""	"""right"""	"0.11"	"0"	"0"	"1"	"1"	"0"	"1"	"""2"""	"""1"""	"""TRUE"""	"""logical"""	"""FALSE"""	"-1"	"-1"	"-1"	"-1"	"-1"	"-1"	"""The boats Bob has rented."""	"""No other comments"""	""""""	"""m"""	"1"	"1"
"What is he talking about? (1-2 mins)"	"Short and fun! A 1-2 minute word game about what someone is talking about."	"experiment, psychology, game"	"$0.20"	"Wed Feb 26 12:59:11 PST 2014"	"400"	"0"	"0"	"400"	"Reviewable"	"NotReviewed"	"1 scales"	"600"	"60000"	"Wed Mar 05 12:59:11 PST 2014"	"S48966"	"Approved"	""	"""friend"""	"""glasses"""	"""hat"""	"""mustache"""	"""middle"""	"""right"""	"0.11"	"0"	"0"	"1"	"1"	"0"	"1"	"""2"""	"""1"""	"""TRUE"""	"""target"""	"""TRUE"""	"-1"	"-1"	"-1"	"-1"	"-1"	"-1"	"""How people perceive things"""	""""""	"""26"""	"""female"""	"1"	"1"
"What is he talking about? (1-2 mins)"	"Short and fun! A 1-2 minute word game about what someone is talking about."	"experiment, psychology, game"	"$0.20"	"Wed Feb 26 12:59:11 PST 2014"	"400"	"0"	"0"	"400"	"Reviewable"	"NotReviewed"	"1 scales"	"600"	"60000"	"Wed Mar 05 12:59:11 PST 2014"	"S47385"	"Approved"	""	"""sundae"""	"""whipped cream"""	"""cherry"""	"""chocolate"""	"""left"""	"""middle"""	"0.11"	"0"	"0"	"1"	"1"	"0"	"1"	"""2"""	"""1"""	"""TRUE"""	"""logical"""	"""FALSE"""	"-1"	"-1"	"-1"	"-1"	"-1"	"-1"	"""Sundaes """	""""""	"""23"""	"""f"""	"1"	"1"
"What is he talking about? (1-2 mins)"	"Short and fun! A 1-2 minute word game about what someone is talking about."	"experiment, psychology, game"	"$0.20"	"Wed Feb 26 12:59:11 PST 2014"	"400"	"0"	"0"	"400"	"Reviewable"	"NotReviewed"	"1 scales"	"600"	"60000"	"Wed Mar 05 12:59:11 PST 2014"	"S12739"	"Approved"	""	"""sundae"""	"""whipped cream"""	"""chocolate"""	"""cherry"""	"""left"""	"""middle"""	"0.11"	"0"	"0"	"1"	"1"	"0"	"1"	"""2"""	"""1"""	"""TRUE"""	"""logical"""	"""FALSE"""	"-1"	"-1"	"-1"	"-1"	"-1"	"-1"	"""Bob eating sundae's every friday"""	""""""	"""27"""	"""m"""	"1"	"1"
"What is he talking about? (1-2 mins)"	"Short and fun! A 1-2 minute word game about what someone is talking about."	"experiment, psychology, game"	"$0.20"	"Wed Feb 26 12:59:11 PST 2014"	"400"	"0"	"0"	"400"	"Reviewable"	"NotReviewed"	"1 scales"	"600"	"60000"	"Wed Mar 05 12:59:11 PST 2014"	"S50327"	"Approved"	""	"""friend"""	"""mustache"""	"""hat"""	"""glasses"""	"""middle"""	"""left"""	"0.33"	"1"	"0"	"1"	"1"	"0"	"1"	"""2"""	"""1"""	"""TRUE"""	"""logical"""	"""FALSE"""	"-1"	"-1"	"-1"	"-1"	"-1"	"-1"	"""Visiting friends"""	"""No"""	"""35"""	"""m"""	"1"	"1"
"What is he talking about? (1-2 mins)"	"Short and fun! A 1-2 minute word game about what someone is talking about."	"experiment, psychology, game"	"$0.20"	"Wed Feb 26 12:59:11 PST 2014"	"400"	"0"	"0"	"400"	"Reviewable"	"NotReviewed"	"1 scales"	"600"	"60000"	"Wed Mar 05 12:59:11 PST 2014"	"S30188"	"Approved"	""	"""Christmas tree"""	"""lights"""	"""star"""	"""ornaments"""	"""middle"""	"""right"""	"0.11"	"0"	"0"	"1"	"1"	"0"	"1"	"""8"""	"""8"""	"""TRUE"""	"""logical"""	"""FALSE"""	"-1"	"-1"	"-1"	"-1"	"-1"	"-1"	"""Picking a christmas tree for Bob next year."""	""""""	"""37"""	"""m"""	"1"	"1"
"What is he talking about? (1-2 mins)"	"Short and fun! A 1-2 minute word game about what someone is talking about."	"experiment, psychology, game"	"$0.20"	"Wed Feb 26 12:59:11 PST 2014"	"400"	"0"	"0"	"400"	"Reviewable"	"NotReviewed"	"1 scales"	"600"	"60000"	"Wed Mar 05 12:59:11 PST 2014"	"S68998"	"Approved"	""	"""snowman"""	"""scarf"""	"""hat"""	"""mittens"""	"""right"""	"""left"""	"0.556"	"2"	"0"	"1"	"1"	"0"	"1"	"""7"""	"""3"""	"""TRUE"""	"""logical"""	"""FALSE"""	"-1"	"-1"	"-1"	"-1"	"-1"	"-1"	"""How he builds a snowman every year."""	"""None I can think of."""	"""29"""	"""M"""	"1"	"1"
"What is he talking about? (1-2 mins)"	"Short and fun! A 1-2 minute word game about what someone is talking about."	"experiment, psychology, game"	"$0.20"	"Wed Feb 26 12:59:11 PST 2014"	"400"	"0"	"0"	"400"	"Reviewable"	"NotReviewed"	"1 scales"	"600"	"60000"	"Wed Mar 05 12:59:11 PST 2014"	"S02595"	"Approved"	""	"""pizza"""	"""olives"""	"""mushrooms"""	"""peppers"""	"""right"""	"""left"""	"0.556"	"2"	"0"	"1"	"1"	"0"	"1"	"""8"""	"""8"""	"""TRUE"""	"""logical"""	"""FALSE"""	"-1"	"-1"	"-1"	"-1"	"-1"	"-1"	"""What did Bob say?"""	"""None"""	"""44"""	"""M"""	"1"	"1"
"What is he talking about? (1-2 mins)"	"Short and fun! A 1-2 minute word game about what someone is talking about."	"experiment, psychology, game"	"$0.20"	"Wed Feb 26 12:59:11 PST 2014"	"400"	"0"	"0"	"400"	"Reviewable"	"NotReviewed"	"1 scales"	"600"	"60000"	"Wed Mar 05 12:59:11 PST 2014"	"S95216"	"Approved"	""	"""friend"""	"""mustache"""	"""glasses"""	"""hat"""	"""middle"""	"""right"""	"0.33"	"1"	"0"	"1"	"1"	"0"	"1"	"""2"""	"""1"""	"""TRUE"""	"""logical"""	"""FALSE"""	"-1"	"-1"	"-1"	"-1"	"-1"	"-1"	"""What was this person talking about in terms of who he was going to visit. He visited his friend that has a moustach a lot."""	"""I liked it. """	"""18"""	"""f"""	"1"	"1"
"What is he talking about? (1-2 mins)"	"Short and fun! A 1-2 minute word game about what someone is talking about."	"experiment, psychology, game"	"$0.20"	"Wed Feb 26 12:59:11 PST 2014"	"400"	"0"	"0"	"400"	"Reviewable"	"NotReviewed"	"1 scales"	"600"	"60000"	"Wed Mar 05 12:59:11 PST 2014"	"S51286"	"Approved"	""	"""boat"""	"""sail"""	"""motor"""	"""cabin"""	"""middle"""	"""right"""	"0.778"	"3"	"0"	"1"	"1"	"0"	"1"	"""2"""	"""1"""	"""TRUE"""	"""logical"""	"""FALSE"""	"-1"	"-1"	"-1"	"-1"	"-1"	"-1"	"""Bob and his boats"""	"""Where's Bob going?"""	"""30"""	"""M"""	"1"	"1"
"What is he talking about? (1-2 mins)"	"Short and fun! A 1-2 minute word game about what someone is talking about."	"experiment, psychology, game"	"$0.20"	"Wed Feb 26 12:59:11 PST 2014"	"400"	"0"	"0"	"400"	"Reviewable"	"NotReviewed"	"1 scales"	"600"	"60000"	"Wed Mar 05 12:59:11 PST 2014"	"S03576"	"Approved"	""	"""boat"""	"""sail"""	"""motor"""	"""cabin"""	"""middle"""	"""left"""	"0.11"	"0"	"0"	"1"	"1"	"0"	"1"	"""2"""	"""1"""	"""TRUE"""	"""logical"""	"""FALSE"""	"-1"	"-1"	"-1"	"-1"	"-1"	"-1"	"""boats"""	""""""	"""25"""	"""m"""	"1"	"1"
"What is he talking about? (1-2 mins)"	"Short and fun! A 1-2 minute word game about what someone is talking about."	"experiment, psychology, game"	"$0.20"	"Wed Feb 26 12:59:11 PST 2014"	"400"	"0"	"0"	"400"	"Reviewable"	"NotReviewed"	"1 scales"	"600"	"60000"	"Wed Mar 05 12:59:11 PST 2014"	"S48556"	"Approved"	""	"""friend"""	"""mustache"""	"""hat"""	"""glasses"""	"""middle"""	"""left"""	"0.33"	"1"	"0"	"1"	"1"	"0"	"1"	"""8"""	"""5"""	"""TRUE"""	"""foil"""	"""FALSE"""	"-1"	"-1"	"-1"	"-1"	"-1"	"-1"	"""Perceptions"""	"""Interesting survey"""	"""54"""	"""f"""	"1"	"1"
"What is he talking about? (1-2 mins)"	"Short and fun! A 1-2 minute word game about what someone is talking about."	"experiment, psychology, game"	"$0.20"	"Wed Feb 26 12:59:11 PST 2014"	"400"	"0"	"0"	"400"	"Reviewable"	"NotReviewed"	"1 scales"	"600"	"60000"	"Wed Mar 05 12:59:11 PST 2014"	"S46797"	"Approved"	""	"""snowman"""	"""scarf"""	"""mittens"""	"""hat"""	"""left"""	"""middle"""	"0.556"	"2"	"0"	"1"	"1"	"0"	"1"	"""2"""	"""1"""	"""TRUE"""	"""logical"""	"""FALSE"""	"-1"	"-1"	"-1"	"-1"	"-1"	"-1"	"""a decorated snow man """	""""""	"""28"""	"""male"""	"1"	"1"
"What is he talking about? (1-2 mins)"	"Short and fun! A 1-2 minute word game about what someone is talking about."	"experiment, psychology, game"	"$0.20"	"Wed Feb 26 12:59:11 PST 2014"	"400"	"0"	"0"	"400"	"Reviewable"	"NotReviewed"	"1 scales"	"600"	"60000"	"Wed Mar 05 12:59:11 PST 2014"	"S43862"	"Approved"	""	"""pizza"""	"""mushrooms"""	"""olives"""	"""peppers"""	"""right"""	"""middle"""	"0.33"	"1"	"0"	"1"	"1"	"0"	"1"	"""4"""	"""5"""	"""TRUE"""	"""logical"""	"""FALSE"""	"-1"	"-1"	"-1"	"-1"	"-1"	"-1"	"""Pizza"""	""""""	"""34"""	"""f"""	"1"	"1"
"What is he talking about? (1-2 mins)"	"Short and fun! A 1-2 minute word game about what someone is talking about."	"experiment, psychology, game"	"$0.20"	"Wed Feb 26 12:59:11 PST 2014"	"400"	"0"	"0"	"400"	"Reviewable"	"NotReviewed"	"1 scales"	"600"	"60000"	"Wed Mar 05 12:59:11 PST 2014"	"S31020"	"Approved"	""	"""friend"""	"""mustache"""	"""hat"""	"""glasses"""	"""middle"""	"""left"""	"0.33"	"1"	"0"	"1"	"1"	"0"	"1"	"""2"""	"""1"""	"""TRUE"""	"""logical"""	"""FALSE"""	"-1"	"-1"	"-1"	"-1"	"-1"	"-1"	"""odds"""	"""no"""	"""45"""	"""male"""	"1"	"1"
"What is he talking about? (1-2 mins)"	"Short and fun! A 1-2 minute word game about what someone is talking about."	"experiment, psychology, game"	"$0.20"	"Wed Feb 26 12:59:11 PST 2014"	"400"	"0"	"0"	"400"	"Reviewable"	"NotReviewed"	"1 scales"	"600"	"60000"	"Wed Mar 05 12:59:11 PST 2014"	"S11147"	"Approved"	""	"""snowman"""	"""hat"""	"""scarf"""	"""mittens"""	"""left"""	"""middle"""	"0.33"	"1"	"0"	"1"	"1"	"0"	"1"	"""2"""	"""1"""	"""TRUE"""	"""logical"""	"""FALSE"""	"-1"	"-1"	"-1"	"-1"	"-1"	"-1"	"""About Bob's snowman that he has created in the past years."""	"""None"""	"""24"""	"""F"""	"1"	"1"
"What is he talking about? (1-2 mins)"	"Short and fun! A 1-2 minute word game about what someone is talking about."	"experiment, psychology, game"	"$0.20"	"Wed Feb 26 12:59:11 PST 2014"	"400"	"0"	"0"	"400"	"Reviewable"	"NotReviewed"	"1 scales"	"600"	"60000"	"Wed Mar 05 12:59:11 PST 2014"	"S15916"	"Approved"	""	"""Christmas tree"""	"""lights"""	"""star"""	"""ornaments"""	"""middle"""	"""right"""	"0.33"	"1"	"0"	"1"	"1"	"0"	"1"	"""2"""	"""1"""	"""FALSE"""	"""logical"""	"""FALSE"""	"-1"	"-1"	"-1"	"-1"	"-1"	"-1"	"""Choosing an xmas tree"""	""""""	"""29"""	"""m"""	"1"	"1"
"What is he talking about? (1-2 mins)"	"Short and fun! A 1-2 minute word game about what someone is talking about."	"experiment, psychology, game"	"$0.20"	"Wed Feb 26 12:59:11 PST 2014"	"400"	"0"	"0"	"400"	"Reviewable"	"NotReviewed"	"1 scales"	"600"	"60000"	"Wed Mar 05 12:59:11 PST 2014"	"S73710"	"Approved"	""	"""sundae"""	"""chocolate"""	"""whipped cream"""	"""cherry"""	"""middle"""	"""right"""	"0.33"	"1"	"0"	"1"	"1"	"0"	"1"	"""2"""	"""1"""	"""TRUE"""	"""target"""	"""TRUE"""	"-1"	"-1"	"-1"	"-1"	"-1"	"-1"	"""See what sundae Bob would eat, based on what kind he ate previously."""	"""No."""	"""52"""	"""f"""	"1"	"1"
"What is he talking about? (1-2 mins)"	"Short and fun! A 1-2 minute word game about what someone is talking about."	"experiment, psychology, game"	"$0.20"	"Wed Feb 26 12:59:11 PST 2014"	"400"	"0"	"0"	"400"	"Reviewable"	"NotReviewed"	"1 scales"	"600"	"60000"	"Wed Mar 05 12:59:11 PST 2014"	"S21320"	"Approved"	""	"""sundae"""	"""chocolate"""	"""whipped cream"""	"""cherry"""	"""middle"""	"""left"""	"0.11"	"0"	"0"	"1"	"1"	"0"	"1"	"""9"""	"""9"""	"""TRUE"""	"""foil"""	"""FALSE"""	"-1"	"-1"	"-1"	"-1"	"-1"	"-1"	"""sundaes"""	""""""	"""31"""	"""m"""	"1"	"1"
"What is he talking about? (1-2 mins)"	"Short and fun! A 1-2 minute word game about what someone is talking about."	"experiment, psychology, game"	"$0.20"	"Wed Feb 26 12:59:11 PST 2014"	"400"	"0"	"0"	"400"	"Reviewable"	"NotReviewed"	"1 scales"	"600"	"60000"	"Wed Mar 05 12:59:11 PST 2014"	"S60016"	"Approved"	""	"""boat"""	"""motor"""	"""cabin"""	"""sail"""	"""left"""	"""right"""	"0.33"	"1"	"0"	"1"	"1"	"0"	"1"	"""2"""	"""1"""	"""TRUE"""	"""foil"""	"""FALSE"""	"-1"	"-1"	"-1"	"-1"	"-1"	"-1"	"""sailing"""	"""None"""	"""42"""	"""m"""	"1"	"1"
"What is he talking about? (1-2 mins)"	"Short and fun! A 1-2 minute word game about what someone is talking about."	"experiment, psychology, game"	"$0.20"	"Wed Feb 26 12:59:11 PST 2014"	"400"	"0"	"0"	"400"	"Reviewable"	"NotReviewed"	"1 scales"	"600"	"60000"	"Wed Mar 05 12:59:11 PST 2014"	"S36903"	"Approved"	""	"""snowman"""	"""mittens"""	"""hat"""	"""scarf"""	"""middle"""	"""right"""	"0.11"	"0"	"0"	"1"	"1"	"0"	"1"	"""2"""	"""1"""	"""TRUE"""	"""foil"""	"""FALSE"""	"-1"	"-1"	"-1"	"-1"	"-1"	"-1"	"""Bob building snowmen"""	"""Hope your research goes well"""	"""20"""	"""m"""	"1"	"1"
"What is he talking about? (1-2 mins)"	"Short and fun! A 1-2 minute word game about what someone is talking about."	"experiment, psychology, game"	"$0.20"	"Wed Feb 26 12:59:11 PST 2014"	"400"	"0"	"0"	"400"	"Reviewable"	"NotReviewed"	"1 scales"	"600"	"60000"	"Wed Mar 05 12:59:11 PST 2014"	"S63401"	"Approved"	""	"""Christmas tree"""	"""star"""	"""ornaments"""	"""lights"""	"""middle"""	"""left"""	"0.556"	"2"	"0"	"1"	"1"	"0"	"1"	"""2"""	"""1"""	"""TRUE"""	"""logical"""	"""FALSE"""	"-1"	"-1"	"-1"	"-1"	"-1"	"-1"	"""what is he talking about"""	"""ty"""	""""""	"""male"""	"1"	"1"
"What is he talking about? (1-2 mins)"	"Short and fun! A 1-2 minute word game about what someone is talking about."	"experiment, psychology, game"	"$0.20"	"Wed Feb 26 12:59:11 PST 2014"	"400"	"0"	"0"	"400"	"Reviewable"	"NotReviewed"	"1 scales"	"600"	"60000"	"Wed Mar 05 12:59:11 PST 2014"	"S17903"	"Approved"	""	"""snowman"""	"""hat"""	"""mittens"""	"""scarf"""	"""left"""	"""middle"""	"0.778"	"3"	"0"	"1"	"1"	"0"	"1"	"""8"""	"""1"""	"""FALSE"""	"""target"""	"""TRUE"""	"-1"	"-1"	"-1"	"-1"	"-1"	"-1"	"""snowmen"""	""""""	""""""	"""M"""	"1"	"1"
"What is he talking about? (1-2 mins)"	"Short and fun! A 1-2 minute word game about what someone is talking about."	"experiment, psychology, game"	"$0.20"	"Wed Feb 26 12:59:11 PST 2014"	"400"	"0"	"0"	"400"	"Reviewable"	"NotReviewed"	"1 scales"	"600"	"60000"	"Wed Mar 05 12:59:11 PST 2014"	"S77494"	"Approved"	""	"""Christmas tree"""	"""ornaments"""	"""star"""	"""lights"""	"""left"""	"""right"""	"0.556"	"2"	"0"	"1"	"1"	"0"	"1"	"""6"""	"""3"""	"""TRUE"""	"""logical"""	"""FALSE"""	"-1"	"-1"	"-1"	"-1"	"-1"	"-1"	"""Trees"""	""""""	""""""	""""""	"1"	"1"
"What is he talking about? (1-2 mins)"	"Short and fun! A 1-2 minute word game about what someone is talking about."	"experiment, psychology, game"	"$0.20"	"Wed Feb 26 12:59:11 PST 2014"	"400"	"0"	"0"	"400"	"Reviewable"	"NotReviewed"	"1 scales"	"600"	"60000"	"Wed Mar 05 12:59:11 PST 2014"	"S12843"	"Approved"	""	"""Christmas tree"""	"""lights"""	"""star"""	"""ornaments"""	"""middle"""	"""right"""	"0.778"	"3"	"0"	"1"	"1"	"0"	"1"	"""8"""	"""1"""	"""TRUE"""	"""target"""	"""TRUE"""	"-1"	"-1"	"-1"	"-1"	"-1"	"-1"	"""TREES"""	""""""	"""22"""	"""f"""	"1"	"1"
"What is he talking about? (1-2 mins)"	"Short and fun! A 1-2 minute word game about what someone is talking about."	"experiment, psychology, game"	"$0.20"	"Wed Feb 26 12:59:11 PST 2014"	"400"	"0"	"0"	"400"	"Reviewable"	"NotReviewed"	"1 scales"	"600"	"60000"	"Wed Mar 05 12:59:11 PST 2014"	"S47940"	"Approved"	""	"""sundae"""	"""chocolate"""	"""cherry"""	"""whipped cream"""	"""middle"""	"""left"""	"0.11"	"0"	"0"	"1"	"1"	"0"	"1"	"""2"""	"""1"""	"""TRUE"""	"""logical"""	"""FALSE"""	"-1"	"-1"	"-1"	"-1"	"-1"	"-1"	"""How we process images based on information given to us; in this case, determining what ice cream sundae was eaten given prior information"""	""""""	"""24"""	"""m"""	"1"	"1"
"What is he talking about? (1-2 mins)"	"Short and fun! A 1-2 minute word game about what someone is talking about."	"experiment, psychology, game"	"$0.20"	"Wed Feb 26 12:59:11 PST 2014"	"400"	"0"	"0"	"400"	"Reviewable"	"NotReviewed"	"1 scales"	"600"	"60000"	"Wed Mar 05 12:59:11 PST 2014"	"S21615"	"Approved"	""	"""friend"""	"""mustache"""	"""glasses"""	"""hat"""	"""right"""	"""middle"""	"0.11"	"0"	"0"	"1"	"1"	"0"	"1"	"""2"""	"""1"""	"""TRUE"""	"""target"""	"""TRUE"""	"-1"	"-1"	"-1"	"-1"	"-1"	"-1"	"""Assumptions"""	""""""	"""27"""	"""m"""	"1"	"1"
"What is he talking about? (1-2 mins)"	"Short and fun! A 1-2 minute word game about what someone is talking about."	"experiment, psychology, game"	"$0.20"	"Wed Feb 26 12:59:11 PST 2014"	"400"	"0"	"0"	"400"	"Reviewable"	"NotReviewed"	"1 scales"	"600"	"60000"	"Wed Mar 05 12:59:11 PST 2014"	"S37235"	"Approved"	""	"""boat"""	"""motor"""	"""cabin"""	"""sail"""	"""right"""	"""middle"""	"0.778"	"3"	"0"	"1"	"1"	"0"	"1"	"""2"""	"""1"""	"""TRUE"""	"""logical"""	"""FALSE"""	"-1"	"-1"	"-1"	"-1"	"-1"	"-1"	"""boats"""	""""""	"""35"""	"""male"""	"1"	"1"
"What is he talking about? (1-2 mins)"	"Short and fun! A 1-2 minute word game about what someone is talking about."	"experiment, psychology, game"	"$0.20"	"Wed Feb 26 12:59:11 PST 2014"	"400"	"0"	"0"	"400"	"Reviewable"	"NotReviewed"	"1 scales"	"600"	"60000"	"Wed Mar 05 12:59:11 PST 2014"	"S52016"	"Approved"	""	"""boat"""	"""motor"""	"""sail"""	"""cabin"""	"""middle"""	"""left"""	"0.11"	"0"	"0"	"1"	"1"	"0"	"1"	"""2"""	"""1"""	"""TRUE"""	"""target"""	"""TRUE"""	"-1"	"-1"	"-1"	"-1"	"-1"	"-1"	"""Extrapolating from incomplete information."""	""""""	""""""	"""m"""	"1"	"1"
"What is he talking about? (1-2 mins)"	"Short and fun! A 1-2 minute word game about what someone is talking about."	"experiment, psychology, game"	"$0.20"	"Wed Feb 26 12:59:11 PST 2014"	"400"	"0"	"0"	"400"	"Reviewable"	"NotReviewed"	"1 scales"	"600"	"60000"	"Wed Mar 05 12:59:11 PST 2014"	"S59774"	"Approved"	""	"""friend"""	"""mustache"""	"""hat"""	"""glasses"""	"""middle"""	"""right"""	"0.556"	"2"	"0"	"1"	"1"	"0"	"1"	"""6"""	"""4"""	"""FALSE"""	"""target"""	"""TRUE"""	"-1"	"-1"	"-1"	"-1"	"-1"	"-1"	"""remembering pictures"""	"""nope"""	"""36"""	"""m"""	"1"	"1"
"What is he talking about? (1-2 mins)"	"Short and fun! A 1-2 minute word game about what someone is talking about."	"experiment, psychology, game"	"$0.20"	"Wed Feb 26 12:59:11 PST 2014"	"400"	"0"	"0"	"400"	"Reviewable"	"NotReviewed"	"1 scales"	"600"	"60000"	"Wed Mar 05 12:59:11 PST 2014"	"S63959"	"Approved"	""	"""sundae"""	"""chocolate"""	"""whipped cream"""	"""cherry"""	"""left"""	"""right"""	"0.778"	"3"	"0"	"1"	"1"	"0"	"1"	"""2"""	"""1"""	"""TRUE"""	"""target"""	"""TRUE"""	"-1"	"-1"	"-1"	"-1"	"-1"	"-1"	"""Probability judgments"""	""""""	"""26"""	"""m"""	"1"	"1"
"What is he talking about? (1-2 mins)"	"Short and fun! A 1-2 minute word game about what someone is talking about."	"experiment, psychology, game"	"$0.20"	"Wed Feb 26 12:59:11 PST 2014"	"400"	"0"	"0"	"400"	"Reviewable"	"NotReviewed"	"1 scales"	"600"	"60000"	"Wed Mar 05 12:59:11 PST 2014"	"S02988"	"Approved"	""	"""Christmas tree"""	"""ornaments"""	"""lights"""	"""star"""	"""middle"""	"""left"""	"0.556"	"2"	"0"	"1"	"1"	"0"	"1"	"""1"""	"""2"""	"""TRUE"""	"""target"""	"""TRUE"""	"-1"	"-1"	"-1"	"-1"	"-1"	"-1"	"""Christmas Trees"""	"""No"""	""""""	""""""	"1"	"1"
"What is he talking about? (1-2 mins)"	"Short and fun! A 1-2 minute word game about what someone is talking about."	"experiment, psychology, game"	"$0.20"	"Wed Feb 26 12:59:11 PST 2014"	"400"	"0"	"0"	"400"	"Reviewable"	"NotReviewed"	"1 scales"	"600"	"60000"	"Wed Mar 05 12:59:11 PST 2014"	"S09230"	"Approved"	""	"""sundae"""	"""chocolate"""	"""whipped cream"""	"""cherry"""	"""middle"""	"""right"""	"0.778"	"3"	"0"	"1"	"1"	"0"	"1"	"""8"""	"""1"""	"""TRUE"""	"""target"""	"""TRUE"""	"-1"	"-1"	"-1"	"-1"	"-1"	"-1"	"""Understanding people's eating patterns"""	"""Thank you for the survey."""	"""36"""	"""f"""	"1"	"1"
"What is he talking about? (1-2 mins)"	"Short and fun! A 1-2 minute word game about what someone is talking about."	"experiment, psychology, game"	"$0.20"	"Wed Feb 26 12:59:11 PST 2014"	"400"	"0"	"0"	"400"	"Reviewable"	"NotReviewed"	"1 scales"	"600"	"60000"	"Wed Mar 05 12:59:11 PST 2014"	"S52195"	"Approved"	""	"""friend"""	"""mustache"""	"""hat"""	"""glasses"""	"""right"""	"""middle"""	"0.11"	"0"	"0"	"1"	"1"	"0"	"1"	"""2"""	"""1"""	"""FALSE"""	"""logical"""	"""FALSE"""	"-1"	"-1"	"-1"	"-1"	"-1"	"-1"	"""Not sure"""	""""""	"""30"""	"""f"""	"1"	"1"
"What is he talking about? (1-2 mins)"	"Short and fun! A 1-2 minute word game about what someone is talking about."	"experiment, psychology, game"	"$0.20"	"Wed Feb 26 12:59:11 PST 2014"	"400"	"0"	"0"	"400"	"Reviewable"	"NotReviewed"	"1 scales"	"600"	"60000"	"Wed Mar 05 12:59:11 PST 2014"	"S03348"	"Approved"	""	"""boat"""	"""motor"""	"""cabin"""	"""sail"""	"""right"""	"""left"""	"0.33"	"1"	"0"	"1"	"1"	"0"	"1"	"""5"""	"""5"""	"""TRUE"""	"""logical"""	"""FALSE"""	"-1"	"-1"	"-1"	"-1"	"-1"	"-1"	"""Memory"""	"""Interesting survey"""	"""32"""	"""m"""	"1"	"1"
"What is he talking about? (1-2 mins)"	"Short and fun! A 1-2 minute word game about what someone is talking about."	"experiment, psychology, game"	"$0.20"	"Wed Feb 26 12:59:11 PST 2014"	"400"	"0"	"0"	"400"	"Reviewable"	"NotReviewed"	"1 scales"	"600"	"60000"	"Wed Mar 05 12:59:11 PST 2014"	"S13010"	"Approved"	""	"""Christmas tree"""	"""ornaments"""	"""star"""	"""lights"""	"""left"""	"""middle"""	"0.778"	"3"	"0"	"1"	"1"	"0"	"1"	"""2"""	"""1"""	"""TRUE"""	"""target"""	"""TRUE"""	"-1"	"-1"	"-1"	"-1"	"-1"	"-1"	"""trees"""	"""none"""	"""22"""	"""f"""	"1"	"1"
"What is he talking about? (1-2 mins)"	"Short and fun! A 1-2 minute word game about what someone is talking about."	"experiment, psychology, game"	"$0.20"	"Wed Feb 26 12:59:11 PST 2014"	"400"	"0"	"0"	"400"	"Reviewable"	"NotReviewed"	"1 scales"	"600"	"60000"	"Wed Mar 05 12:59:11 PST 2014"	"S87827"	"Approved"	""	"""sundae"""	"""whipped cream"""	"""cherry"""	"""chocolate"""	"""left"""	"""right"""	"0.556"	"2"	"0"	"1"	"1"	"0"	"1"	"""2"""	"""1"""	"""TRUE"""	"""foil"""	"""FALSE"""	"-1"	"-1"	"-1"	"-1"	"-1"	"-1"	"""Him eating ice cream"""	"""Great and short!"""	"""27"""	"""M"""	"1"	"1"
"What is he talking about? (1-2 mins)"	"Short and fun! A 1-2 minute word game about what someone is talking about."	"experiment, psychology, game"	"$0.20"	"Wed Feb 26 12:59:11 PST 2014"	"400"	"0"	"0"	"400"	"Reviewable"	"NotReviewed"	"1 scales"	"600"	"60000"	"Wed Mar 05 12:59:11 PST 2014"	"S87483"	"Approved"	""	"""pizza"""	"""olives"""	"""mushrooms"""	"""peppers"""	"""left"""	"""right"""	"0.778"	"3"	"0"	"1"	"1"	"0"	"1"	"""2"""	"""1"""	"""TRUE"""	"""target"""	"""TRUE"""	"-1"	"-1"	"-1"	"-1"	"-1"	"-1"	"""Visual memories"""	"""no"""	"""27"""	"""F"""	"1"	"1"
"What is he talking about? (1-2 mins)"	"Short and fun! A 1-2 minute word game about what someone is talking about."	"experiment, psychology, game"	"$0.20"	"Wed Feb 26 12:59:11 PST 2014"	"400"	"0"	"0"	"400"	"Reviewable"	"NotReviewed"	"1 scales"	"600"	"60000"	"Wed Mar 05 12:59:11 PST 2014"	"S90595"	"Approved"	""	"""pizza"""	"""peppers"""	"""mushrooms"""	"""olives"""	"""middle"""	"""right"""	"0.778"	"3"	"0"	"1"	"1"	"0"	"1"	"""2"""	"""1"""	"""TRUE"""	"""target"""	"""TRUE"""	"-1"	"-1"	"-1"	"-1"	"-1"	"-1"	"""Patterens"""	"""None"""	"""22"""	"""M"""	"1"	"1"
"What is he talking about? (1-2 mins)"	"Short and fun! A 1-2 minute word game about what someone is talking about."	"experiment, psychology, game"	"$0.20"	"Wed Feb 26 12:59:11 PST 2014"	"400"	"0"	"0"	"400"	"Reviewable"	"NotReviewed"	"1 scales"	"600"	"60000"	"Wed Mar 05 12:59:11 PST 2014"	"S16352"	"Approved"	""	"""snowman"""	"""scarf"""	"""mittens"""	"""hat"""	"""middle"""	"""right"""	"0.778"	"3"	"0"	"1"	"1"	"0"	"1"	"""8"""	"""1"""	"""TRUE"""	"""foil"""	"""FALSE"""	"-1"	"-1"	"-1"	"-1"	"-1"	"-1"	"""Trying to figure out what Bob was mumbling"""	""""""	"""21"""	"""m"""	"1"	"1"
"What is he talking about? (1-2 mins)"	"Short and fun! A 1-2 minute word game about what someone is talking about."	"experiment, psychology, game"	"$0.20"	"Wed Feb 26 12:59:11 PST 2014"	"400"	"0"	"0"	"400"	"Reviewable"	"NotReviewed"	"1 scales"	"600"	"60000"	"Wed Mar 05 12:59:11 PST 2014"	"S58581"	"Approved"	""	"""friend"""	"""mustache"""	"""hat"""	"""glasses"""	"""middle"""	"""right"""	"0.33"	"1"	"0"	"1"	"1"	"0"	"1"	"""2"""	"""1"""	"""TRUE"""	"""target"""	"""TRUE"""	"-1"	"-1"	"-1"	"-1"	"-1"	"-1"	"""Guessing who he'd visit?"""	"""I actually named one of the heads Bob and am now confused if that was the name of the original guy.  Good thing you didn't put Pedro or Rafael as choices or I'd be completely lost!"""	"""39"""	"""f"""	"1"	"1"
"What is he talking about? (1-2 mins)"	"Short and fun! A 1-2 minute word game about what someone is talking about."	"experiment, psychology, game"	"$0.20"	"Wed Feb 26 12:59:11 PST 2014"	"400"	"0"	"0"	"400"	"Reviewable"	"NotReviewed"	"1 scales"	"600"	"60000"	"Wed Mar 05 12:59:11 PST 2014"	"S97881"	"Approved"	""	"""boat"""	"""cabin"""	"""sail"""	"""motor"""	"""left"""	"""middle"""	"0.778"	"3"	"0"	"1"	"1"	"0"	"1"	"""2"""	"""1"""	"""TRUE"""	"""logical"""	"""FALSE"""	"-1"	"-1"	"-1"	"-1"	"-1"	"-1"	"""What kind of boats Bob sailed"""	""""""	"""21"""	"""o"""	"1"	"1"
"What is he talking about? (1-2 mins)"	"Short and fun! A 1-2 minute word game about what someone is talking about."	"experiment, psychology, game"	"$0.20"	"Wed Feb 26 12:59:11 PST 2014"	"400"	"0"	"0"	"400"	"Reviewable"	"NotReviewed"	"1 scales"	"600"	"60000"	"Wed Mar 05 12:59:11 PST 2014"	"S21097"	"Approved"	""	"""pizza"""	"""peppers"""	"""olives"""	"""mushrooms"""	"""middle"""	"""left"""	"0.33"	"1"	"0"	"1"	"1"	"0"	"1"	"""2"""	"""1"""	"""TRUE"""	"""target"""	"""TRUE"""	"-1"	"-1"	"-1"	"-1"	"-1"	"-1"	"""I really have no idea"""	"""None"""	"""35"""	"""f"""	"1"	"1"
"What is he talking about? (1-2 mins)"	"Short and fun! A 1-2 minute word game about what someone is talking about."	"experiment, psychology, game"	"$0.20"	"Wed Feb 26 12:59:11 PST 2014"	"400"	"0"	"0"	"400"	"Reviewable"	"NotReviewed"	"1 scales"	"600"	"60000"	"Wed Mar 05 12:59:11 PST 2014"	"S97950"	"Approved"	""	"""Christmas tree"""	"""star"""	"""lights"""	"""ornaments"""	"""middle"""	"""left"""	"0.11"	"0"	"0"	"1"	"1"	"0"	"1"	"""8"""	"""7"""	"""TRUE"""	"""logical"""	"""FALSE"""	"-1"	"-1"	"-1"	"-1"	"-1"	"-1"	"""Not really sure"""	"""None"""	"""33"""	"""M"""	"1"	"1"
"What is he talking about? (1-2 mins)"	"Short and fun! A 1-2 minute word game about what someone is talking about."	"experiment, psychology, game"	"$0.20"	"Wed Feb 26 12:59:11 PST 2014"	"400"	"0"	"0"	"400"	"Reviewable"	"NotReviewed"	"1 scales"	"600"	"60000"	"Wed Mar 05 12:59:11 PST 2014"	"S26383"	"Approved"	""	"""sundae"""	"""whipped cream"""	"""cherry"""	"""chocolate"""	"""right"""	"""left"""	"0.11"	"0"	"0"	"1"	"1"	"0"	"1"	"""2"""	"""1"""	"""FALSE"""	"""logical"""	"""FALSE"""	"-1"	"-1"	"-1"	"-1"	"-1"	"-1"	"""Guessing what someone said"""	"""none"""	"""42"""	"""F"""	"1"	"1"
"What is he talking about? (1-2 mins)"	"Short and fun! A 1-2 minute word game about what someone is talking about."	"experiment, psychology, game"	"$0.20"	"Wed Feb 26 12:59:11 PST 2014"	"400"	"0"	"0"	"400"	"Reviewable"	"NotReviewed"	"1 scales"	"600"	"60000"	"Wed Mar 05 12:59:11 PST 2014"	"S96334"	"Approved"	""	"""Christmas tree"""	"""ornaments"""	"""star"""	"""lights"""	"""left"""	"""right"""	"0.33"	"1"	"0"	"1"	"1"	"0"	"1"	"""2"""	"""1"""	"""TRUE"""	"""logical"""	"""FALSE"""	"-1"	"-1"	"-1"	"-1"	"-1"	"-1"	"""trimming Christmas trees"""	"""The last question was a little vague"""	"""63"""	"""m"""	"1"	"1"
"What is he talking about? (1-2 mins)"	"Short and fun! A 1-2 minute word game about what someone is talking about."	"experiment, psychology, game"	"$0.20"	"Wed Feb 26 12:59:11 PST 2014"	"400"	"0"	"0"	"400"	"Reviewable"	"NotReviewed"	"1 scales"	"600"	"60000"	"Wed Mar 05 12:59:11 PST 2014"	"S77049"	"Approved"	""	"""pizza"""	"""peppers"""	"""olives"""	"""mushrooms"""	"""right"""	"""left"""	"0.33"	"1"	"0"	"1"	"1"	"0"	"1"	"""9"""	"""3"""	"""TRUE"""	"""target"""	"""TRUE"""	"-1"	"-1"	"-1"	"-1"	"-1"	"-1"	"""Pizza"""	""""""	""""""	""""""	"1"	"1"
"What is he talking about? (1-2 mins)"	"Short and fun! A 1-2 minute word game about what someone is talking about."	"experiment, psychology, game"	"$0.20"	"Wed Feb 26 12:59:11 PST 2014"	"400"	"0"	"0"	"400"	"Reviewable"	"NotReviewed"	"1 scales"	"600"	"60000"	"Wed Mar 05 12:59:11 PST 2014"	"S01526"	"Approved"	""	"""friend"""	"""glasses"""	"""hat"""	"""mustache"""	"""right"""	"""middle"""	"0.778"	"3"	"0"	"1"	"1"	"0"	"1"	"""1"""	"""1"""	"""TRUE"""	"""logical"""	"""FALSE"""	"-1"	"-1"	"-1"	"-1"	"-1"	"-1"	"""bob meeting a friend"""	""""""	"""38"""	"""f"""	"1"	"1"
"What is he talking about? (1-2 mins)"	"Short and fun! A 1-2 minute word game about what someone is talking about."	"experiment, psychology, game"	"$0.20"	"Wed Feb 26 12:59:11 PST 2014"	"400"	"0"	"0"	"400"	"Reviewable"	"NotReviewed"	"1 scales"	"600"	"60000"	"Wed Mar 05 12:59:11 PST 2014"	"S24758"	"Approved"	""	"""pizza"""	"""mushrooms"""	"""peppers"""	"""olives"""	"""middle"""	"""right"""	"0.33"	"1"	"0"	"1"	"1"	"0"	"1"	"""1"""	"""1"""	"""TRUE"""	"""logical"""	"""FALSE"""	"-1"	"-1"	"-1"	"-1"	"-1"	"-1"	"""Predicting what the person will eat"""	""""""	""""""	""""""	"1"	"1"
"What is he talking about? (1-2 mins)"	"Short and fun! A 1-2 minute word game about what someone is talking about."	"experiment, psychology, game"	"$0.20"	"Wed Feb 26 12:59:11 PST 2014"	"400"	"0"	"0"	"400"	"Reviewable"	"NotReviewed"	"1 scales"	"600"	"60000"	"Wed Mar 05 12:59:11 PST 2014"	"S06647"	"Approved"	""	"""sundae"""	"""whipped cream"""	"""chocolate"""	"""cherry"""	"""right"""	"""middle"""	"0.33"	"1"	"0"	"1"	"1"	"0"	"1"	"""1"""	"""1"""	"""TRUE"""	"""target"""	"""TRUE"""	"-1"	"-1"	"-1"	"-1"	"-1"	"-1"	"""ice cream"""	"""thank you"""	"""29"""	"""m"""	"1"	"1"
"What is he talking about? (1-2 mins)"	"Short and fun! A 1-2 minute word game about what someone is talking about."	"experiment, psychology, game"	"$0.20"	"Wed Feb 26 12:59:11 PST 2014"	"400"	"0"	"0"	"400"	"Reviewable"	"NotReviewed"	"1 scales"	"600"	"60000"	"Wed Mar 05 12:59:11 PST 2014"	"S92344"	"Approved"	""	"""boat"""	"""sail"""	"""cabin"""	"""motor"""	"""right"""	"""left"""	"0.556"	"2"	"0"	"1"	"1"	"0"	"1"	"""8"""	"""3"""	"""TRUE"""	"""logical"""	"""FALSE"""	"-1"	"-1"	"-1"	"-1"	"-1"	"-1"	"""sailing different ships"""	""""""	"""29"""	"""m"""	"1"	"1"
"What is he talking about? (1-2 mins)"	"Short and fun! A 1-2 minute word game about what someone is talking about."	"experiment, psychology, game"	"$0.20"	"Wed Feb 26 12:59:11 PST 2014"	"400"	"0"	"0"	"400"	"Reviewable"	"NotReviewed"	"1 scales"	"600"	"60000"	"Wed Mar 05 12:59:11 PST 2014"	"S24569"	"Approved"	""	"""boat"""	"""cabin"""	"""sail"""	"""motor"""	"""left"""	"""middle"""	"0.556"	"2"	"0"	"1"	"1"	"0"	"1"	"""2"""	"""1"""	"""TRUE"""	"""foil"""	"""FALSE"""	"-1"	"-1"	"-1"	"-1"	"-1"	"-1"	"""Boats"""	"""No"""	"""24"""	"""M"""	"1"	"1"
"What is he talking about? (1-2 mins)"	"Short and fun! A 1-2 minute word game about what someone is talking about."	"experiment, psychology, game"	"$0.20"	"Wed Feb 26 12:59:11 PST 2014"	"400"	"0"	"0"	"400"	"Reviewable"	"NotReviewed"	"1 scales"	"600"	"60000"	"Wed Mar 05 12:59:11 PST 2014"	"S88872"	"Approved"	""	"""friend"""	"""glasses"""	"""mustache"""	"""hat"""	"""right"""	"""left"""	"0.556"	"2"	"0"	"1"	"1"	"0"	"1"	"""2"""	"""1"""	"""TRUE"""	"""logical"""	"""FALSE"""	"-1"	"-1"	"-1"	"-1"	"-1"	"-1"	"""unsure"""	"""no"""	"""56"""	"""f"""	"1"	"1"
"What is he talking about? (1-2 mins)"	"Short and fun! A 1-2 minute word game about what someone is talking about."	"experiment, psychology, game"	"$0.20"	"Wed Feb 26 12:59:11 PST 2014"	"400"	"0"	"0"	"400"	"Reviewable"	"NotReviewed"	"1 scales"	"600"	"60000"	"Wed Mar 05 12:59:11 PST 2014"	"S72627"	"Approved"	""	"""boat"""	"""cabin"""	"""motor"""	"""sail"""	"""left"""	"""middle"""	"0.33"	"1"	"0"	"1"	"1"	"0"	"1"	"""8"""	"""8"""	"""TRUE"""	"""logical"""	"""FALSE"""	"-1"	"-1"	"-1"	"-1"	"-1"	"-1"	"""I have no idea."""	"""Thanks for the survey."""	"""50"""	"""f"""	"1"	"1"
"What is he talking about? (1-2 mins)"	"Short and fun! A 1-2 minute word game about what someone is talking about."	"experiment, psychology, game"	"$0.20"	"Wed Feb 26 12:59:11 PST 2014"	"400"	"0"	"0"	"400"	"Reviewable"	"NotReviewed"	"1 scales"	"600"	"60000"	"Wed Mar 05 12:59:11 PST 2014"	"S62033"	"Approved"	""	"""Christmas tree"""	"""lights"""	"""ornaments"""	"""star"""	"""right"""	"""middle"""	"0.11"	"0"	"0"	"1"	"1"	"0"	"1"	"""2"""	"""1"""	"""TRUE"""	"""logical"""	"""FALSE"""	"-1"	"-1"	"-1"	"-1"	"-1"	"-1"	"""UNSURE"""	""""""	"""26"""	"""M"""	"1"	"1"
"What is he talking about? (1-2 mins)"	"Short and fun! A 1-2 minute word game about what someone is talking about."	"experiment, psychology, game"	"$0.20"	"Wed Feb 26 12:59:11 PST 2014"	"400"	"0"	"0"	"400"	"Reviewable"	"NotReviewed"	"1 scales"	"600"	"60000"	"Wed Mar 05 12:59:11 PST 2014"	"S25893"	"Approved"	""	"""boat"""	"""motor"""	"""sail"""	"""cabin"""	"""right"""	"""left"""	"0.556"	"2"	"0"	"1"	"1"	"0"	"1"	"""2"""	"""1"""	"""TRUE"""	"""logical"""	"""FALSE"""	"-1"	"-1"	"-1"	"-1"	"-1"	"-1"	"""I guess just to test my interpretation of ambiguity?"""	"""none"""	"""43"""	"""m"""	"1"	"1"
"What is he talking about? (1-2 mins)"	"Short and fun! A 1-2 minute word game about what someone is talking about."	"experiment, psychology, game"	"$0.20"	"Wed Feb 26 12:59:11 PST 2014"	"400"	"0"	"0"	"400"	"Reviewable"	"NotReviewed"	"1 scales"	"600"	"60000"	"Wed Mar 05 12:59:11 PST 2014"	"S57283"	"Approved"	""	"""friend"""	"""mustache"""	"""hat"""	"""glasses"""	"""right"""	"""left"""	"0.556"	"2"	"0"	"1"	"1"	"0"	"1"	"""5"""	"""5"""	"""TRUE"""	"""target"""	"""TRUE"""	"-1"	"-1"	"-1"	"-1"	"-1"	"-1"	"""visiting friends"""	""""""	"""24"""	"""f"""	"1"	"1"
"What is he talking about? (1-2 mins)"	"Short and fun! A 1-2 minute word game about what someone is talking about."	"experiment, psychology, game"	"$0.20"	"Wed Feb 26 12:59:11 PST 2014"	"400"	"0"	"0"	"400"	"Reviewable"	"NotReviewed"	"1 scales"	"600"	"60000"	"Wed Mar 05 12:59:11 PST 2014"	"S49174"	"Approved"	""	"""friend"""	"""glasses"""	"""hat"""	"""mustache"""	"""left"""	"""right"""	"0.33"	"1"	"0"	"1"	"1"	"0"	"1"	"""5"""	"""3"""	"""TRUE"""	"""foil"""	"""FALSE"""	"-1"	"-1"	"-1"	"-1"	"-1"	"-1"	"""Bob's visits to his friends"""	"""fun! but i don't really get the point.."""	"""26"""	"""f"""	"1"	"1"
"What is he talking about? (1-2 mins)"	"Short and fun! A 1-2 minute word game about what someone is talking about."	"experiment, psychology, game"	"$0.20"	"Wed Feb 26 12:59:11 PST 2014"	"400"	"0"	"0"	"400"	"Reviewable"	"NotReviewed"	"1 scales"	"600"	"60000"	"Wed Mar 05 12:59:11 PST 2014"	"S52297"	"Approved"	""	"""pizza"""	"""olives"""	"""peppers"""	"""mushrooms"""	"""right"""	"""left"""	"0.778"	"3"	"0"	"1"	"1"	"0"	"1"	"""1"""	"""1"""	"""TRUE"""	"""target"""	"""TRUE"""	"-1"	"-1"	"-1"	"-1"	"-1"	"-1"	"""pizza"""	""""""	"""34"""	"""female"""	"1"	"1"
"What is he talking about? (1-2 mins)"	"Short and fun! A 1-2 minute word game about what someone is talking about."	"experiment, psychology, game"	"$0.20"	"Wed Feb 26 12:59:11 PST 2014"	"400"	"0"	"0"	"400"	"Reviewable"	"NotReviewed"	"1 scales"	"600"	"60000"	"Wed Mar 05 12:59:11 PST 2014"	"S53093"	"Approved"	""	"""boat"""	"""sail"""	"""motor"""	"""cabin"""	"""middle"""	"""left"""	"0.556"	"2"	"0"	"1"	"1"	"0"	"1"	"""2"""	"""1"""	"""TRUE"""	"""foil"""	"""FALSE"""	"-1"	"-1"	"-1"	"-1"	"-1"	"-1"	"""Bob sailing boats"""	""""""	"""22"""	"""f"""	"1"	"1"
"What is he talking about? (1-2 mins)"	"Short and fun! A 1-2 minute word game about what someone is talking about."	"experiment, psychology, game"	"$0.20"	"Wed Feb 26 12:59:11 PST 2014"	"400"	"0"	"0"	"400"	"Reviewable"	"NotReviewed"	"1 scales"	"600"	"60000"	"Wed Mar 05 12:59:11 PST 2014"	"S28781"	"Approved"	""	"""pizza"""	"""peppers"""	"""olives"""	"""mushrooms"""	"""left"""	"""right"""	"0.778"	"3"	"0"	"1"	"1"	"0"	"1"	"""8"""	"""1"""	"""TRUE"""	"""foil"""	"""FALSE"""	"-1"	"-1"	"-1"	"-1"	"-1"	"-1"	"""perception"""	""""""	"""33"""	"""f"""	"1"	"1"
"What is he talking about? (1-2 mins)"	"Short and fun! A 1-2 minute word game about what someone is talking about."	"experiment, psychology, game"	"$0.20"	"Wed Feb 26 12:59:11 PST 2014"	"400"	"0"	"0"	"400"	"Reviewable"	"NotReviewed"	"1 scales"	"600"	"60000"	"Wed Mar 05 12:59:11 PST 2014"	"S13885"	"Approved"	""	"""snowman"""	"""scarf"""	"""mittens"""	"""hat"""	"""middle"""	"""right"""	"0.778"	"3"	"0"	"1"	"1"	"0"	"1"	"""2"""	"""1"""	"""TRUE"""	"""target"""	"""TRUE"""	"-1"	"-1"	"-1"	"-1"	"-1"	"-1"	"""Anticipating someone else's actions."""	""""""	"""31"""	"""f"""	"1"	"1"
"What is he talking about? (1-2 mins)"	"Short and fun! A 1-2 minute word game about what someone is talking about."	"experiment, psychology, game"	"$0.20"	"Wed Feb 26 12:59:11 PST 2014"	"400"	"0"	"0"	"400"	"Reviewable"	"NotReviewed"	"1 scales"	"600"	"60000"	"Wed Mar 05 12:59:11 PST 2014"	"S77058"	"Approved"	""	"""Christmas tree"""	"""star"""	"""lights"""	"""ornaments"""	"""middle"""	"""right"""	"0.11"	"0"	"0"	"1"	"1"	"0"	"1"	"""2"""	"""1"""	"""TRUE"""	"""logical"""	"""FALSE"""	"-1"	"-1"	"-1"	"-1"	"-1"	"-1"	"""predicting bobs actions"""	"""no"""	"""35"""	"""f"""	"1"	"1"
"What is he talking about? (1-2 mins)"	"Short and fun! A 1-2 minute word game about what someone is talking about."	"experiment, psychology, game"	"$0.20"	"Wed Feb 26 12:59:11 PST 2014"	"400"	"0"	"0"	"400"	"Reviewable"	"NotReviewed"	"1 scales"	"600"	"60000"	"Wed Mar 05 12:59:11 PST 2014"	"S28277"	"Approved"	""	"""pizza"""	"""olives"""	"""peppers"""	"""mushrooms"""	"""middle"""	"""left"""	"0.33"	"1"	"0"	"1"	"1"	"0"	"1"	"""2"""	"""1"""	"""TRUE"""	"""logical"""	"""FALSE"""	"-1"	"-1"	"-1"	"-1"	"-1"	"-1"	"""What I think Bob will order next week for pizza."""	""""""	"""23"""	"""m"""	"1"	"1"
"What is he talking about? (1-2 mins)"	"Short and fun! A 1-2 minute word game about what someone is talking about."	"experiment, psychology, game"	"$0.20"	"Wed Feb 26 12:59:11 PST 2014"	"400"	"0"	"0"	"400"	"Reviewable"	"NotReviewed"	"1 scales"	"600"	"60000"	"Wed Mar 05 12:59:11 PST 2014"	"S75293"	"Approved"	""	"""sundae"""	"""cherry"""	"""whipped cream"""	"""chocolate"""	"""right"""	"""left"""	"0.556"	"2"	"0"	"1"	"1"	"0"	"1"	"""2"""	"""1"""	"""TRUE"""	"""logical"""	"""FALSE"""	"-1"	"-1"	"-1"	"-1"	"-1"	"-1"	"""The sundae's Bob eats on fridays and what sundae you think he will eat this friday."""	"""No comments."""	"""28"""	"""m"""	"1"	"1"
"What is he talking about? (1-2 mins)"	"Short and fun! A 1-2 minute word game about what someone is talking about."	"experiment, psychology, game"	"$0.20"	"Wed Feb 26 12:59:11 PST 2014"	"400"	"0"	"0"	"400"	"Reviewable"	"NotReviewed"	"1 scales"	"600"	"60000"	"Wed Mar 05 12:59:11 PST 2014"	"S62396"	"Approved"	""	"""snowman"""	"""mittens"""	"""hat"""	"""scarf"""	"""left"""	"""right"""	"0.556"	"2"	"0"	"1"	"1"	"0"	"1"	"""2"""	"""1"""	"""TRUE"""	"""foil"""	"""FALSE"""	"-1"	"-1"	"-1"	"-1"	"-1"	"-1"	"""memory I suppose."""	"""I wasn't prepared for a memory game this early"""	"""42"""	"""m"""	"1"	"1"
"What is he talking about? (1-2 mins)"	"Short and fun! A 1-2 minute word game about what someone is talking about."	"experiment, psychology, game"	"$0.20"	"Wed Feb 26 12:59:11 PST 2014"	"400"	"0"	"0"	"400"	"Reviewable"	"NotReviewed"	"1 scales"	"600"	"60000"	"Wed Mar 05 12:59:11 PST 2014"	"S66741"	"Approved"	""	"""pizza"""	"""olives"""	"""peppers"""	"""mushrooms"""	"""middle"""	"""left"""	"0.778"	"3"	"0"	"1"	"1"	"0"	"1"	"""2"""	"""1"""	"""TRUE"""	"""target"""	"""TRUE"""	"-1"	"-1"	"-1"	"-1"	"-1"	"-1"	"""Predicting the pizza Bob will order"""	""""""	"""45"""	"""f"""	"1"	"1"
"What is he talking about? (1-2 mins)"	"Short and fun! A 1-2 minute word game about what someone is talking about."	"experiment, psychology, game"	"$0.20"	"Wed Feb 26 12:59:11 PST 2014"	"400"	"0"	"0"	"400"	"Reviewable"	"NotReviewed"	"1 scales"	"600"	"60000"	"Wed Mar 05 12:59:11 PST 2014"	"S26603"	"Approved"	""	"""snowman"""	"""scarf"""	"""mittens"""	"""hat"""	"""middle"""	"""left"""	"0.778"	"3"	"0"	"1"	"1"	"0"	"1"	"""2"""	"""1"""	"""FALSE"""	"""target"""	"""TRUE"""	"-1"	"-1"	"-1"	"-1"	"-1"	"-1"	"""Interpolating visually"""	""""""	"""36"""	"""m"""	"1"	"1"
"What is he talking about? (1-2 mins)"	"Short and fun! A 1-2 minute word game about what someone is talking about."	"experiment, psychology, game"	"$0.20"	"Wed Feb 26 12:59:11 PST 2014"	"400"	"0"	"0"	"400"	"Reviewable"	"NotReviewed"	"1 scales"	"600"	"60000"	"Wed Mar 05 12:59:11 PST 2014"	"S99951"	"Approved"	""	"""snowman"""	"""hat"""	"""mittens"""	"""scarf"""	"""right"""	"""left"""	"0.556"	"2"	"0"	"1"	"1"	"0"	"1"	"""2"""	"""1"""	"""FALSE"""	"""logical"""	"""FALSE"""	"-1"	"-1"	"-1"	"-1"	"-1"	"-1"	"""snowmen"""	"""how strange..."""	"""25"""	"""f"""	"1"	"1"
"What is he talking about? (1-2 mins)"	"Short and fun! A 1-2 minute word game about what someone is talking about."	"experiment, psychology, game"	"$0.20"	"Wed Feb 26 12:59:11 PST 2014"	"400"	"0"	"0"	"400"	"Reviewable"	"NotReviewed"	"1 scales"	"600"	"60000"	"Wed Mar 05 12:59:11 PST 2014"	"S67505"	"Approved"	""	"""snowman"""	"""hat"""	"""scarf"""	"""mittens"""	"""right"""	"""middle"""	"0.33"	"1"	"0"	"1"	"1"	"0"	"1"	"""2"""	"""1"""	"""TRUE"""	"""target"""	"""TRUE"""	"-1"	"-1"	"-1"	"-1"	"-1"	"-1"	"""Snowmen"""	"""none"""	"""31"""	"""f"""	"1"	"1"
"What is he talking about? (1-2 mins)"	"Short and fun! A 1-2 minute word game about what someone is talking about."	"experiment, psychology, game"	"$0.20"	"Wed Feb 26 12:59:11 PST 2014"	"400"	"0"	"0"	"400"	"Reviewable"	"NotReviewed"	"1 scales"	"600"	"60000"	"Wed Mar 05 12:59:11 PST 2014"	"S47466"	"Approved"	""	"""boat"""	"""sail"""	"""cabin"""	"""motor"""	"""middle"""	"""left"""	"0.11"	"0"	"0"	"1"	"1"	"0"	"1"	"""2"""	"""1"""	"""FALSE"""	"""target"""	"""TRUE"""	"-1"	"-1"	"-1"	"-1"	"-1"	"-1"	"""What kind of boats Joe sails each week"""	"""null"""	"""30"""	"""f"""	"1"	"1"
"What is he talking about? (1-2 mins)"	"Short and fun! A 1-2 minute word game about what someone is talking about."	"experiment, psychology, game"	"$0.20"	"Wed Feb 26 12:59:11 PST 2014"	"400"	"0"	"0"	"400"	"Reviewable"	"NotReviewed"	"1 scales"	"600"	"60000"	"Wed Mar 05 12:59:11 PST 2014"	"S34049"	"Approved"	""	"""snowman"""	"""mittens"""	"""scarf"""	"""hat"""	"""left"""	"""right"""	"0.778"	"3"	"0"	"1"	"1"	"0"	"1"	"""8"""	"""1"""	"""TRUE"""	"""logical"""	"""FALSE"""	"-1"	"-1"	"-1"	"-1"	"-1"	"-1"	"""Attention to details."""	""""""	"""36"""	"""f"""	"1"	"1"
"What is he talking about? (1-2 mins)"	"Short and fun! A 1-2 minute word game about what someone is talking about."	"experiment, psychology, game"	"$0.20"	"Wed Feb 26 12:59:11 PST 2014"	"400"	"0"	"0"	"400"	"Reviewable"	"NotReviewed"	"1 scales"	"600"	"60000"	"Wed Mar 05 12:59:11 PST 2014"	"S85741"	"Approved"	""	"""friend"""	"""glasses"""	"""mustache"""	"""hat"""	"""middle"""	"""left"""	"0.778"	"3"	"0"	"1"	"1"	"0"	"1"	"""2"""	"""1"""	"""FALSE"""	"""logical"""	"""FALSE"""	"-1"	"-1"	"-1"	"-1"	"-1"	"-1"	"""friends """	""""""	"""22"""	"""m"""	"1"	"1"
"What is he talking about? (1-2 mins)"	"Short and fun! A 1-2 minute word game about what someone is talking about."	"experiment, psychology, game"	"$0.20"	"Wed Feb 26 12:59:11 PST 2014"	"400"	"0"	"0"	"400"	"Reviewable"	"NotReviewed"	"1 scales"	"600"	"60000"	"Wed Mar 05 12:59:11 PST 2014"	"S27018"	"Approved"	""	"""friend"""	"""glasses"""	"""hat"""	"""mustache"""	"""middle"""	"""right"""	"0.33"	"1"	"0"	"1"	"1"	"0"	"1"	"""2"""	"""1"""	"""TRUE"""	"""logical"""	"""FALSE"""	"-1"	"-1"	"-1"	"-1"	"-1"	"-1"	"""Bob meeting friends every week"""	"""Different study. I liked it."""	"""25"""	"""m"""	"1"	"1"
"What is he talking about? (1-2 mins)"	"Short and fun! A 1-2 minute word game about what someone is talking about."	"experiment, psychology, game"	"$0.20"	"Wed Feb 26 12:59:11 PST 2014"	"400"	"0"	"0"	"400"	"Reviewable"	"NotReviewed"	"1 scales"	"600"	"60000"	"Wed Mar 05 12:59:11 PST 2014"	"S44396"	"Approved"	""	"""Christmas tree"""	"""lights"""	"""star"""	"""ornaments"""	"""right"""	"""left"""	"0.556"	"2"	"0"	"1"	"1"	"0"	"1"	"""8"""	"""3"""	"""TRUE"""	"""target"""	"""TRUE"""	"-1"	"-1"	"-1"	"-1"	"-1"	"-1"	"""Trimming Christmas trees"""	"""Nope"""	"""33"""	"""m"""	"1"	"1"
"What is he talking about? (1-2 mins)"	"Short and fun! A 1-2 minute word game about what someone is talking about."	"experiment, psychology, game"	"$0.20"	"Wed Feb 26 12:59:11 PST 2014"	"400"	"0"	"0"	"400"	"Reviewable"	"NotReviewed"	"1 scales"	"600"	"60000"	"Wed Mar 05 12:59:11 PST 2014"	"S60342"	"Approved"	""	"""friend"""	"""hat"""	"""mustache"""	"""glasses"""	"""right"""	"""left"""	"0.11"	"0"	"0"	"1"	"1"	"0"	"1"	"""2"""	"""1"""	"""TRUE"""	"""logical"""	"""FALSE"""	"-1"	"-1"	"-1"	"-1"	"-1"	"-1"	"""no idea"""	"""n/a"""	"""27"""	"""m"""	"1"	"1"
"What is he talking about? (1-2 mins)"	"Short and fun! A 1-2 minute word game about what someone is talking about."	"experiment, psychology, game"	"$0.20"	"Wed Feb 26 12:59:11 PST 2014"	"400"	"0"	"0"	"400"	"Reviewable"	"NotReviewed"	"1 scales"	"600"	"60000"	"Wed Mar 05 12:59:11 PST 2014"	"S44346"	"Approved"	""	"""snowman"""	"""scarf"""	"""hat"""	"""mittens"""	"""left"""	"""middle"""	"0.33"	"1"	"0"	"1"	"1"	"0"	"1"	"""2"""	"""1"""	"""TRUE"""	"""logical"""	"""FALSE"""	"-1"	"-1"	"-1"	"-1"	"-1"	"-1"	"""how people interpret words"""	""""""	"""24"""	"""m"""	"1"	"1"
"What is he talking about? (1-2 mins)"	"Short and fun! A 1-2 minute word game about what someone is talking about."	"experiment, psychology, game"	"$0.20"	"Wed Feb 26 12:59:11 PST 2014"	"400"	"0"	"0"	"400"	"Reviewable"	"NotReviewed"	"1 scales"	"600"	"60000"	"Wed Mar 05 12:59:11 PST 2014"	"S76080"	"Approved"	""	"""snowman"""	"""scarf"""	"""hat"""	"""mittens"""	"""middle"""	"""right"""	"0.556"	"2"	"0"	"1"	"1"	"0"	"1"	"""8"""	"""3"""	"""TRUE"""	"""foil"""	"""FALSE"""	"-1"	"-1"	"-1"	"-1"	"-1"	"-1"	"""Evaluating Bob's behavior (building snowmen)"""	""""""	"""24"""	"""m"""	"1"	"1"
"What is he talking about? (1-2 mins)"	"Short and fun! A 1-2 minute word game about what someone is talking about."	"experiment, psychology, game"	"$0.20"	"Wed Feb 26 12:59:11 PST 2014"	"400"	"0"	"0"	"400"	"Reviewable"	"NotReviewed"	"1 scales"	"600"	"60000"	"Wed Mar 05 12:59:11 PST 2014"	"S32281"	"Approved"	""	"""snowman"""	"""scarf"""	"""mittens"""	"""hat"""	"""middle"""	"""left"""	"0.556"	"2"	"0"	"1"	"1"	"0"	"1"	"""2"""	"""1"""	"""TRUE"""	"""target"""	"""TRUE"""	"-1"	"-1"	"-1"	"-1"	"-1"	"-1"	"""Decorating snowmen"""	"""None"""	"""27"""	"""M"""	"1"	"1"
