"title","description","keywords","reward","creationtime","assignments","numavailable","numpending","numcomplete","hitstatus","reviewstatus","annotation","assignmentduration","autoapprovaldelay","hitlifetime","workerid","assignmentstatus","deadline","Answer.item","Answer.target_property","Answer.target_frequency","Answer.target_position","Answer.distractor_position","Answer.familiarization_cond","Answer.participant_response_type_condition","Answer.participant_feature_count_condition","Answer.linguistic_framing_condition","Answer.target_filler_sequence_condition","Answer.question_type_condition","Answer.manip_check_target","Answer.manip_check_dist","Answer.name_check_correct","Answer.choice","Answer.choice_correct","Answer.money_allocated_to_foil","Answer.money_allocated_to_target","Answer.money_allocated_to_logical","Answer.Likert_value_foil","Answer.Likert_value_target","Answer.Likert_value_logical","Answer.about","Answer.comment","Answer.familiarization_present_in_study","Answer.choice_1","Answer.choice_2","Answer.choice_3","Answer.choice_4","Answer.choice_5","Answer.choice_6","Answer.choice_correct_1","Answer.choice_correct_2","Answer.choice_correct_3","Answer.choice_correct_4","Answer.choice_correct_5","Answer.choice_correct_6","Answer.item_1","Answer.item_2","Answer.item_3","Answer.item_4","Answer.item_5","Answer.item_6","Answer.target_prop_1","Answer.target_prop_2","Answer.target_prop_3","Answer.target_prop_4","Answer.target_prop_5","Answer.target_prop_6","Answer.target_position_1","Answer.target_position_2","Answer.target_position_3","Answer.target_position_4","Answer.target_position_5","Answer.target_position_6","Answer.distractor_prop_1","Answer.distractor_prop_2","Answer.distractor_prop_3","Answer.distractor_prop_4","Answer.distractor_prop_5","Answer.distractor_prop_6","Answer.distractor_position_1","Answer.distractor_position_2","Answer.distractor_position_3","Answer.distractor_position_4","Answer.distractor_position_5","Answer.distractor_position_6","Answer.sequence_condition"
"What is he talking about? (1-2 mins)","Short and fun! A 1-2 minute word game about what someone is talking about.","experiment, psychology, game","$0.25 ","Wed Jul 23 10:22:11 PDT 2014","100","0","0","100","Reviewable","NotReviewed","1 scales","600","60000","Wed Jul 30 10:22:11 PDT 2014","S57139","Approved","","""snowman""","""mittens""","0","""right""","""middle""","-1","0","0","1","0","0","-1","-1","""TRUE""","""null""","""null""","-1","-1","-1","-1","-1","-1","""unsure""","""""","0","""logical""","""target""","""logical""","""null""","""null""","""null""","FALSE","TRUE","FALSE","""null""","""null""","""null""","""snowman""","""snowman""","""sundae""","""null""","""null""","""null""","""mittens""","""hat""","""chocolate""","""null""","""null""","""null""","""right""","""middle""","""left""","""null""","""null""","""null""","""hat""","""mittens""","""cherry""","""null""","""null""","""null""","""middle""","""right""","""middle""","""null""","""null""","""null""","""1w0w1b"""
"What is he talking about? (1-2 mins)","Short and fun! A 1-2 minute word game about what someone is talking about.","experiment, psychology, game","$0.25 ","Wed Jul 23 10:22:11 PDT 2014","100","0","0","100","Reviewable","NotReviewed","1 scales","600","60000","Wed Jul 30 10:22:11 PDT 2014","S02011","Approved","","""sundae""","""whipped cream""","0","""left""","""middle""","-1","0","0","1","0","0","-1","-1","""TRUE""","""null""","""null""","-1","-1","-1","-1","-1","-1","""Bob's sundaes and Christmas trees""","""""","0","""target""","""target""","""target""","""null""","""null""","""null""","TRUE","TRUE","TRUE","""null""","""null""","""null""","""sundae""","""sundae""","""Christmas tree""","""null""","""null""","""null""","""whipped cream""","""chocolate""","""ornaments""","""null""","""null""","""null""","""left""","""middle""","""middle""","""null""","""null""","""null""","""chocolate""","""whipped cream""","""lights""","""null""","""null""","""null""","""middle""","""left""","""right""","""null""","""null""","""null""","""1w0w1b"""
"What is he talking about? (1-2 mins)","Short and fun! A 1-2 minute word game about what someone is talking about.","experiment, psychology, game","$0.25 ","Wed Jul 23 10:22:11 PDT 2014","100","0","0","100","Reviewable","NotReviewed","1 scales","600","60000","Wed Jul 30 10:22:11 PDT 2014","S31253","Approved","","""friend""","""hat""","0","""middle""","""left""","-1","0","0","1","0","0","-1","-1","""TRUE""","""null""","""null""","-1","-1","-1","-1","-1","-1","""Figuring out who was being talked about. ""","""I thought this was interesting""","0","""target""","""target""","""target""","""null""","""null""","""null""","TRUE","TRUE","TRUE","""null""","""null""","""null""","""friend""","""friend""","""snowman""","""null""","""null""","""null""","""hat""","""glasses""","""hat""","""null""","""null""","""null""","""middle""","""left""","""middle""","""null""","""null""","""null""","""glasses""","""hat""","""scarf""","""null""","""null""","""null""","""left""","""middle""","""left""","""null""","""null""","""null""","""0w1w1b"""
"What is he talking about? (1-2 mins)","Short and fun! A 1-2 minute word game about what someone is talking about.","experiment, psychology, game","$0.25 ","Wed Jul 23 10:22:11 PDT 2014","100","0","0","100","Reviewable","NotReviewed","1 scales","600","60000","Wed Jul 30 10:22:11 PDT 2014","S29862","Approved","","""sundae""","""whipped cream""","0","""middle""","""right""","-1","0","0","1","0","0","-1","-1","""TRUE""","""null""","""null""","-1","-1","-1","-1","-1","-1","""This survey was about communication and language.""","""No comments.""","0","""target""","""target""","""target""","""null""","""null""","""null""","TRUE","TRUE","TRUE","""null""","""null""","""null""","""sundae""","""sundae""","""pizza""","""null""","""null""","""null""","""whipped cream""","""cherry""","""peppers""","""null""","""null""","""null""","""middle""","""right""","""right""","""null""","""null""","""null""","""cherry""","""whipped cream""","""olives""","""null""","""null""","""null""","""right""","""middle""","""middle""","""null""","""null""","""null""","""1w0w1b"""
"What is he talking about? (1-2 mins)","Short and fun! A 1-2 minute word game about what someone is talking about.","experiment, psychology, game","$0.25 ","Wed Jul 23 10:22:11 PDT 2014","100","0","0","100","Reviewable","NotReviewed","1 scales","600","60000","Wed Jul 30 10:22:11 PDT 2014","S96156","Approved","","""pizza""","""mushrooms""","0","""left""","""right""","-1","0","0","1","0","0","-1","-1","""TRUE""","""null""","""null""","-1","-1","-1","-1","-1","-1","""I have no idea""","""""","0","""logical""","""target""","""logical""","""null""","""null""","""null""","FALSE","TRUE","FALSE","""null""","""null""","""null""","""pizza""","""pizza""","""Christmas tree""","""null""","""null""","""null""","""mushrooms""","""olives""","""lights""","""null""","""null""","""null""","""left""","""right""","""right""","""null""","""null""","""null""","""olives""","""mushrooms""","""star""","""null""","""null""","""null""","""right""","""left""","""left""","""null""","""null""","""null""","""0w1w1b"""
"What is he talking about? (1-2 mins)","Short and fun! A 1-2 minute word game about what someone is talking about.","experiment, psychology, game","$0.25 ","Wed Jul 23 10:22:11 PDT 2014","100","0","0","100","Reviewable","NotReviewed","1 scales","600","60000","Wed Jul 30 10:22:11 PDT 2014","S37671","Approved","","""Christmas tree""","""lights""","0","""left""","""middle""","-1","0","0","1","0","0","-1","-1","""TRUE""","""null""","""null""","-1","-1","-1","-1","-1","-1","""words and stuff""","""no""","0","""logical""","""target""","""target""","""null""","""null""","""null""","FALSE","TRUE","TRUE","""null""","""null""","""null""","""Christmas tree""","""Christmas tree""","""sundae""","""null""","""null""","""null""","""lights""","""star""","""cherry""","""null""","""null""","""null""","""left""","""middle""","""middle""","""null""","""null""","""null""","""star""","""lights""","""whipped cream""","""null""","""null""","""null""","""middle""","""left""","""right""","""null""","""null""","""null""","""1w0w1b"""
"What is he talking about? (1-2 mins)","Short and fun! A 1-2 minute word game about what someone is talking about.","experiment, psychology, game","$0.25 ","Wed Jul 23 10:22:11 PDT 2014","100","0","0","100","Reviewable","NotReviewed","1 scales","600","60000","Wed Jul 30 10:22:11 PDT 2014","S09028","Approved","","""sundae""","""chocolate""","0","""right""","""middle""","-1","0","0","1","0","0","-1","-1","""TRUE""","""null""","""null""","-1","-1","-1","-1","-1","-1","""I do not know.""","""None""","0","""target""","""target""","""target""","""null""","""null""","""null""","TRUE","TRUE","TRUE","""null""","""null""","""null""","""sundae""","""sundae""","""friend""","""null""","""null""","""null""","""chocolate""","""cherry""","""mustache""","""null""","""null""","""null""","""right""","""middle""","""left""","""null""","""null""","""null""","""cherry""","""chocolate""","""glasses""","""null""","""null""","""null""","""middle""","""right""","""middle""","""null""","""null""","""null""","""0w1w1b"""
"What is he talking about? (1-2 mins)","Short and fun! A 1-2 minute word game about what someone is talking about.","experiment, psychology, game","$0.25 ","Wed Jul 23 10:22:11 PDT 2014","100","0","0","100","Reviewable","NotReviewed","1 scales","600","60000","Wed Jul 30 10:22:11 PDT 2014","S26575","Approved","","""snowman""","""mittens""","0","""middle""","""right""","-1","0","0","1","0","0","-1","-1","""TRUE""","""null""","""null""","-1","-1","-1","-1","-1","-1","""Unknown""","""""","0","""target""","""logical""","""logical""","""null""","""null""","""null""","TRUE","FALSE","FALSE","""null""","""null""","""null""","""snowman""","""snowman""","""sundae""","""null""","""null""","""null""","""mittens""","""scarf""","""chocolate""","""null""","""null""","""null""","""middle""","""right""","""right""","""null""","""null""","""null""","""scarf""","""mittens""","""cherry""","""null""","""null""","""null""","""right""","""middle""","""left""","""null""","""null""","""null""","""0w1w1b"""
"What is he talking about? (1-2 mins)","Short and fun! A 1-2 minute word game about what someone is talking about.","experiment, psychology, game","$0.25 ","Wed Jul 23 10:22:11 PDT 2014","100","0","0","100","Reviewable","NotReviewed","1 scales","600","60000","Wed Jul 30 10:22:11 PDT 2014","S09494","Approved","","""Christmas tree""","""star""","0","""right""","""left""","-1","0","0","1","0","0","-1","-1","""TRUE""","""null""","""null""","-1","-1","-1","-1","-1","-1","""Association""","""""","0","""target""","""target""","""target""","""null""","""null""","""null""","TRUE","TRUE","TRUE","""null""","""null""","""null""","""Christmas tree""","""Christmas tree""","""pizza""","""null""","""null""","""null""","""star""","""lights""","""mushrooms""","""null""","""null""","""null""","""right""","""left""","""left""","""null""","""null""","""null""","""lights""","""star""","""olives""","""null""","""null""","""null""","""left""","""right""","""right""","""null""","""null""","""null""","""1w0w1b"""
"What is he talking about? (1-2 mins)","Short and fun! A 1-2 minute word game about what someone is talking about.","experiment, psychology, game","$0.25 ","Wed Jul 23 10:22:11 PDT 2014","100","0","0","100","Reviewable","NotReviewed","1 scales","600","60000","Wed Jul 30 10:22:11 PDT 2014","S16078","Approved","","""sundae""","""whipped cream""","0","""left""","""right""","-1","0","0","1","0","0","-1","-1","""TRUE""","""null""","""null""","-1","-1","-1","-1","-1","-1","""How people perceive what others are talking about""","""""","0","""target""","""target""","""target""","""null""","""null""","""null""","TRUE","TRUE","TRUE","""null""","""null""","""null""","""sundae""","""sundae""","""boat""","""null""","""null""","""null""","""whipped cream""","""cherry""","""motor""","""null""","""null""","""null""","""left""","""right""","""left""","""null""","""null""","""null""","""cherry""","""whipped cream""","""sail""","""null""","""null""","""null""","""right""","""left""","""right""","""null""","""null""","""null""","""0w1w1b"""
"What is he talking about? (1-2 mins)","Short and fun! A 1-2 minute word game about what someone is talking about.","experiment, psychology, game","$0.25 ","Wed Jul 23 10:22:11 PDT 2014","100","0","0","100","Reviewable","NotReviewed","1 scales","600","60000","Wed Jul 30 10:22:11 PDT 2014","S85098","Approved","","""friend""","""hat""","0","""right""","""left""","-1","0","0","1","0","0","-1","-1","""TRUE""","""null""","""null""","-1","-1","-1","-1","-1","-1","""How we interpret one word""","""Thanks!""","0","""foil""","""target""","""foil""","""null""","""null""","""null""","FALSE","TRUE","FALSE","""null""","""null""","""null""","""friend""","""friend""","""Christmas tree""","""null""","""null""","""null""","""hat""","""glasses""","""ornaments""","""null""","""null""","""null""","""right""","""left""","""middle""","""null""","""null""","""null""","""glasses""","""hat""","""star""","""null""","""null""","""null""","""left""","""right""","""left""","""null""","""null""","""null""","""1w0w1b"""
"What is he talking about? (1-2 mins)","Short and fun! A 1-2 minute word game about what someone is talking about.","experiment, psychology, game","$0.25 ","Wed Jul 23 10:22:11 PDT 2014","100","0","0","100","Reviewable","NotReviewed","1 scales","600","60000","Wed Jul 30 10:22:11 PDT 2014","S71635","Approved","","""snowman""","""mittens""","0","""left""","""middle""","-1","0","0","1","0","0","-1","-1","""TRUE""","""null""","""null""","-1","-1","-1","-1","-1","-1","""perception of one word""","""""","0","""logical""","""target""","""target""","""null""","""null""","""null""","FALSE","TRUE","TRUE","""null""","""null""","""null""","""snowman""","""snowman""","""friend""","""null""","""null""","""null""","""mittens""","""hat""","""glasses""","""null""","""null""","""null""","""left""","""middle""","""left""","""null""","""null""","""null""","""hat""","""mittens""","""mustache""","""null""","""null""","""null""","""middle""","""left""","""right""","""null""","""null""","""null""","""1w0w1b"""
"What is he talking about? (1-2 mins)","Short and fun! A 1-2 minute word game about what someone is talking about.","experiment, psychology, game","$0.25 ","Wed Jul 23 10:22:11 PDT 2014","100","0","0","100","Reviewable","NotReviewed","1 scales","600","60000","Wed Jul 30 10:22:11 PDT 2014","S11467","Approved","","""Christmas tree""","""star""","0","""middle""","""right""","-1","0","0","1","0","0","-1","-1","""TRUE""","""null""","""null""","-1","-1","-1","-1","-1","-1","""What is he talking about?""","""No.""","0","""logical""","""target""","""logical""","""null""","""null""","""null""","FALSE","TRUE","FALSE","""null""","""null""","""null""","""Christmas tree""","""Christmas tree""","""boat""","""null""","""null""","""null""","""star""","""ornaments""","""sail""","""null""","""null""","""null""","""middle""","""right""","""middle""","""null""","""null""","""null""","""ornaments""","""star""","""cabin""","""null""","""null""","""null""","""right""","""middle""","""right""","""null""","""null""","""null""","""1w0w1b"""
"What is he talking about? (1-2 mins)","Short and fun! A 1-2 minute word game about what someone is talking about.","experiment, psychology, game","$0.25 ","Wed Jul 23 10:22:11 PDT 2014","100","0","0","100","Reviewable","NotReviewed","1 scales","600","60000","Wed Jul 30 10:22:11 PDT 2014","S89323","Approved","","""pizza""","""peppers""","0","""middle""","""right""","-1","0","0","1","0","0","-1","-1","""TRUE""","""null""","""null""","-1","-1","-1","-1","-1","-1","""descriptions and processing them""","""""","0","""target""","""target""","""logical""","""null""","""null""","""null""","TRUE","TRUE","FALSE","""null""","""null""","""null""","""pizza""","""pizza""","""Christmas tree""","""null""","""null""","""null""","""peppers""","""olives""","""lights""","""null""","""null""","""null""","""middle""","""right""","""right""","""null""","""null""","""null""","""olives""","""peppers""","""ornaments""","""null""","""null""","""null""","""right""","""middle""","""middle""","""null""","""null""","""null""","""0w1w1b"""
"What is he talking about? (1-2 mins)","Short and fun! A 1-2 minute word game about what someone is talking about.","experiment, psychology, game","$0.25 ","Wed Jul 23 10:22:11 PDT 2014","100","0","0","100","Reviewable","NotReviewed","1 scales","600","60000","Wed Jul 30 10:22:11 PDT 2014","S20374","Approved","","""Christmas tree""","""lights""","0","""left""","""middle""","-1","0","0","1","0","0","-1","-1","""TRUE""","""null""","""null""","-1","-1","-1","-1","-1","-1","""unsure""","""""","0","""logical""","""target""","""target""","""null""","""null""","""null""","FALSE","TRUE","TRUE","""null""","""null""","""null""","""Christmas tree""","""Christmas tree""","""pizza""","""null""","""null""","""null""","""lights""","""ornaments""","""peppers""","""null""","""null""","""null""","""left""","""middle""","""middle""","""null""","""null""","""null""","""ornaments""","""lights""","""mushrooms""","""null""","""null""","""null""","""middle""","""left""","""right""","""null""","""null""","""null""","""1w0w1b"""
"What is he talking about? (1-2 mins)","Short and fun! A 1-2 minute word game about what someone is talking about.","experiment, psychology, game","$0.25 ","Wed Jul 23 10:22:11 PDT 2014","100","0","0","100","Reviewable","NotReviewed","1 scales","600","60000","Wed Jul 30 10:22:11 PDT 2014","S81188","Approved","","""boat""","""sail""","0","""left""","""right""","-1","0","0","1","0","0","-1","-1","""TRUE""","""null""","""null""","-1","-1","-1","-1","-1","-1","""One word communication and intent""","""No""","0","""logical""","""target""","""logical""","""null""","""null""","""null""","FALSE","TRUE","FALSE","""null""","""null""","""null""","""boat""","""boat""","""snowman""","""null""","""null""","""null""","""sail""","""motor""","""scarf""","""null""","""null""","""null""","""left""","""right""","""left""","""null""","""null""","""null""","""motor""","""sail""","""hat""","""null""","""null""","""null""","""right""","""left""","""middle""","""null""","""null""","""null""","""1w0w1b"""
"What is he talking about? (1-2 mins)","Short and fun! A 1-2 minute word game about what someone is talking about.","experiment, psychology, game","$0.25 ","Wed Jul 23 10:22:11 PDT 2014","100","0","0","100","Reviewable","NotReviewed","1 scales","600","60000","Wed Jul 30 10:22:11 PDT 2014","S53490","Approved","","""snowman""","""scarf""","0","""left""","""right""","-1","0","0","1","0","0","-1","-1","""TRUE""","""null""","""null""","-1","-1","-1","-1","-1","-1","""bob can only say one word""","""""","0","""target""","""target""","""target""","""null""","""null""","""null""","TRUE","TRUE","TRUE","""null""","""null""","""null""","""snowman""","""snowman""","""pizza""","""null""","""null""","""null""","""scarf""","""hat""","""olives""","""null""","""null""","""null""","""left""","""right""","""right""","""null""","""null""","""null""","""hat""","""scarf""","""mushrooms""","""null""","""null""","""null""","""right""","""left""","""left""","""null""","""null""","""null""","""1w0w1b"""
"What is he talking about? (1-2 mins)","Short and fun! A 1-2 minute word game about what someone is talking about.","experiment, psychology, game","$0.25 ","Wed Jul 23 10:22:11 PDT 2014","100","0","0","100","Reviewable","NotReviewed","1 scales","600","60000","Wed Jul 30 10:22:11 PDT 2014","S78942","Approved","","""Christmas tree""","""star""","0","""right""","""middle""","-1","0","0","1","0","0","-1","-1","""TRUE""","""null""","""null""","-1","-1","-1","-1","-1","-1","""What a person means when they can only say one word""","""No""","0","""target""","""logical""","""target""","""null""","""null""","""null""","TRUE","FALSE","TRUE","""null""","""null""","""null""","""Christmas tree""","""Christmas tree""","""sundae""","""null""","""null""","""null""","""star""","""ornaments""","""cherry""","""null""","""null""","""null""","""right""","""middle""","""middle""","""null""","""null""","""null""","""ornaments""","""star""","""whipped cream""","""null""","""null""","""null""","""middle""","""right""","""right""","""null""","""null""","""null""","""0w1w1b"""
"What is he talking about? (1-2 mins)","Short and fun! A 1-2 minute word game about what someone is talking about.","experiment, psychology, game","$0.25 ","Wed Jul 23 10:22:11 PDT 2014","100","0","0","100","Reviewable","NotReviewed","1 scales","600","60000","Wed Jul 30 10:22:11 PDT 2014","S65890","Approved","","""friend""","""mustache""","0","""middle""","""left""","-1","0","0","1","0","0","-1","-1","""TRUE""","""null""","""null""","-1","-1","-1","-1","-1","-1","""Someone named bob who visits a friend every Sunday and wants to buy a christmas tree""","""""","0","""target""","""target""","""target""","""null""","""null""","""null""","TRUE","TRUE","TRUE","""null""","""null""","""null""","""friend""","""friend""","""Christmas tree""","""null""","""null""","""null""","""mustache""","""hat""","""star""","""null""","""null""","""null""","""middle""","""left""","""left""","""null""","""null""","""null""","""hat""","""mustache""","""ornaments""","""null""","""null""","""null""","""left""","""middle""","""right""","""null""","""null""","""null""","""1w0w1b"""
"What is he talking about? (1-2 mins)","Short and fun! A 1-2 minute word game about what someone is talking about.","experiment, psychology, game","$0.25 ","Wed Jul 23 10:22:11 PDT 2014","100","0","0","100","Reviewable","NotReviewed","1 scales","600","60000","Wed Jul 30 10:22:11 PDT 2014","S40309","Approved","","""pizza""","""olives""","0","""middle""","""right""","-1","0","0","1","0","0","-1","-1","""TRUE""","""null""","""null""","-1","-1","-1","-1","-1","-1","""Communication""","""""","0","""logical""","""target""","""target""","""null""","""null""","""null""","FALSE","TRUE","TRUE","""null""","""null""","""null""","""pizza""","""pizza""","""boat""","""null""","""null""","""null""","""olives""","""peppers""","""sail""","""null""","""null""","""null""","""middle""","""right""","""middle""","""null""","""null""","""null""","""peppers""","""olives""","""cabin""","""null""","""null""","""null""","""right""","""middle""","""left""","""null""","""null""","""null""","""0w1w1b"""
"What is he talking about? (1-2 mins)","Short and fun! A 1-2 minute word game about what someone is talking about.","experiment, psychology, game","$0.25 ","Wed Jul 23 10:22:11 PDT 2014","100","0","0","100","Reviewable","NotReviewed","1 scales","600","60000","Wed Jul 30 10:22:11 PDT 2014","S02110","Approved","","""boat""","""motor""","0","""middle""","""left""","-1","0","0","1","0","0","-1","-1","""TRUE""","""null""","""null""","-1","-1","-1","-1","-1","-1","""To see if we understood a person based on one word they said.""","""No.""","0","""target""","""target""","""target""","""null""","""null""","""null""","TRUE","TRUE","TRUE","""null""","""null""","""null""","""boat""","""boat""","""sundae""","""null""","""null""","""null""","""motor""","""cabin""","""chocolate""","""null""","""null""","""null""","""middle""","""left""","""left""","""null""","""null""","""null""","""cabin""","""motor""","""cherry""","""null""","""null""","""null""","""left""","""middle""","""middle""","""null""","""null""","""null""","""1w0w1b"""
"What is he talking about? (1-2 mins)","Short and fun! A 1-2 minute word game about what someone is talking about.","experiment, psychology, game","$0.25 ","Wed Jul 23 10:22:11 PDT 2014","100","0","0","100","Reviewable","NotReviewed","1 scales","600","60000","Wed Jul 30 10:22:11 PDT 2014","S56863","Approved","","""pizza""","""peppers""","0","""middle""","""right""","-1","0","0","1","0","0","-1","-1","""TRUE""","""null""","""null""","-1","-1","-1","-1","-1","-1","""Which option we would pick regarding what Bob could say""","""no comments""","0","""target""","""target""","""target""","""null""","""null""","""null""","TRUE","TRUE","TRUE","""null""","""null""","""null""","""pizza""","""pizza""","""sundae""","""null""","""null""","""null""","""peppers""","""mushrooms""","""whipped cream""","""null""","""null""","""null""","""middle""","""right""","""left""","""null""","""null""","""null""","""mushrooms""","""peppers""","""chocolate""","""null""","""null""","""null""","""right""","""middle""","""right""","""null""","""null""","""null""","""0w1w1b"""
"What is he talking about? (1-2 mins)","Short and fun! A 1-2 minute word game about what someone is talking about.","experiment, psychology, game","$0.25 ","Wed Jul 23 10:22:11 PDT 2014","100","0","0","100","Reviewable","NotReviewed","1 scales","600","60000","Wed Jul 30 10:22:11 PDT 2014","S63535","Approved","","""friend""","""hat""","0","""right""","""middle""","-1","0","0","1","0","0","-1","-1","""TRUE""","""null""","""null""","-1","-1","-1","-1","-1","-1","""Not sure""","""No comments.""","0","""logical""","""target""","""target""","""null""","""null""","""null""","FALSE","TRUE","TRUE","""null""","""null""","""null""","""friend""","""friend""","""sundae""","""null""","""null""","""null""","""hat""","""glasses""","""whipped cream""","""null""","""null""","""null""","""right""","""middle""","""middle""","""null""","""null""","""null""","""glasses""","""hat""","""chocolate""","""null""","""null""","""null""","""middle""","""right""","""left""","""null""","""null""","""null""","""1w0w1b"""
"What is he talking about? (1-2 mins)","Short and fun! A 1-2 minute word game about what someone is talking about.","experiment, psychology, game","$0.25 ","Wed Jul 23 10:22:11 PDT 2014","100","0","0","100","Reviewable","NotReviewed","1 scales","600","60000","Wed Jul 30 10:22:11 PDT 2014","S17799","Approved","","""Christmas tree""","""lights""","0","""left""","""right""","-1","0","0","1","0","0","-1","-1","""TRUE""","""null""","""null""","-1","-1","-1","-1","-1","-1","""friends and trees""","""""","0","""logical""","""target""","""target""","""null""","""null""","""null""","FALSE","TRUE","TRUE","""null""","""null""","""null""","""Christmas tree""","""Christmas tree""","""friend""","""null""","""null""","""null""","""lights""","""ornaments""","""mustache""","""null""","""null""","""null""","""left""","""right""","""middle""","""null""","""null""","""null""","""ornaments""","""lights""","""hat""","""null""","""null""","""null""","""right""","""left""","""left""","""null""","""null""","""null""","""1w0w1b"""
"What is he talking about? (1-2 mins)","Short and fun! A 1-2 minute word game about what someone is talking about.","experiment, psychology, game","$0.25 ","Wed Jul 23 10:22:11 PDT 2014","100","0","0","100","Reviewable","NotReviewed","1 scales","600","60000","Wed Jul 30 10:22:11 PDT 2014","S69240","Approved","","""pizza""","""olives""","0","""right""","""left""","-1","0","0","1","0","0","-1","-1","""TRUE""","""null""","""null""","-1","-1","-1","-1","-1","-1","""one word ""","""""","0","""target""","""target""","""target""","""null""","""null""","""null""","TRUE","TRUE","TRUE","""null""","""null""","""null""","""pizza""","""pizza""","""friend""","""null""","""null""","""null""","""olives""","""mushrooms""","""hat""","""null""","""null""","""null""","""right""","""left""","""left""","""null""","""null""","""null""","""mushrooms""","""olives""","""glasses""","""null""","""null""","""null""","""left""","""right""","""right""","""null""","""null""","""null""","""1w0w1b"""
"What is he talking about? (1-2 mins)","Short and fun! A 1-2 minute word game about what someone is talking about.","experiment, psychology, game","$0.25 ","Wed Jul 23 10:22:11 PDT 2014","100","0","0","100","Reviewable","NotReviewed","1 scales","600","60000","Wed Jul 30 10:22:11 PDT 2014","S41940","Approved","","""Christmas tree""","""ornaments""","0","""left""","""right""","-1","0","0","1","0","0","-1","-1","""TRUE""","""null""","""null""","-1","-1","-1","-1","-1","-1","""Guessing which object was being referred to""","""""","0","""logical""","""target""","""target""","""null""","""null""","""null""","FALSE","TRUE","TRUE","""null""","""null""","""null""","""Christmas tree""","""Christmas tree""","""sundae""","""null""","""null""","""null""","""ornaments""","""lights""","""whipped cream""","""null""","""null""","""null""","""left""","""right""","""middle""","""null""","""null""","""null""","""lights""","""ornaments""","""cherry""","""null""","""null""","""null""","""right""","""left""","""left""","""null""","""null""","""null""","""1w0w1b"""
"What is he talking about? (1-2 mins)","Short and fun! A 1-2 minute word game about what someone is talking about.","experiment, psychology, game","$0.25 ","Wed Jul 23 10:22:11 PDT 2014","100","0","0","100","Reviewable","NotReviewed","1 scales","600","60000","Wed Jul 30 10:22:11 PDT 2014","S14573","Approved","","""friend""","""hat""","0","""middle""","""left""","-1","0","0","1","0","0","-1","-1","""TRUE""","""null""","""null""","-1","-1","-1","-1","-1","-1","""descriptions""","""""","0","""target""","""target""","""target""","""null""","""null""","""null""","TRUE","TRUE","TRUE","""null""","""null""","""null""","""friend""","""friend""","""snowman""","""null""","""null""","""null""","""hat""","""glasses""","""scarf""","""null""","""null""","""null""","""middle""","""left""","""left""","""null""","""null""","""null""","""glasses""","""hat""","""mittens""","""null""","""null""","""null""","""left""","""middle""","""right""","""null""","""null""","""null""","""0w1w1b"""
"What is he talking about? (1-2 mins)","Short and fun! A 1-2 minute word game about what someone is talking about.","experiment, psychology, game","$0.25 ","Wed Jul 23 10:22:11 PDT 2014","100","0","0","100","Reviewable","NotReviewed","1 scales","600","60000","Wed Jul 30 10:22:11 PDT 2014","S86119","Approved","","""Christmas tree""","""star""","0","""middle""","""left""","-1","0","0","1","0","0","-1","-1","""TRUE""","""null""","""null""","-1","-1","-1","-1","-1","-1","""categorization""","""""","0","""target""","""target""","""target""","""null""","""null""","""null""","TRUE","TRUE","TRUE","""null""","""null""","""null""","""Christmas tree""","""Christmas tree""","""friend""","""null""","""null""","""null""","""star""","""ornaments""","""glasses""","""null""","""null""","""null""","""middle""","""left""","""right""","""null""","""null""","""null""","""ornaments""","""star""","""mustache""","""null""","""null""","""null""","""left""","""middle""","""middle""","""null""","""null""","""null""","""0w1w1b"""
"What is he talking about? (1-2 mins)","Short and fun! A 1-2 minute word game about what someone is talking about.","experiment, psychology, game","$0.25 ","Wed Jul 23 10:22:11 PDT 2014","100","0","0","100","Reviewable","NotReviewed","1 scales","600","60000","Wed Jul 30 10:22:11 PDT 2014","S07326","Approved","","""snowman""","""scarf""","0","""right""","""left""","-1","0","0","1","0","0","-1","-1","""TRUE""","""null""","""null""","-1","-1","-1","-1","-1","-1","""Picking a picture from one word""","""Good HIT""","0","""target""","""target""","""target""","""null""","""null""","""null""","TRUE","TRUE","TRUE","""null""","""null""","""null""","""snowman""","""snowman""","""friend""","""null""","""null""","""null""","""scarf""","""mittens""","""mustache""","""null""","""null""","""null""","""right""","""left""","""right""","""null""","""null""","""null""","""mittens""","""scarf""","""glasses""","""null""","""null""","""null""","""left""","""right""","""left""","""null""","""null""","""null""","""1w0w1b"""
"What is he talking about? (1-2 mins)","Short and fun! A 1-2 minute word game about what someone is talking about.","experiment, psychology, game","$0.25 ","Wed Jul 23 10:22:11 PDT 2014","100","0","0","100","Reviewable","NotReviewed","1 scales","600","60000","Wed Jul 30 10:22:11 PDT 2014","S30428","Approved","","""friend""","""glasses""","0","""middle""","""left""","-1","0","0","1","0","0","-1","-1","""TRUE""","""null""","""null""","-1","-1","-1","-1","-1","-1","""Identifying who bob was talking about""","""""","0","""target""","""target""","""logical""","""null""","""null""","""null""","TRUE","TRUE","FALSE","""null""","""null""","""null""","""friend""","""friend""","""snowman""","""null""","""null""","""null""","""glasses""","""hat""","""scarf""","""null""","""null""","""null""","""middle""","""left""","""left""","""null""","""null""","""null""","""hat""","""glasses""","""mittens""","""null""","""null""","""null""","""left""","""middle""","""middle""","""null""","""null""","""null""","""1w0w1b"""
"What is he talking about? (1-2 mins)","Short and fun! A 1-2 minute word game about what someone is talking about.","experiment, psychology, game","$0.25 ","Wed Jul 23 10:22:11 PDT 2014","100","0","0","100","Reviewable","NotReviewed","1 scales","600","60000","Wed Jul 30 10:22:11 PDT 2014","S75254","Approved","","""snowman""","""scarf""","0","""left""","""middle""","-1","0","0","1","0","0","-1","-1","""TRUE""","""null""","""null""","-1","-1","-1","-1","-1","-1","""To see how people interpret what others say when what they said can mean multiple things""","""No..Thank you""","0","""target""","""target""","""target""","""null""","""null""","""null""","TRUE","TRUE","TRUE","""null""","""null""","""null""","""snowman""","""snowman""","""pizza""","""null""","""null""","""null""","""scarf""","""mittens""","""olives""","""null""","""null""","""null""","""left""","""middle""","""right""","""null""","""null""","""null""","""mittens""","""scarf""","""peppers""","""null""","""null""","""null""","""middle""","""left""","""left""","""null""","""null""","""null""","""0w1w1b"""
"What is he talking about? (1-2 mins)","Short and fun! A 1-2 minute word game about what someone is talking about.","experiment, psychology, game","$0.25 ","Wed Jul 23 10:22:11 PDT 2014","100","0","0","100","Reviewable","NotReviewed","1 scales","600","60000","Wed Jul 30 10:22:11 PDT 2014","S85043","Approved","","""snowman""","""mittens""","0","""middle""","""left""","-1","0","0","1","0","0","-1","-1","""TRUE""","""null""","""null""","-1","-1","-1","-1","-1","-1","""words""","""no""","0","""target""","""target""","""target""","""null""","""null""","""null""","TRUE","TRUE","TRUE","""null""","""null""","""null""","""snowman""","""snowman""","""sundae""","""null""","""null""","""null""","""mittens""","""hat""","""whipped cream""","""null""","""null""","""null""","""middle""","""left""","""middle""","""null""","""null""","""null""","""hat""","""mittens""","""chocolate""","""null""","""null""","""null""","""left""","""middle""","""left""","""null""","""null""","""null""","""1w0w1b"""
"What is he talking about? (1-2 mins)","Short and fun! A 1-2 minute word game about what someone is talking about.","experiment, psychology, game","$0.25 ","Wed Jul 23 10:22:11 PDT 2014","100","0","0","100","Reviewable","NotReviewed","1 scales","600","60000","Wed Jul 30 10:22:11 PDT 2014","S97410","Approved","","""boat""","""sail""","0","""left""","""middle""","-1","0","0","1","0","0","-1","-1","""TRUE""","""null""","""null""","-1","-1","-1","-1","-1","-1","""Limited inference""","""""","0","""target""","""target""","""target""","""null""","""null""","""null""","TRUE","TRUE","TRUE","""null""","""null""","""null""","""boat""","""boat""","""snowman""","""null""","""null""","""null""","""sail""","""cabin""","""mittens""","""null""","""null""","""null""","""left""","""middle""","""middle""","""null""","""null""","""null""","""cabin""","""sail""","""hat""","""null""","""null""","""null""","""middle""","""left""","""left""","""null""","""null""","""null""","""1w0w1b"""
"What is he talking about? (1-2 mins)","Short and fun! A 1-2 minute word game about what someone is talking about.","experiment, psychology, game","$0.25 ","Wed Jul 23 10:22:11 PDT 2014","100","0","0","100","Reviewable","NotReviewed","1 scales","600","60000","Wed Jul 30 10:22:11 PDT 2014","S66178","Approved","","""friend""","""mustache""","0","""right""","""middle""","-1","0","0","1","0","0","-1","-1","""TRUE""","""null""","""null""","-1","-1","-1","-1","-1","-1","""Perceptions""","""Thanks!""","0","""target""","""target""","""target""","""null""","""null""","""null""","TRUE","TRUE","TRUE","""null""","""null""","""null""","""friend""","""friend""","""sundae""","""null""","""null""","""null""","""mustache""","""hat""","""chocolate""","""null""","""null""","""null""","""right""","""middle""","""left""","""null""","""null""","""null""","""hat""","""mustache""","""whipped cream""","""null""","""null""","""null""","""middle""","""right""","""right""","""null""","""null""","""null""","""0w1w1b"""
"What is he talking about? (1-2 mins)","Short and fun! A 1-2 minute word game about what someone is talking about.","experiment, psychology, game","$0.25 ","Wed Jul 23 10:22:11 PDT 2014","100","0","0","100","Reviewable","NotReviewed","1 scales","600","60000","Wed Jul 30 10:22:11 PDT 2014","S12115","Approved","","""friend""","""glasses""","0","""right""","""middle""","-1","0","0","1","0","0","-1","-1","""TRUE""","""null""","""null""","-1","-1","-1","-1","-1","-1","""To see what we could infer from one word.""","""""","0","""target""","""target""","""target""","""null""","""null""","""null""","TRUE","TRUE","TRUE","""null""","""null""","""null""","""friend""","""friend""","""Christmas tree""","""null""","""null""","""null""","""glasses""","""hat""","""star""","""null""","""null""","""null""","""right""","""middle""","""right""","""null""","""null""","""null""","""hat""","""glasses""","""lights""","""null""","""null""","""null""","""middle""","""right""","""middle""","""null""","""null""","""null""","""1w0w1b"""
"What is he talking about? (1-2 mins)","Short and fun! A 1-2 minute word game about what someone is talking about.","experiment, psychology, game","$0.25 ","Wed Jul 23 10:22:11 PDT 2014","100","0","0","100","Reviewable","NotReviewed","1 scales","600","60000","Wed Jul 30 10:22:11 PDT 2014","S00618","Approved","","""Christmas tree""","""ornaments""","0","""left""","""middle""","-1","0","0","1","0","0","-1","-1","""TRUE""","""null""","""null""","-1","-1","-1","-1","-1","-1","""Bob only communicating with one word.""","""no""","0","""logical""","""target""","""foil""","""null""","""null""","""null""","FALSE","TRUE","FALSE","""null""","""null""","""null""","""Christmas tree""","""Christmas tree""","""friend""","""null""","""null""","""null""","""ornaments""","""star""","""hat""","""null""","""null""","""null""","""left""","""middle""","""middle""","""null""","""null""","""null""","""star""","""ornaments""","""glasses""","""null""","""null""","""null""","""middle""","""left""","""left""","""null""","""null""","""null""","""1w0w1b"""
"What is he talking about? (1-2 mins)","Short and fun! A 1-2 minute word game about what someone is talking about.","experiment, psychology, game","$0.25 ","Wed Jul 23 10:22:11 PDT 2014","100","0","0","100","Reviewable","NotReviewed","1 scales","600","60000","Wed Jul 30 10:22:11 PDT 2014","S77541","Approved","","""boat""","""cabin""","0","""right""","""left""","-1","0","0","1","0","0","-1","-1","""TRUE""","""null""","""null""","-1","-1","-1","-1","-1","-1","""boats and snowmen""","""hope you got what you were looking for ""","0","""target""","""target""","""target""","""null""","""null""","""null""","TRUE","TRUE","TRUE","""null""","""null""","""null""","""boat""","""boat""","""snowman""","""null""","""null""","""null""","""cabin""","""motor""","""scarf""","""null""","""null""","""null""","""right""","""left""","""middle""","""null""","""null""","""null""","""motor""","""cabin""","""hat""","""null""","""null""","""null""","""left""","""right""","""right""","""null""","""null""","""null""","""1w0w1b"""
"What is he talking about? (1-2 mins)","Short and fun! A 1-2 minute word game about what someone is talking about.","experiment, psychology, game","$0.25 ","Wed Jul 23 10:22:11 PDT 2014","100","0","0","100","Reviewable","NotReviewed","1 scales","600","60000","Wed Jul 30 10:22:11 PDT 2014","S76363","Approved","","""friend""","""hat""","0","""middle""","""left""","-1","0","0","1","0","0","-1","-1","""TRUE""","""null""","""null""","-1","-1","-1","-1","-1","-1","""Understanding what bob was communicating""","""""","0","""target""","""target""","""target""","""null""","""null""","""null""","TRUE","TRUE","TRUE","""null""","""null""","""null""","""friend""","""friend""","""sundae""","""null""","""null""","""null""","""hat""","""mustache""","""cherry""","""null""","""null""","""null""","""middle""","""left""","""left""","""null""","""null""","""null""","""mustache""","""hat""","""whipped cream""","""null""","""null""","""null""","""left""","""middle""","""middle""","""null""","""null""","""null""","""0w1w1b"""
"What is he talking about? (1-2 mins)","Short and fun! A 1-2 minute word game about what someone is talking about.","experiment, psychology, game","$0.25 ","Wed Jul 23 10:22:11 PDT 2014","100","0","0","100","Reviewable","NotReviewed","1 scales","600","60000","Wed Jul 30 10:22:11 PDT 2014","S62785","Approved","","""boat""","""sail""","0","""right""","""left""","-1","0","0","1","0","0","-1","-1","""FALSE""","""null""","""null""","-1","-1","-1","-1","-1","-1","""What I think Bob wants""","""""","0","""target""","""target""","""target""","""null""","""null""","""null""","TRUE","TRUE","TRUE","""null""","""null""","""null""","""boat""","""boat""","""sundae""","""null""","""null""","""null""","""sail""","""cabin""","""chocolate""","""null""","""null""","""null""","""right""","""left""","""left""","""null""","""null""","""null""","""cabin""","""sail""","""cherry""","""null""","""null""","""null""","""left""","""right""","""middle""","""null""","""null""","""null""","""1w0w1b"""
"What is he talking about? (1-2 mins)","Short and fun! A 1-2 minute word game about what someone is talking about.","experiment, psychology, game","$0.25 ","Wed Jul 23 10:22:11 PDT 2014","100","0","0","100","Reviewable","NotReviewed","1 scales","600","60000","Wed Jul 30 10:22:11 PDT 2014","S46514","Approved","","""snowman""","""mittens""","0","""right""","""left""","-1","0","0","1","0","0","-1","-1","""TRUE""","""null""","""null""","-1","-1","-1","-1","-1","-1","""Bob only using one word to communicate wth me""","""""","0","""target""","""target""","""target""","""null""","""null""","""null""","TRUE","TRUE","TRUE","""null""","""null""","""null""","""snowman""","""snowman""","""friend""","""null""","""null""","""null""","""mittens""","""scarf""","""glasses""","""null""","""null""","""null""","""right""","""left""","""left""","""null""","""null""","""null""","""scarf""","""mittens""","""mustache""","""null""","""null""","""null""","""left""","""right""","""right""","""null""","""null""","""null""","""1w0w1b"""
"What is he talking about? (1-2 mins)","Short and fun! A 1-2 minute word game about what someone is talking about.","experiment, psychology, game","$0.25 ","Wed Jul 23 10:22:11 PDT 2014","100","0","0","100","Reviewable","NotReviewed","1 scales","600","60000","Wed Jul 30 10:22:11 PDT 2014","S64390","Approved","","""sundae""","""whipped cream""","0","""right""","""left""","-1","0","0","1","0","0","-1","-1","""TRUE""","""null""","""null""","-1","-1","-1","-1","-1","-1","""What/who we thought someone was talking about with more than one option for the answer.""","""""","0","""target""","""target""","""target""","""null""","""null""","""null""","TRUE","TRUE","TRUE","""null""","""null""","""null""","""sundae""","""sundae""","""friend""","""null""","""null""","""null""","""whipped cream""","""chocolate""","""mustache""","""null""","""null""","""null""","""right""","""left""","""left""","""null""","""null""","""null""","""chocolate""","""whipped cream""","""hat""","""null""","""null""","""null""","""left""","""right""","""right""","""null""","""null""","""null""","""1w0w1b"""
"What is he talking about? (1-2 mins)","Short and fun! A 1-2 minute word game about what someone is talking about.","experiment, psychology, game","$0.25 ","Wed Jul 23 10:22:11 PDT 2014","100","0","0","100","Reviewable","NotReviewed","1 scales","600","60000","Wed Jul 30 10:22:11 PDT 2014","S81620","Approved","","""friend""","""glasses""","0","""left""","""middle""","-1","0","0","1","0","0","-1","-1","""TRUE""","""null""","""null""","-1","-1","-1","-1","-1","-1","""Friends and sundaes.""","""No.""","0","""target""","""target""","""target""","""null""","""null""","""null""","TRUE","TRUE","TRUE","""null""","""null""","""null""","""friend""","""friend""","""sundae""","""null""","""null""","""null""","""glasses""","""hat""","""chocolate""","""null""","""null""","""null""","""left""","""middle""","""right""","""null""","""null""","""null""","""hat""","""glasses""","""whipped cream""","""null""","""null""","""null""","""middle""","""left""","""left""","""null""","""null""","""null""","""0w1w1b"""
"What is he talking about? (1-2 mins)","Short and fun! A 1-2 minute word game about what someone is talking about.","experiment, psychology, game","$0.25 ","Wed Jul 23 10:22:11 PDT 2014","100","0","0","100","Reviewable","NotReviewed","1 scales","600","60000","Wed Jul 30 10:22:11 PDT 2014","S88643","Approved","","""sundae""","""cherry""","0","""right""","""left""","-1","0","0","1","0","0","-1","-1","""FALSE""","""null""","""null""","-1","-1","-1","-1","-1","-1","""Ice cream and friends""","""""","0","""target""","""target""","""target""","""null""","""null""","""null""","TRUE","TRUE","TRUE","""null""","""null""","""null""","""sundae""","""sundae""","""friend""","""null""","""null""","""null""","""cherry""","""chocolate""","""hat""","""null""","""null""","""null""","""right""","""left""","""left""","""null""","""null""","""null""","""chocolate""","""cherry""","""glasses""","""null""","""null""","""null""","""left""","""right""","""right""","""null""","""null""","""null""","""1w0w1b"""
"What is he talking about? (1-2 mins)","Short and fun! A 1-2 minute word game about what someone is talking about.","experiment, psychology, game","$0.25 ","Wed Jul 23 10:22:11 PDT 2014","100","0","0","100","Reviewable","NotReviewed","1 scales","600","60000","Wed Jul 30 10:22:11 PDT 2014","S60807","Approved","","""Christmas tree""","""star""","0","""right""","""left""","-1","0","0","1","0","0","-1","-1","""TRUE""","""null""","""null""","-1","-1","-1","-1","-1","-1","""What was he talking about?""","""""","0","""logical""","""target""","""target""","""null""","""null""","""null""","FALSE","TRUE","TRUE","""null""","""null""","""null""","""Christmas tree""","""Christmas tree""","""sundae""","""null""","""null""","""null""","""star""","""ornaments""","""chocolate""","""null""","""null""","""null""","""right""","""left""","""middle""","""null""","""null""","""null""","""ornaments""","""star""","""cherry""","""null""","""null""","""null""","""left""","""right""","""left""","""null""","""null""","""null""","""1w0w1b"""
"What is he talking about? (1-2 mins)","Short and fun! A 1-2 minute word game about what someone is talking about.","experiment, psychology, game","$0.25 ","Wed Jul 23 10:22:11 PDT 2014","100","0","0","100","Reviewable","NotReviewed","1 scales","600","60000","Wed Jul 30 10:22:11 PDT 2014","S67747","Approved","","""Christmas tree""","""star""","0","""left""","""middle""","-1","0","0","1","0","0","-1","-1","""TRUE""","""null""","""null""","-1","-1","-1","-1","-1","-1","""Guessing what object Bob was talking about based off of his one word""","""I thought this was an interesting study to take part in.""","0","""target""","""target""","""target""","""null""","""null""","""null""","TRUE","TRUE","TRUE","""null""","""null""","""null""","""Christmas tree""","""Christmas tree""","""sundae""","""null""","""null""","""null""","""star""","""lights""","""chocolate""","""null""","""null""","""null""","""left""","""middle""","""middle""","""null""","""null""","""null""","""lights""","""star""","""cherry""","""null""","""null""","""null""","""middle""","""left""","""right""","""null""","""null""","""null""","""0w1w1b"""
"What is he talking about? (1-2 mins)","Short and fun! A 1-2 minute word game about what someone is talking about.","experiment, psychology, game","$0.25 ","Wed Jul 23 10:22:11 PDT 2014","100","0","0","100","Reviewable","NotReviewed","1 scales","600","60000","Wed Jul 30 10:22:11 PDT 2014","S57294","Approved","","""sundae""","""chocolate""","0","""right""","""middle""","-1","0","0","1","0","0","-1","-1","""TRUE""","""null""","""null""","-1","-1","-1","-1","-1","-1","""no idea""","""thanks""","0","""target""","""target""","""logical""","""null""","""null""","""null""","TRUE","TRUE","FALSE","""null""","""null""","""null""","""sundae""","""sundae""","""boat""","""null""","""null""","""null""","""chocolate""","""cherry""","""motor""","""null""","""null""","""null""","""right""","""middle""","""right""","""null""","""null""","""null""","""cherry""","""chocolate""","""cabin""","""null""","""null""","""null""","""middle""","""right""","""middle""","""null""","""null""","""null""","""1w0w1b"""
"What is he talking about? (1-2 mins)","Short and fun! A 1-2 minute word game about what someone is talking about.","experiment, psychology, game","$0.25 ","Wed Jul 23 10:22:11 PDT 2014","100","0","0","100","Reviewable","NotReviewed","1 scales","600","60000","Wed Jul 30 10:22:11 PDT 2014","S71321","Approved","","""pizza""","""mushrooms""","0","""middle""","""left""","-1","0","0","1","0","0","-1","-1","""TRUE""","""null""","""null""","-1","-1","-1","-1","-1","-1","""Understanding what people mean""","""""","0","""foil""","""target""","""target""","""null""","""null""","""null""","FALSE","TRUE","TRUE","""null""","""null""","""null""","""pizza""","""pizza""","""snowman""","""null""","""null""","""null""","""mushrooms""","""peppers""","""scarf""","""null""","""null""","""null""","""middle""","""left""","""middle""","""null""","""null""","""null""","""peppers""","""mushrooms""","""mittens""","""null""","""null""","""null""","""left""","""middle""","""left""","""null""","""null""","""null""","""0w1w1b"""
"What is he talking about? (1-2 mins)","Short and fun! A 1-2 minute word game about what someone is talking about.","experiment, psychology, game","$0.25 ","Wed Jul 23 10:22:11 PDT 2014","100","0","0","100","Reviewable","NotReviewed","1 scales","600","60000","Wed Jul 30 10:22:11 PDT 2014","S59216","Approved","","""friend""","""glasses""","0","""right""","""middle""","-1","0","0","1","0","0","-1","-1","""TRUE""","""null""","""null""","-1","-1","-1","-1","-1","-1","""What a person was talking about.""","""""","0","""target""","""target""","""target""","""null""","""null""","""null""","TRUE","TRUE","TRUE","""null""","""null""","""null""","""friend""","""friend""","""Christmas tree""","""null""","""null""","""null""","""glasses""","""hat""","""ornaments""","""null""","""null""","""null""","""right""","""middle""","""left""","""null""","""null""","""null""","""hat""","""glasses""","""lights""","""null""","""null""","""null""","""middle""","""right""","""right""","""null""","""null""","""null""","""1w0w1b"""
"What is he talking about? (1-2 mins)","Short and fun! A 1-2 minute word game about what someone is talking about.","experiment, psychology, game","$0.25 ","Wed Jul 23 10:22:11 PDT 2014","100","0","0","100","Reviewable","NotReviewed","1 scales","600","60000","Wed Jul 30 10:22:11 PDT 2014","S47636","Approved","","""Christmas tree""","""star""","0","""right""","""left""","-1","0","0","1","0","0","-1","-1","""TRUE""","""null""","""null""","-1","-1","-1","-1","-1","-1","""Christmas Trees and Bob's friends""","""""","0","""target""","""target""","""target""","""null""","""null""","""null""","TRUE","TRUE","TRUE","""null""","""null""","""null""","""Christmas tree""","""Christmas tree""","""friend""","""null""","""null""","""null""","""star""","""lights""","""mustache""","""null""","""null""","""null""","""right""","""left""","""right""","""null""","""null""","""null""","""lights""","""star""","""glasses""","""null""","""null""","""null""","""left""","""right""","""left""","""null""","""null""","""null""","""1w0w1b"""
"What is he talking about? (1-2 mins)","Short and fun! A 1-2 minute word game about what someone is talking about.","experiment, psychology, game","$0.25 ","Wed Jul 23 10:22:11 PDT 2014","100","0","0","100","Reviewable","NotReviewed","1 scales","600","60000","Wed Jul 30 10:22:11 PDT 2014","S33634","Approved","","""boat""","""cabin""","0","""left""","""middle""","-1","0","0","1","0","0","-1","-1","""TRUE""","""null""","""null""","-1","-1","-1","-1","-1","-1","""identifying things with one word""","""no""","0","""target""","""target""","""target""","""null""","""null""","""null""","TRUE","TRUE","TRUE","""null""","""null""","""null""","""boat""","""boat""","""snowman""","""null""","""null""","""null""","""cabin""","""sail""","""hat""","""null""","""null""","""null""","""left""","""middle""","""left""","""null""","""null""","""null""","""sail""","""cabin""","""mittens""","""null""","""null""","""null""","""middle""","""left""","""right""","""null""","""null""","""null""","""1w0w1b"""
"What is he talking about? (1-2 mins)","Short and fun! A 1-2 minute word game about what someone is talking about.","experiment, psychology, game","$0.25 ","Wed Jul 23 10:22:11 PDT 2014","100","0","0","100","Reviewable","NotReviewed","1 scales","600","60000","Wed Jul 30 10:22:11 PDT 2014","S70962","Approved","","""pizza""","""mushrooms""","0","""right""","""middle""","-1","0","0","1","0","0","-1","-1","""TRUE""","""null""","""null""","-1","-1","-1","-1","-1","-1","""What Bob was talking about.""","""None""","0","""target""","""target""","""target""","""null""","""null""","""null""","TRUE","TRUE","TRUE","""null""","""null""","""null""","""pizza""","""pizza""","""boat""","""null""","""null""","""null""","""mushrooms""","""peppers""","""sail""","""null""","""null""","""null""","""right""","""middle""","""left""","""null""","""null""","""null""","""peppers""","""mushrooms""","""motor""","""null""","""null""","""null""","""middle""","""right""","""right""","""null""","""null""","""null""","""0w1w1b"""
"What is he talking about? (1-2 mins)","Short and fun! A 1-2 minute word game about what someone is talking about.","experiment, psychology, game","$0.25 ","Wed Jul 23 10:22:11 PDT 2014","100","0","0","100","Reviewable","NotReviewed","1 scales","600","60000","Wed Jul 30 10:22:11 PDT 2014","S49927","Approved","","""boat""","""sail""","0","""middle""","""right""","-1","0","0","1","0","0","-1","-1","""TRUE""","""null""","""null""","-1","-1","-1","-1","-1","-1","""boats and pizza""","""""","0","""target""","""target""","""target""","""null""","""null""","""null""","TRUE","TRUE","TRUE","""null""","""null""","""null""","""boat""","""boat""","""pizza""","""null""","""null""","""null""","""sail""","""motor""","""olives""","""null""","""null""","""null""","""middle""","""right""","""right""","""null""","""null""","""null""","""motor""","""sail""","""peppers""","""null""","""null""","""null""","""right""","""middle""","""left""","""null""","""null""","""null""","""1w0w1b"""
"What is he talking about? (1-2 mins)","Short and fun! A 1-2 minute word game about what someone is talking about.","experiment, psychology, game","$0.25 ","Wed Jul 23 10:22:11 PDT 2014","100","0","0","100","Reviewable","NotReviewed","1 scales","600","60000","Wed Jul 30 10:22:11 PDT 2014","S75129","Approved","","""snowman""","""scarf""","0","""left""","""right""","-1","0","0","1","0","0","-1","-1","""TRUE""","""null""","""null""","-1","-1","-1","-1","-1","-1","""Which of the objects bob was talking about""","""cute drawings.""","0","""target""","""foil""","""foil""","""null""","""null""","""null""","TRUE","FALSE","FALSE","""null""","""null""","""null""","""snowman""","""snowman""","""Christmas tree""","""null""","""null""","""null""","""scarf""","""mittens""","""star""","""null""","""null""","""null""","""left""","""right""","""left""","""null""","""null""","""null""","""mittens""","""scarf""","""ornaments""","""null""","""null""","""null""","""right""","""left""","""middle""","""null""","""null""","""null""","""0w1w1b"""
"What is he talking about? (1-2 mins)","Short and fun! A 1-2 minute word game about what someone is talking about.","experiment, psychology, game","$0.25 ","Wed Jul 23 10:22:11 PDT 2014","100","0","0","100","Reviewable","NotReviewed","1 scales","600","60000","Wed Jul 30 10:22:11 PDT 2014","S49505","Approved","","""snowman""","""hat""","0","""middle""","""right""","-1","0","0","1","0","0","-1","-1","""TRUE""","""null""","""null""","-1","-1","-1","-1","-1","-1","""whether we would pick the item with only the target word or the target word and something else...not sure why though""","""""","0","""target""","""target""","""target""","""null""","""null""","""null""","TRUE","TRUE","TRUE","""null""","""null""","""null""","""snowman""","""snowman""","""pizza""","""null""","""null""","""null""","""hat""","""mittens""","""mushrooms""","""null""","""null""","""null""","""middle""","""right""","""right""","""null""","""null""","""null""","""mittens""","""hat""","""peppers""","""null""","""null""","""null""","""right""","""middle""","""middle""","""null""","""null""","""null""","""0w1w1b"""
"What is he talking about? (1-2 mins)","Short and fun! A 1-2 minute word game about what someone is talking about.","experiment, psychology, game","$0.25 ","Wed Jul 23 10:22:11 PDT 2014","100","0","0","100","Reviewable","NotReviewed","1 scales","600","60000","Wed Jul 30 10:22:11 PDT 2014","S68353","Approved","","""sundae""","""whipped cream""","0","""right""","""left""","-1","0","0","1","0","0","-1","-1","""TRUE""","""null""","""null""","-1","-1","-1","-1","-1","-1","""No clue""","""Interesting Survey""","0","""target""","""target""","""target""","""null""","""null""","""null""","TRUE","TRUE","TRUE","""null""","""null""","""null""","""sundae""","""sundae""","""friend""","""null""","""null""","""null""","""whipped cream""","""chocolate""","""mustache""","""null""","""null""","""null""","""right""","""left""","""right""","""null""","""null""","""null""","""chocolate""","""whipped cream""","""glasses""","""null""","""null""","""null""","""left""","""right""","""middle""","""null""","""null""","""null""","""0w1w1b"""
"What is he talking about? (1-2 mins)","Short and fun! A 1-2 minute word game about what someone is talking about.","experiment, psychology, game","$0.25 ","Wed Jul 23 10:22:11 PDT 2014","100","0","0","100","Reviewable","NotReviewed","1 scales","600","60000","Wed Jul 30 10:22:11 PDT 2014","S68376","Approved","","""snowman""","""hat""","0","""right""","""left""","-1","0","0","1","0","0","-1","-1","""TRUE""","""null""","""null""","-1","-1","-1","-1","-1","-1","""Boats and Snowmen!""","""""","0","""target""","""logical""","""target""","""null""","""null""","""null""","TRUE","FALSE","TRUE","""null""","""null""","""null""","""snowman""","""snowman""","""boat""","""null""","""null""","""null""","""hat""","""mittens""","""sail""","""null""","""null""","""null""","""right""","""left""","""right""","""null""","""null""","""null""","""mittens""","""hat""","""motor""","""null""","""null""","""null""","""left""","""right""","""middle""","""null""","""null""","""null""","""0w1w1b"""
"What is he talking about? (1-2 mins)","Short and fun! A 1-2 minute word game about what someone is talking about.","experiment, psychology, game","$0.25 ","Wed Jul 23 10:22:11 PDT 2014","100","0","0","100","Reviewable","NotReviewed","1 scales","600","60000","Wed Jul 30 10:22:11 PDT 2014","S89813","Approved","","""Christmas tree""","""ornaments""","0","""right""","""middle""","-1","0","0","1","0","0","-1","-1","""TRUE""","""null""","""null""","-1","-1","-1","-1","-1","-1","""I have no clue??""","""What was the survey about.""","0","""logical""","""target""","""target""","""null""","""null""","""null""","FALSE","TRUE","TRUE","""null""","""null""","""null""","""Christmas tree""","""Christmas tree""","""friend""","""null""","""null""","""null""","""ornaments""","""lights""","""mustache""","""null""","""null""","""null""","""right""","""middle""","""left""","""null""","""null""","""null""","""lights""","""ornaments""","""hat""","""null""","""null""","""null""","""middle""","""right""","""right""","""null""","""null""","""null""","""1w0w1b"""
"What is he talking about? (1-2 mins)","Short and fun! A 1-2 minute word game about what someone is talking about.","experiment, psychology, game","$0.25 ","Wed Jul 23 10:22:11 PDT 2014","100","0","0","100","Reviewable","NotReviewed","1 scales","600","60000","Wed Jul 30 10:22:11 PDT 2014","S12031","Approved","","""Christmas tree""","""lights""","0","""middle""","""left""","-1","0","0","1","0","0","-1","-1","""TRUE""","""null""","""null""","-1","-1","-1","-1","-1","-1","""Choices with limited information""","""ty""","0","""logical""","""target""","""target""","""null""","""null""","""null""","FALSE","TRUE","TRUE","""null""","""null""","""null""","""Christmas tree""","""Christmas tree""","""pizza""","""null""","""null""","""null""","""lights""","""ornaments""","""olives""","""null""","""null""","""null""","""middle""","""left""","""right""","""null""","""null""","""null""","""ornaments""","""lights""","""mushrooms""","""null""","""null""","""null""","""left""","""middle""","""left""","""null""","""null""","""null""","""1w0w1b"""
"What is he talking about? (1-2 mins)","Short and fun! A 1-2 minute word game about what someone is talking about.","experiment, psychology, game","$0.25 ","Wed Jul 23 10:22:11 PDT 2014","100","0","0","100","Reviewable","NotReviewed","1 scales","600","60000","Wed Jul 30 10:22:11 PDT 2014","S77486","Approved","","""boat""","""cabin""","0","""middle""","""right""","-1","0","0","1","0","0","-1","-1","""TRUE""","""null""","""null""","-1","-1","-1","-1","-1","-1","""I have no idea!""","""No""","0","""target""","""target""","""target""","""null""","""null""","""null""","TRUE","TRUE","TRUE","""null""","""null""","""null""","""boat""","""boat""","""pizza""","""null""","""null""","""null""","""cabin""","""sail""","""olives""","""null""","""null""","""null""","""middle""","""right""","""left""","""null""","""null""","""null""","""sail""","""cabin""","""mushrooms""","""null""","""null""","""null""","""right""","""middle""","""middle""","""null""","""null""","""null""","""1w0w1b"""
"What is he talking about? (1-2 mins)","Short and fun! A 1-2 minute word game about what someone is talking about.","experiment, psychology, game","$0.25 ","Wed Jul 23 10:22:11 PDT 2014","100","0","0","100","Reviewable","NotReviewed","1 scales","600","60000","Wed Jul 30 10:22:11 PDT 2014","S31781","Approved","","""pizza""","""olives""","0","""left""","""middle""","-1","0","0","1","0","0","-1","-1","""TRUE""","""null""","""null""","-1","-1","-1","-1","-1","-1","""not sure""","""na""","0","""target""","""target""","""target""","""null""","""null""","""null""","TRUE","TRUE","TRUE","""null""","""null""","""null""","""pizza""","""pizza""","""snowman""","""null""","""null""","""null""","""olives""","""mushrooms""","""scarf""","""null""","""null""","""null""","""left""","""middle""","""right""","""null""","""null""","""null""","""mushrooms""","""olives""","""hat""","""null""","""null""","""null""","""middle""","""left""","""left""","""null""","""null""","""null""","""0w1w1b"""
"What is he talking about? (1-2 mins)","Short and fun! A 1-2 minute word game about what someone is talking about.","experiment, psychology, game","$0.25 ","Wed Jul 23 10:22:11 PDT 2014","100","0","0","100","Reviewable","NotReviewed","1 scales","600","60000","Wed Jul 30 10:22:11 PDT 2014","S24707","Approved","","""snowman""","""scarf""","0","""middle""","""left""","-1","0","0","1","0","0","-1","-1","""TRUE""","""null""","""null""","-1","-1","-1","-1","-1","-1","""Word assossiation""","""""","0","""target""","""logical""","""target""","""null""","""null""","""null""","TRUE","FALSE","TRUE","""null""","""null""","""null""","""snowman""","""snowman""","""sundae""","""null""","""null""","""null""","""scarf""","""hat""","""whipped cream""","""null""","""null""","""null""","""middle""","""left""","""middle""","""null""","""null""","""null""","""hat""","""scarf""","""cherry""","""null""","""null""","""null""","""left""","""middle""","""left""","""null""","""null""","""null""","""0w1w1b"""
"What is he talking about? (1-2 mins)","Short and fun! A 1-2 minute word game about what someone is talking about.","experiment, psychology, game","$0.25 ","Wed Jul 23 10:22:11 PDT 2014","100","0","0","100","Reviewable","NotReviewed","1 scales","600","60000","Wed Jul 30 10:22:11 PDT 2014","S29581","Approved","","""boat""","""motor""","0","""right""","""left""","-1","0","0","1","0","0","-1","-1","""TRUE""","""null""","""null""","-1","-1","-1","-1","-1","-1","""deductive reasoning""","""no""","0","""target""","""logical""","""target""","""null""","""null""","""null""","TRUE","FALSE","TRUE","""null""","""null""","""null""","""boat""","""boat""","""sundae""","""null""","""null""","""null""","""motor""","""cabin""","""whipped cream""","""null""","""null""","""null""","""right""","""left""","""right""","""null""","""null""","""null""","""cabin""","""motor""","""cherry""","""null""","""null""","""null""","""left""","""right""","""middle""","""null""","""null""","""null""","""0w1w1b"""
"What is he talking about? (1-2 mins)","Short and fun! A 1-2 minute word game about what someone is talking about.","experiment, psychology, game","$0.25 ","Wed Jul 23 10:22:11 PDT 2014","100","0","0","100","Reviewable","NotReviewed","1 scales","600","60000","Wed Jul 30 10:22:11 PDT 2014","S90846","Approved","","""pizza""","""peppers""","0","""middle""","""left""","-1","0","0","1","0","0","-1","-1","""TRUE""","""null""","""null""","-1","-1","-1","-1","-1","-1","""How humans make symbols and understand representations""","""""","0","""target""","""target""","""target""","""null""","""null""","""null""","TRUE","TRUE","TRUE","""null""","""null""","""null""","""pizza""","""pizza""","""sundae""","""null""","""null""","""null""","""peppers""","""olives""","""whipped cream""","""null""","""null""","""null""","""middle""","""left""","""left""","""null""","""null""","""null""","""olives""","""peppers""","""chocolate""","""null""","""null""","""null""","""left""","""middle""","""right""","""null""","""null""","""null""","""1w0w1b"""
"What is he talking about? (1-2 mins)","Short and fun! A 1-2 minute word game about what someone is talking about.","experiment, psychology, game","$0.25 ","Wed Jul 23 10:22:11 PDT 2014","100","0","0","100","Reviewable","NotReviewed","1 scales","600","60000","Wed Jul 30 10:22:11 PDT 2014","S37638","Approved","","""snowman""","""mittens""","0","""right""","""left""","-1","0","0","1","0","0","-1","-1","""TRUE""","""null""","""null""","-1","-1","-1","-1","-1","-1","""communicating with one word""",""":)""","0","""target""","""target""","""target""","""null""","""null""","""null""","TRUE","TRUE","TRUE","""null""","""null""","""null""","""snowman""","""snowman""","""boat""","""null""","""null""","""null""","""mittens""","""hat""","""motor""","""null""","""null""","""null""","""right""","""left""","""right""","""null""","""null""","""null""","""hat""","""mittens""","""cabin""","""null""","""null""","""null""","""left""","""right""","""middle""","""null""","""null""","""null""","""1w0w1b"""
"What is he talking about? (1-2 mins)","Short and fun! A 1-2 minute word game about what someone is talking about.","experiment, psychology, game","$0.25 ","Wed Jul 23 10:22:11 PDT 2014","100","0","0","100","Reviewable","NotReviewed","1 scales","600","60000","Wed Jul 30 10:22:11 PDT 2014","S04322","Approved","","""pizza""","""mushrooms""","0","""middle""","""right""","-1","0","0","1","0","0","-1","-1","""TRUE""","""null""","""null""","-1","-1","-1","-1","-1","-1","""Using limited information to make decisions.""","""N/A""","0","""target""","""target""","""target""","""null""","""null""","""null""","TRUE","TRUE","TRUE","""null""","""null""","""null""","""pizza""","""pizza""","""sundae""","""null""","""null""","""null""","""mushrooms""","""peppers""","""chocolate""","""null""","""null""","""null""","""middle""","""right""","""right""","""null""","""null""","""null""","""peppers""","""mushrooms""","""cherry""","""null""","""null""","""null""","""right""","""middle""","""middle""","""null""","""null""","""null""","""0w1w1b"""
"What is he talking about? (1-2 mins)","Short and fun! A 1-2 minute word game about what someone is talking about.","experiment, psychology, game","$0.25 ","Wed Jul 23 10:22:11 PDT 2014","100","0","0","100","Reviewable","NotReviewed","1 scales","600","60000","Wed Jul 30 10:22:11 PDT 2014","S19689","Approved","","""sundae""","""whipped cream""","0","""middle""","""left""","-1","0","0","1","0","0","-1","-1","""TRUE""","""null""","""null""","-1","-1","-1","-1","-1","-1","""beats me! ""","""thanks that was fun :)""","0","""target""","""target""","""target""","""null""","""null""","""null""","TRUE","TRUE","TRUE","""null""","""null""","""null""","""sundae""","""sundae""","""friend""","""null""","""null""","""null""","""whipped cream""","""cherry""","""hat""","""null""","""null""","""null""","""middle""","""left""","""left""","""null""","""null""","""null""","""cherry""","""whipped cream""","""mustache""","""null""","""null""","""null""","""left""","""middle""","""middle""","""null""","""null""","""null""","""0w1w1b"""
"What is he talking about? (1-2 mins)","Short and fun! A 1-2 minute word game about what someone is talking about.","experiment, psychology, game","$0.25 ","Wed Jul 23 10:22:11 PDT 2014","100","0","0","100","Reviewable","NotReviewed","1 scales","600","60000","Wed Jul 30 10:22:11 PDT 2014","S32162","Approved","","""pizza""","""mushrooms""","0","""left""","""middle""","-1","0","0","1","0","0","-1","-1","""TRUE""","""null""","""null""","-1","-1","-1","-1","-1","-1","""being able to communicate 1 word and hoping I understood""","""""","0","""target""","""target""","""logical""","""null""","""null""","""null""","TRUE","TRUE","FALSE","""null""","""null""","""null""","""pizza""","""pizza""","""sundae""","""null""","""null""","""null""","""mushrooms""","""olives""","""cherry""","""null""","""null""","""null""","""left""","""middle""","""middle""","""null""","""null""","""null""","""olives""","""mushrooms""","""chocolate""","""null""","""null""","""null""","""middle""","""left""","""right""","""null""","""null""","""null""","""0w1w1b"""
"What is he talking about? (1-2 mins)","Short and fun! A 1-2 minute word game about what someone is talking about.","experiment, psychology, game","$0.25 ","Wed Jul 23 10:22:11 PDT 2014","100","0","0","100","Reviewable","NotReviewed","1 scales","600","60000","Wed Jul 30 10:22:11 PDT 2014","S86754","Approved","","""Christmas tree""","""ornaments""","0","""right""","""left""","-1","0","0","1","0","0","-1","-1","""TRUE""","""null""","""null""","-1","-1","-1","-1","-1","-1","""communication, one word - visual""","""""","0","""target""","""target""","""target""","""null""","""null""","""null""","TRUE","TRUE","TRUE","""null""","""null""","""null""","""Christmas tree""","""Christmas tree""","""boat""","""null""","""null""","""null""","""ornaments""","""star""","""sail""","""null""","""null""","""null""","""right""","""left""","""left""","""null""","""null""","""null""","""star""","""ornaments""","""cabin""","""null""","""null""","""null""","""left""","""right""","""middle""","""null""","""null""","""null""","""1w0w1b"""
"What is he talking about? (1-2 mins)","Short and fun! A 1-2 minute word game about what someone is talking about.","experiment, psychology, game","$0.25 ","Wed Jul 23 10:22:11 PDT 2014","100","0","0","100","Reviewable","NotReviewed","1 scales","600","60000","Wed Jul 30 10:22:11 PDT 2014","S62636","Approved","","""friend""","""hat""","0","""left""","""right""","-1","0","0","1","0","0","-1","-1","""TRUE""","""null""","""null""","-1","-1","-1","-1","-1","-1","""Descriptions and they way people make choices ""","""""","0","""target""","""target""","""target""","""null""","""null""","""null""","TRUE","TRUE","TRUE","""null""","""null""","""null""","""friend""","""friend""","""sundae""","""null""","""null""","""null""","""hat""","""mustache""","""whipped cream""","""null""","""null""","""null""","""left""","""right""","""left""","""null""","""null""","""null""","""mustache""","""hat""","""cherry""","""null""","""null""","""null""","""right""","""left""","""right""","""null""","""null""","""null""","""1w0w1b"""
"What is he talking about? (1-2 mins)","Short and fun! A 1-2 minute word game about what someone is talking about.","experiment, psychology, game","$0.25 ","Wed Jul 23 10:22:11 PDT 2014","100","0","0","100","Reviewable","NotReviewed","1 scales","600","60000","Wed Jul 30 10:22:11 PDT 2014","S78996","Approved","","""Christmas tree""","""star""","0","""right""","""middle""","-1","0","0","1","0","0","-1","-1","""TRUE""","""null""","""null""","-1","-1","-1","-1","-1","-1","""peoples choices""","""""","0","""target""","""target""","""target""","""null""","""null""","""null""","TRUE","TRUE","TRUE","""null""","""null""","""null""","""Christmas tree""","""Christmas tree""","""snowman""","""null""","""null""","""null""","""star""","""lights""","""mittens""","""null""","""null""","""null""","""right""","""middle""","""left""","""null""","""null""","""null""","""lights""","""star""","""hat""","""null""","""null""","""null""","""middle""","""right""","""middle""","""null""","""null""","""null""","""1w0w1b"""
"What is he talking about? (1-2 mins)","Short and fun! A 1-2 minute word game about what someone is talking about.","experiment, psychology, game","$0.25 ","Wed Jul 23 10:22:11 PDT 2014","100","0","0","100","Reviewable","NotReviewed","1 scales","600","60000","Wed Jul 30 10:22:11 PDT 2014","S06859","Approved","","""sundae""","""cherry""","0","""right""","""left""","-1","0","0","1","0","0","-1","-1","""TRUE""","""null""","""null""","-1","-1","-1","-1","-1","-1","""how people make decisions""","""clear and had no issues""","0","""target""","""target""","""target""","""null""","""null""","""null""","TRUE","TRUE","TRUE","""null""","""null""","""null""","""sundae""","""sundae""","""pizza""","""null""","""null""","""null""","""cherry""","""whipped cream""","""peppers""","""null""","""null""","""null""","""right""","""left""","""right""","""null""","""null""","""null""","""whipped cream""","""cherry""","""olives""","""null""","""null""","""null""","""left""","""right""","""left""","""null""","""null""","""null""","""0w1w1b"""
"What is he talking about? (1-2 mins)","Short and fun! A 1-2 minute word game about what someone is talking about.","experiment, psychology, game","$0.25 ","Wed Jul 23 10:22:11 PDT 2014","100","0","0","100","Reviewable","NotReviewed","1 scales","600","60000","Wed Jul 30 10:22:11 PDT 2014","S96997","Approved","","""sundae""","""chocolate""","0","""middle""","""right""","-1","0","0","1","0","0","-1","-1","""TRUE""","""null""","""null""","-1","-1","-1","-1","-1","-1","""Choosing an image that Bob is talking about""","""No""","0","""target""","""target""","""target""","""null""","""null""","""null""","TRUE","TRUE","TRUE","""null""","""null""","""null""","""sundae""","""sundae""","""boat""","""null""","""null""","""null""","""chocolate""","""cherry""","""motor""","""null""","""null""","""null""","""middle""","""right""","""middle""","""null""","""null""","""null""","""cherry""","""chocolate""","""sail""","""null""","""null""","""null""","""right""","""middle""","""right""","""null""","""null""","""null""","""1w0w1b"""
"What is he talking about? (1-2 mins)","Short and fun! A 1-2 minute word game about what someone is talking about.","experiment, psychology, game","$0.25 ","Wed Jul 23 10:22:11 PDT 2014","100","0","0","100","Reviewable","NotReviewed","1 scales","600","60000","Wed Jul 30 10:22:11 PDT 2014","S01880","Approved","","""Christmas tree""","""lights""","0","""middle""","""left""","-1","0","0","1","0","0","-1","-1","""FALSE""","""null""","""null""","-1","-1","-1","-1","-1","-1","""Recognizing what someone is talking about""","""""","0","""target""","""target""","""target""","""null""","""null""","""null""","TRUE","TRUE","TRUE","""null""","""null""","""null""","""Christmas tree""","""Christmas tree""","""boat""","""null""","""null""","""null""","""lights""","""ornaments""","""cabin""","""null""","""null""","""null""","""middle""","""left""","""middle""","""null""","""null""","""null""","""ornaments""","""lights""","""motor""","""null""","""null""","""null""","""left""","""middle""","""left""","""null""","""null""","""null""","""0w1w1b"""
"What is he talking about? (1-2 mins)","Short and fun! A 1-2 minute word game about what someone is talking about.","experiment, psychology, game","$0.25 ","Wed Jul 23 10:22:11 PDT 2014","100","0","0","100","Reviewable","NotReviewed","1 scales","600","60000","Wed Jul 30 10:22:11 PDT 2014","S70095","Approved","","""friend""","""glasses""","0","""right""","""middle""","-1","0","0","1","0","0","-1","-1","""TRUE""","""null""","""null""","-1","-1","-1","-1","-1","-1","""interpretation""","""""","0","""target""","""target""","""target""","""null""","""null""","""null""","TRUE","TRUE","TRUE","""null""","""null""","""null""","""friend""","""friend""","""snowman""","""null""","""null""","""null""","""glasses""","""mustache""","""hat""","""null""","""null""","""null""","""right""","""middle""","""right""","""null""","""null""","""null""","""mustache""","""glasses""","""scarf""","""null""","""null""","""null""","""middle""","""right""","""left""","""null""","""null""","""null""","""0w1w1b"""
"What is he talking about? (1-2 mins)","Short and fun! A 1-2 minute word game about what someone is talking about.","experiment, psychology, game","$0.25 ","Wed Jul 23 10:22:11 PDT 2014","100","0","0","100","Reviewable","NotReviewed","1 scales","600","60000","Wed Jul 30 10:22:11 PDT 2014","S10596","Approved","","""sundae""","""whipped cream""","0","""right""","""middle""","-1","0","0","1","0","0","-1","-1","""TRUE""","""null""","""null""","-1","-1","-1","-1","-1","-1","""i don't know""","""nope""","0","""logical""","""target""","""logical""","""null""","""null""","""null""","FALSE","TRUE","FALSE","""null""","""null""","""null""","""sundae""","""sundae""","""snowman""","""null""","""null""","""null""","""whipped cream""","""cherry""","""scarf""","""null""","""null""","""null""","""right""","""middle""","""right""","""null""","""null""","""null""","""cherry""","""whipped cream""","""mittens""","""null""","""null""","""null""","""middle""","""right""","""middle""","""null""","""null""","""null""","""1w0w1b"""
"What is he talking about? (1-2 mins)","Short and fun! A 1-2 minute word game about what someone is talking about.","experiment, psychology, game","$0.25 ","Wed Jul 23 10:22:11 PDT 2014","100","0","0","100","Reviewable","NotReviewed","1 scales","600","60000","Wed Jul 30 10:22:11 PDT 2014","S24801","Approved","","""sundae""","""cherry""","0","""left""","""middle""","-1","0","0","1","0","0","-1","-1","""TRUE""","""null""","""null""","-1","-1","-1","-1","-1","-1","""chosing pictures based on very short description""","""no""","0","""target""","""target""","""target""","""null""","""null""","""null""","TRUE","TRUE","TRUE","""null""","""null""","""null""","""sundae""","""sundae""","""friend""","""null""","""null""","""null""","""cherry""","""whipped cream""","""mustache""","""null""","""null""","""null""","""left""","""middle""","""right""","""null""","""null""","""null""","""whipped cream""","""cherry""","""glasses""","""null""","""null""","""null""","""middle""","""left""","""middle""","""null""","""null""","""null""","""1w0w1b"""
"What is he talking about? (1-2 mins)","Short and fun! A 1-2 minute word game about what someone is talking about.","experiment, psychology, game","$0.25 ","Wed Jul 23 10:22:11 PDT 2014","100","0","0","100","Reviewable","NotReviewed","1 scales","600","60000","Wed Jul 30 10:22:11 PDT 2014","S91669","Approved","","""pizza""","""mushrooms""","0","""left""","""middle""","-1","0","0","1","0","0","-1","-1","""TRUE""","""null""","""null""","-1","-1","-1","-1","-1","-1","""Interpreting what someone says""","""""","0","""target""","""target""","""target""","""null""","""null""","""null""","TRUE","TRUE","TRUE","""null""","""null""","""null""","""pizza""","""pizza""","""boat""","""null""","""null""","""null""","""mushrooms""","""peppers""","""cabin""","""null""","""null""","""null""","""left""","""middle""","""middle""","""null""","""null""","""null""","""peppers""","""mushrooms""","""sail""","""null""","""null""","""null""","""middle""","""left""","""left""","""null""","""null""","""null""","""0w1w1b"""
"What is he talking about? (1-2 mins)","Short and fun! A 1-2 minute word game about what someone is talking about.","experiment, psychology, game","$0.25 ","Wed Jul 23 10:22:11 PDT 2014","100","0","0","100","Reviewable","NotReviewed","1 scales","600","60000","Wed Jul 30 10:22:11 PDT 2014","S27939","Approved","","""sundae""","""chocolate""","0","""left""","""right""","-1","0","0","1","0","0","-1","-1","""TRUE""","""null""","""null""","-1","-1","-1","-1","-1","-1","""Bob's inability to communicate about his food preferences.""","""""","0","""target""","""target""","""target""","""null""","""null""","""null""","TRUE","TRUE","TRUE","""null""","""null""","""null""","""sundae""","""sundae""","""pizza""","""null""","""null""","""null""","""chocolate""","""cherry""","""peppers""","""null""","""null""","""null""","""left""","""right""","""left""","""null""","""null""","""null""","""cherry""","""chocolate""","""olives""","""null""","""null""","""null""","""right""","""left""","""right""","""null""","""null""","""null""","""1w0w1b"""
"What is he talking about? (1-2 mins)","Short and fun! A 1-2 minute word game about what someone is talking about.","experiment, psychology, game","$0.25 ","Wed Jul 23 10:22:11 PDT 2014","100","0","0","100","Reviewable","NotReviewed","1 scales","600","60000","Wed Jul 30 10:22:11 PDT 2014","S29265","Approved","","""sundae""","""whipped cream""","0","""middle""","""right""","-1","0","0","1","0","0","-1","-1","""FALSE""","""null""","""null""","-1","-1","-1","-1","-1","-1","""misdirection""","""""","0","""target""","""target""","""target""","""null""","""null""","""null""","TRUE","TRUE","TRUE","""null""","""null""","""null""","""sundae""","""sundae""","""friend""","""null""","""null""","""null""","""whipped cream""","""chocolate""","""mustache""","""null""","""null""","""null""","""middle""","""right""","""right""","""null""","""null""","""null""","""chocolate""","""whipped cream""","""glasses""","""null""","""null""","""null""","""right""","""middle""","""middle""","""null""","""null""","""null""","""0w1w1b"""
"What is he talking about? (1-2 mins)","Short and fun! A 1-2 minute word game about what someone is talking about.","experiment, psychology, game","$0.25 ","Wed Jul 23 10:22:11 PDT 2014","100","0","0","100","Reviewable","NotReviewed","1 scales","600","60000","Wed Jul 30 10:22:11 PDT 2014","S14800","Approved","","""friend""","""glasses""","0","""right""","""left""","-1","0","0","1","0","0","-1","-1","""TRUE""","""null""","""null""","-1","-1","-1","-1","-1","-1","""guessing which figure he was  referring to.""","""no other comments. thank you.""","0","""target""","""target""","""logical""","""null""","""null""","""null""","TRUE","TRUE","FALSE","""null""","""null""","""null""","""friend""","""friend""","""snowman""","""null""","""null""","""null""","""glasses""","""mustache""","""hat""","""null""","""null""","""null""","""right""","""left""","""left""","""null""","""null""","""null""","""mustache""","""glasses""","""mittens""","""null""","""null""","""null""","""left""","""right""","""right""","""null""","""null""","""null""","""1w0w1b"""
"What is he talking about? (1-2 mins)","Short and fun! A 1-2 minute word game about what someone is talking about.","experiment, psychology, game","$0.25 ","Wed Jul 23 10:22:11 PDT 2014","100","0","0","100","Reviewable","NotReviewed","1 scales","600","60000","Wed Jul 30 10:22:11 PDT 2014","S01312","Approved","","""Christmas tree""","""star""","0","""right""","""left""","-1","0","0","1","0","0","-1","-1","""TRUE""","""null""","""null""","-1","-1","-1","-1","-1","-1","""How communication is used with minimal language""","""""","0","""target""","""target""","""target""","""null""","""null""","""null""","TRUE","TRUE","TRUE","""null""","""null""","""null""","""Christmas tree""","""Christmas tree""","""snowman""","""null""","""null""","""null""","""star""","""ornaments""","""mittens""","""null""","""null""","""null""","""right""","""left""","""left""","""null""","""null""","""null""","""ornaments""","""star""","""scarf""","""null""","""null""","""null""","""left""","""right""","""middle""","""null""","""null""","""null""","""1w0w1b"""
"What is he talking about? (1-2 mins)","Short and fun! A 1-2 minute word game about what someone is talking about.","experiment, psychology, game","$0.25 ","Wed Jul 23 10:22:11 PDT 2014","100","0","0","100","Reviewable","NotReviewed","1 scales","600","60000","Wed Jul 30 10:22:11 PDT 2014","S24826","Approved","","""snowman""","""mittens""","0","""left""","""right""","-1","0","0","1","0","0","-1","-1","""TRUE""","""null""","""null""","-1","-1","-1","-1","-1","-1","""How people use words to communicate what they need.""","""Thank you!""","0","""target""","""foil""","""foil""","""null""","""null""","""null""","TRUE","FALSE","FALSE","""null""","""null""","""null""","""snowman""","""snowman""","""pizza""","""null""","""null""","""null""","""mittens""","""hat""","""peppers""","""null""","""null""","""null""","""left""","""right""","""right""","""null""","""null""","""null""","""hat""","""mittens""","""olives""","""null""","""null""","""null""","""right""","""left""","""middle""","""null""","""null""","""null""","""0w1w1b"""
"What is he talking about? (1-2 mins)","Short and fun! A 1-2 minute word game about what someone is talking about.","experiment, psychology, game","$0.25 ","Wed Jul 23 10:22:11 PDT 2014","100","0","0","100","Reviewable","NotReviewed","1 scales","600","60000","Wed Jul 30 10:22:11 PDT 2014","S83646","Approved","","""sundae""","""chocolate""","0","""middle""","""left""","-1","0","0","1","0","0","-1","-1","""TRUE""","""null""","""null""","-1","-1","-1","-1","-1","-1","""How we see daily words""","""fun to do""","0","""target""","""target""","""target""","""null""","""null""","""null""","TRUE","TRUE","TRUE","""null""","""null""","""null""","""sundae""","""sundae""","""boat""","""null""","""null""","""null""","""chocolate""","""cherry""","""sail""","""null""","""null""","""null""","""middle""","""left""","""middle""","""null""","""null""","""null""","""cherry""","""chocolate""","""motor""","""null""","""null""","""null""","""left""","""middle""","""right""","""null""","""null""","""null""","""0w1w1b"""
"What is he talking about? (1-2 mins)","Short and fun! A 1-2 minute word game about what someone is talking about.","experiment, psychology, game","$0.25 ","Wed Jul 23 10:22:11 PDT 2014","100","0","0","100","Reviewable","NotReviewed","1 scales","600","60000","Wed Jul 30 10:22:11 PDT 2014","S15189","Approved","","""sundae""","""chocolate""","0","""right""","""middle""","-1","0","0","1","0","0","-1","-1","""TRUE""","""null""","""null""","-1","-1","-1","-1","-1","-1","""how we view communication""","""""","0","""target""","""target""","""target""","""null""","""null""","""null""","TRUE","TRUE","TRUE","""null""","""null""","""null""","""sundae""","""sundae""","""pizza""","""null""","""null""","""null""","""chocolate""","""whipped cream""","""olives""","""null""","""null""","""null""","""right""","""middle""","""left""","""null""","""null""","""null""","""whipped cream""","""chocolate""","""mushrooms""","""null""","""null""","""null""","""middle""","""right""","""right""","""null""","""null""","""null""","""0w1w1b"""
"What is he talking about? (1-2 mins)","Short and fun! A 1-2 minute word game about what someone is talking about.","experiment, psychology, game","$0.25 ","Wed Jul 23 10:22:11 PDT 2014","100","0","0","100","Reviewable","NotReviewed","1 scales","600","60000","Wed Jul 30 10:22:11 PDT 2014","S31376","Approved","","""Christmas tree""","""lights""","0","""left""","""right""","-1","0","0","1","0","0","-1","-1","""TRUE""","""null""","""null""","-1","-1","-1","-1","-1","-1","""Trying to figure out which of a set of items someone was referring to.""","""""","0","""target""","""target""","""target""","""null""","""null""","""null""","TRUE","TRUE","TRUE","""null""","""null""","""null""","""Christmas tree""","""Christmas tree""","""friend""","""null""","""null""","""null""","""lights""","""star""","""hat""","""null""","""null""","""null""","""left""","""right""","""left""","""null""","""null""","""null""","""star""","""lights""","""glasses""","""null""","""null""","""null""","""right""","""left""","""right""","""null""","""null""","""null""","""1w0w1b"""
"What is he talking about? (1-2 mins)","Short and fun! A 1-2 minute word game about what someone is talking about.","experiment, psychology, game","$0.25 ","Wed Jul 23 10:22:11 PDT 2014","100","0","0","100","Reviewable","NotReviewed","1 scales","600","60000","Wed Jul 30 10:22:11 PDT 2014","S00114","Approved","","""snowman""","""scarf""","0","""left""","""right""","-1","0","0","1","0","0","-1","-1","""TRUE""","""null""","""null""","-1","-1","-1","-1","-1","-1","""how people communicate""","""""","0","""target""","""target""","""target""","""null""","""null""","""null""","TRUE","TRUE","TRUE","""null""","""null""","""null""","""snowman""","""snowman""","""sundae""","""null""","""null""","""null""","""scarf""","""mittens""","""chocolate""","""null""","""null""","""null""","""left""","""right""","""middle""","""null""","""null""","""null""","""mittens""","""scarf""","""whipped cream""","""null""","""null""","""null""","""right""","""left""","""right""","""null""","""null""","""null""","""1w0w1b"""
"What is he talking about? (1-2 mins)","Short and fun! A 1-2 minute word game about what someone is talking about.","experiment, psychology, game","$0.25 ","Wed Jul 23 10:22:11 PDT 2014","100","0","0","100","Reviewable","NotReviewed","1 scales","600","60000","Wed Jul 30 10:22:11 PDT 2014","S50559","Approved","","""Christmas tree""","""lights""","0","""middle""","""left""","-1","0","0","1","0","0","-1","-1","""TRUE""","""null""","""null""","-1","-1","-1","-1","-1","-1","""identifying what he was talking about with a scarf and lights""","""""","0","""target""","""target""","""target""","""null""","""null""","""null""","TRUE","TRUE","TRUE","""null""","""null""","""null""","""Christmas tree""","""Christmas tree""","""snowman""","""null""","""null""","""null""","""lights""","""star""","""scarf""","""null""","""null""","""null""","""middle""","""left""","""middle""","""null""","""null""","""null""","""star""","""lights""","""hat""","""null""","""null""","""null""","""left""","""middle""","""left""","""null""","""null""","""null""","""0w1w1b"""
"What is he talking about? (1-2 mins)","Short and fun! A 1-2 minute word game about what someone is talking about.","experiment, psychology, game","$0.25 ","Wed Jul 23 10:22:11 PDT 2014","100","0","0","100","Reviewable","NotReviewed","1 scales","600","60000","Wed Jul 30 10:22:11 PDT 2014","S70244","Approved","","""snowman""","""scarf""","0","""right""","""middle""","-1","0","0","1","0","0","-1","-1","""TRUE""","""null""","""null""","-1","-1","-1","-1","-1","-1","""Not sure""","""None""","0","""target""","""target""","""target""","""null""","""null""","""null""","TRUE","TRUE","TRUE","""null""","""null""","""null""","""snowman""","""snowman""","""boat""","""null""","""null""","""null""","""scarf""","""hat""","""cabin""","""null""","""null""","""null""","""right""","""middle""","""right""","""null""","""null""","""null""","""hat""","""scarf""","""motor""","""null""","""null""","""null""","""middle""","""right""","""middle""","""null""","""null""","""null""","""0w1w1b"""
"What is he talking about? (1-2 mins)","Short and fun! A 1-2 minute word game about what someone is talking about.","experiment, psychology, game","$0.25 ","Wed Jul 23 10:22:11 PDT 2014","100","0","0","100","Reviewable","NotReviewed","1 scales","600","60000","Wed Jul 30 10:22:11 PDT 2014","S23374","Approved","","""sundae""","""cherry""","0","""left""","""right""","-1","0","0","1","0","0","-1","-1","""TRUE""","""null""","""null""","-1","-1","-1","-1","-1","-1","""How people use language to communicate simple ideas.""","""None""","0","""target""","""target""","""target""","""null""","""null""","""null""","TRUE","TRUE","TRUE","""null""","""null""","""null""","""sundae""","""sundae""","""boat""","""null""","""null""","""null""","""cherry""","""chocolate""","""cabin""","""null""","""null""","""null""","""left""","""right""","""right""","""null""","""null""","""null""","""chocolate""","""cherry""","""motor""","""null""","""null""","""null""","""right""","""left""","""left""","""null""","""null""","""null""","""1w0w1b"""
"What is he talking about? (1-2 mins)","Short and fun! A 1-2 minute word game about what someone is talking about.","experiment, psychology, game","$0.25 ","Wed Jul 23 10:22:11 PDT 2014","100","0","0","100","Reviewable","NotReviewed","1 scales","600","60000","Wed Jul 30 10:22:11 PDT 2014","S66548","Approved","","""boat""","""cabin""","0","""right""","""middle""","-1","0","0","1","0","0","-1","-1","""TRUE""","""null""","""null""","-1","-1","-1","-1","-1","-1","""How we get the meaning out of a word.""","""None.""","0","""logical""","""target""","""target""","""null""","""null""","""null""","FALSE","TRUE","TRUE","""null""","""null""","""null""","""boat""","""boat""","""pizza""","""null""","""null""","""null""","""cabin""","""sail""","""mushrooms""","""null""","""null""","""null""","""right""","""middle""","""middle""","""null""","""null""","""null""","""sail""","""cabin""","""olives""","""null""","""null""","""null""","""middle""","""right""","""left""","""null""","""null""","""null""","""1w0w1b"""
"What is he talking about? (1-2 mins)","Short and fun! A 1-2 minute word game about what someone is talking about.","experiment, psychology, game","$0.25 ","Wed Jul 23 10:22:11 PDT 2014","100","0","0","100","Reviewable","NotReviewed","1 scales","600","60000","Wed Jul 30 10:22:11 PDT 2014","S74970","Approved","","""Christmas tree""","""star""","0","""right""","""middle""","-1","0","0","1","0","0","-1","-1","""TRUE""","""null""","""null""","-1","-1","-1","-1","-1","-1","""Basic item identification""","""NA""","0","""target""","""logical""","""logical""","""null""","""null""","""null""","TRUE","FALSE","FALSE","""null""","""null""","""null""","""Christmas tree""","""Christmas tree""","""friend""","""null""","""null""","""null""","""star""","""ornaments""","""glasses""","""null""","""null""","""null""","""right""","""middle""","""left""","""null""","""null""","""null""","""ornaments""","""star""","""mustache""","""null""","""null""","""null""","""middle""","""right""","""right""","""null""","""null""","""null""","""0w1w1b"""
"What is he talking about? (1-2 mins)","Short and fun! A 1-2 minute word game about what someone is talking about.","experiment, psychology, game","$0.25 ","Wed Jul 23 10:22:11 PDT 2014","100","0","0","100","Reviewable","NotReviewed","1 scales","600","60000","Wed Jul 30 10:22:11 PDT 2014","S36787","Approved","","""pizza""","""mushrooms""","0","""left""","""middle""","-1","0","0","1","0","0","-1","-1","""TRUE""","""null""","""null""","-1","-1","-1","-1","-1","-1","""bob can only say one word""","""""","0","""target""","""target""","""target""","""null""","""null""","""null""","TRUE","TRUE","TRUE","""null""","""null""","""null""","""pizza""","""pizza""","""sundae""","""null""","""null""","""null""","""mushrooms""","""peppers""","""chocolate""","""null""","""null""","""null""","""left""","""middle""","""right""","""null""","""null""","""null""","""peppers""","""mushrooms""","""whipped cream""","""null""","""null""","""null""","""middle""","""left""","""left""","""null""","""null""","""null""","""0w1w1b"""
"What is he talking about? (1-2 mins)","Short and fun! A 1-2 minute word game about what someone is talking about.","experiment, psychology, game","$0.25 ","Wed Jul 23 10:22:11 PDT 2014","100","0","0","100","Reviewable","NotReviewed","1 scales","600","60000","Wed Jul 30 10:22:11 PDT 2014","S61348","Approved","","""friend""","""hat""","0","""middle""","""left""","-1","0","0","1","0","0","-1","-1","""TRUE""","""null""","""null""","-1","-1","-1","-1","-1","-1","""About what bob says, ans what I think. ""","""None.""","0","""logical""","""target""","""logical""","""null""","""null""","""null""","FALSE","TRUE","FALSE","""null""","""null""","""null""","""friend""","""friend""","""boat""","""null""","""null""","""null""","""hat""","""glasses""","""sail""","""null""","""null""","""null""","""middle""","""left""","""left""","""null""","""null""","""null""","""glasses""","""hat""","""motor""","""null""","""null""","""null""","""left""","""middle""","""middle""","""null""","""null""","""null""","""1w0w1b"""
"What is he talking about? (1-2 mins)","Short and fun! A 1-2 minute word game about what someone is talking about.","experiment, psychology, game","$0.25 ","Wed Jul 23 10:22:11 PDT 2014","100","0","0","100","Reviewable","NotReviewed","1 scales","600","60000","Wed Jul 30 10:22:11 PDT 2014","S58511","Approved","","""friend""","""hat""","0","""middle""","""right""","-1","0","0","1","0","0","-1","-1","""TRUE""","""null""","""null""","-1","-1","-1","-1","-1","-1","""Identifying people or objects with one word""","""""","0","""target""","""target""","""target""","""null""","""null""","""null""","TRUE","TRUE","TRUE","""null""","""null""","""null""","""friend""","""friend""","""boat""","""null""","""null""","""null""","""hat""","""mustache""","""motor""","""null""","""null""","""null""","""middle""","""right""","""right""","""null""","""null""","""null""","""mustache""","""hat""","""sail""","""null""","""null""","""null""","""right""","""middle""","""middle""","""null""","""null""","""null""","""0w1w1b"""
"What is he talking about? (1-2 mins)","Short and fun! A 1-2 minute word game about what someone is talking about.","experiment, psychology, game","$0.25 ","Wed Jul 23 10:22:11 PDT 2014","100","0","0","100","Reviewable","NotReviewed","1 scales","600","60000","Wed Jul 30 10:22:11 PDT 2014","S62756","Approved","","""Christmas tree""","""ornaments""","0","""middle""","""left""","-1","0","0","1","0","0","-1","-1","""TRUE""","""null""","""null""","-1","-1","-1","-1","-1","-1","""What Bob was trying to say with his words""","""""","0","""target""","""logical""","""target""","""null""","""null""","""null""","TRUE","FALSE","TRUE","""null""","""null""","""null""","""Christmas tree""","""Christmas tree""","""friend""","""null""","""null""","""null""","""ornaments""","""star""","""mustache""","""null""","""null""","""null""","""middle""","""left""","""left""","""null""","""null""","""null""","""star""","""ornaments""","""glasses""","""null""","""null""","""null""","""left""","""middle""","""right""","""null""","""null""","""null""","""0w1w1b"""
"What is he talking about? (1-2 mins)","Short and fun! A 1-2 minute word game about what someone is talking about.","experiment, psychology, game","$0.25 ","Wed Jul 23 10:22:11 PDT 2014","100","0","0","100","Reviewable","NotReviewed","1 scales","600","60000","Wed Jul 30 10:22:11 PDT 2014","S20241","Approved","","""pizza""","""mushrooms""","0","""left""","""middle""","-1","0","0","1","0","0","-1","-1","""TRUE""","""null""","""null""","-1","-1","-1","-1","-1","-1","""Pizza and ice cream choices. ""","""""","0","""target""","""target""","""target""","""null""","""null""","""null""","TRUE","TRUE","TRUE","""null""","""null""","""null""","""pizza""","""pizza""","""sundae""","""null""","""null""","""null""","""mushrooms""","""olives""","""chocolate""","""null""","""null""","""null""","""left""","""middle""","""right""","""null""","""null""","""null""","""olives""","""mushrooms""","""whipped cream""","""null""","""null""","""null""","""middle""","""left""","""left""","""null""","""null""","""null""","""0w1w1b"""
"What is he talking about? (1-2 mins)","Short and fun! A 1-2 minute word game about what someone is talking about.","experiment, psychology, game","$0.25 ","Wed Jul 23 10:22:11 PDT 2014","100","0","0","100","Reviewable","NotReviewed","1 scales","600","60000","Wed Jul 30 10:22:11 PDT 2014","S07207","Approved","","""snowman""","""hat""","0","""left""","""middle""","-1","0","0","1","0","0","-1","-1","""TRUE""","""null""","""null""","-1","-1","-1","-1","-1","-1","""Bob decorating snowmen and visiting friends.""","""""","0","""target""","""target""","""target""","""null""","""null""","""null""","TRUE","TRUE","TRUE","""null""","""null""","""null""","""snowman""","""snowman""","""friend""","""null""","""null""","""null""","""hat""","""mittens""","""glasses""","""null""","""null""","""null""","""left""","""middle""","""middle""","""null""","""null""","""null""","""mittens""","""hat""","""hat""","""null""","""null""","""null""","""middle""","""left""","""right""","""null""","""null""","""null""","""1w0w1b"""
"What is he talking about? (1-2 mins)","Short and fun! A 1-2 minute word game about what someone is talking about.","experiment, psychology, game","$0.25 ","Wed Jul 23 10:22:11 PDT 2014","100","0","0","100","Reviewable","NotReviewed","1 scales","600","60000","Wed Jul 30 10:22:11 PDT 2014","S64899","Approved","","""Christmas tree""","""star""","0","""left""","""middle""","-1","0","0","1","0","0","-1","-1","""TRUE""","""null""","""null""","-1","-1","-1","-1","-1","-1","""identifying ""","""no""","0","""target""","""target""","""target""","""null""","""null""","""null""","TRUE","TRUE","TRUE","""null""","""null""","""null""","""Christmas tree""","""Christmas tree""","""sundae""","""null""","""null""","""null""","""star""","""lights""","""chocolate""","""null""","""null""","""null""","""left""","""middle""","""middle""","""null""","""null""","""null""","""lights""","""star""","""whipped cream""","""null""","""null""","""null""","""middle""","""left""","""left""","""null""","""null""","""null""","""1w0w1b"""
"What is he talking about? (1-2 mins)","Short and fun! A 1-2 minute word game about what someone is talking about.","experiment, psychology, game","$0.25 ","Wed Jul 23 10:22:11 PDT 2014","100","0","0","100","Reviewable","NotReviewed","1 scales","600","60000","Wed Jul 30 10:22:11 PDT 2014","S26799","Approved","","""sundae""","""chocolate""","0","""middle""","""left""","-1","0","0","1","0","0","-1","-1","""TRUE""","""null""","""null""","-1","-1","-1","-1","-1","-1","""bob and his inability to better convey his choices""","""goddamn it bob""","0","""target""","""target""","""target""","""null""","""null""","""null""","TRUE","TRUE","TRUE","""null""","""null""","""null""","""sundae""","""sundae""","""friend""","""null""","""null""","""null""","""chocolate""","""whipped cream""","""glasses""","""null""","""null""","""null""","""middle""","""left""","""middle""","""null""","""null""","""null""","""whipped cream""","""chocolate""","""mustache""","""null""","""null""","""null""","""left""","""middle""","""right""","""null""","""null""","""null""","""1w0w1b"""
"What is he talking about? (1-2 mins)","Short and fun! A 1-2 minute word game about what someone is talking about.","experiment, psychology, game","$0.25 ","Wed Jul 23 10:22:11 PDT 2014","100","0","0","100","Reviewable","NotReviewed","1 scales","600","60000","Wed Jul 30 10:22:11 PDT 2014","S31046","Approved","","""pizza""","""olives""","0","""right""","""middle""","-1","0","0","1","0","0","-1","-1","""TRUE""","""null""","""null""","-1","-1","-1","-1","-1","-1","""communicating with 1 word""","""""","0","""target""","""target""","""target""","""null""","""null""","""null""","TRUE","TRUE","TRUE","""null""","""null""","""null""","""pizza""","""pizza""","""snowman""","""null""","""null""","""null""","""olives""","""peppers""","""scarf""","""null""","""null""","""null""","""right""","""middle""","""left""","""null""","""null""","""null""","""peppers""","""olives""","""hat""","""null""","""null""","""null""","""middle""","""right""","""middle""","""null""","""null""","""null""","""1w0w1b"""
