"title","description","keywords","reward","creationtime","assignments","numavailable","numpending","numcomplete","hitstatus","reviewstatus","annotation","assignmentduration","autoapprovaldelay","hitlifetime","workerid","assignmentstatus","deadline","Answer.item","Answer.target_property","Answer.target_frequency","Answer.target_position","Answer.distractor_position","Answer.familiarization_cond","Answer.participant_response_type_condition","Answer.participant_feature_count_condition","Answer.linguistic_framing_condition","Answer.target_filler_sequence_condition","Answer.question_type_condition","Answer.manip_check_target","Answer.manip_check_dist","Answer.name_check_correct","Answer.choice","Answer.choice_correct","Answer.money_allocated_to_foil","Answer.money_allocated_to_target","Answer.money_allocated_to_logical","Answer.Likert_value_foil","Answer.Likert_value_target","Answer.Likert_value_logical","Answer.about","Answer.comment","Answer.familiarization_present_in_study","Answer.choice_1","Answer.choice_2","Answer.choice_3","Answer.choice_4","Answer.choice_5","Answer.choice_6","Answer.choice_correct_1","Answer.choice_correct_2","Answer.choice_correct_3","Answer.choice_correct_4","Answer.choice_correct_5","Answer.choice_correct_6","Answer.item_1","Answer.item_2","Answer.item_3","Answer.item_4","Answer.item_5","Answer.item_6","Answer.target_prop_1","Answer.target_prop_2","Answer.target_prop_3","Answer.target_prop_4","Answer.target_prop_5","Answer.target_prop_6","Answer.target_position_1","Answer.target_position_2","Answer.target_position_3","Answer.target_position_4","Answer.target_position_5","Answer.target_position_6","Answer.distractor_prop_1","Answer.distractor_prop_2","Answer.distractor_prop_3","Answer.distractor_prop_4","Answer.distractor_prop_5","Answer.distractor_prop_6","Answer.distractor_position_1","Answer.distractor_position_2","Answer.distractor_position_3","Answer.distractor_position_4","Answer.distractor_position_5","Answer.distractor_position_6","Answer.sequence_condition"
"What is he talking about? (1-2 mins)","Short and fun! A 1-2 minute word game about what someone is talking about.","experiment, psychology, game","$0.25 ","Thu Aug 07 16:07:29 PDT 2014","100","0","0","100","Reviewable","NotReviewed","1 scales","600","60000","Thu Aug 14 16:07:29 PDT 2014","S50530","Approved","","""friend""","""hat""","0","""right""","""middle""","-1","0","0","1","0","0","-1","-1","""TRUE""","""null""","""null""","-1","-1","-1","-1","-1","-1","""identify what is being referred to""","""""","0","""logical""","""target""","""target""","""null""","""null""","""null""","FALSE","TRUE","TRUE","""null""","""null""","""null""","""friend""","""friend""","""friend""","""null""","""null""","""null""","""hat""","""glasses""","""mustache""","""null""","""null""","""null""","""right""","""left""","""middle""","""null""","""null""","""null""","""mustache""","""hat""","""glasses""","""null""","""null""","""null""","""middle""","""right""","""left""","""null""","""null""","""null""","""2w1w0w"""
"What is he talking about? (1-2 mins)","Short and fun! A 1-2 minute word game about what someone is talking about.","experiment, psychology, game","$0.25 ","Thu Aug 07 16:07:29 PDT 2014","100","0","0","100","Reviewable","NotReviewed","1 scales","600","60000","Thu Aug 14 16:07:29 PDT 2014","S47800","Approved","","""friend""","""glasses""","0","""middle""","""left""","-1","0","0","1","0","0","-1","-1","""TRUE""","""null""","""null""","-1","-1","-1","-1","-1","-1","""friends""","""""","0","""logical""","""target""","""target""","""null""","""null""","""null""","FALSE","TRUE","TRUE","""null""","""null""","""null""","""friend""","""friend""","""friend""","""null""","""null""","""null""","""glasses""","""hat""","""mustache""","""null""","""null""","""null""","""middle""","""right""","""left""","""null""","""null""","""null""","""mustache""","""glasses""","""hat""","""null""","""null""","""null""","""left""","""middle""","""right""","""null""","""null""","""null""","""2w1w0w"""
"What is he talking about? (1-2 mins)","Short and fun! A 1-2 minute word game about what someone is talking about.","experiment, psychology, game","$0.25 ","Thu Aug 07 16:07:29 PDT 2014","100","0","0","100","Reviewable","NotReviewed","1 scales","600","60000","Thu Aug 14 16:07:29 PDT 2014","S58403","Approved","","""boat""","""cabin""","0","""middle""","""left""","-1","0","0","1","0","0","-1","-1","""TRUE""","""null""","""null""","-1","-1","-1","-1","-1","-1","""Bob's descriptions of the sailboats he has rented.""","""""","0","""target""","""target""","""target""","""null""","""null""","""null""","TRUE","TRUE","TRUE","""null""","""null""","""null""","""boat""","""boat""","""boat""","""null""","""null""","""null""","""cabin""","""sail""","""motor""","""null""","""null""","""null""","""middle""","""left""","""right""","""null""","""null""","""null""","""sail""","""motor""","""cabin""","""null""","""null""","""null""","""left""","""right""","""middle""","""null""","""null""","""null""","""0w1w2w"""
"What is he talking about? (1-2 mins)","Short and fun! A 1-2 minute word game about what someone is talking about.","experiment, psychology, game","$0.25 ","Thu Aug 07 16:07:29 PDT 2014","100","0","0","100","Reviewable","NotReviewed","1 scales","600","60000","Thu Aug 14 16:07:29 PDT 2014","S90690","Approved","","""friend""","""hat""","0","""right""","""left""","-1","0","0","1","0","0","-1","-1","""TRUE""","""null""","""null""","-1","-1","-1","-1","-1","-1","""Bobs friends""","""""","0","""target""","""target""","""target""","""null""","""null""","""null""","TRUE","TRUE","TRUE","""null""","""null""","""null""","""friend""","""friend""","""friend""","""null""","""null""","""null""","""hat""","""mustache""","""glasses""","""null""","""null""","""null""","""right""","""left""","""middle""","""null""","""null""","""null""","""mustache""","""glasses""","""hat""","""null""","""null""","""null""","""left""","""middle""","""right""","""null""","""null""","""null""","""0w1w2w"""
"What is he talking about? (1-2 mins)","Short and fun! A 1-2 minute word game about what someone is talking about.","experiment, psychology, game","$0.25 ","Thu Aug 07 16:07:29 PDT 2014","100","0","0","100","Reviewable","NotReviewed","1 scales","600","60000","Thu Aug 14 16:07:29 PDT 2014","S70451","Approved","","""boat""","""motor""","0","""left""","""right""","-1","0","0","1","0","0","-1","-1","""TRUE""","""null""","""null""","-1","-1","-1","-1","-1","-1","""language""","""""","0","""foil""","""logical""","""target""","""null""","""null""","""null""","FALSE","FALSE","TRUE","""null""","""null""","""null""","""boat""","""boat""","""boat""","""null""","""null""","""null""","""motor""","""cabin""","""sail""","""null""","""null""","""null""","""left""","""right""","""middle""","""null""","""null""","""null""","""cabin""","""sail""","""motor""","""null""","""null""","""null""","""right""","""middle""","""left""","""null""","""null""","""null""","""0w1w2w"""
"What is he talking about? (1-2 mins)","Short and fun! A 1-2 minute word game about what someone is talking about.","experiment, psychology, game","$0.25 ","Thu Aug 07 16:07:29 PDT 2014","100","0","0","100","Reviewable","NotReviewed","1 scales","600","60000","Thu Aug 14 16:07:29 PDT 2014","S79151","Approved","","""snowman""","""scarf""","0","""left""","""middle""","-1","0","0","1","0","0","-1","-1","""TRUE""","""null""","""null""","-1","-1","-1","-1","-1","-1","""Word comprehension.""","""Nope!""","0","""target""","""logical""","""target""","""null""","""null""","""null""","TRUE","FALSE","TRUE","""null""","""null""","""null""","""snowman""","""snowman""","""snowman""","""null""","""null""","""null""","""scarf""","""hat""","""mittens""","""null""","""null""","""null""","""left""","""right""","""middle""","""null""","""null""","""null""","""mittens""","""scarf""","""hat""","""null""","""null""","""null""","""middle""","""left""","""right""","""null""","""null""","""null""","""2w1w0w"""
"What is he talking about? (1-2 mins)","Short and fun! A 1-2 minute word game about what someone is talking about.","experiment, psychology, game","$0.25 ","Thu Aug 07 16:07:29 PDT 2014","100","0","0","100","Reviewable","NotReviewed","1 scales","600","60000","Thu Aug 14 16:07:29 PDT 2014","S41425","Approved","","""boat""","""motor""","0","""left""","""right""","-1","0","0","1","0","0","-1","-1","""TRUE""","""null""","""null""","-1","-1","-1","-1","-1","-1","""if one can determine what another person is talking about by saying one word.""","""""","0","""target""","""target""","""target""","""null""","""null""","""null""","TRUE","TRUE","TRUE","""null""","""null""","""null""","""boat""","""boat""","""boat""","""null""","""null""","""null""","""motor""","""sail""","""cabin""","""null""","""null""","""null""","""left""","""right""","""middle""","""null""","""null""","""null""","""sail""","""cabin""","""motor""","""null""","""null""","""null""","""right""","""middle""","""left""","""null""","""null""","""null""","""0w1w2w"""
"What is he talking about? (1-2 mins)","Short and fun! A 1-2 minute word game about what someone is talking about.","experiment, psychology, game","$0.25 ","Thu Aug 07 16:07:29 PDT 2014","100","0","0","100","Reviewable","NotReviewed","1 scales","600","60000","Thu Aug 14 16:07:29 PDT 2014","S66062","Approved","","""snowman""","""scarf""","0","""left""","""middle""","-1","0","0","1","0","0","-1","-1","""TRUE""","""null""","""null""","-1","-1","-1","-1","-1","-1","""snowmen""","""""","0","""target""","""target""","""target""","""null""","""null""","""null""","TRUE","TRUE","TRUE","""null""","""null""","""null""","""snowman""","""snowman""","""snowman""","""null""","""null""","""null""","""scarf""","""mittens""","""hat""","""null""","""null""","""null""","""left""","""right""","""middle""","""null""","""null""","""null""","""hat""","""scarf""","""mittens""","""null""","""null""","""null""","""middle""","""left""","""right""","""null""","""null""","""null""","""2w1w0w"""
"What is he talking about? (1-2 mins)","Short and fun! A 1-2 minute word game about what someone is talking about.","experiment, psychology, game","$0.25 ","Thu Aug 07 16:07:29 PDT 2014","100","0","0","100","Reviewable","NotReviewed","1 scales","600","60000","Thu Aug 14 16:07:29 PDT 2014","S19175","Approved","","""pizza""","""mushrooms""","0","""right""","""middle""","-1","0","0","1","0","0","-1","-1","""TRUE""","""null""","""null""","-1","-1","-1","-1","-1","-1","""What we think bob is talking about.""","""""","0","""target""","""target""","""logical""","""null""","""null""","""null""","TRUE","TRUE","FALSE","""null""","""null""","""null""","""pizza""","""pizza""","""pizza""","""null""","""null""","""null""","""mushrooms""","""olives""","""peppers""","""null""","""null""","""null""","""right""","""middle""","""left""","""null""","""null""","""null""","""olives""","""peppers""","""mushrooms""","""null""","""null""","""null""","""middle""","""left""","""right""","""null""","""null""","""null""","""0w1w2w"""
"What is he talking about? (1-2 mins)","Short and fun! A 1-2 minute word game about what someone is talking about.","experiment, psychology, game","$0.25 ","Thu Aug 07 16:07:29 PDT 2014","100","0","0","100","Reviewable","NotReviewed","1 scales","600","60000","Thu Aug 14 16:07:29 PDT 2014","S25268","Approved","","""boat""","""sail""","0","""right""","""left""","-1","0","0","1","0","0","-1","-1","""TRUE""","""null""","""null""","-1","-1","-1","-1","-1","-1","""Determine the best option given one word.""","""N/A""","0","""logical""","""logical""","""target""","""null""","""null""","""null""","FALSE","FALSE","TRUE","""null""","""null""","""null""","""boat""","""boat""","""boat""","""null""","""null""","""null""","""sail""","""cabin""","""motor""","""null""","""null""","""null""","""right""","""middle""","""left""","""null""","""null""","""null""","""motor""","""sail""","""cabin""","""null""","""null""","""null""","""left""","""right""","""middle""","""null""","""null""","""null""","""2w1w0w"""
"What is he talking about? (1-2 mins)","Short and fun! A 1-2 minute word game about what someone is talking about.","experiment, psychology, game","$0.25 ","Thu Aug 07 16:07:29 PDT 2014","100","0","0","100","Reviewable","NotReviewed","1 scales","600","60000","Thu Aug 14 16:07:29 PDT 2014","S19520","Approved","","""pizza""","""olives""","0","""right""","""middle""","-1","0","0","1","0","0","-1","-1","""TRUE""","""null""","""null""","-1","-1","-1","-1","-1","-1","""Choosing the pizza based on one word that Bob can communicate""","""""","0","""target""","""target""","""target""","""null""","""null""","""null""","TRUE","TRUE","TRUE","""null""","""null""","""null""","""pizza""","""pizza""","""pizza""","""null""","""null""","""null""","""olives""","""mushrooms""","""peppers""","""null""","""null""","""null""","""right""","""middle""","""left""","""null""","""null""","""null""","""mushrooms""","""peppers""","""olives""","""null""","""null""","""null""","""middle""","""left""","""right""","""null""","""null""","""null""","""0w1w2w"""
"What is he talking about? (1-2 mins)","Short and fun! A 1-2 minute word game about what someone is talking about.","experiment, psychology, game","$0.25 ","Thu Aug 07 16:07:29 PDT 2014","100","0","0","100","Reviewable","NotReviewed","1 scales","600","60000","Thu Aug 14 16:07:29 PDT 2014","S89296","Approved","","""pizza""","""mushrooms""","0","""left""","""right""","-1","0","0","1","0","0","-1","-1","""TRUE""","""null""","""null""","-1","-1","-1","-1","-1","-1","""Determining which pizza Bob was talking about ""","""Nope ""","0","""target""","""target""","""target""","""null""","""null""","""null""","TRUE","TRUE","TRUE","""null""","""null""","""null""","""pizza""","""pizza""","""pizza""","""null""","""null""","""null""","""mushrooms""","""olives""","""peppers""","""null""","""null""","""null""","""left""","""right""","""middle""","""null""","""null""","""null""","""olives""","""peppers""","""mushrooms""","""null""","""null""","""null""","""right""","""middle""","""left""","""null""","""null""","""null""","""0w1w2w"""
"What is he talking about? (1-2 mins)","Short and fun! A 1-2 minute word game about what someone is talking about.","experiment, psychology, game","$0.25 ","Thu Aug 07 16:07:29 PDT 2014","100","0","0","100","Reviewable","NotReviewed","1 scales","600","60000","Thu Aug 14 16:07:29 PDT 2014","S08695","Approved","","""friend""","""mustache""","0","""middle""","""right""","-1","0","0","1","0","0","-1","-1","""TRUE""","""null""","""null""","-1","-1","-1","-1","-1","-1","""Don't really know ""","""""","0","""target""","""logical""","""target""","""null""","""null""","""null""","TRUE","FALSE","TRUE","""null""","""null""","""null""","""friend""","""friend""","""friend""","""null""","""null""","""null""","""mustache""","""hat""","""glasses""","""null""","""null""","""null""","""middle""","""right""","""left""","""null""","""null""","""null""","""hat""","""glasses""","""mustache""","""null""","""null""","""null""","""right""","""left""","""middle""","""null""","""null""","""null""","""0w1w2w"""
"What is he talking about? (1-2 mins)","Short and fun! A 1-2 minute word game about what someone is talking about.","experiment, psychology, game","$0.25 ","Thu Aug 07 16:07:29 PDT 2014","100","0","0","100","Reviewable","NotReviewed","1 scales","600","60000","Thu Aug 14 16:07:29 PDT 2014","S50184","Approved","","""sundae""","""whipped cream""","0","""middle""","""left""","-1","0","0","1","0","0","-1","-1","""TRUE""","""null""","""null""","-1","-1","-1","-1","-1","-1","""Bob's taste for ice cream""","""""","0","""target""","""target""","""target""","""null""","""null""","""null""","TRUE","TRUE","TRUE","""null""","""null""","""null""","""sundae""","""sundae""","""sundae""","""null""","""null""","""null""","""whipped cream""","""cherry""","""chocolate""","""null""","""null""","""null""","""middle""","""left""","""right""","""null""","""null""","""null""","""cherry""","""chocolate""","""whipped cream""","""null""","""null""","""null""","""left""","""right""","""middle""","""null""","""null""","""null""","""0w1w2w"""
"What is he talking about? (1-2 mins)","Short and fun! A 1-2 minute word game about what someone is talking about.","experiment, psychology, game","$0.25 ","Thu Aug 07 16:07:29 PDT 2014","100","0","0","100","Reviewable","NotReviewed","1 scales","600","60000","Thu Aug 14 16:07:29 PDT 2014","S16143","Approved","","""Christmas tree""","""ornaments""","0","""left""","""middle""","-1","0","0","1","0","0","-1","-1","""TRUE""","""null""","""null""","-1","-1","-1","-1","-1","-1","""Decorating Christmas Trees""","""""","0","""target""","""target""","""target""","""null""","""null""","""null""","TRUE","TRUE","TRUE","""null""","""null""","""null""","""Christmas tree""","""Christmas tree""","""Christmas tree""","""null""","""null""","""null""","""ornaments""","""star""","""lights""","""null""","""null""","""null""","""left""","""middle""","""right""","""null""","""null""","""null""","""star""","""lights""","""ornaments""","""null""","""null""","""null""","""middle""","""right""","""left""","""null""","""null""","""null""","""0w1w2w"""
"What is he talking about? (1-2 mins)","Short and fun! A 1-2 minute word game about what someone is talking about.","experiment, psychology, game","$0.25 ","Thu Aug 07 16:07:29 PDT 2014","100","0","0","100","Reviewable","NotReviewed","1 scales","600","60000","Thu Aug 14 16:07:29 PDT 2014","S43279","Approved","","""pizza""","""olives""","0","""left""","""middle""","-1","0","0","1","0","0","-1","-1","""FALSE""","""null""","""null""","-1","-1","-1","-1","-1","-1","""What people identify first""","""""","0","""target""","""target""","""target""","""null""","""null""","""null""","TRUE","TRUE","TRUE","""null""","""null""","""null""","""pizza""","""pizza""","""pizza""","""null""","""null""","""null""","""olives""","""mushrooms""","""peppers""","""null""","""null""","""null""","""left""","""middle""","""right""","""null""","""null""","""null""","""mushrooms""","""peppers""","""olives""","""null""","""null""","""null""","""middle""","""right""","""left""","""null""","""null""","""null""","""0w1w2w"""
"What is he talking about? (1-2 mins)","Short and fun! A 1-2 minute word game about what someone is talking about.","experiment, psychology, game","$0.25 ","Thu Aug 07 16:07:29 PDT 2014","100","0","0","100","Reviewable","NotReviewed","1 scales","600","60000","Thu Aug 14 16:07:29 PDT 2014","S55580","Approved","","""snowman""","""scarf""","0","""middle""","""right""","-1","0","0","1","0","0","-1","-1","""TRUE""","""null""","""null""","-1","-1","-1","-1","-1","-1","""language and snowmen""","""""","0","""target""","""target""","""target""","""null""","""null""","""null""","TRUE","TRUE","TRUE","""null""","""null""","""null""","""snowman""","""snowman""","""snowman""","""null""","""null""","""null""","""scarf""","""mittens""","""hat""","""null""","""null""","""null""","""middle""","""right""","""left""","""null""","""null""","""null""","""mittens""","""hat""","""scarf""","""null""","""null""","""null""","""right""","""left""","""middle""","""null""","""null""","""null""","""0w1w2w"""
"What is he talking about? (1-2 mins)","Short and fun! A 1-2 minute word game about what someone is talking about.","experiment, psychology, game","$0.25 ","Thu Aug 07 16:07:29 PDT 2014","100","0","0","100","Reviewable","NotReviewed","1 scales","600","60000","Thu Aug 14 16:07:29 PDT 2014","S81018","Approved","","""Christmas tree""","""star""","0","""left""","""right""","-1","0","0","1","0","0","-1","-1","""TRUE""","""null""","""null""","-1","-1","-1","-1","-1","-1","""Bob Trimming Christmas Trees""","""A Fun Survey :)""","0","""logical""","""logical""","""target""","""null""","""null""","""null""","FALSE","FALSE","TRUE","""null""","""null""","""null""","""Christmas tree""","""Christmas tree""","""Christmas tree""","""null""","""null""","""null""","""star""","""ornaments""","""lights""","""null""","""null""","""null""","""left""","""middle""","""right""","""null""","""null""","""null""","""lights""","""star""","""ornaments""","""null""","""null""","""null""","""right""","""left""","""middle""","""null""","""null""","""null""","""2w1w0w"""
"What is he talking about? (1-2 mins)","Short and fun! A 1-2 minute word game about what someone is talking about.","experiment, psychology, game","$0.25 ","Thu Aug 07 16:07:29 PDT 2014","100","0","0","100","Reviewable","NotReviewed","1 scales","600","60000","Thu Aug 14 16:07:29 PDT 2014","S90602","Approved","","""boat""","""motor""","0","""left""","""right""","-1","0","0","1","0","0","-1","-1","""TRUE""","""null""","""null""","-1","-1","-1","-1","-1","-1","""What was Bob referring to using only one wordd.""","""None""","0","""target""","""logical""","""target""","""null""","""null""","""null""","TRUE","FALSE","TRUE","""null""","""null""","""null""","""boat""","""boat""","""boat""","""null""","""null""","""null""","""motor""","""sail""","""cabin""","""null""","""null""","""null""","""left""","""right""","""middle""","""null""","""null""","""null""","""sail""","""cabin""","""motor""","""null""","""null""","""null""","""right""","""middle""","""left""","""null""","""null""","""null""","""0w1w2w"""
"What is he talking about? (1-2 mins)","Short and fun! A 1-2 minute word game about what someone is talking about.","experiment, psychology, game","$0.25 ","Thu Aug 07 16:07:29 PDT 2014","100","0","0","100","Reviewable","NotReviewed","1 scales","600","60000","Thu Aug 14 16:07:29 PDT 2014","S72784","Approved","","""sundae""","""whipped cream""","0","""middle""","""right""","-1","0","0","1","0","0","-1","-1","""TRUE""","""null""","""null""","-1","-1","-1","-1","-1","-1","""What kind of sundae bob wanted""","""no""","0","""target""","""logical""","""target""","""null""","""null""","""null""","TRUE","FALSE","TRUE","""null""","""null""","""null""","""sundae""","""sundae""","""sundae""","""null""","""null""","""null""","""whipped cream""","""cherry""","""chocolate""","""null""","""null""","""null""","""middle""","""right""","""left""","""null""","""null""","""null""","""cherry""","""chocolate""","""whipped cream""","""null""","""null""","""null""","""right""","""left""","""middle""","""null""","""null""","""null""","""0w1w2w"""
"What is he talking about? (1-2 mins)","Short and fun! A 1-2 minute word game about what someone is talking about.","experiment, psychology, game","$0.25 ","Thu Aug 07 16:07:29 PDT 2014","100","0","0","100","Reviewable","NotReviewed","1 scales","600","60000","Thu Aug 14 16:07:29 PDT 2014","S85099","Approved","","""Christmas tree""","""star""","0","""right""","""left""","-1","0","0","1","0","0","-1","-1","""TRUE""","""null""","""null""","-1","-1","-1","-1","-1","-1","""trees""","""""","0","""target""","""target""","""target""","""null""","""null""","""null""","TRUE","TRUE","TRUE","""null""","""null""","""null""","""Christmas tree""","""Christmas tree""","""Christmas tree""","""null""","""null""","""null""","""star""","""ornaments""","""lights""","""null""","""null""","""null""","""right""","""middle""","""left""","""null""","""null""","""null""","""lights""","""star""","""ornaments""","""null""","""null""","""null""","""left""","""right""","""middle""","""null""","""null""","""null""","""2w1w0w"""
"What is he talking about? (1-2 mins)","Short and fun! A 1-2 minute word game about what someone is talking about.","experiment, psychology, game","$0.25 ","Thu Aug 07 16:07:29 PDT 2014","100","0","0","100","Reviewable","NotReviewed","1 scales","600","60000","Thu Aug 14 16:07:29 PDT 2014","S40153","Approved","","""friend""","""glasses""","0","""right""","""middle""","-1","0","0","1","0","0","-1","-1","""TRUE""","""null""","""null""","-1","-1","-1","-1","-1","-1","""describing people""","""no""","0","""target""","""target""","""target""","""null""","""null""","""null""","TRUE","TRUE","TRUE","""null""","""null""","""null""","""friend""","""friend""","""friend""","""null""","""null""","""null""","""glasses""","""mustache""","""hat""","""null""","""null""","""null""","""right""","""middle""","""left""","""null""","""null""","""null""","""mustache""","""hat""","""glasses""","""null""","""null""","""null""","""middle""","""left""","""right""","""null""","""null""","""null""","""0w1w2w"""
"What is he talking about? (1-2 mins)","Short and fun! A 1-2 minute word game about what someone is talking about.","experiment, psychology, game","$0.25 ","Thu Aug 07 16:07:29 PDT 2014","100","0","0","100","Reviewable","NotReviewed","1 scales","600","60000","Thu Aug 14 16:07:29 PDT 2014","S15673","Approved","","""Christmas tree""","""star""","0","""left""","""middle""","-1","0","0","1","0","0","-1","-1","""TRUE""","""null""","""null""","-1","-1","-1","-1","-1","-1","""Finding the tree bob was talking about.""","""Interesting survey.""","0","""logical""","""logical""","""target""","""null""","""null""","""null""","FALSE","FALSE","TRUE","""null""","""null""","""null""","""Christmas tree""","""Christmas tree""","""Christmas tree""","""null""","""null""","""null""","""star""","""ornaments""","""lights""","""null""","""null""","""null""","""left""","""right""","""middle""","""null""","""null""","""null""","""lights""","""star""","""ornaments""","""null""","""null""","""null""","""middle""","""left""","""right""","""null""","""null""","""null""","""2w1w0w"""
"What is he talking about? (1-2 mins)","Short and fun! A 1-2 minute word game about what someone is talking about.","experiment, psychology, game","$0.25 ","Thu Aug 07 16:07:29 PDT 2014","100","0","0","100","Reviewable","NotReviewed","1 scales","600","60000","Thu Aug 14 16:07:29 PDT 2014","S74120","Approved","","""sundae""","""whipped cream""","0","""left""","""middle""","-1","0","0","1","0","0","-1","-1","""TRUE""","""null""","""null""","-1","-1","-1","-1","-1","-1","""What sundaes he liked""","""No""","0","""logical""","""target""","""target""","""null""","""null""","""null""","FALSE","TRUE","TRUE","""null""","""null""","""null""","""sundae""","""sundae""","""sundae""","""null""","""null""","""null""","""whipped cream""","""chocolate""","""cherry""","""null""","""null""","""null""","""left""","""right""","""middle""","""null""","""null""","""null""","""cherry""","""whipped cream""","""chocolate""","""null""","""null""","""null""","""middle""","""left""","""right""","""null""","""null""","""null""","""2w1w0w"""
"What is he talking about? (1-2 mins)","Short and fun! A 1-2 minute word game about what someone is talking about.","experiment, psychology, game","$0.25 ","Thu Aug 07 16:07:29 PDT 2014","100","0","0","100","Reviewable","NotReviewed","1 scales","600","60000","Thu Aug 14 16:07:29 PDT 2014","S96033","Approved","","""friend""","""mustache""","0","""right""","""middle""","-1","0","0","1","0","0","-1","-1","""TRUE""","""null""","""null""","-1","-1","-1","-1","-1","-1","""Communication. ""","""""","0","""target""","""target""","""target""","""null""","""null""","""null""","TRUE","TRUE","TRUE","""null""","""null""","""null""","""friend""","""friend""","""friend""","""null""","""null""","""null""","""mustache""","""glasses""","""hat""","""null""","""null""","""null""","""right""","""left""","""middle""","""null""","""null""","""null""","""hat""","""mustache""","""glasses""","""null""","""null""","""null""","""middle""","""right""","""left""","""null""","""null""","""null""","""2w1w0w"""
"What is he talking about? (1-2 mins)","Short and fun! A 1-2 minute word game about what someone is talking about.","experiment, psychology, game","$0.25 ","Thu Aug 07 16:07:29 PDT 2014","100","0","0","100","Reviewable","NotReviewed","1 scales","600","60000","Thu Aug 14 16:07:29 PDT 2014","S43289","Approved","","""boat""","""motor""","0","""right""","""middle""","-1","0","0","1","0","0","-1","-1","""TRUE""","""null""","""null""","-1","-1","-1","-1","-1","-1","""choosing the image that represents the word""","""Quick!""","0","""target""","""target""","""target""","""null""","""null""","""null""","TRUE","TRUE","TRUE","""null""","""null""","""null""","""boat""","""boat""","""boat""","""null""","""null""","""null""","""motor""","""cabin""","""sail""","""null""","""null""","""null""","""right""","""left""","""middle""","""null""","""null""","""null""","""sail""","""motor""","""cabin""","""null""","""null""","""null""","""middle""","""right""","""left""","""null""","""null""","""null""","""2w1w0w"""
"What is he talking about? (1-2 mins)","Short and fun! A 1-2 minute word game about what someone is talking about.","experiment, psychology, game","$0.25 ","Thu Aug 07 16:07:29 PDT 2014","100","0","0","100","Reviewable","NotReviewed","1 scales","600","60000","Thu Aug 14 16:07:29 PDT 2014","S98328","Approved","","""snowman""","""scarf""","0","""middle""","""right""","-1","0","0","1","0","0","-1","-1","""TRUE""","""null""","""null""","-1","-1","-1","-1","-1","-1","""snowmen""","""""","0","""target""","""logical""","""target""","""null""","""null""","""null""","TRUE","FALSE","TRUE","""null""","""null""","""null""","""snowman""","""snowman""","""snowman""","""null""","""null""","""null""","""scarf""","""mittens""","""hat""","""null""","""null""","""null""","""middle""","""left""","""right""","""null""","""null""","""null""","""hat""","""scarf""","""mittens""","""null""","""null""","""null""","""right""","""middle""","""left""","""null""","""null""","""null""","""2w1w0w"""
"What is he talking about? (1-2 mins)","Short and fun! A 1-2 minute word game about what someone is talking about.","experiment, psychology, game","$0.25 ","Thu Aug 07 16:07:29 PDT 2014","100","0","0","100","Reviewable","NotReviewed","1 scales","600","60000","Thu Aug 14 16:07:29 PDT 2014","S57186","Approved","","""sundae""","""cherry""","0","""middle""","""right""","-1","0","0","1","0","0","-1","-1","""TRUE""","""null""","""null""","-1","-1","-1","-1","-1","-1","""Sundaes""","""no""","0","""target""","""target""","""target""","""null""","""null""","""null""","TRUE","TRUE","TRUE","""null""","""null""","""null""","""sundae""","""sundae""","""sundae""","""null""","""null""","""null""","""cherry""","""whipped cream""","""chocolate""","""null""","""null""","""null""","""middle""","""left""","""right""","""null""","""null""","""null""","""chocolate""","""cherry""","""whipped cream""","""null""","""null""","""null""","""right""","""middle""","""left""","""null""","""null""","""null""","""2w1w0w"""
"What is he talking about? (1-2 mins)","Short and fun! A 1-2 minute word game about what someone is talking about.","experiment, psychology, game","$0.25 ","Thu Aug 07 16:07:29 PDT 2014","100","0","0","100","Reviewable","NotReviewed","1 scales","600","60000","Thu Aug 14 16:07:29 PDT 2014","S52299","Approved","","""snowman""","""mittens""","0","""middle""","""left""","-1","0","0","1","0","0","-1","-1","""FALSE""","""null""","""null""","-1","-1","-1","-1","-1","-1","""Understanding what he was talking about""","""none""","0","""target""","""target""","""target""","""null""","""null""","""null""","TRUE","TRUE","TRUE","""null""","""null""","""null""","""snowman""","""snowman""","""snowman""","""null""","""null""","""null""","""mittens""","""scarf""","""hat""","""null""","""null""","""null""","""middle""","""left""","""right""","""null""","""null""","""null""","""scarf""","""hat""","""mittens""","""null""","""null""","""null""","""left""","""right""","""middle""","""null""","""null""","""null""","""0w1w2w"""
"What is he talking about? (1-2 mins)","Short and fun! A 1-2 minute word game about what someone is talking about.","experiment, psychology, game","$0.25 ","Thu Aug 07 16:07:29 PDT 2014","100","0","0","100","Reviewable","NotReviewed","1 scales","600","60000","Thu Aug 14 16:07:29 PDT 2014","S83611","Approved","","""pizza""","""peppers""","0","""middle""","""right""","-1","0","0","1","0","0","-1","-1","""TRUE""","""null""","""null""","-1","-1","-1","-1","-1","-1","""Being given information and deducing the person's decision?""","""""","0","""target""","""target""","""target""","""null""","""null""","""null""","TRUE","TRUE","TRUE","""null""","""null""","""null""","""pizza""","""pizza""","""pizza""","""null""","""null""","""null""","""peppers""","""mushrooms""","""olives""","""null""","""null""","""null""","""middle""","""right""","""left""","""null""","""null""","""null""","""mushrooms""","""olives""","""peppers""","""null""","""null""","""null""","""right""","""left""","""middle""","""null""","""null""","""null""","""0w1w2w"""
"What is he talking about? (1-2 mins)","Short and fun! A 1-2 minute word game about what someone is talking about.","experiment, psychology, game","$0.25 ","Thu Aug 07 16:07:29 PDT 2014","100","0","0","100","Reviewable","NotReviewed","1 scales","600","60000","Thu Aug 14 16:07:29 PDT 2014","S42238","Approved","","""Christmas tree""","""ornaments""","0","""left""","""middle""","-1","0","0","1","0","0","-1","-1","""TRUE""","""null""","""null""","-1","-1","-1","-1","-1","-1","""About Bob and Christmass trees""","""""","0","""target""","""target""","""target""","""null""","""null""","""null""","TRUE","TRUE","TRUE","""null""","""null""","""null""","""Christmas tree""","""Christmas tree""","""Christmas tree""","""null""","""null""","""null""","""ornaments""","""lights""","""star""","""null""","""null""","""null""","""left""","""right""","""middle""","""null""","""null""","""null""","""star""","""ornaments""","""lights""","""null""","""null""","""null""","""middle""","""left""","""right""","""null""","""null""","""null""","""2w1w0w"""
"What is he talking about? (1-2 mins)","Short and fun! A 1-2 minute word game about what someone is talking about.","experiment, psychology, game","$0.25 ","Thu Aug 07 16:07:29 PDT 2014","100","0","0","100","Reviewable","NotReviewed","1 scales","600","60000","Thu Aug 14 16:07:29 PDT 2014","S99321","Approved","","""pizza""","""mushrooms""","0","""middle""","""left""","-1","0","0","1","0","0","-1","-1","""TRUE""","""null""","""null""","-1","-1","-1","-1","-1","-1","""pizza""","""""","0","""target""","""target""","""target""","""null""","""null""","""null""","TRUE","TRUE","TRUE","""null""","""null""","""null""","""pizza""","""pizza""","""pizza""","""null""","""null""","""null""","""mushrooms""","""olives""","""peppers""","""null""","""null""","""null""","""middle""","""right""","""left""","""null""","""null""","""null""","""peppers""","""mushrooms""","""olives""","""null""","""null""","""null""","""left""","""middle""","""right""","""null""","""null""","""null""","""2w1w0w"""
"What is he talking about? (1-2 mins)","Short and fun! A 1-2 minute word game about what someone is talking about.","experiment, psychology, game","$0.25 ","Thu Aug 07 16:07:29 PDT 2014","100","0","0","100","Reviewable","NotReviewed","1 scales","600","60000","Thu Aug 14 16:07:29 PDT 2014","S31379","Approved","","""pizza""","""mushrooms""","0","""left""","""right""","-1","0","0","1","0","0","-1","-1","""TRUE""","""null""","""null""","-1","-1","-1","-1","-1","-1","""Choices""","""""","0","""logical""","""target""","""target""","""null""","""null""","""null""","FALSE","TRUE","TRUE","""null""","""null""","""null""","""pizza""","""pizza""","""pizza""","""null""","""null""","""null""","""mushrooms""","""peppers""","""olives""","""null""","""null""","""null""","""left""","""middle""","""right""","""null""","""null""","""null""","""olives""","""mushrooms""","""peppers""","""null""","""null""","""null""","""right""","""left""","""middle""","""null""","""null""","""null""","""2w1w0w"""
"What is he talking about? (1-2 mins)","Short and fun! A 1-2 minute word game about what someone is talking about.","experiment, psychology, game","$0.25 ","Thu Aug 07 16:07:29 PDT 2014","100","0","0","100","Reviewable","NotReviewed","1 scales","600","60000","Thu Aug 14 16:07:29 PDT 2014","S15082","Approved","","""Christmas tree""","""ornaments""","0","""right""","""middle""","-1","0","0","1","0","0","-1","-1","""TRUE""","""null""","""null""","-1","-1","-1","-1","-1","-1","""trees""","""""","0","""logical""","""target""","""target""","""null""","""null""","""null""","FALSE","TRUE","TRUE","""null""","""null""","""null""","""Christmas tree""","""Christmas tree""","""Christmas tree""","""null""","""null""","""null""","""ornaments""","""star""","""lights""","""null""","""null""","""null""","""right""","""left""","""middle""","""null""","""null""","""null""","""lights""","""ornaments""","""star""","""null""","""null""","""null""","""middle""","""right""","""left""","""null""","""null""","""null""","""2w1w0w"""
"What is he talking about? (1-2 mins)","Short and fun! A 1-2 minute word game about what someone is talking about.","experiment, psychology, game","$0.25 ","Thu Aug 07 16:07:29 PDT 2014","100","0","0","100","Reviewable","NotReviewed","1 scales","600","60000","Thu Aug 14 16:07:29 PDT 2014","S70491","Approved","","""pizza""","""peppers""","0","""right""","""middle""","-1","0","0","1","0","0","-1","-1","""TRUE""","""null""","""null""","-1","-1","-1","-1","-1","-1","""pizzas""","""""","0","""target""","""target""","""target""","""null""","""null""","""null""","TRUE","TRUE","TRUE","""null""","""null""","""null""","""pizza""","""pizza""","""pizza""","""null""","""null""","""null""","""peppers""","""olives""","""mushrooms""","""null""","""null""","""null""","""right""","""middle""","""left""","""null""","""null""","""null""","""olives""","""mushrooms""","""peppers""","""null""","""null""","""null""","""middle""","""left""","""right""","""null""","""null""","""null""","""0w1w2w"""
"What is he talking about? (1-2 mins)","Short and fun! A 1-2 minute word game about what someone is talking about.","experiment, psychology, game","$0.25 ","Thu Aug 07 16:07:29 PDT 2014","100","0","0","100","Reviewable","NotReviewed","1 scales","600","60000","Thu Aug 14 16:07:29 PDT 2014","S85330","Approved","","""boat""","""motor""","0","""right""","""left""","-1","0","0","1","0","0","-1","-1","""TRUE""","""null""","""null""","-1","-1","-1","-1","-1","-1","""boats""","""no""","0","""target""","""logical""","""logical""","""null""","""null""","""null""","TRUE","FALSE","FALSE","""null""","""null""","""null""","""boat""","""boat""","""boat""","""null""","""null""","""null""","""motor""","""sail""","""cabin""","""null""","""null""","""null""","""right""","""left""","""middle""","""null""","""null""","""null""","""sail""","""cabin""","""motor""","""null""","""null""","""null""","""left""","""middle""","""right""","""null""","""null""","""null""","""0w1w2w"""
"What is he talking about? (1-2 mins)","Short and fun! A 1-2 minute word game about what someone is talking about.","experiment, psychology, game","$0.25 ","Thu Aug 07 16:07:29 PDT 2014","100","0","0","100","Reviewable","NotReviewed","1 scales","600","60000","Thu Aug 14 16:07:29 PDT 2014","S11518","Approved","","""pizza""","""olives""","0","""left""","""middle""","-1","0","0","1","0","0","-1","-1","""TRUE""","""null""","""null""","-1","-1","-1","-1","-1","-1","""communication while only using one word""","""nope!""","0","""target""","""logical""","""foil""","""null""","""null""","""null""","TRUE","FALSE","FALSE","""null""","""null""","""null""","""pizza""","""pizza""","""pizza""","""null""","""null""","""null""","""olives""","""peppers""","""mushrooms""","""null""","""null""","""null""","""left""","""middle""","""right""","""null""","""null""","""null""","""peppers""","""mushrooms""","""olives""","""null""","""null""","""null""","""middle""","""right""","""left""","""null""","""null""","""null""","""0w1w2w"""
"What is he talking about? (1-2 mins)","Short and fun! A 1-2 minute word game about what someone is talking about.","experiment, psychology, game","$0.25 ","Thu Aug 07 16:07:29 PDT 2014","100","0","0","100","Reviewable","NotReviewed","1 scales","600","60000","Thu Aug 14 16:07:29 PDT 2014","S60697","Approved","","""boat""","""motor""","0","""right""","""left""","-1","0","0","1","0","0","-1","-1","""TRUE""","""null""","""null""","-1","-1","-1","-1","-1","-1","""Finding out what boat bob was talking about.""","""""","0","""target""","""target""","""target""","""null""","""null""","""null""","TRUE","TRUE","TRUE","""null""","""null""","""null""","""boat""","""boat""","""boat""","""null""","""null""","""null""","""motor""","""sail""","""cabin""","""null""","""null""","""null""","""right""","""left""","""middle""","""null""","""null""","""null""","""sail""","""cabin""","""motor""","""null""","""null""","""null""","""left""","""middle""","""right""","""null""","""null""","""null""","""0w1w2w"""
"What is he talking about? (1-2 mins)","Short and fun! A 1-2 minute word game about what someone is talking about.","experiment, psychology, game","$0.25 ","Thu Aug 07 16:07:29 PDT 2014","100","0","0","100","Reviewable","NotReviewed","1 scales","600","60000","Thu Aug 14 16:07:29 PDT 2014","S20811","Approved","","""boat""","""cabin""","0","""right""","""middle""","-1","0","0","1","0","0","-1","-1","""TRUE""","""null""","""null""","-1","-1","-1","-1","-1","-1","""Boats""","""No""","0","""target""","""logical""","""target""","""null""","""null""","""null""","TRUE","FALSE","TRUE","""null""","""null""","""null""","""boat""","""boat""","""boat""","""null""","""null""","""null""","""cabin""","""sail""","""motor""","""null""","""null""","""null""","""right""","""left""","""middle""","""null""","""null""","""null""","""motor""","""cabin""","""sail""","""null""","""null""","""null""","""middle""","""right""","""left""","""null""","""null""","""null""","""2w1w0w"""
"What is he talking about? (1-2 mins)","Short and fun! A 1-2 minute word game about what someone is talking about.","experiment, psychology, game","$0.25 ","Thu Aug 07 16:07:29 PDT 2014","100","0","0","100","Reviewable","NotReviewed","1 scales","600","60000","Thu Aug 14 16:07:29 PDT 2014","S67652","Approved","","""friend""","""glasses""","0","""left""","""right""","-1","0","0","1","0","0","-1","-1","""TRUE""","""null""","""null""","-1","-1","-1","-1","-1","-1","""Choosing a friend that you think bob is talking about based on a description.""","""Thanks!""","0","""target""","""logical""","""target""","""null""","""null""","""null""","TRUE","FALSE","TRUE","""null""","""null""","""null""","""friend""","""friend""","""friend""","""null""","""null""","""null""","""glasses""","""hat""","""mustache""","""null""","""null""","""null""","""left""","""middle""","""right""","""null""","""null""","""null""","""mustache""","""glasses""","""hat""","""null""","""null""","""null""","""right""","""left""","""middle""","""null""","""null""","""null""","""2w1w0w"""
"What is he talking about? (1-2 mins)","Short and fun! A 1-2 minute word game about what someone is talking about.","experiment, psychology, game","$0.25 ","Thu Aug 07 16:07:29 PDT 2014","100","0","0","100","Reviewable","NotReviewed","1 scales","600","60000","Thu Aug 14 16:07:29 PDT 2014","S17842","Approved","","""boat""","""cabin""","0","""left""","""right""","-1","0","0","1","0","0","-1","-1","""TRUE""","""null""","""null""","-1","-1","-1","-1","-1","-1","""boats""","""""","0","""logical""","""target""","""logical""","""null""","""null""","""null""","FALSE","TRUE","FALSE","""null""","""null""","""null""","""boat""","""boat""","""boat""","""null""","""null""","""null""","""cabin""","""sail""","""motor""","""null""","""null""","""null""","""left""","""right""","""middle""","""null""","""null""","""null""","""sail""","""motor""","""cabin""","""null""","""null""","""null""","""right""","""middle""","""left""","""null""","""null""","""null""","""0w1w2w"""
"What is he talking about? (1-2 mins)","Short and fun! A 1-2 minute word game about what someone is talking about.","experiment, psychology, game","$0.25 ","Thu Aug 07 16:07:29 PDT 2014","100","0","0","100","Reviewable","NotReviewed","1 scales","600","60000","Thu Aug 14 16:07:29 PDT 2014","S15495","Approved","","""Christmas tree""","""star""","0","""right""","""middle""","-1","0","0","1","0","0","-1","-1","""TRUE""","""null""","""null""","-1","-1","-1","-1","-1","-1","""trees""","""You high bro?""","0","""logical""","""logical""","""target""","""null""","""null""","""null""","FALSE","FALSE","TRUE","""null""","""null""","""null""","""Christmas tree""","""Christmas tree""","""Christmas tree""","""null""","""null""","""null""","""star""","""ornaments""","""lights""","""null""","""null""","""null""","""right""","""left""","""middle""","""null""","""null""","""null""","""lights""","""star""","""ornaments""","""null""","""null""","""null""","""middle""","""right""","""left""","""null""","""null""","""null""","""2w1w0w"""
"What is he talking about? (1-2 mins)","Short and fun! A 1-2 minute word game about what someone is talking about.","experiment, psychology, game","$0.25 ","Thu Aug 07 16:07:29 PDT 2014","100","0","0","100","Reviewable","NotReviewed","1 scales","600","60000","Thu Aug 14 16:07:29 PDT 2014","S95415","Approved","","""friend""","""mustache""","0","""right""","""middle""","-1","0","0","1","0","0","-1","-1","""TRUE""","""null""","""null""","-1","-1","-1","-1","-1","-1","""Language""","""""","0","""logical""","""foil""","""target""","""null""","""null""","""null""","FALSE","FALSE","TRUE","""null""","""null""","""null""","""friend""","""friend""","""friend""","""null""","""null""","""null""","""mustache""","""glasses""","""hat""","""null""","""null""","""null""","""right""","""left""","""middle""","""null""","""null""","""null""","""hat""","""mustache""","""glasses""","""null""","""null""","""null""","""middle""","""right""","""left""","""null""","""null""","""null""","""2w1w0w"""
"What is he talking about? (1-2 mins)","Short and fun! A 1-2 minute word game about what someone is talking about.","experiment, psychology, game","$0.25 ","Thu Aug 07 16:07:29 PDT 2014","100","0","0","100","Reviewable","NotReviewed","1 scales","600","60000","Thu Aug 14 16:07:29 PDT 2014","S74776","Approved","","""friend""","""mustache""","0","""left""","""middle""","-1","0","0","1","0","0","-1","-1","""TRUE""","""null""","""null""","-1","-1","-1","-1","-1","-1","""Seeing what identifying word refers to when describing someone""","""""","0","""logical""","""target""","""target""","""null""","""null""","""null""","FALSE","TRUE","TRUE","""null""","""null""","""null""","""friend""","""friend""","""friend""","""null""","""null""","""null""","""mustache""","""glasses""","""hat""","""null""","""null""","""null""","""left""","""right""","""middle""","""null""","""null""","""null""","""hat""","""mustache""","""glasses""","""null""","""null""","""null""","""middle""","""left""","""right""","""null""","""null""","""null""","""2w1w0w"""
"What is he talking about? (1-2 mins)","Short and fun! A 1-2 minute word game about what someone is talking about.","experiment, psychology, game","$0.25 ","Thu Aug 07 16:07:29 PDT 2014","100","0","0","100","Reviewable","NotReviewed","1 scales","600","60000","Thu Aug 14 16:07:29 PDT 2014","S54420","Approved","","""boat""","""motor""","0","""right""","""left""","-1","0","0","1","0","0","-1","-1","""TRUE""","""null""","""null""","-1","-1","-1","-1","-1","-1","""Deciding which boat Bob is referring to""","""I enjoyed this task.""","0","""target""","""target""","""logical""","""null""","""null""","""null""","TRUE","TRUE","FALSE","""null""","""null""","""null""","""boat""","""boat""","""boat""","""null""","""null""","""null""","""motor""","""sail""","""cabin""","""null""","""null""","""null""","""right""","""left""","""middle""","""null""","""null""","""null""","""sail""","""cabin""","""motor""","""null""","""null""","""null""","""left""","""middle""","""right""","""null""","""null""","""null""","""0w1w2w"""
"What is he talking about? (1-2 mins)","Short and fun! A 1-2 minute word game about what someone is talking about.","experiment, psychology, game","$0.25 ","Thu Aug 07 16:07:29 PDT 2014","100","0","0","100","Reviewable","NotReviewed","1 scales","600","60000","Thu Aug 14 16:07:29 PDT 2014","S46804","Approved","","""snowman""","""hat""","0","""right""","""middle""","-1","0","0","1","0","0","-1","-1","""TRUE""","""null""","""null""","-1","-1","-1","-1","-1","-1","""Visual communication""","""Nope!""","0","""logical""","""target""","""target""","""null""","""null""","""null""","FALSE","TRUE","TRUE","""null""","""null""","""null""","""snowman""","""snowman""","""snowman""","""null""","""null""","""null""","""hat""","""scarf""","""mittens""","""null""","""null""","""null""","""right""","""left""","""middle""","""null""","""null""","""null""","""mittens""","""hat""","""scarf""","""null""","""null""","""null""","""middle""","""right""","""left""","""null""","""null""","""null""","""2w1w0w"""
"What is he talking about? (1-2 mins)","Short and fun! A 1-2 minute word game about what someone is talking about.","experiment, psychology, game","$0.25 ","Thu Aug 07 16:07:29 PDT 2014","100","0","0","100","Reviewable","NotReviewed","1 scales","600","60000","Thu Aug 14 16:07:29 PDT 2014","S66972","Approved","","""snowman""","""hat""","0","""left""","""right""","-1","0","0","1","0","0","-1","-1","""TRUE""","""null""","""null""","-1","-1","-1","-1","-1","-1","""figuring out what bob is talking about""","""thx""","0","""target""","""target""","""target""","""null""","""null""","""null""","TRUE","TRUE","TRUE","""null""","""null""","""null""","""snowman""","""snowman""","""snowman""","""null""","""null""","""null""","""hat""","""mittens""","""scarf""","""null""","""null""","""null""","""left""","""middle""","""right""","""null""","""null""","""null""","""scarf""","""hat""","""mittens""","""null""","""null""","""null""","""right""","""left""","""middle""","""null""","""null""","""null""","""2w1w0w"""
"What is he talking about? (1-2 mins)","Short and fun! A 1-2 minute word game about what someone is talking about.","experiment, psychology, game","$0.25 ","Thu Aug 07 16:07:29 PDT 2014","100","0","0","100","Reviewable","NotReviewed","1 scales","600","60000","Thu Aug 14 16:07:29 PDT 2014","S40233","Approved","","""Christmas tree""","""star""","0","""right""","""middle""","-1","0","0","1","0","0","-1","-1","""TRUE""","""null""","""null""","-1","-1","-1","-1","-1","-1","""Bob talking about Christmas trees""","""""","0","""target""","""logical""","""target""","""null""","""null""","""null""","TRUE","FALSE","TRUE","""null""","""null""","""null""","""Christmas tree""","""Christmas tree""","""Christmas tree""","""null""","""null""","""null""","""star""","""ornaments""","""lights""","""null""","""null""","""null""","""right""","""left""","""middle""","""null""","""null""","""null""","""lights""","""star""","""ornaments""","""null""","""null""","""null""","""middle""","""right""","""left""","""null""","""null""","""null""","""2w1w0w"""
"What is he talking about? (1-2 mins)","Short and fun! A 1-2 minute word game about what someone is talking about.","experiment, psychology, game","$0.25 ","Thu Aug 07 16:07:29 PDT 2014","100","0","0","100","Reviewable","NotReviewed","1 scales","600","60000","Thu Aug 14 16:07:29 PDT 2014","S59414","Approved","","""Christmas tree""","""star""","0","""right""","""middle""","-1","0","0","1","0","0","-1","-1","""TRUE""","""null""","""null""","-1","-1","-1","-1","-1","-1","""I don't know""","""""","0","""target""","""target""","""target""","""null""","""null""","""null""","TRUE","TRUE","TRUE","""null""","""null""","""null""","""Christmas tree""","""Christmas tree""","""Christmas tree""","""null""","""null""","""null""","""star""","""lights""","""ornaments""","""null""","""null""","""null""","""right""","""middle""","""left""","""null""","""null""","""null""","""lights""","""ornaments""","""star""","""null""","""null""","""null""","""middle""","""left""","""right""","""null""","""null""","""null""","""0w1w2w"""
"What is he talking about? (1-2 mins)","Short and fun! A 1-2 minute word game about what someone is talking about.","experiment, psychology, game","$0.25 ","Thu Aug 07 16:07:29 PDT 2014","100","0","0","100","Reviewable","NotReviewed","1 scales","600","60000","Thu Aug 14 16:07:29 PDT 2014","S70503","Approved","","""pizza""","""peppers""","0","""middle""","""right""","-1","0","0","1","0","0","-1","-1","""TRUE""","""null""","""null""","-1","-1","-1","-1","-1","-1","""not sure""","""""","0","""target""","""target""","""target""","""null""","""null""","""null""","TRUE","TRUE","TRUE","""null""","""null""","""null""","""pizza""","""pizza""","""pizza""","""null""","""null""","""null""","""peppers""","""mushrooms""","""olives""","""null""","""null""","""null""","""middle""","""left""","""right""","""null""","""null""","""null""","""olives""","""peppers""","""mushrooms""","""null""","""null""","""null""","""right""","""middle""","""left""","""null""","""null""","""null""","""2w1w0w"""
"What is he talking about? (1-2 mins)","Short and fun! A 1-2 minute word game about what someone is talking about.","experiment, psychology, game","$0.25 ","Thu Aug 07 16:07:29 PDT 2014","100","0","0","100","Reviewable","NotReviewed","1 scales","600","60000","Thu Aug 14 16:07:29 PDT 2014","S45183","Approved","","""boat""","""cabin""","0","""middle""","""left""","-1","0","0","1","0","0","-1","-1","""TRUE""","""null""","""null""","-1","-1","-1","-1","-1","-1","""communication with limited information""","""thanks!""","0","""logical""","""target""","""target""","""null""","""null""","""null""","FALSE","TRUE","TRUE","""null""","""null""","""null""","""boat""","""boat""","""boat""","""null""","""null""","""null""","""cabin""","""sail""","""motor""","""null""","""null""","""null""","""middle""","""right""","""left""","""null""","""null""","""null""","""motor""","""cabin""","""sail""","""null""","""null""","""null""","""left""","""middle""","""right""","""null""","""null""","""null""","""2w1w0w"""
"What is he talking about? (1-2 mins)","Short and fun! A 1-2 minute word game about what someone is talking about.","experiment, psychology, game","$0.25 ","Thu Aug 07 16:07:29 PDT 2014","100","0","0","100","Reviewable","NotReviewed","1 scales","600","60000","Thu Aug 14 16:07:29 PDT 2014","S97110","Approved","","""pizza""","""olives""","0","""left""","""middle""","-1","0","0","1","0","0","-1","-1","""TRUE""","""null""","""null""","-1","-1","-1","-1","-1","-1","""nothing""","""no""","0","""target""","""target""","""target""","""null""","""null""","""null""","TRUE","TRUE","TRUE","""null""","""null""","""null""","""pizza""","""pizza""","""pizza""","""null""","""null""","""null""","""olives""","""mushrooms""","""peppers""","""null""","""null""","""null""","""left""","""right""","""middle""","""null""","""null""","""null""","""peppers""","""olives""","""mushrooms""","""null""","""null""","""null""","""middle""","""left""","""right""","""null""","""null""","""null""","""2w1w0w"""
"What is he talking about? (1-2 mins)","Short and fun! A 1-2 minute word game about what someone is talking about.","experiment, psychology, game","$0.25 ","Thu Aug 07 16:07:29 PDT 2014","100","0","0","100","Reviewable","NotReviewed","1 scales","600","60000","Thu Aug 14 16:07:29 PDT 2014","S23907","Approved","","""sundae""","""chocolate""","0","""right""","""left""","-1","0","0","1","0","0","-1","-1","""TRUE""","""null""","""null""","-1","-1","-1","-1","-1","-1","""ice cream sundaes""","""""","0","""target""","""target""","""target""","""null""","""null""","""null""","TRUE","TRUE","TRUE","""null""","""null""","""null""","""sundae""","""sundae""","""sundae""","""null""","""null""","""null""","""chocolate""","""whipped cream""","""cherry""","""null""","""null""","""null""","""right""","""middle""","""left""","""null""","""null""","""null""","""cherry""","""chocolate""","""whipped cream""","""null""","""null""","""null""","""left""","""right""","""middle""","""null""","""null""","""null""","""2w1w0w"""
"What is he talking about? (1-2 mins)","Short and fun! A 1-2 minute word game about what someone is talking about.","experiment, psychology, game","$0.25 ","Thu Aug 07 16:07:29 PDT 2014","100","0","0","100","Reviewable","NotReviewed","1 scales","600","60000","Thu Aug 14 16:07:29 PDT 2014","S12351","Approved","","""Christmas tree""","""star""","0","""left""","""right""","-1","0","0","1","0","0","-1","-1","""TRUE""","""null""","""null""","-1","-1","-1","-1","-1","-1","""one word communication from bob about trees""","""Interesting, thank you. ""","0","""target""","""target""","""target""","""null""","""null""","""null""","TRUE","TRUE","TRUE","""null""","""null""","""null""","""Christmas tree""","""Christmas tree""","""Christmas tree""","""null""","""null""","""null""","""star""","""lights""","""ornaments""","""null""","""null""","""null""","""left""","""right""","""middle""","""null""","""null""","""null""","""lights""","""ornaments""","""star""","""null""","""null""","""null""","""right""","""middle""","""left""","""null""","""null""","""null""","""0w1w2w"""
"What is he talking about? (1-2 mins)","Short and fun! A 1-2 minute word game about what someone is talking about.","experiment, psychology, game","$0.25 ","Thu Aug 07 16:07:29 PDT 2014","100","0","0","100","Reviewable","NotReviewed","1 scales","600","60000","Thu Aug 14 16:07:29 PDT 2014","S92516","Approved","","""pizza""","""olives""","0","""right""","""middle""","-1","0","0","1","0","0","-1","-1","""FALSE""","""null""","""null""","-1","-1","-1","-1","-1","-1","""choices based on one word""","""none""","0","""target""","""target""","""logical""","""null""","""null""","""null""","TRUE","TRUE","FALSE","""null""","""null""","""null""","""pizza""","""pizza""","""pizza""","""null""","""null""","""null""","""olives""","""mushrooms""","""peppers""","""null""","""null""","""null""","""right""","""middle""","""left""","""null""","""null""","""null""","""mushrooms""","""peppers""","""olives""","""null""","""null""","""null""","""middle""","""left""","""right""","""null""","""null""","""null""","""0w1w2w"""
"What is he talking about? (1-2 mins)","Short and fun! A 1-2 minute word game about what someone is talking about.","experiment, psychology, game","$0.25 ","Thu Aug 07 16:07:29 PDT 2014","100","0","0","100","Reviewable","NotReviewed","1 scales","600","60000","Thu Aug 14 16:07:29 PDT 2014","S78866","Approved","","""friend""","""glasses""","0","""left""","""right""","-1","0","0","1","0","0","-1","-1","""TRUE""","""null""","""null""","-1","-1","-1","-1","-1","-1","""Word relations with visuals""","""""","0","""target""","""target""","""target""","""null""","""null""","""null""","TRUE","TRUE","TRUE","""null""","""null""","""null""","""friend""","""friend""","""friend""","""null""","""null""","""null""","""glasses""","""mustache""","""hat""","""null""","""null""","""null""","""left""","""right""","""middle""","""null""","""null""","""null""","""mustache""","""hat""","""glasses""","""null""","""null""","""null""","""right""","""middle""","""left""","""null""","""null""","""null""","""0w1w2w"""
"What is he talking about? (1-2 mins)","Short and fun! A 1-2 minute word game about what someone is talking about.","experiment, psychology, game","$0.25 ","Thu Aug 07 16:07:29 PDT 2014","100","0","0","100","Reviewable","NotReviewed","1 scales","600","60000","Thu Aug 14 16:07:29 PDT 2014","S96650","Approved","","""boat""","""sail""","0","""right""","""middle""","-1","0","0","1","0","0","-1","-1","""TRUE""","""null""","""null""","-1","-1","-1","-1","-1","-1","""to decide what Bob was talking about based on the one word he could say""","""""","0","""logical""","""target""","""target""","""null""","""null""","""null""","FALSE","TRUE","TRUE","""null""","""null""","""null""","""boat""","""boat""","""boat""","""null""","""null""","""null""","""sail""","""motor""","""cabin""","""null""","""null""","""null""","""right""","""left""","""middle""","""null""","""null""","""null""","""cabin""","""sail""","""motor""","""null""","""null""","""null""","""middle""","""right""","""left""","""null""","""null""","""null""","""2w1w0w"""
"What is he talking about? (1-2 mins)","Short and fun! A 1-2 minute word game about what someone is talking about.","experiment, psychology, game","$0.25 ","Thu Aug 07 16:07:29 PDT 2014","100","0","0","100","Reviewable","NotReviewed","1 scales","600","60000","Thu Aug 14 16:07:29 PDT 2014","S89091","Approved","","""snowman""","""mittens""","0","""middle""","""right""","-1","0","0","1","0","0","-1","-1","""TRUE""","""null""","""null""","-1","-1","-1","-1","-1","-1","""logic puzzles""","""""","0","""target""","""target""","""target""","""null""","""null""","""null""","TRUE","TRUE","TRUE","""null""","""null""","""null""","""snowman""","""snowman""","""snowman""","""null""","""null""","""null""","""mittens""","""scarf""","""hat""","""null""","""null""","""null""","""middle""","""right""","""left""","""null""","""null""","""null""","""scarf""","""hat""","""mittens""","""null""","""null""","""null""","""right""","""left""","""middle""","""null""","""null""","""null""","""0w1w2w"""
"What is he talking about? (1-2 mins)","Short and fun! A 1-2 minute word game about what someone is talking about.","experiment, psychology, game","$0.25 ","Thu Aug 07 16:07:29 PDT 2014","100","0","0","100","Reviewable","NotReviewed","1 scales","600","60000","Thu Aug 14 16:07:29 PDT 2014","S53604","Approved","","""Christmas tree""","""star""","0","""left""","""middle""","-1","0","0","1","0","0","-1","-1","""TRUE""","""null""","""null""","-1","-1","-1","-1","-1","-1","""christmas tre""","""na""","0","""target""","""logical""","""target""","""null""","""null""","""null""","TRUE","FALSE","TRUE","""null""","""null""","""null""","""Christmas tree""","""Christmas tree""","""Christmas tree""","""null""","""null""","""null""","""star""","""lights""","""ornaments""","""null""","""null""","""null""","""left""","""right""","""middle""","""null""","""null""","""null""","""ornaments""","""star""","""lights""","""null""","""null""","""null""","""middle""","""left""","""right""","""null""","""null""","""null""","""2w1w0w"""
"What is he talking about? (1-2 mins)","Short and fun! A 1-2 minute word game about what someone is talking about.","experiment, psychology, game","$0.25 ","Thu Aug 07 16:07:29 PDT 2014","100","0","0","100","Reviewable","NotReviewed","1 scales","600","60000","Thu Aug 14 16:07:29 PDT 2014","S34748","Approved","","""boat""","""motor""","0","""middle""","""right""","-1","0","0","1","0","0","-1","-1","""TRUE""","""null""","""null""","-1","-1","-1","-1","-1","-1","""Bob is renting boats and trying to communicate with me which boat he picked using 1 word only.""","""""","0","""target""","""target""","""target""","""null""","""null""","""null""","TRUE","TRUE","TRUE","""null""","""null""","""null""","""boat""","""boat""","""boat""","""null""","""null""","""null""","""motor""","""cabin""","""sail""","""null""","""null""","""null""","""middle""","""left""","""right""","""null""","""null""","""null""","""sail""","""motor""","""cabin""","""null""","""null""","""null""","""right""","""middle""","""left""","""null""","""null""","""null""","""2w1w0w"""
"What is he talking about? (1-2 mins)","Short and fun! A 1-2 minute word game about what someone is talking about.","experiment, psychology, game","$0.25 ","Thu Aug 07 16:07:29 PDT 2014","100","0","0","100","Reviewable","NotReviewed","1 scales","600","60000","Thu Aug 14 16:07:29 PDT 2014","S89327","Approved","","""friend""","""glasses""","0","""middle""","""right""","-1","0","0","1","0","0","-1","-1","""TRUE""","""null""","""null""","-1","-1","-1","-1","-1","-1","""bobs friends""","""""","0","""foil""","""foil""","""foil""","""null""","""null""","""null""","FALSE","FALSE","FALSE","""null""","""null""","""null""","""friend""","""friend""","""friend""","""null""","""null""","""null""","""glasses""","""hat""","""mustache""","""null""","""null""","""null""","""middle""","""right""","""left""","""null""","""null""","""null""","""hat""","""mustache""","""glasses""","""null""","""null""","""null""","""right""","""left""","""middle""","""null""","""null""","""null""","""0w1w2w"""
"What is he talking about? (1-2 mins)","Short and fun! A 1-2 minute word game about what someone is talking about.","experiment, psychology, game","$0.25 ","Thu Aug 07 16:07:29 PDT 2014","100","0","0","100","Reviewable","NotReviewed","1 scales","600","60000","Thu Aug 14 16:07:29 PDT 2014","S26676","Approved","","""pizza""","""olives""","0","""right""","""left""","-1","0","0","1","0","0","-1","-1","""FALSE""","""null""","""null""","-1","-1","-1","-1","-1","-1","""Pizza toppings""","""""","0","""logical""","""logical""","""target""","""null""","""null""","""null""","FALSE","FALSE","TRUE","""null""","""null""","""null""","""pizza""","""pizza""","""pizza""","""null""","""null""","""null""","""olives""","""peppers""","""mushrooms""","""null""","""null""","""null""","""right""","""middle""","""left""","""null""","""null""","""null""","""mushrooms""","""olives""","""peppers""","""null""","""null""","""null""","""left""","""right""","""middle""","""null""","""null""","""null""","""2w1w0w"""
"What is he talking about? (1-2 mins)","Short and fun! A 1-2 minute word game about what someone is talking about.","experiment, psychology, game","$0.25 ","Thu Aug 07 16:07:29 PDT 2014","100","0","0","100","Reviewable","NotReviewed","1 scales","600","60000","Thu Aug 14 16:07:29 PDT 2014","S99738","Approved","","""snowman""","""hat""","0","""right""","""middle""","-1","0","0","1","0","0","-1","-1","""TRUE""","""null""","""null""","-1","-1","-1","-1","-1","-1","""Bob and his many snowmen.""","""no.""","0","""logical""","""target""","""target""","""null""","""null""","""null""","FALSE","TRUE","TRUE","""null""","""null""","""null""","""snowman""","""snowman""","""snowman""","""null""","""null""","""null""","""hat""","""scarf""","""mittens""","""null""","""null""","""null""","""right""","""left""","""middle""","""null""","""null""","""null""","""mittens""","""hat""","""scarf""","""null""","""null""","""null""","""middle""","""right""","""left""","""null""","""null""","""null""","""2w1w0w"""
"What is he talking about? (1-2 mins)","Short and fun! A 1-2 minute word game about what someone is talking about.","experiment, psychology, game","$0.25 ","Thu Aug 07 16:07:29 PDT 2014","100","0","0","100","Reviewable","NotReviewed","1 scales","600","60000","Thu Aug 14 16:07:29 PDT 2014","S55431","Approved","","""snowman""","""scarf""","0","""left""","""right""","-1","0","0","1","0","0","-1","-1","""TRUE""","""null""","""null""","-1","-1","-1","-1","-1","-1","""How people respond to description of objects.""","""""","0","""foil""","""foil""","""target""","""null""","""null""","""null""","FALSE","FALSE","TRUE","""null""","""null""","""null""","""snowman""","""snowman""","""snowman""","""null""","""null""","""null""","""scarf""","""hat""","""mittens""","""null""","""null""","""null""","""left""","""middle""","""right""","""null""","""null""","""null""","""mittens""","""scarf""","""hat""","""null""","""null""","""null""","""right""","""left""","""middle""","""null""","""null""","""null""","""2w1w0w"""
"What is he talking about? (1-2 mins)","Short and fun! A 1-2 minute word game about what someone is talking about.","experiment, psychology, game","$0.25 ","Thu Aug 07 16:07:29 PDT 2014","100","0","0","100","Reviewable","NotReviewed","1 scales","600","60000","Thu Aug 14 16:07:29 PDT 2014","S58263","Approved","","""Christmas tree""","""lights""","0","""middle""","""left""","-1","0","0","1","0","0","-1","-1","""TRUE""","""null""","""null""","-1","-1","-1","-1","-1","-1","""perception""","""""","0","""target""","""target""","""target""","""null""","""null""","""null""","TRUE","TRUE","TRUE","""null""","""null""","""null""","""Christmas tree""","""Christmas tree""","""Christmas tree""","""null""","""null""","""null""","""lights""","""star""","""ornaments""","""null""","""null""","""null""","""middle""","""left""","""right""","""null""","""null""","""null""","""star""","""ornaments""","""lights""","""null""","""null""","""null""","""left""","""right""","""middle""","""null""","""null""","""null""","""0w1w2w"""
"What is he talking about? (1-2 mins)","Short and fun! A 1-2 minute word game about what someone is talking about.","experiment, psychology, game","$0.25 ","Thu Aug 07 16:07:29 PDT 2014","100","0","0","100","Reviewable","NotReviewed","1 scales","600","60000","Thu Aug 14 16:07:29 PDT 2014","S19683","Approved","","""friend""","""mustache""","0","""right""","""middle""","-1","0","0","1","0","0","-1","-1","""TRUE""","""null""","""null""","-1","-1","-1","-1","-1","-1","""Language""","""""","0","""target""","""target""","""target""","""null""","""null""","""null""","TRUE","TRUE","TRUE","""null""","""null""","""null""","""friend""","""friend""","""friend""","""null""","""null""","""null""","""mustache""","""hat""","""glasses""","""null""","""null""","""null""","""right""","""middle""","""left""","""null""","""null""","""null""","""hat""","""glasses""","""mustache""","""null""","""null""","""null""","""middle""","""left""","""right""","""null""","""null""","""null""","""0w1w2w"""
"What is he talking about? (1-2 mins)","Short and fun! A 1-2 minute word game about what someone is talking about.","experiment, psychology, game","$0.25 ","Thu Aug 07 16:07:29 PDT 2014","100","0","0","100","Reviewable","NotReviewed","1 scales","600","60000","Thu Aug 14 16:07:29 PDT 2014","S52459","Approved","","""sundae""","""whipped cream""","0","""left""","""middle""","-1","0","0","1","0","0","-1","-1","""TRUE""","""null""","""null""","-1","-1","-1","-1","-1","-1","""Bob's desire for sundaes in one word""","""no""","0","""target""","""logical""","""target""","""null""","""null""","""null""","TRUE","FALSE","TRUE","""null""","""null""","""null""","""sundae""","""sundae""","""sundae""","""null""","""null""","""null""","""whipped cream""","""cherry""","""chocolate""","""null""","""null""","""null""","""left""","""right""","""middle""","""null""","""null""","""null""","""chocolate""","""whipped cream""","""cherry""","""null""","""null""","""null""","""middle""","""left""","""right""","""null""","""null""","""null""","""2w1w0w"""
"What is he talking about? (1-2 mins)","Short and fun! A 1-2 minute word game about what someone is talking about.","experiment, psychology, game","$0.25 ","Thu Aug 07 16:07:29 PDT 2014","100","0","0","100","Reviewable","NotReviewed","1 scales","600","60000","Thu Aug 14 16:07:29 PDT 2014","S69202","Approved","","""pizza""","""mushrooms""","0","""right""","""left""","-1","0","0","1","0","0","-1","-1","""TRUE""","""null""","""null""","-1","-1","-1","-1","-1","-1","""What bob was talking about ""","""no""","0","""target""","""target""","""target""","""null""","""null""","""null""","TRUE","TRUE","TRUE","""null""","""null""","""null""","""pizza""","""pizza""","""pizza""","""null""","""null""","""null""","""mushrooms""","""peppers""","""olives""","""null""","""null""","""null""","""right""","""left""","""middle""","""null""","""null""","""null""","""peppers""","""olives""","""mushrooms""","""null""","""null""","""null""","""left""","""middle""","""right""","""null""","""null""","""null""","""0w1w2w"""
"What is he talking about? (1-2 mins)","Short and fun! A 1-2 minute word game about what someone is talking about.","experiment, psychology, game","$0.25 ","Thu Aug 07 16:07:29 PDT 2014","100","0","0","100","Reviewable","NotReviewed","1 scales","600","60000","Thu Aug 14 16:07:29 PDT 2014","S73884","Approved","","""snowman""","""mittens""","0","""middle""","""right""","-1","0","0","1","0","0","-1","-1","""TRUE""","""null""","""null""","-1","-1","-1","-1","-1","-1","""Communication.""","""Thank you!""","0","""logical""","""target""","""target""","""null""","""null""","""null""","FALSE","TRUE","TRUE","""null""","""null""","""null""","""snowman""","""snowman""","""snowman""","""null""","""null""","""null""","""mittens""","""scarf""","""hat""","""null""","""null""","""null""","""middle""","""left""","""right""","""null""","""null""","""null""","""hat""","""mittens""","""scarf""","""null""","""null""","""null""","""right""","""middle""","""left""","""null""","""null""","""null""","""2w1w0w"""
"What is he talking about? (1-2 mins)","Short and fun! A 1-2 minute word game about what someone is talking about.","experiment, psychology, game","$0.25 ","Thu Aug 07 16:07:29 PDT 2014","100","0","0","100","Reviewable","NotReviewed","1 scales","600","60000","Thu Aug 14 16:07:29 PDT 2014","S55803","Approved","","""pizza""","""mushrooms""","0","""middle""","""left""","-1","0","0","1","0","0","-1","-1","""TRUE""","""null""","""null""","-1","-1","-1","-1","-1","-1","""communication""","""""","0","""target""","""foil""","""target""","""null""","""null""","""null""","TRUE","FALSE","TRUE","""null""","""null""","""null""","""pizza""","""pizza""","""pizza""","""null""","""null""","""null""","""mushrooms""","""peppers""","""olives""","""null""","""null""","""null""","""middle""","""left""","""right""","""null""","""null""","""null""","""peppers""","""olives""","""mushrooms""","""null""","""null""","""null""","""left""","""right""","""middle""","""null""","""null""","""null""","""0w1w2w"""
"What is he talking about? (1-2 mins)","Short and fun! A 1-2 minute word game about what someone is talking about.","experiment, psychology, game","$0.25 ","Thu Aug 07 16:07:29 PDT 2014","100","0","0","100","Reviewable","NotReviewed","1 scales","600","60000","Thu Aug 14 16:07:29 PDT 2014","S07045","Approved","","""pizza""","""olives""","0","""left""","""right""","-1","0","0","1","0","0","-1","-1","""TRUE""","""null""","""null""","-1","-1","-1","-1","-1","-1","""What pizza is Bob talking about?""","""""","0","""target""","""target""","""target""","""null""","""null""","""null""","TRUE","TRUE","TRUE","""null""","""null""","""null""","""pizza""","""pizza""","""pizza""","""null""","""null""","""null""","""olives""","""peppers""","""mushrooms""","""null""","""null""","""null""","""left""","""right""","""middle""","""null""","""null""","""null""","""peppers""","""mushrooms""","""olives""","""null""","""null""","""null""","""right""","""middle""","""left""","""null""","""null""","""null""","""0w1w2w"""
"What is he talking about? (1-2 mins)","Short and fun! A 1-2 minute word game about what someone is talking about.","experiment, psychology, game","$0.25 ","Thu Aug 07 16:07:29 PDT 2014","100","0","0","100","Reviewable","NotReviewed","1 scales","600","60000","Thu Aug 14 16:07:29 PDT 2014","S16790","Approved","","""friend""","""hat""","0","""left""","""middle""","-1","0","0","1","0","0","-1","-1","""TRUE""","""null""","""null""","-1","-1","-1","-1","-1","-1","""friends Bob visits""","""Thanks""","0","""target""","""target""","""target""","""null""","""null""","""null""","TRUE","TRUE","TRUE","""null""","""null""","""null""","""friend""","""friend""","""friend""","""null""","""null""","""null""","""hat""","""mustache""","""glasses""","""null""","""null""","""null""","""left""","""middle""","""right""","""null""","""null""","""null""","""mustache""","""glasses""","""hat""","""null""","""null""","""null""","""middle""","""right""","""left""","""null""","""null""","""null""","""0w1w2w"""
"What is he talking about? (1-2 mins)","Short and fun! A 1-2 minute word game about what someone is talking about.","experiment, psychology, game","$0.25 ","Thu Aug 07 16:07:29 PDT 2014","100","0","0","100","Reviewable","NotReviewed","1 scales","600","60000","Thu Aug 14 16:07:29 PDT 2014","S54866","Approved","","""boat""","""cabin""","0","""middle""","""left""","-1","0","0","1","0","0","-1","-1","""TRUE""","""null""","""null""","-1","-1","-1","-1","-1","-1","""what bob was talking""","""""","0","""target""","""logical""","""target""","""null""","""null""","""null""","TRUE","FALSE","TRUE","""null""","""null""","""null""","""boat""","""boat""","""boat""","""null""","""null""","""null""","""cabin""","""sail""","""motor""","""null""","""null""","""null""","""middle""","""right""","""left""","""null""","""null""","""null""","""motor""","""cabin""","""sail""","""null""","""null""","""null""","""left""","""middle""","""right""","""null""","""null""","""null""","""2w1w0w"""
"What is he talking about? (1-2 mins)","Short and fun! A 1-2 minute word game about what someone is talking about.","experiment, psychology, game","$0.25 ","Thu Aug 07 16:07:29 PDT 2014","100","0","0","100","Reviewable","NotReviewed","1 scales","600","60000","Thu Aug 14 16:07:29 PDT 2014","S53489","Approved","","""boat""","""sail""","0","""left""","""right""","-1","0","0","1","0","0","-1","-1","""TRUE""","""null""","""null""","-1","-1","-1","-1","-1","-1","""Perceptions of language""","""no""","0","""target""","""logical""","""target""","""null""","""null""","""null""","TRUE","FALSE","TRUE","""null""","""null""","""null""","""boat""","""boat""","""boat""","""null""","""null""","""null""","""sail""","""cabin""","""motor""","""null""","""null""","""null""","""left""","""right""","""middle""","""null""","""null""","""null""","""cabin""","""motor""","""sail""","""null""","""null""","""null""","""right""","""middle""","""left""","""null""","""null""","""null""","""0w1w2w"""
"What is he talking about? (1-2 mins)","Short and fun! A 1-2 minute word game about what someone is talking about.","experiment, psychology, game","$0.25 ","Thu Aug 07 16:07:29 PDT 2014","100","0","0","100","Reviewable","NotReviewed","1 scales","600","60000","Thu Aug 14 16:07:29 PDT 2014","S72053","Approved","","""friend""","""mustache""","0","""middle""","""right""","-1","0","0","1","0","0","-1","-1","""TRUE""","""null""","""null""","-1","-1","-1","-1","-1","-1","""Recognizing Bob's friends""","""""","0","""target""","""target""","""target""","""null""","""null""","""null""","TRUE","TRUE","TRUE","""null""","""null""","""null""","""friend""","""friend""","""friend""","""null""","""null""","""null""","""mustache""","""glasses""","""hat""","""null""","""null""","""null""","""middle""","""left""","""right""","""null""","""null""","""null""","""hat""","""mustache""","""glasses""","""null""","""null""","""null""","""right""","""middle""","""left""","""null""","""null""","""null""","""2w1w0w"""
"What is he talking about? (1-2 mins)","Short and fun! A 1-2 minute word game about what someone is talking about.","experiment, psychology, game","$0.25 ","Thu Aug 07 16:07:29 PDT 2014","100","0","0","100","Reviewable","NotReviewed","1 scales","600","60000","Thu Aug 14 16:07:29 PDT 2014","S64885","Approved","","""pizza""","""mushrooms""","0","""middle""","""right""","-1","0","0","1","0","0","-1","-1","""TRUE""","""null""","""null""","-1","-1","-1","-1","-1","-1","""pizza descriptions""","""""","0","""logical""","""target""","""target""","""null""","""null""","""null""","FALSE","TRUE","TRUE","""null""","""null""","""null""","""pizza""","""pizza""","""pizza""","""null""","""null""","""null""","""mushrooms""","""olives""","""peppers""","""null""","""null""","""null""","""middle""","""left""","""right""","""null""","""null""","""null""","""peppers""","""mushrooms""","""olives""","""null""","""null""","""null""","""right""","""middle""","""left""","""null""","""null""","""null""","""2w1w0w"""
"What is he talking about? (1-2 mins)","Short and fun! A 1-2 minute word game about what someone is talking about.","experiment, psychology, game","$0.25 ","Thu Aug 07 16:07:29 PDT 2014","100","0","0","100","Reviewable","NotReviewed","1 scales","600","60000","Thu Aug 14 16:07:29 PDT 2014","S98041","Approved","","""friend""","""mustache""","0","""left""","""middle""","-1","0","0","1","0","0","-1","-1","""TRUE""","""null""","""null""","-1","-1","-1","-1","-1","-1","""Bob who likes to visit friends and can only say one word to describe the ones he was talking about.""","""This was actually fun, would be nice if it was longer, Thanks though!""","0","""target""","""target""","""target""","""null""","""null""","""null""","TRUE","TRUE","TRUE","""null""","""null""","""null""","""friend""","""friend""","""friend""","""null""","""null""","""null""","""mustache""","""glasses""","""hat""","""null""","""null""","""null""","""left""","""middle""","""right""","""null""","""null""","""null""","""glasses""","""hat""","""mustache""","""null""","""null""","""null""","""middle""","""right""","""left""","""null""","""null""","""null""","""0w1w2w"""
"What is he talking about? (1-2 mins)","Short and fun! A 1-2 minute word game about what someone is talking about.","experiment, psychology, game","$0.25 ","Thu Aug 07 16:07:29 PDT 2014","100","0","0","100","Reviewable","NotReviewed","1 scales","600","60000","Thu Aug 14 16:07:29 PDT 2014","S00868","Approved","","""friend""","""mustache""","0","""middle""","""left""","-1","0","0","1","0","0","-1","-1","""TRUE""","""null""","""null""","-1","-1","-1","-1","-1","-1","""hats, glasses and mustaches""","""""","0","""target""","""target""","""target""","""null""","""null""","""null""","TRUE","TRUE","TRUE","""null""","""null""","""null""","""friend""","""friend""","""friend""","""null""","""null""","""null""","""mustache""","""glasses""","""hat""","""null""","""null""","""null""","""middle""","""left""","""right""","""null""","""null""","""null""","""glasses""","""hat""","""mustache""","""null""","""null""","""null""","""left""","""right""","""middle""","""null""","""null""","""null""","""0w1w2w"""
"What is he talking about? (1-2 mins)","Short and fun! A 1-2 minute word game about what someone is talking about.","experiment, psychology, game","$0.25 ","Thu Aug 07 16:07:29 PDT 2014","100","0","0","100","Reviewable","NotReviewed","1 scales","600","60000","Thu Aug 14 16:07:29 PDT 2014","S52322","Approved","","""friend""","""hat""","0","""middle""","""left""","-1","0","0","1","0","0","-1","-1","""TRUE""","""null""","""null""","-1","-1","-1","-1","-1","-1","""What our perception is when someone describes something to us among two similar things.""","""I like these little surveys.""","0","""target""","""target""","""logical""","""null""","""null""","""null""","TRUE","TRUE","FALSE","""null""","""null""","""null""","""friend""","""friend""","""friend""","""null""","""null""","""null""","""hat""","""mustache""","""glasses""","""null""","""null""","""null""","""middle""","""left""","""right""","""null""","""null""","""null""","""mustache""","""glasses""","""hat""","""null""","""null""","""null""","""left""","""right""","""middle""","""null""","""null""","""null""","""0w1w2w"""
"What is he talking about? (1-2 mins)","Short and fun! A 1-2 minute word game about what someone is talking about.","experiment, psychology, game","$0.25 ","Thu Aug 07 16:07:29 PDT 2014","100","0","0","100","Reviewable","NotReviewed","1 scales","600","60000","Thu Aug 14 16:07:29 PDT 2014","S51775","Approved","","""snowman""","""scarf""","0","""middle""","""right""","-1","0","0","1","0","0","-1","-1","""TRUE""","""null""","""null""","-1","-1","-1","-1","-1","-1","""perception""","""""","0","""logical""","""target""","""target""","""null""","""null""","""null""","FALSE","TRUE","TRUE","""null""","""null""","""null""","""snowman""","""snowman""","""snowman""","""null""","""null""","""null""","""scarf""","""hat""","""mittens""","""null""","""null""","""null""","""middle""","""left""","""right""","""null""","""null""","""null""","""mittens""","""scarf""","""hat""","""null""","""null""","""null""","""right""","""middle""","""left""","""null""","""null""","""null""","""2w1w0w"""
"What is he talking about? (1-2 mins)","Short and fun! A 1-2 minute word game about what someone is talking about.","experiment, psychology, game","$0.25 ","Thu Aug 07 16:07:29 PDT 2014","100","0","0","100","Reviewable","NotReviewed","1 scales","600","60000","Thu Aug 14 16:07:29 PDT 2014","S44389","Approved","","""snowman""","""scarf""","0","""middle""","""right""","-1","0","0","1","0","0","-1","-1","""TRUE""","""null""","""null""","-1","-1","-1","-1","-1","-1","""How bob likes to make snowmen in the winter and every winter.""","""""","0","""target""","""target""","""target""","""null""","""null""","""null""","TRUE","TRUE","TRUE","""null""","""null""","""null""","""snowman""","""snowman""","""snowman""","""null""","""null""","""null""","""scarf""","""hat""","""mittens""","""null""","""null""","""null""","""middle""","""right""","""left""","""null""","""null""","""null""","""hat""","""mittens""","""scarf""","""null""","""null""","""null""","""right""","""left""","""middle""","""null""","""null""","""null""","""0w1w2w"""
"What is he talking about? (1-2 mins)","Short and fun! A 1-2 minute word game about what someone is talking about.","experiment, psychology, game","$0.25 ","Thu Aug 07 16:07:29 PDT 2014","100","0","0","100","Reviewable","NotReviewed","1 scales","600","60000","Thu Aug 14 16:07:29 PDT 2014","S18345","Approved","","""pizza""","""olives""","0","""middle""","""left""","-1","0","0","1","0","0","-1","-1","""TRUE""","""null""","""null""","-1","-1","-1","-1","-1","-1","""How Bob communicates when ordering pizza.""","""""","0","""target""","""target""","""target""","""null""","""null""","""null""","TRUE","TRUE","TRUE","""null""","""null""","""null""","""pizza""","""pizza""","""pizza""","""null""","""null""","""null""","""olives""","""mushrooms""","""peppers""","""null""","""null""","""null""","""middle""","""right""","""left""","""null""","""null""","""null""","""peppers""","""olives""","""mushrooms""","""null""","""null""","""null""","""left""","""middle""","""right""","""null""","""null""","""null""","""2w1w0w"""
"What is he talking about? (1-2 mins)","Short and fun! A 1-2 minute word game about what someone is talking about.","experiment, psychology, game","$0.25 ","Thu Aug 07 16:07:29 PDT 2014","100","0","0","100","Reviewable","NotReviewed","1 scales","600","60000","Thu Aug 14 16:07:29 PDT 2014","S84673","Approved","","""sundae""","""cherry""","0","""left""","""right""","-1","0","0","1","0","0","-1","-1","""TRUE""","""null""","""null""","-1","-1","-1","-1","-1","-1","""What bob might mean with one word""","""nope :)""","0","""target""","""target""","""target""","""null""","""null""","""null""","TRUE","TRUE","TRUE","""null""","""null""","""null""","""sundae""","""sundae""","""sundae""","""null""","""null""","""null""","""cherry""","""whipped cream""","""chocolate""","""null""","""null""","""null""","""left""","""right""","""middle""","""null""","""null""","""null""","""whipped cream""","""chocolate""","""cherry""","""null""","""null""","""null""","""right""","""middle""","""left""","""null""","""null""","""null""","""0w1w2w"""
"What is he talking about? (1-2 mins)","Short and fun! A 1-2 minute word game about what someone is talking about.","experiment, psychology, game","$0.25 ","Thu Aug 07 16:07:29 PDT 2014","100","0","0","100","Reviewable","NotReviewed","1 scales","600","60000","Thu Aug 14 16:07:29 PDT 2014","S94023","Approved","","""boat""","""sail""","0","""middle""","""right""","-1","0","0","1","0","0","-1","-1","""TRUE""","""null""","""null""","-1","-1","-1","-1","-1","-1","""Language inferences.""","""""","0","""logical""","""target""","""target""","""null""","""null""","""null""","FALSE","TRUE","TRUE","""null""","""null""","""null""","""boat""","""boat""","""boat""","""null""","""null""","""null""","""sail""","""motor""","""cabin""","""null""","""null""","""null""","""middle""","""left""","""right""","""null""","""null""","""null""","""cabin""","""sail""","""motor""","""null""","""null""","""null""","""right""","""middle""","""left""","""null""","""null""","""null""","""2w1w0w"""
"What is he talking about? (1-2 mins)","Short and fun! A 1-2 minute word game about what someone is talking about.","experiment, psychology, game","$0.25 ","Thu Aug 07 16:07:29 PDT 2014","100","0","0","100","Reviewable","NotReviewed","1 scales","600","60000","Thu Aug 14 16:07:29 PDT 2014","S08705","Approved","","""sundae""","""chocolate""","0","""left""","""right""","-1","0","0","1","0","0","-1","-1","""TRUE""","""null""","""null""","-1","-1","-1","-1","-1","-1","""communicating about sundaes""","""""","0","""target""","""target""","""target""","""null""","""null""","""null""","TRUE","TRUE","TRUE","""null""","""null""","""null""","""sundae""","""sundae""","""sundae""","""null""","""null""","""null""","""chocolate""","""whipped cream""","""cherry""","""null""","""null""","""null""","""left""","""right""","""middle""","""null""","""null""","""null""","""whipped cream""","""cherry""","""chocolate""","""null""","""null""","""null""","""right""","""middle""","""left""","""null""","""null""","""null""","""0w1w2w"""
"What is he talking about? (1-2 mins)","Short and fun! A 1-2 minute word game about what someone is talking about.","experiment, psychology, game","$0.25 ","Thu Aug 07 16:07:29 PDT 2014","100","0","0","100","Reviewable","NotReviewed","1 scales","600","60000","Thu Aug 14 16:07:29 PDT 2014","S72298","Approved","","""boat""","""cabin""","0","""left""","""middle""","-1","0","0","1","0","0","-1","-1","""TRUE""","""null""","""null""","-1","-1","-1","-1","-1","-1","""boats""","""interesting survey! ""","0","""logical""","""target""","""target""","""null""","""null""","""null""","FALSE","TRUE","TRUE","""null""","""null""","""null""","""boat""","""boat""","""boat""","""null""","""null""","""null""","""cabin""","""motor""","""sail""","""null""","""null""","""null""","""left""","""right""","""middle""","""null""","""null""","""null""","""sail""","""cabin""","""motor""","""null""","""null""","""null""","""middle""","""left""","""right""","""null""","""null""","""null""","""2w1w0w"""
"What is he talking about? (1-2 mins)","Short and fun! A 1-2 minute word game about what someone is talking about.","experiment, psychology, game","$0.25 ","Thu Aug 07 16:07:29 PDT 2014","100","0","0","100","Reviewable","NotReviewed","1 scales","600","60000","Thu Aug 14 16:07:29 PDT 2014","S16482","Approved","","""boat""","""motor""","0","""middle""","""left""","-1","0","0","1","0","0","-1","-1","""TRUE""","""null""","""null""","-1","-1","-1","-1","-1","-1","""Bob can only communicate with one word. We are to try and interpret which sail boat pictured he might be referring to.""","""N/A Thanks!""","0","""logical""","""logical""","""target""","""null""","""null""","""null""","FALSE","FALSE","TRUE","""null""","""null""","""null""","""boat""","""boat""","""boat""","""null""","""null""","""null""","""motor""","""cabin""","""sail""","""null""","""null""","""null""","""middle""","""right""","""left""","""null""","""null""","""null""","""sail""","""motor""","""cabin""","""null""","""null""","""null""","""left""","""middle""","""right""","""null""","""null""","""null""","""2w1w0w"""
"What is he talking about? (1-2 mins)","Short and fun! A 1-2 minute word game about what someone is talking about.","experiment, psychology, game","$0.25 ","Thu Aug 07 16:07:29 PDT 2014","100","0","0","100","Reviewable","NotReviewed","1 scales","600","60000","Thu Aug 14 16:07:29 PDT 2014","S58204","Approved","","""boat""","""motor""","0","""left""","""middle""","-1","0","0","1","0","0","-1","-1","""TRUE""","""null""","""null""","-1","-1","-1","-1","-1","-1","""Boats""","""""","0","""foil""","""logical""","""target""","""null""","""null""","""null""","FALSE","FALSE","TRUE","""null""","""null""","""null""","""boat""","""boat""","""boat""","""null""","""null""","""null""","""motor""","""cabin""","""sail""","""null""","""null""","""null""","""left""","""middle""","""right""","""null""","""null""","""null""","""cabin""","""sail""","""motor""","""null""","""null""","""null""","""middle""","""right""","""left""","""null""","""null""","""null""","""0w1w2w"""
"What is he talking about? (1-2 mins)","Short and fun! A 1-2 minute word game about what someone is talking about.","experiment, psychology, game","$0.25 ","Thu Aug 07 16:07:29 PDT 2014","100","0","0","100","Reviewable","NotReviewed","1 scales","600","60000","Thu Aug 14 16:07:29 PDT 2014","S72191","Approved","","""Christmas tree""","""ornaments""","0","""middle""","""right""","-1","0","0","1","0","0","-1","-1","""TRUE""","""null""","""null""","-1","-1","-1","-1","-1","-1","""How we derive meaning from single words""","""""","0","""foil""","""foil""","""target""","""null""","""null""","""null""","FALSE","FALSE","TRUE","""null""","""null""","""null""","""Christmas tree""","""Christmas tree""","""Christmas tree""","""null""","""null""","""null""","""ornaments""","""lights""","""star""","""null""","""null""","""null""","""middle""","""left""","""right""","""null""","""null""","""null""","""star""","""ornaments""","""lights""","""null""","""null""","""null""","""right""","""middle""","""left""","""null""","""null""","""null""","""2w1w0w"""
"What is he talking about? (1-2 mins)","Short and fun! A 1-2 minute word game about what someone is talking about.","experiment, psychology, game","$0.25 ","Thu Aug 07 16:07:29 PDT 2014","100","0","0","100","Reviewable","NotReviewed","1 scales","600","60000","Thu Aug 14 16:07:29 PDT 2014","S58818","Approved","","""pizza""","""mushrooms""","0","""left""","""middle""","-1","0","0","1","0","0","-1","-1","""TRUE""","""null""","""null""","-1","-1","-1","-1","-1","-1","""figuring out what bob says. it involved a lot of pizza. great topic.""","""""","0","""target""","""target""","""target""","""null""","""null""","""null""","TRUE","TRUE","TRUE","""null""","""null""","""null""","""pizza""","""pizza""","""pizza""","""null""","""null""","""null""","""mushrooms""","""olives""","""peppers""","""null""","""null""","""null""","""left""","""right""","""middle""","""null""","""null""","""null""","""peppers""","""mushrooms""","""olives""","""null""","""null""","""null""","""middle""","""left""","""right""","""null""","""null""","""null""","""2w1w0w"""
"What is he talking about? (1-2 mins)","Short and fun! A 1-2 minute word game about what someone is talking about.","experiment, psychology, game","$0.25 ","Thu Aug 07 16:07:29 PDT 2014","100","0","0","100","Reviewable","NotReviewed","1 scales","600","60000","Thu Aug 14 16:07:29 PDT 2014","S87005","Approved","","""sundae""","""cherry""","0","""right""","""left""","-1","0","0","1","0","0","-1","-1","""TRUE""","""null""","""null""","-1","-1","-1","-1","-1","-1","""sundaes""","""""","0","""target""","""target""","""target""","""null""","""null""","""null""","TRUE","TRUE","TRUE","""null""","""null""","""null""","""sundae""","""sundae""","""sundae""","""null""","""null""","""null""","""cherry""","""chocolate""","""whipped cream""","""null""","""null""","""null""","""right""","""left""","""middle""","""null""","""null""","""null""","""chocolate""","""whipped cream""","""cherry""","""null""","""null""","""null""","""left""","""middle""","""right""","""null""","""null""","""null""","""0w1w2w"""
"What is he talking about? (1-2 mins)","Short and fun! A 1-2 minute word game about what someone is talking about.","experiment, psychology, game","$0.25 ","Thu Aug 07 16:07:29 PDT 2014","100","0","0","100","Reviewable","NotReviewed","1 scales","600","60000","Thu Aug 14 16:07:29 PDT 2014","S77007","Approved","","""pizza""","""peppers""","0","""right""","""left""","-1","0","0","1","0","0","-1","-1","""TRUE""","""null""","""null""","-1","-1","-1","-1","-1","-1","""Bob's pizza""","""thanks""","0","""target""","""logical""","""target""","""null""","""null""","""null""","TRUE","FALSE","TRUE","""null""","""null""","""null""","""pizza""","""pizza""","""pizza""","""null""","""null""","""null""","""peppers""","""mushrooms""","""olives""","""null""","""null""","""null""","""right""","""middle""","""left""","""null""","""null""","""null""","""olives""","""peppers""","""mushrooms""","""null""","""null""","""null""","""left""","""right""","""middle""","""null""","""null""","""null""","""2w1w0w"""
"What is he talking about? (1-2 mins)","Short and fun! A 1-2 minute word game about what someone is talking about.","experiment, psychology, game","$0.25 ","Thu Aug 07 16:07:29 PDT 2014","100","0","0","100","Reviewable","NotReviewed","1 scales","600","60000","Thu Aug 14 16:07:29 PDT 2014","S51701","Approved","","""sundae""","""chocolate""","0","""left""","""middle""","-1","0","0","1","0","0","-1","-1","""TRUE""","""null""","""null""","-1","-1","-1","-1","-1","-1","""Ice cream sundaes""","""i prefer butterscotch topping no whipped cream or cherries ""","0","""target""","""target""","""target""","""null""","""null""","""null""","TRUE","TRUE","TRUE","""null""","""null""","""null""","""sundae""","""sundae""","""sundae""","""null""","""null""","""null""","""chocolate""","""cherry""","""whipped cream""","""null""","""null""","""null""","""left""","""right""","""middle""","""null""","""null""","""null""","""whipped cream""","""chocolate""","""cherry""","""null""","""null""","""null""","""middle""","""left""","""right""","""null""","""null""","""null""","""2w1w0w"""
"What is he talking about? (1-2 mins)","Short and fun! A 1-2 minute word game about what someone is talking about.","experiment, psychology, game","$0.25 ","Thu Aug 07 16:07:29 PDT 2014","100","0","0","100","Reviewable","NotReviewed","1 scales","600","60000","Thu Aug 14 16:07:29 PDT 2014","S18863","Approved","","""pizza""","""peppers""","0","""left""","""middle""","-1","0","0","1","0","0","-1","-1","""TRUE""","""null""","""null""","-1","-1","-1","-1","-1","-1","""It is about what people talking about.""","""No comments,thanks. ""","0","""logical""","""logical""","""target""","""null""","""null""","""null""","FALSE","FALSE","TRUE","""null""","""null""","""null""","""pizza""","""pizza""","""pizza""","""null""","""null""","""null""","""peppers""","""olives""","""mushrooms""","""null""","""null""","""null""","""left""","""right""","""middle""","""null""","""null""","""null""","""mushrooms""","""peppers""","""olives""","""null""","""null""","""null""","""middle""","""left""","""right""","""null""","""null""","""null""","""2w1w0w"""
"What is he talking about? (1-2 mins)","Short and fun! A 1-2 minute word game about what someone is talking about.","experiment, psychology, game","$0.25 ","Thu Aug 07 16:07:29 PDT 2014","100","0","0","100","Reviewable","NotReviewed","1 scales","600","60000","Thu Aug 14 16:07:29 PDT 2014","S66937","Approved","","""boat""","""cabin""","0","""right""","""left""","-1","0","0","1","0","0","-1","-1","""TRUE""","""null""","""null""","-1","-1","-1","-1","-1","-1","""bob and his boats and communication""","""none""","0","""target""","""target""","""target""","""null""","""null""","""null""","TRUE","TRUE","TRUE","""null""","""null""","""null""","""boat""","""boat""","""boat""","""null""","""null""","""null""","""cabin""","""motor""","""sail""","""null""","""null""","""null""","""right""","""middle""","""left""","""null""","""null""","""null""","""sail""","""cabin""","""motor""","""null""","""null""","""null""","""left""","""right""","""middle""","""null""","""null""","""null""","""2w1w0w"""
"What is he talking about? (1-2 mins)","Short and fun! A 1-2 minute word game about what someone is talking about.","experiment, psychology, game","$0.25 ","Thu Aug 07 16:07:29 PDT 2014","100","0","0","100","Reviewable","NotReviewed","1 scales","600","60000","Thu Aug 14 16:07:29 PDT 2014","S77772","Approved","","""pizza""","""mushrooms""","0","""middle""","""left""","-1","0","0","1","0","0","-1","-1","""TRUE""","""null""","""null""","-1","-1","-1","-1","-1","-1","""The pizza Bob ate.""","""No""","0","""logical""","""target""","""target""","""null""","""null""","""null""","FALSE","TRUE","TRUE","""null""","""null""","""null""","""pizza""","""pizza""","""pizza""","""null""","""null""","""null""","""mushrooms""","""peppers""","""olives""","""null""","""null""","""null""","""middle""","""right""","""left""","""null""","""null""","""null""","""olives""","""mushrooms""","""peppers""","""null""","""null""","""null""","""left""","""middle""","""right""","""null""","""null""","""null""","""2w1w0w"""
"What is he talking about? (1-2 mins)","Short and fun! A 1-2 minute word game about what someone is talking about.","experiment, psychology, game","$0.25 ","Thu Aug 07 16:07:29 PDT 2014","100","0","0","100","Reviewable","NotReviewed","1 scales","600","60000","Thu Aug 14 16:07:29 PDT 2014","S94138","Approved","","""friend""","""hat""","0","""middle""","""left""","-1","0","0","1","0","0","-1","-1","""TRUE""","""null""","""null""","-1","-1","-1","-1","-1","-1","""What bob was trying to communicate.""","""None.""","0","""target""","""target""","""target""","""null""","""null""","""null""","TRUE","TRUE","TRUE","""null""","""null""","""null""","""friend""","""friend""","""friend""","""null""","""null""","""null""","""hat""","""glasses""","""mustache""","""null""","""null""","""null""","""middle""","""left""","""right""","""null""","""null""","""null""","""glasses""","""mustache""","""hat""","""null""","""null""","""null""","""left""","""right""","""middle""","""null""","""null""","""null""","""0w1w2w"""
"What is he talking about? (1-2 mins)","Short and fun! A 1-2 minute word game about what someone is talking about.","experiment, psychology, game","$0.25 ","Thu Aug 07 16:07:29 PDT 2014","100","0","0","100","Reviewable","NotReviewed","1 scales","600","60000","Thu Aug 14 16:07:29 PDT 2014","S53320","Approved","","""Christmas tree""","""star""","0","""right""","""middle""","-1","0","0","1","0","0","-1","-1","""TRUE""","""null""","""null""","-1","-1","-1","-1","-1","-1","""Bob is trying to communicate about details with only one word.""","""""","0","""logical""","""target""","""logical""","""null""","""null""","""null""","FALSE","TRUE","FALSE","""null""","""null""","""null""","""Christmas tree""","""Christmas tree""","""Christmas tree""","""null""","""null""","""null""","""star""","""lights""","""ornaments""","""null""","""null""","""null""","""right""","""left""","""middle""","""null""","""null""","""null""","""ornaments""","""star""","""lights""","""null""","""null""","""null""","""middle""","""right""","""left""","""null""","""null""","""null""","""2w1w0w"""
"What is he talking about? (1-2 mins)","Short and fun! A 1-2 minute word game about what someone is talking about.","experiment, psychology, game","$0.25 ","Thu Aug 07 16:07:29 PDT 2014","100","0","0","100","Reviewable","NotReviewed","1 scales","600","60000","Thu Aug 14 16:07:29 PDT 2014","S26277","Approved","","""friend""","""mustache""","0","""right""","""middle""","-1","0","0","1","0","0","-1","-1","""TRUE""","""null""","""null""","-1","-1","-1","-1","-1","-1","""Trying to tell apart people with one word descriptions that may match multiple subjects""","""""","0","""target""","""target""","""target""","""null""","""null""","""null""","TRUE","TRUE","TRUE","""null""","""null""","""null""","""friend""","""friend""","""friend""","""null""","""null""","""null""","""mustache""","""glasses""","""hat""","""null""","""null""","""null""","""right""","""left""","""middle""","""null""","""null""","""null""","""hat""","""mustache""","""glasses""","""null""","""null""","""null""","""middle""","""right""","""left""","""null""","""null""","""null""","""2w1w0w"""
"What is he talking about? (1-2 mins)","Short and fun! A 1-2 minute word game about what someone is talking about.","experiment, psychology, game","$0.25 ","Thu Aug 07 16:07:29 PDT 2014","100","0","0","100","Reviewable","NotReviewed","1 scales","600","60000","Thu Aug 14 16:07:29 PDT 2014","S34207","Approved","","""friend""","""glasses""","0","""left""","""right""","-1","0","0","1","0","0","-1","-1","""TRUE""","""null""","""null""","-1","-1","-1","-1","-1","-1","""I made judgement on what people are saying based on limited information""","""No more comments""","0","""target""","""target""","""foil""","""null""","""null""","""null""","TRUE","TRUE","FALSE","""null""","""null""","""null""","""friend""","""friend""","""friend""","""null""","""null""","""null""","""glasses""","""mustache""","""hat""","""null""","""null""","""null""","""left""","""right""","""middle""","""null""","""null""","""null""","""mustache""","""hat""","""glasses""","""null""","""null""","""null""","""right""","""middle""","""left""","""null""","""null""","""null""","""0w1w2w"""
