"title"	"description"	"keywords"	"reward"	"creationtime"	"assignments"	"numavailable"	"numpending"	"numcomplete"	"hitstatus"	"reviewstatus"	"annotation"	"assignmentduration"	"autoapprovaldelay"	"hitlifetime"	"workerid"	"assignmentstatus"	"deadline"	"Answer.target_property"	"Answer.choice"	"Answer.familiarization_cond"	"Answer.money_allocated_to_target"	"Answer.money_allocated_to_logical"	"Answer.Likert_value_target"	"Answer.target_frequency"	"Answer.about"	"Answer.familiarization_present_in_study"	"Answer.participant_response_type_condition"	"Answer.manip_check_target"	"Answer.participant_feature_count_condition"	"Answer.target_filler_sequence_condition"	"Answer.comment"	"Answer.linguistic_framing_condition"	"Answer.manip_check_dist"	"Answer.item"	"Answer.target_position"	"Answer.name_check_correct"	"Answer.Likert_value_foil"	"Answer.choice_correct"	"Answer.Likert_value_logical"	"Answer.money_allocated_to_foil"	"Answer.question_type_condition"
"What is he talking about? (1-2 mins)"	"Short and fun! A 1-2 minute word game about what someone is talking about."	"experiment, psychology, game"	"$0.20"	"Mon Dec 16 21:03:30 CST 2013"	"240"	"0"	"0"	"116"	"Reviewable"	"NotReviewed"	"1 scales"	"600"	"60000"	"Mon Dec 23 21:03:30 CST 2013"	"S02715"	"Approved"	""	"""ornaments"""	"""logical"""	"-1"	"-1"	"-1"	"-1"	"0"	"""christmas tree ornaments"""	"0"	"0"	"-1"	"0"	"0"	""""""	"1"	"-1"	"""Christmas tree"""	"""middle"""	"""TRUE"""	"-1"	"""FALSE"""	"-1"	"-1"	"0"
"What is he talking about? (1-2 mins)"	"Short and fun! A 1-2 minute word game about what someone is talking about."	"experiment, psychology, game"	"$0.20"	"Mon Dec 16 21:03:30 CST 2013"	"240"	"0"	"0"	"116"	"Reviewable"	"NotReviewed"	"1 scales"	"600"	"60000"	"Mon Dec 23 21:03:30 CST 2013"	"S48766"	"Approved"	""	"""ornaments"""	"""target"""	"-1"	"-1"	"-1"	"-1"	"0"	"""communication,description"""	"0"	"0"	"-1"	"0"	"0"	"""n/a"""	"1"	"-1"	"""Christmas tree"""	"""right"""	"""TRUE"""	"-1"	"""TRUE"""	"-1"	"-1"	"0"
"What is he talking about? (1-2 mins)"	"Short and fun! A 1-2 minute word game about what someone is talking about."	"experiment, psychology, game"	"$0.20"	"Mon Dec 16 21:03:30 CST 2013"	"240"	"0"	"0"	"116"	"Reviewable"	"NotReviewed"	"1 scales"	"600"	"60000"	"Mon Dec 23 21:03:30 CST 2013"	"S56895"	"Approved"	""	"""glasses"""	"""target"""	"-1"	"-1"	"-1"	"-1"	"0"	"""Bob visiting a friend. """	"0"	"0"	"-1"	"0"	"0"	""""""	"1"	"-1"	"""friend"""	"""middle"""	"""TRUE"""	"-1"	"""TRUE"""	"-1"	"-1"	"0"
"What is he talking about? (1-2 mins)"	"Short and fun! A 1-2 minute word game about what someone is talking about."	"experiment, psychology, game"	"$0.20"	"Mon Dec 16 21:03:30 CST 2013"	"240"	"0"	"0"	"116"	"Reviewable"	"NotReviewed"	"1 scales"	"600"	"60000"	"Mon Dec 23 21:03:30 CST 2013"	"S93930"	"Approved"	""	"""glasses"""	"""target"""	"-1"	"-1"	"-1"	"-1"	"0"	"""Choosing something based on very limited information"""	"0"	"0"	"-1"	"0"	"0"	""""""	"1"	"-1"	"""friend"""	"""middle"""	"""TRUE"""	"-1"	"""TRUE"""	"-1"	"-1"	"0"
"What is he talking about? (1-2 mins)"	"Short and fun! A 1-2 minute word game about what someone is talking about."	"experiment, psychology, game"	"$0.20"	"Mon Dec 16 21:03:30 CST 2013"	"240"	"0"	"0"	"116"	"Reviewable"	"NotReviewed"	"1 scales"	"600"	"60000"	"Mon Dec 23 21:03:30 CST 2013"	"S54796"	"Approved"	""	"""lights"""	"""target"""	"-1"	"-1"	"-1"	"-1"	"0"	"""Bobs Chritmas trees"""	"0"	"0"	"-1"	"0"	"0"	"""nope"""	"1"	"-1"	"""Christmas tree"""	"""left"""	"""TRUE"""	"-1"	"""TRUE"""	"-1"	"-1"	"0"
"What is he talking about? (1-2 mins)"	"Short and fun! A 1-2 minute word game about what someone is talking about."	"experiment, psychology, game"	"$0.20"	"Mon Dec 16 21:03:30 CST 2013"	"240"	"0"	"0"	"116"	"Reviewable"	"NotReviewed"	"1 scales"	"600"	"60000"	"Mon Dec 23 21:03:30 CST 2013"	"S08435"	"Approved"	""	"""chocolate"""	"""logical"""	"-1"	"-1"	"-1"	"-1"	"0"	"""Every Friday bob eats sundaes"""	"0"	"0"	"-1"	"0"	"0"	""""""	"1"	"-1"	"""sundae"""	"""left"""	"""TRUE"""	"-1"	"""FALSE"""	"-1"	"-1"	"0"
"What is he talking about? (1-2 mins)"	"Short and fun! A 1-2 minute word game about what someone is talking about."	"experiment, psychology, game"	"$0.20"	"Mon Dec 16 21:03:30 CST 2013"	"240"	"0"	"0"	"116"	"Reviewable"	"NotReviewed"	"1 scales"	"600"	"60000"	"Mon Dec 23 21:03:30 CST 2013"	"S98115"	"Approved"	""	"""star"""	"""target"""	"-1"	"-1"	"-1"	"-1"	"0"	"""Bob could say one word. """	"0"	"0"	"-1"	"0"	"0"	""""""	"1"	"-1"	"""Christmas tree"""	"""left"""	"""TRUE"""	"-1"	"""TRUE"""	"-1"	"-1"	"0"
"What is he talking about? (1-2 mins)"	"Short and fun! A 1-2 minute word game about what someone is talking about."	"experiment, psychology, game"	"$0.20"	"Mon Dec 16 21:03:30 CST 2013"	"240"	"0"	"0"	"116"	"Reviewable"	"NotReviewed"	"1 scales"	"600"	"60000"	"Mon Dec 23 21:03:30 CST 2013"	"S65094"	"Approved"	""	"""lights"""	"""logical"""	"-1"	"-1"	"-1"	"-1"	"0"	"""christmas trees"""	"0"	"0"	"-1"	"0"	"0"	"""I love Bob"""	"1"	"-1"	"""Christmas tree"""	"""left"""	"""TRUE"""	"-1"	"""FALSE"""	"-1"	"-1"	"0"
"What is he talking about? (1-2 mins)"	"Short and fun! A 1-2 minute word game about what someone is talking about."	"experiment, psychology, game"	"$0.20"	"Mon Dec 16 21:03:30 CST 2013"	"240"	"0"	"0"	"116"	"Reviewable"	"NotReviewed"	"1 scales"	"600"	"60000"	"Mon Dec 23 21:03:30 CST 2013"	"S59920"	"Approved"	""	"""peppers"""	"""target"""	"-1"	"-1"	"-1"	"-1"	"0"	"""Perception of words"""	"0"	"0"	"-1"	"0"	"0"	"""Cute art style"""	"1"	"-1"	"""pizza"""	"""left"""	"""TRUE"""	"-1"	"""TRUE"""	"-1"	"-1"	"0"
"What is he talking about? (1-2 mins)"	"Short and fun! A 1-2 minute word game about what someone is talking about."	"experiment, psychology, game"	"$0.20"	"Mon Dec 16 21:03:30 CST 2013"	"240"	"0"	"0"	"116"	"Reviewable"	"NotReviewed"	"1 scales"	"600"	"60000"	"Mon Dec 23 21:03:30 CST 2013"	"S89059"	"Approved"	""	"""scarf"""	"""target"""	"-1"	"-1"	"-1"	"-1"	"0"	"""Snowmen"""	"0"	"0"	"-1"	"0"	"0"	""""""	"1"	"-1"	"""snowman"""	"""right"""	"""TRUE"""	"-1"	"""TRUE"""	"-1"	"-1"	"0"
"What is he talking about? (1-2 mins)"	"Short and fun! A 1-2 minute word game about what someone is talking about."	"experiment, psychology, game"	"$0.20"	"Mon Dec 16 21:03:30 CST 2013"	"240"	"0"	"0"	"116"	"Reviewable"	"NotReviewed"	"1 scales"	"600"	"60000"	"Mon Dec 23 21:03:30 CST 2013"	"S55621"	"Approved"	""	"""peppers"""	"""foil"""	"-1"	"-1"	"-1"	"-1"	"0"	"""What kind of pizza bob would like."""	"0"	"0"	"-1"	"0"	"0"	"""thank you!"""	"1"	"-1"	"""pizza"""	"""left"""	"""TRUE"""	"-1"	"""FALSE"""	"-1"	"-1"	"0"
"What is he talking about? (1-2 mins)"	"Short and fun! A 1-2 minute word game about what someone is talking about."	"experiment, psychology, game"	"$0.20"	"Mon Dec 16 21:03:30 CST 2013"	"240"	"0"	"0"	"116"	"Reviewable"	"NotReviewed"	"1 scales"	"600"	"60000"	"Mon Dec 23 21:03:30 CST 2013"	"S46240"	"Approved"	""	"""glasses"""	"""logical"""	"-1"	"-1"	"-1"	"-1"	"0"	"""Bob"""	"0"	"0"	"-1"	"0"	"0"	"""None."""	"1"	"-1"	"""friend"""	"""middle"""	"""TRUE"""	"-1"	"""FALSE"""	"-1"	"-1"	"0"
"What is he talking about? (1-2 mins)"	"Short and fun! A 1-2 minute word game about what someone is talking about."	"experiment, psychology, game"	"$0.20"	"Mon Dec 16 21:03:30 CST 2013"	"240"	"0"	"0"	"116"	"Reviewable"	"NotReviewed"	"1 scales"	"600"	"60000"	"Mon Dec 23 21:03:30 CST 2013"	"S15897"	"Approved"	""	"""ornaments"""	"""target"""	"-1"	"-1"	"-1"	"-1"	"0"	"""christmas trees"""	"0"	"0"	"-1"	"0"	"0"	"""no"""	"1"	"-1"	"""Christmas tree"""	"""left"""	"""TRUE"""	"-1"	"""TRUE"""	"-1"	"-1"	"0"
"What is he talking about? (1-2 mins)"	"Short and fun! A 1-2 minute word game about what someone is talking about."	"experiment, psychology, game"	"$0.20"	"Mon Dec 16 21:03:30 CST 2013"	"240"	"0"	"0"	"116"	"Reviewable"	"NotReviewed"	"1 scales"	"600"	"60000"	"Mon Dec 23 21:03:30 CST 2013"	"S35606"	"Approved"	""	"""sail"""	"""target"""	"-1"	"-1"	"-1"	"-1"	"0"	"""Bob likes to sail boats and every weekend he likes to sail them"""	"0"	"0"	"-1"	"0"	"0"	""""""	"1"	"-1"	"""boat"""	"""right"""	"""TRUE"""	"-1"	"""TRUE"""	"-1"	"-1"	"0"
"What is he talking about? (1-2 mins)"	"Short and fun! A 1-2 minute word game about what someone is talking about."	"experiment, psychology, game"	"$0.20"	"Mon Dec 16 21:03:30 CST 2013"	"240"	"0"	"0"	"116"	"Reviewable"	"NotReviewed"	"1 scales"	"600"	"60000"	"Mon Dec 23 21:03:30 CST 2013"	"S14797"	"Approved"	""	"""olives"""	"""target"""	"-1"	"-1"	"-1"	"-1"	"0"	"""visual representation of words"""	"0"	"0"	"-1"	"0"	"0"	""""""	"1"	"-1"	"""pizza"""	"""right"""	"""TRUE"""	"-1"	"""TRUE"""	"-1"	"-1"	"0"
"What is he talking about? (1-2 mins)"	"Short and fun! A 1-2 minute word game about what someone is talking about."	"experiment, psychology, game"	"$0.20"	"Mon Dec 16 21:03:30 CST 2013"	"240"	"0"	"0"	"116"	"Reviewable"	"NotReviewed"	"1 scales"	"600"	"60000"	"Mon Dec 23 21:03:30 CST 2013"	"S08488"	"Approved"	""	"""mittens"""	"""target"""	"-1"	"-1"	"-1"	"-1"	"0"	"""Choosing which snowman Bob was talking about."""	"0"	"0"	"-1"	"0"	"0"	""""""	"1"	"-1"	"""snowman"""	"""left"""	"""TRUE"""	"-1"	"""TRUE"""	"-1"	"-1"	"0"
"What is he talking about? (1-2 mins)"	"Short and fun! A 1-2 minute word game about what someone is talking about."	"experiment, psychology, game"	"$0.20"	"Mon Dec 16 21:03:30 CST 2013"	"240"	"0"	"0"	"116"	"Reviewable"	"NotReviewed"	"1 scales"	"600"	"60000"	"Mon Dec 23 21:03:30 CST 2013"	"S43119"	"Approved"	""	"""cherry"""	"""target"""	"-1"	"-1"	"-1"	"-1"	"0"	"""Sundaes"""	"0"	"0"	"-1"	"0"	"0"	""""""	"1"	"-1"	"""sundae"""	"""right"""	"""TRUE"""	"-1"	"""TRUE"""	"-1"	"-1"	"0"
"What is he talking about? (1-2 mins)"	"Short and fun! A 1-2 minute word game about what someone is talking about."	"experiment, psychology, game"	"$0.20"	"Mon Dec 16 21:03:30 CST 2013"	"240"	"0"	"0"	"116"	"Reviewable"	"NotReviewed"	"1 scales"	"600"	"60000"	"Mon Dec 23 21:03:30 CST 2013"	"S04115"	"Approved"	""	"""peppers"""	"""logical"""	"-1"	"-1"	"-1"	"-1"	"0"	"""Whether pizza shops should also add olives or not if the customers request peppers"""	"0"	"0"	"-1"	"0"	"0"	""""""	"1"	"-1"	"""pizza"""	"""right"""	"""TRUE"""	"-1"	"""FALSE"""	"-1"	"-1"	"0"
"What is he talking about? (1-2 mins)"	"Short and fun! A 1-2 minute word game about what someone is talking about."	"experiment, psychology, game"	"$0.20"	"Mon Dec 16 21:03:30 CST 2013"	"240"	"0"	"0"	"116"	"Reviewable"	"NotReviewed"	"1 scales"	"600"	"60000"	"Mon Dec 23 21:03:30 CST 2013"	"S84846"	"Approved"	""	"""motor"""	"""logical"""	"-1"	"-1"	"-1"	"-1"	"0"	"""cold"""	"0"	"0"	"-1"	"0"	"0"	"""monk"""	"1"	"-1"	"""boat"""	"""right"""	"""TRUE"""	"-1"	"""FALSE"""	"-1"	"-1"	"0"
"What is he talking about? (1-2 mins)"	"Short and fun! A 1-2 minute word game about what someone is talking about."	"experiment, psychology, game"	"$0.20"	"Mon Dec 16 21:03:30 CST 2013"	"240"	"0"	"0"	"116"	"Reviewable"	"NotReviewed"	"1 scales"	"600"	"60000"	"Mon Dec 23 21:03:30 CST 2013"	"S92590"	"Approved"	""	"""lights"""	"""target"""	"-1"	"-1"	"-1"	"-1"	"0"	"""identifying what a person is talking about"""	"0"	"0"	"-1"	"0"	"0"	""""""	"1"	"-1"	"""Christmas tree"""	"""middle"""	"""TRUE"""	"-1"	"""TRUE"""	"-1"	"-1"	"0"
"What is he talking about? (1-2 mins)"	"Short and fun! A 1-2 minute word game about what someone is talking about."	"experiment, psychology, game"	"$0.20"	"Mon Dec 16 21:03:30 CST 2013"	"240"	"0"	"0"	"116"	"Reviewable"	"NotReviewed"	"1 scales"	"600"	"60000"	"Mon Dec 23 21:03:30 CST 2013"	"S72803"	"Approved"	""	"""motor"""	"""target"""	"-1"	"-1"	"-1"	"-1"	"0"	"""bob liking boats"""	"0"	"0"	"-1"	"0"	"0"	""""""	"1"	"-1"	"""boat"""	"""middle"""	"""TRUE"""	"-1"	"""TRUE"""	"-1"	"-1"	"0"
"What is he talking about? (1-2 mins)"	"Short and fun! A 1-2 minute word game about what someone is talking about."	"experiment, psychology, game"	"$0.20"	"Mon Dec 16 21:03:30 CST 2013"	"240"	"0"	"0"	"116"	"Reviewable"	"NotReviewed"	"1 scales"	"600"	"60000"	"Mon Dec 23 21:03:30 CST 2013"	"S62939"	"Approved"	""	"""hat"""	"""target"""	"-1"	"-1"	"-1"	"-1"	"0"	"""How we perceive limited information?"""	"0"	"0"	"-1"	"0"	"0"	""""""	"1"	"-1"	"""friend"""	"""middle"""	"""TRUE"""	"-1"	"""TRUE"""	"-1"	"-1"	"0"
"What is he talking about? (1-2 mins)"	"Short and fun! A 1-2 minute word game about what someone is talking about."	"experiment, psychology, game"	"$0.20"	"Mon Dec 16 21:03:30 CST 2013"	"240"	"0"	"0"	"116"	"Reviewable"	"NotReviewed"	"1 scales"	"600"	"60000"	"Mon Dec 23 21:03:30 CST 2013"	"S24056"	"Approved"	""	"""hat"""	"""target"""	"-1"	"-1"	"-1"	"-1"	"0"	"""which snowman he was trying to select"""	"0"	"0"	"-1"	"0"	"0"	""""""	"1"	"-1"	"""snowman"""	"""left"""	"""TRUE"""	"-1"	"""TRUE"""	"-1"	"-1"	"0"
"What is he talking about? (1-2 mins)"	"Short and fun! A 1-2 minute word game about what someone is talking about."	"experiment, psychology, game"	"$0.20"	"Mon Dec 16 21:03:30 CST 2013"	"240"	"0"	"0"	"116"	"Reviewable"	"NotReviewed"	"1 scales"	"600"	"60000"	"Mon Dec 23 21:03:30 CST 2013"	"S10612"	"Approved"	""	"""mushrooms"""	"""target"""	"-1"	"-1"	"-1"	"-1"	"0"	"""PIZZA"""	"0"	"0"	"-1"	"0"	"0"	""""""	"1"	"-1"	"""pizza"""	"""right"""	"""TRUE"""	"-1"	"""TRUE"""	"-1"	"-1"	"0"
"What is he talking about? (1-2 mins)"	"Short and fun! A 1-2 minute word game about what someone is talking about."	"experiment, psychology, game"	"$0.20"	"Mon Dec 16 21:03:30 CST 2013"	"240"	"0"	"0"	"116"	"Reviewable"	"NotReviewed"	"1 scales"	"600"	"60000"	"Mon Dec 23 21:03:30 CST 2013"	"S54643"	"Approved"	""	"""cherry"""	"""target"""	"-1"	"-1"	"-1"	"-1"	"0"	"""Preferences"""	"0"	"0"	"-1"	"0"	"0"	""""""	"1"	"-1"	"""sundae"""	"""middle"""	"""TRUE"""	"-1"	"""TRUE"""	"-1"	"-1"	"0"
"What is he talking about? (1-2 mins)"	"Short and fun! A 1-2 minute word game about what someone is talking about."	"experiment, psychology, game"	"$0.20"	"Mon Dec 16 21:03:30 CST 2013"	"240"	"0"	"0"	"116"	"Reviewable"	"NotReviewed"	"1 scales"	"600"	"60000"	"Mon Dec 23 21:03:30 CST 2013"	"S48686"	"Approved"	""	"""ornaments"""	"""logical"""	"-1"	"-1"	"-1"	"-1"	"0"	"""christmas trees"""	"0"	"0"	"-1"	"0"	"0"	""""""	"1"	"-1"	"""Christmas tree"""	"""middle"""	"""TRUE"""	"-1"	"""FALSE"""	"-1"	"-1"	"0"
"What is he talking about? (1-2 mins)"	"Short and fun! A 1-2 minute word game about what someone is talking about."	"experiment, psychology, game"	"$0.20"	"Mon Dec 16 21:03:30 CST 2013"	"240"	"0"	"0"	"116"	"Reviewable"	"NotReviewed"	"1 scales"	"600"	"60000"	"Mon Dec 23 21:03:30 CST 2013"	"S28025"	"Approved"	""	"""mushrooms"""	"""logical"""	"-1"	"-1"	"-1"	"-1"	"0"	"""Pizzas"""	"0"	"0"	"-1"	"0"	"0"	""""""	"1"	"-1"	"""pizza"""	"""right"""	"""TRUE"""	"-1"	"""FALSE"""	"-1"	"-1"	"0"
"What is he talking about? (1-2 mins)"	"Short and fun! A 1-2 minute word game about what someone is talking about."	"experiment, psychology, game"	"$0.20"	"Mon Dec 16 21:03:30 CST 2013"	"240"	"0"	"0"	"116"	"Reviewable"	"NotReviewed"	"1 scales"	"600"	"60000"	"Mon Dec 23 21:03:30 CST 2013"	"S13086"	"Approved"	""	"""mittens"""	"""logical"""	"-1"	"-1"	"-1"	"-1"	"0"	"""Picking the snowman based on Bob's passion for snowman."""	"0"	"0"	"-1"	"0"	"0"	""""""	"1"	"-1"	"""snowman"""	"""left"""	"""TRUE"""	"-1"	"""FALSE"""	"-1"	"-1"	"0"
"What is he talking about? (1-2 mins)"	"Short and fun! A 1-2 minute word game about what someone is talking about."	"experiment, psychology, game"	"$0.20"	"Mon Dec 16 21:03:30 CST 2013"	"240"	"0"	"0"	"116"	"Reviewable"	"NotReviewed"	"1 scales"	"600"	"60000"	"Mon Dec 23 21:03:30 CST 2013"	"S59896"	"Approved"	""	"""hat"""	"""target"""	"-1"	"-1"	"-1"	"-1"	"0"	"""hats"""	"0"	"0"	"-1"	"0"	"0"	""""""	"1"	"-1"	"""snowman"""	"""right"""	"""TRUE"""	"-1"	"""TRUE"""	"-1"	"-1"	"0"
"What is he talking about? (1-2 mins)"	"Short and fun! A 1-2 minute word game about what someone is talking about."	"experiment, psychology, game"	"$0.20"	"Mon Dec 16 21:03:30 CST 2013"	"240"	"0"	"0"	"116"	"Reviewable"	"NotReviewed"	"1 scales"	"600"	"60000"	"Mon Dec 23 21:03:30 CST 2013"	"S48235"	"Approved"	""	"""star"""	"""target"""	"-1"	"-1"	"-1"	"-1"	"0"	"""Making judgements based on limited information"""	"0"	"0"	"-1"	"0"	"0"	""""""	"1"	"-1"	"""Christmas tree"""	"""middle"""	"""TRUE"""	"-1"	"""TRUE"""	"-1"	"-1"	"0"
"What is he talking about? (1-2 mins)"	"Short and fun! A 1-2 minute word game about what someone is talking about."	"experiment, psychology, game"	"$0.20"	"Mon Dec 16 21:03:30 CST 2013"	"240"	"0"	"0"	"116"	"Reviewable"	"NotReviewed"	"1 scales"	"600"	"60000"	"Mon Dec 23 21:03:30 CST 2013"	"S06171"	"Approved"	""	"""peppers"""	"""target"""	"-1"	"-1"	"-1"	"-1"	"0"	"""Pizza"""	"0"	"0"	"-1"	"0"	"0"	"""No"""	"1"	"-1"	"""pizza"""	"""middle"""	"""TRUE"""	"-1"	"""TRUE"""	"-1"	"-1"	"0"
"What is he talking about? (1-2 mins)"	"Short and fun! A 1-2 minute word game about what someone is talking about."	"experiment, psychology, game"	"$0.20"	"Mon Dec 16 21:03:30 CST 2013"	"240"	"0"	"0"	"116"	"Reviewable"	"NotReviewed"	"1 scales"	"600"	"60000"	"Mon Dec 23 21:03:30 CST 2013"	"S85623"	"Approved"	""	"""cabin"""	"""target"""	"-1"	"-1"	"-1"	"-1"	"0"	"""Boat Rentals"""	"0"	"0"	"-1"	"0"	"0"	"""no"""	"1"	"-1"	"""boat"""	"""middle"""	"""TRUE"""	"-1"	"""TRUE"""	"-1"	"-1"	"0"
"What is he talking about? (1-2 mins)"	"Short and fun! A 1-2 minute word game about what someone is talking about."	"experiment, psychology, game"	"$0.20"	"Mon Dec 16 21:03:30 CST 2013"	"240"	"0"	"0"	"116"	"Reviewable"	"NotReviewed"	"1 scales"	"600"	"60000"	"Mon Dec 23 21:03:30 CST 2013"	"S11075"	"Approved"	""	"""sail"""	"""target"""	"-1"	"-1"	"-1"	"-1"	"0"	"""bob renting boats """	"0"	"0"	"-1"	"0"	"0"	""""""	"1"	"-1"	"""boat"""	"""left"""	"""TRUE"""	"-1"	"""TRUE"""	"-1"	"-1"	"0"
"What is he talking about? (1-2 mins)"	"Short and fun! A 1-2 minute word game about what someone is talking about."	"experiment, psychology, game"	"$0.20"	"Mon Dec 16 21:03:30 CST 2013"	"240"	"0"	"0"	"116"	"Reviewable"	"NotReviewed"	"1 scales"	"600"	"60000"	"Mon Dec 23 21:03:30 CST 2013"	"S56290"	"Approved"	""	"""mushrooms"""	"""target"""	"-1"	"-1"	"-1"	"-1"	"0"	"""pizza"""	"0"	"0"	"-1"	"0"	"0"	"""none"""	"1"	"-1"	"""pizza"""	"""middle"""	"""TRUE"""	"-1"	"""TRUE"""	"-1"	"-1"	"0"
"What is he talking about? (1-2 mins)"	"Short and fun! A 1-2 minute word game about what someone is talking about."	"experiment, psychology, game"	"$0.20"	"Mon Dec 16 21:03:30 CST 2013"	"240"	"0"	"0"	"116"	"Reviewable"	"NotReviewed"	"1 scales"	"600"	"60000"	"Mon Dec 23 21:03:30 CST 2013"	"S91558"	"Approved"	""	"""olives"""	"""logical"""	"-1"	"-1"	"-1"	"-1"	"0"	"""that Bob likes to eat pizza with lots of olives on it."""	"0"	"0"	"-1"	"0"	"0"	""""""	"1"	"-1"	"""pizza"""	"""middle"""	"""TRUE"""	"-1"	"""FALSE"""	"-1"	"-1"	"0"
"What is he talking about? (1-2 mins)"	"Short and fun! A 1-2 minute word game about what someone is talking about."	"experiment, psychology, game"	"$0.20"	"Mon Dec 16 21:03:30 CST 2013"	"240"	"0"	"0"	"116"	"Reviewable"	"NotReviewed"	"1 scales"	"600"	"60000"	"Mon Dec 23 21:03:30 CST 2013"	"S94182"	"Approved"	""	"""motor"""	"""target"""	"-1"	"-1"	"-1"	"-1"	"0"	"""Bobs Boat"""	"0"	"0"	"-1"	"0"	"0"	""""""	"1"	"-1"	"""boat"""	"""right"""	"""TRUE"""	"-1"	"""TRUE"""	"-1"	"-1"	"0"
"What is he talking about? (1-2 mins)"	"Short and fun! A 1-2 minute word game about what someone is talking about."	"experiment, psychology, game"	"$0.20"	"Mon Dec 16 21:03:30 CST 2013"	"240"	"0"	"0"	"116"	"Reviewable"	"NotReviewed"	"1 scales"	"600"	"60000"	"Mon Dec 23 21:03:30 CST 2013"	"S71217"	"Approved"	""	"""star"""	"""logical"""	"-1"	"-1"	"-1"	"-1"	"0"	"""christmas tree"""	"0"	"0"	"-1"	"0"	"0"	""""""	"1"	"-1"	"""Christmas tree"""	"""left"""	"""TRUE"""	"-1"	"""FALSE"""	"-1"	"-1"	"0"
"What is he talking about? (1-2 mins)"	"Short and fun! A 1-2 minute word game about what someone is talking about."	"experiment, psychology, game"	"$0.20"	"Mon Dec 16 21:03:30 CST 2013"	"240"	"0"	"0"	"116"	"Reviewable"	"NotReviewed"	"1 scales"	"600"	"60000"	"Mon Dec 23 21:03:30 CST 2013"	"S83796"	"Approved"	""	"""hat"""	"""target"""	"-1"	"-1"	"-1"	"-1"	"0"	"""Seeing what the guy meant by what he said when faced with options."""	"0"	"0"	"-1"	"0"	"0"	"""Nope!"""	"1"	"-1"	"""friend"""	"""right"""	"""TRUE"""	"-1"	"""TRUE"""	"-1"	"-1"	"0"
"What is he talking about? (1-2 mins)"	"Short and fun! A 1-2 minute word game about what someone is talking about."	"experiment, psychology, game"	"$0.20"	"Mon Dec 16 21:03:30 CST 2013"	"240"	"0"	"0"	"116"	"Reviewable"	"NotReviewed"	"1 scales"	"600"	"60000"	"Mon Dec 23 21:03:30 CST 2013"	"S53886"	"Approved"	""	"""ornaments"""	"""logical"""	"-1"	"-1"	"-1"	"-1"	"0"	"""what people are talking about. """	"0"	"0"	"-1"	"0"	"0"	""""""	"1"	"-1"	"""Christmas tree"""	"""right"""	"""TRUE"""	"-1"	"""FALSE"""	"-1"	"-1"	"0"
"What is he talking about? (1-2 mins)"	"Short and fun! A 1-2 minute word game about what someone is talking about."	"experiment, psychology, game"	"$0.20"	"Mon Dec 16 21:03:30 CST 2013"	"240"	"0"	"0"	"116"	"Reviewable"	"NotReviewed"	"1 scales"	"600"	"60000"	"Mon Dec 23 21:03:30 CST 2013"	"S83713"	"Approved"	""	"""glasses"""	"""target"""	"-1"	"-1"	"-1"	"-1"	"0"	"""Language"""	"0"	"0"	"-1"	"0"	"0"	"""no"""	"1"	"-1"	"""friend"""	"""right"""	"""TRUE"""	"-1"	"""TRUE"""	"-1"	"-1"	"0"
"What is he talking about? (1-2 mins)"	"Short and fun! A 1-2 minute word game about what someone is talking about."	"experiment, psychology, game"	"$0.20"	"Mon Dec 16 21:03:30 CST 2013"	"240"	"0"	"0"	"116"	"Reviewable"	"NotReviewed"	"1 scales"	"600"	"60000"	"Mon Dec 23 21:03:30 CST 2013"	"S78728"	"Approved"	""	"""cabin"""	"""target"""	"-1"	"-1"	"-1"	"-1"	"0"	"""How we determine what part of an object someone is referencing."""	"0"	"0"	"-1"	"0"	"0"	"""No."""	"1"	"-1"	"""boat"""	"""middle"""	"""TRUE"""	"-1"	"""TRUE"""	"-1"	"-1"	"0"
"What is he talking about? (1-2 mins)"	"Short and fun! A 1-2 minute word game about what someone is talking about."	"experiment, psychology, game"	"$0.20"	"Mon Dec 16 21:03:30 CST 2013"	"240"	"0"	"0"	"116"	"Reviewable"	"NotReviewed"	"1 scales"	"600"	"60000"	"Mon Dec 23 21:03:30 CST 2013"	"S06408"	"Approved"	""	"""cabin"""	"""target"""	"-1"	"-1"	"-1"	"-1"	"0"	"""Bob and how we likes to sail every weekend but can only say one word."""	"0"	"0"	"-1"	"0"	"0"	"""Fun survey."""	"1"	"-1"	"""boat"""	"""middle"""	"""TRUE"""	"-1"	"""TRUE"""	"-1"	"-1"	"0"
"What is he talking about? (1-2 mins)"	"Short and fun! A 1-2 minute word game about what someone is talking about."	"experiment, psychology, game"	"$0.20"	"Mon Dec 16 21:03:30 CST 2013"	"240"	"0"	"0"	"116"	"Reviewable"	"NotReviewed"	"1 scales"	"600"	"60000"	"Mon Dec 23 21:03:30 CST 2013"	"S37303"	"Approved"	""	"""sail"""	"""target"""	"-1"	"-1"	"-1"	"-1"	"0"	"""what people say and mean"""	"0"	"0"	"-1"	"0"	"0"	""""""	"1"	"-1"	"""boat"""	"""left"""	"""TRUE"""	"-1"	"""TRUE"""	"-1"	"-1"	"0"
"What is he talking about? (1-2 mins)"	"Short and fun! A 1-2 minute word game about what someone is talking about."	"experiment, psychology, game"	"$0.20"	"Mon Dec 16 21:03:30 CST 2013"	"240"	"0"	"0"	"116"	"Reviewable"	"NotReviewed"	"1 scales"	"600"	"60000"	"Mon Dec 23 21:03:30 CST 2013"	"S74053"	"Approved"	""	"""lights"""	"""logical"""	"-1"	"-1"	"-1"	"-1"	"0"	"""Which tree Bob was talking about."""	"0"	"0"	"-1"	"0"	"0"	"""Nope!"""	"1"	"-1"	"""Christmas tree"""	"""left"""	"""TRUE"""	"-1"	"""FALSE"""	"-1"	"-1"	"0"
"What is he talking about? (1-2 mins)"	"Short and fun! A 1-2 minute word game about what someone is talking about."	"experiment, psychology, game"	"$0.20"	"Mon Dec 16 21:03:30 CST 2013"	"240"	"0"	"0"	"116"	"Reviewable"	"NotReviewed"	"1 scales"	"600"	"60000"	"Mon Dec 23 21:03:30 CST 2013"	"S85103"	"Approved"	""	"""chocolate"""	"""target"""	"-1"	"-1"	"-1"	"-1"	"0"	"""Selecting Bob's Sundae"""	"0"	"0"	"-1"	"0"	"0"	""""""	"1"	"-1"	"""sundae"""	"""left"""	"""TRUE"""	"-1"	"""TRUE"""	"-1"	"-1"	"0"
"What is he talking about? (1-2 mins)"	"Short and fun! A 1-2 minute word game about what someone is talking about."	"experiment, psychology, game"	"$0.20"	"Mon Dec 16 21:03:30 CST 2013"	"240"	"0"	"0"	"116"	"Reviewable"	"NotReviewed"	"1 scales"	"600"	"60000"	"Mon Dec 23 21:03:30 CST 2013"	"S50252"	"Approved"	""	"""peppers"""	"""target"""	"-1"	"-1"	"-1"	"-1"	"0"	"""What kind of pizza Bob likes to eat."""	"0"	"0"	"-1"	"0"	"0"	""""""	"1"	"-1"	"""pizza"""	"""middle"""	"""TRUE"""	"-1"	"""TRUE"""	"-1"	"-1"	"0"
"What is he talking about? (1-2 mins)"	"Short and fun! A 1-2 minute word game about what someone is talking about."	"experiment, psychology, game"	"$0.20"	"Mon Dec 16 21:03:30 CST 2013"	"240"	"0"	"0"	"116"	"Reviewable"	"NotReviewed"	"1 scales"	"600"	"60000"	"Mon Dec 23 21:03:30 CST 2013"	"S07360"	"Approved"	""	"""ornaments"""	"""target"""	"-1"	"-1"	"-1"	"-1"	"0"	"""Bob and his trimmed trees"""	"0"	"0"	"-1"	"0"	"0"	"""Nope"""	"1"	"-1"	"""Christmas tree"""	"""middle"""	"""TRUE"""	"-1"	"""TRUE"""	"-1"	"-1"	"0"
"What is he talking about? (1-2 mins)"	"Short and fun! A 1-2 minute word game about what someone is talking about."	"experiment, psychology, game"	"$0.20"	"Mon Dec 16 21:03:30 CST 2013"	"240"	"0"	"0"	"116"	"Reviewable"	"NotReviewed"	"1 scales"	"600"	"60000"	"Mon Dec 23 21:03:30 CST 2013"	"S94708"	"Approved"	""	"""olives"""	"""target"""	"-1"	"-1"	"-1"	"-1"	"0"	"""Language"""	"0"	"0"	"-1"	"0"	"0"	""""""	"1"	"-1"	"""pizza"""	"""right"""	"""TRUE"""	"-1"	"""TRUE"""	"-1"	"-1"	"0"
"What is he talking about? (1-2 mins)"	"Short and fun! A 1-2 minute word game about what someone is talking about."	"experiment, psychology, game"	"$0.20"	"Mon Dec 16 21:03:30 CST 2013"	"240"	"0"	"0"	"116"	"Reviewable"	"NotReviewed"	"1 scales"	"600"	"60000"	"Mon Dec 23 21:03:30 CST 2013"	"S45867"	"Approved"	""	"""cabin"""	"""logical"""	"-1"	"-1"	"-1"	"-1"	"0"	"""what kind of boats bob likes"""	"0"	"0"	"-1"	"0"	"0"	""""""	"1"	"-1"	"""boat"""	"""middle"""	"""TRUE"""	"-1"	"""FALSE"""	"-1"	"-1"	"0"
"What is he talking about? (1-2 mins)"	"Short and fun! A 1-2 minute word game about what someone is talking about."	"experiment, psychology, game"	"$0.20"	"Mon Dec 16 21:03:30 CST 2013"	"240"	"0"	"0"	"116"	"Reviewable"	"NotReviewed"	"1 scales"	"600"	"60000"	"Mon Dec 23 21:03:30 CST 2013"	"S40780"	"Approved"	""	"""whipped cream"""	"""target"""	"-1"	"-1"	"-1"	"-1"	"0"	"""language"""	"0"	"0"	"-1"	"0"	"0"	"""thanks, this was fun"""	"1"	"-1"	"""sundae"""	"""right"""	"""TRUE"""	"-1"	"""TRUE"""	"-1"	"-1"	"0"
"What is he talking about? (1-2 mins)"	"Short and fun! A 1-2 minute word game about what someone is talking about."	"experiment, psychology, game"	"$0.20"	"Mon Dec 16 21:03:30 CST 2013"	"240"	"0"	"0"	"116"	"Reviewable"	"NotReviewed"	"1 scales"	"600"	"60000"	"Mon Dec 23 21:03:30 CST 2013"	"S69351"	"Approved"	""	"""olives"""	"""target"""	"-1"	"-1"	"-1"	"-1"	"0"	"""food"""	"0"	"0"	"-1"	"0"	"0"	""""""	"1"	"-1"	"""pizza"""	"""right"""	"""TRUE"""	"-1"	"""TRUE"""	"-1"	"-1"	"0"
"What is he talking about? (1-2 mins)"	"Short and fun! A 1-2 minute word game about what someone is talking about."	"experiment, psychology, game"	"$0.20"	"Mon Dec 16 21:03:30 CST 2013"	"240"	"0"	"0"	"116"	"Reviewable"	"NotReviewed"	"1 scales"	"600"	"60000"	"Mon Dec 23 21:03:30 CST 2013"	"S09864"	"Approved"	""	"""hat"""	"""target"""	"-1"	"-1"	"-1"	"-1"	"0"	"""Bob meeting his friend"""	"0"	"0"	"-1"	"0"	"0"	"""Thank you for your survey!"""	"1"	"-1"	"""friend"""	"""left"""	"""TRUE"""	"-1"	"""TRUE"""	"-1"	"-1"	"0"
"What is he talking about? (1-2 mins)"	"Short and fun! A 1-2 minute word game about what someone is talking about."	"experiment, psychology, game"	"$0.20"	"Mon Dec 16 21:03:30 CST 2013"	"240"	"0"	"0"	"116"	"Reviewable"	"NotReviewed"	"1 scales"	"600"	"60000"	"Mon Dec 23 21:03:30 CST 2013"	"S71795"	"Approved"	""	"""peppers"""	"""logical"""	"-1"	"-1"	"-1"	"-1"	"0"	"""what people intend"""	"0"	"0"	"-1"	"0"	"0"	""""""	"1"	"-1"	"""pizza"""	"""middle"""	"""TRUE"""	"-1"	"""FALSE"""	"-1"	"-1"	"0"
"What is he talking about? (1-2 mins)"	"Short and fun! A 1-2 minute word game about what someone is talking about."	"experiment, psychology, game"	"$0.20"	"Mon Dec 16 21:03:30 CST 2013"	"240"	"0"	"0"	"116"	"Reviewable"	"NotReviewed"	"1 scales"	"600"	"60000"	"Mon Dec 23 21:03:30 CST 2013"	"S20592"	"Approved"	""	"""olives"""	"""target"""	"-1"	"-1"	"-1"	"-1"	"0"	"""Bob's speech"""	"0"	"0"	"-1"	"0"	"0"	""""""	"1"	"-1"	"""pizza"""	"""left"""	"""TRUE"""	"-1"	"""TRUE"""	"-1"	"-1"	"0"
"What is he talking about? (1-2 mins)"	"Short and fun! A 1-2 minute word game about what someone is talking about."	"experiment, psychology, game"	"$0.20"	"Mon Dec 16 21:03:30 CST 2013"	"240"	"0"	"0"	"116"	"Reviewable"	"NotReviewed"	"1 scales"	"600"	"60000"	"Mon Dec 23 21:03:30 CST 2013"	"S48682"	"Approved"	""	"""cherry"""	"""logical"""	"-1"	"-1"	"-1"	"-1"	"0"	"""Sundaes! And  cherry"""	"0"	"0"	"-1"	"0"	"0"	""""""	"1"	"-1"	"""sundae"""	"""left"""	"""TRUE"""	"-1"	"""FALSE"""	"-1"	"-1"	"0"
"What is he talking about? (1-2 mins)"	"Short and fun! A 1-2 minute word game about what someone is talking about."	"experiment, psychology, game"	"$0.20"	"Mon Dec 16 21:03:30 CST 2013"	"240"	"0"	"0"	"116"	"Reviewable"	"NotReviewed"	"1 scales"	"600"	"60000"	"Mon Dec 23 21:03:30 CST 2013"	"S59699"	"Approved"	""	"""hat"""	"""target"""	"-1"	"-1"	"-1"	"-1"	"0"	"""Bob's snowman - language comprehension."""	"0"	"0"	"-1"	"0"	"0"	""""""	"1"	"-1"	"""snowman"""	"""middle"""	"""TRUE"""	"-1"	"""TRUE"""	"-1"	"-1"	"0"
"What is he talking about? (1-2 mins)"	"Short and fun! A 1-2 minute word game about what someone is talking about."	"experiment, psychology, game"	"$0.20"	"Mon Dec 16 21:03:30 CST 2013"	"240"	"0"	"0"	"116"	"Reviewable"	"NotReviewed"	"1 scales"	"600"	"60000"	"Mon Dec 23 21:03:30 CST 2013"	"S28835"	"Approved"	""	"""lights"""	"""target"""	"-1"	"-1"	"-1"	"-1"	"0"	"""what is bob talking about"""	"0"	"0"	"-1"	"0"	"0"	""""""	"1"	"-1"	"""Christmas tree"""	"""right"""	"""TRUE"""	"-1"	"""TRUE"""	"-1"	"-1"	"0"
"What is he talking about? (1-2 mins)"	"Short and fun! A 1-2 minute word game about what someone is talking about."	"experiment, psychology, game"	"$0.20"	"Mon Dec 16 21:03:30 CST 2013"	"240"	"0"	"0"	"116"	"Reviewable"	"NotReviewed"	"1 scales"	"600"	"60000"	"Mon Dec 23 21:03:30 CST 2013"	"S15281"	"Approved"	""	"""mustache"""	"""target"""	"-1"	"-1"	"-1"	"-1"	"0"	"""mustaches"""	"0"	"0"	"-1"	"0"	"0"	""""""	"1"	"-1"	"""friend"""	"""left"""	"""TRUE"""	"-1"	"""TRUE"""	"-1"	"-1"	"0"
"What is he talking about? (1-2 mins)"	"Short and fun! A 1-2 minute word game about what someone is talking about."	"experiment, psychology, game"	"$0.20"	"Mon Dec 16 21:03:30 CST 2013"	"240"	"0"	"0"	"116"	"Reviewable"	"NotReviewed"	"1 scales"	"600"	"60000"	"Mon Dec 23 21:03:30 CST 2013"	"S80491"	"Approved"	""	"""cherry"""	"""target"""	"-1"	"-1"	"-1"	"-1"	"0"	"""Communicating which sundae was eaten using only one word."""	"0"	"0"	"-1"	"0"	"0"	"""If Bob was smart about his answer I think I was right. Two sundaes had the cherry, but choice B was the only one with the chocolate so he should have said that of he wanted to indicate B."""	"1"	"-1"	"""sundae"""	"""right"""	"""TRUE"""	"-1"	"""TRUE"""	"-1"	"-1"	"0"
"What is he talking about? (1-2 mins)"	"Short and fun! A 1-2 minute word game about what someone is talking about."	"experiment, psychology, game"	"$0.20"	"Mon Dec 16 21:03:30 CST 2013"	"240"	"0"	"0"	"116"	"Reviewable"	"NotReviewed"	"1 scales"	"600"	"60000"	"Mon Dec 23 21:03:30 CST 2013"	"S33477"	"Approved"	""	"""glasses"""	"""target"""	"-1"	"-1"	"-1"	"-1"	"0"	"""Figuring out which friend Bob was talking about"""	"0"	"0"	"-1"	"0"	"0"	""""""	"1"	"-1"	"""friend"""	"""right"""	"""TRUE"""	"-1"	"""TRUE"""	"-1"	"-1"	"0"
"What is he talking about? (1-2 mins)"	"Short and fun! A 1-2 minute word game about what someone is talking about."	"experiment, psychology, game"	"$0.20"	"Mon Dec 16 21:03:30 CST 2013"	"240"	"0"	"0"	"116"	"Reviewable"	"NotReviewed"	"1 scales"	"600"	"60000"	"Mon Dec 23 21:03:30 CST 2013"	"S84298"	"Approved"	""	"""peppers"""	"""target"""	"-1"	"-1"	"-1"	"-1"	"0"	"""Words"""	"0"	"0"	"-1"	"0"	"0"	""""""	"1"	"-1"	"""pizza"""	"""left"""	"""TRUE"""	"-1"	"""TRUE"""	"-1"	"-1"	"0"
"What is he talking about? (1-2 mins)"	"Short and fun! A 1-2 minute word game about what someone is talking about."	"experiment, psychology, game"	"$0.20"	"Mon Dec 16 21:03:30 CST 2013"	"240"	"0"	"0"	"116"	"Reviewable"	"NotReviewed"	"1 scales"	"600"	"60000"	"Mon Dec 23 21:03:30 CST 2013"	"S57904"	"Approved"	""	"""mittens"""	"""target"""	"-1"	"-1"	"-1"	"-1"	"0"	"""I was introduced to a person who can only speak one word to me and I have to guess what he meant based on what he's said previously. """	"0"	"0"	"-1"	"0"	"0"	"""Thanks!"""	"1"	"-1"	"""snowman"""	"""middle"""	"""TRUE"""	"-1"	"""TRUE"""	"-1"	"-1"	"0"
"What is he talking about? (1-2 mins)"	"Short and fun! A 1-2 minute word game about what someone is talking about."	"experiment, psychology, game"	"$0.20"	"Mon Dec 16 21:03:30 CST 2013"	"240"	"0"	"0"	"116"	"Reviewable"	"NotReviewed"	"1 scales"	"600"	"60000"	"Mon Dec 23 21:03:30 CST 2013"	"S80347"	"Approved"	""	"""cherry"""	"""target"""	"-1"	"-1"	"-1"	"-1"	"0"	"""cherry"""	"0"	"0"	"-1"	"0"	"0"	"""no"""	"1"	"-1"	"""sundae"""	"""left"""	"""TRUE"""	"-1"	"""TRUE"""	"-1"	"-1"	"0"
"What is he talking about? (1-2 mins)"	"Short and fun! A 1-2 minute word game about what someone is talking about."	"experiment, psychology, game"	"$0.20"	"Mon Dec 16 21:03:30 CST 2013"	"240"	"0"	"0"	"116"	"Reviewable"	"NotReviewed"	"1 scales"	"600"	"60000"	"Mon Dec 23 21:03:30 CST 2013"	"S44315"	"Approved"	""	"""whipped cream"""	"""logical"""	"-1"	"-1"	"-1"	"-1"	"0"	"""How people precieve communcation."""	"0"	"0"	"-1"	"0"	"0"	"""Thank You, very cool. """	"1"	"-1"	"""sundae"""	"""right"""	"""TRUE"""	"-1"	"""FALSE"""	"-1"	"-1"	"0"
"What is he talking about? (1-2 mins)"	"Short and fun! A 1-2 minute word game about what someone is talking about."	"experiment, psychology, game"	"$0.20"	"Mon Dec 16 21:03:30 CST 2013"	"240"	"0"	"0"	"116"	"Reviewable"	"NotReviewed"	"1 scales"	"600"	"60000"	"Mon Dec 23 21:03:30 CST 2013"	"S87039"	"Approved"	""	"""lights"""	"""logical"""	"-1"	"-1"	"-1"	"-1"	"0"	"""how you perceive facts about bob"""	"0"	"0"	"-1"	"0"	"0"	""""""	"1"	"-1"	"""Christmas tree"""	"""left"""	"""TRUE"""	"-1"	"""FALSE"""	"-1"	"-1"	"0"
"What is he talking about? (1-2 mins)"	"Short and fun! A 1-2 minute word game about what someone is talking about."	"experiment, psychology, game"	"$0.20"	"Mon Dec 16 21:03:30 CST 2013"	"240"	"0"	"0"	"116"	"Reviewable"	"NotReviewed"	"1 scales"	"600"	"60000"	"Mon Dec 23 21:03:30 CST 2013"	"S63401"	"Approved"	""	"""ornaments"""	"""logical"""	"-1"	"-1"	"-1"	"-1"	"0"	"""What is he talking about?"""	"0"	"0"	"-1"	"0"	"0"	"""ty"""	"1"	"-1"	"""Christmas tree"""	"""right"""	"""TRUE"""	"-1"	"""FALSE"""	"-1"	"-1"	"0"
"What is he talking about? (1-2 mins)"	"Short and fun! A 1-2 minute word game about what someone is talking about."	"experiment, psychology, game"	"$0.20"	"Mon Dec 16 21:03:30 CST 2013"	"240"	"0"	"0"	"116"	"Reviewable"	"NotReviewed"	"1 scales"	"600"	"60000"	"Mon Dec 23 21:03:30 CST 2013"	"S75030"	"Approved"	""	"""cherry"""	"""target"""	"-1"	"-1"	"-1"	"-1"	"0"	"""Sundaes"""	"0"	"0"	"-1"	"0"	"0"	""""""	"1"	"-1"	"""sundae"""	"""middle"""	"""TRUE"""	"-1"	"""TRUE"""	"-1"	"-1"	"0"
"What is he talking about? (1-2 mins)"	"Short and fun! A 1-2 minute word game about what someone is talking about."	"experiment, psychology, game"	"$0.20"	"Mon Dec 16 21:03:30 CST 2013"	"240"	"0"	"0"	"116"	"Reviewable"	"NotReviewed"	"1 scales"	"600"	"60000"	"Mon Dec 23 21:03:30 CST 2013"	"S88850"	"Approved"	""	"""ornaments"""	"""target"""	"-1"	"-1"	"-1"	"-1"	"0"	"""Learning about Bob and choosing what I think he's trying to tell me when he says a single word."""	"0"	"0"	"-1"	"0"	"0"	"""Everything went well, thank you."""	"1"	"-1"	"""Christmas tree"""	"""right"""	"""TRUE"""	"-1"	"""TRUE"""	"-1"	"-1"	"0"
"What is he talking about? (1-2 mins)"	"Short and fun! A 1-2 minute word game about what someone is talking about."	"experiment, psychology, game"	"$0.20"	"Mon Dec 16 21:03:30 CST 2013"	"240"	"0"	"0"	"116"	"Reviewable"	"NotReviewed"	"1 scales"	"600"	"60000"	"Mon Dec 23 21:03:30 CST 2013"	"S37347"	"Approved"	""	"""cherry"""	"""logical"""	"-1"	"-1"	"-1"	"-1"	"0"	"""sundays"""	"0"	"0"	"-1"	"0"	"0"	""""""	"1"	"-1"	"""sundae"""	"""right"""	"""TRUE"""	"-1"	"""FALSE"""	"-1"	"-1"	"0"
"What is he talking about? (1-2 mins)"	"Short and fun! A 1-2 minute word game about what someone is talking about."	"experiment, psychology, game"	"$0.20"	"Mon Dec 16 21:03:30 CST 2013"	"240"	"0"	"0"	"116"	"Reviewable"	"NotReviewed"	"1 scales"	"600"	"60000"	"Mon Dec 23 21:03:30 CST 2013"	"S97928"	"Approved"	""	"""lights"""	"""logical"""	"-1"	"-1"	"-1"	"-1"	"0"	"""Language and Cognition"""	"0"	"0"	"-1"	"0"	"0"	""""""	"1"	"-1"	"""Christmas tree"""	"""right"""	"""TRUE"""	"-1"	"""FALSE"""	"-1"	"-1"	"0"
"What is he talking about? (1-2 mins)"	"Short and fun! A 1-2 minute word game about what someone is talking about."	"experiment, psychology, game"	"$0.20"	"Mon Dec 16 21:03:30 CST 2013"	"240"	"0"	"0"	"116"	"Reviewable"	"NotReviewed"	"1 scales"	"600"	"60000"	"Mon Dec 23 21:03:30 CST 2013"	"S86565"	"Approved"	""	"""ornaments"""	"""logical"""	"-1"	"-1"	"-1"	"-1"	"0"	"""Picking a christmas tree with on word."""	"0"	"0"	"-1"	"0"	"0"	""""""	"1"	"-1"	"""Christmas tree"""	"""right"""	"""TRUE"""	"-1"	"""FALSE"""	"-1"	"-1"	"0"
"What is he talking about? (1-2 mins)"	"Short and fun! A 1-2 minute word game about what someone is talking about."	"experiment, psychology, game"	"$0.20"	"Mon Dec 16 21:03:30 CST 2013"	"240"	"0"	"0"	"116"	"Reviewable"	"NotReviewed"	"1 scales"	"600"	"60000"	"Mon Dec 23 21:03:30 CST 2013"	"S85666"	"Approved"	""	"""cherry"""	"""target"""	"-1"	"-1"	"-1"	"-1"	"0"	"""how you think about categorization"""	"0"	"0"	"-1"	"0"	"0"	"""none, thanks !"""	"1"	"-1"	"""sundae"""	"""middle"""	"""TRUE"""	"-1"	"""TRUE"""	"-1"	"-1"	"0"
"What is he talking about? (1-2 mins)"	"Short and fun! A 1-2 minute word game about what someone is talking about."	"experiment, psychology, game"	"$0.20"	"Mon Dec 16 21:03:30 CST 2013"	"240"	"0"	"0"	"116"	"Reviewable"	"NotReviewed"	"1 scales"	"600"	"60000"	"Mon Dec 23 21:03:30 CST 2013"	"S28210"	"Approved"	""	"""cabin"""	"""foil"""	"-1"	"-1"	"-1"	"-1"	"0"	"""Sailboats"""	"0"	"0"	"-1"	"0"	"0"	""""""	"1"	"-1"	"""boat"""	"""right"""	"""TRUE"""	"-1"	"""FALSE"""	"-1"	"-1"	"0"
"What is he talking about? (1-2 mins)"	"Short and fun! A 1-2 minute word game about what someone is talking about."	"experiment, psychology, game"	"$0.20"	"Mon Dec 16 21:03:30 CST 2013"	"240"	"0"	"0"	"116"	"Reviewable"	"NotReviewed"	"1 scales"	"600"	"60000"	"Mon Dec 23 21:03:30 CST 2013"	"S44346"	"Approved"	""	"""ornaments"""	"""target"""	"-1"	"-1"	"-1"	"-1"	"0"	"""Interpreting choices"""	"0"	"0"	"-1"	"0"	"0"	""""""	"1"	"-1"	"""Christmas tree"""	"""right"""	"""TRUE"""	"-1"	"""TRUE"""	"-1"	"-1"	"0"
"What is he talking about? (1-2 mins)"	"Short and fun! A 1-2 minute word game about what someone is talking about."	"experiment, psychology, game"	"$0.20"	"Mon Dec 16 21:03:30 CST 2013"	"240"	"0"	"0"	"116"	"Reviewable"	"NotReviewed"	"1 scales"	"600"	"60000"	"Mon Dec 23 21:03:30 CST 2013"	"S67630"	"Approved"	""	"""sail"""	"""target"""	"-1"	"-1"	"-1"	"-1"	"0"	"""language"""	"0"	"0"	"-1"	"0"	"0"	""""""	"1"	"-1"	"""boat"""	"""right"""	"""TRUE"""	"-1"	"""TRUE"""	"-1"	"-1"	"0"
"What is he talking about? (1-2 mins)"	"Short and fun! A 1-2 minute word game about what someone is talking about."	"experiment, psychology, game"	"$0.20"	"Mon Dec 16 21:03:30 CST 2013"	"240"	"0"	"0"	"116"	"Reviewable"	"NotReviewed"	"1 scales"	"600"	"60000"	"Mon Dec 23 21:03:30 CST 2013"	"S50312"	"Approved"	""	"""sail"""	"""target"""	"-1"	"-1"	"-1"	"-1"	"0"	"""To decide which boat Bob is referring to based on limited information."""	"0"	"0"	"-1"	"0"	"0"	"""Fun task, would do more like it."""	"1"	"-1"	"""boat"""	"""right"""	"""TRUE"""	"-1"	"""TRUE"""	"-1"	"-1"	"0"
"What is he talking about? (1-2 mins)"	"Short and fun! A 1-2 minute word game about what someone is talking about."	"experiment, psychology, game"	"$0.20"	"Mon Dec 16 21:03:30 CST 2013"	"240"	"0"	"0"	"116"	"Reviewable"	"NotReviewed"	"1 scales"	"600"	"60000"	"Mon Dec 23 21:03:30 CST 2013"	"S86183"	"Approved"	""	"""hat"""	"""target"""	"-1"	"-1"	"-1"	"-1"	"0"	"""No clue."""	"0"	"0"	"-1"	"0"	"0"	"""No."""	"1"	"-1"	"""friend"""	"""middle"""	"""TRUE"""	"-1"	"""TRUE"""	"-1"	"-1"	"0"
"What is he talking about? (1-2 mins)"	"Short and fun! A 1-2 minute word game about what someone is talking about."	"experiment, psychology, game"	"$0.20"	"Mon Dec 16 21:03:30 CST 2013"	"240"	"0"	"0"	"116"	"Reviewable"	"NotReviewed"	"1 scales"	"600"	"60000"	"Mon Dec 23 21:03:30 CST 2013"	"S28891"	"Approved"	""	"""lights"""	"""logical"""	"-1"	"-1"	"-1"	"-1"	"0"	"""bob trimming christmas trees"""	"0"	"0"	"-1"	"0"	"0"	""""""	"1"	"-1"	"""Christmas tree"""	"""right"""	"""TRUE"""	"-1"	"""FALSE"""	"-1"	"-1"	"0"
"What is he talking about? (1-2 mins)"	"Short and fun! A 1-2 minute word game about what someone is talking about."	"experiment, psychology, game"	"$0.20"	"Mon Dec 16 21:03:30 CST 2013"	"240"	"0"	"0"	"116"	"Reviewable"	"NotReviewed"	"1 scales"	"600"	"60000"	"Mon Dec 23 21:03:30 CST 2013"	"S78747"	"Approved"	""	"""cherry"""	"""target"""	"-1"	"-1"	"-1"	"-1"	"0"	"""Studying how people understand the meaning & context of what other's say."""	"0"	"0"	"-1"	"0"	"0"	""""""	"1"	"-1"	"""sundae"""	"""left"""	"""FALSE"""	"-1"	"""TRUE"""	"-1"	"-1"	"0"
"What is he talking about? (1-2 mins)"	"Short and fun! A 1-2 minute word game about what someone is talking about."	"experiment, psychology, game"	"$0.20"	"Mon Dec 16 21:03:30 CST 2013"	"240"	"0"	"0"	"116"	"Reviewable"	"NotReviewed"	"1 scales"	"600"	"60000"	"Mon Dec 23 21:03:30 CST 2013"	"S94070"	"Approved"	""	"""sail"""	"""target"""	"-1"	"-1"	"-1"	"-1"	"0"	"""Assuming what someone means with minimal information"""	"0"	"0"	"-1"	"0"	"0"	"""Interesting study"""	"1"	"-1"	"""boat"""	"""right"""	"""TRUE"""	"-1"	"""TRUE"""	"-1"	"-1"	"0"
"What is he talking about? (1-2 mins)"	"Short and fun! A 1-2 minute word game about what someone is talking about."	"experiment, psychology, game"	"$0.20"	"Mon Dec 16 21:03:30 CST 2013"	"240"	"0"	"0"	"116"	"Reviewable"	"NotReviewed"	"1 scales"	"600"	"60000"	"Mon Dec 23 21:03:30 CST 2013"	"S95242"	"Approved"	""	"""mustache"""	"""target"""	"-1"	"-1"	"-1"	"-1"	"0"	"""Bob and his friends, trying to understand how people understand language."""	"0"	"0"	"-1"	"0"	"0"	"""I enjoy these HITs."""	"1"	"-1"	"""friend"""	"""left"""	"""TRUE"""	"-1"	"""TRUE"""	"-1"	"-1"	"0"
"What is he talking about? (1-2 mins)"	"Short and fun! A 1-2 minute word game about what someone is talking about."	"experiment, psychology, game"	"$0.20"	"Mon Dec 16 21:03:30 CST 2013"	"240"	"0"	"0"	"116"	"Reviewable"	"NotReviewed"	"1 scales"	"600"	"60000"	"Mon Dec 23 21:03:30 CST 2013"	"S16853"	"Approved"	""	"""olives"""	"""logical"""	"-1"	"-1"	"-1"	"-1"	"0"	"""Olives"""	"0"	"0"	"-1"	"0"	"0"	"""na"""	"1"	"-1"	"""pizza"""	"""left"""	"""TRUE"""	"-1"	"""FALSE"""	"-1"	"-1"	"0"
"What is he talking about? (1-2 mins)"	"Short and fun! A 1-2 minute word game about what someone is talking about."	"experiment, psychology, game"	"$0.20"	"Mon Dec 16 21:03:30 CST 2013"	"240"	"0"	"0"	"116"	"Reviewable"	"NotReviewed"	"1 scales"	"600"	"60000"	"Mon Dec 23 21:03:30 CST 2013"	"S06870"	"Approved"	""	"""ornaments"""	"""logical"""	"-1"	"-1"	"-1"	"-1"	"0"	"""Perceptions"""	"0"	"0"	"-1"	"0"	"0"	""""""	"1"	"-1"	"""Christmas tree"""	"""left"""	"""TRUE"""	"-1"	"""FALSE"""	"-1"	"-1"	"0"
"What is he talking about? (1-2 mins)"	"Short and fun! A 1-2 minute word game about what someone is talking about."	"experiment, psychology, game"	"$0.20"	"Mon Dec 16 21:03:30 CST 2013"	"240"	"0"	"0"	"116"	"Reviewable"	"NotReviewed"	"1 scales"	"600"	"60000"	"Mon Dec 23 21:03:30 CST 2013"	"S99836"	"Approved"	""	"""mittens"""	"""logical"""	"-1"	"-1"	"-1"	"-1"	"0"	"""snowmen and mittens"""	"0"	"0"	"-1"	"0"	"0"	""""""	"1"	"-1"	"""snowman"""	"""left"""	"""TRUE"""	"-1"	"""FALSE"""	"-1"	"-1"	"0"
"What is he talking about? (1-2 mins)"	"Short and fun! A 1-2 minute word game about what someone is talking about."	"experiment, psychology, game"	"$0.20"	"Mon Dec 16 21:03:30 CST 2013"	"240"	"0"	"0"	"116"	"Reviewable"	"NotReviewed"	"1 scales"	"600"	"60000"	"Mon Dec 23 21:03:30 CST 2013"	"S97167"	"Approved"	""	"""mustache"""	"""target"""	"-1"	"-1"	"-1"	"-1"	"0"	"""Appearance and nicknames"""	"0"	"0"	"-1"	"0"	"0"	"""No"""	"1"	"-1"	"""friend"""	"""right"""	"""TRUE"""	"-1"	"""TRUE"""	"-1"	"-1"	"0"
"What is he talking about? (1-2 mins)"	"Short and fun! A 1-2 minute word game about what someone is talking about."	"experiment, psychology, game"	"$0.20"	"Mon Dec 16 21:03:30 CST 2013"	"240"	"0"	"0"	"116"	"Reviewable"	"NotReviewed"	"1 scales"	"600"	"60000"	"Mon Dec 23 21:03:30 CST 2013"	"S43284"	"Approved"	""	"""cherry"""	"""target"""	"-1"	"-1"	"-1"	"-1"	"0"	"""Figuring out a choice with little information. Problem solving."""	"0"	"0"	"-1"	"0"	"0"	"""no"""	"1"	"-1"	"""sundae"""	"""right"""	"""TRUE"""	"-1"	"""TRUE"""	"-1"	"-1"	"0"
"What is he talking about? (1-2 mins)"	"Short and fun! A 1-2 minute word game about what someone is talking about."	"experiment, psychology, game"	"$0.20"	"Mon Dec 16 21:03:30 CST 2013"	"240"	"0"	"0"	"116"	"Reviewable"	"NotReviewed"	"1 scales"	"600"	"60000"	"Mon Dec 23 21:03:30 CST 2013"	"S73627"	"Approved"	""	"""mittens"""	"""foil"""	"-1"	"-1"	"-1"	"-1"	"0"	"""perception"""	"0"	"0"	"-1"	"0"	"0"	""""""	"1"	"-1"	"""snowman"""	"""left"""	"""TRUE"""	"-1"	"""FALSE"""	"-1"	"-1"	"0"
"What is he talking about? (1-2 mins)"	"Short and fun! A 1-2 minute word game about what someone is talking about."	"experiment, psychology, game"	"$0.20"	"Mon Dec 16 21:03:30 CST 2013"	"240"	"0"	"0"	"116"	"Reviewable"	"NotReviewed"	"1 scales"	"600"	"60000"	"Mon Dec 23 21:03:30 CST 2013"	"S73498"	"Approved"	""	"""mushrooms"""	"""target"""	"-1"	"-1"	"-1"	"-1"	"0"	"""communication."""	"0"	"0"	"-1"	"0"	"0"	"""No comments."""	"1"	"-1"	"""pizza"""	"""right"""	"""TRUE"""	"-1"	"""TRUE"""	"-1"	"-1"	"0"
"What is he talking about? (1-2 mins)"	"Short and fun! A 1-2 minute word game about what someone is talking about."	"experiment, psychology, game"	"$0.20"	"Mon Dec 16 21:03:30 CST 2013"	"240"	"0"	"0"	"116"	"Reviewable"	"NotReviewed"	"1 scales"	"600"	"60000"	"Mon Dec 23 21:03:30 CST 2013"	"S15158"	"Approved"	""	"""scarf"""	"""target"""	"-1"	"-1"	"-1"	"-1"	"0"	"""Language use"""	"0"	"0"	"-1"	"0"	"0"	"""no"""	"1"	"-1"	"""snowman"""	"""left"""	"""TRUE"""	"-1"	"""TRUE"""	"-1"	"-1"	"0"
"What is he talking about? (1-2 mins)"	"Short and fun! A 1-2 minute word game about what someone is talking about."	"experiment, psychology, game"	"$0.20"	"Mon Dec 16 21:03:30 CST 2013"	"240"	"0"	"0"	"116"	"Reviewable"	"NotReviewed"	"1 scales"	"600"	"60000"	"Mon Dec 23 21:03:30 CST 2013"	"S88212"	"Approved"	""	"""lights"""	"""target"""	"-1"	"-1"	"-1"	"-1"	"0"	"""Christmas trees."""	"0"	"0"	"-1"	"0"	"0"	""""""	"1"	"-1"	"""Christmas tree"""	"""left"""	"""TRUE"""	"-1"	"""TRUE"""	"-1"	"-1"	"0"
"What is he talking about? (1-2 mins)"	"Short and fun! A 1-2 minute word game about what someone is talking about."	"experiment, psychology, game"	"$0.20"	"Mon Dec 16 21:03:30 CST 2013"	"240"	"0"	"0"	"116"	"Reviewable"	"NotReviewed"	"1 scales"	"600"	"60000"	"Mon Dec 23 21:03:30 CST 2013"	"S42286"	"Approved"	""	"""motor"""	"""target"""	"-1"	"-1"	"-1"	"-1"	"0"	"""Identifying items with more than 1 characteristic"""	"0"	"0"	"-1"	"0"	"0"	""""""	"1"	"-1"	"""boat"""	"""middle"""	"""TRUE"""	"-1"	"""TRUE"""	"-1"	"-1"	"0"
"What is he talking about? (1-2 mins)"	"Short and fun! A 1-2 minute word game about what someone is talking about."	"experiment, psychology, game"	"$0.20"	"Mon Dec 16 21:03:30 CST 2013"	"240"	"0"	"0"	"116"	"Reviewable"	"NotReviewed"	"1 scales"	"600"	"60000"	"Mon Dec 23 21:03:30 CST 2013"	"S02181"	"Approved"	""	"""cherry"""	"""target"""	"-1"	"-1"	"-1"	"-1"	"0"	"""He says cherry, what sundae do I choose."""	"0"	"0"	"-1"	"0"	"0"	"""None."""	"1"	"-1"	"""sundae"""	"""left"""	"""TRUE"""	"-1"	"""TRUE"""	"-1"	"-1"	"0"
"What is he talking about? (1-2 mins)"	"Short and fun! A 1-2 minute word game about what someone is talking about."	"experiment, psychology, game"	"$0.20"	"Mon Dec 16 21:03:30 CST 2013"	"240"	"0"	"0"	"116"	"Reviewable"	"NotReviewed"	"1 scales"	"600"	"60000"	"Mon Dec 23 21:03:30 CST 2013"	"S15273"	"Approved"	""	"""cherry"""	"""logical"""	"-1"	"-1"	"-1"	"-1"	"0"	"""Trying to figure out the right sundae for Bob with minimal communication"""	"0"	"0"	"-1"	"0"	"0"	""""""	"1"	"-1"	"""sundae"""	"""right"""	"""TRUE"""	"-1"	"""FALSE"""	"-1"	"-1"	"0"
"What is he talking about? (1-2 mins)"	"Short and fun! A 1-2 minute word game about what someone is talking about."	"experiment, psychology, game"	"$0.20"	"Mon Dec 16 21:03:30 CST 2013"	"240"	"0"	"0"	"116"	"Reviewable"	"NotReviewed"	"1 scales"	"600"	"60000"	"Mon Dec 23 21:03:30 CST 2013"	"S98210"	"Approved"	""	"""chocolate"""	"""target"""	"-1"	"-1"	"-1"	"-1"	"0"	"""Bob and his love of sundaes"""	"0"	"0"	"-1"	"0"	"0"	"""none"""	"1"	"-1"	"""sundae"""	"""middle"""	"""TRUE"""	"-1"	"""TRUE"""	"-1"	"-1"	"0"
"What is he talking about? (1-2 mins)"	"Short and fun! A 1-2 minute word game about what someone is talking about."	"experiment, psychology, game"	"$0.20"	"Mon Dec 16 21:03:30 CST 2013"	"240"	"0"	"0"	"116"	"Reviewable"	"NotReviewed"	"1 scales"	"600"	"60000"	"Mon Dec 23 21:03:30 CST 2013"	"S66001"	"Approved"	""	"""ornaments"""	"""target"""	"-1"	"-1"	"-1"	"-1"	"0"	"""interpreting communication about christmas trees with only one word"""	"0"	"0"	"-1"	"0"	"0"	""""""	"1"	"-1"	"""Christmas tree"""	"""right"""	"""TRUE"""	"-1"	"""TRUE"""	"-1"	"-1"	"0"
"What is he talking about? (1-2 mins)"	"Short and fun! A 1-2 minute word game about what someone is talking about."	"experiment, psychology, game"	"$0.20"	"Mon Dec 16 21:03:30 CST 2013"	"240"	"0"	"0"	"116"	"Reviewable"	"NotReviewed"	"1 scales"	"600"	"60000"	"Mon Dec 23 21:03:30 CST 2013"	"S81278"	"Approved"	""	"""olives"""	"""target"""	"-1"	"-1"	"-1"	"-1"	"0"	"""Trying to see what someone means"""	"0"	"0"	"-1"	"0"	"0"	"""Nice and short survey, my favorite."""	"1"	"-1"	"""pizza"""	"""right"""	"""TRUE"""	"-1"	"""TRUE"""	"-1"	"-1"	"0"
"What is he talking about? (1-2 mins)"	"Short and fun! A 1-2 minute word game about what someone is talking about."	"experiment, psychology, game"	"$0.20"	"Mon Dec 16 21:03:30 CST 2013"	"240"	"0"	"0"	"116"	"Reviewable"	"NotReviewed"	"1 scales"	"600"	"60000"	"Mon Dec 23 21:03:30 CST 2013"	"S90625"	"Approved"	""	"""lights"""	"""logical"""	"-1"	"-1"	"-1"	"-1"	"0"	"""Christmas Lights"""	"0"	"0"	"-1"	"0"	"0"	"""word dawg"""	"1"	"-1"	"""Christmas tree"""	"""right"""	"""TRUE"""	"-1"	"""FALSE"""	"-1"	"-1"	"0"
"What is he talking about? (1-2 mins)"	"Short and fun! A 1-2 minute word game about what someone is talking about."	"experiment, psychology, game"	"$0.20"	"Mon Dec 16 21:03:30 CST 2013"	"240"	"0"	"0"	"116"	"Reviewable"	"NotReviewed"	"1 scales"	"600"	"60000"	"Mon Dec 23 21:03:30 CST 2013"	"S97465"	"Approved"	""	"""cabin"""	"""target"""	"-1"	"-1"	"-1"	"-1"	"0"	"""What Bob is talking about"""	"0"	"0"	"-1"	"0"	"0"	""""""	"1"	"-1"	"""boat"""	"""right"""	"""TRUE"""	"-1"	"""TRUE"""	"-1"	"-1"	"0"
"What is he talking about? (1-2 mins)"	"Short and fun! A 1-2 minute word game about what someone is talking about."	"experiment, psychology, game"	"$0.20"	"Mon Dec 16 21:03:30 CST 2013"	"240"	"0"	"0"	"116"	"Reviewable"	"NotReviewed"	"1 scales"	"600"	"60000"	"Mon Dec 23 21:03:30 CST 2013"	"S19888"	"Approved"	""	"""sail"""	"""target"""	"-1"	"-1"	"-1"	"-1"	"0"	"""Boats. I think."""	"0"	"0"	"-1"	"0"	"0"	""""""	"1"	"-1"	"""boat"""	"""left"""	"""TRUE"""	"-1"	"""TRUE"""	"-1"	"-1"	"0"
"What is he talking about? (1-2 mins)"	"Short and fun! A 1-2 minute word game about what someone is talking about."	"experiment, psychology, game"	"$0.20"	"Mon Dec 16 21:03:30 CST 2013"	"240"	"0"	"0"	"116"	"Reviewable"	"NotReviewed"	"1 scales"	"600"	"60000"	"Mon Dec 23 21:03:30 CST 2013"	"S29928"	"Approved"	""	"""glasses"""	"""target"""	"-1"	"-1"	"-1"	"-1"	"0"	"""Deciphering what somebody says with one word"""	"0"	"0"	"-1"	"0"	"0"	"""no"""	"1"	"-1"	"""friend"""	"""right"""	"""TRUE"""	"-1"	"""TRUE"""	"-1"	"-1"	"0"
"What is he talking about? (1-2 mins)"	"Short and fun! A 1-2 minute word game about what someone is talking about."	"experiment, psychology, game"	"$0.20"	"Mon Dec 16 21:03:30 CST 2013"	"240"	"0"	"0"	"116"	"Reviewable"	"NotReviewed"	"1 scales"	"600"	"60000"	"Mon Dec 23 21:03:30 CST 2013"	"S64293"	"Approved"	""	"""peppers"""	"""target"""	"-1"	"-1"	"-1"	"-1"	"0"	"""I...have no idea."""	"0"	"0"	"-1"	"0"	"0"	"""Nope! """	"1"	"-1"	"""pizza"""	"""right"""	"""TRUE"""	"-1"	"""TRUE"""	"-1"	"-1"	"0"
"What is he talking about? (1-2 mins)"	"Short and fun! A 1-2 minute word game about what someone is talking about."	"experiment, psychology, game"	"$0.20"	"Mon Dec 16 21:03:30 CST 2013"	"240"	"0"	"0"	"116"	"Reviewable"	"NotReviewed"	"1 scales"	"600"	"60000"	"Mon Dec 23 21:03:30 CST 2013"	"S36197"	"Approved"	""	"""whipped cream"""	"""target"""	"-1"	"-1"	"-1"	"-1"	"0"	"""Language and cognition"""	"0"	"0"	"-1"	"0"	"0"	""""""	"1"	"-1"	"""sundae"""	"""right"""	"""TRUE"""	"-1"	"""TRUE"""	"-1"	"-1"	"0"
"What is he talking about? (1-2 mins)"	"Short and fun! A 1-2 minute word game about what someone is talking about."	"experiment, psychology, game"	"$0.20"	"Mon Dec 16 21:03:30 CST 2013"	"240"	"0"	"0"	"116"	"Reviewable"	"NotReviewed"	"1 scales"	"600"	"60000"	"Mon Dec 23 21:03:30 CST 2013"	"S13403"	"Approved"	""	"""cherry"""	"""target"""	"-1"	"-1"	"-1"	"-1"	"0"	"""sundaes"""	"0"	"0"	"-1"	"0"	"0"	""""""	"1"	"-1"	"""sundae"""	"""middle"""	"""TRUE"""	"-1"	"""TRUE"""	"-1"	"-1"	"0"
"What is he talking about? (1-2 mins)"	"Short and fun! A 1-2 minute word game about what someone is talking about."	"experiment, psychology, game"	"$0.20"	"Mon Dec 16 21:03:30 CST 2013"	"240"	"0"	"0"	"116"	"Reviewable"	"NotReviewed"	"1 scales"	"600"	"60000"	"Mon Dec 23 21:03:30 CST 2013"	"S88387"	"Approved"	""	"""whipped cream"""	"""target"""	"-1"	"-1"	"-1"	"-1"	"0"	"""identifying which sundae bob refers to"""	"0"	"0"	"-1"	"0"	"0"	"""none"""	"1"	"-1"	"""sundae"""	"""left"""	"""TRUE"""	"-1"	"""TRUE"""	"-1"	"-1"	"0"
"What is he talking about? (1-2 mins)"	"Short and fun! A 1-2 minute word game about what someone is talking about."	"experiment, psychology, game"	"$0.20"	"Mon Dec 16 21:03:30 CST 2013"	"240"	"0"	"0"	"116"	"Reviewable"	"NotReviewed"	"1 scales"	"600"	"60000"	"Mon Dec 23 21:03:30 CST 2013"	"S40622"	"Approved"	""	"""scarf"""	"""foil"""	"-1"	"-1"	"-1"	"-1"	"0"	"""I think this is a survey about memory and if you remember anything...honestly, I'm stuck wondering between Joe and Bob. Yup, this is a critical reading survey."""	"0"	"0"	"-1"	"0"	"0"	"""Yes. I\""m still trying to see the point of this, but if it's helpful to you, then it's a pleasure working."""	"1"	"-1"	"""snowman"""	"""left"""	"""FALSE"""	"-1"	"""FALSE"""	"-1"	"-1"	"0"
"What is he talking about? (1-2 mins)"	"Short and fun! A 1-2 minute word game about what someone is talking about."	"experiment, psychology, game"	"$0.20"	"Mon Dec 16 21:03:30 CST 2013"	"240"	"0"	"0"	"116"	"Reviewable"	"NotReviewed"	"1 scales"	"600"	"60000"	"Mon Dec 23 21:03:30 CST 2013"	"S42739"	"Approved"	""	"""glasses"""	"""logical"""	"-1"	"-1"	"-1"	"-1"	"0"	"""What do we think Bob means by the words he uses."""	"0"	"0"	"-1"	"0"	"0"	"""Fun study."""	"1"	"-1"	"""friend"""	"""middle"""	"""TRUE"""	"-1"	"""FALSE"""	"-1"	"-1"	"0"
"What is he talking about? (1-2 mins)"	"Short and fun! A 1-2 minute word game about what someone is talking about."	"experiment, psychology, game"	"$0.20"	"Mon Dec 16 21:03:30 CST 2013"	"240"	"0"	"0"	"116"	"Reviewable"	"NotReviewed"	"1 scales"	"600"	"60000"	"Mon Dec 23 21:03:30 CST 2013"	"S39046"	"Approved"	""	"""scarf"""	"""logical"""	"-1"	"-1"	"-1"	"-1"	"0"	"""what was he talking about"""	"0"	"0"	"-1"	"0"	"0"	""""""	"1"	"-1"	"""snowman"""	"""right"""	"""TRUE"""	"-1"	"""FALSE"""	"-1"	"-1"	"0"
"What is he talking about? (1-2 mins)"	"Short and fun! A 1-2 minute word game about what someone is talking about."	"experiment, psychology, game"	"$0.20"	"Mon Dec 16 21:03:30 CST 2013"	"240"	"0"	"0"	"116"	"Reviewable"	"NotReviewed"	"1 scales"	"600"	"60000"	"Mon Dec 23 21:03:30 CST 2013"	"S17486"	"Approved"	""	"""hat"""	"""target"""	"-1"	"-1"	"-1"	"-1"	"0"	"""who bob was talking about"""	"0"	"0"	"-1"	"0"	"0"	""""""	"1"	"-1"	"""friend"""	"""right"""	"""TRUE"""	"-1"	"""TRUE"""	"-1"	"-1"	"0"
"What is he talking about? (1-2 mins)"	"Short and fun! A 1-2 minute word game about what someone is talking about."	"experiment, psychology, game"	"$0.20"	"Mon Dec 16 21:03:30 CST 2013"	"240"	"0"	"0"	"116"	"Reviewable"	"NotReviewed"	"1 scales"	"600"	"60000"	"Mon Dec 23 21:03:30 CST 2013"	"S47328"	"Approved"	""	"""mittens"""	"""target"""	"-1"	"-1"	"-1"	"-1"	"0"	"""bobs like for decorating snowmen"""	"0"	"0"	"-1"	"0"	"0"	""""""	"1"	"-1"	"""snowman"""	"""middle"""	"""TRUE"""	"-1"	"""TRUE"""	"-1"	"-1"	"0"
"What is he talking about? (1-2 mins)"	"Short and fun! A 1-2 minute word game about what someone is talking about."	"experiment, psychology, game"	"$0.20"	"Mon Dec 16 21:03:30 CST 2013"	"240"	"0"	"0"	"116"	"Reviewable"	"NotReviewed"	"1 scales"	"600"	"60000"	"Mon Dec 23 21:03:30 CST 2013"	"S45076"	"Approved"	""	"""mittens"""	"""target"""	"-1"	"-1"	"-1"	"-1"	"0"	"""he made a snowman, could only say one word, had to chose which he was speaking about"""	"0"	"0"	"-1"	"0"	"0"	""""""	"1"	"-1"	"""snowman"""	"""middle"""	"""TRUE"""	"-1"	"""TRUE"""	"-1"	"-1"	"0"
"What is he talking about? (1-2 mins)"	"Short and fun! A 1-2 minute word game about what someone is talking about."	"experiment, psychology, game"	"$0.20"	"Mon Dec 16 21:03:30 CST 2013"	"240"	"0"	"0"	"116"	"Reviewable"	"NotReviewed"	"1 scales"	"600"	"60000"	"Mon Dec 23 21:03:30 CST 2013"	"S94064"	"Approved"	""	"""peppers"""	"""logical"""	"-1"	"-1"	"-1"	"-1"	"0"	"""bobs pizza preference"""	"0"	"0"	"-1"	"0"	"0"	""""""	"1"	"-1"	"""pizza"""	"""right"""	"""TRUE"""	"-1"	"""FALSE"""	"-1"	"-1"	"0"
"What is he talking about? (1-2 mins)"	"Short and fun! A 1-2 minute word game about what someone is talking about."	"experiment, psychology, game"	"$0.20"	"Mon Dec 16 21:03:30 CST 2013"	"240"	"0"	"0"	"116"	"Reviewable"	"NotReviewed"	"1 scales"	"600"	"60000"	"Mon Dec 23 21:03:30 CST 2013"	"S31852"	"Approved"	""	"""cherry"""	"""target"""	"-1"	"-1"	"-1"	"-1"	"0"	"""Word association?"""	"0"	"0"	"-1"	"0"	"0"	"""lol I looked right over the name.  I hope it was Joe.  """	"1"	"-1"	"""sundae"""	"""right"""	"""FALSE"""	"-1"	"""TRUE"""	"-1"	"-1"	"0"
"What is he talking about? (1-2 mins)"	"Short and fun! A 1-2 minute word game about what someone is talking about."	"experiment, psychology, game"	"$0.20"	"Mon Dec 16 21:03:30 CST 2013"	"240"	"0"	"0"	"116"	"Reviewable"	"NotReviewed"	"1 scales"	"600"	"60000"	"Mon Dec 23 21:03:30 CST 2013"	"S27395"	"Approved"	""	"""olives"""	"""target"""	"-1"	"-1"	"-1"	"-1"	"0"	"""Choosing what pizza BOBs word connected with."""	"0"	"0"	"-1"	"0"	"0"	""""""	"1"	"-1"	"""pizza"""	"""right"""	"""TRUE"""	"-1"	"""TRUE"""	"-1"	"-1"	"0"
"What is he talking about? (1-2 mins)"	"Short and fun! A 1-2 minute word game about what someone is talking about."	"experiment, psychology, game"	"$0.20"	"Mon Dec 16 21:03:30 CST 2013"	"240"	"0"	"0"	"116"	"Reviewable"	"NotReviewed"	"1 scales"	"600"	"60000"	"Mon Dec 23 21:03:30 CST 2013"	"S00678"	"Approved"	""	"""scarf"""	"""target"""	"-1"	"-1"	"-1"	"-1"	"0"	"""we had to figure out what snowman he made."""	"0"	"0"	"-1"	"0"	"0"	"""n"""	"1"	"-1"	"""snowman"""	"""left"""	"""TRUE"""	"-1"	"""TRUE"""	"-1"	"-1"	"0"
"What is he talking about? (1-2 mins)"	"Short and fun! A 1-2 minute word game about what someone is talking about."	"experiment, psychology, game"	"$0.20"	"Mon Dec 16 21:03:30 CST 2013"	"240"	"0"	"0"	"116"	"Reviewable"	"NotReviewed"	"1 scales"	"600"	"60000"	"Mon Dec 23 21:03:30 CST 2013"	"S77963"	"Approved"	""	"""mustache"""	"""target"""	"-1"	"-1"	"-1"	"-1"	"0"	"""This survey was about how people derive meaning from limited information."""	"0"	"0"	"-1"	"0"	"0"	""""""	"1"	"-1"	"""friend"""	"""right"""	"""TRUE"""	"-1"	"""TRUE"""	"-1"	"-1"	"0"
"What is he talking about? (1-2 mins)"	"Short and fun! A 1-2 minute word game about what someone is talking about."	"experiment, psychology, game"	"$0.20"	"Mon Dec 16 21:03:30 CST 2013"	"240"	"0"	"0"	"116"	"Reviewable"	"NotReviewed"	"1 scales"	"600"	"60000"	"Mon Dec 23 21:03:30 CST 2013"	"S88961"	"Approved"	""	"""star"""	"""target"""	"-1"	"-1"	"-1"	"-1"	"0"	"""interpreting intent"""	"0"	"0"	"-1"	"0"	"0"	""""""	"1"	"-1"	"""Christmas tree"""	"""right"""	"""FALSE"""	"-1"	"""TRUE"""	"-1"	"-1"	"0"
"What is he talking about? (1-2 mins)"	"Short and fun! A 1-2 minute word game about what someone is talking about."	"experiment, psychology, game"	"$0.20"	"Mon Dec 16 21:03:30 CST 2013"	"240"	"0"	"0"	"116"	"Reviewable"	"NotReviewed"	"1 scales"	"600"	"60000"	"Mon Dec 23 21:03:30 CST 2013"	"S42717"	"Submitted"	""	"""cherry"""	"""target"""	"-1"	"-1"	"-1"	"-1"	"0"	"""Ice cream choice"""	"0"	"0"	"-1"	"0"	"0"	"""Nope"""	"1"	"-1"	"""sundae"""	"""middle"""	"""TRUE"""	"-1"	"""TRUE"""	"-1"	"-1"	"0"
"What is he talking about? (1-2 mins)"	"Short and fun! A 1-2 minute word game about what someone is talking about."	"experiment, psychology, game"	"$0.20"	"Mon Dec 16 21:03:30 CST 2013"	"240"	"0"	"0"	"116"	"Reviewable"	"NotReviewed"	"1 scales"	"600"	"60000"	"Mon Dec 23 21:03:30 CST 2013"	"S85315"	"Submitted"	""	"""glasses"""	"""target"""	"-1"	"-1"	"-1"	"-1"	"0"	"""Judgement"""	"0"	"0"	"-1"	"0"	"0"	""""""	"1"	"-1"	"""friend"""	"""right"""	"""TRUE"""	"-1"	"""TRUE"""	"-1"	"-1"	"0"
"What is he talking about? (1-2 mins)"	"Short and fun! A 1-2 minute word game about what someone is talking about."	"experiment, psychology, game"	"$0.20"	"Mon Dec 16 21:03:30 CST 2013"	"240"	"0"	"0"	"116"	"Reviewable"	"NotReviewed"	"1 scales"	"600"	"60000"	"Mon Dec 23 21:03:30 CST 2013"	"S47264"	"Submitted"	""	"""mushrooms"""	"""target"""	"-1"	"-1"	"-1"	"-1"	"0"	"""bob eating pizza"""	"0"	"0"	"-1"	"0"	"0"	""""""	"1"	"-1"	"""pizza"""	"""right"""	"""TRUE"""	"-1"	"""TRUE"""	"-1"	"-1"	"0"
"What is he talking about? (1-2 mins)"	"Short and fun! A 1-2 minute word game about what someone is talking about."	"experiment, psychology, game"	"$0.20"	"Mon Dec 16 21:03:30 CST 2013"	"240"	"0"	"0"	"116"	"Reviewable"	"NotReviewed"	"1 scales"	"600"	"60000"	"Mon Dec 23 21:03:30 CST 2013"	"S36071"	"Submitted"	""	"""motor"""	"""target"""	"-1"	"-1"	"-1"	"-1"	"0"	"""Language"""	"0"	"0"	"-1"	"0"	"0"	""""""	"1"	"-1"	"""boat"""	"""left"""	"""TRUE"""	"-1"	"""TRUE"""	"-1"	"-1"	"0"
"What is he talking about? (1-2 mins)"	"Short and fun! A 1-2 minute word game about what someone is talking about."	"experiment, psychology, game"	"$0.20"	"Mon Dec 16 21:03:30 CST 2013"	"240"	"0"	"0"	"116"	"Reviewable"	"NotReviewed"	"1 scales"	"600"	"60000"	"Mon Dec 23 21:03:30 CST 2013"	"S00329"	"Submitted"	""	"""mushrooms"""	"""target"""	"-1"	"-1"	"-1"	"-1"	"0"	"""Choosing which pizza Bob ate after only one clue."""	"0"	"0"	"-1"	"0"	"0"	""""""	"1"	"-1"	"""pizza"""	"""middle"""	"""TRUE"""	"-1"	"""TRUE"""	"-1"	"-1"	"0"
"What is he talking about? (1-2 mins)"	"Short and fun! A 1-2 minute word game about what someone is talking about."	"experiment, psychology, game"	"$0.20"	"Mon Dec 16 21:03:30 CST 2013"	"240"	"0"	"0"	"116"	"Reviewable"	"NotReviewed"	"1 scales"	"600"	"60000"	"Mon Dec 23 21:03:30 CST 2013"	"S36314"	"Submitted"	""	"""cherry"""	"""target"""	"-1"	"-1"	"-1"	"-1"	"0"	"""A decision about ice cream."""	"0"	"0"	"-1"	"0"	"0"	"""No"""	"1"	"-1"	"""sundae"""	"""left"""	"""TRUE"""	"-1"	"""TRUE"""	"-1"	"-1"	"0"
"What is he talking about? (1-2 mins)"	"Short and fun! A 1-2 minute word game about what someone is talking about."	"experiment, psychology, game"	"$0.20"	"Mon Dec 16 21:03:30 CST 2013"	"240"	"0"	"0"	"116"	"Reviewable"	"NotReviewed"	"1 scales"	"600"	"60000"	"Mon Dec 23 21:03:30 CST 2013"	"S31766"	"Submitted"	""	"""olives"""	"""target"""	"-1"	"-1"	"-1"	"-1"	"0"	"""associating words with pictures"""	"0"	"0"	"-1"	"0"	"0"	"""no"""	"1"	"-1"	"""pizza"""	"""middle"""	"""TRUE"""	"-1"	"""TRUE"""	"-1"	"-1"	"0"
"What is he talking about? (1-2 mins)"	"Short and fun! A 1-2 minute word game about what someone is talking about."	"experiment, psychology, game"	"$0.20"	"Mon Dec 16 21:03:30 CST 2013"	"240"	"0"	"0"	"116"	"Reviewable"	"NotReviewed"	"1 scales"	"600"	"60000"	"Mon Dec 23 21:03:30 CST 2013"	"S04457"	"Submitted"	""	"""scarf"""	"""target"""	"-1"	"-1"	"-1"	"-1"	"0"	"""Snowmen"""	"0"	"0"	"-1"	"0"	"0"	""""""	"1"	"-1"	"""snowman"""	"""middle"""	"""FALSE"""	"-1"	"""TRUE"""	"-1"	"-1"	"0"
"What is he talking about? (1-2 mins)"	"Short and fun! A 1-2 minute word game about what someone is talking about."	"experiment, psychology, game"	"$0.20"	"Mon Dec 16 21:03:30 CST 2013"	"240"	"0"	"0"	"116"	"Reviewable"	"NotReviewed"	"1 scales"	"600"	"60000"	"Mon Dec 23 21:03:30 CST 2013"	"S81602"	"Submitted"	""	"""sail"""	"""target"""	"-1"	"-1"	"-1"	"-1"	"0"	"""sailboats"""	"0"	"0"	"-1"	"0"	"0"	""""""	"1"	"-1"	"""boat"""	"""left"""	"""TRUE"""	"-1"	"""TRUE"""	"-1"	"-1"	"0"
"What is he talking about? (1-2 mins)"	"Short and fun! A 1-2 minute word game about what someone is talking about."	"experiment, psychology, game"	"$0.20"	"Mon Dec 16 21:03:30 CST 2013"	"240"	"0"	"0"	"116"	"Reviewable"	"NotReviewed"	"1 scales"	"600"	"60000"	"Mon Dec 23 21:03:30 CST 2013"	"S47736"	"Submitted"	""	"""hat"""	"""target"""	"-1"	"-1"	"-1"	"-1"	"0"	"""How Bob communicates."""	"0"	"0"	"-1"	"0"	"0"	""""""	"1"	"-1"	"""snowman"""	"""middle"""	"""TRUE"""	"-1"	"""TRUE"""	"-1"	"-1"	"0"
"What is he talking about? (1-2 mins)"	"Short and fun! A 1-2 minute word game about what someone is talking about."	"experiment, psychology, game"	"$0.20"	"Mon Dec 16 21:03:30 CST 2013"	"240"	"0"	"0"	"116"	"Reviewable"	"NotReviewed"	"1 scales"	"600"	"60000"	"Mon Dec 23 21:03:30 CST 2013"	"S94557"	"Submitted"	""	"""glasses"""	"""target"""	"-1"	"-1"	"-1"	"-1"	"0"	"""How people make decisions based on limited information?"""	"0"	"0"	"-1"	"0"	"0"	"""Thanks!"""	"1"	"-1"	"""friend"""	"""middle"""	"""TRUE"""	"-1"	"""TRUE"""	"-1"	"-1"	"0"
"What is he talking about? (1-2 mins)"	"Short and fun! A 1-2 minute word game about what someone is talking about."	"experiment, psychology, game"	"$0.20"	"Mon Dec 16 21:03:30 CST 2013"	"240"	"0"	"0"	"116"	"Reviewable"	"NotReviewed"	"1 scales"	"600"	"60000"	"Mon Dec 23 21:03:30 CST 2013"	"S92239"	"Submitted"	""	"""mustache"""	"""target"""	"-1"	"-1"	"-1"	"-1"	"0"	"""Recognition based on one word"""	"0"	"0"	"-1"	"0"	"0"	""""""	"1"	"-1"	"""friend"""	"""middle"""	"""TRUE"""	"-1"	"""TRUE"""	"-1"	"-1"	"0"
"What is he talking about? (1-2 mins)"	"Short and fun! A 1-2 minute word game about what someone is talking about."	"experiment, psychology, game"	"$0.20"	"Mon Dec 16 21:03:30 CST 2013"	"240"	"0"	"0"	"116"	"Reviewable"	"NotReviewed"	"1 scales"	"600"	"60000"	"Mon Dec 23 21:03:30 CST 2013"	"S04986"	"Submitted"	""	"""cabin"""	"""logical"""	"-1"	"-1"	"-1"	"-1"	"0"	"""Determining what Bob was talking about when he only said one word. """	"0"	"0"	"-1"	"0"	"0"	""""""	"1"	"-1"	"""boat"""	"""left"""	"""TRUE"""	"-1"	"""FALSE"""	"-1"	"-1"	"0"
"What is he talking about? (1-2 mins)"	"Short and fun! A 1-2 minute word game about what someone is talking about."	"experiment, psychology, game"	"$0.20"	"Mon Dec 16 21:03:30 CST 2013"	"240"	"0"	"0"	"116"	"Reviewable"	"NotReviewed"	"1 scales"	"600"	"60000"	"Mon Dec 23 21:03:30 CST 2013"	"S57353"	"Submitted"	""	"""lights"""	"""logical"""	"-1"	"-1"	"-1"	"-1"	"0"	"""Christmas lights"""	"0"	"0"	"-1"	"0"	"0"	""""""	"1"	"-1"	"""Christmas tree"""	"""middle"""	"""TRUE"""	"-1"	"""FALSE"""	"-1"	"-1"	"0"
"What is he talking about? (1-2 mins)"	"Short and fun! A 1-2 minute word game about what someone is talking about."	"experiment, psychology, game"	"$0.20"	"Mon Dec 16 21:03:30 CST 2013"	"240"	"0"	"0"	"116"	"Reviewable"	"NotReviewed"	"1 scales"	"600"	"60000"	"Mon Dec 23 21:03:30 CST 2013"	"S51829"	"Submitted"	""	"""cabin"""	"""target"""	"-1"	"-1"	"-1"	"-1"	"0"	"""What boat would Bob be renting"""	"0"	"0"	"-1"	"0"	"0"	""""""	"1"	"-1"	"""boat"""	"""middle"""	"""TRUE"""	"-1"	"""TRUE"""	"-1"	"-1"	"0"
"What is he talking about? (1-2 mins)"	"Short and fun! A 1-2 minute word game about what someone is talking about."	"experiment, psychology, game"	"$0.20"	"Mon Dec 16 21:03:30 CST 2013"	"240"	"0"	"0"	"116"	"Reviewable"	"NotReviewed"	"1 scales"	"600"	"60000"	"Mon Dec 23 21:03:30 CST 2013"	"S37238"	"Submitted"	""	"""cabin"""	"""target"""	"-1"	"-1"	"-1"	"-1"	"0"	"""Boats"""	"0"	"0"	"-1"	"0"	"0"	"""Different"""	"1"	"-1"	"""boat"""	"""right"""	"""TRUE"""	"-1"	"""TRUE"""	"-1"	"-1"	"0"
"What is he talking about? (1-2 mins)"	"Short and fun! A 1-2 minute word game about what someone is talking about."	"experiment, psychology, game"	"$0.20"	"Mon Dec 16 21:03:30 CST 2013"	"240"	"0"	"0"	"116"	"Reviewable"	"NotReviewed"	"1 scales"	"600"	"60000"	"Mon Dec 23 21:03:30 CST 2013"	"S44475"	"Submitted"	""	"""olives"""	"""target"""	"-1"	"-1"	"-1"	"-1"	"0"	"""Bobs love of pizza!"""	"0"	"0"	"-1"	"0"	"0"	"""ty was fun!"""	"1"	"-1"	"""pizza"""	"""left"""	"""TRUE"""	"-1"	"""TRUE"""	"-1"	"-1"	"0"
"What is he talking about? (1-2 mins)"	"Short and fun! A 1-2 minute word game about what someone is talking about."	"experiment, psychology, game"	"$0.20"	"Mon Dec 16 21:03:30 CST 2013"	"240"	"0"	"0"	"116"	"Reviewable"	"NotReviewed"	"1 scales"	"600"	"60000"	"Mon Dec 23 21:03:30 CST 2013"	"S25092"	"Submitted"	""	"""mushrooms"""	"""target"""	"-1"	"-1"	"-1"	"-1"	"0"	"""The pizza Bob ate."""	"0"	"0"	"-1"	"0"	"0"	""""""	"1"	"-1"	"""pizza"""	"""middle"""	"""TRUE"""	"-1"	"""TRUE"""	"-1"	"-1"	"0"
"What is he talking about? (1-2 mins)"	"Short and fun! A 1-2 minute word game about what someone is talking about."	"experiment, psychology, game"	"$0.20"	"Mon Dec 16 21:03:30 CST 2013"	"240"	"0"	"0"	"116"	"Reviewable"	"NotReviewed"	"1 scales"	"600"	"60000"	"Mon Dec 23 21:03:30 CST 2013"	"S78655"	"Submitted"	""	"""cherry"""	"""logical"""	"-1"	"-1"	"-1"	"-1"	"0"	"""Judgements about people"""	"0"	"0"	"-1"	"0"	"0"	"""None"""	"1"	"-1"	"""sundae"""	"""middle"""	"""TRUE"""	"-1"	"""FALSE"""	"-1"	"-1"	"0"
"What is he talking about? (1-2 mins)"	"Short and fun! A 1-2 minute word game about what someone is talking about."	"experiment, psychology, game"	"$0.20"	"Mon Dec 16 21:03:30 CST 2013"	"240"	"0"	"0"	"116"	"Reviewable"	"NotReviewed"	"1 scales"	"600"	"60000"	"Mon Dec 23 21:03:30 CST 2013"	"S07705"	"Submitted"	""	"""peppers"""	"""target"""	"-1"	"-1"	"-1"	"-1"	"0"	"""Communication with one word"""	"0"	"0"	"-1"	"0"	"0"	""""""	"1"	"-1"	"""pizza"""	"""right"""	"""TRUE"""	"-1"	"""TRUE"""	"-1"	"-1"	"0"
"What is he talking about? (1-2 mins)"	"Short and fun! A 1-2 minute word game about what someone is talking about."	"experiment, psychology, game"	"$0.20"	"Mon Dec 16 21:03:30 CST 2013"	"240"	"0"	"0"	"116"	"Reviewable"	"NotReviewed"	"1 scales"	"600"	"60000"	"Mon Dec 23 21:03:30 CST 2013"	"S69585"	"Submitted"	""	"""cabin"""	"""target"""	"-1"	"-1"	"-1"	"-1"	"0"	"""Boats"""	"0"	"0"	"-1"	"0"	"0"	"""nope"""	"1"	"-1"	"""boat"""	"""right"""	"""TRUE"""	"-1"	"""TRUE"""	"-1"	"-1"	"0"
"What is he talking about? (1-2 mins)"	"Short and fun! A 1-2 minute word game about what someone is talking about."	"experiment, psychology, game"	"$0.20"	"Mon Dec 16 21:03:30 CST 2013"	"240"	"0"	"0"	"116"	"Reviewable"	"NotReviewed"	"1 scales"	"600"	"60000"	"Mon Dec 23 21:03:30 CST 2013"	"S34323"	"Submitted"	""	"""olives"""	"""logical"""	"-1"	"-1"	"-1"	"-1"	"0"	"""This survey recognition process and people's choices."""	"0"	"0"	"-1"	"0"	"0"	"""No"""	"1"	"-1"	"""pizza"""	"""middle"""	"""TRUE"""	"-1"	"""FALSE"""	"-1"	"-1"	"0"
"What is he talking about? (1-2 mins)"	"Short and fun! A 1-2 minute word game about what someone is talking about."	"experiment, psychology, game"	"$0.20"	"Mon Dec 16 21:03:30 CST 2013"	"240"	"0"	"0"	"116"	"Reviewable"	"NotReviewed"	"1 scales"	"600"	"60000"	"Mon Dec 23 21:03:30 CST 2013"	"S81096"	"Submitted"	""	"""peppers"""	"""target"""	"-1"	"-1"	"-1"	"-1"	"0"	"""Specificity in language"""	"0"	"0"	"-1"	"0"	"0"	""""""	"1"	"-1"	"""pizza"""	"""middle"""	"""TRUE"""	"-1"	"""TRUE"""	"-1"	"-1"	"0"
"What is he talking about? (1-2 mins)"	"Short and fun! A 1-2 minute word game about what someone is talking about."	"experiment, psychology, game"	"$0.20"	"Mon Dec 16 21:03:30 CST 2013"	"240"	"0"	"0"	"116"	"Reviewable"	"NotReviewed"	"1 scales"	"600"	"60000"	"Mon Dec 23 21:03:30 CST 2013"	"S58720"	"Submitted"	""	"""whipped cream"""	"""target"""	"-1"	"-1"	"-1"	"-1"	"0"	"""being able to tell what someone is describing/talking about from a short description."""	"0"	"0"	"-1"	"0"	"0"	""""""	"1"	"-1"	"""sundae"""	"""left"""	"""TRUE"""	"-1"	"""TRUE"""	"-1"	"-1"	"0"
"What is he talking about? (1-2 mins)"	"Short and fun! A 1-2 minute word game about what someone is talking about."	"experiment, psychology, game"	"$0.20"	"Mon Dec 16 21:03:30 CST 2013"	"240"	"0"	"0"	"116"	"Reviewable"	"NotReviewed"	"1 scales"	"600"	"60000"	"Mon Dec 23 21:03:30 CST 2013"	"S06201"	"Submitted"	""	"""star"""	"""target"""	"-1"	"-1"	"-1"	"-1"	"0"	"""memory/ communication"""	"0"	"0"	"-1"	"0"	"0"	""""""	"1"	"-1"	"""Christmas tree"""	"""right"""	"""TRUE"""	"-1"	"""TRUE"""	"-1"	"-1"	"0"
"What is he talking about? (1-2 mins)"	"Short and fun! A 1-2 minute word game about what someone is talking about."	"experiment, psychology, game"	"$0.20"	"Mon Dec 16 21:03:30 CST 2013"	"240"	"0"	"0"	"116"	"Reviewable"	"NotReviewed"	"1 scales"	"600"	"60000"	"Mon Dec 23 21:03:30 CST 2013"	"S18690"	"Submitted"	""	"""scarf"""	"""logical"""	"-1"	"-1"	"-1"	"-1"	"0"	"""Bob liking to build snowman and can only say one word"""	"0"	"0"	"-1"	"0"	"0"	""""""	"1"	"-1"	"""snowman"""	"""left"""	"""TRUE"""	"-1"	"""FALSE"""	"-1"	"-1"	"0"
"What is he talking about? (1-2 mins)"	"Short and fun! A 1-2 minute word game about what someone is talking about."	"experiment, psychology, game"	"$0.20"	"Mon Dec 16 21:03:30 CST 2013"	"240"	"0"	"0"	"116"	"Reviewable"	"NotReviewed"	"1 scales"	"600"	"60000"	"Mon Dec 23 21:03:30 CST 2013"	"S70943"	"Submitted"	""	"""glasses"""	"""target"""	"-1"	"-1"	"-1"	"-1"	"0"	"""Choosing the correct identifier"""	"0"	"0"	"-1"	"0"	"0"	"""no"""	"1"	"-1"	"""friend"""	"""left"""	"""TRUE"""	"-1"	"""TRUE"""	"-1"	"-1"	"0"
"What is he talking about? (1-2 mins)"	"Short and fun! A 1-2 minute word game about what someone is talking about."	"experiment, psychology, game"	"$0.20"	"Mon Dec 16 21:03:30 CST 2013"	"240"	"0"	"0"	"116"	"Reviewable"	"NotReviewed"	"1 scales"	"600"	"60000"	"Mon Dec 23 21:03:30 CST 2013"	"S76573"	"Submitted"	""	"""hat"""	"""target"""	"-1"	"-1"	"-1"	"-1"	"0"	"""language"""	"0"	"0"	"-1"	"0"	"0"	"""I think he meant where the hat was the main difference. He would have said scarf for the other, and maybe nothing for the last. """	"1"	"-1"	"""snowman"""	"""left"""	"""TRUE"""	"-1"	"""TRUE"""	"-1"	"-1"	"0"
"What is he talking about? (1-2 mins)"	"Short and fun! A 1-2 minute word game about what someone is talking about."	"experiment, psychology, game"	"$0.20"	"Mon Dec 16 21:03:30 CST 2013"	"240"	"0"	"0"	"116"	"Reviewable"	"NotReviewed"	"1 scales"	"600"	"60000"	"Mon Dec 23 21:03:30 CST 2013"	"S19277"	"Submitted"	""	"""mustache"""	"""target"""	"-1"	"-1"	"-1"	"-1"	"0"	"""Bob visiting his friends on Sunday and who it was based on the word provided. """	"0"	"0"	"-1"	"0"	"0"	""""""	"1"	"-1"	"""friend"""	"""left"""	"""TRUE"""	"-1"	"""TRUE"""	"-1"	"-1"	"0"
"What is he talking about? (1-2 mins)"	"Short and fun! A 1-2 minute word game about what someone is talking about."	"experiment, psychology, game"	"$0.20"	"Mon Dec 16 21:03:30 CST 2013"	"240"	"0"	"0"	"116"	"Reviewable"	"NotReviewed"	"1 scales"	"600"	"60000"	"Mon Dec 23 21:03:30 CST 2013"	"S64818"	"Submitted"	""	"""motor"""	"""target"""	"-1"	"-1"	"-1"	"-1"	"0"	"""What type of boat bob likes. """	"0"	"0"	"-1"	"0"	"0"	""""""	"1"	"-1"	"""boat"""	"""left"""	"""TRUE"""	"-1"	"""TRUE"""	"-1"	"-1"	"0"
"What is he talking about? (1-2 mins)"	"Short and fun! A 1-2 minute word game about what someone is talking about."	"experiment, psychology, game"	"$0.20"	"Mon Dec 16 21:03:30 CST 2013"	"240"	"0"	"0"	"116"	"Reviewable"	"NotReviewed"	"1 scales"	"600"	"60000"	"Mon Dec 23 21:03:30 CST 2013"	"S41528"	"Submitted"	""	"""lights"""	"""target"""	"-1"	"-1"	"-1"	"-1"	"0"	"""Communication"""	"0"	"0"	"-1"	"0"	"0"	""""""	"1"	"-1"	"""Christmas tree"""	"""right"""	"""TRUE"""	"-1"	"""TRUE"""	"-1"	"-1"	"0"
"What is he talking about? (1-2 mins)"	"Short and fun! A 1-2 minute word game about what someone is talking about."	"experiment, psychology, game"	"$0.20"	"Mon Dec 16 21:03:30 CST 2013"	"240"	"0"	"0"	"116"	"Reviewable"	"NotReviewed"	"1 scales"	"600"	"60000"	"Mon Dec 23 21:03:30 CST 2013"	"S86029"	"Submitted"	""	"""lights"""	"""target"""	"-1"	"-1"	"-1"	"-1"	"0"	"""Christmas Trees"""	"0"	"0"	"-1"	"0"	"0"	""""""	"1"	"-1"	"""Christmas tree"""	"""left"""	"""TRUE"""	"-1"	"""TRUE"""	"-1"	"-1"	"0"
"What is he talking about? (1-2 mins)"	"Short and fun! A 1-2 minute word game about what someone is talking about."	"experiment, psychology, game"	"$0.20"	"Mon Dec 16 21:03:30 CST 2013"	"240"	"0"	"0"	"116"	"Reviewable"	"NotReviewed"	"1 scales"	"600"	"60000"	"Mon Dec 23 21:03:30 CST 2013"	"S07454"	"Submitted"	""	"""hat"""	"""logical"""	"-1"	"-1"	"-1"	"-1"	"0"	"""people"""	"0"	"0"	"-1"	"0"	"0"	"""no"""	"1"	"-1"	"""snowman"""	"""right"""	"""TRUE"""	"-1"	"""FALSE"""	"-1"	"-1"	"0"
"What is he talking about? (1-2 mins)"	"Short and fun! A 1-2 minute word game about what someone is talking about."	"experiment, psychology, game"	"$0.20"	"Mon Dec 16 21:03:30 CST 2013"	"240"	"0"	"0"	"116"	"Reviewable"	"NotReviewed"	"1 scales"	"600"	"60000"	"Mon Dec 23 21:03:30 CST 2013"	"S63432"	"Submitted"	""	"""lights"""	"""target"""	"-1"	"-1"	"-1"	"-1"	"0"	"""Literal interpretations of associations?"""	"0"	"0"	"-1"	"0"	"0"	"""No"""	"1"	"-1"	"""Christmas tree"""	"""left"""	"""TRUE"""	"-1"	"""TRUE"""	"-1"	"-1"	"0"
"What is he talking about? (1-2 mins)"	"Short and fun! A 1-2 minute word game about what someone is talking about."	"experiment, psychology, game"	"$0.20"	"Mon Dec 16 21:03:30 CST 2013"	"240"	"0"	"0"	"116"	"Reviewable"	"NotReviewed"	"1 scales"	"600"	"60000"	"Mon Dec 23 21:03:30 CST 2013"	"S93300"	"Submitted"	""	"""star"""	"""target"""	"-1"	"-1"	"-1"	"-1"	"0"	"""what the one word, \""star\"",  signified; not certain of the deeper meaning of the survey"""	"0"	"0"	"-1"	"0"	"0"	"""none"""	"1"	"-1"	"""Christmas tree"""	"""left"""	"""TRUE"""	"-1"	"""TRUE"""	"-1"	"-1"	"0"
"What is he talking about? (1-2 mins)"	"Short and fun! A 1-2 minute word game about what someone is talking about."	"experiment, psychology, game"	"$0.20"	"Mon Dec 16 21:03:30 CST 2013"	"240"	"0"	"0"	"116"	"Reviewable"	"NotReviewed"	"1 scales"	"600"	"60000"	"Mon Dec 23 21:03:30 CST 2013"	"S36368"	"Submitted"	""	"""cherry"""	"""target"""	"-1"	"-1"	"-1"	"-1"	"0"	"""Sundaes"""	"0"	"0"	"-1"	"0"	"0"	"""Nope."""	"1"	"-1"	"""sundae"""	"""right"""	"""TRUE"""	"-1"	"""TRUE"""	"-1"	"-1"	"0"
"What is he talking about? (1-2 mins)"	"Short and fun! A 1-2 minute word game about what someone is talking about."	"experiment, psychology, game"	"$0.20"	"Mon Dec 16 21:03:30 CST 2013"	"240"	"0"	"0"	"116"	"Reviewable"	"NotReviewed"	"1 scales"	"600"	"60000"	"Mon Dec 23 21:03:30 CST 2013"	"S38955"	"Submitted"	""	"""olives"""	"""target"""	"-1"	"-1"	"-1"	"-1"	"0"	"""Which pizza did I think Bob was talking about when he said olives."""	"0"	"0"	"-1"	"0"	"0"	"""No."""	"1"	"-1"	"""pizza"""	"""left"""	"""TRUE"""	"-1"	"""TRUE"""	"-1"	"-1"	"0"
"What is he talking about? (1-2 mins)"	"Short and fun! A 1-2 minute word game about what someone is talking about."	"experiment, psychology, game"	"$0.20"	"Mon Dec 16 21:03:30 CST 2013"	"240"	"0"	"0"	"116"	"Reviewable"	"NotReviewed"	"1 scales"	"600"	"60000"	"Mon Dec 23 21:03:30 CST 2013"	"S64026"	"Submitted"	""	"""glasses"""	"""target"""	"-1"	"-1"	"-1"	"-1"	"0"	"""Who Bob is talking about"""	"0"	"0"	"-1"	"0"	"0"	""""""	"1"	"-1"	"""friend"""	"""middle"""	"""TRUE"""	"-1"	"""TRUE"""	"-1"	"-1"	"0"
"What is he talking about? (1-2 mins)"	"Short and fun! A 1-2 minute word game about what someone is talking about."	"experiment, psychology, game"	"$0.20"	"Mon Dec 16 21:03:30 CST 2013"	"240"	"0"	"0"	"116"	"Reviewable"	"NotReviewed"	"1 scales"	"600"	"60000"	"Mon Dec 23 21:03:30 CST 2013"	"S43996"	"Submitted"	""	"""mustache"""	"""target"""	"-1"	"-1"	"-1"	"-1"	"0"	"""Who Bob wanted to see, based on a one word description."""	"0"	"0"	"-1"	"0"	"0"	""""""	"1"	"-1"	"""friend"""	"""left"""	"""TRUE"""	"-1"	"""TRUE"""	"-1"	"-1"	"0"
"What is he talking about? (1-2 mins)"	"Short and fun! A 1-2 minute word game about what someone is talking about."	"experiment, psychology, game"	"$0.20"	"Mon Dec 16 21:03:30 CST 2013"	"240"	"0"	"0"	"116"	"Reviewable"	"NotReviewed"	"1 scales"	"600"	"60000"	"Mon Dec 23 21:03:30 CST 2013"	"S52963"	"Submitted"	""	"""glasses"""	"""target"""	"-1"	"-1"	"-1"	"-1"	"0"	"""Tim met some friends, he used one word to describe one of them and you had to guess which one he was talking about."""	"0"	"0"	"-1"	"0"	"0"	"""Thanks!"""	"1"	"-1"	"""friend"""	"""middle"""	"""FALSE"""	"-1"	"""TRUE"""	"-1"	"-1"	"0"
"What is he talking about? (1-2 mins)"	"Short and fun! A 1-2 minute word game about what someone is talking about."	"experiment, psychology, game"	"$0.20"	"Mon Dec 16 21:03:30 CST 2013"	"240"	"0"	"0"	"116"	"Reviewable"	"NotReviewed"	"1 scales"	"600"	"60000"	"Mon Dec 23 21:03:30 CST 2013"	"S80734"	"Submitted"	""	"""glasses"""	"""target"""	"-1"	"-1"	"-1"	"-1"	"0"	"""It was about choosing an individual based on a one word description of that individual.  As to why, I suppose to see how people perceive things on a short description or clue."""	"0"	"0"	"-1"	"0"	"0"	"""Quick and easy.  I like it."""	"1"	"-1"	"""friend"""	"""left"""	"""TRUE"""	"-1"	"""TRUE"""	"-1"	"-1"	"0"
"What is he talking about? (1-2 mins)"	"Short and fun! A 1-2 minute word game about what someone is talking about."	"experiment, psychology, game"	"$0.20"	"Mon Dec 16 21:03:30 CST 2013"	"240"	"0"	"0"	"116"	"Reviewable"	"NotReviewed"	"1 scales"	"600"	"60000"	"Mon Dec 23 21:03:30 CST 2013"	"S40407"	"Submitted"	""	"""mushrooms"""	"""target"""	"-1"	"-1"	"-1"	"-1"	"0"	"""Bob referred to a mushroom pizza in conversation."""	"0"	"0"	"-1"	"0"	"0"	""""""	"1"	"-1"	"""pizza"""	"""right"""	"""TRUE"""	"-1"	"""TRUE"""	"-1"	"-1"	"0"
"What is he talking about? (1-2 mins)"	"Short and fun! A 1-2 minute word game about what someone is talking about."	"experiment, psychology, game"	"$0.20"	"Mon Dec 16 21:03:30 CST 2013"	"240"	"0"	"0"	"116"	"Reviewable"	"NotReviewed"	"1 scales"	"600"	"60000"	"Mon Dec 23 21:03:30 CST 2013"	"S83665"	"Submitted"	""	"""sail"""	"""target"""	"-1"	"-1"	"-1"	"-1"	"0"	"""What did Bob ask for?"""	"0"	"0"	"-1"	"0"	"0"	"""Fun and interesting!"""	"1"	"-1"	"""boat"""	"""left"""	"""TRUE"""	"-1"	"""TRUE"""	"-1"	"-1"	"0"
"What is he talking about? (1-2 mins)"	"Short and fun! A 1-2 minute word game about what someone is talking about."	"experiment, psychology, game"	"$0.20"	"Mon Dec 16 21:03:30 CST 2013"	"240"	"0"	"0"	"116"	"Reviewable"	"NotReviewed"	"1 scales"	"600"	"60000"	"Mon Dec 23 21:03:30 CST 2013"	"S45871"	"Submitted"	""	"""mittens"""	"""target"""	"-1"	"-1"	"-1"	"-1"	"0"	"""judgement about bob"""	"0"	"0"	"-1"	"0"	"0"	"""fun"""	"1"	"-1"	"""snowman"""	"""middle"""	"""TRUE"""	"-1"	"""TRUE"""	"-1"	"-1"	"0"
"What is he talking about? (1-2 mins)"	"Short and fun! A 1-2 minute word game about what someone is talking about."	"experiment, psychology, game"	"$0.20"	"Mon Dec 16 21:03:30 CST 2013"	"240"	"0"	"0"	"116"	"Reviewable"	"NotReviewed"	"1 scales"	"600"	"60000"	"Mon Dec 23 21:03:30 CST 2013"	"S94038"	"Submitted"	""	"""hat"""	"""target"""	"-1"	"-1"	"-1"	"-1"	"0"	"""bob and him meeting a friend"""	"0"	"0"	"-1"	"0"	"0"	"""none"""	"1"	"-1"	"""friend"""	"""middle"""	"""TRUE"""	"-1"	"""TRUE"""	"-1"	"-1"	"0"
"What is he talking about? (1-2 mins)"	"Short and fun! A 1-2 minute word game about what someone is talking about."	"experiment, psychology, game"	"$0.20"	"Mon Dec 16 21:03:30 CST 2013"	"240"	"0"	"0"	"116"	"Reviewable"	"NotReviewed"	"1 scales"	"600"	"60000"	"Mon Dec 23 21:03:30 CST 2013"	"S16945"	"Submitted"	""	"""motor"""	"""logical"""	"-1"	"-1"	"-1"	"-1"	"0"	"""Bob and his boats"""	"0"	"0"	"-1"	"0"	"0"	""""""	"1"	"-1"	"""boat"""	"""right"""	"""TRUE"""	"-1"	"""FALSE"""	"-1"	"-1"	"0"
"What is he talking about? (1-2 mins)"	"Short and fun! A 1-2 minute word game about what someone is talking about."	"experiment, psychology, game"	"$0.20"	"Mon Dec 16 21:03:30 CST 2013"	"240"	"0"	"0"	"116"	"Reviewable"	"NotReviewed"	"1 scales"	"600"	"60000"	"Mon Dec 23 21:03:30 CST 2013"	"S55410"	"Submitted"	""	"""cherry"""	"""target"""	"-1"	"-1"	"-1"	"-1"	"0"	"""Which sundae Bob was going to have based on one word."""	"0"	"0"	"-1"	"0"	"0"	""""""	"1"	"-1"	"""sundae"""	"""middle"""	"""TRUE"""	"-1"	"""TRUE"""	"-1"	"-1"	"0"
"What is he talking about? (1-2 mins)"	"Short and fun! A 1-2 minute word game about what someone is talking about."	"experiment, psychology, game"	"$0.20"	"Mon Dec 16 21:03:30 CST 2013"	"240"	"0"	"0"	"116"	"Reviewable"	"NotReviewed"	"1 scales"	"600"	"60000"	"Mon Dec 23 21:03:30 CST 2013"	"S71691"	"Submitted"	""	"""lights"""	"""target"""	"-1"	"-1"	"-1"	"-1"	"0"	"""Bob can only communicate with me using one word, and he says \""lights\"" to describe the tree!"""	"0"	"0"	"-1"	"0"	"0"	"""Fun survey, thanks."""	"1"	"-1"	"""Christmas tree"""	"""middle"""	"""TRUE"""	"-1"	"""TRUE"""	"-1"	"-1"	"0"
"What is he talking about? (1-2 mins)"	"Short and fun! A 1-2 minute word game about what someone is talking about."	"experiment, psychology, game"	"$0.20"	"Mon Dec 16 21:03:30 CST 2013"	"240"	"0"	"0"	"116"	"Reviewable"	"NotReviewed"	"1 scales"	"600"	"60000"	"Mon Dec 23 21:03:30 CST 2013"	"S06071"	"Submitted"	""	"""hat"""	"""logical"""	"-1"	"-1"	"-1"	"-1"	"0"	"""Bob meeting friends every Sunday and one of them appeared to be wearing a hat."""	"0"	"0"	"-1"	"0"	"0"	""""""	"1"	"-1"	"""friend"""	"""right"""	"""TRUE"""	"-1"	"""FALSE"""	"-1"	"-1"	"0"
"What is he talking about? (1-2 mins)"	"Short and fun! A 1-2 minute word game about what someone is talking about."	"experiment, psychology, game"	"$0.20"	"Mon Dec 16 21:03:30 CST 2013"	"240"	"0"	"0"	"116"	"Reviewable"	"NotReviewed"	"1 scales"	"600"	"60000"	"Mon Dec 23 21:03:30 CST 2013"	"S34965"	"Submitted"	""	"""hat"""	"""target"""	"-1"	"-1"	"-1"	"-1"	"0"	"""I dont know"""	"0"	"0"	"-1"	"0"	"0"	""""""	"1"	"-1"	"""snowman"""	"""middle"""	"""TRUE"""	"-1"	"""TRUE"""	"-1"	"-1"	"0"
"What is he talking about? (1-2 mins)"	"Short and fun! A 1-2 minute word game about what someone is talking about."	"experiment, psychology, game"	"$0.20"	"Mon Dec 16 21:03:30 CST 2013"	"240"	"0"	"0"	"116"	"Reviewable"	"NotReviewed"	"1 scales"	"600"	"60000"	"Mon Dec 23 21:03:30 CST 2013"	"S09792"	"Submitted"	""	"""peppers"""	"""target"""	"-1"	"-1"	"-1"	"-1"	"0"	"""Peppers"""	"0"	"0"	"-1"	"0"	"0"	""""""	"1"	"-1"	"""pizza"""	"""middle"""	"""TRUE"""	"-1"	"""TRUE"""	"-1"	"-1"	"0"
"What is he talking about? (1-2 mins)"	"Short and fun! A 1-2 minute word game about what someone is talking about."	"experiment, psychology, game"	"$0.20"	"Mon Dec 16 21:03:30 CST 2013"	"240"	"0"	"0"	"116"	"Reviewable"	"NotReviewed"	"1 scales"	"600"	"60000"	"Mon Dec 23 21:03:30 CST 2013"	"S14727"	"Submitted"	""	"""sail"""	"""target"""	"-1"	"-1"	"-1"	"-1"	"0"	"""What he means when he says \""sail\"""""	"0"	"0"	"-1"	"0"	"0"	""""""	"1"	"-1"	"""boat"""	"""middle"""	"""TRUE"""	"-1"	"""TRUE"""	"-1"	"-1"	"0"
"What is he talking about? (1-2 mins)"	"Short and fun! A 1-2 minute word game about what someone is talking about."	"experiment, psychology, game"	"$0.20"	"Mon Dec 16 21:03:30 CST 2013"	"240"	"0"	"0"	"116"	"Reviewable"	"NotReviewed"	"1 scales"	"600"	"60000"	"Mon Dec 23 21:03:30 CST 2013"	"S62738"	"Submitted"	""	"""mushrooms"""	"""target"""	"-1"	"-1"	"-1"	"-1"	"0"	"""pizza"""	"0"	"0"	"-1"	"0"	"0"	""""""	"1"	"-1"	"""pizza"""	"""left"""	"""TRUE"""	"-1"	"""TRUE"""	"-1"	"-1"	"0"
"What is he talking about? (1-2 mins)"	"Short and fun! A 1-2 minute word game about what someone is talking about."	"experiment, psychology, game"	"$0.20"	"Mon Dec 16 21:03:30 CST 2013"	"240"	"0"	"0"	"116"	"Reviewable"	"NotReviewed"	"1 scales"	"600"	"60000"	"Mon Dec 23 21:03:30 CST 2013"	"S43303"	"Submitted"	""	"""olives"""	"""logical"""	"-1"	"-1"	"-1"	"-1"	"0"	"""perception"""	"0"	"0"	"-1"	"0"	"0"	""""""	"1"	"-1"	"""pizza"""	"""middle"""	"""TRUE"""	"-1"	"""FALSE"""	"-1"	"-1"	"0"
"What is he talking about? (1-2 mins)"	"Short and fun! A 1-2 minute word game about what someone is talking about."	"experiment, psychology, game"	"$0.20"	"Mon Dec 16 21:03:30 CST 2013"	"240"	"0"	"0"	"116"	"Reviewable"	"NotReviewed"	"1 scales"	"600"	"60000"	"Mon Dec 23 21:03:30 CST 2013"	"S15633"	"Submitted"	""	"""peppers"""	"""target"""	"-1"	"-1"	"-1"	"-1"	"0"	"""To determine how people identify words with pictures."""	"0"	"0"	"-1"	"0"	"0"	"""I have no additional comments."""	"1"	"-1"	"""pizza"""	"""right"""	"""TRUE"""	"-1"	"""TRUE"""	"-1"	"-1"	"0"
"What is he talking about? (1-2 mins)"	"Short and fun! A 1-2 minute word game about what someone is talking about."	"experiment, psychology, game"	"$0.20"	"Mon Dec 16 21:03:30 CST 2013"	"240"	"0"	"0"	"116"	"Reviewable"	"NotReviewed"	"1 scales"	"600"	"60000"	"Mon Dec 23 21:03:30 CST 2013"	"S66088"	"Submitted"	""	"""sail"""	"""target"""	"-1"	"-1"	"-1"	"-1"	"0"	"""Cognition"""	"0"	"0"	"-1"	"0"	"0"	""""""	"1"	"-1"	"""boat"""	"""right"""	"""TRUE"""	"-1"	"""TRUE"""	"-1"	"-1"	"0"
"What is he talking about? (1-2 mins)"	"Short and fun! A 1-2 minute word game about what someone is talking about."	"experiment, psychology, game"	"$0.20"	"Mon Dec 16 21:03:30 CST 2013"	"240"	"0"	"0"	"116"	"Reviewable"	"NotReviewed"	"1 scales"	"600"	"60000"	"Mon Dec 23 21:03:30 CST 2013"	"S36920"	"Submitted"	""	"""mustache"""	"""logical"""	"-1"	"-1"	"-1"	"-1"	"0"	"""Bob meeting his friend"""	"0"	"0"	"-1"	"0"	"0"	"""No"""	"1"	"-1"	"""friend"""	"""left"""	"""TRUE"""	"-1"	"""FALSE"""	"-1"	"-1"	"0"
"What is he talking about? (1-2 mins)"	"Short and fun! A 1-2 minute word game about what someone is talking about."	"experiment, psychology, game"	"$0.20"	"Mon Dec 16 21:03:30 CST 2013"	"240"	"0"	"0"	"116"	"Reviewable"	"NotReviewed"	"1 scales"	"600"	"60000"	"Mon Dec 23 21:03:30 CST 2013"	"S00701"	"Submitted"	""	"""peppers"""	"""target"""	"-1"	"-1"	"-1"	"-1"	"0"	"""no idea"""	"0"	"0"	"-1"	"0"	"0"	""""""	"1"	"-1"	"""pizza"""	"""left"""	"""TRUE"""	"-1"	"""TRUE"""	"-1"	"-1"	"0"
"What is he talking about? (1-2 mins)"	"Short and fun! A 1-2 minute word game about what someone is talking about."	"experiment, psychology, game"	"$0.20"	"Mon Dec 16 21:03:30 CST 2013"	"240"	"0"	"0"	"116"	"Reviewable"	"NotReviewed"	"1 scales"	"600"	"60000"	"Mon Dec 23 21:03:30 CST 2013"	"S24794"	"Submitted"	""	"""chocolate"""	"""target"""	"-1"	"-1"	"-1"	"-1"	"0"	"""Trying to understand what Bob is trying to communicate."""	"0"	"0"	"-1"	"0"	"0"	"""no"""	"1"	"-1"	"""sundae"""	"""middle"""	"""TRUE"""	"-1"	"""TRUE"""	"-1"	"-1"	"0"
"What is he talking about? (1-2 mins)"	"Short and fun! A 1-2 minute word game about what someone is talking about."	"experiment, psychology, game"	"$0.20"	"Mon Dec 16 21:03:30 CST 2013"	"240"	"0"	"0"	"116"	"Reviewable"	"NotReviewed"	"1 scales"	"600"	"60000"	"Mon Dec 23 21:03:30 CST 2013"	"S43341"	"Submitted"	""	"""olives"""	"""target"""	"-1"	"-1"	"-1"	"-1"	"0"	"""Understanding a situaton with limited knowledge"""	"0"	"0"	"-1"	"0"	"0"	""""""	"1"	"-1"	"""pizza"""	"""right"""	"""TRUE"""	"-1"	"""TRUE"""	"-1"	"-1"	"0"
"What is he talking about? (1-2 mins)"	"Short and fun! A 1-2 minute word game about what someone is talking about."	"experiment, psychology, game"	"$0.20"	"Mon Dec 16 21:03:30 CST 2013"	"240"	"0"	"0"	"116"	"Reviewable"	"NotReviewed"	"1 scales"	"600"	"60000"	"Mon Dec 23 21:03:30 CST 2013"	"S09093"	"Submitted"	""	"""mustache"""	"""target"""	"-1"	"-1"	"-1"	"-1"	"0"	"""Judging who someone was talking about"""	"0"	"0"	"-1"	"0"	"0"	"""Interesting study, thanks."""	"1"	"-1"	"""friend"""	"""right"""	"""TRUE"""	"-1"	"""TRUE"""	"-1"	"-1"	"0"
"What is he talking about? (1-2 mins)"	"Short and fun! A 1-2 minute word game about what someone is talking about."	"experiment, psychology, game"	"$0.20"	"Mon Dec 16 21:03:30 CST 2013"	"240"	"0"	"0"	"116"	"Reviewable"	"NotReviewed"	"1 scales"	"600"	"60000"	"Mon Dec 23 21:03:30 CST 2013"	"S54093"	"Submitted"	""	"""mittens"""	"""foil"""	"-1"	"-1"	"-1"	"-1"	"0"	"""making connections between a single word and potential referents."""	"0"	"0"	"-1"	"0"	"0"	""""""	"1"	"-1"	"""snowman"""	"""left"""	"""TRUE"""	"-1"	"""FALSE"""	"-1"	"-1"	"0"
"What is he talking about? (1-2 mins)"	"Short and fun! A 1-2 minute word game about what someone is talking about."	"experiment, psychology, game"	"$0.20"	"Mon Dec 16 21:03:30 CST 2013"	"240"	"0"	"0"	"116"	"Reviewable"	"NotReviewed"	"1 scales"	"600"	"60000"	"Mon Dec 23 21:03:30 CST 2013"	"S50201"	"Submitted"	""	"""hat"""	"""logical"""	"-1"	"-1"	"-1"	"-1"	"0"	"""What snowman we think Bob is talking about"""	"0"	"0"	"-1"	"0"	"0"	""""""	"1"	"-1"	"""snowman"""	"""middle"""	"""TRUE"""	"-1"	"""FALSE"""	"-1"	"-1"	"0"
"What is he talking about? (1-2 mins)"	"Short and fun! A 1-2 minute word game about what someone is talking about."	"experiment, psychology, game"	"$0.20"	"Mon Dec 16 21:03:30 CST 2013"	"240"	"0"	"0"	"116"	"Reviewable"	"NotReviewed"	"1 scales"	"600"	"60000"	"Mon Dec 23 21:03:30 CST 2013"	"S60173"	"Submitted"	""	"""peppers"""	"""target"""	"-1"	"-1"	"-1"	"-1"	"0"	"""pizza"""	"0"	"0"	"-1"	"0"	"0"	""""""	"1"	"-1"	"""pizza"""	"""left"""	"""TRUE"""	"-1"	"""TRUE"""	"-1"	"-1"	"0"
"What is he talking about? (1-2 mins)"	"Short and fun! A 1-2 minute word game about what someone is talking about."	"experiment, psychology, game"	"$0.20"	"Mon Dec 16 21:03:30 CST 2013"	"240"	"0"	"0"	"116"	"Reviewable"	"NotReviewed"	"1 scales"	"600"	"60000"	"Mon Dec 23 21:03:30 CST 2013"	"S93573"	"Submitted"	""	"""hat"""	"""target"""	"-1"	"-1"	"-1"	"-1"	"0"	"""distinguishing features"""	"0"	"0"	"-1"	"0"	"0"	""""""	"1"	"-1"	"""friend"""	"""right"""	"""TRUE"""	"-1"	"""TRUE"""	"-1"	"-1"	"0"
"What is he talking about? (1-2 mins)"	"Short and fun! A 1-2 minute word game about what someone is talking about."	"experiment, psychology, game"	"$0.20"	"Mon Dec 16 21:03:30 CST 2013"	"240"	"0"	"0"	"116"	"Reviewable"	"NotReviewed"	"1 scales"	"600"	"60000"	"Mon Dec 23 21:03:30 CST 2013"	"S65250"	"Submitted"	""	"""star"""	"""target"""	"-1"	"-1"	"-1"	"-1"	"0"	"""About Bob who likes to buy Christmas trees."""	"0"	"0"	"-1"	"0"	"0"	"""No."""	"1"	"-1"	"""Christmas tree"""	"""middle"""	"""TRUE"""	"-1"	"""TRUE"""	"-1"	"-1"	"0"
"What is he talking about? (1-2 mins)"	"Short and fun! A 1-2 minute word game about what someone is talking about."	"experiment, psychology, game"	"$0.20"	"Mon Dec 16 21:03:30 CST 2013"	"240"	"0"	"0"	"116"	"Reviewable"	"NotReviewed"	"1 scales"	"600"	"60000"	"Mon Dec 23 21:03:30 CST 2013"	"S18527"	"Submitted"	""	"""whipped cream"""	"""target"""	"-1"	"-1"	"-1"	"-1"	"0"	"""what type of sundae bob ate"""	"0"	"0"	"-1"	"0"	"0"	""""""	"1"	"-1"	"""sundae"""	"""left"""	"""TRUE"""	"-1"	"""TRUE"""	"-1"	"-1"	"0"
"What is he talking about? (1-2 mins)"	"Short and fun! A 1-2 minute word game about what someone is talking about."	"experiment, psychology, game"	"$0.20"	"Mon Dec 16 21:03:30 CST 2013"	"240"	"0"	"0"	"116"	"Reviewable"	"NotReviewed"	"1 scales"	"600"	"60000"	"Mon Dec 23 21:03:30 CST 2013"	"S88653"	"Submitted"	""	"""cabin"""	"""logical"""	"-1"	"-1"	"-1"	"-1"	"0"	"""boats"""	"0"	"0"	"-1"	"0"	"0"	"""no"""	"1"	"-1"	"""boat"""	"""left"""	"""TRUE"""	"-1"	"""FALSE"""	"-1"	"-1"	"0"
"What is he talking about? (1-2 mins)"	"Short and fun! A 1-2 minute word game about what someone is talking about."	"experiment, psychology, game"	"$0.20"	"Mon Dec 16 21:03:30 CST 2013"	"240"	"0"	"0"	"116"	"Reviewable"	"NotReviewed"	"1 scales"	"600"	"60000"	"Mon Dec 23 21:03:30 CST 2013"	"S28411"	"Submitted"	""	"""chocolate"""	"""target"""	"-1"	"-1"	"-1"	"-1"	"0"	"""Bob likes ice cream sundaes (a man after my own heart!).  He gave a word.  We saw 3 sundaes.  We had to guess which one he was talking about.  2 looked liek amatch, I chose one."""	"0"	"0"	"-1"	"0"	"0"	""""""	"1"	"-1"	"""sundae"""	"""middle"""	"""TRUE"""	"-1"	"""TRUE"""	"-1"	"-1"	"0"
"What is he talking about? (1-2 mins)"	"Short and fun! A 1-2 minute word game about what someone is talking about."	"experiment, psychology, game"	"$0.20"	"Mon Dec 16 21:03:30 CST 2013"	"240"	"0"	"0"	"116"	"Reviewable"	"NotReviewed"	"1 scales"	"600"	"60000"	"Mon Dec 23 21:03:30 CST 2013"	"S65583"	"Submitted"	""	"""lights"""	"""logical"""	"-1"	"-1"	"-1"	"-1"	"0"	"""Decisions based upon one word"""	"0"	"0"	"-1"	"0"	"0"	""""""	"1"	"-1"	"""Christmas tree"""	"""left"""	"""TRUE"""	"-1"	"""FALSE"""	"-1"	"-1"	"0"
"What is he talking about? (1-2 mins)"	"Short and fun! A 1-2 minute word game about what someone is talking about."	"experiment, psychology, game"	"$0.20"	"Mon Dec 16 21:03:30 CST 2013"	"240"	"0"	"0"	"116"	"Reviewable"	"NotReviewed"	"1 scales"	"600"	"60000"	"Mon Dec 23 21:03:30 CST 2013"	"S14967"	"Submitted"	""	"""hat"""	"""target"""	"-1"	"-1"	"-1"	"-1"	"0"	"""Understanding how people prioritize descriptions"""	"0"	"0"	"-1"	"0"	"0"	""""""	"1"	"-1"	"""friend"""	"""left"""	"""TRUE"""	"-1"	"""TRUE"""	"-1"	"-1"	"0"
"What is he talking about? (1-2 mins)"	"Short and fun! A 1-2 minute word game about what someone is talking about."	"experiment, psychology, game"	"$0.20"	"Mon Dec 16 21:03:30 CST 2013"	"240"	"0"	"0"	"116"	"Reviewable"	"NotReviewed"	"1 scales"	"600"	"60000"	"Mon Dec 23 21:03:30 CST 2013"	"S17566"	"Submitted"	""	"""chocolate"""	"""target"""	"-1"	"-1"	"-1"	"-1"	"0"	"""Which traits are most important when describing something."""	"0"	"0"	"-1"	"0"	"0"	""""""	"1"	"-1"	"""sundae"""	"""left"""	"""TRUE"""	"-1"	"""TRUE"""	"-1"	"-1"	"0"
"What is he talking about? (1-2 mins)"	"Short and fun! A 1-2 minute word game about what someone is talking about."	"experiment, psychology, game"	"$0.20"	"Mon Dec 16 21:03:30 CST 2013"	"240"	"0"	"0"	"116"	"Reviewable"	"NotReviewed"	"1 scales"	"600"	"60000"	"Mon Dec 23 21:03:30 CST 2013"	"S71925"	"Submitted"	""	"""whipped cream"""	"""target"""	"-1"	"-1"	"-1"	"-1"	"0"	"""Word association """	"0"	"0"	"-1"	"0"	"0"	""""""	"1"	"-1"	"""sundae"""	"""left"""	"""TRUE"""	"-1"	"""TRUE"""	"-1"	"-1"	"0"
"What is he talking about? (1-2 mins)"	"Short and fun! A 1-2 minute word game about what someone is talking about."	"experiment, psychology, game"	"$0.20"	"Mon Dec 16 21:03:30 CST 2013"	"240"	"0"	"0"	"116"	"Reviewable"	"NotReviewed"	"1 scales"	"600"	"60000"	"Mon Dec 23 21:03:30 CST 2013"	"S86733"	"Submitted"	""	"""peppers"""	"""target"""	"-1"	"-1"	"-1"	"-1"	"0"	"""Assumptions or educated guesses"""	"0"	"0"	"-1"	"0"	"0"	"""I am confused"""	"1"	"-1"	"""pizza"""	"""middle"""	"""TRUE"""	"-1"	"""TRUE"""	"-1"	"-1"	"0"
"What is he talking about? (1-2 mins)"	"Short and fun! A 1-2 minute word game about what someone is talking about."	"experiment, psychology, game"	"$0.20"	"Mon Dec 16 21:03:30 CST 2013"	"240"	"0"	"0"	"116"	"Reviewable"	"NotReviewed"	"1 scales"	"600"	"60000"	"Mon Dec 23 21:03:30 CST 2013"	"S52014"	"Submitted"	""	"""ornaments"""	"""logical"""	"-1"	"-1"	"-1"	"-1"	"0"	"""Guess what bob is talking about"""	"0"	"0"	"-1"	"0"	"0"	""""""	"1"	"-1"	"""Christmas tree"""	"""middle"""	"""TRUE"""	"-1"	"""FALSE"""	"-1"	"-1"	"0"
"What is he talking about? (1-2 mins)"	"Short and fun! A 1-2 minute word game about what someone is talking about."	"experiment, psychology, game"	"$0.20"	"Mon Dec 16 21:03:30 CST 2013"	"240"	"0"	"0"	"116"	"Reviewable"	"NotReviewed"	"1 scales"	"600"	"60000"	"Mon Dec 23 21:03:30 CST 2013"	"S95293"	"Submitted"	""	"""whipped cream"""	"""target"""	"-1"	"-1"	"-1"	"-1"	"0"	"""The sundaes that Bob had, and which one he tried to communicate to me."""	"0"	"0"	"-1"	"0"	"0"	""""""	"1"	"-1"	"""sundae"""	"""right"""	"""TRUE"""	"-1"	"""TRUE"""	"-1"	"-1"	"0"
"What is he talking about? (1-2 mins)"	"Short and fun! A 1-2 minute word game about what someone is talking about."	"experiment, psychology, game"	"$0.20"	"Mon Dec 16 21:03:30 CST 2013"	"240"	"0"	"0"	"116"	"Reviewable"	"NotReviewed"	"1 scales"	"600"	"60000"	"Mon Dec 23 21:03:30 CST 2013"	"S36341"	"Submitted"	""	"""whipped cream"""	"""target"""	"-1"	"-1"	"-1"	"-1"	"0"	"""Sundaes"""	"0"	"0"	"-1"	"0"	"0"	""""""	"1"	"-1"	"""sundae"""	"""middle"""	"""TRUE"""	"-1"	"""TRUE"""	"-1"	"-1"	"0"
"What is he talking about? (1-2 mins)"	"Short and fun! A 1-2 minute word game about what someone is talking about."	"experiment, psychology, game"	"$0.20"	"Mon Dec 16 21:03:30 CST 2013"	"240"	"0"	"0"	"116"	"Reviewable"	"NotReviewed"	"1 scales"	"600"	"60000"	"Mon Dec 23 21:03:30 CST 2013"	"S47512"	"Submitted"	""	"""lights"""	"""target"""	"-1"	"-1"	"-1"	"-1"	"0"	"""language"""	"0"	"0"	"-1"	"0"	"0"	"""nope"""	"1"	"-1"	"""Christmas tree"""	"""middle"""	"""TRUE"""	"-1"	"""TRUE"""	"-1"	"-1"	"0"
"What is he talking about? (1-2 mins)"	"Short and fun! A 1-2 minute word game about what someone is talking about."	"experiment, psychology, game"	"$0.20"	"Mon Dec 16 21:03:30 CST 2013"	"240"	"0"	"0"	"116"	"Reviewable"	"NotReviewed"	"1 scales"	"600"	"60000"	"Mon Dec 23 21:03:30 CST 2013"	"S88356"	"Submitted"	""	"""cabin"""	"""target"""	"-1"	"-1"	"-1"	"-1"	"0"	"""bob saying one word \""cabin\"""""	"0"	"0"	"-1"	"0"	"0"	""""""	"1"	"-1"	"""boat"""	"""middle"""	"""TRUE"""	"-1"	"""TRUE"""	"-1"	"-1"	"0"
"What is he talking about? (1-2 mins)"	"Short and fun! A 1-2 minute word game about what someone is talking about."	"experiment, psychology, game"	"$0.20"	"Mon Dec 16 21:03:30 CST 2013"	"240"	"0"	"0"	"116"	"Reviewable"	"NotReviewed"	"1 scales"	"600"	"60000"	"Mon Dec 23 21:03:30 CST 2013"	"S41406"	"Submitted"	""	"""whipped cream"""	"""target"""	"-1"	"-1"	"-1"	"-1"	"0"	"""Understanding people"""	"0"	"0"	"-1"	"0"	"0"	""""""	"1"	"-1"	"""sundae"""	"""left"""	"""TRUE"""	"-1"	"""TRUE"""	"-1"	"-1"	"0"
"What is he talking about? (1-2 mins)"	"Short and fun! A 1-2 minute word game about what someone is talking about."	"experiment, psychology, game"	"$0.20"	"Mon Dec 16 21:03:30 CST 2013"	"240"	"0"	"0"	"116"	"Reviewable"	"NotReviewed"	"1 scales"	"600"	"60000"	"Mon Dec 23 21:03:30 CST 2013"	"S19955"	"Submitted"	""	"""ornaments"""	"""target"""	"-1"	"-1"	"-1"	"-1"	"0"	"""Christmas trees that Bob trims"""	"0"	"0"	"-1"	"0"	"0"	""""""	"1"	"-1"	"""Christmas tree"""	"""right"""	"""TRUE"""	"-1"	"""TRUE"""	"-1"	"-1"	"0"
"What is he talking about? (1-2 mins)"	"Short and fun! A 1-2 minute word game about what someone is talking about."	"experiment, psychology, game"	"$0.20"	"Mon Dec 16 21:03:30 CST 2013"	"240"	"0"	"0"	"116"	"Reviewable"	"NotReviewed"	"1 scales"	"600"	"60000"	"Mon Dec 23 21:03:30 CST 2013"	"S47394"	"Submitted"	""	"""ornaments"""	"""target"""	"-1"	"-1"	"-1"	"-1"	"0"	"""Christmas trees"""	"0"	"0"	"-1"	"0"	"0"	"""no"""	"1"	"-1"	"""Christmas tree"""	"""right"""	"""TRUE"""	"-1"	"""TRUE"""	"-1"	"-1"	"0"
"What is he talking about? (1-2 mins)"	"Short and fun! A 1-2 minute word game about what someone is talking about."	"experiment, psychology, game"	"$0.20"	"Mon Dec 16 21:03:30 CST 2013"	"240"	"0"	"0"	"116"	"Reviewable"	"NotReviewed"	"1 scales"	"600"	"60000"	"Mon Dec 23 21:03:30 CST 2013"	"S26443"	"Submitted"	""	"""star"""	"""target"""	"-1"	"-1"	"-1"	"-1"	"0"	"""Christmas Tree"""	"0"	"0"	"-1"	"0"	"0"	""""""	"1"	"-1"	"""Christmas tree"""	"""left"""	"""TRUE"""	"-1"	"""TRUE"""	"-1"	"-1"	"0"
"What is he talking about? (1-2 mins)"	"Short and fun! A 1-2 minute word game about what someone is talking about."	"experiment, psychology, game"	"$0.20"	"Mon Dec 16 21:03:30 CST 2013"	"240"	"0"	"0"	"116"	"Reviewable"	"NotReviewed"	"1 scales"	"600"	"60000"	"Mon Dec 23 21:03:30 CST 2013"	"S73767"	"Submitted"	""	"""lights"""	"""target"""	"-1"	"-1"	"-1"	"-1"	"0"	"""Deduction"""	"0"	"0"	"-1"	"0"	"0"	""""""	"1"	"-1"	"""Christmas tree"""	"""left"""	"""TRUE"""	"-1"	"""TRUE"""	"-1"	"-1"	"0"
"What is he talking about? (1-2 mins)"	"Short and fun! A 1-2 minute word game about what someone is talking about."	"experiment, psychology, game"	"$0.20"	"Mon Dec 16 21:03:30 CST 2013"	"240"	"0"	"0"	"116"	"Reviewable"	"NotReviewed"	"1 scales"	"600"	"60000"	"Mon Dec 23 21:03:30 CST 2013"	"S05651"	"Submitted"	""	"""mushrooms"""	"""target"""	"-1"	"-1"	"-1"	"-1"	"0"	"""understanding people with communication problems"""	"0"	"0"	"-1"	"0"	"0"	"""No"""	"1"	"-1"	"""pizza"""	"""left"""	"""TRUE"""	"-1"	"""TRUE"""	"-1"	"-1"	"0"
"What is he talking about? (1-2 mins)"	"Short and fun! A 1-2 minute word game about what someone is talking about."	"experiment, psychology, game"	"$0.20"	"Mon Dec 16 21:03:30 CST 2013"	"240"	"0"	"0"	"116"	"Reviewable"	"NotReviewed"	"1 scales"	"600"	"60000"	"Mon Dec 23 21:03:30 CST 2013"	"S65180"	"Submitted"	""	"""cherry"""	"""target"""	"-1"	"-1"	"-1"	"-1"	"0"	"""Language and cognition"""	"0"	"0"	"-1"	"0"	"0"	"""No"""	"1"	"-1"	"""sundae"""	"""right"""	"""TRUE"""	"-1"	"""TRUE"""	"-1"	"-1"	"0"
"What is he talking about? (1-2 mins)"	"Short and fun! A 1-2 minute word game about what someone is talking about."	"experiment, psychology, game"	"$0.20"	"Mon Dec 16 21:03:30 CST 2013"	"240"	"0"	"0"	"116"	"Reviewable"	"NotReviewed"	"1 scales"	"600"	"60000"	"Mon Dec 23 21:03:30 CST 2013"	"S96235"	"Submitted"	""	"""scarf"""	"""logical"""	"-1"	"-1"	"-1"	"-1"	"0"	"""choosing a snowman"""	"0"	"0"	"-1"	"0"	"0"	"""no"""	"1"	"-1"	"""snowman"""	"""right"""	"""FALSE"""	"-1"	"""FALSE"""	"-1"	"-1"	"0"
"What is he talking about? (1-2 mins)"	"Short and fun! A 1-2 minute word game about what someone is talking about."	"experiment, psychology, game"	"$0.20"	"Mon Dec 16 21:03:30 CST 2013"	"240"	"0"	"0"	"116"	"Reviewable"	"NotReviewed"	"1 scales"	"600"	"60000"	"Mon Dec 23 21:03:30 CST 2013"	"S16980"	"Submitted"	""	"""lights"""	"""logical"""	"-1"	"-1"	"-1"	"-1"	"0"	"""Decision making based on little information"""	"0"	"0"	"-1"	"0"	"0"	""""""	"1"	"-1"	"""Christmas tree"""	"""middle"""	"""TRUE"""	"-1"	"""FALSE"""	"-1"	"-1"	"0"
"What is he talking about? (1-2 mins)"	"Short and fun! A 1-2 minute word game about what someone is talking about."	"experiment, psychology, game"	"$0.20"	"Mon Dec 16 21:03:30 CST 2013"	"240"	"0"	"0"	"116"	"Reviewable"	"NotReviewed"	"1 scales"	"600"	"60000"	"Mon Dec 23 21:03:30 CST 2013"	"S19198"	"Submitted"	""	"""hat"""	"""target"""	"-1"	"-1"	"-1"	"-1"	"0"	"""A man can say only one word, hat."""	"0"	"0"	"-1"	"0"	"0"	""""""	"1"	"-1"	"""snowman"""	"""right"""	"""FALSE"""	"-1"	"""TRUE"""	"-1"	"-1"	"0"
"What is he talking about? (1-2 mins)"	"Short and fun! A 1-2 minute word game about what someone is talking about."	"experiment, psychology, game"	"$0.20"	"Mon Dec 16 21:03:30 CST 2013"	"240"	"0"	"0"	"116"	"Reviewable"	"NotReviewed"	"1 scales"	"600"	"60000"	"Mon Dec 23 21:03:30 CST 2013"	"S61123"	"Submitted"	""	"""peppers"""	"""target"""	"-1"	"-1"	"-1"	"-1"	"0"	"""Finding out what Bob, a pizza lover, means by \""pepper\"""""	"0"	"0"	"-1"	"0"	"0"	""""""	"1"	"-1"	"""pizza"""	"""left"""	"""TRUE"""	"-1"	"""TRUE"""	"-1"	"-1"	"0"
"What is he talking about? (1-2 mins)"	"Short and fun! A 1-2 minute word game about what someone is talking about."	"experiment, psychology, game"	"$0.20"	"Mon Dec 16 21:03:30 CST 2013"	"240"	"0"	"0"	"116"	"Reviewable"	"NotReviewed"	"1 scales"	"600"	"60000"	"Mon Dec 23 21:03:30 CST 2013"	"S81146"	"Submitted"	""	"""mittens"""	"""target"""	"-1"	"-1"	"-1"	"-1"	"0"	"""This survey involves decision-making based on (Bob's) one word. The decision involves Bob's preference of decorating snowmen."""	"0"	"0"	"-1"	"0"	"0"	"""I do not have any additional comments. Thank you."""	"1"	"-1"	"""snowman"""	"""middle"""	"""TRUE"""	"-1"	"""TRUE"""	"-1"	"-1"	"0"
"What is he talking about? (1-2 mins)"	"Short and fun! A 1-2 minute word game about what someone is talking about."	"experiment, psychology, game"	"$0.20"	"Mon Dec 16 21:03:30 CST 2013"	"240"	"0"	"0"	"116"	"Reviewable"	"NotReviewed"	"1 scales"	"600"	"60000"	"Mon Dec 23 21:03:30 CST 2013"	"S92679"	"Submitted"	""	"""mittens"""	"""target"""	"-1"	"-1"	"-1"	"-1"	"0"	"""Understanding what people mean by what they say."""	"0"	"0"	"-1"	"0"	"0"	""""""	"1"	"-1"	"""snowman"""	"""middle"""	"""TRUE"""	"-1"	"""TRUE"""	"-1"	"-1"	"0"
"What is he talking about? (1-2 mins)"	"Short and fun! A 1-2 minute word game about what someone is talking about."	"experiment, psychology, game"	"$0.20"	"Mon Dec 16 21:03:30 CST 2013"	"240"	"0"	"0"	"116"	"Reviewable"	"NotReviewed"	"1 scales"	"600"	"60000"	"Mon Dec 23 21:03:30 CST 2013"	"S93348"	"Submitted"	""	"""mushrooms"""	"""target"""	"-1"	"-1"	"-1"	"-1"	"0"	"""My interpretation of Bob's love of pizza and his response \""mushrooms\"""""	"0"	"0"	"-1"	"0"	"0"	""""""	"1"	"-1"	"""pizza"""	"""left"""	"""TRUE"""	"-1"	"""TRUE"""	"-1"	"-1"	"0"
"What is he talking about? (1-2 mins)"	"Short and fun! A 1-2 minute word game about what someone is talking about."	"experiment, psychology, game"	"$0.20"	"Mon Dec 16 21:03:30 CST 2013"	"240"	"0"	"0"	"116"	"Reviewable"	"NotReviewed"	"1 scales"	"600"	"60000"	"Mon Dec 23 21:03:30 CST 2013"	"S86929"	"Submitted"	""	"""whipped cream"""	"""target"""	"-1"	"-1"	"-1"	"-1"	"0"	"""To see if people can use deductive reasoning."""	"0"	"0"	"-1"	"0"	"0"	""""""	"1"	"-1"	"""sundae"""	"""middle"""	"""TRUE"""	"-1"	"""TRUE"""	"-1"	"-1"	"0"
"What is he talking about? (1-2 mins)"	"Short and fun! A 1-2 minute word game about what someone is talking about."	"experiment, psychology, game"	"$0.20"	"Mon Dec 16 21:03:30 CST 2013"	"240"	"0"	"0"	"116"	"Reviewable"	"NotReviewed"	"1 scales"	"600"	"60000"	"Mon Dec 23 21:03:30 CST 2013"	"S22087"	"Submitted"	""	"""glasses"""	"""target"""	"-1"	"-1"	"-1"	"-1"	"0"	"""Bob meeting his friend with glasses"""	"0"	"0"	"-1"	"0"	"0"	""""""	"1"	"-1"	"""friend"""	"""right"""	"""TRUE"""	"-1"	"""TRUE"""	"-1"	"-1"	"0"
"What is he talking about? (1-2 mins)"	"Short and fun! A 1-2 minute word game about what someone is talking about."	"experiment, psychology, game"	"$0.20"	"Mon Dec 16 21:03:30 CST 2013"	"240"	"0"	"0"	"116"	"Reviewable"	"NotReviewed"	"1 scales"	"600"	"60000"	"Mon Dec 23 21:03:30 CST 2013"	"S03364"	"Submitted"	""	"""mittens"""	"""target"""	"-1"	"-1"	"-1"	"-1"	"0"	"""Snowmen with mittens"""	"0"	"0"	"-1"	"0"	"0"	""""""	"1"	"-1"	"""snowman"""	"""left"""	"""TRUE"""	"-1"	"""TRUE"""	"-1"	"-1"	"0"
"What is he talking about? (1-2 mins)"	"Short and fun! A 1-2 minute word game about what someone is talking about."	"experiment, psychology, game"	"$0.20"	"Mon Dec 16 21:03:30 CST 2013"	"240"	"0"	"0"	"116"	"Reviewable"	"NotReviewed"	"1 scales"	"600"	"60000"	"Mon Dec 23 21:03:30 CST 2013"	"S96898"	"Submitted"	""	"""glasses"""	"""target"""	"-1"	"-1"	"-1"	"-1"	"0"	"""Recognition"""	"0"	"0"	"-1"	"0"	"0"	""""""	"1"	"-1"	"""friend"""	"""left"""	"""TRUE"""	"-1"	"""TRUE"""	"-1"	"-1"	"0"
"What is he talking about? (1-2 mins)"	"Short and fun! A 1-2 minute word game about what someone is talking about."	"experiment, psychology, game"	"$0.20"	"Mon Dec 16 21:03:30 CST 2013"	"240"	"0"	"0"	"116"	"Reviewable"	"NotReviewed"	"1 scales"	"600"	"60000"	"Mon Dec 23 21:03:30 CST 2013"	"S55020"	"Submitted"	""	"""sail"""	"""target"""	"-1"	"-1"	"-1"	"-1"	"0"	"""Sailing"""	"0"	"0"	"-1"	"0"	"0"	"""Nope"""	"1"	"-1"	"""boat"""	"""middle"""	"""TRUE"""	"-1"	"""TRUE"""	"-1"	"-1"	"0"
"What is he talking about? (1-2 mins)"	"Short and fun! A 1-2 minute word game about what someone is talking about."	"experiment, psychology, game"	"$0.20"	"Mon Dec 16 21:03:30 CST 2013"	"240"	"0"	"0"	"116"	"Reviewable"	"NotReviewed"	"1 scales"	"600"	"60000"	"Mon Dec 23 21:03:30 CST 2013"	"S70322"	"Submitted"	""	"""glasses"""	"""target"""	"-1"	"-1"	"-1"	"-1"	"0"	"""Bob has a friend. He can only say \""glasses\"""""	"0"	"0"	"-1"	"0"	"0"	""""""	"1"	"-1"	"""friend"""	"""middle"""	"""TRUE"""	"-1"	"""TRUE"""	"-1"	"-1"	"0"
"What is he talking about? (1-2 mins)"	"Short and fun! A 1-2 minute word game about what someone is talking about."	"experiment, psychology, game"	"$0.20"	"Mon Dec 16 21:03:30 CST 2013"	"240"	"0"	"0"	"116"	"Reviewable"	"NotReviewed"	"1 scales"	"600"	"60000"	"Mon Dec 23 21:03:30 CST 2013"	"S93953"	"Submitted"	""	"""hat"""	"""target"""	"-1"	"-1"	"-1"	"-1"	"0"	"""How people discern between multiple viable options (i.e. he said \""hat\"" and two people were wearing hats, but one was also the only person wearing glasses and thus if he meant that person he could have designated them with \""glasses\"")"""	"0"	"0"	"-1"	"0"	"0"	"""Looks like fun research!"""	"1"	"-1"	"""friend"""	"""right"""	"""TRUE"""	"-1"	"""TRUE"""	"-1"	"-1"	"0"
"What is he talking about? (1-2 mins)"	"Short and fun! A 1-2 minute word game about what someone is talking about."	"experiment, psychology, game"	"$0.20"	"Mon Dec 16 21:03:30 CST 2013"	"240"	"0"	"0"	"116"	"Reviewable"	"NotReviewed"	"1 scales"	"600"	"60000"	"Mon Dec 23 21:03:30 CST 2013"	"S40252"	"Submitted"	""	"""hat"""	"""target"""	"-1"	"-1"	"-1"	"-1"	"0"	"""Understanding what people are talking about, using deductive/logical reasoning."""	"0"	"0"	"-1"	"0"	"0"	""""""	"1"	"-1"	"""friend"""	"""left"""	"""TRUE"""	"-1"	"""TRUE"""	"-1"	"-1"	"0"
"What is he talking about? (1-2 mins)"	"Short and fun! A 1-2 minute word game about what someone is talking about."	"experiment, psychology, game"	"$0.20"	"Mon Dec 16 21:03:30 CST 2013"	"240"	"0"	"0"	"116"	"Reviewable"	"NotReviewed"	"1 scales"	"600"	"60000"	"Mon Dec 23 21:03:30 CST 2013"	"S53102"	"Submitted"	""	"""whipped cream"""	"""target"""	"-1"	"-1"	"-1"	"-1"	"0"	"""ice cream"""	"0"	"0"	"-1"	"0"	"0"	"""thanks"""	"1"	"-1"	"""sundae"""	"""middle"""	"""TRUE"""	"-1"	"""TRUE"""	"-1"	"-1"	"0"
"What is he talking about? (1-2 mins)"	"Short and fun! A 1-2 minute word game about what someone is talking about."	"experiment, psychology, game"	"$0.20"	"Mon Dec 16 21:03:30 CST 2013"	"240"	"0"	"0"	"116"	"Reviewable"	"NotReviewed"	"1 scales"	"600"	"60000"	"Mon Dec 23 21:03:30 CST 2013"	"S60364"	"Submitted"	""	"""sail"""	"""target"""	"-1"	"-1"	"-1"	"-1"	"0"	"""Bob loves sail boats but he doesn't own one."""	"0"	"0"	"-1"	"0"	"0"	""""""	"1"	"-1"	"""boat"""	"""left"""	"""TRUE"""	"-1"	"""TRUE"""	"-1"	"-1"	"0"
"What is he talking about? (1-2 mins)"	"Short and fun! A 1-2 minute word game about what someone is talking about."	"experiment, psychology, game"	"$0.20"	"Mon Dec 16 21:03:30 CST 2013"	"240"	"0"	"0"	"116"	"Reviewable"	"NotReviewed"	"1 scales"	"600"	"60000"	"Mon Dec 23 21:03:30 CST 2013"	"S95368"	"Submitted"	""	"""sail"""	"""target"""	"-1"	"-1"	"-1"	"-1"	"0"	"""Bob communicating to me about his boat with one word"""	"0"	"0"	"-1"	"0"	"0"	"""Bob is weird."""	"1"	"-1"	"""boat"""	"""middle"""	"""TRUE"""	"-1"	"""TRUE"""	"-1"	"-1"	"0"
"What is he talking about? (1-2 mins)"	"Short and fun! A 1-2 minute word game about what someone is talking about."	"experiment, psychology, game"	"$0.20"	"Mon Dec 16 21:03:30 CST 2013"	"240"	"0"	"0"	"116"	"Reviewable"	"NotReviewed"	"1 scales"	"600"	"60000"	"Mon Dec 23 21:03:30 CST 2013"	"S74135"	"Submitted"	""	"""mushrooms"""	"""target"""	"-1"	"-1"	"-1"	"-1"	"0"	"""Bob eating pizza and only being able to say mushrooms and choosing a pizza"""	"0"	"0"	"-1"	"0"	"0"	""""""	"1"	"-1"	"""pizza"""	"""left"""	"""TRUE"""	"-1"	"""TRUE"""	"-1"	"-1"	"0"
"What is he talking about? (1-2 mins)"	"Short and fun! A 1-2 minute word game about what someone is talking about."	"experiment, psychology, game"	"$0.20"	"Mon Dec 16 21:03:30 CST 2013"	"240"	"0"	"0"	"116"	"Reviewable"	"NotReviewed"	"1 scales"	"600"	"60000"	"Mon Dec 23 21:03:30 CST 2013"	"S77457"	"Submitted"	""	"""hat"""	"""logical"""	"-1"	"-1"	"-1"	"-1"	"0"	"""no sute"""	"0"	"0"	"-1"	"0"	"0"	"""no"""	"1"	"-1"	"""friend"""	"""right"""	"""TRUE"""	"-1"	"""FALSE"""	"-1"	"-1"	"0"
"What is he talking about? (1-2 mins)"	"Short and fun! A 1-2 minute word game about what someone is talking about."	"experiment, psychology, game"	"$0.20"	"Mon Dec 16 21:03:30 CST 2013"	"240"	"0"	"0"	"116"	"Reviewable"	"NotReviewed"	"1 scales"	"600"	"60000"	"Mon Dec 23 21:03:30 CST 2013"	"S92520"	"Submitted"	""	"""motor"""	"""logical"""	"-1"	"-1"	"-1"	"-1"	"0"	"""Bob and his boats"""	"0"	"0"	"-1"	"0"	"0"	""""""	"1"	"-1"	"""boat"""	"""middle"""	"""TRUE"""	"-1"	"""FALSE"""	"-1"	"-1"	"0"
"What is he talking about? (1-2 mins)"	"Short and fun! A 1-2 minute word game about what someone is talking about."	"experiment, psychology, game"	"$0.20"	"Mon Dec 16 21:03:30 CST 2013"	"240"	"0"	"0"	"116"	"Reviewable"	"NotReviewed"	"1 scales"	"600"	"60000"	"Mon Dec 23 21:03:30 CST 2013"	"S61855"	"Submitted"	""	"""motor"""	"""target"""	"-1"	"-1"	"-1"	"-1"	"0"	"""About what boat Bob was refering to."""	"0"	"0"	"-1"	"0"	"0"	""""""	"1"	"-1"	"""boat"""	"""right"""	"""TRUE"""	"-1"	"""TRUE"""	"-1"	"-1"	"0"
"What is he talking about? (1-2 mins)"	"Short and fun! A 1-2 minute word game about what someone is talking about."	"experiment, psychology, game"	"$0.20"	"Mon Dec 16 21:03:30 CST 2013"	"240"	"0"	"0"	"116"	"Reviewable"	"NotReviewed"	"1 scales"	"600"	"60000"	"Mon Dec 23 21:03:30 CST 2013"	"S23685"	"Submitted"	""	"""glasses"""	"""foil"""	"-1"	"-1"	"-1"	"-1"	"0"	"""Visiting Friends on Sunday"""	"0"	"0"	"-1"	"0"	"0"	""""""	"1"	"-1"	"""friend"""	"""left"""	"""FALSE"""	"-1"	"""FALSE"""	"-1"	"-1"	"0"
"What is he talking about? (1-2 mins)"	"Short and fun! A 1-2 minute word game about what someone is talking about."	"experiment, psychology, game"	"$0.20"	"Mon Dec 16 21:03:30 CST 2013"	"240"	"0"	"0"	"116"	"Reviewable"	"NotReviewed"	"1 scales"	"600"	"60000"	"Mon Dec 23 21:03:30 CST 2013"	"S35789"	"Submitted"	""	"""chocolate"""	"""target"""	"-1"	"-1"	"-1"	"-1"	"0"	"""Bob using one word to tell you the sundae he wants."""	"0"	"0"	"-1"	"0"	"0"	""""""	"1"	"-1"	"""sundae"""	"""middle"""	"""TRUE"""	"-1"	"""TRUE"""	"-1"	"-1"	"0"
"What is he talking about? (1-2 mins)"	"Short and fun! A 1-2 minute word game about what someone is talking about."	"experiment, psychology, game"	"$0.20"	"Mon Dec 16 21:03:30 CST 2013"	"240"	"0"	"0"	"116"	"Reviewable"	"NotReviewed"	"1 scales"	"600"	"60000"	"Mon Dec 23 21:03:30 CST 2013"	"S20491"	"Submitted"	""	"""mittens"""	"""logical"""	"-1"	"-1"	"-1"	"-1"	"0"	"""talking to bob"""	"0"	"0"	"-1"	"0"	"0"	"""n/a"""	"1"	"-1"	"""snowman"""	"""right"""	"""TRUE"""	"-1"	"""FALSE"""	"-1"	"-1"	"0"
"What is he talking about? (1-2 mins)"	"Short and fun! A 1-2 minute word game about what someone is talking about."	"experiment, psychology, game"	"$0.20"	"Mon Dec 16 21:03:30 CST 2013"	"240"	"0"	"0"	"116"	"Reviewable"	"NotReviewed"	"1 scales"	"600"	"60000"	"Mon Dec 23 21:03:30 CST 2013"	"S79665"	"Submitted"	""	"""motor"""	"""target"""	"-1"	"-1"	"-1"	"-1"	"0"	"""Bob's boat choice"""	"0"	"0"	"-1"	"0"	"0"	"""Nope."""	"1"	"-1"	"""boat"""	"""right"""	"""TRUE"""	"-1"	"""TRUE"""	"-1"	"-1"	"0"
"What is he talking about? (1-2 mins)"	"Short and fun! A 1-2 minute word game about what someone is talking about."	"experiment, psychology, game"	"$0.20"	"Mon Dec 16 21:03:30 CST 2013"	"240"	"0"	"0"	"116"	"Reviewable"	"NotReviewed"	"1 scales"	"600"	"60000"	"Mon Dec 23 21:03:30 CST 2013"	"S84018"	"Submitted"	""	"""cherry"""	"""target"""	"-1"	"-1"	"-1"	"-1"	"0"	"""A person that eats sundaes and word association"""	"0"	"0"	"-1"	"0"	"0"	"""I really hope it was Tim"""	"1"	"-1"	"""sundae"""	"""middle"""	"""FALSE"""	"-1"	"""TRUE"""	"-1"	"-1"	"0"
"What is he talking about? (1-2 mins)"	"Short and fun! A 1-2 minute word game about what someone is talking about."	"experiment, psychology, game"	"$0.20"	"Mon Dec 16 21:03:30 CST 2013"	"240"	"0"	"0"	"116"	"Reviewable"	"NotReviewed"	"1 scales"	"600"	"60000"	"Mon Dec 23 21:03:30 CST 2013"	"S69052"	"Submitted"	""	"""mittens"""	"""target"""	"-1"	"-1"	"-1"	"-1"	"0"	"""Using one word to describe something."""	"0"	"0"	"-1"	"0"	"0"	""""""	"1"	"-1"	"""snowman"""	"""middle"""	"""TRUE"""	"-1"	"""TRUE"""	"-1"	"-1"	"0"
"What is he talking about? (1-2 mins)"	"Short and fun! A 1-2 minute word game about what someone is talking about."	"experiment, psychology, game"	"$0.20"	"Mon Dec 16 21:03:30 CST 2013"	"240"	"0"	"0"	"116"	"Reviewable"	"NotReviewed"	"1 scales"	"600"	"60000"	"Mon Dec 23 21:03:30 CST 2013"	"S76136"	"Submitted"	""	"""star"""	"""target"""	"-1"	"-1"	"-1"	"-1"	"0"	"""if we can tell which tree bob is pointing at with only saying one word"""	"0"	"0"	"-1"	"0"	"0"	""""""	"1"	"-1"	"""Christmas tree"""	"""middle"""	"""TRUE"""	"-1"	"""TRUE"""	"-1"	"-1"	"0"
"What is he talking about? (1-2 mins)"	"Short and fun! A 1-2 minute word game about what someone is talking about."	"experiment, psychology, game"	"$0.20"	"Mon Dec 16 21:03:30 CST 2013"	"240"	"0"	"0"	"116"	"Reviewable"	"NotReviewed"	"1 scales"	"600"	"60000"	"Mon Dec 23 21:03:30 CST 2013"	"S32482"	"Submitted"	""	"""olives"""	"""target"""	"-1"	"-1"	"-1"	"-1"	"0"	"""To choose how to interpret what others are saying"""	"0"	"0"	"-1"	"0"	"0"	"""None"""	"1"	"-1"	"""pizza"""	"""middle"""	"""TRUE"""	"-1"	"""TRUE"""	"-1"	"-1"	"0"
"What is he talking about? (1-2 mins)"	"Short and fun! A 1-2 minute word game about what someone is talking about."	"experiment, psychology, game"	"$0.20"	"Mon Dec 16 21:03:30 CST 2013"	"240"	"0"	"0"	"116"	"Reviewable"	"NotReviewed"	"1 scales"	"600"	"60000"	"Mon Dec 23 21:03:30 CST 2013"	"S32673"	"Submitted"	""	"""hat"""	"""target"""	"-1"	"-1"	"-1"	"-1"	"0"	"""Communication"""	"0"	"0"	"-1"	"0"	"0"	""""""	"1"	"-1"	"""friend"""	"""left"""	"""TRUE"""	"-1"	"""TRUE"""	"-1"	"-1"	"0"
"What is he talking about? (1-2 mins)"	"Short and fun! A 1-2 minute word game about what someone is talking about."	"experiment, psychology, game"	"$0.20"	"Mon Dec 16 21:03:30 CST 2013"	"240"	"0"	"0"	"116"	"Reviewable"	"NotReviewed"	"1 scales"	"600"	"60000"	"Mon Dec 23 21:03:30 CST 2013"	"S77820"	"Submitted"	""	"""motor"""	"""target"""	"-1"	"-1"	"-1"	"-1"	"0"	"""Sailboats"""	"0"	"0"	"-1"	"0"	"0"	"""No"""	"1"	"-1"	"""boat"""	"""left"""	"""TRUE"""	"-1"	"""TRUE"""	"-1"	"-1"	"0"
"What is he talking about? (1-2 mins)"	"Short and fun! A 1-2 minute word game about what someone is talking about."	"experiment, psychology, game"	"$0.20"	"Mon Dec 16 21:03:30 CST 2013"	"240"	"0"	"0"	"116"	"Reviewable"	"NotReviewed"	"1 scales"	"600"	"60000"	"Mon Dec 23 21:03:30 CST 2013"	"S35031"	"Submitted"	""	"""mushrooms"""	"""target"""	"-1"	"-1"	"-1"	"-1"	"0"	"""Pizza"""	"0"	"0"	"-1"	"0"	"0"	""""""	"1"	"-1"	"""pizza"""	"""middle"""	"""TRUE"""	"-1"	"""TRUE"""	"-1"	"-1"	"0"
"What is he talking about? (1-2 mins)"	"Short and fun! A 1-2 minute word game about what someone is talking about."	"experiment, psychology, game"	"$0.20"	"Mon Dec 16 21:03:30 CST 2013"	"240"	"0"	"0"	"116"	"Reviewable"	"NotReviewed"	"1 scales"	"600"	"60000"	"Mon Dec 23 21:03:30 CST 2013"	"S92925"	"Submitted"	""	"""ornaments"""	"""logical"""	"-1"	"-1"	"-1"	"-1"	"0"	"""Christmas trees"""	"0"	"0"	"-1"	"0"	"0"	""""""	"1"	"-1"	"""Christmas tree"""	"""right"""	"""TRUE"""	"-1"	"""FALSE"""	"-1"	"-1"	"0"
"What is he talking about? (1-2 mins)"	"Short and fun! A 1-2 minute word game about what someone is talking about."	"experiment, psychology, game"	"$0.20"	"Mon Dec 16 21:03:30 CST 2013"	"240"	"0"	"0"	"116"	"Reviewable"	"NotReviewed"	"1 scales"	"600"	"60000"	"Mon Dec 23 21:03:30 CST 2013"	"S15748"	"Submitted"	""	"""star"""	"""target"""	"-1"	"-1"	"-1"	"-1"	"0"	"""Unsure...I guess to see if one might choose the one with \""dots\"" and stars"""	"0"	"0"	"-1"	"0"	"0"	"""Nope."""	"1"	"-1"	"""Christmas tree"""	"""right"""	"""TRUE"""	"-1"	"""TRUE"""	"-1"	"-1"	"0"
"What is he talking about? (1-2 mins)"	"Short and fun! A 1-2 minute word game about what someone is talking about."	"experiment, psychology, game"	"$0.20"	"Mon Dec 16 21:03:30 CST 2013"	"240"	"0"	"0"	"116"	"Reviewable"	"NotReviewed"	"1 scales"	"600"	"60000"	"Mon Dec 23 21:03:30 CST 2013"	"S95193"	"Submitted"	""	"""mustache"""	"""target"""	"-1"	"-1"	"-1"	"-1"	"0"	"""no idea"""	"0"	"0"	"-1"	"0"	"0"	""""""	"1"	"-1"	"""friend"""	"""right"""	"""TRUE"""	"-1"	"""TRUE"""	"-1"	"-1"	"0"
"What is he talking about? (1-2 mins)"	"Short and fun! A 1-2 minute word game about what someone is talking about."	"experiment, psychology, game"	"$0.20"	"Mon Dec 16 21:03:30 CST 2013"	"240"	"0"	"0"	"116"	"Reviewable"	"NotReviewed"	"1 scales"	"600"	"60000"	"Mon Dec 23 21:03:30 CST 2013"	"S64512"	"Submitted"	""	"""lights"""	"""target"""	"-1"	"-1"	"-1"	"-1"	"0"	"""Trees Trim Lights"""	"0"	"0"	"-1"	"0"	"0"	""""""	"1"	"-1"	"""Christmas tree"""	"""middle"""	"""TRUE"""	"-1"	"""TRUE"""	"-1"	"-1"	"0"
"What is he talking about? (1-2 mins)"	"Short and fun! A 1-2 minute word game about what someone is talking about."	"experiment, psychology, game"	"$0.20"	"Mon Dec 16 21:03:30 CST 2013"	"240"	"0"	"0"	"116"	"Reviewable"	"NotReviewed"	"1 scales"	"600"	"60000"	"Mon Dec 23 21:03:30 CST 2013"	"S80668"	"Submitted"	""	"""motor"""	"""target"""	"-1"	"-1"	"-1"	"-1"	"0"	"""Bob and hit single word boat communications"""	"0"	"0"	"-1"	"0"	"0"	""""""	"1"	"-1"	"""boat"""	"""right"""	"""TRUE"""	"-1"	"""TRUE"""	"-1"	"-1"	"0"
