"title"	"description"	"keywords"	"reward"	"creationtime"	"assignments"	"numavailable"	"numpending"	"numcomplete"	"hitstatus"	"reviewstatus"	"annotation"	"assignmentduration"	"autoapprovaldelay"	"hitlifetime"	"workerid"	"assignmentstatus"	"deadline"	"Answer.target_property"	"Answer.choice"	"Answer.familiarization_cond"	"Answer.money_allocated_to_target"	"Answer.money_allocated_to_logical"	"Answer.Likert_value_target"	"Answer.target_frequency"	"Answer.about"	"Answer.familiarization_present_in_study"	"Answer.participant_response_type_condition"	"Answer.manip_check_target"	"Answer.participant_feature_count_condition"	"Answer.target_filler_sequence_condition"	"Answer.comment"	"Answer.linguistic_framing_condition"	"Answer.manip_check_dist"	"Answer.item"	"Answer.target_position"	"Answer.name_check_correct"	"Answer.Likert_value_foil"	"Answer.choice_correct"	"Answer.Likert_value_logical"	"Answer.money_allocated_to_foil"	"Answer.question_type_condition"
"What is he talking about? (1-2 mins)"	"Short and fun! A 1-2 minute word game about what someone is talking about."	"experiment, psychology, game"	"$0.20"	"Mon Dec 16 10:30:22 CST 2013"	"340"	"0"	"0"	"340"	"Reviewable"	"NotReviewed"	"1 scales"	"600"	"60000"	"Mon Dec 23 10:30:22 CST 2013"	"S94709"	"Approved"	""	"""glasses"""	"""target"""	"-1"	"-1"	"-1"	"-1"	"0"	"""Language and how it is used."""	"0"	"0"	"""2"""	"1"	"0"	""""""	"1"	"""1"""	"""friend"""	"""middle"""	"""TRUE"""	"-1"	"""TRUE"""	"-1"	"-1"	"0"
"What is he talking about? (1-2 mins)"	"Short and fun! A 1-2 minute word game about what someone is talking about."	"experiment, psychology, game"	"$0.20"	"Mon Dec 16 10:30:22 CST 2013"	"340"	"0"	"0"	"340"	"Reviewable"	"NotReviewed"	"1 scales"	"600"	"60000"	"Mon Dec 23 10:30:22 CST 2013"	"S60467"	"Approved"	""	"""sail"""	"""target"""	"-1"	"-1"	"-1"	"-1"	"0"	"""communication"""	"0"	"0"	"""2"""	"1"	"0"	"""sail"""	"1"	"""1"""	"""boat"""	"""middle"""	"""TRUE"""	"-1"	"""TRUE"""	"-1"	"-1"	"0"
"What is he talking about? (1-2 mins)"	"Short and fun! A 1-2 minute word game about what someone is talking about."	"experiment, psychology, game"	"$0.20"	"Mon Dec 16 10:30:22 CST 2013"	"340"	"0"	"0"	"340"	"Reviewable"	"NotReviewed"	"1 scales"	"600"	"60000"	"Mon Dec 23 10:30:22 CST 2013"	"S51524"	"Approved"	""	"""hat"""	"""target"""	"-1"	"-1"	"-1"	"-1"	"0"	"""Hats and Snowmen"""	"0"	"0"	"""2"""	"1"	"0"	""""""	"1"	"""1"""	"""snowman"""	"""middle"""	"""TRUE"""	"-1"	"""TRUE"""	"-1"	"-1"	"0"
"What is he talking about? (1-2 mins)"	"Short and fun! A 1-2 minute word game about what someone is talking about."	"experiment, psychology, game"	"$0.20"	"Mon Dec 16 10:30:22 CST 2013"	"340"	"0"	"0"	"340"	"Reviewable"	"NotReviewed"	"1 scales"	"600"	"60000"	"Mon Dec 23 10:30:22 CST 2013"	"S53954"	"Approved"	""	"""star"""	"""logical"""	"-1"	"-1"	"-1"	"-1"	"0"	"""Learning about bob and what Christmas tree he is talking about"""	"0"	"0"	"""2"""	"1"	"0"	""""""	"1"	"""1"""	"""Christmas tree"""	"""right"""	"""TRUE"""	"-1"	"""FALSE"""	"-1"	"-1"	"0"
"What is he talking about? (1-2 mins)"	"Short and fun! A 1-2 minute word game about what someone is talking about."	"experiment, psychology, game"	"$0.20"	"Mon Dec 16 10:30:22 CST 2013"	"340"	"0"	"0"	"340"	"Reviewable"	"NotReviewed"	"1 scales"	"600"	"60000"	"Mon Dec 23 10:30:22 CST 2013"	"S31689"	"Approved"	""	"""mittens"""	"""target"""	"-1"	"-1"	"-1"	"-1"	"0"	"""About snowmen"""	"0"	"0"	"""2"""	"1"	"0"	"""none"""	"1"	"""1"""	"""snowman"""	"""middle"""	"""TRUE"""	"-1"	"""TRUE"""	"-1"	"-1"	"0"
"What is he talking about? (1-2 mins)"	"Short and fun! A 1-2 minute word game about what someone is talking about."	"experiment, psychology, game"	"$0.20"	"Mon Dec 16 10:30:22 CST 2013"	"340"	"0"	"0"	"340"	"Reviewable"	"NotReviewed"	"1 scales"	"600"	"60000"	"Mon Dec 23 10:30:22 CST 2013"	"S96877"	"Approved"	""	"""whipped cream"""	"""target"""	"-1"	"-1"	"-1"	"-1"	"0"	"""Sentence comprehension"""	"0"	"0"	"""2"""	"1"	"0"	"""Happy Holidays!"""	"1"	"""1"""	"""sundae"""	"""left"""	"""TRUE"""	"-1"	"""TRUE"""	"-1"	"-1"	"0"
"What is he talking about? (1-2 mins)"	"Short and fun! A 1-2 minute word game about what someone is talking about."	"experiment, psychology, game"	"$0.20"	"Mon Dec 16 10:30:22 CST 2013"	"340"	"0"	"0"	"340"	"Reviewable"	"NotReviewed"	"1 scales"	"600"	"60000"	"Mon Dec 23 10:30:22 CST 2013"	"S17926"	"Approved"	""	"""chocolate"""	"""target"""	"-1"	"-1"	"-1"	"-1"	"0"	"""How people use language to identify similar items"""	"0"	"0"	"""2"""	"1"	"0"	""""""	"1"	"""1"""	"""sundae"""	"""middle"""	"""TRUE"""	"-1"	"""TRUE"""	"-1"	"-1"	"0"
"What is he talking about? (1-2 mins)"	"Short and fun! A 1-2 minute word game about what someone is talking about."	"experiment, psychology, game"	"$0.20"	"Mon Dec 16 10:30:22 CST 2013"	"340"	"0"	"0"	"340"	"Reviewable"	"NotReviewed"	"1 scales"	"600"	"60000"	"Mon Dec 23 10:30:22 CST 2013"	"S01289"	"Approved"	""	"""hat"""	"""target"""	"-1"	"-1"	"-1"	"-1"	"0"	"""snowmen"""	"0"	"0"	"""2"""	"1"	"0"	"""no"""	"1"	"""1"""	"""snowman"""	"""left"""	"""TRUE"""	"-1"	"""TRUE"""	"-1"	"-1"	"0"
"What is he talking about? (1-2 mins)"	"Short and fun! A 1-2 minute word game about what someone is talking about."	"experiment, psychology, game"	"$0.20"	"Mon Dec 16 10:30:22 CST 2013"	"340"	"0"	"0"	"340"	"Reviewable"	"NotReviewed"	"1 scales"	"600"	"60000"	"Mon Dec 23 10:30:22 CST 2013"	"S00516"	"Approved"	""	"""chocolate"""	"""target"""	"-1"	"-1"	"-1"	"-1"	"0"	"""I'm not sure."""	"0"	"0"	"""2"""	"1"	"0"	"""No comments, thanks!"""	"1"	"""1"""	"""sundae"""	"""left"""	"""TRUE"""	"-1"	"""TRUE"""	"-1"	"-1"	"0"
"What is he talking about? (1-2 mins)"	"Short and fun! A 1-2 minute word game about what someone is talking about."	"experiment, psychology, game"	"$0.20"	"Mon Dec 16 10:30:22 CST 2013"	"340"	"0"	"0"	"340"	"Reviewable"	"NotReviewed"	"1 scales"	"600"	"60000"	"Mon Dec 23 10:30:22 CST 2013"	"S22596"	"Approved"	""	"""sail"""	"""target"""	"-1"	"-1"	"-1"	"-1"	"0"	"""Sailboats"""	"0"	"0"	"""2"""	"1"	"0"	""""""	"1"	"""1"""	"""boat"""	"""left"""	"""TRUE"""	"-1"	"""TRUE"""	"-1"	"-1"	"0"
"What is he talking about? (1-2 mins)"	"Short and fun! A 1-2 minute word game about what someone is talking about."	"experiment, psychology, game"	"$0.20"	"Mon Dec 16 10:30:22 CST 2013"	"340"	"0"	"0"	"340"	"Reviewable"	"NotReviewed"	"1 scales"	"600"	"60000"	"Mon Dec 23 10:30:22 CST 2013"	"S53948"	"Approved"	""	"""mushrooms"""	"""target"""	"-1"	"-1"	"-1"	"-1"	"0"	"""Bob and what was meant by his one word"""	"0"	"0"	"""2"""	"1"	"0"	"""thank you"""	"1"	"""1"""	"""pizza"""	"""left"""	"""TRUE"""	"-1"	"""TRUE"""	"-1"	"-1"	"0"
"What is he talking about? (1-2 mins)"	"Short and fun! A 1-2 minute word game about what someone is talking about."	"experiment, psychology, game"	"$0.20"	"Mon Dec 16 10:30:22 CST 2013"	"340"	"0"	"0"	"340"	"Reviewable"	"NotReviewed"	"1 scales"	"600"	"60000"	"Mon Dec 23 10:30:22 CST 2013"	"S27769"	"Approved"	""	"""motor"""	"""target"""	"-1"	"-1"	"-1"	"-1"	"0"	"""I don't know"""	"0"	"0"	"""2"""	"1"	"0"	""""""	"1"	"""1"""	"""boat"""	"""right"""	"""TRUE"""	"-1"	"""TRUE"""	"-1"	"-1"	"0"
"What is he talking about? (1-2 mins)"	"Short and fun! A 1-2 minute word game about what someone is talking about."	"experiment, psychology, game"	"$0.20"	"Mon Dec 16 10:30:22 CST 2013"	"340"	"0"	"0"	"340"	"Reviewable"	"NotReviewed"	"1 scales"	"600"	"60000"	"Mon Dec 23 10:30:22 CST 2013"	"S30516"	"Approved"	""	"""cabin"""	"""target"""	"-1"	"-1"	"-1"	"-1"	"0"	"""boats and cabins"""	"0"	"0"	"""2"""	"1"	"0"	""""""	"1"	"""1"""	"""boat"""	"""middle"""	"""TRUE"""	"-1"	"""TRUE"""	"-1"	"-1"	"0"
"What is he talking about? (1-2 mins)"	"Short and fun! A 1-2 minute word game about what someone is talking about."	"experiment, psychology, game"	"$0.20"	"Mon Dec 16 10:30:22 CST 2013"	"340"	"0"	"0"	"340"	"Reviewable"	"NotReviewed"	"1 scales"	"600"	"60000"	"Mon Dec 23 10:30:22 CST 2013"	"S63021"	"Approved"	""	"""motor"""	"""target"""	"-1"	"-1"	"-1"	"-1"	"0"	"""To analyze our cognition"""	"0"	"0"	"""1"""	"1"	"0"	"""Nope!"""	"1"	"""1"""	"""boat"""	"""left"""	"""TRUE"""	"-1"	"""TRUE"""	"-1"	"-1"	"0"
"What is he talking about? (1-2 mins)"	"Short and fun! A 1-2 minute word game about what someone is talking about."	"experiment, psychology, game"	"$0.20"	"Mon Dec 16 10:30:22 CST 2013"	"340"	"0"	"0"	"340"	"Reviewable"	"NotReviewed"	"1 scales"	"600"	"60000"	"Mon Dec 23 10:30:22 CST 2013"	"S81952"	"Approved"	""	"""hat"""	"""logical"""	"-1"	"-1"	"-1"	"-1"	"0"	"""snowmen"""	"0"	"0"	"""2"""	"1"	"0"	""""""	"1"	"""1"""	"""snowman"""	"""right"""	"""TRUE"""	"-1"	"""FALSE"""	"-1"	"-1"	"0"
"What is he talking about? (1-2 mins)"	"Short and fun! A 1-2 minute word game about what someone is talking about."	"experiment, psychology, game"	"$0.20"	"Mon Dec 16 10:30:22 CST 2013"	"340"	"0"	"0"	"340"	"Reviewable"	"NotReviewed"	"1 scales"	"600"	"60000"	"Mon Dec 23 10:30:22 CST 2013"	"S30868"	"Approved"	""	"""ornaments"""	"""target"""	"-1"	"-1"	"-1"	"-1"	"0"	"""Christmas trees."""	"0"	"0"	"""2"""	"1"	"0"	""""""	"1"	"""1"""	"""Christmas tree"""	"""left"""	"""TRUE"""	"-1"	"""TRUE"""	"-1"	"-1"	"0"
"What is he talking about? (1-2 mins)"	"Short and fun! A 1-2 minute word game about what someone is talking about."	"experiment, psychology, game"	"$0.20"	"Mon Dec 16 10:30:22 CST 2013"	"340"	"0"	"0"	"340"	"Reviewable"	"NotReviewed"	"1 scales"	"600"	"60000"	"Mon Dec 23 10:30:22 CST 2013"	"S18645"	"Approved"	""	"""olives"""	"""target"""	"-1"	"-1"	"-1"	"-1"	"0"	"""To see which pizza bob likes."""	"0"	"0"	"""2"""	"1"	"0"	"""None."""	"1"	"""1"""	"""pizza"""	"""left"""	"""TRUE"""	"-1"	"""TRUE"""	"-1"	"-1"	"0"
"What is he talking about? (1-2 mins)"	"Short and fun! A 1-2 minute word game about what someone is talking about."	"experiment, psychology, game"	"$0.20"	"Mon Dec 16 10:30:22 CST 2013"	"340"	"0"	"0"	"340"	"Reviewable"	"NotReviewed"	"1 scales"	"600"	"60000"	"Mon Dec 23 10:30:22 CST 2013"	"S60231"	"Approved"	""	"""cherry"""	"""target"""	"-1"	"-1"	"-1"	"-1"	"0"	"""Interpreting a single-word description. """	"0"	"0"	"""2"""	"1"	"0"	"""n/a"""	"1"	"""1"""	"""sundae"""	"""right"""	"""TRUE"""	"-1"	"""TRUE"""	"-1"	"-1"	"0"
"What is he talking about? (1-2 mins)"	"Short and fun! A 1-2 minute word game about what someone is talking about."	"experiment, psychology, game"	"$0.20"	"Mon Dec 16 10:30:22 CST 2013"	"340"	"0"	"0"	"340"	"Reviewable"	"NotReviewed"	"1 scales"	"600"	"60000"	"Mon Dec 23 10:30:22 CST 2013"	"S00701"	"Approved"	""	"""chocolate"""	"""target"""	"-1"	"-1"	"-1"	"-1"	"0"	"""i dont know"""	"0"	"0"	"""2"""	"1"	"0"	""""""	"1"	"""1"""	"""sundae"""	"""right"""	"""TRUE"""	"-1"	"""TRUE"""	"-1"	"-1"	"0"
"What is he talking about? (1-2 mins)"	"Short and fun! A 1-2 minute word game about what someone is talking about."	"experiment, psychology, game"	"$0.20"	"Mon Dec 16 10:30:22 CST 2013"	"340"	"0"	"0"	"340"	"Reviewable"	"NotReviewed"	"1 scales"	"600"	"60000"	"Mon Dec 23 10:30:22 CST 2013"	"S82861"	"Approved"	""	"""lights"""	"""target"""	"-1"	"-1"	"-1"	"-1"	"0"	"""What \""Bob\"" was talking about."""	"0"	"0"	"""1"""	"1"	"0"	"""None at this time."""	"1"	"""2"""	"""Christmas tree"""	"""left"""	"""TRUE"""	"-1"	"""TRUE"""	"-1"	"-1"	"0"
"What is he talking about? (1-2 mins)"	"Short and fun! A 1-2 minute word game about what someone is talking about."	"experiment, psychology, game"	"$0.20"	"Mon Dec 16 10:30:22 CST 2013"	"340"	"0"	"0"	"340"	"Reviewable"	"NotReviewed"	"1 scales"	"600"	"60000"	"Mon Dec 23 10:30:22 CST 2013"	"S14579"	"Approved"	""	"""cherry"""	"""target"""	"-1"	"-1"	"-1"	"-1"	"0"	"""Sundays Bob has eaten, and which one we think he wants"""	"0"	"0"	"""2"""	"1"	"0"	"""none"""	"1"	"""1"""	"""sundae"""	"""left"""	"""TRUE"""	"-1"	"""TRUE"""	"-1"	"-1"	"0"
"What is he talking about? (1-2 mins)"	"Short and fun! A 1-2 minute word game about what someone is talking about."	"experiment, psychology, game"	"$0.20"	"Mon Dec 16 10:30:22 CST 2013"	"340"	"0"	"0"	"340"	"Reviewable"	"NotReviewed"	"1 scales"	"600"	"60000"	"Mon Dec 23 10:30:22 CST 2013"	"S18690"	"Approved"	""	"""mustache"""	"""logical"""	"-1"	"-1"	"-1"	"-1"	"0"	"""Bob visiting his friends and moustaches"""	"0"	"0"	"""2"""	"1"	"0"	""""""	"1"	"""1"""	"""friend"""	"""right"""	"""TRUE"""	"-1"	"""FALSE"""	"-1"	"-1"	"0"
"What is he talking about? (1-2 mins)"	"Short and fun! A 1-2 minute word game about what someone is talking about."	"experiment, psychology, game"	"$0.20"	"Mon Dec 16 10:30:22 CST 2013"	"340"	"0"	"0"	"340"	"Reviewable"	"NotReviewed"	"1 scales"	"600"	"60000"	"Mon Dec 23 10:30:22 CST 2013"	"S28025"	"Approved"	""	"""mushrooms"""	"""target"""	"-1"	"-1"	"-1"	"-1"	"0"	"""Pizzas."""	"0"	"0"	"""2"""	"1"	"0"	""""""	"1"	"""1"""	"""pizza"""	"""middle"""	"""TRUE"""	"-1"	"""TRUE"""	"-1"	"-1"	"0"
"What is he talking about? (1-2 mins)"	"Short and fun! A 1-2 minute word game about what someone is talking about."	"experiment, psychology, game"	"$0.20"	"Mon Dec 16 10:30:22 CST 2013"	"340"	"0"	"0"	"340"	"Reviewable"	"NotReviewed"	"1 scales"	"600"	"60000"	"Mon Dec 23 10:30:22 CST 2013"	"S93166"	"Approved"	""	"""lights"""	"""target"""	"-1"	"-1"	"-1"	"-1"	"0"	"""no clue"""	"0"	"0"	"""2"""	"1"	"0"	"""nope"""	"1"	"""1"""	"""Christmas tree"""	"""middle"""	"""TRUE"""	"-1"	"""TRUE"""	"-1"	"-1"	"0"
"What is he talking about? (1-2 mins)"	"Short and fun! A 1-2 minute word game about what someone is talking about."	"experiment, psychology, game"	"$0.20"	"Mon Dec 16 10:30:22 CST 2013"	"340"	"0"	"0"	"340"	"Reviewable"	"NotReviewed"	"1 scales"	"600"	"60000"	"Mon Dec 23 10:30:22 CST 2013"	"S17723"	"Approved"	""	"""mustache"""	"""target"""	"-1"	"-1"	"-1"	"-1"	"0"	"""Guessing which friend Bob was talking about based off of his one word."""	"0"	"0"	"""2"""	"1"	"0"	"""I think this is an interesting survey."""	"1"	"""1"""	"""friend"""	"""right"""	"""TRUE"""	"-1"	"""TRUE"""	"-1"	"-1"	"0"
"What is he talking about? (1-2 mins)"	"Short and fun! A 1-2 minute word game about what someone is talking about."	"experiment, psychology, game"	"$0.20"	"Mon Dec 16 10:30:22 CST 2013"	"340"	"0"	"0"	"340"	"Reviewable"	"NotReviewed"	"1 scales"	"600"	"60000"	"Mon Dec 23 10:30:22 CST 2013"	"S73607"	"Approved"	""	"""scarf"""	"""logical"""	"-1"	"-1"	"-1"	"-1"	"0"	"""snowmen"""	"0"	"0"	"""2"""	"1"	"0"	"""NA"""	"1"	"""1"""	"""snowman"""	"""right"""	"""TRUE"""	"-1"	"""FALSE"""	"-1"	"-1"	"0"
"What is he talking about? (1-2 mins)"	"Short and fun! A 1-2 minute word game about what someone is talking about."	"experiment, psychology, game"	"$0.20"	"Mon Dec 16 10:30:22 CST 2013"	"340"	"0"	"0"	"340"	"Reviewable"	"NotReviewed"	"1 scales"	"600"	"60000"	"Mon Dec 23 10:30:22 CST 2013"	"S52272"	"Approved"	""	"""cherry"""	"""foil"""	"-1"	"-1"	"-1"	"-1"	"0"	"""Communication"""	"0"	"0"	"""2"""	"1"	"0"	""""""	"1"	"""1"""	"""sundae"""	"""right"""	"""TRUE"""	"-1"	"""FALSE"""	"-1"	"-1"	"0"
"What is he talking about? (1-2 mins)"	"Short and fun! A 1-2 minute word game about what someone is talking about."	"experiment, psychology, game"	"$0.20"	"Mon Dec 16 10:30:22 CST 2013"	"340"	"0"	"0"	"340"	"Reviewable"	"NotReviewed"	"1 scales"	"600"	"60000"	"Mon Dec 23 10:30:22 CST 2013"	"S99311"	"Approved"	""	"""mustache"""	"""target"""	"-1"	"-1"	"-1"	"-1"	"0"	"""Who Bob meant"""	"0"	"0"	"""2"""	"1"	"0"	"""no"""	"1"	"""1"""	"""friend"""	"""left"""	"""TRUE"""	"-1"	"""TRUE"""	"-1"	"-1"	"0"
"What is he talking about? (1-2 mins)"	"Short and fun! A 1-2 minute word game about what someone is talking about."	"experiment, psychology, game"	"$0.20"	"Mon Dec 16 10:30:22 CST 2013"	"340"	"0"	"0"	"340"	"Reviewable"	"NotReviewed"	"1 scales"	"600"	"60000"	"Mon Dec 23 10:30:22 CST 2013"	"S29627"	"Approved"	""	"""motor"""	"""target"""	"-1"	"-1"	"-1"	"-1"	"0"	"""The shortest word to describe a target. """	"0"	"0"	"""2"""	"1"	"0"	""""""	"1"	"""1"""	"""boat"""	"""right"""	"""TRUE"""	"-1"	"""TRUE"""	"-1"	"-1"	"0"
"What is he talking about? (1-2 mins)"	"Short and fun! A 1-2 minute word game about what someone is talking about."	"experiment, psychology, game"	"$0.20"	"Mon Dec 16 10:30:22 CST 2013"	"340"	"0"	"0"	"340"	"Reviewable"	"NotReviewed"	"1 scales"	"600"	"60000"	"Mon Dec 23 10:30:22 CST 2013"	"S19209"	"Approved"	""	"""ornaments"""	"""foil"""	"-1"	"-1"	"-1"	"-1"	"0"	"""christmas trees"""	"0"	"0"	"""2"""	"1"	"0"	"""no."""	"1"	"""1"""	"""Christmas tree"""	"""right"""	"""TRUE"""	"-1"	"""FALSE"""	"-1"	"-1"	"0"
"What is he talking about? (1-2 mins)"	"Short and fun! A 1-2 minute word game about what someone is talking about."	"experiment, psychology, game"	"$0.20"	"Mon Dec 16 10:30:22 CST 2013"	"340"	"0"	"0"	"340"	"Reviewable"	"NotReviewed"	"1 scales"	"600"	"60000"	"Mon Dec 23 10:30:22 CST 2013"	"S63401"	"Approved"	""	"""peppers"""	"""target"""	"-1"	"-1"	"-1"	"-1"	"0"	"""what is he talking about"""	"0"	"0"	"""2"""	"1"	"0"	"""ty"""	"1"	"""1"""	"""pizza"""	"""right"""	"""TRUE"""	"-1"	"""TRUE"""	"-1"	"-1"	"0"
"What is he talking about? (1-2 mins)"	"Short and fun! A 1-2 minute word game about what someone is talking about."	"experiment, psychology, game"	"$0.20"	"Mon Dec 16 10:30:22 CST 2013"	"340"	"0"	"0"	"340"	"Reviewable"	"NotReviewed"	"1 scales"	"600"	"60000"	"Mon Dec 23 10:30:22 CST 2013"	"S55947"	"Approved"	""	"""hat"""	"""target"""	"-1"	"-1"	"-1"	"-1"	"0"	"""determining what people are inferring based on limited information"""	"0"	"0"	"""2"""	"1"	"0"	"""n/a"""	"1"	"""1"""	"""snowman"""	"""right"""	"""TRUE"""	"-1"	"""TRUE"""	"-1"	"-1"	"0"
"What is he talking about? (1-2 mins)"	"Short and fun! A 1-2 minute word game about what someone is talking about."	"experiment, psychology, game"	"$0.20"	"Mon Dec 16 10:30:22 CST 2013"	"340"	"0"	"0"	"340"	"Reviewable"	"NotReviewed"	"1 scales"	"600"	"60000"	"Mon Dec 23 10:30:22 CST 2013"	"S87696"	"Approved"	""	"""scarf"""	"""target"""	"-1"	"-1"	"-1"	"-1"	"0"	"""Snowmen and communication"""	"0"	"0"	"""2"""	"1"	"0"	""""""	"1"	"""1"""	"""snowman"""	"""left"""	"""TRUE"""	"-1"	"""TRUE"""	"-1"	"-1"	"0"
"What is he talking about? (1-2 mins)"	"Short and fun! A 1-2 minute word game about what someone is talking about."	"experiment, psychology, game"	"$0.20"	"Mon Dec 16 10:30:22 CST 2013"	"340"	"0"	"0"	"340"	"Reviewable"	"NotReviewed"	"1 scales"	"600"	"60000"	"Mon Dec 23 10:30:22 CST 2013"	"S14010"	"Approved"	""	"""motor"""	"""logical"""	"-1"	"-1"	"-1"	"-1"	"0"	"""communicationg"""	"0"	"0"	"""2"""	"1"	"0"	""""""	"1"	"""1"""	"""boat"""	"""left"""	"""TRUE"""	"-1"	"""FALSE"""	"-1"	"-1"	"0"
"What is he talking about? (1-2 mins)"	"Short and fun! A 1-2 minute word game about what someone is talking about."	"experiment, psychology, game"	"$0.20"	"Mon Dec 16 10:30:22 CST 2013"	"340"	"0"	"0"	"340"	"Reviewable"	"NotReviewed"	"1 scales"	"600"	"60000"	"Mon Dec 23 10:30:22 CST 2013"	"S15273"	"Approved"	""	"""ornaments"""	"""target"""	"-1"	"-1"	"-1"	"-1"	"0"	"""Bob's Christmas trees"""	"0"	"0"	"""2"""	"1"	"0"	"""That was an interesting survey"""	"1"	"""1"""	"""Christmas tree"""	"""middle"""	"""TRUE"""	"-1"	"""TRUE"""	"-1"	"-1"	"0"
"What is he talking about? (1-2 mins)"	"Short and fun! A 1-2 minute word game about what someone is talking about."	"experiment, psychology, game"	"$0.20"	"Mon Dec 16 10:30:22 CST 2013"	"340"	"0"	"0"	"340"	"Reviewable"	"NotReviewed"	"1 scales"	"600"	"60000"	"Mon Dec 23 10:30:22 CST 2013"	"S91618"	"Approved"	""	"""hat"""	"""target"""	"-1"	"-1"	"-1"	"-1"	"0"	"""identification with one word"""	"0"	"0"	"""2"""	"1"	"0"	"""No."""	"1"	"""1"""	"""snowman"""	"""right"""	"""TRUE"""	"-1"	"""TRUE"""	"-1"	"-1"	"0"
"What is he talking about? (1-2 mins)"	"Short and fun! A 1-2 minute word game about what someone is talking about."	"experiment, psychology, game"	"$0.20"	"Mon Dec 16 10:30:22 CST 2013"	"340"	"0"	"0"	"340"	"Reviewable"	"NotReviewed"	"1 scales"	"600"	"60000"	"Mon Dec 23 10:30:22 CST 2013"	"S02307"	"Approved"	""	"""sail"""	"""foil"""	"-1"	"-1"	"-1"	"-1"	"0"	"""Which boat is he trying to tell us about"""	"0"	"0"	"""2"""	"1"	"0"	""""""	"1"	"""1"""	"""boat"""	"""left"""	"""TRUE"""	"-1"	"""FALSE"""	"-1"	"-1"	"0"
"What is he talking about? (1-2 mins)"	"Short and fun! A 1-2 minute word game about what someone is talking about."	"experiment, psychology, game"	"$0.20"	"Mon Dec 16 10:30:22 CST 2013"	"340"	"0"	"0"	"340"	"Reviewable"	"NotReviewed"	"1 scales"	"600"	"60000"	"Mon Dec 23 10:30:22 CST 2013"	"S27469"	"Approved"	""	"""mustache"""	"""target"""	"-1"	"-1"	"-1"	"-1"	"0"	"""Picking someone based on one descriptor"""	"0"	"0"	"""2"""	"1"	"0"	""""""	"1"	"""1"""	"""friend"""	"""right"""	"""TRUE"""	"-1"	"""TRUE"""	"-1"	"-1"	"0"
"What is he talking about? (1-2 mins)"	"Short and fun! A 1-2 minute word game about what someone is talking about."	"experiment, psychology, game"	"$0.20"	"Mon Dec 16 10:30:22 CST 2013"	"340"	"0"	"0"	"340"	"Reviewable"	"NotReviewed"	"1 scales"	"600"	"60000"	"Mon Dec 23 10:30:22 CST 2013"	"S57374"	"Approved"	""	"""peppers"""	"""target"""	"-1"	"-1"	"-1"	"-1"	"0"	"""Pizza"""	"0"	"0"	"""2"""	"1"	"0"	"""This was fun!"""	"1"	"""1"""	"""pizza"""	"""left"""	"""TRUE"""	"-1"	"""TRUE"""	"-1"	"-1"	"0"
"What is he talking about? (1-2 mins)"	"Short and fun! A 1-2 minute word game about what someone is talking about."	"experiment, psychology, game"	"$0.20"	"Mon Dec 16 10:30:22 CST 2013"	"340"	"0"	"0"	"340"	"Reviewable"	"NotReviewed"	"1 scales"	"600"	"60000"	"Mon Dec 23 10:30:22 CST 2013"	"S64674"	"Approved"	""	"""sail"""	"""target"""	"-1"	"-1"	"-1"	"-1"	"0"	"""what Bob meant when he said \""sail\""."""	"0"	"0"	"""2"""	"1"	"0"	"""fun"""	"1"	"""1"""	"""boat"""	"""left"""	"""TRUE"""	"-1"	"""TRUE"""	"-1"	"-1"	"0"
"What is he talking about? (1-2 mins)"	"Short and fun! A 1-2 minute word game about what someone is talking about."	"experiment, psychology, game"	"$0.20"	"Mon Dec 16 10:30:22 CST 2013"	"340"	"0"	"0"	"340"	"Reviewable"	"NotReviewed"	"1 scales"	"600"	"60000"	"Mon Dec 23 10:30:22 CST 2013"	"S35203"	"Approved"	""	"""peppers"""	"""target"""	"-1"	"-1"	"-1"	"-1"	"0"	"""Biases"""	"0"	"0"	"""2"""	"1"	"0"	"""Nope"""	"1"	"""1"""	"""pizza"""	"""middle"""	"""TRUE"""	"-1"	"""TRUE"""	"-1"	"-1"	"0"
"What is he talking about? (1-2 mins)"	"Short and fun! A 1-2 minute word game about what someone is talking about."	"experiment, psychology, game"	"$0.20"	"Mon Dec 16 10:30:22 CST 2013"	"340"	"0"	"0"	"340"	"Reviewable"	"NotReviewed"	"1 scales"	"600"	"60000"	"Mon Dec 23 10:30:22 CST 2013"	"S51176"	"Approved"	""	"""sail"""	"""logical"""	"-1"	"-1"	"-1"	"-1"	"0"	"""I don't know"""	"0"	"0"	"""2"""	"1"	"0"	"""None"""	"1"	"""1"""	"""boat"""	"""left"""	"""TRUE"""	"-1"	"""FALSE"""	"-1"	"-1"	"0"
"What is he talking about? (1-2 mins)"	"Short and fun! A 1-2 minute word game about what someone is talking about."	"experiment, psychology, game"	"$0.20"	"Mon Dec 16 10:30:22 CST 2013"	"340"	"0"	"0"	"340"	"Reviewable"	"NotReviewed"	"1 scales"	"600"	"60000"	"Mon Dec 23 10:30:22 CST 2013"	"S22064"	"Approved"	""	"""olives"""	"""target"""	"-1"	"-1"	"-1"	"-1"	"0"	"""pizza"""	"0"	"0"	"""2"""	"1"	"0"	"""no"""	"1"	"""1"""	"""pizza"""	"""middle"""	"""TRUE"""	"-1"	"""TRUE"""	"-1"	"-1"	"0"
"What is he talking about? (1-2 mins)"	"Short and fun! A 1-2 minute word game about what someone is talking about."	"experiment, psychology, game"	"$0.20"	"Mon Dec 16 10:30:22 CST 2013"	"340"	"0"	"0"	"340"	"Reviewable"	"NotReviewed"	"1 scales"	"600"	"60000"	"Mon Dec 23 10:30:22 CST 2013"	"S94586"	"Approved"	""	"""cabin"""	"""target"""	"-1"	"-1"	"-1"	"-1"	"0"	"""boats"""	"0"	"0"	"""2"""	"1"	"0"	"""no"""	"1"	"""1"""	"""boat"""	"""left"""	"""TRUE"""	"-1"	"""TRUE"""	"-1"	"-1"	"0"
"What is he talking about? (1-2 mins)"	"Short and fun! A 1-2 minute word game about what someone is talking about."	"experiment, psychology, game"	"$0.20"	"Mon Dec 16 10:30:22 CST 2013"	"340"	"0"	"0"	"340"	"Reviewable"	"NotReviewed"	"1 scales"	"600"	"60000"	"Mon Dec 23 10:30:22 CST 2013"	"S45311"	"Approved"	""	"""olives"""	"""target"""	"-1"	"-1"	"-1"	"-1"	"0"	"""active role"""	"0"	"0"	"""2"""	"1"	"0"	""""""	"1"	"""1"""	"""pizza"""	"""middle"""	"""TRUE"""	"-1"	"""TRUE"""	"-1"	"-1"	"0"
"What is he talking about? (1-2 mins)"	"Short and fun! A 1-2 minute word game about what someone is talking about."	"experiment, psychology, game"	"$0.20"	"Mon Dec 16 10:30:22 CST 2013"	"340"	"0"	"0"	"340"	"Reviewable"	"NotReviewed"	"1 scales"	"600"	"60000"	"Mon Dec 23 10:30:22 CST 2013"	"S28178"	"Approved"	""	"""chocolate"""	"""target"""	"-1"	"-1"	"-1"	"-1"	"0"	"""To determine if words can be interpreted in different ways."""	"0"	"0"	"""2"""	"1"	"0"	"""no comment"""	"1"	"""1"""	"""sundae"""	"""right"""	"""TRUE"""	"-1"	"""TRUE"""	"-1"	"-1"	"0"
"What is he talking about? (1-2 mins)"	"Short and fun! A 1-2 minute word game about what someone is talking about."	"experiment, psychology, game"	"$0.20"	"Mon Dec 16 10:30:22 CST 2013"	"340"	"0"	"0"	"340"	"Reviewable"	"NotReviewed"	"1 scales"	"600"	"60000"	"Mon Dec 23 10:30:22 CST 2013"	"S73252"	"Approved"	""	"""whipped cream"""	"""target"""	"-1"	"-1"	"-1"	"-1"	"0"	"""Communication"""	"0"	"0"	"""2"""	"1"	"0"	"""Cute survey!"""	"1"	"""1"""	"""sundae"""	"""middle"""	"""TRUE"""	"-1"	"""TRUE"""	"-1"	"-1"	"0"
"What is he talking about? (1-2 mins)"	"Short and fun! A 1-2 minute word game about what someone is talking about."	"experiment, psychology, game"	"$0.20"	"Mon Dec 16 10:30:22 CST 2013"	"340"	"0"	"0"	"340"	"Reviewable"	"NotReviewed"	"1 scales"	"600"	"60000"	"Mon Dec 23 10:30:22 CST 2013"	"S32886"	"Approved"	""	"""mittens"""	"""target"""	"-1"	"-1"	"-1"	"-1"	"0"	"""Which snowman was wearing mittens based on a one-word description."""	"0"	"0"	"""2"""	"1"	"0"	"""A less generic name would probably fall out of short-term memory less easily (unless that's part of the study)."""	"1"	"""1"""	"""snowman"""	"""middle"""	"""TRUE"""	"-1"	"""TRUE"""	"-1"	"-1"	"0"
"What is he talking about? (1-2 mins)"	"Short and fun! A 1-2 minute word game about what someone is talking about."	"experiment, psychology, game"	"$0.20"	"Mon Dec 16 10:30:22 CST 2013"	"340"	"0"	"0"	"340"	"Reviewable"	"NotReviewed"	"1 scales"	"600"	"60000"	"Mon Dec 23 10:30:22 CST 2013"	"S73538"	"Approved"	""	"""sail"""	"""logical"""	"-1"	"-1"	"-1"	"-1"	"0"	"""It was about trying to figure out what Bob was saying."""	"0"	"0"	"""2"""	"1"	"0"	""""""	"1"	"""1"""	"""boat"""	"""left"""	"""TRUE"""	"-1"	"""FALSE"""	"-1"	"-1"	"0"
"What is he talking about? (1-2 mins)"	"Short and fun! A 1-2 minute word game about what someone is talking about."	"experiment, psychology, game"	"$0.20"	"Mon Dec 16 10:30:22 CST 2013"	"340"	"0"	"0"	"340"	"Reviewable"	"NotReviewed"	"1 scales"	"600"	"60000"	"Mon Dec 23 10:30:22 CST 2013"	"S71451"	"Approved"	""	"""sail"""	"""target"""	"-1"	"-1"	"-1"	"-1"	"0"	"""No clue."""	"0"	"0"	"""2"""	"1"	"0"	"""Nope."""	"1"	"""1"""	"""boat"""	"""right"""	"""TRUE"""	"-1"	"""TRUE"""	"-1"	"-1"	"0"
"What is he talking about? (1-2 mins)"	"Short and fun! A 1-2 minute word game about what someone is talking about."	"experiment, psychology, game"	"$0.20"	"Mon Dec 16 10:30:22 CST 2013"	"340"	"0"	"0"	"340"	"Reviewable"	"NotReviewed"	"1 scales"	"600"	"60000"	"Mon Dec 23 10:30:22 CST 2013"	"S60247"	"Approved"	""	"""ornaments"""	"""target"""	"-1"	"-1"	"-1"	"-1"	"0"	"""Language and understanding"""	"0"	"0"	"""2"""	"1"	"0"	""""""	"1"	"""1"""	"""Christmas tree"""	"""middle"""	"""TRUE"""	"-1"	"""TRUE"""	"-1"	"-1"	"0"
"What is he talking about? (1-2 mins)"	"Short and fun! A 1-2 minute word game about what someone is talking about."	"experiment, psychology, game"	"$0.20"	"Mon Dec 16 10:30:22 CST 2013"	"340"	"0"	"0"	"340"	"Reviewable"	"NotReviewed"	"1 scales"	"600"	"60000"	"Mon Dec 23 10:30:22 CST 2013"	"S03977"	"Approved"	""	"""olives"""	"""target"""	"-1"	"-1"	"-1"	"-1"	"0"	"""Understanding what a person is trying to communicate through context."""	"0"	"0"	"""2"""	"1"	"0"	""""""	"1"	"""1"""	"""pizza"""	"""right"""	"""TRUE"""	"-1"	"""TRUE"""	"-1"	"-1"	"0"
"What is he talking about? (1-2 mins)"	"Short and fun! A 1-2 minute word game about what someone is talking about."	"experiment, psychology, game"	"$0.20"	"Mon Dec 16 10:30:22 CST 2013"	"340"	"0"	"0"	"340"	"Reviewable"	"NotReviewed"	"1 scales"	"600"	"60000"	"Mon Dec 23 10:30:22 CST 2013"	"S75289"	"Approved"	""	"""lights"""	"""target"""	"-1"	"-1"	"-1"	"-1"	"0"	"""Comunication"""	"0"	"0"	"""2"""	"1"	"0"	"""nope, thanx"""	"1"	"""1"""	"""Christmas tree"""	"""left"""	"""TRUE"""	"-1"	"""TRUE"""	"-1"	"-1"	"0"
"What is he talking about? (1-2 mins)"	"Short and fun! A 1-2 minute word game about what someone is talking about."	"experiment, psychology, game"	"$0.20"	"Mon Dec 16 10:30:22 CST 2013"	"340"	"0"	"0"	"340"	"Reviewable"	"NotReviewed"	"1 scales"	"600"	"60000"	"Mon Dec 23 10:30:22 CST 2013"	"S87863"	"Approved"	""	"""scarf"""	"""logical"""	"-1"	"-1"	"-1"	"-1"	"0"	"""telling what people are talking about in a few words"""	"0"	"0"	"""2"""	"1"	"0"	""""""	"1"	"""1"""	"""snowman"""	"""middle"""	"""TRUE"""	"-1"	"""FALSE"""	"-1"	"-1"	"0"
"What is he talking about? (1-2 mins)"	"Short and fun! A 1-2 minute word game about what someone is talking about."	"experiment, psychology, game"	"$0.20"	"Mon Dec 16 10:30:22 CST 2013"	"340"	"0"	"0"	"340"	"Reviewable"	"NotReviewed"	"1 scales"	"600"	"60000"	"Mon Dec 23 10:30:22 CST 2013"	"S54469"	"Approved"	""	"""mittens"""	"""logical"""	"-1"	"-1"	"-1"	"-1"	"0"	"""snowmen"""	"0"	"0"	"""2"""	"1"	"0"	""""""	"1"	"""1"""	"""snowman"""	"""middle"""	"""FALSE"""	"-1"	"""FALSE"""	"-1"	"-1"	"0"
"What is he talking about? (1-2 mins)"	"Short and fun! A 1-2 minute word game about what someone is talking about."	"experiment, psychology, game"	"$0.20"	"Mon Dec 16 10:30:22 CST 2013"	"340"	"0"	"0"	"340"	"Reviewable"	"NotReviewed"	"1 scales"	"600"	"60000"	"Mon Dec 23 10:30:22 CST 2013"	"S44567"	"Approved"	""	"""cabin"""	"""target"""	"-1"	"-1"	"-1"	"-1"	"0"	"""what Bob means when he says \""cabin\"""""	"0"	"0"	"""2"""	"1"	"0"	"""I'm not really certain what the cabin of a boat is."""	"1"	"""1"""	"""boat"""	"""middle"""	"""TRUE"""	"-1"	"""TRUE"""	"-1"	"-1"	"0"
"What is he talking about? (1-2 mins)"	"Short and fun! A 1-2 minute word game about what someone is talking about."	"experiment, psychology, game"	"$0.20"	"Mon Dec 16 10:30:22 CST 2013"	"340"	"0"	"0"	"340"	"Reviewable"	"NotReviewed"	"1 scales"	"600"	"60000"	"Mon Dec 23 10:30:22 CST 2013"	"S23948"	"Approved"	""	"""star"""	"""target"""	"-1"	"-1"	"-1"	"-1"	"0"	"""trimming trees"""	"0"	"0"	"""2"""	"1"	"0"	"""no"""	"1"	"""1"""	"""Christmas tree"""	"""left"""	"""TRUE"""	"-1"	"""TRUE"""	"-1"	"-1"	"0"
"What is he talking about? (1-2 mins)"	"Short and fun! A 1-2 minute word game about what someone is talking about."	"experiment, psychology, game"	"$0.20"	"Mon Dec 16 10:30:22 CST 2013"	"340"	"0"	"0"	"340"	"Reviewable"	"NotReviewed"	"1 scales"	"600"	"60000"	"Mon Dec 23 10:30:22 CST 2013"	"S08978"	"Approved"	""	"""cabin"""	"""logical"""	"-1"	"-1"	"-1"	"-1"	"0"	"""boats"""	"0"	"0"	"""2"""	"1"	"0"	""""""	"1"	"""1"""	"""boat"""	"""left"""	"""TRUE"""	"-1"	"""FALSE"""	"-1"	"-1"	"0"
"What is he talking about? (1-2 mins)"	"Short and fun! A 1-2 minute word game about what someone is talking about."	"experiment, psychology, game"	"$0.20"	"Mon Dec 16 10:30:22 CST 2013"	"340"	"0"	"0"	"340"	"Reviewable"	"NotReviewed"	"1 scales"	"600"	"60000"	"Mon Dec 23 10:30:22 CST 2013"	"S51108"	"Approved"	""	"""mushrooms"""	"""target"""	"-1"	"-1"	"-1"	"-1"	"0"	"""pizza"""	"0"	"0"	"""2"""	"1"	"0"	"""no"""	"1"	"""1"""	"""pizza"""	"""left"""	"""TRUE"""	"-1"	"""TRUE"""	"-1"	"-1"	"0"
"What is he talking about? (1-2 mins)"	"Short and fun! A 1-2 minute word game about what someone is talking about."	"experiment, psychology, game"	"$0.20"	"Mon Dec 16 10:30:22 CST 2013"	"340"	"0"	"0"	"340"	"Reviewable"	"NotReviewed"	"1 scales"	"600"	"60000"	"Mon Dec 23 10:30:22 CST 2013"	"S90779"	"Approved"	""	"""glasses"""	"""target"""	"-1"	"-1"	"-1"	"-1"	"0"	"""About understanding what someone is talking about"""	"0"	"0"	"""2"""	"1"	"0"	"""No"""	"1"	"""1"""	"""friend"""	"""middle"""	"""TRUE"""	"-1"	"""TRUE"""	"-1"	"-1"	"0"
"What is he talking about? (1-2 mins)"	"Short and fun! A 1-2 minute word game about what someone is talking about."	"experiment, psychology, game"	"$0.20"	"Mon Dec 16 10:30:22 CST 2013"	"340"	"0"	"0"	"340"	"Reviewable"	"NotReviewed"	"1 scales"	"600"	"60000"	"Mon Dec 23 10:30:22 CST 2013"	"S00457"	"Approved"	""	"""mushrooms"""	"""target"""	"-1"	"-1"	"-1"	"-1"	"0"	"""communication"""	"0"	"0"	"""2"""	"1"	"0"	""""""	"1"	"""1"""	"""pizza"""	"""middle"""	"""TRUE"""	"-1"	"""TRUE"""	"-1"	"-1"	"0"
"What is he talking about? (1-2 mins)"	"Short and fun! A 1-2 minute word game about what someone is talking about."	"experiment, psychology, game"	"$0.20"	"Mon Dec 16 10:30:22 CST 2013"	"340"	"0"	"0"	"340"	"Reviewable"	"NotReviewed"	"1 scales"	"600"	"60000"	"Mon Dec 23 10:30:22 CST 2013"	"S04976"	"Approved"	""	"""mittens"""	"""target"""	"-1"	"-1"	"-1"	"-1"	"0"	"""bob and snowmen"""	"0"	"0"	"""2"""	"1"	"0"	"""none"""	"1"	"""1"""	"""snowman"""	"""middle"""	"""TRUE"""	"-1"	"""TRUE"""	"-1"	"-1"	"0"
"What is he talking about? (1-2 mins)"	"Short and fun! A 1-2 minute word game about what someone is talking about."	"experiment, psychology, game"	"$0.20"	"Mon Dec 16 10:30:22 CST 2013"	"340"	"0"	"0"	"340"	"Reviewable"	"NotReviewed"	"1 scales"	"600"	"60000"	"Mon Dec 23 10:30:22 CST 2013"	"S27381"	"Approved"	""	"""motor"""	"""target"""	"-1"	"-1"	"-1"	"-1"	"0"	"""Bob wants to rent a boat with a motor."""	"0"	"0"	"""2"""	"1"	"0"	"""Thanks."""	"1"	"""1"""	"""boat"""	"""left"""	"""TRUE"""	"-1"	"""TRUE"""	"-1"	"-1"	"0"
"What is he talking about? (1-2 mins)"	"Short and fun! A 1-2 minute word game about what someone is talking about."	"experiment, psychology, game"	"$0.20"	"Mon Dec 16 10:30:22 CST 2013"	"340"	"0"	"0"	"340"	"Reviewable"	"NotReviewed"	"1 scales"	"600"	"60000"	"Mon Dec 23 10:30:22 CST 2013"	"S39781"	"Approved"	""	"""hat"""	"""target"""	"-1"	"-1"	"-1"	"-1"	"0"	"""Understanding connotation"""	"0"	"0"	"""2"""	"1"	"0"	""""""	"1"	"""1"""	"""friend"""	"""right"""	"""TRUE"""	"-1"	"""TRUE"""	"-1"	"-1"	"0"
"What is he talking about? (1-2 mins)"	"Short and fun! A 1-2 minute word game about what someone is talking about."	"experiment, psychology, game"	"$0.20"	"Mon Dec 16 10:30:22 CST 2013"	"340"	"0"	"0"	"340"	"Reviewable"	"NotReviewed"	"1 scales"	"600"	"60000"	"Mon Dec 23 10:30:22 CST 2013"	"S46084"	"Approved"	""	"""motor"""	"""target"""	"-1"	"-1"	"-1"	"-1"	"0"	"""Researching how people perform at simple logic problems."""	"0"	"0"	"""2"""	"1"	"0"	""""""	"1"	"""1"""	"""boat"""	"""middle"""	"""TRUE"""	"-1"	"""TRUE"""	"-1"	"-1"	"0"
"What is he talking about? (1-2 mins)"	"Short and fun! A 1-2 minute word game about what someone is talking about."	"experiment, psychology, game"	"$0.20"	"Mon Dec 16 10:30:22 CST 2013"	"340"	"0"	"0"	"340"	"Reviewable"	"NotReviewed"	"1 scales"	"600"	"60000"	"Mon Dec 23 10:30:22 CST 2013"	"S19521"	"Approved"	""	"""hat"""	"""target"""	"-1"	"-1"	"-1"	"-1"	"0"	"""Language/communication. Specifically, how a person named Bob describes snowmen he made."""	"0"	"0"	"""2"""	"1"	"0"	""""""	"1"	"""1"""	"""snowman"""	"""right"""	"""TRUE"""	"-1"	"""TRUE"""	"-1"	"-1"	"0"
"What is he talking about? (1-2 mins)"	"Short and fun! A 1-2 minute word game about what someone is talking about."	"experiment, psychology, game"	"$0.20"	"Mon Dec 16 10:30:22 CST 2013"	"340"	"0"	"0"	"340"	"Reviewable"	"NotReviewed"	"1 scales"	"600"	"60000"	"Mon Dec 23 10:30:22 CST 2013"	"S25587"	"Approved"	""	"""chocolate"""	"""target"""	"-1"	"-1"	"-1"	"-1"	"0"	"""What is this person talking about."""	"0"	"0"	"""2"""	"1"	"0"	""""""	"1"	"""1"""	"""sundae"""	"""left"""	"""TRUE"""	"-1"	"""TRUE"""	"-1"	"-1"	"0"
"What is he talking about? (1-2 mins)"	"Short and fun! A 1-2 minute word game about what someone is talking about."	"experiment, psychology, game"	"$0.20"	"Mon Dec 16 10:30:22 CST 2013"	"340"	"0"	"0"	"340"	"Reviewable"	"NotReviewed"	"1 scales"	"600"	"60000"	"Mon Dec 23 10:30:22 CST 2013"	"S74719"	"Approved"	""	"""mittens"""	"""target"""	"-1"	"-1"	"-1"	"-1"	"0"	"""Snowmen"""	"0"	"0"	"""2"""	"1"	"0"	""""""	"1"	"""1"""	"""snowman"""	"""right"""	"""FALSE"""	"-1"	"""TRUE"""	"-1"	"-1"	"0"
"What is he talking about? (1-2 mins)"	"Short and fun! A 1-2 minute word game about what someone is talking about."	"experiment, psychology, game"	"$0.20"	"Mon Dec 16 10:30:22 CST 2013"	"340"	"0"	"0"	"340"	"Reviewable"	"NotReviewed"	"1 scales"	"600"	"60000"	"Mon Dec 23 10:30:22 CST 2013"	"S17566"	"Approved"	""	"""mittens"""	"""target"""	"-1"	"-1"	"-1"	"-1"	"0"	"""Which traits are most important"""	"0"	"0"	"""2"""	"1"	"0"	""""""	"1"	"""1"""	"""snowman"""	"""middle"""	"""TRUE"""	"-1"	"""TRUE"""	"-1"	"-1"	"0"
"What is he talking about? (1-2 mins)"	"Short and fun! A 1-2 minute word game about what someone is talking about."	"experiment, psychology, game"	"$0.20"	"Mon Dec 16 10:30:22 CST 2013"	"340"	"0"	"0"	"340"	"Reviewable"	"NotReviewed"	"1 scales"	"600"	"60000"	"Mon Dec 23 10:30:22 CST 2013"	"S50167"	"Approved"	""	"""sail"""	"""logical"""	"-1"	"-1"	"-1"	"-1"	"0"	"""sailboats"""	"0"	"0"	"""2"""	"1"	"0"	"""no"""	"1"	"""1"""	"""boat"""	"""right"""	"""TRUE"""	"-1"	"""FALSE"""	"-1"	"-1"	"0"
"What is he talking about? (1-2 mins)"	"Short and fun! A 1-2 minute word game about what someone is talking about."	"experiment, psychology, game"	"$0.20"	"Mon Dec 16 10:30:22 CST 2013"	"340"	"0"	"0"	"340"	"Reviewable"	"NotReviewed"	"1 scales"	"600"	"60000"	"Mon Dec 23 10:30:22 CST 2013"	"S86891"	"Approved"	""	"""lights"""	"""logical"""	"-1"	"-1"	"-1"	"-1"	"0"	"""Picking a tree based on one word."""	"0"	"0"	"""2"""	"1"	"0"	"""Fun survey"""	"1"	"""1"""	"""Christmas tree"""	"""left"""	"""TRUE"""	"-1"	"""FALSE"""	"-1"	"-1"	"0"
"What is he talking about? (1-2 mins)"	"Short and fun! A 1-2 minute word game about what someone is talking about."	"experiment, psychology, game"	"$0.20"	"Mon Dec 16 10:30:22 CST 2013"	"340"	"0"	"0"	"340"	"Reviewable"	"NotReviewed"	"1 scales"	"600"	"60000"	"Mon Dec 23 10:30:22 CST 2013"	"S33174"	"Approved"	""	"""chocolate"""	"""target"""	"-1"	"-1"	"-1"	"-1"	"0"	"""Sunday choices."""	"0"	"0"	"""2"""	"1"	"0"	"""The name actually threw me for a twist cause they all sounded so generic."""	"1"	"""1"""	"""sundae"""	"""middle"""	"""TRUE"""	"-1"	"""TRUE"""	"-1"	"-1"	"0"
"What is he talking about? (1-2 mins)"	"Short and fun! A 1-2 minute word game about what someone is talking about."	"experiment, psychology, game"	"$0.20"	"Mon Dec 16 10:30:22 CST 2013"	"340"	"0"	"0"	"340"	"Reviewable"	"NotReviewed"	"1 scales"	"600"	"60000"	"Mon Dec 23 10:30:22 CST 2013"	"S18964"	"Approved"	""	"""chocolate"""	"""target"""	"-1"	"-1"	"-1"	"-1"	"0"	"""Language"""	"0"	"0"	"""2"""	"1"	"0"	"""No"""	"1"	"""1"""	"""sundae"""	"""right"""	"""TRUE"""	"-1"	"""TRUE"""	"-1"	"-1"	"0"
"What is he talking about? (1-2 mins)"	"Short and fun! A 1-2 minute word game about what someone is talking about."	"experiment, psychology, game"	"$0.20"	"Mon Dec 16 10:30:22 CST 2013"	"340"	"0"	"0"	"340"	"Reviewable"	"NotReviewed"	"1 scales"	"600"	"60000"	"Mon Dec 23 10:30:22 CST 2013"	"S42466"	"Approved"	""	"""chocolate"""	"""target"""	"-1"	"-1"	"-1"	"-1"	"0"	"""Figuring out what someone is trying to communicate"""	"0"	"0"	"""2"""	"1"	"0"	""""""	"1"	"""1"""	"""sundae"""	"""middle"""	"""TRUE"""	"-1"	"""TRUE"""	"-1"	"-1"	"0"
"What is he talking about? (1-2 mins)"	"Short and fun! A 1-2 minute word game about what someone is talking about."	"experiment, psychology, game"	"$0.20"	"Mon Dec 16 10:30:22 CST 2013"	"340"	"0"	"0"	"340"	"Reviewable"	"NotReviewed"	"1 scales"	"600"	"60000"	"Mon Dec 23 10:30:22 CST 2013"	"S52702"	"Approved"	""	"""lights"""	"""target"""	"-1"	"-1"	"-1"	"-1"	"0"	"""christmas trees"""	"0"	"0"	"""2"""	"1"	"0"	"""no"""	"1"	"""1"""	"""Christmas tree"""	"""left"""	"""TRUE"""	"-1"	"""TRUE"""	"-1"	"-1"	"0"
"What is he talking about? (1-2 mins)"	"Short and fun! A 1-2 minute word game about what someone is talking about."	"experiment, psychology, game"	"$0.20"	"Mon Dec 16 10:30:22 CST 2013"	"340"	"0"	"0"	"340"	"Reviewable"	"NotReviewed"	"1 scales"	"600"	"60000"	"Mon Dec 23 10:30:22 CST 2013"	"S15953"	"Approved"	""	"""mushrooms"""	"""target"""	"-1"	"-1"	"-1"	"-1"	"0"	"""inferrences"""	"0"	"0"	"""2"""	"1"	"0"	"""thanks"""	"1"	"""1"""	"""pizza"""	"""middle"""	"""TRUE"""	"-1"	"""TRUE"""	"-1"	"-1"	"0"
"What is he talking about? (1-2 mins)"	"Short and fun! A 1-2 minute word game about what someone is talking about."	"experiment, psychology, game"	"$0.20"	"Mon Dec 16 10:30:22 CST 2013"	"340"	"0"	"0"	"340"	"Reviewable"	"NotReviewed"	"1 scales"	"600"	"60000"	"Mon Dec 23 10:30:22 CST 2013"	"S49244"	"Approved"	""	"""peppers"""	"""target"""	"-1"	"-1"	"-1"	"-1"	"0"	"""seeing which one bob would have chosen"""	"0"	"0"	"""2"""	"1"	"0"	"""good survey"""	"1"	"""1"""	"""pizza"""	"""left"""	"""TRUE"""	"-1"	"""TRUE"""	"-1"	"-1"	"0"
"What is he talking about? (1-2 mins)"	"Short and fun! A 1-2 minute word game about what someone is talking about."	"experiment, psychology, game"	"$0.20"	"Mon Dec 16 10:30:22 CST 2013"	"340"	"0"	"0"	"340"	"Reviewable"	"NotReviewed"	"1 scales"	"600"	"60000"	"Mon Dec 23 10:30:22 CST 2013"	"S62033"	"Approved"	""	"""glasses"""	"""target"""	"-1"	"-1"	"-1"	"-1"	"0"	"""UNSURE"""	"0"	"0"	"""2"""	"1"	"0"	""""""	"1"	"""1"""	"""friend"""	"""left"""	"""TRUE"""	"-1"	"""TRUE"""	"-1"	"-1"	"0"
"What is he talking about? (1-2 mins)"	"Short and fun! A 1-2 minute word game about what someone is talking about."	"experiment, psychology, game"	"$0.20"	"Mon Dec 16 10:30:22 CST 2013"	"340"	"0"	"0"	"340"	"Reviewable"	"NotReviewed"	"1 scales"	"600"	"60000"	"Mon Dec 23 10:30:22 CST 2013"	"S50388"	"Approved"	""	"""motor"""	"""target"""	"-1"	"-1"	"-1"	"-1"	"0"	"""perception of single word communication"""	"0"	"0"	"""2"""	"1"	"0"	"""nope! fun"""	"1"	"""1"""	"""boat"""	"""middle"""	"""TRUE"""	"-1"	"""TRUE"""	"-1"	"-1"	"0"
"What is he talking about? (1-2 mins)"	"Short and fun! A 1-2 minute word game about what someone is talking about."	"experiment, psychology, game"	"$0.20"	"Mon Dec 16 10:30:22 CST 2013"	"340"	"0"	"0"	"340"	"Reviewable"	"NotReviewed"	"1 scales"	"600"	"60000"	"Mon Dec 23 10:30:22 CST 2013"	"S64293"	"Approved"	""	"""ornaments"""	"""logical"""	"-1"	"-1"	"-1"	"-1"	"0"	"""Trying to determine what people are talking about based on one word. """	"0"	"0"	"""2"""	"1"	"0"	"""This was weird, but interesting. I always enjoy your HITs! :)"""	"1"	"""1"""	"""Christmas tree"""	"""right"""	"""TRUE"""	"-1"	"""FALSE"""	"-1"	"-1"	"0"
"What is he talking about? (1-2 mins)"	"Short and fun! A 1-2 minute word game about what someone is talking about."	"experiment, psychology, game"	"$0.20"	"Mon Dec 16 10:30:22 CST 2013"	"340"	"0"	"0"	"340"	"Reviewable"	"NotReviewed"	"1 scales"	"600"	"60000"	"Mon Dec 23 10:30:22 CST 2013"	"S03490"	"Approved"	""	"""scarf"""	"""target"""	"-1"	"-1"	"-1"	"-1"	"0"	"""communication"""	"0"	"0"	"""2"""	"1"	"0"	""""""	"1"	"""1"""	"""snowman"""	"""right"""	"""TRUE"""	"-1"	"""TRUE"""	"-1"	"-1"	"0"
"What is he talking about? (1-2 mins)"	"Short and fun! A 1-2 minute word game about what someone is talking about."	"experiment, psychology, game"	"$0.20"	"Mon Dec 16 10:30:22 CST 2013"	"340"	"0"	"0"	"340"	"Reviewable"	"NotReviewed"	"1 scales"	"600"	"60000"	"Mon Dec 23 10:30:22 CST 2013"	"S06379"	"Approved"	""	"""mittens"""	"""target"""	"-1"	"-1"	"-1"	"-1"	"0"	"""Distinguish which one Bob is referring to with 1 word."""	"0"	"0"	"""2"""	"1"	"0"	""""""	"1"	"""1"""	"""snowman"""	"""left"""	"""TRUE"""	"-1"	"""TRUE"""	"-1"	"-1"	"0"
"What is he talking about? (1-2 mins)"	"Short and fun! A 1-2 minute word game about what someone is talking about."	"experiment, psychology, game"	"$0.20"	"Mon Dec 16 10:30:22 CST 2013"	"340"	"0"	"0"	"340"	"Reviewable"	"NotReviewed"	"1 scales"	"600"	"60000"	"Mon Dec 23 10:30:22 CST 2013"	"S60567"	"Approved"	""	"""cabin"""	"""target"""	"-1"	"-1"	"-1"	"-1"	"0"	"""Joe and his boats"""	"0"	"0"	"""2"""	"1"	"0"	""""""	"1"	"""1"""	"""boat"""	"""left"""	"""FALSE"""	"-1"	"""TRUE"""	"-1"	"-1"	"0"
"What is he talking about? (1-2 mins)"	"Short and fun! A 1-2 minute word game about what someone is talking about."	"experiment, psychology, game"	"$0.20"	"Mon Dec 16 10:30:22 CST 2013"	"340"	"0"	"0"	"340"	"Reviewable"	"NotReviewed"	"1 scales"	"600"	"60000"	"Mon Dec 23 10:30:22 CST 2013"	"S95957"	"Approved"	""	"""cabin"""	"""target"""	"-1"	"-1"	"-1"	"-1"	"0"	"""Joe's boat and which one he wanted me to pick"""	"0"	"0"	"""2"""	"1"	"0"	""""""	"1"	"""1"""	"""boat"""	"""right"""	"""FALSE"""	"-1"	"""TRUE"""	"-1"	"-1"	"0"
"What is he talking about? (1-2 mins)"	"Short and fun! A 1-2 minute word game about what someone is talking about."	"experiment, psychology, game"	"$0.20"	"Mon Dec 16 10:30:22 CST 2013"	"340"	"0"	"0"	"340"	"Reviewable"	"NotReviewed"	"1 scales"	"600"	"60000"	"Mon Dec 23 10:30:22 CST 2013"	"S45951"	"Approved"	""	"""motor"""	"""target"""	"-1"	"-1"	"-1"	"-1"	"0"	"""Boats"""	"0"	"0"	"""2"""	"1"	"0"	"""None"""	"1"	"""1"""	"""boat"""	"""right"""	"""TRUE"""	"-1"	"""TRUE"""	"-1"	"-1"	"0"
"What is he talking about? (1-2 mins)"	"Short and fun! A 1-2 minute word game about what someone is talking about."	"experiment, psychology, game"	"$0.20"	"Mon Dec 16 10:30:22 CST 2013"	"340"	"0"	"0"	"340"	"Reviewable"	"NotReviewed"	"1 scales"	"600"	"60000"	"Mon Dec 23 10:30:22 CST 2013"	"S55518"	"Approved"	""	"""scarf"""	"""target"""	"-1"	"-1"	"-1"	"-1"	"0"	"""Communication."""	"0"	"0"	"""2"""	"1"	"0"	"""Thank you!"""	"1"	"""1"""	"""snowman"""	"""left"""	"""FALSE"""	"-1"	"""TRUE"""	"-1"	"-1"	"0"
"What is he talking about? (1-2 mins)"	"Short and fun! A 1-2 minute word game about what someone is talking about."	"experiment, psychology, game"	"$0.20"	"Mon Dec 16 10:30:22 CST 2013"	"340"	"0"	"0"	"340"	"Reviewable"	"NotReviewed"	"1 scales"	"600"	"60000"	"Mon Dec 23 10:30:22 CST 2013"	"S51848"	"Approved"	""	"""lights"""	"""logical"""	"-1"	"-1"	"-1"	"-1"	"0"	"""Christmas trees"""	"0"	"0"	"""2"""	"1"	"0"	""""""	"1"	"""1"""	"""Christmas tree"""	"""right"""	"""TRUE"""	"-1"	"""FALSE"""	"-1"	"-1"	"0"
"What is he talking about? (1-2 mins)"	"Short and fun! A 1-2 minute word game about what someone is talking about."	"experiment, psychology, game"	"$0.20"	"Mon Dec 16 10:30:22 CST 2013"	"340"	"0"	"0"	"340"	"Reviewable"	"NotReviewed"	"1 scales"	"600"	"60000"	"Mon Dec 23 10:30:22 CST 2013"	"S91619"	"Approved"	""	"""cherry"""	"""foil"""	"-1"	"-1"	"-1"	"-1"	"0"	"""Communication?"""	"0"	"0"	"""2"""	"1"	"0"	""""""	"1"	"""1"""	"""sundae"""	"""middle"""	"""TRUE"""	"-1"	"""FALSE"""	"-1"	"-1"	"0"
"What is he talking about? (1-2 mins)"	"Short and fun! A 1-2 minute word game about what someone is talking about."	"experiment, psychology, game"	"$0.20"	"Mon Dec 16 10:30:22 CST 2013"	"340"	"0"	"0"	"340"	"Reviewable"	"NotReviewed"	"1 scales"	"600"	"60000"	"Mon Dec 23 10:30:22 CST 2013"	"S55932"	"Approved"	""	"""lights"""	"""target"""	"-1"	"-1"	"-1"	"-1"	"0"	"""Decisons"""	"0"	"0"	"""2"""	"1"	"0"	""""""	"1"	"""1"""	"""Christmas tree"""	"""right"""	"""TRUE"""	"-1"	"""TRUE"""	"-1"	"-1"	"0"
"What is he talking about? (1-2 mins)"	"Short and fun! A 1-2 minute word game about what someone is talking about."	"experiment, psychology, game"	"$0.20"	"Mon Dec 16 10:30:22 CST 2013"	"340"	"0"	"0"	"340"	"Reviewable"	"NotReviewed"	"1 scales"	"600"	"60000"	"Mon Dec 23 10:30:22 CST 2013"	"S50071"	"Approved"	""	"""scarf"""	"""target"""	"-1"	"-1"	"-1"	"-1"	"0"	"""It was about figuring out which Snowman Bob wanted"""	"0"	"0"	"""2"""	"1"	"0"	"""No"""	"1"	"""1"""	"""snowman"""	"""right"""	"""TRUE"""	"-1"	"""TRUE"""	"-1"	"-1"	"0"
"What is he talking about? (1-2 mins)"	"Short and fun! A 1-2 minute word game about what someone is talking about."	"experiment, psychology, game"	"$0.20"	"Mon Dec 16 10:30:22 CST 2013"	"340"	"0"	"0"	"340"	"Reviewable"	"NotReviewed"	"1 scales"	"600"	"60000"	"Mon Dec 23 10:30:22 CST 2013"	"S08811"	"Approved"	""	"""hat"""	"""target"""	"-1"	"-1"	"-1"	"-1"	"0"	"""The survey is about predicting which friend \""Bob\"" was referring to when he gives you a one word clue about his friend."""	"0"	"0"	"""2"""	"1"	"0"	"""No comments."""	"1"	"""1"""	"""friend"""	"""left"""	"""TRUE"""	"-1"	"""TRUE"""	"-1"	"-1"	"0"
"What is he talking about? (1-2 mins)"	"Short and fun! A 1-2 minute word game about what someone is talking about."	"experiment, psychology, game"	"$0.20"	"Mon Dec 16 10:30:22 CST 2013"	"340"	"0"	"0"	"340"	"Reviewable"	"NotReviewed"	"1 scales"	"600"	"60000"	"Mon Dec 23 10:30:22 CST 2013"	"S13885"	"Approved"	""	"""scarf"""	"""target"""	"-1"	"-1"	"-1"	"-1"	"0"	"""snowmen"""	"0"	"0"	"""2"""	"1"	"0"	""""""	"1"	"""1"""	"""snowman"""	"""middle"""	"""TRUE"""	"-1"	"""TRUE"""	"-1"	"-1"	"0"
"What is he talking about? (1-2 mins)"	"Short and fun! A 1-2 minute word game about what someone is talking about."	"experiment, psychology, game"	"$0.20"	"Mon Dec 16 10:30:22 CST 2013"	"340"	"0"	"0"	"340"	"Reviewable"	"NotReviewed"	"1 scales"	"600"	"60000"	"Mon Dec 23 10:30:22 CST 2013"	"S52493"	"Approved"	""	"""peppers"""	"""logical"""	"-1"	"-1"	"-1"	"-1"	"0"	"""Bob and his pizzas..?"""	"0"	"0"	"""3"""	"1"	"0"	"""Uh it's cool, I think the drawing is neat!"""	"1"	"""1"""	"""pizza"""	"""left"""	"""TRUE"""	"-1"	"""FALSE"""	"-1"	"-1"	"0"
"What is he talking about? (1-2 mins)"	"Short and fun! A 1-2 minute word game about what someone is talking about."	"experiment, psychology, game"	"$0.20"	"Mon Dec 16 10:30:22 CST 2013"	"340"	"0"	"0"	"340"	"Reviewable"	"NotReviewed"	"1 scales"	"600"	"60000"	"Mon Dec 23 10:30:22 CST 2013"	"S02021"	"Approved"	""	"""motor"""	"""target"""	"-1"	"-1"	"-1"	"-1"	"0"	"""bob wants a boat-deduction"""	"0"	"0"	"""2"""	"1"	"0"	""""""	"1"	"""1"""	"""boat"""	"""right"""	"""TRUE"""	"-1"	"""TRUE"""	"-1"	"-1"	"0"
"What is he talking about? (1-2 mins)"	"Short and fun! A 1-2 minute word game about what someone is talking about."	"experiment, psychology, game"	"$0.20"	"Mon Dec 16 10:30:22 CST 2013"	"340"	"0"	"0"	"340"	"Reviewable"	"NotReviewed"	"1 scales"	"600"	"60000"	"Mon Dec 23 10:30:22 CST 2013"	"S17835"	"Approved"	""	"""motor"""	"""target"""	"-1"	"-1"	"-1"	"-1"	"0"	"""Language and Cognition. Bob and his boats. """	"0"	"0"	"""2"""	"1"	"0"	"""No."""	"1"	"""1"""	"""boat"""	"""middle"""	"""TRUE"""	"-1"	"""TRUE"""	"-1"	"-1"	"0"
"What is he talking about? (1-2 mins)"	"Short and fun! A 1-2 minute word game about what someone is talking about."	"experiment, psychology, game"	"$0.20"	"Mon Dec 16 10:30:22 CST 2013"	"340"	"0"	"0"	"340"	"Reviewable"	"NotReviewed"	"1 scales"	"600"	"60000"	"Mon Dec 23 10:30:22 CST 2013"	"S31766"	"Approved"	""	"""mushrooms"""	"""target"""	"-1"	"-1"	"-1"	"-1"	"0"	"""associating words with pictures"""	"0"	"0"	"""2"""	"1"	"0"	"""no"""	"1"	"""1"""	"""pizza"""	"""right"""	"""TRUE"""	"-1"	"""TRUE"""	"-1"	"-1"	"0"
"What is he talking about? (1-2 mins)"	"Short and fun! A 1-2 minute word game about what someone is talking about."	"experiment, psychology, game"	"$0.20"	"Mon Dec 16 10:30:22 CST 2013"	"340"	"0"	"0"	"340"	"Reviewable"	"NotReviewed"	"1 scales"	"600"	"60000"	"Mon Dec 23 10:30:22 CST 2013"	"S94708"	"Approved"	""	"""star"""	"""target"""	"-1"	"-1"	"-1"	"-1"	"0"	"""I'm not sure"""	"0"	"0"	"""2"""	"1"	"0"	"""No, thanks!"""	"1"	"""1"""	"""Christmas tree"""	"""middle"""	"""TRUE"""	"-1"	"""TRUE"""	"-1"	"-1"	"0"
"What is he talking about? (1-2 mins)"	"Short and fun! A 1-2 minute word game about what someone is talking about."	"experiment, psychology, game"	"$0.20"	"Mon Dec 16 10:30:22 CST 2013"	"340"	"0"	"0"	"340"	"Reviewable"	"NotReviewed"	"1 scales"	"600"	"60000"	"Mon Dec 23 10:30:22 CST 2013"	"S12806"	"Approved"	""	"""whipped cream"""	"""target"""	"-1"	"-1"	"-1"	"-1"	"0"	"""Communication with limited amount of words"""	"0"	"0"	"""2"""	"1"	"0"	""""""	"1"	"""1"""	"""sundae"""	"""right"""	"""TRUE"""	"-1"	"""TRUE"""	"-1"	"-1"	"0"
"What is he talking about? (1-2 mins)"	"Short and fun! A 1-2 minute word game about what someone is talking about."	"experiment, psychology, game"	"$0.20"	"Mon Dec 16 10:30:22 CST 2013"	"340"	"0"	"0"	"340"	"Reviewable"	"NotReviewed"	"1 scales"	"600"	"60000"	"Mon Dec 23 10:30:22 CST 2013"	"S38980"	"Approved"	""	"""glasses"""	"""target"""	"-1"	"-1"	"-1"	"-1"	"0"	"""visting friends and communication"""	"0"	"0"	"""2"""	"1"	"0"	"""nope"""	"1"	"""1"""	"""friend"""	"""left"""	"""TRUE"""	"-1"	"""TRUE"""	"-1"	"-1"	"0"
"What is he talking about? (1-2 mins)"	"Short and fun! A 1-2 minute word game about what someone is talking about."	"experiment, psychology, game"	"$0.20"	"Mon Dec 16 10:30:22 CST 2013"	"340"	"0"	"0"	"340"	"Reviewable"	"NotReviewed"	"1 scales"	"600"	"60000"	"Mon Dec 23 10:30:22 CST 2013"	"S35311"	"Approved"	""	"""chocolate"""	"""target"""	"-1"	"-1"	"-1"	"-1"	"0"	"""language (and sundaes!)"""	"0"	"0"	"""2"""	"1"	"0"	""""""	"1"	"""1"""	"""sundae"""	"""middle"""	"""TRUE"""	"-1"	"""TRUE"""	"-1"	"-1"	"0"
"What is he talking about? (1-2 mins)"	"Short and fun! A 1-2 minute word game about what someone is talking about."	"experiment, psychology, game"	"$0.20"	"Mon Dec 16 10:30:22 CST 2013"	"340"	"0"	"0"	"340"	"Reviewable"	"NotReviewed"	"1 scales"	"600"	"60000"	"Mon Dec 23 10:30:22 CST 2013"	"S45674"	"Approved"	""	"""mushrooms"""	"""target"""	"-1"	"-1"	"-1"	"-1"	"0"	"""pizza"""	"0"	"0"	"""2"""	"1"	"0"	""""""	"1"	"""1"""	"""pizza"""	"""left"""	"""TRUE"""	"-1"	"""TRUE"""	"-1"	"-1"	"0"
"What is he talking about? (1-2 mins)"	"Short and fun! A 1-2 minute word game about what someone is talking about."	"experiment, psychology, game"	"$0.20"	"Mon Dec 16 10:30:22 CST 2013"	"340"	"0"	"0"	"340"	"Reviewable"	"NotReviewed"	"1 scales"	"600"	"60000"	"Mon Dec 23 10:30:22 CST 2013"	"S25766"	"Approved"	""	"""star"""	"""logical"""	"-1"	"-1"	"-1"	"-1"	"0"	"""Bob likes to trim Christmas trees"""	"0"	"0"	"""2"""	"1"	"0"	""""""	"1"	"""1"""	"""Christmas tree"""	"""right"""	"""TRUE"""	"-1"	"""FALSE"""	"-1"	"-1"	"0"
"What is he talking about? (1-2 mins)"	"Short and fun! A 1-2 minute word game about what someone is talking about."	"experiment, psychology, game"	"$0.20"	"Mon Dec 16 10:30:22 CST 2013"	"340"	"0"	"0"	"340"	"Reviewable"	"NotReviewed"	"1 scales"	"600"	"60000"	"Mon Dec 23 10:30:22 CST 2013"	"S86280"	"Approved"	""	"""hat"""	"""target"""	"-1"	"-1"	"-1"	"-1"	"0"	"""snowmen """	"0"	"0"	"""2"""	"1"	"0"	""""""	"1"	"""1"""	"""snowman"""	"""right"""	"""TRUE"""	"-1"	"""TRUE"""	"-1"	"-1"	"0"
"What is he talking about? (1-2 mins)"	"Short and fun! A 1-2 minute word game about what someone is talking about."	"experiment, psychology, game"	"$0.20"	"Mon Dec 16 10:30:22 CST 2013"	"340"	"0"	"0"	"340"	"Reviewable"	"NotReviewed"	"1 scales"	"600"	"60000"	"Mon Dec 23 10:30:22 CST 2013"	"S84905"	"Approved"	""	"""scarf"""	"""target"""	"-1"	"-1"	"-1"	"-1"	"0"	"""what is the person talking about """	"0"	"0"	"""2"""	"1"	"0"	""""""	"1"	"""1"""	"""snowman"""	"""middle"""	"""TRUE"""	"-1"	"""TRUE"""	"-1"	"-1"	"0"
"What is he talking about? (1-2 mins)"	"Short and fun! A 1-2 minute word game about what someone is talking about."	"experiment, psychology, game"	"$0.20"	"Mon Dec 16 10:30:22 CST 2013"	"340"	"0"	"0"	"340"	"Reviewable"	"NotReviewed"	"1 scales"	"600"	"60000"	"Mon Dec 23 10:30:22 CST 2013"	"S42975"	"Approved"	""	"""glasses"""	"""target"""	"-1"	"-1"	"-1"	"-1"	"0"	"""Interpretation of vague statements"""	"0"	"0"	"""2"""	"1"	"0"	""""""	"1"	"""1"""	"""friend"""	"""middle"""	"""TRUE"""	"-1"	"""TRUE"""	"-1"	"-1"	"0"
"What is he talking about? (1-2 mins)"	"Short and fun! A 1-2 minute word game about what someone is talking about."	"experiment, psychology, game"	"$0.20"	"Mon Dec 16 10:30:22 CST 2013"	"340"	"0"	"0"	"340"	"Reviewable"	"NotReviewed"	"1 scales"	"600"	"60000"	"Mon Dec 23 10:30:22 CST 2013"	"S39236"	"Approved"	""	"""peppers"""	"""target"""	"-1"	"-1"	"-1"	"-1"	"0"	"""Bob wanting pizza."""	"0"	"0"	"""2"""	"1"	"0"	""""""	"1"	"""1"""	"""pizza"""	"""right"""	"""TRUE"""	"-1"	"""TRUE"""	"-1"	"-1"	"0"
"What is he talking about? (1-2 mins)"	"Short and fun! A 1-2 minute word game about what someone is talking about."	"experiment, psychology, game"	"$0.20"	"Mon Dec 16 10:30:22 CST 2013"	"340"	"0"	"0"	"340"	"Reviewable"	"NotReviewed"	"1 scales"	"600"	"60000"	"Mon Dec 23 10:30:22 CST 2013"	"S66075"	"Approved"	""	"""chocolate"""	"""target"""	"-1"	"-1"	"-1"	"-1"	"0"	"""Ice cream is what the questions were about, if that is what you are asking"""	"0"	"0"	"""2"""	"1"	"0"	"""Nope"""	"1"	"""1"""	"""sundae"""	"""right"""	"""TRUE"""	"-1"	"""TRUE"""	"-1"	"-1"	"0"
"What is he talking about? (1-2 mins)"	"Short and fun! A 1-2 minute word game about what someone is talking about."	"experiment, psychology, game"	"$0.20"	"Mon Dec 16 10:30:22 CST 2013"	"340"	"0"	"0"	"340"	"Reviewable"	"NotReviewed"	"1 scales"	"600"	"60000"	"Mon Dec 23 10:30:22 CST 2013"	"S80347"	"Approved"	""	"""scarf"""	"""target"""	"-1"	"-1"	"-1"	"-1"	"0"	"""scarf"""	"0"	"0"	"""2"""	"1"	"0"	"""no"""	"1"	"""1"""	"""snowman"""	"""right"""	"""TRUE"""	"-1"	"""TRUE"""	"-1"	"-1"	"0"
"What is he talking about? (1-2 mins)"	"Short and fun! A 1-2 minute word game about what someone is talking about."	"experiment, psychology, game"	"$0.20"	"Mon Dec 16 10:30:22 CST 2013"	"340"	"0"	"0"	"340"	"Reviewable"	"NotReviewed"	"1 scales"	"600"	"60000"	"Mon Dec 23 10:30:22 CST 2013"	"S91163"	"Approved"	""	"""hat"""	"""target"""	"-1"	"-1"	"-1"	"-1"	"0"	"""language """	"0"	"0"	"""2"""	"1"	"0"	""""""	"1"	"""1"""	"""snowman"""	"""middle"""	"""TRUE"""	"-1"	"""TRUE"""	"-1"	"-1"	"0"
"What is he talking about? (1-2 mins)"	"Short and fun! A 1-2 minute word game about what someone is talking about."	"experiment, psychology, game"	"$0.20"	"Mon Dec 16 10:30:22 CST 2013"	"340"	"0"	"0"	"340"	"Reviewable"	"NotReviewed"	"1 scales"	"600"	"60000"	"Mon Dec 23 10:30:22 CST 2013"	"S46166"	"Approved"	""	"""sail"""	"""foil"""	"-1"	"-1"	"-1"	"-1"	"0"	"""Bob and his love of sail boats"""	"0"	"0"	"""2"""	"1"	"0"	""""""	"1"	"""1"""	"""boat"""	"""middle"""	"""TRUE"""	"-1"	"""FALSE"""	"-1"	"-1"	"0"
"What is he talking about? (1-2 mins)"	"Short and fun! A 1-2 minute word game about what someone is talking about."	"experiment, psychology, game"	"$0.20"	"Mon Dec 16 10:30:22 CST 2013"	"340"	"0"	"0"	"340"	"Reviewable"	"NotReviewed"	"1 scales"	"600"	"60000"	"Mon Dec 23 10:30:22 CST 2013"	"S01532"	"Approved"	""	"""cabin"""	"""target"""	"-1"	"-1"	"-1"	"-1"	"0"	"""Boats and motors"""	"0"	"0"	"""2"""	"1"	"0"	""""""	"1"	"""1"""	"""boat"""	"""left"""	"""TRUE"""	"-1"	"""TRUE"""	"-1"	"-1"	"0"
"What is he talking about? (1-2 mins)"	"Short and fun! A 1-2 minute word game about what someone is talking about."	"experiment, psychology, game"	"$0.20"	"Mon Dec 16 10:30:22 CST 2013"	"340"	"0"	"0"	"340"	"Reviewable"	"NotReviewed"	"1 scales"	"600"	"60000"	"Mon Dec 23 10:30:22 CST 2013"	"S74507"	"Approved"	""	"""glasses"""	"""target"""	"-1"	"-1"	"-1"	"-1"	"0"	"""What people can assume without sufficient information."""	"0"	"0"	"""2"""	"1"	"0"	"""No"""	"1"	"""1"""	"""friend"""	"""left"""	"""TRUE"""	"-1"	"""TRUE"""	"-1"	"-1"	"0"
"What is he talking about? (1-2 mins)"	"Short and fun! A 1-2 minute word game about what someone is talking about."	"experiment, psychology, game"	"$0.20"	"Mon Dec 16 10:30:22 CST 2013"	"340"	"0"	"0"	"340"	"Reviewable"	"NotReviewed"	"1 scales"	"600"	"60000"	"Mon Dec 23 10:30:22 CST 2013"	"S67704"	"Approved"	""	"""sail"""	"""target"""	"-1"	"-1"	"-1"	"-1"	"0"	"""I don't know"""	"0"	"0"	"""2"""	"1"	"0"	"""Great HIT!"""	"1"	"""1"""	"""boat"""	"""middle"""	"""TRUE"""	"-1"	"""TRUE"""	"-1"	"-1"	"0"
"What is he talking about? (1-2 mins)"	"Short and fun! A 1-2 minute word game about what someone is talking about."	"experiment, psychology, game"	"$0.20"	"Mon Dec 16 10:30:22 CST 2013"	"340"	"0"	"0"	"340"	"Reviewable"	"NotReviewed"	"1 scales"	"600"	"60000"	"Mon Dec 23 10:30:22 CST 2013"	"S43303"	"Approved"	""	"""glasses"""	"""logical"""	"-1"	"-1"	"-1"	"-1"	"0"	"""perception"""	"0"	"0"	"""2"""	"1"	"0"	""""""	"1"	"""1"""	"""friend"""	"""middle"""	"""TRUE"""	"-1"	"""FALSE"""	"-1"	"-1"	"0"
"What is he talking about? (1-2 mins)"	"Short and fun! A 1-2 minute word game about what someone is talking about."	"experiment, psychology, game"	"$0.20"	"Mon Dec 16 10:30:22 CST 2013"	"340"	"0"	"0"	"340"	"Reviewable"	"NotReviewed"	"1 scales"	"600"	"60000"	"Mon Dec 23 10:30:22 CST 2013"	"S43252"	"Approved"	""	"""whipped cream"""	"""target"""	"-1"	"-1"	"-1"	"-1"	"0"	"""Ice cream sundaes"""	"0"	"0"	"""2"""	"1"	"0"	""""""	"1"	"""1"""	"""sundae"""	"""middle"""	"""TRUE"""	"-1"	"""TRUE"""	"-1"	"-1"	"0"
"What is he talking about? (1-2 mins)"	"Short and fun! A 1-2 minute word game about what someone is talking about."	"experiment, psychology, game"	"$0.20"	"Mon Dec 16 10:30:22 CST 2013"	"340"	"0"	"0"	"340"	"Reviewable"	"NotReviewed"	"1 scales"	"600"	"60000"	"Mon Dec 23 10:30:22 CST 2013"	"S34707"	"Approved"	""	"""sail"""	"""target"""	"-1"	"-1"	"-1"	"-1"	"0"	"""Bob's renting choices for a boat and what one simple word might refer to which boat."""	"0"	"0"	"""2"""	"1"	"0"	""""""	"1"	"""1"""	"""boat"""	"""middle"""	"""TRUE"""	"-1"	"""TRUE"""	"-1"	"-1"	"0"
"What is he talking about? (1-2 mins)"	"Short and fun! A 1-2 minute word game about what someone is talking about."	"experiment, psychology, game"	"$0.20"	"Mon Dec 16 10:30:22 CST 2013"	"340"	"0"	"0"	"340"	"Reviewable"	"NotReviewed"	"1 scales"	"600"	"60000"	"Mon Dec 23 10:30:22 CST 2013"	"S84786"	"Approved"	""	"""sail"""	"""target"""	"-1"	"-1"	"-1"	"-1"	"0"	"""Identifying what a person is saying based on a description of the person."""	"0"	"0"	"""2"""	"1"	"0"	"""No comments, but best of luck!"""	"1"	"""1"""	"""boat"""	"""middle"""	"""TRUE"""	"-1"	"""TRUE"""	"-1"	"-1"	"0"
"What is he talking about? (1-2 mins)"	"Short and fun! A 1-2 minute word game about what someone is talking about."	"experiment, psychology, game"	"$0.20"	"Mon Dec 16 10:30:22 CST 2013"	"340"	"0"	"0"	"340"	"Reviewable"	"NotReviewed"	"1 scales"	"600"	"60000"	"Mon Dec 23 10:30:22 CST 2013"	"S70146"	"Approved"	""	"""hat"""	"""target"""	"-1"	"-1"	"-1"	"-1"	"0"	"""snowmen"""	"0"	"0"	"""2"""	"1"	"0"	""""""	"1"	"""1"""	"""snowman"""	"""middle"""	"""TRUE"""	"-1"	"""TRUE"""	"-1"	"-1"	"0"
"What is he talking about? (1-2 mins)"	"Short and fun! A 1-2 minute word game about what someone is talking about."	"experiment, psychology, game"	"$0.20"	"Mon Dec 16 10:30:22 CST 2013"	"340"	"0"	"0"	"340"	"Reviewable"	"NotReviewed"	"1 scales"	"600"	"60000"	"Mon Dec 23 10:30:22 CST 2013"	"S80906"	"Approved"	""	"""scarf"""	"""target"""	"-1"	"-1"	"-1"	"-1"	"0"	"""Snowmen"""	"0"	"0"	"""2"""	"1"	"0"	""""""	"1"	"""1"""	"""snowman"""	"""left"""	"""TRUE"""	"-1"	"""TRUE"""	"-1"	"-1"	"0"
"What is he talking about? (1-2 mins)"	"Short and fun! A 1-2 minute word game about what someone is talking about."	"experiment, psychology, game"	"$0.20"	"Mon Dec 16 10:30:22 CST 2013"	"340"	"0"	"0"	"340"	"Reviewable"	"NotReviewed"	"1 scales"	"600"	"60000"	"Mon Dec 23 10:30:22 CST 2013"	"S15369"	"Approved"	""	"""cherry"""	"""target"""	"-1"	"-1"	"-1"	"-1"	"0"	"""Sundaes"""	"0"	"0"	"""2"""	"1"	"0"	""""""	"1"	"""1"""	"""sundae"""	"""right"""	"""TRUE"""	"-1"	"""TRUE"""	"-1"	"-1"	"0"
"What is he talking about? (1-2 mins)"	"Short and fun! A 1-2 minute word game about what someone is talking about."	"experiment, psychology, game"	"$0.20"	"Mon Dec 16 10:30:22 CST 2013"	"340"	"0"	"0"	"340"	"Reviewable"	"NotReviewed"	"1 scales"	"600"	"60000"	"Mon Dec 23 10:30:22 CST 2013"	"S78714"	"Approved"	""	"""cherry"""	"""logical"""	"-1"	"-1"	"-1"	"-1"	"0"	"""Ice cream sundaes"""	"0"	"0"	"""2"""	"1"	"0"	""""""	"1"	"""1"""	"""sundae"""	"""left"""	"""TRUE"""	"-1"	"""FALSE"""	"-1"	"-1"	"0"
"What is he talking about? (1-2 mins)"	"Short and fun! A 1-2 minute word game about what someone is talking about."	"experiment, psychology, game"	"$0.20"	"Mon Dec 16 10:30:22 CST 2013"	"340"	"0"	"0"	"340"	"Reviewable"	"NotReviewed"	"1 scales"	"600"	"60000"	"Mon Dec 23 10:30:22 CST 2013"	"S52298"	"Approved"	""	"""mushrooms"""	"""target"""	"-1"	"-1"	"-1"	"-1"	"0"	"""pizza choices"""	"0"	"0"	"""2"""	"1"	"0"	""""""	"1"	"""1"""	"""pizza"""	"""middle"""	"""FALSE"""	"-1"	"""TRUE"""	"-1"	"-1"	"0"
"What is he talking about? (1-2 mins)"	"Short and fun! A 1-2 minute word game about what someone is talking about."	"experiment, psychology, game"	"$0.20"	"Mon Dec 16 10:30:22 CST 2013"	"340"	"0"	"0"	"340"	"Reviewable"	"NotReviewed"	"1 scales"	"600"	"60000"	"Mon Dec 23 10:30:22 CST 2013"	"S13453"	"Approved"	""	"""olives"""	"""target"""	"-1"	"-1"	"-1"	"-1"	"0"	"""which pizza he wants"""	"0"	"0"	"""2"""	"1"	"0"	""""""	"1"	"""1"""	"""pizza"""	"""middle"""	"""TRUE"""	"-1"	"""TRUE"""	"-1"	"-1"	"0"
"What is he talking about? (1-2 mins)"	"Short and fun! A 1-2 minute word game about what someone is talking about."	"experiment, psychology, game"	"$0.20"	"Mon Dec 16 10:30:22 CST 2013"	"340"	"0"	"0"	"340"	"Reviewable"	"NotReviewed"	"1 scales"	"600"	"60000"	"Mon Dec 23 10:30:22 CST 2013"	"S37835"	"Approved"	""	"""chocolate"""	"""target"""	"-1"	"-1"	"-1"	"-1"	"0"	"""Sundaes"""	"0"	"0"	"""2"""	"1"	"0"	"""Thanks"""	"1"	"""1"""	"""sundae"""	"""left"""	"""TRUE"""	"-1"	"""TRUE"""	"-1"	"-1"	"0"
"What is he talking about? (1-2 mins)"	"Short and fun! A 1-2 minute word game about what someone is talking about."	"experiment, psychology, game"	"$0.20"	"Mon Dec 16 10:30:22 CST 2013"	"340"	"0"	"0"	"340"	"Reviewable"	"NotReviewed"	"1 scales"	"600"	"60000"	"Mon Dec 23 10:30:22 CST 2013"	"S15897"	"Approved"	""	"""mittens"""	"""target"""	"-1"	"-1"	"-1"	"-1"	"0"	"""snowmen"""	"0"	"0"	"""2"""	"1"	"0"	"""no"""	"1"	"""1"""	"""snowman"""	"""left"""	"""TRUE"""	"-1"	"""TRUE"""	"-1"	"-1"	"0"
"What is he talking about? (1-2 mins)"	"Short and fun! A 1-2 minute word game about what someone is talking about."	"experiment, psychology, game"	"$0.20"	"Mon Dec 16 10:30:22 CST 2013"	"340"	"0"	"0"	"340"	"Reviewable"	"NotReviewed"	"1 scales"	"600"	"60000"	"Mon Dec 23 10:30:22 CST 2013"	"S01987"	"Approved"	""	"""motor"""	"""target"""	"-1"	"-1"	"-1"	"-1"	"0"	"""Communication and Boats!"""	"0"	"0"	"""2"""	"1"	"0"	"""No"""	"1"	"""1"""	"""boat"""	"""middle"""	"""TRUE"""	"-1"	"""TRUE"""	"-1"	"-1"	"0"
"What is he talking about? (1-2 mins)"	"Short and fun! A 1-2 minute word game about what someone is talking about."	"experiment, psychology, game"	"$0.20"	"Mon Dec 16 10:30:22 CST 2013"	"340"	"0"	"0"	"340"	"Reviewable"	"NotReviewed"	"1 scales"	"600"	"60000"	"Mon Dec 23 10:30:22 CST 2013"	"S63666"	"Approved"	""	"""hat"""	"""foil"""	"-1"	"-1"	"-1"	"-1"	"0"	"""perception"""	"0"	"0"	"""2"""	"1"	"0"	"""happy holidays"""	"1"	"""1"""	"""snowman"""	"""left"""	"""TRUE"""	"-1"	"""FALSE"""	"-1"	"-1"	"0"
"What is he talking about? (1-2 mins)"	"Short and fun! A 1-2 minute word game about what someone is talking about."	"experiment, psychology, game"	"$0.20"	"Mon Dec 16 10:30:22 CST 2013"	"340"	"0"	"0"	"340"	"Reviewable"	"NotReviewed"	"1 scales"	"600"	"60000"	"Mon Dec 23 10:30:22 CST 2013"	"S61750"	"Approved"	""	"""mustache"""	"""target"""	"-1"	"-1"	"-1"	"-1"	"0"	"""interpretation"""	"0"	"0"	"""2"""	"1"	"0"	""""""	"1"	"""1"""	"""friend"""	"""middle"""	"""TRUE"""	"-1"	"""TRUE"""	"-1"	"-1"	"0"
"What is he talking about? (1-2 mins)"	"Short and fun! A 1-2 minute word game about what someone is talking about."	"experiment, psychology, game"	"$0.20"	"Mon Dec 16 10:30:22 CST 2013"	"340"	"0"	"0"	"340"	"Reviewable"	"NotReviewed"	"1 scales"	"600"	"60000"	"Mon Dec 23 10:30:22 CST 2013"	"S25914"	"Approved"	""	"""lights"""	"""target"""	"-1"	"-1"	"-1"	"-1"	"0"	"""Christmas trees and lights"""	"0"	"0"	"""2"""	"1"	"0"	"""thanks"""	"1"	"""1"""	"""Christmas tree"""	"""right"""	"""TRUE"""	"-1"	"""TRUE"""	"-1"	"-1"	"0"
"What is he talking about? (1-2 mins)"	"Short and fun! A 1-2 minute word game about what someone is talking about."	"experiment, psychology, game"	"$0.20"	"Mon Dec 16 10:30:22 CST 2013"	"340"	"0"	"0"	"340"	"Reviewable"	"NotReviewed"	"1 scales"	"600"	"60000"	"Mon Dec 23 10:30:22 CST 2013"	"S83589"	"Approved"	""	"""star"""	"""logical"""	"-1"	"-1"	"-1"	"-1"	"0"	"""christmas tree"""	"0"	"0"	"""2"""	"1"	"0"	""""""	"1"	"""1"""	"""Christmas tree"""	"""left"""	"""TRUE"""	"-1"	"""FALSE"""	"-1"	"-1"	"0"
"What is he talking about? (1-2 mins)"	"Short and fun! A 1-2 minute word game about what someone is talking about."	"experiment, psychology, game"	"$0.20"	"Mon Dec 16 10:30:22 CST 2013"	"340"	"0"	"0"	"340"	"Reviewable"	"NotReviewed"	"1 scales"	"600"	"60000"	"Mon Dec 23 10:30:22 CST 2013"	"S85051"	"Approved"	""	"""lights"""	"""target"""	"-1"	"-1"	"-1"	"-1"	"0"	"""um, what Bob was talking about?  What kind of answer are you looking for here?"""	"0"	"0"	"""2"""	"1"	"0"	"""I guess not..."""	"1"	"""1"""	"""Christmas tree"""	"""left"""	"""TRUE"""	"-1"	"""TRUE"""	"-1"	"-1"	"0"
"What is he talking about? (1-2 mins)"	"Short and fun! A 1-2 minute word game about what someone is talking about."	"experiment, psychology, game"	"$0.20"	"Mon Dec 16 10:30:22 CST 2013"	"340"	"0"	"0"	"340"	"Reviewable"	"NotReviewed"	"1 scales"	"600"	"60000"	"Mon Dec 23 10:30:22 CST 2013"	"S04942"	"Approved"	""	"""scarf"""	"""target"""	"-1"	"-1"	"-1"	"-1"	"0"	"""snowmen"""	"0"	"0"	"""2"""	"1"	"0"	""""""	"1"	"""1"""	"""snowman"""	"""middle"""	"""TRUE"""	"-1"	"""TRUE"""	"-1"	"-1"	"0"
"What is he talking about? (1-2 mins)"	"Short and fun! A 1-2 minute word game about what someone is talking about."	"experiment, psychology, game"	"$0.20"	"Mon Dec 16 10:30:22 CST 2013"	"340"	"0"	"0"	"340"	"Reviewable"	"NotReviewed"	"1 scales"	"600"	"60000"	"Mon Dec 23 10:30:22 CST 2013"	"S10905"	"Approved"	""	"""hat"""	"""target"""	"-1"	"-1"	"-1"	"-1"	"0"	"""who bob visited"""	"0"	"0"	"""2"""	"1"	"0"	"""nope"""	"1"	"""1"""	"""friend"""	"""middle"""	"""TRUE"""	"-1"	"""TRUE"""	"-1"	"-1"	"0"
"What is he talking about? (1-2 mins)"	"Short and fun! A 1-2 minute word game about what someone is talking about."	"experiment, psychology, game"	"$0.20"	"Mon Dec 16 10:30:22 CST 2013"	"340"	"0"	"0"	"340"	"Reviewable"	"NotReviewed"	"1 scales"	"600"	"60000"	"Mon Dec 23 10:30:22 CST 2013"	"S48434"	"Approved"	""	"""lights"""	"""foil"""	"-1"	"-1"	"-1"	"-1"	"0"	"""Not sure"""	"0"	"0"	"""2"""	"1"	"0"	"""None, thanks!"""	"1"	"""1"""	"""Christmas tree"""	"""left"""	"""TRUE"""	"-1"	"""FALSE"""	"-1"	"-1"	"0"
"What is he talking about? (1-2 mins)"	"Short and fun! A 1-2 minute word game about what someone is talking about."	"experiment, psychology, game"	"$0.20"	"Mon Dec 16 10:30:22 CST 2013"	"340"	"0"	"0"	"340"	"Reviewable"	"NotReviewed"	"1 scales"	"600"	"60000"	"Mon Dec 23 10:30:22 CST 2013"	"S44791"	"Approved"	""	"""cherry"""	"""target"""	"-1"	"-1"	"-1"	"-1"	"0"	"""choice making"""	"0"	"0"	"""2"""	"1"	"0"	""""""	"1"	"""1"""	"""sundae"""	"""middle"""	"""TRUE"""	"-1"	"""TRUE"""	"-1"	"-1"	"0"
"What is he talking about? (1-2 mins)"	"Short and fun! A 1-2 minute word game about what someone is talking about."	"experiment, psychology, game"	"$0.20"	"Mon Dec 16 10:30:22 CST 2013"	"340"	"0"	"0"	"340"	"Reviewable"	"NotReviewed"	"1 scales"	"600"	"60000"	"Mon Dec 23 10:30:22 CST 2013"	"S76025"	"Approved"	""	"""cabin"""	"""logical"""	"-1"	"-1"	"-1"	"-1"	"0"	"""Understanding  a one-word response as best as possible."""	"0"	"0"	"""2"""	"1"	"0"	"""no"""	"1"	"""1"""	"""boat"""	"""left"""	"""TRUE"""	"-1"	"""FALSE"""	"-1"	"-1"	"0"
"What is he talking about? (1-2 mins)"	"Short and fun! A 1-2 minute word game about what someone is talking about."	"experiment, psychology, game"	"$0.20"	"Mon Dec 16 10:30:22 CST 2013"	"340"	"0"	"0"	"340"	"Reviewable"	"NotReviewed"	"1 scales"	"600"	"60000"	"Mon Dec 23 10:30:22 CST 2013"	"S60727"	"Approved"	""	"""motor"""	"""target"""	"-1"	"-1"	"-1"	"-1"	"0"	"""Boats that Bob rents. He can only say one word to communicate, and that word was boat"""	"0"	"0"	"""2"""	"1"	"0"	"""None at this time"""	"1"	"""1"""	"""boat"""	"""left"""	"""TRUE"""	"-1"	"""TRUE"""	"-1"	"-1"	"0"
"What is he talking about? (1-2 mins)"	"Short and fun! A 1-2 minute word game about what someone is talking about."	"experiment, psychology, game"	"$0.20"	"Mon Dec 16 10:30:22 CST 2013"	"340"	"0"	"0"	"340"	"Reviewable"	"NotReviewed"	"1 scales"	"600"	"60000"	"Mon Dec 23 10:30:22 CST 2013"	"S70740"	"Approved"	""	"""cabin"""	"""logical"""	"-1"	"-1"	"-1"	"-1"	"0"	"""Not sure, how we infer?"""	"0"	"0"	"""2"""	"1"	"0"	"""Super fast!"""	"1"	"""1"""	"""boat"""	"""right"""	"""TRUE"""	"-1"	"""FALSE"""	"-1"	"-1"	"0"
"What is he talking about? (1-2 mins)"	"Short and fun! A 1-2 minute word game about what someone is talking about."	"experiment, psychology, game"	"$0.20"	"Mon Dec 16 10:30:22 CST 2013"	"340"	"0"	"0"	"340"	"Reviewable"	"NotReviewed"	"1 scales"	"600"	"60000"	"Mon Dec 23 10:30:22 CST 2013"	"S33461"	"Approved"	""	"""mittens"""	"""foil"""	"-1"	"-1"	"-1"	"-1"	"0"	"""Given a few details, determine to what a subject is referring?"""	"0"	"0"	"""2"""	"1"	"0"	""""""	"1"	"""1"""	"""snowman"""	"""right"""	"""TRUE"""	"-1"	"""FALSE"""	"-1"	"-1"	"0"
"What is he talking about? (1-2 mins)"	"Short and fun! A 1-2 minute word game about what someone is talking about."	"experiment, psychology, game"	"$0.20"	"Mon Dec 16 10:30:22 CST 2013"	"340"	"0"	"0"	"340"	"Reviewable"	"NotReviewed"	"1 scales"	"600"	"60000"	"Mon Dec 23 10:30:22 CST 2013"	"S83775"	"Approved"	""	"""whipped cream"""	"""target"""	"-1"	"-1"	"-1"	"-1"	"0"	"""Communication """	"0"	"0"	"""2"""	"1"	"0"	""""""	"1"	"""1"""	"""sundae"""	"""right"""	"""FALSE"""	"-1"	"""TRUE"""	"-1"	"-1"	"0"
"What is he talking about? (1-2 mins)"	"Short and fun! A 1-2 minute word game about what someone is talking about."	"experiment, psychology, game"	"$0.20"	"Mon Dec 16 10:30:22 CST 2013"	"340"	"0"	"0"	"340"	"Reviewable"	"NotReviewed"	"1 scales"	"600"	"60000"	"Mon Dec 23 10:30:22 CST 2013"	"S60455"	"Approved"	""	"""hat"""	"""target"""	"-1"	"-1"	"-1"	"-1"	"0"	"""guessing who bob met with on sunday"""	"0"	"0"	"""2"""	"1"	"0"	"""no"""	"1"	"""1"""	"""friend"""	"""right"""	"""TRUE"""	"-1"	"""TRUE"""	"-1"	"-1"	"0"
"What is he talking about? (1-2 mins)"	"Short and fun! A 1-2 minute word game about what someone is talking about."	"experiment, psychology, game"	"$0.20"	"Mon Dec 16 10:30:22 CST 2013"	"340"	"0"	"0"	"340"	"Reviewable"	"NotReviewed"	"1 scales"	"600"	"60000"	"Mon Dec 23 10:30:22 CST 2013"	"S55108"	"Approved"	""	"""scarf"""	"""target"""	"-1"	"-1"	"-1"	"-1"	"0"	"""No idea"""	"0"	"0"	"""2"""	"1"	"0"	""""""	"1"	"""1"""	"""snowman"""	"""right"""	"""TRUE"""	"-1"	"""TRUE"""	"-1"	"-1"	"0"
"What is he talking about? (1-2 mins)"	"Short and fun! A 1-2 minute word game about what someone is talking about."	"experiment, psychology, game"	"$0.20"	"Mon Dec 16 10:30:22 CST 2013"	"340"	"0"	"0"	"340"	"Reviewable"	"NotReviewed"	"1 scales"	"600"	"60000"	"Mon Dec 23 10:30:22 CST 2013"	"S93096"	"Approved"	""	"""scarf"""	"""target"""	"-1"	"-1"	"-1"	"-1"	"0"	"""Memory?  I have no idea."""	"0"	"0"	"""2"""	"1"	"0"	"""fun survey!"""	"1"	"""1"""	"""snowman"""	"""right"""	"""TRUE"""	"-1"	"""TRUE"""	"-1"	"-1"	"0"
"What is he talking about? (1-2 mins)"	"Short and fun! A 1-2 minute word game about what someone is talking about."	"experiment, psychology, game"	"$0.20"	"Mon Dec 16 10:30:22 CST 2013"	"340"	"0"	"0"	"340"	"Reviewable"	"NotReviewed"	"1 scales"	"600"	"60000"	"Mon Dec 23 10:30:22 CST 2013"	"S55864"	"Approved"	""	"""cabin"""	"""target"""	"-1"	"-1"	"-1"	"-1"	"0"	"""boats"""	"0"	"0"	"""1"""	"1"	"0"	"""no"""	"1"	"""1"""	"""boat"""	"""left"""	"""TRUE"""	"-1"	"""TRUE"""	"-1"	"-1"	"0"
"What is he talking about? (1-2 mins)"	"Short and fun! A 1-2 minute word game about what someone is talking about."	"experiment, psychology, game"	"$0.20"	"Mon Dec 16 10:30:22 CST 2013"	"340"	"0"	"0"	"340"	"Reviewable"	"NotReviewed"	"1 scales"	"600"	"60000"	"Mon Dec 23 10:30:22 CST 2013"	"S57353"	"Approved"	""	"""olives"""	"""target"""	"-1"	"-1"	"-1"	"-1"	"0"	"""pizza selection"""	"0"	"0"	"""2"""	"1"	"0"	""""""	"1"	"""1"""	"""pizza"""	"""left"""	"""TRUE"""	"-1"	"""TRUE"""	"-1"	"-1"	"0"
"What is he talking about? (1-2 mins)"	"Short and fun! A 1-2 minute word game about what someone is talking about."	"experiment, psychology, game"	"$0.20"	"Mon Dec 16 10:30:22 CST 2013"	"340"	"0"	"0"	"340"	"Reviewable"	"NotReviewed"	"1 scales"	"600"	"60000"	"Mon Dec 23 10:30:22 CST 2013"	"S71823"	"Approved"	""	"""olives"""	"""target"""	"-1"	"-1"	"-1"	"-1"	"0"	"""Pizza"""	"0"	"0"	"""1"""	"1"	"0"	"""good study"""	"1"	"""1"""	"""pizza"""	"""left"""	"""TRUE"""	"-1"	"""TRUE"""	"-1"	"-1"	"0"
"What is he talking about? (1-2 mins)"	"Short and fun! A 1-2 minute word game about what someone is talking about."	"experiment, psychology, game"	"$0.20"	"Mon Dec 16 10:30:22 CST 2013"	"340"	"0"	"0"	"340"	"Reviewable"	"NotReviewed"	"1 scales"	"600"	"60000"	"Mon Dec 23 10:30:22 CST 2013"	"S55365"	"Approved"	""	"""scarf"""	"""foil"""	"-1"	"-1"	"-1"	"-1"	"0"	"""Snowmen that Joe decorates"""	"0"	"0"	"""2"""	"1"	"0"	""""""	"1"	"""1"""	"""snowman"""	"""right"""	"""FALSE"""	"-1"	"""FALSE"""	"-1"	"-1"	"0"
"What is he talking about? (1-2 mins)"	"Short and fun! A 1-2 minute word game about what someone is talking about."	"experiment, psychology, game"	"$0.20"	"Mon Dec 16 10:30:22 CST 2013"	"340"	"0"	"0"	"340"	"Reviewable"	"NotReviewed"	"1 scales"	"600"	"60000"	"Mon Dec 23 10:30:22 CST 2013"	"S36229"	"Approved"	""	"""olives"""	"""target"""	"-1"	"-1"	"-1"	"-1"	"0"	"""pizza"""	"0"	"0"	"""2"""	"1"	"0"	"""good survey"""	"1"	"""1"""	"""pizza"""	"""right"""	"""TRUE"""	"-1"	"""TRUE"""	"-1"	"-1"	"0"
"What is he talking about? (1-2 mins)"	"Short and fun! A 1-2 minute word game about what someone is talking about."	"experiment, psychology, game"	"$0.20"	"Mon Dec 16 10:30:22 CST 2013"	"340"	"0"	"0"	"340"	"Reviewable"	"NotReviewed"	"1 scales"	"600"	"60000"	"Mon Dec 23 10:30:22 CST 2013"	"S56789"	"Approved"	""	"""mushrooms"""	"""target"""	"-1"	"-1"	"-1"	"-1"	"0"	"""Bob likes pizza every Wednesday"""	"0"	"0"	"""2"""	"1"	"0"	""""""	"1"	"""1"""	"""pizza"""	"""right"""	"""TRUE"""	"-1"	"""TRUE"""	"-1"	"-1"	"0"
"What is he talking about? (1-2 mins)"	"Short and fun! A 1-2 minute word game about what someone is talking about."	"experiment, psychology, game"	"$0.20"	"Mon Dec 16 10:30:22 CST 2013"	"340"	"0"	"0"	"340"	"Reviewable"	"NotReviewed"	"1 scales"	"600"	"60000"	"Mon Dec 23 10:30:22 CST 2013"	"S02190"	"Approved"	""	"""cabin"""	"""logical"""	"-1"	"-1"	"-1"	"-1"	"0"	"""Bob picking a sail boat."""	"0"	"0"	"""2"""	"1"	"0"	""""""	"1"	"""1"""	"""boat"""	"""right"""	"""TRUE"""	"-1"	"""FALSE"""	"-1"	"-1"	"0"
"What is he talking about? (1-2 mins)"	"Short and fun! A 1-2 minute word game about what someone is talking about."	"experiment, psychology, game"	"$0.20"	"Mon Dec 16 10:30:22 CST 2013"	"340"	"0"	"0"	"340"	"Reviewable"	"NotReviewed"	"1 scales"	"600"	"60000"	"Mon Dec 23 10:30:22 CST 2013"	"S62498"	"Approved"	""	"""cherry"""	"""target"""	"-1"	"-1"	"-1"	"-1"	"0"	"""ice cream sundaes"""	"0"	"0"	"""2"""	"1"	"0"	"""-"""	"1"	"""1"""	"""sundae"""	"""right"""	"""TRUE"""	"-1"	"""TRUE"""	"-1"	"-1"	"0"
"What is he talking about? (1-2 mins)"	"Short and fun! A 1-2 minute word game about what someone is talking about."	"experiment, psychology, game"	"$0.20"	"Mon Dec 16 10:30:22 CST 2013"	"340"	"0"	"0"	"340"	"Reviewable"	"NotReviewed"	"1 scales"	"600"	"60000"	"Mon Dec 23 10:30:22 CST 2013"	"S15414"	"Approved"	""	"""cabin"""	"""target"""	"-1"	"-1"	"-1"	"-1"	"0"	"""To see which boat Bob wants."""	"0"	"0"	"""2"""	"1"	"0"	""""""	"1"	"""1"""	"""boat"""	"""middle"""	"""TRUE"""	"-1"	"""TRUE"""	"-1"	"-1"	"0"
"What is he talking about? (1-2 mins)"	"Short and fun! A 1-2 minute word game about what someone is talking about."	"experiment, psychology, game"	"$0.20"	"Mon Dec 16 10:30:22 CST 2013"	"340"	"0"	"0"	"340"	"Reviewable"	"NotReviewed"	"1 scales"	"600"	"60000"	"Mon Dec 23 10:30:22 CST 2013"	"S62939"	"Approved"	""	"""lights"""	"""target"""	"-1"	"-1"	"-1"	"-1"	"0"	"""Limited communication?"""	"0"	"0"	"""2"""	"1"	"0"	""""""	"1"	"""1"""	"""Christmas tree"""	"""right"""	"""TRUE"""	"-1"	"""TRUE"""	"-1"	"-1"	"0"
"What is he talking about? (1-2 mins)"	"Short and fun! A 1-2 minute word game about what someone is talking about."	"experiment, psychology, game"	"$0.20"	"Mon Dec 16 10:30:22 CST 2013"	"340"	"0"	"0"	"340"	"Reviewable"	"NotReviewed"	"1 scales"	"600"	"60000"	"Mon Dec 23 10:30:22 CST 2013"	"S59945"	"Approved"	""	"""hat"""	"""target"""	"-1"	"-1"	"-1"	"-1"	"0"	"""language interpretations"""	"0"	"0"	"""2"""	"1"	"0"	""""""	"1"	"""1"""	"""snowman"""	"""left"""	"""TRUE"""	"-1"	"""TRUE"""	"-1"	"-1"	"0"
"What is he talking about? (1-2 mins)"	"Short and fun! A 1-2 minute word game about what someone is talking about."	"experiment, psychology, game"	"$0.20"	"Mon Dec 16 10:30:22 CST 2013"	"340"	"0"	"0"	"340"	"Reviewable"	"NotReviewed"	"1 scales"	"600"	"60000"	"Mon Dec 23 10:30:22 CST 2013"	"S21527"	"Approved"	""	"""sail"""	"""target"""	"-1"	"-1"	"-1"	"-1"	"0"	"""sailing"""	"0"	"0"	"""2"""	"1"	"0"	"""nope"""	"1"	"""1"""	"""boat"""	"""left"""	"""TRUE"""	"-1"	"""TRUE"""	"-1"	"-1"	"0"
"What is he talking about? (1-2 mins)"	"Short and fun! A 1-2 minute word game about what someone is talking about."	"experiment, psychology, game"	"$0.20"	"Mon Dec 16 10:30:22 CST 2013"	"340"	"0"	"0"	"340"	"Reviewable"	"NotReviewed"	"1 scales"	"600"	"60000"	"Mon Dec 23 10:30:22 CST 2013"	"S93377"	"Approved"	""	"""ornaments"""	"""target"""	"-1"	"-1"	"-1"	"-1"	"0"	"""Lights"""	"0"	"0"	"""2"""	"1"	"0"	"""Nope"""	"1"	"""1"""	"""Christmas tree"""	"""middle"""	"""TRUE"""	"-1"	"""TRUE"""	"-1"	"-1"	"0"
"What is he talking about? (1-2 mins)"	"Short and fun! A 1-2 minute word game about what someone is talking about."	"experiment, psychology, game"	"$0.20"	"Mon Dec 16 10:30:22 CST 2013"	"340"	"0"	"0"	"340"	"Reviewable"	"NotReviewed"	"1 scales"	"600"	"60000"	"Mon Dec 23 10:30:22 CST 2013"	"S38651"	"Approved"	""	"""olives"""	"""target"""	"-1"	"-1"	"-1"	"-1"	"0"	"""pizza choosing"""	"0"	"0"	"""2"""	"1"	"0"	"""nope"""	"1"	"""1"""	"""pizza"""	"""middle"""	"""TRUE"""	"-1"	"""TRUE"""	"-1"	"-1"	"0"
"What is he talking about? (1-2 mins)"	"Short and fun! A 1-2 minute word game about what someone is talking about."	"experiment, psychology, game"	"$0.20"	"Mon Dec 16 10:30:22 CST 2013"	"340"	"0"	"0"	"340"	"Reviewable"	"NotReviewed"	"1 scales"	"600"	"60000"	"Mon Dec 23 10:30:22 CST 2013"	"S02664"	"Approved"	""	"""olives"""	"""target"""	"-1"	"-1"	"-1"	"-1"	"0"	"""Toppings on pizzas and bob who eats them"""	"0"	"0"	"""2"""	"1"	"0"	""""""	"1"	"""1"""	"""pizza"""	"""left"""	"""TRUE"""	"-1"	"""TRUE"""	"-1"	"-1"	"0"
"What is he talking about? (1-2 mins)"	"Short and fun! A 1-2 minute word game about what someone is talking about."	"experiment, psychology, game"	"$0.20"	"Mon Dec 16 10:30:22 CST 2013"	"340"	"0"	"0"	"340"	"Reviewable"	"NotReviewed"	"1 scales"	"600"	"60000"	"Mon Dec 23 10:30:22 CST 2013"	"S76212"	"Approved"	""	"""cabin"""	"""target"""	"-1"	"-1"	"-1"	"-1"	"0"	"""Bob is using one word to communicate which boat he wants, and we are asked to choose which one we think it is."""	"0"	"0"	"""2"""	"1"	"0"	"""No."""	"1"	"""1"""	"""boat"""	"""right"""	"""TRUE"""	"-1"	"""TRUE"""	"-1"	"-1"	"0"
"What is he talking about? (1-2 mins)"	"Short and fun! A 1-2 minute word game about what someone is talking about."	"experiment, psychology, game"	"$0.20"	"Mon Dec 16 10:30:22 CST 2013"	"340"	"0"	"0"	"340"	"Reviewable"	"NotReviewed"	"1 scales"	"600"	"60000"	"Mon Dec 23 10:30:22 CST 2013"	"S38740"	"Approved"	""	"""olives"""	"""target"""	"-1"	"-1"	"-1"	"-1"	"0"	"""Bob and his love for pizza"""	"0"	"0"	"""2"""	"1"	"0"	""""""	"1"	"""1"""	"""pizza"""	"""middle"""	"""TRUE"""	"-1"	"""TRUE"""	"-1"	"-1"	"0"
"What is he talking about? (1-2 mins)"	"Short and fun! A 1-2 minute word game about what someone is talking about."	"experiment, psychology, game"	"$0.20"	"Mon Dec 16 10:30:22 CST 2013"	"340"	"0"	"0"	"340"	"Reviewable"	"NotReviewed"	"1 scales"	"600"	"60000"	"Mon Dec 23 10:30:22 CST 2013"	"S15748"	"Approved"	""	"""cabin"""	"""target"""	"-1"	"-1"	"-1"	"-1"	"0"	"""Beats me."""	"0"	"0"	"""2"""	"1"	"0"	"""A fine survey, lads. Send my regards to Dr.  Hennessy"""	"1"	"""1"""	"""boat"""	"""left"""	"""TRUE"""	"-1"	"""TRUE"""	"-1"	"-1"	"0"
"What is he talking about? (1-2 mins)"	"Short and fun! A 1-2 minute word game about what someone is talking about."	"experiment, psychology, game"	"$0.20"	"Mon Dec 16 10:30:22 CST 2013"	"340"	"0"	"0"	"340"	"Reviewable"	"NotReviewed"	"1 scales"	"600"	"60000"	"Mon Dec 23 10:30:22 CST 2013"	"S80388"	"Approved"	""	"""cherry"""	"""target"""	"-1"	"-1"	"-1"	"-1"	"0"	"""Sundae and cherry on top"""	"0"	"0"	"""2"""	"1"	"0"	""""""	"1"	"""1"""	"""sundae"""	"""middle"""	"""TRUE"""	"-1"	"""TRUE"""	"-1"	"-1"	"0"
"What is he talking about? (1-2 mins)"	"Short and fun! A 1-2 minute word game about what someone is talking about."	"experiment, psychology, game"	"$0.20"	"Mon Dec 16 10:30:22 CST 2013"	"340"	"0"	"0"	"340"	"Reviewable"	"NotReviewed"	"1 scales"	"600"	"60000"	"Mon Dec 23 10:30:22 CST 2013"	"S12973"	"Approved"	""	"""cabin"""	"""target"""	"-1"	"-1"	"-1"	"-1"	"0"	"""Bob says the word \""cabin\"" and you have to pick which sailboat you think he's referring to (this is because he's renting one). Also it asks a few questions about sailboat features."""	"0"	"0"	"""2"""	"1"	"0"	""""""	"1"	"""1"""	"""boat"""	"""middle"""	"""TRUE"""	"-1"	"""TRUE"""	"-1"	"-1"	"0"
"What is he talking about? (1-2 mins)"	"Short and fun! A 1-2 minute word game about what someone is talking about."	"experiment, psychology, game"	"$0.20"	"Mon Dec 16 10:30:22 CST 2013"	"340"	"0"	"0"	"340"	"Reviewable"	"NotReviewed"	"1 scales"	"600"	"60000"	"Mon Dec 23 10:30:22 CST 2013"	"S50341"	"Approved"	""	"""whipped cream"""	"""target"""	"-1"	"-1"	"-1"	"-1"	"0"	"""sundaes"""	"0"	"0"	"""2"""	"1"	"0"	""""""	"1"	"""1"""	"""sundae"""	"""left"""	"""TRUE"""	"-1"	"""TRUE"""	"-1"	"-1"	"0"
"What is he talking about? (1-2 mins)"	"Short and fun! A 1-2 minute word game about what someone is talking about."	"experiment, psychology, game"	"$0.20"	"Mon Dec 16 10:30:22 CST 2013"	"340"	"0"	"0"	"340"	"Reviewable"	"NotReviewed"	"1 scales"	"600"	"60000"	"Mon Dec 23 10:30:22 CST 2013"	"S78402"	"Approved"	""	"""glasses"""	"""target"""	"-1"	"-1"	"-1"	"-1"	"0"	"""Bob's friends"""	"0"	"0"	"""2"""	"1"	"0"	"""Nope"""	"1"	"""1"""	"""friend"""	"""middle"""	"""TRUE"""	"-1"	"""TRUE"""	"-1"	"-1"	"0"
"What is he talking about? (1-2 mins)"	"Short and fun! A 1-2 minute word game about what someone is talking about."	"experiment, psychology, game"	"$0.20"	"Mon Dec 16 10:30:22 CST 2013"	"340"	"0"	"0"	"340"	"Reviewable"	"NotReviewed"	"1 scales"	"600"	"60000"	"Mon Dec 23 10:30:22 CST 2013"	"S49802"	"Approved"	""	"""peppers"""	"""logical"""	"-1"	"-1"	"-1"	"-1"	"0"	"""pizza"""	"0"	"0"	"""3"""	"1"	"0"	""""""	"1"	"""1"""	"""pizza"""	"""left"""	"""TRUE"""	"-1"	"""FALSE"""	"-1"	"-1"	"0"
"What is he talking about? (1-2 mins)"	"Short and fun! A 1-2 minute word game about what someone is talking about."	"experiment, psychology, game"	"$0.20"	"Mon Dec 16 10:30:22 CST 2013"	"340"	"0"	"0"	"340"	"Reviewable"	"NotReviewed"	"1 scales"	"600"	"60000"	"Mon Dec 23 10:30:22 CST 2013"	"S45295"	"Approved"	""	"""peppers"""	"""target"""	"-1"	"-1"	"-1"	"-1"	"0"	"""Pizza"""	"0"	"0"	"""2"""	"1"	"0"	""""""	"1"	"""1"""	"""pizza"""	"""right"""	"""TRUE"""	"-1"	"""TRUE"""	"-1"	"-1"	"0"
"What is he talking about? (1-2 mins)"	"Short and fun! A 1-2 minute word game about what someone is talking about."	"experiment, psychology, game"	"$0.20"	"Mon Dec 16 10:30:22 CST 2013"	"340"	"0"	"0"	"340"	"Reviewable"	"NotReviewed"	"1 scales"	"600"	"60000"	"Mon Dec 23 10:30:22 CST 2013"	"S95610"	"Approved"	""	"""mustache"""	"""target"""	"-1"	"-1"	"-1"	"-1"	"0"	"""Which friend he wanted to visit"""	"0"	"0"	"""1"""	"1"	"0"	""""""	"1"	"""1"""	"""friend"""	"""middle"""	"""TRUE"""	"-1"	"""TRUE"""	"-1"	"-1"	"0"
"What is he talking about? (1-2 mins)"	"Short and fun! A 1-2 minute word game about what someone is talking about."	"experiment, psychology, game"	"$0.20"	"Mon Dec 16 10:30:22 CST 2013"	"340"	"0"	"0"	"340"	"Reviewable"	"NotReviewed"	"1 scales"	"600"	"60000"	"Mon Dec 23 10:30:22 CST 2013"	"S94678"	"Approved"	""	"""glasses"""	"""target"""	"-1"	"-1"	"-1"	"-1"	"0"	"""Distinguishing meaning based on limited communication"""	"0"	"0"	"""2"""	"1"	"0"	""""""	"1"	"""1"""	"""friend"""	"""left"""	"""TRUE"""	"-1"	"""TRUE"""	"-1"	"-1"	"0"
"What is he talking about? (1-2 mins)"	"Short and fun! A 1-2 minute word game about what someone is talking about."	"experiment, psychology, game"	"$0.20"	"Mon Dec 16 10:30:22 CST 2013"	"340"	"0"	"0"	"340"	"Reviewable"	"NotReviewed"	"1 scales"	"600"	"60000"	"Mon Dec 23 10:30:22 CST 2013"	"S57616"	"Approved"	""	"""peppers"""	"""target"""	"-1"	"-1"	"-1"	"-1"	"0"	"""Pizza"""	"0"	"0"	"""2"""	"1"	"0"	""""""	"1"	"""1"""	"""pizza"""	"""right"""	"""TRUE"""	"-1"	"""TRUE"""	"-1"	"-1"	"0"
"What is he talking about? (1-2 mins)"	"Short and fun! A 1-2 minute word game about what someone is talking about."	"experiment, psychology, game"	"$0.20"	"Mon Dec 16 10:30:22 CST 2013"	"340"	"0"	"0"	"340"	"Reviewable"	"NotReviewed"	"1 scales"	"600"	"60000"	"Mon Dec 23 10:30:22 CST 2013"	"S11558"	"Approved"	""	"""scarf"""	"""target"""	"-1"	"-1"	"-1"	"-1"	"0"	"""snowmen"""	"0"	"0"	"""2"""	"1"	"0"	""""""	"1"	"""1"""	"""snowman"""	"""middle"""	"""TRUE"""	"-1"	"""TRUE"""	"-1"	"-1"	"0"
"What is he talking about? (1-2 mins)"	"Short and fun! A 1-2 minute word game about what someone is talking about."	"experiment, psychology, game"	"$0.20"	"Mon Dec 16 10:30:22 CST 2013"	"340"	"0"	"0"	"340"	"Reviewable"	"NotReviewed"	"1 scales"	"600"	"60000"	"Mon Dec 23 10:30:22 CST 2013"	"S06532"	"Approved"	""	"""sail"""	"""target"""	"-1"	"-1"	"-1"	"-1"	"0"	"""communication"""	"0"	"0"	"""2"""	"1"	"0"	"""no."""	"1"	"""1"""	"""boat"""	"""left"""	"""TRUE"""	"-1"	"""TRUE"""	"-1"	"-1"	"0"
"What is he talking about? (1-2 mins)"	"Short and fun! A 1-2 minute word game about what someone is talking about."	"experiment, psychology, game"	"$0.20"	"Mon Dec 16 10:30:22 CST 2013"	"340"	"0"	"0"	"340"	"Reviewable"	"NotReviewed"	"1 scales"	"600"	"60000"	"Mon Dec 23 10:30:22 CST 2013"	"S36960"	"Approved"	""	"""hat"""	"""target"""	"-1"	"-1"	"-1"	"-1"	"0"	"""Memory"""	"0"	"0"	"""2"""	"1"	"0"	"""None"""	"1"	"""1"""	"""snowman"""	"""right"""	"""TRUE"""	"-1"	"""TRUE"""	"-1"	"-1"	"0"
"What is he talking about? (1-2 mins)"	"Short and fun! A 1-2 minute word game about what someone is talking about."	"experiment, psychology, game"	"$0.20"	"Mon Dec 16 10:30:22 CST 2013"	"340"	"0"	"0"	"340"	"Reviewable"	"NotReviewed"	"1 scales"	"600"	"60000"	"Mon Dec 23 10:30:22 CST 2013"	"S09332"	"Approved"	""	"""cherry"""	"""target"""	"-1"	"-1"	"-1"	"-1"	"0"	"""Ice cream"""	"0"	"0"	"""2"""	"1"	"0"	""""""	"1"	"""1"""	"""sundae"""	"""middle"""	"""TRUE"""	"-1"	"""TRUE"""	"-1"	"-1"	"0"
"What is he talking about? (1-2 mins)"	"Short and fun! A 1-2 minute word game about what someone is talking about."	"experiment, psychology, game"	"$0.20"	"Mon Dec 16 10:30:22 CST 2013"	"340"	"0"	"0"	"340"	"Reviewable"	"NotReviewed"	"1 scales"	"600"	"60000"	"Mon Dec 23 10:30:22 CST 2013"	"S63554"	"Approved"	""	"""olives"""	"""target"""	"-1"	"-1"	"-1"	"-1"	"0"	"""I think it was about understanding Bob's communication."""	"0"	"0"	"""2"""	"1"	"0"	"""Thanks--this was fun!"""	"1"	"""1"""	"""pizza"""	"""left"""	"""TRUE"""	"-1"	"""TRUE"""	"-1"	"-1"	"0"
"What is he talking about? (1-2 mins)"	"Short and fun! A 1-2 minute word game about what someone is talking about."	"experiment, psychology, game"	"$0.20"	"Mon Dec 16 10:30:22 CST 2013"	"340"	"0"	"0"	"340"	"Reviewable"	"NotReviewed"	"1 scales"	"600"	"60000"	"Mon Dec 23 10:30:22 CST 2013"	"S74165"	"Approved"	""	"""ornaments"""	"""logical"""	"-1"	"-1"	"-1"	"-1"	"0"	"""Bob and his love for Christmas trees."""	"0"	"0"	"""2"""	"1"	"0"	""""""	"1"	"""1"""	"""Christmas tree"""	"""middle"""	"""TRUE"""	"-1"	"""FALSE"""	"-1"	"-1"	"0"
"What is he talking about? (1-2 mins)"	"Short and fun! A 1-2 minute word game about what someone is talking about."	"experiment, psychology, game"	"$0.20"	"Mon Dec 16 10:30:22 CST 2013"	"340"	"0"	"0"	"340"	"Reviewable"	"NotReviewed"	"1 scales"	"600"	"60000"	"Mon Dec 23 10:30:22 CST 2013"	"S61597"	"Approved"	""	"""glasses"""	"""target"""	"-1"	"-1"	"-1"	"-1"	"0"	"""Guessing the meaning of ambiguous statements ."""	"0"	"0"	"""2"""	"1"	"0"	"""No."""	"1"	"""1"""	"""friend"""	"""left"""	"""TRUE"""	"-1"	"""TRUE"""	"-1"	"-1"	"0"
"What is he talking about? (1-2 mins)"	"Short and fun! A 1-2 minute word game about what someone is talking about."	"experiment, psychology, game"	"$0.20"	"Mon Dec 16 10:30:22 CST 2013"	"340"	"0"	"0"	"340"	"Reviewable"	"NotReviewed"	"1 scales"	"600"	"60000"	"Mon Dec 23 10:30:22 CST 2013"	"S91065"	"Approved"	""	"""mustache"""	"""target"""	"-1"	"-1"	"-1"	"-1"	"0"	"""Mustaches and recognition"""	"0"	"0"	"""2"""	"1"	"0"	""""""	"1"	"""1"""	"""friend"""	"""middle"""	"""TRUE"""	"-1"	"""TRUE"""	"-1"	"-1"	"0"
"What is he talking about? (1-2 mins)"	"Short and fun! A 1-2 minute word game about what someone is talking about."	"experiment, psychology, game"	"$0.20"	"Mon Dec 16 10:30:22 CST 2013"	"340"	"0"	"0"	"340"	"Reviewable"	"NotReviewed"	"1 scales"	"600"	"60000"	"Mon Dec 23 10:30:22 CST 2013"	"S99418"	"Approved"	""	"""whipped cream"""	"""logical"""	"-1"	"-1"	"-1"	"-1"	"0"	"""Sundaes """	"0"	"0"	"""2"""	"1"	"0"	""""""	"1"	"""1"""	"""sundae"""	"""right"""	"""TRUE"""	"-1"	"""FALSE"""	"-1"	"-1"	"0"
"What is he talking about? (1-2 mins)"	"Short and fun! A 1-2 minute word game about what someone is talking about."	"experiment, psychology, game"	"$0.20"	"Mon Dec 16 10:30:22 CST 2013"	"340"	"0"	"0"	"340"	"Reviewable"	"NotReviewed"	"1 scales"	"600"	"60000"	"Mon Dec 23 10:30:22 CST 2013"	"S41265"	"Approved"	""	"""sail"""	"""target"""	"-1"	"-1"	"-1"	"-1"	"0"	"""What we interpret the one word with visually."""	"0"	"0"	"""2"""	"1"	"0"	""""""	"1"	"""1"""	"""boat"""	"""left"""	"""TRUE"""	"-1"	"""TRUE"""	"-1"	"-1"	"0"
"What is he talking about? (1-2 mins)"	"Short and fun! A 1-2 minute word game about what someone is talking about."	"experiment, psychology, game"	"$0.20"	"Mon Dec 16 10:30:22 CST 2013"	"340"	"0"	"0"	"340"	"Reviewable"	"NotReviewed"	"1 scales"	"600"	"60000"	"Mon Dec 23 10:30:22 CST 2013"	"S29156"	"Approved"	""	"""cabin"""	"""target"""	"-1"	"-1"	"-1"	"-1"	"0"	"""Logic"""	"0"	"0"	"""2"""	"1"	"0"	""""""	"1"	"""1"""	"""boat"""	"""left"""	"""FALSE"""	"-1"	"""TRUE"""	"-1"	"-1"	"0"
"What is he talking about? (1-2 mins)"	"Short and fun! A 1-2 minute word game about what someone is talking about."	"experiment, psychology, game"	"$0.20"	"Mon Dec 16 10:30:22 CST 2013"	"340"	"0"	"0"	"340"	"Reviewable"	"NotReviewed"	"1 scales"	"600"	"60000"	"Mon Dec 23 10:30:22 CST 2013"	"S80850"	"Approved"	""	"""mushrooms"""	"""target"""	"-1"	"-1"	"-1"	"-1"	"0"	"""what can be drawn from micro-communication"""	"0"	"0"	"""2"""	"1"	"0"	""""""	"1"	"""1"""	"""pizza"""	"""right"""	"""TRUE"""	"-1"	"""TRUE"""	"-1"	"-1"	"0"
"What is he talking about? (1-2 mins)"	"Short and fun! A 1-2 minute word game about what someone is talking about."	"experiment, psychology, game"	"$0.20"	"Mon Dec 16 10:30:22 CST 2013"	"340"	"0"	"0"	"340"	"Reviewable"	"NotReviewed"	"1 scales"	"600"	"60000"	"Mon Dec 23 10:30:22 CST 2013"	"S22343"	"Approved"	""	"""mushrooms"""	"""target"""	"-1"	"-1"	"-1"	"-1"	"0"	"""choosing pizza"""	"0"	"0"	"""2"""	"1"	"0"	"""no"""	"1"	"""1"""	"""pizza"""	"""middle"""	"""TRUE"""	"-1"	"""TRUE"""	"-1"	"-1"	"0"
"What is he talking about? (1-2 mins)"	"Short and fun! A 1-2 minute word game about what someone is talking about."	"experiment, psychology, game"	"$0.20"	"Mon Dec 16 10:30:22 CST 2013"	"340"	"0"	"0"	"340"	"Reviewable"	"NotReviewed"	"1 scales"	"600"	"60000"	"Mon Dec 23 10:30:22 CST 2013"	"S28412"	"Approved"	""	"""cherry"""	"""target"""	"-1"	"-1"	"-1"	"-1"	"0"	"""sundaes"""	"0"	"0"	"""2"""	"1"	"0"	"""no"""	"1"	"""1"""	"""sundae"""	"""right"""	"""TRUE"""	"-1"	"""TRUE"""	"-1"	"-1"	"0"
"What is he talking about? (1-2 mins)"	"Short and fun! A 1-2 minute word game about what someone is talking about."	"experiment, psychology, game"	"$0.20"	"Mon Dec 16 10:30:22 CST 2013"	"340"	"0"	"0"	"340"	"Reviewable"	"NotReviewed"	"1 scales"	"600"	"60000"	"Mon Dec 23 10:30:22 CST 2013"	"S62506"	"Approved"	""	"""lights"""	"""target"""	"-1"	"-1"	"-1"	"-1"	"0"	"""How to convey which tree Bob is thinking of"""	"0"	"0"	"""2"""	"1"	"0"	"""no"""	"1"	"""1"""	"""Christmas tree"""	"""left"""	"""TRUE"""	"-1"	"""TRUE"""	"-1"	"-1"	"0"
"What is he talking about? (1-2 mins)"	"Short and fun! A 1-2 minute word game about what someone is talking about."	"experiment, psychology, game"	"$0.20"	"Mon Dec 16 10:30:22 CST 2013"	"340"	"0"	"0"	"340"	"Reviewable"	"NotReviewed"	"1 scales"	"600"	"60000"	"Mon Dec 23 10:30:22 CST 2013"	"S10329"	"Approved"	""	"""scarf"""	"""target"""	"-1"	"-1"	"-1"	"-1"	"0"	"""Survey was about this guy Tim likes to make snowman, but he can only say 1 word, and he said scarf, there is 2 snowman with scarf so which one is he talking about"""	"0"	"0"	"""2"""	"1"	"0"	"""Pretty cool survey, would love to know what this is about"""	"1"	"""1"""	"""snowman"""	"""right"""	"""TRUE"""	"-1"	"""TRUE"""	"-1"	"-1"	"0"
"What is he talking about? (1-2 mins)"	"Short and fun! A 1-2 minute word game about what someone is talking about."	"experiment, psychology, game"	"$0.20"	"Mon Dec 16 10:30:22 CST 2013"	"340"	"0"	"0"	"340"	"Reviewable"	"NotReviewed"	"1 scales"	"600"	"60000"	"Mon Dec 23 10:30:22 CST 2013"	"S86964"	"Approved"	""	"""chocolate"""	"""target"""	"-1"	"-1"	"-1"	"-1"	"0"	"""understanding meaning"""	"0"	"0"	"""2"""	"1"	"0"	"""nice survey"""	"1"	"""1"""	"""sundae"""	"""right"""	"""TRUE"""	"-1"	"""TRUE"""	"-1"	"-1"	"0"
"What is he talking about? (1-2 mins)"	"Short and fun! A 1-2 minute word game about what someone is talking about."	"experiment, psychology, game"	"$0.20"	"Mon Dec 16 10:30:22 CST 2013"	"340"	"0"	"0"	"340"	"Reviewable"	"NotReviewed"	"1 scales"	"600"	"60000"	"Mon Dec 23 10:30:22 CST 2013"	"S03402"	"Approved"	""	"""mushrooms"""	"""target"""	"-1"	"-1"	"-1"	"-1"	"0"	"""I'm not sure."""	"0"	"0"	"""1"""	"1"	"0"	""""""	"1"	"""1"""	"""pizza"""	"""left"""	"""TRUE"""	"-1"	"""TRUE"""	"-1"	"-1"	"0"
"What is he talking about? (1-2 mins)"	"Short and fun! A 1-2 minute word game about what someone is talking about."	"experiment, psychology, game"	"$0.20"	"Mon Dec 16 10:30:22 CST 2013"	"340"	"0"	"0"	"340"	"Reviewable"	"NotReviewed"	"1 scales"	"600"	"60000"	"Mon Dec 23 10:30:22 CST 2013"	"S85752"	"Approved"	""	"""lights"""	"""logical"""	"-1"	"-1"	"-1"	"-1"	"0"	"""What tree bob was talking about"""	"0"	"0"	"""2"""	"1"	"0"	"""no"""	"1"	"""1"""	"""Christmas tree"""	"""right"""	"""TRUE"""	"-1"	"""FALSE"""	"-1"	"-1"	"0"
"What is he talking about? (1-2 mins)"	"Short and fun! A 1-2 minute word game about what someone is talking about."	"experiment, psychology, game"	"$0.20"	"Mon Dec 16 10:30:22 CST 2013"	"340"	"0"	"0"	"340"	"Reviewable"	"NotReviewed"	"1 scales"	"600"	"60000"	"Mon Dec 23 10:30:22 CST 2013"	"S43737"	"Approved"	""	"""glasses"""	"""target"""	"-1"	"-1"	"-1"	"-1"	"0"	"""Identifying people"""	"0"	"0"	"""2"""	"1"	"0"	""""""	"1"	"""1"""	"""friend"""	"""middle"""	"""TRUE"""	"-1"	"""TRUE"""	"-1"	"-1"	"0"
"What is he talking about? (1-2 mins)"	"Short and fun! A 1-2 minute word game about what someone is talking about."	"experiment, psychology, game"	"$0.20"	"Mon Dec 16 10:30:22 CST 2013"	"340"	"0"	"0"	"340"	"Reviewable"	"NotReviewed"	"1 scales"	"600"	"60000"	"Mon Dec 23 10:30:22 CST 2013"	"S73739"	"Approved"	""	"""cabin"""	"""target"""	"-1"	"-1"	"-1"	"-1"	"0"	"""How people respond to others when there is a possible language barrier."""	"0"	"0"	"""2"""	"1"	"0"	"""I've got nothing. It is a good survey."""	"1"	"""1"""	"""boat"""	"""middle"""	"""TRUE"""	"-1"	"""TRUE"""	"-1"	"-1"	"0"
"What is he talking about? (1-2 mins)"	"Short and fun! A 1-2 minute word game about what someone is talking about."	"experiment, psychology, game"	"$0.20"	"Mon Dec 16 10:30:22 CST 2013"	"340"	"0"	"0"	"340"	"Reviewable"	"NotReviewed"	"1 scales"	"600"	"60000"	"Mon Dec 23 10:30:22 CST 2013"	"S80892"	"Approved"	""	"""lights"""	"""target"""	"-1"	"-1"	"-1"	"-1"	"0"	"""I am not sure."""	"0"	"0"	"""2"""	"1"	"0"	"""No."""	"1"	"""1"""	"""Christmas tree"""	"""middle"""	"""FALSE"""	"-1"	"""TRUE"""	"-1"	"-1"	"0"
"What is he talking about? (1-2 mins)"	"Short and fun! A 1-2 minute word game about what someone is talking about."	"experiment, psychology, game"	"$0.20"	"Mon Dec 16 10:30:22 CST 2013"	"340"	"0"	"0"	"340"	"Reviewable"	"NotReviewed"	"1 scales"	"600"	"60000"	"Mon Dec 23 10:30:22 CST 2013"	"S35459"	"Approved"	""	"""motor"""	"""target"""	"-1"	"-1"	"-1"	"-1"	"0"	"""words a person used"""	"0"	"0"	"""2"""	"1"	"0"	"""no"""	"1"	"""1"""	"""boat"""	"""right"""	"""TRUE"""	"-1"	"""TRUE"""	"-1"	"-1"	"0"
"What is he talking about? (1-2 mins)"	"Short and fun! A 1-2 minute word game about what someone is talking about."	"experiment, psychology, game"	"$0.20"	"Mon Dec 16 10:30:22 CST 2013"	"340"	"0"	"0"	"340"	"Reviewable"	"NotReviewed"	"1 scales"	"600"	"60000"	"Mon Dec 23 10:30:22 CST 2013"	"S98877"	"Approved"	""	"""sail"""	"""target"""	"-1"	"-1"	"-1"	"-1"	"0"	"""Bob and his boats"""	"0"	"0"	"""2"""	"1"	"0"	""""""	"1"	"""1"""	"""boat"""	"""left"""	"""TRUE"""	"-1"	"""TRUE"""	"-1"	"-1"	"0"
"What is he talking about? (1-2 mins)"	"Short and fun! A 1-2 minute word game about what someone is talking about."	"experiment, psychology, game"	"$0.20"	"Mon Dec 16 10:30:22 CST 2013"	"340"	"0"	"0"	"340"	"Reviewable"	"NotReviewed"	"1 scales"	"600"	"60000"	"Mon Dec 23 10:30:22 CST 2013"	"S62259"	"Approved"	""	"""hat"""	"""foil"""	"-1"	"-1"	"-1"	"-1"	"0"	"""Association of some sort."""	"0"	"0"	"""2"""	"1"	"0"	""""""	"1"	"""1"""	"""snowman"""	"""right"""	"""TRUE"""	"-1"	"""FALSE"""	"-1"	"-1"	"0"
"What is he talking about? (1-2 mins)"	"Short and fun! A 1-2 minute word game about what someone is talking about."	"experiment, psychology, game"	"$0.20"	"Mon Dec 16 10:30:22 CST 2013"	"340"	"0"	"0"	"340"	"Reviewable"	"NotReviewed"	"1 scales"	"600"	"60000"	"Mon Dec 23 10:30:22 CST 2013"	"S92500"	"Approved"	""	"""hat"""	"""target"""	"-1"	"-1"	"-1"	"-1"	"0"	"""memory"""	"0"	"0"	"""2"""	"1"	"0"	"""nope, thanks!"""	"1"	"""1"""	"""friend"""	"""middle"""	"""FALSE"""	"-1"	"""TRUE"""	"-1"	"-1"	"0"
"What is he talking about? (1-2 mins)"	"Short and fun! A 1-2 minute word game about what someone is talking about."	"experiment, psychology, game"	"$0.20"	"Mon Dec 16 10:30:22 CST 2013"	"340"	"0"	"0"	"340"	"Reviewable"	"NotReviewed"	"1 scales"	"600"	"60000"	"Mon Dec 23 10:30:22 CST 2013"	"S81786"	"Approved"	""	"""olives"""	"""target"""	"-1"	"-1"	"-1"	"-1"	"0"	"""it is about communication and inference"""	"0"	"0"	"""2"""	"1"	"0"	"""no"""	"1"	"""1"""	"""pizza"""	"""right"""	"""TRUE"""	"-1"	"""TRUE"""	"-1"	"-1"	"0"
"What is he talking about? (1-2 mins)"	"Short and fun! A 1-2 minute word game about what someone is talking about."	"experiment, psychology, game"	"$0.20"	"Mon Dec 16 10:30:22 CST 2013"	"340"	"0"	"0"	"340"	"Reviewable"	"NotReviewed"	"1 scales"	"600"	"60000"	"Mon Dec 23 10:30:22 CST 2013"	"S78227"	"Approved"	""	"""sail"""	"""logical"""	"-1"	"-1"	"-1"	"-1"	"0"	"""I have no idea."""	"0"	"0"	"""2"""	"1"	"0"	""""""	"1"	"""1"""	"""boat"""	"""right"""	"""TRUE"""	"-1"	"""FALSE"""	"-1"	"-1"	"0"
"What is he talking about? (1-2 mins)"	"Short and fun! A 1-2 minute word game about what someone is talking about."	"experiment, psychology, game"	"$0.20"	"Mon Dec 16 10:30:22 CST 2013"	"340"	"0"	"0"	"340"	"Reviewable"	"NotReviewed"	"1 scales"	"600"	"60000"	"Mon Dec 23 10:30:22 CST 2013"	"S32482"	"Approved"	""	"""chocolate"""	"""target"""	"-1"	"-1"	"-1"	"-1"	"0"	"""To test comprehension of people"""	"0"	"0"	"""2"""	"1"	"0"	"""None"""	"1"	"""1"""	"""sundae"""	"""left"""	"""TRUE"""	"-1"	"""TRUE"""	"-1"	"-1"	"0"
"What is he talking about? (1-2 mins)"	"Short and fun! A 1-2 minute word game about what someone is talking about."	"experiment, psychology, game"	"$0.20"	"Mon Dec 16 10:30:22 CST 2013"	"340"	"0"	"0"	"340"	"Reviewable"	"NotReviewed"	"1 scales"	"600"	"60000"	"Mon Dec 23 10:30:22 CST 2013"	"S80260"	"Approved"	""	"""sail"""	"""target"""	"-1"	"-1"	"-1"	"-1"	"0"	"""communication and understanding"""	"0"	"0"	"""2"""	"1"	"0"	""""""	"1"	"""3"""	"""boat"""	"""right"""	"""TRUE"""	"-1"	"""TRUE"""	"-1"	"-1"	"0"
"What is he talking about? (1-2 mins)"	"Short and fun! A 1-2 minute word game about what someone is talking about."	"experiment, psychology, game"	"$0.20"	"Mon Dec 16 10:30:22 CST 2013"	"340"	"0"	"0"	"340"	"Reviewable"	"NotReviewed"	"1 scales"	"600"	"60000"	"Mon Dec 23 10:30:22 CST 2013"	"S53286"	"Approved"	""	"""glasses"""	"""target"""	"-1"	"-1"	"-1"	"-1"	"0"	"""who you associate with words"""	"0"	"0"	"""2"""	"1"	"0"	""""""	"1"	"""1"""	"""friend"""	"""left"""	"""FALSE"""	"-1"	"""TRUE"""	"-1"	"-1"	"0"
"What is he talking about? (1-2 mins)"	"Short and fun! A 1-2 minute word game about what someone is talking about."	"experiment, psychology, game"	"$0.20"	"Mon Dec 16 10:30:22 CST 2013"	"340"	"0"	"0"	"340"	"Reviewable"	"NotReviewed"	"1 scales"	"600"	"60000"	"Mon Dec 23 10:30:22 CST 2013"	"S20201"	"Approved"	""	"""olives"""	"""target"""	"-1"	"-1"	"-1"	"-1"	"0"	"""Pizzas and their toppings; what pizza Bob wanted. """	"0"	"0"	"""2"""	"1"	"0"	""""""	"1"	"""1"""	"""pizza"""	"""left"""	"""TRUE"""	"-1"	"""TRUE"""	"-1"	"-1"	"0"
"What is he talking about? (1-2 mins)"	"Short and fun! A 1-2 minute word game about what someone is talking about."	"experiment, psychology, game"	"$0.20"	"Mon Dec 16 10:30:22 CST 2013"	"340"	"0"	"0"	"340"	"Reviewable"	"NotReviewed"	"1 scales"	"600"	"60000"	"Mon Dec 23 10:30:22 CST 2013"	"S11228"	"Approved"	""	"""scarf"""	"""target"""	"-1"	"-1"	"-1"	"-1"	"0"	"""Identifying snowmen Bob created"""	"0"	"0"	"""2"""	"1"	"0"	""""""	"1"	"""1"""	"""snowman"""	"""right"""	"""TRUE"""	"-1"	"""TRUE"""	"-1"	"-1"	"0"
"What is he talking about? (1-2 mins)"	"Short and fun! A 1-2 minute word game about what someone is talking about."	"experiment, psychology, game"	"$0.20"	"Mon Dec 16 10:30:22 CST 2013"	"340"	"0"	"0"	"340"	"Reviewable"	"NotReviewed"	"1 scales"	"600"	"60000"	"Mon Dec 23 10:30:22 CST 2013"	"S80467"	"Approved"	""	"""chocolate"""	"""target"""	"-1"	"-1"	"-1"	"-1"	"0"	"""When Bob eats Sundaes"""	"0"	"0"	"""2"""	"1"	"0"	"""Bob eats sundaes on Fridays"""	"1"	"""1"""	"""sundae"""	"""left"""	"""TRUE"""	"-1"	"""TRUE"""	"-1"	"-1"	"0"
"What is he talking about? (1-2 mins)"	"Short and fun! A 1-2 minute word game about what someone is talking about."	"experiment, psychology, game"	"$0.20"	"Mon Dec 16 10:30:22 CST 2013"	"340"	"0"	"0"	"340"	"Reviewable"	"NotReviewed"	"1 scales"	"600"	"60000"	"Mon Dec 23 10:30:22 CST 2013"	"S33146"	"Approved"	""	"""star"""	"""target"""	"-1"	"-1"	"-1"	"-1"	"0"	"""Bob trimming a tree, and saying one word to best describe the tree he was thinking about."""	"0"	"0"	"""2"""	"1"	"0"	"""None, thank you!"""	"1"	"""1"""	"""Christmas tree"""	"""right"""	"""TRUE"""	"-1"	"""TRUE"""	"-1"	"-1"	"0"
"What is he talking about? (1-2 mins)"	"Short and fun! A 1-2 minute word game about what someone is talking about."	"experiment, psychology, game"	"$0.20"	"Mon Dec 16 10:30:22 CST 2013"	"340"	"0"	"0"	"340"	"Reviewable"	"NotReviewed"	"1 scales"	"600"	"60000"	"Mon Dec 23 10:30:22 CST 2013"	"S22796"	"Approved"	""	"""ornaments"""	"""target"""	"-1"	"-1"	"-1"	"-1"	"0"	"""Which tree bob was talking about."""	"0"	"0"	"""2"""	"1"	"0"	""""""	"1"	"""1"""	"""Christmas tree"""	"""right"""	"""TRUE"""	"-1"	"""TRUE"""	"-1"	"-1"	"0"
"What is he talking about? (1-2 mins)"	"Short and fun! A 1-2 minute word game about what someone is talking about."	"experiment, psychology, game"	"$0.20"	"Mon Dec 16 10:30:22 CST 2013"	"340"	"0"	"0"	"340"	"Reviewable"	"NotReviewed"	"1 scales"	"600"	"60000"	"Mon Dec 23 10:30:22 CST 2013"	"S43729"	"Approved"	""	"""hat"""	"""target"""	"-1"	"-1"	"-1"	"-1"	"0"	"""Who is Bob talking about."""	"0"	"0"	"""2"""	"1"	"0"	""""""	"1"	"""1"""	"""friend"""	"""right"""	"""TRUE"""	"-1"	"""TRUE"""	"-1"	"-1"	"0"
"What is he talking about? (1-2 mins)"	"Short and fun! A 1-2 minute word game about what someone is talking about."	"experiment, psychology, game"	"$0.20"	"Mon Dec 16 10:30:22 CST 2013"	"340"	"0"	"0"	"340"	"Reviewable"	"NotReviewed"	"1 scales"	"600"	"60000"	"Mon Dec 23 10:30:22 CST 2013"	"S94294"	"Approved"	""	"""whipped cream"""	"""target"""	"-1"	"-1"	"-1"	"-1"	"0"	"""Bob's sundae"""	"0"	"0"	"""2"""	"1"	"0"	""""""	"1"	"""1"""	"""sundae"""	"""middle"""	"""TRUE"""	"-1"	"""TRUE"""	"-1"	"-1"	"0"
"What is he talking about? (1-2 mins)"	"Short and fun! A 1-2 minute word game about what someone is talking about."	"experiment, psychology, game"	"$0.20"	"Mon Dec 16 10:30:22 CST 2013"	"340"	"0"	"0"	"340"	"Reviewable"	"NotReviewed"	"1 scales"	"600"	"60000"	"Mon Dec 23 10:30:22 CST 2013"	"S86809"	"Approved"	""	"""lights"""	"""target"""	"-1"	"-1"	"-1"	"-1"	"0"	"""It was about Christmas trees and words."""	"0"	"0"	"""2"""	"1"	"0"	""""""	"1"	"""1"""	"""Christmas tree"""	"""left"""	"""TRUE"""	"-1"	"""TRUE"""	"-1"	"-1"	"0"
"What is he talking about? (1-2 mins)"	"Short and fun! A 1-2 minute word game about what someone is talking about."	"experiment, psychology, game"	"$0.20"	"Mon Dec 16 10:30:22 CST 2013"	"340"	"0"	"0"	"340"	"Reviewable"	"NotReviewed"	"1 scales"	"600"	"60000"	"Mon Dec 23 10:30:22 CST 2013"	"S84531"	"Approved"	""	"""cherry"""	"""target"""	"-1"	"-1"	"-1"	"-1"	"0"	"""Sundaes"""	"0"	"0"	"""2"""	"1"	"0"	""""""	"1"	"""1"""	"""sundae"""	"""right"""	"""TRUE"""	"-1"	"""TRUE"""	"-1"	"-1"	"0"
"What is he talking about? (1-2 mins)"	"Short and fun! A 1-2 minute word game about what someone is talking about."	"experiment, psychology, game"	"$0.20"	"Mon Dec 16 10:30:22 CST 2013"	"340"	"0"	"0"	"340"	"Reviewable"	"NotReviewed"	"1 scales"	"600"	"60000"	"Mon Dec 23 10:30:22 CST 2013"	"S89237"	"Approved"	""	"""sail"""	"""logical"""	"-1"	"-1"	"-1"	"-1"	"0"	"""about bob renting a boat"""	"0"	"0"	"""2"""	"1"	"0"	""""""	"1"	"""1"""	"""boat"""	"""right"""	"""TRUE"""	"-1"	"""FALSE"""	"-1"	"-1"	"0"
"What is he talking about? (1-2 mins)"	"Short and fun! A 1-2 minute word game about what someone is talking about."	"experiment, psychology, game"	"$0.20"	"Mon Dec 16 10:30:22 CST 2013"	"340"	"0"	"0"	"340"	"Reviewable"	"NotReviewed"	"1 scales"	"600"	"60000"	"Mon Dec 23 10:30:22 CST 2013"	"S64179"	"Approved"	""	"""mustache"""	"""target"""	"-1"	"-1"	"-1"	"-1"	"0"	"""How Bob communicates based on his language"""	"0"	"0"	"""2"""	"1"	"0"	"""none"""	"1"	"""1"""	"""friend"""	"""middle"""	"""TRUE"""	"-1"	"""TRUE"""	"-1"	"-1"	"0"
"What is he talking about? (1-2 mins)"	"Short and fun! A 1-2 minute word game about what someone is talking about."	"experiment, psychology, game"	"$0.20"	"Mon Dec 16 10:30:22 CST 2013"	"340"	"0"	"0"	"340"	"Reviewable"	"NotReviewed"	"1 scales"	"600"	"60000"	"Mon Dec 23 10:30:22 CST 2013"	"S04680"	"Approved"	""	"""star"""	"""target"""	"-1"	"-1"	"-1"	"-1"	"0"	"""what was bob talking about."""	"0"	"0"	"""2"""	"1"	"0"	"""no thank you"""	"1"	"""1"""	"""Christmas tree"""	"""middle"""	"""TRUE"""	"-1"	"""TRUE"""	"-1"	"-1"	"0"
"What is he talking about? (1-2 mins)"	"Short and fun! A 1-2 minute word game about what someone is talking about."	"experiment, psychology, game"	"$0.20"	"Mon Dec 16 10:30:22 CST 2013"	"340"	"0"	"0"	"340"	"Reviewable"	"NotReviewed"	"1 scales"	"600"	"60000"	"Mon Dec 23 10:30:22 CST 2013"	"S65323"	"Approved"	""	"""hat"""	"""target"""	"-1"	"-1"	"-1"	"-1"	"0"	"""This survey was about guessing what people were talking about"""	"0"	"0"	"""2"""	"1"	"0"	"""Thank you!"""	"1"	"""1"""	"""snowman"""	"""right"""	"""TRUE"""	"-1"	"""TRUE"""	"-1"	"-1"	"0"
"What is he talking about? (1-2 mins)"	"Short and fun! A 1-2 minute word game about what someone is talking about."	"experiment, psychology, game"	"$0.20"	"Mon Dec 16 10:30:22 CST 2013"	"340"	"0"	"0"	"340"	"Reviewable"	"NotReviewed"	"1 scales"	"600"	"60000"	"Mon Dec 23 10:30:22 CST 2013"	"S36327"	"Approved"	""	"""whipped cream"""	"""target"""	"-1"	"-1"	"-1"	"-1"	"0"	"""What people are talking about."""	"0"	"0"	"""2"""	"1"	"0"	""""""	"1"	"""1"""	"""sundae"""	"""middle"""	"""TRUE"""	"-1"	"""TRUE"""	"-1"	"-1"	"0"
"What is he talking about? (1-2 mins)"	"Short and fun! A 1-2 minute word game about what someone is talking about."	"experiment, psychology, game"	"$0.20"	"Mon Dec 16 10:30:22 CST 2013"	"340"	"0"	"0"	"340"	"Reviewable"	"NotReviewed"	"1 scales"	"600"	"60000"	"Mon Dec 23 10:30:22 CST 2013"	"S90564"	"Approved"	""	"""whipped cream"""	"""target"""	"-1"	"-1"	"-1"	"-1"	"0"	"""Bob and three sundaes"""	"0"	"0"	"""2"""	"1"	"0"	"""?"""	"1"	"""1"""	"""sundae"""	"""left"""	"""TRUE"""	"-1"	"""TRUE"""	"-1"	"-1"	"0"
"What is he talking about? (1-2 mins)"	"Short and fun! A 1-2 minute word game about what someone is talking about."	"experiment, psychology, game"	"$0.20"	"Mon Dec 16 10:30:22 CST 2013"	"340"	"0"	"0"	"340"	"Reviewable"	"NotReviewed"	"1 scales"	"600"	"60000"	"Mon Dec 23 10:30:22 CST 2013"	"S40320"	"Approved"	""	"""mustache"""	"""target"""	"-1"	"-1"	"-1"	"-1"	"0"	"""guessing who Bob was talking about with a one-word description"""	"0"	"0"	"""2"""	"1"	"0"	"""Nope!"""	"1"	"""1"""	"""friend"""	"""middle"""	"""TRUE"""	"-1"	"""TRUE"""	"-1"	"-1"	"0"
"What is he talking about? (1-2 mins)"	"Short and fun! A 1-2 minute word game about what someone is talking about."	"experiment, psychology, game"	"$0.20"	"Mon Dec 16 10:30:22 CST 2013"	"340"	"0"	"0"	"340"	"Reviewable"	"NotReviewed"	"1 scales"	"600"	"60000"	"Mon Dec 23 10:30:22 CST 2013"	"S00329"	"Approved"	""	"""mittens"""	"""logical"""	"-1"	"-1"	"-1"	"-1"	"0"	"""Decide which snowman Bob made with only one clue"""	"0"	"0"	"""2"""	"1"	"0"	""""""	"1"	"""1"""	"""snowman"""	"""middle"""	"""TRUE"""	"-1"	"""FALSE"""	"-1"	"-1"	"0"
"What is he talking about? (1-2 mins)"	"Short and fun! A 1-2 minute word game about what someone is talking about."	"experiment, psychology, game"	"$0.20"	"Mon Dec 16 10:30:22 CST 2013"	"340"	"0"	"0"	"340"	"Reviewable"	"NotReviewed"	"1 scales"	"600"	"60000"	"Mon Dec 23 10:30:22 CST 2013"	"S73009"	"Approved"	""	"""peppers"""	"""logical"""	"-1"	"-1"	"-1"	"-1"	"0"	"""learning what people mean"""	"0"	"0"	"""1"""	"1"	"0"	""""""	"1"	"""2"""	"""pizza"""	"""right"""	"""TRUE"""	"-1"	"""FALSE"""	"-1"	"-1"	"0"
"What is he talking about? (1-2 mins)"	"Short and fun! A 1-2 minute word game about what someone is talking about."	"experiment, psychology, game"	"$0.20"	"Mon Dec 16 10:30:22 CST 2013"	"340"	"0"	"0"	"340"	"Reviewable"	"NotReviewed"	"1 scales"	"600"	"60000"	"Mon Dec 23 10:30:22 CST 2013"	"S73281"	"Approved"	""	"""olives"""	"""target"""	"-1"	"-1"	"-1"	"-1"	"0"	"""Pizza"""	"0"	"0"	"""2"""	"1"	"0"	""""""	"1"	"""1"""	"""pizza"""	"""left"""	"""TRUE"""	"-1"	"""TRUE"""	"-1"	"-1"	"0"
"What is he talking about? (1-2 mins)"	"Short and fun! A 1-2 minute word game about what someone is talking about."	"experiment, psychology, game"	"$0.20"	"Mon Dec 16 10:30:22 CST 2013"	"340"	"0"	"0"	"340"	"Reviewable"	"NotReviewed"	"1 scales"	"600"	"60000"	"Mon Dec 23 10:30:22 CST 2013"	"S26605"	"Approved"	""	"""motor"""	"""target"""	"-1"	"-1"	"-1"	"-1"	"0"	"""Figuring out which boat bob was referring to"""	"0"	"0"	"""2"""	"1"	"0"	"""no"""	"1"	"""1"""	"""boat"""	"""middle"""	"""TRUE"""	"-1"	"""TRUE"""	"-1"	"-1"	"0"
"What is he talking about? (1-2 mins)"	"Short and fun! A 1-2 minute word game about what someone is talking about."	"experiment, psychology, game"	"$0.20"	"Mon Dec 16 10:30:22 CST 2013"	"340"	"0"	"0"	"340"	"Reviewable"	"NotReviewed"	"1 scales"	"600"	"60000"	"Mon Dec 23 10:30:22 CST 2013"	"S86167"	"Approved"	""	"""peppers"""	"""target"""	"-1"	"-1"	"-1"	"-1"	"0"	"""Understanding someone on limited verbal cues."""	"0"	"0"	"""2"""	"1"	"0"	"""N/A"""	"1"	"""1"""	"""pizza"""	"""left"""	"""TRUE"""	"-1"	"""TRUE"""	"-1"	"-1"	"0"
"What is he talking about? (1-2 mins)"	"Short and fun! A 1-2 minute word game about what someone is talking about."	"experiment, psychology, game"	"$0.20"	"Mon Dec 16 10:30:22 CST 2013"	"340"	"0"	"0"	"340"	"Reviewable"	"NotReviewed"	"1 scales"	"600"	"60000"	"Mon Dec 23 10:30:22 CST 2013"	"S93051"	"Approved"	""	"""motor"""	"""target"""	"-1"	"-1"	"-1"	"-1"	"0"	"""Guessing what Bob would say as an identifier word"""	"0"	"0"	"""2"""	"1"	"0"	""""""	"1"	"""1"""	"""boat"""	"""middle"""	"""TRUE"""	"-1"	"""TRUE"""	"-1"	"-1"	"0"
"What is he talking about? (1-2 mins)"	"Short and fun! A 1-2 minute word game about what someone is talking about."	"experiment, psychology, game"	"$0.20"	"Mon Dec 16 10:30:22 CST 2013"	"340"	"0"	"0"	"340"	"Reviewable"	"NotReviewed"	"1 scales"	"600"	"60000"	"Mon Dec 23 10:30:22 CST 2013"	"S08325"	"Approved"	""	"""mushrooms"""	"""target"""	"-1"	"-1"	"-1"	"-1"	"0"	"""Choosing Pizzas"""	"0"	"0"	"""2"""	"1"	"0"	""""""	"1"	"""1"""	"""pizza"""	"""left"""	"""FALSE"""	"-1"	"""TRUE"""	"-1"	"-1"	"0"
"What is he talking about? (1-2 mins)"	"Short and fun! A 1-2 minute word game about what someone is talking about."	"experiment, psychology, game"	"$0.20"	"Mon Dec 16 10:30:22 CST 2013"	"340"	"0"	"0"	"340"	"Reviewable"	"NotReviewed"	"1 scales"	"600"	"60000"	"Mon Dec 23 10:30:22 CST 2013"	"S25416"	"Approved"	""	"""hat"""	"""target"""	"-1"	"-1"	"-1"	"-1"	"0"	"""Bob's friends."""	"0"	"0"	"""2"""	"1"	"0"	""""""	"1"	"""1"""	"""friend"""	"""left"""	"""TRUE"""	"-1"	"""TRUE"""	"-1"	"-1"	"0"
"What is he talking about? (1-2 mins)"	"Short and fun! A 1-2 minute word game about what someone is talking about."	"experiment, psychology, game"	"$0.20"	"Mon Dec 16 10:30:22 CST 2013"	"340"	"0"	"0"	"340"	"Reviewable"	"NotReviewed"	"1 scales"	"600"	"60000"	"Mon Dec 23 10:30:22 CST 2013"	"S06449"	"Approved"	""	"""lights"""	"""target"""	"-1"	"-1"	"-1"	"-1"	"0"	"""Christmas Trees"""	"0"	"0"	"""2"""	"1"	"0"	""""""	"1"	"""1"""	"""Christmas tree"""	"""left"""	"""TRUE"""	"-1"	"""TRUE"""	"-1"	"-1"	"0"
"What is he talking about? (1-2 mins)"	"Short and fun! A 1-2 minute word game about what someone is talking about."	"experiment, psychology, game"	"$0.20"	"Mon Dec 16 10:30:22 CST 2013"	"340"	"0"	"0"	"340"	"Reviewable"	"NotReviewed"	"1 scales"	"600"	"60000"	"Mon Dec 23 10:30:22 CST 2013"	"S41430"	"Approved"	""	"""cherry"""	"""target"""	"-1"	"-1"	"-1"	"-1"	"0"	"""Decision making based on certain context."""	"0"	"0"	"""2"""	"1"	"0"	""""""	"1"	"""1"""	"""sundae"""	"""left"""	"""TRUE"""	"-1"	"""TRUE"""	"-1"	"-1"	"0"
"What is he talking about? (1-2 mins)"	"Short and fun! A 1-2 minute word game about what someone is talking about."	"experiment, psychology, game"	"$0.20"	"Mon Dec 16 10:30:22 CST 2013"	"340"	"0"	"0"	"340"	"Reviewable"	"NotReviewed"	"1 scales"	"600"	"60000"	"Mon Dec 23 10:30:22 CST 2013"	"S28849"	"Approved"	""	"""cherry"""	"""target"""	"-1"	"-1"	"-1"	"-1"	"0"	"""Perceptions"""	"0"	"0"	"""2"""	"1"	"0"	""""""	"1"	"""1"""	"""sundae"""	"""left"""	"""TRUE"""	"-1"	"""TRUE"""	"-1"	"-1"	"0"
"What is he talking about? (1-2 mins)"	"Short and fun! A 1-2 minute word game about what someone is talking about."	"experiment, psychology, game"	"$0.20"	"Mon Dec 16 10:30:22 CST 2013"	"340"	"0"	"0"	"340"	"Reviewable"	"NotReviewed"	"1 scales"	"600"	"60000"	"Mon Dec 23 10:30:22 CST 2013"	"S70819"	"Approved"	""	"""ornaments"""	"""logical"""	"-1"	"-1"	"-1"	"-1"	"0"	"""Communication"""	"0"	"0"	"""2"""	"1"	"0"	""""""	"1"	"""1"""	"""Christmas tree"""	"""left"""	"""TRUE"""	"-1"	"""FALSE"""	"-1"	"-1"	"0"
"What is he talking about? (1-2 mins)"	"Short and fun! A 1-2 minute word game about what someone is talking about."	"experiment, psychology, game"	"$0.20"	"Mon Dec 16 10:30:22 CST 2013"	"340"	"0"	"0"	"340"	"Reviewable"	"NotReviewed"	"1 scales"	"600"	"60000"	"Mon Dec 23 10:30:22 CST 2013"	"S31062"	"Approved"	""	"""ornaments"""	"""target"""	"-1"	"-1"	"-1"	"-1"	"0"	"""communication"""	"0"	"0"	"""2"""	"1"	"0"	""""""	"1"	"""1"""	"""Christmas tree"""	"""right"""	"""TRUE"""	"-1"	"""TRUE"""	"-1"	"-1"	"0"
"What is he talking about? (1-2 mins)"	"Short and fun! A 1-2 minute word game about what someone is talking about."	"experiment, psychology, game"	"$0.20"	"Mon Dec 16 10:30:22 CST 2013"	"340"	"0"	"0"	"340"	"Reviewable"	"NotReviewed"	"1 scales"	"600"	"60000"	"Mon Dec 23 10:30:22 CST 2013"	"S76161"	"Approved"	""	"""whipped cream"""	"""target"""	"-1"	"-1"	"-1"	"-1"	"0"	"""communication"""	"0"	"0"	"""2"""	"1"	"0"	""""""	"1"	"""1"""	"""sundae"""	"""middle"""	"""TRUE"""	"-1"	"""TRUE"""	"-1"	"-1"	"0"
"What is he talking about? (1-2 mins)"	"Short and fun! A 1-2 minute word game about what someone is talking about."	"experiment, psychology, game"	"$0.20"	"Mon Dec 16 10:30:22 CST 2013"	"340"	"0"	"0"	"340"	"Reviewable"	"NotReviewed"	"1 scales"	"600"	"60000"	"Mon Dec 23 10:30:22 CST 2013"	"S83156"	"Approved"	""	"""mustache"""	"""target"""	"-1"	"-1"	"-1"	"-1"	"0"	"""Identifying Faces"""	"0"	"0"	"""2"""	"1"	"0"	""""""	"1"	"""1"""	"""friend"""	"""left"""	"""TRUE"""	"-1"	"""TRUE"""	"-1"	"-1"	"0"
"What is he talking about? (1-2 mins)"	"Short and fun! A 1-2 minute word game about what someone is talking about."	"experiment, psychology, game"	"$0.20"	"Mon Dec 16 10:30:22 CST 2013"	"340"	"0"	"0"	"340"	"Reviewable"	"NotReviewed"	"1 scales"	"600"	"60000"	"Mon Dec 23 10:30:22 CST 2013"	"S92245"	"Approved"	""	"""sail"""	"""target"""	"-1"	"-1"	"-1"	"-1"	"0"	"""Bob and his boats."""	"0"	"0"	"""2"""	"1"	"0"	"""Fun survey!"""	"1"	"""1"""	"""boat"""	"""middle"""	"""TRUE"""	"-1"	"""TRUE"""	"-1"	"-1"	"0"
"What is he talking about? (1-2 mins)"	"Short and fun! A 1-2 minute word game about what someone is talking about."	"experiment, psychology, game"	"$0.20"	"Mon Dec 16 10:30:22 CST 2013"	"340"	"0"	"0"	"340"	"Reviewable"	"NotReviewed"	"1 scales"	"600"	"60000"	"Mon Dec 23 10:30:22 CST 2013"	"S63765"	"Approved"	""	"""hat"""	"""target"""	"-1"	"-1"	"-1"	"-1"	"0"	"""What we perceive as word."""	"0"	"0"	"""2"""	"1"	"0"	""""""	"1"	"""1"""	"""snowman"""	"""middle"""	"""TRUE"""	"-1"	"""TRUE"""	"-1"	"-1"	"0"
"What is he talking about? (1-2 mins)"	"Short and fun! A 1-2 minute word game about what someone is talking about."	"experiment, psychology, game"	"$0.20"	"Mon Dec 16 10:30:22 CST 2013"	"340"	"0"	"0"	"340"	"Reviewable"	"NotReviewed"	"1 scales"	"600"	"60000"	"Mon Dec 23 10:30:22 CST 2013"	"S73507"	"Approved"	""	"""peppers"""	"""target"""	"-1"	"-1"	"-1"	"-1"	"0"	"""Figuring out what bob was talking about"""	"0"	"0"	"""2"""	"1"	"0"	"""no"""	"1"	"""1"""	"""pizza"""	"""middle"""	"""TRUE"""	"-1"	"""TRUE"""	"-1"	"-1"	"0"
"What is he talking about? (1-2 mins)"	"Short and fun! A 1-2 minute word game about what someone is talking about."	"experiment, psychology, game"	"$0.20"	"Mon Dec 16 10:30:22 CST 2013"	"340"	"0"	"0"	"340"	"Reviewable"	"NotReviewed"	"1 scales"	"600"	"60000"	"Mon Dec 23 10:30:22 CST 2013"	"S24029"	"Approved"	""	"""star"""	"""target"""	"-1"	"-1"	"-1"	"-1"	"0"	"""comprehension"""	"0"	"0"	"""1"""	"1"	"0"	"""no"""	"1"	"""1"""	"""Christmas tree"""	"""middle"""	"""TRUE"""	"-1"	"""TRUE"""	"-1"	"-1"	"0"
"What is he talking about? (1-2 mins)"	"Short and fun! A 1-2 minute word game about what someone is talking about."	"experiment, psychology, game"	"$0.20"	"Mon Dec 16 10:30:22 CST 2013"	"340"	"0"	"0"	"340"	"Reviewable"	"NotReviewed"	"1 scales"	"600"	"60000"	"Mon Dec 23 10:30:22 CST 2013"	"S80284"	"Approved"	""	"""glasses"""	"""target"""	"-1"	"-1"	"-1"	"-1"	"0"	"""Bob's friends"""	"0"	"0"	"""2"""	"1"	"0"	""""""	"1"	"""1"""	"""friend"""	"""left"""	"""TRUE"""	"-1"	"""TRUE"""	"-1"	"-1"	"0"
"What is he talking about? (1-2 mins)"	"Short and fun! A 1-2 minute word game about what someone is talking about."	"experiment, psychology, game"	"$0.20"	"Mon Dec 16 10:30:22 CST 2013"	"340"	"0"	"0"	"340"	"Reviewable"	"NotReviewed"	"1 scales"	"600"	"60000"	"Mon Dec 23 10:30:22 CST 2013"	"S47900"	"Approved"	""	"""star"""	"""logical"""	"-1"	"-1"	"-1"	"-1"	"0"	"""what was Bob talking about"""	"0"	"0"	"""2"""	"1"	"0"	""""""	"1"	"""1"""	"""Christmas tree"""	"""middle"""	"""TRUE"""	"-1"	"""FALSE"""	"-1"	"-1"	"0"
"What is he talking about? (1-2 mins)"	"Short and fun! A 1-2 minute word game about what someone is talking about."	"experiment, psychology, game"	"$0.20"	"Mon Dec 16 10:30:22 CST 2013"	"340"	"0"	"0"	"340"	"Reviewable"	"NotReviewed"	"1 scales"	"600"	"60000"	"Mon Dec 23 10:30:22 CST 2013"	"S26741"	"Approved"	""	"""motor"""	"""target"""	"-1"	"-1"	"-1"	"-1"	"0"	"""Picking motors!"""	"0"	"0"	"""2"""	"1"	"0"	""""""	"1"	"""1"""	"""boat"""	"""left"""	"""TRUE"""	"-1"	"""TRUE"""	"-1"	"-1"	"0"
"What is he talking about? (1-2 mins)"	"Short and fun! A 1-2 minute word game about what someone is talking about."	"experiment, psychology, game"	"$0.20"	"Mon Dec 16 10:30:22 CST 2013"	"340"	"0"	"0"	"340"	"Reviewable"	"NotReviewed"	"1 scales"	"600"	"60000"	"Mon Dec 23 10:30:22 CST 2013"	"S71495"	"Approved"	""	"""sail"""	"""target"""	"-1"	"-1"	"-1"	"-1"	"0"	"""What is bob conveying with his word ."""	"0"	"0"	"""2"""	"1"	"0"	"""Thanks!"""	"1"	"""1"""	"""boat"""	"""left"""	"""TRUE"""	"-1"	"""TRUE"""	"-1"	"-1"	"0"
"What is he talking about? (1-2 mins)"	"Short and fun! A 1-2 minute word game about what someone is talking about."	"experiment, psychology, game"	"$0.20"	"Mon Dec 16 10:30:22 CST 2013"	"340"	"0"	"0"	"340"	"Reviewable"	"NotReviewed"	"1 scales"	"600"	"60000"	"Mon Dec 23 10:30:22 CST 2013"	"S47037"	"Approved"	""	"""star"""	"""target"""	"-1"	"-1"	"-1"	"-1"	"0"	"""How you view what someone is talking about when hearing them say one word."""	"0"	"0"	"""2"""	"1"	"0"	""""""	"1"	"""1"""	"""Christmas tree"""	"""right"""	"""TRUE"""	"-1"	"""TRUE"""	"-1"	"-1"	"0"
"What is he talking about? (1-2 mins)"	"Short and fun! A 1-2 minute word game about what someone is talking about."	"experiment, psychology, game"	"$0.20"	"Mon Dec 16 10:30:22 CST 2013"	"340"	"0"	"0"	"340"	"Reviewable"	"NotReviewed"	"1 scales"	"600"	"60000"	"Mon Dec 23 10:30:22 CST 2013"	"S11576"	"Approved"	""	"""glasses"""	"""target"""	"-1"	"-1"	"-1"	"-1"	"0"	"""Interpreting from limited input"""	"0"	"0"	"""2"""	"1"	"0"	""""""	"1"	"""1"""	"""friend"""	"""left"""	"""TRUE"""	"-1"	"""TRUE"""	"-1"	"-1"	"0"
"What is he talking about? (1-2 mins)"	"Short and fun! A 1-2 minute word game about what someone is talking about."	"experiment, psychology, game"	"$0.20"	"Mon Dec 16 10:30:22 CST 2013"	"340"	"0"	"0"	"340"	"Reviewable"	"NotReviewed"	"1 scales"	"600"	"60000"	"Mon Dec 23 10:30:22 CST 2013"	"S37129"	"Approved"	""	"""chocolate"""	"""target"""	"-1"	"-1"	"-1"	"-1"	"0"	"""sundaes, chocolate sauce, and one word communication of a person wanting a sundae"""	"0"	"0"	"""2"""	"1"	"0"	""""""	"1"	"""1"""	"""sundae"""	"""right"""	"""TRUE"""	"-1"	"""TRUE"""	"-1"	"-1"	"0"
"What is he talking about? (1-2 mins)"	"Short and fun! A 1-2 minute word game about what someone is talking about."	"experiment, psychology, game"	"$0.20"	"Mon Dec 16 10:30:22 CST 2013"	"340"	"0"	"0"	"340"	"Reviewable"	"NotReviewed"	"1 scales"	"600"	"60000"	"Mon Dec 23 10:30:22 CST 2013"	"S13184"	"Approved"	""	"""lights"""	"""target"""	"-1"	"-1"	"-1"	"-1"	"0"	"""Christmas Trees"""	"0"	"0"	"""2"""	"1"	"0"	""""""	"1"	"""1"""	"""Christmas tree"""	"""middle"""	"""TRUE"""	"-1"	"""TRUE"""	"-1"	"-1"	"0"
"What is he talking about? (1-2 mins)"	"Short and fun! A 1-2 minute word game about what someone is talking about."	"experiment, psychology, game"	"$0.20"	"Mon Dec 16 10:30:22 CST 2013"	"340"	"0"	"0"	"340"	"Reviewable"	"NotReviewed"	"1 scales"	"600"	"60000"	"Mon Dec 23 10:30:22 CST 2013"	"S25893"	"Approved"	""	"""ornaments"""	"""target"""	"-1"	"-1"	"-1"	"-1"	"0"	"""interpreting ambiguous language"""	"0"	"0"	"""2"""	"1"	"0"	""""""	"1"	"""1"""	"""Christmas tree"""	"""middle"""	"""TRUE"""	"-1"	"""TRUE"""	"-1"	"-1"	"0"
"What is he talking about? (1-2 mins)"	"Short and fun! A 1-2 minute word game about what someone is talking about."	"experiment, psychology, game"	"$0.20"	"Mon Dec 16 10:30:22 CST 2013"	"340"	"0"	"0"	"340"	"Reviewable"	"NotReviewed"	"1 scales"	"600"	"60000"	"Mon Dec 23 10:30:22 CST 2013"	"S99642"	"Approved"	""	"""hat"""	"""logical"""	"-1"	"-1"	"-1"	"-1"	"0"	"""snowmen"""	"0"	"0"	"""2"""	"1"	"0"	""""""	"1"	"""1"""	"""snowman"""	"""middle"""	"""TRUE"""	"-1"	"""FALSE"""	"-1"	"-1"	"0"
"What is he talking about? (1-2 mins)"	"Short and fun! A 1-2 minute word game about what someone is talking about."	"experiment, psychology, game"	"$0.20"	"Mon Dec 16 10:30:22 CST 2013"	"340"	"0"	"0"	"340"	"Reviewable"	"NotReviewed"	"1 scales"	"600"	"60000"	"Mon Dec 23 10:30:22 CST 2013"	"S09758"	"Approved"	""	"""hat"""	"""target"""	"-1"	"-1"	"-1"	"-1"	"0"	"""Hats? I have no idea."""	"0"	"0"	"""2"""	"1"	"0"	""""""	"1"	"""1"""	"""friend"""	"""right"""	"""TRUE"""	"-1"	"""TRUE"""	"-1"	"-1"	"0"
"What is he talking about? (1-2 mins)"	"Short and fun! A 1-2 minute word game about what someone is talking about."	"experiment, psychology, game"	"$0.20"	"Mon Dec 16 10:30:22 CST 2013"	"340"	"0"	"0"	"340"	"Reviewable"	"NotReviewed"	"1 scales"	"600"	"60000"	"Mon Dec 23 10:30:22 CST 2013"	"S49751"	"Approved"	""	"""scarf"""	"""target"""	"-1"	"-1"	"-1"	"-1"	"0"	"""scarfs and snowmen, do we pick the one with the hat or no"""	"0"	"0"	"""2"""	"1"	"0"	""""""	"1"	"""1"""	"""snowman"""	"""right"""	"""TRUE"""	"-1"	"""TRUE"""	"-1"	"-1"	"0"
"What is he talking about? (1-2 mins)"	"Short and fun! A 1-2 minute word game about what someone is talking about."	"experiment, psychology, game"	"$0.20"	"Mon Dec 16 10:30:22 CST 2013"	"340"	"0"	"0"	"340"	"Reviewable"	"NotReviewed"	"1 scales"	"600"	"60000"	"Mon Dec 23 10:30:22 CST 2013"	"S82367"	"Approved"	""	"""hat"""	"""target"""	"-1"	"-1"	"-1"	"-1"	"0"	"""Language comprehension"""	"0"	"0"	"""2"""	"1"	"0"	"""Fantastic!"""	"1"	"""1"""	"""snowman"""	"""middle"""	"""TRUE"""	"-1"	"""TRUE"""	"-1"	"-1"	"0"
"What is he talking about? (1-2 mins)"	"Short and fun! A 1-2 minute word game about what someone is talking about."	"experiment, psychology, game"	"$0.20"	"Mon Dec 16 10:30:22 CST 2013"	"340"	"0"	"0"	"340"	"Reviewable"	"NotReviewed"	"1 scales"	"600"	"60000"	"Mon Dec 23 10:30:22 CST 2013"	"S16104"	"Approved"	""	"""olives"""	"""foil"""	"-1"	"-1"	"-1"	"-1"	"0"	"""To see how people understand language."""	"0"	"0"	"""2"""	"1"	"0"	""""""	"1"	"""1"""	"""pizza"""	"""right"""	"""TRUE"""	"-1"	"""FALSE"""	"-1"	"-1"	"0"
"What is he talking about? (1-2 mins)"	"Short and fun! A 1-2 minute word game about what someone is talking about."	"experiment, psychology, game"	"$0.20"	"Mon Dec 16 10:30:22 CST 2013"	"340"	"0"	"0"	"340"	"Reviewable"	"NotReviewed"	"1 scales"	"600"	"60000"	"Mon Dec 23 10:30:22 CST 2013"	"S35757"	"Approved"	""	"""cabin"""	"""logical"""	"-1"	"-1"	"-1"	"-1"	"0"	"""About interpretting what people say"""	"0"	"0"	"""2"""	"1"	"0"	"""Thank You"""	"1"	"""1"""	"""boat"""	"""right"""	"""TRUE"""	"-1"	"""FALSE"""	"-1"	"-1"	"0"
"What is he talking about? (1-2 mins)"	"Short and fun! A 1-2 minute word game about what someone is talking about."	"experiment, psychology, game"	"$0.20"	"Mon Dec 16 10:30:22 CST 2013"	"340"	"0"	"0"	"340"	"Reviewable"	"NotReviewed"	"1 scales"	"600"	"60000"	"Mon Dec 23 10:30:22 CST 2013"	"S62028"	"Approved"	""	"""lights"""	"""target"""	"-1"	"-1"	"-1"	"-1"	"0"	"""Decision making and making connections with minimal information. """	"0"	"0"	"""2"""	"1"	"0"	"""Very interesting and different survey.  Thanks!!"""	"1"	"""1"""	"""Christmas tree"""	"""middle"""	"""TRUE"""	"-1"	"""TRUE"""	"-1"	"-1"	"0"
"What is he talking about? (1-2 mins)"	"Short and fun! A 1-2 minute word game about what someone is talking about."	"experiment, psychology, game"	"$0.20"	"Mon Dec 16 10:30:22 CST 2013"	"340"	"0"	"0"	"340"	"Reviewable"	"NotReviewed"	"1 scales"	"600"	"60000"	"Mon Dec 23 10:30:22 CST 2013"	"S88212"	"Approved"	""	"""hat"""	"""target"""	"-1"	"-1"	"-1"	"-1"	"0"	"""Picking based on vague description."""	"0"	"0"	"""2"""	"1"	"0"	""""""	"1"	"""1"""	"""friend"""	"""right"""	"""TRUE"""	"-1"	"""TRUE"""	"-1"	"-1"	"0"
"What is he talking about? (1-2 mins)"	"Short and fun! A 1-2 minute word game about what someone is talking about."	"experiment, psychology, game"	"$0.20"	"Mon Dec 16 10:30:22 CST 2013"	"340"	"0"	"0"	"340"	"Reviewable"	"NotReviewed"	"1 scales"	"600"	"60000"	"Mon Dec 23 10:30:22 CST 2013"	"S62421"	"Approved"	""	"""mushrooms"""	"""target"""	"-1"	"-1"	"-1"	"-1"	"0"	"""to study people's communication abilities/reasons"""	"0"	"0"	"""2"""	"1"	"0"	"""thanks!"""	"1"	"""1"""	"""pizza"""	"""left"""	"""TRUE"""	"-1"	"""TRUE"""	"-1"	"-1"	"0"
"What is he talking about? (1-2 mins)"	"Short and fun! A 1-2 minute word game about what someone is talking about."	"experiment, psychology, game"	"$0.20"	"Mon Dec 16 10:30:22 CST 2013"	"340"	"0"	"0"	"340"	"Reviewable"	"NotReviewed"	"1 scales"	"600"	"60000"	"Mon Dec 23 10:30:22 CST 2013"	"S90625"	"Approved"	""	"""lights"""	"""logical"""	"-1"	"-1"	"-1"	"-1"	"0"	"""Christmas Trees"""	"0"	"0"	"""2"""	"1"	"0"	"""nope =]"""	"1"	"""2"""	"""Christmas tree"""	"""right"""	"""TRUE"""	"-1"	"""FALSE"""	"-1"	"-1"	"0"
"What is he talking about? (1-2 mins)"	"Short and fun! A 1-2 minute word game about what someone is talking about."	"experiment, psychology, game"	"$0.20"	"Mon Dec 16 10:30:22 CST 2013"	"340"	"0"	"0"	"340"	"Reviewable"	"NotReviewed"	"1 scales"	"600"	"60000"	"Mon Dec 23 10:30:22 CST 2013"	"S84298"	"Approved"	""	"""mustache"""	"""target"""	"-1"	"-1"	"-1"	"-1"	"0"	"""words"""	"0"	"0"	"""2"""	"1"	"0"	""""""	"1"	"""1"""	"""friend"""	"""right"""	"""TRUE"""	"-1"	"""TRUE"""	"-1"	"-1"	"0"
"What is he talking about? (1-2 mins)"	"Short and fun! A 1-2 minute word game about what someone is talking about."	"experiment, psychology, game"	"$0.20"	"Mon Dec 16 10:30:22 CST 2013"	"340"	"0"	"0"	"340"	"Reviewable"	"NotReviewed"	"1 scales"	"600"	"60000"	"Mon Dec 23 10:30:22 CST 2013"	"S07483"	"Approved"	""	"""chocolate"""	"""target"""	"-1"	"-1"	"-1"	"-1"	"0"	"""ice cream"""	"0"	"0"	"""2"""	"1"	"0"	""""""	"1"	"""1"""	"""sundae"""	"""left"""	"""TRUE"""	"-1"	"""TRUE"""	"-1"	"-1"	"0"
"What is he talking about? (1-2 mins)"	"Short and fun! A 1-2 minute word game about what someone is talking about."	"experiment, psychology, game"	"$0.20"	"Mon Dec 16 10:30:22 CST 2013"	"340"	"0"	"0"	"340"	"Reviewable"	"NotReviewed"	"1 scales"	"600"	"60000"	"Mon Dec 23 10:30:22 CST 2013"	"S62994"	"Approved"	""	"""sail"""	"""target"""	"-1"	"-1"	"-1"	"-1"	"0"	"""Inference"""	"0"	"0"	"""2"""	"1"	"0"	"""Lovely!"""	"1"	"""1"""	"""boat"""	"""middle"""	"""TRUE"""	"-1"	"""TRUE"""	"-1"	"-1"	"0"
"What is he talking about? (1-2 mins)"	"Short and fun! A 1-2 minute word game about what someone is talking about."	"experiment, psychology, game"	"$0.20"	"Mon Dec 16 10:30:22 CST 2013"	"340"	"0"	"0"	"340"	"Reviewable"	"NotReviewed"	"1 scales"	"600"	"60000"	"Mon Dec 23 10:30:22 CST 2013"	"S92313"	"Approved"	""	"""lights"""	"""target"""	"-1"	"-1"	"-1"	"-1"	"0"	"""understanding what he wants"""	"0"	"0"	"""2"""	"1"	"0"	""""""	"1"	"""1"""	"""Christmas tree"""	"""middle"""	"""TRUE"""	"-1"	"""TRUE"""	"-1"	"-1"	"0"
"What is he talking about? (1-2 mins)"	"Short and fun! A 1-2 minute word game about what someone is talking about."	"experiment, psychology, game"	"$0.20"	"Mon Dec 16 10:30:22 CST 2013"	"340"	"0"	"0"	"340"	"Reviewable"	"NotReviewed"	"1 scales"	"600"	"60000"	"Mon Dec 23 10:30:22 CST 2013"	"S59224"	"Approved"	""	"""scarf"""	"""target"""	"-1"	"-1"	"-1"	"-1"	"0"	"""Language"""	"0"	"0"	"""2"""	"1"	"0"	""""""	"1"	"""1"""	"""snowman"""	"""left"""	"""TRUE"""	"-1"	"""TRUE"""	"-1"	"-1"	"0"
"What is he talking about? (1-2 mins)"	"Short and fun! A 1-2 minute word game about what someone is talking about."	"experiment, psychology, game"	"$0.20"	"Mon Dec 16 10:30:22 CST 2013"	"340"	"0"	"0"	"340"	"Reviewable"	"NotReviewed"	"1 scales"	"600"	"60000"	"Mon Dec 23 10:30:22 CST 2013"	"S84252"	"Approved"	""	"""mushrooms"""	"""target"""	"-1"	"-1"	"-1"	"-1"	"0"	"""pizza"""	"0"	"0"	"""1"""	"1"	"0"	""""""	"1"	"""1"""	"""pizza"""	"""middle"""	"""TRUE"""	"-1"	"""TRUE"""	"-1"	"-1"	"0"
"What is he talking about? (1-2 mins)"	"Short and fun! A 1-2 minute word game about what someone is talking about."	"experiment, psychology, game"	"$0.20"	"Mon Dec 16 10:30:22 CST 2013"	"340"	"0"	"0"	"340"	"Reviewable"	"NotReviewed"	"1 scales"	"600"	"60000"	"Mon Dec 23 10:30:22 CST 2013"	"S62656"	"Approved"	""	"""scarf"""	"""target"""	"-1"	"-1"	"-1"	"-1"	"0"	"""Snowmen and communicating with Bob, who only can say one word"""	"0"	"0"	"""2"""	"1"	"0"	"""No Comments. Thank you!"""	"1"	"""1"""	"""snowman"""	"""right"""	"""TRUE"""	"-1"	"""TRUE"""	"-1"	"-1"	"0"
"What is he talking about? (1-2 mins)"	"Short and fun! A 1-2 minute word game about what someone is talking about."	"experiment, psychology, game"	"$0.20"	"Mon Dec 16 10:30:22 CST 2013"	"340"	"0"	"0"	"340"	"Reviewable"	"NotReviewed"	"1 scales"	"600"	"60000"	"Mon Dec 23 10:30:22 CST 2013"	"S94686"	"Approved"	""	"""motor"""	"""target"""	"-1"	"-1"	"-1"	"-1"	"0"	"""word comparison"""	"0"	"0"	"""2"""	"1"	"0"	""""""	"1"	"""1"""	"""boat"""	"""right"""	"""TRUE"""	"-1"	"""TRUE"""	"-1"	"-1"	"0"
"What is he talking about? (1-2 mins)"	"Short and fun! A 1-2 minute word game about what someone is talking about."	"experiment, psychology, game"	"$0.20"	"Mon Dec 16 10:30:22 CST 2013"	"340"	"0"	"0"	"340"	"Reviewable"	"NotReviewed"	"1 scales"	"600"	"60000"	"Mon Dec 23 10:30:22 CST 2013"	"S17486"	"Approved"	""	"""scarf"""	"""target"""	"-1"	"-1"	"-1"	"-1"	"0"	"""Choosing a snowman"""	"0"	"0"	"""2"""	"1"	"0"	""""""	"1"	"""1"""	"""snowman"""	"""middle"""	"""TRUE"""	"-1"	"""TRUE"""	"-1"	"-1"	"0"
"What is he talking about? (1-2 mins)"	"Short and fun! A 1-2 minute word game about what someone is talking about."	"experiment, psychology, game"	"$0.20"	"Mon Dec 16 10:30:22 CST 2013"	"340"	"0"	"0"	"340"	"Reviewable"	"NotReviewed"	"1 scales"	"600"	"60000"	"Mon Dec 23 10:30:22 CST 2013"	"S98040"	"Approved"	""	"""whipped cream"""	"""target"""	"-1"	"-1"	"-1"	"-1"	"0"	"""Ice Cream Sundae Perception"""	"0"	"0"	"""2"""	"1"	"0"	""""""	"1"	"""1"""	"""sundae"""	"""middle"""	"""TRUE"""	"-1"	"""TRUE"""	"-1"	"-1"	"0"
"What is he talking about? (1-2 mins)"	"Short and fun! A 1-2 minute word game about what someone is talking about."	"experiment, psychology, game"	"$0.20"	"Mon Dec 16 10:30:22 CST 2013"	"340"	"0"	"0"	"340"	"Reviewable"	"NotReviewed"	"1 scales"	"600"	"60000"	"Mon Dec 23 10:30:22 CST 2013"	"S55120"	"Approved"	""	"""chocolate"""	"""target"""	"-1"	"-1"	"-1"	"-1"	"0"	"""Bob's sundaes and which one he was talking about."""	"0"	"0"	"""2"""	"1"	"0"	""""""	"1"	"""1"""	"""sundae"""	"""right"""	"""TRUE"""	"-1"	"""TRUE"""	"-1"	"-1"	"0"
"What is he talking about? (1-2 mins)"	"Short and fun! A 1-2 minute word game about what someone is talking about."	"experiment, psychology, game"	"$0.20"	"Mon Dec 16 10:30:22 CST 2013"	"340"	"0"	"0"	"340"	"Reviewable"	"NotReviewed"	"1 scales"	"600"	"60000"	"Mon Dec 23 10:30:22 CST 2013"	"S07215"	"Approved"	""	"""cabin"""	"""target"""	"-1"	"-1"	"-1"	"-1"	"0"	"""comprehension"""	"0"	"0"	"""2"""	"1"	"0"	"""none"""	"1"	"""1"""	"""boat"""	"""middle"""	"""TRUE"""	"-1"	"""TRUE"""	"-1"	"-1"	"0"
"What is he talking about? (1-2 mins)"	"Short and fun! A 1-2 minute word game about what someone is talking about."	"experiment, psychology, game"	"$0.20"	"Mon Dec 16 10:30:22 CST 2013"	"340"	"0"	"0"	"340"	"Reviewable"	"NotReviewed"	"1 scales"	"600"	"60000"	"Mon Dec 23 10:30:22 CST 2013"	"S45719"	"Approved"	""	"""mushrooms"""	"""target"""	"-1"	"-1"	"-1"	"-1"	"0"	"""memory recollection and maybe estimating what one may infer when given a suggestion"""	"0"	"0"	"""2"""	"1"	"0"	"""oof, nice misdirection.. Bob or Tim... aargh. Thanks."""	"1"	"""1"""	"""pizza"""	"""middle"""	"""TRUE"""	"-1"	"""TRUE"""	"-1"	"-1"	"0"
"What is he talking about? (1-2 mins)"	"Short and fun! A 1-2 minute word game about what someone is talking about."	"experiment, psychology, game"	"$0.20"	"Mon Dec 16 10:30:22 CST 2013"	"340"	"0"	"0"	"340"	"Reviewable"	"NotReviewed"	"1 scales"	"600"	"60000"	"Mon Dec 23 10:30:22 CST 2013"	"S64465"	"Approved"	""	"""scarf"""	"""target"""	"-1"	"-1"	"-1"	"-1"	"0"	"""What is he talking about?"""	"0"	"0"	"""2"""	"1"	"0"	""""""	"1"	"""1"""	"""snowman"""	"""right"""	"""TRUE"""	"-1"	"""TRUE"""	"-1"	"-1"	"0"
"What is he talking about? (1-2 mins)"	"Short and fun! A 1-2 minute word game about what someone is talking about."	"experiment, psychology, game"	"$0.20"	"Mon Dec 16 10:30:22 CST 2013"	"340"	"0"	"0"	"340"	"Reviewable"	"NotReviewed"	"1 scales"	"600"	"60000"	"Mon Dec 23 10:30:22 CST 2013"	"S60481"	"Approved"	""	"""ornaments"""	"""target"""	"-1"	"-1"	"-1"	"-1"	"0"	"""Christmas trees"""	"0"	"0"	"""2"""	"1"	"0"	"""No"""	"1"	"""2"""	"""Christmas tree"""	"""middle"""	"""TRUE"""	"-1"	"""TRUE"""	"-1"	"-1"	"0"
"What is he talking about? (1-2 mins)"	"Short and fun! A 1-2 minute word game about what someone is talking about."	"experiment, psychology, game"	"$0.20"	"Mon Dec 16 10:30:22 CST 2013"	"340"	"0"	"0"	"340"	"Reviewable"	"NotReviewed"	"1 scales"	"600"	"60000"	"Mon Dec 23 10:30:22 CST 2013"	"S71330"	"Approved"	""	"""glasses"""	"""target"""	"-1"	"-1"	"-1"	"-1"	"0"	"""communication"""	"0"	"0"	"""2"""	"1"	"0"	"""no"""	"1"	"""1"""	"""friend"""	"""left"""	"""TRUE"""	"-1"	"""TRUE"""	"-1"	"-1"	"0"
"What is he talking about? (1-2 mins)"	"Short and fun! A 1-2 minute word game about what someone is talking about."	"experiment, psychology, game"	"$0.20"	"Mon Dec 16 10:30:22 CST 2013"	"340"	"0"	"0"	"340"	"Reviewable"	"NotReviewed"	"1 scales"	"600"	"60000"	"Mon Dec 23 10:30:22 CST 2013"	"S26426"	"Approved"	""	"""cherry"""	"""target"""	"-1"	"-1"	"-1"	"-1"	"0"	"""ice cream"""	"0"	"0"	"""2"""	"1"	"0"	""""""	"1"	"""1"""	"""sundae"""	"""right"""	"""TRUE"""	"-1"	"""TRUE"""	"-1"	"-1"	"0"
"What is he talking about? (1-2 mins)"	"Short and fun! A 1-2 minute word game about what someone is talking about."	"experiment, psychology, game"	"$0.20"	"Mon Dec 16 10:30:22 CST 2013"	"340"	"0"	"0"	"340"	"Reviewable"	"NotReviewed"	"1 scales"	"600"	"60000"	"Mon Dec 23 10:30:22 CST 2013"	"S78519"	"Approved"	""	"""mittens"""	"""target"""	"-1"	"-1"	"-1"	"-1"	"0"	"""Snowmen and understanding what people say/mean."""	"0"	"0"	"""2"""	"1"	"0"	""""""	"1"	"""1"""	"""snowman"""	"""left"""	"""TRUE"""	"-1"	"""TRUE"""	"-1"	"-1"	"0"
"What is he talking about? (1-2 mins)"	"Short and fun! A 1-2 minute word game about what someone is talking about."	"experiment, psychology, game"	"$0.20"	"Mon Dec 16 10:30:22 CST 2013"	"340"	"0"	"0"	"340"	"Reviewable"	"NotReviewed"	"1 scales"	"600"	"60000"	"Mon Dec 23 10:30:22 CST 2013"	"S95062"	"Approved"	""	"""hat"""	"""foil"""	"-1"	"-1"	"-1"	"-1"	"0"	"""Psychology survey"""	"0"	"0"	"""2"""	"1"	"0"	""""""	"1"	"""1"""	"""snowman"""	"""left"""	"""TRUE"""	"-1"	"""FALSE"""	"-1"	"-1"	"0"
"What is he talking about? (1-2 mins)"	"Short and fun! A 1-2 minute word game about what someone is talking about."	"experiment, psychology, game"	"$0.20"	"Mon Dec 16 10:30:22 CST 2013"	"340"	"0"	"0"	"340"	"Reviewable"	"NotReviewed"	"1 scales"	"600"	"60000"	"Mon Dec 23 10:30:22 CST 2013"	"S54959"	"Approved"	""	"""glasses"""	"""target"""	"-1"	"-1"	"-1"	"-1"	"0"	"""What Bob means"""	"0"	"0"	"""2"""	"1"	"0"	""""""	"1"	"""1"""	"""friend"""	"""left"""	"""TRUE"""	"-1"	"""TRUE"""	"-1"	"-1"	"0"
"What is he talking about? (1-2 mins)"	"Short and fun! A 1-2 minute word game about what someone is talking about."	"experiment, psychology, game"	"$0.20"	"Mon Dec 16 10:30:22 CST 2013"	"340"	"0"	"0"	"340"	"Reviewable"	"NotReviewed"	"1 scales"	"600"	"60000"	"Mon Dec 23 10:30:22 CST 2013"	"S71324"	"Approved"	""	"""lights"""	"""logical"""	"-1"	"-1"	"-1"	"-1"	"0"	"""Christmas Trees"""	"0"	"0"	"""2"""	"1"	"0"	"""No"""	"1"	"""1"""	"""Christmas tree"""	"""middle"""	"""TRUE"""	"-1"	"""FALSE"""	"-1"	"-1"	"0"
"What is he talking about? (1-2 mins)"	"Short and fun! A 1-2 minute word game about what someone is talking about."	"experiment, psychology, game"	"$0.20"	"Mon Dec 16 10:30:22 CST 2013"	"340"	"0"	"0"	"340"	"Reviewable"	"NotReviewed"	"1 scales"	"600"	"60000"	"Mon Dec 23 10:30:22 CST 2013"	"S89148"	"Approved"	""	"""mittens"""	"""target"""	"-1"	"-1"	"-1"	"-1"	"0"	"""Perceptions and language"""	"0"	"0"	"""2"""	"1"	"0"	""""""	"1"	"""1"""	"""snowman"""	"""middle"""	"""TRUE"""	"-1"	"""TRUE"""	"-1"	"-1"	"0"
"What is he talking about? (1-2 mins)"	"Short and fun! A 1-2 minute word game about what someone is talking about."	"experiment, psychology, game"	"$0.20"	"Mon Dec 16 10:30:22 CST 2013"	"340"	"0"	"0"	"340"	"Reviewable"	"NotReviewed"	"1 scales"	"600"	"60000"	"Mon Dec 23 10:30:22 CST 2013"	"S03424"	"Approved"	""	"""hat"""	"""logical"""	"-1"	"-1"	"-1"	"-1"	"0"	"""judgements"""	"0"	"0"	"""2"""	"1"	"0"	""""""	"1"	"""1"""	"""snowman"""	"""middle"""	"""TRUE"""	"-1"	"""FALSE"""	"-1"	"-1"	"0"
"What is he talking about? (1-2 mins)"	"Short and fun! A 1-2 minute word game about what someone is talking about."	"experiment, psychology, game"	"$0.20"	"Mon Dec 16 10:30:22 CST 2013"	"340"	"0"	"0"	"340"	"Reviewable"	"NotReviewed"	"1 scales"	"600"	"60000"	"Mon Dec 23 10:30:22 CST 2013"	"S61635"	"Approved"	""	"""mittens"""	"""target"""	"-1"	"-1"	"-1"	"-1"	"0"	"""understanding a single word associated with a picture"""	"0"	"0"	"""2"""	"1"	"0"	""""""	"1"	"""1"""	"""snowman"""	"""right"""	"""TRUE"""	"-1"	"""TRUE"""	"-1"	"-1"	"0"
"What is he talking about? (1-2 mins)"	"Short and fun! A 1-2 minute word game about what someone is talking about."	"experiment, psychology, game"	"$0.20"	"Mon Dec 16 10:30:22 CST 2013"	"340"	"0"	"0"	"340"	"Reviewable"	"NotReviewed"	"1 scales"	"600"	"60000"	"Mon Dec 23 10:30:22 CST 2013"	"S22052"	"Approved"	""	"""mittens"""	"""target"""	"-1"	"-1"	"-1"	"-1"	"0"	"""Bob and communication."""	"0"	"0"	"""2"""	"1"	"0"	"""Thank you!"""	"1"	"""1"""	"""snowman"""	"""left"""	"""TRUE"""	"-1"	"""TRUE"""	"-1"	"-1"	"0"
"What is he talking about? (1-2 mins)"	"Short and fun! A 1-2 minute word game about what someone is talking about."	"experiment, psychology, game"	"$0.20"	"Mon Dec 16 10:30:22 CST 2013"	"340"	"0"	"0"	"340"	"Reviewable"	"NotReviewed"	"1 scales"	"600"	"60000"	"Mon Dec 23 10:30:22 CST 2013"	"S78580"	"Approved"	""	"""cherry"""	"""target"""	"-1"	"-1"	"-1"	"-1"	"0"	"""Bob and his sundaes"""	"0"	"0"	"""2"""	"1"	"0"	""""""	"1"	"""1"""	"""sundae"""	"""left"""	"""TRUE"""	"-1"	"""TRUE"""	"-1"	"-1"	"0"
"What is he talking about? (1-2 mins)"	"Short and fun! A 1-2 minute word game about what someone is talking about."	"experiment, psychology, game"	"$0.20"	"Mon Dec 16 10:30:22 CST 2013"	"340"	"0"	"0"	"340"	"Reviewable"	"NotReviewed"	"1 scales"	"600"	"60000"	"Mon Dec 23 10:30:22 CST 2013"	"S80447"	"Approved"	""	"""chocolate"""	"""target"""	"-1"	"-1"	"-1"	"-1"	"0"	"""Ice cream sundaes"""	"0"	"0"	"""2"""	"1"	"0"	"""No"""	"1"	"""1"""	"""sundae"""	"""left"""	"""TRUE"""	"-1"	"""TRUE"""	"-1"	"-1"	"0"
"What is he talking about? (1-2 mins)"	"Short and fun! A 1-2 minute word game about what someone is talking about."	"experiment, psychology, game"	"$0.20"	"Mon Dec 16 10:30:22 CST 2013"	"340"	"0"	"0"	"340"	"Reviewable"	"NotReviewed"	"1 scales"	"600"	"60000"	"Mon Dec 23 10:30:22 CST 2013"	"S35272"	"Approved"	""	"""cabin"""	"""target"""	"-1"	"-1"	"-1"	"-1"	"0"	"""Boats"""	"0"	"0"	"""2"""	"1"	"0"	""""""	"1"	"""1"""	"""boat"""	"""middle"""	"""TRUE"""	"-1"	"""TRUE"""	"-1"	"-1"	"0"
"What is he talking about? (1-2 mins)"	"Short and fun! A 1-2 minute word game about what someone is talking about."	"experiment, psychology, game"	"$0.20"	"Mon Dec 16 10:30:22 CST 2013"	"340"	"0"	"0"	"340"	"Reviewable"	"NotReviewed"	"1 scales"	"600"	"60000"	"Mon Dec 23 10:30:22 CST 2013"	"S90302"	"Approved"	""	"""olives"""	"""target"""	"-1"	"-1"	"-1"	"-1"	"0"	"""pizza/olives"""	"0"	"0"	"""2"""	"1"	"0"	""""""	"1"	"""1"""	"""pizza"""	"""right"""	"""TRUE"""	"-1"	"""TRUE"""	"-1"	"-1"	"0"
"What is he talking about? (1-2 mins)"	"Short and fun! A 1-2 minute word game about what someone is talking about."	"experiment, psychology, game"	"$0.20"	"Mon Dec 16 10:30:22 CST 2013"	"340"	"0"	"0"	"340"	"Reviewable"	"NotReviewed"	"1 scales"	"600"	"60000"	"Mon Dec 23 10:30:22 CST 2013"	"S21819"	"Approved"	""	"""mittens"""	"""target"""	"-1"	"-1"	"-1"	"-1"	"0"	"""descriptions"""	"0"	"0"	"""2"""	"1"	"0"	"""nope"""	"1"	"""1"""	"""snowman"""	"""middle"""	"""TRUE"""	"-1"	"""TRUE"""	"-1"	"-1"	"0"
"What is he talking about? (1-2 mins)"	"Short and fun! A 1-2 minute word game about what someone is talking about."	"experiment, psychology, game"	"$0.20"	"Mon Dec 16 10:30:22 CST 2013"	"340"	"0"	"0"	"340"	"Reviewable"	"NotReviewed"	"1 scales"	"600"	"60000"	"Mon Dec 23 10:30:22 CST 2013"	"S63562"	"Approved"	""	"""whipped cream"""	"""target"""	"-1"	"-1"	"-1"	"-1"	"0"	"""It was about deciding what Bob was trying to convey."""	"0"	"0"	"""2"""	"1"	"0"	"""Thanks!"""	"1"	"""1"""	"""sundae"""	"""right"""	"""TRUE"""	"-1"	"""TRUE"""	"-1"	"-1"	"0"
"What is he talking about? (1-2 mins)"	"Short and fun! A 1-2 minute word game about what someone is talking about."	"experiment, psychology, game"	"$0.20"	"Mon Dec 16 10:30:22 CST 2013"	"340"	"0"	"0"	"340"	"Reviewable"	"NotReviewed"	"1 scales"	"600"	"60000"	"Mon Dec 23 10:30:22 CST 2013"	"S28201"	"Approved"	""	"""mushrooms"""	"""target"""	"-1"	"-1"	"-1"	"-1"	"0"	"""cognitive language"""	"0"	"0"	"""2"""	"1"	"0"	""""""	"1"	"""1"""	"""pizza"""	"""middle"""	"""TRUE"""	"-1"	"""TRUE"""	"-1"	"-1"	"0"
"What is he talking about? (1-2 mins)"	"Short and fun! A 1-2 minute word game about what someone is talking about."	"experiment, psychology, game"	"$0.20"	"Mon Dec 16 10:30:22 CST 2013"	"340"	"0"	"0"	"340"	"Reviewable"	"NotReviewed"	"1 scales"	"600"	"60000"	"Mon Dec 23 10:30:22 CST 2013"	"S74770"	"Approved"	""	"""cherry"""	"""logical"""	"-1"	"-1"	"-1"	"-1"	"0"	"""Sundaes"""	"0"	"0"	"""2"""	"1"	"0"	""""""	"1"	"""1"""	"""sundae"""	"""right"""	"""TRUE"""	"-1"	"""FALSE"""	"-1"	"-1"	"0"
"What is he talking about? (1-2 mins)"	"Short and fun! A 1-2 minute word game about what someone is talking about."	"experiment, psychology, game"	"$0.20"	"Mon Dec 16 10:30:22 CST 2013"	"340"	"0"	"0"	"340"	"Reviewable"	"NotReviewed"	"1 scales"	"600"	"60000"	"Mon Dec 23 10:30:22 CST 2013"	"S10255"	"Approved"	""	"""scarf"""	"""target"""	"-1"	"-1"	"-1"	"-1"	"0"	"""decideding what bob was talking about"""	"0"	"0"	"""2"""	"1"	"0"	"""thanks!"""	"1"	"""1"""	"""snowman"""	"""right"""	"""FALSE"""	"-1"	"""TRUE"""	"-1"	"-1"	"0"
"What is he talking about? (1-2 mins)"	"Short and fun! A 1-2 minute word game about what someone is talking about."	"experiment, psychology, game"	"$0.20"	"Mon Dec 16 10:30:22 CST 2013"	"340"	"0"	"0"	"340"	"Reviewable"	"NotReviewed"	"1 scales"	"600"	"60000"	"Mon Dec 23 10:30:22 CST 2013"	"S65286"	"Approved"	""	"""peppers"""	"""target"""	"-1"	"-1"	"-1"	"-1"	"0"	"""peppers"""	"0"	"0"	"""2"""	"1"	"0"	""""""	"1"	"""1"""	"""pizza"""	"""middle"""	"""TRUE"""	"-1"	"""TRUE"""	"-1"	"-1"	"0"
"What is he talking about? (1-2 mins)"	"Short and fun! A 1-2 minute word game about what someone is talking about."	"experiment, psychology, game"	"$0.20"	"Mon Dec 16 10:30:22 CST 2013"	"340"	"0"	"0"	"340"	"Reviewable"	"NotReviewed"	"1 scales"	"600"	"60000"	"Mon Dec 23 10:30:22 CST 2013"	"S00576"	"Approved"	""	"""scarf"""	"""target"""	"-1"	"-1"	"-1"	"-1"	"0"	"""snowmen"""	"0"	"0"	"""2"""	"1"	"0"	""""""	"1"	"""1"""	"""snowman"""	"""middle"""	"""TRUE"""	"-1"	"""TRUE"""	"-1"	"-1"	"0"
"What is he talking about? (1-2 mins)"	"Short and fun! A 1-2 minute word game about what someone is talking about."	"experiment, psychology, game"	"$0.20"	"Mon Dec 16 10:30:22 CST 2013"	"340"	"0"	"0"	"340"	"Reviewable"	"NotReviewed"	"1 scales"	"600"	"60000"	"Mon Dec 23 10:30:22 CST 2013"	"S12303"	"Approved"	""	"""olives"""	"""target"""	"-1"	"-1"	"-1"	"-1"	"0"	"""pizza"""	"0"	"0"	"""2"""	"1"	"0"	""""""	"1"	"""1"""	"""pizza"""	"""right"""	"""TRUE"""	"-1"	"""TRUE"""	"-1"	"-1"	"0"
"What is he talking about? (1-2 mins)"	"Short and fun! A 1-2 minute word game about what someone is talking about."	"experiment, psychology, game"	"$0.20"	"Mon Dec 16 10:30:22 CST 2013"	"340"	"0"	"0"	"340"	"Reviewable"	"NotReviewed"	"1 scales"	"600"	"60000"	"Mon Dec 23 10:30:22 CST 2013"	"S80668"	"Approved"	""	"""whipped cream"""	"""target"""	"-1"	"-1"	"-1"	"-1"	"0"	"""Bob's communication about his sundaes using one word"""	"0"	"0"	"""2"""	"1"	"0"	""""""	"1"	"""1"""	"""sundae"""	"""left"""	"""TRUE"""	"-1"	"""TRUE"""	"-1"	"-1"	"0"
"What is he talking about? (1-2 mins)"	"Short and fun! A 1-2 minute word game about what someone is talking about."	"experiment, psychology, game"	"$0.20"	"Mon Dec 16 10:30:22 CST 2013"	"340"	"0"	"0"	"340"	"Reviewable"	"NotReviewed"	"1 scales"	"600"	"60000"	"Mon Dec 23 10:30:22 CST 2013"	"S93797"	"Approved"	""	"""hat"""	"""target"""	"-1"	"-1"	"-1"	"-1"	"0"	"""Snowmen"""	"0"	"0"	"""2"""	"1"	"0"	""""""	"1"	"""1"""	"""snowman"""	"""left"""	"""FALSE"""	"-1"	"""TRUE"""	"-1"	"-1"	"0"
"What is he talking about? (1-2 mins)"	"Short and fun! A 1-2 minute word game about what someone is talking about."	"experiment, psychology, game"	"$0.20"	"Mon Dec 16 10:30:22 CST 2013"	"340"	"0"	"0"	"340"	"Reviewable"	"NotReviewed"	"1 scales"	"600"	"60000"	"Mon Dec 23 10:30:22 CST 2013"	"S84819"	"Approved"	""	"""hat"""	"""target"""	"-1"	"-1"	"-1"	"-1"	"0"	"""Bob visiting friends."""	"0"	"0"	"""2"""	"1"	"0"	"""Good luck with your research!"""	"1"	"""1"""	"""friend"""	"""middle"""	"""TRUE"""	"-1"	"""TRUE"""	"-1"	"-1"	"0"
"What is he talking about? (1-2 mins)"	"Short and fun! A 1-2 minute word game about what someone is talking about."	"experiment, psychology, game"	"$0.20"	"Mon Dec 16 10:30:22 CST 2013"	"340"	"0"	"0"	"340"	"Reviewable"	"NotReviewed"	"1 scales"	"600"	"60000"	"Mon Dec 23 10:30:22 CST 2013"	"S10033"	"Approved"	""	"""hat"""	"""target"""	"-1"	"-1"	"-1"	"-1"	"0"	"""Snowmen"""	"0"	"0"	"""2"""	"1"	"0"	""""""	"1"	"""1"""	"""snowman"""	"""right"""	"""TRUE"""	"-1"	"""TRUE"""	"-1"	"-1"	"0"
"What is he talking about? (1-2 mins)"	"Short and fun! A 1-2 minute word game about what someone is talking about."	"experiment, psychology, game"	"$0.20"	"Mon Dec 16 10:30:22 CST 2013"	"340"	"0"	"0"	"340"	"Reviewable"	"NotReviewed"	"1 scales"	"600"	"60000"	"Mon Dec 23 10:30:22 CST 2013"	"S66291"	"Approved"	""	"""scarf"""	"""foil"""	"-1"	"-1"	"-1"	"-1"	"0"	"""Snowmen"""	"0"	"0"	"""2"""	"1"	"0"	""""""	"1"	"""1"""	"""snowman"""	"""right"""	"""TRUE"""	"-1"	"""FALSE"""	"-1"	"-1"	"0"
"What is he talking about? (1-2 mins)"	"Short and fun! A 1-2 minute word game about what someone is talking about."	"experiment, psychology, game"	"$0.20"	"Mon Dec 16 10:30:22 CST 2013"	"340"	"0"	"0"	"340"	"Reviewable"	"NotReviewed"	"1 scales"	"600"	"60000"	"Mon Dec 23 10:30:22 CST 2013"	"S81103"	"Approved"	""	"""lights"""	"""target"""	"-1"	"-1"	"-1"	"-1"	"0"	"""Interpreting simple verbal and visual communciations"""	"0"	"0"	"""2"""	"1"	"0"	""""""	"1"	"""1"""	"""Christmas tree"""	"""left"""	"""TRUE"""	"-1"	"""TRUE"""	"-1"	"-1"	"0"
"What is he talking about? (1-2 mins)"	"Short and fun! A 1-2 minute word game about what someone is talking about."	"experiment, psychology, game"	"$0.20"	"Mon Dec 16 10:30:22 CST 2013"	"340"	"0"	"0"	"340"	"Reviewable"	"NotReviewed"	"1 scales"	"600"	"60000"	"Mon Dec 23 10:30:22 CST 2013"	"S74723"	"Approved"	""	"""cabin"""	"""logical"""	"-1"	"-1"	"-1"	"-1"	"0"	"""Boat identification"""	"0"	"0"	"""2"""	"1"	"0"	"""no"""	"1"	"""1"""	"""boat"""	"""right"""	"""TRUE"""	"-1"	"""FALSE"""	"-1"	"-1"	"0"
"What is he talking about? (1-2 mins)"	"Short and fun! A 1-2 minute word game about what someone is talking about."	"experiment, psychology, game"	"$0.20"	"Mon Dec 16 10:30:22 CST 2013"	"340"	"0"	"0"	"340"	"Reviewable"	"NotReviewed"	"1 scales"	"600"	"60000"	"Mon Dec 23 10:30:22 CST 2013"	"S43393"	"Approved"	""	"""ornaments"""	"""logical"""	"-1"	"-1"	"-1"	"-1"	"0"	"""tree perception"""	"0"	"0"	"""2"""	"1"	"0"	"""no"""	"1"	"""2"""	"""Christmas tree"""	"""left"""	"""TRUE"""	"-1"	"""FALSE"""	"-1"	"-1"	"0"
"What is he talking about? (1-2 mins)"	"Short and fun! A 1-2 minute word game about what someone is talking about."	"experiment, psychology, game"	"$0.20"	"Mon Dec 16 10:30:22 CST 2013"	"340"	"0"	"0"	"340"	"Reviewable"	"NotReviewed"	"1 scales"	"600"	"60000"	"Mon Dec 23 10:30:22 CST 2013"	"S66659"	"Approved"	""	"""chocolate"""	"""target"""	"-1"	"-1"	"-1"	"-1"	"0"	"""communicating \""chocolate\"""""	"0"	"0"	"""2"""	"1"	"0"	"""nope"""	"1"	"""1"""	"""sundae"""	"""middle"""	"""TRUE"""	"-1"	"""TRUE"""	"-1"	"-1"	"0"
"What is he talking about? (1-2 mins)"	"Short and fun! A 1-2 minute word game about what someone is talking about."	"experiment, psychology, game"	"$0.20"	"Mon Dec 16 10:30:22 CST 2013"	"340"	"0"	"0"	"340"	"Reviewable"	"NotReviewed"	"1 scales"	"600"	"60000"	"Mon Dec 23 10:30:22 CST 2013"	"S12378"	"Approved"	""	"""mustache"""	"""target"""	"-1"	"-1"	"-1"	"-1"	"0"	"""cognition and language interpretation"""	"0"	"0"	"""2"""	"1"	"0"	""""""	"1"	"""1"""	"""friend"""	"""middle"""	"""TRUE"""	"-1"	"""TRUE"""	"-1"	"-1"	"0"
"What is he talking about? (1-2 mins)"	"Short and fun! A 1-2 minute word game about what someone is talking about."	"experiment, psychology, game"	"$0.20"	"Mon Dec 16 10:30:22 CST 2013"	"340"	"0"	"0"	"340"	"Reviewable"	"NotReviewed"	"1 scales"	"600"	"60000"	"Mon Dec 23 10:30:22 CST 2013"	"S42214"	"Approved"	""	"""whipped cream"""	"""target"""	"-1"	"-1"	"-1"	"-1"	"0"	"""Whipped cream"""	"0"	"0"	"""2"""	"1"	"0"	""""""	"1"	"""1"""	"""sundae"""	"""left"""	"""TRUE"""	"-1"	"""TRUE"""	"-1"	"-1"	"0"
"What is he talking about? (1-2 mins)"	"Short and fun! A 1-2 minute word game about what someone is talking about."	"experiment, psychology, game"	"$0.20"	"Mon Dec 16 10:30:22 CST 2013"	"340"	"0"	"0"	"340"	"Reviewable"	"NotReviewed"	"1 scales"	"600"	"60000"	"Mon Dec 23 10:30:22 CST 2013"	"S02168"	"Approved"	""	"""mittens"""	"""target"""	"-1"	"-1"	"-1"	"-1"	"0"	"""snowmen and their various states of undress"""	"0"	"0"	"""2"""	"1"	"0"	"""no"""	"1"	"""1"""	"""snowman"""	"""left"""	"""TRUE"""	"-1"	"""TRUE"""	"-1"	"-1"	"0"
"What is he talking about? (1-2 mins)"	"Short and fun! A 1-2 minute word game about what someone is talking about."	"experiment, psychology, game"	"$0.20"	"Mon Dec 16 10:30:22 CST 2013"	"340"	"0"	"0"	"340"	"Reviewable"	"NotReviewed"	"1 scales"	"600"	"60000"	"Mon Dec 23 10:30:22 CST 2013"	"S14703"	"Approved"	""	"""mittens"""	"""target"""	"-1"	"-1"	"-1"	"-1"	"0"	"""Identifying an object based on limited information"""	"0"	"0"	"""2"""	"1"	"0"	""""""	"1"	"""1"""	"""snowman"""	"""right"""	"""TRUE"""	"-1"	"""TRUE"""	"-1"	"-1"	"0"
"What is he talking about? (1-2 mins)"	"Short and fun! A 1-2 minute word game about what someone is talking about."	"experiment, psychology, game"	"$0.20"	"Mon Dec 16 10:30:22 CST 2013"	"340"	"0"	"0"	"340"	"Reviewable"	"NotReviewed"	"1 scales"	"600"	"60000"	"Mon Dec 23 10:30:22 CST 2013"	"S31722"	"Approved"	""	"""cherry"""	"""target"""	"-1"	"-1"	"-1"	"-1"	"0"	"""Interpretations of someone's wants"""	"0"	"0"	"""2"""	"1"	"0"	"""interesting"""	"1"	"""1"""	"""sundae"""	"""right"""	"""TRUE"""	"-1"	"""TRUE"""	"-1"	"-1"	"0"
"What is he talking about? (1-2 mins)"	"Short and fun! A 1-2 minute word game about what someone is talking about."	"experiment, psychology, game"	"$0.20"	"Mon Dec 16 10:30:22 CST 2013"	"340"	"0"	"0"	"340"	"Reviewable"	"NotReviewed"	"1 scales"	"600"	"60000"	"Mon Dec 23 10:30:22 CST 2013"	"S92158"	"Approved"	""	"""whipped cream"""	"""logical"""	"-1"	"-1"	"-1"	"-1"	"0"	"""liking sundaes on fridays"""	"0"	"0"	"""2"""	"1"	"0"	""""""	"1"	"""1"""	"""sundae"""	"""middle"""	"""TRUE"""	"-1"	"""FALSE"""	"-1"	"-1"	"0"
"What is he talking about? (1-2 mins)"	"Short and fun! A 1-2 minute word game about what someone is talking about."	"experiment, psychology, game"	"$0.20"	"Mon Dec 16 10:30:22 CST 2013"	"340"	"0"	"0"	"340"	"Reviewable"	"NotReviewed"	"1 scales"	"600"	"60000"	"Mon Dec 23 10:30:22 CST 2013"	"S06975"	"Approved"	""	"""whipped cream"""	"""target"""	"-1"	"-1"	"-1"	"-1"	"0"	"""memory"""	"0"	"0"	"""2"""	"1"	"0"	"""none"""	"1"	"""1"""	"""sundae"""	"""right"""	"""TRUE"""	"-1"	"""TRUE"""	"-1"	"-1"	"0"
"What is he talking about? (1-2 mins)"	"Short and fun! A 1-2 minute word game about what someone is talking about."	"experiment, psychology, game"	"$0.20"	"Mon Dec 16 10:30:22 CST 2013"	"340"	"0"	"0"	"340"	"Reviewable"	"NotReviewed"	"1 scales"	"600"	"60000"	"Mon Dec 23 10:30:22 CST 2013"	"S93047"	"Approved"	""	"""peppers"""	"""target"""	"-1"	"-1"	"-1"	"-1"	"0"	"""Pizza"""	"0"	"0"	"""2"""	"1"	"0"	"""thanks!"""	"1"	"""1"""	"""pizza"""	"""middle"""	"""TRUE"""	"-1"	"""TRUE"""	"-1"	"-1"	"0"
"What is he talking about? (1-2 mins)"	"Short and fun! A 1-2 minute word game about what someone is talking about."	"experiment, psychology, game"	"$0.20"	"Mon Dec 16 10:30:22 CST 2013"	"340"	"0"	"0"	"340"	"Reviewable"	"NotReviewed"	"1 scales"	"600"	"60000"	"Mon Dec 23 10:30:22 CST 2013"	"S60360"	"Approved"	""	"""mushrooms"""	"""target"""	"-1"	"-1"	"-1"	"-1"	"0"	"""Bob and his inability to properly say what pizza he wants."""	"0"	"0"	"""2"""	"1"	"0"	""""""	"1"	"""1"""	"""pizza"""	"""right"""	"""TRUE"""	"-1"	"""TRUE"""	"-1"	"-1"	"0"
"What is he talking about? (1-2 mins)"	"Short and fun! A 1-2 minute word game about what someone is talking about."	"experiment, psychology, game"	"$0.20"	"Mon Dec 16 10:30:22 CST 2013"	"340"	"0"	"0"	"340"	"Reviewable"	"NotReviewed"	"1 scales"	"600"	"60000"	"Mon Dec 23 10:30:22 CST 2013"	"S72827"	"Approved"	""	"""star"""	"""target"""	"-1"	"-1"	"-1"	"-1"	"0"	"""attention to detail"""	"0"	"0"	"""2"""	"1"	"0"	"""simple, fast, fun!"""	"1"	"""1"""	"""Christmas tree"""	"""middle"""	"""TRUE"""	"-1"	"""TRUE"""	"-1"	"-1"	"0"
"What is he talking about? (1-2 mins)"	"Short and fun! A 1-2 minute word game about what someone is talking about."	"experiment, psychology, game"	"$0.20"	"Mon Dec 16 10:30:22 CST 2013"	"340"	"0"	"0"	"340"	"Reviewable"	"NotReviewed"	"1 scales"	"600"	"60000"	"Mon Dec 23 10:30:22 CST 2013"	"S18251"	"Approved"	""	"""star"""	"""target"""	"-1"	"-1"	"-1"	"-1"	"0"	"""logic"""	"0"	"0"	"""2"""	"1"	"0"	"""thanks!"""	"1"	"""1"""	"""Christmas tree"""	"""middle"""	"""TRUE"""	"-1"	"""TRUE"""	"-1"	"-1"	"0"
"What is he talking about? (1-2 mins)"	"Short and fun! A 1-2 minute word game about what someone is talking about."	"experiment, psychology, game"	"$0.20"	"Mon Dec 16 10:30:22 CST 2013"	"340"	"0"	"0"	"340"	"Reviewable"	"NotReviewed"	"1 scales"	"600"	"60000"	"Mon Dec 23 10:30:22 CST 2013"	"S26650"	"Approved"	""	"""mushrooms"""	"""target"""	"-1"	"-1"	"-1"	"-1"	"0"	"""Communication"""	"0"	"0"	"""2"""	"1"	"0"	""""""	"1"	"""1"""	"""pizza"""	"""left"""	"""TRUE"""	"-1"	"""TRUE"""	"-1"	"-1"	"0"
"What is he talking about? (1-2 mins)"	"Short and fun! A 1-2 minute word game about what someone is talking about."	"experiment, psychology, game"	"$0.20"	"Mon Dec 16 10:30:22 CST 2013"	"340"	"0"	"0"	"340"	"Reviewable"	"NotReviewed"	"1 scales"	"600"	"60000"	"Mon Dec 23 10:30:22 CST 2013"	"S49856"	"Approved"	""	"""motor"""	"""target"""	"-1"	"-1"	"-1"	"-1"	"0"	"""Communication and boats"""	"0"	"0"	"""2"""	"1"	"0"	"""no"""	"1"	"""1"""	"""boat"""	"""left"""	"""TRUE"""	"-1"	"""TRUE"""	"-1"	"-1"	"0"
"What is he talking about? (1-2 mins)"	"Short and fun! A 1-2 minute word game about what someone is talking about."	"experiment, psychology, game"	"$0.20"	"Mon Dec 16 10:30:22 CST 2013"	"340"	"0"	"0"	"340"	"Reviewable"	"NotReviewed"	"1 scales"	"600"	"60000"	"Mon Dec 23 10:30:22 CST 2013"	"S16851"	"Approved"	""	"""motor"""	"""logical"""	"-1"	"-1"	"-1"	"-1"	"0"	"""bob and his boat"""	"0"	"0"	"""2"""	"1"	"0"	""""""	"1"	"""1"""	"""boat"""	"""left"""	"""TRUE"""	"-1"	"""FALSE"""	"-1"	"-1"	"0"
"What is he talking about? (1-2 mins)"	"Short and fun! A 1-2 minute word game about what someone is talking about."	"experiment, psychology, game"	"$0.20"	"Mon Dec 16 10:30:22 CST 2013"	"340"	"0"	"0"	"340"	"Reviewable"	"NotReviewed"	"1 scales"	"600"	"60000"	"Mon Dec 23 10:30:22 CST 2013"	"S43425"	"Approved"	""	"""chocolate"""	"""target"""	"-1"	"-1"	"-1"	"-1"	"0"	"""ice cream"""	"0"	"0"	"""2"""	"1"	"0"	""""""	"1"	"""1"""	"""sundae"""	"""right"""	"""TRUE"""	"-1"	"""TRUE"""	"-1"	"-1"	"0"
"What is he talking about? (1-2 mins)"	"Short and fun! A 1-2 minute word game about what someone is talking about."	"experiment, psychology, game"	"$0.20"	"Mon Dec 16 10:30:22 CST 2013"	"340"	"0"	"0"	"340"	"Reviewable"	"NotReviewed"	"1 scales"	"600"	"60000"	"Mon Dec 23 10:30:22 CST 2013"	"S47264"	"Approved"	""	"""ornaments"""	"""target"""	"-1"	"-1"	"-1"	"-1"	"0"	"""christmas trees"""	"0"	"0"	"""1"""	"1"	"0"	"""cool"""	"1"	"""2"""	"""Christmas tree"""	"""left"""	"""TRUE"""	"-1"	"""TRUE"""	"-1"	"-1"	"0"
"What is he talking about? (1-2 mins)"	"Short and fun! A 1-2 minute word game about what someone is talking about."	"experiment, psychology, game"	"$0.20"	"Mon Dec 16 10:30:22 CST 2013"	"340"	"0"	"0"	"340"	"Reviewable"	"NotReviewed"	"1 scales"	"600"	"60000"	"Mon Dec 23 10:30:22 CST 2013"	"S64466"	"Approved"	""	"""whipped cream"""	"""target"""	"-1"	"-1"	"-1"	"-1"	"0"	"""Communication"""	"0"	"0"	"""2"""	"1"	"0"	"""Fun!"""	"1"	"""1"""	"""sundae"""	"""middle"""	"""TRUE"""	"-1"	"""TRUE"""	"-1"	"-1"	"0"
"What is he talking about? (1-2 mins)"	"Short and fun! A 1-2 minute word game about what someone is talking about."	"experiment, psychology, game"	"$0.20"	"Mon Dec 16 10:30:22 CST 2013"	"340"	"0"	"0"	"340"	"Reviewable"	"NotReviewed"	"1 scales"	"600"	"60000"	"Mon Dec 23 10:30:22 CST 2013"	"S36201"	"Approved"	""	"""peppers"""	"""target"""	"-1"	"-1"	"-1"	"-1"	"0"	"""thoughts"""	"0"	"0"	"""2"""	"1"	"0"	"""no"""	"1"	"""1"""	"""pizza"""	"""left"""	"""TRUE"""	"-1"	"""TRUE"""	"-1"	"-1"	"0"
"What is he talking about? (1-2 mins)"	"Short and fun! A 1-2 minute word game about what someone is talking about."	"experiment, psychology, game"	"$0.20"	"Mon Dec 16 10:30:22 CST 2013"	"340"	"0"	"0"	"340"	"Reviewable"	"NotReviewed"	"1 scales"	"600"	"60000"	"Mon Dec 23 10:30:22 CST 2013"	"S13516"	"Approved"	""	"""star"""	"""logical"""	"-1"	"-1"	"-1"	"-1"	"0"	"""which tree bob was talking about. """	"0"	"0"	"""2"""	"1"	"0"	""""""	"1"	"""1"""	"""Christmas tree"""	"""left"""	"""TRUE"""	"-1"	"""FALSE"""	"-1"	"-1"	"0"
"What is he talking about? (1-2 mins)"	"Short and fun! A 1-2 minute word game about what someone is talking about."	"experiment, psychology, game"	"$0.20"	"Mon Dec 16 10:30:22 CST 2013"	"340"	"0"	"0"	"340"	"Reviewable"	"NotReviewed"	"1 scales"	"600"	"60000"	"Mon Dec 23 10:30:22 CST 2013"	"S16828"	"Approved"	""	"""mittens"""	"""logical"""	"-1"	"-1"	"-1"	"-1"	"0"	"""communication"""	"0"	"0"	"""2"""	"1"	"0"	"""thanks"""	"1"	"""1"""	"""snowman"""	"""right"""	"""TRUE"""	"-1"	"""FALSE"""	"-1"	"-1"	"0"
"What is he talking about? (1-2 mins)"	"Short and fun! A 1-2 minute word game about what someone is talking about."	"experiment, psychology, game"	"$0.20"	"Mon Dec 16 10:30:22 CST 2013"	"340"	"0"	"0"	"340"	"Reviewable"	"NotReviewed"	"1 scales"	"600"	"60000"	"Mon Dec 23 10:30:22 CST 2013"	"S39795"	"Approved"	""	"""star"""	"""target"""	"-1"	"-1"	"-1"	"-1"	"0"	"""intent of language"""	"0"	"0"	"""2"""	"1"	"0"	""""""	"1"	"""1"""	"""Christmas tree"""	"""right"""	"""TRUE"""	"-1"	"""TRUE"""	"-1"	"-1"	"0"
"What is he talking about? (1-2 mins)"	"Short and fun! A 1-2 minute word game about what someone is talking about."	"experiment, psychology, game"	"$0.20"	"Mon Dec 16 10:30:22 CST 2013"	"340"	"0"	"0"	"340"	"Reviewable"	"NotReviewed"	"1 scales"	"600"	"60000"	"Mon Dec 23 10:30:22 CST 2013"	"S51338"	"Approved"	""	"""lights"""	"""target"""	"-1"	"-1"	"-1"	"-1"	"0"	"""Communication styles, presumably"""	"0"	"0"	"""2"""	"1"	"0"	""""""	"1"	"""1"""	"""Christmas tree"""	"""right"""	"""TRUE"""	"-1"	"""TRUE"""	"-1"	"-1"	"0"
"What is he talking about? (1-2 mins)"	"Short and fun! A 1-2 minute word game about what someone is talking about."	"experiment, psychology, game"	"$0.20"	"Mon Dec 16 10:30:22 CST 2013"	"340"	"0"	"0"	"340"	"Reviewable"	"NotReviewed"	"1 scales"	"600"	"60000"	"Mon Dec 23 10:30:22 CST 2013"	"S34750"	"Approved"	""	"""hat"""	"""logical"""	"-1"	"-1"	"-1"	"-1"	"0"	"""Snowmen."""	"0"	"0"	"""2"""	"1"	"0"	""""""	"1"	"""1"""	"""snowman"""	"""right"""	"""TRUE"""	"-1"	"""FALSE"""	"-1"	"-1"	"0"
"What is he talking about? (1-2 mins)"	"Short and fun! A 1-2 minute word game about what someone is talking about."	"experiment, psychology, game"	"$0.20"	"Mon Dec 16 10:30:22 CST 2013"	"340"	"0"	"0"	"340"	"Reviewable"	"NotReviewed"	"1 scales"	"600"	"60000"	"Mon Dec 23 10:30:22 CST 2013"	"S38750"	"Approved"	""	"""peppers"""	"""target"""	"-1"	"-1"	"-1"	"-1"	"0"	"""Peppers and whether you can interpret what bob wants by one word"""	"0"	"0"	"""2"""	"1"	"0"	"""none"""	"1"	"""1"""	"""pizza"""	"""middle"""	"""TRUE"""	"-1"	"""TRUE"""	"-1"	"-1"	"0"
"What is he talking about? (1-2 mins)"	"Short and fun! A 1-2 minute word game about what someone is talking about."	"experiment, psychology, game"	"$0.20"	"Mon Dec 16 10:30:22 CST 2013"	"340"	"0"	"0"	"340"	"Reviewable"	"NotReviewed"	"1 scales"	"600"	"60000"	"Mon Dec 23 10:30:22 CST 2013"	"S41481"	"Approved"	""	"""star"""	"""target"""	"-1"	"-1"	"-1"	"-1"	"0"	"""The trees he has trimmed."""	"0"	"0"	"""2"""	"1"	"0"	"""No."""	"1"	"""1"""	"""Christmas tree"""	"""middle"""	"""TRUE"""	"-1"	"""TRUE"""	"-1"	"-1"	"0"
"What is he talking about? (1-2 mins)"	"Short and fun! A 1-2 minute word game about what someone is talking about."	"experiment, psychology, game"	"$0.20"	"Mon Dec 16 10:30:22 CST 2013"	"340"	"0"	"0"	"340"	"Reviewable"	"NotReviewed"	"1 scales"	"600"	"60000"	"Mon Dec 23 10:30:22 CST 2013"	"S80748"	"Approved"	""	"""chocolate"""	"""target"""	"-1"	"-1"	"-1"	"-1"	"0"	"""Sundaes"""	"0"	"0"	"""2"""	"1"	"0"	""""""	"1"	"""1"""	"""sundae"""	"""left"""	"""TRUE"""	"-1"	"""TRUE"""	"-1"	"-1"	"0"
"What is he talking about? (1-2 mins)"	"Short and fun! A 1-2 minute word game about what someone is talking about."	"experiment, psychology, game"	"$0.20"	"Mon Dec 16 10:30:22 CST 2013"	"340"	"0"	"0"	"340"	"Reviewable"	"NotReviewed"	"1 scales"	"600"	"60000"	"Mon Dec 23 10:30:22 CST 2013"	"S27663"	"Approved"	""	"""whipped cream"""	"""target"""	"-1"	"-1"	"-1"	"-1"	"0"	"""sundaes"""	"0"	"0"	"""2"""	"1"	"0"	""""""	"1"	"""1"""	"""sundae"""	"""middle"""	"""TRUE"""	"-1"	"""TRUE"""	"-1"	"-1"	"0"
"What is he talking about? (1-2 mins)"	"Short and fun! A 1-2 minute word game about what someone is talking about."	"experiment, psychology, game"	"$0.20"	"Mon Dec 16 10:30:22 CST 2013"	"340"	"0"	"0"	"340"	"Reviewable"	"NotReviewed"	"1 scales"	"600"	"60000"	"Mon Dec 23 10:30:22 CST 2013"	"S08900"	"Approved"	""	"""lights"""	"""target"""	"-1"	"-1"	"-1"	"-1"	"0"	"""Understanding what someone is talking about based on one word and three objects"""	"0"	"0"	"""2"""	"1"	"0"	""""""	"1"	"""1"""	"""Christmas tree"""	"""right"""	"""TRUE"""	"-1"	"""TRUE"""	"-1"	"-1"	"0"
"What is he talking about? (1-2 mins)"	"Short and fun! A 1-2 minute word game about what someone is talking about."	"experiment, psychology, game"	"$0.20"	"Mon Dec 16 10:30:22 CST 2013"	"340"	"0"	"0"	"340"	"Reviewable"	"NotReviewed"	"1 scales"	"600"	"60000"	"Mon Dec 23 10:30:22 CST 2013"	"S16806"	"Approved"	""	"""scarf"""	"""target"""	"-1"	"-1"	"-1"	"-1"	"0"	"""Snowmen"""	"0"	"0"	"""2"""	"1"	"0"	""""""	"1"	"""1"""	"""snowman"""	"""right"""	"""TRUE"""	"-1"	"""TRUE"""	"-1"	"-1"	"0"
"What is he talking about? (1-2 mins)"	"Short and fun! A 1-2 minute word game about what someone is talking about."	"experiment, psychology, game"	"$0.20"	"Mon Dec 16 10:30:22 CST 2013"	"340"	"0"	"0"	"340"	"Reviewable"	"NotReviewed"	"1 scales"	"600"	"60000"	"Mon Dec 23 10:30:22 CST 2013"	"S26410"	"Approved"	""	"""cabin"""	"""logical"""	"-1"	"-1"	"-1"	"-1"	"0"	"""Which boats have a cabin and a motor"""	"0"	"0"	"""2"""	"1"	"0"	""""""	"1"	"""1"""	"""boat"""	"""middle"""	"""TRUE"""	"-1"	"""FALSE"""	"-1"	"-1"	"0"
"What is he talking about? (1-2 mins)"	"Short and fun! A 1-2 minute word game about what someone is talking about."	"experiment, psychology, game"	"$0.20"	"Mon Dec 16 10:30:22 CST 2013"	"340"	"0"	"0"	"340"	"Reviewable"	"NotReviewed"	"1 scales"	"600"	"60000"	"Mon Dec 23 10:30:22 CST 2013"	"S27476"	"Approved"	""	"""sail"""	"""target"""	"-1"	"-1"	"-1"	"-1"	"0"	"""Sailing"""	"0"	"0"	"""2"""	"1"	"0"	"""Fun and charming."""	"1"	"""1"""	"""boat"""	"""middle"""	"""TRUE"""	"-1"	"""TRUE"""	"-1"	"-1"	"0"
"What is he talking about? (1-2 mins)"	"Short and fun! A 1-2 minute word game about what someone is talking about."	"experiment, psychology, game"	"$0.20"	"Mon Dec 16 10:30:22 CST 2013"	"340"	"0"	"0"	"340"	"Reviewable"	"NotReviewed"	"1 scales"	"600"	"60000"	"Mon Dec 23 10:30:22 CST 2013"	"S19598"	"Approved"	""	"""mustache"""	"""target"""	"-1"	"-1"	"-1"	"-1"	"0"	"""Which friend Bob had gone to visit"""	"0"	"0"	"""2"""	"1"	"0"	""""""	"1"	"""1"""	"""friend"""	"""middle"""	"""TRUE"""	"-1"	"""TRUE"""	"-1"	"-1"	"0"
"What is he talking about? (1-2 mins)"	"Short and fun! A 1-2 minute word game about what someone is talking about."	"experiment, psychology, game"	"$0.20"	"Mon Dec 16 10:30:22 CST 2013"	"340"	"0"	"0"	"340"	"Reviewable"	"NotReviewed"	"1 scales"	"600"	"60000"	"Mon Dec 23 10:30:22 CST 2013"	"S29668"	"Approved"	""	"""lights"""	"""target"""	"-1"	"-1"	"-1"	"-1"	"0"	"""Bob's christmas trees that he cut"""	"0"	"0"	"""1"""	"1"	"0"	""""""	"1"	"""1"""	"""Christmas tree"""	"""left"""	"""TRUE"""	"-1"	"""TRUE"""	"-1"	"-1"	"0"
"What is he talking about? (1-2 mins)"	"Short and fun! A 1-2 minute word game about what someone is talking about."	"experiment, psychology, game"	"$0.20"	"Mon Dec 16 10:30:22 CST 2013"	"340"	"0"	"0"	"340"	"Reviewable"	"NotReviewed"	"1 scales"	"600"	"60000"	"Mon Dec 23 10:30:22 CST 2013"	"S22772"	"Approved"	""	"""hat"""	"""foil"""	"-1"	"-1"	"-1"	"-1"	"0"	"""language"""	"0"	"0"	"""2"""	"1"	"0"	""""""	"1"	"""1"""	"""snowman"""	"""middle"""	"""TRUE"""	"-1"	"""FALSE"""	"-1"	"-1"	"0"
"What is he talking about? (1-2 mins)"	"Short and fun! A 1-2 minute word game about what someone is talking about."	"experiment, psychology, game"	"$0.20"	"Mon Dec 16 10:30:22 CST 2013"	"340"	"0"	"0"	"340"	"Reviewable"	"NotReviewed"	"1 scales"	"600"	"60000"	"Mon Dec 23 10:30:22 CST 2013"	"S47947"	"Approved"	""	"""chocolate"""	"""target"""	"-1"	"-1"	"-1"	"-1"	"0"	"""Determining if we remember small details (like the person's name)"""	"0"	"0"	"""2"""	"1"	"0"	"""nope!"""	"1"	"""1"""	"""sundae"""	"""right"""	"""TRUE"""	"-1"	"""TRUE"""	"-1"	"-1"	"0"
"What is he talking about? (1-2 mins)"	"Short and fun! A 1-2 minute word game about what someone is talking about."	"experiment, psychology, game"	"$0.20"	"Mon Dec 16 10:30:22 CST 2013"	"340"	"0"	"0"	"340"	"Reviewable"	"NotReviewed"	"1 scales"	"600"	"60000"	"Mon Dec 23 10:30:22 CST 2013"	"S80338"	"Approved"	""	"""olives"""	"""logical"""	"-1"	"-1"	"-1"	"-1"	"0"	"""How we interpret a single word about objects."""	"0"	"0"	"""2"""	"1"	"0"	""""""	"1"	"""3"""	"""pizza"""	"""middle"""	"""TRUE"""	"-1"	"""FALSE"""	"-1"	"-1"	"0"
"What is he talking about? (1-2 mins)"	"Short and fun! A 1-2 minute word game about what someone is talking about."	"experiment, psychology, game"	"$0.20"	"Mon Dec 16 10:30:22 CST 2013"	"340"	"0"	"0"	"340"	"Reviewable"	"NotReviewed"	"1 scales"	"600"	"60000"	"Mon Dec 23 10:30:22 CST 2013"	"S60110"	"Approved"	""	"""hat"""	"""target"""	"-1"	"-1"	"-1"	"-1"	"0"	"""I think it was about how people interpret a message based on one word."""	"0"	"0"	"""2"""	"1"	"0"	"""Thanks"""	"1"	"""1"""	"""friend"""	"""middle"""	"""TRUE"""	"-1"	"""TRUE"""	"-1"	"-1"	"0"
"What is he talking about? (1-2 mins)"	"Short and fun! A 1-2 minute word game about what someone is talking about."	"experiment, psychology, game"	"$0.20"	"Mon Dec 16 10:30:22 CST 2013"	"340"	"0"	"0"	"340"	"Reviewable"	"NotReviewed"	"1 scales"	"600"	"60000"	"Mon Dec 23 10:30:22 CST 2013"	"S01099"	"Approved"	""	"""olives"""	"""target"""	"-1"	"-1"	"-1"	"-1"	"0"	"""Communication"""	"0"	"0"	"""2"""	"1"	"0"	"""no"""	"1"	"""1"""	"""pizza"""	"""left"""	"""TRUE"""	"-1"	"""TRUE"""	"-1"	"-1"	"0"
"What is he talking about? (1-2 mins)"	"Short and fun! A 1-2 minute word game about what someone is talking about."	"experiment, psychology, game"	"$0.20"	"Mon Dec 16 10:30:22 CST 2013"	"340"	"0"	"0"	"340"	"Reviewable"	"NotReviewed"	"1 scales"	"600"	"60000"	"Mon Dec 23 10:30:22 CST 2013"	"S89170"	"Approved"	""	"""chocolate"""	"""target"""	"-1"	"-1"	"-1"	"-1"	"0"	"""Sundaes"""	"0"	"0"	"""2"""	"1"	"0"	""""""	"1"	"""1"""	"""sundae"""	"""right"""	"""FALSE"""	"-1"	"""TRUE"""	"-1"	"-1"	"0"
