"title"	"description"	"keywords"	"reward"	"creationtime"	"assignments"	"numavailable"	"numpending"	"numcomplete"	"hitstatus"	"reviewstatus"	"annotation"	"assignmentduration"	"autoapprovaldelay"	"hitlifetime"	"workerid"	"assignmentstatus"	"deadline"	"Answer.item"	"Answer.target_property"	"Answer.target_position"	"Answer.target_frequency"	"Answer.familiarization_cond"	"Answer.participant_response_type_condition"	"Answer.participant_feature_count_condition"	"Answer.linguistic_framing_condition"	"Answer.target_filler_sequence_condition"	"Answer.question_type_condition"	"Answer.manip_check_target"	"Answer.manip_check_dist"	"Answer.manip_check_foil"	"Answer.name_check_correct"	"Answer.choice"	"Answer.choice_correct"	"Answer.money_allocated_to_foil"	"Answer.money_allocated_to_target"	"Answer.money_allocated_to_logical"	"Answer.Likert_value_foil"	"Answer.Likert_value_target"	"Answer.Likert_value_logical"	"Answer.about"	"Answer.comment"	"Answer.age"	"Answer.gender"	"Answer.scale_and_levels_condition"	"Answer.familiarization_present_in_study"	"Answer.top_question_order"	"Answer.middle_question_order"	"Answer.bottom_question_order"	"Answer.image_version"	"Answer.hand_position"
"What is he talking about? (1-2 mins)"	"Short and fun! A 1-2 minute word game about what someone is talking about."	"experiment, psychology, game"	"$0.20"	"Wed Jan 21 16:06:18 PST 2015"	"200"	"0"	"0"	"200"	"Reviewable"	"NotReviewed"	"1 scales"	"600"	"60000"	"Wed Jan 28 16:06:18 PST 2015"	"S90827"	"Approved"	""	"""sundae"""	"""cherry"""	"""right"""	"0"	"-1"	"0"	"1"	"1"	"0"	"3"	"""2"""	"""1"""	"-1"	"""TRUE"""	"""foil"""	"""FALSE"""	"-1"	"-1"	"-1"	"-1"	"-1"	"-1"	"""Which sundae Bob was eating."""	"""Thank you very much!"""	"""21"""	"""f"""	"1"	"0"	"1"	"2"	"0"	"""3"""	"-1"
"What is he talking about? (1-2 mins)"	"Short and fun! A 1-2 minute word game about what someone is talking about."	"experiment, psychology, game"	"$0.20"	"Wed Jan 21 16:06:18 PST 2015"	"200"	"0"	"0"	"200"	"Reviewable"	"NotReviewed"	"1 scales"	"600"	"60000"	"Wed Jan 28 16:06:18 PST 2015"	"S02546"	"Approved"	""	"""snowman"""	"""scarf"""	"""right"""	"0"	"-1"	"0"	"1"	"1"	"0"	"3"	"""2"""	"""1"""	"-1"	"""TRUE"""	"""foil"""	"""FALSE"""	"-1"	"-1"	"-1"	"-1"	"-1"	"-1"	"""Deductive reasoning"""	""""""	"""46"""	"""f"""	"1"	"0"	"1"	"2"	"0"	"""3"""	"-1"
"What is he talking about? (1-2 mins)"	"Short and fun! A 1-2 minute word game about what someone is talking about."	"experiment, psychology, game"	"$0.20"	"Wed Jan 21 16:06:18 PST 2015"	"200"	"0"	"0"	"200"	"Reviewable"	"NotReviewed"	"1 scales"	"600"	"60000"	"Wed Jan 28 16:06:18 PST 2015"	"S54410"	"Approved"	""	"""sundae"""	"""whipped cream"""	"""middle"""	"0"	"-1"	"0"	"1"	"1"	"0"	"4"	"""2"""	"""1"""	"-1"	"""TRUE"""	"""foil"""	"""FALSE"""	"-1"	"-1"	"-1"	"-1"	"-1"	"-1"	"""Bob liking sundays~ """	""""""	"""20"""	"""f"""	"1"	"0"	"0"	"2"	"1"	"""3"""	"-1"
"What is he talking about? (1-2 mins)"	"Short and fun! A 1-2 minute word game about what someone is talking about."	"experiment, psychology, game"	"$0.20"	"Wed Jan 21 16:06:18 PST 2015"	"200"	"0"	"0"	"200"	"Reviewable"	"NotReviewed"	"1 scales"	"600"	"60000"	"Wed Jan 28 16:06:18 PST 2015"	"S32761"	"Approved"	""	"""boat"""	"""cabin"""	"""right"""	"0"	"-1"	"0"	"1"	"1"	"0"	"4"	"""2"""	"""1"""	"-1"	"""TRUE"""	"""logical"""	"""FALSE"""	"-1"	"-1"	"-1"	"-1"	"-1"	"-1"	"""Boats"""	""""""	"""22"""	"""m"""	"1"	"0"	"0"	"2"	"1"	"""3"""	"-1"
"What is he talking about? (1-2 mins)"	"Short and fun! A 1-2 minute word game about what someone is talking about."	"experiment, psychology, game"	"$0.20"	"Wed Jan 21 16:06:18 PST 2015"	"200"	"0"	"0"	"200"	"Reviewable"	"NotReviewed"	"1 scales"	"600"	"60000"	"Wed Jan 28 16:06:18 PST 2015"	"S11977"	"Approved"	""	"""pizza"""	"""mushrooms"""	"""middle"""	"0"	"-1"	"0"	"1"	"1"	"0"	"3"	"""2"""	"""1"""	"-1"	"""TRUE"""	"""target"""	"""TRUE"""	"-1"	"-1"	"-1"	"-1"	"-1"	"-1"	"""pizza choices"""	"""short!"""	"""34"""	"""m"""	"1"	"0"	"0"	"1"	"2"	"""3"""	"-1"
"What is he talking about? (1-2 mins)"	"Short and fun! A 1-2 minute word game about what someone is talking about."	"experiment, psychology, game"	"$0.20"	"Wed Jan 21 16:06:18 PST 2015"	"200"	"0"	"0"	"200"	"Reviewable"	"NotReviewed"	"1 scales"	"600"	"60000"	"Wed Jan 28 16:06:18 PST 2015"	"S58246"	"Approved"	""	"""sundae"""	"""cherry"""	"""right"""	"0"	"-1"	"0"	"1"	"1"	"0"	"3"	"""2"""	"""1"""	"-1"	"""TRUE"""	"""logical"""	"""FALSE"""	"-1"	"-1"	"-1"	"-1"	"-1"	"-1"	"""no clue"""	""""""	"""41"""	"""f"""	"1"	"0"	"0"	"1"	"2"	"""3"""	"-1"
"What is he talking about? (1-2 mins)"	"Short and fun! A 1-2 minute word game about what someone is talking about."	"experiment, psychology, game"	"$0.20"	"Wed Jan 21 16:06:18 PST 2015"	"200"	"0"	"0"	"200"	"Reviewable"	"NotReviewed"	"1 scales"	"600"	"60000"	"Wed Jan 28 16:06:18 PST 2015"	"S90338"	"Approved"	""	"""friend"""	"""hat"""	"""right"""	"0"	"-1"	"0"	"1"	"1"	"0"	"4"	"""2"""	"""1"""	"-1"	"""TRUE"""	"""target"""	"""TRUE"""	"-1"	"-1"	"-1"	"-1"	"-1"	"-1"	"""Bob meeting friends."""	"""None"""	"""26"""	"""F"""	"1"	"0"	"0"	"1"	"2"	"""3"""	"-1"
"What is he talking about? (1-2 mins)"	"Short and fun! A 1-2 minute word game about what someone is talking about."	"experiment, psychology, game"	"$0.20"	"Wed Jan 21 16:06:18 PST 2015"	"200"	"0"	"0"	"200"	"Reviewable"	"NotReviewed"	"1 scales"	"600"	"60000"	"Wed Jan 28 16:06:18 PST 2015"	"S39318"	"Approved"	""	"""pizza"""	"""peppers"""	"""left"""	"0"	"-1"	"0"	"1"	"1"	"0"	"4"	"""2"""	"""1"""	"-1"	"""TRUE"""	"""logical"""	"""FALSE"""	"-1"	"-1"	"-1"	"-1"	"-1"	"-1"	"""guessing what someone might think."""	"""fun survey. Thanks!!!"""	"""33"""	"""m"""	"1"	"0"	"2"	"0"	"1"	"""3"""	"-1"
"What is he talking about? (1-2 mins)"	"Short and fun! A 1-2 minute word game about what someone is talking about."	"experiment, psychology, game"	"$0.20"	"Wed Jan 21 16:06:18 PST 2015"	"200"	"0"	"0"	"200"	"Reviewable"	"NotReviewed"	"1 scales"	"600"	"60000"	"Wed Jan 28 16:06:18 PST 2015"	"S82649"	"Approved"	""	"""boat"""	"""motor"""	"""left"""	"0"	"-1"	"0"	"1"	"1"	"0"	"3"	"""2"""	"""1"""	"-1"	"""TRUE"""	"""logical"""	"""FALSE"""	"-1"	"-1"	"-1"	"-1"	"-1"	"-1"	"""Trying to understand what the person is saying."""	"""No."""	""""""	"""f"""	"1"	"0"	"2"	"0"	"1"	"""3"""	"-1"
"What is he talking about? (1-2 mins)"	"Short and fun! A 1-2 minute word game about what someone is talking about."	"experiment, psychology, game"	"$0.20"	"Wed Jan 21 16:06:18 PST 2015"	"200"	"0"	"0"	"200"	"Reviewable"	"NotReviewed"	"1 scales"	"600"	"60000"	"Wed Jan 28 16:06:18 PST 2015"	"S92178"	"Approved"	""	"""friend"""	"""mustache"""	"""left"""	"0"	"-1"	"0"	"1"	"1"	"0"	"3"	"""2"""	"""1"""	"-1"	"""TRUE"""	"""logical"""	"""FALSE"""	"-1"	"-1"	"-1"	"-1"	"-1"	"-1"	"""talking"""	""""""	"""26"""	"""m"""	"1"	"0"	"2"	"0"	"1"	"""3"""	"-1"
"What is he talking about? (1-2 mins)"	"Short and fun! A 1-2 minute word game about what someone is talking about."	"experiment, psychology, game"	"$0.20"	"Wed Jan 21 16:06:18 PST 2015"	"200"	"0"	"0"	"200"	"Reviewable"	"NotReviewed"	"1 scales"	"600"	"60000"	"Wed Jan 28 16:06:18 PST 2015"	"S84180"	"Approved"	""	"""snowman"""	"""mittens"""	"""middle"""	"0"	"-1"	"0"	"1"	"1"	"0"	"3"	"""2"""	"""1"""	"-1"	"""TRUE"""	"""logical"""	"""FALSE"""	"-1"	"-1"	"-1"	"-1"	"-1"	"-1"	"""Decorating a snowman with Bob"""	"""No"""	""""""	"""f"""	"1"	"0"	"1"	"2"	"0"	"""3"""	"-1"
"What is he talking about? (1-2 mins)"	"Short and fun! A 1-2 minute word game about what someone is talking about."	"experiment, psychology, game"	"$0.20"	"Wed Jan 21 16:06:18 PST 2015"	"200"	"0"	"0"	"200"	"Reviewable"	"NotReviewed"	"1 scales"	"600"	"60000"	"Wed Jan 28 16:06:18 PST 2015"	"S20922"	"Approved"	""	"""snowman"""	"""hat"""	"""left"""	"0"	"-1"	"0"	"1"	"1"	"0"	"4"	"""2"""	"""1"""	"-1"	"""TRUE"""	"""foil"""	"""FALSE"""	"-1"	"-1"	"-1"	"-1"	"-1"	"-1"	"""decorating snowmen"""	""""""	"""22"""	"""m"""	"1"	"0"	"0"	"2"	"1"	"""3"""	"-1"
"What is he talking about? (1-2 mins)"	"Short and fun! A 1-2 minute word game about what someone is talking about."	"experiment, psychology, game"	"$0.20"	"Wed Jan 21 16:06:18 PST 2015"	"200"	"0"	"0"	"200"	"Reviewable"	"NotReviewed"	"1 scales"	"600"	"60000"	"Wed Jan 28 16:06:18 PST 2015"	"S26744"	"Approved"	""	"""boat"""	"""motor"""	"""right"""	"0"	"-1"	"0"	"1"	"1"	"0"	"3"	"""2"""	"""1"""	"-1"	"""TRUE"""	"""logical"""	"""FALSE"""	"-1"	"-1"	"-1"	"-1"	"-1"	"-1"	"""Choosing a boat"""	""""""	"""29"""	"""m"""	"1"	"0"	"2"	"1"	"0"	"""3"""	"-1"
"What is he talking about? (1-2 mins)"	"Short and fun! A 1-2 minute word game about what someone is talking about."	"experiment, psychology, game"	"$0.20"	"Wed Jan 21 16:06:18 PST 2015"	"200"	"0"	"0"	"200"	"Reviewable"	"NotReviewed"	"1 scales"	"600"	"60000"	"Wed Jan 28 16:06:18 PST 2015"	"S76532"	"Approved"	""	"""pizza"""	"""peppers"""	"""right"""	"0"	"-1"	"0"	"1"	"1"	"0"	"3"	"""2"""	"""2"""	"-1"	"""TRUE"""	"""foil"""	"""FALSE"""	"-1"	"-1"	"-1"	"-1"	"-1"	"-1"	"""figure out what bob was saying"""	"""thx"""	"""35"""	"""m"""	"1"	"0"	"1"	"0"	"2"	"""3"""	"-1"
"What is he talking about? (1-2 mins)"	"Short and fun! A 1-2 minute word game about what someone is talking about."	"experiment, psychology, game"	"$0.20"	"Wed Jan 21 16:06:18 PST 2015"	"200"	"0"	"0"	"200"	"Reviewable"	"NotReviewed"	"1 scales"	"600"	"60000"	"Wed Jan 28 16:06:18 PST 2015"	"S63387"	"Approved"	""	"""pizza"""	"""olives"""	"""left"""	"0"	"-1"	"0"	"1"	"1"	"0"	"4"	"""2"""	"""1"""	"-1"	"""TRUE"""	"""target"""	"""TRUE"""	"-1"	"-1"	"-1"	"-1"	"-1"	"-1"	"""guessing what bob wants?"""	"""nope"""	"""40"""	"""m"""	"1"	"0"	"2"	"1"	"0"	"""3"""	"-1"
"What is he talking about? (1-2 mins)"	"Short and fun! A 1-2 minute word game about what someone is talking about."	"experiment, psychology, game"	"$0.20"	"Wed Jan 21 16:06:18 PST 2015"	"200"	"0"	"0"	"200"	"Reviewable"	"NotReviewed"	"1 scales"	"600"	"60000"	"Wed Jan 28 16:06:18 PST 2015"	"S28891"	"Approved"	""	"""boat"""	"""motor"""	"""right"""	"0"	"-1"	"0"	"1"	"1"	"0"	"3"	"""2"""	"""1"""	"-1"	"""TRUE"""	"""target"""	"""TRUE"""	"-1"	"-1"	"-1"	"-1"	"-1"	"-1"	"""what i think mumblemumble is"""	""""""	"""27"""	"""m"""	"1"	"0"	"2"	"1"	"0"	"""3"""	"-1"
"What is he talking about? (1-2 mins)"	"Short and fun! A 1-2 minute word game about what someone is talking about."	"experiment, psychology, game"	"$0.20"	"Wed Jan 21 16:06:18 PST 2015"	"200"	"0"	"0"	"200"	"Reviewable"	"NotReviewed"	"1 scales"	"600"	"60000"	"Wed Jan 28 16:06:18 PST 2015"	"S98275"	"Approved"	""	"""friend"""	"""mustache"""	"""left"""	"0"	"-1"	"0"	"1"	"1"	"0"	"4"	"""2"""	"""1"""	"-1"	"""TRUE"""	"""target"""	"""TRUE"""	"-1"	"-1"	"-1"	"-1"	"-1"	"-1"	"""Friends Bob Met"""	""""""	"""27"""	"""M"""	"1"	"0"	"0"	"1"	"2"	"""3"""	"-1"
"What is he talking about? (1-2 mins)"	"Short and fun! A 1-2 minute word game about what someone is talking about."	"experiment, psychology, game"	"$0.20"	"Wed Jan 21 16:06:18 PST 2015"	"200"	"0"	"0"	"200"	"Reviewable"	"NotReviewed"	"1 scales"	"600"	"60000"	"Wed Jan 28 16:06:18 PST 2015"	"S97102"	"Approved"	""	"""friend"""	"""mustache"""	"""left"""	"0"	"-1"	"0"	"1"	"1"	"0"	"4"	"""2"""	"""1"""	"-1"	"""TRUE"""	"""foil"""	"""FALSE"""	"-1"	"-1"	"-1"	"-1"	"-1"	"-1"	"""bob visiting his friends"""	""""""	"""56"""	"""f"""	"1"	"0"	"1"	"0"	"2"	"""3"""	"-1"
"What is he talking about? (1-2 mins)"	"Short and fun! A 1-2 minute word game about what someone is talking about."	"experiment, psychology, game"	"$0.20"	"Wed Jan 21 16:06:18 PST 2015"	"200"	"0"	"0"	"200"	"Reviewable"	"NotReviewed"	"1 scales"	"600"	"60000"	"Wed Jan 28 16:06:18 PST 2015"	"S61957"	"Approved"	""	"""Christmas tree"""	"""star"""	"""right"""	"0"	"-1"	"0"	"1"	"1"	"0"	"4"	"""2"""	"""1"""	"-1"	"""TRUE"""	"""foil"""	"""FALSE"""	"-1"	"-1"	"-1"	"-1"	"-1"	"-1"	"""Trees"""	""""""	"""22"""	"""f"""	"1"	"0"	"2"	"0"	"1"	"""3"""	"-1"
"What is he talking about? (1-2 mins)"	"Short and fun! A 1-2 minute word game about what someone is talking about."	"experiment, psychology, game"	"$0.20"	"Wed Jan 21 16:06:18 PST 2015"	"200"	"0"	"0"	"200"	"Reviewable"	"NotReviewed"	"1 scales"	"600"	"60000"	"Wed Jan 28 16:06:18 PST 2015"	"S23741"	"Approved"	""	"""friend"""	"""hat"""	"""middle"""	"0"	"-1"	"0"	"1"	"1"	"0"	"3"	"""2"""	"""1"""	"-1"	"""TRUE"""	"""foil"""	"""FALSE"""	"-1"	"-1"	"-1"	"-1"	"-1"	"-1"	"""Which friend will bob be going to visit next. How many wore hats, had glasses. He told me he was going to see mumble mumble next. """	"""No"""	"""30"""	"""m"""	"1"	"0"	"1"	"0"	"2"	"""3"""	"-1"
"What is he talking about? (1-2 mins)"	"Short and fun! A 1-2 minute word game about what someone is talking about."	"experiment, psychology, game"	"$0.20"	"Wed Jan 21 16:06:18 PST 2015"	"200"	"0"	"0"	"200"	"Reviewable"	"NotReviewed"	"1 scales"	"600"	"60000"	"Wed Jan 28 16:06:18 PST 2015"	"S22553"	"Approved"	""	"""sundae"""	"""whipped cream"""	"""right"""	"0"	"-1"	"0"	"1"	"1"	"0"	"4"	"""2"""	"""1"""	"-1"	"""TRUE"""	"""foil"""	"""FALSE"""	"-1"	"-1"	"-1"	"-1"	"-1"	"-1"	"""Ice cream, their topings, and which one Bob will eat next"""	"""no"""	"""26"""	"""m"""	"1"	"0"	"2"	"1"	"0"	"""3"""	"-1"
"What is he talking about? (1-2 mins)"	"Short and fun! A 1-2 minute word game about what someone is talking about."	"experiment, psychology, game"	"$0.20"	"Wed Jan 21 16:06:18 PST 2015"	"200"	"0"	"0"	"200"	"Reviewable"	"NotReviewed"	"1 scales"	"600"	"60000"	"Wed Jan 28 16:06:18 PST 2015"	"S92133"	"Approved"	""	"""friend"""	"""glasses"""	"""middle"""	"0"	"-1"	"0"	"1"	"1"	"0"	"4"	"""2"""	"""1"""	"-1"	"""TRUE"""	"""foil"""	"""FALSE"""	"-1"	"-1"	"-1"	"-1"	"-1"	"-1"	"""understanding what he's talking about"""	""""""	"""52"""	"""F"""	"1"	"0"	"0"	"1"	"2"	"""3"""	"-1"
"What is he talking about? (1-2 mins)"	"Short and fun! A 1-2 minute word game about what someone is talking about."	"experiment, psychology, game"	"$0.20"	"Wed Jan 21 16:06:18 PST 2015"	"200"	"0"	"0"	"200"	"Reviewable"	"NotReviewed"	"1 scales"	"600"	"60000"	"Wed Jan 28 16:06:18 PST 2015"	"S20420"	"Approved"	""	"""pizza"""	"""mushrooms"""	"""left"""	"0"	"-1"	"0"	"1"	"1"	"0"	"4"	"""2"""	"""1"""	"-1"	"""TRUE"""	"""target"""	"""TRUE"""	"-1"	"-1"	"-1"	"-1"	"-1"	"-1"	"""Determining which pizza bob would eat."""	""""""	"""26"""	"""m"""	"1"	"0"	"0"	"1"	"2"	"""3"""	"-1"
"What is he talking about? (1-2 mins)"	"Short and fun! A 1-2 minute word game about what someone is talking about."	"experiment, psychology, game"	"$0.20"	"Wed Jan 21 16:06:18 PST 2015"	"200"	"0"	"0"	"200"	"Reviewable"	"NotReviewed"	"1 scales"	"600"	"60000"	"Wed Jan 28 16:06:18 PST 2015"	"S97533"	"Approved"	""	"""friend"""	"""mustache"""	"""left"""	"0"	"-1"	"0"	"1"	"1"	"0"	"3"	"""2"""	"""1"""	"-1"	"""TRUE"""	"""foil"""	"""FALSE"""	"-1"	"-1"	"-1"	"-1"	"-1"	"-1"	"""People's perceptions of who would be friends with who"""	""""""	"""26"""	"""m"""	"1"	"0"	"0"	"1"	"2"	"""3"""	"-1"
"What is he talking about? (1-2 mins)"	"Short and fun! A 1-2 minute word game about what someone is talking about."	"experiment, psychology, game"	"$0.20"	"Wed Jan 21 16:06:18 PST 2015"	"200"	"0"	"0"	"200"	"Reviewable"	"NotReviewed"	"1 scales"	"600"	"60000"	"Wed Jan 28 16:06:18 PST 2015"	"S46187"	"Approved"	""	"""boat"""	"""sail"""	"""right"""	"0"	"-1"	"0"	"1"	"1"	"0"	"4"	"""2"""	"""1"""	"-1"	"""TRUE"""	"""logical"""	"""FALSE"""	"-1"	"-1"	"-1"	"-1"	"-1"	"-1"	"""Perceptions of words"""	""""""	""""""	"""f"""	"1"	"0"	"1"	"2"	"0"	"""3"""	"-1"
"What is he talking about? (1-2 mins)"	"Short and fun! A 1-2 minute word game about what someone is talking about."	"experiment, psychology, game"	"$0.20"	"Wed Jan 21 16:06:18 PST 2015"	"200"	"0"	"0"	"200"	"Reviewable"	"NotReviewed"	"1 scales"	"600"	"60000"	"Wed Jan 28 16:06:18 PST 2015"	"S05771"	"Approved"	""	"""friend"""	"""mustache"""	"""left"""	"0"	"-1"	"0"	"1"	"1"	"0"	"3"	"""2"""	"""1"""	"-1"	"""TRUE"""	"""logical"""	"""FALSE"""	"-1"	"-1"	"-1"	"-1"	"-1"	"-1"	"""I think it's about decision making or perception."""	"""Nicely done, I consider surveys like these to be a breath of fresh air."""	"""31"""	"""M"""	"1"	"0"	"1"	"2"	"0"	"""3"""	"-1"
"What is he talking about? (1-2 mins)"	"Short and fun! A 1-2 minute word game about what someone is talking about."	"experiment, psychology, game"	"$0.20"	"Wed Jan 21 16:06:18 PST 2015"	"200"	"0"	"0"	"200"	"Reviewable"	"NotReviewed"	"1 scales"	"600"	"60000"	"Wed Jan 28 16:06:18 PST 2015"	"S30452"	"Approved"	""	"""boat"""	"""cabin"""	"""middle"""	"0"	"-1"	"0"	"1"	"1"	"0"	"3"	"""2"""	"""1"""	"-1"	"""TRUE"""	"""target"""	"""TRUE"""	"-1"	"-1"	"-1"	"-1"	"-1"	"-1"	"""Understanding what Bob said"""	"""Thanks."""	"""42"""	"""Male"""	"1"	"0"	"1"	"0"	"2"	"""3"""	"-1"
"What is he talking about? (1-2 mins)"	"Short and fun! A 1-2 minute word game about what someone is talking about."	"experiment, psychology, game"	"$0.20"	"Wed Jan 21 16:06:18 PST 2015"	"200"	"0"	"0"	"200"	"Reviewable"	"NotReviewed"	"1 scales"	"600"	"60000"	"Wed Jan 28 16:06:18 PST 2015"	"S38720"	"Approved"	""	"""pizza"""	"""mushrooms"""	"""middle"""	"0"	"-1"	"0"	"1"	"1"	"0"	"4"	"""2"""	"""1"""	"-1"	"""TRUE"""	"""logical"""	"""FALSE"""	"-1"	"-1"	"-1"	"-1"	"-1"	"-1"	"""Bob's pizza eating habits?"""	"""mmmm pizza"""	"""38"""	"""f"""	"1"	"0"	"2"	"0"	"1"	"""3"""	"-1"
"What is he talking about? (1-2 mins)"	"Short and fun! A 1-2 minute word game about what someone is talking about."	"experiment, psychology, game"	"$0.20"	"Wed Jan 21 16:06:18 PST 2015"	"200"	"0"	"0"	"200"	"Reviewable"	"NotReviewed"	"1 scales"	"600"	"60000"	"Wed Jan 28 16:06:18 PST 2015"	"S73069"	"Approved"	""	"""sundae"""	"""cherry"""	"""right"""	"0"	"-1"	"0"	"1"	"1"	"0"	"4"	"""2"""	"""1"""	"-1"	"""TRUE"""	"""foil"""	"""FALSE"""	"-1"	"-1"	"-1"	"-1"	"-1"	"-1"	"""patterns """	""""""	"""49"""	"""f"""	"1"	"0"	"2"	"1"	"0"	"""3"""	"-1"
"What is he talking about? (1-2 mins)"	"Short and fun! A 1-2 minute word game about what someone is talking about."	"experiment, psychology, game"	"$0.20"	"Wed Jan 21 16:06:18 PST 2015"	"200"	"0"	"0"	"200"	"Reviewable"	"NotReviewed"	"1 scales"	"600"	"60000"	"Wed Jan 28 16:06:18 PST 2015"	"S18079"	"Approved"	""	"""friend"""	"""hat"""	"""left"""	"0"	"-1"	"0"	"1"	"1"	"0"	"4"	"""2"""	"""1"""	"-1"	"""TRUE"""	"""logical"""	"""FALSE"""	"-1"	"-1"	"-1"	"-1"	"-1"	"-1"	"""Which friend Bob will visit Sunday."""	""""""	"""33"""	"""f"""	"1"	"0"	"1"	"2"	"0"	"""3"""	"-1"
"What is he talking about? (1-2 mins)"	"Short and fun! A 1-2 minute word game about what someone is talking about."	"experiment, psychology, game"	"$0.20"	"Wed Jan 21 16:06:18 PST 2015"	"200"	"0"	"0"	"200"	"Reviewable"	"NotReviewed"	"1 scales"	"600"	"60000"	"Wed Jan 28 16:06:18 PST 2015"	"S76360"	"Approved"	""	"""pizza"""	"""peppers"""	"""middle"""	"0"	"-1"	"0"	"1"	"1"	"0"	"3"	"""2"""	"""1"""	"-1"	"""TRUE"""	"""target"""	"""TRUE"""	"-1"	"-1"	"-1"	"-1"	"-1"	"-1"	"""Bob eating pizza and how he could only say one word."""	"""Thank you"""	"""51"""	"""female"""	"1"	"0"	"1"	"0"	"2"	"""3"""	"-1"
"What is he talking about? (1-2 mins)"	"Short and fun! A 1-2 minute word game about what someone is talking about."	"experiment, psychology, game"	"$0.20"	"Wed Jan 21 16:06:18 PST 2015"	"200"	"0"	"0"	"200"	"Reviewable"	"NotReviewed"	"1 scales"	"600"	"60000"	"Wed Jan 28 16:06:18 PST 2015"	"S07731"	"Approved"	""	"""Christmas tree"""	"""lights"""	"""middle"""	"0"	"-1"	"0"	"1"	"1"	"0"	"3"	"""2"""	"""1"""	"-1"	"""TRUE"""	"""foil"""	"""FALSE"""	"-1"	"-1"	"-1"	"-1"	"-1"	"-1"	"""Bob really liking Christmas Trees. Trying to tell which one he will decorate next."""	"""no"""	"""38"""	"""f"""	"1"	"0"	"1"	"0"	"2"	"""3"""	"-1"
"What is he talking about? (1-2 mins)"	"Short and fun! A 1-2 minute word game about what someone is talking about."	"experiment, psychology, game"	"$0.20"	"Wed Jan 21 16:06:18 PST 2015"	"200"	"0"	"0"	"200"	"Reviewable"	"NotReviewed"	"1 scales"	"600"	"60000"	"Wed Jan 28 16:06:18 PST 2015"	"S21035"	"Approved"	""	"""friend"""	"""glasses"""	"""middle"""	"0"	"-1"	"0"	"1"	"1"	"0"	"4"	"""2"""	"""1"""	"-1"	"""TRUE"""	"""target"""	"""TRUE"""	"-1"	"-1"	"-1"	"-1"	"-1"	"-1"	"""who he vists"""	""""""	"""23"""	"""m"""	"1"	"0"	"1"	"2"	"0"	"""3"""	"-1"
"What is he talking about? (1-2 mins)"	"Short and fun! A 1-2 minute word game about what someone is talking about."	"experiment, psychology, game"	"$0.20"	"Wed Jan 21 16:06:18 PST 2015"	"200"	"0"	"0"	"200"	"Reviewable"	"NotReviewed"	"1 scales"	"600"	"60000"	"Wed Jan 28 16:06:18 PST 2015"	"S12269"	"Approved"	""	"""pizza"""	"""olives"""	"""right"""	"0"	"-1"	"0"	"1"	"1"	"0"	"4"	"""2"""	"""1"""	"-1"	"""TRUE"""	"""logical"""	"""FALSE"""	"-1"	"-1"	"-1"	"-1"	"-1"	"-1"	"""pizza"""	"""n/a"""	"""22"""	"""female"""	"1"	"0"	"2"	"0"	"1"	"""3"""	"-1"
"What is he talking about? (1-2 mins)"	"Short and fun! A 1-2 minute word game about what someone is talking about."	"experiment, psychology, game"	"$0.20"	"Wed Jan 21 16:06:18 PST 2015"	"200"	"0"	"0"	"200"	"Reviewable"	"NotReviewed"	"1 scales"	"600"	"60000"	"Wed Jan 28 16:06:18 PST 2015"	"S61143"	"Approved"	""	"""snowman"""	"""hat"""	"""left"""	"0"	"-1"	"0"	"1"	"1"	"0"	"4"	"""2"""	"""1"""	"-1"	"""TRUE"""	"""logical"""	"""FALSE"""	"-1"	"-1"	"-1"	"-1"	"-1"	"-1"	"""making snowmen"""	"""very fun"""	"""26"""	"""female"""	"1"	"0"	"0"	"1"	"2"	"""3"""	"-1"
"What is he talking about? (1-2 mins)"	"Short and fun! A 1-2 minute word game about what someone is talking about."	"experiment, psychology, game"	"$0.20"	"Wed Jan 21 16:06:18 PST 2015"	"200"	"0"	"0"	"200"	"Reviewable"	"NotReviewed"	"1 scales"	"600"	"60000"	"Wed Jan 28 16:06:18 PST 2015"	"S40051"	"Approved"	""	"""sundae"""	"""whipped cream"""	"""middle"""	"0"	"-1"	"0"	"1"	"1"	"0"	"3"	"""1"""	"""1"""	"-1"	"""TRUE"""	"""target"""	"""TRUE"""	"-1"	"-1"	"-1"	"-1"	"-1"	"-1"	"""it is about bob likes to eat sundaes"""	""""""	"""37"""	"""f"""	"1"	"0"	"1"	"2"	"0"	"""3"""	"-1"
"What is he talking about? (1-2 mins)"	"Short and fun! A 1-2 minute word game about what someone is talking about."	"experiment, psychology, game"	"$0.20"	"Wed Jan 21 16:06:18 PST 2015"	"200"	"0"	"0"	"200"	"Reviewable"	"NotReviewed"	"1 scales"	"600"	"60000"	"Wed Jan 28 16:06:18 PST 2015"	"S25541"	"Approved"	""	"""boat"""	"""sail"""	"""middle"""	"0"	"-1"	"0"	"1"	"1"	"0"	"4"	"""2"""	"""1"""	"-1"	"""FALSE"""	"""logical"""	"""FALSE"""	"-1"	"-1"	"-1"	"-1"	"-1"	"-1"	"""Renting boats"""	"""none"""	"""22"""	"""m"""	"1"	"0"	"1"	"0"	"2"	"""3"""	"-1"
"What is he talking about? (1-2 mins)"	"Short and fun! A 1-2 minute word game about what someone is talking about."	"experiment, psychology, game"	"$0.20"	"Wed Jan 21 16:06:18 PST 2015"	"200"	"0"	"0"	"200"	"Reviewable"	"NotReviewed"	"1 scales"	"600"	"60000"	"Wed Jan 28 16:06:18 PST 2015"	"S79217"	"Approved"	""	"""sundae"""	"""chocolate"""	"""middle"""	"0"	"-1"	"0"	"1"	"1"	"0"	"3"	"""2"""	"""1"""	"-1"	"""TRUE"""	"""logical"""	"""FALSE"""	"-1"	"-1"	"-1"	"-1"	"-1"	"-1"	"""word perception"""	""""""	""""""	"""f"""	"1"	"0"	"0"	"2"	"1"	"""3"""	"-1"
"What is he talking about? (1-2 mins)"	"Short and fun! A 1-2 minute word game about what someone is talking about."	"experiment, psychology, game"	"$0.20"	"Wed Jan 21 16:06:18 PST 2015"	"200"	"0"	"0"	"200"	"Reviewable"	"NotReviewed"	"1 scales"	"600"	"60000"	"Wed Jan 28 16:06:18 PST 2015"	"S81817"	"Approved"	""	"""snowman"""	"""hat"""	"""right"""	"0"	"-1"	"0"	"1"	"1"	"0"	"3"	"""2"""	"""1"""	"-1"	"""TRUE"""	"""foil"""	"""FALSE"""	"-1"	"-1"	"-1"	"-1"	"-1"	"-1"	"""deocrating snowmen"""	""""""	"""48"""	"""m"""	"1"	"0"	"2"	"0"	"1"	"""3"""	"-1"
"What is he talking about? (1-2 mins)"	"Short and fun! A 1-2 minute word game about what someone is talking about."	"experiment, psychology, game"	"$0.20"	"Wed Jan 21 16:06:18 PST 2015"	"200"	"0"	"0"	"200"	"Reviewable"	"NotReviewed"	"1 scales"	"600"	"60000"	"Wed Jan 28 16:06:18 PST 2015"	"S92956"	"Approved"	""	"""sundae"""	"""cherry"""	"""right"""	"0"	"-1"	"0"	"1"	"1"	"0"	"3"	"""2"""	"""1"""	"-1"	"""TRUE"""	"""target"""	"""TRUE"""	"-1"	"-1"	"-1"	"-1"	"-1"	"-1"	"""Guessing what has been said"""	""""""	""""""	""""""	"1"	"0"	"2"	"0"	"1"	"""3"""	"-1"
"What is he talking about? (1-2 mins)"	"Short and fun! A 1-2 minute word game about what someone is talking about."	"experiment, psychology, game"	"$0.20"	"Wed Jan 21 16:06:18 PST 2015"	"200"	"0"	"0"	"200"	"Reviewable"	"NotReviewed"	"1 scales"	"600"	"60000"	"Wed Jan 28 16:06:18 PST 2015"	"S71660"	"Approved"	""	"""Christmas tree"""	"""ornaments"""	"""right"""	"0"	"-1"	"0"	"1"	"1"	"0"	"4"	"""2"""	"""1"""	"-1"	"""TRUE"""	"""foil"""	"""FALSE"""	"-1"	"-1"	"-1"	"-1"	"-1"	"-1"	"""Meeting a person and making judgements about him/her"""	""""""	"""27"""	"""m"""	"1"	"0"	"2"	"0"	"1"	"""3"""	"-1"
"What is he talking about? (1-2 mins)"	"Short and fun! A 1-2 minute word game about what someone is talking about."	"experiment, psychology, game"	"$0.20"	"Wed Jan 21 16:06:18 PST 2015"	"200"	"0"	"0"	"200"	"Reviewable"	"NotReviewed"	"1 scales"	"600"	"60000"	"Wed Jan 28 16:06:18 PST 2015"	"S33582"	"Approved"	""	"""sundae"""	"""cherry"""	"""right"""	"0"	"-1"	"0"	"1"	"1"	"0"	"4"	"""2"""	"""1"""	"-1"	"""TRUE"""	"""target"""	"""TRUE"""	"-1"	"-1"	"-1"	"-1"	"-1"	"-1"	"""probabilities?"""	"""not really"""	"""38"""	"""f"""	"1"	"0"	"1"	"2"	"0"	"""3"""	"-1"
"What is he talking about? (1-2 mins)"	"Short and fun! A 1-2 minute word game about what someone is talking about."	"experiment, psychology, game"	"$0.20"	"Wed Jan 21 16:06:18 PST 2015"	"200"	"0"	"0"	"200"	"Reviewable"	"NotReviewed"	"1 scales"	"600"	"60000"	"Wed Jan 28 16:06:18 PST 2015"	"S48281"	"Approved"	""	"""sundae"""	"""whipped cream"""	"""left"""	"0"	"-1"	"0"	"1"	"1"	"0"	"4"	"""2"""	"""1"""	"-1"	"""TRUE"""	"""logical"""	"""FALSE"""	"-1"	"-1"	"-1"	"-1"	"-1"	"-1"	"""Bob eating sundaes"""	"""None"""	"""19"""	"""m"""	"1"	"0"	"2"	"0"	"1"	"""3"""	"-1"
"What is he talking about? (1-2 mins)"	"Short and fun! A 1-2 minute word game about what someone is talking about."	"experiment, psychology, game"	"$0.20"	"Wed Jan 21 16:06:18 PST 2015"	"200"	"0"	"0"	"200"	"Reviewable"	"NotReviewed"	"1 scales"	"600"	"60000"	"Wed Jan 28 16:06:18 PST 2015"	"S42197"	"Approved"	""	"""pizza"""	"""peppers"""	"""middle"""	"0"	"-1"	"0"	"1"	"1"	"0"	"3"	"""2"""	"""1"""	"-1"	"""TRUE"""	"""logical"""	"""FALSE"""	"-1"	"-1"	"-1"	"-1"	"-1"	"-1"	"""logic"""	"""thanks"""	"""24"""	"""f"""	"1"	"0"	"1"	"2"	"0"	"""3"""	"-1"
"What is he talking about? (1-2 mins)"	"Short and fun! A 1-2 minute word game about what someone is talking about."	"experiment, psychology, game"	"$0.20"	"Wed Jan 21 16:06:18 PST 2015"	"200"	"0"	"0"	"200"	"Reviewable"	"NotReviewed"	"1 scales"	"600"	"60000"	"Wed Jan 28 16:06:18 PST 2015"	"S41084"	"Approved"	""	"""snowman"""	"""mittens"""	"""middle"""	"0"	"-1"	"0"	"1"	"1"	"0"	"4"	"""2"""	"""1"""	"-1"	"""TRUE"""	"""foil"""	"""FALSE"""	"-1"	"-1"	"-1"	"-1"	"-1"	"-1"	"""what snowman we think bob will decorate next."""	""""""	"""26"""	"""m"""	"1"	"0"	"2"	"0"	"1"	"""3"""	"-1"
"What is he talking about? (1-2 mins)"	"Short and fun! A 1-2 minute word game about what someone is talking about."	"experiment, psychology, game"	"$0.20"	"Wed Jan 21 16:06:18 PST 2015"	"200"	"0"	"0"	"200"	"Reviewable"	"NotReviewed"	"1 scales"	"600"	"60000"	"Wed Jan 28 16:06:18 PST 2015"	"S28331"	"Approved"	""	"""friend"""	"""glasses"""	"""left"""	"0"	"-1"	"0"	"1"	"1"	"0"	"4"	"""2"""	"""1"""	"-1"	"""TRUE"""	"""foil"""	"""FALSE"""	"-1"	"-1"	"-1"	"-1"	"-1"	"-1"	"""About Bob visiting his friends."""	""""""	"""28"""	"""m"""	"1"	"0"	"0"	"1"	"2"	"""3"""	"-1"
"What is he talking about? (1-2 mins)"	"Short and fun! A 1-2 minute word game about what someone is talking about."	"experiment, psychology, game"	"$0.20"	"Wed Jan 21 16:06:18 PST 2015"	"200"	"0"	"0"	"200"	"Reviewable"	"NotReviewed"	"1 scales"	"600"	"60000"	"Wed Jan 28 16:06:18 PST 2015"	"S53933"	"Approved"	""	"""Christmas tree"""	"""ornaments"""	"""middle"""	"0"	"-1"	"0"	"1"	"1"	"0"	"3"	"""2"""	"""1"""	"-1"	"""TRUE"""	"""foil"""	"""FALSE"""	"-1"	"-1"	"-1"	"-1"	"-1"	"-1"	"""Bob and his trees"""	"""nothing"""	"""47"""	"""m"""	"1"	"0"	"1"	"2"	"0"	"""3"""	"-1"
"What is he talking about? (1-2 mins)"	"Short and fun! A 1-2 minute word game about what someone is talking about."	"experiment, psychology, game"	"$0.20"	"Wed Jan 21 16:06:18 PST 2015"	"200"	"0"	"0"	"200"	"Reviewable"	"NotReviewed"	"1 scales"	"600"	"60000"	"Wed Jan 28 16:06:18 PST 2015"	"S65299"	"Approved"	""	"""pizza"""	"""peppers"""	"""right"""	"0"	"-1"	"0"	"1"	"1"	"0"	"3"	"""2"""	"""1"""	"-1"	"""TRUE"""	"""foil"""	"""FALSE"""	"-1"	"-1"	"-1"	"-1"	"-1"	"-1"	"""pizza"""	""""""	"""18"""	"""male"""	"1"	"0"	"1"	"0"	"2"	"""3"""	"-1"
"What is he talking about? (1-2 mins)"	"Short and fun! A 1-2 minute word game about what someone is talking about."	"experiment, psychology, game"	"$0.20"	"Wed Jan 21 16:06:18 PST 2015"	"200"	"0"	"0"	"200"	"Reviewable"	"NotReviewed"	"1 scales"	"600"	"60000"	"Wed Jan 28 16:06:18 PST 2015"	"S75185"	"Approved"	""	"""Christmas tree"""	"""star"""	"""right"""	"0"	"-1"	"0"	"1"	"1"	"0"	"4"	"""2"""	"""1"""	"-1"	"""TRUE"""	"""target"""	"""TRUE"""	"-1"	"-1"	"-1"	"-1"	"-1"	"-1"	"""language meaning"""	"""none"""	"""29"""	"""f"""	"1"	"0"	"1"	"2"	"0"	"""3"""	"-1"
"What is he talking about? (1-2 mins)"	"Short and fun! A 1-2 minute word game about what someone is talking about."	"experiment, psychology, game"	"$0.20"	"Wed Jan 21 16:06:18 PST 2015"	"200"	"0"	"0"	"200"	"Reviewable"	"NotReviewed"	"1 scales"	"600"	"60000"	"Wed Jan 28 16:06:18 PST 2015"	"S32149"	"Approved"	""	"""pizza"""	"""peppers"""	"""middle"""	"0"	"-1"	"0"	"1"	"1"	"0"	"4"	"""2"""	"""1"""	"-1"	"""TRUE"""	"""target"""	"""TRUE"""	"-1"	"-1"	"-1"	"-1"	"-1"	"-1"	"""interpretation"""	""""""	"""39"""	"""m"""	"1"	"0"	"0"	"1"	"2"	"""3"""	"-1"
"What is he talking about? (1-2 mins)"	"Short and fun! A 1-2 minute word game about what someone is talking about."	"experiment, psychology, game"	"$0.20"	"Wed Jan 21 16:06:18 PST 2015"	"200"	"0"	"0"	"200"	"Reviewable"	"NotReviewed"	"1 scales"	"600"	"60000"	"Wed Jan 28 16:06:18 PST 2015"	"S29625"	"Approved"	""	"""friend"""	"""mustache"""	"""middle"""	"0"	"-1"	"0"	"1"	"1"	"0"	"4"	"""2"""	"""1"""	"-1"	"""TRUE"""	"""foil"""	"""FALSE"""	"-1"	"-1"	"-1"	"-1"	"-1"	"-1"	"""BOB VISITING HIS FRIENDS"""	"""NO"""	"""35"""	"""F"""	"1"	"0"	"0"	"2"	"1"	"""3"""	"-1"
"What is he talking about? (1-2 mins)"	"Short and fun! A 1-2 minute word game about what someone is talking about."	"experiment, psychology, game"	"$0.20"	"Wed Jan 21 16:06:18 PST 2015"	"200"	"0"	"0"	"200"	"Reviewable"	"NotReviewed"	"1 scales"	"600"	"60000"	"Wed Jan 28 16:06:18 PST 2015"	"S13028"	"Approved"	""	"""sundae"""	"""chocolate"""	"""middle"""	"0"	"-1"	"0"	"1"	"1"	"0"	"4"	"""2"""	"""1"""	"-1"	"""TRUE"""	"""logical"""	"""FALSE"""	"-1"	"-1"	"-1"	"-1"	"-1"	"-1"	"""eating icecream"""	""""""	""""""	"""m"""	"1"	"0"	"2"	"0"	"1"	"""3"""	"-1"
"What is he talking about? (1-2 mins)"	"Short and fun! A 1-2 minute word game about what someone is talking about."	"experiment, psychology, game"	"$0.20"	"Wed Jan 21 16:06:18 PST 2015"	"200"	"0"	"0"	"200"	"Reviewable"	"NotReviewed"	"1 scales"	"600"	"60000"	"Wed Jan 28 16:06:18 PST 2015"	"S64101"	"Approved"	""	"""snowman"""	"""scarf"""	"""left"""	"0"	"-1"	"0"	"1"	"1"	"0"	"3"	"""2"""	"""1"""	"-1"	"""FALSE"""	"""foil"""	"""FALSE"""	"-1"	"-1"	"-1"	"-1"	"-1"	"-1"	"""Memory?"""	""""""	"""18"""	"""m"""	"1"	"0"	"0"	"2"	"1"	"""3"""	"-1"
"What is he talking about? (1-2 mins)"	"Short and fun! A 1-2 minute word game about what someone is talking about."	"experiment, psychology, game"	"$0.20"	"Wed Jan 21 16:06:18 PST 2015"	"200"	"0"	"0"	"200"	"Reviewable"	"NotReviewed"	"1 scales"	"600"	"60000"	"Wed Jan 28 16:06:18 PST 2015"	"S49359"	"Approved"	""	"""sundae"""	"""whipped cream"""	"""right"""	"0"	"-1"	"0"	"1"	"1"	"0"	"3"	"""2"""	"""1"""	"-1"	"""TRUE"""	"""target"""	"""TRUE"""	"-1"	"-1"	"-1"	"-1"	"-1"	"-1"	"""Bob eating sundaes"""	""""""	"""25"""	"""F"""	"1"	"0"	"2"	"0"	"1"	"""3"""	"-1"
"What is he talking about? (1-2 mins)"	"Short and fun! A 1-2 minute word game about what someone is talking about."	"experiment, psychology, game"	"$0.20"	"Wed Jan 21 16:06:18 PST 2015"	"200"	"0"	"0"	"200"	"Reviewable"	"NotReviewed"	"1 scales"	"600"	"60000"	"Wed Jan 28 16:06:18 PST 2015"	"S28046"	"Approved"	""	"""Christmas tree"""	"""ornaments"""	"""left"""	"0"	"-1"	"0"	"1"	"1"	"0"	"3"	"""2"""	"""1"""	"-1"	"""TRUE"""	"""foil"""	"""FALSE"""	"-1"	"-1"	"-1"	"-1"	"-1"	"-1"	"""Word processing"""	"""None thanks"""	"""21"""	"""F"""	"1"	"0"	"0"	"2"	"1"	"""3"""	"-1"
"What is he talking about? (1-2 mins)"	"Short and fun! A 1-2 minute word game about what someone is talking about."	"experiment, psychology, game"	"$0.20"	"Wed Jan 21 16:06:18 PST 2015"	"200"	"0"	"0"	"200"	"Reviewable"	"NotReviewed"	"1 scales"	"600"	"60000"	"Wed Jan 28 16:06:18 PST 2015"	"S36347"	"Approved"	""	"""Christmas tree"""	"""star"""	"""right"""	"0"	"-1"	"0"	"1"	"1"	"0"	"4"	"""2"""	"""1"""	"-1"	"""TRUE"""	"""target"""	"""TRUE"""	"-1"	"-1"	"-1"	"-1"	"-1"	"-1"	"""I don't know."""	"""No comments."""	"""37"""	"""m"""	"1"	"0"	"1"	"2"	"0"	"""3"""	"-1"
"What is he talking about? (1-2 mins)"	"Short and fun! A 1-2 minute word game about what someone is talking about."	"experiment, psychology, game"	"$0.20"	"Wed Jan 21 16:06:18 PST 2015"	"200"	"0"	"0"	"200"	"Reviewable"	"NotReviewed"	"1 scales"	"600"	"60000"	"Wed Jan 28 16:06:18 PST 2015"	"S10296"	"Approved"	""	"""sundae"""	"""whipped cream"""	"""middle"""	"0"	"-1"	"0"	"1"	"1"	"0"	"4"	"""1"""	"""1"""	"-1"	"""TRUE"""	"""target"""	"""TRUE"""	"-1"	"-1"	"-1"	"-1"	"-1"	"-1"	"""sundaes?"""	""""""	"""28"""	"""m"""	"1"	"0"	"0"	"1"	"2"	"""3"""	"-1"
"What is he talking about? (1-2 mins)"	"Short and fun! A 1-2 minute word game about what someone is talking about."	"experiment, psychology, game"	"$0.20"	"Wed Jan 21 16:06:18 PST 2015"	"200"	"0"	"0"	"200"	"Reviewable"	"NotReviewed"	"1 scales"	"600"	"60000"	"Wed Jan 28 16:06:18 PST 2015"	"S62682"	"Approved"	""	"""snowman"""	"""hat"""	"""right"""	"0"	"-1"	"0"	"1"	"1"	"0"	"3"	"""2"""	"""1"""	"-1"	"""TRUE"""	"""target"""	"""TRUE"""	"-1"	"-1"	"-1"	"-1"	"-1"	"-1"	"""Snowman Decorating"""	""""""	"""25"""	"""Male"""	"1"	"0"	"2"	"0"	"1"	"""3"""	"-1"
"What is he talking about? (1-2 mins)"	"Short and fun! A 1-2 minute word game about what someone is talking about."	"experiment, psychology, game"	"$0.20"	"Wed Jan 21 16:06:18 PST 2015"	"200"	"0"	"0"	"200"	"Reviewable"	"NotReviewed"	"1 scales"	"600"	"60000"	"Wed Jan 28 16:06:18 PST 2015"	"S16903"	"Approved"	""	"""sundae"""	"""chocolate"""	"""right"""	"0"	"-1"	"0"	"1"	"1"	"0"	"4"	"""2"""	"""1"""	"-1"	"""TRUE"""	"""logical"""	"""FALSE"""	"-1"	"-1"	"-1"	"-1"	"-1"	"-1"	"""This survey was about what a person is talking about"""	""""""	""""""	"""m"""	"1"	"0"	"0"	"1"	"2"	"""3"""	"-1"
"What is he talking about? (1-2 mins)"	"Short and fun! A 1-2 minute word game about what someone is talking about."	"experiment, psychology, game"	"$0.20"	"Wed Jan 21 16:06:18 PST 2015"	"200"	"0"	"0"	"200"	"Reviewable"	"NotReviewed"	"1 scales"	"600"	"60000"	"Wed Jan 28 16:06:18 PST 2015"	"S94429"	"Approved"	""	"""snowman"""	"""scarf"""	"""right"""	"0"	"-1"	"0"	"1"	"1"	"0"	"4"	"""2"""	"""1"""	"-1"	"""TRUE"""	"""foil"""	"""FALSE"""	"-1"	"-1"	"-1"	"-1"	"-1"	"-1"	"""answering questions"""	"""no"""	""""""	"""m"""	"1"	"0"	"2"	"1"	"0"	"""3"""	"-1"
"What is he talking about? (1-2 mins)"	"Short and fun! A 1-2 minute word game about what someone is talking about."	"experiment, psychology, game"	"$0.20"	"Wed Jan 21 16:06:18 PST 2015"	"200"	"0"	"0"	"200"	"Reviewable"	"NotReviewed"	"1 scales"	"600"	"60000"	"Wed Jan 28 16:06:18 PST 2015"	"S29307"	"Approved"	""	"""Christmas tree"""	"""lights"""	"""right"""	"0"	"-1"	"0"	"1"	"1"	"0"	"4"	"""2"""	"""1"""	"-1"	"""FALSE"""	"""foil"""	"""FALSE"""	"-1"	"-1"	"-1"	"-1"	"-1"	"-1"	"""no idea"""	"""none"""	"""i'm good"""	"""m"""	"1"	"0"	"0"	"2"	"1"	"""3"""	"-1"
"What is he talking about? (1-2 mins)"	"Short and fun! A 1-2 minute word game about what someone is talking about."	"experiment, psychology, game"	"$0.20"	"Wed Jan 21 16:06:18 PST 2015"	"200"	"0"	"0"	"200"	"Reviewable"	"NotReviewed"	"1 scales"	"600"	"60000"	"Wed Jan 28 16:06:18 PST 2015"	"S12877"	"Approved"	""	"""sundae"""	"""cherry"""	"""middle"""	"0"	"-1"	"0"	"1"	"1"	"0"	"4"	"""2"""	"""1"""	"-1"	"""TRUE"""	"""logical"""	"""FALSE"""	"-1"	"-1"	"-1"	"-1"	"-1"	"-1"	"""sundaes Bob has consumed"""	""""""	"""40"""	"""f"""	"1"	"0"	"2"	"1"	"0"	"""3"""	"-1"
"What is he talking about? (1-2 mins)"	"Short and fun! A 1-2 minute word game about what someone is talking about."	"experiment, psychology, game"	"$0.20"	"Wed Jan 21 16:06:18 PST 2015"	"200"	"0"	"0"	"200"	"Reviewable"	"NotReviewed"	"1 scales"	"600"	"60000"	"Wed Jan 28 16:06:18 PST 2015"	"S69511"	"Approved"	""	"""sundae"""	"""whipped cream"""	"""right"""	"0"	"-1"	"0"	"1"	"1"	"0"	"3"	"""2"""	"""1"""	"-1"	"""TRUE"""	"""logical"""	"""FALSE"""	"-1"	"-1"	"-1"	"-1"	"-1"	"-1"	"""Ice cream sundaes """	""""""	"""27"""	"""f"""	"1"	"0"	"0"	"2"	"1"	"""3"""	"-1"
"What is he talking about? (1-2 mins)"	"Short and fun! A 1-2 minute word game about what someone is talking about."	"experiment, psychology, game"	"$0.20"	"Wed Jan 21 16:06:18 PST 2015"	"200"	"0"	"0"	"200"	"Reviewable"	"NotReviewed"	"1 scales"	"600"	"60000"	"Wed Jan 28 16:06:18 PST 2015"	"S38881"	"Approved"	""	"""Christmas tree"""	"""star"""	"""left"""	"0"	"-1"	"0"	"1"	"1"	"0"	"4"	"""2"""	"""1"""	"-1"	"""TRUE"""	"""foil"""	"""FALSE"""	"-1"	"-1"	"-1"	"-1"	"-1"	"-1"	"""trimming trees"""	""""""	"""24"""	"""m"""	"1"	"0"	"0"	"2"	"1"	"""3"""	"-1"
"What is he talking about? (1-2 mins)"	"Short and fun! A 1-2 minute word game about what someone is talking about."	"experiment, psychology, game"	"$0.20"	"Wed Jan 21 16:06:18 PST 2015"	"200"	"0"	"0"	"200"	"Reviewable"	"NotReviewed"	"1 scales"	"600"	"60000"	"Wed Jan 28 16:06:18 PST 2015"	"S74682"	"Approved"	""	"""boat"""	"""motor"""	"""middle"""	"0"	"-1"	"0"	"1"	"1"	"0"	"3"	"""2"""	"""1"""	"-1"	"""TRUE"""	"""target"""	"""TRUE"""	"-1"	"-1"	"-1"	"-1"	"-1"	"-1"	"""Perception"""	"""none"""	"""28"""	"""m"""	"1"	"0"	"0"	"1"	"2"	"""3"""	"-1"
"What is he talking about? (1-2 mins)"	"Short and fun! A 1-2 minute word game about what someone is talking about."	"experiment, psychology, game"	"$0.20"	"Wed Jan 21 16:06:18 PST 2015"	"200"	"0"	"0"	"200"	"Reviewable"	"NotReviewed"	"1 scales"	"600"	"60000"	"Wed Jan 28 16:06:18 PST 2015"	"S42383"	"Approved"	""	"""Christmas tree"""	"""star"""	"""left"""	"0"	"-1"	"0"	"1"	"1"	"0"	"4"	"""2"""	"""1"""	"-1"	"""TRUE"""	"""foil"""	"""FALSE"""	"-1"	"-1"	"-1"	"-1"	"-1"	"-1"	"""Christmas Trees"""	"""None"""	"""29"""	"""Male"""	"1"	"0"	"1"	"0"	"2"	"""3"""	"-1"
"What is he talking about? (1-2 mins)"	"Short and fun! A 1-2 minute word game about what someone is talking about."	"experiment, psychology, game"	"$0.20"	"Wed Jan 21 16:06:18 PST 2015"	"200"	"0"	"0"	"200"	"Reviewable"	"NotReviewed"	"1 scales"	"600"	"60000"	"Wed Jan 28 16:06:18 PST 2015"	"S90130"	"Approved"	""	"""boat"""	"""sail"""	"""left"""	"0"	"-1"	"0"	"1"	"1"	"0"	"3"	"""2"""	"""1"""	"-1"	"""TRUE"""	"""foil"""	"""FALSE"""	"-1"	"-1"	"-1"	"-1"	"-1"	"-1"	"""Bob talking about a boat"""	"""no"""	"""38"""	"""m"""	"1"	"0"	"0"	"2"	"1"	"""3"""	"-1"
"What is he talking about? (1-2 mins)"	"Short and fun! A 1-2 minute word game about what someone is talking about."	"experiment, psychology, game"	"$0.20"	"Wed Jan 21 16:06:18 PST 2015"	"200"	"0"	"0"	"200"	"Reviewable"	"NotReviewed"	"1 scales"	"600"	"60000"	"Wed Jan 28 16:06:18 PST 2015"	"S90884"	"Approved"	""	"""sundae"""	"""whipped cream"""	"""right"""	"0"	"-1"	"0"	"1"	"1"	"0"	"3"	"""2"""	"""1"""	"-1"	"""TRUE"""	"""target"""	"""TRUE"""	"-1"	"-1"	"-1"	"-1"	"-1"	"-1"	"""bob's cavity ridden mouth"""	"""bob shouldn't have any more ice cream"""	"""28"""	"""m"""	"1"	"0"	"0"	"2"	"1"	"""3"""	"-1"
"What is he talking about? (1-2 mins)"	"Short and fun! A 1-2 minute word game about what someone is talking about."	"experiment, psychology, game"	"$0.20"	"Wed Jan 21 16:06:18 PST 2015"	"200"	"0"	"0"	"200"	"Reviewable"	"NotReviewed"	"1 scales"	"600"	"60000"	"Wed Jan 28 16:06:18 PST 2015"	"S62939"	"Approved"	""	"""friend"""	"""mustache"""	"""right"""	"0"	"-1"	"0"	"1"	"1"	"0"	"3"	"""2"""	"""1"""	"-1"	"""TRUE"""	"""logical"""	"""FALSE"""	"-1"	"-1"	"-1"	"-1"	"-1"	"-1"	"""Who Bob was talking about"""	"""No"""	"""37"""	"""f"""	"1"	"0"	"0"	"1"	"2"	"""3"""	"-1"
"What is he talking about? (1-2 mins)"	"Short and fun! A 1-2 minute word game about what someone is talking about."	"experiment, psychology, game"	"$0.20"	"Wed Jan 21 16:06:18 PST 2015"	"200"	"0"	"0"	"200"	"Reviewable"	"NotReviewed"	"1 scales"	"600"	"60000"	"Wed Jan 28 16:06:18 PST 2015"	"S16328"	"Approved"	""	"""boat"""	"""motor"""	"""middle"""	"0"	"-1"	"0"	"1"	"1"	"0"	"4"	"""2"""	"""1"""	"-1"	"""TRUE"""	"""logical"""	"""FALSE"""	"-1"	"-1"	"-1"	"-1"	"-1"	"-1"	"""No idea"""	""""""	"""22"""	"""m"""	"1"	"0"	"0"	"2"	"1"	"""3"""	"-1"
"What is he talking about? (1-2 mins)"	"Short and fun! A 1-2 minute word game about what someone is talking about."	"experiment, psychology, game"	"$0.20"	"Wed Jan 21 16:06:18 PST 2015"	"200"	"0"	"0"	"200"	"Reviewable"	"NotReviewed"	"1 scales"	"600"	"60000"	"Wed Jan 28 16:06:18 PST 2015"	"S29840"	"Approved"	""	"""pizza"""	"""olives"""	"""left"""	"0"	"-1"	"0"	"1"	"1"	"0"	"3"	"""2"""	"""3"""	"-1"	"""TRUE"""	"""logical"""	"""FALSE"""	"-1"	"-1"	"-1"	"-1"	"-1"	"-1"	"""Pizza"""	""":)"""	""""""	"""m"""	"1"	"0"	"0"	"1"	"2"	"""3"""	"-1"
"What is he talking about? (1-2 mins)"	"Short and fun! A 1-2 minute word game about what someone is talking about."	"experiment, psychology, game"	"$0.20"	"Wed Jan 21 16:06:18 PST 2015"	"200"	"0"	"0"	"200"	"Reviewable"	"NotReviewed"	"1 scales"	"600"	"60000"	"Wed Jan 28 16:06:18 PST 2015"	"S59174"	"Approved"	""	"""sundae"""	"""whipped cream"""	"""left"""	"0"	"-1"	"0"	"1"	"1"	"0"	"3"	"""2"""	"""1"""	"-1"	"""TRUE"""	"""target"""	"""TRUE"""	"-1"	"-1"	"-1"	"-1"	"-1"	"-1"	"""Unsure"""	""""""	"""26"""	"""m"""	"1"	"0"	"2"	"0"	"1"	"""3"""	"-1"
"What is he talking about? (1-2 mins)"	"Short and fun! A 1-2 minute word game about what someone is talking about."	"experiment, psychology, game"	"$0.20"	"Wed Jan 21 16:06:18 PST 2015"	"200"	"0"	"0"	"200"	"Reviewable"	"NotReviewed"	"1 scales"	"600"	"60000"	"Wed Jan 28 16:06:18 PST 2015"	"S16911"	"Approved"	""	"""snowman"""	"""hat"""	"""middle"""	"0"	"-1"	"0"	"1"	"1"	"0"	"3"	"""2"""	"""1"""	"-1"	"""TRUE"""	"""foil"""	"""FALSE"""	"-1"	"-1"	"-1"	"-1"	"-1"	"-1"	"""Guessing which snowman bob would dress up next"""	"""I am confused about the point of this survey."""	"""26"""	"""m"""	"1"	"0"	"2"	"1"	"0"	"""3"""	"-1"
"What is he talking about? (1-2 mins)"	"Short and fun! A 1-2 minute word game about what someone is talking about."	"experiment, psychology, game"	"$0.20"	"Wed Jan 21 16:06:18 PST 2015"	"200"	"0"	"0"	"200"	"Reviewable"	"NotReviewed"	"1 scales"	"600"	"60000"	"Wed Jan 28 16:06:18 PST 2015"	"S29833"	"Approved"	""	"""boat"""	"""motor"""	"""left"""	"0"	"-1"	"0"	"1"	"1"	"0"	"4"	"""2"""	"""1"""	"-1"	"""TRUE"""	"""logical"""	"""FALSE"""	"-1"	"-1"	"-1"	"-1"	"-1"	"-1"	"""Bob using a boat"""	"""good survey"""	"""37"""	"""m"""	"1"	"0"	"0"	"1"	"2"	"""3"""	"-1"
"What is he talking about? (1-2 mins)"	"Short and fun! A 1-2 minute word game about what someone is talking about."	"experiment, psychology, game"	"$0.20"	"Wed Jan 21 16:06:18 PST 2015"	"200"	"0"	"0"	"200"	"Reviewable"	"NotReviewed"	"1 scales"	"600"	"60000"	"Wed Jan 28 16:06:18 PST 2015"	"S91831"	"Approved"	""	"""boat"""	"""motor"""	"""right"""	"0"	"-1"	"0"	"1"	"1"	"0"	"4"	"""2"""	"""1"""	"-1"	"""TRUE"""	"""logical"""	"""FALSE"""	"-1"	"-1"	"-1"	"-1"	"-1"	"-1"	"""Boats"""	"""none"""	"""35"""	"""m"""	"1"	"0"	"1"	"2"	"0"	"""3"""	"-1"
"What is he talking about? (1-2 mins)"	"Short and fun! A 1-2 minute word game about what someone is talking about."	"experiment, psychology, game"	"$0.20"	"Wed Jan 21 16:06:18 PST 2015"	"200"	"0"	"0"	"200"	"Reviewable"	"NotReviewed"	"1 scales"	"600"	"60000"	"Wed Jan 28 16:06:18 PST 2015"	"S23412"	"Approved"	""	"""sundae"""	"""whipped cream"""	"""right"""	"0"	"-1"	"0"	"1"	"1"	"0"	"4"	"""2"""	"""1"""	"-1"	"""TRUE"""	"""foil"""	"""FALSE"""	"-1"	"-1"	"-1"	"-1"	"-1"	"-1"	"""choosing a sundae"""	"""no"""	""""""	""""""	"1"	"0"	"2"	"1"	"0"	"""3"""	"-1"
"What is he talking about? (1-2 mins)"	"Short and fun! A 1-2 minute word game about what someone is talking about."	"experiment, psychology, game"	"$0.20"	"Wed Jan 21 16:06:18 PST 2015"	"200"	"0"	"0"	"200"	"Reviewable"	"NotReviewed"	"1 scales"	"600"	"60000"	"Wed Jan 28 16:06:18 PST 2015"	"S57943"	"Approved"	""	"""friend"""	"""hat"""	"""middle"""	"0"	"-1"	"0"	"1"	"1"	"0"	"3"	"""2"""	"""1"""	"-1"	"""TRUE"""	"""logical"""	"""FALSE"""	"-1"	"-1"	"-1"	"-1"	"-1"	"-1"	"""Talking to a friend"""	""""""	"""27"""	"""m"""	"1"	"0"	"1"	"0"	"2"	"""3"""	"-1"
"What is he talking about? (1-2 mins)"	"Short and fun! A 1-2 minute word game about what someone is talking about."	"experiment, psychology, game"	"$0.20"	"Wed Jan 21 16:06:18 PST 2015"	"200"	"0"	"0"	"200"	"Reviewable"	"NotReviewed"	"1 scales"	"600"	"60000"	"Wed Jan 28 16:06:18 PST 2015"	"S14751"	"Approved"	""	"""snowman"""	"""scarf"""	"""left"""	"0"	"-1"	"0"	"1"	"1"	"0"	"3"	"""2"""	"""1"""	"-1"	"""TRUE"""	"""logical"""	"""FALSE"""	"-1"	"-1"	"-1"	"-1"	"-1"	"-1"	"""seeing if we can understand someone who is hard to understand based on previous knowledge about bob's preference to love decorating snowmen"""	"""no"""	"""28"""	"""m"""	"1"	"0"	"0"	"2"	"1"	"""3"""	"-1"
"What is he talking about? (1-2 mins)"	"Short and fun! A 1-2 minute word game about what someone is talking about."	"experiment, psychology, game"	"$0.20"	"Wed Jan 21 16:06:18 PST 2015"	"200"	"0"	"0"	"200"	"Reviewable"	"NotReviewed"	"1 scales"	"600"	"60000"	"Wed Jan 28 16:06:18 PST 2015"	"S83901"	"Approved"	""	"""Christmas tree"""	"""lights"""	"""left"""	"0"	"-1"	"0"	"1"	"1"	"0"	"3"	"""2"""	"""1"""	"-1"	"""TRUE"""	"""foil"""	"""FALSE"""	"-1"	"-1"	"-1"	"-1"	"-1"	"-1"	"""Christmas trees"""	""""""	""""""	"""f"""	"1"	"0"	"2"	"1"	"0"	"""3"""	"-1"
"What is he talking about? (1-2 mins)"	"Short and fun! A 1-2 minute word game about what someone is talking about."	"experiment, psychology, game"	"$0.20"	"Wed Jan 21 16:06:18 PST 2015"	"200"	"0"	"0"	"200"	"Reviewable"	"NotReviewed"	"1 scales"	"600"	"60000"	"Wed Jan 28 16:06:18 PST 2015"	"S83924"	"Approved"	""	"""boat"""	"""motor"""	"""middle"""	"0"	"-1"	"0"	"1"	"1"	"0"	"4"	"""2"""	"""1"""	"-1"	"""TRUE"""	"""foil"""	"""FALSE"""	"-1"	"-1"	"-1"	"-1"	"-1"	"-1"	"""Not sure"""	""""""	"""48"""	"""m"""	"1"	"0"	"1"	"0"	"2"	"""3"""	"-1"
"What is he talking about? (1-2 mins)"	"Short and fun! A 1-2 minute word game about what someone is talking about."	"experiment, psychology, game"	"$0.20"	"Wed Jan 21 16:06:18 PST 2015"	"200"	"0"	"0"	"200"	"Reviewable"	"NotReviewed"	"1 scales"	"600"	"60000"	"Wed Jan 28 16:06:18 PST 2015"	"S05679"	"Approved"	""	"""snowman"""	"""hat"""	"""right"""	"0"	"-1"	"0"	"1"	"1"	"0"	"4"	"""2"""	"""1"""	"-1"	"""TRUE"""	"""foil"""	"""FALSE"""	"-1"	"-1"	"-1"	"-1"	"-1"	"-1"	"""decorating snowmen"""	""""""	"""22"""	"""f"""	"1"	"0"	"1"	"2"	"0"	"""3"""	"-1"
"What is he talking about? (1-2 mins)"	"Short and fun! A 1-2 minute word game about what someone is talking about."	"experiment, psychology, game"	"$0.20"	"Wed Jan 21 16:06:18 PST 2015"	"200"	"0"	"0"	"200"	"Reviewable"	"NotReviewed"	"1 scales"	"600"	"60000"	"Wed Jan 28 16:06:18 PST 2015"	"S96653"	"Approved"	""	"""boat"""	"""cabin"""	"""middle"""	"0"	"-1"	"0"	"1"	"1"	"0"	"4"	"""2"""	"""1"""	"-1"	"""TRUE"""	"""logical"""	"""FALSE"""	"-1"	"-1"	"-1"	"-1"	"-1"	"-1"	"""predicting behavior"""	"""interesting"""	"""60"""	"""f"""	"1"	"0"	"0"	"2"	"1"	"""3"""	"-1"
"What is he talking about? (1-2 mins)"	"Short and fun! A 1-2 minute word game about what someone is talking about."	"experiment, psychology, game"	"$0.20"	"Wed Jan 21 16:06:18 PST 2015"	"200"	"0"	"0"	"200"	"Reviewable"	"NotReviewed"	"1 scales"	"600"	"60000"	"Wed Jan 28 16:06:18 PST 2015"	"S72999"	"Approved"	""	"""sundae"""	"""chocolate"""	"""middle"""	"0"	"-1"	"0"	"1"	"1"	"0"	"4"	"""2"""	"""1"""	"-1"	"""FALSE"""	"""target"""	"""TRUE"""	"-1"	"-1"	"-1"	"-1"	"-1"	"-1"	"""It's about guessing what kind of sundae a guy will eat next."""	""""""	"""32"""	"""f"""	"1"	"0"	"0"	"1"	"2"	"""3"""	"-1"
"What is he talking about? (1-2 mins)"	"Short and fun! A 1-2 minute word game about what someone is talking about."	"experiment, psychology, game"	"$0.20"	"Wed Jan 21 16:06:18 PST 2015"	"200"	"0"	"0"	"200"	"Reviewable"	"NotReviewed"	"1 scales"	"600"	"60000"	"Wed Jan 28 16:06:18 PST 2015"	"S22015"	"Approved"	""	"""boat"""	"""cabin"""	"""middle"""	"0"	"-1"	"0"	"1"	"1"	"0"	"4"	"""2"""	"""1"""	"-1"	"""TRUE"""	"""logical"""	"""FALSE"""	"-1"	"-1"	"-1"	"-1"	"-1"	"-1"	"""Bob and his sail boats. I had to guess which one he would rent next. """	"""None"""	"""24"""	"""m"""	"1"	"0"	"2"	"1"	"0"	"""3"""	"-1"
"What is he talking about? (1-2 mins)"	"Short and fun! A 1-2 minute word game about what someone is talking about."	"experiment, psychology, game"	"$0.20"	"Wed Jan 21 16:06:18 PST 2015"	"200"	"0"	"0"	"200"	"Reviewable"	"NotReviewed"	"1 scales"	"600"	"60000"	"Wed Jan 28 16:06:18 PST 2015"	"S85135"	"Approved"	""	"""snowman"""	"""mittens"""	"""right"""	"0"	"-1"	"0"	"1"	"1"	"0"	"3"	"""2"""	"""1"""	"-1"	"""TRUE"""	"""foil"""	"""FALSE"""	"-1"	"-1"	"-1"	"-1"	"-1"	"-1"	"""predicting which snowman Bob will decorate next."""	"""thanks."""	"""40"""	"""m"""	"1"	"0"	"1"	"2"	"0"	"""3"""	"-1"
"What is he talking about? (1-2 mins)"	"Short and fun! A 1-2 minute word game about what someone is talking about."	"experiment, psychology, game"	"$0.20"	"Wed Jan 21 16:06:18 PST 2015"	"200"	"0"	"0"	"200"	"Reviewable"	"NotReviewed"	"1 scales"	"600"	"60000"	"Wed Jan 28 16:06:18 PST 2015"	"S79281"	"Approved"	""	"""pizza"""	"""mushrooms"""	"""middle"""	"0"	"-1"	"0"	"1"	"1"	"0"	"4"	"""2"""	"""1"""	"-1"	"""TRUE"""	"""logical"""	"""FALSE"""	"-1"	"-1"	"-1"	"-1"	"-1"	"-1"	"""Bob eating pizza"""	"""No"""	"""26"""	"""m"""	"1"	"0"	"2"	"1"	"0"	"""3"""	"-1"
"What is he talking about? (1-2 mins)"	"Short and fun! A 1-2 minute word game about what someone is talking about."	"experiment, psychology, game"	"$0.20"	"Wed Jan 21 16:06:18 PST 2015"	"200"	"0"	"0"	"200"	"Reviewable"	"NotReviewed"	"1 scales"	"600"	"60000"	"Wed Jan 28 16:06:18 PST 2015"	"S22101"	"Approved"	""	"""Christmas tree"""	"""lights"""	"""left"""	"0"	"-1"	"0"	"1"	"1"	"0"	"3"	"""2"""	"""1"""	"-1"	"""FALSE"""	"""target"""	"""TRUE"""	"-1"	"-1"	"-1"	"-1"	"-1"	"-1"	"""about a guy trimming christmas trees"""	"""none"""	"""26"""	"""m"""	"1"	"0"	"1"	"0"	"2"	"""3"""	"-1"
"What is he talking about? (1-2 mins)"	"Short and fun! A 1-2 minute word game about what someone is talking about."	"experiment, psychology, game"	"$0.20"	"Wed Jan 21 16:06:18 PST 2015"	"200"	"0"	"0"	"200"	"Reviewable"	"NotReviewed"	"1 scales"	"600"	"60000"	"Wed Jan 28 16:06:18 PST 2015"	"S91307"	"Approved"	""	"""snowman"""	"""mittens"""	"""left"""	"0"	"-1"	"0"	"1"	"1"	"0"	"3"	"""2"""	"""1"""	"-1"	"""TRUE"""	"""foil"""	"""FALSE"""	"-1"	"-1"	"-1"	"-1"	"-1"	"-1"	"""I am not sure."""	""""""	"""34"""	"""m"""	"1"	"0"	"1"	"0"	"2"	"""3"""	"-1"
"What is he talking about? (1-2 mins)"	"Short and fun! A 1-2 minute word game about what someone is talking about."	"experiment, psychology, game"	"$0.20"	"Wed Jan 21 16:06:18 PST 2015"	"200"	"0"	"0"	"200"	"Reviewable"	"NotReviewed"	"1 scales"	"600"	"60000"	"Wed Jan 28 16:06:18 PST 2015"	"S06612"	"Approved"	""	"""Christmas tree"""	"""ornaments"""	"""right"""	"0"	"-1"	"0"	"1"	"1"	"0"	"4"	"""2"""	"""1"""	"-1"	"""TRUE"""	"""foil"""	"""FALSE"""	"-1"	"-1"	"-1"	"-1"	"-1"	"-1"	"""Figuring out what a person likes"""	""""""	"""24"""	"""f"""	"1"	"0"	"1"	"2"	"0"	"""3"""	"-1"
"What is he talking about? (1-2 mins)"	"Short and fun! A 1-2 minute word game about what someone is talking about."	"experiment, psychology, game"	"$0.20"	"Wed Jan 21 16:06:18 PST 2015"	"200"	"0"	"0"	"200"	"Reviewable"	"NotReviewed"	"1 scales"	"600"	"60000"	"Wed Jan 28 16:06:18 PST 2015"	"S23860"	"Approved"	""	"""sundae"""	"""cherry"""	"""right"""	"0"	"-1"	"0"	"1"	"1"	"0"	"4"	"""2"""	"""1"""	"-1"	"""TRUE"""	"""logical"""	"""FALSE"""	"-1"	"-1"	"-1"	"-1"	"-1"	"-1"	"""Bob and his love of sundaes"""	"""That was cute"""	"""59"""	"""f"""	"1"	"0"	"1"	"0"	"2"	"""3"""	"-1"
"What is he talking about? (1-2 mins)"	"Short and fun! A 1-2 minute word game about what someone is talking about."	"experiment, psychology, game"	"$0.20"	"Wed Jan 21 16:06:18 PST 2015"	"200"	"0"	"0"	"200"	"Reviewable"	"NotReviewed"	"1 scales"	"600"	"60000"	"Wed Jan 28 16:06:18 PST 2015"	"S78094"	"Approved"	""	"""boat"""	"""cabin"""	"""middle"""	"0"	"-1"	"0"	"1"	"1"	"0"	"3"	"""2"""	"""1"""	"-1"	"""FALSE"""	"""foil"""	"""FALSE"""	"-1"	"-1"	"-1"	"-1"	"-1"	"-1"	"""perception """	"""none"""	"""58"""	"""male"""	"1"	"0"	"2"	"0"	"1"	"""3"""	"-1"
"What is he talking about? (1-2 mins)"	"Short and fun! A 1-2 minute word game about what someone is talking about."	"experiment, psychology, game"	"$0.20"	"Wed Jan 21 16:06:18 PST 2015"	"200"	"0"	"0"	"200"	"Reviewable"	"NotReviewed"	"1 scales"	"600"	"60000"	"Wed Jan 28 16:06:18 PST 2015"	"S19570"	"Approved"	""	"""boat"""	"""motor"""	"""middle"""	"0"	"-1"	"0"	"1"	"1"	"0"	"3"	"""2"""	"""1"""	"-1"	"""TRUE"""	"""target"""	"""TRUE"""	"-1"	"-1"	"-1"	"-1"	"-1"	"-1"	"""Bob renting boats"""	"""no"""	"""27"""	"""m"""	"1"	"0"	"0"	"1"	"2"	"""3"""	"-1"
"What is he talking about? (1-2 mins)"	"Short and fun! A 1-2 minute word game about what someone is talking about."	"experiment, psychology, game"	"$0.20"	"Wed Jan 21 16:06:18 PST 2015"	"200"	"0"	"0"	"200"	"Reviewable"	"NotReviewed"	"1 scales"	"600"	"60000"	"Wed Jan 28 16:06:18 PST 2015"	"S95193"	"Approved"	""	"""sundae"""	"""whipped cream"""	"""right"""	"0"	"-1"	"0"	"1"	"1"	"0"	"3"	"""2"""	"""1"""	"-1"	"""TRUE"""	"""foil"""	"""FALSE"""	"-1"	"-1"	"-1"	"-1"	"-1"	"-1"	"""which sundae bob is eating"""	""""""	"""23"""	"""f"""	"1"	"0"	"2"	"1"	"0"	"""3"""	"-1"
"What is he talking about? (1-2 mins)"	"Short and fun! A 1-2 minute word game about what someone is talking about."	"experiment, psychology, game"	"$0.20"	"Wed Jan 21 16:06:18 PST 2015"	"200"	"0"	"0"	"200"	"Reviewable"	"NotReviewed"	"1 scales"	"600"	"60000"	"Wed Jan 28 16:06:18 PST 2015"	"S08039"	"Approved"	""	"""friend"""	"""hat"""	"""right"""	"0"	"-1"	"0"	"1"	"1"	"0"	"3"	"""2"""	"""1"""	"-1"	"""TRUE"""	"""target"""	"""TRUE"""	"-1"	"-1"	"-1"	"-1"	"-1"	"-1"	"""I have no freakin clue."""	""""""	"""26"""	"""f"""	"1"	"0"	"0"	"2"	"1"	"""3"""	"-1"
"What is he talking about? (1-2 mins)"	"Short and fun! A 1-2 minute word game about what someone is talking about."	"experiment, psychology, game"	"$0.20"	"Wed Jan 21 16:06:18 PST 2015"	"200"	"0"	"0"	"200"	"Reviewable"	"NotReviewed"	"1 scales"	"600"	"60000"	"Wed Jan 28 16:06:18 PST 2015"	"S82158"	"Approved"	""	"""friend"""	"""mustache"""	"""right"""	"0"	"-1"	"0"	"1"	"1"	"0"	"3"	"""2"""	"""1"""	"-1"	"""TRUE"""	"""logical"""	"""FALSE"""	"-1"	"-1"	"-1"	"-1"	"-1"	"-1"	"""Recognising mumbling?"""	"""mumblemumble"""	"""20"""	"""m"""	"1"	"0"	"1"	"2"	"0"	"""3"""	"-1"
"What is he talking about? (1-2 mins)"	"Short and fun! A 1-2 minute word game about what someone is talking about."	"experiment, psychology, game"	"$0.20"	"Wed Jan 21 16:06:18 PST 2015"	"200"	"0"	"0"	"200"	"Reviewable"	"NotReviewed"	"1 scales"	"600"	"60000"	"Wed Jan 28 16:06:18 PST 2015"	"S69107"	"Approved"	""	"""sundae"""	"""chocolate"""	"""left"""	"0"	"-1"	"0"	"1"	"1"	"0"	"3"	"""2"""	"""1"""	"-1"	"""TRUE"""	"""logical"""	"""FALSE"""	"-1"	"-1"	"-1"	"-1"	"-1"	"-1"	"""Figuring out what sundae Bob preferred."""	"""no"""	"""57"""	"""f"""	"1"	"0"	"0"	"2"	"1"	"""3"""	"-1"
"What is he talking about? (1-2 mins)"	"Short and fun! A 1-2 minute word game about what someone is talking about."	"experiment, psychology, game"	"$0.20"	"Wed Jan 21 16:06:18 PST 2015"	"200"	"0"	"0"	"200"	"Reviewable"	"NotReviewed"	"1 scales"	"600"	"60000"	"Wed Jan 28 16:06:18 PST 2015"	"S61818"	"Approved"	""	"""boat"""	"""sail"""	"""right"""	"0"	"-1"	"0"	"1"	"1"	"0"	"3"	"""2"""	"""1"""	"-1"	"""TRUE"""	"""target"""	"""TRUE"""	"-1"	"-1"	"-1"	"-1"	"-1"	"-1"	"""Which boat Bob would choose from the three indicated and all he says is mumblemumble."""	"""Thanks."""	"""58"""	"""f"""	"1"	"0"	"2"	"1"	"0"	"""3"""	"-1"
"What is he talking about? (1-2 mins)"	"Short and fun! A 1-2 minute word game about what someone is talking about."	"experiment, psychology, game"	"$0.20"	"Wed Jan 21 16:06:18 PST 2015"	"200"	"0"	"0"	"200"	"Reviewable"	"NotReviewed"	"1 scales"	"600"	"60000"	"Wed Jan 28 16:06:18 PST 2015"	"S10903"	"Approved"	""	"""pizza"""	"""olives"""	"""right"""	"0"	"-1"	"0"	"1"	"1"	"0"	"3"	"""2"""	"""1"""	"-1"	"""TRUE"""	"""foil"""	"""FALSE"""	"-1"	"-1"	"-1"	"-1"	"-1"	"-1"	"""Pizza"""	"""No"""	"""31"""	"""m"""	"1"	"0"	"1"	"0"	"2"	"""3"""	"-1"
"What is he talking about? (1-2 mins)"	"Short and fun! A 1-2 minute word game about what someone is talking about."	"experiment, psychology, game"	"$0.20"	"Wed Jan 21 16:06:18 PST 2015"	"200"	"0"	"0"	"200"	"Reviewable"	"NotReviewed"	"1 scales"	"600"	"60000"	"Wed Jan 28 16:06:18 PST 2015"	"S24554"	"Approved"	""	"""boat"""	"""motor"""	"""right"""	"0"	"-1"	"0"	"1"	"1"	"0"	"3"	"""2"""	"""1"""	"-1"	"""TRUE"""	"""logical"""	"""FALSE"""	"-1"	"-1"	"-1"	"-1"	"-1"	"-1"	"""what i though bob wanted"""	""""""	"""31"""	"""f"""	"1"	"0"	"2"	"1"	"0"	"""3"""	"-1"
"What is he talking about? (1-2 mins)"	"Short and fun! A 1-2 minute word game about what someone is talking about."	"experiment, psychology, game"	"$0.20"	"Wed Jan 21 16:06:18 PST 2015"	"200"	"0"	"0"	"200"	"Reviewable"	"NotReviewed"	"1 scales"	"600"	"60000"	"Wed Jan 28 16:06:18 PST 2015"	"S16616"	"Approved"	""	"""sundae"""	"""whipped cream"""	"""left"""	"0"	"-1"	"0"	"1"	"1"	"0"	"3"	"""2"""	"""1"""	"-1"	"""TRUE"""	"""logical"""	"""FALSE"""	"-1"	"-1"	"-1"	"-1"	"-1"	"-1"	"""Interpreting an unintelligble mumble"""	"""No"""	"""22"""	"""M"""	"1"	"0"	"2"	"1"	"0"	"""3"""	"-1"
"What is he talking about? (1-2 mins)"	"Short and fun! A 1-2 minute word game about what someone is talking about."	"experiment, psychology, game"	"$0.20"	"Wed Jan 21 16:06:18 PST 2015"	"200"	"0"	"0"	"200"	"Reviewable"	"NotReviewed"	"1 scales"	"600"	"60000"	"Wed Jan 28 16:06:18 PST 2015"	"S51416"	"Approved"	""	"""sundae"""	"""chocolate"""	"""middle"""	"0"	"-1"	"0"	"1"	"1"	"0"	"4"	"""2"""	"""1"""	"-1"	"""TRUE"""	"""logical"""	"""FALSE"""	"-1"	"-1"	"-1"	"-1"	"-1"	"-1"	"""Bob's sundae preference and the composition of certain sundaes"""	""""""	"""22"""	"""m"""	"1"	"0"	"2"	"1"	"0"	"""3"""	"-1"
"What is he talking about? (1-2 mins)"	"Short and fun! A 1-2 minute word game about what someone is talking about."	"experiment, psychology, game"	"$0.20"	"Wed Jan 21 16:06:18 PST 2015"	"200"	"0"	"0"	"200"	"Reviewable"	"NotReviewed"	"1 scales"	"600"	"60000"	"Wed Jan 28 16:06:18 PST 2015"	"S20929"	"Approved"	""	"""snowman"""	"""hat"""	"""middle"""	"0"	"-1"	"0"	"1"	"1"	"0"	"3"	"""2"""	"""1"""	"-1"	"""TRUE"""	"""foil"""	"""FALSE"""	"-1"	"-1"	"-1"	"-1"	"-1"	"-1"	"""understanding mumbles based on actions"""	""""""	"""28"""	"""f"""	"1"	"0"	"1"	"2"	"0"	"""3"""	"-1"
"What is he talking about? (1-2 mins)"	"Short and fun! A 1-2 minute word game about what someone is talking about."	"experiment, psychology, game"	"$0.20"	"Wed Jan 21 16:06:18 PST 2015"	"200"	"0"	"0"	"200"	"Reviewable"	"NotReviewed"	"1 scales"	"600"	"60000"	"Wed Jan 28 16:06:18 PST 2015"	"S02195"	"Approved"	""	"""Christmas tree"""	"""ornaments"""	"""right"""	"0"	"-1"	"0"	"1"	"1"	"0"	"4"	"""2"""	"""1"""	"-1"	"""TRUE"""	"""foil"""	"""FALSE"""	"-1"	"-1"	"-1"	"-1"	"-1"	"-1"	"""language comprehension?"""	"""Thank you"""	"""33"""	"""f"""	"1"	"0"	"2"	"0"	"1"	"""3"""	"-1"
"What is he talking about? (1-2 mins)"	"Short and fun! A 1-2 minute word game about what someone is talking about."	"experiment, psychology, game"	"$0.20"	"Wed Jan 21 16:06:18 PST 2015"	"200"	"0"	"0"	"200"	"Reviewable"	"NotReviewed"	"1 scales"	"600"	"60000"	"Wed Jan 28 16:06:18 PST 2015"	"S88871"	"Approved"	""	"""snowman"""	"""hat"""	"""middle"""	"0"	"-1"	"0"	"1"	"1"	"0"	"3"	"""2"""	"""1"""	"-1"	"""TRUE"""	"""target"""	"""TRUE"""	"-1"	"-1"	"-1"	"-1"	"-1"	"-1"	"""bob"""	""""""	"""29"""	"""f"""	"1"	"0"	"0"	"2"	"1"	"""3"""	"-1"
"What is he talking about? (1-2 mins)"	"Short and fun! A 1-2 minute word game about what someone is talking about."	"experiment, psychology, game"	"$0.20"	"Wed Jan 21 16:06:18 PST 2015"	"200"	"0"	"0"	"200"	"Reviewable"	"NotReviewed"	"1 scales"	"600"	"60000"	"Wed Jan 28 16:06:18 PST 2015"	"S39947"	"Approved"	""	"""Christmas tree"""	"""star"""	"""left"""	"0"	"-1"	"0"	"1"	"1"	"0"	"4"	"""2"""	"""1"""	"-1"	"""FALSE"""	"""foil"""	"""FALSE"""	"-1"	"-1"	"-1"	"-1"	"-1"	"-1"	"""what trees he trimmed"""	"""no"""	"""22"""	"""f"""	"1"	"0"	"1"	"0"	"2"	"""3"""	"-1"
"What is he talking about? (1-2 mins)"	"Short and fun! A 1-2 minute word game about what someone is talking about."	"experiment, psychology, game"	"$0.20"	"Wed Jan 21 16:06:18 PST 2015"	"200"	"0"	"0"	"200"	"Reviewable"	"NotReviewed"	"1 scales"	"600"	"60000"	"Wed Jan 28 16:06:18 PST 2015"	"S89233"	"Approved"	""	"""Christmas tree"""	"""ornaments"""	"""right"""	"0"	"-1"	"0"	"1"	"1"	"0"	"3"	"""2"""	"""1"""	"-1"	"""TRUE"""	"""logical"""	"""FALSE"""	"-1"	"-1"	"-1"	"-1"	"-1"	"-1"	"""mumblemumble"""	""""""	"""21"""	"""M"""	"1"	"0"	"1"	"2"	"0"	"""3"""	"-1"
"What is he talking about? (1-2 mins)"	"Short and fun! A 1-2 minute word game about what someone is talking about."	"experiment, psychology, game"	"$0.20"	"Wed Jan 21 16:06:18 PST 2015"	"200"	"0"	"0"	"200"	"Reviewable"	"NotReviewed"	"1 scales"	"600"	"60000"	"Wed Jan 28 16:06:18 PST 2015"	"S90228"	"Approved"	""	"""boat"""	"""sail"""	"""left"""	"0"	"-1"	"0"	"1"	"1"	"0"	"3"	"""1"""	"""1"""	"-1"	"""TRUE"""	"""logical"""	"""FALSE"""	"-1"	"-1"	"-1"	"-1"	"-1"	"-1"	"""what someone was saying mumbling"""	"""No thank you."""	"""48"""	"""f"""	"1"	"0"	"1"	"2"	"0"	"""3"""	"-1"
"What is he talking about? (1-2 mins)"	"Short and fun! A 1-2 minute word game about what someone is talking about."	"experiment, psychology, game"	"$0.20"	"Wed Jan 21 16:06:18 PST 2015"	"200"	"0"	"0"	"200"	"Reviewable"	"NotReviewed"	"1 scales"	"600"	"60000"	"Wed Jan 28 16:06:18 PST 2015"	"S00229"	"Approved"	""	"""friend"""	"""glasses"""	"""middle"""	"0"	"-1"	"0"	"1"	"1"	"0"	"4"	"""b"""	"""c"""	"-1"	"""FALSE"""	"""target"""	"""TRUE"""	"-1"	"-1"	"-1"	"-1"	"-1"	"-1"	"""relationship"""	"""no"""	"""22"""	"""female"""	"1"	"0"	"2"	"1"	"0"	"""3"""	"-1"
"What is he talking about? (1-2 mins)"	"Short and fun! A 1-2 minute word game about what someone is talking about."	"experiment, psychology, game"	"$0.20"	"Wed Jan 21 16:06:18 PST 2015"	"200"	"0"	"0"	"200"	"Reviewable"	"NotReviewed"	"1 scales"	"600"	"60000"	"Wed Jan 28 16:06:18 PST 2015"	"S36492"	"Approved"	""	"""Christmas tree"""	"""lights"""	"""middle"""	"0"	"-1"	"0"	"1"	"1"	"0"	"3"	"""2"""	"""1"""	"-1"	"""FALSE"""	"""foil"""	"""FALSE"""	"-1"	"-1"	"-1"	"-1"	"-1"	"-1"	"""Assuming information From context """	""""""	"""24"""	"""m"""	"1"	"0"	"1"	"2"	"0"	"""3"""	"-1"
"What is he talking about? (1-2 mins)"	"Short and fun! A 1-2 minute word game about what someone is talking about."	"experiment, psychology, game"	"$0.20"	"Wed Jan 21 16:06:18 PST 2015"	"200"	"0"	"0"	"200"	"Reviewable"	"NotReviewed"	"1 scales"	"600"	"60000"	"Wed Jan 28 16:06:18 PST 2015"	"S73395"	"Approved"	""	"""Christmas tree"""	"""lights"""	"""right"""	"0"	"-1"	"0"	"1"	"1"	"0"	"3"	"""2"""	"""1"""	"-1"	"""TRUE"""	"""foil"""	"""FALSE"""	"-1"	"-1"	"-1"	"-1"	"-1"	"-1"	"""I haven't the foggiest."""	""""""	"""31"""	"""m"""	"1"	"0"	"1"	"2"	"0"	"""3"""	"-1"
"What is he talking about? (1-2 mins)"	"Short and fun! A 1-2 minute word game about what someone is talking about."	"experiment, psychology, game"	"$0.20"	"Wed Jan 21 16:06:18 PST 2015"	"200"	"0"	"0"	"200"	"Reviewable"	"NotReviewed"	"1 scales"	"600"	"60000"	"Wed Jan 28 16:06:18 PST 2015"	"S70805"	"Approved"	""	"""snowman"""	"""scarf"""	"""left"""	"0"	"-1"	"0"	"1"	"1"	"0"	"3"	"""2"""	"""1"""	"-1"	"""TRUE"""	"""foil"""	"""FALSE"""	"-1"	"-1"	"-1"	"-1"	"-1"	"-1"	"""Guessing which snowman Bob will decorate"""	""""""	"""24"""	"""f"""	"1"	"0"	"0"	"1"	"2"	"""3"""	"-1"
"What is he talking about? (1-2 mins)"	"Short and fun! A 1-2 minute word game about what someone is talking about."	"experiment, psychology, game"	"$0.20"	"Wed Jan 21 16:06:18 PST 2015"	"200"	"0"	"0"	"200"	"Reviewable"	"NotReviewed"	"1 scales"	"600"	"60000"	"Wed Jan 28 16:06:18 PST 2015"	"S61150"	"Approved"	""	"""Christmas tree"""	"""star"""	"""right"""	"0"	"-1"	"0"	"1"	"1"	"0"	"3"	"""2"""	"""1"""	"-1"	"""TRUE"""	"""target"""	"""TRUE"""	"-1"	"-1"	"-1"	"-1"	"-1"	"-1"	"""deciphering mumblemumble from Bob about his tree"""	"""no"""	"""40"""	"""m"""	"1"	"0"	"1"	"0"	"2"	"""3"""	"-1"
"What is he talking about? (1-2 mins)"	"Short and fun! A 1-2 minute word game about what someone is talking about."	"experiment, psychology, game"	"$0.20"	"Wed Jan 21 16:06:18 PST 2015"	"200"	"0"	"0"	"200"	"Reviewable"	"NotReviewed"	"1 scales"	"600"	"60000"	"Wed Jan 28 16:06:18 PST 2015"	"S89445"	"Approved"	""	"""friend"""	"""glasses"""	"""right"""	"0"	"-1"	"0"	"1"	"1"	"0"	"4"	"""2"""	"""1"""	"-1"	"""TRUE"""	"""logical"""	"""FALSE"""	"-1"	"-1"	"-1"	"-1"	"-1"	"-1"	"""Picking a friend that Bob will visit."""	"""Nope."""	"""28"""	"""f"""	"1"	"0"	"2"	"0"	"1"	"""3"""	"-1"
"What is he talking about? (1-2 mins)"	"Short and fun! A 1-2 minute word game about what someone is talking about."	"experiment, psychology, game"	"$0.20"	"Wed Jan 21 16:06:18 PST 2015"	"200"	"0"	"0"	"200"	"Reviewable"	"NotReviewed"	"1 scales"	"600"	"60000"	"Wed Jan 28 16:06:18 PST 2015"	"S91007"	"Approved"	""	"""boat"""	"""cabin"""	"""middle"""	"0"	"-1"	"0"	"1"	"1"	"0"	"4"	"""2"""	"""1"""	"-1"	"""TRUE"""	"""logical"""	"""FALSE"""	"-1"	"-1"	"-1"	"-1"	"-1"	"-1"	"""which boat does bob choose"""	"""no"""	"""34"""	"""m"""	"1"	"0"	"1"	"0"	"2"	"""3"""	"-1"
"What is he talking about? (1-2 mins)"	"Short and fun! A 1-2 minute word game about what someone is talking about."	"experiment, psychology, game"	"$0.20"	"Wed Jan 21 16:06:18 PST 2015"	"200"	"0"	"0"	"200"	"Reviewable"	"NotReviewed"	"1 scales"	"600"	"60000"	"Wed Jan 28 16:06:18 PST 2015"	"S69473"	"Approved"	""	"""Christmas tree"""	"""lights"""	"""left"""	"0"	"-1"	"0"	"1"	"1"	"0"	"3"	"""2"""	"""1"""	"-1"	"""TRUE"""	"""foil"""	"""FALSE"""	"-1"	"-1"	"-1"	"-1"	"-1"	"-1"	"""How people infer language from a story"""	"""n/a"""	"""29"""	"""m"""	"1"	"0"	"2"	"0"	"1"	"""3"""	"-1"
"What is he talking about? (1-2 mins)"	"Short and fun! A 1-2 minute word game about what someone is talking about."	"experiment, psychology, game"	"$0.20"	"Wed Jan 21 16:06:18 PST 2015"	"200"	"0"	"0"	"200"	"Reviewable"	"NotReviewed"	"1 scales"	"600"	"60000"	"Wed Jan 28 16:06:18 PST 2015"	"S00452"	"Approved"	""	"""snowman"""	"""hat"""	"""middle"""	"0"	"-1"	"0"	"1"	"1"	"0"	"3"	"""2"""	"""1"""	"-1"	"""TRUE"""	"""logical"""	"""FALSE"""	"-1"	"-1"	"-1"	"-1"	"-1"	"-1"	"""communication"""	""""""	"""46"""	"""m"""	"1"	"0"	"0"	"1"	"2"	"""3"""	"-1"
"What is he talking about? (1-2 mins)"	"Short and fun! A 1-2 minute word game about what someone is talking about."	"experiment, psychology, game"	"$0.20"	"Wed Jan 21 16:06:18 PST 2015"	"200"	"0"	"0"	"200"	"Reviewable"	"NotReviewed"	"1 scales"	"600"	"60000"	"Wed Jan 28 16:06:18 PST 2015"	"S10584"	"Approved"	""	"""friend"""	"""hat"""	"""left"""	"0"	"-1"	"0"	"1"	"1"	"0"	"4"	"""2"""	"""1"""	"-1"	"""TRUE"""	"""foil"""	"""FALSE"""	"-1"	"-1"	"-1"	"-1"	"-1"	"-1"	"""How we relate to other people"""	"""Thank you for the opportunity to participate!"""	"""30"""	"""m"""	"1"	"0"	"1"	"2"	"0"	"""3"""	"-1"
"What is he talking about? (1-2 mins)"	"Short and fun! A 1-2 minute word game about what someone is talking about."	"experiment, psychology, game"	"$0.20"	"Wed Jan 21 16:06:18 PST 2015"	"200"	"0"	"0"	"200"	"Reviewable"	"NotReviewed"	"1 scales"	"600"	"60000"	"Wed Jan 28 16:06:18 PST 2015"	"S07229"	"Approved"	""	"""friend"""	"""hat"""	"""middle"""	"0"	"-1"	"0"	"1"	"1"	"0"	"4"	"""2"""	"""1"""	"-1"	"""FALSE"""	"""logical"""	"""FALSE"""	"-1"	"-1"	"-1"	"-1"	"-1"	"-1"	"""bobs friends"""	""""""	"""24"""	"""male"""	"1"	"0"	"2"	"1"	"0"	"""3"""	"-1"
"What is he talking about? (1-2 mins)"	"Short and fun! A 1-2 minute word game about what someone is talking about."	"experiment, psychology, game"	"$0.20"	"Wed Jan 21 16:06:18 PST 2015"	"200"	"0"	"0"	"200"	"Reviewable"	"NotReviewed"	"1 scales"	"600"	"60000"	"Wed Jan 28 16:06:18 PST 2015"	"S06398"	"Approved"	""	"""snowman"""	"""mittens"""	"""right"""	"0"	"-1"	"0"	"1"	"1"	"0"	"3"	"""2"""	"""1"""	"-1"	"""TRUE"""	"""logical"""	"""FALSE"""	"-1"	"-1"	"-1"	"-1"	"-1"	"-1"	"""picking the snow man based on what bob says"""	"""very fun!"""	"""23"""	"""M"""	"1"	"0"	"0"	"1"	"2"	"""3"""	"-1"
"What is he talking about? (1-2 mins)"	"Short and fun! A 1-2 minute word game about what someone is talking about."	"experiment, psychology, game"	"$0.20"	"Wed Jan 21 16:06:18 PST 2015"	"200"	"0"	"0"	"200"	"Reviewable"	"NotReviewed"	"1 scales"	"600"	"60000"	"Wed Jan 28 16:06:18 PST 2015"	"S05012"	"Approved"	""	"""sundae"""	"""chocolate"""	"""right"""	"0"	"-1"	"0"	"1"	"1"	"0"	"4"	"""2"""	"""1"""	"-1"	"""TRUE"""	"""target"""	"""TRUE"""	"-1"	"-1"	"-1"	"-1"	"-1"	"-1"	"""Bob and his sundaes (unless you were looking for a meaningful answer in which case I don't know)"""	"""no"""	"""50"""	"""m"""	"1"	"0"	"2"	"0"	"1"	"""3"""	"-1"
"What is he talking about? (1-2 mins)"	"Short and fun! A 1-2 minute word game about what someone is talking about."	"experiment, psychology, game"	"$0.20"	"Wed Jan 21 16:06:18 PST 2015"	"200"	"0"	"0"	"200"	"Reviewable"	"NotReviewed"	"1 scales"	"600"	"60000"	"Wed Jan 28 16:06:18 PST 2015"	"S65250"	"Approved"	""	"""boat"""	"""sail"""	"""middle"""	"0"	"-1"	"0"	"1"	"1"	"0"	"4"	"""2"""	"""1"""	"-1"	"""TRUE"""	"""logical"""	"""FALSE"""	"-1"	"-1"	"-1"	"-1"	"-1"	"-1"	"""About sailing boats."""	"""No."""	"""25"""	"""f"""	"1"	"0"	"0"	"2"	"1"	"""3"""	"-1"
"What is he talking about? (1-2 mins)"	"Short and fun! A 1-2 minute word game about what someone is talking about."	"experiment, psychology, game"	"$0.20"	"Wed Jan 21 16:06:18 PST 2015"	"200"	"0"	"0"	"200"	"Reviewable"	"NotReviewed"	"1 scales"	"600"	"60000"	"Wed Jan 28 16:06:18 PST 2015"	"S36406"	"Approved"	""	"""pizza"""	"""mushrooms"""	"""right"""	"0"	"-1"	"0"	"1"	"1"	"0"	"3"	"""2"""	"""1"""	"-1"	"""TRUE"""	"""logical"""	"""FALSE"""	"-1"	"-1"	"-1"	"-1"	"-1"	"-1"	"""impressions"""	""""""	"""33"""	"""m"""	"1"	"0"	"1"	"0"	"2"	"""3"""	"-1"
"What is he talking about? (1-2 mins)"	"Short and fun! A 1-2 minute word game about what someone is talking about."	"experiment, psychology, game"	"$0.20"	"Wed Jan 21 16:06:18 PST 2015"	"200"	"0"	"0"	"200"	"Reviewable"	"NotReviewed"	"1 scales"	"600"	"60000"	"Wed Jan 28 16:06:18 PST 2015"	"S15111"	"Approved"	""	"""Christmas tree"""	"""star"""	"""middle"""	"0"	"-1"	"0"	"1"	"1"	"0"	"3"	"""1"""	"""1"""	"-1"	"""TRUE"""	"""target"""	"""TRUE"""	"-1"	"-1"	"-1"	"-1"	"-1"	"-1"	"""Which christmas tree bob trims."""	""""""	"""25"""	"""m"""	"1"	"0"	"1"	"2"	"0"	"""3"""	"-1"
"What is he talking about? (1-2 mins)"	"Short and fun! A 1-2 minute word game about what someone is talking about."	"experiment, psychology, game"	"$0.20"	"Wed Jan 21 16:06:18 PST 2015"	"200"	"0"	"0"	"200"	"Reviewable"	"NotReviewed"	"1 scales"	"600"	"60000"	"Wed Jan 28 16:06:18 PST 2015"	"S81550"	"Approved"	""	"""snowman"""	"""scarf"""	"""right"""	"0"	"-1"	"0"	"1"	"1"	"0"	"3"	"""2"""	"""1"""	"-1"	"""TRUE"""	"""logical"""	"""FALSE"""	"-1"	"-1"	"-1"	"-1"	"-1"	"-1"	"""Deciphering his words"""	"""None"""	"""26"""	"""F"""	"1"	"0"	"0"	"2"	"1"	"""3"""	"-1"
"What is he talking about? (1-2 mins)"	"Short and fun! A 1-2 minute word game about what someone is talking about."	"experiment, psychology, game"	"$0.20"	"Wed Jan 21 16:06:18 PST 2015"	"200"	"0"	"0"	"200"	"Reviewable"	"NotReviewed"	"1 scales"	"600"	"60000"	"Wed Jan 28 16:06:18 PST 2015"	"S94586"	"Approved"	""	"""friend"""	"""hat"""	"""left"""	"0"	"-1"	"0"	"1"	"1"	"0"	"3"	"""2"""	"""1"""	"-1"	"""TRUE"""	"""foil"""	"""FALSE"""	"-1"	"-1"	"-1"	"-1"	"-1"	"-1"	"""guessing context"""	""""""	"""31"""	"""m"""	"1"	"0"	"2"	"1"	"0"	"""3"""	"-1"
"What is he talking about? (1-2 mins)"	"Short and fun! A 1-2 minute word game about what someone is talking about."	"experiment, psychology, game"	"$0.20"	"Wed Jan 21 16:06:18 PST 2015"	"200"	"0"	"0"	"200"	"Reviewable"	"NotReviewed"	"1 scales"	"600"	"60000"	"Wed Jan 28 16:06:18 PST 2015"	"S69756"	"Approved"	""	"""snowman"""	"""scarf"""	"""left"""	"0"	"-1"	"0"	"1"	"1"	"0"	"4"	"""2"""	"""1"""	"-1"	"""TRUE"""	"""foil"""	"""FALSE"""	"-1"	"-1"	"-1"	"-1"	"-1"	"-1"	"""languyage"""	""""""	"""29"""	"""m"""	"1"	"0"	"1"	"0"	"2"	"""3"""	"-1"
"What is he talking about? (1-2 mins)"	"Short and fun! A 1-2 minute word game about what someone is talking about."	"experiment, psychology, game"	"$0.20"	"Wed Jan 21 16:06:18 PST 2015"	"200"	"0"	"0"	"200"	"Reviewable"	"NotReviewed"	"1 scales"	"600"	"60000"	"Wed Jan 28 16:06:18 PST 2015"	"S88030"	"Approved"	""	"""boat"""	"""motor"""	"""right"""	"0"	"-1"	"0"	"1"	"1"	"0"	"4"	"""2"""	"""1"""	"-1"	"""TRUE"""	"""foil"""	"""FALSE"""	"-1"	"-1"	"-1"	"-1"	"-1"	"-1"	"""Choices/boats"""	"""None"""	"""27"""	"""m"""	"1"	"0"	"0"	"1"	"2"	"""3"""	"-1"
"What is he talking about? (1-2 mins)"	"Short and fun! A 1-2 minute word game about what someone is talking about."	"experiment, psychology, game"	"$0.20"	"Wed Jan 21 16:06:18 PST 2015"	"200"	"0"	"0"	"200"	"Reviewable"	"NotReviewed"	"1 scales"	"600"	"60000"	"Wed Jan 28 16:06:18 PST 2015"	"S02107"	"Approved"	""	"""snowman"""	"""hat"""	"""left"""	"0"	"-1"	"0"	"1"	"1"	"0"	"3"	"""2"""	"""1"""	"-1"	"""TRUE"""	"""foil"""	"""FALSE"""	"-1"	"-1"	"-1"	"-1"	"-1"	"-1"	"""What snowman Bob was going to decorate."""	""""""	"""25"""	"""m"""	"1"	"0"	"0"	"2"	"1"	"""3"""	"-1"
"What is he talking about? (1-2 mins)"	"Short and fun! A 1-2 minute word game about what someone is talking about."	"experiment, psychology, game"	"$0.20"	"Wed Jan 21 16:06:18 PST 2015"	"200"	"0"	"0"	"200"	"Reviewable"	"NotReviewed"	"1 scales"	"600"	"60000"	"Wed Jan 28 16:06:18 PST 2015"	"S51646"	"Approved"	""	"""Christmas tree"""	"""star"""	"""left"""	"0"	"-1"	"0"	"1"	"1"	"0"	"4"	"""2"""	"""1"""	"-1"	"""TRUE"""	"""foil"""	"""FALSE"""	"-1"	"-1"	"-1"	"-1"	"-1"	"-1"	"""bob trimming christmas trees"""	""""""	"""24"""	"""m"""	"1"	"0"	"0"	"1"	"2"	"""3"""	"-1"
"What is he talking about? (1-2 mins)"	"Short and fun! A 1-2 minute word game about what someone is talking about."	"experiment, psychology, game"	"$0.20"	"Wed Jan 21 16:06:18 PST 2015"	"200"	"0"	"0"	"200"	"Reviewable"	"NotReviewed"	"1 scales"	"600"	"60000"	"Wed Jan 28 16:06:18 PST 2015"	"S38045"	"Approved"	""	"""friend"""	"""mustache"""	"""left"""	"0"	"-1"	"0"	"1"	"1"	"0"	"3"	"""2"""	"""1"""	"-1"	"""TRUE"""	"""foil"""	"""FALSE"""	"-1"	"-1"	"-1"	"-1"	"-1"	"-1"	"""His friends and him mumbling one of their names"""	"""Strange survey!"""	"""32"""	"""M"""	"1"	"0"	"2"	"0"	"1"	"""3"""	"-1"
"What is he talking about? (1-2 mins)"	"Short and fun! A 1-2 minute word game about what someone is talking about."	"experiment, psychology, game"	"$0.20"	"Wed Jan 21 16:06:18 PST 2015"	"200"	"0"	"0"	"200"	"Reviewable"	"NotReviewed"	"1 scales"	"600"	"60000"	"Wed Jan 28 16:06:18 PST 2015"	"S69464"	"Approved"	""	"""sundae"""	"""chocolate"""	"""right"""	"0"	"-1"	"0"	"1"	"1"	"0"	"3"	"""2"""	"""1"""	"-1"	"""TRUE"""	"""logical"""	"""FALSE"""	"-1"	"-1"	"-1"	"-1"	"-1"	"-1"	"""Eating sundaes and listening to a mumbler"""	"""nope"""	"""31"""	"""f"""	"1"	"0"	"1"	"0"	"2"	"""3"""	"-1"
"What is he talking about? (1-2 mins)"	"Short and fun! A 1-2 minute word game about what someone is talking about."	"experiment, psychology, game"	"$0.20"	"Wed Jan 21 16:06:18 PST 2015"	"200"	"0"	"0"	"200"	"Reviewable"	"NotReviewed"	"1 scales"	"600"	"60000"	"Wed Jan 28 16:06:18 PST 2015"	"S07470"	"Approved"	""	"""Christmas tree"""	"""star"""	"""right"""	"0"	"-1"	"0"	"1"	"1"	"0"	"4"	"""2"""	"""1"""	"-1"	"""TRUE"""	"""foil"""	"""FALSE"""	"-1"	"-1"	"-1"	"-1"	"-1"	"-1"	"""Trimming Christmas trees."""	"""Nope."""	"""44"""	"""m"""	"1"	"0"	"2"	"1"	"0"	"""3"""	"-1"
"What is he talking about? (1-2 mins)"	"Short and fun! A 1-2 minute word game about what someone is talking about."	"experiment, psychology, game"	"$0.20"	"Wed Jan 21 16:06:18 PST 2015"	"200"	"0"	"0"	"200"	"Reviewable"	"NotReviewed"	"1 scales"	"600"	"60000"	"Wed Jan 28 16:06:18 PST 2015"	"S18473"	"Approved"	""	"""Christmas tree"""	"""lights"""	"""left"""	"0"	"-1"	"0"	"1"	"1"	"0"	"3"	"""2"""	"""1"""	"-1"	"""TRUE"""	"""logical"""	"""FALSE"""	"-1"	"-1"	"-1"	"-1"	"-1"	"-1"	"""Bob and what he is saying"""	"""n/a"""	"""39"""	"""m"""	"1"	"0"	"2"	"1"	"0"	"""3"""	"-1"
"What is he talking about? (1-2 mins)"	"Short and fun! A 1-2 minute word game about what someone is talking about."	"experiment, psychology, game"	"$0.20"	"Wed Jan 21 16:06:18 PST 2015"	"200"	"0"	"0"	"200"	"Reviewable"	"NotReviewed"	"1 scales"	"600"	"60000"	"Wed Jan 28 16:06:18 PST 2015"	"S22302"	"Approved"	""	"""friend"""	"""hat"""	"""right"""	"0"	"-1"	"0"	"1"	"1"	"0"	"3"	"""2"""	"""1"""	"-1"	"""TRUE"""	"""target"""	"""TRUE"""	"-1"	"-1"	"-1"	"-1"	"-1"	"-1"	"""Friends Bob visits"""	"""Mumblemumble"""	"""37"""	"""M"""	"1"	"0"	"1"	"2"	"0"	"""3"""	"-1"
"What is he talking about? (1-2 mins)"	"Short and fun! A 1-2 minute word game about what someone is talking about."	"experiment, psychology, game"	"$0.20"	"Wed Jan 21 16:06:18 PST 2015"	"200"	"0"	"0"	"200"	"Reviewable"	"NotReviewed"	"1 scales"	"600"	"60000"	"Wed Jan 28 16:06:18 PST 2015"	"S58986"	"Approved"	""	"""Christmas tree"""	"""ornaments"""	"""left"""	"0"	"-1"	"0"	"1"	"1"	"0"	"4"	"""2"""	"""1"""	"-1"	"""TRUE"""	"""foil"""	"""FALSE"""	"-1"	"-1"	"-1"	"-1"	"-1"	"-1"	"""Determining which trees were which."""	"""Not really."""	"""27"""	"""m"""	"1"	"0"	"1"	"2"	"0"	"""3"""	"-1"
"What is he talking about? (1-2 mins)"	"Short and fun! A 1-2 minute word game about what someone is talking about."	"experiment, psychology, game"	"$0.20"	"Wed Jan 21 16:06:18 PST 2015"	"200"	"0"	"0"	"200"	"Reviewable"	"NotReviewed"	"1 scales"	"600"	"60000"	"Wed Jan 28 16:06:18 PST 2015"	"S76863"	"Approved"	""	"""sundae"""	"""chocolate"""	"""left"""	"0"	"-1"	"0"	"1"	"1"	"0"	"3"	"""2"""	"""1"""	"-1"	"""TRUE"""	"""logical"""	"""FALSE"""	"-1"	"-1"	"-1"	"-1"	"-1"	"-1"	"""sundaes"""	"""That was cute!"""	"""89"""	"""f"""	"1"	"0"	"1"	"2"	"0"	"""3"""	"-1"
"What is he talking about? (1-2 mins)"	"Short and fun! A 1-2 minute word game about what someone is talking about."	"experiment, psychology, game"	"$0.20"	"Wed Jan 21 16:06:18 PST 2015"	"200"	"0"	"0"	"200"	"Reviewable"	"NotReviewed"	"1 scales"	"600"	"60000"	"Wed Jan 28 16:06:18 PST 2015"	"S06659"	"Approved"	""	"""boat"""	"""cabin"""	"""right"""	"0"	"-1"	"0"	"1"	"1"	"0"	"4"	"""2"""	"""1"""	"-1"	"""TRUE"""	"""logical"""	"""FALSE"""	"-1"	"-1"	"-1"	"-1"	"-1"	"-1"	"""boats"""	""""""	"""23"""	"""m"""	"1"	"0"	"0"	"1"	"2"	"""3"""	"-1"
"What is he talking about? (1-2 mins)"	"Short and fun! A 1-2 minute word game about what someone is talking about."	"experiment, psychology, game"	"$0.20"	"Wed Jan 21 16:06:18 PST 2015"	"200"	"0"	"0"	"200"	"Reviewable"	"NotReviewed"	"1 scales"	"600"	"60000"	"Wed Jan 28 16:06:18 PST 2015"	"S00516"	"Approved"	""	"""boat"""	"""cabin"""	"""right"""	"0"	"-1"	"0"	"1"	"1"	"0"	"4"	"""2"""	"""1"""	"-1"	"""TRUE"""	"""logical"""	"""FALSE"""	"-1"	"-1"	"-1"	"-1"	"-1"	"-1"	"""I'm not sure."""	"""No comments, thanks!"""	"""21"""	"""m"""	"1"	"0"	"0"	"1"	"2"	"""3"""	"-1"
"What is he talking about? (1-2 mins)"	"Short and fun! A 1-2 minute word game about what someone is talking about."	"experiment, psychology, game"	"$0.20"	"Wed Jan 21 16:06:18 PST 2015"	"200"	"0"	"0"	"200"	"Reviewable"	"NotReviewed"	"1 scales"	"600"	"60000"	"Wed Jan 28 16:06:18 PST 2015"	"S76958"	"Approved"	""	"""snowman"""	"""scarf"""	"""middle"""	"0"	"-1"	"0"	"1"	"1"	"0"	"3"	"""2"""	"""1"""	"-1"	"""TRUE"""	"""foil"""	"""FALSE"""	"-1"	"-1"	"-1"	"-1"	"-1"	"-1"	"""snowmen"""	"""nope"""	"""28"""	"""f"""	"1"	"0"	"2"	"0"	"1"	"""3"""	"-1"
"What is he talking about? (1-2 mins)"	"Short and fun! A 1-2 minute word game about what someone is talking about."	"experiment, psychology, game"	"$0.20"	"Wed Jan 21 16:06:18 PST 2015"	"200"	"0"	"0"	"200"	"Reviewable"	"NotReviewed"	"1 scales"	"600"	"60000"	"Wed Jan 28 16:06:18 PST 2015"	"S05620"	"Approved"	""	"""Christmas tree"""	"""ornaments"""	"""left"""	"0"	"-1"	"0"	"1"	"1"	"0"	"4"	"""2"""	"""1"""	"-1"	"""TRUE"""	"""foil"""	"""FALSE"""	"-1"	"-1"	"-1"	"-1"	"-1"	"-1"	"""trimming trees"""	"""no"""	"""27"""	"""m"""	"1"	"0"	"0"	"2"	"1"	"""3"""	"-1"
"What is he talking about? (1-2 mins)"	"Short and fun! A 1-2 minute word game about what someone is talking about."	"experiment, psychology, game"	"$0.20"	"Wed Jan 21 16:06:18 PST 2015"	"200"	"0"	"0"	"200"	"Reviewable"	"NotReviewed"	"1 scales"	"600"	"60000"	"Wed Jan 28 16:06:18 PST 2015"	"S77045"	"Approved"	""	"""Christmas tree"""	"""ornaments"""	"""right"""	"0"	"-1"	"0"	"1"	"1"	"0"	"3"	"""2"""	"""1"""	"-1"	"""FALSE"""	"""foil"""	"""FALSE"""	"-1"	"-1"	"-1"	"-1"	"-1"	"-1"	"""I honestly have no idea."""	"""None, thanks"""	"""26"""	"""m"""	"1"	"0"	"2"	"0"	"1"	"""3"""	"-1"
"What is he talking about? (1-2 mins)"	"Short and fun! A 1-2 minute word game about what someone is talking about."	"experiment, psychology, game"	"$0.20"	"Wed Jan 21 16:06:18 PST 2015"	"200"	"0"	"0"	"200"	"Reviewable"	"NotReviewed"	"1 scales"	"600"	"60000"	"Wed Jan 28 16:06:18 PST 2015"	"S58842"	"Approved"	""	"""pizza"""	"""peppers"""	"""right"""	"0"	"-1"	"0"	"1"	"1"	"0"	"3"	"""2"""	"""1"""	"-1"	"""TRUE"""	"""logical"""	"""FALSE"""	"-1"	"-1"	"-1"	"-1"	"-1"	"-1"	"""Pizza"""	"""no"""	"""20"""	"""m"""	"1"	"0"	"0"	"1"	"2"	"""3"""	"-1"
"What is he talking about? (1-2 mins)"	"Short and fun! A 1-2 minute word game about what someone is talking about."	"experiment, psychology, game"	"$0.20"	"Wed Jan 21 16:06:18 PST 2015"	"200"	"0"	"0"	"200"	"Reviewable"	"NotReviewed"	"1 scales"	"600"	"60000"	"Wed Jan 28 16:06:18 PST 2015"	"S06298"	"Approved"	""	"""Christmas tree"""	"""lights"""	"""left"""	"0"	"-1"	"0"	"1"	"1"	"0"	"4"	"""2"""	"""1"""	"-1"	"""TRUE"""	"""foil"""	"""FALSE"""	"-1"	"-1"	"-1"	"-1"	"-1"	"-1"	"""trimming the christmas tree."""	""""""	"""32"""	"""male"""	"1"	"0"	"2"	"1"	"0"	"""3"""	"-1"
"What is he talking about? (1-2 mins)"	"Short and fun! A 1-2 minute word game about what someone is talking about."	"experiment, psychology, game"	"$0.20"	"Wed Jan 21 16:06:18 PST 2015"	"200"	"0"	"0"	"200"	"Reviewable"	"NotReviewed"	"1 scales"	"600"	"60000"	"Wed Jan 28 16:06:18 PST 2015"	"S02331"	"Approved"	""	"""sundae"""	"""cherry"""	"""right"""	"0"	"-1"	"0"	"1"	"1"	"0"	"3"	"""2"""	"""1"""	"-1"	"""TRUE"""	"""logical"""	"""FALSE"""	"-1"	"-1"	"-1"	"-1"	"-1"	"-1"	"""Which sundae Bob wants to eat"""	""""""	"""27"""	"""m"""	"1"	"0"	"0"	"2"	"1"	"""3"""	"-1"
"What is he talking about? (1-2 mins)"	"Short and fun! A 1-2 minute word game about what someone is talking about."	"experiment, psychology, game"	"$0.20"	"Wed Jan 21 16:06:18 PST 2015"	"200"	"0"	"0"	"200"	"Reviewable"	"NotReviewed"	"1 scales"	"600"	"60000"	"Wed Jan 28 16:06:18 PST 2015"	"S04834"	"Approved"	""	"""snowman"""	"""mittens"""	"""left"""	"0"	"-1"	"0"	"1"	"1"	"0"	"4"	"""2"""	"""1"""	"-1"	"""TRUE"""	"""logical"""	"""FALSE"""	"-1"	"-1"	"-1"	"-1"	"-1"	"-1"	"""about the snowman"""	""""""	"""25"""	"""f"""	"1"	"0"	"0"	"1"	"2"	"""3"""	"-1"
"What is he talking about? (1-2 mins)"	"Short and fun! A 1-2 minute word game about what someone is talking about."	"experiment, psychology, game"	"$0.20"	"Wed Jan 21 16:06:18 PST 2015"	"200"	"0"	"0"	"200"	"Reviewable"	"NotReviewed"	"1 scales"	"600"	"60000"	"Wed Jan 28 16:06:18 PST 2015"	"S18752"	"Approved"	""	"""snowman"""	"""mittens"""	"""middle"""	"0"	"-1"	"0"	"1"	"1"	"0"	"4"	"""2"""	"""1"""	"-1"	"""TRUE"""	"""foil"""	"""FALSE"""	"-1"	"-1"	"-1"	"-1"	"-1"	"-1"	"""Bob decorating snow men"""	"""no"""	"""27"""	"""f"""	"1"	"0"	"0"	"1"	"2"	"""3"""	"-1"
"What is he talking about? (1-2 mins)"	"Short and fun! A 1-2 minute word game about what someone is talking about."	"experiment, psychology, game"	"$0.20"	"Wed Jan 21 16:06:18 PST 2015"	"200"	"0"	"0"	"200"	"Reviewable"	"NotReviewed"	"1 scales"	"600"	"60000"	"Wed Jan 28 16:06:18 PST 2015"	"S88311"	"Approved"	""	"""friend"""	"""mustache"""	"""right"""	"0"	"-1"	"0"	"1"	"1"	"0"	"3"	"""2"""	"""1"""	"-1"	"""TRUE"""	"""logical"""	"""FALSE"""	"-1"	"-1"	"-1"	"-1"	"-1"	"-1"	"""Seeing how people make judgements on limited knowledge"""	"""no"""	"""41"""	"""m"""	"1"	"0"	"2"	"0"	"1"	"""3"""	"-1"
"What is he talking about? (1-2 mins)"	"Short and fun! A 1-2 minute word game about what someone is talking about."	"experiment, psychology, game"	"$0.20"	"Wed Jan 21 16:06:18 PST 2015"	"200"	"0"	"0"	"200"	"Reviewable"	"NotReviewed"	"1 scales"	"600"	"60000"	"Wed Jan 28 16:06:18 PST 2015"	"S78358"	"Approved"	""	"""snowman"""	"""hat"""	"""left"""	"0"	"-1"	"0"	"1"	"1"	"0"	"3"	"""2"""	"""1"""	"-1"	"""TRUE"""	"""logical"""	"""FALSE"""	"-1"	"-1"	"-1"	"-1"	"-1"	"-1"	"""snowman"""	""""""	"""26"""	"""m"""	"1"	"0"	"2"	"0"	"1"	"""3"""	"-1"
"What is he talking about? (1-2 mins)"	"Short and fun! A 1-2 minute word game about what someone is talking about."	"experiment, psychology, game"	"$0.20"	"Wed Jan 21 16:06:18 PST 2015"	"200"	"0"	"0"	"200"	"Reviewable"	"NotReviewed"	"1 scales"	"600"	"60000"	"Wed Jan 28 16:06:18 PST 2015"	"S86885"	"Approved"	""	"""pizza"""	"""mushrooms"""	"""right"""	"0"	"-1"	"0"	"1"	"1"	"0"	"4"	"""2"""	"""1"""	"-1"	"""TRUE"""	"""foil"""	"""FALSE"""	"-1"	"-1"	"-1"	"-1"	"-1"	"-1"	"""Bob's pizza preferences"""	"""Nope"""	"""23"""	"""f """	"1"	"0"	"1"	"0"	"2"	"""3"""	"-1"
"What is he talking about? (1-2 mins)"	"Short and fun! A 1-2 minute word game about what someone is talking about."	"experiment, psychology, game"	"$0.20"	"Wed Jan 21 16:06:18 PST 2015"	"200"	"0"	"0"	"200"	"Reviewable"	"NotReviewed"	"1 scales"	"600"	"60000"	"Wed Jan 28 16:06:18 PST 2015"	"S40815"	"Approved"	""	"""pizza"""	"""olives"""	"""right"""	"0"	"-1"	"0"	"1"	"1"	"0"	"3"	"""2"""	"""1"""	"-1"	"""TRUE"""	"""logical"""	"""FALSE"""	"-1"	"-1"	"-1"	"-1"	"-1"	"-1"	"""Language cognition"""	""""""	"""34"""	"""m"""	"1"	"0"	"2"	"1"	"0"	"""3"""	"-1"
"What is he talking about? (1-2 mins)"	"Short and fun! A 1-2 minute word game about what someone is talking about."	"experiment, psychology, game"	"$0.20"	"Wed Jan 21 16:06:18 PST 2015"	"200"	"0"	"0"	"200"	"Reviewable"	"NotReviewed"	"1 scales"	"600"	"60000"	"Wed Jan 28 16:06:18 PST 2015"	"S29841"	"Approved"	""	"""pizza"""	"""peppers"""	"""middle"""	"0"	"-1"	"0"	"1"	"1"	"0"	"4"	"""2"""	"""1"""	"-1"	"""TRUE"""	"""foil"""	"""FALSE"""	"-1"	"-1"	"-1"	"-1"	"-1"	"-1"	"""Understanding language."""	"""It was fine."""	"""29"""	"""f"""	"1"	"0"	"2"	"0"	"1"	"""3"""	"-1"
"What is he talking about? (1-2 mins)"	"Short and fun! A 1-2 minute word game about what someone is talking about."	"experiment, psychology, game"	"$0.20"	"Wed Jan 21 16:06:18 PST 2015"	"200"	"0"	"0"	"200"	"Reviewable"	"NotReviewed"	"1 scales"	"600"	"60000"	"Wed Jan 28 16:06:18 PST 2015"	"S76105"	"Approved"	""	"""friend"""	"""mustache"""	"""middle"""	"0"	"-1"	"0"	"1"	"1"	"0"	"4"	"""2"""	"""1"""	"-1"	"""TRUE"""	"""foil"""	"""FALSE"""	"-1"	"-1"	"-1"	"-1"	"-1"	"-1"	"""Bob's friends appearances"""	"""no"""	"""27"""	"""f"""	"1"	"0"	"0"	"2"	"1"	"""3"""	"-1"
"What is he talking about? (1-2 mins)"	"Short and fun! A 1-2 minute word game about what someone is talking about."	"experiment, psychology, game"	"$0.20"	"Wed Jan 21 16:06:18 PST 2015"	"200"	"0"	"0"	"200"	"Reviewable"	"NotReviewed"	"1 scales"	"600"	"60000"	"Wed Jan 28 16:06:18 PST 2015"	"S23215"	"Approved"	""	"""snowman"""	"""hat"""	"""middle"""	"0"	"-1"	"0"	"1"	"1"	"0"	"4"	"""2"""	"""1"""	"-1"	"""TRUE"""	"""foil"""	"""FALSE"""	"-1"	"-1"	"-1"	"-1"	"-1"	"-1"	"""Snowmen"""	"""no"""	"""25"""	"""m"""	"1"	"0"	"2"	"0"	"1"	"""3"""	"-1"
"What is he talking about? (1-2 mins)"	"Short and fun! A 1-2 minute word game about what someone is talking about."	"experiment, psychology, game"	"$0.20"	"Wed Jan 21 16:06:18 PST 2015"	"200"	"0"	"0"	"200"	"Reviewable"	"NotReviewed"	"1 scales"	"600"	"60000"	"Wed Jan 28 16:06:18 PST 2015"	"S59175"	"Approved"	""	"""Christmas tree"""	"""lights"""	"""middle"""	"0"	"-1"	"0"	"1"	"1"	"0"	"3"	"""2"""	"""1"""	"-1"	"""TRUE"""	"""logical"""	"""FALSE"""	"-1"	"-1"	"-1"	"-1"	"-1"	"-1"	"""Understanding BoB"""	"""No"""	"""22"""	"""m"""	"1"	"0"	"0"	"1"	"2"	"""3"""	"-1"
"What is he talking about? (1-2 mins)"	"Short and fun! A 1-2 minute word game about what someone is talking about."	"experiment, psychology, game"	"$0.20"	"Wed Jan 21 16:06:18 PST 2015"	"200"	"0"	"0"	"200"	"Reviewable"	"NotReviewed"	"1 scales"	"600"	"60000"	"Wed Jan 28 16:06:18 PST 2015"	"S40277"	"Approved"	""	"""sundae"""	"""chocolate"""	"""middle"""	"0"	"-1"	"0"	"1"	"1"	"0"	"3"	"""2"""	"""1"""	"-1"	"""TRUE"""	"""logical"""	"""FALSE"""	"-1"	"-1"	"-1"	"-1"	"-1"	"-1"	"""Ice cream sundaes"""	""""""	""""""	""""""	"1"	"0"	"1"	"2"	"0"	"""3"""	"-1"
"What is he talking about? (1-2 mins)"	"Short and fun! A 1-2 minute word game about what someone is talking about."	"experiment, psychology, game"	"$0.20"	"Wed Jan 21 16:06:18 PST 2015"	"200"	"0"	"0"	"200"	"Reviewable"	"NotReviewed"	"1 scales"	"600"	"60000"	"Wed Jan 28 16:06:18 PST 2015"	"S65763"	"Approved"	""	"""boat"""	"""sail"""	"""left"""	"0"	"-1"	"0"	"1"	"1"	"0"	"3"	"""2"""	"""3"""	"-1"	"""TRUE"""	"""logical"""	"""FALSE"""	"-1"	"-1"	"-1"	"-1"	"-1"	"-1"	"""boats"""	""""""	"""34"""	"""m"""	"1"	"0"	"1"	"2"	"0"	"""3"""	"-1"
"What is he talking about? (1-2 mins)"	"Short and fun! A 1-2 minute word game about what someone is talking about."	"experiment, psychology, game"	"$0.20"	"Wed Jan 21 16:06:18 PST 2015"	"200"	"0"	"0"	"200"	"Reviewable"	"NotReviewed"	"1 scales"	"600"	"60000"	"Wed Jan 28 16:06:18 PST 2015"	"S67766"	"Approved"	""	"""pizza"""	"""peppers"""	"""right"""	"0"	"-1"	"0"	"1"	"1"	"0"	"3"	"""2"""	"""1"""	"-1"	"""TRUE"""	"""logical"""	"""FALSE"""	"-1"	"-1"	"-1"	"-1"	"-1"	"-1"	"""communication"""	""""""	"""63"""	"""f"""	"1"	"0"	"1"	"0"	"2"	"""3"""	"-1"
"What is he talking about? (1-2 mins)"	"Short and fun! A 1-2 minute word game about what someone is talking about."	"experiment, psychology, game"	"$0.20"	"Wed Jan 21 16:06:18 PST 2015"	"200"	"0"	"0"	"200"	"Reviewable"	"NotReviewed"	"1 scales"	"600"	"60000"	"Wed Jan 28 16:06:18 PST 2015"	"S56818"	"Approved"	""	"""boat"""	"""sail"""	"""left"""	"0"	"-1"	"0"	"1"	"1"	"0"	"4"	"""2"""	"""1"""	"-1"	"""TRUE"""	"""logical"""	"""FALSE"""	"-1"	"-1"	"-1"	"-1"	"-1"	"-1"	"""Which sailboat bob will sail next"""	""""""	"""29"""	"""m"""	"1"	"0"	"0"	"2"	"1"	"""3"""	"-1"
"What is he talking about? (1-2 mins)"	"Short and fun! A 1-2 minute word game about what someone is talking about."	"experiment, psychology, game"	"$0.20"	"Wed Jan 21 16:06:18 PST 2015"	"200"	"0"	"0"	"200"	"Reviewable"	"NotReviewed"	"1 scales"	"600"	"60000"	"Wed Jan 28 16:06:18 PST 2015"	"S67524"	"Approved"	""	"""Christmas tree"""	"""ornaments"""	"""left"""	"0"	"-1"	"0"	"1"	"1"	"0"	"3"	"""2"""	"""1"""	"-1"	"""TRUE"""	"""foil"""	"""FALSE"""	"-1"	"-1"	"-1"	"-1"	"-1"	"-1"	"""which tree bob will trim next"""	"""n/a"""	"""33"""	"""male"""	"1"	"0"	"0"	"2"	"1"	"""3"""	"-1"
"What is he talking about? (1-2 mins)"	"Short and fun! A 1-2 minute word game about what someone is talking about."	"experiment, psychology, game"	"$0.20"	"Wed Jan 21 16:06:18 PST 2015"	"200"	"0"	"0"	"200"	"Reviewable"	"NotReviewed"	"1 scales"	"600"	"60000"	"Wed Jan 28 16:06:18 PST 2015"	"S11291"	"Approved"	""	"""sundae"""	"""whipped cream"""	"""left"""	"0"	"-1"	"0"	"1"	"1"	"0"	"4"	"""2"""	"""1"""	"-1"	"""TRUE"""	"""logical"""	"""FALSE"""	"-1"	"-1"	"-1"	"-1"	"-1"	"-1"	"""how people think"""	""""""	"""23"""	"""M"""	"1"	"0"	"0"	"1"	"2"	"""3"""	"-1"
"What is he talking about? (1-2 mins)"	"Short and fun! A 1-2 minute word game about what someone is talking about."	"experiment, psychology, game"	"$0.20"	"Wed Jan 21 16:06:18 PST 2015"	"200"	"0"	"0"	"200"	"Reviewable"	"NotReviewed"	"1 scales"	"600"	"60000"	"Wed Jan 28 16:06:18 PST 2015"	"S57833"	"Approved"	""	"""Christmas tree"""	"""lights"""	"""middle"""	"0"	"-1"	"0"	"1"	"1"	"0"	"3"	"""2"""	"""1"""	"-1"	"""FALSE"""	"""foil"""	"""FALSE"""	"-1"	"-1"	"-1"	"-1"	"-1"	"-1"	"""words"""	""""""	"""34"""	"""m"""	"1"	"0"	"2"	"0"	"1"	"""3"""	"-1"
"What is he talking about? (1-2 mins)"	"Short and fun! A 1-2 minute word game about what someone is talking about."	"experiment, psychology, game"	"$0.20"	"Wed Jan 21 16:06:18 PST 2015"	"200"	"0"	"0"	"200"	"Reviewable"	"NotReviewed"	"1 scales"	"600"	"60000"	"Wed Jan 28 16:06:18 PST 2015"	"S56290"	"Approved"	""	"""Christmas tree"""	"""star"""	"""middle"""	"0"	"-1"	"0"	"1"	"1"	"0"	"3"	"""2"""	"""1"""	"-1"	"""FALSE"""	"""logical"""	"""FALSE"""	"-1"	"-1"	"-1"	"-1"	"-1"	"-1"	"""christmas trees"""	""""""	"""25"""	"""m"""	"1"	"0"	"1"	"0"	"2"	"""3"""	"-1"
"What is he talking about? (1-2 mins)"	"Short and fun! A 1-2 minute word game about what someone is talking about."	"experiment, psychology, game"	"$0.20"	"Wed Jan 21 16:06:18 PST 2015"	"200"	"0"	"0"	"200"	"Reviewable"	"NotReviewed"	"1 scales"	"600"	"60000"	"Wed Jan 28 16:06:18 PST 2015"	"S03450"	"Approved"	""	"""pizza"""	"""mushrooms"""	"""right"""	"0"	"-1"	"0"	"1"	"1"	"0"	"3"	"""2"""	"""1"""	"-1"	"""TRUE"""	"""target"""	"""TRUE"""	"-1"	"-1"	"-1"	"-1"	"-1"	"-1"	"""Pizza"""	"""none"""	"""28"""	"""m"""	"1"	"0"	"0"	"2"	"1"	"""3"""	"-1"
"What is he talking about? (1-2 mins)"	"Short and fun! A 1-2 minute word game about what someone is talking about."	"experiment, psychology, game"	"$0.20"	"Wed Jan 21 16:06:18 PST 2015"	"200"	"0"	"0"	"200"	"Reviewable"	"NotReviewed"	"1 scales"	"600"	"60000"	"Wed Jan 28 16:06:18 PST 2015"	"S42104"	"Approved"	""	"""friend"""	"""hat"""	"""right"""	"0"	"-1"	"0"	"1"	"1"	"0"	"4"	"""2"""	"""1"""	"-1"	"""TRUE"""	"""logical"""	"""FALSE"""	"-1"	"-1"	"-1"	"-1"	"-1"	"-1"	"""faces"""	"""no"""	"""30"""	"""f"""	"1"	"0"	"1"	"2"	"0"	"""3"""	"-1"
"What is he talking about? (1-2 mins)"	"Short and fun! A 1-2 minute word game about what someone is talking about."	"experiment, psychology, game"	"$0.20"	"Wed Jan 21 16:06:18 PST 2015"	"200"	"0"	"0"	"200"	"Reviewable"	"NotReviewed"	"1 scales"	"600"	"60000"	"Wed Jan 28 16:06:18 PST 2015"	"S63575"	"Approved"	""	"""snowman"""	"""hat"""	"""middle"""	"0"	"-1"	"0"	"1"	"1"	"0"	"3"	"""2"""	"""1"""	"-1"	"""TRUE"""	"""logical"""	"""FALSE"""	"-1"	"-1"	"-1"	"-1"	"-1"	"-1"	"""I don't know"""	""""""	"""51"""	"""f"""	"1"	"0"	"1"	"0"	"2"	"""3"""	"-1"
"What is he talking about? (1-2 mins)"	"Short and fun! A 1-2 minute word game about what someone is talking about."	"experiment, psychology, game"	"$0.20"	"Wed Jan 21 16:06:18 PST 2015"	"200"	"0"	"0"	"200"	"Reviewable"	"NotReviewed"	"1 scales"	"600"	"60000"	"Wed Jan 28 16:06:18 PST 2015"	"S63764"	"Approved"	""	"""Christmas tree"""	"""star"""	"""middle"""	"0"	"-1"	"0"	"1"	"1"	"0"	"4"	"""2"""	"""1"""	"-1"	"""TRUE"""	"""target"""	"""TRUE"""	"-1"	"-1"	"-1"	"-1"	"-1"	"-1"	"""Trimming a Christmas tree"""	"""None, thank you!"""	"""25"""	"""m"""	"1"	"0"	"1"	"2"	"0"	"""3"""	"-1"
"What is he talking about? (1-2 mins)"	"Short and fun! A 1-2 minute word game about what someone is talking about."	"experiment, psychology, game"	"$0.20"	"Wed Jan 21 16:06:18 PST 2015"	"200"	"0"	"0"	"200"	"Reviewable"	"NotReviewed"	"1 scales"	"600"	"60000"	"Wed Jan 28 16:06:18 PST 2015"	"S60467"	"Approved"	""	"""pizza"""	"""mushrooms"""	"""left"""	"0"	"-1"	"0"	"1"	"1"	"0"	"4"	"""2"""	"""1"""	"-1"	"""TRUE"""	"""target"""	"""TRUE"""	"-1"	"-1"	"-1"	"-1"	"-1"	"-1"	"""pizza"""	"""no"""	"""31"""	"""m"""	"1"	"0"	"1"	"0"	"2"	"""3"""	"-1"
"What is he talking about? (1-2 mins)"	"Short and fun! A 1-2 minute word game about what someone is talking about."	"experiment, psychology, game"	"$0.20"	"Wed Jan 21 16:06:18 PST 2015"	"200"	"0"	"0"	"200"	"Reviewable"	"NotReviewed"	"1 scales"	"600"	"60000"	"Wed Jan 28 16:06:18 PST 2015"	"S45129"	"Approved"	""	"""friend"""	"""hat"""	"""right"""	"0"	"-1"	"0"	"1"	"1"	"0"	"4"	"""2"""	"""1"""	"-1"	"""TRUE"""	"""logical"""	"""FALSE"""	"-1"	"-1"	"-1"	"-1"	"-1"	"-1"	"""Bob visiting friends"""	"""Nope"""	"""25"""	"""f"""	"1"	"0"	"0"	"1"	"2"	"""3"""	"-1"
"What is he talking about? (1-2 mins)"	"Short and fun! A 1-2 minute word game about what someone is talking about."	"experiment, psychology, game"	"$0.20"	"Wed Jan 21 16:06:18 PST 2015"	"200"	"0"	"0"	"200"	"Reviewable"	"NotReviewed"	"1 scales"	"600"	"60000"	"Wed Jan 28 16:06:18 PST 2015"	"S34217"	"Approved"	""	"""friend"""	"""glasses"""	"""left"""	"0"	"-1"	"0"	"1"	"1"	"0"	"3"	"""2"""	"""1"""	"-1"	"""TRUE"""	"""foil"""	"""FALSE"""	"-1"	"-1"	"-1"	"-1"	"-1"	"-1"	"""I have no idea"""	"""I'm confused"""	"""22"""	"""m"""	"1"	"0"	"1"	"0"	"2"	"""3"""	"-1"
"What is he talking about? (1-2 mins)"	"Short and fun! A 1-2 minute word game about what someone is talking about."	"experiment, psychology, game"	"$0.20"	"Wed Jan 21 16:06:18 PST 2015"	"200"	"0"	"0"	"200"	"Reviewable"	"NotReviewed"	"1 scales"	"600"	"60000"	"Wed Jan 28 16:06:18 PST 2015"	"S05517"	"Approved"	""	"""boat"""	"""motor"""	"""left"""	"0"	"-1"	"0"	"1"	"1"	"0"	"4"	"""2"""	"""1"""	"-1"	"""TRUE"""	"""logical"""	"""FALSE"""	"-1"	"-1"	"-1"	"-1"	"-1"	"-1"	"""boats"""	"""N/A"""	"""22"""	"""m"""	"1"	"0"	"1"	"2"	"0"	"""3"""	"-1"
"What is he talking about? (1-2 mins)"	"Short and fun! A 1-2 minute word game about what someone is talking about."	"experiment, psychology, game"	"$0.20"	"Wed Jan 21 16:06:18 PST 2015"	"200"	"0"	"0"	"200"	"Reviewable"	"NotReviewed"	"1 scales"	"600"	"60000"	"Wed Jan 28 16:06:18 PST 2015"	"S52559"	"Approved"	""	"""boat"""	"""motor"""	"""middle"""	"0"	"-1"	"0"	"1"	"1"	"0"	"3"	"""2"""	"""1"""	"-1"	"""TRUE"""	"""target"""	"""TRUE"""	"-1"	"-1"	"-1"	"-1"	"-1"	"-1"	"""Bob's boats"""	"""none"""	"""20"""	"""m"""	"1"	"0"	"2"	"1"	"0"	"""3"""	"-1"
"What is he talking about? (1-2 mins)"	"Short and fun! A 1-2 minute word game about what someone is talking about."	"experiment, psychology, game"	"$0.20"	"Wed Jan 21 16:06:18 PST 2015"	"200"	"0"	"0"	"200"	"Reviewable"	"NotReviewed"	"1 scales"	"600"	"60000"	"Wed Jan 28 16:06:18 PST 2015"	"S50823"	"Approved"	""	"""sundae"""	"""chocolate"""	"""right"""	"0"	"-1"	"0"	"1"	"1"	"0"	"3"	"""2"""	"""1"""	"-1"	"""TRUE"""	"""target"""	"""TRUE"""	"-1"	"-1"	"-1"	"-1"	"-1"	"-1"	"""sundae"""	""""""	"""43"""	"""f"""	"1"	"0"	"0"	"2"	"1"	"""3"""	"-1"
"What is he talking about? (1-2 mins)"	"Short and fun! A 1-2 minute word game about what someone is talking about."	"experiment, psychology, game"	"$0.20"	"Wed Jan 21 16:06:18 PST 2015"	"200"	"0"	"0"	"200"	"Reviewable"	"NotReviewed"	"1 scales"	"600"	"60000"	"Wed Jan 28 16:06:18 PST 2015"	"S95202"	"Approved"	""	"""sundae"""	"""cherry"""	"""right"""	"0"	"-1"	"0"	"1"	"1"	"0"	"4"	"""2"""	"""1"""	"-1"	"""TRUE"""	"""foil"""	"""FALSE"""	"-1"	"-1"	"-1"	"-1"	"-1"	"-1"	"""unsure"""	"""no"""	""""""	""""""	"1"	"0"	"0"	"1"	"2"	"""3"""	"-1"
"What is he talking about? (1-2 mins)"	"Short and fun! A 1-2 minute word game about what someone is talking about."	"experiment, psychology, game"	"$0.20"	"Wed Jan 21 16:06:18 PST 2015"	"200"	"0"	"0"	"200"	"Reviewable"	"NotReviewed"	"1 scales"	"600"	"60000"	"Wed Jan 28 16:06:18 PST 2015"	"S56645"	"Approved"	""	"""Christmas tree"""	"""ornaments"""	"""left"""	"0"	"-1"	"0"	"1"	"1"	"0"	"3"	"""2"""	"""1"""	"-1"	"""TRUE"""	"""logical"""	"""FALSE"""	"-1"	"-1"	"-1"	"-1"	"-1"	"-1"	"""to see peoples perspective on a word"""	""""""	"""22"""	"""Male"""	"1"	"0"	"0"	"2"	"1"	"""3"""	"-1"
"What is he talking about? (1-2 mins)"	"Short and fun! A 1-2 minute word game about what someone is talking about."	"experiment, psychology, game"	"$0.20"	"Wed Jan 21 16:06:18 PST 2015"	"200"	"0"	"0"	"200"	"Reviewable"	"NotReviewed"	"1 scales"	"600"	"60000"	"Wed Jan 28 16:06:18 PST 2015"	"S30249"	"Approved"	""	"""boat"""	"""cabin"""	"""right"""	"0"	"-1"	"0"	"1"	"1"	"0"	"3"	"""2"""	"""1"""	"-1"	"""TRUE"""	"""target"""	"""TRUE"""	"-1"	"-1"	"-1"	"-1"	"-1"	"-1"	"""Understanding mumbled speech"""	""""""	"""24"""	"""m"""	"1"	"0"	"2"	"0"	"1"	"""3"""	"-1"
"What is he talking about? (1-2 mins)"	"Short and fun! A 1-2 minute word game about what someone is talking about."	"experiment, psychology, game"	"$0.20"	"Wed Jan 21 16:06:18 PST 2015"	"200"	"0"	"0"	"200"	"Reviewable"	"NotReviewed"	"1 scales"	"600"	"60000"	"Wed Jan 28 16:06:18 PST 2015"	"S49755"	"Approved"	""	"""friend"""	"""glasses"""	"""middle"""	"0"	"-1"	"0"	"1"	"1"	"0"	"4"	"""1"""	"""1"""	"-1"	"""TRUE"""	"""foil"""	"""FALSE"""	"-1"	"-1"	"-1"	"-1"	"-1"	"-1"	"""Bob's Friends"""	"""NA"""	"""21"""	"""M"""	"1"	"0"	"2"	"1"	"0"	"""3"""	"-1"
"What is he talking about? (1-2 mins)"	"Short and fun! A 1-2 minute word game about what someone is talking about."	"experiment, psychology, game"	"$0.20"	"Wed Jan 21 16:06:18 PST 2015"	"200"	"0"	"0"	"200"	"Reviewable"	"NotReviewed"	"1 scales"	"600"	"60000"	"Wed Jan 28 16:06:18 PST 2015"	"S75126"	"Approved"	""	"""Christmas tree"""	"""star"""	"""right"""	"0"	"-1"	"0"	"1"	"1"	"0"	"3"	"""2"""	"""1"""	"-1"	"""TRUE"""	"""logical"""	"""FALSE"""	"-1"	"-1"	"-1"	"-1"	"-1"	"-1"	"""Trees and hearing"""	""""""	"""25"""	"""m"""	"1"	"0"	"2"	"0"	"1"	"""3"""	"-1"
"What is he talking about? (1-2 mins)"	"Short and fun! A 1-2 minute word game about what someone is talking about."	"experiment, psychology, game"	"$0.20"	"Wed Jan 21 16:06:18 PST 2015"	"200"	"0"	"0"	"200"	"Reviewable"	"NotReviewed"	"1 scales"	"600"	"60000"	"Wed Jan 28 16:06:18 PST 2015"	"S91641"	"Approved"	""	"""pizza"""	"""peppers"""	"""right"""	"0"	"-1"	"0"	"1"	"1"	"0"	"4"	"""2"""	"""1"""	"-1"	"""TRUE"""	"""foil"""	"""FALSE"""	"-1"	"-1"	"-1"	"-1"	"-1"	"-1"	"""Pizzas """	"""Nope"""	"""24"""	"""m"""	"1"	"0"	"0"	"2"	"1"	"""3"""	"-1"
"What is he talking about? (1-2 mins)"	"Short and fun! A 1-2 minute word game about what someone is talking about."	"experiment, psychology, game"	"$0.20"	"Wed Jan 21 16:06:18 PST 2015"	"200"	"0"	"0"	"200"	"Reviewable"	"NotReviewed"	"1 scales"	"600"	"60000"	"Wed Jan 28 16:06:18 PST 2015"	"S56486"	"Approved"	""	"""boat"""	"""sail"""	"""left"""	"0"	"-1"	"0"	"1"	"1"	"0"	"3"	"""2"""	"""1"""	"-1"	"""TRUE"""	"""foil"""	"""FALSE"""	"-1"	"-1"	"-1"	"-1"	"-1"	"-1"	"""bobs boats"""	"""no"""	"""30"""	"""f"""	"1"	"0"	"1"	"2"	"0"	"""3"""	"-1"
"What is he talking about? (1-2 mins)"	"Short and fun! A 1-2 minute word game about what someone is talking about."	"experiment, psychology, game"	"$0.20"	"Wed Jan 21 16:06:18 PST 2015"	"200"	"0"	"0"	"200"	"Reviewable"	"NotReviewed"	"1 scales"	"600"	"60000"	"Wed Jan 28 16:06:18 PST 2015"	"S42887"	"Approved"	""	"""Christmas tree"""	"""ornaments"""	"""middle"""	"0"	"-1"	"0"	"1"	"1"	"0"	"3"	"""2"""	"""1"""	"-1"	"""TRUE"""	"""logical"""	"""FALSE"""	"-1"	"-1"	"-1"	"-1"	"-1"	"-1"	"""prediction """	""""""	"""25"""	"""f"""	"1"	"0"	"1"	"2"	"0"	"""3"""	"-1"
"What is he talking about? (1-2 mins)"	"Short and fun! A 1-2 minute word game about what someone is talking about."	"experiment, psychology, game"	"$0.20"	"Wed Jan 21 16:06:18 PST 2015"	"200"	"0"	"0"	"200"	"Reviewable"	"NotReviewed"	"1 scales"	"600"	"60000"	"Wed Jan 28 16:06:18 PST 2015"	"S86527"	"Approved"	""	"""pizza"""	"""mushrooms"""	"""right"""	"0"	"-1"	"0"	"1"	"1"	"0"	"3"	"""2"""	"""1"""	"-1"	"""TRUE"""	"""target"""	"""TRUE"""	"-1"	"-1"	"-1"	"-1"	"-1"	"-1"	"""It's about assessing what I think Bob mumbled."""	"""Fun study!"""	"""27"""	"""f"""	"1"	"0"	"1"	"2"	"0"	"""3"""	"-1"
"What is he talking about? (1-2 mins)"	"Short and fun! A 1-2 minute word game about what someone is talking about."	"experiment, psychology, game"	"$0.20"	"Wed Jan 21 16:06:18 PST 2015"	"200"	"0"	"0"	"200"	"Reviewable"	"NotReviewed"	"1 scales"	"600"	"60000"	"Wed Jan 28 16:06:18 PST 2015"	"S06074"	"Approved"	""	"""sundae"""	"""whipped cream"""	"""right"""	"0"	"-1"	"0"	"1"	"1"	"0"	"4"	"""2"""	"""1"""	"-1"	"""TRUE"""	"""target"""	"""TRUE"""	"-1"	"-1"	"-1"	"-1"	"-1"	"-1"	"""Bob eating Sundaes. I suppose to see if there is a pattern or preference."""	""""""	"""27"""	"""f"""	"1"	"0"	"2"	"0"	"1"	"""3"""	"-1"
"What is he talking about? (1-2 mins)"	"Short and fun! A 1-2 minute word game about what someone is talking about."	"experiment, psychology, game"	"$0.20"	"Wed Jan 21 16:06:18 PST 2015"	"200"	"0"	"0"	"200"	"Reviewable"	"NotReviewed"	"1 scales"	"600"	"60000"	"Wed Jan 28 16:06:18 PST 2015"	"S32873"	"Approved"	""	"""sundae"""	"""whipped cream"""	"""left"""	"0"	"-1"	"0"	"1"	"1"	"0"	"4"	"""2"""	"""1"""	"-1"	"""TRUE"""	"""foil"""	"""FALSE"""	"-1"	"-1"	"-1"	"-1"	"-1"	"-1"	"""Figuring out the order in which events occur."""	"""No"""	"""23"""	"""m"""	"1"	"0"	"1"	"0"	"2"	"""3"""	"-1"
"What is he talking about? (1-2 mins)"	"Short and fun! A 1-2 minute word game about what someone is talking about."	"experiment, psychology, game"	"$0.20"	"Wed Jan 21 16:06:18 PST 2015"	"200"	"0"	"0"	"200"	"Reviewable"	"NotReviewed"	"1 scales"	"600"	"60000"	"Wed Jan 28 16:06:18 PST 2015"	"S58873"	"Approved"	""	"""sundae"""	"""chocolate"""	"""right"""	"0"	"-1"	"0"	"1"	"1"	"0"	"3"	"""2"""	"""1"""	"-1"	"""TRUE"""	"""logical"""	"""FALSE"""	"-1"	"-1"	"-1"	"-1"	"-1"	"-1"	"""Sundaes"""	"""None"""	""""""	""""""	"1"	"0"	"2"	"1"	"0"	"""3"""	"-1"
"What is he talking about? (1-2 mins)"	"Short and fun! A 1-2 minute word game about what someone is talking about."	"experiment, psychology, game"	"$0.20"	"Wed Jan 21 16:06:18 PST 2015"	"200"	"0"	"0"	"200"	"Reviewable"	"NotReviewed"	"1 scales"	"600"	"60000"	"Wed Jan 28 16:06:18 PST 2015"	"S83589"	"Approved"	""	"""boat"""	"""sail"""	"""left"""	"0"	"-1"	"0"	"1"	"1"	"0"	"4"	"""2"""	"""1"""	"-1"	"""TRUE"""	"""logical"""	"""FALSE"""	"-1"	"-1"	"-1"	"-1"	"-1"	"-1"	"""boats"""	"""no thanks"""	"""37"""	"""f"""	"1"	"0"	"2"	"1"	"0"	"""3"""	"-1"
"What is he talking about? (1-2 mins)"	"Short and fun! A 1-2 minute word game about what someone is talking about."	"experiment, psychology, game"	"$0.20"	"Wed Jan 21 16:06:18 PST 2015"	"200"	"0"	"0"	"200"	"Reviewable"	"NotReviewed"	"1 scales"	"600"	"60000"	"Wed Jan 28 16:06:18 PST 2015"	"S15158"	"Approved"	""	"""friend"""	"""hat"""	"""left"""	"0"	"-1"	"0"	"1"	"1"	"0"	"4"	"""2"""	"""1"""	"-1"	"""TRUE"""	"""foil"""	"""FALSE"""	"-1"	"-1"	"-1"	"-1"	"-1"	"-1"	"""don't know"""	""""""	"""33"""	"""m"""	"1"	"0"	"1"	"2"	"0"	"""3"""	"-1"
"What is he talking about? (1-2 mins)"	"Short and fun! A 1-2 minute word game about what someone is talking about."	"experiment, psychology, game"	"$0.20"	"Wed Jan 21 16:06:18 PST 2015"	"200"	"0"	"0"	"200"	"Reviewable"	"NotReviewed"	"1 scales"	"600"	"60000"	"Wed Jan 28 16:06:18 PST 2015"	"S54642"	"Approved"	""	"""sundae"""	"""chocolate"""	"""right"""	"0"	"-1"	"0"	"1"	"1"	"0"	"3"	"""2"""	"""1"""	"-1"	"""FALSE"""	"""target"""	"""TRUE"""	"-1"	"-1"	"-1"	"-1"	"-1"	"-1"	"""Language"""	""""""	"""27"""	"""male"""	"1"	"0"	"2"	"1"	"0"	"""3"""	"-1"
"What is he talking about? (1-2 mins)"	"Short and fun! A 1-2 minute word game about what someone is talking about."	"experiment, psychology, game"	"$0.20"	"Wed Jan 21 16:06:18 PST 2015"	"200"	"0"	"0"	"200"	"Reviewable"	"NotReviewed"	"1 scales"	"600"	"60000"	"Wed Jan 28 16:06:18 PST 2015"	"S82197"	"Approved"	""	"""pizza"""	"""olives"""	"""left"""	"0"	"-1"	"0"	"1"	"1"	"0"	"3"	"""2"""	"""1"""	"-1"	"""TRUE"""	"""logical"""	"""FALSE"""	"-1"	"-1"	"-1"	"-1"	"-1"	"-1"	"""pizza"""	"""no"""	"""56"""	"""f"""	"1"	"0"	"2"	"1"	"0"	"""3"""	"-1"
"What is he talking about? (1-2 mins)"	"Short and fun! A 1-2 minute word game about what someone is talking about."	"experiment, psychology, game"	"$0.20"	"Wed Jan 21 16:06:18 PST 2015"	"200"	"0"	"0"	"200"	"Reviewable"	"NotReviewed"	"1 scales"	"600"	"60000"	"Wed Jan 28 16:06:18 PST 2015"	"S96135"	"Approved"	""	"""friend"""	"""hat"""	"""middle"""	"0"	"-1"	"0"	"1"	"1"	"0"	"3"	"""2"""	"""1"""	"-1"	"""FALSE"""	"""logical"""	"""FALSE"""	"-1"	"-1"	"-1"	"-1"	"-1"	"-1"	"""You meet a guy that is meeting 3 friends. He can only say  'mumblemumble' and we say which friend hes going to visit."""	"""No."""	"""27"""	"""f"""	"1"	"0"	"1"	"2"	"0"	"""3"""	"-1"
"What is he talking about? (1-2 mins)"	"Short and fun! A 1-2 minute word game about what someone is talking about."	"experiment, psychology, game"	"$0.20"	"Wed Jan 21 16:06:18 PST 2015"	"200"	"0"	"0"	"200"	"Reviewable"	"NotReviewed"	"1 scales"	"600"	"60000"	"Wed Jan 28 16:06:18 PST 2015"	"S36993"	"Approved"	""	"""friend"""	"""glasses"""	"""right"""	"0"	"-1"	"0"	"1"	"1"	"0"	"4"	"""2"""	"""1"""	"-1"	"""TRUE"""	"""logical"""	"""FALSE"""	"-1"	"-1"	"-1"	"-1"	"-1"	"-1"	"""??????"""	"""a few"""	""""""	""""""	"1"	"0"	"0"	"1"	"2"	"""3"""	"-1"
"What is he talking about? (1-2 mins)"	"Short and fun! A 1-2 minute word game about what someone is talking about."	"experiment, psychology, game"	"$0.20"	"Wed Jan 21 16:06:18 PST 2015"	"200"	"0"	"0"	"200"	"Reviewable"	"NotReviewed"	"1 scales"	"600"	"60000"	"Wed Jan 28 16:06:18 PST 2015"	"S01827"	"Approved"	""	"""sundae"""	"""chocolate"""	"""left"""	"0"	"-1"	"0"	"1"	"1"	"0"	"3"	"""2"""	"""1"""	"-1"	"""TRUE"""	"""logical"""	"""FALSE"""	"-1"	"-1"	"-1"	"-1"	"-1"	"-1"	"""To see which sundae Bob would want. """	"""no"""	"""32"""	"""m"""	"1"	"0"	"2"	"1"	"0"	"""3"""	"-1"
"What is he talking about? (1-2 mins)"	"Short and fun! A 1-2 minute word game about what someone is talking about."	"experiment, psychology, game"	"$0.20"	"Wed Jan 21 16:06:18 PST 2015"	"200"	"0"	"0"	"200"	"Reviewable"	"NotReviewed"	"1 scales"	"600"	"60000"	"Wed Jan 28 16:06:18 PST 2015"	"S42214"	"Approved"	""	"""pizza"""	"""peppers"""	"""left"""	"0"	"-1"	"0"	"1"	"1"	"0"	"3"	"""2"""	"""1"""	"-1"	"""TRUE"""	"""target"""	"""TRUE"""	"-1"	"-1"	"-1"	"-1"	"-1"	"-1"	"""pizza"""	""""""	"""24"""	"""m"""	"1"	"0"	"2"	"0"	"1"	"""3"""	"-1"
"What is he talking about? (1-2 mins)"	"Short and fun! A 1-2 minute word game about what someone is talking about."	"experiment, psychology, game"	"$0.20"	"Wed Jan 21 16:06:18 PST 2015"	"200"	"0"	"0"	"200"	"Reviewable"	"NotReviewed"	"1 scales"	"600"	"60000"	"Wed Jan 28 16:06:18 PST 2015"	"S09293"	"Approved"	""	"""Christmas tree"""	"""lights"""	"""right"""	"0"	"-1"	"0"	"1"	"1"	"0"	"4"	"""2"""	"""1"""	"-1"	"""TRUE"""	"""foil"""	"""FALSE"""	"-1"	"-1"	"-1"	"-1"	"-1"	"-1"	"""Choosing which tree Bob will trim"""	"""No"""	""""""	"""m"""	"1"	"0"	"0"	"2"	"1"	"""3"""	"-1"
"What is he talking about? (1-2 mins)"	"Short and fun! A 1-2 minute word game about what someone is talking about."	"experiment, psychology, game"	"$0.20"	"Wed Jan 21 16:06:18 PST 2015"	"200"	"0"	"0"	"200"	"Reviewable"	"NotReviewed"	"1 scales"	"600"	"60000"	"Wed Jan 28 16:06:18 PST 2015"	"S83485"	"Approved"	""	"""boat"""	"""sail"""	"""left"""	"0"	"-1"	"0"	"1"	"1"	"0"	"4"	"""2"""	"""1"""	"-1"	"""TRUE"""	"""logical"""	"""FALSE"""	"-1"	"-1"	"-1"	"-1"	"-1"	"-1"	"""About renting sailboats on the weekend."""	"""Fun!"""	"""23"""	"""m"""	"1"	"0"	"2"	"0"	"1"	"""3"""	"-1"
"What is he talking about? (1-2 mins)"	"Short and fun! A 1-2 minute word game about what someone is talking about."	"experiment, psychology, game"	"$0.20"	"Wed Jan 21 16:06:18 PST 2015"	"200"	"0"	"0"	"200"	"Reviewable"	"NotReviewed"	"1 scales"	"600"	"60000"	"Wed Jan 28 16:06:18 PST 2015"	"S81209"	"Approved"	""	"""pizza"""	"""mushrooms"""	"""middle"""	"0"	"-1"	"0"	"1"	"1"	"0"	"4"	"""2"""	"""1"""	"-1"	"""TRUE"""	"""target"""	"""TRUE"""	"-1"	"-1"	"-1"	"-1"	"-1"	"-1"	"""Bob liking pizza"""	""""""	"""20"""	"""f"""	"1"	"0"	"1"	"2"	"0"	"""3"""	"-1"
"What is he talking about? (1-2 mins)"	"Short and fun! A 1-2 minute word game about what someone is talking about."	"experiment, psychology, game"	"$0.20"	"Wed Jan 21 16:06:18 PST 2015"	"200"	"0"	"0"	"200"	"Reviewable"	"NotReviewed"	"1 scales"	"600"	"60000"	"Wed Jan 28 16:06:18 PST 2015"	"S07520"	"Approved"	""	"""pizza"""	"""olives"""	"""left"""	"0"	"-1"	"0"	"1"	"1"	"0"	"4"	"""2"""	"""1"""	"-1"	"""TRUE"""	"""logical"""	"""FALSE"""	"-1"	"-1"	"-1"	"-1"	"-1"	"-1"	"""I have no idea."""	"""I'll have what you're having."""	"""21"""	"""f"""	"1"	"0"	"1"	"0"	"2"	"""3"""	"-1"
"What is he talking about? (1-2 mins)"	"Short and fun! A 1-2 minute word game about what someone is talking about."	"experiment, psychology, game"	"$0.20"	"Wed Jan 21 16:06:18 PST 2015"	"200"	"0"	"0"	"200"	"Reviewable"	"NotReviewed"	"1 scales"	"600"	"60000"	"Wed Jan 28 16:06:18 PST 2015"	"S25061"	"Approved"	""	"""pizza"""	"""peppers"""	"""middle"""	"0"	"-1"	"0"	"1"	"1"	"0"	"4"	"""2"""	"""1"""	"-1"	"""TRUE"""	"""logical"""	"""FALSE"""	"-1"	"-1"	"-1"	"-1"	"-1"	"-1"	"""Bob eating pizza."""	"""no"""	"""28"""	"""f"""	"1"	"0"	"2"	"1"	"0"	"""3"""	"-1"
"What is he talking about? (1-2 mins)"	"Short and fun! A 1-2 minute word game about what someone is talking about."	"experiment, psychology, game"	"$0.20"	"Wed Jan 21 16:06:18 PST 2015"	"200"	"0"	"0"	"200"	"Reviewable"	"NotReviewed"	"1 scales"	"600"	"60000"	"Wed Jan 28 16:06:18 PST 2015"	"S09371"	"Approved"	""	"""pizza"""	"""mushrooms"""	"""middle"""	"0"	"-1"	"0"	"1"	"1"	"0"	"3"	"""2"""	"""1"""	"-1"	"""FALSE"""	"""target"""	"""TRUE"""	"-1"	"-1"	"-1"	"-1"	"-1"	"-1"	"""I think its about if you can guess what the person said since he mumbles """	""""""	"""29"""	"""male"""	"1"	"0"	"0"	"2"	"1"	"""3"""	"-1"
"What is he talking about? (1-2 mins)"	"Short and fun! A 1-2 minute word game about what someone is talking about."	"experiment, psychology, game"	"$0.20"	"Wed Jan 21 16:06:18 PST 2015"	"200"	"0"	"0"	"200"	"Reviewable"	"NotReviewed"	"1 scales"	"600"	"60000"	"Wed Jan 28 16:06:18 PST 2015"	"S65776"	"Approved"	""	"""friend"""	"""glasses"""	"""right"""	"0"	"-1"	"0"	"1"	"1"	"0"	"4"	"""2"""	"""1"""	"-1"	"""TRUE"""	"""logical"""	"""FALSE"""	"-1"	"-1"	"-1"	"-1"	"-1"	"-1"	"""Bob visits his friends every day."""	""""""	"""23"""	"""f"""	"1"	"0"	"2"	"0"	"1"	"""3"""	"-1"
"What is he talking about? (1-2 mins)"	"Short and fun! A 1-2 minute word game about what someone is talking about."	"experiment, psychology, game"	"$0.20"	"Wed Jan 21 16:06:18 PST 2015"	"200"	"0"	"0"	"200"	"Reviewable"	"NotReviewed"	"1 scales"	"600"	"60000"	"Wed Jan 28 16:06:18 PST 2015"	"S81125"	"Approved"	""	"""boat"""	"""sail"""	"""right"""	"0"	"-1"	"0"	"1"	"1"	"0"	"4"	"""2"""	"""3"""	"-1"	"""TRUE"""	"""logical"""	"""FALSE"""	"-1"	"-1"	"-1"	"-1"	"-1"	"-1"	"""How we interpret stories."""	""""""	"""35"""	"""male"""	"1"	"0"	"1"	"2"	"0"	"""3"""	"-1"
