"title","description","keywords","reward","creationtime","assignments","numavailable","numpending","numcomplete","hitstatus","reviewstatus","annotation","assignmentduration","autoapprovaldelay","hitlifetime","workerid","assignmentstatus","deadline","Answer.item","Answer.target_property","Answer.target_frequency","Answer.target_position","Answer.distractor_position","Answer.familiarization_cond","Answer.participant_response_type_condition","Answer.participant_feature_count_condition","Answer.linguistic_framing_condition","Answer.target_filler_sequence_condition","Answer.question_type_condition","Answer.manip_check_target","Answer.manip_check_dist","Answer.name_check_correct","Answer.choice","Answer.choice_correct","Answer.money_allocated_to_foil","Answer.money_allocated_to_target","Answer.money_allocated_to_logical","Answer.Likert_value_foil","Answer.Likert_value_target","Answer.Likert_value_logical","Answer.about","Answer.comment","Answer.familiarization_present_in_study","Answer.choice_1","Answer.choice_2","Answer.choice_3","Answer.choice_4","Answer.choice_5","Answer.choice_6","Answer.choice_correct_1","Answer.choice_correct_2","Answer.choice_correct_3","Answer.choice_correct_4","Answer.choice_correct_5","Answer.choice_correct_6","Answer.item_1","Answer.item_2","Answer.item_3","Answer.item_4","Answer.item_5","Answer.item_6","Answer.target_prop_1","Answer.target_prop_2","Answer.target_prop_3","Answer.target_prop_4","Answer.target_prop_5","Answer.target_prop_6","Answer.target_position_1","Answer.target_position_2","Answer.target_position_3","Answer.target_position_4","Answer.target_position_5","Answer.target_position_6","Answer.distractor_prop_1","Answer.distractor_prop_2","Answer.distractor_prop_3","Answer.distractor_prop_4","Answer.distractor_prop_5","Answer.distractor_prop_6","Answer.distractor_position_1","Answer.distractor_position_2","Answer.distractor_position_3","Answer.distractor_position_4","Answer.distractor_position_5","Answer.distractor_position_6","Answer.sequence_condition"
"What is he talking about? (1-2 mins)","Short and fun! A 1-2 minute word game about what someone is talking about.","experiment, psychology, game","$0.25 ","Wed Jul 23 10:22:11 PDT 2014","200","0","0","200","Reviewable","NotReviewed","1 scales","600","60000","Wed Jul 30 10:22:11 PDT 2014","S57139","Approved","","""snowman""","""mittens""","0","""right""","""middle""","-1","0","0","1","0","0","-1","-1","""TRUE""","""NA""","""NA""","-1","-1","-1","-1","-1","-1","""unsure""","""""","0","""logical""","""target""","""logical""","""NA""","""NA""","""NA""","FALSE","TRUE","FALSE","""NA""","""NA""","""NA""","""snowman""","""snowman""","""sundae""","""NA""","""NA""","""NA""","""mittens""","""hat""","""chocolate""","""NA""","""NA""","""NA""","""right""","""middle""","""left""","""NA""","""NA""","""NA""","""hat""","""mittens""","""cherry""","""NA""","""NA""","""NA""","""middle""","""right""","""middle""","""NA""","""NA""","""NA""","""1w0w1b"""
"What is he talking about? (1-2 mins)","Short and fun! A 1-2 minute word game about what someone is talking about.","experiment, psychology, game","$0.25 ","Wed Jul 23 10:22:11 PDT 2014","200","0","0","200","Reviewable","NotReviewed","1 scales","600","60000","Wed Jul 30 10:22:11 PDT 2014","S02011","Approved","","""sundae""","""whipped cream""","0","""left""","""middle""","-1","0","0","1","0","0","-1","-1","""TRUE""","""NA""","""NA""","-1","-1","-1","-1","-1","-1","""Bob's sundaes and Christmas trees""","""""","0","""target""","""target""","""target""","""NA""","""NA""","""NA""","TRUE","TRUE","TRUE","""NA""","""NA""","""NA""","""sundae""","""sundae""","""Christmas tree""","""NA""","""NA""","""NA""","""whipped cream""","""chocolate""","""ornaments""","""NA""","""NA""","""NA""","""left""","""middle""","""middle""","""NA""","""NA""","""NA""","""chocolate""","""whipped cream""","""lights""","""NA""","""NA""","""NA""","""middle""","""left""","""right""","""NA""","""NA""","""NA""","""1w0w1b"""
"What is he talking about? (1-2 mins)","Short and fun! A 1-2 minute word game about what someone is talking about.","experiment, psychology, game","$0.25 ","Wed Jul 23 10:22:11 PDT 2014","200","0","0","200","Reviewable","NotReviewed","1 scales","600","60000","Wed Jul 30 10:22:11 PDT 2014","S31253","Approved","","""friend""","""hat""","0","""middle""","""left""","-1","0","0","1","0","0","-1","-1","""TRUE""","""NA""","""NA""","-1","-1","-1","-1","-1","-1","""Figuring out who was being talked about. ""","""I thought this was interesting""","0","""target""","""target""","""target""","""NA""","""NA""","""NA""","TRUE","TRUE","TRUE","""NA""","""NA""","""NA""","""friend""","""friend""","""snowman""","""NA""","""NA""","""NA""","""hat""","""glasses""","""hat""","""NA""","""NA""","""NA""","""middle""","""left""","""middle""","""NA""","""NA""","""NA""","""glasses""","""hat""","""scarf""","""NA""","""NA""","""NA""","""left""","""middle""","""left""","""NA""","""NA""","""NA""","""0w1w1b"""
"What is he talking about? (1-2 mins)","Short and fun! A 1-2 minute word game about what someone is talking about.","experiment, psychology, game","$0.25 ","Wed Jul 23 10:22:11 PDT 2014","200","0","0","200","Reviewable","NotReviewed","1 scales","600","60000","Wed Jul 30 10:22:11 PDT 2014","S29862","Approved","","""sundae""","""whipped cream""","0","""middle""","""right""","-1","0","0","1","0","0","-1","-1","""TRUE""","""NA""","""NA""","-1","-1","-1","-1","-1","-1","""This survey was about communication and language.""","""No comments.""","0","""target""","""target""","""target""","""NA""","""NA""","""NA""","TRUE","TRUE","TRUE","""NA""","""NA""","""NA""","""sundae""","""sundae""","""pizza""","""NA""","""NA""","""NA""","""whipped cream""","""cherry""","""peppers""","""NA""","""NA""","""NA""","""middle""","""right""","""right""","""NA""","""NA""","""NA""","""cherry""","""whipped cream""","""olives""","""NA""","""NA""","""NA""","""right""","""middle""","""middle""","""NA""","""NA""","""NA""","""1w0w1b"""
"What is he talking about? (1-2 mins)","Short and fun! A 1-2 minute word game about what someone is talking about.","experiment, psychology, game","$0.25 ","Wed Jul 23 10:22:11 PDT 2014","200","0","0","200","Reviewable","NotReviewed","1 scales","600","60000","Wed Jul 30 10:22:11 PDT 2014","S96156","Approved","","""pizza""","""mushrooms""","0","""left""","""right""","-1","0","0","1","0","0","-1","-1","""TRUE""","""NA""","""NA""","-1","-1","-1","-1","-1","-1","""I have no idea""","""""","0","""logical""","""target""","""logical""","""NA""","""NA""","""NA""","FALSE","TRUE","FALSE","""NA""","""NA""","""NA""","""pizza""","""pizza""","""Christmas tree""","""NA""","""NA""","""NA""","""mushrooms""","""olives""","""lights""","""NA""","""NA""","""NA""","""left""","""right""","""right""","""NA""","""NA""","""NA""","""olives""","""mushrooms""","""star""","""NA""","""NA""","""NA""","""right""","""left""","""left""","""NA""","""NA""","""NA""","""0w1w1b"""
"What is he talking about? (1-2 mins)","Short and fun! A 1-2 minute word game about what someone is talking about.","experiment, psychology, game","$0.25 ","Wed Jul 23 10:22:11 PDT 2014","200","0","0","200","Reviewable","NotReviewed","1 scales","600","60000","Wed Jul 30 10:22:11 PDT 2014","S37671","Approved","","""Christmas tree""","""lights""","0","""left""","""middle""","-1","0","0","1","0","0","-1","-1","""TRUE""","""NA""","""NA""","-1","-1","-1","-1","-1","-1","""words and stuff""","""no""","0","""logical""","""target""","""target""","""NA""","""NA""","""NA""","FALSE","TRUE","TRUE","""NA""","""NA""","""NA""","""Christmas tree""","""Christmas tree""","""sundae""","""NA""","""NA""","""NA""","""lights""","""star""","""cherry""","""NA""","""NA""","""NA""","""left""","""middle""","""middle""","""NA""","""NA""","""NA""","""star""","""lights""","""whipped cream""","""NA""","""NA""","""NA""","""middle""","""left""","""right""","""NA""","""NA""","""NA""","""1w0w1b"""
"What is he talking about? (1-2 mins)","Short and fun! A 1-2 minute word game about what someone is talking about.","experiment, psychology, game","$0.25 ","Wed Jul 23 10:22:11 PDT 2014","200","0","0","200","Reviewable","NotReviewed","1 scales","600","60000","Wed Jul 30 10:22:11 PDT 2014","S09028","Approved","","""sundae""","""chocolate""","0","""right""","""middle""","-1","0","0","1","0","0","-1","-1","""TRUE""","""NA""","""NA""","-1","-1","-1","-1","-1","-1","""I do not know.""","""None""","0","""target""","""target""","""target""","""NA""","""NA""","""NA""","TRUE","TRUE","TRUE","""NA""","""NA""","""NA""","""sundae""","""sundae""","""friend""","""NA""","""NA""","""NA""","""chocolate""","""cherry""","""mustache""","""NA""","""NA""","""NA""","""right""","""middle""","""left""","""NA""","""NA""","""NA""","""cherry""","""chocolate""","""glasses""","""NA""","""NA""","""NA""","""middle""","""right""","""middle""","""NA""","""NA""","""NA""","""0w1w1b"""
"What is he talking about? (1-2 mins)","Short and fun! A 1-2 minute word game about what someone is talking about.","experiment, psychology, game","$0.25 ","Wed Jul 23 10:22:11 PDT 2014","200","0","0","200","Reviewable","NotReviewed","1 scales","600","60000","Wed Jul 30 10:22:11 PDT 2014","S26575","Approved","","""snowman""","""mittens""","0","""middle""","""right""","-1","0","0","1","0","0","-1","-1","""TRUE""","""NA""","""NA""","-1","-1","-1","-1","-1","-1","""Unknown""","""""","0","""target""","""logical""","""logical""","""NA""","""NA""","""NA""","TRUE","FALSE","FALSE","""NA""","""NA""","""NA""","""snowman""","""snowman""","""sundae""","""NA""","""NA""","""NA""","""mittens""","""scarf""","""chocolate""","""NA""","""NA""","""NA""","""middle""","""right""","""right""","""NA""","""NA""","""NA""","""scarf""","""mittens""","""cherry""","""NA""","""NA""","""NA""","""right""","""middle""","""left""","""NA""","""NA""","""NA""","""0w1w1b"""
"What is he talking about? (1-2 mins)","Short and fun! A 1-2 minute word game about what someone is talking about.","experiment, psychology, game","$0.25 ","Wed Jul 23 10:22:11 PDT 2014","200","0","0","200","Reviewable","NotReviewed","1 scales","600","60000","Wed Jul 30 10:22:11 PDT 2014","S09494","Approved","","""Christmas tree""","""star""","0","""right""","""left""","-1","0","0","1","0","0","-1","-1","""TRUE""","""NA""","""NA""","-1","-1","-1","-1","-1","-1","""Association""","""""","0","""target""","""target""","""target""","""NA""","""NA""","""NA""","TRUE","TRUE","TRUE","""NA""","""NA""","""NA""","""Christmas tree""","""Christmas tree""","""pizza""","""NA""","""NA""","""NA""","""star""","""lights""","""mushrooms""","""NA""","""NA""","""NA""","""right""","""left""","""left""","""NA""","""NA""","""NA""","""lights""","""star""","""olives""","""NA""","""NA""","""NA""","""left""","""right""","""right""","""NA""","""NA""","""NA""","""1w0w1b"""
"What is he talking about? (1-2 mins)","Short and fun! A 1-2 minute word game about what someone is talking about.","experiment, psychology, game","$0.25 ","Wed Jul 23 10:22:11 PDT 2014","200","0","0","200","Reviewable","NotReviewed","1 scales","600","60000","Wed Jul 30 10:22:11 PDT 2014","S16078","Approved","","""sundae""","""whipped cream""","0","""left""","""right""","-1","0","0","1","0","0","-1","-1","""TRUE""","""NA""","""NA""","-1","-1","-1","-1","-1","-1","""How people perceive what others are talking about""","""""","0","""target""","""target""","""target""","""NA""","""NA""","""NA""","TRUE","TRUE","TRUE","""NA""","""NA""","""NA""","""sundae""","""sundae""","""boat""","""NA""","""NA""","""NA""","""whipped cream""","""cherry""","""motor""","""NA""","""NA""","""NA""","""left""","""right""","""left""","""NA""","""NA""","""NA""","""cherry""","""whipped cream""","""sail""","""NA""","""NA""","""NA""","""right""","""left""","""right""","""NA""","""NA""","""NA""","""0w1w1b"""
"What is he talking about? (1-2 mins)","Short and fun! A 1-2 minute word game about what someone is talking about.","experiment, psychology, game","$0.25 ","Wed Jul 23 10:22:11 PDT 2014","200","0","0","200","Reviewable","NotReviewed","1 scales","600","60000","Wed Jul 30 10:22:11 PDT 2014","S85098","Approved","","""friend""","""hat""","0","""right""","""left""","-1","0","0","1","0","0","-1","-1","""TRUE""","""NA""","""NA""","-1","-1","-1","-1","-1","-1","""How we interpret one word""","""Thanks!""","0","""foil""","""target""","""foil""","""NA""","""NA""","""NA""","FALSE","TRUE","FALSE","""NA""","""NA""","""NA""","""friend""","""friend""","""Christmas tree""","""NA""","""NA""","""NA""","""hat""","""glasses""","""ornaments""","""NA""","""NA""","""NA""","""right""","""left""","""middle""","""NA""","""NA""","""NA""","""glasses""","""hat""","""star""","""NA""","""NA""","""NA""","""left""","""right""","""left""","""NA""","""NA""","""NA""","""1w0w1b"""
"What is he talking about? (1-2 mins)","Short and fun! A 1-2 minute word game about what someone is talking about.","experiment, psychology, game","$0.25 ","Wed Jul 23 10:22:11 PDT 2014","200","0","0","200","Reviewable","NotReviewed","1 scales","600","60000","Wed Jul 30 10:22:11 PDT 2014","S71635","Approved","","""snowman""","""mittens""","0","""left""","""middle""","-1","0","0","1","0","0","-1","-1","""TRUE""","""NA""","""NA""","-1","-1","-1","-1","-1","-1","""perception of one word""","""""","0","""logical""","""target""","""target""","""NA""","""NA""","""NA""","FALSE","TRUE","TRUE","""NA""","""NA""","""NA""","""snowman""","""snowman""","""friend""","""NA""","""NA""","""NA""","""mittens""","""hat""","""glasses""","""NA""","""NA""","""NA""","""left""","""middle""","""left""","""NA""","""NA""","""NA""","""hat""","""mittens""","""mustache""","""NA""","""NA""","""NA""","""middle""","""left""","""right""","""NA""","""NA""","""NA""","""1w0w1b"""
"What is he talking about? (1-2 mins)","Short and fun! A 1-2 minute word game about what someone is talking about.","experiment, psychology, game","$0.25 ","Wed Jul 23 10:22:11 PDT 2014","200","0","0","200","Reviewable","NotReviewed","1 scales","600","60000","Wed Jul 30 10:22:11 PDT 2014","S11467","Approved","","""Christmas tree""","""star""","0","""middle""","""right""","-1","0","0","1","0","0","-1","-1","""TRUE""","""NA""","""NA""","-1","-1","-1","-1","-1","-1","""What is he talking about?""","""No.""","0","""logical""","""target""","""logical""","""NA""","""NA""","""NA""","FALSE","TRUE","FALSE","""NA""","""NA""","""NA""","""Christmas tree""","""Christmas tree""","""boat""","""NA""","""NA""","""NA""","""star""","""ornaments""","""sail""","""NA""","""NA""","""NA""","""middle""","""right""","""middle""","""NA""","""NA""","""NA""","""ornaments""","""star""","""cabin""","""NA""","""NA""","""NA""","""right""","""middle""","""right""","""NA""","""NA""","""NA""","""1w0w1b"""
"What is he talking about? (1-2 mins)","Short and fun! A 1-2 minute word game about what someone is talking about.","experiment, psychology, game","$0.25 ","Wed Jul 23 10:22:11 PDT 2014","200","0","0","200","Reviewable","NotReviewed","1 scales","600","60000","Wed Jul 30 10:22:11 PDT 2014","S89323","Approved","","""pizza""","""peppers""","0","""middle""","""right""","-1","0","0","1","0","0","-1","-1","""TRUE""","""NA""","""NA""","-1","-1","-1","-1","-1","-1","""descriptions and processing them""","""""","0","""target""","""target""","""logical""","""NA""","""NA""","""NA""","TRUE","TRUE","FALSE","""NA""","""NA""","""NA""","""pizza""","""pizza""","""Christmas tree""","""NA""","""NA""","""NA""","""peppers""","""olives""","""lights""","""NA""","""NA""","""NA""","""middle""","""right""","""right""","""NA""","""NA""","""NA""","""olives""","""peppers""","""ornaments""","""NA""","""NA""","""NA""","""right""","""middle""","""middle""","""NA""","""NA""","""NA""","""0w1w1b"""
"What is he talking about? (1-2 mins)","Short and fun! A 1-2 minute word game about what someone is talking about.","experiment, psychology, game","$0.25 ","Wed Jul 23 10:22:11 PDT 2014","200","0","0","200","Reviewable","NotReviewed","1 scales","600","60000","Wed Jul 30 10:22:11 PDT 2014","S20374","Approved","","""Christmas tree""","""lights""","0","""left""","""middle""","-1","0","0","1","0","0","-1","-1","""TRUE""","""NA""","""NA""","-1","-1","-1","-1","-1","-1","""unsure""","""""","0","""logical""","""target""","""target""","""NA""","""NA""","""NA""","FALSE","TRUE","TRUE","""NA""","""NA""","""NA""","""Christmas tree""","""Christmas tree""","""pizza""","""NA""","""NA""","""NA""","""lights""","""ornaments""","""peppers""","""NA""","""NA""","""NA""","""left""","""middle""","""middle""","""NA""","""NA""","""NA""","""ornaments""","""lights""","""mushrooms""","""NA""","""NA""","""NA""","""middle""","""left""","""right""","""NA""","""NA""","""NA""","""1w0w1b"""
"What is he talking about? (1-2 mins)","Short and fun! A 1-2 minute word game about what someone is talking about.","experiment, psychology, game","$0.25 ","Wed Jul 23 10:22:11 PDT 2014","200","0","0","200","Reviewable","NotReviewed","1 scales","600","60000","Wed Jul 30 10:22:11 PDT 2014","S81188","Approved","","""boat""","""sail""","0","""left""","""right""","-1","0","0","1","0","0","-1","-1","""TRUE""","""NA""","""NA""","-1","-1","-1","-1","-1","-1","""One word communication and intent""","""No""","0","""logical""","""target""","""logical""","""NA""","""NA""","""NA""","FALSE","TRUE","FALSE","""NA""","""NA""","""NA""","""boat""","""boat""","""snowman""","""NA""","""NA""","""NA""","""sail""","""motor""","""scarf""","""NA""","""NA""","""NA""","""left""","""right""","""left""","""NA""","""NA""","""NA""","""motor""","""sail""","""hat""","""NA""","""NA""","""NA""","""right""","""left""","""middle""","""NA""","""NA""","""NA""","""1w0w1b"""
"What is he talking about? (1-2 mins)","Short and fun! A 1-2 minute word game about what someone is talking about.","experiment, psychology, game","$0.25 ","Wed Jul 23 10:22:11 PDT 2014","200","0","0","200","Reviewable","NotReviewed","1 scales","600","60000","Wed Jul 30 10:22:11 PDT 2014","S53490","Approved","","""snowman""","""scarf""","0","""left""","""right""","-1","0","0","1","0","0","-1","-1","""TRUE""","""NA""","""NA""","-1","-1","-1","-1","-1","-1","""bob can only say one word""","""""","0","""target""","""target""","""target""","""NA""","""NA""","""NA""","TRUE","TRUE","TRUE","""NA""","""NA""","""NA""","""snowman""","""snowman""","""pizza""","""NA""","""NA""","""NA""","""scarf""","""hat""","""olives""","""NA""","""NA""","""NA""","""left""","""right""","""right""","""NA""","""NA""","""NA""","""hat""","""scarf""","""mushrooms""","""NA""","""NA""","""NA""","""right""","""left""","""left""","""NA""","""NA""","""NA""","""1w0w1b"""
"What is he talking about? (1-2 mins)","Short and fun! A 1-2 minute word game about what someone is talking about.","experiment, psychology, game","$0.25 ","Wed Jul 23 10:22:11 PDT 2014","200","0","0","200","Reviewable","NotReviewed","1 scales","600","60000","Wed Jul 30 10:22:11 PDT 2014","S78942","Approved","","""Christmas tree""","""star""","0","""right""","""middle""","-1","0","0","1","0","0","-1","-1","""TRUE""","""NA""","""NA""","-1","-1","-1","-1","-1","-1","""What a person means when they can only say one word""","""No""","0","""target""","""logical""","""target""","""NA""","""NA""","""NA""","TRUE","FALSE","TRUE","""NA""","""NA""","""NA""","""Christmas tree""","""Christmas tree""","""sundae""","""NA""","""NA""","""NA""","""star""","""ornaments""","""cherry""","""NA""","""NA""","""NA""","""right""","""middle""","""middle""","""NA""","""NA""","""NA""","""ornaments""","""star""","""whipped cream""","""NA""","""NA""","""NA""","""middle""","""right""","""right""","""NA""","""NA""","""NA""","""0w1w1b"""
"What is he talking about? (1-2 mins)","Short and fun! A 1-2 minute word game about what someone is talking about.","experiment, psychology, game","$0.25 ","Wed Jul 23 10:22:11 PDT 2014","200","0","0","200","Reviewable","NotReviewed","1 scales","600","60000","Wed Jul 30 10:22:11 PDT 2014","S65890","Approved","","""friend""","""mustache""","0","""middle""","""left""","-1","0","0","1","0","0","-1","-1","""TRUE""","""NA""","""NA""","-1","-1","-1","-1","-1","-1","""Someone named bob who visits a friend every Sunday and wants to buy a christmas tree""","""""","0","""target""","""target""","""target""","""NA""","""NA""","""NA""","TRUE","TRUE","TRUE","""NA""","""NA""","""NA""","""friend""","""friend""","""Christmas tree""","""NA""","""NA""","""NA""","""mustache""","""hat""","""star""","""NA""","""NA""","""NA""","""middle""","""left""","""left""","""NA""","""NA""","""NA""","""hat""","""mustache""","""ornaments""","""NA""","""NA""","""NA""","""left""","""middle""","""right""","""NA""","""NA""","""NA""","""1w0w1b"""
"What is he talking about? (1-2 mins)","Short and fun! A 1-2 minute word game about what someone is talking about.","experiment, psychology, game","$0.25 ","Wed Jul 23 10:22:11 PDT 2014","200","0","0","200","Reviewable","NotReviewed","1 scales","600","60000","Wed Jul 30 10:22:11 PDT 2014","S40309","Approved","","""pizza""","""olives""","0","""middle""","""right""","-1","0","0","1","0","0","-1","-1","""TRUE""","""NA""","""NA""","-1","-1","-1","-1","-1","-1","""Communication""","""""","0","""logical""","""target""","""target""","""NA""","""NA""","""NA""","FALSE","TRUE","TRUE","""NA""","""NA""","""NA""","""pizza""","""pizza""","""boat""","""NA""","""NA""","""NA""","""olives""","""peppers""","""sail""","""NA""","""NA""","""NA""","""middle""","""right""","""middle""","""NA""","""NA""","""NA""","""peppers""","""olives""","""cabin""","""NA""","""NA""","""NA""","""right""","""middle""","""left""","""NA""","""NA""","""NA""","""0w1w1b"""
"What is he talking about? (1-2 mins)","Short and fun! A 1-2 minute word game about what someone is talking about.","experiment, psychology, game","$0.25 ","Wed Jul 23 10:22:11 PDT 2014","200","0","0","200","Reviewable","NotReviewed","1 scales","600","60000","Wed Jul 30 10:22:11 PDT 2014","S02110","Approved","","""boat""","""motor""","0","""middle""","""left""","-1","0","0","1","0","0","-1","-1","""TRUE""","""NA""","""NA""","-1","-1","-1","-1","-1","-1","""To see if we understood a person based on one word they said.""","""No.""","0","""target""","""target""","""target""","""NA""","""NA""","""NA""","TRUE","TRUE","TRUE","""NA""","""NA""","""NA""","""boat""","""boat""","""sundae""","""NA""","""NA""","""NA""","""motor""","""cabin""","""chocolate""","""NA""","""NA""","""NA""","""middle""","""left""","""left""","""NA""","""NA""","""NA""","""cabin""","""motor""","""cherry""","""NA""","""NA""","""NA""","""left""","""middle""","""middle""","""NA""","""NA""","""NA""","""1w0w1b"""
"What is he talking about? (1-2 mins)","Short and fun! A 1-2 minute word game about what someone is talking about.","experiment, psychology, game","$0.25 ","Wed Jul 23 10:22:11 PDT 2014","200","0","0","200","Reviewable","NotReviewed","1 scales","600","60000","Wed Jul 30 10:22:11 PDT 2014","S56863","Approved","","""pizza""","""peppers""","0","""middle""","""right""","-1","0","0","1","0","0","-1","-1","""TRUE""","""NA""","""NA""","-1","-1","-1","-1","-1","-1","""Which option we would pick regarding what Bob could say""","""no comments""","0","""target""","""target""","""target""","""NA""","""NA""","""NA""","TRUE","TRUE","TRUE","""NA""","""NA""","""NA""","""pizza""","""pizza""","""sundae""","""NA""","""NA""","""NA""","""peppers""","""mushrooms""","""whipped cream""","""NA""","""NA""","""NA""","""middle""","""right""","""left""","""NA""","""NA""","""NA""","""mushrooms""","""peppers""","""chocolate""","""NA""","""NA""","""NA""","""right""","""middle""","""right""","""NA""","""NA""","""NA""","""0w1w1b"""
"What is he talking about? (1-2 mins)","Short and fun! A 1-2 minute word game about what someone is talking about.","experiment, psychology, game","$0.25 ","Wed Jul 23 10:22:11 PDT 2014","200","0","0","200","Reviewable","NotReviewed","1 scales","600","60000","Wed Jul 30 10:22:11 PDT 2014","S63535","Approved","","""friend""","""hat""","0","""right""","""middle""","-1","0","0","1","0","0","-1","-1","""TRUE""","""NA""","""NA""","-1","-1","-1","-1","-1","-1","""Not sure""","""No comments.""","0","""logical""","""target""","""target""","""NA""","""NA""","""NA""","FALSE","TRUE","TRUE","""NA""","""NA""","""NA""","""friend""","""friend""","""sundae""","""NA""","""NA""","""NA""","""hat""","""glasses""","""whipped cream""","""NA""","""NA""","""NA""","""right""","""middle""","""middle""","""NA""","""NA""","""NA""","""glasses""","""hat""","""chocolate""","""NA""","""NA""","""NA""","""middle""","""right""","""left""","""NA""","""NA""","""NA""","""1w0w1b"""
"What is he talking about? (1-2 mins)","Short and fun! A 1-2 minute word game about what someone is talking about.","experiment, psychology, game","$0.25 ","Wed Jul 23 10:22:11 PDT 2014","200","0","0","200","Reviewable","NotReviewed","1 scales","600","60000","Wed Jul 30 10:22:11 PDT 2014","S17799","Approved","","""Christmas tree""","""lights""","0","""left""","""right""","-1","0","0","1","0","0","-1","-1","""TRUE""","""NA""","""NA""","-1","-1","-1","-1","-1","-1","""friends and trees""","""""","0","""logical""","""target""","""target""","""NA""","""NA""","""NA""","FALSE","TRUE","TRUE","""NA""","""NA""","""NA""","""Christmas tree""","""Christmas tree""","""friend""","""NA""","""NA""","""NA""","""lights""","""ornaments""","""mustache""","""NA""","""NA""","""NA""","""left""","""right""","""middle""","""NA""","""NA""","""NA""","""ornaments""","""lights""","""hat""","""NA""","""NA""","""NA""","""right""","""left""","""left""","""NA""","""NA""","""NA""","""1w0w1b"""
"What is he talking about? (1-2 mins)","Short and fun! A 1-2 minute word game about what someone is talking about.","experiment, psychology, game","$0.25 ","Wed Jul 23 10:22:11 PDT 2014","200","0","0","200","Reviewable","NotReviewed","1 scales","600","60000","Wed Jul 30 10:22:11 PDT 2014","S69240","Approved","","""pizza""","""olives""","0","""right""","""left""","-1","0","0","1","0","0","-1","-1","""TRUE""","""NA""","""NA""","-1","-1","-1","-1","-1","-1","""one word ""","""""","0","""target""","""target""","""target""","""NA""","""NA""","""NA""","TRUE","TRUE","TRUE","""NA""","""NA""","""NA""","""pizza""","""pizza""","""friend""","""NA""","""NA""","""NA""","""olives""","""mushrooms""","""hat""","""NA""","""NA""","""NA""","""right""","""left""","""left""","""NA""","""NA""","""NA""","""mushrooms""","""olives""","""glasses""","""NA""","""NA""","""NA""","""left""","""right""","""right""","""NA""","""NA""","""NA""","""1w0w1b"""
"What is he talking about? (1-2 mins)","Short and fun! A 1-2 minute word game about what someone is talking about.","experiment, psychology, game","$0.25 ","Wed Jul 23 10:22:11 PDT 2014","200","0","0","200","Reviewable","NotReviewed","1 scales","600","60000","Wed Jul 30 10:22:11 PDT 2014","S41940","Approved","","""Christmas tree""","""ornaments""","0","""left""","""right""","-1","0","0","1","0","0","-1","-1","""TRUE""","""NA""","""NA""","-1","-1","-1","-1","-1","-1","""Guessing which object was being referred to""","""""","0","""logical""","""target""","""target""","""NA""","""NA""","""NA""","FALSE","TRUE","TRUE","""NA""","""NA""","""NA""","""Christmas tree""","""Christmas tree""","""sundae""","""NA""","""NA""","""NA""","""ornaments""","""lights""","""whipped cream""","""NA""","""NA""","""NA""","""left""","""right""","""middle""","""NA""","""NA""","""NA""","""lights""","""ornaments""","""cherry""","""NA""","""NA""","""NA""","""right""","""left""","""left""","""NA""","""NA""","""NA""","""1w0w1b"""
"What is he talking about? (1-2 mins)","Short and fun! A 1-2 minute word game about what someone is talking about.","experiment, psychology, game","$0.25 ","Wed Jul 23 10:22:11 PDT 2014","200","0","0","200","Reviewable","NotReviewed","1 scales","600","60000","Wed Jul 30 10:22:11 PDT 2014","S14573","Approved","","""friend""","""hat""","0","""middle""","""left""","-1","0","0","1","0","0","-1","-1","""TRUE""","""NA""","""NA""","-1","-1","-1","-1","-1","-1","""descriptions""","""""","0","""target""","""target""","""target""","""NA""","""NA""","""NA""","TRUE","TRUE","TRUE","""NA""","""NA""","""NA""","""friend""","""friend""","""snowman""","""NA""","""NA""","""NA""","""hat""","""glasses""","""scarf""","""NA""","""NA""","""NA""","""middle""","""left""","""left""","""NA""","""NA""","""NA""","""glasses""","""hat""","""mittens""","""NA""","""NA""","""NA""","""left""","""middle""","""right""","""NA""","""NA""","""NA""","""0w1w1b"""
"What is he talking about? (1-2 mins)","Short and fun! A 1-2 minute word game about what someone is talking about.","experiment, psychology, game","$0.25 ","Wed Jul 23 10:22:11 PDT 2014","200","0","0","200","Reviewable","NotReviewed","1 scales","600","60000","Wed Jul 30 10:22:11 PDT 2014","S86119","Approved","","""Christmas tree""","""star""","0","""middle""","""left""","-1","0","0","1","0","0","-1","-1","""TRUE""","""NA""","""NA""","-1","-1","-1","-1","-1","-1","""categorization""","""""","0","""target""","""target""","""target""","""NA""","""NA""","""NA""","TRUE","TRUE","TRUE","""NA""","""NA""","""NA""","""Christmas tree""","""Christmas tree""","""friend""","""NA""","""NA""","""NA""","""star""","""ornaments""","""glasses""","""NA""","""NA""","""NA""","""middle""","""left""","""right""","""NA""","""NA""","""NA""","""ornaments""","""star""","""mustache""","""NA""","""NA""","""NA""","""left""","""middle""","""middle""","""NA""","""NA""","""NA""","""0w1w1b"""
"What is he talking about? (1-2 mins)","Short and fun! A 1-2 minute word game about what someone is talking about.","experiment, psychology, game","$0.25 ","Wed Jul 23 10:22:11 PDT 2014","200","0","0","200","Reviewable","NotReviewed","1 scales","600","60000","Wed Jul 30 10:22:11 PDT 2014","S07326","Approved","","""snowman""","""scarf""","0","""right""","""left""","-1","0","0","1","0","0","-1","-1","""TRUE""","""NA""","""NA""","-1","-1","-1","-1","-1","-1","""Picking a picture from one word""","""Good HIT""","0","""target""","""target""","""target""","""NA""","""NA""","""NA""","TRUE","TRUE","TRUE","""NA""","""NA""","""NA""","""snowman""","""snowman""","""friend""","""NA""","""NA""","""NA""","""scarf""","""mittens""","""mustache""","""NA""","""NA""","""NA""","""right""","""left""","""right""","""NA""","""NA""","""NA""","""mittens""","""scarf""","""glasses""","""NA""","""NA""","""NA""","""left""","""right""","""left""","""NA""","""NA""","""NA""","""1w0w1b"""
"What is he talking about? (1-2 mins)","Short and fun! A 1-2 minute word game about what someone is talking about.","experiment, psychology, game","$0.25 ","Wed Jul 23 10:22:11 PDT 2014","200","0","0","200","Reviewable","NotReviewed","1 scales","600","60000","Wed Jul 30 10:22:11 PDT 2014","S30428","Approved","","""friend""","""glasses""","0","""middle""","""left""","-1","0","0","1","0","0","-1","-1","""TRUE""","""NA""","""NA""","-1","-1","-1","-1","-1","-1","""Identifying who bob was talking about""","""""","0","""target""","""target""","""logical""","""NA""","""NA""","""NA""","TRUE","TRUE","FALSE","""NA""","""NA""","""NA""","""friend""","""friend""","""snowman""","""NA""","""NA""","""NA""","""glasses""","""hat""","""scarf""","""NA""","""NA""","""NA""","""middle""","""left""","""left""","""NA""","""NA""","""NA""","""hat""","""glasses""","""mittens""","""NA""","""NA""","""NA""","""left""","""middle""","""middle""","""NA""","""NA""","""NA""","""1w0w1b"""
"What is he talking about? (1-2 mins)","Short and fun! A 1-2 minute word game about what someone is talking about.","experiment, psychology, game","$0.25 ","Wed Jul 23 10:22:11 PDT 2014","200","0","0","200","Reviewable","NotReviewed","1 scales","600","60000","Wed Jul 30 10:22:11 PDT 2014","S75254","Approved","","""snowman""","""scarf""","0","""left""","""middle""","-1","0","0","1","0","0","-1","-1","""TRUE""","""NA""","""NA""","-1","-1","-1","-1","-1","-1","""To see how people interpret what others say when what they said can mean multiple things""","""No..Thank you""","0","""target""","""target""","""target""","""NA""","""NA""","""NA""","TRUE","TRUE","TRUE","""NA""","""NA""","""NA""","""snowman""","""snowman""","""pizza""","""NA""","""NA""","""NA""","""scarf""","""mittens""","""olives""","""NA""","""NA""","""NA""","""left""","""middle""","""right""","""NA""","""NA""","""NA""","""mittens""","""scarf""","""peppers""","""NA""","""NA""","""NA""","""middle""","""left""","""left""","""NA""","""NA""","""NA""","""0w1w1b"""
"What is he talking about? (1-2 mins)","Short and fun! A 1-2 minute word game about what someone is talking about.","experiment, psychology, game","$0.25 ","Wed Jul 23 10:22:11 PDT 2014","200","0","0","200","Reviewable","NotReviewed","1 scales","600","60000","Wed Jul 30 10:22:11 PDT 2014","S85043","Approved","","""snowman""","""mittens""","0","""middle""","""left""","-1","0","0","1","0","0","-1","-1","""TRUE""","""NA""","""NA""","-1","-1","-1","-1","-1","-1","""words""","""no""","0","""target""","""target""","""target""","""NA""","""NA""","""NA""","TRUE","TRUE","TRUE","""NA""","""NA""","""NA""","""snowman""","""snowman""","""sundae""","""NA""","""NA""","""NA""","""mittens""","""hat""","""whipped cream""","""NA""","""NA""","""NA""","""middle""","""left""","""middle""","""NA""","""NA""","""NA""","""hat""","""mittens""","""chocolate""","""NA""","""NA""","""NA""","""left""","""middle""","""left""","""NA""","""NA""","""NA""","""1w0w1b"""
"What is he talking about? (1-2 mins)","Short and fun! A 1-2 minute word game about what someone is talking about.","experiment, psychology, game","$0.25 ","Wed Jul 23 10:22:11 PDT 2014","200","0","0","200","Reviewable","NotReviewed","1 scales","600","60000","Wed Jul 30 10:22:11 PDT 2014","S97410","Approved","","""boat""","""sail""","0","""left""","""middle""","-1","0","0","1","0","0","-1","-1","""TRUE""","""NA""","""NA""","-1","-1","-1","-1","-1","-1","""Limited inference""","""""","0","""target""","""target""","""target""","""NA""","""NA""","""NA""","TRUE","TRUE","TRUE","""NA""","""NA""","""NA""","""boat""","""boat""","""snowman""","""NA""","""NA""","""NA""","""sail""","""cabin""","""mittens""","""NA""","""NA""","""NA""","""left""","""middle""","""middle""","""NA""","""NA""","""NA""","""cabin""","""sail""","""hat""","""NA""","""NA""","""NA""","""middle""","""left""","""left""","""NA""","""NA""","""NA""","""1w0w1b"""
"What is he talking about? (1-2 mins)","Short and fun! A 1-2 minute word game about what someone is talking about.","experiment, psychology, game","$0.25 ","Wed Jul 23 10:22:11 PDT 2014","200","0","0","200","Reviewable","NotReviewed","1 scales","600","60000","Wed Jul 30 10:22:11 PDT 2014","S66178","Approved","","""friend""","""mustache""","0","""right""","""middle""","-1","0","0","1","0","0","-1","-1","""TRUE""","""NA""","""NA""","-1","-1","-1","-1","-1","-1","""Perceptions""","""Thanks!""","0","""target""","""target""","""target""","""NA""","""NA""","""NA""","TRUE","TRUE","TRUE","""NA""","""NA""","""NA""","""friend""","""friend""","""sundae""","""NA""","""NA""","""NA""","""mustache""","""hat""","""chocolate""","""NA""","""NA""","""NA""","""right""","""middle""","""left""","""NA""","""NA""","""NA""","""hat""","""mustache""","""whipped cream""","""NA""","""NA""","""NA""","""middle""","""right""","""right""","""NA""","""NA""","""NA""","""0w1w1b"""
"What is he talking about? (1-2 mins)","Short and fun! A 1-2 minute word game about what someone is talking about.","experiment, psychology, game","$0.25 ","Wed Jul 23 10:22:11 PDT 2014","200","0","0","200","Reviewable","NotReviewed","1 scales","600","60000","Wed Jul 30 10:22:11 PDT 2014","S12115","Approved","","""friend""","""glasses""","0","""right""","""middle""","-1","0","0","1","0","0","-1","-1","""TRUE""","""NA""","""NA""","-1","-1","-1","-1","-1","-1","""To see what we could infer from one word.""","""""","0","""target""","""target""","""target""","""NA""","""NA""","""NA""","TRUE","TRUE","TRUE","""NA""","""NA""","""NA""","""friend""","""friend""","""Christmas tree""","""NA""","""NA""","""NA""","""glasses""","""hat""","""star""","""NA""","""NA""","""NA""","""right""","""middle""","""right""","""NA""","""NA""","""NA""","""hat""","""glasses""","""lights""","""NA""","""NA""","""NA""","""middle""","""right""","""middle""","""NA""","""NA""","""NA""","""1w0w1b"""
"What is he talking about? (1-2 mins)","Short and fun! A 1-2 minute word game about what someone is talking about.","experiment, psychology, game","$0.25 ","Wed Jul 23 10:22:11 PDT 2014","200","0","0","200","Reviewable","NotReviewed","1 scales","600","60000","Wed Jul 30 10:22:11 PDT 2014","S00618","Approved","","""Christmas tree""","""ornaments""","0","""left""","""middle""","-1","0","0","1","0","0","-1","-1","""TRUE""","""NA""","""NA""","-1","-1","-1","-1","-1","-1","""Bob only communicating with one word.""","""no""","0","""logical""","""target""","""foil""","""NA""","""NA""","""NA""","FALSE","TRUE","FALSE","""NA""","""NA""","""NA""","""Christmas tree""","""Christmas tree""","""friend""","""NA""","""NA""","""NA""","""ornaments""","""star""","""hat""","""NA""","""NA""","""NA""","""left""","""middle""","""middle""","""NA""","""NA""","""NA""","""star""","""ornaments""","""glasses""","""NA""","""NA""","""NA""","""middle""","""left""","""left""","""NA""","""NA""","""NA""","""1w0w1b"""
"What is he talking about? (1-2 mins)","Short and fun! A 1-2 minute word game about what someone is talking about.","experiment, psychology, game","$0.25 ","Wed Jul 23 10:22:11 PDT 2014","200","0","0","200","Reviewable","NotReviewed","1 scales","600","60000","Wed Jul 30 10:22:11 PDT 2014","S77541","Approved","","""boat""","""cabin""","0","""right""","""left""","-1","0","0","1","0","0","-1","-1","""TRUE""","""NA""","""NA""","-1","-1","-1","-1","-1","-1","""boats and snowmen""","""hope you got what you were looking for ""","0","""target""","""target""","""target""","""NA""","""NA""","""NA""","TRUE","TRUE","TRUE","""NA""","""NA""","""NA""","""boat""","""boat""","""snowman""","""NA""","""NA""","""NA""","""cabin""","""motor""","""scarf""","""NA""","""NA""","""NA""","""right""","""left""","""middle""","""NA""","""NA""","""NA""","""motor""","""cabin""","""hat""","""NA""","""NA""","""NA""","""left""","""right""","""right""","""NA""","""NA""","""NA""","""1w0w1b"""
"What is he talking about? (1-2 mins)","Short and fun! A 1-2 minute word game about what someone is talking about.","experiment, psychology, game","$0.25 ","Wed Jul 23 10:22:11 PDT 2014","200","0","0","200","Reviewable","NotReviewed","1 scales","600","60000","Wed Jul 30 10:22:11 PDT 2014","S76363","Approved","","""friend""","""hat""","0","""middle""","""left""","-1","0","0","1","0","0","-1","-1","""TRUE""","""NA""","""NA""","-1","-1","-1","-1","-1","-1","""Understanding what bob was communicating""","""""","0","""target""","""target""","""target""","""NA""","""NA""","""NA""","TRUE","TRUE","TRUE","""NA""","""NA""","""NA""","""friend""","""friend""","""sundae""","""NA""","""NA""","""NA""","""hat""","""mustache""","""cherry""","""NA""","""NA""","""NA""","""middle""","""left""","""left""","""NA""","""NA""","""NA""","""mustache""","""hat""","""whipped cream""","""NA""","""NA""","""NA""","""left""","""middle""","""middle""","""NA""","""NA""","""NA""","""0w1w1b"""
"What is he talking about? (1-2 mins)","Short and fun! A 1-2 minute word game about what someone is talking about.","experiment, psychology, game","$0.25 ","Wed Jul 23 10:22:11 PDT 2014","200","0","0","200","Reviewable","NotReviewed","1 scales","600","60000","Wed Jul 30 10:22:11 PDT 2014","S62785","Approved","","""boat""","""sail""","0","""right""","""left""","-1","0","0","1","0","0","-1","-1","""FALSE""","""NA""","""NA""","-1","-1","-1","-1","-1","-1","""What I think Bob wants""","""""","0","""target""","""target""","""target""","""NA""","""NA""","""NA""","TRUE","TRUE","TRUE","""NA""","""NA""","""NA""","""boat""","""boat""","""sundae""","""NA""","""NA""","""NA""","""sail""","""cabin""","""chocolate""","""NA""","""NA""","""NA""","""right""","""left""","""left""","""NA""","""NA""","""NA""","""cabin""","""sail""","""cherry""","""NA""","""NA""","""NA""","""left""","""right""","""middle""","""NA""","""NA""","""NA""","""1w0w1b"""
"What is he talking about? (1-2 mins)","Short and fun! A 1-2 minute word game about what someone is talking about.","experiment, psychology, game","$0.25 ","Wed Jul 23 10:22:11 PDT 2014","200","0","0","200","Reviewable","NotReviewed","1 scales","600","60000","Wed Jul 30 10:22:11 PDT 2014","S46514","Approved","","""snowman""","""mittens""","0","""right""","""left""","-1","0","0","1","0","0","-1","-1","""TRUE""","""NA""","""NA""","-1","-1","-1","-1","-1","-1","""Bob only using one word to communicate wth me""","""""","0","""target""","""target""","""target""","""NA""","""NA""","""NA""","TRUE","TRUE","TRUE","""NA""","""NA""","""NA""","""snowman""","""snowman""","""friend""","""NA""","""NA""","""NA""","""mittens""","""scarf""","""glasses""","""NA""","""NA""","""NA""","""right""","""left""","""left""","""NA""","""NA""","""NA""","""scarf""","""mittens""","""mustache""","""NA""","""NA""","""NA""","""left""","""right""","""right""","""NA""","""NA""","""NA""","""1w0w1b"""
"What is he talking about? (1-2 mins)","Short and fun! A 1-2 minute word game about what someone is talking about.","experiment, psychology, game","$0.25 ","Wed Jul 23 10:22:11 PDT 2014","200","0","0","200","Reviewable","NotReviewed","1 scales","600","60000","Wed Jul 30 10:22:11 PDT 2014","S64390","Approved","","""sundae""","""whipped cream""","0","""right""","""left""","-1","0","0","1","0","0","-1","-1","""TRUE""","""NA""","""NA""","-1","-1","-1","-1","-1","-1","""What/who we thought someone was talking about with more than one option for the answer.""","""""","0","""target""","""target""","""target""","""NA""","""NA""","""NA""","TRUE","TRUE","TRUE","""NA""","""NA""","""NA""","""sundae""","""sundae""","""friend""","""NA""","""NA""","""NA""","""whipped cream""","""chocolate""","""mustache""","""NA""","""NA""","""NA""","""right""","""left""","""left""","""NA""","""NA""","""NA""","""chocolate""","""whipped cream""","""hat""","""NA""","""NA""","""NA""","""left""","""right""","""right""","""NA""","""NA""","""NA""","""1w0w1b"""
"What is he talking about? (1-2 mins)","Short and fun! A 1-2 minute word game about what someone is talking about.","experiment, psychology, game","$0.25 ","Wed Jul 23 10:22:11 PDT 2014","200","0","0","200","Reviewable","NotReviewed","1 scales","600","60000","Wed Jul 30 10:22:11 PDT 2014","S81620","Approved","","""friend""","""glasses""","0","""left""","""middle""","-1","0","0","1","0","0","-1","-1","""TRUE""","""NA""","""NA""","-1","-1","-1","-1","-1","-1","""Friends and sundaes.""","""No.""","0","""target""","""target""","""target""","""NA""","""NA""","""NA""","TRUE","TRUE","TRUE","""NA""","""NA""","""NA""","""friend""","""friend""","""sundae""","""NA""","""NA""","""NA""","""glasses""","""hat""","""chocolate""","""NA""","""NA""","""NA""","""left""","""middle""","""right""","""NA""","""NA""","""NA""","""hat""","""glasses""","""whipped cream""","""NA""","""NA""","""NA""","""middle""","""left""","""left""","""NA""","""NA""","""NA""","""0w1w1b"""
"What is he talking about? (1-2 mins)","Short and fun! A 1-2 minute word game about what someone is talking about.","experiment, psychology, game","$0.25 ","Wed Jul 23 10:22:11 PDT 2014","200","0","0","200","Reviewable","NotReviewed","1 scales","600","60000","Wed Jul 30 10:22:11 PDT 2014","S88643","Approved","","""sundae""","""cherry""","0","""right""","""left""","-1","0","0","1","0","0","-1","-1","""FALSE""","""NA""","""NA""","-1","-1","-1","-1","-1","-1","""Ice cream and friends""","""""","0","""target""","""target""","""target""","""NA""","""NA""","""NA""","TRUE","TRUE","TRUE","""NA""","""NA""","""NA""","""sundae""","""sundae""","""friend""","""NA""","""NA""","""NA""","""cherry""","""chocolate""","""hat""","""NA""","""NA""","""NA""","""right""","""left""","""left""","""NA""","""NA""","""NA""","""chocolate""","""cherry""","""glasses""","""NA""","""NA""","""NA""","""left""","""right""","""right""","""NA""","""NA""","""NA""","""1w0w1b"""
"What is he talking about? (1-2 mins)","Short and fun! A 1-2 minute word game about what someone is talking about.","experiment, psychology, game","$0.25 ","Wed Jul 23 10:22:11 PDT 2014","200","0","0","200","Reviewable","NotReviewed","1 scales","600","60000","Wed Jul 30 10:22:11 PDT 2014","S60807","Approved","","""Christmas tree""","""star""","0","""right""","""left""","-1","0","0","1","0","0","-1","-1","""TRUE""","""NA""","""NA""","-1","-1","-1","-1","-1","-1","""What was he talking about?""","""""","0","""logical""","""target""","""target""","""NA""","""NA""","""NA""","FALSE","TRUE","TRUE","""NA""","""NA""","""NA""","""Christmas tree""","""Christmas tree""","""sundae""","""NA""","""NA""","""NA""","""star""","""ornaments""","""chocolate""","""NA""","""NA""","""NA""","""right""","""left""","""middle""","""NA""","""NA""","""NA""","""ornaments""","""star""","""cherry""","""NA""","""NA""","""NA""","""left""","""right""","""left""","""NA""","""NA""","""NA""","""1w0w1b"""
"What is he talking about? (1-2 mins)","Short and fun! A 1-2 minute word game about what someone is talking about.","experiment, psychology, game","$0.25 ","Wed Jul 23 10:22:11 PDT 2014","200","0","0","200","Reviewable","NotReviewed","1 scales","600","60000","Wed Jul 30 10:22:11 PDT 2014","S67747","Approved","","""Christmas tree""","""star""","0","""left""","""middle""","-1","0","0","1","0","0","-1","-1","""TRUE""","""NA""","""NA""","-1","-1","-1","-1","-1","-1","""Guessing what object Bob was talking about based off of his one word""","""I thought this was an interesting study to take part in.""","0","""target""","""target""","""target""","""NA""","""NA""","""NA""","TRUE","TRUE","TRUE","""NA""","""NA""","""NA""","""Christmas tree""","""Christmas tree""","""sundae""","""NA""","""NA""","""NA""","""star""","""lights""","""chocolate""","""NA""","""NA""","""NA""","""left""","""middle""","""middle""","""NA""","""NA""","""NA""","""lights""","""star""","""cherry""","""NA""","""NA""","""NA""","""middle""","""left""","""right""","""NA""","""NA""","""NA""","""0w1w1b"""
"What is he talking about? (1-2 mins)","Short and fun! A 1-2 minute word game about what someone is talking about.","experiment, psychology, game","$0.25 ","Wed Jul 23 10:22:11 PDT 2014","200","0","0","200","Reviewable","NotReviewed","1 scales","600","60000","Wed Jul 30 10:22:11 PDT 2014","S57294","Approved","","""sundae""","""chocolate""","0","""right""","""middle""","-1","0","0","1","0","0","-1","-1","""TRUE""","""NA""","""NA""","-1","-1","-1","-1","-1","-1","""no idea""","""thanks""","0","""target""","""target""","""logical""","""NA""","""NA""","""NA""","TRUE","TRUE","FALSE","""NA""","""NA""","""NA""","""sundae""","""sundae""","""boat""","""NA""","""NA""","""NA""","""chocolate""","""cherry""","""motor""","""NA""","""NA""","""NA""","""right""","""middle""","""right""","""NA""","""NA""","""NA""","""cherry""","""chocolate""","""cabin""","""NA""","""NA""","""NA""","""middle""","""right""","""middle""","""NA""","""NA""","""NA""","""1w0w1b"""
"What is he talking about? (1-2 mins)","Short and fun! A 1-2 minute word game about what someone is talking about.","experiment, psychology, game","$0.25 ","Wed Jul 23 10:22:11 PDT 2014","200","0","0","200","Reviewable","NotReviewed","1 scales","600","60000","Wed Jul 30 10:22:11 PDT 2014","S71321","Approved","","""pizza""","""mushrooms""","0","""middle""","""left""","-1","0","0","1","0","0","-1","-1","""TRUE""","""NA""","""NA""","-1","-1","-1","-1","-1","-1","""Understanding what people mean""","""""","0","""foil""","""target""","""target""","""NA""","""NA""","""NA""","FALSE","TRUE","TRUE","""NA""","""NA""","""NA""","""pizza""","""pizza""","""snowman""","""NA""","""NA""","""NA""","""mushrooms""","""peppers""","""scarf""","""NA""","""NA""","""NA""","""middle""","""left""","""middle""","""NA""","""NA""","""NA""","""peppers""","""mushrooms""","""mittens""","""NA""","""NA""","""NA""","""left""","""middle""","""left""","""NA""","""NA""","""NA""","""0w1w1b"""
"What is he talking about? (1-2 mins)","Short and fun! A 1-2 minute word game about what someone is talking about.","experiment, psychology, game","$0.25 ","Wed Jul 23 10:22:11 PDT 2014","200","0","0","200","Reviewable","NotReviewed","1 scales","600","60000","Wed Jul 30 10:22:11 PDT 2014","S59216","Approved","","""friend""","""glasses""","0","""right""","""middle""","-1","0","0","1","0","0","-1","-1","""TRUE""","""NA""","""NA""","-1","-1","-1","-1","-1","-1","""What a person was talking about.""","""""","0","""target""","""target""","""target""","""NA""","""NA""","""NA""","TRUE","TRUE","TRUE","""NA""","""NA""","""NA""","""friend""","""friend""","""Christmas tree""","""NA""","""NA""","""NA""","""glasses""","""hat""","""ornaments""","""NA""","""NA""","""NA""","""right""","""middle""","""left""","""NA""","""NA""","""NA""","""hat""","""glasses""","""lights""","""NA""","""NA""","""NA""","""middle""","""right""","""right""","""NA""","""NA""","""NA""","""1w0w1b"""
"What is he talking about? (1-2 mins)","Short and fun! A 1-2 minute word game about what someone is talking about.","experiment, psychology, game","$0.25 ","Wed Jul 23 10:22:11 PDT 2014","200","0","0","200","Reviewable","NotReviewed","1 scales","600","60000","Wed Jul 30 10:22:11 PDT 2014","S47636","Approved","","""Christmas tree""","""star""","0","""right""","""left""","-1","0","0","1","0","0","-1","-1","""TRUE""","""NA""","""NA""","-1","-1","-1","-1","-1","-1","""Christmas Trees and Bob's friends""","""""","0","""target""","""target""","""target""","""NA""","""NA""","""NA""","TRUE","TRUE","TRUE","""NA""","""NA""","""NA""","""Christmas tree""","""Christmas tree""","""friend""","""NA""","""NA""","""NA""","""star""","""lights""","""mustache""","""NA""","""NA""","""NA""","""right""","""left""","""right""","""NA""","""NA""","""NA""","""lights""","""star""","""glasses""","""NA""","""NA""","""NA""","""left""","""right""","""left""","""NA""","""NA""","""NA""","""1w0w1b"""
"What is he talking about? (1-2 mins)","Short and fun! A 1-2 minute word game about what someone is talking about.","experiment, psychology, game","$0.25 ","Wed Jul 23 10:22:11 PDT 2014","200","0","0","200","Reviewable","NotReviewed","1 scales","600","60000","Wed Jul 30 10:22:11 PDT 2014","S33634","Approved","","""boat""","""cabin""","0","""left""","""middle""","-1","0","0","1","0","0","-1","-1","""TRUE""","""NA""","""NA""","-1","-1","-1","-1","-1","-1","""identifying things with one word""","""no""","0","""target""","""target""","""target""","""NA""","""NA""","""NA""","TRUE","TRUE","TRUE","""NA""","""NA""","""NA""","""boat""","""boat""","""snowman""","""NA""","""NA""","""NA""","""cabin""","""sail""","""hat""","""NA""","""NA""","""NA""","""left""","""middle""","""left""","""NA""","""NA""","""NA""","""sail""","""cabin""","""mittens""","""NA""","""NA""","""NA""","""middle""","""left""","""right""","""NA""","""NA""","""NA""","""1w0w1b"""
"What is he talking about? (1-2 mins)","Short and fun! A 1-2 minute word game about what someone is talking about.","experiment, psychology, game","$0.25 ","Wed Jul 23 10:22:11 PDT 2014","200","0","0","200","Reviewable","NotReviewed","1 scales","600","60000","Wed Jul 30 10:22:11 PDT 2014","S70962","Approved","","""pizza""","""mushrooms""","0","""right""","""middle""","-1","0","0","1","0","0","-1","-1","""TRUE""","""NA""","""NA""","-1","-1","-1","-1","-1","-1","""What Bob was talking about.""","""None""","0","""target""","""target""","""target""","""NA""","""NA""","""NA""","TRUE","TRUE","TRUE","""NA""","""NA""","""NA""","""pizza""","""pizza""","""boat""","""NA""","""NA""","""NA""","""mushrooms""","""peppers""","""sail""","""NA""","""NA""","""NA""","""right""","""middle""","""left""","""NA""","""NA""","""NA""","""peppers""","""mushrooms""","""motor""","""NA""","""NA""","""NA""","""middle""","""right""","""right""","""NA""","""NA""","""NA""","""0w1w1b"""
"What is he talking about? (1-2 mins)","Short and fun! A 1-2 minute word game about what someone is talking about.","experiment, psychology, game","$0.25 ","Wed Jul 23 10:22:11 PDT 2014","200","0","0","200","Reviewable","NotReviewed","1 scales","600","60000","Wed Jul 30 10:22:11 PDT 2014","S49927","Approved","","""boat""","""sail""","0","""middle""","""right""","-1","0","0","1","0","0","-1","-1","""TRUE""","""NA""","""NA""","-1","-1","-1","-1","-1","-1","""boats and pizza""","""""","0","""target""","""target""","""target""","""NA""","""NA""","""NA""","TRUE","TRUE","TRUE","""NA""","""NA""","""NA""","""boat""","""boat""","""pizza""","""NA""","""NA""","""NA""","""sail""","""motor""","""olives""","""NA""","""NA""","""NA""","""middle""","""right""","""right""","""NA""","""NA""","""NA""","""motor""","""sail""","""peppers""","""NA""","""NA""","""NA""","""right""","""middle""","""left""","""NA""","""NA""","""NA""","""1w0w1b"""
"What is he talking about? (1-2 mins)","Short and fun! A 1-2 minute word game about what someone is talking about.","experiment, psychology, game","$0.25 ","Wed Jul 23 10:22:11 PDT 2014","200","0","0","200","Reviewable","NotReviewed","1 scales","600","60000","Wed Jul 30 10:22:11 PDT 2014","S75129","Approved","","""snowman""","""scarf""","0","""left""","""right""","-1","0","0","1","0","0","-1","-1","""TRUE""","""NA""","""NA""","-1","-1","-1","-1","-1","-1","""Which of the objects bob was talking about""","""cute drawings.""","0","""target""","""foil""","""foil""","""NA""","""NA""","""NA""","TRUE","FALSE","FALSE","""NA""","""NA""","""NA""","""snowman""","""snowman""","""Christmas tree""","""NA""","""NA""","""NA""","""scarf""","""mittens""","""star""","""NA""","""NA""","""NA""","""left""","""right""","""left""","""NA""","""NA""","""NA""","""mittens""","""scarf""","""ornaments""","""NA""","""NA""","""NA""","""right""","""left""","""middle""","""NA""","""NA""","""NA""","""0w1w1b"""
"What is he talking about? (1-2 mins)","Short and fun! A 1-2 minute word game about what someone is talking about.","experiment, psychology, game","$0.25 ","Wed Jul 23 10:22:11 PDT 2014","200","0","0","200","Reviewable","NotReviewed","1 scales","600","60000","Wed Jul 30 10:22:11 PDT 2014","S49505","Approved","","""snowman""","""hat""","0","""middle""","""right""","-1","0","0","1","0","0","-1","-1","""TRUE""","""NA""","""NA""","-1","-1","-1","-1","-1","-1","""whether we would pick the item with only the target word or the target word and something else...not sure why though""","""""","0","""target""","""target""","""target""","""NA""","""NA""","""NA""","TRUE","TRUE","TRUE","""NA""","""NA""","""NA""","""snowman""","""snowman""","""pizza""","""NA""","""NA""","""NA""","""hat""","""mittens""","""mushrooms""","""NA""","""NA""","""NA""","""middle""","""right""","""right""","""NA""","""NA""","""NA""","""mittens""","""hat""","""peppers""","""NA""","""NA""","""NA""","""right""","""middle""","""middle""","""NA""","""NA""","""NA""","""0w1w1b"""
"What is he talking about? (1-2 mins)","Short and fun! A 1-2 minute word game about what someone is talking about.","experiment, psychology, game","$0.25 ","Wed Jul 23 10:22:11 PDT 2014","200","0","0","200","Reviewable","NotReviewed","1 scales","600","60000","Wed Jul 30 10:22:11 PDT 2014","S68353","Approved","","""sundae""","""whipped cream""","0","""right""","""left""","-1","0","0","1","0","0","-1","-1","""TRUE""","""NA""","""NA""","-1","-1","-1","-1","-1","-1","""No clue""","""Interesting Survey""","0","""target""","""target""","""target""","""NA""","""NA""","""NA""","TRUE","TRUE","TRUE","""NA""","""NA""","""NA""","""sundae""","""sundae""","""friend""","""NA""","""NA""","""NA""","""whipped cream""","""chocolate""","""mustache""","""NA""","""NA""","""NA""","""right""","""left""","""right""","""NA""","""NA""","""NA""","""chocolate""","""whipped cream""","""glasses""","""NA""","""NA""","""NA""","""left""","""right""","""middle""","""NA""","""NA""","""NA""","""0w1w1b"""
"What is he talking about? (1-2 mins)","Short and fun! A 1-2 minute word game about what someone is talking about.","experiment, psychology, game","$0.25 ","Wed Jul 23 10:22:11 PDT 2014","200","0","0","200","Reviewable","NotReviewed","1 scales","600","60000","Wed Jul 30 10:22:11 PDT 2014","S68376","Approved","","""snowman""","""hat""","0","""right""","""left""","-1","0","0","1","0","0","-1","-1","""TRUE""","""NA""","""NA""","-1","-1","-1","-1","-1","-1","""Boats and Snowmen!""","""""","0","""target""","""logical""","""target""","""NA""","""NA""","""NA""","TRUE","FALSE","TRUE","""NA""","""NA""","""NA""","""snowman""","""snowman""","""boat""","""NA""","""NA""","""NA""","""hat""","""mittens""","""sail""","""NA""","""NA""","""NA""","""right""","""left""","""right""","""NA""","""NA""","""NA""","""mittens""","""hat""","""motor""","""NA""","""NA""","""NA""","""left""","""right""","""middle""","""NA""","""NA""","""NA""","""0w1w1b"""
"What is he talking about? (1-2 mins)","Short and fun! A 1-2 minute word game about what someone is talking about.","experiment, psychology, game","$0.25 ","Wed Jul 23 10:22:11 PDT 2014","200","0","0","200","Reviewable","NotReviewed","1 scales","600","60000","Wed Jul 30 10:22:11 PDT 2014","S89813","Approved","","""Christmas tree""","""ornaments""","0","""right""","""middle""","-1","0","0","1","0","0","-1","-1","""TRUE""","""NA""","""NA""","-1","-1","-1","-1","-1","-1","""I have no clue??""","""What was the survey about.""","0","""logical""","""target""","""target""","""NA""","""NA""","""NA""","FALSE","TRUE","TRUE","""NA""","""NA""","""NA""","""Christmas tree""","""Christmas tree""","""friend""","""NA""","""NA""","""NA""","""ornaments""","""lights""","""mustache""","""NA""","""NA""","""NA""","""right""","""middle""","""left""","""NA""","""NA""","""NA""","""lights""","""ornaments""","""hat""","""NA""","""NA""","""NA""","""middle""","""right""","""right""","""NA""","""NA""","""NA""","""1w0w1b"""
"What is he talking about? (1-2 mins)","Short and fun! A 1-2 minute word game about what someone is talking about.","experiment, psychology, game","$0.25 ","Wed Jul 23 10:22:11 PDT 2014","200","0","0","200","Reviewable","NotReviewed","1 scales","600","60000","Wed Jul 30 10:22:11 PDT 2014","S12031","Approved","","""Christmas tree""","""lights""","0","""middle""","""left""","-1","0","0","1","0","0","-1","-1","""TRUE""","""NA""","""NA""","-1","-1","-1","-1","-1","-1","""Choices with limited information""","""ty""","0","""logical""","""target""","""target""","""NA""","""NA""","""NA""","FALSE","TRUE","TRUE","""NA""","""NA""","""NA""","""Christmas tree""","""Christmas tree""","""pizza""","""NA""","""NA""","""NA""","""lights""","""ornaments""","""olives""","""NA""","""NA""","""NA""","""middle""","""left""","""right""","""NA""","""NA""","""NA""","""ornaments""","""lights""","""mushrooms""","""NA""","""NA""","""NA""","""left""","""middle""","""left""","""NA""","""NA""","""NA""","""1w0w1b"""
"What is he talking about? (1-2 mins)","Short and fun! A 1-2 minute word game about what someone is talking about.","experiment, psychology, game","$0.25 ","Wed Jul 23 10:22:11 PDT 2014","200","0","0","200","Reviewable","NotReviewed","1 scales","600","60000","Wed Jul 30 10:22:11 PDT 2014","S77486","Approved","","""boat""","""cabin""","0","""middle""","""right""","-1","0","0","1","0","0","-1","-1","""TRUE""","""NA""","""NA""","-1","-1","-1","-1","-1","-1","""I have no idea!""","""No""","0","""target""","""target""","""target""","""NA""","""NA""","""NA""","TRUE","TRUE","TRUE","""NA""","""NA""","""NA""","""boat""","""boat""","""pizza""","""NA""","""NA""","""NA""","""cabin""","""sail""","""olives""","""NA""","""NA""","""NA""","""middle""","""right""","""left""","""NA""","""NA""","""NA""","""sail""","""cabin""","""mushrooms""","""NA""","""NA""","""NA""","""right""","""middle""","""middle""","""NA""","""NA""","""NA""","""1w0w1b"""
"What is he talking about? (1-2 mins)","Short and fun! A 1-2 minute word game about what someone is talking about.","experiment, psychology, game","$0.25 ","Wed Jul 23 10:22:11 PDT 2014","200","0","0","200","Reviewable","NotReviewed","1 scales","600","60000","Wed Jul 30 10:22:11 PDT 2014","S31781","Approved","","""pizza""","""olives""","0","""left""","""middle""","-1","0","0","1","0","0","-1","-1","""TRUE""","""NA""","""NA""","-1","-1","-1","-1","-1","-1","""not sure""","""na""","0","""target""","""target""","""target""","""NA""","""NA""","""NA""","TRUE","TRUE","TRUE","""NA""","""NA""","""NA""","""pizza""","""pizza""","""snowman""","""NA""","""NA""","""NA""","""olives""","""mushrooms""","""scarf""","""NA""","""NA""","""NA""","""left""","""middle""","""right""","""NA""","""NA""","""NA""","""mushrooms""","""olives""","""hat""","""NA""","""NA""","""NA""","""middle""","""left""","""left""","""NA""","""NA""","""NA""","""0w1w1b"""
"What is he talking about? (1-2 mins)","Short and fun! A 1-2 minute word game about what someone is talking about.","experiment, psychology, game","$0.25 ","Wed Jul 23 10:22:11 PDT 2014","200","0","0","200","Reviewable","NotReviewed","1 scales","600","60000","Wed Jul 30 10:22:11 PDT 2014","S24707","Approved","","""snowman""","""scarf""","0","""middle""","""left""","-1","0","0","1","0","0","-1","-1","""TRUE""","""NA""","""NA""","-1","-1","-1","-1","-1","-1","""Word assossiation""","""""","0","""target""","""logical""","""target""","""NA""","""NA""","""NA""","TRUE","FALSE","TRUE","""NA""","""NA""","""NA""","""snowman""","""snowman""","""sundae""","""NA""","""NA""","""NA""","""scarf""","""hat""","""whipped cream""","""NA""","""NA""","""NA""","""middle""","""left""","""middle""","""NA""","""NA""","""NA""","""hat""","""scarf""","""cherry""","""NA""","""NA""","""NA""","""left""","""middle""","""left""","""NA""","""NA""","""NA""","""0w1w1b"""
"What is he talking about? (1-2 mins)","Short and fun! A 1-2 minute word game about what someone is talking about.","experiment, psychology, game","$0.25 ","Wed Jul 23 10:22:11 PDT 2014","200","0","0","200","Reviewable","NotReviewed","1 scales","600","60000","Wed Jul 30 10:22:11 PDT 2014","S29581","Approved","","""boat""","""motor""","0","""right""","""left""","-1","0","0","1","0","0","-1","-1","""TRUE""","""NA""","""NA""","-1","-1","-1","-1","-1","-1","""deductive reasoning""","""no""","0","""target""","""logical""","""target""","""NA""","""NA""","""NA""","TRUE","FALSE","TRUE","""NA""","""NA""","""NA""","""boat""","""boat""","""sundae""","""NA""","""NA""","""NA""","""motor""","""cabin""","""whipped cream""","""NA""","""NA""","""NA""","""right""","""left""","""right""","""NA""","""NA""","""NA""","""cabin""","""motor""","""cherry""","""NA""","""NA""","""NA""","""left""","""right""","""middle""","""NA""","""NA""","""NA""","""0w1w1b"""
"What is he talking about? (1-2 mins)","Short and fun! A 1-2 minute word game about what someone is talking about.","experiment, psychology, game","$0.25 ","Wed Jul 23 10:22:11 PDT 2014","200","0","0","200","Reviewable","NotReviewed","1 scales","600","60000","Wed Jul 30 10:22:11 PDT 2014","S90846","Approved","","""pizza""","""peppers""","0","""middle""","""left""","-1","0","0","1","0","0","-1","-1","""TRUE""","""NA""","""NA""","-1","-1","-1","-1","-1","-1","""How humans make symbols and understand representations""","""""","0","""target""","""target""","""target""","""NA""","""NA""","""NA""","TRUE","TRUE","TRUE","""NA""","""NA""","""NA""","""pizza""","""pizza""","""sundae""","""NA""","""NA""","""NA""","""peppers""","""olives""","""whipped cream""","""NA""","""NA""","""NA""","""middle""","""left""","""left""","""NA""","""NA""","""NA""","""olives""","""peppers""","""chocolate""","""NA""","""NA""","""NA""","""left""","""middle""","""right""","""NA""","""NA""","""NA""","""1w0w1b"""
"What is he talking about? (1-2 mins)","Short and fun! A 1-2 minute word game about what someone is talking about.","experiment, psychology, game","$0.25 ","Wed Jul 23 10:22:11 PDT 2014","200","0","0","200","Reviewable","NotReviewed","1 scales","600","60000","Wed Jul 30 10:22:11 PDT 2014","S37638","Approved","","""snowman""","""mittens""","0","""right""","""left""","-1","0","0","1","0","0","-1","-1","""TRUE""","""NA""","""NA""","-1","-1","-1","-1","-1","-1","""communicating with one word""",""":)""","0","""target""","""target""","""target""","""NA""","""NA""","""NA""","TRUE","TRUE","TRUE","""NA""","""NA""","""NA""","""snowman""","""snowman""","""boat""","""NA""","""NA""","""NA""","""mittens""","""hat""","""motor""","""NA""","""NA""","""NA""","""right""","""left""","""right""","""NA""","""NA""","""NA""","""hat""","""mittens""","""cabin""","""NA""","""NA""","""NA""","""left""","""right""","""middle""","""NA""","""NA""","""NA""","""1w0w1b"""
"What is he talking about? (1-2 mins)","Short and fun! A 1-2 minute word game about what someone is talking about.","experiment, psychology, game","$0.25 ","Wed Jul 23 10:22:11 PDT 2014","200","0","0","200","Reviewable","NotReviewed","1 scales","600","60000","Wed Jul 30 10:22:11 PDT 2014","S04322","Approved","","""pizza""","""mushrooms""","0","""middle""","""right""","-1","0","0","1","0","0","-1","-1","""TRUE""","""NA""","""NA""","-1","-1","-1","-1","-1","-1","""Using limited information to make decisions.""","""N/A""","0","""target""","""target""","""target""","""NA""","""NA""","""NA""","TRUE","TRUE","TRUE","""NA""","""NA""","""NA""","""pizza""","""pizza""","""sundae""","""NA""","""NA""","""NA""","""mushrooms""","""peppers""","""chocolate""","""NA""","""NA""","""NA""","""middle""","""right""","""right""","""NA""","""NA""","""NA""","""peppers""","""mushrooms""","""cherry""","""NA""","""NA""","""NA""","""right""","""middle""","""middle""","""NA""","""NA""","""NA""","""0w1w1b"""
"What is he talking about? (1-2 mins)","Short and fun! A 1-2 minute word game about what someone is talking about.","experiment, psychology, game","$0.25 ","Wed Jul 23 10:22:11 PDT 2014","200","0","0","200","Reviewable","NotReviewed","1 scales","600","60000","Wed Jul 30 10:22:11 PDT 2014","S19689","Approved","","""sundae""","""whipped cream""","0","""middle""","""left""","-1","0","0","1","0","0","-1","-1","""TRUE""","""NA""","""NA""","-1","-1","-1","-1","-1","-1","""beats me! ""","""thanks that was fun :)""","0","""target""","""target""","""target""","""NA""","""NA""","""NA""","TRUE","TRUE","TRUE","""NA""","""NA""","""NA""","""sundae""","""sundae""","""friend""","""NA""","""NA""","""NA""","""whipped cream""","""cherry""","""hat""","""NA""","""NA""","""NA""","""middle""","""left""","""left""","""NA""","""NA""","""NA""","""cherry""","""whipped cream""","""mustache""","""NA""","""NA""","""NA""","""left""","""middle""","""middle""","""NA""","""NA""","""NA""","""0w1w1b"""
"What is he talking about? (1-2 mins)","Short and fun! A 1-2 minute word game about what someone is talking about.","experiment, psychology, game","$0.25 ","Wed Jul 23 10:22:11 PDT 2014","200","0","0","200","Reviewable","NotReviewed","1 scales","600","60000","Wed Jul 30 10:22:11 PDT 2014","S32162","Approved","","""pizza""","""mushrooms""","0","""left""","""middle""","-1","0","0","1","0","0","-1","-1","""TRUE""","""NA""","""NA""","-1","-1","-1","-1","-1","-1","""being able to communicate 1 word and hoping I understood""","""""","0","""target""","""target""","""logical""","""NA""","""NA""","""NA""","TRUE","TRUE","FALSE","""NA""","""NA""","""NA""","""pizza""","""pizza""","""sundae""","""NA""","""NA""","""NA""","""mushrooms""","""olives""","""cherry""","""NA""","""NA""","""NA""","""left""","""middle""","""middle""","""NA""","""NA""","""NA""","""olives""","""mushrooms""","""chocolate""","""NA""","""NA""","""NA""","""middle""","""left""","""right""","""NA""","""NA""","""NA""","""0w1w1b"""
"What is he talking about? (1-2 mins)","Short and fun! A 1-2 minute word game about what someone is talking about.","experiment, psychology, game","$0.25 ","Wed Jul 23 10:22:11 PDT 2014","200","0","0","200","Reviewable","NotReviewed","1 scales","600","60000","Wed Jul 30 10:22:11 PDT 2014","S86754","Approved","","""Christmas tree""","""ornaments""","0","""right""","""left""","-1","0","0","1","0","0","-1","-1","""TRUE""","""NA""","""NA""","-1","-1","-1","-1","-1","-1","""communication, one word - visual""","""""","0","""target""","""target""","""target""","""NA""","""NA""","""NA""","TRUE","TRUE","TRUE","""NA""","""NA""","""NA""","""Christmas tree""","""Christmas tree""","""boat""","""NA""","""NA""","""NA""","""ornaments""","""star""","""sail""","""NA""","""NA""","""NA""","""right""","""left""","""left""","""NA""","""NA""","""NA""","""star""","""ornaments""","""cabin""","""NA""","""NA""","""NA""","""left""","""right""","""middle""","""NA""","""NA""","""NA""","""1w0w1b"""
"What is he talking about? (1-2 mins)","Short and fun! A 1-2 minute word game about what someone is talking about.","experiment, psychology, game","$0.25 ","Wed Jul 23 10:22:11 PDT 2014","200","0","0","200","Reviewable","NotReviewed","1 scales","600","60000","Wed Jul 30 10:22:11 PDT 2014","S62636","Approved","","""friend""","""hat""","0","""left""","""right""","-1","0","0","1","0","0","-1","-1","""TRUE""","""NA""","""NA""","-1","-1","-1","-1","-1","-1","""Descriptions and they way people make choices ""","""""","0","""target""","""target""","""target""","""NA""","""NA""","""NA""","TRUE","TRUE","TRUE","""NA""","""NA""","""NA""","""friend""","""friend""","""sundae""","""NA""","""NA""","""NA""","""hat""","""mustache""","""whipped cream""","""NA""","""NA""","""NA""","""left""","""right""","""left""","""NA""","""NA""","""NA""","""mustache""","""hat""","""cherry""","""NA""","""NA""","""NA""","""right""","""left""","""right""","""NA""","""NA""","""NA""","""1w0w1b"""
"What is he talking about? (1-2 mins)","Short and fun! A 1-2 minute word game about what someone is talking about.","experiment, psychology, game","$0.25 ","Wed Jul 23 10:22:11 PDT 2014","200","0","0","200","Reviewable","NotReviewed","1 scales","600","60000","Wed Jul 30 10:22:11 PDT 2014","S78996","Approved","","""Christmas tree""","""star""","0","""right""","""middle""","-1","0","0","1","0","0","-1","-1","""TRUE""","""NA""","""NA""","-1","-1","-1","-1","-1","-1","""peoples choices""","""""","0","""target""","""target""","""target""","""NA""","""NA""","""NA""","TRUE","TRUE","TRUE","""NA""","""NA""","""NA""","""Christmas tree""","""Christmas tree""","""snowman""","""NA""","""NA""","""NA""","""star""","""lights""","""mittens""","""NA""","""NA""","""NA""","""right""","""middle""","""left""","""NA""","""NA""","""NA""","""lights""","""star""","""hat""","""NA""","""NA""","""NA""","""middle""","""right""","""middle""","""NA""","""NA""","""NA""","""1w0w1b"""
"What is he talking about? (1-2 mins)","Short and fun! A 1-2 minute word game about what someone is talking about.","experiment, psychology, game","$0.25 ","Wed Jul 23 10:22:11 PDT 2014","200","0","0","200","Reviewable","NotReviewed","1 scales","600","60000","Wed Jul 30 10:22:11 PDT 2014","S06859","Approved","","""sundae""","""cherry""","0","""right""","""left""","-1","0","0","1","0","0","-1","-1","""TRUE""","""NA""","""NA""","-1","-1","-1","-1","-1","-1","""how people make decisions""","""clear and had no issues""","0","""target""","""target""","""target""","""NA""","""NA""","""NA""","TRUE","TRUE","TRUE","""NA""","""NA""","""NA""","""sundae""","""sundae""","""pizza""","""NA""","""NA""","""NA""","""cherry""","""whipped cream""","""peppers""","""NA""","""NA""","""NA""","""right""","""left""","""right""","""NA""","""NA""","""NA""","""whipped cream""","""cherry""","""olives""","""NA""","""NA""","""NA""","""left""","""right""","""left""","""NA""","""NA""","""NA""","""0w1w1b"""
"What is he talking about? (1-2 mins)","Short and fun! A 1-2 minute word game about what someone is talking about.","experiment, psychology, game","$0.25 ","Wed Jul 23 10:22:11 PDT 2014","200","0","0","200","Reviewable","NotReviewed","1 scales","600","60000","Wed Jul 30 10:22:11 PDT 2014","S96997","Approved","","""sundae""","""chocolate""","0","""middle""","""right""","-1","0","0","1","0","0","-1","-1","""TRUE""","""NA""","""NA""","-1","-1","-1","-1","-1","-1","""Choosing an image that Bob is talking about""","""No""","0","""target""","""target""","""target""","""NA""","""NA""","""NA""","TRUE","TRUE","TRUE","""NA""","""NA""","""NA""","""sundae""","""sundae""","""boat""","""NA""","""NA""","""NA""","""chocolate""","""cherry""","""motor""","""NA""","""NA""","""NA""","""middle""","""right""","""middle""","""NA""","""NA""","""NA""","""cherry""","""chocolate""","""sail""","""NA""","""NA""","""NA""","""right""","""middle""","""right""","""NA""","""NA""","""NA""","""1w0w1b"""
"What is he talking about? (1-2 mins)","Short and fun! A 1-2 minute word game about what someone is talking about.","experiment, psychology, game","$0.25 ","Wed Jul 23 10:22:11 PDT 2014","200","0","0","200","Reviewable","NotReviewed","1 scales","600","60000","Wed Jul 30 10:22:11 PDT 2014","S01880","Approved","","""Christmas tree""","""lights""","0","""middle""","""left""","-1","0","0","1","0","0","-1","-1","""FALSE""","""NA""","""NA""","-1","-1","-1","-1","-1","-1","""Recognizing what someone is talking about""","""""","0","""target""","""target""","""target""","""NA""","""NA""","""NA""","TRUE","TRUE","TRUE","""NA""","""NA""","""NA""","""Christmas tree""","""Christmas tree""","""boat""","""NA""","""NA""","""NA""","""lights""","""ornaments""","""cabin""","""NA""","""NA""","""NA""","""middle""","""left""","""middle""","""NA""","""NA""","""NA""","""ornaments""","""lights""","""motor""","""NA""","""NA""","""NA""","""left""","""middle""","""left""","""NA""","""NA""","""NA""","""0w1w1b"""
"What is he talking about? (1-2 mins)","Short and fun! A 1-2 minute word game about what someone is talking about.","experiment, psychology, game","$0.25 ","Wed Jul 23 10:22:11 PDT 2014","200","0","0","200","Reviewable","NotReviewed","1 scales","600","60000","Wed Jul 30 10:22:11 PDT 2014","S70095","Approved","","""friend""","""glasses""","0","""right""","""middle""","-1","0","0","1","0","0","-1","-1","""TRUE""","""NA""","""NA""","-1","-1","-1","-1","-1","-1","""interpretation""","""""","0","""target""","""target""","""target""","""NA""","""NA""","""NA""","TRUE","TRUE","TRUE","""NA""","""NA""","""NA""","""friend""","""friend""","""snowman""","""NA""","""NA""","""NA""","""glasses""","""mustache""","""hat""","""NA""","""NA""","""NA""","""right""","""middle""","""right""","""NA""","""NA""","""NA""","""mustache""","""glasses""","""scarf""","""NA""","""NA""","""NA""","""middle""","""right""","""left""","""NA""","""NA""","""NA""","""0w1w1b"""
"What is he talking about? (1-2 mins)","Short and fun! A 1-2 minute word game about what someone is talking about.","experiment, psychology, game","$0.25 ","Wed Jul 23 10:22:11 PDT 2014","200","0","0","200","Reviewable","NotReviewed","1 scales","600","60000","Wed Jul 30 10:22:11 PDT 2014","S10596","Approved","","""sundae""","""whipped cream""","0","""right""","""middle""","-1","0","0","1","0","0","-1","-1","""TRUE""","""NA""","""NA""","-1","-1","-1","-1","-1","-1","""i don't know""","""nope""","0","""logical""","""target""","""logical""","""NA""","""NA""","""NA""","FALSE","TRUE","FALSE","""NA""","""NA""","""NA""","""sundae""","""sundae""","""snowman""","""NA""","""NA""","""NA""","""whipped cream""","""cherry""","""scarf""","""NA""","""NA""","""NA""","""right""","""middle""","""right""","""NA""","""NA""","""NA""","""cherry""","""whipped cream""","""mittens""","""NA""","""NA""","""NA""","""middle""","""right""","""middle""","""NA""","""NA""","""NA""","""1w0w1b"""
"What is he talking about? (1-2 mins)","Short and fun! A 1-2 minute word game about what someone is talking about.","experiment, psychology, game","$0.25 ","Wed Jul 23 10:22:11 PDT 2014","200","0","0","200","Reviewable","NotReviewed","1 scales","600","60000","Wed Jul 30 10:22:11 PDT 2014","S24801","Approved","","""sundae""","""cherry""","0","""left""","""middle""","-1","0","0","1","0","0","-1","-1","""TRUE""","""NA""","""NA""","-1","-1","-1","-1","-1","-1","""chosing pictures based on very short description""","""no""","0","""target""","""target""","""target""","""NA""","""NA""","""NA""","TRUE","TRUE","TRUE","""NA""","""NA""","""NA""","""sundae""","""sundae""","""friend""","""NA""","""NA""","""NA""","""cherry""","""whipped cream""","""mustache""","""NA""","""NA""","""NA""","""left""","""middle""","""right""","""NA""","""NA""","""NA""","""whipped cream""","""cherry""","""glasses""","""NA""","""NA""","""NA""","""middle""","""left""","""middle""","""NA""","""NA""","""NA""","""1w0w1b"""
"What is he talking about? (1-2 mins)","Short and fun! A 1-2 minute word game about what someone is talking about.","experiment, psychology, game","$0.25 ","Wed Jul 23 10:22:11 PDT 2014","200","0","0","200","Reviewable","NotReviewed","1 scales","600","60000","Wed Jul 30 10:22:11 PDT 2014","S91669","Approved","","""pizza""","""mushrooms""","0","""left""","""middle""","-1","0","0","1","0","0","-1","-1","""TRUE""","""NA""","""NA""","-1","-1","-1","-1","-1","-1","""Interpreting what someone says""","""""","0","""target""","""target""","""target""","""NA""","""NA""","""NA""","TRUE","TRUE","TRUE","""NA""","""NA""","""NA""","""pizza""","""pizza""","""boat""","""NA""","""NA""","""NA""","""mushrooms""","""peppers""","""cabin""","""NA""","""NA""","""NA""","""left""","""middle""","""middle""","""NA""","""NA""","""NA""","""peppers""","""mushrooms""","""sail""","""NA""","""NA""","""NA""","""middle""","""left""","""left""","""NA""","""NA""","""NA""","""0w1w1b"""
"What is he talking about? (1-2 mins)","Short and fun! A 1-2 minute word game about what someone is talking about.","experiment, psychology, game","$0.25 ","Wed Jul 23 10:22:11 PDT 2014","200","0","0","200","Reviewable","NotReviewed","1 scales","600","60000","Wed Jul 30 10:22:11 PDT 2014","S27939","Approved","","""sundae""","""chocolate""","0","""left""","""right""","-1","0","0","1","0","0","-1","-1","""TRUE""","""NA""","""NA""","-1","-1","-1","-1","-1","-1","""Bob's inability to communicate about his food preferences.""","""""","0","""target""","""target""","""target""","""NA""","""NA""","""NA""","TRUE","TRUE","TRUE","""NA""","""NA""","""NA""","""sundae""","""sundae""","""pizza""","""NA""","""NA""","""NA""","""chocolate""","""cherry""","""peppers""","""NA""","""NA""","""NA""","""left""","""right""","""left""","""NA""","""NA""","""NA""","""cherry""","""chocolate""","""olives""","""NA""","""NA""","""NA""","""right""","""left""","""right""","""NA""","""NA""","""NA""","""1w0w1b"""
"What is he talking about? (1-2 mins)","Short and fun! A 1-2 minute word game about what someone is talking about.","experiment, psychology, game","$0.25 ","Wed Jul 23 10:22:11 PDT 2014","200","0","0","200","Reviewable","NotReviewed","1 scales","600","60000","Wed Jul 30 10:22:11 PDT 2014","S29265","Approved","","""sundae""","""whipped cream""","0","""middle""","""right""","-1","0","0","1","0","0","-1","-1","""FALSE""","""NA""","""NA""","-1","-1","-1","-1","-1","-1","""misdirection""","""""","0","""target""","""target""","""target""","""NA""","""NA""","""NA""","TRUE","TRUE","TRUE","""NA""","""NA""","""NA""","""sundae""","""sundae""","""friend""","""NA""","""NA""","""NA""","""whipped cream""","""chocolate""","""mustache""","""NA""","""NA""","""NA""","""middle""","""right""","""right""","""NA""","""NA""","""NA""","""chocolate""","""whipped cream""","""glasses""","""NA""","""NA""","""NA""","""right""","""middle""","""middle""","""NA""","""NA""","""NA""","""0w1w1b"""
"What is he talking about? (1-2 mins)","Short and fun! A 1-2 minute word game about what someone is talking about.","experiment, psychology, game","$0.25 ","Wed Jul 23 10:22:11 PDT 2014","200","0","0","200","Reviewable","NotReviewed","1 scales","600","60000","Wed Jul 30 10:22:11 PDT 2014","S14800","Approved","","""friend""","""glasses""","0","""right""","""left""","-1","0","0","1","0","0","-1","-1","""TRUE""","""NA""","""NA""","-1","-1","-1","-1","-1","-1","""guessing which figure he was  referring to.""","""no other comments. thank you.""","0","""target""","""target""","""logical""","""NA""","""NA""","""NA""","TRUE","TRUE","FALSE","""NA""","""NA""","""NA""","""friend""","""friend""","""snowman""","""NA""","""NA""","""NA""","""glasses""","""mustache""","""hat""","""NA""","""NA""","""NA""","""right""","""left""","""left""","""NA""","""NA""","""NA""","""mustache""","""glasses""","""mittens""","""NA""","""NA""","""NA""","""left""","""right""","""right""","""NA""","""NA""","""NA""","""1w0w1b"""
"What is he talking about? (1-2 mins)","Short and fun! A 1-2 minute word game about what someone is talking about.","experiment, psychology, game","$0.25 ","Wed Jul 23 10:22:11 PDT 2014","200","0","0","200","Reviewable","NotReviewed","1 scales","600","60000","Wed Jul 30 10:22:11 PDT 2014","S01312","Approved","","""Christmas tree""","""star""","0","""right""","""left""","-1","0","0","1","0","0","-1","-1","""TRUE""","""NA""","""NA""","-1","-1","-1","-1","-1","-1","""How communication is used with minimal language""","""""","0","""target""","""target""","""target""","""NA""","""NA""","""NA""","TRUE","TRUE","TRUE","""NA""","""NA""","""NA""","""Christmas tree""","""Christmas tree""","""snowman""","""NA""","""NA""","""NA""","""star""","""ornaments""","""mittens""","""NA""","""NA""","""NA""","""right""","""left""","""left""","""NA""","""NA""","""NA""","""ornaments""","""star""","""scarf""","""NA""","""NA""","""NA""","""left""","""right""","""middle""","""NA""","""NA""","""NA""","""1w0w1b"""
"What is he talking about? (1-2 mins)","Short and fun! A 1-2 minute word game about what someone is talking about.","experiment, psychology, game","$0.25 ","Wed Jul 23 10:22:11 PDT 2014","200","0","0","200","Reviewable","NotReviewed","1 scales","600","60000","Wed Jul 30 10:22:11 PDT 2014","S24826","Approved","","""snowman""","""mittens""","0","""left""","""right""","-1","0","0","1","0","0","-1","-1","""TRUE""","""NA""","""NA""","-1","-1","-1","-1","-1","-1","""How people use words to communicate what they need.""","""Thank you!""","0","""target""","""foil""","""foil""","""NA""","""NA""","""NA""","TRUE","FALSE","FALSE","""NA""","""NA""","""NA""","""snowman""","""snowman""","""pizza""","""NA""","""NA""","""NA""","""mittens""","""hat""","""peppers""","""NA""","""NA""","""NA""","""left""","""right""","""right""","""NA""","""NA""","""NA""","""hat""","""mittens""","""olives""","""NA""","""NA""","""NA""","""right""","""left""","""middle""","""NA""","""NA""","""NA""","""0w1w1b"""
"What is he talking about? (1-2 mins)","Short and fun! A 1-2 minute word game about what someone is talking about.","experiment, psychology, game","$0.25 ","Wed Jul 23 10:22:11 PDT 2014","200","0","0","200","Reviewable","NotReviewed","1 scales","600","60000","Wed Jul 30 10:22:11 PDT 2014","S83646","Approved","","""sundae""","""chocolate""","0","""middle""","""left""","-1","0","0","1","0","0","-1","-1","""TRUE""","""NA""","""NA""","-1","-1","-1","-1","-1","-1","""How we see daily words""","""fun to do""","0","""target""","""target""","""target""","""NA""","""NA""","""NA""","TRUE","TRUE","TRUE","""NA""","""NA""","""NA""","""sundae""","""sundae""","""boat""","""NA""","""NA""","""NA""","""chocolate""","""cherry""","""sail""","""NA""","""NA""","""NA""","""middle""","""left""","""middle""","""NA""","""NA""","""NA""","""cherry""","""chocolate""","""motor""","""NA""","""NA""","""NA""","""left""","""middle""","""right""","""NA""","""NA""","""NA""","""0w1w1b"""
"What is he talking about? (1-2 mins)","Short and fun! A 1-2 minute word game about what someone is talking about.","experiment, psychology, game","$0.25 ","Wed Jul 23 10:22:11 PDT 2014","200","0","0","200","Reviewable","NotReviewed","1 scales","600","60000","Wed Jul 30 10:22:11 PDT 2014","S15189","Approved","","""sundae""","""chocolate""","0","""right""","""middle""","-1","0","0","1","0","0","-1","-1","""TRUE""","""NA""","""NA""","-1","-1","-1","-1","-1","-1","""how we view communication""","""""","0","""target""","""target""","""target""","""NA""","""NA""","""NA""","TRUE","TRUE","TRUE","""NA""","""NA""","""NA""","""sundae""","""sundae""","""pizza""","""NA""","""NA""","""NA""","""chocolate""","""whipped cream""","""olives""","""NA""","""NA""","""NA""","""right""","""middle""","""left""","""NA""","""NA""","""NA""","""whipped cream""","""chocolate""","""mushrooms""","""NA""","""NA""","""NA""","""middle""","""right""","""right""","""NA""","""NA""","""NA""","""0w1w1b"""
"What is he talking about? (1-2 mins)","Short and fun! A 1-2 minute word game about what someone is talking about.","experiment, psychology, game","$0.25 ","Wed Jul 23 10:22:11 PDT 2014","200","0","0","200","Reviewable","NotReviewed","1 scales","600","60000","Wed Jul 30 10:22:11 PDT 2014","S31376","Approved","","""Christmas tree""","""lights""","0","""left""","""right""","-1","0","0","1","0","0","-1","-1","""TRUE""","""NA""","""NA""","-1","-1","-1","-1","-1","-1","""Trying to figure out which of a set of items someone was referring to.""","""""","0","""target""","""target""","""target""","""NA""","""NA""","""NA""","TRUE","TRUE","TRUE","""NA""","""NA""","""NA""","""Christmas tree""","""Christmas tree""","""friend""","""NA""","""NA""","""NA""","""lights""","""star""","""hat""","""NA""","""NA""","""NA""","""left""","""right""","""left""","""NA""","""NA""","""NA""","""star""","""lights""","""glasses""","""NA""","""NA""","""NA""","""right""","""left""","""right""","""NA""","""NA""","""NA""","""1w0w1b"""
"What is he talking about? (1-2 mins)","Short and fun! A 1-2 minute word game about what someone is talking about.","experiment, psychology, game","$0.25 ","Wed Jul 23 10:22:11 PDT 2014","200","0","0","200","Reviewable","NotReviewed","1 scales","600","60000","Wed Jul 30 10:22:11 PDT 2014","S00114","Approved","","""snowman""","""scarf""","0","""left""","""right""","-1","0","0","1","0","0","-1","-1","""TRUE""","""NA""","""NA""","-1","-1","-1","-1","-1","-1","""how people communicate""","""""","0","""target""","""target""","""target""","""NA""","""NA""","""NA""","TRUE","TRUE","TRUE","""NA""","""NA""","""NA""","""snowman""","""snowman""","""sundae""","""NA""","""NA""","""NA""","""scarf""","""mittens""","""chocolate""","""NA""","""NA""","""NA""","""left""","""right""","""middle""","""NA""","""NA""","""NA""","""mittens""","""scarf""","""whipped cream""","""NA""","""NA""","""NA""","""right""","""left""","""right""","""NA""","""NA""","""NA""","""1w0w1b"""
"What is he talking about? (1-2 mins)","Short and fun! A 1-2 minute word game about what someone is talking about.","experiment, psychology, game","$0.25 ","Wed Jul 23 10:22:11 PDT 2014","200","0","0","200","Reviewable","NotReviewed","1 scales","600","60000","Wed Jul 30 10:22:11 PDT 2014","S50559","Approved","","""Christmas tree""","""lights""","0","""middle""","""left""","-1","0","0","1","0","0","-1","-1","""TRUE""","""NA""","""NA""","-1","-1","-1","-1","-1","-1","""identifying what he was talking about with a scarf and lights""","""""","0","""target""","""target""","""target""","""NA""","""NA""","""NA""","TRUE","TRUE","TRUE","""NA""","""NA""","""NA""","""Christmas tree""","""Christmas tree""","""snowman""","""NA""","""NA""","""NA""","""lights""","""star""","""scarf""","""NA""","""NA""","""NA""","""middle""","""left""","""middle""","""NA""","""NA""","""NA""","""star""","""lights""","""hat""","""NA""","""NA""","""NA""","""left""","""middle""","""left""","""NA""","""NA""","""NA""","""0w1w1b"""
"What is he talking about? (1-2 mins)","Short and fun! A 1-2 minute word game about what someone is talking about.","experiment, psychology, game","$0.25 ","Wed Jul 23 10:22:11 PDT 2014","200","0","0","200","Reviewable","NotReviewed","1 scales","600","60000","Wed Jul 30 10:22:11 PDT 2014","S70244","Approved","","""snowman""","""scarf""","0","""right""","""middle""","-1","0","0","1","0","0","-1","-1","""TRUE""","""NA""","""NA""","-1","-1","-1","-1","-1","-1","""Not sure""","""None""","0","""target""","""target""","""target""","""NA""","""NA""","""NA""","TRUE","TRUE","TRUE","""NA""","""NA""","""NA""","""snowman""","""snowman""","""boat""","""NA""","""NA""","""NA""","""scarf""","""hat""","""cabin""","""NA""","""NA""","""NA""","""right""","""middle""","""right""","""NA""","""NA""","""NA""","""hat""","""scarf""","""motor""","""NA""","""NA""","""NA""","""middle""","""right""","""middle""","""NA""","""NA""","""NA""","""0w1w1b"""
"What is he talking about? (1-2 mins)","Short and fun! A 1-2 minute word game about what someone is talking about.","experiment, psychology, game","$0.25 ","Wed Jul 23 10:22:11 PDT 2014","200","0","0","200","Reviewable","NotReviewed","1 scales","600","60000","Wed Jul 30 10:22:11 PDT 2014","S23374","Approved","","""sundae""","""cherry""","0","""left""","""right""","-1","0","0","1","0","0","-1","-1","""TRUE""","""NA""","""NA""","-1","-1","-1","-1","-1","-1","""How people use language to communicate simple ideas.""","""None""","0","""target""","""target""","""target""","""NA""","""NA""","""NA""","TRUE","TRUE","TRUE","""NA""","""NA""","""NA""","""sundae""","""sundae""","""boat""","""NA""","""NA""","""NA""","""cherry""","""chocolate""","""cabin""","""NA""","""NA""","""NA""","""left""","""right""","""right""","""NA""","""NA""","""NA""","""chocolate""","""cherry""","""motor""","""NA""","""NA""","""NA""","""right""","""left""","""left""","""NA""","""NA""","""NA""","""1w0w1b"""
"What is he talking about? (1-2 mins)","Short and fun! A 1-2 minute word game about what someone is talking about.","experiment, psychology, game","$0.25 ","Wed Jul 23 10:22:11 PDT 2014","200","0","0","200","Reviewable","NotReviewed","1 scales","600","60000","Wed Jul 30 10:22:11 PDT 2014","S66548","Approved","","""boat""","""cabin""","0","""right""","""middle""","-1","0","0","1","0","0","-1","-1","""TRUE""","""NA""","""NA""","-1","-1","-1","-1","-1","-1","""How we get the meaning out of a word.""","""None.""","0","""logical""","""target""","""target""","""NA""","""NA""","""NA""","FALSE","TRUE","TRUE","""NA""","""NA""","""NA""","""boat""","""boat""","""pizza""","""NA""","""NA""","""NA""","""cabin""","""sail""","""mushrooms""","""NA""","""NA""","""NA""","""right""","""middle""","""middle""","""NA""","""NA""","""NA""","""sail""","""cabin""","""olives""","""NA""","""NA""","""NA""","""middle""","""right""","""left""","""NA""","""NA""","""NA""","""1w0w1b"""
"What is he talking about? (1-2 mins)","Short and fun! A 1-2 minute word game about what someone is talking about.","experiment, psychology, game","$0.25 ","Wed Jul 23 10:22:11 PDT 2014","200","0","0","200","Reviewable","NotReviewed","1 scales","600","60000","Wed Jul 30 10:22:11 PDT 2014","S74970","Approved","","""Christmas tree""","""star""","0","""right""","""middle""","-1","0","0","1","0","0","-1","-1","""TRUE""","""NA""","""NA""","-1","-1","-1","-1","-1","-1","""Basic item identification""","""NA""","0","""target""","""logical""","""logical""","""NA""","""NA""","""NA""","TRUE","FALSE","FALSE","""NA""","""NA""","""NA""","""Christmas tree""","""Christmas tree""","""friend""","""NA""","""NA""","""NA""","""star""","""ornaments""","""glasses""","""NA""","""NA""","""NA""","""right""","""middle""","""left""","""NA""","""NA""","""NA""","""ornaments""","""star""","""mustache""","""NA""","""NA""","""NA""","""middle""","""right""","""right""","""NA""","""NA""","""NA""","""0w1w1b"""
"What is he talking about? (1-2 mins)","Short and fun! A 1-2 minute word game about what someone is talking about.","experiment, psychology, game","$0.25 ","Wed Jul 23 10:22:11 PDT 2014","200","0","0","200","Reviewable","NotReviewed","1 scales","600","60000","Wed Jul 30 10:22:11 PDT 2014","S36787","Approved","","""pizza""","""mushrooms""","0","""left""","""middle""","-1","0","0","1","0","0","-1","-1","""TRUE""","""NA""","""NA""","-1","-1","-1","-1","-1","-1","""bob can only say one word""","""""","0","""target""","""target""","""target""","""NA""","""NA""","""NA""","TRUE","TRUE","TRUE","""NA""","""NA""","""NA""","""pizza""","""pizza""","""sundae""","""NA""","""NA""","""NA""","""mushrooms""","""peppers""","""chocolate""","""NA""","""NA""","""NA""","""left""","""middle""","""right""","""NA""","""NA""","""NA""","""peppers""","""mushrooms""","""whipped cream""","""NA""","""NA""","""NA""","""middle""","""left""","""left""","""NA""","""NA""","""NA""","""0w1w1b"""
"What is he talking about? (1-2 mins)","Short and fun! A 1-2 minute word game about what someone is talking about.","experiment, psychology, game","$0.25 ","Wed Jul 23 10:22:11 PDT 2014","200","0","0","200","Reviewable","NotReviewed","1 scales","600","60000","Wed Jul 30 10:22:11 PDT 2014","S61348","Approved","","""friend""","""hat""","0","""middle""","""left""","-1","0","0","1","0","0","-1","-1","""TRUE""","""NA""","""NA""","-1","-1","-1","-1","-1","-1","""About what bob says, ans what I think. ""","""None.""","0","""logical""","""target""","""logical""","""NA""","""NA""","""NA""","FALSE","TRUE","FALSE","""NA""","""NA""","""NA""","""friend""","""friend""","""boat""","""NA""","""NA""","""NA""","""hat""","""glasses""","""sail""","""NA""","""NA""","""NA""","""middle""","""left""","""left""","""NA""","""NA""","""NA""","""glasses""","""hat""","""motor""","""NA""","""NA""","""NA""","""left""","""middle""","""middle""","""NA""","""NA""","""NA""","""1w0w1b"""
"What is he talking about? (1-2 mins)","Short and fun! A 1-2 minute word game about what someone is talking about.","experiment, psychology, game","$0.25 ","Wed Jul 23 10:22:11 PDT 2014","200","0","0","200","Reviewable","NotReviewed","1 scales","600","60000","Wed Jul 30 10:22:11 PDT 2014","S58511","Approved","","""friend""","""hat""","0","""middle""","""right""","-1","0","0","1","0","0","-1","-1","""TRUE""","""NA""","""NA""","-1","-1","-1","-1","-1","-1","""Identifying people or objects with one word""","""""","0","""target""","""target""","""target""","""NA""","""NA""","""NA""","TRUE","TRUE","TRUE","""NA""","""NA""","""NA""","""friend""","""friend""","""boat""","""NA""","""NA""","""NA""","""hat""","""mustache""","""motor""","""NA""","""NA""","""NA""","""middle""","""right""","""right""","""NA""","""NA""","""NA""","""mustache""","""hat""","""sail""","""NA""","""NA""","""NA""","""right""","""middle""","""middle""","""NA""","""NA""","""NA""","""0w1w1b"""
"What is he talking about? (1-2 mins)","Short and fun! A 1-2 minute word game about what someone is talking about.","experiment, psychology, game","$0.25 ","Wed Jul 23 10:22:11 PDT 2014","200","0","0","200","Reviewable","NotReviewed","1 scales","600","60000","Wed Jul 30 10:22:11 PDT 2014","S62756","Approved","","""Christmas tree""","""ornaments""","0","""middle""","""left""","-1","0","0","1","0","0","-1","-1","""TRUE""","""NA""","""NA""","-1","-1","-1","-1","-1","-1","""What Bob was trying to say with his words""","""""","0","""target""","""logical""","""target""","""NA""","""NA""","""NA""","TRUE","FALSE","TRUE","""NA""","""NA""","""NA""","""Christmas tree""","""Christmas tree""","""friend""","""NA""","""NA""","""NA""","""ornaments""","""star""","""mustache""","""NA""","""NA""","""NA""","""middle""","""left""","""left""","""NA""","""NA""","""NA""","""star""","""ornaments""","""glasses""","""NA""","""NA""","""NA""","""left""","""middle""","""right""","""NA""","""NA""","""NA""","""0w1w1b"""
"What is he talking about? (1-2 mins)","Short and fun! A 1-2 minute word game about what someone is talking about.","experiment, psychology, game","$0.25 ","Wed Jul 23 10:22:11 PDT 2014","200","0","0","200","Reviewable","NotReviewed","1 scales","600","60000","Wed Jul 30 10:22:11 PDT 2014","S20241","Approved","","""pizza""","""mushrooms""","0","""left""","""middle""","-1","0","0","1","0","0","-1","-1","""TRUE""","""NA""","""NA""","-1","-1","-1","-1","-1","-1","""Pizza and ice cream choices. ""","""""","0","""target""","""target""","""target""","""NA""","""NA""","""NA""","TRUE","TRUE","TRUE","""NA""","""NA""","""NA""","""pizza""","""pizza""","""sundae""","""NA""","""NA""","""NA""","""mushrooms""","""olives""","""chocolate""","""NA""","""NA""","""NA""","""left""","""middle""","""right""","""NA""","""NA""","""NA""","""olives""","""mushrooms""","""whipped cream""","""NA""","""NA""","""NA""","""middle""","""left""","""left""","""NA""","""NA""","""NA""","""0w1w1b"""
"What is he talking about? (1-2 mins)","Short and fun! A 1-2 minute word game about what someone is talking about.","experiment, psychology, game","$0.25 ","Wed Jul 23 10:22:11 PDT 2014","200","0","0","200","Reviewable","NotReviewed","1 scales","600","60000","Wed Jul 30 10:22:11 PDT 2014","S07207","Approved","","""snowman""","""hat""","0","""left""","""middle""","-1","0","0","1","0","0","-1","-1","""TRUE""","""NA""","""NA""","-1","-1","-1","-1","-1","-1","""Bob decorating snowmen and visiting friends.""","""""","0","""target""","""target""","""target""","""NA""","""NA""","""NA""","TRUE","TRUE","TRUE","""NA""","""NA""","""NA""","""snowman""","""snowman""","""friend""","""NA""","""NA""","""NA""","""hat""","""mittens""","""glasses""","""NA""","""NA""","""NA""","""left""","""middle""","""middle""","""NA""","""NA""","""NA""","""mittens""","""hat""","""hat""","""NA""","""NA""","""NA""","""middle""","""left""","""right""","""NA""","""NA""","""NA""","""1w0w1b"""
"What is he talking about? (1-2 mins)","Short and fun! A 1-2 minute word game about what someone is talking about.","experiment, psychology, game","$0.25 ","Wed Jul 23 10:22:11 PDT 2014","200","0","0","200","Reviewable","NotReviewed","1 scales","600","60000","Wed Jul 30 10:22:11 PDT 2014","S64899","Approved","","""Christmas tree""","""star""","0","""left""","""middle""","-1","0","0","1","0","0","-1","-1","""TRUE""","""NA""","""NA""","-1","-1","-1","-1","-1","-1","""identifying ""","""no""","0","""target""","""target""","""target""","""NA""","""NA""","""NA""","TRUE","TRUE","TRUE","""NA""","""NA""","""NA""","""Christmas tree""","""Christmas tree""","""sundae""","""NA""","""NA""","""NA""","""star""","""lights""","""chocolate""","""NA""","""NA""","""NA""","""left""","""middle""","""middle""","""NA""","""NA""","""NA""","""lights""","""star""","""whipped cream""","""NA""","""NA""","""NA""","""middle""","""left""","""left""","""NA""","""NA""","""NA""","""1w0w1b"""
"What is he talking about? (1-2 mins)","Short and fun! A 1-2 minute word game about what someone is talking about.","experiment, psychology, game","$0.25 ","Wed Jul 23 10:22:11 PDT 2014","200","0","0","200","Reviewable","NotReviewed","1 scales","600","60000","Wed Jul 30 10:22:11 PDT 2014","S26799","Approved","","""sundae""","""chocolate""","0","""middle""","""left""","-1","0","0","1","0","0","-1","-1","""TRUE""","""NA""","""NA""","-1","-1","-1","-1","-1","-1","""bob and his inability to better convey his choices""","""goddamn it bob""","0","""target""","""target""","""target""","""NA""","""NA""","""NA""","TRUE","TRUE","TRUE","""NA""","""NA""","""NA""","""sundae""","""sundae""","""friend""","""NA""","""NA""","""NA""","""chocolate""","""whipped cream""","""glasses""","""NA""","""NA""","""NA""","""middle""","""left""","""middle""","""NA""","""NA""","""NA""","""whipped cream""","""chocolate""","""mustache""","""NA""","""NA""","""NA""","""left""","""middle""","""right""","""NA""","""NA""","""NA""","""1w0w1b"""
"What is he talking about? (1-2 mins)","Short and fun! A 1-2 minute word game about what someone is talking about.","experiment, psychology, game","$0.25 ","Wed Jul 23 10:22:11 PDT 2014","200","0","0","200","Reviewable","NotReviewed","1 scales","600","60000","Wed Jul 30 10:22:11 PDT 2014","S31046","Approved","","""pizza""","""olives""","0","""right""","""middle""","-1","0","0","1","0","0","-1","-1","""TRUE""","""NA""","""NA""","-1","-1","-1","-1","-1","-1","""communicating with 1 word""","""""","0","""target""","""target""","""target""","""NA""","""NA""","""NA""","TRUE","TRUE","TRUE","""NA""","""NA""","""NA""","""pizza""","""pizza""","""snowman""","""NA""","""NA""","""NA""","""olives""","""peppers""","""scarf""","""NA""","""NA""","""NA""","""right""","""middle""","""left""","""NA""","""NA""","""NA""","""peppers""","""olives""","""hat""","""NA""","""NA""","""NA""","""middle""","""right""","""middle""","""NA""","""NA""","""NA""","""1w0w1b"""
"What is he talking about? (1-2 mins)","Short and fun! A 1-2 minute word game about what someone is talking about.","experiment, psychology, game","$0.25 ","Wed Jul 23 10:22:11 PDT 2014","200","0","0","200","Reviewable","NotReviewed","1 scales","600","60000","Wed Jul 30 10:22:11 PDT 2014","S68687","Approved","","""snowman""","""mittens""","0","""right""","""middle""","-1","0","0","1","0","0","-1","-1","""TRUE""","""NA""","""NA""","-1","-1","-1","-1","-1","-1","""Interpreted meanings based on one word ""","""""","0","""target""","""logical""","""target""","""NA""","""NA""","""NA""","TRUE","FALSE","TRUE","""NA""","""NA""","""NA""","""snowman""","""snowman""","""friend""","""NA""","""NA""","""NA""","""mittens""","""scarf""","""hat""","""NA""","""NA""","""NA""","""right""","""middle""","""left""","""NA""","""NA""","""NA""","""scarf""","""mittens""","""glasses""","""NA""","""NA""","""NA""","""middle""","""right""","""middle""","""NA""","""NA""","""NA""","""0w1w1b"""
"What is he talking about? (1-2 mins)","Short and fun! A 1-2 minute word game about what someone is talking about.","experiment, psychology, game","$0.25 ","Wed Jul 23 10:22:11 PDT 2014","200","0","0","200","Reviewable","NotReviewed","1 scales","600","60000","Wed Jul 30 10:22:11 PDT 2014","S95340","Approved","","""boat""","""motor""","0","""left""","""middle""","-1","0","0","1","0","0","-1","-1","""TRUE""","""NA""","""NA""","-1","-1","-1","-1","-1","-1","""A guy named Bob who likes boats and rents one every week and visited a friend with glasses""","""""","0","""target""","""logical""","""target""","""NA""","""NA""","""NA""","TRUE","FALSE","TRUE","""NA""","""NA""","""NA""","""boat""","""boat""","""friend""","""NA""","""NA""","""NA""","""motor""","""cabin""","""glasses""","""NA""","""NA""","""NA""","""left""","""middle""","""middle""","""NA""","""NA""","""NA""","""cabin""","""motor""","""hat""","""NA""","""NA""","""NA""","""middle""","""left""","""left""","""NA""","""NA""","""NA""","""0w1w1b"""
"What is he talking about? (1-2 mins)","Short and fun! A 1-2 minute word game about what someone is talking about.","experiment, psychology, game","$0.25 ","Wed Jul 23 10:22:11 PDT 2014","200","0","0","200","Reviewable","NotReviewed","1 scales","600","60000","Wed Jul 30 10:22:11 PDT 2014","S17111","Approved","","""sundae""","""chocolate""","0","""middle""","""right""","-1","0","0","1","0","0","-1","-1","""TRUE""","""NA""","""NA""","-1","-1","-1","-1","-1","-1","""ice cream and sail boats""","""Quick survery""","0","""target""","""target""","""target""","""NA""","""NA""","""NA""","TRUE","TRUE","TRUE","""NA""","""NA""","""NA""","""sundae""","""sundae""","""boat""","""NA""","""NA""","""NA""","""chocolate""","""cherry""","""motor""","""NA""","""NA""","""NA""","""middle""","""right""","""middle""","""NA""","""NA""","""NA""","""cherry""","""chocolate""","""cabin""","""NA""","""NA""","""NA""","""right""","""middle""","""left""","""NA""","""NA""","""NA""","""1w0w1b"""
"What is he talking about? (1-2 mins)","Short and fun! A 1-2 minute word game about what someone is talking about.","experiment, psychology, game","$0.25 ","Wed Jul 23 10:22:11 PDT 2014","200","0","0","200","Reviewable","NotReviewed","1 scales","600","60000","Wed Jul 30 10:22:11 PDT 2014","S75651","Approved","","""snowman""","""hat""","0","""right""","""left""","-1","0","0","1","0","0","-1","-1","""FALSE""","""NA""","""NA""","-1","-1","-1","-1","-1","-1","""communication, figuring out what he wants in only one word""","""thank you so much for letting me be part of your research! ""","0","""target""","""target""","""target""","""NA""","""NA""","""NA""","TRUE","TRUE","TRUE","""NA""","""NA""","""NA""","""snowman""","""snowman""","""sundae""","""NA""","""NA""","""NA""","""hat""","""mittens""","""cherry""","""NA""","""NA""","""NA""","""right""","""left""","""left""","""NA""","""NA""","""NA""","""mittens""","""hat""","""chocolate""","""NA""","""NA""","""NA""","""left""","""right""","""right""","""NA""","""NA""","""NA""","""1w0w1b"""
"What is he talking about? (1-2 mins)","Short and fun! A 1-2 minute word game about what someone is talking about.","experiment, psychology, game","$0.25 ","Wed Jul 23 10:22:11 PDT 2014","200","0","0","200","Reviewable","NotReviewed","1 scales","600","60000","Wed Jul 30 10:22:11 PDT 2014","S79228","Approved","","""sundae""","""cherry""","0","""left""","""right""","-1","0","0","1","0","0","-1","-1","""TRUE""","""NA""","""NA""","-1","-1","-1","-1","-1","-1","""Unclear""","""No""","0","""logical""","""target""","""target""","""NA""","""NA""","""NA""","FALSE","TRUE","TRUE","""NA""","""NA""","""NA""","""sundae""","""sundae""","""Christmas tree""","""NA""","""NA""","""NA""","""cherry""","""chocolate""","""lights""","""NA""","""NA""","""NA""","""left""","""right""","""middle""","""NA""","""NA""","""NA""","""chocolate""","""cherry""","""star""","""NA""","""NA""","""NA""","""right""","""left""","""right""","""NA""","""NA""","""NA""","""1w0w1b"""
"What is he talking about? (1-2 mins)","Short and fun! A 1-2 minute word game about what someone is talking about.","experiment, psychology, game","$0.25 ","Wed Jul 23 10:22:11 PDT 2014","200","0","0","200","Reviewable","NotReviewed","1 scales","600","60000","Wed Jul 30 10:22:11 PDT 2014","S67395","Approved","","""Christmas tree""","""lights""","0","""middle""","""left""","-1","0","0","1","0","0","-1","-1","""TRUE""","""NA""","""NA""","-1","-1","-1","-1","-1","-1","""Seeing how adding more objects to something makes you associate a certain word with the simpler version even if both have the same item.""","""No""","0","""target""","""target""","""target""","""NA""","""NA""","""NA""","TRUE","TRUE","TRUE","""NA""","""NA""","""NA""","""Christmas tree""","""Christmas tree""","""boat""","""NA""","""NA""","""NA""","""lights""","""ornaments""","""motor""","""NA""","""NA""","""NA""","""middle""","""left""","""right""","""NA""","""NA""","""NA""","""ornaments""","""lights""","""cabin""","""NA""","""NA""","""NA""","""left""","""middle""","""left""","""NA""","""NA""","""NA""","""0w1w1b"""
"What is he talking about? (1-2 mins)","Short and fun! A 1-2 minute word game about what someone is talking about.","experiment, psychology, game","$0.25 ","Wed Jul 23 10:22:11 PDT 2014","200","0","0","200","Reviewable","NotReviewed","1 scales","600","60000","Wed Jul 30 10:22:11 PDT 2014","S70026","Approved","","""Christmas tree""","""ornaments""","0","""middle""","""left""","-1","0","0","1","0","0","-1","-1","""TRUE""","""NA""","""NA""","-1","-1","-1","-1","-1","-1","""How people describe things.""","""""","0","""target""","""target""","""target""","""NA""","""NA""","""NA""","TRUE","TRUE","TRUE","""NA""","""NA""","""NA""","""Christmas tree""","""Christmas tree""","""snowman""","""NA""","""NA""","""NA""","""ornaments""","""lights""","""hat""","""NA""","""NA""","""NA""","""middle""","""left""","""right""","""NA""","""NA""","""NA""","""lights""","""ornaments""","""mittens""","""NA""","""NA""","""NA""","""left""","""middle""","""left""","""NA""","""NA""","""NA""","""0w1w1b"""
"What is he talking about? (1-2 mins)","Short and fun! A 1-2 minute word game about what someone is talking about.","experiment, psychology, game","$0.25 ","Wed Jul 23 10:22:11 PDT 2014","200","0","0","200","Reviewable","NotReviewed","1 scales","600","60000","Wed Jul 30 10:22:11 PDT 2014","S95358","Approved","","""friend""","""hat""","0","""right""","""middle""","-1","0","0","1","0","0","-1","-1","""TRUE""","""NA""","""NA""","-1","-1","-1","-1","-1","-1","""Finding out about people and objects based on one word said by Bob. Also, trying to guess which person or thing he is talking about.""","""Thanks""","0","""target""","""target""","""target""","""NA""","""NA""","""NA""","TRUE","TRUE","TRUE","""NA""","""NA""","""NA""","""friend""","""friend""","""boat""","""NA""","""NA""","""NA""","""hat""","""mustache""","""sail""","""NA""","""NA""","""NA""","""right""","""middle""","""left""","""NA""","""NA""","""NA""","""mustache""","""hat""","""motor""","""NA""","""NA""","""NA""","""middle""","""right""","""right""","""NA""","""NA""","""NA""","""0w1w1b"""
"What is he talking about? (1-2 mins)","Short and fun! A 1-2 minute word game about what someone is talking about.","experiment, psychology, game","$0.25 ","Wed Jul 23 10:22:11 PDT 2014","200","0","0","200","Reviewable","NotReviewed","1 scales","600","60000","Wed Jul 30 10:22:11 PDT 2014","S56015","Approved","","""snowman""","""mittens""","0","""right""","""middle""","-1","0","0","1","0","0","-1","-1","""TRUE""","""NA""","""NA""","-1","-1","-1","-1","-1","-1","""This survey was about interpreting what bob is talking about.""","""""","0","""target""","""target""","""target""","""NA""","""NA""","""NA""","TRUE","TRUE","TRUE","""NA""","""NA""","""NA""","""snowman""","""snowman""","""friend""","""NA""","""NA""","""NA""","""mittens""","""scarf""","""glasses""","""NA""","""NA""","""NA""","""right""","""middle""","""middle""","""NA""","""NA""","""NA""","""scarf""","""mittens""","""mustache""","""NA""","""NA""","""NA""","""middle""","""right""","""left""","""NA""","""NA""","""NA""","""1w0w1b"""
"What is he talking about? (1-2 mins)","Short and fun! A 1-2 minute word game about what someone is talking about.","experiment, psychology, game","$0.25 ","Wed Jul 23 10:22:11 PDT 2014","200","0","0","200","Reviewable","NotReviewed","1 scales","600","60000","Wed Jul 30 10:22:11 PDT 2014","S62056","Approved","","""pizza""","""mushrooms""","0","""left""","""right""","-1","0","0","1","0","0","-1","-1","""TRUE""","""NA""","""NA""","-1","-1","-1","-1","-1","-1","""WHAT WORDS BOB COULD SAY""","""INTERESTING SURVEY. ENJOYED""","0","""target""","""target""","""target""","""NA""","""NA""","""NA""","TRUE","TRUE","TRUE","""NA""","""NA""","""NA""","""pizza""","""pizza""","""boat""","""NA""","""NA""","""NA""","""mushrooms""","""peppers""","""cabin""","""NA""","""NA""","""NA""","""left""","""right""","""middle""","""NA""","""NA""","""NA""","""peppers""","""mushrooms""","""sail""","""NA""","""NA""","""NA""","""right""","""left""","""left""","""NA""","""NA""","""NA""","""1w0w1b"""
"What is he talking about? (1-2 mins)","Short and fun! A 1-2 minute word game about what someone is talking about.","experiment, psychology, game","$0.25 ","Wed Jul 23 10:22:11 PDT 2014","200","0","0","200","Reviewable","NotReviewed","1 scales","600","60000","Wed Jul 30 10:22:11 PDT 2014","S06627","Approved","","""pizza""","""peppers""","0","""left""","""right""","-1","0","0","1","0","0","-1","-1","""TRUE""","""NA""","""NA""","-1","-1","-1","-1","-1","-1","""Trying to figure out what Bob means when he says a word.""","""No thanks.""","0","""logical""","""logical""","""target""","""NA""","""NA""","""NA""","FALSE","FALSE","TRUE","""NA""","""NA""","""NA""","""pizza""","""pizza""","""friend""","""NA""","""NA""","""NA""","""peppers""","""mushrooms""","""glasses""","""NA""","""NA""","""NA""","""left""","""right""","""left""","""NA""","""NA""","""NA""","""mushrooms""","""peppers""","""hat""","""NA""","""NA""","""NA""","""right""","""left""","""middle""","""NA""","""NA""","""NA""","""1w0w1b"""
"What is he talking about? (1-2 mins)","Short and fun! A 1-2 minute word game about what someone is talking about.","experiment, psychology, game","$0.25 ","Wed Jul 23 10:22:11 PDT 2014","200","0","0","200","Reviewable","NotReviewed","1 scales","600","60000","Wed Jul 30 10:22:11 PDT 2014","S03287","Approved","","""friend""","""glasses""","0","""left""","""middle""","-1","0","0","1","0","0","-1","-1","""TRUE""","""NA""","""NA""","-1","-1","-1","-1","-1","-1","""Identifying words and putting them to pictures""","""""","0","""target""","""target""","""target""","""NA""","""NA""","""NA""","TRUE","TRUE","TRUE","""NA""","""NA""","""NA""","""friend""","""friend""","""pizza""","""NA""","""NA""","""NA""","""glasses""","""hat""","""mushrooms""","""NA""","""NA""","""NA""","""left""","""middle""","""left""","""NA""","""NA""","""NA""","""hat""","""glasses""","""peppers""","""NA""","""NA""","""NA""","""middle""","""left""","""right""","""NA""","""NA""","""NA""","""0w1w1b"""
"What is he talking about? (1-2 mins)","Short and fun! A 1-2 minute word game about what someone is talking about.","experiment, psychology, game","$0.25 ","Wed Jul 23 10:22:11 PDT 2014","200","0","0","200","Reviewable","NotReviewed","1 scales","600","60000","Wed Jul 30 10:22:11 PDT 2014","S63785","Approved","","""snowman""","""mittens""","0","""middle""","""right""","-1","0","0","1","0","0","-1","-1","""TRUE""","""NA""","""NA""","-1","-1","-1","-1","-1","-1","""communication effectiveness, when given limited information""","""no - thanks!""","0","""target""","""target""","""target""","""NA""","""NA""","""NA""","TRUE","TRUE","TRUE","""NA""","""NA""","""NA""","""snowman""","""snowman""","""Christmas tree""","""NA""","""NA""","""NA""","""mittens""","""scarf""","""ornaments""","""NA""","""NA""","""NA""","""middle""","""right""","""left""","""NA""","""NA""","""NA""","""scarf""","""mittens""","""lights""","""NA""","""NA""","""NA""","""right""","""middle""","""right""","""NA""","""NA""","""NA""","""1w0w1b"""
"What is he talking about? (1-2 mins)","Short and fun! A 1-2 minute word game about what someone is talking about.","experiment, psychology, game","$0.25 ","Wed Jul 23 10:22:11 PDT 2014","200","0","0","200","Reviewable","NotReviewed","1 scales","600","60000","Wed Jul 30 10:22:11 PDT 2014","S65871","Approved","","""boat""","""cabin""","0","""left""","""middle""","-1","0","0","1","0","0","-1","-1","""TRUE""","""NA""","""NA""","-1","-1","-1","-1","-1","-1","""Trying to guess what Bob was saying""","""This was fun but also a bit bizarre.""","0","""logical""","""target""","""logical""","""NA""","""NA""","""NA""","FALSE","TRUE","FALSE","""NA""","""NA""","""NA""","""boat""","""boat""","""snowman""","""NA""","""NA""","""NA""","""cabin""","""sail""","""mittens""","""NA""","""NA""","""NA""","""left""","""middle""","""left""","""NA""","""NA""","""NA""","""sail""","""cabin""","""scarf""","""NA""","""NA""","""NA""","""middle""","""left""","""middle""","""NA""","""NA""","""NA""","""1w0w1b"""
"What is he talking about? (1-2 mins)","Short and fun! A 1-2 minute word game about what someone is talking about.","experiment, psychology, game","$0.25 ","Wed Jul 23 10:22:11 PDT 2014","200","0","0","200","Reviewable","NotReviewed","1 scales","600","60000","Wed Jul 30 10:22:11 PDT 2014","S61789","Approved","","""boat""","""sail""","0","""middle""","""right""","-1","0","0","1","0","0","-1","-1","""TRUE""","""NA""","""NA""","-1","-1","-1","-1","-1","-1","""Understanding minimum conversation responses""","""""","0","""target""","""target""","""target""","""NA""","""NA""","""NA""","TRUE","TRUE","TRUE","""NA""","""NA""","""NA""","""boat""","""boat""","""Christmas tree""","""NA""","""NA""","""NA""","""sail""","""cabin""","""lights""","""NA""","""NA""","""NA""","""middle""","""right""","""middle""","""NA""","""NA""","""NA""","""cabin""","""sail""","""star""","""NA""","""NA""","""NA""","""right""","""middle""","""left""","""NA""","""NA""","""NA""","""0w1w1b"""
"What is he talking about? (1-2 mins)","Short and fun! A 1-2 minute word game about what someone is talking about.","experiment, psychology, game","$0.25 ","Wed Jul 23 10:22:11 PDT 2014","200","0","0","200","Reviewable","NotReviewed","1 scales","600","60000","Wed Jul 30 10:22:11 PDT 2014","S62566","Approved","","""snowman""","""hat""","0","""right""","""left""","-1","0","0","1","0","0","-1","-1","""TRUE""","""NA""","""NA""","-1","-1","-1","-1","-1","-1","""i have no clue""","""""","0","""target""","""target""","""target""","""NA""","""NA""","""NA""","TRUE","TRUE","TRUE","""NA""","""NA""","""NA""","""snowman""","""snowman""","""friend""","""NA""","""NA""","""NA""","""hat""","""scarf""","""glasses""","""NA""","""NA""","""NA""","""right""","""left""","""middle""","""NA""","""NA""","""NA""","""scarf""","""hat""","""hat""","""NA""","""NA""","""NA""","""left""","""right""","""right""","""NA""","""NA""","""NA""","""1w0w1b"""
"What is he talking about? (1-2 mins)","Short and fun! A 1-2 minute word game about what someone is talking about.","experiment, psychology, game","$0.25 ","Wed Jul 23 10:22:11 PDT 2014","200","0","0","200","Reviewable","NotReviewed","1 scales","600","60000","Wed Jul 30 10:22:11 PDT 2014","S50046","Approved","","""sundae""","""chocolate""","0","""left""","""middle""","-1","0","0","1","0","0","-1","-1","""TRUE""","""NA""","""NA""","-1","-1","-1","-1","-1","-1","""decision making based on small amounts of evidence""","""Good job!""","0","""target""","""target""","""target""","""NA""","""NA""","""NA""","TRUE","TRUE","TRUE","""NA""","""NA""","""NA""","""sundae""","""sundae""","""Christmas tree""","""NA""","""NA""","""NA""","""chocolate""","""whipped cream""","""lights""","""NA""","""NA""","""NA""","""left""","""middle""","""middle""","""NA""","""NA""","""NA""","""whipped cream""","""chocolate""","""ornaments""","""NA""","""NA""","""NA""","""middle""","""left""","""left""","""NA""","""NA""","""NA""","""0w1w1b"""
"What is he talking about? (1-2 mins)","Short and fun! A 1-2 minute word game about what someone is talking about.","experiment, psychology, game","$0.25 ","Wed Jul 23 10:22:11 PDT 2014","200","0","0","200","Reviewable","NotReviewed","1 scales","600","60000","Wed Jul 30 10:22:11 PDT 2014","S51258","Approved","","""boat""","""sail""","0","""right""","""left""","-1","0","0","1","0","0","-1","-1","""TRUE""","""NA""","""NA""","-1","-1","-1","-1","-1","-1","""Word communication""","""no""","0","""target""","""target""","""logical""","""NA""","""NA""","""NA""","TRUE","TRUE","FALSE","""NA""","""NA""","""NA""","""boat""","""boat""","""sundae""","""NA""","""NA""","""NA""","""sail""","""cabin""","""chocolate""","""NA""","""NA""","""NA""","""right""","""left""","""left""","""NA""","""NA""","""NA""","""cabin""","""sail""","""cherry""","""NA""","""NA""","""NA""","""left""","""right""","""right""","""NA""","""NA""","""NA""","""1w0w1b"""
"What is he talking about? (1-2 mins)","Short and fun! A 1-2 minute word game about what someone is talking about.","experiment, psychology, game","$0.25 ","Wed Jul 23 10:22:11 PDT 2014","200","0","0","200","Reviewable","NotReviewed","1 scales","600","60000","Wed Jul 30 10:22:11 PDT 2014","S52538","Approved","","""snowman""","""hat""","0","""left""","""right""","-1","0","0","1","0","0","-1","-1","""TRUE""","""NA""","""NA""","-1","-1","-1","-1","-1","-1","""Decison  Making""","""Not at this time.""","0","""target""","""target""","""logical""","""NA""","""NA""","""NA""","TRUE","TRUE","FALSE","""NA""","""NA""","""NA""","""snowman""","""snowman""","""sundae""","""NA""","""NA""","""NA""","""hat""","""scarf""","""cherry""","""NA""","""NA""","""NA""","""left""","""right""","""middle""","""NA""","""NA""","""NA""","""scarf""","""hat""","""whipped cream""","""NA""","""NA""","""NA""","""right""","""left""","""left""","""NA""","""NA""","""NA""","""0w1w1b"""
"What is he talking about? (1-2 mins)","Short and fun! A 1-2 minute word game about what someone is talking about.","experiment, psychology, game","$0.25 ","Wed Jul 23 10:22:11 PDT 2014","200","0","0","200","Reviewable","NotReviewed","1 scales","600","60000","Wed Jul 30 10:22:11 PDT 2014","S89222","Approved","","""snowman""","""scarf""","0","""middle""","""left""","-1","0","0","1","0","0","-1","-1","""TRUE""","""NA""","""NA""","-1","-1","-1","-1","-1","-1","""Communication""","""No""","0","""target""","""target""","""target""","""NA""","""NA""","""NA""","TRUE","TRUE","TRUE","""NA""","""NA""","""NA""","""snowman""","""snowman""","""Christmas tree""","""NA""","""NA""","""NA""","""scarf""","""hat""","""lights""","""NA""","""NA""","""NA""","""middle""","""left""","""left""","""NA""","""NA""","""NA""","""hat""","""scarf""","""star""","""NA""","""NA""","""NA""","""left""","""middle""","""middle""","""NA""","""NA""","""NA""","""1w0w1b"""
"What is he talking about? (1-2 mins)","Short and fun! A 1-2 minute word game about what someone is talking about.","experiment, psychology, game","$0.25 ","Wed Jul 23 10:22:11 PDT 2014","200","0","0","200","Reviewable","NotReviewed","1 scales","600","60000","Wed Jul 30 10:22:11 PDT 2014","S90125","Approved","","""sundae""","""whipped cream""","0","""right""","""left""","-1","0","0","1","0","0","-1","-1","""TRUE""","""NA""","""NA""","-1","-1","-1","-1","-1","-1","""Bob and one word""","""nope""","0","""target""","""target""","""target""","""NA""","""NA""","""NA""","TRUE","TRUE","TRUE","""NA""","""NA""","""NA""","""sundae""","""sundae""","""Christmas tree""","""NA""","""NA""","""NA""","""whipped cream""","""chocolate""","""lights""","""NA""","""NA""","""NA""","""right""","""left""","""left""","""NA""","""NA""","""NA""","""chocolate""","""whipped cream""","""ornaments""","""NA""","""NA""","""NA""","""left""","""right""","""middle""","""NA""","""NA""","""NA""","""1w0w1b"""
"What is he talking about? (1-2 mins)","Short and fun! A 1-2 minute word game about what someone is talking about.","experiment, psychology, game","$0.25 ","Wed Jul 23 10:22:11 PDT 2014","200","0","0","200","Reviewable","NotReviewed","1 scales","600","60000","Wed Jul 30 10:22:11 PDT 2014","S35824","Approved","","""sundae""","""cherry""","0","""left""","""right""","-1","0","0","1","0","0","-1","-1","""TRUE""","""NA""","""NA""","-1","-1","-1","-1","-1","-1","""Determining what Bob was talking about by saying 1 word.""","""""","0","""foil""","""target""","""foil""","""NA""","""NA""","""NA""","FALSE","TRUE","FALSE","""NA""","""NA""","""NA""","""sundae""","""sundae""","""friend""","""NA""","""NA""","""NA""","""cherry""","""whipped cream""","""hat""","""NA""","""NA""","""NA""","""left""","""right""","""middle""","""NA""","""NA""","""NA""","""whipped cream""","""cherry""","""glasses""","""NA""","""NA""","""NA""","""right""","""left""","""left""","""NA""","""NA""","""NA""","""1w0w1b"""
"What is he talking about? (1-2 mins)","Short and fun! A 1-2 minute word game about what someone is talking about.","experiment, psychology, game","$0.25 ","Wed Jul 23 10:22:11 PDT 2014","200","0","0","200","Reviewable","NotReviewed","1 scales","600","60000","Wed Jul 30 10:22:11 PDT 2014","S00529","Approved","","""friend""","""glasses""","0","""middle""","""right""","-1","0","0","1","0","0","-1","-1","""TRUE""","""NA""","""NA""","-1","-1","-1","-1","-1","-1","""Communication""","""""","0","""target""","""target""","""target""","""NA""","""NA""","""NA""","TRUE","TRUE","TRUE","""NA""","""NA""","""NA""","""friend""","""friend""","""boat""","""NA""","""NA""","""NA""","""glasses""","""hat""","""cabin""","""NA""","""NA""","""NA""","""middle""","""right""","""right""","""NA""","""NA""","""NA""","""hat""","""glasses""","""sail""","""NA""","""NA""","""NA""","""right""","""middle""","""left""","""NA""","""NA""","""NA""","""0w1w1b"""
"What is he talking about? (1-2 mins)","Short and fun! A 1-2 minute word game about what someone is talking about.","experiment, psychology, game","$0.25 ","Wed Jul 23 10:22:11 PDT 2014","200","0","0","200","Reviewable","NotReviewed","1 scales","600","60000","Wed Jul 30 10:22:11 PDT 2014","S55492","Approved","","""snowman""","""hat""","0","""middle""","""right""","-1","0","0","1","0","0","-1","-1","""TRUE""","""NA""","""NA""","-1","-1","-1","-1","-1","-1","""Bob and his like for snowmen and the fact that he makes a sundae every friday.""","""None""","0","""target""","""target""","""target""","""NA""","""NA""","""NA""","TRUE","TRUE","TRUE","""NA""","""NA""","""NA""","""snowman""","""snowman""","""sundae""","""NA""","""NA""","""NA""","""hat""","""scarf""","""chocolate""","""NA""","""NA""","""NA""","""middle""","""right""","""left""","""NA""","""NA""","""NA""","""scarf""","""hat""","""cherry""","""NA""","""NA""","""NA""","""right""","""middle""","""right""","""NA""","""NA""","""NA""","""1w0w1b"""
"What is he talking about? (1-2 mins)","Short and fun! A 1-2 minute word game about what someone is talking about.","experiment, psychology, game","$0.25 ","Wed Jul 23 10:22:11 PDT 2014","200","0","0","200","Reviewable","NotReviewed","1 scales","600","60000","Wed Jul 30 10:22:11 PDT 2014","S18416","Approved","","""Christmas tree""","""star""","0","""left""","""middle""","-1","0","0","1","0","0","-1","-1","""TRUE""","""NA""","""NA""","-1","-1","-1","-1","-1","-1","""It was about Bob and how he can only describe in one word what he likes such as trimming christmas trees.""","""I really hope it was Bob and not Tim""","0","""foil""","""target""","""logical""","""NA""","""NA""","""NA""","FALSE","TRUE","FALSE","""NA""","""NA""","""NA""","""Christmas tree""","""Christmas tree""","""snowman""","""NA""","""NA""","""NA""","""star""","""ornaments""","""scarf""","""NA""","""NA""","""NA""","""left""","""middle""","""middle""","""NA""","""NA""","""NA""","""ornaments""","""star""","""hat""","""NA""","""NA""","""NA""","""middle""","""left""","""left""","""NA""","""NA""","""NA""","""1w0w1b"""
"What is he talking about? (1-2 mins)","Short and fun! A 1-2 minute word game about what someone is talking about.","experiment, psychology, game","$0.25 ","Wed Jul 23 10:22:11 PDT 2014","200","0","0","200","Reviewable","NotReviewed","1 scales","600","60000","Wed Jul 30 10:22:11 PDT 2014","S51912","Approved","","""pizza""","""olives""","0","""middle""","""right""","-1","0","0","1","0","0","-1","-1","""TRUE""","""NA""","""NA""","-1","-1","-1","-1","-1","-1","""Word association with context followed by 1 word clues.""","""That was pretty fun!""","0","""target""","""target""","""target""","""NA""","""NA""","""NA""","TRUE","TRUE","TRUE","""NA""","""NA""","""NA""","""pizza""","""pizza""","""sundae""","""NA""","""NA""","""NA""","""olives""","""peppers""","""chocolate""","""NA""","""NA""","""NA""","""middle""","""right""","""middle""","""NA""","""NA""","""NA""","""peppers""","""olives""","""cherry""","""NA""","""NA""","""NA""","""right""","""middle""","""right""","""NA""","""NA""","""NA""","""0w1w1b"""
"What is he talking about? (1-2 mins)","Short and fun! A 1-2 minute word game about what someone is talking about.","experiment, psychology, game","$0.25 ","Wed Jul 23 10:22:11 PDT 2014","200","0","0","200","Reviewable","NotReviewed","1 scales","600","60000","Wed Jul 30 10:22:11 PDT 2014","S29439","Approved","","""Christmas tree""","""ornaments""","0","""middle""","""right""","-1","0","0","1","0","0","-1","-1","""TRUE""","""NA""","""NA""","-1","-1","-1","-1","-1","-1","""Bob likes to trim trees and make snowmen.""","""""","0","""target""","""target""","""target""","""NA""","""NA""","""NA""","TRUE","TRUE","TRUE","""NA""","""NA""","""NA""","""Christmas tree""","""Christmas tree""","""snowman""","""NA""","""NA""","""NA""","""ornaments""","""lights""","""scarf""","""NA""","""NA""","""NA""","""middle""","""right""","""middle""","""NA""","""NA""","""NA""","""lights""","""ornaments""","""hat""","""NA""","""NA""","""NA""","""right""","""middle""","""right""","""NA""","""NA""","""NA""","""1w0w1b"""
"What is he talking about? (1-2 mins)","Short and fun! A 1-2 minute word game about what someone is talking about.","experiment, psychology, game","$0.25 ","Wed Jul 23 10:22:11 PDT 2014","200","0","0","200","Reviewable","NotReviewed","1 scales","600","60000","Wed Jul 30 10:22:11 PDT 2014","S44715","Approved","","""pizza""","""peppers""","0","""right""","""middle""","-1","0","0","1","0","0","-1","-1","""TRUE""","""NA""","""NA""","-1","-1","-1","-1","-1","-1","""how little you need to say in order to get your point across""","""no""","0","""target""","""target""","""target""","""NA""","""NA""","""NA""","TRUE","TRUE","TRUE","""NA""","""NA""","""NA""","""pizza""","""pizza""","""boat""","""NA""","""NA""","""NA""","""peppers""","""olives""","""sail""","""NA""","""NA""","""NA""","""right""","""middle""","""left""","""NA""","""NA""","""NA""","""olives""","""peppers""","""motor""","""NA""","""NA""","""NA""","""middle""","""right""","""middle""","""NA""","""NA""","""NA""","""1w0w1b"""
"What is he talking about? (1-2 mins)","Short and fun! A 1-2 minute word game about what someone is talking about.","experiment, psychology, game","$0.25 ","Wed Jul 23 10:22:11 PDT 2014","200","0","0","200","Reviewable","NotReviewed","1 scales","600","60000","Wed Jul 30 10:22:11 PDT 2014","S91111","Approved","","""Christmas tree""","""ornaments""","0","""right""","""middle""","-1","0","0","1","0","0","-1","-1","""TRUE""","""NA""","""NA""","-1","-1","-1","-1","-1","-1","""Communication""","""""","0","""target""","""target""","""target""","""NA""","""NA""","""NA""","TRUE","TRUE","TRUE","""NA""","""NA""","""NA""","""Christmas tree""","""Christmas tree""","""snowman""","""NA""","""NA""","""NA""","""ornaments""","""star""","""hat""","""NA""","""NA""","""NA""","""right""","""middle""","""right""","""NA""","""NA""","""NA""","""star""","""ornaments""","""scarf""","""NA""","""NA""","""NA""","""middle""","""right""","""middle""","""NA""","""NA""","""NA""","""1w0w1b"""
"What is he talking about? (1-2 mins)","Short and fun! A 1-2 minute word game about what someone is talking about.","experiment, psychology, game","$0.25 ","Wed Jul 23 10:22:11 PDT 2014","200","0","0","200","Reviewable","NotReviewed","1 scales","600","60000","Wed Jul 30 10:22:11 PDT 2014","S83377","Approved","","""friend""","""mustache""","0","""middle""","""left""","-1","0","0","1","0","0","-1","-1","""TRUE""","""NA""","""NA""","-1","-1","-1","-1","-1","-1","""Perception of word use""","""I picked items where no other words could be used to describe that item""","0","""target""","""target""","""target""","""NA""","""NA""","""NA""","TRUE","TRUE","TRUE","""NA""","""NA""","""NA""","""friend""","""friend""","""boat""","""NA""","""NA""","""NA""","""mustache""","""hat""","""sail""","""NA""","""NA""","""NA""","""middle""","""left""","""middle""","""NA""","""NA""","""NA""","""hat""","""mustache""","""motor""","""NA""","""NA""","""NA""","""left""","""middle""","""left""","""NA""","""NA""","""NA""","""0w1w1b"""
"What is he talking about? (1-2 mins)","Short and fun! A 1-2 minute word game about what someone is talking about.","experiment, psychology, game","$0.25 ","Wed Jul 23 10:22:11 PDT 2014","200","0","0","200","Reviewable","NotReviewed","1 scales","600","60000","Wed Jul 30 10:22:11 PDT 2014","S70915","Approved","","""boat""","""sail""","0","""left""","""right""","-1","0","0","1","0","0","-1","-1","""TRUE""","""NA""","""NA""","-1","-1","-1","-1","-1","-1","""Determining what somebody was referring to based on their past experiences.""","""""","0","""target""","""target""","""target""","""NA""","""NA""","""NA""","TRUE","TRUE","TRUE","""NA""","""NA""","""NA""","""boat""","""boat""","""sundae""","""NA""","""NA""","""NA""","""sail""","""motor""","""cherry""","""NA""","""NA""","""NA""","""left""","""right""","""middle""","""NA""","""NA""","""NA""","""motor""","""sail""","""whipped cream""","""NA""","""NA""","""NA""","""right""","""left""","""right""","""NA""","""NA""","""NA""","""1w0w1b"""
"What is he talking about? (1-2 mins)","Short and fun! A 1-2 minute word game about what someone is talking about.","experiment, psychology, game","$0.25 ","Wed Jul 23 10:22:11 PDT 2014","200","0","0","200","Reviewable","NotReviewed","1 scales","600","60000","Wed Jul 30 10:22:11 PDT 2014","S14781","Approved","","""pizza""","""mushrooms""","0","""right""","""middle""","-1","0","0","1","0","0","-1","-1","""TRUE""","""NA""","""NA""","-1","-1","-1","-1","-1","-1","""What object Bob is referencing when he says a single word.""","""""","0","""target""","""target""","""target""","""NA""","""NA""","""NA""","TRUE","TRUE","TRUE","""NA""","""NA""","""NA""","""pizza""","""pizza""","""snowman""","""NA""","""NA""","""NA""","""mushrooms""","""olives""","""hat""","""NA""","""NA""","""NA""","""right""","""middle""","""right""","""NA""","""NA""","""NA""","""olives""","""mushrooms""","""scarf""","""NA""","""NA""","""NA""","""middle""","""right""","""left""","""NA""","""NA""","""NA""","""0w1w1b"""
"What is he talking about? (1-2 mins)","Short and fun! A 1-2 minute word game about what someone is talking about.","experiment, psychology, game","$0.25 ","Wed Jul 23 10:22:11 PDT 2014","200","0","0","200","Reviewable","NotReviewed","1 scales","600","60000","Wed Jul 30 10:22:11 PDT 2014","S42841","Approved","","""boat""","""sail""","0","""middle""","""right""","-1","0","0","1","0","0","-1","-1","""TRUE""","""NA""","""NA""","-1","-1","-1","-1","-1","-1","""identifying which picture goes with a word""","""""","0","""target""","""target""","""logical""","""NA""","""NA""","""NA""","TRUE","TRUE","FALSE","""NA""","""NA""","""NA""","""boat""","""boat""","""Christmas tree""","""NA""","""NA""","""NA""","""sail""","""motor""","""ornaments""","""NA""","""NA""","""NA""","""middle""","""right""","""middle""","""NA""","""NA""","""NA""","""motor""","""sail""","""lights""","""NA""","""NA""","""NA""","""right""","""middle""","""right""","""NA""","""NA""","""NA""","""0w1w1b"""
"What is he talking about? (1-2 mins)","Short and fun! A 1-2 minute word game about what someone is talking about.","experiment, psychology, game","$0.25 ","Wed Jul 23 10:22:11 PDT 2014","200","0","0","200","Reviewable","NotReviewed","1 scales","600","60000","Wed Jul 30 10:22:11 PDT 2014","S07430","Approved","","""Christmas tree""","""star""","0","""right""","""middle""","-1","0","0","1","0","0","-1","-1","""TRUE""","""NA""","""NA""","-1","-1","-1","-1","-1","-1","""Bob saying only one word""","""Interesting""","0","""foil""","""target""","""foil""","""NA""","""NA""","""NA""","FALSE","TRUE","FALSE","""NA""","""NA""","""NA""","""Christmas tree""","""Christmas tree""","""sundae""","""NA""","""NA""","""NA""","""star""","""ornaments""","""chocolate""","""NA""","""NA""","""NA""","""right""","""middle""","""right""","""NA""","""NA""","""NA""","""ornaments""","""star""","""cherry""","""NA""","""NA""","""NA""","""middle""","""right""","""middle""","""NA""","""NA""","""NA""","""1w0w1b"""
"What is he talking about? (1-2 mins)","Short and fun! A 1-2 minute word game about what someone is talking about.","experiment, psychology, game","$0.25 ","Wed Jul 23 10:22:11 PDT 2014","200","0","0","200","Reviewable","NotReviewed","1 scales","600","60000","Wed Jul 30 10:22:11 PDT 2014","S69318","Approved","","""friend""","""mustache""","0","""right""","""middle""","-1","0","0","1","0","0","-1","-1","""TRUE""","""NA""","""NA""","-1","-1","-1","-1","-1","-1","""Communication perception""","""""","0","""target""","""target""","""target""","""NA""","""NA""","""NA""","TRUE","TRUE","TRUE","""NA""","""NA""","""NA""","""friend""","""friend""","""boat""","""NA""","""NA""","""NA""","""mustache""","""hat""","""motor""","""NA""","""NA""","""NA""","""right""","""middle""","""middle""","""NA""","""NA""","""NA""","""hat""","""mustache""","""sail""","""NA""","""NA""","""NA""","""middle""","""right""","""right""","""NA""","""NA""","""NA""","""1w0w1b"""
"What is he talking about? (1-2 mins)","Short and fun! A 1-2 minute word game about what someone is talking about.","experiment, psychology, game","$0.25 ","Wed Jul 23 10:22:11 PDT 2014","200","0","0","200","Reviewable","NotReviewed","1 scales","600","60000","Wed Jul 30 10:22:11 PDT 2014","S70700","Approved","","""sundae""","""cherry""","0","""middle""","""left""","-1","0","0","1","0","0","-1","-1","""TRUE""","""NA""","""NA""","-1","-1","-1","-1","-1","-1","""Word Perception""","""nope""","0","""target""","""logical""","""logical""","""NA""","""NA""","""NA""","TRUE","FALSE","FALSE","""NA""","""NA""","""NA""","""sundae""","""sundae""","""boat""","""NA""","""NA""","""NA""","""cherry""","""whipped cream""","""sail""","""NA""","""NA""","""NA""","""middle""","""left""","""right""","""NA""","""NA""","""NA""","""whipped cream""","""cherry""","""cabin""","""NA""","""NA""","""NA""","""left""","""middle""","""left""","""NA""","""NA""","""NA""","""0w1w1b"""
"What is he talking about? (1-2 mins)","Short and fun! A 1-2 minute word game about what someone is talking about.","experiment, psychology, game","$0.25 ","Wed Jul 23 10:22:11 PDT 2014","200","0","0","200","Reviewable","NotReviewed","1 scales","600","60000","Wed Jul 30 10:22:11 PDT 2014","S68155","Approved","","""sundae""","""chocolate""","0","""left""","""right""","-1","0","0","1","0","0","-1","-1","""TRUE""","""NA""","""NA""","-1","-1","-1","-1","-1","-1","""what Bob likes""","""liked it""","0","""logical""","""target""","""logical""","""NA""","""NA""","""NA""","FALSE","TRUE","FALSE","""NA""","""NA""","""NA""","""sundae""","""sundae""","""boat""","""NA""","""NA""","""NA""","""chocolate""","""cherry""","""motor""","""NA""","""NA""","""NA""","""left""","""right""","""middle""","""NA""","""NA""","""NA""","""cherry""","""chocolate""","""sail""","""NA""","""NA""","""NA""","""right""","""left""","""right""","""NA""","""NA""","""NA""","""1w0w1b"""
"What is he talking about? (1-2 mins)","Short and fun! A 1-2 minute word game about what someone is talking about.","experiment, psychology, game","$0.25 ","Wed Jul 23 10:22:11 PDT 2014","200","0","0","200","Reviewable","NotReviewed","1 scales","600","60000","Wed Jul 30 10:22:11 PDT 2014","S57919","Approved","","""snowman""","""hat""","0","""left""","""middle""","-1","0","0","1","0","0","-1","-1","""TRUE""","""NA""","""NA""","-1","-1","-1","-1","-1","-1","""Bob making snowmen and liking sundaes""","""""","0","""target""","""logical""","""target""","""NA""","""NA""","""NA""","TRUE","FALSE","TRUE","""NA""","""NA""","""NA""","""snowman""","""snowman""","""sundae""","""NA""","""NA""","""NA""","""hat""","""scarf""","""chocolate""","""NA""","""NA""","""NA""","""left""","""middle""","""left""","""NA""","""NA""","""NA""","""scarf""","""hat""","""whipped cream""","""NA""","""NA""","""NA""","""middle""","""left""","""right""","""NA""","""NA""","""NA""","""0w1w1b"""
"What is he talking about? (1-2 mins)","Short and fun! A 1-2 minute word game about what someone is talking about.","experiment, psychology, game","$0.25 ","Wed Jul 23 10:22:11 PDT 2014","200","0","0","200","Reviewable","NotReviewed","1 scales","600","60000","Wed Jul 30 10:22:11 PDT 2014","S62448","Approved","","""snowman""","""mittens""","0","""middle""","""right""","-1","0","0","1","0","0","-1","-1","""TRUE""","""NA""","""NA""","-1","-1","-1","-1","-1","-1","""Whether a word meant it was present or absent in the illustration.""","""Fun - Thank You!""","0","""target""","""target""","""target""","""NA""","""NA""","""NA""","TRUE","TRUE","TRUE","""NA""","""NA""","""NA""","""snowman""","""snowman""","""boat""","""NA""","""NA""","""NA""","""mittens""","""scarf""","""sail""","""NA""","""NA""","""NA""","""middle""","""right""","""left""","""NA""","""NA""","""NA""","""scarf""","""mittens""","""motor""","""NA""","""NA""","""NA""","""right""","""middle""","""right""","""NA""","""NA""","""NA""","""1w0w1b"""
"What is he talking about? (1-2 mins)","Short and fun! A 1-2 minute word game about what someone is talking about.","experiment, psychology, game","$0.25 ","Wed Jul 23 10:22:11 PDT 2014","200","0","0","200","Reviewable","NotReviewed","1 scales","600","60000","Wed Jul 30 10:22:11 PDT 2014","S62116","Approved","","""Christmas tree""","""ornaments""","0","""right""","""left""","-1","0","0","1","0","0","-1","-1","""TRUE""","""NA""","""NA""","-1","-1","-1","-1","-1","-1","""how inclusive or how much people assume given a particular word""","""""","0","""logical""","""target""","""target""","""NA""","""NA""","""NA""","FALSE","TRUE","TRUE","""NA""","""NA""","""NA""","""Christmas tree""","""Christmas tree""","""pizza""","""NA""","""NA""","""NA""","""ornaments""","""star""","""mushrooms""","""NA""","""NA""","""NA""","""right""","""left""","""middle""","""NA""","""NA""","""NA""","""star""","""ornaments""","""peppers""","""NA""","""NA""","""NA""","""left""","""right""","""left""","""NA""","""NA""","""NA""","""1w0w1b"""
"What is he talking about? (1-2 mins)","Short and fun! A 1-2 minute word game about what someone is talking about.","experiment, psychology, game","$0.25 ","Wed Jul 23 10:22:11 PDT 2014","200","0","0","200","Reviewable","NotReviewed","1 scales","600","60000","Wed Jul 30 10:22:11 PDT 2014","S58510","Approved","","""sundae""","""cherry""","0","""left""","""middle""","-1","0","0","1","0","0","-1","-1","""TRUE""","""NA""","""NA""","-1","-1","-1","-1","-1","-1","""Seeing and comprehending a short sentence.""","""""","0","""target""","""target""","""target""","""NA""","""NA""","""NA""","TRUE","TRUE","TRUE","""NA""","""NA""","""NA""","""sundae""","""sundae""","""boat""","""NA""","""NA""","""NA""","""cherry""","""chocolate""","""cabin""","""NA""","""NA""","""NA""","""left""","""middle""","""right""","""NA""","""NA""","""NA""","""chocolate""","""cherry""","""sail""","""NA""","""NA""","""NA""","""middle""","""left""","""left""","""NA""","""NA""","""NA""","""1w0w1b"""
"What is he talking about? (1-2 mins)","Short and fun! A 1-2 minute word game about what someone is talking about.","experiment, psychology, game","$0.25 ","Wed Jul 23 10:22:11 PDT 2014","200","0","0","200","Reviewable","NotReviewed","1 scales","600","60000","Wed Jul 30 10:22:11 PDT 2014","S96563","Approved","","""pizza""","""peppers""","0","""middle""","""left""","-1","0","0","1","0","0","-1","-1","""TRUE""","""NA""","""NA""","-1","-1","-1","-1","-1","-1","""choices ""","""""","0","""target""","""target""","""target""","""NA""","""NA""","""NA""","TRUE","TRUE","TRUE","""NA""","""NA""","""NA""","""pizza""","""pizza""","""friend""","""NA""","""NA""","""NA""","""peppers""","""mushrooms""","""hat""","""NA""","""NA""","""NA""","""middle""","""left""","""left""","""NA""","""NA""","""NA""","""mushrooms""","""peppers""","""glasses""","""NA""","""NA""","""NA""","""left""","""middle""","""right""","""NA""","""NA""","""NA""","""1w0w1b"""
"What is he talking about? (1-2 mins)","Short and fun! A 1-2 minute word game about what someone is talking about.","experiment, psychology, game","$0.25 ","Wed Jul 23 10:22:11 PDT 2014","200","0","0","200","Reviewable","NotReviewed","1 scales","600","60000","Wed Jul 30 10:22:11 PDT 2014","S87247","Approved","","""pizza""","""olives""","0","""right""","""left""","-1","0","0","1","0","0","-1","-1","""TRUE""","""NA""","""NA""","-1","-1","-1","-1","-1","-1","""bob likes pizza and bob likes sail boats with sails oh and he likes olives and peppers""","""""","0","""target""","""target""","""target""","""NA""","""NA""","""NA""","TRUE","TRUE","TRUE","""NA""","""NA""","""NA""","""pizza""","""pizza""","""boat""","""NA""","""NA""","""NA""","""olives""","""peppers""","""sail""","""NA""","""NA""","""NA""","""right""","""left""","""right""","""NA""","""NA""","""NA""","""peppers""","""olives""","""motor""","""NA""","""NA""","""NA""","""left""","""right""","""middle""","""NA""","""NA""","""NA""","""1w0w1b"""
"What is he talking about? (1-2 mins)","Short and fun! A 1-2 minute word game about what someone is talking about.","experiment, psychology, game","$0.25 ","Wed Jul 23 10:22:11 PDT 2014","200","0","0","200","Reviewable","NotReviewed","1 scales","600","60000","Wed Jul 30 10:22:11 PDT 2014","S70044","Approved","","""sundae""","""whipped cream""","0","""right""","""left""","-1","0","0","1","0","0","-1","-1","""TRUE""","""NA""","""NA""","-1","-1","-1","-1","-1","-1","""Sundaes and Boats""","""I picked C for the sundae because it isn't a sundae unless it has a cherry""","0","""logical""","""target""","""target""","""NA""","""NA""","""NA""","FALSE","TRUE","TRUE","""NA""","""NA""","""NA""","""sundae""","""sundae""","""boat""","""NA""","""NA""","""NA""","""whipped cream""","""cherry""","""cabin""","""NA""","""NA""","""NA""","""right""","""left""","""middle""","""NA""","""NA""","""NA""","""cherry""","""whipped cream""","""sail""","""NA""","""NA""","""NA""","""left""","""right""","""left""","""NA""","""NA""","""NA""","""1w0w1b"""
"What is he talking about? (1-2 mins)","Short and fun! A 1-2 minute word game about what someone is talking about.","experiment, psychology, game","$0.25 ","Wed Jul 23 10:22:11 PDT 2014","200","0","0","200","Reviewable","NotReviewed","1 scales","600","60000","Wed Jul 30 10:22:11 PDT 2014","S13891","Approved","","""sundae""","""cherry""","0","""right""","""left""","-1","0","0","1","0","0","-1","-1","""TRUE""","""NA""","""NA""","-1","-1","-1","-1","-1","-1","""It was about guessing what Bob is talking about when he uses only one word to comunicate.""","""""","0","""target""","""target""","""target""","""NA""","""NA""","""NA""","TRUE","TRUE","TRUE","""NA""","""NA""","""NA""","""sundae""","""sundae""","""Christmas tree""","""NA""","""NA""","""NA""","""cherry""","""whipped cream""","""ornaments""","""NA""","""NA""","""NA""","""right""","""left""","""left""","""NA""","""NA""","""NA""","""whipped cream""","""cherry""","""star""","""NA""","""NA""","""NA""","""left""","""right""","""middle""","""NA""","""NA""","""NA""","""1w0w1b"""
"What is he talking about? (1-2 mins)","Short and fun! A 1-2 minute word game about what someone is talking about.","experiment, psychology, game","$0.25 ","Wed Jul 23 10:22:11 PDT 2014","200","0","0","200","Reviewable","NotReviewed","1 scales","600","60000","Wed Jul 30 10:22:11 PDT 2014","S15167","Approved","","""friend""","""hat""","0","""right""","""left""","-1","0","0","1","0","0","-1","-1","""FALSE""","""NA""","""NA""","-1","-1","-1","-1","-1","-1","""Picking out his friends with only one word for context clues""","""no issues with the game worked fine""","0","""target""","""target""","""target""","""NA""","""NA""","""NA""","TRUE","TRUE","TRUE","""NA""","""NA""","""NA""","""friend""","""friend""","""Christmas tree""","""NA""","""NA""","""NA""","""hat""","""glasses""","""ornaments""","""NA""","""NA""","""NA""","""right""","""left""","""left""","""NA""","""NA""","""NA""","""glasses""","""hat""","""star""","""NA""","""NA""","""NA""","""left""","""right""","""right""","""NA""","""NA""","""NA""","""0w1w1b"""
"What is he talking about? (1-2 mins)","Short and fun! A 1-2 minute word game about what someone is talking about.","experiment, psychology, game","$0.25 ","Wed Jul 23 10:22:11 PDT 2014","200","0","0","200","Reviewable","NotReviewed","1 scales","600","60000","Wed Jul 30 10:22:11 PDT 2014","S56745","Approved","","""boat""","""cabin""","0","""left""","""middle""","-1","0","0","1","0","0","-1","-1","""TRUE""","""NA""","""NA""","-1","-1","-1","-1","-1","-1","""What do people associate when they hear certain words""","""""","0","""target""","""target""","""target""","""NA""","""NA""","""NA""","TRUE","TRUE","TRUE","""NA""","""NA""","""NA""","""boat""","""boat""","""friend""","""NA""","""NA""","""NA""","""cabin""","""motor""","""hat""","""NA""","""NA""","""NA""","""left""","""middle""","""left""","""NA""","""NA""","""NA""","""motor""","""cabin""","""mustache""","""NA""","""NA""","""NA""","""middle""","""left""","""middle""","""NA""","""NA""","""NA""","""0w1w1b"""
"What is he talking about? (1-2 mins)","Short and fun! A 1-2 minute word game about what someone is talking about.","experiment, psychology, game","$0.25 ","Wed Jul 23 10:22:11 PDT 2014","200","0","0","200","Reviewable","NotReviewed","1 scales","600","60000","Wed Jul 30 10:22:11 PDT 2014","S35030","Approved","","""friend""","""hat""","0","""left""","""right""","-1","0","0","1","0","0","-1","-1","""TRUE""","""NA""","""NA""","-1","-1","-1","-1","-1","-1","""communication and choices""","""no""","0","""target""","""target""","""target""","""NA""","""NA""","""NA""","TRUE","TRUE","TRUE","""NA""","""NA""","""NA""","""friend""","""friend""","""boat""","""NA""","""NA""","""NA""","""hat""","""glasses""","""motor""","""NA""","""NA""","""NA""","""left""","""right""","""middle""","""NA""","""NA""","""NA""","""glasses""","""hat""","""sail""","""NA""","""NA""","""NA""","""right""","""left""","""right""","""NA""","""NA""","""NA""","""0w1w1b"""
"What is he talking about? (1-2 mins)","Short and fun! A 1-2 minute word game about what someone is talking about.","experiment, psychology, game","$0.25 ","Wed Jul 23 10:22:11 PDT 2014","200","0","0","200","Reviewable","NotReviewed","1 scales","600","60000","Wed Jul 30 10:22:11 PDT 2014","S85420","Approved","","""snowman""","""mittens""","0","""middle""","""left""","-1","0","0","1","0","0","-1","-1","""TRUE""","""NA""","""NA""","-1","-1","-1","-1","-1","-1","""no idea""","""no""","0","""target""","""target""","""logical""","""NA""","""NA""","""NA""","TRUE","TRUE","FALSE","""NA""","""NA""","""NA""","""snowman""","""snowman""","""friend""","""NA""","""NA""","""NA""","""mittens""","""hat""","""mustache""","""NA""","""NA""","""NA""","""middle""","""left""","""right""","""NA""","""NA""","""NA""","""hat""","""mittens""","""glasses""","""NA""","""NA""","""NA""","""left""","""middle""","""middle""","""NA""","""NA""","""NA""","""1w0w1b"""
"What is he talking about? (1-2 mins)","Short and fun! A 1-2 minute word game about what someone is talking about.","experiment, psychology, game","$0.25 ","Wed Jul 23 10:22:11 PDT 2014","200","0","0","200","Reviewable","NotReviewed","1 scales","600","60000","Wed Jul 30 10:22:11 PDT 2014","S46892","Approved","","""snowman""","""scarf""","0","""left""","""right""","-1","0","0","1","0","0","-1","-1","""FALSE""","""NA""","""NA""","-1","-1","-1","-1","-1","-1","""communication""","""it was fun!""","0","""target""","""logical""","""target""","""NA""","""NA""","""NA""","TRUE","FALSE","TRUE","""NA""","""NA""","""NA""","""snowman""","""snowman""","""friend""","""NA""","""NA""","""NA""","""scarf""","""hat""","""mustache""","""NA""","""NA""","""NA""","""left""","""right""","""right""","""NA""","""NA""","""NA""","""hat""","""scarf""","""hat""","""NA""","""NA""","""NA""","""right""","""left""","""middle""","""NA""","""NA""","""NA""","""0w1w1b"""
"What is he talking about? (1-2 mins)","Short and fun! A 1-2 minute word game about what someone is talking about.","experiment, psychology, game","$0.25 ","Wed Jul 23 10:22:11 PDT 2014","200","0","0","200","Reviewable","NotReviewed","1 scales","600","60000","Wed Jul 30 10:22:11 PDT 2014","S78539","Approved","","""boat""","""sail""","0","""right""","""middle""","-1","0","0","1","0","0","-1","-1","""TRUE""","""NA""","""NA""","-1","-1","-1","-1","-1","-1","""association of a word with an image""","""""","0","""target""","""target""","""target""","""NA""","""NA""","""NA""","TRUE","TRUE","TRUE","""NA""","""NA""","""NA""","""boat""","""boat""","""pizza""","""NA""","""NA""","""NA""","""sail""","""cabin""","""mushrooms""","""NA""","""NA""","""NA""","""right""","""middle""","""middle""","""NA""","""NA""","""NA""","""cabin""","""sail""","""olives""","""NA""","""NA""","""NA""","""middle""","""right""","""left""","""NA""","""NA""","""NA""","""1w0w1b"""
"What is he talking about? (1-2 mins)","Short and fun! A 1-2 minute word game about what someone is talking about.","experiment, psychology, game","$0.25 ","Wed Jul 23 10:22:11 PDT 2014","200","0","0","200","Reviewable","NotReviewed","1 scales","600","60000","Wed Jul 30 10:22:11 PDT 2014","S24988","Approved","","""Christmas tree""","""ornaments""","0","""middle""","""left""","-1","0","0","1","0","0","-1","-1","""TRUE""","""NA""","""NA""","-1","-1","-1","-1","-1","-1","""communication""","""no""","0","""foil""","""target""","""foil""","""NA""","""NA""","""NA""","FALSE","TRUE","FALSE","""NA""","""NA""","""NA""","""Christmas tree""","""Christmas tree""","""sundae""","""NA""","""NA""","""NA""","""ornaments""","""star""","""whipped cream""","""NA""","""NA""","""NA""","""middle""","""left""","""left""","""NA""","""NA""","""NA""","""star""","""ornaments""","""cherry""","""NA""","""NA""","""NA""","""left""","""middle""","""right""","""NA""","""NA""","""NA""","""1w0w1b"""
"What is he talking about? (1-2 mins)","Short and fun! A 1-2 minute word game about what someone is talking about.","experiment, psychology, game","$0.25 ","Wed Jul 23 10:22:11 PDT 2014","200","0","0","200","Reviewable","NotReviewed","1 scales","600","60000","Wed Jul 30 10:22:11 PDT 2014","S41781","Approved","","""sundae""","""cherry""","0","""left""","""right""","-1","0","0","1","0","0","-1","-1","""TRUE""","""NA""","""NA""","-1","-1","-1","-1","-1","-1","""What Bob likes""","""""","0","""target""","""target""","""target""","""NA""","""NA""","""NA""","TRUE","TRUE","TRUE","""NA""","""NA""","""NA""","""sundae""","""sundae""","""pizza""","""NA""","""NA""","""NA""","""cherry""","""chocolate""","""olives""","""NA""","""NA""","""NA""","""left""","""right""","""middle""","""NA""","""NA""","""NA""","""chocolate""","""cherry""","""peppers""","""NA""","""NA""","""NA""","""right""","""left""","""left""","""NA""","""NA""","""NA""","""1w0w1b"""
"What is he talking about? (1-2 mins)","Short and fun! A 1-2 minute word game about what someone is talking about.","experiment, psychology, game","$0.25 ","Wed Jul 23 10:22:11 PDT 2014","200","0","0","200","Reviewable","NotReviewed","1 scales","600","60000","Wed Jul 30 10:22:11 PDT 2014","S31744","Approved","","""snowman""","""hat""","0","""left""","""right""","-1","0","0","1","0","0","-1","-1","""TRUE""","""NA""","""NA""","-1","-1","-1","-1","-1","-1","""Figuring out what Bob was trying to say.""","""No""","0","""target""","""target""","""target""","""NA""","""NA""","""NA""","TRUE","TRUE","TRUE","""NA""","""NA""","""NA""","""snowman""","""snowman""","""friend""","""NA""","""NA""","""NA""","""hat""","""mittens""","""mustache""","""NA""","""NA""","""NA""","""left""","""right""","""middle""","""NA""","""NA""","""NA""","""mittens""","""hat""","""hat""","""NA""","""NA""","""NA""","""right""","""left""","""right""","""NA""","""NA""","""NA""","""0w1w1b"""
"What is he talking about? (1-2 mins)","Short and fun! A 1-2 minute word game about what someone is talking about.","experiment, psychology, game","$0.25 ","Wed Jul 23 10:22:11 PDT 2014","200","0","0","200","Reviewable","NotReviewed","1 scales","600","60000","Wed Jul 30 10:22:11 PDT 2014","S56275","Approved","","""pizza""","""mushrooms""","0","""left""","""middle""","-1","0","0","1","0","0","-1","-1","""TRUE""","""NA""","""NA""","-1","-1","-1","-1","-1","-1","""Assumptions""","""""","0","""target""","""target""","""target""","""NA""","""NA""","""NA""","TRUE","TRUE","TRUE","""NA""","""NA""","""NA""","""pizza""","""pizza""","""boat""","""NA""","""NA""","""NA""","""mushrooms""","""peppers""","""cabin""","""NA""","""NA""","""NA""","""left""","""middle""","""middle""","""NA""","""NA""","""NA""","""peppers""","""mushrooms""","""sail""","""NA""","""NA""","""NA""","""middle""","""left""","""right""","""NA""","""NA""","""NA""","""1w0w1b"""
"What is he talking about? (1-2 mins)","Short and fun! A 1-2 minute word game about what someone is talking about.","experiment, psychology, game","$0.25 ","Wed Jul 23 10:22:11 PDT 2014","200","0","0","200","Reviewable","NotReviewed","1 scales","600","60000","Wed Jul 30 10:22:11 PDT 2014","S29288","Approved","","""boat""","""cabin""","0","""middle""","""right""","-1","0","0","1","0","0","-1","-1","""TRUE""","""NA""","""NA""","-1","-1","-1","-1","-1","-1","""Using one word to communicate something""","""I chose C for the first one when Bob said cabin as it did mention that Bob rents sailboats and the other two boats didn't have sails.""","0","""logical""","""target""","""target""","""NA""","""NA""","""NA""","FALSE","TRUE","TRUE","""NA""","""NA""","""NA""","""boat""","""boat""","""sundae""","""NA""","""NA""","""NA""","""cabin""","""sail""","""chocolate""","""NA""","""NA""","""NA""","""middle""","""right""","""middle""","""NA""","""NA""","""NA""","""sail""","""cabin""","""cherry""","""NA""","""NA""","""NA""","""right""","""middle""","""left""","""NA""","""NA""","""NA""","""1w0w1b"""
"What is he talking about? (1-2 mins)","Short and fun! A 1-2 minute word game about what someone is talking about.","experiment, psychology, game","$0.25 ","Wed Jul 23 10:22:11 PDT 2014","200","0","0","200","Reviewable","NotReviewed","1 scales","600","60000","Wed Jul 30 10:22:11 PDT 2014","S73062","Approved","","""snowman""","""mittens""","0","""left""","""middle""","-1","0","0","1","0","0","-1","-1","""TRUE""","""NA""","""NA""","-1","-1","-1","-1","-1","-1","""learning about what people are talking about""","""none""","0","""target""","""target""","""target""","""NA""","""NA""","""NA""","TRUE","TRUE","TRUE","""NA""","""NA""","""NA""","""snowman""","""snowman""","""boat""","""NA""","""NA""","""NA""","""mittens""","""scarf""","""cabin""","""NA""","""NA""","""NA""","""left""","""middle""","""middle""","""NA""","""NA""","""NA""","""scarf""","""mittens""","""motor""","""NA""","""NA""","""NA""","""middle""","""left""","""right""","""NA""","""NA""","""NA""","""1w0w1b"""
"What is he talking about? (1-2 mins)","Short and fun! A 1-2 minute word game about what someone is talking about.","experiment, psychology, game","$0.25 ","Wed Jul 23 10:22:11 PDT 2014","200","0","0","200","Reviewable","NotReviewed","1 scales","600","60000","Wed Jul 30 10:22:11 PDT 2014","S14932","Approved","","""pizza""","""peppers""","0","""left""","""right""","-1","0","0","1","0","0","-1","-1","""TRUE""","""NA""","""NA""","-1","-1","-1","-1","-1","-1","""pizza and christmas trees""","""na""","0","""target""","""target""","""target""","""NA""","""NA""","""NA""","TRUE","TRUE","TRUE","""NA""","""NA""","""NA""","""pizza""","""pizza""","""Christmas tree""","""NA""","""NA""","""NA""","""peppers""","""olives""","""ornaments""","""NA""","""NA""","""NA""","""left""","""right""","""middle""","""NA""","""NA""","""NA""","""olives""","""peppers""","""lights""","""NA""","""NA""","""NA""","""right""","""left""","""left""","""NA""","""NA""","""NA""","""0w1w1b"""
"What is he talking about? (1-2 mins)","Short and fun! A 1-2 minute word game about what someone is talking about.","experiment, psychology, game","$0.25 ","Wed Jul 23 10:22:11 PDT 2014","200","0","0","200","Reviewable","NotReviewed","1 scales","600","60000","Wed Jul 30 10:22:11 PDT 2014","S68751","Approved","","""Christmas tree""","""star""","0","""left""","""right""","-1","0","0","1","0","0","-1","-1","""TRUE""","""NA""","""NA""","-1","-1","-1","-1","-1","-1","""Picking pictures given his one word""","""No""","0","""target""","""target""","""target""","""NA""","""NA""","""NA""","TRUE","TRUE","TRUE","""NA""","""NA""","""NA""","""Christmas tree""","""Christmas tree""","""snowman""","""NA""","""NA""","""NA""","""star""","""lights""","""hat""","""NA""","""NA""","""NA""","""left""","""right""","""left""","""NA""","""NA""","""NA""","""lights""","""star""","""mittens""","""NA""","""NA""","""NA""","""right""","""left""","""middle""","""NA""","""NA""","""NA""","""1w0w1b"""
"What is he talking about? (1-2 mins)","Short and fun! A 1-2 minute word game about what someone is talking about.","experiment, psychology, game","$0.25 ","Wed Jul 23 10:22:11 PDT 2014","200","0","0","200","Reviewable","NotReviewed","1 scales","600","60000","Wed Jul 30 10:22:11 PDT 2014","S01137","Approved","","""friend""","""glasses""","0","""right""","""middle""","-1","0","0","1","0","0","-1","-1","""TRUE""","""NA""","""NA""","-1","-1","-1","-1","-1","-1","""I have no idea""","""I love the drawings""","0","""foil""","""target""","""target""","""NA""","""NA""","""NA""","FALSE","TRUE","TRUE","""NA""","""NA""","""NA""","""friend""","""friend""","""snowman""","""NA""","""NA""","""NA""","""glasses""","""mustache""","""mittens""","""NA""","""NA""","""NA""","""right""","""middle""","""left""","""NA""","""NA""","""NA""","""mustache""","""glasses""","""hat""","""NA""","""NA""","""NA""","""middle""","""right""","""right""","""NA""","""NA""","""NA""","""0w1w1b"""
"What is he talking about? (1-2 mins)","Short and fun! A 1-2 minute word game about what someone is talking about.","experiment, psychology, game","$0.25 ","Wed Jul 23 10:22:11 PDT 2014","200","0","0","200","Reviewable","NotReviewed","1 scales","600","60000","Wed Jul 30 10:22:11 PDT 2014","S79335","Approved","","""snowman""","""hat""","0","""right""","""left""","-1","0","0","1","0","0","-1","-1","""TRUE""","""NA""","""NA""","-1","-1","-1","-1","-1","-1","""The survey tested word comprehension.""","""""","0","""target""","""target""","""target""","""NA""","""NA""","""NA""","TRUE","TRUE","TRUE","""NA""","""NA""","""NA""","""snowman""","""snowman""","""friend""","""NA""","""NA""","""NA""","""hat""","""mittens""","""hat""","""NA""","""NA""","""NA""","""right""","""left""","""right""","""NA""","""NA""","""NA""","""mittens""","""hat""","""mustache""","""NA""","""NA""","""NA""","""left""","""right""","""middle""","""NA""","""NA""","""NA""","""1w0w1b"""
"What is he talking about? (1-2 mins)","Short and fun! A 1-2 minute word game about what someone is talking about.","experiment, psychology, game","$0.25 ","Wed Jul 23 10:22:11 PDT 2014","200","0","0","200","Reviewable","NotReviewed","1 scales","600","60000","Wed Jul 30 10:22:11 PDT 2014","S73990","Approved","","""snowman""","""mittens""","0","""left""","""right""","-1","0","0","1","0","0","-1","-1","""TRUE""","""NA""","""NA""","-1","-1","-1","-1","-1","-1","""what Bob means when he says a word""","""""","0","""foil""","""target""","""foil""","""NA""","""NA""","""NA""","FALSE","TRUE","FALSE","""NA""","""NA""","""NA""","""snowman""","""snowman""","""boat""","""NA""","""NA""","""NA""","""mittens""","""hat""","""motor""","""NA""","""NA""","""NA""","""left""","""right""","""left""","""NA""","""NA""","""NA""","""hat""","""mittens""","""sail""","""NA""","""NA""","""NA""","""right""","""left""","""right""","""NA""","""NA""","""NA""","""1w0w1b"""
"What is he talking about? (1-2 mins)","Short and fun! A 1-2 minute word game about what someone is talking about.","experiment, psychology, game","$0.25 ","Wed Jul 23 10:22:11 PDT 2014","200","0","0","200","Reviewable","NotReviewed","1 scales","600","60000","Wed Jul 30 10:22:11 PDT 2014","S64462","Approved","","""Christmas tree""","""star""","0","""left""","""middle""","-1","0","0","1","0","0","-1","-1","""FALSE""","""NA""","""NA""","-1","-1","-1","-1","-1","-1","""Christmas trees and pizza and guessing what Bob meant with his one word.""","""Thank you for the work it was a fun HIT.""","0","""target""","""target""","""target""","""NA""","""NA""","""NA""","TRUE","TRUE","TRUE","""NA""","""NA""","""NA""","""Christmas tree""","""Christmas tree""","""pizza""","""NA""","""NA""","""NA""","""star""","""lights""","""mushrooms""","""NA""","""NA""","""NA""","""left""","""middle""","""left""","""NA""","""NA""","""NA""","""lights""","""star""","""peppers""","""NA""","""NA""","""NA""","""middle""","""left""","""middle""","""NA""","""NA""","""NA""","""0w1w1b"""
"What is he talking about? (1-2 mins)","Short and fun! A 1-2 minute word game about what someone is talking about.","experiment, psychology, game","$0.25 ","Wed Jul 23 10:22:11 PDT 2014","200","0","0","200","Reviewable","NotReviewed","1 scales","600","60000","Wed Jul 30 10:22:11 PDT 2014","S32524","Approved","","""Christmas tree""","""lights""","0","""right""","""middle""","-1","0","0","1","0","0","-1","-1","""TRUE""","""NA""","""NA""","-1","-1","-1","-1","-1","-1","""Bob's poor language skills""","""No""","0","""target""","""target""","""target""","""NA""","""NA""","""NA""","TRUE","TRUE","TRUE","""NA""","""NA""","""NA""","""Christmas tree""","""Christmas tree""","""boat""","""NA""","""NA""","""NA""","""lights""","""ornaments""","""sail""","""NA""","""NA""","""NA""","""right""","""middle""","""middle""","""NA""","""NA""","""NA""","""ornaments""","""lights""","""motor""","""NA""","""NA""","""NA""","""middle""","""right""","""right""","""NA""","""NA""","""NA""","""0w1w1b"""
"What is he talking about? (1-2 mins)","Short and fun! A 1-2 minute word game about what someone is talking about.","experiment, psychology, game","$0.25 ","Wed Jul 23 10:22:11 PDT 2014","200","0","0","200","Reviewable","NotReviewed","1 scales","600","60000","Wed Jul 30 10:22:11 PDT 2014","S75114","Approved","","""sundae""","""chocolate""","0","""middle""","""right""","-1","0","0","1","0","0","-1","-1","""TRUE""","""NA""","""NA""","-1","-1","-1","-1","-1","-1","""Interpreting what you thought Bob was talking about based on his communication""","""""","0","""target""","""target""","""target""","""NA""","""NA""","""NA""","TRUE","TRUE","TRUE","""NA""","""NA""","""NA""","""sundae""","""sundae""","""boat""","""NA""","""NA""","""NA""","""chocolate""","""cherry""","""cabin""","""NA""","""NA""","""NA""","""middle""","""right""","""middle""","""NA""","""NA""","""NA""","""cherry""","""chocolate""","""motor""","""NA""","""NA""","""NA""","""right""","""middle""","""left""","""NA""","""NA""","""NA""","""1w0w1b"""
"What is he talking about? (1-2 mins)","Short and fun! A 1-2 minute word game about what someone is talking about.","experiment, psychology, game","$0.25 ","Wed Jul 23 10:22:11 PDT 2014","200","0","0","200","Reviewable","NotReviewed","1 scales","600","60000","Wed Jul 30 10:22:11 PDT 2014","S31345","Approved","","""snowman""","""mittens""","0","""left""","""right""","-1","0","0","1","0","0","-1","-1","""TRUE""","""NA""","""NA""","-1","-1","-1","-1","-1","-1","""dont know""","""Thanks""","0","""target""","""target""","""target""","""NA""","""NA""","""NA""","TRUE","TRUE","TRUE","""NA""","""NA""","""NA""","""snowman""","""snowman""","""friend""","""NA""","""NA""","""NA""","""mittens""","""scarf""","""mustache""","""NA""","""NA""","""NA""","""left""","""right""","""right""","""NA""","""NA""","""NA""","""scarf""","""mittens""","""hat""","""NA""","""NA""","""NA""","""right""","""left""","""middle""","""NA""","""NA""","""NA""","""1w0w1b"""
"What is he talking about? (1-2 mins)","Short and fun! A 1-2 minute word game about what someone is talking about.","experiment, psychology, game","$0.25 ","Wed Jul 23 10:22:11 PDT 2014","200","0","0","200","Reviewable","NotReviewed","1 scales","600","60000","Wed Jul 30 10:22:11 PDT 2014","S18989","Approved","","""snowman""","""hat""","0","""left""","""middle""","-1","0","0","1","0","0","-1","-1","""TRUE""","""NA""","""NA""","-1","-1","-1","-1","-1","-1","""Communications. ""","""Great survey as always. Thanks!""","0","""target""","""target""","""target""","""NA""","""NA""","""NA""","TRUE","TRUE","TRUE","""NA""","""NA""","""NA""","""snowman""","""snowman""","""friend""","""NA""","""NA""","""NA""","""hat""","""scarf""","""glasses""","""NA""","""NA""","""NA""","""left""","""middle""","""middle""","""NA""","""NA""","""NA""","""scarf""","""hat""","""mustache""","""NA""","""NA""","""NA""","""middle""","""left""","""right""","""NA""","""NA""","""NA""","""1w0w1b"""
"What is he talking about? (1-2 mins)","Short and fun! A 1-2 minute word game about what someone is talking about.","experiment, psychology, game","$0.25 ","Wed Jul 23 10:22:11 PDT 2014","200","0","0","200","Reviewable","NotReviewed","1 scales","600","60000","Wed Jul 30 10:22:11 PDT 2014","S54132","Approved","","""boat""","""sail""","0","""left""","""middle""","-1","0","0","1","0","0","-1","-1","""TRUE""","""NA""","""NA""","-1","-1","-1","-1","-1","-1","""Communication interpretation.""","""""","0","""target""","""target""","""target""","""NA""","""NA""","""NA""","TRUE","TRUE","TRUE","""NA""","""NA""","""NA""","""boat""","""boat""","""snowman""","""NA""","""NA""","""NA""","""sail""","""cabin""","""mittens""","""NA""","""NA""","""NA""","""left""","""middle""","""left""","""NA""","""NA""","""NA""","""cabin""","""sail""","""hat""","""NA""","""NA""","""NA""","""middle""","""left""","""middle""","""NA""","""NA""","""NA""","""1w0w1b"""
"What is he talking about? (1-2 mins)","Short and fun! A 1-2 minute word game about what someone is talking about.","experiment, psychology, game","$0.25 ","Wed Jul 23 10:22:11 PDT 2014","200","0","0","200","Reviewable","NotReviewed","1 scales","600","60000","Wed Jul 30 10:22:11 PDT 2014","S10933","Approved","","""pizza""","""mushrooms""","0","""right""","""middle""","-1","0","0","1","0","0","-1","-1","""TRUE""","""NA""","""NA""","-1","-1","-1","-1","-1","-1","""What do you think Bob was talking about.""","""""","0","""target""","""target""","""target""","""NA""","""NA""","""NA""","TRUE","TRUE","TRUE","""NA""","""NA""","""NA""","""pizza""","""pizza""","""Christmas tree""","""NA""","""NA""","""NA""","""mushrooms""","""olives""","""ornaments""","""NA""","""NA""","""NA""","""right""","""middle""","""left""","""NA""","""NA""","""NA""","""olives""","""mushrooms""","""star""","""NA""","""NA""","""NA""","""middle""","""right""","""middle""","""NA""","""NA""","""NA""","""1w0w1b"""
"What is he talking about? (1-2 mins)","Short and fun! A 1-2 minute word game about what someone is talking about.","experiment, psychology, game","$0.25 ","Wed Jul 23 10:22:11 PDT 2014","200","0","0","200","Reviewable","NotReviewed","1 scales","600","60000","Wed Jul 30 10:22:11 PDT 2014","S81288","Approved","","""boat""","""motor""","0","""middle""","""left""","-1","0","0","1","0","0","-1","-1","""TRUE""","""NA""","""NA""","-1","-1","-1","-1","-1","-1","""Bob's limited communication techniques regarding boat rentals and snowman decorations""","""""","0","""target""","""target""","""target""","""NA""","""NA""","""NA""","TRUE","TRUE","TRUE","""NA""","""NA""","""NA""","""boat""","""boat""","""snowman""","""NA""","""NA""","""NA""","""motor""","""sail""","""hat""","""NA""","""NA""","""NA""","""middle""","""left""","""right""","""NA""","""NA""","""NA""","""sail""","""motor""","""mittens""","""NA""","""NA""","""NA""","""left""","""middle""","""middle""","""NA""","""NA""","""NA""","""1w0w1b"""
"What is he talking about? (1-2 mins)","Short and fun! A 1-2 minute word game about what someone is talking about.","experiment, psychology, game","$0.25 ","Wed Jul 23 10:22:11 PDT 2014","200","0","0","200","Reviewable","NotReviewed","1 scales","600","60000","Wed Jul 30 10:22:11 PDT 2014","S69485","Approved","","""snowman""","""hat""","0","""middle""","""right""","-1","0","0","1","0","0","-1","-1","""TRUE""","""NA""","""NA""","-1","-1","-1","-1","-1","-1","""not sure""","""ty""","0","""target""","""target""","""target""","""NA""","""NA""","""NA""","TRUE","TRUE","TRUE","""NA""","""NA""","""NA""","""snowman""","""snowman""","""boat""","""NA""","""NA""","""NA""","""hat""","""mittens""","""sail""","""NA""","""NA""","""NA""","""middle""","""right""","""middle""","""NA""","""NA""","""NA""","""mittens""","""hat""","""motor""","""NA""","""NA""","""NA""","""right""","""middle""","""left""","""NA""","""NA""","""NA""","""0w1w1b"""
"What is he talking about? (1-2 mins)","Short and fun! A 1-2 minute word game about what someone is talking about.","experiment, psychology, game","$0.25 ","Wed Jul 23 10:22:11 PDT 2014","200","0","0","200","Reviewable","NotReviewed","1 scales","600","60000","Wed Jul 30 10:22:11 PDT 2014","S29659","Approved","","""snowman""","""scarf""","0","""middle""","""left""","-1","0","0","1","0","0","-1","-1","""TRUE""","""NA""","""NA""","-1","-1","-1","-1","-1","-1","""communication""","""""","0","""target""","""logical""","""target""","""NA""","""NA""","""NA""","TRUE","FALSE","TRUE","""NA""","""NA""","""NA""","""snowman""","""snowman""","""Christmas tree""","""NA""","""NA""","""NA""","""scarf""","""hat""","""ornaments""","""NA""","""NA""","""NA""","""middle""","""left""","""left""","""NA""","""NA""","""NA""","""hat""","""scarf""","""lights""","""NA""","""NA""","""NA""","""left""","""middle""","""right""","""NA""","""NA""","""NA""","""0w1w1b"""
"What is he talking about? (1-2 mins)","Short and fun! A 1-2 minute word game about what someone is talking about.","experiment, psychology, game","$0.25 ","Wed Jul 23 10:22:11 PDT 2014","200","0","0","200","Reviewable","NotReviewed","1 scales","600","60000","Wed Jul 30 10:22:11 PDT 2014","S51739","Approved","","""friend""","""hat""","0","""right""","""middle""","-1","0","0","1","0","0","-1","-1","""TRUE""","""NA""","""NA""","-1","-1","-1","-1","-1","-1","""not sure""","""I like bob""","0","""target""","""target""","""target""","""NA""","""NA""","""NA""","TRUE","TRUE","TRUE","""NA""","""NA""","""NA""","""friend""","""friend""","""Christmas tree""","""NA""","""NA""","""NA""","""hat""","""glasses""","""lights""","""NA""","""NA""","""NA""","""right""","""middle""","""left""","""NA""","""NA""","""NA""","""glasses""","""hat""","""ornaments""","""NA""","""NA""","""NA""","""middle""","""right""","""middle""","""NA""","""NA""","""NA""","""0w1w1b"""
"What is he talking about? (1-2 mins)","Short and fun! A 1-2 minute word game about what someone is talking about.","experiment, psychology, game","$0.25 ","Wed Jul 23 10:22:11 PDT 2014","200","0","0","200","Reviewable","NotReviewed","1 scales","600","60000","Wed Jul 30 10:22:11 PDT 2014","S34100","Approved","","""Christmas tree""","""ornaments""","0","""middle""","""right""","-1","0","0","1","0","0","-1","-1","""TRUE""","""NA""","""NA""","-1","-1","-1","-1","-1","-1","""words""","""""","0","""logical""","""target""","""target""","""NA""","""NA""","""NA""","FALSE","TRUE","TRUE","""NA""","""NA""","""NA""","""Christmas tree""","""Christmas tree""","""boat""","""NA""","""NA""","""NA""","""ornaments""","""lights""","""sail""","""NA""","""NA""","""NA""","""middle""","""right""","""right""","""NA""","""NA""","""NA""","""lights""","""ornaments""","""cabin""","""NA""","""NA""","""NA""","""right""","""middle""","""left""","""NA""","""NA""","""NA""","""1w0w1b"""
"What is he talking about? (1-2 mins)","Short and fun! A 1-2 minute word game about what someone is talking about.","experiment, psychology, game","$0.25 ","Wed Jul 23 10:22:11 PDT 2014","200","0","0","200","Reviewable","NotReviewed","1 scales","600","60000","Wed Jul 30 10:22:11 PDT 2014","S06332","Approved","","""friend""","""glasses""","0","""left""","""middle""","-1","0","0","1","0","0","-1","-1","""TRUE""","""NA""","""NA""","-1","-1","-1","-1","-1","-1","""Trying to figure out what Bob was talking about when he said 1 word.""","""Pretty Interesting Survey :)""","0","""logical""","""target""","""target""","""NA""","""NA""","""NA""","FALSE","TRUE","TRUE","""NA""","""NA""","""NA""","""friend""","""friend""","""pizza""","""NA""","""NA""","""NA""","""glasses""","""mustache""","""olives""","""NA""","""NA""","""NA""","""left""","""middle""","""left""","""NA""","""NA""","""NA""","""mustache""","""glasses""","""mushrooms""","""NA""","""NA""","""NA""","""middle""","""left""","""middle""","""NA""","""NA""","""NA""","""1w0w1b"""
"What is he talking about? (1-2 mins)","Short and fun! A 1-2 minute word game about what someone is talking about.","experiment, psychology, game","$0.25 ","Wed Jul 23 10:22:11 PDT 2014","200","0","0","200","Reviewable","NotReviewed","1 scales","600","60000","Wed Jul 30 10:22:11 PDT 2014","S84080","Approved","","""pizza""","""peppers""","0","""middle""","""left""","-1","0","0","1","0","0","-1","-1","""TRUE""","""NA""","""NA""","-1","-1","-1","-1","-1","-1","""figuring out what Bob is talking about""","""""","0","""target""","""logical""","""target""","""NA""","""NA""","""NA""","TRUE","FALSE","TRUE","""NA""","""NA""","""NA""","""pizza""","""pizza""","""Christmas tree""","""NA""","""NA""","""NA""","""peppers""","""olives""","""ornaments""","""NA""","""NA""","""NA""","""middle""","""left""","""right""","""NA""","""NA""","""NA""","""olives""","""peppers""","""star""","""NA""","""NA""","""NA""","""left""","""middle""","""left""","""NA""","""NA""","""NA""","""0w1w1b"""
"What is he talking about? (1-2 mins)","Short and fun! A 1-2 minute word game about what someone is talking about.","experiment, psychology, game","$0.25 ","Wed Jul 23 10:22:11 PDT 2014","200","0","0","200","Reviewable","NotReviewed","1 scales","600","60000","Wed Jul 30 10:22:11 PDT 2014","S17834","Approved","","""friend""","""glasses""","0","""left""","""right""","-1","0","0","1","0","0","-1","-1","""TRUE""","""NA""","""NA""","-1","-1","-1","-1","-1","-1","""Perception""","""Nope""","0","""target""","""target""","""target""","""NA""","""NA""","""NA""","TRUE","TRUE","TRUE","""NA""","""NA""","""NA""","""friend""","""friend""","""Christmas tree""","""NA""","""NA""","""NA""","""glasses""","""hat""","""lights""","""NA""","""NA""","""NA""","""left""","""right""","""left""","""NA""","""NA""","""NA""","""hat""","""glasses""","""star""","""NA""","""NA""","""NA""","""right""","""left""","""right""","""NA""","""NA""","""NA""","""0w1w1b"""
"What is he talking about? (1-2 mins)","Short and fun! A 1-2 minute word game about what someone is talking about.","experiment, psychology, game","$0.25 ","Wed Jul 23 10:22:11 PDT 2014","200","0","0","200","Reviewable","NotReviewed","1 scales","600","60000","Wed Jul 30 10:22:11 PDT 2014","S59977","Approved","","""pizza""","""peppers""","0","""left""","""right""","-1","0","0","1","0","0","-1","-1","""TRUE""","""NA""","""NA""","-1","-1","-1","-1","-1","-1","""pizza and snowmen""","""no""","0","""target""","""target""","""target""","""NA""","""NA""","""NA""","TRUE","TRUE","TRUE","""NA""","""NA""","""NA""","""pizza""","""pizza""","""snowman""","""NA""","""NA""","""NA""","""peppers""","""mushrooms""","""mittens""","""NA""","""NA""","""NA""","""left""","""right""","""left""","""NA""","""NA""","""NA""","""mushrooms""","""peppers""","""hat""","""NA""","""NA""","""NA""","""right""","""left""","""middle""","""NA""","""NA""","""NA""","""1w0w1b"""
"What is he talking about? (1-2 mins)","Short and fun! A 1-2 minute word game about what someone is talking about.","experiment, psychology, game","$0.25 ","Wed Jul 23 10:22:11 PDT 2014","200","0","0","200","Reviewable","NotReviewed","1 scales","600","60000","Wed Jul 30 10:22:11 PDT 2014","S99646","Approved","","""pizza""","""olives""","0","""right""","""middle""","-1","0","0","1","0","0","-1","-1","""TRUE""","""NA""","""NA""","-1","-1","-1","-1","-1","-1","""Choosing from 3 options based on the one word he could say (olives, ornaments, etc)""","""""","0","""target""","""target""","""target""","""NA""","""NA""","""NA""","TRUE","TRUE","TRUE","""NA""","""NA""","""NA""","""pizza""","""pizza""","""Christmas tree""","""NA""","""NA""","""NA""","""olives""","""mushrooms""","""ornaments""","""NA""","""NA""","""NA""","""right""","""middle""","""middle""","""NA""","""NA""","""NA""","""mushrooms""","""olives""","""star""","""NA""","""NA""","""NA""","""middle""","""right""","""right""","""NA""","""NA""","""NA""","""1w0w1b"""
"What is he talking about? (1-2 mins)","Short and fun! A 1-2 minute word game about what someone is talking about.","experiment, psychology, game","$0.25 ","Wed Jul 23 10:22:11 PDT 2014","200","0","0","200","Reviewable","NotReviewed","1 scales","600","60000","Wed Jul 30 10:22:11 PDT 2014","S88566","Approved","","""Christmas tree""","""ornaments""","0","""left""","""middle""","-1","0","0","1","0","0","-1","-1","""TRUE""","""NA""","""NA""","-1","-1","-1","-1","-1","-1","""how we interpret people.""","""""","0","""target""","""target""","""target""","""NA""","""NA""","""NA""","TRUE","TRUE","TRUE","""NA""","""NA""","""NA""","""Christmas tree""","""Christmas tree""","""friend""","""NA""","""NA""","""NA""","""ornaments""","""lights""","""mustache""","""NA""","""NA""","""NA""","""left""","""middle""","""right""","""NA""","""NA""","""NA""","""lights""","""ornaments""","""glasses""","""NA""","""NA""","""NA""","""middle""","""left""","""middle""","""NA""","""NA""","""NA""","""1w0w1b"""
"What is he talking about? (1-2 mins)","Short and fun! A 1-2 minute word game about what someone is talking about.","experiment, psychology, game","$0.25 ","Wed Jul 23 10:22:11 PDT 2014","200","0","0","200","Reviewable","NotReviewed","1 scales","600","60000","Wed Jul 30 10:22:11 PDT 2014","S40579","Approved","","""Christmas tree""","""ornaments""","0","""left""","""middle""","-1","0","0","1","0","0","-1","-1","""TRUE""","""NA""","""NA""","-1","-1","-1","-1","-1","-1","""choosing words carefully to communicate""","""""","0","""target""","""target""","""target""","""NA""","""NA""","""NA""","TRUE","TRUE","TRUE","""NA""","""NA""","""NA""","""Christmas tree""","""Christmas tree""","""sundae""","""NA""","""NA""","""NA""","""ornaments""","""lights""","""chocolate""","""NA""","""NA""","""NA""","""left""","""middle""","""right""","""NA""","""NA""","""NA""","""lights""","""ornaments""","""cherry""","""NA""","""NA""","""NA""","""middle""","""left""","""left""","""NA""","""NA""","""NA""","""1w0w1b"""
"What is he talking about? (1-2 mins)","Short and fun! A 1-2 minute word game about what someone is talking about.","experiment, psychology, game","$0.25 ","Wed Jul 23 10:22:11 PDT 2014","200","0","0","200","Reviewable","NotReviewed","1 scales","600","60000","Wed Jul 30 10:22:11 PDT 2014","S37318","Approved","","""pizza""","""peppers""","0","""left""","""right""","-1","0","0","1","0","0","-1","-1","""TRUE""","""NA""","""NA""","-1","-1","-1","-1","-1","-1","""no idea""","""it was fun""","0","""target""","""target""","""target""","""NA""","""NA""","""NA""","TRUE","TRUE","TRUE","""NA""","""NA""","""NA""","""pizza""","""pizza""","""friend""","""NA""","""NA""","""NA""","""peppers""","""olives""","""hat""","""NA""","""NA""","""NA""","""left""","""right""","""middle""","""NA""","""NA""","""NA""","""olives""","""peppers""","""mustache""","""NA""","""NA""","""NA""","""right""","""left""","""right""","""NA""","""NA""","""NA""","""1w0w1b"""
"What is he talking about? (1-2 mins)","Short and fun! A 1-2 minute word game about what someone is talking about.","experiment, psychology, game","$0.25 ","Wed Jul 23 10:22:11 PDT 2014","200","0","0","200","Reviewable","NotReviewed","1 scales","600","60000","Wed Jul 30 10:22:11 PDT 2014","S17207","Approved","","""Christmas tree""","""lights""","0","""left""","""right""","-1","0","0","1","0","0","-1","-1","""TRUE""","""NA""","""NA""","-1","-1","-1","-1","-1","-1","""communicating with few words""","""none""","0","""target""","""target""","""target""","""NA""","""NA""","""NA""","TRUE","TRUE","TRUE","""NA""","""NA""","""NA""","""Christmas tree""","""Christmas tree""","""sundae""","""NA""","""NA""","""NA""","""lights""","""ornaments""","""whipped cream""","""NA""","""NA""","""NA""","""left""","""right""","""right""","""NA""","""NA""","""NA""","""ornaments""","""lights""","""cherry""","""NA""","""NA""","""NA""","""right""","""left""","""left""","""NA""","""NA""","""NA""","""0w1w1b"""
"What is he talking about? (1-2 mins)","Short and fun! A 1-2 minute word game about what someone is talking about.","experiment, psychology, game","$0.25 ","Wed Jul 23 10:22:11 PDT 2014","200","0","0","200","Reviewable","NotReviewed","1 scales","600","60000","Wed Jul 30 10:22:11 PDT 2014","S23609","Approved","","""friend""","""hat""","0","""right""","""middle""","-1","0","0","1","0","0","-1","-1","""TRUE""","""NA""","""NA""","-1","-1","-1","-1","-1","-1","""Choosing what bob was talking about""","""Thanks!""","0","""logical""","""target""","""logical""","""NA""","""NA""","""NA""","FALSE","TRUE","FALSE","""NA""","""NA""","""NA""","""friend""","""friend""","""sundae""","""NA""","""NA""","""NA""","""hat""","""glasses""","""chocolate""","""NA""","""NA""","""NA""","""right""","""middle""","""right""","""NA""","""NA""","""NA""","""glasses""","""hat""","""whipped cream""","""NA""","""NA""","""NA""","""middle""","""right""","""middle""","""NA""","""NA""","""NA""","""1w0w1b"""
"What is he talking about? (1-2 mins)","Short and fun! A 1-2 minute word game about what someone is talking about.","experiment, psychology, game","$0.25 ","Wed Jul 23 10:22:11 PDT 2014","200","0","0","200","Reviewable","NotReviewed","1 scales","600","60000","Wed Jul 30 10:22:11 PDT 2014","S49638","Approved","","""Christmas tree""","""star""","0","""left""","""right""","-1","0","0","1","0","0","-1","-1","""TRUE""","""NA""","""NA""","-1","-1","-1","-1","-1","-1","""The aim was to see if people can guess what a person was talking about only off of a brief description. ""","""""","0","""target""","""target""","""target""","""NA""","""NA""","""NA""","TRUE","TRUE","TRUE","""NA""","""NA""","""NA""","""Christmas tree""","""Christmas tree""","""snowman""","""NA""","""NA""","""NA""","""star""","""lights""","""hat""","""NA""","""NA""","""NA""","""left""","""right""","""middle""","""NA""","""NA""","""NA""","""lights""","""star""","""mittens""","""NA""","""NA""","""NA""","""right""","""left""","""right""","""NA""","""NA""","""NA""","""1w0w1b"""
"What is he talking about? (1-2 mins)","Short and fun! A 1-2 minute word game about what someone is talking about.","experiment, psychology, game","$0.25 ","Wed Jul 23 10:22:11 PDT 2014","200","0","0","200","Reviewable","NotReviewed","1 scales","600","60000","Wed Jul 30 10:22:11 PDT 2014","S13599","Approved","","""sundae""","""cherry""","0","""left""","""right""","-1","0","0","1","0","0","-1","-1","""TRUE""","""NA""","""NA""","-1","-1","-1","-1","-1","-1","""Helping Bob through one word phrases""","""No.""","0","""target""","""target""","""target""","""NA""","""NA""","""NA""","TRUE","TRUE","TRUE","""NA""","""NA""","""NA""","""sundae""","""sundae""","""pizza""","""NA""","""NA""","""NA""","""cherry""","""chocolate""","""olives""","""NA""","""NA""","""NA""","""left""","""right""","""middle""","""NA""","""NA""","""NA""","""chocolate""","""cherry""","""peppers""","""NA""","""NA""","""NA""","""right""","""left""","""left""","""NA""","""NA""","""NA""","""0w1w1b"""
"What is he talking about? (1-2 mins)","Short and fun! A 1-2 minute word game about what someone is talking about.","experiment, psychology, game","$0.25 ","Wed Jul 23 10:22:11 PDT 2014","200","0","0","200","Reviewable","NotReviewed","1 scales","600","60000","Wed Jul 30 10:22:11 PDT 2014","S82828","Approved","","""pizza""","""mushrooms""","0","""left""","""middle""","-1","0","0","1","0","0","-1","-1","""TRUE""","""NA""","""NA""","-1","-1","-1","-1","-1","-1","""Bob's activities""","""""","0","""foil""","""target""","""target""","""NA""","""NA""","""NA""","FALSE","TRUE","TRUE","""NA""","""NA""","""NA""","""pizza""","""pizza""","""snowman""","""NA""","""NA""","""NA""","""mushrooms""","""olives""","""hat""","""NA""","""NA""","""NA""","""left""","""middle""","""right""","""NA""","""NA""","""NA""","""olives""","""mushrooms""","""mittens""","""NA""","""NA""","""NA""","""middle""","""left""","""left""","""NA""","""NA""","""NA""","""0w1w1b"""
"What is he talking about? (1-2 mins)","Short and fun! A 1-2 minute word game about what someone is talking about.","experiment, psychology, game","$0.25 ","Wed Jul 23 10:22:11 PDT 2014","200","0","0","200","Reviewable","NotReviewed","1 scales","600","60000","Wed Jul 30 10:22:11 PDT 2014","S71754","Approved","","""sundae""","""chocolate""","0","""middle""","""left""","-1","0","0","1","0","0","-1","-1","""TRUE""","""NA""","""NA""","-1","-1","-1","-1","-1","-1","""Choosing what item we thought bob wanted.""","""""","0","""target""","""target""","""target""","""NA""","""NA""","""NA""","TRUE","TRUE","TRUE","""NA""","""NA""","""NA""","""sundae""","""sundae""","""friend""","""NA""","""NA""","""NA""","""chocolate""","""whipped cream""","""hat""","""NA""","""NA""","""NA""","""middle""","""left""","""left""","""NA""","""NA""","""NA""","""whipped cream""","""chocolate""","""mustache""","""NA""","""NA""","""NA""","""left""","""middle""","""right""","""NA""","""NA""","""NA""","""1w0w1b"""
"What is he talking about? (1-2 mins)","Short and fun! A 1-2 minute word game about what someone is talking about.","experiment, psychology, game","$0.25 ","Wed Jul 23 10:22:11 PDT 2014","200","0","0","200","Reviewable","NotReviewed","1 scales","600","60000","Wed Jul 30 10:22:11 PDT 2014","S41207","Approved","","""boat""","""cabin""","0","""right""","""middle""","-1","0","0","1","0","0","-1","-1","""FALSE""","""NA""","""NA""","-1","-1","-1","-1","-1","-1","""It was about how we draw conclusions based on information given. ""","""""","0","""logical""","""target""","""target""","""NA""","""NA""","""NA""","FALSE","TRUE","TRUE","""NA""","""NA""","""NA""","""boat""","""boat""","""friend""","""NA""","""NA""","""NA""","""cabin""","""sail""","""glasses""","""NA""","""NA""","""NA""","""right""","""middle""","""right""","""NA""","""NA""","""NA""","""sail""","""cabin""","""hat""","""NA""","""NA""","""NA""","""middle""","""right""","""left""","""NA""","""NA""","""NA""","""1w0w1b"""
"What is he talking about? (1-2 mins)","Short and fun! A 1-2 minute word game about what someone is talking about.","experiment, psychology, game","$0.25 ","Wed Jul 23 10:22:11 PDT 2014","200","0","0","200","Reviewable","NotReviewed","1 scales","600","60000","Wed Jul 30 10:22:11 PDT 2014","S81678","Approved","","""pizza""","""peppers""","0","""right""","""left""","-1","0","0","1","0","0","-1","-1","""TRUE""","""NA""","""NA""","-1","-1","-1","-1","-1","-1","""what Bob was talking about.""","""no""","0","""target""","""target""","""target""","""NA""","""NA""","""NA""","TRUE","TRUE","TRUE","""NA""","""NA""","""NA""","""pizza""","""pizza""","""boat""","""NA""","""NA""","""NA""","""peppers""","""olives""","""cabin""","""NA""","""NA""","""NA""","""right""","""left""","""middle""","""NA""","""NA""","""NA""","""olives""","""peppers""","""motor""","""NA""","""NA""","""NA""","""left""","""right""","""right""","""NA""","""NA""","""NA""","""0w1w1b"""
"What is he talking about? (1-2 mins)","Short and fun! A 1-2 minute word game about what someone is talking about.","experiment, psychology, game","$0.25 ","Wed Jul 23 10:22:11 PDT 2014","200","0","0","200","Reviewable","NotReviewed","1 scales","600","60000","Wed Jul 30 10:22:11 PDT 2014","S32178","Approved","","""boat""","""motor""","0","""right""","""left""","-1","0","0","1","0","0","-1","-1","""TRUE""","""NA""","""NA""","-1","-1","-1","-1","-1","-1","""I think it was about communication.""","""""","0","""target""","""target""","""target""","""NA""","""NA""","""NA""","TRUE","TRUE","TRUE","""NA""","""NA""","""NA""","""boat""","""boat""","""snowman""","""NA""","""NA""","""NA""","""motor""","""cabin""","""scarf""","""NA""","""NA""","""NA""","""right""","""left""","""right""","""NA""","""NA""","""NA""","""cabin""","""motor""","""hat""","""NA""","""NA""","""NA""","""left""","""right""","""middle""","""NA""","""NA""","""NA""","""0w1w1b"""
"What is he talking about? (1-2 mins)","Short and fun! A 1-2 minute word game about what someone is talking about.","experiment, psychology, game","$0.25 ","Wed Jul 23 10:22:11 PDT 2014","200","0","0","200","Reviewable","NotReviewed","1 scales","600","60000","Wed Jul 30 10:22:11 PDT 2014","S20633","Approved","","""snowman""","""mittens""","0","""right""","""middle""","-1","0","0","1","0","0","-1","-1","""TRUE""","""NA""","""NA""","-1","-1","-1","-1","-1","-1","""what bob does""","""""","0","""logical""","""target""","""logical""","""NA""","""NA""","""NA""","FALSE","TRUE","FALSE","""NA""","""NA""","""NA""","""snowman""","""snowman""","""boat""","""NA""","""NA""","""NA""","""mittens""","""hat""","""sail""","""NA""","""NA""","""NA""","""right""","""middle""","""right""","""NA""","""NA""","""NA""","""hat""","""mittens""","""cabin""","""NA""","""NA""","""NA""","""middle""","""right""","""middle""","""NA""","""NA""","""NA""","""1w0w1b"""
"What is he talking about? (1-2 mins)","Short and fun! A 1-2 minute word game about what someone is talking about.","experiment, psychology, game","$0.25 ","Wed Jul 23 10:22:11 PDT 2014","200","0","0","200","Reviewable","NotReviewed","1 scales","600","60000","Wed Jul 30 10:22:11 PDT 2014","S02412","Approved","","""boat""","""motor""","0","""right""","""middle""","-1","0","0","1","0","0","-1","-1","""TRUE""","""NA""","""NA""","-1","-1","-1","-1","-1","-1","""bobs boats and pizza""","""""","0","""target""","""target""","""target""","""NA""","""NA""","""NA""","TRUE","TRUE","TRUE","""NA""","""NA""","""NA""","""boat""","""boat""","""pizza""","""NA""","""NA""","""NA""","""motor""","""cabin""","""mushrooms""","""NA""","""NA""","""NA""","""right""","""middle""","""middle""","""NA""","""NA""","""NA""","""cabin""","""motor""","""olives""","""NA""","""NA""","""NA""","""middle""","""right""","""left""","""NA""","""NA""","""NA""","""0w1w1b"""
"What is he talking about? (1-2 mins)","Short and fun! A 1-2 minute word game about what someone is talking about.","experiment, psychology, game","$0.25 ","Wed Jul 23 10:22:11 PDT 2014","200","0","0","200","Reviewable","NotReviewed","1 scales","600","60000","Wed Jul 30 10:22:11 PDT 2014","S64665","Approved","","""snowman""","""mittens""","0","""right""","""left""","-1","0","0","1","0","0","-1","-1","""TRUE""","""NA""","""NA""","-1","-1","-1","-1","-1","-1","""Figuring out connection between stated word and images.""","""The questions seemed easy when there was only one image that matched the word (olives, for example).  But when the word matched 2 images, how to decide?  For hat I chose the one that had only a hat as being most direct, though one image also had hat and mittens.  Then there is the thought--maybe Bob was trying to communicate not which image had a hat, but which image needed one!!  Didn't take that choice, but I thought of it.""","0","""target""","""target""","""target""","""NA""","""NA""","""NA""","TRUE","TRUE","TRUE","""NA""","""NA""","""NA""","""snowman""","""snowman""","""pizza""","""NA""","""NA""","""NA""","""mittens""","""hat""","""olives""","""NA""","""NA""","""NA""","""right""","""left""","""left""","""NA""","""NA""","""NA""","""hat""","""mittens""","""peppers""","""NA""","""NA""","""NA""","""left""","""right""","""middle""","""NA""","""NA""","""NA""","""0w1w1b"""
"What is he talking about? (1-2 mins)","Short and fun! A 1-2 minute word game about what someone is talking about.","experiment, psychology, game","$0.25 ","Wed Jul 23 10:22:11 PDT 2014","200","0","0","200","Reviewable","NotReviewed","1 scales","600","60000","Wed Jul 30 10:22:11 PDT 2014","S30415","Approved","","""friend""","""hat""","0","""left""","""middle""","-1","0","0","1","0","0","-1","-1","""TRUE""","""NA""","""NA""","-1","-1","-1","-1","-1","-1","""Trying to determine what Bob chose based on one word.""","""Thanks for the study!""","0","""target""","""target""","""target""","""NA""","""NA""","""NA""","TRUE","TRUE","TRUE","""NA""","""NA""","""NA""","""friend""","""friend""","""sundae""","""NA""","""NA""","""NA""","""hat""","""glasses""","""whipped cream""","""NA""","""NA""","""NA""","""left""","""middle""","""right""","""NA""","""NA""","""NA""","""glasses""","""hat""","""cherry""","""NA""","""NA""","""NA""","""middle""","""left""","""left""","""NA""","""NA""","""NA""","""0w1w1b"""
"What is he talking about? (1-2 mins)","Short and fun! A 1-2 minute word game about what someone is talking about.","experiment, psychology, game","$0.25 ","Wed Jul 23 10:22:11 PDT 2014","200","0","0","200","Reviewable","NotReviewed","1 scales","600","60000","Wed Jul 30 10:22:11 PDT 2014","S01452","Approved","","""boat""","""cabin""","0","""left""","""right""","-1","0","0","1","0","0","-1","-1","""TRUE""","""NA""","""NA""","-1","-1","-1","-1","-1","-1","""What Bob likes.""","""""","0","""target""","""foil""","""target""","""NA""","""NA""","""NA""","TRUE","FALSE","TRUE","""NA""","""NA""","""NA""","""boat""","""boat""","""sundae""","""NA""","""NA""","""NA""","""cabin""","""sail""","""chocolate""","""NA""","""NA""","""NA""","""left""","""right""","""right""","""NA""","""NA""","""NA""","""sail""","""cabin""","""cherry""","""NA""","""NA""","""NA""","""right""","""left""","""left""","""NA""","""NA""","""NA""","""0w1w1b"""
"What is he talking about? (1-2 mins)","Short and fun! A 1-2 minute word game about what someone is talking about.","experiment, psychology, game","$0.25 ","Wed Jul 23 10:22:11 PDT 2014","200","0","0","200","Reviewable","NotReviewed","1 scales","600","60000","Wed Jul 30 10:22:11 PDT 2014","S14471","Approved","","""sundae""","""cherry""","0","""right""","""left""","-1","0","0","1","0","0","-1","-1","""TRUE""","""NA""","""NA""","-1","-1","-1","-1","-1","-1","""Bob making choices with one word""","""""","0","""target""","""target""","""target""","""NA""","""NA""","""NA""","TRUE","TRUE","TRUE","""NA""","""NA""","""NA""","""sundae""","""sundae""","""snowman""","""NA""","""NA""","""NA""","""cherry""","""chocolate""","""scarf""","""NA""","""NA""","""NA""","""right""","""left""","""right""","""NA""","""NA""","""NA""","""chocolate""","""cherry""","""hat""","""NA""","""NA""","""NA""","""left""","""right""","""middle""","""NA""","""NA""","""NA""","""0w1w1b"""
"What is he talking about? (1-2 mins)","Short and fun! A 1-2 minute word game about what someone is talking about.","experiment, psychology, game","$0.25 ","Wed Jul 23 10:22:11 PDT 2014","200","0","0","200","Reviewable","NotReviewed","1 scales","600","60000","Wed Jul 30 10:22:11 PDT 2014","S51714","Approved","","""pizza""","""olives""","0","""middle""","""right""","-1","0","0","1","0","0","-1","-1","""TRUE""","""NA""","""NA""","-1","-1","-1","-1","-1","-1","""Bob's choices""","""I think his name was Bob? ""","0","""target""","""target""","""target""","""NA""","""NA""","""NA""","TRUE","TRUE","TRUE","""NA""","""NA""","""NA""","""pizza""","""pizza""","""friend""","""NA""","""NA""","""NA""","""olives""","""mushrooms""","""glasses""","""NA""","""NA""","""NA""","""middle""","""right""","""left""","""NA""","""NA""","""NA""","""mushrooms""","""olives""","""mustache""","""NA""","""NA""","""NA""","""right""","""middle""","""right""","""NA""","""NA""","""NA""","""1w0w1b"""
"What is he talking about? (1-2 mins)","Short and fun! A 1-2 minute word game about what someone is talking about.","experiment, psychology, game","$0.25 ","Wed Jul 23 10:22:11 PDT 2014","200","0","0","200","Reviewable","NotReviewed","1 scales","600","60000","Wed Jul 30 10:22:11 PDT 2014","S19936","Approved","","""Christmas tree""","""star""","0","""left""","""right""","-1","0","0","1","0","0","-1","-1","""TRUE""","""NA""","""NA""","-1","-1","-1","-1","-1","-1","""perception?""","""have a great day!""","0","""target""","""target""","""target""","""NA""","""NA""","""NA""","TRUE","TRUE","TRUE","""NA""","""NA""","""NA""","""Christmas tree""","""Christmas tree""","""friend""","""NA""","""NA""","""NA""","""star""","""lights""","""glasses""","""NA""","""NA""","""NA""","""left""","""right""","""right""","""NA""","""NA""","""NA""","""lights""","""star""","""hat""","""NA""","""NA""","""NA""","""right""","""left""","""middle""","""NA""","""NA""","""NA""","""0w1w1b"""
"What is he talking about? (1-2 mins)","Short and fun! A 1-2 minute word game about what someone is talking about.","experiment, psychology, game","$0.25 ","Wed Jul 23 10:22:11 PDT 2014","200","0","0","200","Reviewable","NotReviewed","1 scales","600","60000","Wed Jul 30 10:22:11 PDT 2014","S15091","Approved","","""sundae""","""cherry""","0","""middle""","""left""","-1","0","0","1","0","0","-1","-1","""TRUE""","""NA""","""NA""","-1","-1","-1","-1","-1","-1","""This survey is trying to see if people can figure out what someone is talking about based on one word clues.""","""I enjoyed participating in this survey!""","0","""target""","""logical""","""logical""","""NA""","""NA""","""NA""","TRUE","FALSE","FALSE","""NA""","""NA""","""NA""","""sundae""","""sundae""","""Christmas tree""","""NA""","""NA""","""NA""","""cherry""","""whipped cream""","""star""","""NA""","""NA""","""NA""","""middle""","""left""","""middle""","""NA""","""NA""","""NA""","""whipped cream""","""cherry""","""lights""","""NA""","""NA""","""NA""","""left""","""middle""","""right""","""NA""","""NA""","""NA""","""0w1w1b"""
