"title","description","keywords","reward","creationtime","assignments","numavailable","numpending","numcomplete","hitstatus","reviewstatus","annotation","assignmentduration","autoapprovaldelay","hitlifetime","workerid","assignmentstatus","deadline","Answer.item","Answer.target_property","Answer.target_frequency","Answer.target_position","Answer.distractor_position","Answer.familiarization_cond","Answer.foil_property","Answer.participant_response_type_condition","Answer.participant_feature_count_condition","Answer.linguistic_framing_condition","Answer.target_filler_sequence_condition","Answer.question_type_condition","Answer.manip_check_target","Answer.manip_check_dist","Answer.name_check_correct","Answer.choice","Answer.choice_correct","Answer.money_allocated_to_foil","Answer.money_allocated_to_target","Answer.money_allocated_to_logical","Answer.Likert_value_foil","Answer.Likert_value_target","Answer.Likert_value_logical","Answer.keyboard","Answer.features_in_referent_to_describe","Answer.target_positive","Answer.target_negative","Answer.foil_positive","Answer.foil_negative","Answer.about","Answer.comment","Answer.familiarization_present_in_study","Answer.choice_1","Answer.choice_2","Answer.choice_3","Answer.choice_4","Answer.choice_5","Answer.choice_6","Answer.choice_correct_1","Answer.choice_correct_2","Answer.choice_correct_3","Answer.choice_correct_4","Answer.choice_correct_5","Answer.choice_correct_6","Answer.item_1","Answer.item_2","Answer.item_3","Answer.item_4","Answer.item_5","Answer.item_6","Answer.target_prop_1","Answer.target_prop_2","Answer.target_prop_3","Answer.target_prop_4","Answer.target_prop_5","Answer.target_prop_6","Answer.target_position_1","Answer.target_position_2","Answer.target_position_3","Answer.target_position_4","Answer.target_position_5","Answer.target_position_6","Answer.distractor_prop_1","Answer.distractor_prop_2","Answer.distractor_prop_3","Answer.distractor_prop_4","Answer.distractor_prop_5","Answer.distractor_prop_6","Answer.distractor_position_1","Answer.distractor_position_2","Answer.distractor_position_3","Answer.distractor_position_4","Answer.distractor_position_5","Answer.distractor_position_6","Answer.checkbox_target_positive","Answer.checkbox_target_negative","Answer.checkbox_distractor_positive","Answer.checkbox_distractor_negative","Answer.checkbox_foil_positive","Answer.checkbox_foil_negative","Answer.sequence_condition","Answer.overspec","Answer.targetcorrect","Experiment.type"
"Object Description","Short and fun! A 1-2 minute word game about describing simple objects. Only one HIT per worker.","experiment, psychology, game, language, cognition, linguistics, description","$0.25 ","Tue Aug 12 17:23:41 PDT 2014","150","0","0","150","Reviewable","NotReviewed","1 scales","600","60000","Tue Aug 19 17:23:41 PDT 2014","S70480","Approved","","""pizza""","""olives""","0","""right""","""left""","-1","""peppers""","4","0","14","0","0","-1","-1","""TRUE""","""null""","""null""","-1","-1","-1","-1","-1","-1","-1","0","-1","-1","-1","-1","""Communication""","""No""","0","""keyboard""","""target""","""null""","""null""","""null""","""null""","""null""","TRUE","""null""","""null""","""null""","""null""","""pizza""","""pizza""","""null""","""null""","""null""","""null""","""olives""","""mushrooms""","""null""","""null""","""null""","""null""","""right""","""middle""","""null""","""null""","""null""","""null""","""mushrooms""","""mushrooms""","""null""","""null""","""null""","""null""","""left""","""left""","""null""","""null""","""null""","""null""","TRUE","FALSE","FALSE","TRUE","FALSE","TRUE","""kb1b""","1","1","Checkbox"
"Object Description","Short and fun! A 1-2 minute word game about describing simple objects. Only one HIT per worker.","experiment, psychology, game, language, cognition, linguistics, description","$0.25 ","Tue Aug 12 17:23:41 PDT 2014","150","0","0","150","Reviewable","NotReviewed","1 scales","600","60000","Tue Aug 19 17:23:41 PDT 2014","S29947","Approved","","""friend""","""mustache""","0","""left""","""middle""","-1","""glasses""","4","0","14","0","0","-1","-1","""TRUE""","""null""","""null""","-1","-1","-1","-1","-1","-1","-1","0","-1","-1","-1","-1","""Help turkers know what is being talked about and how Bob makes his friends. ""","""Interesting but a bit confusing. ""","0","""keyboard""","""logical""","""null""","""null""","""null""","""null""","""null""","FALSE","""null""","""null""","""null""","""null""","""friend""","""pizza""","""null""","""null""","""null""","""null""","""mustache""","""peppers""","""null""","""null""","""null""","""null""","""left""","""right""","""null""","""null""","""null""","""null""","""hat""","""peppers""","""null""","""null""","""null""","""null""","""middle""","""middle""","""null""","""null""","""null""","""null""","TRUE","FALSE","FALSE","TRUE","FALSE","TRUE","""kb1b""","1","0","Checkbox"
"Object Description","Short and fun! A 1-2 minute word game about describing simple objects. Only one HIT per worker.","experiment, psychology, game, language, cognition, linguistics, description","$0.25 ","Tue Aug 12 17:23:41 PDT 2014","150","0","0","150","Reviewable","NotReviewed","1 scales","600","60000","Tue Aug 19 17:23:41 PDT 2014","S87315","Approved","","""friend""","""glasses""","0","""left""","""right""","-1","""mustache""","4","0","14","0","0","-1","-1","""TRUE""","""null""","""null""","-1","-1","-1","-1","-1","-1","-1","0","-1","-1","-1","-1","""I am not sure""","""""","0","""keyboard""","""logical""","""null""","""null""","""null""","""null""","""null""","FALSE","""null""","""null""","""null""","""null""","""friend""","""pizza""","""null""","""null""","""null""","""null""","""glasses""","""mushrooms""","""null""","""null""","""null""","""null""","""left""","""right""","""null""","""null""","""null""","""null""","""hat""","""mushrooms""","""null""","""null""","""null""","""null""","""right""","""left""","""null""","""null""","""null""","""null""","FALSE","FALSE","FALSE","TRUE","FALSE","FALSE","""kb1b""","1","0","Checkbox"
"Object Description","Short and fun! A 1-2 minute word game about describing simple objects. Only one HIT per worker.","experiment, psychology, game, language, cognition, linguistics, description","$0.25 ","Tue Aug 12 17:23:41 PDT 2014","150","0","0","150","Reviewable","NotReviewed","1 scales","600","60000","Tue Aug 19 17:23:41 PDT 2014","S49170","Approved","","""pizza""","""olives""","0","""right""","""middle""","-1","""mushrooms""","4","0","14","0","0","-1","-1","""TRUE""","""null""","""null""","-1","-1","-1","-1","-1","-1","-1","0","-1","-1","-1","-1","""Words giving Descriptions""","""""","0","""keyboard""","""target""","""null""","""null""","""null""","""null""","""null""","TRUE","""null""","""null""","""null""","""null""","""pizza""","""friend""","""null""","""null""","""null""","""null""","""olives""","""hat""","""null""","""null""","""null""","""null""","""right""","""left""","""null""","""null""","""null""","""null""","""peppers""","""hat""","""null""","""null""","""null""","""null""","""middle""","""middle""","""null""","""null""","""null""","""null""","TRUE","FALSE","FALSE","TRUE","FALSE","TRUE","""kb1b""","1","1","Checkbox"
"Object Description","Short and fun! A 1-2 minute word game about describing simple objects. Only one HIT per worker.","experiment, psychology, game, language, cognition, linguistics, description","$0.25 ","Tue Aug 12 17:23:41 PDT 2014","150","0","0","150","Reviewable","NotReviewed","1 scales","600","60000","Tue Aug 19 17:23:41 PDT 2014","S79444","Approved","","""friend""","""glasses""","0","""middle""","""left""","-1","""hat""","4","0","14","0","0","-1","-1","""TRUE""","""null""","""null""","-1","-1","-1","-1","-1","-1","-1","0","-1","-1","-1","-1","""Smiley faces and christmas trees""","""""","0","""keyboard""","""target""","""null""","""null""","""null""","""null""","""null""","TRUE","""null""","""null""","""null""","""null""","""friend""","""Christmas tree""","""null""","""null""","""null""","""null""","""glasses""","""ornaments""","""null""","""null""","""null""","""null""","""middle""","""left""","""null""","""null""","""null""","""null""","""mustache""","""ornaments""","""null""","""null""","""null""","""null""","""left""","""right""","""null""","""null""","""null""","""null""","TRUE","FALSE","FALSE","TRUE","FALSE","TRUE","""kb1b""","1","1","Checkbox"
"Object Description","Short and fun! A 1-2 minute word game about describing simple objects. Only one HIT per worker.","experiment, psychology, game, language, cognition, linguistics, description","$0.25 ","Tue Aug 12 17:23:41 PDT 2014","150","0","0","150","Reviewable","NotReviewed","1 scales","600","60000","Tue Aug 19 17:23:41 PDT 2014","S05330","Approved","","""snowman""","""mittens""","0","""middle""","""right""","-1","""scarf""","4","0","14","0","0","-1","-1","""TRUE""","""null""","""null""","-1","-1","-1","-1","-1","-1","-1","0","-1","-1","-1","-1","""Describing an object""","""no""","0","""keyboard""","""logical""","""null""","""null""","""null""","""null""","""null""","FALSE","""null""","""null""","""null""","""null""","""snowman""","""snowman""","""null""","""null""","""null""","""null""","""mittens""","""scarf""","""null""","""null""","""null""","""null""","""middle""","""right""","""null""","""null""","""null""","""null""","""hat""","""scarf""","""null""","""null""","""null""","""null""","""right""","""middle""","""null""","""null""","""null""","""null""","TRUE","FALSE","FALSE","TRUE","FALSE","TRUE","""kb1b""","1","0","Checkbox"
"Object Description","Short and fun! A 1-2 minute word game about describing simple objects. Only one HIT per worker.","experiment, psychology, game, language, cognition, linguistics, description","$0.25 ","Tue Aug 12 17:23:41 PDT 2014","150","0","0","150","Reviewable","NotReviewed","1 scales","600","60000","Tue Aug 19 17:23:41 PDT 2014","S41957","Approved","","""Christmas tree""","""ornaments""","0","""middle""","""right""","-1","""lights""","4","0","14","0","0","-1","-1","""TRUE""","""null""","""null""","-1","-1","-1","-1","-1","-1","-1","0","-1","-1","-1","-1","""perception""","""none""","0","""keyboard""","""logical""","""null""","""null""","""null""","""null""","""null""","FALSE","""null""","""null""","""null""","""null""","""Christmas tree""","""pizza""","""null""","""null""","""null""","""null""","""ornaments""","""olives""","""null""","""null""","""null""","""null""","""middle""","""middle""","""null""","""null""","""null""","""null""","""star""","""olives""","""null""","""null""","""null""","""null""","""right""","""right""","""null""","""null""","""null""","""null""","FALSE","FALSE","FALSE","TRUE","FALSE","FALSE","""kb1b""","0","0","Checkbox"
"Object Description","Short and fun! A 1-2 minute word game about describing simple objects. Only one HIT per worker.","experiment, psychology, game, language, cognition, linguistics, description","$0.25 ","Tue Aug 12 17:23:41 PDT 2014","150","0","0","150","Reviewable","NotReviewed","1 scales","600","60000","Tue Aug 19 17:23:41 PDT 2014","S62600","Approved","","""Christmas tree""","""lights""","0","""left""","""middle""","-1","""star""","4","0","14","0","0","-1","-1","""TRUE""","""null""","""null""","-1","-1","-1","-1","-1","-1","-1","0","-1","-1","-1","-1","""Describing stuff.""","""I needed more details to pick the right pizza...obviously.""","0","""keyboard""","""logical""","""null""","""null""","""null""","""null""","""null""","FALSE","""null""","""null""","""null""","""null""","""Christmas tree""","""pizza""","""null""","""null""","""null""","""null""","""lights""","""peppers""","""null""","""null""","""null""","""null""","""left""","""left""","""null""","""null""","""null""","""null""","""ornaments""","""peppers""","""null""","""null""","""null""","""null""","""middle""","""middle""","""null""","""null""","""null""","""null""","TRUE","FALSE","FALSE","TRUE","FALSE","TRUE","""kb1b""","1","0","Checkbox"
"Object Description","Short and fun! A 1-2 minute word game about describing simple objects. Only one HIT per worker.","experiment, psychology, game, language, cognition, linguistics, description","$0.25 ","Tue Aug 12 17:23:41 PDT 2014","150","0","0","150","Reviewable","NotReviewed","1 scales","600","60000","Tue Aug 19 17:23:41 PDT 2014","S72021","Approved","","""Christmas tree""","""star""","0","""right""","""left""","-1","""ornaments""","4","0","14","0","0","-1","-1","""TRUE""","""null""","""null""","-1","-1","-1","-1","-1","-1","-1","0","-1","-1","-1","-1","""communication using limited information""","""nope""","0","""keyboard""","""foil""","""null""","""null""","""null""","""null""","""null""","FALSE","""null""","""null""","""null""","""null""","""Christmas tree""","""sundae""","""null""","""null""","""null""","""null""","""star""","""whipped cream""","""null""","""null""","""null""","""null""","""right""","""middle""","""null""","""null""","""null""","""null""","""lights""","""whipped cream""","""null""","""null""","""null""","""null""","""left""","""left""","""null""","""null""","""null""","""null""","TRUE","FALSE","FALSE","TRUE","FALSE","TRUE","""kb1b""","1","0","Checkbox"
"Object Description","Short and fun! A 1-2 minute word game about describing simple objects. Only one HIT per worker.","experiment, psychology, game, language, cognition, linguistics, description","$0.25 ","Tue Aug 12 17:23:41 PDT 2014","150","0","0","150","Reviewable","NotReviewed","1 scales","600","60000","Tue Aug 19 17:23:41 PDT 2014","S89956","Approved","","""friend""","""glasses""","0","""middle""","""left""","-1","""mustache""","4","0","14","0","0","-1","-1","""TRUE""","""null""","""null""","-1","-1","-1","-1","-1","-1","-1","0","-1","-1","-1","-1","""Turkers' ability to describe and differentiate images.""","""""","0","""keyboard""","""logical""","""null""","""null""","""null""","""null""","""null""","FALSE","""null""","""null""","""null""","""null""","""friend""","""Christmas tree""","""null""","""null""","""null""","""null""","""glasses""","""star""","""null""","""null""","""null""","""null""","""middle""","""middle""","""null""","""null""","""null""","""null""","""hat""","""star""","""null""","""null""","""null""","""null""","""left""","""right""","""null""","""null""","""null""","""null""","TRUE","FALSE","FALSE","TRUE","FALSE","TRUE","""kb1b""","1","0","Checkbox"
"Object Description","Short and fun! A 1-2 minute word game about describing simple objects. Only one HIT per worker.","experiment, psychology, game, language, cognition, linguistics, description","$0.25 ","Tue Aug 12 17:23:41 PDT 2014","150","0","0","150","Reviewable","NotReviewed","1 scales","600","60000","Tue Aug 19 17:23:41 PDT 2014","S31511","Approved","","""friend""","""mustache""","0","""middle""","""right""","-1","""hat""","4","0","14","0","0","-1","-1","""TRUE""","""null""","""null""","-1","-1","-1","-1","-1","-1","-1","0","-1","-1","-1","-1","""Seeing if we could explain to another person which image to pick""","""""","0","""keyboard""","""logical""","""null""","""null""","""null""","""null""","""null""","FALSE","""null""","""null""","""null""","""null""","""friend""","""sundae""","""null""","""null""","""null""","""null""","""mustache""","""whipped cream""","""null""","""null""","""null""","""null""","""middle""","""left""","""null""","""null""","""null""","""null""","""glasses""","""whipped cream""","""null""","""null""","""null""","""null""","""right""","""middle""","""null""","""null""","""null""","""null""","TRUE","FALSE","FALSE","TRUE","FALSE","TRUE","""kb1b""","1","0","Checkbox"
"Object Description","Short and fun! A 1-2 minute word game about describing simple objects. Only one HIT per worker.","experiment, psychology, game, language, cognition, linguistics, description","$0.25 ","Tue Aug 12 17:23:41 PDT 2014","150","0","0","150","Reviewable","NotReviewed","1 scales","600","60000","Tue Aug 19 17:23:41 PDT 2014","S52310","Approved","","""pizza""","""mushrooms""","0","""right""","""middle""","-1","""olives""","4","0","14","0","0","-1","-1","""TRUE""","""null""","""null""","-1","-1","-1","-1","-1","-1","-1","0","-1","-1","-1","-1","""Communication""","""""","0","""keyboard""","""foil""","""null""","""null""","""null""","""null""","""null""","FALSE","""null""","""null""","""null""","""null""","""pizza""","""snowman""","""null""","""null""","""null""","""null""","""mushrooms""","""mittens""","""null""","""null""","""null""","""null""","""right""","""middle""","""null""","""null""","""null""","""null""","""peppers""","""mittens""","""null""","""null""","""null""","""null""","""middle""","""left""","""null""","""null""","""null""","""null""","TRUE","FALSE","FALSE","FALSE","FALSE","FALSE","""kb1b""","0","0","Checkbox"
"Object Description","Short and fun! A 1-2 minute word game about describing simple objects. Only one HIT per worker.","experiment, psychology, game, language, cognition, linguistics, description","$0.25 ","Tue Aug 12 17:23:41 PDT 2014","150","0","0","150","Reviewable","NotReviewed","1 scales","600","60000","Tue Aug 19 17:23:41 PDT 2014","S74682","Approved","","""snowman""","""scarf""","0","""left""","""middle""","-1","""mittens""","4","0","14","0","0","-1","-1","""TRUE""","""null""","""null""","-1","-1","-1","-1","-1","-1","-1","0","-1","-1","-1","-1","""not too sure""","""no additional comments""","0","""keyboard""","""target""","""null""","""null""","""null""","""null""","""null""","TRUE","""null""","""null""","""null""","""null""","""snowman""","""Christmas tree""","""null""","""null""","""null""","""null""","""scarf""","""star""","""null""","""null""","""null""","""null""","""left""","""middle""","""null""","""null""","""null""","""null""","""hat""","""star""","""null""","""null""","""null""","""null""","""middle""","""left""","""null""","""null""","""null""","""null""","TRUE","FALSE","FALSE","TRUE","FALSE","FALSE","""kb1b""","1","1","Checkbox"
"Object Description","Short and fun! A 1-2 minute word game about describing simple objects. Only one HIT per worker.","experiment, psychology, game, language, cognition, linguistics, description","$0.25 ","Tue Aug 12 17:23:41 PDT 2014","150","0","0","150","Reviewable","NotReviewed","1 scales","600","60000","Tue Aug 19 17:23:41 PDT 2014","S83713","Approved","","""Christmas tree""","""lights""","0","""middle""","""left""","-1","""star""","4","0","14","0","0","-1","-1","""TRUE""","""null""","""null""","-1","-1","-1","-1","-1","-1","-1","0","-1","-1","-1","-1","""language""","""""","0","""keyboard""","""logical""","""null""","""null""","""null""","""null""","""null""","FALSE","""null""","""null""","""null""","""null""","""Christmas tree""","""boat""","""null""","""null""","""null""","""null""","""lights""","""motor""","""null""","""null""","""null""","""null""","""middle""","""middle""","""null""","""null""","""null""","""null""","""ornaments""","""motor""","""null""","""null""","""null""","""null""","""left""","""left""","""null""","""null""","""null""","""null""","TRUE","FALSE","FALSE","TRUE","FALSE","TRUE","""kb1b""","1","0","Checkbox"
"Object Description","Short and fun! A 1-2 minute word game about describing simple objects. Only one HIT per worker.","experiment, psychology, game, language, cognition, linguistics, description","$0.25 ","Tue Aug 12 17:23:41 PDT 2014","150","0","0","150","Reviewable","NotReviewed","1 scales","600","60000","Tue Aug 19 17:23:41 PDT 2014","S65452","Approved","","""Christmas tree""","""star""","0","""left""","""middle""","-1","""lights""","4","0","14","0","0","-1","-1","""TRUE""","""null""","""null""","-1","-1","-1","-1","-1","-1","-1","0","-1","-1","-1","-1","""Giving other people hints and using other hints from a turker to pic out correct pictures.""","""My person that only picked out peppers screwed me because two of the pictures had peppers.""","0","""keyboard""","""logical""","""null""","""null""","""null""","""null""","""null""","FALSE","""null""","""null""","""null""","""null""","""Christmas tree""","""pizza""","""null""","""null""","""null""","""null""","""star""","""peppers""","""null""","""null""","""null""","""null""","""left""","""right""","""null""","""null""","""null""","""null""","""ornaments""","""peppers""","""null""","""null""","""null""","""null""","""middle""","""left""","""null""","""null""","""null""","""null""","TRUE","FALSE","FALSE","TRUE","FALSE","TRUE","""kb1b""","1","0","Checkbox"
"Object Description","Short and fun! A 1-2 minute word game about describing simple objects. Only one HIT per worker.","experiment, psychology, game, language, cognition, linguistics, description","$0.25 ","Tue Aug 12 17:23:41 PDT 2014","150","0","0","150","Reviewable","NotReviewed","1 scales","600","60000","Tue Aug 19 17:23:41 PDT 2014","S75293","Approved","","""Christmas tree""","""star""","0","""right""","""middle""","-1","""ornaments""","4","0","14","0","0","-1","-1","""TRUE""","""null""","""null""","-1","-1","-1","-1","-1","-1","-1","0","-1","-1","-1","-1","""How you use limited information to interpret a description""","""No""","0","""keyboard""","""target""","""null""","""null""","""null""","""null""","""null""","TRUE","""null""","""null""","""null""","""null""","""Christmas tree""","""friend""","""null""","""null""","""null""","""null""","""star""","""hat""","""null""","""null""","""null""","""null""","""right""","""right""","""null""","""null""","""null""","""null""","""lights""","""hat""","""null""","""null""","""null""","""null""","""middle""","""left""","""null""","""null""","""null""","""null""","FALSE","FALSE","FALSE","TRUE","FALSE","FALSE","""kb1b""","0","1","Checkbox"
"Object Description","Short and fun! A 1-2 minute word game about describing simple objects. Only one HIT per worker.","experiment, psychology, game, language, cognition, linguistics, description","$0.25 ","Tue Aug 12 17:23:41 PDT 2014","150","0","0","150","Reviewable","NotReviewed","1 scales","600","60000","Tue Aug 19 17:23:41 PDT 2014","S03284","Approved","","""snowman""","""hat""","0","""right""","""left""","-1","""mittens""","4","0","14","0","0","-1","-1","""TRUE""","""null""","""null""","-1","-1","-1","-1","-1","-1","-1","0","-1","-1","-1","-1","""describing objects""","""""","0","""keyboard""","""foil""","""null""","""null""","""null""","""null""","""null""","FALSE","""null""","""null""","""null""","""null""","""snowman""","""friend""","""null""","""null""","""null""","""null""","""hat""","""glasses""","""null""","""null""","""null""","""null""","""right""","""middle""","""null""","""null""","""null""","""null""","""scarf""","""glasses""","""null""","""null""","""null""","""null""","""left""","""left""","""null""","""null""","""null""","""null""","TRUE","FALSE","FALSE","TRUE","FALSE","TRUE","""kb1b""","1","0","Checkbox"
"Object Description","Short and fun! A 1-2 minute word game about describing simple objects. Only one HIT per worker.","experiment, psychology, game, language, cognition, linguistics, description","$0.25 ","Tue Aug 12 17:23:41 PDT 2014","150","0","0","150","Reviewable","NotReviewed","1 scales","600","60000","Tue Aug 19 17:23:41 PDT 2014","S60705","Approved","","""pizza""","""peppers""","0","""left""","""middle""","-1","""olives""","4","0","14","0","0","-1","-1","""TRUE""","""null""","""null""","-1","-1","-1","-1","-1","-1","-1","0","-1","-1","-1","-1","""Describing objects""","""""","0","""keyboard""","""logical""","""null""","""null""","""null""","""null""","""null""","FALSE","""null""","""null""","""null""","""null""","""pizza""","""boat""","""null""","""null""","""null""","""null""","""peppers""","""motor""","""null""","""null""","""null""","""null""","""left""","""left""","""null""","""null""","""null""","""null""","""mushrooms""","""motor""","""null""","""null""","""null""","""null""","""middle""","""middle""","""null""","""null""","""null""","""null""","TRUE","FALSE","FALSE","FALSE","FALSE","FALSE","""kb1b""","0","0","Checkbox"
"Object Description","Short and fun! A 1-2 minute word game about describing simple objects. Only one HIT per worker.","experiment, psychology, game, language, cognition, linguistics, description","$0.25 ","Tue Aug 12 17:23:41 PDT 2014","150","0","0","150","Reviewable","NotReviewed","1 scales","600","60000","Tue Aug 19 17:23:41 PDT 2014","S05207","Approved","","""snowman""","""hat""","0","""right""","""middle""","-1","""scarf""","4","0","14","0","0","-1","-1","""TRUE""","""null""","""null""","-1","-1","-1","-1","-1","-1","-1","0","-1","-1","-1","-1","""communication""","""""","0","""keyboard""","""target""","""null""","""null""","""null""","""null""","""null""","TRUE","""null""","""null""","""null""","""null""","""snowman""","""friend""","""null""","""null""","""null""","""null""","""hat""","""glasses""","""null""","""null""","""null""","""null""","""right""","""right""","""null""","""null""","""null""","""null""","""mittens""","""glasses""","""null""","""null""","""null""","""null""","""middle""","""left""","""null""","""null""","""null""","""null""","TRUE","FALSE","FALSE","TRUE","FALSE","TRUE","""kb1b""","1","1","Checkbox"
"Object Description","Short and fun! A 1-2 minute word game about describing simple objects. Only one HIT per worker.","experiment, psychology, game, language, cognition, linguistics, description","$0.25 ","Tue Aug 12 17:23:41 PDT 2014","150","0","0","150","Reviewable","NotReviewed","1 scales","600","60000","Tue Aug 19 17:23:41 PDT 2014","S06343","Approved","","""boat""","""motor""","0","""middle""","""left""","-1","""sail""","4","0","14","0","0","-1","-1","""TRUE""","""null""","""null""","-1","-1","-1","-1","-1","-1","-1","0","-1","-1","-1","-1","""how to communicate the correct object to select when youdon't share the same order""","""neat!""","0","""keyboard""","""target""","""null""","""null""","""null""","""null""","""null""","TRUE","""null""","""null""","""null""","""null""","""boat""","""sundae""","""null""","""null""","""null""","""null""","""motor""","""whipped cream""","""null""","""null""","""null""","""null""","""middle""","""left""","""null""","""null""","""null""","""null""","""cabin""","""whipped cream""","""null""","""null""","""null""","""null""","""left""","""middle""","""null""","""null""","""null""","""null""","TRUE","FALSE","FALSE","TRUE","FALSE","TRUE","""kb1b""","1","1","Checkbox"
"Object Description","Short and fun! A 1-2 minute word game about describing simple objects. Only one HIT per worker.","experiment, psychology, game, language, cognition, linguistics, description","$0.25 ","Tue Aug 12 17:23:41 PDT 2014","150","0","0","150","Reviewable","NotReviewed","1 scales","600","60000","Tue Aug 19 17:23:41 PDT 2014","S06844","Approved","","""snowman""","""mittens""","0","""right""","""middle""","-1","""hat""","4","0","14","0","0","-1","-1","""TRUE""","""null""","""null""","-1","-1","-1","-1","-1","-1","-1","0","-1","-1","-1","-1","""Describing similar items ""","""The turkey who described the pizzas for my task is an idiot :)""","0","""keyboard""","""target""","""null""","""null""","""null""","""null""","""null""","TRUE","""null""","""null""","""null""","""null""","""snowman""","""pizza""","""null""","""null""","""null""","""null""","""mittens""","""peppers""","""null""","""null""","""null""","""null""","""right""","""left""","""null""","""null""","""null""","""null""","""scarf""","""peppers""","""null""","""null""","""null""","""null""","""middle""","""right""","""null""","""null""","""null""","""null""","TRUE","FALSE","FALSE","TRUE","FALSE","TRUE","""kb1b""","1","1","Checkbox"
"Object Description","Short and fun! A 1-2 minute word game about describing simple objects. Only one HIT per worker.","experiment, psychology, game, language, cognition, linguistics, description","$0.25 ","Tue Aug 12 17:23:41 PDT 2014","150","0","0","150","Reviewable","NotReviewed","1 scales","600","60000","Tue Aug 19 17:23:41 PDT 2014","S38881","Approved","","""sundae""","""whipped cream""","0","""middle""","""left""","-1","""cherry""","4","0","14","0","0","-1","-1","""TRUE""","""null""","""null""","-1","-1","-1","-1","-1","-1","-1","0","-1","-1","-1","-1","""not sure""","""""","0","""keyboard""","""logical""","""null""","""null""","""null""","""null""","""null""","FALSE","""null""","""null""","""null""","""null""","""sundae""","""boat""","""null""","""null""","""null""","""null""","""whipped cream""","""cabin""","""null""","""null""","""null""","""null""","""middle""","""right""","""null""","""null""","""null""","""null""","""chocolate""","""cabin""","""null""","""null""","""null""","""null""","""left""","""left""","""null""","""null""","""null""","""null""","TRUE","FALSE","FALSE","TRUE","FALSE","TRUE","""kb1b""","1","0","Checkbox"
"Object Description","Short and fun! A 1-2 minute word game about describing simple objects. Only one HIT per worker.","experiment, psychology, game, language, cognition, linguistics, description","$0.25 ","Tue Aug 12 17:23:41 PDT 2014","150","0","0","150","Reviewable","NotReviewed","1 scales","600","60000","Tue Aug 19 17:23:41 PDT 2014","S90382","Approved","","""friend""","""hat""","0","""right""","""left""","-1","""mustache""","4","0","14","0","0","-1","-1","""TRUE""","""null""","""null""","-1","-1","-1","-1","-1","-1","-1","0","-1","-1","-1","-1","""describing to another turker characteristics of a smiley face""","""thank you!""","0","""keyboard""","""logical""","""null""","""null""","""null""","""null""","""null""","FALSE","""null""","""null""","""null""","""null""","""friend""","""friend""","""null""","""null""","""null""","""null""","""hat""","""mustache""","""null""","""null""","""null""","""null""","""right""","""right""","""null""","""null""","""null""","""null""","""glasses""","""mustache""","""null""","""null""","""null""","""null""","""left""","""middle""","""null""","""null""","""null""","""null""","TRUE","FALSE","FALSE","TRUE","FALSE","TRUE","""kb1b""","1","0","Checkbox"
"Object Description","Short and fun! A 1-2 minute word game about describing simple objects. Only one HIT per worker.","experiment, psychology, game, language, cognition, linguistics, description","$0.25 ","Tue Aug 12 17:23:41 PDT 2014","150","0","0","150","Reviewable","NotReviewed","1 scales","600","60000","Tue Aug 19 17:23:41 PDT 2014","S29890","Approved","","""Christmas tree""","""lights""","0","""right""","""left""","-1","""star""","4","0","14","0","0","-1","-1","""TRUE""","""null""","""null""","-1","-1","-1","-1","-1","-1","-1","0","-1","-1","-1","-1","""Communication with another turker""","""Enjoy the change to selections""","0","""keyboard""","""logical""","""null""","""null""","""null""","""null""","""null""","FALSE","""null""","""null""","""null""","""null""","""Christmas tree""","""Christmas tree""","""null""","""null""","""null""","""null""","""lights""","""ornaments""","""null""","""null""","""null""","""null""","""right""","""left""","""null""","""null""","""null""","""null""","""ornaments""","""ornaments""","""null""","""null""","""null""","""null""","""left""","""middle""","""null""","""null""","""null""","""null""","TRUE","FALSE","FALSE","TRUE","FALSE","TRUE","""kb1b""","1","0","Checkbox"
"Object Description","Short and fun! A 1-2 minute word game about describing simple objects. Only one HIT per worker.","experiment, psychology, game, language, cognition, linguistics, description","$0.25 ","Tue Aug 12 17:23:41 PDT 2014","150","0","0","150","Reviewable","NotReviewed","1 scales","600","60000","Tue Aug 19 17:23:41 PDT 2014","S76484","Approved","","""friend""","""mustache""","0","""middle""","""left""","-1","""hat""","4","0","14","0","0","-1","-1","""TRUE""","""null""","""null""","-1","-1","-1","-1","-1","-1","-1","0","-1","-1","-1","-1","""describing characteristics of friends' appearances""","""""","0","""keyboard""","""logical""","""null""","""null""","""null""","""null""","""null""","FALSE","""null""","""null""","""null""","""null""","""friend""","""friend""","""null""","""null""","""null""","""null""","""mustache""","""hat""","""null""","""null""","""null""","""null""","""middle""","""left""","""null""","""null""","""null""","""null""","""glasses""","""hat""","""null""","""null""","""null""","""null""","""left""","""right""","""null""","""null""","""null""","""null""","TRUE","FALSE","FALSE","TRUE","FALSE","TRUE","""kb1b""","1","0","Checkbox"
"Object Description","Short and fun! A 1-2 minute word game about describing simple objects. Only one HIT per worker.","experiment, psychology, game, language, cognition, linguistics, description","$0.25 ","Tue Aug 12 17:23:41 PDT 2014","150","0","0","150","Reviewable","NotReviewed","1 scales","600","60000","Tue Aug 19 17:23:41 PDT 2014","S00701","Approved","","""Christmas tree""","""star""","0","""middle""","""left""","-1","""ornaments""","4","0","14","0","0","-1","-1","""TRUE""","""null""","""null""","-1","-1","-1","-1","-1","-1","-1","0","-1","-1","-1","-1","""identify the correct object""","""""","0","""keyboard""","""target""","""null""","""null""","""null""","""null""","""null""","TRUE","""null""","""null""","""null""","""null""","""Christmas tree""","""Christmas tree""","""null""","""null""","""null""","""null""","""star""","""star""","""null""","""null""","""null""","""null""","""middle""","""right""","""null""","""null""","""null""","""null""","""lights""","""star""","""null""","""null""","""null""","""null""","""left""","""left""","""null""","""null""","""null""","""null""","TRUE","FALSE","FALSE","FALSE","FALSE","FALSE","""kb1b""","0","1","Checkbox"
"Object Description","Short and fun! A 1-2 minute word game about describing simple objects. Only one HIT per worker.","experiment, psychology, game, language, cognition, linguistics, description","$0.25 ","Tue Aug 12 17:23:41 PDT 2014","150","0","0","150","Reviewable","NotReviewed","1 scales","600","60000","Tue Aug 19 17:23:41 PDT 2014","S40118","Approved","","""pizza""","""peppers""","0","""right""","""middle""","-1","""olives""","4","0","14","0","0","-1","-1","""TRUE""","""null""","""null""","-1","-1","-1","-1","-1","-1","-1","0","-1","-1","-1","-1","""Helping other turkers pick an option. ""","""""","0","""keyboard""","""logical""","""null""","""null""","""null""","""null""","""null""","FALSE","""null""","""null""","""null""","""null""","""pizza""","""friend""","""null""","""null""","""null""","""null""","""peppers""","""hat""","""null""","""null""","""null""","""null""","""right""","""left""","""null""","""null""","""null""","""null""","""mushrooms""","""hat""","""null""","""null""","""null""","""null""","""middle""","""middle""","""null""","""null""","""null""","""null""","TRUE","FALSE","FALSE","TRUE","FALSE","FALSE","""kb1b""","1","0","Checkbox"
"Object Description","Short and fun! A 1-2 minute word game about describing simple objects. Only one HIT per worker.","experiment, psychology, game, language, cognition, linguistics, description","$0.25 ","Tue Aug 12 17:23:41 PDT 2014","150","0","0","150","Reviewable","NotReviewed","1 scales","600","60000","Tue Aug 19 17:23:41 PDT 2014","S37683","Approved","","""snowman""","""mittens""","0","""left""","""middle""","-1","""hat""","4","0","14","0","0","-1","-1","""TRUE""","""null""","""null""","-1","-1","-1","-1","-1","-1","-1","0","-1","-1","-1","-1","""Decisions based on descriptive information provided""","""""","0","""keyboard""","""logical""","""null""","""null""","""null""","""null""","""null""","FALSE","""null""","""null""","""null""","""null""","""snowman""","""sundae""","""null""","""null""","""null""","""null""","""mittens""","""cherry""","""null""","""null""","""null""","""null""","""left""","""left""","""null""","""null""","""null""","""null""","""scarf""","""cherry""","""null""","""null""","""null""","""null""","""middle""","""middle""","""null""","""null""","""null""","""null""","FALSE","FALSE","FALSE","TRUE","FALSE","TRUE","""kb1b""","1","0","Checkbox"
"Object Description","Short and fun! A 1-2 minute word game about describing simple objects. Only one HIT per worker.","experiment, psychology, game, language, cognition, linguistics, description","$0.25 ","Tue Aug 12 17:23:41 PDT 2014","150","0","0","150","Reviewable","NotReviewed","1 scales","600","60000","Tue Aug 19 17:23:41 PDT 2014","S27382","Approved","","""friend""","""glasses""","0","""left""","""right""","-1","""mustache""","4","0","14","0","0","-1","-1","""TRUE""","""null""","""null""","-1","-1","-1","-1","-1","-1","-1","0","-1","-1","-1","-1","""Describing objects that were presented""","""""","0","""keyboard""","""target""","""null""","""null""","""null""","""null""","""null""","TRUE","""null""","""null""","""null""","""null""","""friend""","""boat""","""null""","""null""","""null""","""null""","""glasses""","""cabin""","""null""","""null""","""null""","""null""","""left""","""middle""","""null""","""null""","""null""","""null""","""hat""","""cabin""","""null""","""null""","""null""","""null""","""right""","""left""","""null""","""null""","""null""","""null""","TRUE","FALSE","FALSE","TRUE","FALSE","TRUE","""kb1b""","1","1","Checkbox"
"Object Description","Short and fun! A 1-2 minute word game about describing simple objects. Only one HIT per worker.","experiment, psychology, game, language, cognition, linguistics, description","$0.25 ","Tue Aug 12 17:23:41 PDT 2014","150","0","0","150","Reviewable","NotReviewed","1 scales","600","60000","Tue Aug 19 17:23:41 PDT 2014","S97900","Approved","","""sundae""","""cherry""","0","""right""","""middle""","-1","""chocolate""","4","0","14","0","0","-1","-1","""TRUE""","""null""","""null""","-1","-1","-1","-1","-1","-1","-1","0","-1","-1","-1","-1","""Bob making sundaes and getting christmas trees and also communicating with other turkers""","""""","0","""keyboard""","""logical""","""null""","""null""","""null""","""null""","""null""","FALSE","""null""","""null""","""null""","""null""","""sundae""","""Christmas tree""","""null""","""null""","""null""","""null""","""cherry""","""star""","""null""","""null""","""null""","""null""","""right""","""left""","""null""","""null""","""null""","""null""","""whipped cream""","""star""","""null""","""null""","""null""","""null""","""middle""","""right""","""null""","""null""","""null""","""null""","TRUE","FALSE","FALSE","TRUE","FALSE","TRUE","""kb1b""","1","0","Checkbox"
"Object Description","Short and fun! A 1-2 minute word game about describing simple objects. Only one HIT per worker.","experiment, psychology, game, language, cognition, linguistics, description","$0.25 ","Tue Aug 12 17:23:41 PDT 2014","150","0","0","150","Reviewable","NotReviewed","1 scales","600","60000","Tue Aug 19 17:23:41 PDT 2014","S44035","Approved","","""boat""","""cabin""","0","""left""","""middle""","-1","""sail""","4","0","14","0","0","-1","-1","""TRUE""","""null""","""null""","-1","-1","-1","-1","-1","-1","-1","0","-1","-1","-1","-1","""Picking the right image""","""""","0","""keyboard""","""target""","""null""","""null""","""null""","""null""","""null""","TRUE","""null""","""null""","""null""","""null""","""boat""","""sundae""","""null""","""null""","""null""","""null""","""cabin""","""whipped cream""","""null""","""null""","""null""","""null""","""left""","""left""","""null""","""null""","""null""","""null""","""motor""","""whipped cream""","""null""","""null""","""null""","""null""","""middle""","""middle""","""null""","""null""","""null""","""null""","TRUE","FALSE","FALSE","TRUE","FALSE","TRUE","""kb1b""","1","1","Checkbox"
"Object Description","Short and fun! A 1-2 minute word game about describing simple objects. Only one HIT per worker.","experiment, psychology, game, language, cognition, linguistics, description","$0.25 ","Tue Aug 12 17:23:41 PDT 2014","150","0","0","150","Reviewable","NotReviewed","1 scales","600","60000","Tue Aug 19 17:23:41 PDT 2014","S68668","Approved","","""Christmas tree""","""ornaments""","0","""middle""","""left""","-1","""star""","4","0","14","0","0","-1","-1","""FALSE""","""null""","""null""","-1","-1","-1","-1","-1","-1","-1","0","-1","-1","-1","-1","""How to describe objects and interpreting how others describe objects.""","""""","0","""keyboard""","""logical""","""null""","""null""","""null""","""null""","""null""","FALSE","""null""","""null""","""null""","""null""","""Christmas tree""","""sundae""","""null""","""null""","""null""","""null""","""ornaments""","""chocolate""","""null""","""null""","""null""","""null""","""middle""","""middle""","""null""","""null""","""null""","""null""","""lights""","""chocolate""","""null""","""null""","""null""","""null""","""left""","""right""","""null""","""null""","""null""","""null""","FALSE","FALSE","FALSE","TRUE","FALSE","TRUE","""kb1b""","1","0","Checkbox"
"Object Description","Short and fun! A 1-2 minute word game about describing simple objects. Only one HIT per worker.","experiment, psychology, game, language, cognition, linguistics, description","$0.25 ","Tue Aug 12 17:23:41 PDT 2014","150","0","0","150","Reviewable","NotReviewed","1 scales","600","60000","Tue Aug 19 17:23:41 PDT 2014","S63087","Approved","","""friend""","""mustache""","0","""right""","""left""","-1","""glasses""","4","0","14","0","0","-1","-1","""TRUE""","""null""","""null""","-1","-1","-1","-1","-1","-1","-1","0","-1","-1","-1","-1","""Using hints to help other turkers out.""","""none""","0","""keyboard""","""foil""","""null""","""null""","""null""","""null""","""null""","FALSE","""null""","""null""","""null""","""null""","""friend""","""snowman""","""null""","""null""","""null""","""null""","""mustache""","""mittens""","""null""","""null""","""null""","""null""","""right""","""right""","""null""","""null""","""null""","""null""","""hat""","""mittens""","""null""","""null""","""null""","""null""","""left""","""left""","""null""","""null""","""null""","""null""","FALSE","FALSE","FALSE","TRUE","FALSE","FALSE","""kb1b""","0","0","Checkbox"
"Object Description","Short and fun! A 1-2 minute word game about describing simple objects. Only one HIT per worker.","experiment, psychology, game, language, cognition, linguistics, description","$0.25 ","Tue Aug 12 17:23:41 PDT 2014","150","0","0","150","Reviewable","NotReviewed","1 scales","600","60000","Tue Aug 19 17:23:41 PDT 2014","S93524","Approved","","""pizza""","""olives""","0","""right""","""middle""","-1","""peppers""","4","0","14","0","0","-1","-1","""TRUE""","""null""","""null""","-1","-1","-1","-1","-1","-1","-1","0","-1","-1","-1","-1","""selecting pizzas""","""""","0","""keyboard""","""target""","""null""","""null""","""null""","""null""","""null""","TRUE","""null""","""null""","""null""","""null""","""pizza""","""pizza""","""null""","""null""","""null""","""null""","""olives""","""olives""","""null""","""null""","""null""","""null""","""right""","""right""","""null""","""null""","""null""","""null""","""mushrooms""","""olives""","""null""","""null""","""null""","""null""","""middle""","""left""","""null""","""null""","""null""","""null""","TRUE","FALSE","TRUE","FALSE","FALSE","FALSE","""kb1b""","1","1","Checkbox"
"Object Description","Short and fun! A 1-2 minute word game about describing simple objects. Only one HIT per worker.","experiment, psychology, game, language, cognition, linguistics, description","$0.25 ","Tue Aug 12 17:23:41 PDT 2014","150","0","0","150","Reviewable","NotReviewed","1 scales","600","60000","Tue Aug 19 17:23:41 PDT 2014","S28178","Approved","","""sundae""","""chocolate""","0","""left""","""middle""","-1","""cherry""","4","0","14","0","0","-1","-1","""TRUE""","""null""","""null""","-1","-1","-1","-1","-1","-1","-1","0","-1","-1","-1","-1","""deciding the best way to describe a picture""","""no comment""","0","""keyboard""","""logical""","""null""","""null""","""null""","""null""","""null""","FALSE","""null""","""null""","""null""","""null""","""sundae""","""Christmas tree""","""null""","""null""","""null""","""null""","""chocolate""","""lights""","""null""","""null""","""null""","""null""","""left""","""left""","""null""","""null""","""null""","""null""","""whipped cream""","""lights""","""null""","""null""","""null""","""null""","""middle""","""right""","""null""","""null""","""null""","""null""","TRUE","FALSE","FALSE","TRUE","FALSE","TRUE","""kb1b""","1","0","Checkbox"
"Object Description","Short and fun! A 1-2 minute word game about describing simple objects. Only one HIT per worker.","experiment, psychology, game, language, cognition, linguistics, description","$0.25 ","Tue Aug 12 17:23:41 PDT 2014","150","0","0","150","Reviewable","NotReviewed","1 scales","600","60000","Tue Aug 19 17:23:41 PDT 2014","S28719","Approved","","""friend""","""mustache""","0","""right""","""left""","-1","""glasses""","4","0","14","0","0","-1","-1","""TRUE""","""null""","""null""","-1","-1","-1","-1","-1","-1","-1","0","-1","-1","-1","-1","""object description""","""good luck""","0","""keyboard""","""logical""","""null""","""null""","""null""","""null""","""null""","FALSE","""null""","""null""","""null""","""null""","""friend""","""Christmas tree""","""null""","""null""","""null""","""null""","""mustache""","""lights""","""null""","""null""","""null""","""null""","""right""","""middle""","""null""","""null""","""null""","""null""","""hat""","""lights""","""null""","""null""","""null""","""null""","""left""","""left""","""null""","""null""","""null""","""null""","TRUE","FALSE","FALSE","TRUE","FALSE","TRUE","""kb1b""","1","0","Checkbox"
"Object Description","Short and fun! A 1-2 minute word game about describing simple objects. Only one HIT per worker.","experiment, psychology, game, language, cognition, linguistics, description","$0.25 ","Tue Aug 12 17:23:41 PDT 2014","150","0","0","150","Reviewable","NotReviewed","1 scales","600","60000","Tue Aug 19 17:23:41 PDT 2014","S18823","Approved","","""boat""","""cabin""","0","""left""","""middle""","-1","""motor""","4","0","14","0","0","-1","-1","""TRUE""","""null""","""null""","-1","-1","-1","-1","-1","-1","-1","0","-1","-1","-1","-1","""Determining what picture is what based on the information a turker gave me.""","""No, thanks!""","0","""keyboard""","""logical""","""null""","""null""","""null""","""null""","""null""","FALSE","""null""","""null""","""null""","""null""","""boat""","""Christmas tree""","""null""","""null""","""null""","""null""","""cabin""","""ornaments""","""null""","""null""","""null""","""null""","""left""","""left""","""null""","""null""","""null""","""null""","""sail""","""ornaments""","""null""","""null""","""null""","""null""","""middle""","""middle""","""null""","""null""","""null""","""null""","TRUE","FALSE","FALSE","TRUE","FALSE","TRUE","""kb1b""","1","0","Checkbox"
"Object Description","Short and fun! A 1-2 minute word game about describing simple objects. Only one HIT per worker.","experiment, psychology, game, language, cognition, linguistics, description","$0.25 ","Tue Aug 12 17:23:41 PDT 2014","150","0","0","150","Reviewable","NotReviewed","1 scales","600","60000","Tue Aug 19 17:23:41 PDT 2014","S91160","Approved","","""snowman""","""hat""","0","""right""","""middle""","-1","""mittens""","4","0","14","0","0","-1","-1","""TRUE""","""null""","""null""","-1","-1","-1","-1","-1","-1","-1","0","-1","-1","-1","-1","""Communicating with other people by describing something""","""Nope""","0","""keyboard""","""logical""","""null""","""null""","""null""","""null""","""null""","FALSE","""null""","""null""","""null""","""null""","""snowman""","""snowman""","""null""","""null""","""null""","""null""","""hat""","""scarf""","""null""","""null""","""null""","""null""","""right""","""right""","""null""","""null""","""null""","""null""","""scarf""","""scarf""","""null""","""null""","""null""","""null""","""middle""","""middle""","""null""","""null""","""null""","""null""","TRUE","FALSE","FALSE","TRUE","FALSE","TRUE","""kb1b""","1","0","Checkbox"
"Object Description","Short and fun! A 1-2 minute word game about describing simple objects. Only one HIT per worker.","experiment, psychology, game, language, cognition, linguistics, description","$0.25 ","Tue Aug 12 17:23:41 PDT 2014","150","0","0","150","Reviewable","NotReviewed","1 scales","600","60000","Tue Aug 19 17:23:41 PDT 2014","S14823","Approved","","""sundae""","""cherry""","0","""middle""","""left""","-1","""whipped cream""","4","0","14","0","0","-1","-1","""TRUE""","""null""","""null""","-1","-1","-1","-1","-1","-1","-1","0","-1","-1","-1","-1","""recognizing differences""","""none""","0","""keyboard""","""foil""","""null""","""null""","""null""","""null""","""null""","FALSE","""null""","""null""","""null""","""null""","""sundae""","""friend""","""null""","""null""","""null""","""null""","""cherry""","""glasses""","""null""","""null""","""null""","""null""","""middle""","""right""","""null""","""null""","""null""","""null""","""chocolate""","""glasses""","""null""","""null""","""null""","""null""","""left""","""left""","""null""","""null""","""null""","""null""","FALSE","FALSE","FALSE","TRUE","FALSE","FALSE","""kb1b""","0","0","Checkbox"
"Object Description","Short and fun! A 1-2 minute word game about describing simple objects. Only one HIT per worker.","experiment, psychology, game, language, cognition, linguistics, description","$0.25 ","Tue Aug 12 17:23:41 PDT 2014","150","0","0","150","Reviewable","NotReviewed","1 scales","600","60000","Tue Aug 19 17:23:41 PDT 2014","S75198","Approved","","""boat""","""sail""","0","""right""","""left""","-1","""cabin""","4","0","14","0","0","-1","-1","""TRUE""","""null""","""null""","-1","-1","-1","-1","-1","-1","-1","0","-1","-1","-1","-1","""describing pictures""","""""","0","""keyboard""","""target""","""null""","""null""","""null""","""null""","""null""","TRUE","""null""","""null""","""null""","""null""","""boat""","""friend""","""null""","""null""","""null""","""null""","""sail""","""hat""","""null""","""null""","""null""","""null""","""right""","""middle""","""null""","""null""","""null""","""null""","""motor""","""hat""","""null""","""null""","""null""","""null""","""left""","""left""","""null""","""null""","""null""","""null""","FALSE","FALSE","FALSE","TRUE","FALSE","FALSE","""kb1b""","0","1","Checkbox"
"Object Description","Short and fun! A 1-2 minute word game about describing simple objects. Only one HIT per worker.","experiment, psychology, game, language, cognition, linguistics, description","$0.25 ","Tue Aug 12 17:23:41 PDT 2014","150","0","0","150","Reviewable","NotReviewed","1 scales","600","60000","Tue Aug 19 17:23:41 PDT 2014","S81924","Approved","","""sundae""","""whipped cream""","0","""middle""","""left""","-1","""chocolate""","4","0","14","0","0","-1","-1","""FALSE""","""null""","""null""","-1","-1","-1","-1","-1","-1","-1","0","-1","-1","-1","-1","""It was about using logical descriptions to come to a conclusion""","""I am not sure I answered correctly that I met Tim...lol""","0","""keyboard""","""target""","""null""","""null""","""null""","""null""","""null""","TRUE","""null""","""null""","""null""","""null""","""sundae""","""boat""","""null""","""null""","""null""","""null""","""whipped cream""","""cabin""","""null""","""null""","""null""","""null""","""middle""","""middle""","""null""","""null""","""null""","""null""","""cherry""","""cabin""","""null""","""null""","""null""","""null""","""left""","""right""","""null""","""null""","""null""","""null""","TRUE","FALSE","FALSE","TRUE","FALSE","TRUE","""kb1b""","1","1","Checkbox"
"Object Description","Short and fun! A 1-2 minute word game about describing simple objects. Only one HIT per worker.","experiment, psychology, game, language, cognition, linguistics, description","$0.25 ","Tue Aug 12 17:23:41 PDT 2014","150","0","0","150","Reviewable","NotReviewed","1 scales","600","60000","Tue Aug 19 17:23:41 PDT 2014","S88436","Approved","","""Christmas tree""","""star""","0","""middle""","""right""","-1","""ornaments""","4","0","14","0","0","-1","-1","""TRUE""","""null""","""null""","-1","-1","-1","-1","-1","-1","-1","0","-1","-1","-1","-1","""Bob and christmass stuff""","""Thanks""","0","""keyboard""","""target""","""null""","""null""","""null""","""null""","""null""","TRUE","""null""","""null""","""null""","""null""","""Christmas tree""","""friend""","""null""","""null""","""null""","""null""","""star""","""hat""","""null""","""null""","""null""","""null""","""middle""","""middle""","""null""","""null""","""null""","""null""","""lights""","""hat""","""null""","""null""","""null""","""null""","""right""","""right""","""null""","""null""","""null""","""null""","FALSE","TRUE","FALSE","FALSE","FALSE","FALSE","""kb1b""","NA","1","Checkbox"
"Object Description","Short and fun! A 1-2 minute word game about describing simple objects. Only one HIT per worker.","experiment, psychology, game, language, cognition, linguistics, description","$0.25 ","Tue Aug 12 17:23:41 PDT 2014","150","0","0","150","Reviewable","NotReviewed","1 scales","600","60000","Tue Aug 19 17:23:41 PDT 2014","S48037","Approved","","""boat""","""motor""","0","""right""","""middle""","-1","""cabin""","4","0","14","0","0","-1","-1","""TRUE""","""null""","""null""","-1","-1","-1","-1","-1","-1","-1","0","-1","-1","-1","-1","""Identifying objects based on single words.""","""""","0","""keyboard""","""logical""","""null""","""null""","""null""","""null""","""null""","FALSE","""null""","""null""","""null""","""null""","""boat""","""boat""","""null""","""null""","""null""","""null""","""motor""","""sail""","""null""","""null""","""null""","""null""","""right""","""right""","""null""","""null""","""null""","""null""","""sail""","""sail""","""null""","""null""","""null""","""null""","""middle""","""middle""","""null""","""null""","""null""","""null""","TRUE","FALSE","FALSE","TRUE","FALSE","TRUE","""kb1b""","1","0","Checkbox"
"Object Description","Short and fun! A 1-2 minute word game about describing simple objects. Only one HIT per worker.","experiment, psychology, game, language, cognition, linguistics, description","$0.25 ","Tue Aug 12 17:23:41 PDT 2014","150","0","0","150","Reviewable","NotReviewed","1 scales","600","60000","Tue Aug 19 17:23:41 PDT 2014","S50141","Approved","","""friend""","""mustache""","0","""left""","""middle""","-1","""glasses""","4","0","14","0","0","-1","-1","""TRUE""","""null""","""null""","-1","-1","-1","-1","-1","-1","-1","0","-1","-1","-1","-1","""Recognizing differences and describing them in images ""","""""","0","""keyboard""","""logical""","""null""","""null""","""null""","""null""","""null""","FALSE","""null""","""null""","""null""","""null""","""friend""","""boat""","""null""","""null""","""null""","""null""","""mustache""","""motor""","""null""","""null""","""null""","""null""","""left""","""left""","""null""","""null""","""null""","""null""","""hat""","""motor""","""null""","""null""","""null""","""null""","""middle""","""right""","""null""","""null""","""null""","""null""","TRUE","FALSE","FALSE","TRUE","FALSE","TRUE","""kb1b""","1","0","Checkbox"
"Object Description","Short and fun! A 1-2 minute word game about describing simple objects. Only one HIT per worker.","experiment, psychology, game, language, cognition, linguistics, description","$0.25 ","Tue Aug 12 17:23:41 PDT 2014","150","0","0","150","Reviewable","NotReviewed","1 scales","600","60000","Tue Aug 19 17:23:41 PDT 2014","S71689","Approved","","""Christmas tree""","""ornaments""","0","""right""","""left""","-1","""star""","4","0","14","0","0","-1","-1","""TRUE""","""null""","""null""","-1","-1","-1","-1","-1","-1","-1","0","-1","-1","-1","-1","""How we communicate with other people.""","""""","0","""keyboard""","""logical""","""null""","""null""","""null""","""null""","""null""","FALSE","""null""","""null""","""null""","""null""","""Christmas tree""","""boat""","""null""","""null""","""null""","""null""","""ornaments""","""cabin""","""null""","""null""","""null""","""null""","""right""","""right""","""null""","""null""","""null""","""null""","""lights""","""cabin""","""null""","""null""","""null""","""null""","""left""","""left""","""null""","""null""","""null""","""null""","TRUE","FALSE","FALSE","TRUE","FALSE","TRUE","""kb1b""","1","0","Checkbox"
"Object Description","Short and fun! A 1-2 minute word game about describing simple objects. Only one HIT per worker.","experiment, psychology, game, language, cognition, linguistics, description","$0.25 ","Tue Aug 12 17:23:41 PDT 2014","150","0","0","150","Reviewable","NotReviewed","1 scales","600","60000","Tue Aug 19 17:23:41 PDT 2014","S75440","Approved","","""boat""","""cabin""","0","""left""","""middle""","-1","""motor""","4","0","14","0","0","-1","-1","""TRUE""","""null""","""null""","-1","-1","-1","-1","-1","-1","-1","0","-1","-1","-1","-1","""Describing pictures using characteristics ""","""Interesting ""","0","""keyboard""","""target""","""null""","""null""","""null""","""null""","""null""","TRUE","""null""","""null""","""null""","""null""","""boat""","""pizza""","""null""","""null""","""null""","""null""","""cabin""","""olives""","""null""","""null""","""null""","""null""","""left""","""middle""","""null""","""null""","""null""","""null""","""sail""","""olives""","""null""","""null""","""null""","""null""","""middle""","""left""","""null""","""null""","""null""","""null""","TRUE","FALSE","FALSE","TRUE","FALSE","TRUE","""kb1b""","1","1","Checkbox"
"Object Description","Short and fun! A 1-2 minute word game about describing simple objects. Only one HIT per worker.","experiment, psychology, game, language, cognition, linguistics, description","$0.25 ","Tue Aug 12 17:23:41 PDT 2014","150","0","0","150","Reviewable","NotReviewed","1 scales","600","60000","Tue Aug 19 17:23:41 PDT 2014","S49136","Approved","","""sundae""","""chocolate""","0","""right""","""left""","-1","""whipped cream""","4","0","14","0","0","-1","-1","""TRUE""","""null""","""null""","-1","-1","-1","-1","-1","-1","-1","0","-1","-1","-1","-1","""Matching choices with other worker""","""""","0","""keyboard""","""target""","""null""","""null""","""null""","""null""","""null""","TRUE","""null""","""null""","""null""","""null""","""sundae""","""snowman""","""null""","""null""","""null""","""null""","""chocolate""","""hat""","""null""","""null""","""null""","""null""","""right""","""left""","""null""","""null""","""null""","""null""","""cherry""","""hat""","""null""","""null""","""null""","""null""","""left""","""right""","""null""","""null""","""null""","""null""","TRUE","FALSE","FALSE","FALSE","FALSE","FALSE","""kb1b""","0","1","Checkbox"
"Object Description","Short and fun! A 1-2 minute word game about describing simple objects. Only one HIT per worker.","experiment, psychology, game, language, cognition, linguistics, description","$0.25 ","Tue Aug 12 17:23:41 PDT 2014","150","0","0","150","Reviewable","NotReviewed","1 scales","600","60000","Tue Aug 19 17:23:41 PDT 2014","S84338","Approved","","""snowman""","""scarf""","0","""left""","""middle""","-1","""hat""","4","0","14","0","0","-1","-1","""TRUE""","""null""","""null""","-1","-1","-1","-1","-1","-1","-1","0","-1","-1","-1","-1","""Communications""","""""","0","""keyboard""","""foil""","""null""","""null""","""null""","""null""","""null""","FALSE","""null""","""null""","""null""","""null""","""snowman""","""sundae""","""null""","""null""","""null""","""null""","""scarf""","""whipped cream""","""null""","""null""","""null""","""null""","""left""","""middle""","""null""","""null""","""null""","""null""","""mittens""","""whipped cream""","""null""","""null""","""null""","""null""","""middle""","""left""","""null""","""null""","""null""","""null""","FALSE","FALSE","FALSE","TRUE","FALSE","FALSE","""kb1b""","0","0","Checkbox"
"Object Description","Short and fun! A 1-2 minute word game about describing simple objects. Only one HIT per worker.","experiment, psychology, game, language, cognition, linguistics, description","$0.25 ","Tue Aug 12 17:23:41 PDT 2014","150","0","0","150","Reviewable","NotReviewed","1 scales","600","60000","Tue Aug 19 17:23:41 PDT 2014","S89283","Approved","","""boat""","""cabin""","0","""left""","""right""","-1","""motor""","4","0","14","0","0","-1","-1","""TRUE""","""null""","""null""","-1","-1","-1","-1","-1","-1","-1","0","-1","-1","-1","-1","""i don't know""","""""","0","""keyboard""","""target""","""null""","""null""","""null""","""null""","""null""","TRUE","""null""","""null""","""null""","""null""","""boat""","""pizza""","""null""","""null""","""null""","""null""","""cabin""","""mushrooms""","""null""","""null""","""null""","""null""","""left""","""left""","""null""","""null""","""null""","""null""","""sail""","""mushrooms""","""null""","""null""","""null""","""null""","""right""","""middle""","""null""","""null""","""null""","""null""","TRUE","TRUE","FALSE","TRUE","FALSE","TRUE","""kb1b""","NA","1","Checkbox"
"Object Description","Short and fun! A 1-2 minute word game about describing simple objects. Only one HIT per worker.","experiment, psychology, game, language, cognition, linguistics, description","$0.25 ","Tue Aug 12 17:23:41 PDT 2014","150","0","0","150","Reviewable","NotReviewed","1 scales","600","60000","Tue Aug 19 17:23:41 PDT 2014","S02017","Approved","","""boat""","""motor""","0","""right""","""left""","-1","""sail""","4","0","14","0","0","-1","-1","""TRUE""","""null""","""null""","-1","-1","-1","-1","-1","-1","-1","0","-1","-1","-1","-1","""One Word communication.""","""""","0","""keyboard""","""target""","""null""","""null""","""null""","""null""","""null""","TRUE","""null""","""null""","""null""","""null""","""boat""","""Christmas tree""","""null""","""null""","""null""","""null""","""motor""","""lights""","""null""","""null""","""null""","""null""","""right""","""left""","""null""","""null""","""null""","""null""","""cabin""","""lights""","""null""","""null""","""null""","""null""","""left""","""middle""","""null""","""null""","""null""","""null""","FALSE","FALSE","FALSE","TRUE","FALSE","TRUE","""kb1b""","1","1","Checkbox"
"Object Description","Short and fun! A 1-2 minute word game about describing simple objects. Only one HIT per worker.","experiment, psychology, game, language, cognition, linguistics, description","$0.25 ","Tue Aug 12 17:23:41 PDT 2014","150","0","0","150","Reviewable","NotReviewed","1 scales","600","60000","Tue Aug 19 17:23:41 PDT 2014","S36322","Approved","","""pizza""","""peppers""","0","""left""","""right""","-1","""mushrooms""","4","0","14","0","0","-1","-1","""TRUE""","""null""","""null""","-1","-1","-1","-1","-1","-1","-1","0","-1","-1","-1","-1","""PIZZA""","""NO""","0","""keyboard""","""logical""","""null""","""null""","""null""","""null""","""null""","FALSE","""null""","""null""","""null""","""null""","""pizza""","""pizza""","""null""","""null""","""null""","""null""","""peppers""","""olives""","""null""","""null""","""null""","""null""","""left""","""middle""","""null""","""null""","""null""","""null""","""olives""","""olives""","""null""","""null""","""null""","""null""","""right""","""left""","""null""","""null""","""null""","""null""","FALSE","FALSE","FALSE","TRUE","FALSE","FALSE","""kb1b""","0","0","Checkbox"
"Object Description","Short and fun! A 1-2 minute word game about describing simple objects. Only one HIT per worker.","experiment, psychology, game, language, cognition, linguistics, description","$0.25 ","Tue Aug 12 17:23:41 PDT 2014","150","0","0","150","Reviewable","NotReviewed","1 scales","600","60000","Tue Aug 19 17:23:41 PDT 2014","S06378","Approved","","""pizza""","""olives""","0","""left""","""right""","-1","""mushrooms""","4","0","14","0","0","-1","-1","""FALSE""","""null""","""null""","-1","-1","-1","-1","-1","-1","-1","0","-1","-1","-1","-1","""Observing objects""","""Fun study""","0","""keyboard""","""target""","""null""","""null""","""null""","""null""","""null""","TRUE","""null""","""null""","""null""","""null""","""pizza""","""boat""","""null""","""null""","""null""","""null""","""olives""","""motor""","""null""","""null""","""null""","""null""","""left""","""left""","""null""","""null""","""null""","""null""","""peppers""","""motor""","""null""","""null""","""null""","""null""","""right""","""right""","""null""","""null""","""null""","""null""","TRUE","FALSE","FALSE","FALSE","FALSE","FALSE","""kb1b""","0","1","Checkbox"
"Object Description","Short and fun! A 1-2 minute word game about describing simple objects. Only one HIT per worker.","experiment, psychology, game, language, cognition, linguistics, description","$0.25 ","Tue Aug 12 17:23:41 PDT 2014","150","0","0","150","Reviewable","NotReviewed","1 scales","600","60000","Tue Aug 19 17:23:41 PDT 2014","S65832","Approved","","""snowman""","""mittens""","0","""right""","""left""","-1","""hat""","4","0","14","0","0","-1","-1","""TRUE""","""null""","""null""","-1","-1","-1","-1","-1","-1","-1","0","-1","-1","-1","-1","""Word associations to describe images quickly and effectively""","""none ""","0","""keyboard""","""logical""","""null""","""null""","""null""","""null""","""null""","FALSE","""null""","""null""","""null""","""null""","""snowman""","""Christmas tree""","""null""","""null""","""null""","""null""","""mittens""","""lights""","""null""","""null""","""null""","""null""","""right""","""right""","""null""","""null""","""null""","""null""","""scarf""","""lights""","""null""","""null""","""null""","""null""","""left""","""left""","""null""","""null""","""null""","""null""","TRUE","FALSE","FALSE","TRUE","FALSE","TRUE","""kb1b""","1","0","Checkbox"
"Object Description","Short and fun! A 1-2 minute word game about describing simple objects. Only one HIT per worker.","experiment, psychology, game, language, cognition, linguistics, description","$0.25 ","Tue Aug 12 17:23:41 PDT 2014","150","0","0","150","Reviewable","NotReviewed","1 scales","600","60000","Tue Aug 19 17:23:41 PDT 2014","S09685","Approved","","""friend""","""hat""","0","""middle""","""right""","-1","""mustache""","4","0","14","0","0","-1","-1","""TRUE""","""null""","""null""","-1","-1","-1","-1","-1","-1","-1","1","-1","-1","-1","-1","""communication""","""""","0","""keyboard""","""target""","""null""","""null""","""null""","""null""","""null""","TRUE","""null""","""null""","""null""","""null""","""friend""","""sundae""","""null""","""null""","""null""","""null""","""hat""","""chocolate""","""null""","""null""","""null""","""null""","""middle""","""middle""","""null""","""null""","""null""","""null""","""glasses""","""chocolate""","""null""","""null""","""null""","""null""","""right""","""right""","""null""","""null""","""null""","""null""","FALSE","FALSE","TRUE","FALSE","FALSE","TRUE","""kb1b""","NA","1","Checkbox"
"Object Description","Short and fun! A 1-2 minute word game about describing simple objects. Only one HIT per worker.","experiment, psychology, game, language, cognition, linguistics, description","$0.25 ","Tue Aug 12 17:23:41 PDT 2014","150","0","0","150","Reviewable","NotReviewed","1 scales","600","60000","Tue Aug 19 17:23:41 PDT 2014","S63401","Approved","","""friend""","""hat""","0","""right""","""left""","-1","""glasses""","4","0","14","0","0","-1","-1","""TRUE""","""null""","""null""","-1","-1","-1","-1","-1","-1","-1","1","-1","-1","-1","-1","""not sure""","""ty""","0","""keyboard""","""logical""","""null""","""null""","""null""","""null""","""null""","FALSE","""null""","""null""","""null""","""null""","""friend""","""pizza""","""null""","""null""","""null""","""null""","""hat""","""peppers""","""null""","""null""","""null""","""null""","""right""","""middle""","""null""","""null""","""null""","""null""","""mustache""","""peppers""","""null""","""null""","""null""","""null""","""left""","""left""","""null""","""null""","""null""","""null""","TRUE","FALSE","TRUE","FALSE","FALSE","TRUE","""kb1b""","1","0","Checkbox"
"Object Description","Short and fun! A 1-2 minute word game about describing simple objects. Only one HIT per worker.","experiment, psychology, game, language, cognition, linguistics, description","$0.25 ","Tue Aug 12 17:23:41 PDT 2014","150","0","0","150","Reviewable","NotReviewed","1 scales","600","60000","Tue Aug 19 17:23:41 PDT 2014","S58455","Approved","","""Christmas tree""","""ornaments""","0","""right""","""left""","-1","""star""","4","0","14","0","0","-1","-1","""TRUE""","""null""","""null""","-1","-1","-1","-1","-1","-1","-1","1","-1","-1","-1","-1","""Decision making""","""""","0","""keyboard""","""logical""","""null""","""null""","""null""","""null""","""null""","FALSE","""null""","""null""","""null""","""null""","""Christmas tree""","""snowman""","""null""","""null""","""null""","""null""","""ornaments""","""hat""","""null""","""null""","""null""","""null""","""right""","""left""","""null""","""null""","""null""","""null""","""lights""","""hat""","""null""","""null""","""null""","""null""","""left""","""middle""","""null""","""null""","""null""","""null""","TRUE","FALSE","TRUE","FALSE","FALSE","FALSE","""kb1b""","1","0","Checkbox"
"Object Description","Short and fun! A 1-2 minute word game about describing simple objects. Only one HIT per worker.","experiment, psychology, game, language, cognition, linguistics, description","$0.25 ","Tue Aug 12 17:23:41 PDT 2014","150","0","0","150","Reviewable","NotReviewed","1 scales","600","60000","Tue Aug 19 17:23:41 PDT 2014","S59461","Approved","","""pizza""","""mushrooms""","0","""left""","""middle""","-1","""peppers""","4","0","14","0","0","-1","-1","""TRUE""","""null""","""null""","-1","-1","-1","-1","-1","-1","-1","1","-1","-1","-1","-1","""Bobs favorite things and descibing them""","""""","0","""keyboard""","""logical""","""null""","""null""","""null""","""null""","""null""","FALSE","""null""","""null""","""null""","""null""","""pizza""","""Christmas tree""","""null""","""null""","""null""","""null""","""mushrooms""","""lights""","""null""","""null""","""null""","""null""","""left""","""left""","""null""","""null""","""null""","""null""","""olives""","""lights""","""null""","""null""","""null""","""null""","""middle""","""right""","""null""","""null""","""null""","""null""","TRUE","FALSE","TRUE","FALSE","FALSE","TRUE","""kb1b""","1","0","Checkbox"
"Object Description","Short and fun! A 1-2 minute word game about describing simple objects. Only one HIT per worker.","experiment, psychology, game, language, cognition, linguistics, description","$0.25 ","Tue Aug 12 17:23:41 PDT 2014","150","0","0","150","Reviewable","NotReviewed","1 scales","600","60000","Tue Aug 19 17:23:41 PDT 2014","S17294","Approved","","""snowman""","""mittens""","0","""left""","""middle""","-1","""hat""","4","0","14","0","0","-1","-1","""TRUE""","""null""","""null""","-1","-1","-1","-1","-1","-1","-1","1","-1","-1","-1","-1","""snowmen and christmas trees""","""no""","0","""keyboard""","""logical""","""null""","""null""","""null""","""null""","""null""","FALSE","""null""","""null""","""null""","""null""","""snowman""","""Christmas tree""","""null""","""null""","""null""","""null""","""mittens""","""star""","""null""","""null""","""null""","""null""","""left""","""right""","""null""","""null""","""null""","""null""","""scarf""","""star""","""null""","""null""","""null""","""null""","""middle""","""middle""","""null""","""null""","""null""","""null""","TRUE","FALSE","TRUE","FALSE","FALSE","TRUE","""kb1b""","1","0","Checkbox"
"Object Description","Short and fun! A 1-2 minute word game about describing simple objects. Only one HIT per worker.","experiment, psychology, game, language, cognition, linguistics, description","$0.25 ","Tue Aug 12 17:23:41 PDT 2014","150","0","0","150","Reviewable","NotReviewed","1 scales","600","60000","Tue Aug 19 17:23:41 PDT 2014","S33050","Approved","","""Christmas tree""","""ornaments""","0","""left""","""middle""","-1","""lights""","4","0","14","0","0","-1","-1","""TRUE""","""null""","""null""","-1","-1","-1","-1","-1","-1","-1","1","-1","-1","-1","-1","""judgements""","""""","0","""keyboard""","""logical""","""null""","""null""","""null""","""null""","""null""","FALSE","""null""","""null""","""null""","""null""","""Christmas tree""","""boat""","""null""","""null""","""null""","""null""","""ornaments""","""motor""","""null""","""null""","""null""","""null""","""left""","""right""","""null""","""null""","""null""","""null""","""star""","""motor""","""null""","""null""","""null""","""null""","""middle""","""middle""","""null""","""null""","""null""","""null""","TRUE","FALSE","TRUE","FALSE","FALSE","FALSE","""kb1b""","1","0","Checkbox"
"Object Description","Short and fun! A 1-2 minute word game about describing simple objects. Only one HIT per worker.","experiment, psychology, game, language, cognition, linguistics, description","$0.25 ","Tue Aug 12 17:23:41 PDT 2014","150","0","0","150","Reviewable","NotReviewed","1 scales","600","60000","Tue Aug 19 17:23:41 PDT 2014","S62320","Approved","","""pizza""","""olives""","0","""left""","""right""","-1","""peppers""","4","0","14","0","0","-1","-1","""TRUE""","""null""","""null""","-1","-1","-1","-1","-1","-1","-1","1","-1","-1","-1","-1","""food""","""""","0","""keyboard""","""target""","""null""","""null""","""null""","""null""","""null""","TRUE","""null""","""null""","""null""","""null""","""pizza""","""sundae""","""null""","""null""","""null""","""null""","""olives""","""whipped cream""","""null""","""null""","""null""","""null""","""left""","""middle""","""null""","""null""","""null""","""null""","""mushrooms""","""whipped cream""","""null""","""null""","""null""","""null""","""right""","""left""","""null""","""null""","""null""","""null""","TRUE","FALSE","TRUE","FALSE","FALSE","FALSE","""kb1b""","1","1","Checkbox"
"Object Description","Short and fun! A 1-2 minute word game about describing simple objects. Only one HIT per worker.","experiment, psychology, game, language, cognition, linguistics, description","$0.25 ","Tue Aug 12 17:23:41 PDT 2014","150","0","0","150","Reviewable","NotReviewed","1 scales","600","60000","Tue Aug 19 17:23:41 PDT 2014","S04067","Approved","","""Christmas tree""","""ornaments""","0","""middle""","""left""","-1","""lights""","4","0","14","0","0","-1","-1","""TRUE""","""null""","""null""","-1","-1","-1","-1","-1","-1","-1","1","-1","-1","-1","-1","""communication""","""they didnt seem to good at it""","0","""keyboard""","""logical""","""null""","""null""","""null""","""null""","""null""","FALSE","""null""","""null""","""null""","""null""","""Christmas tree""","""snowman""","""null""","""null""","""null""","""null""","""ornaments""","""hat""","""null""","""null""","""null""","""null""","""middle""","""left""","""null""","""null""","""null""","""null""","""star""","""hat""","""null""","""null""","""null""","""null""","""left""","""middle""","""null""","""null""","""null""","""null""","TRUE","FALSE","TRUE","FALSE","FALSE","TRUE","""kb1b""","1","0","Checkbox"
"Object Description","Short and fun! A 1-2 minute word game about describing simple objects. Only one HIT per worker.","experiment, psychology, game, language, cognition, linguistics, description","$0.25 ","Tue Aug 12 17:23:41 PDT 2014","150","0","0","150","Reviewable","NotReviewed","1 scales","600","60000","Tue Aug 19 17:23:41 PDT 2014","S54336","Approved","","""boat""","""cabin""","0","""right""","""middle""","-1","""motor""","4","0","14","0","0","-1","-1","""TRUE""","""null""","""null""","-1","-1","-1","-1","-1","-1","-1","1","-1","-1","-1","-1","""Describing objects.""","""""","0","""keyboard""","""logical""","""null""","""null""","""null""","""null""","""null""","FALSE","""null""","""null""","""null""","""null""","""boat""","""pizza""","""null""","""null""","""null""","""null""","""cabin""","""peppers""","""null""","""null""","""null""","""null""","""right""","""right""","""null""","""null""","""null""","""null""","""sail""","""peppers""","""null""","""null""","""null""","""null""","""middle""","""left""","""null""","""null""","""null""","""null""","TRUE","FALSE","TRUE","FALSE","FALSE","FALSE","""kb1b""","1","0","Checkbox"
"Object Description","Short and fun! A 1-2 minute word game about describing simple objects. Only one HIT per worker.","experiment, psychology, game, language, cognition, linguistics, description","$0.25 ","Tue Aug 12 17:23:41 PDT 2014","150","0","0","150","Reviewable","NotReviewed","1 scales","600","60000","Tue Aug 19 17:23:41 PDT 2014","S25210","Approved","","""Christmas tree""","""lights""","0","""middle""","""left""","-1","""star""","4","0","14","0","0","-1","-1","""TRUE""","""null""","""null""","-1","-1","-1","-1","-1","-1","-1","1","-1","-1","-1","-1","""Describing objects""","""""","0","""keyboard""","""logical""","""null""","""null""","""null""","""null""","""null""","FALSE","""null""","""null""","""null""","""null""","""Christmas tree""","""pizza""","""null""","""null""","""null""","""null""","""lights""","""mushrooms""","""null""","""null""","""null""","""null""","""middle""","""middle""","""null""","""null""","""null""","""null""","""ornaments""","""mushrooms""","""null""","""null""","""null""","""null""","""left""","""right""","""null""","""null""","""null""","""null""","TRUE","FALSE","TRUE","FALSE","FALSE","TRUE","""kb1b""","1","0","Checkbox"
"Object Description","Short and fun! A 1-2 minute word game about describing simple objects. Only one HIT per worker.","experiment, psychology, game, language, cognition, linguistics, description","$0.25 ","Tue Aug 12 17:23:41 PDT 2014","150","0","0","150","Reviewable","NotReviewed","1 scales","600","60000","Tue Aug 19 17:23:41 PDT 2014","S18485","Approved","","""pizza""","""peppers""","0","""left""","""middle""","-1","""mushrooms""","4","0","14","0","0","-1","-1","""TRUE""","""null""","""null""","-1","-1","-1","-1","-1","-1","-1","1","-1","-1","-1","-1","""It was about deciding which of the choices were being described.""","""no""","0","""keyboard""","""target""","""null""","""null""","""null""","""null""","""null""","TRUE","""null""","""null""","""null""","""null""","""pizza""","""Christmas tree""","""null""","""null""","""null""","""null""","""peppers""","""star""","""null""","""null""","""null""","""null""","""left""","""middle""","""null""","""null""","""null""","""null""","""olives""","""star""","""null""","""null""","""null""","""null""","""middle""","""right""","""null""","""null""","""null""","""null""","FALSE","FALSE","TRUE","FALSE","FALSE","FALSE","""kb1b""","0","1","Checkbox"
"Object Description","Short and fun! A 1-2 minute word game about describing simple objects. Only one HIT per worker.","experiment, psychology, game, language, cognition, linguistics, description","$0.25 ","Tue Aug 12 17:23:41 PDT 2014","150","0","0","150","Reviewable","NotReviewed","1 scales","600","60000","Tue Aug 19 17:23:41 PDT 2014","S60930","Approved","","""Christmas tree""","""star""","0","""left""","""right""","-1","""lights""","4","0","14","0","0","-1","-1","""TRUE""","""null""","""null""","-1","-1","-1","-1","-1","-1","-1","1","-1","-1","-1","-1","""]ice cream and trees""","""""","0","""keyboard""","""logical""","""null""","""null""","""null""","""null""","""null""","FALSE","""null""","""null""","""null""","""null""","""Christmas tree""","""sundae""","""null""","""null""","""null""","""null""","""star""","""whipped cream""","""null""","""null""","""null""","""null""","""left""","""right""","""null""","""null""","""null""","""null""","""ornaments""","""whipped cream""","""null""","""null""","""null""","""null""","""right""","""left""","""null""","""null""","""null""","""null""","TRUE","FALSE","TRUE","FALSE","TRUE","FALSE","""kb1b""","1","0","Checkbox"
"Object Description","Short and fun! A 1-2 minute word game about describing simple objects. Only one HIT per worker.","experiment, psychology, game, language, cognition, linguistics, description","$0.25 ","Tue Aug 12 17:23:41 PDT 2014","150","0","0","150","Reviewable","NotReviewed","1 scales","600","60000","Tue Aug 19 17:23:41 PDT 2014","S49878","Approved","","""pizza""","""olives""","0","""middle""","""left""","-1","""mushrooms""","4","0","14","0","0","-1","-1","""TRUE""","""null""","""null""","-1","-1","-1","-1","-1","-1","-1","1","-1","-1","-1","-1","""Recognition ""","""No""","0","""keyboard""","""logical""","""null""","""null""","""null""","""null""","""null""","FALSE","""null""","""null""","""null""","""null""","""pizza""","""boat""","""null""","""null""","""null""","""null""","""olives""","""motor""","""null""","""null""","""null""","""null""","""middle""","""right""","""null""","""null""","""null""","""null""","""peppers""","""motor""","""null""","""null""","""null""","""null""","""left""","""left""","""null""","""null""","""null""","""null""","TRUE","FALSE","TRUE","FALSE","FALSE","FALSE","""kb1b""","1","0","Checkbox"
"Object Description","Short and fun! A 1-2 minute word game about describing simple objects. Only one HIT per worker.","experiment, psychology, game, language, cognition, linguistics, description","$0.25 ","Tue Aug 12 17:23:41 PDT 2014","150","0","0","150","Reviewable","NotReviewed","1 scales","600","60000","Tue Aug 19 17:23:41 PDT 2014","S09087","Approved","","""sundae""","""chocolate""","0","""left""","""right""","-1","""cherry""","4","0","14","0","0","-1","-1","""TRUE""","""null""","""null""","-1","-1","-1","-1","-1","-1","-1","1","-1","-1","-1","-1","""Figuring out which picture another worker described. ""","""Love your  hits, thanks! ""","0","""keyboard""","""logical""","""null""","""null""","""null""","""null""","""null""","FALSE","""null""","""null""","""null""","""null""","""sundae""","""snowman""","""null""","""null""","""null""","""null""","""chocolate""","""hat""","""null""","""null""","""null""","""null""","""left""","""right""","""null""","""null""","""null""","""null""","""whipped cream""","""hat""","""null""","""null""","""null""","""null""","""right""","""left""","""null""","""null""","""null""","""null""","TRUE","FALSE","TRUE","FALSE","FALSE","TRUE","""kb1b""","1","0","Checkbox"
"Object Description","Short and fun! A 1-2 minute word game about describing simple objects. Only one HIT per worker.","experiment, psychology, game, language, cognition, linguistics, description","$0.25 ","Tue Aug 12 17:23:41 PDT 2014","150","0","0","150","Reviewable","NotReviewed","1 scales","600","60000","Tue Aug 19 17:23:41 PDT 2014","S59986","Approved","","""pizza""","""olives""","0","""left""","""right""","-1","""peppers""","4","0","14","0","0","-1","-1","""TRUE""","""null""","""null""","-1","-1","-1","-1","-1","-1","-1","1","-1","-1","-1","-1","""things Bob likes""","""no""","0","""keyboard""","""target""","""null""","""null""","""null""","""null""","""null""","TRUE","""null""","""null""","""null""","""null""","""pizza""","""Christmas tree""","""null""","""null""","""null""","""null""","""olives""","""star""","""null""","""null""","""null""","""null""","""left""","""middle""","""null""","""null""","""null""","""null""","""mushrooms""","""star""","""null""","""null""","""null""","""null""","""right""","""left""","""null""","""null""","""null""","""null""","TRUE","FALSE","TRUE","FALSE","FALSE","FALSE","""kb1b""","1","1","Checkbox"
"Object Description","Short and fun! A 1-2 minute word game about describing simple objects. Only one HIT per worker.","experiment, psychology, game, language, cognition, linguistics, description","$0.25 ","Tue Aug 12 17:23:41 PDT 2014","150","0","0","150","Reviewable","NotReviewed","1 scales","600","60000","Tue Aug 19 17:23:41 PDT 2014","S28025","Approved","","""sundae""","""chocolate""","0","""right""","""left""","-1","""cherry""","4","0","14","0","0","-1","-1","""TRUE""","""null""","""null""","-1","-1","-1","-1","-1","-1","-1","1","-1","-1","-1","-1","""Sundaes""","""no""","0","""keyboard""","""target""","""null""","""null""","""null""","""null""","""null""","TRUE","""null""","""null""","""null""","""null""","""sundae""","""sundae""","""null""","""null""","""null""","""null""","""chocolate""","""chocolate""","""null""","""null""","""null""","""null""","""right""","""left""","""null""","""null""","""null""","""null""","""whipped cream""","""chocolate""","""null""","""null""","""null""","""null""","""left""","""middle""","""null""","""null""","""null""","""null""","TRUE","FALSE","TRUE","FALSE","FALSE","TRUE","""kb1b""","1","1","Checkbox"
"Object Description","Short and fun! A 1-2 minute word game about describing simple objects. Only one HIT per worker.","experiment, psychology, game, language, cognition, linguistics, description","$0.25 ","Tue Aug 12 17:23:41 PDT 2014","150","0","0","150","Reviewable","NotReviewed","1 scales","600","60000","Tue Aug 19 17:23:41 PDT 2014","S58731","Approved","","""friend""","""mustache""","0","""middle""","""left""","-1","""glasses""","4","0","14","0","0","-1","-1","""TRUE""","""null""","""null""","-1","-1","-1","-1","-1","-1","-1","1","-1","-1","-1","-1","""language""","""""","0","""keyboard""","""logical""","""null""","""null""","""null""","""null""","""null""","FALSE","""null""","""null""","""null""","""null""","""friend""","""Christmas tree""","""null""","""null""","""null""","""null""","""mustache""","""lights""","""null""","""null""","""null""","""null""","""middle""","""left""","""null""","""null""","""null""","""null""","""hat""","""lights""","""null""","""null""","""null""","""null""","""left""","""right""","""null""","""null""","""null""","""null""","TRUE","FALSE","TRUE","FALSE","FALSE","TRUE","""kb1b""","1","0","Checkbox"
"Object Description","Short and fun! A 1-2 minute word game about describing simple objects. Only one HIT per worker.","experiment, psychology, game, language, cognition, linguistics, description","$0.25 ","Tue Aug 12 17:23:41 PDT 2014","150","0","0","150","Reviewable","NotReviewed","1 scales","600","60000","Tue Aug 19 17:23:41 PDT 2014","S72581","Approved","","""Christmas tree""","""ornaments""","0","""left""","""right""","-1","""star""","4","0","14","0","0","-1","-1","""TRUE""","""null""","""null""","-1","-1","-1","-1","-1","-1","-1","1","-1","-1","-1","-1","""describing images""","""""","0","""keyboard""","""logical""","""null""","""null""","""null""","""null""","""null""","FALSE","""null""","""null""","""null""","""null""","""Christmas tree""","""pizza""","""null""","""null""","""null""","""null""","""ornaments""","""olives""","""null""","""null""","""null""","""null""","""left""","""middle""","""null""","""null""","""null""","""null""","""lights""","""olives""","""null""","""null""","""null""","""null""","""right""","""right""","""null""","""null""","""null""","""null""","TRUE","FALSE","TRUE","FALSE","FALSE","TRUE","""kb1b""","1","0","Checkbox"
"Object Description","Short and fun! A 1-2 minute word game about describing simple objects. Only one HIT per worker.","experiment, psychology, game, language, cognition, linguistics, description","$0.25 ","Tue Aug 12 17:23:41 PDT 2014","150","0","0","150","Reviewable","NotReviewed","1 scales","600","60000","Tue Aug 19 17:23:41 PDT 2014","S06698","Approved","","""pizza""","""peppers""","0","""right""","""left""","-1","""olives""","4","0","14","0","0","-1","-1","""TRUE""","""null""","""null""","-1","-1","-1","-1","-1","-1","-1","1","-1","-1","-1","-1","""Things that Bob liked""","""No""","0","""keyboard""","""target""","""null""","""null""","""null""","""null""","""null""","TRUE","""null""","""null""","""null""","""null""","""pizza""","""Christmas tree""","""null""","""null""","""null""","""null""","""peppers""","""star""","""null""","""null""","""null""","""null""","""right""","""left""","""null""","""null""","""null""","""null""","""mushrooms""","""star""","""null""","""null""","""null""","""null""","""left""","""middle""","""null""","""null""","""null""","""null""","TRUE","FALSE","TRUE","FALSE","FALSE","TRUE","""kb1b""","1","1","Checkbox"
"Object Description","Short and fun! A 1-2 minute word game about describing simple objects. Only one HIT per worker.","experiment, psychology, game, language, cognition, linguistics, description","$0.25 ","Tue Aug 12 17:23:41 PDT 2014","150","0","0","150","Reviewable","NotReviewed","1 scales","600","60000","Tue Aug 19 17:23:41 PDT 2014","S99532","Approved","","""Christmas tree""","""lights""","0","""right""","""middle""","-1","""star""","4","0","14","0","0","-1","-1","""TRUE""","""null""","""null""","-1","-1","-1","-1","-1","-1","-1","1","-1","-1","-1","-1","""picking what a snowman was wearing? ""","""Weird...""","0","""keyboard""","""logical""","""null""","""null""","""null""","""null""","""null""","FALSE","""null""","""null""","""null""","""null""","""Christmas tree""","""snowman""","""null""","""null""","""null""","""null""","""lights""","""mittens""","""null""","""null""","""null""","""null""","""right""","""right""","""null""","""null""","""null""","""null""","""ornaments""","""mittens""","""null""","""null""","""null""","""null""","""middle""","""middle""","""null""","""null""","""null""","""null""","TRUE","FALSE","TRUE","FALSE","FALSE","TRUE","""kb1b""","1","0","Checkbox"
"Object Description","Short and fun! A 1-2 minute word game about describing simple objects. Only one HIT per worker.","experiment, psychology, game, language, cognition, linguistics, description","$0.25 ","Tue Aug 12 17:23:41 PDT 2014","150","0","0","150","Reviewable","NotReviewed","1 scales","600","60000","Tue Aug 19 17:23:41 PDT 2014","S90666","Approved","","""sundae""","""cherry""","0","""left""","""right""","-1","""chocolate""","4","0","14","0","0","-1","-1","""TRUE""","""null""","""null""","-1","-1","-1","-1","-1","-1","-1","1","-1","-1","-1","-1","""communication of objects describtions""","""interesting""","0","""keyboard""","""target""","""null""","""null""","""null""","""null""","""null""","TRUE","""null""","""null""","""null""","""null""","""sundae""","""pizza""","""null""","""null""","""null""","""null""","""cherry""","""peppers""","""null""","""null""","""null""","""null""","""left""","""middle""","""null""","""null""","""null""","""null""","""whipped cream""","""peppers""","""null""","""null""","""null""","""null""","""right""","""right""","""null""","""null""","""null""","""null""","FALSE","FALSE","FALSE","FALSE","FALSE","TRUE","""kb1b""","0","1","Checkbox"
"Object Description","Short and fun! A 1-2 minute word game about describing simple objects. Only one HIT per worker.","experiment, psychology, game, language, cognition, linguistics, description","$0.25 ","Tue Aug 12 17:23:41 PDT 2014","150","0","0","150","Reviewable","NotReviewed","1 scales","600","60000","Tue Aug 19 17:23:41 PDT 2014","S40279","Approved","","""snowman""","""scarf""","0","""right""","""middle""","-1","""hat""","4","0","14","0","0","-1","-1","""TRUE""","""null""","""null""","-1","-1","-1","-1","-1","-1","-1","1","-1","-1","-1","-1","""Communicating observations""","""""","0","""keyboard""","""target""","""null""","""null""","""null""","""null""","""null""","TRUE","""null""","""null""","""null""","""null""","""snowman""","""pizza""","""null""","""null""","""null""","""null""","""scarf""","""peppers""","""null""","""null""","""null""","""null""","""right""","""middle""","""null""","""null""","""null""","""null""","""mittens""","""peppers""","""null""","""null""","""null""","""null""","""middle""","""left""","""null""","""null""","""null""","""null""","TRUE","FALSE","TRUE","FALSE","FALSE","TRUE","""kb1b""","1","1","Checkbox"
"Object Description","Short and fun! A 1-2 minute word game about describing simple objects. Only one HIT per worker.","experiment, psychology, game, language, cognition, linguistics, description","$0.25 ","Tue Aug 12 17:23:41 PDT 2014","150","0","0","150","Reviewable","NotReviewed","1 scales","600","60000","Tue Aug 19 17:23:41 PDT 2014","S71217","Approved","","""friend""","""glasses""","0","""left""","""middle""","-1","""mustache""","4","0","14","0","0","-1","-1","""TRUE""","""null""","""null""","-1","-1","-1","-1","-1","-1","-1","1","-1","-1","-1","-1","""friends""","""no""","0","""keyboard""","""logical""","""null""","""null""","""null""","""null""","""null""","FALSE","""null""","""null""","""null""","""null""","""friend""","""friend""","""null""","""null""","""null""","""null""","""glasses""","""glasses""","""null""","""null""","""null""","""null""","""left""","""left""","""null""","""null""","""null""","""null""","""hat""","""glasses""","""null""","""null""","""null""","""null""","""middle""","""right""","""null""","""null""","""null""","""null""","TRUE","FALSE","TRUE","FALSE","FALSE","FALSE","""kb1b""","1","0","Checkbox"
"Object Description","Short and fun! A 1-2 minute word game about describing simple objects. Only one HIT per worker.","experiment, psychology, game, language, cognition, linguistics, description","$0.25 ","Tue Aug 12 17:23:41 PDT 2014","150","0","0","150","Reviewable","NotReviewed","1 scales","600","60000","Tue Aug 19 17:23:41 PDT 2014","S28798","Approved","","""pizza""","""mushrooms""","0","""right""","""left""","-1","""olives""","4","0","14","0","0","-1","-1","""TRUE""","""null""","""null""","-1","-1","-1","-1","-1","-1","-1","1","-1","-1","-1","-1","""Descriptions""","""""","0","""keyboard""","""target""","""null""","""null""","""null""","""null""","""null""","TRUE","""null""","""null""","""null""","""null""","""pizza""","""snowman""","""null""","""null""","""null""","""null""","""mushrooms""","""hat""","""null""","""null""","""null""","""null""","""right""","""right""","""null""","""null""","""null""","""null""","""peppers""","""hat""","""null""","""null""","""null""","""null""","""left""","""middle""","""null""","""null""","""null""","""null""","TRUE","FALSE","TRUE","FALSE","FALSE","TRUE","""kb1b""","1","1","Checkbox"
"Object Description","Short and fun! A 1-2 minute word game about describing simple objects. Only one HIT per worker.","experiment, psychology, game, language, cognition, linguistics, description","$0.25 ","Tue Aug 12 17:23:41 PDT 2014","150","0","0","150","Reviewable","NotReviewed","1 scales","600","60000","Tue Aug 19 17:23:41 PDT 2014","S31038","Approved","","""pizza""","""mushrooms""","0","""left""","""right""","-1","""peppers""","4","0","14","0","0","-1","-1","""TRUE""","""null""","""null""","-1","-1","-1","-1","-1","-1","-1","1","-1","-1","-1","-1","""How people use descriptors?""","""""","0","""keyboard""","""target""","""null""","""null""","""null""","""null""","""null""","TRUE","""null""","""null""","""null""","""null""","""pizza""","""snowman""","""null""","""null""","""null""","""null""","""mushrooms""","""hat""","""null""","""null""","""null""","""null""","""left""","""left""","""null""","""null""","""null""","""null""","""olives""","""hat""","""null""","""null""","""null""","""null""","""right""","""right""","""null""","""null""","""null""","""null""","TRUE","FALSE","TRUE","FALSE","FALSE","TRUE","""kb1b""","1","1","Checkbox"
"Object Description","Short and fun! A 1-2 minute word game about describing simple objects. Only one HIT per worker.","experiment, psychology, game, language, cognition, linguistics, description","$0.25 ","Tue Aug 12 17:23:41 PDT 2014","150","0","0","150","Reviewable","NotReviewed","1 scales","600","60000","Tue Aug 19 17:23:41 PDT 2014","S47680","Approved","","""snowman""","""scarf""","0","""right""","""middle""","-1","""hat""","4","0","14","0","0","-1","-1","""TRUE""","""null""","""null""","-1","-1","-1","-1","-1","-1","-1","1","-1","-1","-1","-1","""describing a picture to another turker using one-word answers""","""no""","0","""keyboard""","""target""","""null""","""null""","""null""","""null""","""null""","TRUE","""null""","""null""","""null""","""null""","""snowman""","""boat""","""null""","""null""","""null""","""null""","""scarf""","""motor""","""null""","""null""","""null""","""null""","""right""","""middle""","""null""","""null""","""null""","""null""","""mittens""","""motor""","""null""","""null""","""null""","""null""","""middle""","""right""","""null""","""null""","""null""","""null""","TRUE","FALSE","TRUE","FALSE","FALSE","TRUE","""kb1b""","1","1","Checkbox"
"Object Description","Short and fun! A 1-2 minute word game about describing simple objects. Only one HIT per worker.","experiment, psychology, game, language, cognition, linguistics, description","$0.25 ","Tue Aug 12 17:23:41 PDT 2014","150","0","0","150","Reviewable","NotReviewed","1 scales","600","60000","Tue Aug 19 17:23:41 PDT 2014","S93068","Approved","","""snowman""","""hat""","0","""middle""","""right""","-1","""scarf""","4","0","14","0","0","-1","-1","""TRUE""","""null""","""null""","-1","-1","-1","-1","-1","-1","-1","1","-1","-1","-1","-1","""Describing pictures""","""none""","0","""keyboard""","""logical""","""null""","""null""","""null""","""null""","""null""","FALSE","""null""","""null""","""null""","""null""","""snowman""","""Christmas tree""","""null""","""null""","""null""","""null""","""hat""","""ornaments""","""null""","""null""","""null""","""null""","""middle""","""left""","""null""","""null""","""null""","""null""","""mittens""","""ornaments""","""null""","""null""","""null""","""null""","""right""","""right""","""null""","""null""","""null""","""null""","TRUE","FALSE","TRUE","FALSE","FALSE","TRUE","""kb1b""","1","0","Checkbox"
"Object Description","Short and fun! A 1-2 minute word game about describing simple objects. Only one HIT per worker.","experiment, psychology, game, language, cognition, linguistics, description","$0.25 ","Tue Aug 12 17:23:41 PDT 2014","150","0","0","150","Reviewable","NotReviewed","1 scales","600","60000","Tue Aug 19 17:23:41 PDT 2014","S17740","Approved","","""boat""","""cabin""","0","""left""","""middle""","-1","""motor""","4","0","14","0","0","-1","-1","""FALSE""","""null""","""null""","-1","-1","-1","-1","-1","-1","-1","1","-1","-1","-1","-1","""Attention to detail""","""I think it was Joe, but my second choice would be Bob.  :)""","0","""keyboard""","""logical""","""null""","""null""","""null""","""null""","""null""","FALSE","""null""","""null""","""null""","""null""","""boat""","""Christmas tree""","""null""","""null""","""null""","""null""","""cabin""","""star""","""null""","""null""","""null""","""null""","""left""","""left""","""null""","""null""","""null""","""null""","""sail""","""star""","""null""","""null""","""null""","""null""","""middle""","""right""","""null""","""null""","""null""","""null""","TRUE","FALSE","TRUE","FALSE","FALSE","TRUE","""kb1b""","1","0","Checkbox"
"Object Description","Short and fun! A 1-2 minute word game about describing simple objects. Only one HIT per worker.","experiment, psychology, game, language, cognition, linguistics, description","$0.25 ","Tue Aug 12 17:23:41 PDT 2014","150","0","0","150","Reviewable","NotReviewed","1 scales","600","60000","Tue Aug 19 17:23:41 PDT 2014","S65420","Approved","","""pizza""","""olives""","0","""middle""","""left""","-1","""peppers""","4","0","14","0","0","-1","-1","""TRUE""","""null""","""null""","-1","-1","-1","-1","-1","-1","-1","1","-1","-1","-1","-1","""describing different objects""","""""","0","""keyboard""","""target""","""null""","""null""","""null""","""null""","""null""","TRUE","""null""","""null""","""null""","""null""","""pizza""","""boat""","""null""","""null""","""null""","""null""","""olives""","""sail""","""null""","""null""","""null""","""null""","""middle""","""middle""","""null""","""null""","""null""","""null""","""mushrooms""","""sail""","""null""","""null""","""null""","""null""","""left""","""right""","""null""","""null""","""null""","""null""","TRUE","FALSE","TRUE","FALSE","FALSE","FALSE","""kb1b""","1","1","Checkbox"
"Object Description","Short and fun! A 1-2 minute word game about describing simple objects. Only one HIT per worker.","experiment, psychology, game, language, cognition, linguistics, description","$0.25 ","Tue Aug 12 17:23:41 PDT 2014","150","0","0","150","Reviewable","NotReviewed","1 scales","600","60000","Tue Aug 19 17:23:41 PDT 2014","S61175","Approved","","""friend""","""glasses""","0","""right""","""middle""","-1","""hat""","4","0","14","0","0","-1","-1","""TRUE""","""null""","""null""","-1","-1","-1","-1","-1","-1","-1","1","-1","-1","-1","-1","""Describing objects""","""No thank you!""","0","""keyboard""","""logical""","""null""","""null""","""null""","""null""","""null""","FALSE","""null""","""null""","""null""","""null""","""friend""","""boat""","""null""","""null""","""null""","""null""","""glasses""","""cabin""","""null""","""null""","""null""","""null""","""right""","""middle""","""null""","""null""","""null""","""null""","""mustache""","""cabin""","""null""","""null""","""null""","""null""","""middle""","""left""","""null""","""null""","""null""","""null""","TRUE","FALSE","TRUE","FALSE","FALSE","TRUE","""kb1b""","1","0","Checkbox"
"Object Description","Short and fun! A 1-2 minute word game about describing simple objects. Only one HIT per worker.","experiment, psychology, game, language, cognition, linguistics, description","$0.25 ","Tue Aug 12 17:23:41 PDT 2014","150","0","0","150","Reviewable","NotReviewed","1 scales","600","60000","Tue Aug 19 17:23:41 PDT 2014","S67545","Approved","","""boat""","""motor""","0","""left""","""right""","-1","""cabin""","4","0","14","0","0","-1","-1","""TRUE""","""null""","""null""","-1","-1","-1","-1","-1","-1","-1","1","-1","-1","-1","-1","""describing items""","""none""","0","""keyboard""","""target""","""null""","""null""","""null""","""null""","""null""","TRUE","""null""","""null""","""null""","""null""","""boat""","""pizza""","""null""","""null""","""null""","""null""","""motor""","""olives""","""null""","""null""","""null""","""null""","""left""","""middle""","""null""","""null""","""null""","""null""","""sail""","""olives""","""null""","""null""","""null""","""null""","""right""","""left""","""null""","""null""","""null""","""null""","TRUE","TRUE","TRUE","FALSE","FALSE","TRUE","""kb1b""","1","1","Checkbox"
"Object Description","Short and fun! A 1-2 minute word game about describing simple objects. Only one HIT per worker.","experiment, psychology, game, language, cognition, linguistics, description","$0.25 ","Tue Aug 12 17:23:41 PDT 2014","150","0","0","150","Reviewable","NotReviewed","1 scales","600","60000","Tue Aug 19 17:23:41 PDT 2014","S69879","Approved","","""friend""","""glasses""","0","""left""","""right""","-1","""hat""","4","0","14","0","0","-1","-1","""TRUE""","""null""","""null""","-1","-1","-1","-1","-1","-1","-1","1","-1","-1","-1","-1","""How to concisely communicate via only one choice when the person you're communicating can see the listed choices and options.""","""""","0","""keyboard""","""logical""","""null""","""null""","""null""","""null""","""null""","FALSE","""null""","""null""","""null""","""null""","""friend""","""friend""","""null""","""null""","""null""","""null""","""glasses""","""hat""","""null""","""null""","""null""","""null""","""left""","""left""","""null""","""null""","""null""","""null""","""mustache""","""hat""","""null""","""null""","""null""","""null""","""right""","""middle""","""null""","""null""","""null""","""null""","TRUE","FALSE","TRUE","FALSE","FALSE","TRUE","""kb1b""","1","0","Checkbox"
"Object Description","Short and fun! A 1-2 minute word game about describing simple objects. Only one HIT per worker.","experiment, psychology, game, language, cognition, linguistics, description","$0.25 ","Tue Aug 12 17:23:41 PDT 2014","150","0","0","150","Reviewable","NotReviewed","1 scales","600","60000","Tue Aug 19 17:23:41 PDT 2014","S08329","Approved","","""boat""","""sail""","0","""left""","""right""","-1","""motor""","4","0","14","0","0","-1","-1","""TRUE""","""null""","""null""","-1","-1","-1","-1","-1","-1","-1","1","-1","-1","-1","-1","""bob and his boats""","""""","0","""keyboard""","""logical""","""null""","""null""","""null""","""null""","""null""","FALSE","""null""","""null""","""null""","""null""","""boat""","""boat""","""null""","""null""","""null""","""null""","""sail""","""sail""","""null""","""null""","""null""","""null""","""left""","""middle""","""null""","""null""","""null""","""null""","""cabin""","""sail""","""null""","""null""","""null""","""null""","""right""","""right""","""null""","""null""","""null""","""null""","TRUE","FALSE","TRUE","FALSE","FALSE","FALSE","""kb1b""","1","0","Checkbox"
"Object Description","Short and fun! A 1-2 minute word game about describing simple objects. Only one HIT per worker.","experiment, psychology, game, language, cognition, linguistics, description","$0.25 ","Tue Aug 12 17:23:41 PDT 2014","150","0","0","150","Reviewable","NotReviewed","1 scales","600","60000","Tue Aug 19 17:23:41 PDT 2014","S25654","Approved","","""Christmas tree""","""lights""","0","""right""","""left""","-1","""star""","4","0","14","0","0","-1","-1","""TRUE""","""null""","""null""","-1","-1","-1","-1","-1","-1","-1","1","-1","-1","-1","-1","""i dont know""","""""","0","""keyboard""","""target""","""null""","""null""","""null""","""null""","""null""","TRUE","""null""","""null""","""null""","""null""","""Christmas tree""","""sundae""","""null""","""null""","""null""","""null""","""lights""","""whipped cream""","""null""","""null""","""null""","""null""","""right""","""right""","""null""","""null""","""null""","""null""","""ornaments""","""whipped cream""","""null""","""null""","""null""","""null""","""left""","""left""","""null""","""null""","""null""","""null""","TRUE","FALSE","TRUE","FALSE","FALSE","TRUE","""kb1b""","1","1","Checkbox"
"Object Description","Short and fun! A 1-2 minute word game about describing simple objects. Only one HIT per worker.","experiment, psychology, game, language, cognition, linguistics, description","$0.25 ","Tue Aug 12 17:23:41 PDT 2014","150","0","0","150","Reviewable","NotReviewed","1 scales","600","60000","Tue Aug 19 17:23:41 PDT 2014","S75905","Approved","","""snowman""","""mittens""","0","""left""","""right""","-1","""scarf""","4","0","14","0","0","-1","-1","""TRUE""","""null""","""null""","-1","-1","-1","-1","-1","-1","-1","1","-1","-1","-1","-1","""communication""","""no thank you""","0","""keyboard""","""target""","""null""","""null""","""null""","""null""","""null""","TRUE","""null""","""null""","""null""","""null""","""snowman""","""sundae""","""null""","""null""","""null""","""null""","""mittens""","""cherry""","""null""","""null""","""null""","""null""","""left""","""left""","""null""","""null""","""null""","""null""","""hat""","""cherry""","""null""","""null""","""null""","""null""","""right""","""right""","""null""","""null""","""null""","""null""","TRUE","FALSE","TRUE","FALSE","FALSE","FALSE","""kb1b""","1","1","Checkbox"
"Object Description","Short and fun! A 1-2 minute word game about describing simple objects. Only one HIT per worker.","experiment, psychology, game, language, cognition, linguistics, description","$0.25 ","Tue Aug 12 17:23:41 PDT 2014","150","0","0","150","Reviewable","NotReviewed","1 scales","600","60000","Tue Aug 19 17:23:41 PDT 2014","S71359","Approved","","""boat""","""motor""","0","""left""","""middle""","-1","""sail""","4","0","14","0","0","-1","-1","""TRUE""","""null""","""null""","-1","-1","-1","-1","-1","-1","-1","1","-1","-1","-1","-1","""Depicting pictures through words. ""","""No, but I like this activity. ""","0","""keyboard""","""target""","""null""","""null""","""null""","""null""","""null""","TRUE","""null""","""null""","""null""","""null""","""boat""","""snowman""","""null""","""null""","""null""","""null""","""motor""","""scarf""","""null""","""null""","""null""","""null""","""left""","""left""","""null""","""null""","""null""","""null""","""cabin""","""scarf""","""null""","""null""","""null""","""null""","""middle""","""right""","""null""","""null""","""null""","""null""","FALSE","FALSE","TRUE","FALSE","FALSE","TRUE","""kb1b""","1","1","Checkbox"
"Object Description","Short and fun! A 1-2 minute word game about describing simple objects. Only one HIT per worker.","experiment, psychology, game, language, cognition, linguistics, description","$0.25 ","Tue Aug 12 17:23:41 PDT 2014","150","0","0","150","Reviewable","NotReviewed","1 scales","600","60000","Tue Aug 19 17:23:41 PDT 2014","S92070","Approved","","""friend""","""hat""","0","""middle""","""left""","-1","""glasses""","4","0","14","0","0","-1","-1","""TRUE""","""null""","""null""","-1","-1","-1","-1","-1","-1","-1","1","-1","-1","-1","-1","""Communicating with other turkers to try to describe the item chosen.""","""Fun, hope you get good results!""","0","""keyboard""","""logical""","""null""","""null""","""null""","""null""","""null""","FALSE","""null""","""null""","""null""","""null""","""friend""","""boat""","""null""","""null""","""null""","""null""","""hat""","""motor""","""null""","""null""","""null""","""null""","""middle""","""right""","""null""","""null""","""null""","""null""","""mustache""","""motor""","""null""","""null""","""null""","""null""","""left""","""middle""","""null""","""null""","""null""","""null""","FALSE","FALSE","FALSE","FALSE","TRUE","FALSE","""kb1b""","NA","0","Checkbox"
"Object Description","Short and fun! A 1-2 minute word game about describing simple objects. Only one HIT per worker.","experiment, psychology, game, language, cognition, linguistics, description","$0.25 ","Tue Aug 12 17:23:41 PDT 2014","150","0","0","150","Reviewable","NotReviewed","1 scales","600","60000","Tue Aug 19 17:23:41 PDT 2014","S14106","Approved","","""Christmas tree""","""lights""","0","""right""","""middle""","-1","""ornaments""","4","0","14","0","0","-1","-1","""TRUE""","""null""","""null""","-1","-1","-1","-1","-1","-1","-1","1","-1","-1","-1","-1","""communication""","""""","0","""keyboard""","""target""","""null""","""null""","""null""","""null""","""null""","TRUE","""null""","""null""","""null""","""null""","""Christmas tree""","""snowman""","""null""","""null""","""null""","""null""","""lights""","""scarf""","""null""","""null""","""null""","""null""","""right""","""right""","""null""","""null""","""null""","""null""","""star""","""scarf""","""null""","""null""","""null""","""null""","""middle""","""left""","""null""","""null""","""null""","""null""","TRUE","FALSE","TRUE","FALSE","TRUE","FALSE","""kb1b""","1","1","Checkbox"
"Object Description","Short and fun! A 1-2 minute word game about describing simple objects. Only one HIT per worker.","experiment, psychology, game, language, cognition, linguistics, description","$0.25 ","Tue Aug 12 17:23:41 PDT 2014","150","0","0","150","Reviewable","NotReviewed","1 scales","600","60000","Tue Aug 19 17:23:41 PDT 2014","S03830","Approved","","""sundae""","""whipped cream""","0","""left""","""right""","-1","""cherry""","4","0","14","0","0","-1","-1","""TRUE""","""null""","""null""","-1","-1","-1","-1","-1","-1","-1","1","-1","-1","-1","-1","""icecream""","""""","0","""keyboard""","""target""","""null""","""null""","""null""","""null""","""null""","TRUE","""null""","""null""","""null""","""null""","""sundae""","""friend""","""null""","""null""","""null""","""null""","""whipped cream""","""mustache""","""null""","""null""","""null""","""null""","""left""","""middle""","""null""","""null""","""null""","""null""","""chocolate""","""mustache""","""null""","""null""","""null""","""null""","""right""","""right""","""null""","""null""","""null""","""null""","TRUE","FALSE","TRUE","FALSE","FALSE","FALSE","""kb1b""","1","1","Checkbox"
"Object Description","Short and fun! A 1-2 minute word game about describing simple objects. Only one HIT per worker.","experiment, psychology, game, language, cognition, linguistics, description","$0.25 ","Tue Aug 12 17:23:41 PDT 2014","150","0","0","150","Reviewable","NotReviewed","1 scales","600","60000","Tue Aug 19 17:23:41 PDT 2014","S11829","Approved","","""Christmas tree""","""ornaments""","0","""right""","""left""","-1","""star""","4","0","14","0","0","-1","-1","""TRUE""","""null""","""null""","-1","-1","-1","-1","-1","-1","-1","1","-1","-1","-1","-1","""Describing objects.""","""None.""","0","""keyboard""","""logical""","""null""","""null""","""null""","""null""","""null""","FALSE","""null""","""null""","""null""","""null""","""Christmas tree""","""snowman""","""null""","""null""","""null""","""null""","""ornaments""","""scarf""","""null""","""null""","""null""","""null""","""right""","""middle""","""null""","""null""","""null""","""null""","""lights""","""scarf""","""null""","""null""","""null""","""null""","""left""","""left""","""null""","""null""","""null""","""null""","TRUE","FALSE","TRUE","FALSE","FALSE","TRUE","""kb1b""","1","0","Checkbox"
"Object Description","Short and fun! A 1-2 minute word game about describing simple objects. Only one HIT per worker.","experiment, psychology, game, language, cognition, linguistics, description","$0.25 ","Tue Aug 12 17:23:41 PDT 2014","150","0","0","150","Reviewable","NotReviewed","1 scales","600","60000","Tue Aug 19 17:23:41 PDT 2014","S82374","Approved","","""Christmas tree""","""ornaments""","0","""right""","""left""","-1","""lights""","4","0","14","0","0","-1","-1","""TRUE""","""null""","""null""","-1","-1","-1","-1","-1","-1","-1","1","-1","-1","-1","-1","""Describing different pictures""","""n/a""","0","""keyboard""","""logical""","""null""","""null""","""null""","""null""","""null""","FALSE","""null""","""null""","""null""","""null""","""Christmas tree""","""snowman""","""null""","""null""","""null""","""null""","""ornaments""","""hat""","""null""","""null""","""null""","""null""","""right""","""right""","""null""","""null""","""null""","""null""","""star""","""hat""","""null""","""null""","""null""","""null""","""left""","""middle""","""null""","""null""","""null""","""null""","TRUE","FALSE","TRUE","FALSE","FALSE","TRUE","""kb1b""","1","0","Checkbox"
"Object Description","Short and fun! A 1-2 minute word game about describing simple objects. Only one HIT per worker.","experiment, psychology, game, language, cognition, linguistics, description","$0.25 ","Tue Aug 12 17:23:41 PDT 2014","150","0","0","150","Reviewable","NotReviewed","1 scales","600","60000","Tue Aug 19 17:23:41 PDT 2014","S01034","Approved","","""boat""","""motor""","0","""middle""","""left""","-1","""cabin""","4","0","14","0","0","-1","-1","""TRUE""","""null""","""null""","-1","-1","-1","-1","-1","-1","-1","1","-1","-1","-1","-1","""People perceprion of items""","""Thanks""","0","""keyboard""","""target""","""null""","""null""","""null""","""null""","""null""","TRUE","""null""","""null""","""null""","""null""","""boat""","""Christmas tree""","""null""","""null""","""null""","""null""","""motor""","""lights""","""null""","""null""","""null""","""null""","""middle""","""left""","""null""","""null""","""null""","""null""","""sail""","""lights""","""null""","""null""","""null""","""null""","""left""","""right""","""null""","""null""","""null""","""null""","TRUE","FALSE","TRUE","FALSE","FALSE","TRUE","""kb1b""","1","1","Checkbox"
"Object Description","Short and fun! A 1-2 minute word game about describing simple objects. Only one HIT per worker.","experiment, psychology, game, language, cognition, linguistics, description","$0.25 ","Tue Aug 12 17:23:41 PDT 2014","150","0","0","150","Reviewable","NotReviewed","1 scales","600","60000","Tue Aug 19 17:23:41 PDT 2014","S71252","Approved","","""snowman""","""mittens""","0","""right""","""left""","-1","""scarf""","4","0","14","0","0","-1","-1","""TRUE""","""null""","""null""","-1","-1","-1","-1","-1","-1","-1","1","-1","-1","-1","-1","""describing objects""","""""","0","""keyboard""","""target""","""null""","""null""","""null""","""null""","""null""","TRUE","""null""","""null""","""null""","""null""","""snowman""","""pizza""","""null""","""null""","""null""","""null""","""mittens""","""peppers""","""null""","""null""","""null""","""null""","""right""","""middle""","""null""","""null""","""null""","""null""","""hat""","""peppers""","""null""","""null""","""null""","""null""","""left""","""left""","""null""","""null""","""null""","""null""","TRUE","FALSE","TRUE","FALSE","FALSE","TRUE","""kb1b""","1","1","Checkbox"
"Object Description","Short and fun! A 1-2 minute word game about describing simple objects. Only one HIT per worker.","experiment, psychology, game, language, cognition, linguistics, description","$0.25 ","Tue Aug 12 17:23:41 PDT 2014","150","0","0","150","Reviewable","NotReviewed","1 scales","600","60000","Tue Aug 19 17:23:41 PDT 2014","S84125","Approved","","""friend""","""hat""","0","""left""","""right""","-1","""glasses""","4","0","14","0","0","-1","-1","""TRUE""","""null""","""null""","-1","-1","-1","-1","-1","-1","-1","1","-1","-1","-1","-1","""Describing images""","""""","0","""keyboard""","""logical""","""null""","""null""","""null""","""null""","""null""","FALSE","""null""","""null""","""null""","""null""","""friend""","""boat""","""null""","""null""","""null""","""null""","""hat""","""motor""","""null""","""null""","""null""","""null""","""left""","""middle""","""null""","""null""","""null""","""null""","""mustache""","""motor""","""null""","""null""","""null""","""null""","""right""","""left""","""null""","""null""","""null""","""null""","TRUE","FALSE","TRUE","FALSE","FALSE","FALSE","""kb1b""","1","0","Checkbox"
"Object Description","Short and fun! A 1-2 minute word game about describing simple objects. Only one HIT per worker.","experiment, psychology, game, language, cognition, linguistics, description","$0.25 ","Tue Aug 12 17:23:41 PDT 2014","150","0","0","150","Reviewable","NotReviewed","1 scales","600","60000","Tue Aug 19 17:23:41 PDT 2014","S63562","Approved","","""friend""","""glasses""","0","""left""","""right""","-1","""mustache""","4","0","14","0","0","-1","-1","""TRUE""","""null""","""null""","-1","-1","-1","-1","-1","-1","-1","1","-1","-1","-1","-1","""This study was about describing objects""","""Thanks! Great survey!""","0","""keyboard""","""target""","""null""","""null""","""null""","""null""","""null""","TRUE","""null""","""null""","""null""","""null""","""friend""","""sundae""","""null""","""null""","""null""","""null""","""glasses""","""chocolate""","""null""","""null""","""null""","""null""","""left""","""left""","""null""","""null""","""null""","""null""","""hat""","""chocolate""","""null""","""null""","""null""","""null""","""right""","""middle""","""null""","""null""","""null""","""null""","TRUE","FALSE","TRUE","FALSE","FALSE","FALSE","""kb1b""","1","1","Checkbox"
"Object Description","Short and fun! A 1-2 minute word game about describing simple objects. Only one HIT per worker.","experiment, psychology, game, language, cognition, linguistics, description","$0.25 ","Tue Aug 12 17:23:41 PDT 2014","150","0","0","150","Reviewable","NotReviewed","1 scales","600","60000","Tue Aug 19 17:23:41 PDT 2014","S91245","Approved","","""snowman""","""hat""","0","""middle""","""right""","-1","""scarf""","4","0","14","0","0","-1","-1","""TRUE""","""null""","""null""","-1","-1","-1","-1","-1","-1","-1","1","-1","-1","-1","-1","""describing objects in a way that others will be able to identify them""","""nice survey I read everything thanks""","0","""keyboard""","""target""","""null""","""null""","""null""","""null""","""null""","TRUE","""null""","""null""","""null""","""null""","""snowman""","""sundae""","""null""","""null""","""null""","""null""","""hat""","""whipped cream""","""null""","""null""","""null""","""null""","""middle""","""left""","""null""","""null""","""null""","""null""","""mittens""","""whipped cream""","""null""","""null""","""null""","""null""","""right""","""middle""","""null""","""null""","""null""","""null""","TRUE","FALSE","TRUE","FALSE","FALSE","TRUE","""kb1b""","1","1","Checkbox"
"Object Description","Short and fun! A 1-2 minute word game about describing simple objects. Only one HIT per worker.","experiment, psychology, game, language, cognition, linguistics, description","$0.25 ","Tue Aug 12 17:23:41 PDT 2014","150","0","0","150","Reviewable","NotReviewed","1 scales","600","60000","Tue Aug 19 17:23:41 PDT 2014","S73213","Approved","","""Christmas tree""","""star""","0","""left""","""middle""","-1","""ornaments""","4","0","14","0","0","-1","-1","""TRUE""","""null""","""null""","-1","-1","-1","-1","-1","-1","-1","1","-1","-1","-1","-1","""Object recognition through simple description""","""""","0","""keyboard""","""target""","""null""","""null""","""null""","""null""","""null""","TRUE","""null""","""null""","""null""","""null""","""Christmas tree""","""pizza""","""null""","""null""","""null""","""null""","""star""","""peppers""","""null""","""null""","""null""","""null""","""left""","""right""","""null""","""null""","""null""","""null""","""lights""","""peppers""","""null""","""null""","""null""","""null""","""middle""","""left""","""null""","""null""","""null""","""null""","TRUE","FALSE","TRUE","FALSE","TRUE","FALSE","""kb1b""","1","1","Checkbox"
"Object Description","Short and fun! A 1-2 minute word game about describing simple objects. Only one HIT per worker.","experiment, psychology, game, language, cognition, linguistics, description","$0.25 ","Tue Aug 12 17:23:41 PDT 2014","150","0","0","150","Reviewable","NotReviewed","1 scales","600","60000","Tue Aug 19 17:23:41 PDT 2014","S39237","Approved","","""friend""","""mustache""","0","""right""","""middle""","-1","""hat""","4","0","14","0","0","-1","-1","""TRUE""","""null""","""null""","-1","-1","-1","-1","-1","-1","-1","1","-1","-1","-1","-1","""Comparisons""","""""","0","""keyboard""","""foil""","""null""","""null""","""null""","""null""","""null""","FALSE","""null""","""null""","""null""","""null""","""friend""","""sundae""","""null""","""null""","""null""","""null""","""mustache""","""whipped cream""","""null""","""null""","""null""","""null""","""right""","""left""","""null""","""null""","""null""","""null""","""glasses""","""whipped cream""","""null""","""null""","""null""","""null""","""middle""","""right""","""null""","""null""","""null""","""null""","FALSE","TRUE","TRUE","FALSE","FALSE","TRUE","""kb1b""","NA","0","Checkbox"
"Object Description","Short and fun! A 1-2 minute word game about describing simple objects. Only one HIT per worker.","experiment, psychology, game, language, cognition, linguistics, description","$0.25 ","Tue Aug 12 17:23:41 PDT 2014","150","0","0","150","Reviewable","NotReviewed","1 scales","600","60000","Tue Aug 19 17:23:41 PDT 2014","S68290","Approved","","""Christmas tree""","""ornaments""","0","""left""","""right""","-1","""lights""","4","0","14","0","0","-1","-1","""TRUE""","""null""","""null""","-1","-1","-1","-1","-1","-1","-1","1","-1","-1","-1","-1","""Describing Pictures""","""""","0","""keyboard""","""target""","""null""","""null""","""null""","""null""","""null""","TRUE","""null""","""null""","""null""","""null""","""Christmas tree""","""snowman""","""null""","""null""","""null""","""null""","""ornaments""","""hat""","""null""","""null""","""null""","""null""","""left""","""right""","""null""","""null""","""null""","""null""","""star""","""hat""","""null""","""null""","""null""","""null""","""right""","""left""","""null""","""null""","""null""","""null""","TRUE","FALSE","TRUE","FALSE","FALSE","FALSE","""kb1b""","1","1","Checkbox"
"Object Description","Short and fun! A 1-2 minute word game about describing simple objects. Only one HIT per worker.","experiment, psychology, game, language, cognition, linguistics, description","$0.25 ","Tue Aug 12 17:23:41 PDT 2014","150","0","0","150","Reviewable","NotReviewed","1 scales","600","60000","Tue Aug 19 17:23:41 PDT 2014","S05897","Approved","","""sundae""","""cherry""","0","""right""","""middle""","-1","""whipped cream""","4","0","14","0","0","-1","-1","""TRUE""","""null""","""null""","-1","-1","-1","-1","-1","-1","-1","1","-1","-1","-1","-1","""Communication""","""""","0","""keyboard""","""target""","""null""","""null""","""null""","""null""","""null""","TRUE","""null""","""null""","""null""","""null""","""sundae""","""Christmas tree""","""null""","""null""","""null""","""null""","""cherry""","""ornaments""","""null""","""null""","""null""","""null""","""right""","""right""","""null""","""null""","""null""","""null""","""chocolate""","""ornaments""","""null""","""null""","""null""","""null""","""middle""","""middle""","""null""","""null""","""null""","""null""","TRUE","FALSE","TRUE","FALSE","FALSE","TRUE","""kb1b""","1","1","Checkbox"
"Object Description","Short and fun! A 1-2 minute word game about describing simple objects. Only one HIT per worker.","experiment, psychology, game, language, cognition, linguistics, description","$0.25 ","Tue Aug 12 17:23:41 PDT 2014","150","0","0","150","Reviewable","NotReviewed","1 scales","600","60000","Tue Aug 19 17:23:41 PDT 2014","S10154","Approved","","""snowman""","""hat""","0","""left""","""middle""","-1","""scarf""","4","0","14","0","0","-1","-1","""FALSE""","""null""","""null""","-1","-1","-1","-1","-1","-1","-1","2","-1","-1","-1","-1","""Conveying information and deductive reasoning""","""Interesting, thank you""","0","""keyboard""","""target""","""null""","""null""","""null""","""null""","""null""","TRUE","""null""","""null""","""null""","""null""","""snowman""","""Christmas tree""","""null""","""null""","""null""","""null""","""hat""","""star""","""null""","""null""","""null""","""null""","""left""","""left""","""null""","""null""","""null""","""null""","""mittens""","""star""","""null""","""null""","""null""","""null""","""middle""","""middle""","""null""","""null""","""null""","""null""","FALSE","TRUE","TRUE","FALSE","TRUE","FALSE","""kb1b""","1","1","Checkbox"
"Object Description","Short and fun! A 1-2 minute word game about describing simple objects. Only one HIT per worker.","experiment, psychology, game, language, cognition, linguistics, description","$0.25 ","Tue Aug 12 17:23:41 PDT 2014","150","0","0","150","Reviewable","NotReviewed","1 scales","600","60000","Tue Aug 19 17:23:41 PDT 2014","S05902","Approved","","""boat""","""sail""","0","""middle""","""right""","-1","""motor""","4","0","14","0","0","-1","-1","""TRUE""","""null""","""null""","-1","-1","-1","-1","-1","-1","-1","2","-1","-1","-1","-1","""That text has conscious ""","""nope""","0","""keyboard""","""target""","""null""","""null""","""null""","""null""","""null""","TRUE","""null""","""null""","""null""","""null""","""boat""","""friend""","""null""","""null""","""null""","""null""","""sail""","""glasses""","""null""","""null""","""null""","""null""","""middle""","""right""","""null""","""null""","""null""","""null""","""cabin""","""glasses""","""null""","""null""","""null""","""null""","""right""","""middle""","""null""","""null""","""null""","""null""","TRUE","FALSE","FALSE","FALSE","FALSE","FALSE","""kb1b""","NA","1","Checkbox"
"Object Description","Short and fun! A 1-2 minute word game about describing simple objects. Only one HIT per worker.","experiment, psychology, game, language, cognition, linguistics, description","$0.25 ","Tue Aug 12 17:23:41 PDT 2014","150","0","0","150","Reviewable","NotReviewed","1 scales","600","60000","Tue Aug 19 17:23:41 PDT 2014","S53232","Approved","","""friend""","""mustache""","0","""middle""","""left""","-1","""glasses""","4","0","14","0","0","-1","-1","""TRUE""","""null""","""null""","-1","-1","-1","-1","-1","-1","-1","2","-1","-1","-1","-1","""describing a picture?""","""""","0","""keyboard""","""logical""","""null""","""null""","""null""","""null""","""null""","FALSE","""null""","""null""","""null""","""null""","""friend""","""Christmas tree""","""null""","""null""","""null""","""null""","""mustache""","""lights""","""null""","""null""","""null""","""null""","""middle""","""right""","""null""","""null""","""null""","""null""","""hat""","""lights""","""null""","""null""","""null""","""null""","""left""","""middle""","""null""","""null""","""null""","""null""","FALSE","TRUE","TRUE","FALSE","TRUE","FALSE","""kb1b""","1","0","Checkbox"
"Object Description","Short and fun! A 1-2 minute word game about describing simple objects. Only one HIT per worker.","experiment, psychology, game, language, cognition, linguistics, description","$0.25 ","Tue Aug 12 17:23:41 PDT 2014","150","0","0","150","Reviewable","NotReviewed","1 scales","600","60000","Tue Aug 19 17:23:41 PDT 2014","S96473","Approved","","""pizza""","""mushrooms""","0","""middle""","""right""","-1","""olives""","4","0","14","0","0","-1","-1","""TRUE""","""null""","""null""","-1","-1","-1","-1","-1","-1","-1","2","-1","-1","-1","-1","""picking an item from  discription""","""""","0","""keyboard""","""target""","""null""","""null""","""null""","""null""","""null""","TRUE","""null""","""null""","""null""","""null""","""pizza""","""snowman""","""null""","""null""","""null""","""null""","""mushrooms""","""hat""","""null""","""null""","""null""","""null""","""middle""","""left""","""null""","""null""","""null""","""null""","""peppers""","""hat""","""null""","""null""","""null""","""null""","""right""","""right""","""null""","""null""","""null""","""null""","FALSE","FALSE","FALSE","FALSE","TRUE","FALSE","""kb1b""","0","1","Checkbox"
"Object Description","Short and fun! A 1-2 minute word game about describing simple objects. Only one HIT per worker.","experiment, psychology, game, language, cognition, linguistics, description","$0.25 ","Tue Aug 12 17:23:41 PDT 2014","150","0","0","150","Reviewable","NotReviewed","1 scales","600","60000","Tue Aug 19 17:23:41 PDT 2014","S58344","Approved","","""sundae""","""chocolate""","0","""left""","""middle""","-1","""cherry""","4","0","14","0","0","-1","-1","""TRUE""","""null""","""null""","-1","-1","-1","-1","-1","-1","-1","2","-1","-1","-1","-1","""Figuring out how to describe objects.""","""""","0","""keyboard""","""logical""","""null""","""null""","""null""","""null""","""null""","FALSE","""null""","""null""","""null""","""null""","""sundae""","""sundae""","""null""","""null""","""null""","""null""","""chocolate""","""chocolate""","""null""","""null""","""null""","""null""","""left""","""left""","""null""","""null""","""null""","""null""","""whipped cream""","""chocolate""","""null""","""null""","""null""","""null""","""middle""","""right""","""null""","""null""","""null""","""null""","FALSE","TRUE","TRUE","FALSE","TRUE","FALSE","""kb1b""","1","0","Checkbox"
"Object Description","Short and fun! A 1-2 minute word game about describing simple objects. Only one HIT per worker.","experiment, psychology, game, language, cognition, linguistics, description","$0.25 ","Tue Aug 12 17:23:41 PDT 2014","150","0","0","150","Reviewable","NotReviewed","1 scales","600","60000","Tue Aug 19 17:23:41 PDT 2014","S55570","Approved","","""boat""","""cabin""","0","""middle""","""left""","-1","""sail""","4","0","14","0","0","-1","-1","""TRUE""","""null""","""null""","-1","-1","-1","-1","-1","-1","-1","2","-1","-1","-1","-1","""Communication with limited means""","""""","0","""keyboard""","""logical""","""null""","""null""","""null""","""null""","""null""","FALSE","""null""","""null""","""null""","""null""","""boat""","""sundae""","""null""","""null""","""null""","""null""","""cabin""","""chocolate""","""null""","""null""","""null""","""null""","""middle""","""middle""","""null""","""null""","""null""","""null""","""motor""","""chocolate""","""null""","""null""","""null""","""null""","""left""","""right""","""null""","""null""","""null""","""null""","FALSE","FALSE","TRUE","FALSE","TRUE","FALSE","""kb1b""","1","0","Checkbox"
"Object Description","Short and fun! A 1-2 minute word game about describing simple objects. Only one HIT per worker.","experiment, psychology, game, language, cognition, linguistics, description","$0.25 ","Tue Aug 12 17:23:41 PDT 2014","150","0","0","150","Reviewable","NotReviewed","1 scales","600","60000","Tue Aug 19 17:23:41 PDT 2014","S63520","Approved","","""Christmas tree""","""lights""","0","""right""","""left""","-1","""ornaments""","4","0","14","0","0","-1","-1","""TRUE""","""null""","""null""","-1","-1","-1","-1","-1","-1","-1","2","-1","-1","-1","-1","""Description of objects""","""Nope""","0","""keyboard""","""logical""","""null""","""null""","""null""","""null""","""null""","FALSE","""null""","""null""","""null""","""null""","""Christmas tree""","""friend""","""null""","""null""","""null""","""null""","""lights""","""mustache""","""null""","""null""","""null""","""null""","""right""","""right""","""null""","""null""","""null""","""null""","""star""","""mustache""","""null""","""null""","""null""","""null""","""left""","""middle""","""null""","""null""","""null""","""null""","FALSE","FALSE","TRUE","FALSE","TRUE","FALSE","""kb1b""","1","0","Checkbox"
"Object Description","Short and fun! A 1-2 minute word game about describing simple objects. Only one HIT per worker.","experiment, psychology, game, language, cognition, linguistics, description","$0.25 ","Tue Aug 12 17:23:41 PDT 2014","150","0","0","150","Reviewable","NotReviewed","1 scales","600","60000","Tue Aug 19 17:23:41 PDT 2014","S29841","Approved","","""boat""","""motor""","0","""middle""","""right""","-1","""cabin""","4","0","14","0","0","-1","-1","""TRUE""","""null""","""null""","-1","-1","-1","-1","-1","-1","-1","2","-1","-1","-1","-1","""People not communicating clearly.""","""I liked this HIT.""","0","""keyboard""","""target""","""null""","""null""","""null""","""null""","""null""","TRUE","""null""","""null""","""null""","""null""","""boat""","""boat""","""null""","""null""","""null""","""null""","""motor""","""motor""","""null""","""null""","""null""","""null""","""middle""","""right""","""null""","""null""","""null""","""null""","""sail""","""motor""","""null""","""null""","""null""","""null""","""right""","""middle""","""null""","""null""","""null""","""null""","FALSE","TRUE","TRUE","FALSE","TRUE","FALSE","""kb1b""","1","1","Checkbox"
"Object Description","Short and fun! A 1-2 minute word game about describing simple objects. Only one HIT per worker.","experiment, psychology, game, language, cognition, linguistics, description","$0.25 ","Tue Aug 12 17:23:41 PDT 2014","150","0","0","150","Reviewable","NotReviewed","1 scales","600","60000","Tue Aug 19 17:23:41 PDT 2014","S98893","Approved","","""pizza""","""peppers""","0","""right""","""left""","-1","""olives""","4","0","14","0","0","-1","-1","""TRUE""","""null""","""null""","-1","-1","-1","-1","-1","-1","-1","2","-1","-1","-1","-1","""decision making""","""no""","0","""keyboard""","""logical""","""null""","""null""","""null""","""null""","""null""","FALSE","""null""","""null""","""null""","""null""","""pizza""","""Christmas tree""","""null""","""null""","""null""","""null""","""peppers""","""star""","""null""","""null""","""null""","""null""","""right""","""right""","""null""","""null""","""null""","""null""","""mushrooms""","""star""","""null""","""null""","""null""","""null""","""left""","""left""","""null""","""null""","""null""","""null""","FALSE","TRUE","TRUE","FALSE","TRUE","FALSE","""kb1b""","1","0","Checkbox"
"Object Description","Short and fun! A 1-2 minute word game about describing simple objects. Only one HIT per worker.","experiment, psychology, game, language, cognition, linguistics, description","$0.25 ","Tue Aug 12 17:23:41 PDT 2014","150","0","0","150","Reviewable","NotReviewed","1 scales","600","60000","Tue Aug 19 17:23:41 PDT 2014","S90708","Approved","","""boat""","""cabin""","0","""right""","""middle""","-1","""motor""","4","0","14","0","0","-1","-1","""TRUE""","""null""","""null""","-1","-1","-1","-1","-1","-1","-1","2","-1","-1","-1","-1","""Describing items.""","""""","0","""keyboard""","""target""","""null""","""null""","""null""","""null""","""null""","TRUE","""null""","""null""","""null""","""null""","""boat""","""snowman""","""null""","""null""","""null""","""null""","""cabin""","""hat""","""null""","""null""","""null""","""null""","""right""","""right""","""null""","""null""","""null""","""null""","""sail""","""hat""","""null""","""null""","""null""","""null""","""middle""","""left""","""null""","""null""","""null""","""null""","FALSE","TRUE","TRUE","FALSE","TRUE","FALSE","""kb1b""","1","1","Checkbox"
"Object Description","Short and fun! A 1-2 minute word game about describing simple objects. Only one HIT per worker.","experiment, psychology, game, language, cognition, linguistics, description","$0.25 ","Tue Aug 12 17:23:41 PDT 2014","150","0","0","150","Reviewable","NotReviewed","1 scales","600","60000","Tue Aug 19 17:23:41 PDT 2014","S34614","Approved","","""Christmas tree""","""star""","0","""middle""","""right""","-1","""ornaments""","4","0","14","0","0","-1","-1","""TRUE""","""null""","""null""","-1","-1","-1","-1","-1","-1","-1","2","-1","-1","-1","-1","""Trimming trees and telling another what is meant.""","""""","0","""keyboard""","""target""","""null""","""null""","""null""","""null""","""null""","TRUE","""null""","""null""","""null""","""null""","""Christmas tree""","""Christmas tree""","""null""","""null""","""null""","""null""","""star""","""ornaments""","""null""","""null""","""null""","""null""","""middle""","""middle""","""null""","""null""","""null""","""null""","""lights""","""ornaments""","""null""","""null""","""null""","""null""","""right""","""left""","""null""","""null""","""null""","""null""","FALSE","FALSE","TRUE","FALSE","FALSE","FALSE","""kb1b""","0","1","Checkbox"
"Object Description","Short and fun! A 1-2 minute word game about describing simple objects. Only one HIT per worker.","experiment, psychology, game, language, cognition, linguistics, description","$0.25 ","Tue Aug 12 17:23:41 PDT 2014","150","0","0","150","Reviewable","NotReviewed","1 scales","600","60000","Tue Aug 19 17:23:41 PDT 2014","S86280","Approved","","""friend""","""hat""","0","""left""","""middle""","-1","""glasses""","4","0","14","0","0","-1","-1","""TRUE""","""null""","""null""","-1","-1","-1","-1","-1","-1","-1","2","-1","-1","-1","-1","""which man this guy met""","""that was interesting""","0","""keyboard""","""target""","""null""","""null""","""null""","""null""","""null""","TRUE","""null""","""null""","""null""","""null""","""friend""","""friend""","""null""","""null""","""null""","""null""","""hat""","""glasses""","""null""","""null""","""null""","""null""","""left""","""middle""","""null""","""null""","""null""","""null""","""mustache""","""glasses""","""null""","""null""","""null""","""null""","""middle""","""left""","""null""","""null""","""null""","""null""","FALSE","TRUE","TRUE","FALSE","TRUE","FALSE","""kb1b""","1","1","Checkbox"
"Object Description","Short and fun! A 1-2 minute word game about describing simple objects. Only one HIT per worker.","experiment, psychology, game, language, cognition, linguistics, description","$0.25 ","Tue Aug 12 17:23:41 PDT 2014","150","0","0","150","Reviewable","NotReviewed","1 scales","600","60000","Tue Aug 19 17:23:41 PDT 2014","S10636","Approved","","""boat""","""motor""","0","""middle""","""left""","-1","""sail""","4","0","14","0","0","-1","-1","""TRUE""","""null""","""null""","-1","-1","-1","-1","-1","-1","-1","2","-1","-1","-1","-1","""picking pictures that match the description""","""""","0","""keyboard""","""logical""","""null""","""null""","""null""","""null""","""null""","FALSE","""null""","""null""","""null""","""null""","""boat""","""pizza""","""null""","""null""","""null""","""null""","""motor""","""mushrooms""","""null""","""null""","""null""","""null""","""middle""","""right""","""null""","""null""","""null""","""null""","""cabin""","""mushrooms""","""null""","""null""","""null""","""null""","""left""","""left""","""null""","""null""","""null""","""null""","FALSE","TRUE","TRUE","FALSE","TRUE","FALSE","""kb1b""","1","0","Checkbox"
"Object Description","Short and fun! A 1-2 minute word game about describing simple objects. Only one HIT per worker.","experiment, psychology, game, language, cognition, linguistics, description","$0.25 ","Tue Aug 12 17:23:41 PDT 2014","150","0","0","150","Reviewable","NotReviewed","1 scales","600","60000","Tue Aug 19 17:23:41 PDT 2014","S34643","Approved","","""friend""","""glasses""","0","""left""","""right""","-1","""mustache""","4","0","14","0","0","-1","-1","""TRUE""","""null""","""null""","-1","-1","-1","-1","-1","-1","-1","2","-1","-1","-1","-1","""What does Bob's friend look like?""","""""","0","""keyboard""","""logical""","""null""","""null""","""null""","""null""","""null""","FALSE","""null""","""null""","""null""","""null""","""friend""","""friend""","""null""","""null""","""null""","""null""","""glasses""","""mustache""","""null""","""null""","""null""","""null""","""left""","""right""","""null""","""null""","""null""","""null""","""hat""","""mustache""","""null""","""null""","""null""","""null""","""right""","""middle""","""null""","""null""","""null""","""null""","FALSE","TRUE","FALSE","FALSE","TRUE","FALSE","""kb1b""","1","0","Checkbox"
"Object Description","Short and fun! A 1-2 minute word game about describing simple objects. Only one HIT per worker.","experiment, psychology, game, language, cognition, linguistics, description","$0.25 ","Tue Aug 12 17:23:41 PDT 2014","150","0","0","150","Reviewable","NotReviewed","1 scales","600","60000","Tue Aug 19 17:23:41 PDT 2014","S36432","Approved","","""boat""","""motor""","0","""right""","""left""","-1","""cabin""","4","0","14","0","0","-1","-1","""TRUE""","""null""","""null""","-1","-1","-1","-1","-1","-1","-1","2","-1","-1","-1","-1","""Communication""","""Remembering the name was tough - I know he likes to sail and eat sundaes, so I hope I am not disqualified if his name is not Bob.""","0","""keyboard""","""logical""","""null""","""null""","""null""","""null""","""null""","FALSE","""null""","""null""","""null""","""null""","""boat""","""sundae""","""null""","""null""","""null""","""null""","""motor""","""whipped cream""","""null""","""null""","""null""","""null""","""right""","""left""","""null""","""null""","""null""","""null""","""sail""","""whipped cream""","""null""","""null""","""null""","""null""","""left""","""right""","""null""","""null""","""null""","""null""","FALSE","TRUE","TRUE","FALSE","TRUE","FALSE","""kb1b""","1","0","Checkbox"
"Object Description","Short and fun! A 1-2 minute word game about describing simple objects. Only one HIT per worker.","experiment, psychology, game, language, cognition, linguistics, description","$0.25 ","Tue Aug 12 17:23:41 PDT 2014","150","0","0","150","Reviewable","NotReviewed","1 scales","600","60000","Tue Aug 19 17:23:41 PDT 2014","S20355","Approved","","""pizza""","""peppers""","0","""right""","""middle""","-1","""mushrooms""","4","0","14","0","0","-1","-1","""TRUE""","""null""","""null""","-1","-1","-1","-1","-1","-1","-1","2","-1","-1","-1","-1","""trying to communicate with others so that they know what you're talking about""","""""","0","""keyboard""","""target""","""null""","""null""","""null""","""null""","""null""","TRUE","""null""","""null""","""null""","""null""","""pizza""","""snowman""","""null""","""null""","""null""","""null""","""peppers""","""scarf""","""null""","""null""","""null""","""null""","""right""","""left""","""null""","""null""","""null""","""null""","""olives""","""scarf""","""null""","""null""","""null""","""null""","""middle""","""middle""","""null""","""null""","""null""","""null""","FALSE","FALSE","FALSE","FALSE","TRUE","FALSE","""kb1b""","0","1","Checkbox"
"Object Description","Short and fun! A 1-2 minute word game about describing simple objects. Only one HIT per worker.","experiment, psychology, game, language, cognition, linguistics, description","$0.25 ","Tue Aug 12 17:23:41 PDT 2014","150","0","0","150","Reviewable","NotReviewed","1 scales","600","60000","Tue Aug 19 17:23:41 PDT 2014","S91898","Approved","","""Christmas tree""","""ornaments""","0","""left""","""right""","-1","""star""","4","0","14","0","0","-1","-1","""TRUE""","""null""","""null""","-1","-1","-1","-1","-1","-1","-1","2","-1","-1","-1","-1","""Descriptions""","""""","0","""keyboard""","""target""","""null""","""null""","""null""","""null""","""null""","TRUE","""null""","""null""","""null""","""null""","""Christmas tree""","""Christmas tree""","""null""","""null""","""null""","""null""","""ornaments""","""lights""","""null""","""null""","""null""","""null""","""left""","""left""","""null""","""null""","""null""","""null""","""lights""","""lights""","""null""","""null""","""null""","""null""","""right""","""right""","""null""","""null""","""null""","""null""","FALSE","TRUE","TRUE","FALSE","TRUE","FALSE","""kb1b""","1","1","Checkbox"
"Object Description","Short and fun! A 1-2 minute word game about describing simple objects. Only one HIT per worker.","experiment, psychology, game, language, cognition, linguistics, description","$0.25 ","Tue Aug 12 17:23:41 PDT 2014","150","0","0","150","Reviewable","NotReviewed","1 scales","600","60000","Tue Aug 19 17:23:41 PDT 2014","S21169","Approved","","""sundae""","""cherry""","0","""middle""","""left""","-1","""whipped cream""","4","0","14","0","0","-1","-1","""TRUE""","""null""","""null""","-1","-1","-1","-1","-1","-1","-1","2","-1","-1","-1","-1","""Food""","""""","0","""keyboard""","""target""","""null""","""null""","""null""","""null""","""null""","TRUE","""null""","""null""","""null""","""null""","""sundae""","""pizza""","""null""","""null""","""null""","""null""","""cherry""","""olives""","""null""","""null""","""null""","""null""","""middle""","""left""","""null""","""null""","""null""","""null""","""chocolate""","""olives""","""null""","""null""","""null""","""null""","""left""","""middle""","""null""","""null""","""null""","""null""","FALSE","TRUE","TRUE","FALSE","TRUE","FALSE","""kb1b""","1","1","Checkbox"
"Object Description","Short and fun! A 1-2 minute word game about describing simple objects. Only one HIT per worker.","experiment, psychology, game, language, cognition, linguistics, description","$0.25 ","Tue Aug 12 17:23:41 PDT 2014","150","0","0","150","Reviewable","NotReviewed","1 scales","600","60000","Tue Aug 19 17:23:41 PDT 2014","S87124","Approved","","""Christmas tree""","""ornaments""","0","""left""","""middle""","-1","""lights""","4","0","14","0","0","-1","-1","""TRUE""","""null""","""null""","-1","-1","-1","-1","-1","-1","-1","2","-1","-1","-1","-1","""Picking a right response based on deductive reasoning""","""Good luck with your research!""","0","""keyboard""","""target""","""null""","""null""","""null""","""null""","""null""","TRUE","""null""","""null""","""null""","""null""","""Christmas tree""","""friend""","""null""","""null""","""null""","""null""","""ornaments""","""glasses""","""null""","""null""","""null""","""null""","""left""","""right""","""null""","""null""","""null""","""null""","""star""","""glasses""","""null""","""null""","""null""","""null""","""middle""","""middle""","""null""","""null""","""null""","""null""","TRUE","FALSE","TRUE","FALSE","TRUE","FALSE","""kb1b""","1","1","Checkbox"
"Object Description","Short and fun! A 1-2 minute word game about describing simple objects. Only one HIT per worker.","experiment, psychology, game, language, cognition, linguistics, description","$0.25 ","Tue Aug 12 17:23:41 PDT 2014","150","0","0","150","Reviewable","NotReviewed","1 scales","600","60000","Tue Aug 19 17:23:41 PDT 2014","S70815","Approved","","""sundae""","""cherry""","0","""right""","""left""","-1","""chocolate""","4","0","14","0","0","-1","-1","""TRUE""","""null""","""null""","-1","-1","-1","-1","-1","-1","-1","2","-1","-1","-1","-1","""Sundaes and Christmas trees.""","""No ""","0","""keyboard""","""logical""","""null""","""null""","""null""","""null""","""null""","FALSE","""null""","""null""","""null""","""null""","""sundae""","""Christmas tree""","""null""","""null""","""null""","""null""","""cherry""","""star""","""null""","""null""","""null""","""null""","""right""","""right""","""null""","""null""","""null""","""null""","""whipped cream""","""star""","""null""","""null""","""null""","""null""","""left""","""middle""","""null""","""null""","""null""","""null""","FALSE","TRUE","TRUE","FALSE","TRUE","FALSE","""kb1b""","1","0","Checkbox"
"Object Description","Short and fun! A 1-2 minute word game about describing simple objects. Only one HIT per worker.","experiment, psychology, game, language, cognition, linguistics, description","$0.25 ","Tue Aug 12 17:23:41 PDT 2014","150","0","0","150","Reviewable","NotReviewed","1 scales","600","60000","Tue Aug 19 17:23:41 PDT 2014","S02099","Approved","","""sundae""","""chocolate""","0","""middle""","""left""","-1","""cherry""","4","0","14","0","0","-1","-1","""TRUE""","""null""","""null""","-1","-1","-1","-1","-1","-1","-1","2","-1","-1","-1","-1","""Describing an object.""","""None.""","0","""keyboard""","""target""","""null""","""null""","""null""","""null""","""null""","TRUE","""null""","""null""","""null""","""null""","""sundae""","""sundae""","""null""","""null""","""null""","""null""","""chocolate""","""chocolate""","""null""","""null""","""null""","""null""","""middle""","""left""","""null""","""null""","""null""","""null""","""whipped cream""","""chocolate""","""null""","""null""","""null""","""null""","""left""","""middle""","""null""","""null""","""null""","""null""","FALSE","TRUE","TRUE","FALSE","TRUE","FALSE","""kb1b""","1","1","Checkbox"
"Object Description","Short and fun! A 1-2 minute word game about describing simple objects. Only one HIT per worker.","experiment, psychology, game, language, cognition, linguistics, description","$0.25 ","Tue Aug 12 17:23:41 PDT 2014","150","0","0","150","Reviewable","NotReviewed","1 scales","600","60000","Tue Aug 19 17:23:41 PDT 2014","S40472","Approved","","""friend""","""hat""","0","""right""","""left""","-1","""mustache""","4","0","14","0","0","-1","-1","""TRUE""","""null""","""null""","-1","-1","-1","-1","-1","-1","-1","2","-1","-1","-1","-1","""No idea""","""Weird""","0","""keyboard""","""logical""","""null""","""null""","""null""","""null""","""null""","FALSE","""null""","""null""","""null""","""null""","""friend""","""Christmas tree""","""null""","""null""","""null""","""null""","""hat""","""lights""","""null""","""null""","""null""","""null""","""right""","""middle""","""null""","""null""","""null""","""null""","""glasses""","""lights""","""null""","""null""","""null""","""null""","""left""","""right""","""null""","""null""","""null""","""null""","FALSE","FALSE","FALSE","FALSE","FALSE","TRUE","""kb1b""","0","0","Checkbox"
"Object Description","Short and fun! A 1-2 minute word game about describing simple objects. Only one HIT per worker.","experiment, psychology, game, language, cognition, linguistics, description","$0.25 ","Tue Aug 12 17:23:41 PDT 2014","150","0","0","150","Reviewable","NotReviewed","1 scales","600","60000","Tue Aug 19 17:23:41 PDT 2014","S57837","Approved","","""Christmas tree""","""ornaments""","0","""middle""","""left""","-1","""star""","4","0","14","0","0","-1","-1","""TRUE""","""null""","""null""","-1","-1","-1","-1","-1","-1","-1","2","-1","-1","-1","-1","""Descriptions of things""","""Nope.""","0","""keyboard""","""logical""","""null""","""null""","""null""","""null""","""null""","FALSE","""null""","""null""","""null""","""null""","""Christmas tree""","""Christmas tree""","""null""","""null""","""null""","""null""","""ornaments""","""lights""","""null""","""null""","""null""","""null""","""middle""","""right""","""null""","""null""","""null""","""null""","""lights""","""lights""","""null""","""null""","""null""","""null""","""left""","""left""","""null""","""null""","""null""","""null""","FALSE","TRUE","FALSE","FALSE","TRUE","FALSE","""kb1b""","1","0","Checkbox"
"Object Description","Short and fun! A 1-2 minute word game about describing simple objects. Only one HIT per worker.","experiment, psychology, game, language, cognition, linguistics, description","$0.25 ","Tue Aug 12 17:23:41 PDT 2014","150","0","0","150","Reviewable","NotReviewed","1 scales","600","60000","Tue Aug 19 17:23:41 PDT 2014","S51726","Approved","","""boat""","""motor""","0","""right""","""left""","-1","""cabin""","4","0","14","0","0","-1","-1","""TRUE""","""null""","""null""","-1","-1","-1","-1","-1","-1","-1","2","-1","-1","-1","-1","""Nonverbal communication""","""No, I hope I got it right though.""","0","""keyboard""","""target""","""null""","""null""","""null""","""null""","""null""","TRUE","""null""","""null""","""null""","""null""","""boat""","""sundae""","""null""","""null""","""null""","""null""","""motor""","""chocolate""","""null""","""null""","""null""","""null""","""right""","""middle""","""null""","""null""","""null""","""null""","""sail""","""chocolate""","""null""","""null""","""null""","""null""","""left""","""right""","""null""","""null""","""null""","""null""","FALSE","TRUE","TRUE","FALSE","TRUE","FALSE","""kb1b""","1","1","Checkbox"
"Object Description","Short and fun! A 1-2 minute word game about describing simple objects. Only one HIT per worker.","experiment, psychology, game, language, cognition, linguistics, description","$0.25 ","Tue Aug 12 17:23:41 PDT 2014","150","0","0","150","Reviewable","NotReviewed","1 scales","600","60000","Tue Aug 19 17:23:41 PDT 2014","S15393","Approved","","""Christmas tree""","""lights""","0","""right""","""middle""","-1","""ornaments""","4","0","14","0","0","-1","-1","""TRUE""","""null""","""null""","-1","-1","-1","-1","-1","-1","-1","2","-1","-1","-1","-1","""Interpretation of picture descriptions""","""""","0","""keyboard""","""logical""","""null""","""null""","""null""","""null""","""null""","FALSE","""null""","""null""","""null""","""null""","""Christmas tree""","""snowman""","""null""","""null""","""null""","""null""","""lights""","""mittens""","""null""","""null""","""null""","""null""","""right""","""middle""","""null""","""null""","""null""","""null""","""star""","""mittens""","""null""","""null""","""null""","""null""","""middle""","""right""","""null""","""null""","""null""","""null""","FALSE","FALSE","FALSE","TRUE","FALSE","FALSE","""kb1b""","0","0","Checkbox"
"Object Description","Short and fun! A 1-2 minute word game about describing simple objects. Only one HIT per worker.","experiment, psychology, game, language, cognition, linguistics, description","$0.25 ","Tue Aug 12 17:23:41 PDT 2014","150","0","0","150","Reviewable","NotReviewed","1 scales","600","60000","Tue Aug 19 17:23:41 PDT 2014","S08309","Approved","","""sundae""","""chocolate""","0","""left""","""right""","-1","""cherry""","4","0","14","0","0","-1","-1","""TRUE""","""null""","""null""","-1","-1","-1","-1","-1","-1","-1","2","-1","-1","-1","-1","""sundaes and communicating to another people""","""""","0","""keyboard""","""target""","""null""","""null""","""null""","""null""","""null""","TRUE","""null""","""null""","""null""","""null""","""sundae""","""sundae""","""null""","""null""","""null""","""null""","""chocolate""","""whipped cream""","""null""","""null""","""null""","""null""","""left""","""middle""","""null""","""null""","""null""","""null""","""whipped cream""","""whipped cream""","""null""","""null""","""null""","""null""","""right""","""right""","""null""","""null""","""null""","""null""","FALSE","TRUE","TRUE","FALSE","TRUE","FALSE","""kb1b""","1","1","Checkbox"
"Object Description","Short and fun! A 1-2 minute word game about describing simple objects. Only one HIT per worker.","experiment, psychology, game, language, cognition, linguistics, description","$0.25 ","Tue Aug 12 17:23:41 PDT 2014","150","0","0","150","Reviewable","NotReviewed","1 scales","600","60000","Tue Aug 19 17:23:41 PDT 2014","S98585","Approved","","""sundae""","""whipped cream""","0","""left""","""middle""","-1","""cherry""","4","0","14","0","0","-1","-1","""TRUE""","""null""","""null""","-1","-1","-1","-1","-1","-1","-1","2","-1","-1","-1","-1","""Describing something to another turker""","""""","0","""keyboard""","""target""","""null""","""null""","""null""","""null""","""null""","TRUE","""null""","""null""","""null""","""null""","""sundae""","""friend""","""null""","""null""","""null""","""null""","""whipped cream""","""hat""","""null""","""null""","""null""","""null""","""left""","""middle""","""null""","""null""","""null""","""null""","""chocolate""","""hat""","""null""","""null""","""null""","""null""","""middle""","""right""","""null""","""null""","""null""","""null""","FALSE","TRUE","TRUE","FALSE","TRUE","FALSE","""kb1b""","1","1","Checkbox"
"Object Description","Short and fun! A 1-2 minute word game about describing simple objects. Only one HIT per worker.","experiment, psychology, game, language, cognition, linguistics, description","$0.25 ","Tue Aug 12 17:23:41 PDT 2014","150","0","0","150","Reviewable","NotReviewed","1 scales","600","60000","Tue Aug 19 17:23:41 PDT 2014","S06094","Approved","","""boat""","""cabin""","0","""right""","""middle""","-1","""motor""","4","0","14","0","0","-1","-1","""TRUE""","""null""","""null""","-1","-1","-1","-1","-1","-1","-1","2","-1","-1","-1","-1","""Picking the write descriptions to help others pick an object""","""""","0","""keyboard""","""logical""","""null""","""null""","""null""","""null""","""null""","FALSE","""null""","""null""","""null""","""null""","""boat""","""Christmas tree""","""null""","""null""","""null""","""null""","""cabin""","""ornaments""","""null""","""null""","""null""","""null""","""right""","""right""","""null""","""null""","""null""","""null""","""sail""","""ornaments""","""null""","""null""","""null""","""null""","""middle""","""left""","""null""","""null""","""null""","""null""","FALSE","TRUE","TRUE","FALSE","TRUE","FALSE","""kb1b""","1","0","Checkbox"
"Object Description","Short and fun! A 1-2 minute word game about describing simple objects. Only one HIT per worker.","experiment, psychology, game, language, cognition, linguistics, description","$0.25 ","Tue Aug 12 17:23:41 PDT 2014","150","0","0","150","Reviewable","NotReviewed","1 scales","600","60000","Tue Aug 19 17:23:41 PDT 2014","S76532","Approved","","""pizza""","""peppers""","0","""right""","""middle""","-1","""olives""","4","0","14","0","0","-1","-1","""TRUE""","""null""","""null""","-1","-1","-1","-1","-1","-1","-1","2","-1","-1","-1","-1","""find the word that describes picture""","""thx""","0","""keyboard""","""logical""","""null""","""null""","""null""","""null""","""null""","FALSE","""null""","""null""","""null""","""null""","""pizza""","""snowman""","""null""","""null""","""null""","""null""","""peppers""","""scarf""","""null""","""null""","""null""","""null""","""right""","""middle""","""null""","""null""","""null""","""null""","""mushrooms""","""scarf""","""null""","""null""","""null""","""null""","""middle""","""left""","""null""","""null""","""null""","""null""","FALSE","FALSE","FALSE","FALSE","TRUE","FALSE","""kb1b""","0","0","Checkbox"
"Object Description","Short and fun! A 1-2 minute word game about describing simple objects. Only one HIT per worker.","experiment, psychology, game, language, cognition, linguistics, description","$0.25 ","Tue Aug 12 17:23:41 PDT 2014","150","0","0","150","Reviewable","NotReviewed","1 scales","600","60000","Tue Aug 19 17:23:41 PDT 2014","S15273","Approved","","""Christmas tree""","""ornaments""","0","""right""","""left""","-1","""lights""","4","0","14","0","0","-1","-1","""TRUE""","""null""","""null""","-1","-1","-1","-1","-1","-1","-1","2","-1","-1","-1","-1","""communication""","""""","0","""keyboard""","""target""","""null""","""null""","""null""","""null""","""null""","TRUE","""null""","""null""","""null""","""null""","""Christmas tree""","""snowman""","""null""","""null""","""null""","""null""","""ornaments""","""mittens""","""null""","""null""","""null""","""null""","""right""","""left""","""null""","""null""","""null""","""null""","""star""","""mittens""","""null""","""null""","""null""","""null""","""left""","""right""","""null""","""null""","""null""","""null""","FALSE","FALSE","TRUE","FALSE","TRUE","FALSE","""kb1b""","1","1","Checkbox"
"Object Description","Short and fun! A 1-2 minute word game about describing simple objects. Only one HIT per worker.","experiment, psychology, game, language, cognition, linguistics, description","$0.25 ","Tue Aug 12 17:23:41 PDT 2014","150","0","0","150","Reviewable","NotReviewed","1 scales","600","60000","Tue Aug 19 17:23:41 PDT 2014","S44927","Approved","","""Christmas tree""","""star""","0","""middle""","""right""","-1","""lights""","4","0","14","0","0","-1","-1","""FALSE""","""null""","""null""","-1","-1","-1","-1","-1","-1","-1","2","-1","-1","-1","-1","""describing something""","""thank you""","0","""keyboard""","""target""","""null""","""null""","""null""","""null""","""null""","TRUE","""null""","""null""","""null""","""null""","""Christmas tree""","""friend""","""null""","""null""","""null""","""null""","""star""","""glasses""","""null""","""null""","""null""","""null""","""middle""","""left""","""null""","""null""","""null""","""null""","""ornaments""","""glasses""","""null""","""null""","""null""","""null""","""right""","""middle""","""null""","""null""","""null""","""null""","FALSE","TRUE","FALSE","FALSE","FALSE","FALSE","""kb1b""","0","1","Checkbox"
"Object Description","Short and fun! A 1-2 minute word game about describing simple objects. Only one HIT per worker.","experiment, psychology, game, language, cognition, linguistics, description","$0.25 ","Tue Aug 12 17:23:41 PDT 2014","150","0","0","150","Reviewable","NotReviewed","1 scales","600","60000","Tue Aug 19 17:23:41 PDT 2014","S39120","Approved","","""friend""","""glasses""","0","""right""","""left""","-1","""mustache""","4","0","14","0","0","-1","-1","""FALSE""","""null""","""null""","-1","-1","-1","-1","-1","-1","-1","2","-1","-1","-1","-1","""communication""","""""","0","""keyboard""","""target""","""null""","""null""","""null""","""null""","""null""","TRUE","""null""","""null""","""null""","""null""","""friend""","""snowman""","""null""","""null""","""null""","""null""","""glasses""","""scarf""","""null""","""null""","""null""","""null""","""right""","""right""","""null""","""null""","""null""","""null""","""hat""","""scarf""","""null""","""null""","""null""","""null""","""left""","""middle""","""null""","""null""","""null""","""null""","FALSE","TRUE","FALSE","TRUE","TRUE","FALSE","""kb1b""","1","1","Checkbox"
"Object Description","Short and fun! A 1-2 minute word game about describing simple objects. Only one HIT per worker.","experiment, psychology, game, language, cognition, linguistics, description","$0.25 ","Tue Aug 12 17:23:41 PDT 2014","150","0","0","150","Reviewable","NotReviewed","1 scales","600","60000","Tue Aug 19 17:23:41 PDT 2014","S30387","Approved","","""boat""","""sail""","0","""right""","""left""","-1","""cabin""","4","0","14","0","0","-1","-1","""TRUE""","""null""","""null""","-1","-1","-1","-1","-1","-1","-1","2","-1","-1","-1","-1","""selecting an image that another person would choose""","""""","0","""keyboard""","""target""","""null""","""null""","""null""","""null""","""null""","TRUE","""null""","""null""","""null""","""null""","""boat""","""Christmas tree""","""null""","""null""","""null""","""null""","""sail""","""ornaments""","""null""","""null""","""null""","""null""","""right""","""right""","""null""","""null""","""null""","""null""","""motor""","""ornaments""","""null""","""null""","""null""","""null""","""left""","""middle""","""null""","""null""","""null""","""null""","FALSE","TRUE","FALSE","FALSE","FALSE","TRUE","""kb1b""","1","1","Checkbox"
"Object Description","Short and fun! A 1-2 minute word game about describing simple objects. Only one HIT per worker.","experiment, psychology, game, language, cognition, linguistics, description","$0.25 ","Tue Aug 12 17:23:41 PDT 2014","150","0","0","150","Reviewable","NotReviewed","1 scales","600","60000","Tue Aug 19 17:23:41 PDT 2014","S12106","Approved","","""pizza""","""mushrooms""","0","""middle""","""right""","-1","""olives""","4","0","14","0","0","-1","-1","""TRUE""","""null""","""null""","-1","-1","-1","-1","-1","-1","-1","2","-1","-1","-1","-1","""descriptions to other ppl""","""that was interesting""","0","""keyboard""","""target""","""null""","""null""","""null""","""null""","""null""","TRUE","""null""","""null""","""null""","""null""","""pizza""","""Christmas tree""","""null""","""null""","""null""","""null""","""mushrooms""","""star""","""null""","""null""","""null""","""null""","""middle""","""left""","""null""","""null""","""null""","""null""","""peppers""","""star""","""null""","""null""","""null""","""null""","""right""","""right""","""null""","""null""","""null""","""null""","FALSE","TRUE","TRUE","FALSE","TRUE","FALSE","""kb1b""","1","1","Checkbox"
"Object Description","Short and fun! A 1-2 minute word game about describing simple objects. Only one HIT per worker.","experiment, psychology, game, language, cognition, linguistics, description","$0.25 ","Tue Aug 12 17:23:41 PDT 2014","150","0","0","150","Reviewable","NotReviewed","1 scales","600","60000","Tue Aug 19 17:23:41 PDT 2014","S84860","Approved","","""sundae""","""chocolate""","0","""middle""","""right""","-1","""whipped cream""","4","0","14","0","0","-1","-1","""TRUE""","""null""","""null""","-1","-1","-1","-1","-1","-1","-1","2","-1","-1","-1","-1","""Descriptions of objects""","""""","0","""keyboard""","""target""","""null""","""null""","""null""","""null""","""null""","TRUE","""null""","""null""","""null""","""null""","""sundae""","""snowman""","""null""","""null""","""null""","""null""","""chocolate""","""hat""","""null""","""null""","""null""","""null""","""middle""","""right""","""null""","""null""","""null""","""null""","""cherry""","""hat""","""null""","""null""","""null""","""null""","""right""","""left""","""null""","""null""","""null""","""null""","FALSE","TRUE","TRUE","FALSE","TRUE","FALSE","""kb1b""","1","1","Checkbox"
"Object Description","Short and fun! A 1-2 minute word game about describing simple objects. Only one HIT per worker.","experiment, psychology, game, language, cognition, linguistics, description","$0.25 ","Tue Aug 12 17:23:41 PDT 2014","150","0","0","150","Reviewable","NotReviewed","1 scales","600","60000","Tue Aug 19 17:23:41 PDT 2014","S19085","Approved","","""Christmas tree""","""lights""","0","""right""","""middle""","-1","""star""","4","0","14","0","0","-1","-1","""TRUE""","""null""","""null""","-1","-1","-1","-1","-1","-1","-1","2","-1","-1","-1","-1","""Item describing?""","""What was it about?""","0","""keyboard""","""target""","""null""","""null""","""null""","""null""","""null""","TRUE","""null""","""null""","""null""","""null""","""Christmas tree""","""sundae""","""null""","""null""","""null""","""null""","""lights""","""whipped cream""","""null""","""null""","""null""","""null""","""right""","""left""","""null""","""null""","""null""","""null""","""ornaments""","""whipped cream""","""null""","""null""","""null""","""null""","""middle""","""middle""","""null""","""null""","""null""","""null""","FALSE","TRUE","TRUE","FALSE","TRUE","FALSE","""kb1b""","1","1","Checkbox"
"Object Description","Short and fun! A 1-2 minute word game about describing simple objects. Only one HIT per worker.","experiment, psychology, game, language, cognition, linguistics, description","$0.25 ","Tue Aug 12 17:23:41 PDT 2014","150","0","0","150","Reviewable","NotReviewed","1 scales","600","60000","Tue Aug 19 17:23:41 PDT 2014","S66653","Approved","","""sundae""","""whipped cream""","0","""middle""","""right""","-1","""cherry""","4","0","14","0","0","-1","-1","""TRUE""","""null""","""null""","-1","-1","-1","-1","-1","-1","-1","2","-1","-1","-1","-1","""Honesty""","""None.""","0","""keyboard""","""foil""","""null""","""null""","""null""","""null""","""null""","FALSE","""null""","""null""","""null""","""null""","""sundae""","""Christmas tree""","""null""","""null""","""null""","""null""","""whipped cream""","""star""","""null""","""null""","""null""","""null""","""middle""","""right""","""null""","""null""","""null""","""null""","""chocolate""","""star""","""null""","""null""","""null""","""null""","""right""","""left""","""null""","""null""","""null""","""null""","FALSE","FALSE","FALSE","FALSE","TRUE","FALSE","""kb1b""","0","0","Checkbox"
"Object Description","Short and fun! A 1-2 minute word game about describing simple objects. Only one HIT per worker.","experiment, psychology, game, language, cognition, linguistics, description","$0.25 ","Tue Aug 12 17:23:41 PDT 2014","150","0","0","150","Reviewable","NotReviewed","1 scales","600","60000","Tue Aug 19 17:23:41 PDT 2014","S94317","Approved","","""boat""","""cabin""","0","""middle""","""left""","-1","""sail""","4","0","14","0","0","-1","-1","""TRUE""","""null""","""null""","-1","-1","-1","-1","-1","-1","-1","2","-1","-1","-1","-1","""bob""","""""","0","""keyboard""","""target""","""null""","""null""","""null""","""null""","""null""","TRUE","""null""","""null""","""null""","""null""","""boat""","""pizza""","""null""","""null""","""null""","""null""","""cabin""","""mushrooms""","""null""","""null""","""null""","""null""","""middle""","""middle""","""null""","""null""","""null""","""null""","""motor""","""mushrooms""","""null""","""null""","""null""","""null""","""left""","""right""","""null""","""null""","""null""","""null""","FALSE","FALSE","TRUE","FALSE","TRUE","FALSE","""kb1b""","1","1","Checkbox"
"Object Description","Short and fun! A 1-2 minute word game about describing simple objects. Only one HIT per worker.","experiment, psychology, game, language, cognition, linguistics, description","$0.25 ","Tue Aug 12 17:23:41 PDT 2014","150","0","0","150","Reviewable","NotReviewed","1 scales","600","60000","Tue Aug 19 17:23:41 PDT 2014","S55831","Approved","","""pizza""","""mushrooms""","0","""right""","""left""","-1","""peppers""","4","0","14","0","0","-1","-1","""TRUE""","""null""","""null""","-1","-1","-1","-1","-1","-1","-1","2","-1","-1","-1","-1","""Creativve way to describe objects to others without revealing too much information.""","""""","0","""keyboard""","""foil""","""null""","""null""","""null""","""null""","""null""","FALSE","""null""","""null""","""null""","""null""","""pizza""","""pizza""","""null""","""null""","""null""","""null""","""mushrooms""","""mushrooms""","""null""","""null""","""null""","""null""","""right""","""left""","""null""","""null""","""null""","""null""","""olives""","""mushrooms""","""null""","""null""","""null""","""null""","""left""","""right""","""null""","""null""","""null""","""null""","FALSE","TRUE","FALSE","FALSE","FALSE","FALSE","""kb1b""","1","0","Checkbox"
"Object Description","Short and fun! A 1-2 minute word game about describing simple objects. Only one HIT per worker.","experiment, psychology, game, language, cognition, linguistics, description","$0.25 ","Tue Aug 12 17:23:41 PDT 2014","150","0","0","150","Reviewable","NotReviewed","1 scales","600","60000","Tue Aug 19 17:23:41 PDT 2014","S77751","Approved","","""boat""","""cabin""","0","""left""","""middle""","-1","""motor""","4","0","14","0","0","-1","-1","""TRUE""","""null""","""null""","-1","-1","-1","-1","-1","-1","-1","2","-1","-1","-1","-1","""Boats and sundaes""","""""","0","""keyboard""","""logical""","""null""","""null""","""null""","""null""","""null""","FALSE","""null""","""null""","""null""","""null""","""boat""","""sundae""","""null""","""null""","""null""","""null""","""cabin""","""chocolate""","""null""","""null""","""null""","""null""","""left""","""middle""","""null""","""null""","""null""","""null""","""sail""","""chocolate""","""null""","""null""","""null""","""null""","""middle""","""left""","""null""","""null""","""null""","""null""","FALSE","FALSE","FALSE","FALSE","TRUE","FALSE","""kb1b""","0","0","Checkbox"
"Object Description","Short and fun! A 1-2 minute word game about describing simple objects. Only one HIT per worker.","experiment, psychology, game, language, cognition, linguistics, description","$0.25 ","Tue Aug 12 17:23:41 PDT 2014","150","0","0","150","Reviewable","NotReviewed","1 scales","600","60000","Tue Aug 19 17:23:41 PDT 2014","S76034","Approved","","""snowman""","""mittens""","0","""middle""","""left""","-1","""hat""","4","0","14","0","0","-1","-1","""TRUE""","""null""","""null""","-1","-1","-1","-1","-1","-1","-1","2","-1","-1","-1","-1","""description""","""""","0","""keyboard""","""target""","""null""","""null""","""null""","""null""","""null""","TRUE","""null""","""null""","""null""","""null""","""snowman""","""snowman""","""null""","""null""","""null""","""null""","""mittens""","""hat""","""null""","""null""","""null""","""null""","""middle""","""left""","""null""","""null""","""null""","""null""","""scarf""","""hat""","""null""","""null""","""null""","""null""","""left""","""right""","""null""","""null""","""null""","""null""","FALSE","TRUE","FALSE","FALSE","FALSE","TRUE","""kb1b""","1","1","Checkbox"
"Object Description","Short and fun! A 1-2 minute word game about describing simple objects. Only one HIT per worker.","experiment, psychology, game, language, cognition, linguistics, description","$0.25 ","Tue Aug 12 17:23:41 PDT 2014","150","0","0","150","Reviewable","NotReviewed","1 scales","600","60000","Tue Aug 19 17:23:41 PDT 2014","S36281","Approved","","""friend""","""hat""","0","""left""","""middle""","-1","""mustache""","4","0","14","0","0","-1","-1","""TRUE""","""null""","""null""","-1","-1","-1","-1","-1","-1","-1","2","-1","-1","-1","-1","""Trying to figure out the correct friend from the word glasses.""","""No comment.""","0","""keyboard""","""target""","""null""","""null""","""null""","""null""","""null""","TRUE","""null""","""null""","""null""","""null""","""friend""","""friend""","""null""","""null""","""null""","""null""","""hat""","""glasses""","""null""","""null""","""null""","""null""","""left""","""right""","""null""","""null""","""null""","""null""","""glasses""","""glasses""","""null""","""null""","""null""","""null""","""middle""","""left""","""null""","""null""","""null""","""null""","FALSE","FALSE","FALSE","FALSE","TRUE","FALSE","""kb1b""","0","1","Checkbox"
"Object Description","Short and fun! A 1-2 minute word game about describing simple objects. Only one HIT per worker.","experiment, psychology, game, language, cognition, linguistics, description","$0.25 ","Tue Aug 12 17:23:41 PDT 2014","150","0","0","150","Reviewable","NotReviewed","1 scales","600","60000","Tue Aug 19 17:23:41 PDT 2014","S74107","Approved","","""pizza""","""olives""","0","""middle""","""right""","-1","""mushrooms""","4","0","14","0","0","-1","-1","""TRUE""","""null""","""null""","-1","-1","-1","-1","-1","-1","-1","2","-1","-1","-1","-1","""guesses""","""no""","0","""keyboard""","""logical""","""null""","""null""","""null""","""null""","""null""","FALSE","""null""","""null""","""null""","""null""","""pizza""","""boat""","""null""","""null""","""null""","""null""","""olives""","""sail""","""null""","""null""","""null""","""null""","""middle""","""left""","""null""","""null""","""null""","""null""","""peppers""","""sail""","""null""","""null""","""null""","""null""","""right""","""right""","""null""","""null""","""null""","""null""","FALSE","FALSE","FALSE","FALSE","TRUE","FALSE","""kb1b""","0","0","Checkbox"
"Object Description","Short and fun! A 1-2 minute word game about describing simple objects. Only one HIT per worker.","experiment, psychology, game, language, cognition, linguistics, description","$0.25 ","Tue Aug 12 17:23:41 PDT 2014","150","0","0","150","Reviewable","NotReviewed","1 scales","600","60000","Tue Aug 19 17:23:41 PDT 2014","S26925","Approved","","""snowman""","""mittens""","0","""right""","""middle""","-1","""hat""","4","0","14","0","0","-1","-1","""TRUE""","""null""","""null""","-1","-1","-1","-1","-1","-1","-1","2","-1","-1","-1","-1","""how well we can compare objects and explain it to another""","""""","0","""keyboard""","""logical""","""null""","""null""","""null""","""null""","""null""","FALSE","""null""","""null""","""null""","""null""","""snowman""","""boat""","""null""","""null""","""null""","""null""","""mittens""","""motor""","""null""","""null""","""null""","""null""","""right""","""middle""","""null""","""null""","""null""","""null""","""scarf""","""motor""","""null""","""null""","""null""","""null""","""middle""","""right""","""null""","""null""","""null""","""null""","FALSE","TRUE","TRUE","FALSE","TRUE","FALSE","""kb1b""","1","0","Checkbox"
"Object Description","Short and fun! A 1-2 minute word game about describing simple objects. Only one HIT per worker.","experiment, psychology, game, language, cognition, linguistics, description","$0.25 ","Tue Aug 12 17:23:41 PDT 2014","150","0","0","150","Reviewable","NotReviewed","1 scales","600","60000","Tue Aug 19 17:23:41 PDT 2014","S99737","Approved","","""boat""","""cabin""","0","""left""","""right""","-1","""sail""","4","0","14","0","0","-1","-1","""TRUE""","""null""","""null""","-1","-1","-1","-1","-1","-1","-1","2","-1","-1","-1","-1","""Describing the boats that a man rented""","""His name was either Joe or Bob... not 100% sure""","0","""keyboard""","""logical""","""null""","""null""","""null""","""null""","""null""","FALSE","""null""","""null""","""null""","""null""","""boat""","""boat""","""null""","""null""","""null""","""null""","""cabin""","""motor""","""null""","""null""","""null""","""null""","""left""","""right""","""null""","""null""","""null""","""null""","""motor""","""motor""","""null""","""null""","""null""","""null""","""right""","""left""","""null""","""null""","""null""","""null""","FALSE","TRUE","TRUE","FALSE","TRUE","FALSE","""kb1b""","1","0","Checkbox"
"Object Description","Short and fun! A 1-2 minute word game about describing simple objects. Only one HIT per worker.","experiment, psychology, game, language, cognition, linguistics, description","$0.25 ","Tue Aug 12 17:23:41 PDT 2014","150","0","0","150","Reviewable","NotReviewed","1 scales","600","60000","Tue Aug 19 17:23:41 PDT 2014","S62263","Approved","","""Christmas tree""","""ornaments""","0","""middle""","""left""","-1","""lights""","4","0","14","0","0","-1","-1","""FALSE""","""null""","""null""","-1","-1","-1","-1","-1","-1","-1","2","-1","-1","-1","-1","""how we perceive and describe things""","""""","0","""keyboard""","""target""","""null""","""null""","""null""","""null""","""null""","TRUE","""null""","""null""","""null""","""null""","""Christmas tree""","""Christmas tree""","""null""","""null""","""null""","""null""","""ornaments""","""star""","""null""","""null""","""null""","""null""","""middle""","""middle""","""null""","""null""","""null""","""null""","""star""","""star""","""null""","""null""","""null""","""null""","""left""","""right""","""null""","""null""","""null""","""null""","FALSE","FALSE","TRUE","FALSE","TRUE","FALSE","""kb1b""","1","1","Checkbox"
"Object Description","Short and fun! A 1-2 minute word game about describing simple objects. Only one HIT per worker.","experiment, psychology, game, language, cognition, linguistics, description","$0.25 ","Tue Aug 12 17:23:41 PDT 2014","150","0","0","150","Reviewable","NotReviewed","1 scales","600","60000","Tue Aug 19 17:23:41 PDT 2014","S65250","Approved","","""sundae""","""cherry""","0","""right""","""middle""","-1","""whipped cream""","4","0","14","0","0","-1","-1","""TRUE""","""null""","""null""","-1","-1","-1","-1","-1","-1","-1","2","-1","-1","-1","-1","""Christmas trees and sundaes.""","""No.""","0","""keyboard""","""logical""","""null""","""null""","""null""","""null""","""null""","FALSE","""null""","""null""","""null""","""null""","""sundae""","""Christmas tree""","""null""","""null""","""null""","""null""","""cherry""","""lights""","""null""","""null""","""null""","""null""","""right""","""left""","""null""","""null""","""null""","""null""","""chocolate""","""lights""","""null""","""null""","""null""","""null""","""middle""","""right""","""null""","""null""","""null""","""null""","FALSE","TRUE","TRUE","FALSE","TRUE","FALSE","""kb1b""","1","0","Checkbox"
