"title","description","keywords","reward","creationtime","assignments","numavailable","numpending","numcomplete","hitstatus","reviewstatus","annotation","assignmentduration","autoapprovaldelay","hitlifetime","workerid","assignmentstatus","deadline","Answer.item","Answer.target_property","Answer.logical_property","Answer.foil_property","Answer.target_position","Answer.logical_position","Answer.target_frequency","Answer.familiarization_cond","Answer.participant_response_type_condition","Answer.participant_feature_count_condition","Answer.linguistic_framing_condition","Answer.target_filler_sequence_condition","Answer.question_type_condition","Answer.manip_check_target","Answer.manip_check_dist","Answer.manip_check_foil","Answer.name_check_correct","Answer.choice","Answer.choice_correct","Answer.money_allocated_to_foil","Answer.money_allocated_to_target","Answer.money_allocated_to_logical","Answer.Likert_value_foil","Answer.Likert_value_target","Answer.Likert_value_logical","Answer.keyboard","Answer.features_in_referent_to_describe","Answer.target_positive","Answer.target_negative","Answer.foil_positive","Answer.foil_negative","Answer.about","Answer.comment","Answer.age","Answer.gender","Answer.scale_and_levels_condition","Answer.familiarization_present_in_study","Answer.top_question_order","Answer.middle_question_order","Answer.bottom_question_order","Answer.image_version","Answer.hand_position","Answer.overspec","Experiment.type"
"Describing Objects","Short and fun! A 1-2 minute word game about describing simple objects. Only one HIT per worker.","experiment, psychology, game, language, cognition, linguistics, description","$0.25 ","Wed Aug 06 14:34:44 PDT 2014","154","0","0","154","Reviewable","NotReviewed","1 scales","600","60000","Wed Aug 13 14:34:44 PDT 2014","S73720","Approved","","""friend""","""mustache""","""hat""","""glasses""","""right""","""left""","0","-1","3","0","13","0","0","-1","-1","-1","""TRUE""","""null""","""FALSE""","-1","-1","-1","-1","-1","-1","""the face that has no hat""","0","-1","-1","-1","-1","""no idea""","""no ""","""20""","""m""","0","0","1","0","2","""3""","-1","0","Virtual keyboard"
"Describing Objects","Short and fun! A 1-2 minute word game about describing simple objects. Only one HIT per worker.","experiment, psychology, game, language, cognition, linguistics, description","$0.25 ","Wed Aug 06 14:34:44 PDT 2014","154","0","0","154","Reviewable","NotReviewed","1 scales","600","60000","Wed Aug 13 14:34:44 PDT 2014","S51608","Approved","","""pizza""","""mushrooms""","""peppers""","""olives""","""left""","""right""","0","-1","3","0","13","0","0","-1","-1","-1","""TRUE""","""null""","""FALSE""","-1","-1","-1","-1","-1","-1","""it is the pizza with cheese and no toppings""","0","-1","-1","-1","-1","""Describing a certain pizza to another person.""","""No.""","""27""","""M""","0","0","2","1","0","""3""","-1","1","Virtual keyboard"
"Describing Objects","Short and fun! A 1-2 minute word game about describing simple objects. Only one HIT per worker.","experiment, psychology, game, language, cognition, linguistics, description","$0.25 ","Wed Aug 06 14:34:44 PDT 2014","154","0","0","154","Reviewable","NotReviewed","1 scales","600","60000","Wed Aug 13 14:34:44 PDT 2014","S91865","Approved","","""sundae""","""chocolate""","""cherry""","""whipped cream""","""middle""","""left""","0","-1","3","0","13","0","0","-1","-1","-1","""TRUE""","""null""","""FALSE""","-1","-1","-1","-1","-1","-1","""no cherries""","0","-1","-1","-1","-1","""Sundaes""","""nope""","""22""","""m""","0","0","2","1","0","""3""","-1","0","Virtual keyboard"
"Describing Objects","Short and fun! A 1-2 minute word game about describing simple objects. Only one HIT per worker.","experiment, psychology, game, language, cognition, linguistics, description","$0.25 ","Wed Aug 06 14:34:44 PDT 2014","154","0","0","154","Reviewable","NotReviewed","1 scales","600","60000","Wed Aug 13 14:34:44 PDT 2014","S95660","Approved","","""friend""","""glasses""","""hat""","""mustache""","""right""","""left""","0","-1","3","0","13","0","0","-1","-1","-1","""TRUE""","""null""","""FALSE""","-1","-1","-1","-1","-1","-1","""no hat.""","0","-1","-1","-1","-1","""Describing a person to a friend""","""no""","""28""","""m""","0","0","1","2","0","""3""","-1","0","Virtual keyboard"
"Describing Objects","Short and fun! A 1-2 minute word game about describing simple objects. Only one HIT per worker.","experiment, psychology, game, language, cognition, linguistics, description","$0.25 ","Wed Aug 06 14:34:44 PDT 2014","154","0","0","154","Reviewable","NotReviewed","1 scales","600","60000","Wed Aug 13 14:34:44 PDT 2014","S58426","Approved","","""snowman""","""mittens""","""hat""","""scarf""","""right""","""middle""","0","-1","3","0","13","0","0","-1","-1","-1","""TRUE""","""null""","""FALSE""","-1","-1","-1","-1","-1","-1","""no hat or gloves""","0","-1","-1","-1","-1","""how to describe snowman to another person""","""N/A""","""19""","""m""","0","0","2","0","1","""3""","-1","1","Virtual keyboard"
"Describing Objects","Short and fun! A 1-2 minute word game about describing simple objects. Only one HIT per worker.","experiment, psychology, game, language, cognition, linguistics, description","$0.25 ","Wed Aug 06 14:34:44 PDT 2014","154","0","0","154","Reviewable","NotReviewed","1 scales","600","60000","Wed Aug 13 14:34:44 PDT 2014","S61184","Approved","","""sundae""","""cherry""","""chocolate""","""whipped cream""","""middle""","""right""","0","-1","3","0","13","0","0","-1","-1","-1","""TRUE""","""null""","""FALSE""","-1","-1","-1","-1","-1","-1","""No toppings""","0","-1","-1","-1","-1","""Describing sundaes""","""""","""26""","""f""","0","0","2","1","0","""3""","-1","0","Virtual keyboard"
"Describing Objects","Short and fun! A 1-2 minute word game about describing simple objects. Only one HIT per worker.","experiment, psychology, game, language, cognition, linguistics, description","$0.25 ","Wed Aug 06 14:34:44 PDT 2014","154","0","0","154","Reviewable","NotReviewed","1 scales","600","60000","Wed Aug 13 14:34:44 PDT 2014","S76139","Approved","","""sundae""","""cherry""","""whipped cream""","""chocolate""","""left""","""right""","0","-1","3","0","13","0","0","-1","-1","-1","""TRUE""","""null""","""FALSE""","-1","-1","-1","-1","-1","-1","""pick the sund´è_ without any toppings.""","0","-1","-1","-1","-1","""Describing objects""","""""","""24""","""f""","0","0","0","2","1","""3""","-1","0","Virtual keyboard"
"Describing Objects","Short and fun! A 1-2 minute word game about describing simple objects. Only one HIT per worker.","experiment, psychology, game, language, cognition, linguistics, description","$0.25 ","Wed Aug 06 14:34:44 PDT 2014","154","0","0","154","Reviewable","NotReviewed","1 scales","600","60000","Wed Aug 13 14:34:44 PDT 2014","S32002","Approved","","""friend""","""hat""","""glasses""","""mustache""","""left""","""middle""","0","-1","3","0","13","0","0","-1","-1","-1","""TRUE""","""null""","""FALSE""","-1","-1","-1","-1","-1","-1","""he has no head/facewear""","0","-1","-1","-1","-1","""Language""","""""","""23""","""m""","0","0","0","1","2","""3""","-1","1","Virtual keyboard"
"Describing Objects","Short and fun! A 1-2 minute word game about describing simple objects. Only one HIT per worker.","experiment, psychology, game, language, cognition, linguistics, description","$0.25 ","Wed Aug 06 14:34:44 PDT 2014","154","0","0","154","Reviewable","NotReviewed","1 scales","600","60000","Wed Aug 13 14:34:44 PDT 2014","S99230","Approved","","""pizza""","""mushrooms""","""olives""","""peppers""","""left""","""right""","0","-1","3","0","13","0","0","-1","-1","-1","""TRUE""","""null""","""FALSE""","-1","-1","-1","-1","-1","-1","""nno toppings""","0","-1","-1","-1","-1","""communication""","""no""","""29""","""f""","0","0","2","1","0","""3""","-1","0","Virtual keyboard"
"Describing Objects","Short and fun! A 1-2 minute word game about describing simple objects. Only one HIT per worker.","experiment, psychology, game, language, cognition, linguistics, description","$0.25 ","Wed Aug 06 14:34:44 PDT 2014","154","0","0","154","Reviewable","NotReviewed","1 scales","600","60000","Wed Aug 13 14:34:44 PDT 2014","S15448","Approved","","""sundae""","""whipped cream""","""cherry""","""chocolate""","""middle""","""right""","0","-1","3","0","13","0","0","-1","-1","-1","""TRUE""","""null""","""FALSE""","-1","-1","-1","-1","-1","-1","""no cherries/no whipped cream""","0","-1","-1","-1","-1","""picking sundaes without saying sundae a, b or c""","""sundae""","""30""","""m""","0","0","0","2","1","""3""","-1","1","Virtual keyboard"
"Describing Objects","Short and fun! A 1-2 minute word game about describing simple objects. Only one HIT per worker.","experiment, psychology, game, language, cognition, linguistics, description","$0.25 ","Wed Aug 06 14:34:44 PDT 2014","154","0","0","154","Reviewable","NotReviewed","1 scales","600","60000","Wed Aug 13 14:34:44 PDT 2014","S53498","Approved","","""snowman""","""hat""","""scarf""","""mittens""","""middle""","""left""","0","-1","3","0","13","0","0","-1","-1","-1","""TRUE""","""null""","""FALSE""","-1","-1","-1","-1","-1","-1","""no hat or scarf""","0","-1","-1","-1","-1","""describing snowmen""","""""","""22""","""m""","0","0","2","1","0","""3""","-1","1","Virtual keyboard"
"Describing Objects","Short and fun! A 1-2 minute word game about describing simple objects. Only one HIT per worker.","experiment, psychology, game, language, cognition, linguistics, description","$0.25 ","Wed Aug 06 14:34:44 PDT 2014","154","0","0","154","Reviewable","NotReviewed","1 scales","600","60000","Wed Aug 13 14:34:44 PDT 2014","S10795","Approved","","""boat""","""motor""","""cabin""","""sail""","""right""","""left""","0","-1","3","0","13","0","0","-1","-1","-1","""TRUE""","""null""","""FALSE""","-1","-1","-1","-1","-1","-1","""a""","0","-1","-1","-1","-1","""boat""","""na""","""28""","""m""","0","0","1","2","0","""3""","-1","NA","Virtual keyboard"
"Describing Objects","Short and fun! A 1-2 minute word game about describing simple objects. Only one HIT per worker.","experiment, psychology, game, language, cognition, linguistics, description","$0.25 ","Wed Aug 06 14:34:44 PDT 2014","154","0","0","154","Reviewable","NotReviewed","1 scales","600","60000","Wed Aug 13 14:34:44 PDT 2014","S19056","Approved","","""sundae""","""chocolate""","""whipped cream""","""cherry""","""left""","""middle""","0","-1","3","0","13","0","0","-1","-1","-1","""TRUE""","""null""","""FALSE""","-1","-1","-1","-1","-1","-1","""no toppings.""","0","-1","-1","-1","-1","""describing ice cream.""","""n/a""","""24""","""m""","0","0","2","0","1","""3""","-1","0","Virtual keyboard"
"Describing Objects","Short and fun! A 1-2 minute word game about describing simple objects. Only one HIT per worker.","experiment, psychology, game, language, cognition, linguistics, description","$0.25 ","Wed Aug 06 14:34:44 PDT 2014","154","0","0","154","Reviewable","NotReviewed","1 scales","600","60000","Wed Aug 13 14:34:44 PDT 2014","S06823","Approved","","""friend""","""mustache""","""glasses""","""hat""","""middle""","""left""","0","-1","3","0","13","0","0","-1","-1","-1","""TRUE""","""null""","""FALSE""","-1","-1","-1","-1","-1","-1","""no glasses""","0","-1","-1","-1","-1","""getting another person to pick right face""","""""","""54""","""m""","0","0","0","1","2","""3""","-1","0","Virtual keyboard"
"Describing Objects","Short and fun! A 1-2 minute word game about describing simple objects. Only one HIT per worker.","experiment, psychology, game, language, cognition, linguistics, description","$0.25 ","Wed Aug 06 14:34:44 PDT 2014","154","0","0","154","Reviewable","NotReviewed","1 scales","600","60000","Wed Aug 13 14:34:44 PDT 2014","S28891","Approved","","""friend""","""hat""","""mustache""","""glasses""","""right""","""middle""","0","-1","3","0","13","0","0","-1","-1","-1","""TRUE""","""null""","""FALSE""","-1","-1","-1","-1","-1","-1","""clean shaved""","0","-1","-1","-1","-1","""describing a friend to someone""","""no""","""26""","""m""","0","0","2","1","0","""3""","-1","0","Virtual keyboard"
"Describing Objects","Short and fun! A 1-2 minute word game about describing simple objects. Only one HIT per worker.","experiment, psychology, game, language, cognition, linguistics, description","$0.25 ","Wed Aug 06 14:34:44 PDT 2014","154","0","0","154","Reviewable","NotReviewed","1 scales","600","60000","Wed Aug 13 14:34:44 PDT 2014","S35827","Approved","","""snowman""","""mittens""","""scarf""","""hat""","""right""","""left""","0","-1","3","0","13","0","0","-1","-1","-1","""FALSE""","""null""","""FALSE""","-1","-1","-1","-1","-1","-1","""nothing on""","0","-1","-1","-1","-1","""Describing an individual out of a group so that someone else knows which one you're talking about.""","""""","""32""","""m""","0","0","0","2","1","""3""","-1","0","Virtual keyboard"
"Describing Objects","Short and fun! A 1-2 minute word game about describing simple objects. Only one HIT per worker.","experiment, psychology, game, language, cognition, linguistics, description","$0.25 ","Wed Aug 06 14:34:44 PDT 2014","154","0","0","154","Reviewable","NotReviewed","1 scales","600","60000","Wed Aug 13 14:34:44 PDT 2014","S75372","Approved","","""friend""","""hat""","""glasses""","""mustache""","""right""","""middle""","0","-1","3","0","13","0","0","-1","-1","-1","""TRUE""","""null""","""FALSE""","-1","-1","-1","-1","-1","-1","""the least accessories.""","0","-1","-1","-1","-1","""How people describe objects.""","""""","""21""","""m""","0","0","1","0","2","""3""","-1","0","Virtual keyboard"
"Describing Objects","Short and fun! A 1-2 minute word game about describing simple objects. Only one HIT per worker.","experiment, psychology, game, language, cognition, linguistics, description","$0.25 ","Wed Aug 06 14:34:44 PDT 2014","154","0","0","154","Reviewable","NotReviewed","1 scales","600","60000","Wed Aug 13 14:34:44 PDT 2014","S56124","Approved","","""Christmas tree""","""star""","""ornaments""","""lights""","""right""","""middle""","0","-1","3","0","13","0","0","-1","-1","-1","""TRUE""","""null""","""FALSE""","-1","-1","-1","-1","-1","-1","""Choose the tree with no ornaments.""","0","-1","-1","-1","-1","""Bob and the trees he trimmed and trying to communicate one of those trees to another turker when they see the trees in a different order than I do.""","""nope""","""26""","""f""","0","0","2","1","0","""3""","-1","0","Virtual keyboard"
"Describing Objects","Short and fun! A 1-2 minute word game about describing simple objects. Only one HIT per worker.","experiment, psychology, game, language, cognition, linguistics, description","$0.25 ","Wed Aug 06 14:34:44 PDT 2014","154","0","0","154","Reviewable","NotReviewed","1 scales","600","60000","Wed Aug 13 14:34:44 PDT 2014","S53131","Approved","","""pizza""","""olives""","""mushrooms""","""peppers""","""right""","""left""","0","-1","3","0","13","0","0","-1","-1","-1","""TRUE""","""null""","""FALSE""","-1","-1","-1","-1","-1","-1","""It has white cheese with no toppings.""","0","-1","-1","-1","-1","""Pizza""","""No""","""25""","""m""","0","0","2","1","0","""3""","-1","1","Virtual keyboard"
"Describing Objects","Short and fun! A 1-2 minute word game about describing simple objects. Only one HIT per worker.","experiment, psychology, game, language, cognition, linguistics, description","$0.25 ","Wed Aug 06 14:34:44 PDT 2014","154","0","0","154","Reviewable","NotReviewed","1 scales","600","60000","Wed Aug 13 14:34:44 PDT 2014","S51176","Approved","","""friend""","""mustache""","""glasses""","""hat""","""left""","""right""","0","-1","3","0","13","0","0","-1","-1","-1","""TRUE""","""null""","""FALSE""","-1","-1","-1","-1","-1","-1","""no glasses""","0","-1","-1","-1","-1","""dont know""","""non""","""""","""""","0","0","2","0","1","""3""","-1","0","Virtual keyboard"
"Describing Objects","Short and fun! A 1-2 minute word game about describing simple objects. Only one HIT per worker.","experiment, psychology, game, language, cognition, linguistics, description","$0.25 ","Wed Aug 06 14:34:44 PDT 2014","154","0","0","154","Reviewable","NotReviewed","1 scales","600","60000","Wed Aug 13 14:34:44 PDT 2014","S57782","Approved","","""boat""","""sail""","""cabin""","""motor""","""left""","""right""","0","-1","3","0","13","0","0","-1","-1","-1","""TRUE""","""null""","""FALSE""","-1","-1","-1","-1","-1","-1","""no sail or lodging.""","0","-1","-1","-1","-1","""Describing a boat to someone without knowledge of said boat.""","""No.""","""27""","""m""","0","0","0","2","1","""3""","-1","1","Virtual keyboard"
"Describing Objects","Short and fun! A 1-2 minute word game about describing simple objects. Only one HIT per worker.","experiment, psychology, game, language, cognition, linguistics, description","$0.25 ","Wed Aug 06 14:34:44 PDT 2014","154","0","0","154","Reviewable","NotReviewed","1 scales","600","60000","Wed Aug 13 14:34:44 PDT 2014","S80347","Approved","","""pizza""","""mushrooms""","""olives""","""peppers""","""left""","""middle""","0","-1","3","0","13","0","0","-1","-1","-1","""TRUE""","""null""","""FALSE""","-1","-1","-1","-1","-1","-1","""only cheese""","0","-1","-1","-1","-1","""BOB EATING PIZZA""","""NONE THANKS""","""55""","""F""","0","0","1","2","0","""3""","-1","0","Virtual keyboard"
"Describing Objects","Short and fun! A 1-2 minute word game about describing simple objects. Only one HIT per worker.","experiment, psychology, game, language, cognition, linguistics, description","$0.25 ","Wed Aug 06 14:34:44 PDT 2014","154","0","0","154","Reviewable","NotReviewed","1 scales","600","60000","Wed Aug 13 14:34:44 PDT 2014","S03713","Approved","","""boat""","""cabin""","""sail""","""motor""","""right""","""middle""","0","-1","3","0","13","0","0","-1","-1","-1","""TRUE""","""null""","""FALSE""","-1","-1","-1","-1","-1","-1","""pick the boat without a sail.""","0","-1","-1","-1","-1","""Descriving a picture of a boat""","""none""","""21""","""f""","0","0","1","2","0","""3""","-1","0","Virtual keyboard"
"Describing Objects","Short and fun! A 1-2 minute word game about describing simple objects. Only one HIT per worker.","experiment, psychology, game, language, cognition, linguistics, description","$0.25 ","Wed Aug 06 14:34:44 PDT 2014","154","0","0","154","Reviewable","NotReviewed","1 scales","600","60000","Wed Aug 13 14:34:44 PDT 2014","S14106","Approved","","""snowman""","""mittens""","""hat""","""scarf""","""left""","""right""","0","-1","3","0","13","0","0","-1","-1","-1","""TRUE""","""null""","""FALSE""","-1","-1","-1","-1","-1","-1","""snowman with no hat or gloves""","0","-1","-1","-1","-1","""communicating a picture with nother mturk worker""","""""","""36""","""female""","0","0","1","0","2","""3""","-1","1","Virtual keyboard"
"Describing Objects","Short and fun! A 1-2 minute word game about describing simple objects. Only one HIT per worker.","experiment, psychology, game, language, cognition, linguistics, description","$0.25 ","Wed Aug 06 14:34:44 PDT 2014","154","0","0","154","Reviewable","NotReviewed","1 scales","600","60000","Wed Aug 13 14:34:44 PDT 2014","S66970","Approved","","""Christmas tree""","""ornaments""","""lights""","""star""","""left""","""middle""","0","-1","3","0","13","0","0","-1","-1","-1","""TRUE""","""null""","""FALSE""","-1","-1","-1","-1","-1","-1","""no decor""","0","-1","-1","-1","-1","""Simple problem solving""","""""","""23""","""m""","0","0","1","0","2","""3""","-1","0","Virtual keyboard"
"Describing Objects","Short and fun! A 1-2 minute word game about describing simple objects. Only one HIT per worker.","experiment, psychology, game, language, cognition, linguistics, description","$0.25 ","Wed Aug 06 14:34:44 PDT 2014","154","0","0","154","Reviewable","NotReviewed","1 scales","600","60000","Wed Aug 13 14:34:44 PDT 2014","S78094","Approved","","""Christmas tree""","""ornaments""","""lights""","""star""","""right""","""middle""","0","-1","3","0","13","0","0","-1","-1","-1","""FALSE""","""null""","""FALSE""","-1","-1","-1","-1","-1","-1","""no decorations have been placed on the tree""","0","-1","-1","-1","-1","""describing a particular tree""","""none""",""" 58""","""m""","0","0","0","2","1","""3""","-1","0","Virtual keyboard"
"Describing Objects","Short and fun! A 1-2 minute word game about describing simple objects. Only one HIT per worker.","experiment, psychology, game, language, cognition, linguistics, description","$0.25 ","Wed Aug 06 14:34:44 PDT 2014","154","0","0","154","Reviewable","NotReviewed","1 scales","600","60000","Wed Aug 13 14:34:44 PDT 2014","S13577","Approved","","""friend""","""glasses""","""hat""","""mustache""","""left""","""right""","0","-1","3","0","13","0","0","-1","-1","-1","""TRUE""","""null""","""FALSE""","-1","-1","-1","-1","-1","-1","""light skin and no hat""","0","-1","-1","-1","-1","""Bob visiting his friend""","""None""","""26""","""m""","0","0","1","2","0","""3""","-1","1","Virtual keyboard"
"Describing Objects","Short and fun! A 1-2 minute word game about describing simple objects. Only one HIT per worker.","experiment, psychology, game, language, cognition, linguistics, description","$0.25 ","Wed Aug 06 14:34:44 PDT 2014","154","0","0","154","Reviewable","NotReviewed","1 scales","600","60000","Wed Aug 13 14:34:44 PDT 2014","S46693","Approved","","""snowman""","""mittens""","""hat""","""scarf""","""left""","""middle""","0","-1","3","0","13","0","0","-1","-1","-1","""TRUE""","""null""","""FALSE""","-1","-1","-1","-1","-1","-1","""C is a white snowman with black eyes and smile an orange nose with brown stick arms.""","0","-1","-1","-1","-1","""Not sure.""","""""","""46""","""m""","0","0","0","2","1","""3""","-1","1","Virtual keyboard"
"Describing Objects","Short and fun! A 1-2 minute word game about describing simple objects. Only one HIT per worker.","experiment, psychology, game, language, cognition, linguistics, description","$0.25 ","Wed Aug 06 14:34:44 PDT 2014","154","0","0","154","Reviewable","NotReviewed","1 scales","600","60000","Wed Aug 13 14:34:44 PDT 2014","S88231","Approved","","""friend""","""hat""","""mustache""","""glasses""","""middle""","""right""","0","-1","3","0","13","0","0","-1","-1","-1","""TRUE""","""null""","""FALSE""","-1","-1","-1","-1","-1","-1","""he has no mustache and no hat""","0","-1","-1","-1","-1","""Describing someone using words only so that another person can understand which person I was talking about""","""No more comments""","""34""","""m""","0","0","0","1","2","""3""","-1","1","Virtual keyboard"
"Describing Objects","Short and fun! A 1-2 minute word game about describing simple objects. Only one HIT per worker.","experiment, psychology, game, language, cognition, linguistics, description","$0.25 ","Wed Aug 06 14:34:44 PDT 2014","154","0","0","154","Reviewable","NotReviewed","1 scales","600","60000","Wed Aug 13 14:34:44 PDT 2014","S27533","Approved","","""friend""","""glasses""","""mustache""","""hat""","""right""","""middle""","0","-1","3","0","13","0","0","-1","-1","-1","""TRUE""","""null""","""FALSE""","-1","-1","-1","-1","-1","-1","""just a smile""","0","-1","-1","-1","-1","""describing a friend""","""""","""28""","""f""","0","0","0","2","1","""3""","-1","0","Virtual keyboard"
"Describing Objects","Short and fun! A 1-2 minute word game about describing simple objects. Only one HIT per worker.","experiment, psychology, game, language, cognition, linguistics, description","$0.25 ","Wed Aug 06 14:34:44 PDT 2014","154","0","0","154","Reviewable","NotReviewed","1 scales","600","60000","Wed Aug 13 14:34:44 PDT 2014","S62230","Approved","","""Christmas tree""","""lights""","""ornaments""","""star""","""left""","""right""","0","-1","3","0","13","0","0","-1","-1","-1","""TRUE""","""null""","""FALSE""","-1","-1","-1","-1","-1","-1","""green""","0","-1","-1","-1","-1","""How I describe objects with various features.""","""""","""26""","""f""","0","0","2","1","0","""3""","-1","0","Virtual keyboard"
"Describing Objects","Short and fun! A 1-2 minute word game about describing simple objects. Only one HIT per worker.","experiment, psychology, game, language, cognition, linguistics, description","$0.25 ","Wed Aug 06 14:34:44 PDT 2014","154","0","0","154","Reviewable","NotReviewed","1 scales","600","60000","Wed Aug 13 14:34:44 PDT 2014","S40943","Approved","","""pizza""","""mushrooms""","""olives""","""peppers""","""left""","""right""","0","-1","3","0","13","0","0","-1","-1","-1","""TRUE""","""null""","""FALSE""","-1","-1","-1","-1","-1","-1","""no topping""","0","-1","-1","-1","-1","""pizza""","""no""","""23""","""f""","0","0","0","2","1","""3""","-1","0","Virtual keyboard"
"Describing Objects","Short and fun! A 1-2 minute word game about describing simple objects. Only one HIT per worker.","experiment, psychology, game, language, cognition, linguistics, description","$0.25 ","Wed Aug 06 14:34:44 PDT 2014","154","0","0","154","Reviewable","NotReviewed","1 scales","600","60000","Wed Aug 13 14:34:44 PDT 2014","S05319","Approved","","""pizza""","""peppers""","""olives""","""mushrooms""","""left""","""right""","0","-1","3","0","13","0","0","-1","-1","-1","""TRUE""","""null""","""FALSE""","-1","-1","-1","-1","-1","-1","""cheese""","0","-1","-1","-1","-1","""Conveying meaning with words regarding pizza""","""""","""28""","""m""","0","0","0","2","1","""3""","-1","0","Virtual keyboard"
"Describing Objects","Short and fun! A 1-2 minute word game about describing simple objects. Only one HIT per worker.","experiment, psychology, game, language, cognition, linguistics, description","$0.25 ","Wed Aug 06 14:34:44 PDT 2014","154","0","0","154","Reviewable","NotReviewed","1 scales","600","60000","Wed Aug 13 14:34:44 PDT 2014","S15633","Approved","","""snowman""","""scarf""","""hat""","""mittens""","""right""","""middle""","0","-1","3","0","13","0","0","-1","-1","-1","""TRUE""","""null""","""FALSE""","-1","-1","-1","-1","-1","-1","""hatless""","0","-1","-1","-1","-1","""To see how people convey information.""","""No""","""27""","""m""","0","0","1","0","2","""3""","-1","0","Virtual keyboard"
"Describing Objects","Short and fun! A 1-2 minute word game about describing simple objects. Only one HIT per worker.","experiment, psychology, game, language, cognition, linguistics, description","$0.25 ","Wed Aug 06 14:34:44 PDT 2014","154","0","0","154","Reviewable","NotReviewed","1 scales","600","60000","Wed Aug 13 14:34:44 PDT 2014","S09542","Rejected","","""boat""","""sail""","""cabin""","""motor""","""left""","""right""","0","-1","3","0","13","0","0","-1","-1","-1","""TRUE""","""null""","""FALSE""","-1","-1","-1","-1","-1","-1","""the boats are all lame.""","0","-1","-1","-1","-1","""Bob's boats""","""""","""""","""""","0","0","1","2","0","""3""","-1","NA","Virtual keyboard"
"Describing Objects","Short and fun! A 1-2 minute word game about describing simple objects. Only one HIT per worker.","experiment, psychology, game, language, cognition, linguistics, description","$0.25 ","Wed Aug 06 14:34:44 PDT 2014","154","0","0","154","Reviewable","NotReviewed","1 scales","600","60000","Wed Aug 13 14:34:44 PDT 2014","S57611","Approved","","""boat""","""cabin""","""sail""","""motor""","""right""","""middle""","0","-1","3","0","13","0","0","-1","-1","-1","""TRUE""","""null""","""FALSE""","-1","-1","-1","-1","-1","-1","""Pick the boat without the sail.""","0","-1","-1","-1","-1","""How people describe objects to others.""","""Great survey!""","""32""","""m""","0","0","0","1","2","""3""","-1","0","Virtual keyboard"
"Describing Objects","Short and fun! A 1-2 minute word game about describing simple objects. Only one HIT per worker.","experiment, psychology, game, language, cognition, linguistics, description","$0.25 ","Wed Aug 06 14:34:44 PDT 2014","154","0","0","154","Reviewable","NotReviewed","1 scales","600","60000","Wed Aug 13 14:34:44 PDT 2014","S37908","Approved","","""friend""","""mustache""","""glasses""","""hat""","""left""","""right""","0","-1","3","0","13","0","0","-1","-1","-1","""TRUE""","""null""","""FALSE""","-1","-1","-1","-1","-1","-1","""no glasses""","0","-1","-1","-1","-1","""Describing a friend""","""""","""24""","""f""","0","0","2","1","0","""3""","-1","0","Virtual keyboard"
"Describing Objects","Short and fun! A 1-2 minute word game about describing simple objects. Only one HIT per worker.","experiment, psychology, game, language, cognition, linguistics, description","$0.25 ","Wed Aug 06 14:34:44 PDT 2014","154","0","0","154","Reviewable","NotReviewed","1 scales","600","60000","Wed Aug 13 14:34:44 PDT 2014","S28599","Approved","","""friend""","""mustache""","""hat""","""glasses""","""right""","""middle""","0","-1","3","0","13","0","0","-1","-1","-1","""TRUE""","""null""","""FALSE""","-1","-1","-1","-1","-1","-1","""I'm looking at the face with no hat or mustache.""","0","-1","-1","-1","-1","""Describing the face of bob's friend.""","""No.""","""19""","""m""","0","0","1","2","0","""3""","-1","1","Virtual keyboard"
"Describing Objects","Short and fun! A 1-2 minute word game about describing simple objects. Only one HIT per worker.","experiment, psychology, game, language, cognition, linguistics, description","$0.25 ","Wed Aug 06 14:34:44 PDT 2014","154","0","0","154","Reviewable","NotReviewed","1 scales","600","60000","Wed Aug 13 14:34:44 PDT 2014","S34712","Approved","","""boat""","""sail""","""motor""","""cabin""","""right""","""middle""","0","-1","3","0","13","0","0","-1","-1","-1","""TRUE""","""null""","""FALSE""","-1","-1","-1","-1","-1","-1","""no sail or engine""","0","-1","-1","-1","-1","""Describing the differences between boats""","""""","""31""","""F""","0","0","1","0","2","""3""","-1","1","Virtual keyboard"
"Describing Objects","Short and fun! A 1-2 minute word game about describing simple objects. Only one HIT per worker.","experiment, psychology, game, language, cognition, linguistics, description","$0.25 ","Wed Aug 06 14:34:44 PDT 2014","154","0","0","154","Reviewable","NotReviewed","1 scales","600","60000","Wed Aug 13 14:34:44 PDT 2014","S65250","Approved","","""sundae""","""chocolate""","""whipped cream""","""cherry""","""middle""","""right""","0","-1","3","0","13","0","0","-1","-1","-1","""TRUE""","""null""","""FALSE""","-1","-1","-1","-1","-1","-1","""no topping""","0","-1","-1","-1","-1","""Bob who likes sundaes.""","""No.""","""25""","""f""","0","0","1","2","0","""3""","-1","0","Virtual keyboard"
"Describing Objects","Short and fun! A 1-2 minute word game about describing simple objects. Only one HIT per worker.","experiment, psychology, game, language, cognition, linguistics, description","$0.25 ","Wed Aug 06 14:34:44 PDT 2014","154","0","0","154","Reviewable","NotReviewed","1 scales","600","60000","Wed Aug 13 14:34:44 PDT 2014","S89808","Approved","","""boat""","""motor""","""sail""","""cabin""","""right""","""middle""","0","-1","3","0","13","0","0","-1","-1","-1","""TRUE""","""null""","""FALSE""","-1","-1","-1","-1","-1","-1","""Choose the boat that has no sail.""","0","-1","-1","-1","-1","""Communicating with another turker. ""","""""","""27""","""m""","0","0","0","1","2","""3""","-1","0","Virtual keyboard"
"Describing Objects","Short and fun! A 1-2 minute word game about describing simple objects. Only one HIT per worker.","experiment, psychology, game, language, cognition, linguistics, description","$0.25 ","Wed Aug 06 14:34:44 PDT 2014","154","0","0","154","Reviewable","NotReviewed","1 scales","600","60000","Wed Aug 13 14:34:44 PDT 2014","S05136","Approved","","""boat""","""sail""","""cabin""","""motor""","""middle""","""right""","0","-1","3","0","13","0","0","-1","-1","-1","""TRUE""","""null""","""FALSE""","-1","-1","-1","-1","-1","-1","""the most basic shape and no top piece.""","0","-1","-1","-1","-1","""Explaining something to someone who cannot see the object.""","""""","""26""","""m""","0","0","2","0","1","""3""","-1","1","Virtual keyboard"
"Describing Objects","Short and fun! A 1-2 minute word game about describing simple objects. Only one HIT per worker.","experiment, psychology, game, language, cognition, linguistics, description","$0.25 ","Wed Aug 06 14:34:44 PDT 2014","154","0","0","154","Reviewable","NotReviewed","1 scales","600","60000","Wed Aug 13 14:34:44 PDT 2014","S58761","Approved","","""Christmas tree""","""star""","""ornaments""","""lights""","""right""","""left""","0","-1","3","0","13","0","0","-1","-1","-1","""FALSE""","""null""","""FALSE""","-1","-1","-1","-1","-1","-1","""Pick the picture with no decorations.""","0","-1","-1","-1","-1","""communication""","""""","""52""","""m""","0","0","2","1","0","""3""","-1","0","Virtual keyboard"
"Describing Objects","Short and fun! A 1-2 minute word game about describing simple objects. Only one HIT per worker.","experiment, psychology, game, language, cognition, linguistics, description","$0.25 ","Wed Aug 06 14:34:44 PDT 2014","154","0","0","154","Reviewable","NotReviewed","1 scales","600","60000","Wed Aug 13 14:34:44 PDT 2014","S06118","Approved","","""friend""","""hat""","""glasses""","""mustache""","""right""","""middle""","0","-1","3","0","13","0","0","-1","-1","-1","""TRUE""","""null""","""FALSE""","-1","-1","-1","-1","-1","-1","""no glasses""","0","-1","-1","-1","-1","""Trying to get another turker to pick the same friend Bob will visit""","""interesting/fun""","""22""","""m""","0","0","2","0","1","""3""","-1","0","Virtual keyboard"
"Describing Objects","Short and fun! A 1-2 minute word game about describing simple objects. Only one HIT per worker.","experiment, psychology, game, language, cognition, linguistics, description","$0.25 ","Wed Aug 06 14:34:44 PDT 2014","154","0","0","154","Reviewable","NotReviewed","1 scales","600","60000","Wed Aug 13 14:34:44 PDT 2014","S31104","Approved","","""snowman""","""mittens""","""scarf""","""hat""","""right""","""left""","0","-1","3","0","13","0","0","-1","-1","-1","""TRUE""","""null""","""FALSE""","-1","-1","-1","-1","-1","-1","""wearing no clothws""","0","-1","-1","-1","-1","""Bob building snowmen""","""""","""31""","""m""","0","0","0","1","2","""3""","-1","0","Virtual keyboard"
"Describing Objects","Short and fun! A 1-2 minute word game about describing simple objects. Only one HIT per worker.","experiment, psychology, game, language, cognition, linguistics, description","$0.25 ","Wed Aug 06 14:34:44 PDT 2014","154","0","0","154","Reviewable","NotReviewed","1 scales","600","60000","Wed Aug 13 14:34:44 PDT 2014","S02691","Approved","","""friend""","""hat""","""glasses""","""mustache""","""middle""","""left""","0","-1","3","0","13","0","0","-1","-1","-1","""TRUE""","""null""","""FALSE""","-1","-1","-1","-1","-1","-1","""no glasses on.""","0","-1","-1","-1","-1","""Describing a face to someone else.""","""None""","""31""","""m""","0","0","1","2","0","""3""","-1","0","Virtual keyboard"
"Describing Objects","Short and fun! A 1-2 minute word game about describing simple objects. Only one HIT per worker.","experiment, psychology, game, language, cognition, linguistics, description","$0.25 ","Wed Aug 06 14:34:44 PDT 2014","154","0","0","154","Reviewable","NotReviewed","1 scales","600","60000","Wed Aug 13 14:34:44 PDT 2014","S28623","Approved","","""snowman""","""hat""","""mittens""","""scarf""","""middle""","""right""","0","-1","3","0","13","0","0","-1","-1","-1","""FALSE""","""null""","""FALSE""","-1","-1","-1","-1","-1","-1","""Pick the snowman with no accessories.""","0","-1","-1","-1","-1","""Crafting a description of a snowman that differentiates it from the others.""","""""","""28""","""m""","0","0","2","1","0","""3""","-1","0","Virtual keyboard"
"Describing Objects","Short and fun! A 1-2 minute word game about describing simple objects. Only one HIT per worker.","experiment, psychology, game, language, cognition, linguistics, description","$0.25 ","Wed Aug 06 14:34:44 PDT 2014","154","0","0","154","Reviewable","NotReviewed","1 scales","600","60000","Wed Aug 13 14:34:44 PDT 2014","S57833","Approved","","""boat""","""sail""","""cabin""","""motor""","""right""","""left""","0","-1","3","0","13","0","0","-1","-1","-1","""TRUE""","""null""","""FALSE""","-1","-1","-1","-1","-1","-1","""nothing on its top.""","0","-1","-1","-1","-1","""sailing""","""I'm on a boat""","""33""","""m""","0","0","2","1","0","""3""","-1","0","Virtual keyboard"
"Describing Objects","Short and fun! A 1-2 minute word game about describing simple objects. Only one HIT per worker.","experiment, psychology, game, language, cognition, linguistics, description","$0.25 ","Wed Aug 06 14:34:44 PDT 2014","154","0","0","154","Reviewable","NotReviewed","1 scales","600","60000","Wed Aug 13 14:34:44 PDT 2014","S06427","Approved","","""friend""","""mustache""","""hat""","""glasses""","""middle""","""left""","0","-1","3","0","13","0","0","-1","-1","-1","""FALSE""","""null""","""FALSE""","-1","-1","-1","-1","-1","-1","""the face that d´è_sn't have a hat""","0","-1","-1","-1","-1","""How people choose describe a fae""","""""","""37""","""m""","0","0","1","2","0","""3""","-1","0","Virtual keyboard"
"Describing Objects","Short and fun! A 1-2 minute word game about describing simple objects. Only one HIT per worker.","experiment, psychology, game, language, cognition, linguistics, description","$0.25 ","Wed Aug 06 14:34:44 PDT 2014","154","0","0","154","Reviewable","NotReviewed","1 scales","600","60000","Wed Aug 13 14:34:44 PDT 2014","S66606","Approved","","""snowman""","""mittens""","""hat""","""scarf""","""right""","""middle""","0","-1","3","0","13","0","0","-1","-1","-1","""TRUE""","""null""","""FALSE""","-1","-1","-1","-1","-1","-1","""The snowman has eyes, arms, a mouth and nose but no hat and no accessories.""","0","-1","-1","-1","-1","""How people talk on the phone""","""No""","""""","""""","0","0","2","1","0","""3""","-1","1","Virtual keyboard"
"Describing Objects","Short and fun! A 1-2 minute word game about describing simple objects. Only one HIT per worker.","experiment, psychology, game, language, cognition, linguistics, description","$0.25 ","Wed Aug 06 14:34:44 PDT 2014","154","0","0","154","Reviewable","NotReviewed","1 scales","600","60000","Wed Aug 13 14:34:44 PDT 2014","S12354","Approved","","""pizza""","""peppers""","""mushrooms""","""olives""","""left""","""middle""","0","-1","3","0","13","0","0","-1","-1","-1","""TRUE""","""null""","""FALSE""","-1","-1","-1","-1","-1","-1","""I like the pizza with the sliced chesse instead of a pizza with shredded cheese .""","0","-1","-1","-1","-1","""how to describe pizza""","""That keyboard sucked and I want Pizza now.""","""33""","""M""","0","0","2","0","1","""3""","-1","NA","Virtual keyboard"
"Describing Objects","Short and fun! A 1-2 minute word game about describing simple objects. Only one HIT per worker.","experiment, psychology, game, language, cognition, linguistics, description","$0.25 ","Wed Aug 06 14:34:44 PDT 2014","154","0","0","154","Reviewable","NotReviewed","1 scales","600","60000","Wed Aug 13 14:34:44 PDT 2014","S63063","Approved","","""friend""","""glasses""","""hat""","""mustache""","""right""","""middle""","0","-1","3","0","13","0","0","-1","-1","-1","""TRUE""","""null""","""FALSE""","-1","-1","-1","-1","-1","-1","""there are no extras on the one  i picked.""","0","-1","-1","-1","-1","""using a sentence to help your friends pick the same one that was selection A for myself""","""no""","""36""","""m""","0","0","2","1","0","""3""","-1","0","Virtual keyboard"
"Describing Objects","Short and fun! A 1-2 minute word game about describing simple objects. Only one HIT per worker.","experiment, psychology, game, language, cognition, linguistics, description","$0.25 ","Wed Aug 06 14:34:44 PDT 2014","154","0","0","154","Reviewable","NotReviewed","1 scales","600","60000","Wed Aug 13 14:34:44 PDT 2014","S91746","Approved","","""boat""","""sail""","""cabin""","""motor""","""left""","""middle""","0","-1","3","0","13","0","0","-1","-1","-1","""TRUE""","""null""","""FALSE""","-1","-1","-1","-1","-1","-1","""no sail, but a cabin""","1","-1","-1","-1","-1","""Describing objects, specifically a boat""","""I could use a big reward on this survey""","""21""","""f""","0","0","0","1","2","""3""","-1","1","Virtual keyboard"
"Describing Objects","Short and fun! A 1-2 minute word game about describing simple objects. Only one HIT per worker.","experiment, psychology, game, language, cognition, linguistics, description","$0.25 ","Wed Aug 06 14:34:44 PDT 2014","154","0","0","154","Reviewable","NotReviewed","1 scales","600","60000","Wed Aug 13 14:34:44 PDT 2014","S38781","Approved","","""snowman""","""hat""","""scarf""","""mittens""","""middle""","""right""","0","-1","3","0","13","0","0","-1","-1","-1","""TRUE""","""null""","""FALSE""","-1","-1","-1","-1","-1","-1","""largest and colorful""","1","-1","-1","-1","-1","""analyzing the decisions""","""no""","""50""","""Female""","0","0","0","2","1","""3""","-1","NA","Virtual keyboard"
"Describing Objects","Short and fun! A 1-2 minute word game about describing simple objects. Only one HIT per worker.","experiment, psychology, game, language, cognition, linguistics, description","$0.25 ","Wed Aug 06 14:34:44 PDT 2014","154","0","0","154","Reviewable","NotReviewed","1 scales","600","60000","Wed Aug 13 14:34:44 PDT 2014","S67200","Approved","","""boat""","""sail""","""cabin""","""motor""","""left""","""right""","0","-1","3","0","13","0","0","-1","-1","-1","""TRUE""","""null""","""FALSE""","-1","-1","-1","-1","-1","-1","""i chose c the boat with no sail, but  lt has a cabin.""","1","-1","-1","-1","-1","""a boat""","""thank-you it was different""","""57""","""female""","0","0","2","0","1","""3""","-1","1","Virtual keyboard"
"Describing Objects","Short and fun! A 1-2 minute word game about describing simple objects. Only one HIT per worker.","experiment, psychology, game, language, cognition, linguistics, description","$0.25 ","Wed Aug 06 14:34:44 PDT 2014","154","0","0","154","Reviewable","NotReviewed","1 scales","600","60000","Wed Aug 13 14:34:44 PDT 2014","S50885","Approved","","""Christmas tree""","""star""","""lights""","""ornaments""","""left""","""right""","0","-1","3","0","13","0","0","-1","-1","-1","""FALSE""","""null""","""FALSE""","-1","-1","-1","-1","-1","-1","""There are lights but no star.""","1","-1","-1","-1","-1","""describing a specific object""","""""","""""","""f""","0","0","0","2","1","""3""","-1","1","Virtual keyboard"
"Describing Objects","Short and fun! A 1-2 minute word game about describing simple objects. Only one HIT per worker.","experiment, psychology, game, language, cognition, linguistics, description","$0.25 ","Wed Aug 06 14:34:44 PDT 2014","154","0","0","154","Reviewable","NotReviewed","1 scales","600","60000","Wed Aug 13 14:34:44 PDT 2014","S34294","Approved","","""Christmas tree""","""ornaments""","""lights""","""star""","""left""","""middle""","0","-1","3","0","13","0","0","-1","-1","-1","""TRUE""","""null""","""FALSE""","-1","-1","-1","-1","-1","-1","""yellow lights only""","1","-1","-1","-1","-1","""describing the christmas tree in picture b to another person in which the trees were ordered differently for them.""","""none""","""20""","""male""","0","0","0","1","2","""3""","-1","0","Virtual keyboard"
"Describing Objects","Short and fun! A 1-2 minute word game about describing simple objects. Only one HIT per worker.","experiment, psychology, game, language, cognition, linguistics, description","$0.25 ","Wed Aug 06 14:34:44 PDT 2014","154","0","0","154","Reviewable","NotReviewed","1 scales","600","60000","Wed Aug 13 14:34:44 PDT 2014","S42119","Approved","","""pizza""","""mushrooms""","""olives""","""peppers""","""middle""","""right""","0","-1","3","0","13","0","0","-1","-1","-1","""TRUE""","""null""","""FALSE""","-1","-1","-1","-1","-1","-1","""A pizza with only olives and cheese""","1","-1","-1","-1","-1","""Describing a picture""","""no""","""30""","""m""","0","0","1","2","0","""3""","-1","0","Virtual keyboard"
"Describing Objects","Short and fun! A 1-2 minute word game about describing simple objects. Only one HIT per worker.","experiment, psychology, game, language, cognition, linguistics, description","$0.25 ","Wed Aug 06 14:34:44 PDT 2014","154","0","0","154","Reviewable","NotReviewed","1 scales","600","60000","Wed Aug 13 14:34:44 PDT 2014","S09685","Approved","","""snowman""","""scarf""","""hat""","""mittens""","""left""","""middle""","0","-1","3","0","13","0","0","-1","-1","-1","""TRUE""","""null""","""FALSE""","-1","-1","-1","-1","-1","-1",""" a hat""","1","-1","-1","-1","-1","""describing objects""","""nope!""","""22""","""f""","0","0","2","1","0","""3""","-1","0","Virtual keyboard"
"Describing Objects","Short and fun! A 1-2 minute word game about describing simple objects. Only one HIT per worker.","experiment, psychology, game, language, cognition, linguistics, description","$0.25 ","Wed Aug 06 14:34:44 PDT 2014","154","0","0","154","Reviewable","NotReviewed","1 scales","600","60000","Wed Aug 13 14:34:44 PDT 2014","S90354","Approved","","""friend""","""glasses""","""mustache""","""hat""","""right""","""left""","0","-1","3","0","13","0","0","-1","-1","-1","""TRUE""","""null""","""FALSE""","-1","-1","-1","-1","-1","-1",""" with a mustache and no glasses""","1","-1","-1","-1","-1","""friends Bob visits  on sunday""","""Thanks""","""31""","""m""","0","0","1","0","2","""3""","-1","1","Virtual keyboard"
"Describing Objects","Short and fun! A 1-2 minute word game about describing simple objects. Only one HIT per worker.","experiment, psychology, game, language, cognition, linguistics, description","$0.25 ","Wed Aug 06 14:34:44 PDT 2014","154","0","0","154","Reviewable","NotReviewed","1 scales","600","60000","Wed Aug 13 14:34:44 PDT 2014","S94989","Approved","","""pizza""","""peppers""","""mushrooms""","""olives""","""left""","""right""","0","-1","3","0","13","0","0","-1","-1","-1","""TRUE""","""null""","""FALSE""","-1","-1","-1","-1","-1","-1","""mushrooms and cheese""","1","-1","-1","-1","-1","""Conveying a pizza description to another person""","""Thank you and good luck with your research""","""34""","""f""","0","0","1","2","0","""3""","-1","1","Virtual keyboard"
"Describing Objects","Short and fun! A 1-2 minute word game about describing simple objects. Only one HIT per worker.","experiment, psychology, game, language, cognition, linguistics, description","$0.25 ","Wed Aug 06 14:34:44 PDT 2014","154","0","0","154","Reviewable","NotReviewed","1 scales","600","60000","Wed Aug 13 14:34:44 PDT 2014","S52274","Approved","","""sundae""","""chocolate""","""whipped cream""","""cherry""","""right""","""middle""","0","-1","3","0","13","0","0","-1","-1","-1","""TRUE""","""null""","""FALSE""","-1","-1","-1","-1","-1","-1","""just whipped cream""","1","-1","-1","-1","-1","""describing ice cream""","""no""","""24""","""m""","0","0","0","2","1","""3""","-1","0","Virtual keyboard"
"Describing Objects","Short and fun! A 1-2 minute word game about describing simple objects. Only one HIT per worker.","experiment, psychology, game, language, cognition, linguistics, description","$0.25 ","Wed Aug 06 14:34:44 PDT 2014","154","0","0","154","Reviewable","NotReviewed","1 scales","600","60000","Wed Aug 13 14:34:44 PDT 2014","S35707","Approved","","""sundae""","""cherry""","""whipped cream""","""chocolate""","""right""","""left""","0","-1","3","0","13","0","0","-1","-1","-1","""TRUE""","""null""","""FALSE""","-1","-1","-1","-1","-1","-1","""whipped cream and no cherrt""","1","-1","-1","-1","-1","""Sundaes!""","""""","""22""","""F""","0","0","0","1","2","""3""","-1","1","Virtual keyboard"
"Describing Objects","Short and fun! A 1-2 minute word game about describing simple objects. Only one HIT per worker.","experiment, psychology, game, language, cognition, linguistics, description","$0.25 ","Wed Aug 06 14:34:44 PDT 2014","154","0","0","154","Reviewable","NotReviewed","1 scales","600","60000","Wed Aug 13 14:34:44 PDT 2014","S57210","Approved","","""pizza""","""olives""","""mushrooms""","""peppers""","""middle""","""right""","0","-1","3","0","13","0","0","-1","-1","-1","""TRUE""","""null""","""FALSE""","-1","-1","-1","-1","-1","-1","""1 topping""","1","-1","-1","-1","-1","""Pizza""","""n/a""","""34""","""m""","0","0","2","0","1","""3""","-1","0","Virtual keyboard"
"Describing Objects","Short and fun! A 1-2 minute word game about describing simple objects. Only one HIT per worker.","experiment, psychology, game, language, cognition, linguistics, description","$0.25 ","Wed Aug 06 14:34:44 PDT 2014","154","0","0","154","Reviewable","NotReviewed","1 scales","600","60000","Wed Aug 13 14:34:44 PDT 2014","S68689","Approved","","""sundae""","""cherry""","""chocolate""","""whipped cream""","""left""","""right""","0","-1","3","0","13","0","0","-1","-1","-1","""TRUE""","""null""","""FALSE""","-1","-1","-1","-1","-1","-1","""topping and no cherry""","1","-1","-1","-1","-1","""describing objects""","""n/a""","""44""","""m""","0","0","0","2","1","""3""","-1","1","Virtual keyboard"
"Describing Objects","Short and fun! A 1-2 minute word game about describing simple objects. Only one HIT per worker.","experiment, psychology, game, language, cognition, linguistics, description","$0.25 ","Wed Aug 06 14:34:44 PDT 2014","154","0","0","154","Reviewable","NotReviewed","1 scales","600","60000","Wed Aug 13 14:34:44 PDT 2014","S86723","Approved","","""pizza""","""mushrooms""","""olives""","""peppers""","""middle""","""right""","0","-1","3","0","13","0","0","-1","-1","-1","""TRUE""","""null""","""FALSE""","-1","-1","-1","-1","-1","-1","""olives and cheese""","1","-1","-1","-1","-1","""pizza""","""no""","""29""","""m""","0","0","2","1","0","""3""","-1","0","Virtual keyboard"
"Describing Objects","Short and fun! A 1-2 minute word game about describing simple objects. Only one HIT per worker.","experiment, psychology, game, language, cognition, linguistics, description","$0.25 ","Wed Aug 06 14:34:44 PDT 2014","154","0","0","154","Reviewable","NotReviewed","1 scales","600","60000","Wed Aug 13 14:34:44 PDT 2014","S33862","Approved","","""pizza""","""mushrooms""","""olives""","""peppers""","""right""","""left""","0","-1","3","0","13","0","0","-1","-1","-1","""TRUE""","""null""","""FALSE""","-1","-1","-1","-1","-1","-1","""The pizza has just cheeze and black olives.""","1","-1","-1","-1","-1","""Bob likes pizza.""","""""","""""","""f""","0","0","2","1","0","""3""","-1","1","Virtual keyboard"
"Describing Objects","Short and fun! A 1-2 minute word game about describing simple objects. Only one HIT per worker.","experiment, psychology, game, language, cognition, linguistics, description","$0.25 ","Wed Aug 06 14:34:44 PDT 2014","154","0","0","154","Reviewable","NotReviewed","1 scales","600","60000","Wed Aug 13 14:34:44 PDT 2014","S79068","Approved","","""pizza""","""mushrooms""","""olives""","""peppers""","""right""","""left""","0","-1","3","0","13","0","0","-1","-1","-1","""TRUE""","""null""","""FALSE""","-1","-1","-1","-1","-1","-1","""the small black circled thar are empty in the center. Make sure there are no  grey things on the pizza.""","1","-1","-1","-1","-1","""How to convey a picture to another person""","""""","""""","""m""","0","0","2","0","1","""3""","-1","1","Virtual keyboard"
"Describing Objects","Short and fun! A 1-2 minute word game about describing simple objects. Only one HIT per worker.","experiment, psychology, game, language, cognition, linguistics, description","$0.25 ","Wed Aug 06 14:34:44 PDT 2014","154","0","0","154","Reviewable","NotReviewed","1 scales","600","60000","Wed Aug 13 14:34:44 PDT 2014","S25866","Approved","","""Christmas tree""","""lights""","""ornaments""","""star""","""right""","""left""","0","-1","3","0","13","0","0","-1","-1","-1","""TRUE""","""null""","""FALSE""","-1","-1","-1","-1","-1","-1","""only purple balls.""","1","-1","-1","-1","-1","""Describing an object.""","""No comments.""","""26""","""m""","0","0","1","0","2","""3""","-1","0","Virtual keyboard"
"Describing Objects","Short and fun! A 1-2 minute word game about describing simple objects. Only one HIT per worker.","experiment, psychology, game, language, cognition, linguistics, description","$0.25 ","Wed Aug 06 14:34:44 PDT 2014","154","0","0","154","Reviewable","NotReviewed","1 scales","600","60000","Wed Aug 13 14:34:44 PDT 2014","S73027","Approved","","""boat""","""cabin""","""sail""","""motor""","""right""","""middle""","0","-1","3","0","13","0","0","-1","-1","-1","""TRUE""","""null""","""FALSE""","-1","-1","-1","-1","-1","-1","""0nly a sail""","1","-1","-1","-1","-1","""bob and a sailboat""","""""","""25""","""f""","0","0","0","1","2","""3""","-1","0","Virtual keyboard"
"Describing Objects","Short and fun! A 1-2 minute word game about describing simple objects. Only one HIT per worker.","experiment, psychology, game, language, cognition, linguistics, description","$0.25 ","Wed Aug 06 14:34:44 PDT 2014","154","0","0","154","Reviewable","NotReviewed","1 scales","600","60000","Wed Aug 13 14:34:44 PDT 2014","S34623","Approved","","""snowman""","""scarf""","""mittens""","""hat""","""middle""","""left""","0","-1","3","0","13","0","0","-1","-1","-1","""FALSE""","""null""","""FALSE""","-1","-1","-1","-1","-1","-1","""Pick the snowman with only the purple gloves.""","1","-1","-1","-1","-1","""How we describe things to others""","""""","""20""","""m""","0","0","0","1","2","""3""","-1","0","Virtual keyboard"
"Describing Objects","Short and fun! A 1-2 minute word game about describing simple objects. Only one HIT per worker.","experiment, psychology, game, language, cognition, linguistics, description","$0.25 ","Wed Aug 06 14:34:44 PDT 2014","154","0","0","154","Reviewable","NotReviewed","1 scales","600","60000","Wed Aug 13 14:34:44 PDT 2014","S49798","Approved","","""pizza""","""olives""","""peppers""","""mushrooms""","""right""","""left""","0","-1","3","0","13","0","0","-1","-1","-1","""TRUE""","""null""","""FALSE""","-1","-1","-1","-1","-1","-1","""cheese and a green vegie with no olives""","1","-1","-1","-1","-1","""describing pizza""","""It was incredibly annoying to type on your virtual keyboard, which I'm sure was intentional.""","""31""","""m""","0","0","1","2","0","""3""","-1","1","Virtual keyboard"
"Describing Objects","Short and fun! A 1-2 minute word game about describing simple objects. Only one HIT per worker.","experiment, psychology, game, language, cognition, linguistics, description","$0.25 ","Wed Aug 06 14:34:44 PDT 2014","154","0","0","154","Reviewable","NotReviewed","1 scales","600","60000","Wed Aug 13 14:34:44 PDT 2014","S75030","Approved","","""boat""","""motor""","""sail""","""cabin""","""middle""","""left""","0","-1","3","0","13","0","0","-1","-1","-1","""TRUE""","""null""","""FALSE""","-1","-1","-1","-1","-1","-1","""the boat with a sail, but no motor.""","1","-1","-1","-1","-1","""how to communicate""","""no""","""24""","""f""","0","0","0","2","1","""3""","-1","1","Virtual keyboard"
"Describing Objects","Short and fun! A 1-2 minute word game about describing simple objects. Only one HIT per worker.","experiment, psychology, game, language, cognition, linguistics, description","$0.25 ","Wed Aug 06 14:34:44 PDT 2014","154","0","0","154","Reviewable","NotReviewed","1 scales","600","60000","Wed Aug 13 14:34:44 PDT 2014","S52796","Approved","","""boat""","""sail""","""motor""","""cabin""","""left""","""right""","0","-1","3","0","13","0","0","-1","-1","-1","""TRUE""","""null""","""FALSE""","-1","-1","-1","-1","-1","-1","""The  boat has no sail, but d´è_s have an engine.""","1","-1","-1","-1","-1","""Remembering directions.""","""""","""21""","""m""","0","0","2","0","1","""3""","-1","1","Virtual keyboard"
"Describing Objects","Short and fun! A 1-2 minute word game about describing simple objects. Only one HIT per worker.","experiment, psychology, game, language, cognition, linguistics, description","$0.25 ","Wed Aug 06 14:34:44 PDT 2014","154","0","0","154","Reviewable","NotReviewed","1 scales","600","60000","Wed Aug 13 14:34:44 PDT 2014","S18647","Approved","","""snowman""","""mittens""","""hat""","""scarf""","""right""","""left""","0","-1","3","0","13","0","0","-1","-1","-1","""TRUE""","""null""","""FALSE""","-1","-1","-1","-1","-1","-1","""a hat and no gloves.""","1","-1","-1","-1","-1","""describing snowmen""","""""","""20""","""m""","0","0","2","1","0","""3""","-1","1","Virtual keyboard"
"Describing Objects","Short and fun! A 1-2 minute word game about describing simple objects. Only one HIT per worker.","experiment, psychology, game, language, cognition, linguistics, description","$0.25 ","Wed Aug 06 14:34:44 PDT 2014","154","0","0","154","Reviewable","NotReviewed","1 scales","600","60000","Wed Aug 13 14:34:44 PDT 2014","S56049","Approved","","""snowman""","""scarf""","""hat""","""mittens""","""right""","""left""","0","-1","3","0","13","0","0","-1","-1","-1","""TRUE""","""null""","""FALSE""","-1","-1","-1","-1","-1","-1","""hat, no scarf""","1","-1","-1","-1","-1","""snowmen""","""""","""28""","""m""","0","0","2","1","0","""3""","-1","1","Virtual keyboard"
"Describing Objects","Short and fun! A 1-2 minute word game about describing simple objects. Only one HIT per worker.","experiment, psychology, game, language, cognition, linguistics, description","$0.25 ","Wed Aug 06 14:34:44 PDT 2014","154","0","0","154","Reviewable","NotReviewed","1 scales","600","60000","Wed Aug 13 14:34:44 PDT 2014","S67450","Approved","","""friend""","""hat""","""mustache""","""glasses""","""right""","""left""","0","-1","3","0","13","0","0","-1","-1","-1","""TRUE""","""null""","""FALSE""","-1","-1","-1","-1","-1","-1","""A smiley face with a mustache and no hat.""","1","-1","-1","-1","-1","""Remembering the name of the person I met""","""No""","""50""","""m""","0","0","2","1","0","""3""","-1","1","Virtual keyboard"
"Describing Objects","Short and fun! A 1-2 minute word game about describing simple objects. Only one HIT per worker.","experiment, psychology, game, language, cognition, linguistics, description","$0.25 ","Wed Aug 06 14:34:44 PDT 2014","154","0","0","154","Reviewable","NotReviewed","1 scales","600","60000","Wed Aug 13 14:34:44 PDT 2014","S88603","Approved","","""boat""","""sail""","""motor""","""cabin""","""left""","""right""","0","-1","3","0","13","0","0","-1","-1","-1","""TRUE""","""null""","""FALSE""","-1","-1","-1","-1","-1","-1","""the outboard motor and that has no sail raised.""","1","-1","-1","-1","-1","""Describing  a certain boat to a hypothetical Turker.""","""""","""45""","""m""","0","0","2","0","1","""3""","-1","1","Virtual keyboard"
"Describing Objects","Short and fun! A 1-2 minute word game about describing simple objects. Only one HIT per worker.","experiment, psychology, game, language, cognition, linguistics, description","$0.25 ","Wed Aug 06 14:34:44 PDT 2014","154","0","0","154","Reviewable","NotReviewed","1 scales","600","60000","Wed Aug 13 14:34:44 PDT 2014","S30466","Approved","","""snowman""","""mittens""","""scarf""","""hat""","""left""","""right""","0","-1","3","0","13","0","0","-1","-1","-1","""TRUE""","""null""","""FALSE""","-1","-1","-1","-1","-1","-1","""snowman with scarf, but no gloves.""","1","-1","-1","-1","-1","""Describing a snowman""","""no""","""29""","""m""","0","0","0","2","1","""3""","-1","1","Virtual keyboard"
"Describing Objects","Short and fun! A 1-2 minute word game about describing simple objects. Only one HIT per worker.","experiment, psychology, game, language, cognition, linguistics, description","$0.25 ","Wed Aug 06 14:34:44 PDT 2014","154","0","0","154","Reviewable","NotReviewed","1 scales","600","60000","Wed Aug 13 14:34:44 PDT 2014","S65452","Approved","","""snowman""","""hat""","""mittens""","""scarf""","""left""","""right""","0","-1","3","0","13","0","0","-1","-1","-1","""TRUE""","""null""","""FALSE""","-1","-1","-1","-1","-1","-1","""purple gloves on but d´è_s not have a hat on.""","1","-1","-1","-1","-1","""Describing a snowman for another person that Bob built.""","""The keyboard is very slow and sucks to use.""","""31""","""M""","0","0","2","0","1","""3""","-1","1","Virtual keyboard"
"Describing Objects","Short and fun! A 1-2 minute word game about describing simple objects. Only one HIT per worker.","experiment, psychology, game, language, cognition, linguistics, description","$0.25 ","Wed Aug 06 14:34:44 PDT 2014","154","0","0","154","Reviewable","NotReviewed","1 scales","600","60000","Wed Aug 13 14:34:44 PDT 2014","S01055","Approved","","""Christmas tree""","""ornaments""","""star""","""lights""","""left""","""right""","0","-1","3","0","13","0","0","-1","-1","-1","""TRUE""","""null""","""FALSE""","-1","-1","-1","-1","-1","-1","""accept""","1","-1","-1","-1","-1","""Christmas trees.""","""Yes I typed A light green tree with a star on top but no other decorations. But the task seemed unstable. I'm not sure it got there because the typing kept disappearing.""","""66""","""m""","0","0","0","2","1","""3""","-1","NA","Virtual keyboard"
"Describing Objects","Short and fun! A 1-2 minute word game about describing simple objects. Only one HIT per worker.","experiment, psychology, game, language, cognition, linguistics, description","$0.25 ","Wed Aug 06 14:34:44 PDT 2014","154","0","0","154","Reviewable","NotReviewed","1 scales","600","60000","Wed Aug 13 14:34:44 PDT 2014","S54643","Approved","","""Christmas tree""","""star""","""ornaments""","""lights""","""middle""","""left""","0","-1","3","0","13","0","0","-1","-1","-1","""TRUE""","""null""","""FALSE""","-1","-1","-1","-1","-1","-1","""only purple ornaments.""","1","-1","-1","-1","-1","""Conveying desires""","""""","""26""","""m""","0","0","0","1","2","""3""","-1","0","Virtual keyboard"
"Describing Objects","Short and fun! A 1-2 minute word game about describing simple objects. Only one HIT per worker.","experiment, psychology, game, language, cognition, linguistics, description","$0.25 ","Wed Aug 06 14:34:44 PDT 2014","154","0","0","154","Reviewable","NotReviewed","1 scales","600","60000","Wed Aug 13 14:34:44 PDT 2014","S10964","Approved","","""Christmas tree""","""ornaments""","""lights""","""star""","""middle""","""right""","0","-1","3","0","13","0","0","-1","-1","-1","""TRUE""","""null""","""FALSE""","-1","-1","-1","-1","-1","-1","""YELLOW LIGHTS WITHOUT PURPLE  ORNAMENTS""","1","-1","-1","-1","-1","""Differentiating one object from other similar ones for another person.""","""""","""18""","""m""","0","0","1","0","2","""3""","-1","1","Virtual keyboard"
"Describing Objects","Short and fun! A 1-2 minute word game about describing simple objects. Only one HIT per worker.","experiment, psychology, game, language, cognition, linguistics, description","$0.25 ","Wed Aug 06 14:34:44 PDT 2014","154","0","0","154","Reviewable","NotReviewed","1 scales","600","60000","Wed Aug 13 14:34:44 PDT 2014","S54164","Approved","","""friend""","""glasses""","""mustache""","""hat""","""middle""","""right""","0","-1","3","0","13","0","0","-1","-1","-1","""TRUE""","""null""","""FALSE""","-1","-1","-1","-1","-1","-1","""He visited a friend who had a mustache  but d´è_s not have glasses.""","1","-1","-1","-1","-1","""Describing smiley faces with different facial features (glasses, mustache, color) to another person.""","""Thank you!""","""22""","""f""","0","0","0","2","1","""3""","-1","1","Virtual keyboard"
"Describing Objects","Short and fun! A 1-2 minute word game about describing simple objects. Only one HIT per worker.","experiment, psychology, game, language, cognition, linguistics, description","$0.25 ","Wed Aug 06 14:34:44 PDT 2014","154","0","0","154","Reviewable","NotReviewed","1 scales","600","60000","Wed Aug 13 14:34:44 PDT 2014","S65832","Approved","","""friend""","""mustache""","""glasses""","""hat""","""right""","""left""","0","-1","3","0","13","0","0","-1","-1","-1","""TRUE""","""null""","""FALSE""","-1","-1","-1","-1","-1","-1","""dark yellow, glasses but no mustache""","1","-1","-1","-1","-1","""Telling another mturker who Bob visited""","""""","""28""","""m""","0","0","1","0","2","""3""","-1","1","Virtual keyboard"
"Describing Objects","Short and fun! A 1-2 minute word game about describing simple objects. Only one HIT per worker.","experiment, psychology, game, language, cognition, linguistics, description","$0.25 ","Wed Aug 06 14:34:44 PDT 2014","154","0","0","154","Reviewable","NotReviewed","1 scales","600","60000","Wed Aug 13 14:34:44 PDT 2014","S46257","Approved","","""boat""","""cabin""","""motor""","""sail""","""left""","""right""","0","-1","3","0","13","0","0","-1","-1","-1","""TRUE""","""null""","""FALSE""","-1","-1","-1","-1","-1","-1","""the motorboat simple""","1","-1","-1","-1","-1","""No idea""","""""","""34""","""m""","0","0","2","0","1","""3""","-1","0","Virtual keyboard"
"Describing Objects","Short and fun! A 1-2 minute word game about describing simple objects. Only one HIT per worker.","experiment, psychology, game, language, cognition, linguistics, description","$0.25 ","Wed Aug 06 14:34:44 PDT 2014","154","0","0","154","Reviewable","NotReviewed","1 scales","600","60000","Wed Aug 13 14:34:44 PDT 2014","S80388","Approved","","""Christmas tree""","""lights""","""ornaments""","""star""","""right""","""left""","0","-1","3","0","13","0","0","-1","-1","-1","""TRUE""","""null""","""FALSE""","-1","-1","-1","-1","-1","-1","""The tree has blue ornaments.""","1","-1","-1","-1","-1","""describe tree A to another turker""","""no""","""46""","""f""","0","0","0","2","1","""3""","-1","0","Virtual keyboard"
"Describing Objects","Short and fun! A 1-2 minute word game about describing simple objects. Only one HIT per worker.","experiment, psychology, game, language, cognition, linguistics, description","$0.25 ","Wed Aug 06 14:34:44 PDT 2014","154","0","0","154","Reviewable","NotReviewed","1 scales","600","60000","Wed Aug 13 14:34:44 PDT 2014","S03251","Approved","","""pizza""","""peppers""","""mushrooms""","""olives""","""right""","""left""","0","-1","3","0","13","0","0","-1","-1","-1","""TRUE""","""null""","""FALSE""","-1","-1","-1","-1","-1","-1","""mushrooms and cheese only""","1","-1","-1","-1","-1","""Bob's Pizza Choices""","""""","""30""","""M""","0","0","0","2","1","""3""","-1","1","Virtual keyboard"
"Describing Objects","Short and fun! A 1-2 minute word game about describing simple objects. Only one HIT per worker.","experiment, psychology, game, language, cognition, linguistics, description","$0.25 ","Wed Aug 06 14:34:44 PDT 2014","154","0","0","154","Reviewable","NotReviewed","1 scales","600","60000","Wed Aug 13 14:34:44 PDT 2014","S09818","Approved","","""boat""","""motor""","""cabin""","""sail""","""left""","""middle""","0","-1","3","0","13","0","0","-1","-1","-1","""TRUE""","""null""","""FALSE""","-1","-1","-1","-1","-1","-1","""no engine""","1","-1","-1","-1","-1","""not sure""","""""","""""","""m""","0","0","0","1","2","""3""","-1","0","Virtual keyboard"
"Describing Objects","Short and fun! A 1-2 minute word game about describing simple objects. Only one HIT per worker.","experiment, psychology, game, language, cognition, linguistics, description","$0.25 ","Wed Aug 06 14:34:44 PDT 2014","154","0","0","154","Reviewable","NotReviewed","1 scales","600","60000","Wed Aug 13 14:34:44 PDT 2014","S77060","Approved","","""snowman""","""scarf""","""hat""","""mittens""","""right""","""left""","0","-1","3","0","13","0","0","-1","-1","-1","""TRUE""","""null""","""FALSE""","-1","-1","-1","-1","-1","-1","""scarf, and hat""","1","-1","-1","-1","-1","""Turker chat box and description of snowman I would pick.""","""Your virtual keyboard is annoying.""","""23""","""m""","0","0","2","1","0","""3""","-1","NA","Virtual keyboard"
"Describing Objects","Short and fun! A 1-2 minute word game about describing simple objects. Only one HIT per worker.","experiment, psychology, game, language, cognition, linguistics, description","$0.25 ","Wed Aug 06 14:34:44 PDT 2014","154","0","0","154","Reviewable","NotReviewed","1 scales","600","60000","Wed Aug 13 14:34:44 PDT 2014","S35528","Approved","","""sundae""","""cherry""","""chocolate""","""whipped cream""","""left""","""right""","0","-1","3","0","13","0","0","-1","-1","-1","""TRUE""","""null""","""FALSE""","-1","-1","-1","-1","-1","-1","""gravy on top""","1","-1","-1","-1","-1","""i dont know""","""""","""25""","""f""","0","0","1","0","2","""3""","-1","0","Virtual keyboard"
"Describing Objects","Short and fun! A 1-2 minute word game about describing simple objects. Only one HIT per worker.","experiment, psychology, game, language, cognition, linguistics, description","$0.25 ","Wed Aug 06 14:34:44 PDT 2014","154","0","0","154","Reviewable","NotReviewed","1 scales","600","60000","Wed Aug 13 14:34:44 PDT 2014","S61018","Approved","","""sundae""","""chocolate""","""cherry""","""whipped cream""","""middle""","""left""","0","-1","3","0","13","0","0","-1","-1","-1","""TRUE""","""null""","""FALSE""","-1","-1","-1","-1","-1","-1","""cherry""","1","-1","-1","-1","-1","""perception""","""""","""""","""o""","0","0","0","1","2","""3""","-1","0","Virtual keyboard"
"Describing Objects","Short and fun! A 1-2 minute word game about describing simple objects. Only one HIT per worker.","experiment, psychology, game, language, cognition, linguistics, description","$0.25 ","Wed Aug 06 14:34:44 PDT 2014","154","0","0","154","Reviewable","NotReviewed","1 scales","600","60000","Wed Aug 13 14:34:44 PDT 2014","S36340","Approved","","""pizza""","""peppers""","""olives""","""mushrooms""","""middle""","""right""","0","-1","3","0","13","0","0","-1","-1","-1","""TRUE""","""null""","""FALSE""","-1","-1","-1","-1","-1","-1","""pizza with red sauce then on top of it were mozerrella cheese then on top of the cheese were slices of black olives""","1","-1","-1","-1","-1","""How I described the pizza that Bob loves""","""none""","""36""","""f""","0","0","1","2","0","""3""","-1","1","Virtual keyboard"
"Describing Objects","Short and fun! A 1-2 minute word game about describing simple objects. Only one HIT per worker.","experiment, psychology, game, language, cognition, linguistics, description","$0.25 ","Wed Aug 06 14:34:44 PDT 2014","154","0","0","154","Reviewable","NotReviewed","1 scales","600","60000","Wed Aug 13 14:34:44 PDT 2014","S36700","Approved","","""boat""","""cabin""","""sail""","""motor""","""right""","""middle""","0","-1","3","0","13","0","0","-1","-1","-1","""TRUE""","""null""","""FALSE""","-1","-1","-1","-1","-1","-1","""Pick the boat with a sail and no cabin.""","1","-1","-1","-1","-1","""Describing a boat""","""Thank you""","""21""","""m""","0","0","0","1","2","""3""","-1","1","Virtual keyboard"
"Describing Objects","Short and fun! A 1-2 minute word game about describing simple objects. Only one HIT per worker.","experiment, psychology, game, language, cognition, linguistics, description","$0.25 ","Wed Aug 06 14:34:44 PDT 2014","154","0","0","154","Reviewable","NotReviewed","1 scales","600","60000","Wed Aug 13 14:34:44 PDT 2014","S60162","Approved","","""Christmas tree""","""star""","""ornaments""","""lights""","""middle""","""left""","0","-1","3","0","13","0","0","-1","-1","-1","""TRUE""","""null""","""FALSE""","-1","-1","-1","-1","-1","-1","""A""","1","-1","-1","-1","-1","""Christmas trees""","""""","""""","""""","0","0","1","2","0","""3""","-1","NA","Virtual keyboard"
"Describing Objects","Short and fun! A 1-2 minute word game about describing simple objects. Only one HIT per worker.","experiment, psychology, game, language, cognition, linguistics, description","$0.25 ","Wed Aug 06 14:34:44 PDT 2014","154","0","0","154","Reviewable","NotReviewed","1 scales","600","60000","Wed Aug 13 14:34:44 PDT 2014","S69567","Approved","","""sundae""","""whipped cream""","""chocolate""","""cherry""","""middle""","""left""","0","-1","3","0","13","0","0","-1","-1","-1","""TRUE""","""null""","""FALSE""","-1","-1","-1","-1","-1","-1","""chocolate topping and no whip cream.""","1","-1","-1","-1","-1","""This was a survey about a person named Bob, who enjoys sundaes. I was asked to describe a particular sundae so another mturker would be able to choose it out of three options.""","""""","""28""","""m""","0","0","1","0","2","""3""","-1","1","Virtual keyboard"
"Describing Objects","Short and fun! A 1-2 minute word game about describing simple objects. Only one HIT per worker.","experiment, psychology, game, language, cognition, linguistics, description","$0.25 ","Wed Aug 06 14:34:44 PDT 2014","154","0","0","154","Reviewable","NotReviewed","1 scales","600","60000","Wed Aug 13 14:34:44 PDT 2014","S66678","Approved","","""snowman""","""mittens""","""scarf""","""hat""","""middle""","""right""","0","-1","3","0","13","0","0","-1","-1","-1","""TRUE""","""null""","""FALSE""","-1","-1","-1","-1","-1","-1","""The snowman has no gloves but is wearing a red scarf around his neck.""","1","-1","-1","-1","-1","""Describing snowman characteristics""","""Interesting and kind of fun""","""20""","""f""","0","0","0","2","1","""3""","-1","1","Virtual keyboard"
"Describing Objects","Short and fun! A 1-2 minute word game about describing simple objects. Only one HIT per worker.","experiment, psychology, game, language, cognition, linguistics, description","$0.25 ","Wed Aug 06 14:34:44 PDT 2014","154","0","0","154","Reviewable","NotReviewed","1 scales","600","60000","Wed Aug 13 14:34:44 PDT 2014","S81787","Approved","","""snowman""","""scarf""","""hat""","""mittens""","""left""","""middle""","0","-1","3","0","13","0","0","-1","-1","-1","""TRUE""","""null""","""FALSE""","-1","-1","-1","-1","-1","-1","""i am looking at the scarfless snowman with a hat.""","1","-1","-1","-1","-1","""Describing a snowman to a fellow Turker.""","""No.""","""25""","""f""","0","0","2","0","1","""3""","-1","1","Virtual keyboard"
"Describing Objects","Short and fun! A 1-2 minute word game about describing simple objects. Only one HIT per worker.","experiment, psychology, game, language, cognition, linguistics, description","$0.25 ","Wed Aug 06 14:34:44 PDT 2014","154","0","0","154","Reviewable","NotReviewed","1 scales","600","60000","Wed Aug 13 14:34:44 PDT 2014","S66327","Approved","","""sundae""","""chocolate""","""cherry""","""whipped cream""","""left""","""middle""","0","-1","3","0","13","0","0","-1","-1","-1","""TRUE""","""null""","""FALSE""","-1","-1","-1","-1","-1","-1","""syrup and cherry""","2","-1","-1","-1","-1","""describing the food item to be picked""","""N/a""","""23""","""f""","0","0","1","0","2","""3""","-1","1","Virtual keyboard"
"Describing Objects","Short and fun! A 1-2 minute word game about describing simple objects. Only one HIT per worker.","experiment, psychology, game, language, cognition, linguistics, description","$0.25 ","Wed Aug 06 14:34:44 PDT 2014","154","0","0","154","Reviewable","NotReviewed","1 scales","600","60000","Wed Aug 13 14:34:44 PDT 2014","S39585","Approved","","""sundae""","""chocolate""","""whipped cream""","""cherry""","""middle""","""right""","0","-1","3","0","13","0","0","-1","-1","-1","""FALSE""","""null""","""FALSE""","-1","-1","-1","-1","-1","-1","""pick the ice cream with two different toppings.""","2","-1","-1","-1","-1","""Which ice cream he picked and how to describe it to another turker.""","""No""","""36""","""f""","0","0","2","0","1","""3""","-1","1","Virtual keyboard"
"Describing Objects","Short and fun! A 1-2 minute word game about describing simple objects. Only one HIT per worker.","experiment, psychology, game, language, cognition, linguistics, description","$0.25 ","Wed Aug 06 14:34:44 PDT 2014","154","0","0","154","Reviewable","NotReviewed","1 scales","600","60000","Wed Aug 13 14:34:44 PDT 2014","S52023","Approved","","""sundae""","""whipped cream""","""chocolate""","""cherry""","""left""","""right""","0","-1","3","0","13","0","0","-1","-1","-1","""TRUE""","""null""","""FALSE""","-1","-1","-1","-1","-1","-1","""whipped cream""","2","-1","-1","-1","-1","""Describing a picture for another person""","""No thanks""","""36""","""m""","0","0","0","1","2","""3""","-1","0","Virtual keyboard"
"Describing Objects","Short and fun! A 1-2 minute word game about describing simple objects. Only one HIT per worker.","experiment, psychology, game, language, cognition, linguistics, description","$0.25 ","Wed Aug 06 14:34:44 PDT 2014","154","0","0","154","Reviewable","NotReviewed","1 scales","600","60000","Wed Aug 13 14:34:44 PDT 2014","S41455","Approved","","""Christmas tree""","""lights""","""ornaments""","""star""","""right""","""left""","0","-1","3","0","13","0","0","-1","-1","-1","""TRUE""","""null""","""FALSE""","-1","-1","-1","-1","-1","-1","""it has lights and ornaments""","2","-1","-1","-1","-1","""Christmas trees""","""""","""24""","""m""","0","0","2","0","1","""3""","-1","1","Virtual keyboard"
"Describing Objects","Short and fun! A 1-2 minute word game about describing simple objects. Only one HIT per worker.","experiment, psychology, game, language, cognition, linguistics, description","$0.25 ","Wed Aug 06 14:34:44 PDT 2014","154","0","0","154","Reviewable","NotReviewed","1 scales","600","60000","Wed Aug 13 14:34:44 PDT 2014","S42710","Approved","","""boat""","""motor""","""cabin""","""sail""","""middle""","""right""","0","-1","3","0","13","0","0","-1","-1","-1","""TRUE""","""null""","""FALSE""","-1","-1","-1","-1","-1","-1","""the boat with a motor.""","2","-1","-1","-1","-1","""Observation and keyboard hunt and peck skills!""","""Time was too short. I was trying to read your link provided to secure the Amazon profile.""","""""","""""","0","0","1","0","2","""3""","-1","0","Virtual keyboard"
"Describing Objects","Short and fun! A 1-2 minute word game about describing simple objects. Only one HIT per worker.","experiment, psychology, game, language, cognition, linguistics, description","$0.25 ","Wed Aug 06 14:34:44 PDT 2014","154","0","0","154","Reviewable","NotReviewed","1 scales","600","60000","Wed Aug 13 14:34:44 PDT 2014","S99978","Approved","","""friend""","""hat""","""glasses""","""mustache""","""right""","""left""","0","-1","3","0","13","0","0","-1","-1","-1","""FALSE""","""null""","""FALSE""","-1","-1","-1","-1","-1","-1","""the face is wearing red glasses and a brown bucket hat""","2","-1","-1","-1","-1","""The survey asked me to describe the image of a particular face to a hypothetical mturk worker. ""","""""","""19""","""f""","0","0","0","2","1","""3""","-1","1","Virtual keyboard"
"Describing Objects","Short and fun! A 1-2 minute word game about describing simple objects. Only one HIT per worker.","experiment, psychology, game, language, cognition, linguistics, description","$0.25 ","Wed Aug 06 14:34:44 PDT 2014","154","0","0","154","Reviewable","NotReviewed","1 scales","600","60000","Wed Aug 13 14:34:44 PDT 2014","S00229","Approved","","""pizza""","""mushrooms""","""olives""","""peppers""","""left""","""middle""","0","-1","3","0","13","0","0","-1","-1","-1","""FALSE""","""null""","""FALSE""","-1","-1","-1","-1","-1","-1","""pepper""","2","-1","-1","-1","-1","""Opinions""","""none""","""22""","""Female""","0","0","0","2","1","""3""","-1","0","Virtual keyboard"
"Describing Objects","Short and fun! A 1-2 minute word game about describing simple objects. Only one HIT per worker.","experiment, psychology, game, language, cognition, linguistics, description","$0.25 ","Wed Aug 06 14:34:44 PDT 2014","154","0","0","154","Reviewable","NotReviewed","1 scales","600","60000","Wed Aug 13 14:34:44 PDT 2014","S45126","Approved","","""snowman""","""scarf""","""mittens""","""hat""","""left""","""middle""","0","-1","3","0","13","0","0","-1","-1","-1","""TRUE""","""null""","""FALSE""","-1","-1","-1","-1","-1","-1","""pick the one with the hat, gloves and hat""","2","-1","-1","-1","-1","""TELLING ANOTHER MTURK WHICH SNOWMAN WAS IN THE A POSITION""","""""","""""","""""","0","0","1","0","2","""3""","-1","1","Virtual keyboard"
"Describing Objects","Short and fun! A 1-2 minute word game about describing simple objects. Only one HIT per worker.","experiment, psychology, game, language, cognition, linguistics, description","$0.25 ","Wed Aug 06 14:34:44 PDT 2014","154","0","0","154","Reviewable","NotReviewed","1 scales","600","60000","Wed Aug 13 14:34:44 PDT 2014","S04443","Approved","","""snowman""","""mittens""","""scarf""","""hat""","""left""","""middle""","0","-1","3","0","13","0","0","-1","-1","-1","""TRUE""","""null""","""FALSE""","-1","-1","-1","-1","-1","-1","""gloves""","2","-1","-1","-1","-1","""Snowmen""","""""","""22""","""m""","0","0","1","2","0","""3""","-1","0","Virtual keyboard"
"Describing Objects","Short and fun! A 1-2 minute word game about describing simple objects. Only one HIT per worker.","experiment, psychology, game, language, cognition, linguistics, description","$0.25 ","Wed Aug 06 14:34:44 PDT 2014","154","0","0","154","Reviewable","NotReviewed","1 scales","600","60000","Wed Aug 13 14:34:44 PDT 2014","S73215","Approved","","""snowman""","""mittens""","""scarf""","""hat""","""left""","""right""","0","-1","3","0","13","0","0","-1","-1","-1","""TRUE""","""null""","""FALSE""","-1","-1","-1","-1","-1","-1","""mittens""","2","-1","-1","-1","-1","""communicating using only one word""","""no""","""28""","""m""","0","0","2","0","1","""3""","-1","0","Virtual keyboard"
"Describing Objects","Short and fun! A 1-2 minute word game about describing simple objects. Only one HIT per worker.","experiment, psychology, game, language, cognition, linguistics, description","$0.25 ","Wed Aug 06 14:34:44 PDT 2014","154","0","0","154","Reviewable","NotReviewed","1 scales","600","60000","Wed Aug 13 14:34:44 PDT 2014","S57074","Approved","","""sundae""","""whipped cream""","""chocolate""","""cherry""","""left""","""right""","0","-1","3","0","13","0","0","-1","-1","-1","""TRUE""","""null""","""FALSE""","-1","-1","-1","-1","-1","-1","""sund´è_ with the whipped cream.""","2","-1","-1","-1","-1","""conveying choices of sundaes""","""Great HIT!""","""20""","""f""","0","0","2","0","1","""3""","-1","0","Virtual keyboard"
"Describing Objects","Short and fun! A 1-2 minute word game about describing simple objects. Only one HIT per worker.","experiment, psychology, game, language, cognition, linguistics, description","$0.25 ","Wed Aug 06 14:34:44 PDT 2014","154","0","0","154","Reviewable","NotReviewed","1 scales","600","60000","Wed Aug 13 14:34:44 PDT 2014","S16755","Approved","","""pizza""","""peppers""","""olives""","""mushrooms""","""left""","""middle""","0","-1","3","0","13","0","0","-1","-1","-1","""TRUE""","""null""","""FALSE""","-1","-1","-1","-1","-1","-1","""green peppers""","2","-1","-1","-1","-1","""How to communicate?""","""""","""36""","""f""","0","0","2","1","0","""3""","-1","0","Virtual keyboard"
"Describing Objects","Short and fun! A 1-2 minute word game about describing simple objects. Only one HIT per worker.","experiment, psychology, game, language, cognition, linguistics, description","$0.25 ","Wed Aug 06 14:34:44 PDT 2014","154","0","0","154","Reviewable","NotReviewed","1 scales","600","60000","Wed Aug 13 14:34:44 PDT 2014","S03165","Approved","","""pizza""","""peppers""","""mushrooms""","""olives""","""middle""","""left""","0","-1","3","0","13","0","0","-1","-1","-1","""TRUE""","""null""","""FALSE""","-1","-1","-1","-1","-1","-1","""mushrooms and green peppers""","2","-1","-1","-1","-1","""Language and Coginition and Bob's pizza choices""","""n\\a""","""32""","""M""","0","0","2","0","1","""3""","-1","1","Virtual keyboard"
"Describing Objects","Short and fun! A 1-2 minute word game about describing simple objects. Only one HIT per worker.","experiment, psychology, game, language, cognition, linguistics, description","$0.25 ","Wed Aug 06 14:34:44 PDT 2014","154","0","0","154","Reviewable","NotReviewed","1 scales","600","60000","Wed Aug 13 14:34:44 PDT 2014","S69756","Approved","","""boat""","""motor""","""sail""","""cabin""","""middle""","""right""","0","-1","3","0","13","0","0","-1","-1","-1","""TRUE""","""null""","""FALSE""","-1","-1","-1","-1","-1","-1","""a motor""","2","-1","-1","-1","-1","""language""","""""","""29""","""m""","0","0","1","2","0","""3""","-1","0","Virtual keyboard"
"Describing Objects","Short and fun! A 1-2 minute word game about describing simple objects. Only one HIT per worker.","experiment, psychology, game, language, cognition, linguistics, description","$0.25 ","Wed Aug 06 14:34:44 PDT 2014","154","0","0","154","Reviewable","NotReviewed","1 scales","600","60000","Wed Aug 13 14:34:44 PDT 2014","S36347","Approved","","""pizza""","""mushrooms""","""peppers""","""olives""","""left""","""middle""","0","-1","3","0","13","0","0","-1","-1","-1","""TRUE""","""null""","""FALSE""","-1","-1","-1","-1","-1","-1","""mushrooms""","2","-1","-1","-1","-1","""Language inferences""","""Why did I have to type on a virtual keyboard? It wouldn't let me use my physical keyboard.""","""36""","""m""","0","0","1","0","2","""3""","-1","0","Virtual keyboard"
"Describing Objects","Short and fun! A 1-2 minute word game about describing simple objects. Only one HIT per worker.","experiment, psychology, game, language, cognition, linguistics, description","$0.25 ","Wed Aug 06 14:34:44 PDT 2014","154","0","0","154","Reviewable","NotReviewed","1 scales","600","60000","Wed Aug 13 14:34:44 PDT 2014","S16328","Approved","","""Christmas tree""","""star""","""ornaments""","""lights""","""middle""","""right""","0","-1","3","0","13","0","0","-1","-1","-1","""FALSE""","""null""","""FALSE""","-1","-1","-1","-1","-1","-1","""a star on it.""","2","-1","-1","-1","-1","""How to describe a specific tree to someone""","""Sorry. I think I got the name wrong.""","""22""","""m""","0","0","2","0","1","""3""","-1","0","Virtual keyboard"
"Describing Objects","Short and fun! A 1-2 minute word game about describing simple objects. Only one HIT per worker.","experiment, psychology, game, language, cognition, linguistics, description","$0.25 ","Wed Aug 06 14:34:44 PDT 2014","154","0","0","154","Reviewable","NotReviewed","1 scales","600","60000","Wed Aug 13 14:34:44 PDT 2014","S19931","Approved","","""sundae""","""whipped cream""","""chocolate""","""cherry""","""right""","""middle""","0","-1","3","0","13","0","0","-1","-1","-1","""TRUE""","""null""","""FALSE""","-1","-1","-1","-1","-1","-1","""syrup and whip""","2","-1","-1","-1","-1","""Sundaes""","""""","""19""","""m""","0","0","0","1","2","""3""","-1","1","Virtual keyboard"
"Describing Objects","Short and fun! A 1-2 minute word game about describing simple objects. Only one HIT per worker.","experiment, psychology, game, language, cognition, linguistics, description","$0.25 ","Wed Aug 06 14:34:44 PDT 2014","154","0","0","154","Reviewable","NotReviewed","1 scales","600","60000","Wed Aug 13 14:34:44 PDT 2014","S93313","Approved","","""sundae""","""cherry""","""whipped cream""","""chocolate""","""middle""","""right""","0","-1","3","0","13","0","0","-1","-1","-1","""TRUE""","""null""","""FALSE""","-1","-1","-1","-1","-1","-1","""whipped cream and a cherry.""","2","-1","-1","-1","-1","""describing to another turker which image was selected""","""""","""25""","""m""","0","0","1","2","0","""3""","-1","1","Virtual keyboard"
"Describing Objects","Short and fun! A 1-2 minute word game about describing simple objects. Only one HIT per worker.","experiment, psychology, game, language, cognition, linguistics, description","$0.25 ","Wed Aug 06 14:34:44 PDT 2014","154","0","0","154","Reviewable","NotReviewed","1 scales","600","60000","Wed Aug 13 14:34:44 PDT 2014","S68323","Approved","","""Christmas tree""","""ornaments""","""star""","""lights""","""left""","""middle""","0","-1","3","0","13","0","0","-1","-1","-1","""TRUE""","""null""","""FALSE""","-1","-1","-1","-1","-1","-1","""purple dots""","2","-1","-1","-1","-1","""Conveying messages about images.""","""Nope! Good survey.""","""""","""""","0","0","2","1","0","""3""","-1","0","Virtual keyboard"
"Describing Objects","Short and fun! A 1-2 minute word game about describing simple objects. Only one HIT per worker.","experiment, psychology, game, language, cognition, linguistics, description","$0.25 ","Wed Aug 06 14:34:44 PDT 2014","154","0","0","154","Reviewable","NotReviewed","1 scales","600","60000","Wed Aug 13 14:34:44 PDT 2014","S81125","Approved","","""snowman""","""hat""","""scarf""","""mittens""","""middle""","""right""","0","-1","3","0","13","0","0","-1","-1","-1","""TRUE""","""null""","""FALSE""","-1","-1","-1","-1","-1","-1","""scarf""","2","-1","-1","-1","-1","""Communication""","""None""","""34""","""m""","0","0","2","1","0","""3""","-1","0","Virtual keyboard"
"Describing Objects","Short and fun! A 1-2 minute word game about describing simple objects. Only one HIT per worker.","experiment, psychology, game, language, cognition, linguistics, description","$0.25 ","Wed Aug 06 14:34:44 PDT 2014","154","0","0","154","Reviewable","NotReviewed","1 scales","600","60000","Wed Aug 13 14:34:44 PDT 2014","S37086","Approved","","""boat""","""motor""","""cabin""","""sail""","""middle""","""right""","0","-1","3","0","13","0","0","-1","-1","-1","""FALSE""","""null""","""FALSE""","-1","-1","-1","-1","-1","-1","""It is the boat that has the motor.""","2","-1","-1","-1","-1","""describing objects""","""nope""","""55""","""f""","0","0","0","2","1","""3""","-1","0","Virtual keyboard"
"Describing Objects","Short and fun! A 1-2 minute word game about describing simple objects. Only one HIT per worker.","experiment, psychology, game, language, cognition, linguistics, description","$0.25 ","Wed Aug 06 14:34:44 PDT 2014","154","0","0","154","Reviewable","NotReviewed","1 scales","600","60000","Wed Aug 13 14:34:44 PDT 2014","S47175","Approved","","""snowman""","""hat""","""mittens""","""scarf""","""left""","""right""","0","-1","3","0","13","0","0","-1","-1","-1","""TRUE""","""null""","""FALSE""","-1","-1","-1","-1","-1","-1","""hat""","2","-1","-1","-1","-1","""communicating with other turkers""","""""","""25""","""m""","0","0","2","0","1","""3""","-1","0","Virtual keyboard"
"Describing Objects","Short and fun! A 1-2 minute word game about describing simple objects. Only one HIT per worker.","experiment, psychology, game, language, cognition, linguistics, description","$0.25 ","Wed Aug 06 14:34:44 PDT 2014","154","0","0","154","Reviewable","NotReviewed","1 scales","600","60000","Wed Aug 13 14:34:44 PDT 2014","S91239","Approved","","""boat""","""motor""","""cabin""","""sail""","""middle""","""left""","0","-1","3","0","13","0","0","-1","-1","-1","""TRUE""","""null""","""FALSE""","-1","-1","-1","-1","-1","-1","""Pick the boat with a motor.""","2","-1","-1","-1","-1","""Picking a boat. ""","""""","""18""","""m""","0","0","0","1","2","""3""","-1","0","Virtual keyboard"
"Describing Objects","Short and fun! A 1-2 minute word game about describing simple objects. Only one HIT per worker.","experiment, psychology, game, language, cognition, linguistics, description","$0.25 ","Wed Aug 06 14:34:44 PDT 2014","154","0","0","154","Reviewable","NotReviewed","1 scales","600","60000","Wed Aug 13 14:34:44 PDT 2014","S58348","Approved","","""friend""","""mustache""","""glasses""","""hat""","""left""","""middle""","0","-1","3","0","13","0","0","-1","-1","-1","""TRUE""","""null""","""FALSE""","-1","-1","-1","-1","-1","-1","""glasses and a moustache""","2","-1","-1","-1","-1","""Describing a person""","""""","""25""","""m""","0","0","2","0","1","""3""","-1","1","Virtual keyboard"
"Describing Objects","Short and fun! A 1-2 minute word game about describing simple objects. Only one HIT per worker.","experiment, psychology, game, language, cognition, linguistics, description","$0.25 ","Wed Aug 06 14:34:44 PDT 2014","154","0","0","154","Reviewable","NotReviewed","1 scales","600","60000","Wed Aug 13 14:34:44 PDT 2014","S69351","Approved","","""boat""","""cabin""","""sail""","""motor""","""middle""","""left""","0","-1","3","0","13","0","0","-1","-1","-1","""TRUE""","""null""","""FALSE""","-1","-1","-1","-1","-1","-1","""pic b""","2","-1","-1","-1","-1","""sail boat""","""none""","""23""","""m""","0","0","2","1","0","""3""","-1","NA","Virtual keyboard"
"Describing Objects","Short and fun! A 1-2 minute word game about describing simple objects. Only one HIT per worker.","experiment, psychology, game, language, cognition, linguistics, description","$0.25 ","Wed Aug 06 14:34:44 PDT 2014","154","0","0","154","Reviewable","NotReviewed","1 scales","600","60000","Wed Aug 13 14:34:44 PDT 2014","S10296","Approved","","""Christmas tree""","""star""","""ornaments""","""lights""","""left""","""middle""","0","-1","3","0","13","0","0","-1","-1","-1","""TRUE""","""null""","""FALSE""","-1","-1","-1","-1","-1","-1","""a  star on it.""","2","-1","-1","-1","-1","""describing a Christmas tree""","""""","""28""","""m""","0","0","2","0","1","""3""","-1","0","Virtual keyboard"
"Describing Objects","Short and fun! A 1-2 minute word game about describing simple objects. Only one HIT per worker.","experiment, psychology, game, language, cognition, linguistics, description","$0.25 ","Wed Aug 06 14:34:44 PDT 2014","154","0","0","154","Reviewable","NotReviewed","1 scales","600","60000","Wed Aug 13 14:34:44 PDT 2014","S29841","Approved","","""pizza""","""peppers""","""mushrooms""","""olives""","""middle""","""right""","0","-1","3","0","13","0","0","-1","-1","-1","""TRUE""","""null""","""FALSE""","-1","-1","-1","-1","-1","-1","""Choose the pizza with bellpeppers and mushrooms.""","2","-1","-1","-1","-1","""Communicating ideas about a image. Possibly about the struggle of communicating when communications are hampered.""","""It was difficult to use the virtual keyboard. I have my own.""","""28""","""f""","0","0","0","1","2","""3""","-1","1","Virtual keyboard"
"Describing Objects","Short and fun! A 1-2 minute word game about describing simple objects. Only one HIT per worker.","experiment, psychology, game, language, cognition, linguistics, description","$0.25 ","Wed Aug 06 14:34:44 PDT 2014","154","0","0","154","Reviewable","NotReviewed","1 scales","600","60000","Wed Aug 13 14:34:44 PDT 2014","S53529","Approved","","""snowman""","""scarf""","""hat""","""mittens""","""right""","""middle""","0","-1","3","0","13","0","0","-1","-1","-1","""TRUE""","""null""","""FALSE""","-1","-1","-1","-1","-1","-1","""the red scarf.""","2","-1","-1","-1","-1","""describing a snowman to the other person""","""""","""26""","""f""","0","0","0","1","2","""3""","-1","0","Virtual keyboard"
"Describing Objects","Short and fun! A 1-2 minute word game about describing simple objects. Only one HIT per worker.","experiment, psychology, game, language, cognition, linguistics, description","$0.25 ","Wed Aug 06 14:34:44 PDT 2014","154","0","0","154","Reviewable","NotReviewed","1 scales","600","60000","Wed Aug 13 14:34:44 PDT 2014","S21017","Approved","","""Christmas tree""","""lights""","""star""","""ornaments""","""middle""","""right""","0","-1","3","0","13","0","0","-1","-1","-1","""FALSE""","""null""","""FALSE""","-1","-1","-1","-1","-1","-1","""lights""","2","-1","-1","-1","-1","""pickin g a christmas tree""","""""","""38""","""f""","0","0","1","0","2","""3""","-1","0","Virtual keyboard"
"Describing Objects","Short and fun! A 1-2 minute word game about describing simple objects. Only one HIT per worker.","experiment, psychology, game, language, cognition, linguistics, description","$0.25 ","Wed Aug 06 14:34:44 PDT 2014","154","0","0","154","Reviewable","NotReviewed","1 scales","600","60000","Wed Aug 13 14:34:44 PDT 2014","S66515","Approved","","""Christmas tree""","""star""","""ornaments""","""lights""","""right""","""middle""","0","-1","3","0","13","0","0","-1","-1","-1","""FALSE""","""null""","""FALSE""","-1","-1","-1","-1","-1","-1","""the star on top.""","2","-1","-1","-1","-1","""Describing a tree. ""","""no""","""23""","""m""","0","0","1","0","2","""3""","-1","0","Virtual keyboard"
"Describing Objects","Short and fun! A 1-2 minute word game about describing simple objects. Only one HIT per worker.","experiment, psychology, game, language, cognition, linguistics, description","$0.25 ","Wed Aug 06 14:34:44 PDT 2014","154","0","0","154","Reviewable","NotReviewed","1 scales","600","60000","Wed Aug 13 14:34:44 PDT 2014","S07287","Approved","","""pizza""","""olives""","""mushrooms""","""peppers""","""right""","""middle""","0","-1","3","0","13","0","0","-1","-1","-1","""TRUE""","""null""","""FALSE""","-1","-1","-1","-1","-1","-1","""olives""","2","-1","-1","-1","-1","""Pizza""","""None""","""33""","""m""","0","0","1","0","2","""3""","-1","0","Virtual keyboard"
"Describing Objects","Short and fun! A 1-2 minute word game about describing simple objects. Only one HIT per worker.","experiment, psychology, game, language, cognition, linguistics, description","$0.25 ","Wed Aug 06 14:34:44 PDT 2014","154","0","0","154","Reviewable","NotReviewed","1 scales","600","60000","Wed Aug 13 14:34:44 PDT 2014","S71895","Approved","","""Christmas tree""","""lights""","""star""","""ornaments""","""middle""","""left""","0","-1","3","0","13","0","0","-1","-1","-1","""TRUE""","""null""","""FALSE""","-1","-1","-1","-1","-1","-1","""b""","2","-1","-1","-1","-1","""Picking a tree""","""n/a""","""""","""m""","0","0","2","0","1","""3""","-1","NA","Virtual keyboard"
"Describing Objects","Short and fun! A 1-2 minute word game about describing simple objects. Only one HIT per worker.","experiment, psychology, game, language, cognition, linguistics, description","$0.25 ","Wed Aug 06 14:34:44 PDT 2014","154","0","0","154","Reviewable","NotReviewed","1 scales","600","60000","Wed Aug 13 14:34:44 PDT 2014","S99603","Approved","","""pizza""","""mushrooms""","""olives""","""peppers""","""middle""","""left""","0","-1","3","0","13","0","0","-1","-1","-1","""TRUE""","""null""","""FALSE""","-1","-1","-1","-1","-1","-1","""Pizza with mushrooms, olives, and cheese is the one  I'm descrbing.""","2","-1","-1","-1","-1","""Bob likes pizza, and I need to describe it to another Turker.""","""No""","""33""","""f""","0","0","0","1","2","""3""","-1","1","Virtual keyboard"
"Describing Objects","Short and fun! A 1-2 minute word game about describing simple objects. Only one HIT per worker.","experiment, psychology, game, language, cognition, linguistics, description","$0.25 ","Wed Aug 06 14:34:44 PDT 2014","154","0","0","154","Reviewable","NotReviewed","1 scales","600","60000","Wed Aug 13 14:34:44 PDT 2014","S90884","Approved","","""friend""","""glasses""","""hat""","""mustache""","""left""","""middle""","0","-1","3","0","13","0","0","-1","-1","-1","""TRUE""","""null""","""FALSE""","-1","-1","-1","-1","-1","-1","""He's 100% hipster.""","2","-1","-1","-1","-1","""Trying to help another turker pick out a guy.""","""""","""27""","""m""","0","0","0","2","1","""3""","-1","NA","Virtual keyboard"
"Describing Objects","Short and fun! A 1-2 minute word game about describing simple objects. Only one HIT per worker.","experiment, psychology, game, language, cognition, linguistics, description","$0.25 ","Wed Aug 06 14:34:44 PDT 2014","154","0","0","154","Reviewable","NotReviewed","1 scales","600","60000","Wed Aug 13 14:34:44 PDT 2014","S61466","Approved","","""Christmas tree""","""ornaments""","""lights""","""star""","""middle""","""right""","0","-1","3","0","13","0","0","-1","-1","-1","""TRUE""","""null""","""FALSE""","-1","-1","-1","-1","-1","-1","""purple colors/lights""","2","-1","-1","-1","-1","""the guy likes to trim christmas treets- i had to describe the 'b' one for someone online via chat""","""none""","""47""","""m""","0","0","1","0","2","""3""","-1","0","Virtual keyboard"
"Describing Objects","Short and fun! A 1-2 minute word game about describing simple objects. Only one HIT per worker.","experiment, psychology, game, language, cognition, linguistics, description","$0.25 ","Wed Aug 06 14:34:44 PDT 2014","154","0","0","154","Reviewable","NotReviewed","1 scales","600","60000","Wed Aug 13 14:34:44 PDT 2014","S27769","Approved","","""pizza""","""olives""","""mushrooms""","""peppers""","""left""","""right""","0","-1","3","0","13","0","0","-1","-1","-1","""TRUE""","""null""","""FALSE""","-1","-1","-1","-1","-1","-1","""olives, mushrooms and cheese""","2","-1","-1","-1","-1","""Language""","""""","""32""","""F""","0","0","2","0","1","""3""","-1","1","Virtual keyboard"
"Describing Objects","Short and fun! A 1-2 minute word game about describing simple objects. Only one HIT per worker.","experiment, psychology, game, language, cognition, linguistics, description","$0.25 ","Wed Aug 06 14:34:44 PDT 2014","154","0","0","154","Reviewable","NotReviewed","1 scales","600","60000","Wed Aug 13 14:34:44 PDT 2014","S93051","Approved","","""boat""","""motor""","""sail""","""cabin""","""right""","""middle""","0","-1","3","0","13","0","0","-1","-1","-1","""TRUE""","""null""","""FALSE""","-1","-1","-1","-1","-1","-1","""the motorboat.""","2","-1","-1","-1","-1","""Describing a boat with a motor on it.""","""no""","""26""","""m""","0","0","2","0","1","""3""","-1","0","Virtual keyboard"
"Describing Objects","Short and fun! A 1-2 minute word game about describing simple objects. Only one HIT per worker.","experiment, psychology, game, language, cognition, linguistics, description","$0.25 ","Wed Aug 06 14:34:44 PDT 2014","154","0","0","154","Reviewable","NotReviewed","1 scales","600","60000","Wed Aug 13 14:34:44 PDT 2014","S98388","Approved","","""snowman""","""scarf""","""hat""","""mittens""","""left""","""middle""","0","-1","3","0","13","0","0","-1","-1","-1","""TRUE""","""null""","""FALSE""","-1","-1","-1","-1","-1","-1","""It has a hat and mittens.""","2","-1","-1","-1","-1","""Describing to another worker a snowman.""","""None-- cool stuff.""","""20""","""m""","0","0","0","2","1","""3""","-1","1","Virtual keyboard"
"Describing Objects","Short and fun! A 1-2 minute word game about describing simple objects. Only one HIT per worker.","experiment, psychology, game, language, cognition, linguistics, description","$0.25 ","Wed Aug 06 14:34:44 PDT 2014","154","0","0","154","Reviewable","NotReviewed","1 scales","600","60000","Wed Aug 13 14:34:44 PDT 2014","S75126","Approved","","""snowman""","""scarf""","""mittens""","""hat""","""middle""","""right""","0","-1","3","0","13","0","0","-1","-1","-1","""TRUE""","""null""","""FALSE""","-1","-1","-1","-1","-1","-1","""scarf""","2","-1","-1","-1","-1","""snowmen""","""""","""24""","""m""","0","0","0","1","2","""3""","-1","0","Virtual keyboard"
"Describing Objects","Short and fun! A 1-2 minute word game about describing simple objects. Only one HIT per worker.","experiment, psychology, game, language, cognition, linguistics, description","$0.25 ","Wed Aug 06 14:34:44 PDT 2014","154","0","0","154","Reviewable","NotReviewed","1 scales","600","60000","Wed Aug 13 14:34:44 PDT 2014","S76113","Approved","","""friend""","""mustache""","""glasses""","""hat""","""right""","""left""","0","-1","3","0","13","0","0","-1","-1","-1","""TRUE""","""null""","""FALSE""","-1","-1","-1","-1","-1","-1","""glasses and mustache wearing person.""","2","-1","-1","-1","-1","""Describing a face""","""""","""29""","""m""","0","0","2","0","1","""3""","-1","1","Virtual keyboard"
"Describing Objects","Short and fun! A 1-2 minute word game about describing simple objects. Only one HIT per worker.","experiment, psychology, game, language, cognition, linguistics, description","$0.25 ","Wed Aug 06 14:34:44 PDT 2014","154","0","0","154","Reviewable","NotReviewed","1 scales","600","60000","Wed Aug 13 14:34:44 PDT 2014","S42677","Approved","","""pizza""","""mushrooms""","""peppers""","""olives""","""middle""","""left""","0","-1","3","0","13","0","0","-1","-1","-1","""FALSE""","""null""","""FALSE""","-1","-1","-1","-1","-1","-1","""b""","2","-1","-1","-1","-1","""describing objects in an effort to communicate with coworker""","""""","""20""","""m""","0","0","1","0","2","""3""","-1","NA","Virtual keyboard"
"Describing Objects","Short and fun! A 1-2 minute word game about describing simple objects. Only one HIT per worker.","experiment, psychology, game, language, cognition, linguistics, description","$0.25 ","Wed Aug 06 14:34:44 PDT 2014","154","0","0","154","Reviewable","NotReviewed","1 scales","600","60000","Wed Aug 13 14:34:44 PDT 2014","S65420","Approved","","""snowman""","""mittens""","""scarf""","""hat""","""right""","""middle""","0","-1","3","0","13","0","0","-1","-1","-1","""TRUE""","""null""","""FALSE""","-1","-1","-1","-1","-1","-1","""The snowman is wearing a red scarf with blue mittens.""","2","-1","-1","-1","-1","""describing an object""","""not at this time""","""27""","""f""","0","0","0","2","1","""3""","-1","1","Virtual keyboard"
"Describing Objects","Short and fun! A 1-2 minute word game about describing simple objects. Only one HIT per worker.","experiment, psychology, game, language, cognition, linguistics, description","$0.25 ","Wed Aug 06 14:34:44 PDT 2014","154","0","0","154","Reviewable","NotReviewed","1 scales","600","60000","Wed Aug 13 14:34:44 PDT 2014","S80212","Approved","","""pizza""","""olives""","""mushrooms""","""peppers""","""middle""","""right""","0","-1","3","0","13","0","0","-1","-1","-1","""FALSE""","""null""","""FALSE""","-1","-1","-1","-1","-1","-1","""the black olives .""","2","-1","-1","-1","-1","""Describing a pizza.""","""no""","""""","""m""","0","0","1","2","0","""3""","-1","0","Virtual keyboard"
"Describing Objects","Short and fun! A 1-2 minute word game about describing simple objects. Only one HIT per worker.","experiment, psychology, game, language, cognition, linguistics, description","$0.25 ","Wed Aug 06 14:34:44 PDT 2014","154","0","0","154","Reviewable","NotReviewed","1 scales","600","60000","Wed Aug 13 14:34:44 PDT 2014","S26650","Approved","","""sundae""","""cherry""","""chocolate""","""whipped cream""","""middle""","""right""","0","-1","3","0","13","0","0","-1","-1","-1","""TRUE""","""null""","""FALSE""","-1","-1","-1","-1","-1","-1",""" the cherry""","2","-1","-1","-1","-1","""Communication""","""Hated the virtual keyboard""","""26""","""M""","0","0","2","0","1","""3""","-1","0","Virtual keyboard"
"Describing Objects","Short and fun! A 1-2 minute word game about describing simple objects. Only one HIT per worker.","experiment, psychology, game, language, cognition, linguistics, description","$0.25 ","Wed Aug 06 14:34:44 PDT 2014","154","0","0","154","Reviewable","NotReviewed","1 scales","600","60000","Wed Aug 13 14:34:44 PDT 2014","S24164","Approved","","""sundae""","""cherry""","""whipped cream""","""chocolate""","""left""","""right""","0","-1","3","0","13","0","0","-1","-1","-1","""TRUE""","""null""","""FALSE""","-1","-1","-1","-1","-1","-1","""a cherry on top.""","2","-1","-1","-1","-1","""The way in which I communicated a specific choice of pictures to another individual""","""""","""24""","""f""","0","0","1","0","2","""3""","-1","0","Virtual keyboard"
"Describing Objects","Short and fun! A 1-2 minute word game about describing simple objects. Only one HIT per worker.","experiment, psychology, game, language, cognition, linguistics, description","$0.25 ","Wed Aug 06 14:34:44 PDT 2014","154","0","0","154","Reviewable","NotReviewed","1 scales","600","60000","Wed Aug 13 14:34:44 PDT 2014","S48929","Approved","","""sundae""","""cherry""","""whipped cream""","""chocolate""","""middle""","""right""","0","-1","3","0","13","0","0","-1","-1","-1","""TRUE""","""null""","""FALSE""","-1","-1","-1","-1","-1","-1","""the cherry on the top.""","2","-1","-1","-1","-1","""Pretending to communicate to another user which sundae Bob ate.""","""""","""22""","""m""","0","0","0","1","2","""3""","-1","0","Virtual keyboard"
"Describing Objects","Short and fun! A 1-2 minute word game about describing simple objects. Only one HIT per worker.","experiment, psychology, game, language, cognition, linguistics, description","$0.25 ","Wed Aug 06 14:34:44 PDT 2014","154","0","0","154","Reviewable","NotReviewed","1 scales","600","60000","Wed Aug 13 14:34:44 PDT 2014","S28832","Approved","","""boat""","""sail""","""motor""","""cabin""","""middle""","""left""","0","-1","3","0","13","0","0","-1","-1","-1","""TRUE""","""null""","""FALSE""","-1","-1","-1","-1","-1","-1","""the one with the sail.""","2","-1","-1","-1","-1","""No idea""","""""","""""","""Male""","0","0","0","1","2","""3""","-1","0","Virtual keyboard"
"Describing Objects","Short and fun! A 1-2 minute word game about describing simple objects. Only one HIT per worker.","experiment, psychology, game, language, cognition, linguistics, description","$0.25 ","Wed Aug 06 14:34:44 PDT 2014","154","0","0","154","Reviewable","NotReviewed","1 scales","600","60000","Wed Aug 13 14:34:44 PDT 2014","S40631","Approved","","""Christmas tree""","""star""","""lights""","""ornaments""","""middle""","""left""","0","-1","3","0","13","0","0","-1","-1","-1","""TRUE""","""null""","""FALSE""","-1","-1","-1","-1","-1","-1","""a star on the top and strings  of lights wound around the branches""","2","-1","-1","-1","-1","""describing objects""","""no""","""41""","""f""","0","0","0","1","2","""3""","-1","1","Virtual keyboard"
"Describing Objects","Short and fun! A 1-2 minute word game about describing simple objects. Only one HIT per worker.","experiment, psychology, game, language, cognition, linguistics, description","$0.25 ","Wed Aug 06 14:34:44 PDT 2014","154","0","0","154","Reviewable","NotReviewed","1 scales","600","60000","Wed Aug 13 14:34:44 PDT 2014","S64649","Approved","","""pizza""","""peppers""","""olives""","""mushrooms""","""left""","""middle""","0","-1","3","0","13","0","0","-1","-1","-1","""TRUE""","""null""","""FALSE""","-1","-1","-1","-1","-1","-1","""olives and jalapenos.""","2","-1","-1","-1","-1","""describe a pizza""","""nope""","""19""","""m""","0","0","2","0","1","""3""","-1","1","Virtual keyboard"
"Describing Objects","Short and fun! A 1-2 minute word game about describing simple objects. Only one HIT per worker.","experiment, psychology, game, language, cognition, linguistics, description","$0.25 ","Wed Aug 06 14:34:44 PDT 2014","154","0","0","154","Reviewable","NotReviewed","1 scales","600","60000","Wed Aug 13 14:34:44 PDT 2014","S71867","Approved","","""boat""","""cabin""","""sail""","""motor""","""left""","""right""","0","-1","3","0","13","0","0","-1","-1","-1","""TRUE""","""null""","""FALSE""","-1","-1","-1","-1","-1","-1","""the cabin""","2","-1","-1","-1","-1","""How to communicate which boat to choose""","""Interesting, but don't use virtual keyboard.""","""23""","""m""","0","0","0","2","1","""3""","-1","0","Virtual keyboard"
"Describing Objects","Short and fun! A 1-2 minute word game about describing simple objects. Only one HIT per worker.","experiment, psychology, game, language, cognition, linguistics, description","$0.25 ","Wed Aug 06 14:34:44 PDT 2014","154","0","0","154","Reviewable","NotReviewed","1 scales","600","60000","Wed Aug 13 14:34:44 PDT 2014","S89956","Approved","","""Christmas tree""","""lights""","""star""","""ornaments""","""right""","""left""","0","-1","3","0","13","0","0","-1","-1","-1","""TRUE""","""null""","""FALSE""","-1","-1","-1","-1","-1","-1","""Picture C is the one with lights.""","2","-1","-1","-1","-1","""Describing Picture C so that another Turker can identify it.""","""""","""27""","""m""","0","0","1","0","2","""3""","-1","0","Virtual keyboard"
"Describing Objects","Short and fun! A 1-2 minute word game about describing simple objects. Only one HIT per worker.","experiment, psychology, game, language, cognition, linguistics, description","$0.25 ","Wed Aug 06 14:34:44 PDT 2014","154","0","0","154","Reviewable","NotReviewed","1 scales","600","60000","Wed Aug 13 14:34:44 PDT 2014","S48037","Approved","","""boat""","""motor""","""cabin""","""sail""","""middle""","""right""","0","-1","3","0","13","0","0","-1","-1","-1","""TRUE""","""null""","""FALSE""","-1","-1","-1","-1","-1","-1","""the propeller.""","2","-1","-1","-1","-1","""Communicating pictures.""","""""","""27""","""m""","0","0","1","2","0","""3""","-1","0","Virtual keyboard"
"Describing Objects","Short and fun! A 1-2 minute word game about describing simple objects. Only one HIT per worker.","experiment, psychology, game, language, cognition, linguistics, description","$0.25 ","Wed Aug 06 14:34:44 PDT 2014","154","0","0","154","Reviewable","NotReviewed","1 scales","600","60000","Wed Aug 13 14:34:44 PDT 2014","S57789","Approved","","""friend""","""mustache""","""glasses""","""hat""","""middle""","""right""","0","-1","3","0","13","0","0","-1","-1","-1","""FALSE""","""null""","""FALSE""","-1","-1","-1","-1","-1","-1","""pick the face with a mustache.""","2","-1","-1","-1","-1","""explaining the picture a turker should choose""","""none""","""22""","""m""","0","0","0","2","1","""3""","-1","0","Virtual keyboard"
"Describing Objects","Short and fun! A 1-2 minute word game about describing simple objects. Only one HIT per worker.","experiment, psychology, game, language, cognition, linguistics, description","$0.25 ","Wed Aug 06 14:34:44 PDT 2014","154","0","0","154","Reviewable","NotReviewed","1 scales","600","60000","Wed Aug 13 14:34:44 PDT 2014","S63695","Approved","","""sundae""","""cherry""","""chocolate""","""whipped cream""","""right""","""middle""","0","-1","3","0","13","0","0","-1","-1","-1","""TRUE""","""null""","""FALSE""","-1","-1","-1","-1","-1","-1","""It has a cherry.""","2","-1","-1","-1","-1","""Describing pictures.""","""""","""19""","""m""","0","0","1","2","0","""3""","-1","0","Virtual keyboard"
"Describing Objects","Short and fun! A 1-2 minute word game about describing simple objects. Only one HIT per worker.","experiment, psychology, game, language, cognition, linguistics, description","$0.25 ","Wed Aug 06 14:34:44 PDT 2014","154","0","0","154","Reviewable","NotReviewed","1 scales","600","60000","Wed Aug 13 14:34:44 PDT 2014","S86388","Approved","","""sundae""","""whipped cream""","""chocolate""","""cherry""","""left""","""middle""","0","-1","3","0","13","0","0","-1","-1","-1","""TRUE""","""null""","""FALSE""","-1","-1","-1","-1","-1","-1","""whipped cream""","2","-1","-1","-1","-1","""Sundaes""","""""","""40""","""m""","0","0","1","2","0","""3""","-1","0","Virtual keyboard"
"Describing Objects","Short and fun! A 1-2 minute word game about describing simple objects. Only one HIT per worker.","experiment, psychology, game, language, cognition, linguistics, description","$0.25 ","Wed Aug 06 14:34:44 PDT 2014","154","0","0","154","Reviewable","NotReviewed","1 scales","600","60000","Wed Aug 13 14:34:44 PDT 2014","S80892","Approved","","""friend""","""mustache""","""hat""","""glasses""","""right""","""left""","0","-1","3","0","13","0","0","-1","-1","-1","""FALSE""","""null""","""FALSE""","-1","-1","-1","-1","-1","-1","""Pick the one with a moustache.""","2","-1","-1","-1","-1","""It was about identifying an individual in a group.""","""No.""","""""","""""","0","0","0","2","1","""3""","-1","0","Virtual keyboard"
