"title","description","keywords","reward","creationtime","assignments","numavailable","numpending","numcomplete","hitstatus","reviewstatus","annotation","assignmentduration","autoapprovaldelay","hitlifetime","workerid","assignmentstatus","deadline","Answer.item","Answer.target_property","Answer.logical_property","Answer.foil_property","Answer.target_position","Answer.logical_position","Answer.target_frequency","Answer.familiarization_cond","Answer.participant_response_type_condition","Answer.participant_feature_count_condition","Answer.linguistic_framing_condition","Answer.target_filler_sequence_condition","Answer.question_type_condition","Answer.manip_check_target","Answer.manip_check_dist","Answer.manip_check_foil","Answer.name_check_correct","Answer.choice","Answer.choice_correct","Answer.money_allocated_to_foil","Answer.money_allocated_to_target","Answer.money_allocated_to_logical","Answer.Likert_value_foil","Answer.Likert_value_target","Answer.Likert_value_logical","Answer.free_response","Answer.features_in_referent_to_describe","Answer.about","Answer.comment","Answer.age","Answer.gender","Answer.overspec","Answer.familiarization_present_in_study","Answer.top_question_order","Answer.middle_question_order","Answer.bottom_question_order","Answer.image_version","Answer.hand_position","Experiment.type"
"Describing Objects","Short and fun! A 1-2 minute word game about describing simple objects. Only one HIT per worker.","experiment, psychology, game, language, cognition, linguistics, description","$0.20 ","Thu Jul 17 16:31:58 PDT 2014","152","0","0","152","Reviewable","NotReviewed","1 scales","600","60000","Sun Jul 27 16:31:58 PDT 2014","S64496","Approved","","""sundae""","""whipped cream""","""chocolate""","""cherry""","""left""","""middle""","0","-1","3","0","13","0","0","-1","-1","-1","""TRUE""","""null""","""FALSE""","-1","-1","-1","-1","-1","-1","""three plain scoops.""","0","""Describing things to others.""","""No""","""28""","""f""","0","0","0","2","1","""3""","-1","Text"
"Describing Objects","Short and fun! A 1-2 minute word game about describing simple objects. Only one HIT per worker.","experiment, psychology, game, language, cognition, linguistics, description","$0.20 ","Thu Jul 17 16:31:58 PDT 2014","152","0","0","152","Reviewable","NotReviewed","1 scales","600","60000","Sun Jul 27 16:31:58 PDT 2014","S57981","Approved","","""Christmas tree""","""lights""","""ornaments""","""star""","""middle""","""left""","0","-1","3","0","13","0","0","-1","-1","-1","""TRUE""","""null""","""FALSE""","-1","-1","-1","-1","-1","-1","""no ornaments""","0","""christmas trees""","""thank you""","""21""","""m""","0","0","0","2","1","""3""","-1","Text"
"Describing Objects","Short and fun! A 1-2 minute word game about describing simple objects. Only one HIT per worker.","experiment, psychology, game, language, cognition, linguistics, description","$0.20 ","Thu Jul 17 16:31:58 PDT 2014","152","0","0","152","Reviewable","NotReviewed","1 scales","600","60000","Sun Jul 27 16:31:58 PDT 2014","S22484","Approved","","""sundae""","""chocolate""","""whipped cream""","""cherry""","""left""","""right""","0","-1","3","0","13","0","0","-1","-1","-1","""TRUE""","""null""","""FALSE""","-1","-1","-1","-1","-1","-1","""no toppings, just the plain three scoops.""","0","""Ice Cream Sundaes""","""""","""19""","""f""","1","0","2","1","0","""3""","-1","Text"
"Describing Objects","Short and fun! A 1-2 minute word game about describing simple objects. Only one HIT per worker.","experiment, psychology, game, language, cognition, linguistics, description","$0.20 ","Thu Jul 17 16:31:58 PDT 2014","152","0","0","152","Reviewable","NotReviewed","1 scales","600","60000","Sun Jul 27 16:31:58 PDT 2014","S78787","Approved","","""sundae""","""chocolate""","""cherry""","""whipped cream""","""right""","""left""","0","-1","3","0","13","0","0","-1","-1","-1","""TRUE""","""null""","""FALSE""","-1","-1","-1","-1","-1","-1","""no toppings.""","0","""Conveying information""","""Mmm, sundaes""","""25""","""f""","0","0","1","0","2","""3""","-1","Text"
"Describing Objects","Short and fun! A 1-2 minute word game about describing simple objects. Only one HIT per worker.","experiment, psychology, game, language, cognition, linguistics, description","$0.20 ","Thu Jul 17 16:31:58 PDT 2014","152","0","0","152","Reviewable","NotReviewed","1 scales","600","60000","Sun Jul 27 16:31:58 PDT 2014","S11497","Approved","","""boat""","""motor""","""cabin""","""sail""","""left""","""middle""","0","-1","3","0","13","0","0","-1","-1","-1","""TRUE""","""null""","""FALSE""","-1","-1","-1","-1","-1","-1","""no motor on the end and the top part missing.""","0","""Describing to another turker which of the three boats to pick""","""""","""24""","""Male""","1","0","2","1","0","""3""","-1","Text"
"Describing Objects","Short and fun! A 1-2 minute word game about describing simple objects. Only one HIT per worker.","experiment, psychology, game, language, cognition, linguistics, description","$0.20 ","Thu Jul 17 16:31:58 PDT 2014","152","0","0","152","Reviewable","NotReviewed","1 scales","600","60000","Sun Jul 27 16:31:58 PDT 2014","S44751","Approved","","""Christmas tree""","""ornaments""","""lights""","""star""","""right""","""left""","0","-1","3","0","13","0","0","-1","-1","-1","""TRUE""","""null""","""FALSE""","-1","-1","-1","-1","-1","-1","""no ornaments.""","0","""communication""","""""","""22""","""f""","0","0","2","1","0","""3""","-1","Text"
"Describing Objects","Short and fun! A 1-2 minute word game about describing simple objects. Only one HIT per worker.","experiment, psychology, game, language, cognition, linguistics, description","$0.20 ","Thu Jul 17 16:31:58 PDT 2014","152","0","0","152","Reviewable","NotReviewed","1 scales","600","60000","Sun Jul 27 16:31:58 PDT 2014","S60484","Approved","","""pizza""","""mushrooms""","""olives""","""peppers""","""right""","""left""","0","-1","3","0","13","0","0","-1","-1","-1","""TRUE""","""null""","""FALSE""","-1","-1","-1","-1","-1","-1","""only cheese""","0","""Pizza""","""clear and had no issues""","""24""","""m""","0","0","1","0","2","""3""","-1","Text"
"Describing Objects","Short and fun! A 1-2 minute word game about describing simple objects. Only one HIT per worker.","experiment, psychology, game, language, cognition, linguistics, description","$0.20 ","Thu Jul 17 16:31:58 PDT 2014","152","0","0","152","Reviewable","NotReviewed","1 scales","600","60000","Sun Jul 27 16:31:58 PDT 2014","S80024","Approved","","""boat""","""motor""","""sail""","""cabin""","""right""","""left""","0","-1","3","0","13","0","0","-1","-1","-1","""TRUE""","""null""","""FALSE""","-1","-1","-1","-1","-1","-1","""This is a boat with no sail or motor.""","0","""Telling Bob what I saw in the photo.""","""""","""55""","""male""","1","0","0","1","2","""3""","-1","Text"
"Describing Objects","Short and fun! A 1-2 minute word game about describing simple objects. Only one HIT per worker.","experiment, psychology, game, language, cognition, linguistics, description","$0.20 ","Thu Jul 17 16:31:58 PDT 2014","152","0","0","152","Reviewable","NotReviewed","1 scales","600","60000","Sun Jul 27 16:31:58 PDT 2014","S05948","Approved","","""pizza""","""mushrooms""","""peppers""","""olives""","""left""","""right""","0","-1","3","0","13","0","0","-1","-1","-1","""TRUE""","""null""","""FALSE""","-1","-1","-1","-1","-1","-1","""only mozzarella on it.""","0","""Conveying a sentence to someone about pizza""","""""","""34""","""f""","0","0","0","2","1","""3""","-1","Text"
"Describing Objects","Short and fun! A 1-2 minute word game about describing simple objects. Only one HIT per worker.","experiment, psychology, game, language, cognition, linguistics, description","$0.20 ","Thu Jul 17 16:31:58 PDT 2014","152","0","0","152","Reviewable","NotReviewed","1 scales","600","60000","Sun Jul 27 16:31:58 PDT 2014","S99758","Approved","","""Christmas tree""","""lights""","""star""","""ornaments""","""middle""","""left""","0","-1","3","0","13","0","0","-1","-1","-1","""TRUE""","""null""","""FALSE""","-1","-1","-1","-1","-1","-1","""nothing on it.""","0","""Christmas trees""","""""","""""","""m""","0","0","0","1","2","""3""","-1","Text"
"Describing Objects","Short and fun! A 1-2 minute word game about describing simple objects. Only one HIT per worker.","experiment, psychology, game, language, cognition, linguistics, description","$0.20 ","Thu Jul 17 16:31:58 PDT 2014","152","0","0","152","Reviewable","NotReviewed","1 scales","600","60000","Sun Jul 27 16:31:58 PDT 2014","S65629","Approved","","""friend""","""hat""","""glasses""","""mustache""","""middle""","""right""","0","-1","3","0","13","0","0","-1","-1","-1","""TRUE""","""null""","""FALSE""","-1","-1","-1","-1","-1","-1","""smiling wearing no hat or glasses.""","0","""bob's friends""","""none""","""55""","""f""","1","0","1","2","0","""3""","-1","Text"
"Describing Objects","Short and fun! A 1-2 minute word game about describing simple objects. Only one HIT per worker.","experiment, psychology, game, language, cognition, linguistics, description","$0.20 ","Thu Jul 17 16:31:58 PDT 2014","152","0","0","152","Reviewable","NotReviewed","1 scales","600","60000","Sun Jul 27 16:31:58 PDT 2014","S68869","Approved","","""snowman""","""hat""","""scarf""","""mittens""","""middle""","""left""","0","-1","3","0","13","0","0","-1","-1","-1","""TRUE""","""null""","""FALSE""","-1","-1","-1","-1","-1","-1","""no scarf.""","0","""Communicating with other turkers by describing one of three snowman""","""""","""25""","""m""","0","0","0","2","1","""3""","-1","Text"
"Describing Objects","Short and fun! A 1-2 minute word game about describing simple objects. Only one HIT per worker.","experiment, psychology, game, language, cognition, linguistics, description","$0.20 ","Thu Jul 17 16:31:58 PDT 2014","152","0","0","152","Reviewable","NotReviewed","1 scales","600","60000","Sun Jul 27 16:31:58 PDT 2014","S12188","Approved","","""boat""","""sail""","""motor""","""cabin""","""middle""","""left""","0","-1","3","0","13","0","0","-1","-1","-1","""TRUE""","""null""","""FALSE""","-1","-1","-1","-1","-1","-1","""no mast and no motor""","0","""To describe something using words""","""None""","""34""","""m""","1","0","1","0","2","""3""","-1","Text"
"Describing Objects","Short and fun! A 1-2 minute word game about describing simple objects. Only one HIT per worker.","experiment, psychology, game, language, cognition, linguistics, description","$0.20 ","Thu Jul 17 16:31:58 PDT 2014","152","0","0","152","Reviewable","NotReviewed","1 scales","600","60000","Sun Jul 27 16:31:58 PDT 2014","S34211","Approved","","""pizza""","""peppers""","""olives""","""mushrooms""","""middle""","""right""","0","-1","3","0","13","0","0","-1","-1","-1","""TRUE""","""null""","""FALSE""","-1","-1","-1","-1","-1","-1","""cheese only ""","0","""describing a picture ""","""""","""43""","""m""","0","0","0","2","1","""3""","-1","Text"
"Describing Objects","Short and fun! A 1-2 minute word game about describing simple objects. Only one HIT per worker.","experiment, psychology, game, language, cognition, linguistics, description","$0.20 ","Thu Jul 17 16:31:58 PDT 2014","152","0","0","152","Reviewable","NotReviewed","1 scales","600","60000","Sun Jul 27 16:31:58 PDT 2014","S70294","Approved","","""boat""","""sail""","""motor""","""cabin""","""right""","""middle""","0","-1","3","0","13","0","0","-1","-1","-1","""FALSE""","""null""","""FALSE""","-1","-1","-1","-1","-1","-1","""the lightest shade of gray.""","0","""Describing how to pick a boat""","""None""","""26""","""m""","NA","0","2","0","1","""3""","-1","Text"
"Describing Objects","Short and fun! A 1-2 minute word game about describing simple objects. Only one HIT per worker.","experiment, psychology, game, language, cognition, linguistics, description","$0.20 ","Thu Jul 17 16:31:58 PDT 2014","152","0","0","152","Reviewable","NotReviewed","1 scales","600","60000","Sun Jul 27 16:31:58 PDT 2014","S85231","Approved","","""pizza""","""mushrooms""","""peppers""","""olives""","""middle""","""right""","0","-1","3","0","13","0","0","-1","-1","-1","""TRUE""","""null""","""FALSE""","-1","-1","-1","-1","-1","-1","""cheese only.""","0","""Describing pizza.""","""Thank you very much.""","""24""","""M""","0","0","0","1","2","""3""","-1","Text"
"Describing Objects","Short and fun! A 1-2 minute word game about describing simple objects. Only one HIT per worker.","experiment, psychology, game, language, cognition, linguistics, description","$0.20 ","Thu Jul 17 16:31:58 PDT 2014","152","0","0","152","Reviewable","NotReviewed","1 scales","600","60000","Sun Jul 27 16:31:58 PDT 2014","S82010","Approved","","""pizza""","""olives""","""mushrooms""","""peppers""","""middle""","""left""","0","-1","3","0","13","0","0","-1","-1","-1","""TRUE""","""null""","""FALSE""","-1","-1","-1","-1","-1","-1","""The plain one with no toppings, just cheese""","0","""Describing a pizza to a turker""","""""","""23""","""m""","1","0","1","2","0","""3""","-1","Text"
"Describing Objects","Short and fun! A 1-2 minute word game about describing simple objects. Only one HIT per worker.","experiment, psychology, game, language, cognition, linguistics, description","$0.20 ","Thu Jul 17 16:31:58 PDT 2014","152","0","0","152","Reviewable","NotReviewed","1 scales","600","60000","Sun Jul 27 16:31:58 PDT 2014","S39457","Approved","","""friend""","""glasses""","""hat""","""mustache""","""left""","""right""","0","-1","3","0","13","0","0","-1","-1","-1","""TRUE""","""null""","""FALSE""","-1","-1","-1","-1","-1","-1","""the least bright color of yellow.""","0","""Describing a certain friend of his to another Turker so they pick the same one.""","""Maybe a little more open on the sentence option. Allowing me complete control as long as its one complete sentence.""","""24""","""m""","NA","0","1","0","2","""3""","-1","Text"
"Describing Objects","Short and fun! A 1-2 minute word game about describing simple objects. Only one HIT per worker.","experiment, psychology, game, language, cognition, linguistics, description","$0.20 ","Thu Jul 17 16:31:58 PDT 2014","152","0","0","152","Reviewable","NotReviewed","1 scales","600","60000","Sun Jul 27 16:31:58 PDT 2014","S39978","Approved","","""snowman""","""hat""","""scarf""","""mittens""","""right""","""left""","0","-1","3","0","13","0","0","-1","-1","-1","""TRUE""","""null""","""FALSE""","-1","-1","-1","-1","-1","-1","""green cap.""","0","""Decorating snowmen.""","""""","""30""","""female""","NA","0","2","1","0","""3""","-1","Text"
"Describing Objects","Short and fun! A 1-2 minute word game about describing simple objects. Only one HIT per worker.","experiment, psychology, game, language, cognition, linguistics, description","$0.20 ","Thu Jul 17 16:31:58 PDT 2014","152","0","0","152","Reviewable","NotReviewed","1 scales","600","60000","Sun Jul 27 16:31:58 PDT 2014","S70857","Approved","","""sundae""","""chocolate""","""cherry""","""whipped cream""","""middle""","""right""","0","-1","3","0","13","0","0","-1","-1","-1","""TRUE""","""null""","""FALSE""","-1","-1","-1","-1","-1","-1","""nothing on top""","0","""Bob's ice cream sundaes""","""This seems like an odd survey""","""62""","""f""","0","0","0","2","1","""3""","-1","Text"
"Describing Objects","Short and fun! A 1-2 minute word game about describing simple objects. Only one HIT per worker.","experiment, psychology, game, language, cognition, linguistics, description","$0.20 ","Thu Jul 17 16:31:58 PDT 2014","152","0","0","152","Reviewable","NotReviewed","1 scales","600","60000","Sun Jul 27 16:31:58 PDT 2014","S83886","Approved","","""boat""","""motor""","""sail""","""cabin""","""right""","""middle""","0","-1","3","0","13","0","0","-1","-1","-1","""TRUE""","""null""","""FALSE""","-1","-1","-1","-1","-1","-1","""no sail""","0","""Describing an object""","""No, thank you""","""26""","""f""","0","0","0","2","1","""3""","-1","Text"
"Describing Objects","Short and fun! A 1-2 minute word game about describing simple objects. Only one HIT per worker.","experiment, psychology, game, language, cognition, linguistics, description","$0.20 ","Thu Jul 17 16:31:58 PDT 2014","152","0","0","152","Reviewable","NotReviewed","1 scales","600","60000","Sun Jul 27 16:31:58 PDT 2014","S46260","Approved","","""boat""","""cabin""","""motor""","""sail""","""right""","""middle""","0","-1","3","0","13","0","0","-1","-1","-1","""TRUE""","""null""","""FALSE""","-1","-1","-1","-1","-1","-1","""two portholes, no visible motor, and no cabin.""","0","""Attention to detail""","""""","""""","""""","1","0","0","2","1","""3""","-1","Text"
"Describing Objects","Short and fun! A 1-2 minute word game about describing simple objects. Only one HIT per worker.","experiment, psychology, game, language, cognition, linguistics, description","$0.20 ","Thu Jul 17 16:31:58 PDT 2014","152","0","0","152","Reviewable","NotReviewed","1 scales","600","60000","Sun Jul 27 16:31:58 PDT 2014","S02047","Approved","","""snowman""","""mittens""","""scarf""","""hat""","""right""","""middle""","0","-1","3","0","13","0","0","-1","-1","-1","""TRUE""","""null""","""FALSE""","-1","-1","-1","-1","-1","-1","""out any clothes.""","0","""A man who liked to build and decorate snowmen. ""","""""","""27""","""f""","0","0","0","2","1","""3""","-1","Text"
"Describing Objects","Short and fun! A 1-2 minute word game about describing simple objects. Only one HIT per worker.","experiment, psychology, game, language, cognition, linguistics, description","$0.20 ","Thu Jul 17 16:31:58 PDT 2014","152","0","0","152","Reviewable","NotReviewed","1 scales","600","60000","Sun Jul 27 16:31:58 PDT 2014","S02600","Approved","","""boat""","""motor""","""sail""","""cabin""","""left""","""right""","0","-1","3","0","13","0","0","-1","-1","-1","""TRUE""","""null""","""FALSE""","-1","-1","-1","-1","-1","-1","""2 portholes, but no sail or motor.""","0","""descriptions""","""""","""51""","""f""","1","0","1","2","0","""3""","-1","Text"
"Describing Objects","Short and fun! A 1-2 minute word game about describing simple objects. Only one HIT per worker.","experiment, psychology, game, language, cognition, linguistics, description","$0.20 ","Thu Jul 17 16:31:58 PDT 2014","152","0","0","152","Reviewable","NotReviewed","1 scales","600","60000","Sun Jul 27 16:31:58 PDT 2014","S52451","Approved","","""pizza""","""peppers""","""olives""","""mushrooms""","""left""","""middle""","0","-1","3","0","13","0","0","-1","-1","-1","""TRUE""","""null""","""FALSE""","-1","-1","-1","-1","-1","-1",""" Just the cheese.""","0","""About a person named Bob and how he likes pizza.""","""""","""21""","""f""","0","0","2","1","0","""3""","-1","Text"
"Describing Objects","Short and fun! A 1-2 minute word game about describing simple objects. Only one HIT per worker.","experiment, psychology, game, language, cognition, linguistics, description","$0.20 ","Thu Jul 17 16:31:58 PDT 2014","152","0","0","152","Reviewable","NotReviewed","1 scales","600","60000","Sun Jul 27 16:31:58 PDT 2014","S77123","Approved","","""Christmas tree""","""ornaments""","""star""","""lights""","""middle""","""right""","0","-1","3","0","13","0","0","-1","-1","-1","""TRUE""","""null""","""FALSE""","-1","-1","-1","-1","-1","-1","""no decorations of any kind.""","0","""describing objects.""","""Nope.""","""22""","""f""","0","0","2","0","1","""3""","-1","Text"
"Describing Objects","Short and fun! A 1-2 minute word game about describing simple objects. Only one HIT per worker.","experiment, psychology, game, language, cognition, linguistics, description","$0.20 ","Thu Jul 17 16:31:58 PDT 2014","152","0","0","152","Reviewable","NotReviewed","1 scales","600","60000","Sun Jul 27 16:31:58 PDT 2014","S46332","Approved","","""pizza""","""peppers""","""mushrooms""","""olives""","""left""","""right""","0","-1","3","0","13","0","0","-1","-1","-1","""TRUE""","""null""","""FALSE""","-1","-1","-1","-1","-1","-1","""just cheese on it.""","0","""Describing pizza.""","""I just ate pizza.""","""23""","""m""","0","0","0","1","2","""3""","-1","Text"
"Describing Objects","Short and fun! A 1-2 minute word game about describing simple objects. Only one HIT per worker.","experiment, psychology, game, language, cognition, linguistics, description","$0.20 ","Thu Jul 17 16:31:58 PDT 2014","152","0","0","152","Reviewable","NotReviewed","1 scales","600","60000","Sun Jul 27 16:31:58 PDT 2014","S03238","Approved","","""Christmas tree""","""ornaments""","""lights""","""star""","""left""","""middle""","0","-1","3","0","13","0","0","-1","-1","-1","""TRUE""","""null""","""FALSE""","-1","-1","-1","-1","-1","-1","""The one with no decorations is the Christmas tree to pick.""","0","""Describing a Christmas tree""","""""","""24""","""m""","0","0","0","2","1","""3""","-1","Text"
"Describing Objects","Short and fun! A 1-2 minute word game about describing simple objects. Only one HIT per worker.","experiment, psychology, game, language, cognition, linguistics, description","$0.20 ","Thu Jul 17 16:31:58 PDT 2014","152","0","0","152","Reviewable","NotReviewed","1 scales","600","60000","Sun Jul 27 16:31:58 PDT 2014","S38849","Approved","","""boat""","""sail""","""cabin""","""motor""","""right""","""middle""","0","-1","3","0","13","0","0","-1","-1","-1","""TRUE""","""null""","""FALSE""","-1","-1","-1","-1","-1","-1","""no sail or cabin.""","0","""Describing a picture to somebody.""","""Thanks!""","""27""","""m""","1","0","2","0","1","""3""","-1","Text"
"Describing Objects","Short and fun! A 1-2 minute word game about describing simple objects. Only one HIT per worker.","experiment, psychology, game, language, cognition, linguistics, description","$0.20 ","Thu Jul 17 16:31:58 PDT 2014","152","0","0","152","Reviewable","NotReviewed","1 scales","600","60000","Sun Jul 27 16:31:58 PDT 2014","S03985","Approved","","""Christmas tree""","""ornaments""","""lights""","""star""","""right""","""left""","0","-1","3","0","13","0","0","-1","-1","-1","""TRUE""","""null""","""FALSE""","-1","-1","-1","-1","-1","-1","""the blue bulbs on it""","0","""describing a picture so that another worker can identify it by description""","""no comments""","""36""","""f""","NA","0","0","2","1","""3""","-1","Text"
"Describing Objects","Short and fun! A 1-2 minute word game about describing simple objects. Only one HIT per worker.","experiment, psychology, game, language, cognition, linguistics, description","$0.20 ","Thu Jul 17 16:31:58 PDT 2014","152","0","0","152","Reviewable","NotReviewed","1 scales","600","60000","Sun Jul 27 16:31:58 PDT 2014","S25902","Approved","","""pizza""","""peppers""","""olives""","""mushrooms""","""middle""","""left""","0","-1","3","0","13","0","0","-1","-1","-1","""TRUE""","""null""","""FALSE""","-1","-1","-1","-1","-1","-1","""nothing but cheese.""","0","""describing pizza to another worker""","""none""","""39""","""m""","0","0","0","2","1","""3""","-1","Text"
"Describing Objects","Short and fun! A 1-2 minute word game about describing simple objects. Only one HIT per worker.","experiment, psychology, game, language, cognition, linguistics, description","$0.20 ","Thu Jul 17 16:31:58 PDT 2014","152","0","0","152","Reviewable","NotReviewed","1 scales","600","60000","Sun Jul 27 16:31:58 PDT 2014","S43495","Approved","","""friend""","""glasses""","""hat""","""mustache""","""left""","""right""","0","-1","3","0","13","0","0","-1","-1","-1","""TRUE""","""null""","""FALSE""","-1","-1","-1","-1","-1","-1","""no hat. ""","0","""Describing one of Bob's friends to another mturk worker. ""","""No.""","""20""","""m""","0","0","2","0","1","""3""","-1","Text"
"Describing Objects","Short and fun! A 1-2 minute word game about describing simple objects. Only one HIT per worker.","experiment, psychology, game, language, cognition, linguistics, description","$0.20 ","Thu Jul 17 16:31:58 PDT 2014","152","0","0","152","Reviewable","NotReviewed","1 scales","600","60000","Sun Jul 27 16:31:58 PDT 2014","S05601","Approved","","""snowman""","""hat""","""mittens""","""scarf""","""middle""","""left""","0","-1","3","0","13","0","0","-1","-1","-1","""TRUE""","""null""","""FALSE""","-1","-1","-1","-1","-1","-1","""green hat and purple gloves""","0","""describing a snowman to pick""","""""","""35""","""m""","NA","0","0","1","2","""3""","-1","Text"
"Describing Objects","Short and fun! A 1-2 minute word game about describing simple objects. Only one HIT per worker.","experiment, psychology, game, language, cognition, linguistics, description","$0.20 ","Thu Jul 17 16:31:58 PDT 2014","152","0","0","152","Reviewable","NotReviewed","1 scales","600","60000","Sun Jul 27 16:31:58 PDT 2014","S68759","Approved","","""pizza""","""mushrooms""","""olives""","""peppers""","""middle""","""right""","0","-1","3","0","13","0","0","-1","-1","-1","""TRUE""","""null""","""FALSE""","-1","-1","-1","-1","-1","-1","""no mushrooms and no olives.""","0","""Describing an object (pizza) to another person""","""N/A""","""23""","""m""","1","0","0","2","1","""3""","-1","Text"
"Describing Objects","Short and fun! A 1-2 minute word game about describing simple objects. Only one HIT per worker.","experiment, psychology, game, language, cognition, linguistics, description","$0.20 ","Thu Jul 17 16:31:58 PDT 2014","152","0","0","152","Reviewable","NotReviewed","1 scales","600","60000","Sun Jul 27 16:31:58 PDT 2014","S21316","Approved","","""boat""","""sail""","""cabin""","""motor""","""left""","""middle""","0","-1","3","0","13","0","0","-1","-1","-1","""TRUE""","""null""","""FALSE""","-1","-1","-1","-1","-1","-1","""less features""","0","""convincing others to choose a certain boat""","""""","""""","""m""","0","0","2","1","0","""3""","-1","Text"
"Describing Objects","Short and fun! A 1-2 minute word game about describing simple objects. Only one HIT per worker.","experiment, psychology, game, language, cognition, linguistics, description","$0.20 ","Thu Jul 17 16:31:58 PDT 2014","152","0","0","152","Reviewable","NotReviewed","1 scales","600","60000","Sun Jul 27 16:31:58 PDT 2014","S49147","Approved","","""pizza""","""mushrooms""","""olives""","""peppers""","""right""","""left""","0","-1","3","0","13","0","0","-1","-1","-1","""TRUE""","""null""","""FALSE""","-1","-1","-1","-1","-1","-1","""no toppings.""","0","""Pizza.""","""No.""","""25""","""f""","0","0","2","1","0","""3""","-1","Text"
"Describing Objects","Short and fun! A 1-2 minute word game about describing simple objects. Only one HIT per worker.","experiment, psychology, game, language, cognition, linguistics, description","$0.20 ","Thu Jul 17 16:31:58 PDT 2014","152","0","0","152","Reviewable","NotReviewed","1 scales","600","60000","Sun Jul 27 16:31:58 PDT 2014","S39586","Approved","","""boat""","""cabin""","""motor""","""sail""","""middle""","""right""","0","-1","3","0","13","0","0","-1","-1","-1","""TRUE""","""null""","""FALSE""","-1","-1","-1","-1","-1","-1","""no engine, and no above deck room.""","0","""Describing a specific boat to another worker.""","""I don't remember the name of the person, but I did pay attention :(""","""20""","""m""","1","0","2","0","1","""3""","-1","Text"
"Describing Objects","Short and fun! A 1-2 minute word game about describing simple objects. Only one HIT per worker.","experiment, psychology, game, language, cognition, linguistics, description","$0.20 ","Thu Jul 17 16:31:58 PDT 2014","152","0","0","152","Reviewable","NotReviewed","1 scales","600","60000","Sun Jul 27 16:31:58 PDT 2014","S81790","Approved","","""pizza""","""olives""","""mushrooms""","""peppers""","""middle""","""left""","0","-1","3","0","13","0","0","-1","-1","-1","""TRUE""","""null""","""FALSE""","-1","-1","-1","-1","-1","-1","""just cheese.""","0","""Picking pizza""","""""","""18""","""f""","0","0","2","1","0","""3""","-1","Text"
"Describing Objects","Short and fun! A 1-2 minute word game about describing simple objects. Only one HIT per worker.","experiment, psychology, game, language, cognition, linguistics, description","$0.20 ","Thu Jul 17 16:31:58 PDT 2014","152","0","0","152","Reviewable","NotReviewed","1 scales","600","60000","Sun Jul 27 16:31:58 PDT 2014","S76913","Approved","","""Christmas tree""","""lights""","""ornaments""","""star""","""middle""","""right""","0","-1","3","0","13","0","0","-1","-1","-1","""TRUE""","""null""","""FALSE""","-1","-1","-1","-1","-1","-1","""a plain look""","0","""getting another user to pick tree i picked""","""good survey""","""36""","""male""","0","0","0","2","1","""3""","-1","Text"
"Describing Objects","Short and fun! A 1-2 minute word game about describing simple objects. Only one HIT per worker.","experiment, psychology, game, language, cognition, linguistics, description","$0.20 ","Thu Jul 17 16:31:58 PDT 2014","152","0","0","152","Reviewable","NotReviewed","1 scales","600","60000","Sun Jul 27 16:31:58 PDT 2014","S65387","Approved","","""pizza""","""peppers""","""mushrooms""","""olives""","""middle""","""left""","0","-1","3","0","13","0","0","-1","-1","-1","""TRUE""","""null""","""FALSE""","-1","-1","-1","-1","-1","-1","""only cheese.""","0","""describing pictures so someone else knows what you mean""","""no""","""""","""""","0","0","2","1","0","""3""","-1","Text"
"Describing Objects","Short and fun! A 1-2 minute word game about describing simple objects. Only one HIT per worker.","experiment, psychology, game, language, cognition, linguistics, description","$0.20 ","Thu Jul 17 16:31:58 PDT 2014","152","0","0","152","Reviewable","NotReviewed","1 scales","600","60000","Sun Jul 27 16:31:58 PDT 2014","S78516","Approved","","""sundae""","""cherry""","""chocolate""","""whipped cream""","""middle""","""right""","0","-1","3","0","13","0","0","-1","-1","-1","""FALSE""","""null""","""FALSE""","-1","-1","-1","-1","-1","-1","""3 scoops of ice cream. No toppings.""","0","""ice cream descriptions""","""""","""22""","""m""","1","0","0","1","2","""3""","-1","Text"
"Describing Objects","Short and fun! A 1-2 minute word game about describing simple objects. Only one HIT per worker.","experiment, psychology, game, language, cognition, linguistics, description","$0.20 ","Thu Jul 17 16:31:58 PDT 2014","152","0","0","152","Reviewable","NotReviewed","1 scales","600","60000","Sun Jul 27 16:31:58 PDT 2014","S81693","Approved","","""Christmas tree""","""ornaments""","""star""","""lights""","""left""","""right""","0","-1","3","0","13","0","0","-1","-1","-1","""TRUE""","""null""","""FALSE""","-1","-1","-1","-1","-1","-1","""without the star on top.""","0","""Trimming trees""","""""","""""","""""","0","0","0","2","1","""3""","-1","Text"
"Describing Objects","Short and fun! A 1-2 minute word game about describing simple objects. Only one HIT per worker.","experiment, psychology, game, language, cognition, linguistics, description","$0.20 ","Thu Jul 17 16:31:58 PDT 2014","152","0","0","152","Reviewable","NotReviewed","1 scales","600","60000","Sun Jul 27 16:31:58 PDT 2014","S32081","Approved","","""pizza""","""peppers""","""olives""","""mushrooms""","""middle""","""left""","0","-1","3","0","13","0","0","-1","-1","-1","""TRUE""","""null""","""FALSE""","-1","-1","-1","-1","-1","-1","""only the white topping.""","0","""Describing a pizza""","""""","""20""","""m""","0","0","1","0","2","""3""","-1","Text"
"Describing Objects","Short and fun! A 1-2 minute word game about describing simple objects. Only one HIT per worker.","experiment, psychology, game, language, cognition, linguistics, description","$0.20 ","Thu Jul 17 16:31:58 PDT 2014","152","0","0","152","Reviewable","NotReviewed","1 scales","600","60000","Sun Jul 27 16:31:58 PDT 2014","S40070","Approved","","""pizza""","""olives""","""mushrooms""","""peppers""","""left""","""right""","0","-1","3","0","13","0","0","-1","-1","-1","""TRUE""","""null""","""FALSE""","-1","-1","-1","-1","-1","-1","""B""","0","""Describing Objects""","""Thanks""","""22""","""M""","NA","0","1","0","2","""3""","-1","Text"
"Describing Objects","Short and fun! A 1-2 minute word game about describing simple objects. Only one HIT per worker.","experiment, psychology, game, language, cognition, linguistics, description","$0.20 ","Thu Jul 17 16:31:58 PDT 2014","152","0","0","152","Reviewable","NotReviewed","1 scales","600","60000","Sun Jul 27 16:31:58 PDT 2014","S13029","Approved","","""sundae""","""whipped cream""","""cherry""","""chocolate""","""right""","""left""","0","-1","3","0","13","0","0","-1","-1","-1","""FALSE""","""null""","""FALSE""","-1","-1","-1","-1","-1","-1","""no toppings""","0","""ice cream toppings""","""no""","""32""","""f""","0","0","1","0","2","""3""","-1","Text"
"Describing Objects","Short and fun! A 1-2 minute word game about describing simple objects. Only one HIT per worker.","experiment, psychology, game, language, cognition, linguistics, description","$0.20 ","Thu Jul 17 16:31:58 PDT 2014","152","0","0","152","Reviewable","NotReviewed","1 scales","600","60000","Sun Jul 27 16:31:58 PDT 2014","S10386","Approved","","""pizza""","""mushrooms""","""olives""","""peppers""","""left""","""right""","0","-1","3","0","13","0","0","-1","-1","-1","""TRUE""","""null""","""FALSE""","-1","-1","-1","-1","-1","-1","""only cheese ""","0","""pizza""","""""","""18""","""m""","0","0","0","2","1","""3""","-1","Text"
"Describing Objects","Short and fun! A 1-2 minute word game about describing simple objects. Only one HIT per worker.","experiment, psychology, game, language, cognition, linguistics, description","$0.20 ","Thu Jul 17 16:31:58 PDT 2014","152","0","0","152","Reviewable","NotReviewed","1 scales","600","60000","Sun Jul 27 16:31:58 PDT 2014","S10471","Approved","","""friend""","""hat""","""glasses""","""mustache""","""right""","""left""","0","-1","3","0","13","0","0","-1","-1","-1","""TRUE""","""null""","""FALSE""","-1","-1","-1","-1","-1","-1","""A smiley face with no accessorys""","0","""Bob visiting his friends and be describing a face""","""none""","""24""","""male""","0","0","2","1","0","""3""","-1","Text"
"Describing Objects","Short and fun! A 1-2 minute word game about describing simple objects. Only one HIT per worker.","experiment, psychology, game, language, cognition, linguistics, description","$0.20 ","Thu Jul 17 16:31:58 PDT 2014","152","0","0","152","Reviewable","NotReviewed","1 scales","600","60000","Sun Jul 27 16:31:58 PDT 2014","S98887","Approved","","""boat""","""sail""","""motor""","""cabin""","""left""","""middle""","0","-1","3","0","13","0","0","-1","-1","-1","""TRUE""","""null""","""FALSE""","-1","-1","-1","-1","-1","-1","""no sail or motor""","0","""describing boats""","""no""","""47""","""f""","1","0","2","0","1","""3""","-1","Text"
"Describing Objects","Short and fun! A 1-2 minute word game about describing simple objects. Only one HIT per worker.","experiment, psychology, game, language, cognition, linguistics, description","$0.20 ","Thu Jul 17 16:31:58 PDT 2014","152","0","0","152","Reviewable","NotReviewed","1 scales","600","60000","Sun Jul 27 16:31:58 PDT 2014","S04656","Approved","","""friend""","""mustache""","""hat""","""glasses""","""left""","""middle""","0","-1","3","0","13","0","0","-1","-1","-1","""FALSE""","""null""","""FALSE""","-1","-1","-1","-1","-1","-1","""no hat.""","0","""Bob's friend""","""""","""""","""f""","0","0","1","2","0","""3""","-1","Text"
"Describing Objects","Short and fun! A 1-2 minute word game about describing simple objects. Only one HIT per worker.","experiment, psychology, game, language, cognition, linguistics, description","$0.20 ","Thu Jul 17 16:31:58 PDT 2014","152","0","0","152","Reviewable","NotReviewed","1 scales","600","60000","Sun Jul 27 16:31:58 PDT 2014","S92850","Approved","","""sundae""","""chocolate""","""cherry""","""whipped cream""","""right""","""middle""","0","-1","3","0","13","0","0","-1","-1","-1","""TRUE""","""null""","""FALSE""","-1","-1","-1","-1","-1","-1","""No toppings.""","0","""Describing ice cream topping to a fellow turker.""","""None, Thank you!""","""21""","""Male""","0","0","0","1","2","""3""","-1","Text"
"Describing Objects","Short and fun! A 1-2 minute word game about describing simple objects. Only one HIT per worker.","experiment, psychology, game, language, cognition, linguistics, description","$0.20 ","Thu Jul 17 16:31:58 PDT 2014","152","0","0","152","Reviewable","NotReviewed","1 scales","600","60000","Sun Jul 27 16:31:58 PDT 2014","S82855","Approved","","""Christmas tree""","""ornaments""","""star""","""lights""","""right""","""middle""","0","-1","3","0","13","0","0","-1","-1","-1","""TRUE""","""null""","""FALSE""","-1","-1","-1","-1","-1","-1","""a star on top and no lights""","1","""christams trees""","""great time""","""""","""m""","1","0","1","2","0","""3""","-1","Text"
"Describing Objects","Short and fun! A 1-2 minute word game about describing simple objects. Only one HIT per worker.","experiment, psychology, game, language, cognition, linguistics, description","$0.20 ","Thu Jul 17 16:31:58 PDT 2014","152","0","0","152","Reviewable","NotReviewed","1 scales","600","60000","Sun Jul 27 16:31:58 PDT 2014","S70252","Approved","","""friend""","""mustache""","""hat""","""glasses""","""middle""","""right""","0","-1","3","0","13","0","0","-1","-1","-1","""TRUE""","""null""","""FALSE""","-1","-1","-1","-1","-1","-1","""the hat but not a moustache""","1","""language""","""""","""29""","""m""","1","0","0","2","1","""3""","-1","Text"
"Describing Objects","Short and fun! A 1-2 minute word game about describing simple objects. Only one HIT per worker.","experiment, psychology, game, language, cognition, linguistics, description","$0.20 ","Thu Jul 17 16:31:58 PDT 2014","152","0","0","152","Reviewable","NotReviewed","1 scales","600","60000","Sun Jul 27 16:31:58 PDT 2014","S47363","Approved","","""Christmas tree""","""lights""","""star""","""ornaments""","""right""","""middle""","0","-1","3","0","13","0","0","-1","-1","-1","""TRUE""","""null""","""FALSE""","-1","-1","-1","-1","-1","-1","""a star on top but no other decorations.""","1","""Describing something with precise language""","""none""","""43""","""m""","1","0","1","2","0","""3""","-1","Text"
"Describing Objects","Short and fun! A 1-2 minute word game about describing simple objects. Only one HIT per worker.","experiment, psychology, game, language, cognition, linguistics, description","$0.20 ","Thu Jul 17 16:31:58 PDT 2014","152","0","0","152","Reviewable","NotReviewed","1 scales","600","60000","Sun Jul 27 16:31:58 PDT 2014","S11266","Approved","","""snowman""","""scarf""","""mittens""","""hat""","""left""","""right""","0","-1","3","0","13","0","0","-1","-1","-1","""TRUE""","""null""","""FALSE""","-1","-1","-1","-1","-1","-1","""mittens, no scarf""","1","""describing which snowman to pick to another turker""","""This was fun. ""","""28""","""female""","1","0","0","2","1","""3""","-1","Text"
"Describing Objects","Short and fun! A 1-2 minute word game about describing simple objects. Only one HIT per worker.","experiment, psychology, game, language, cognition, linguistics, description","$0.20 ","Thu Jul 17 16:31:58 PDT 2014","152","0","0","152","Reviewable","NotReviewed","1 scales","600","60000","Sun Jul 27 16:31:58 PDT 2014","S59529","Approved","","""friend""","""mustache""","""hat""","""glasses""","""right""","""left""","0","-1","3","0","13","0","0","-1","-1","-1","""FALSE""","""null""","""FALSE""","-1","-1","-1","-1","-1","-1","""Pick the face that has a hat, but no mustache.""","1","""I don't know.""","""I'm honestly not sure if it was Joe. It might have been bob. Maybe.""","""26""","""m""","1","0","0","2","1","""3""","-1","Text"
"Describing Objects","Short and fun! A 1-2 minute word game about describing simple objects. Only one HIT per worker.","experiment, psychology, game, language, cognition, linguistics, description","$0.20 ","Thu Jul 17 16:31:58 PDT 2014","152","0","0","152","Reviewable","NotReviewed","1 scales","600","60000","Sun Jul 27 16:31:58 PDT 2014","S93393","Approved","","""boat""","""motor""","""sail""","""cabin""","""right""","""left""","0","-1","3","0","13","0","0","-1","-1","-1","""TRUE""","""null""","""FALSE""","-1","-1","-1","-1","-1","-1","""a sail and portholes but no motor.""","1","""Describing images with words.""","""""","""19""","""f""","1","0","1","0","2","""3""","-1","Text"
"Describing Objects","Short and fun! A 1-2 minute word game about describing simple objects. Only one HIT per worker.","experiment, psychology, game, language, cognition, linguistics, description","$0.20 ","Thu Jul 17 16:31:58 PDT 2014","152","0","0","152","Reviewable","NotReviewed","1 scales","600","60000","Sun Jul 27 16:31:58 PDT 2014","S83877","Approved","","""boat""","""cabin""","""motor""","""sail""","""right""","""left""","0","-1","3","0","13","0","0","-1","-1","-1","""TRUE""","""null""","""FALSE""","-1","-1","-1","-1","-1","-1","""a propeller in the back but no room on the top""","1","""Describing one picture from three""","""Nope, thanks!""","""20""","""m""","1","0","1","0","2","""3""","-1","Text"
"Describing Objects","Short and fun! A 1-2 minute word game about describing simple objects. Only one HIT per worker.","experiment, psychology, game, language, cognition, linguistics, description","$0.20 ","Thu Jul 17 16:31:58 PDT 2014","152","0","0","152","Reviewable","NotReviewed","1 scales","600","60000","Sun Jul 27 16:31:58 PDT 2014","S27924","Approved","","""boat""","""sail""","""cabin""","""motor""","""right""","""middle""","0","-1","3","0","13","0","0","-1","-1","-1","""TRUE""","""null""","""FALSE""","-1","-1","-1","-1","-1","-1","""a cabin, but no sail.""","1","""Bob, his sailboat rentals, and describing the boat to others.""","""no""","""""","""""","1","0","2","0","1","""3""","-1","Text"
"Describing Objects","Short and fun! A 1-2 minute word game about describing simple objects. Only one HIT per worker.","experiment, psychology, game, language, cognition, linguistics, description","$0.20 ","Thu Jul 17 16:31:58 PDT 2014","152","0","0","152","Reviewable","NotReviewed","1 scales","600","60000","Sun Jul 27 16:31:58 PDT 2014","S80479","Approved","","""friend""","""hat""","""glasses""","""mustache""","""middle""","""left""","0","-1","3","0","13","0","0","-1","-1","-1","""TRUE""","""null""","""FALSE""","-1","-1","-1","-1","-1","-1","""glasses but no hat.""","1","""describing bob's friend""","""no""","""35""","""f""","1","0","1","2","0","""3""","-1","Text"
"Describing Objects","Short and fun! A 1-2 minute word game about describing simple objects. Only one HIT per worker.","experiment, psychology, game, language, cognition, linguistics, description","$0.20 ","Thu Jul 17 16:31:58 PDT 2014","152","0","0","152","Reviewable","NotReviewed","1 scales","600","60000","Sun Jul 27 16:31:58 PDT 2014","S17222","Approved","","""snowman""","""scarf""","""hat""","""mittens""","""left""","""right""","0","-1","3","0","13","0","0","-1","-1","-1","""TRUE""","""null""","""FALSE""","-1","-1","-1","-1","-1","-1","""a hat but no scarf.""","1","""Language""","""""","""36""","""m""","1","0","0","2","1","""3""","-1","Text"
"Describing Objects","Short and fun! A 1-2 minute word game about describing simple objects. Only one HIT per worker.","experiment, psychology, game, language, cognition, linguistics, description","$0.20 ","Thu Jul 17 16:31:58 PDT 2014","152","0","0","152","Reviewable","NotReviewed","1 scales","600","60000","Sun Jul 27 16:31:58 PDT 2014","S87230","Approved","","""Christmas tree""","""lights""","""ornaments""","""star""","""left""","""middle""","0","-1","3","0","13","0","0","-1","-1","-1","""TRUE""","""null""","""FALSE""","-1","-1","-1","-1","-1","-1","""purple bulbs and no lights.""","1","""Describing a christmas tree to another Turker""","""""","""29""","""m""","1","0","2","1","0","""3""","-1","Text"
"Describing Objects","Short and fun! A 1-2 minute word game about describing simple objects. Only one HIT per worker.","experiment, psychology, game, language, cognition, linguistics, description","$0.20 ","Thu Jul 17 16:31:58 PDT 2014","152","0","0","152","Reviewable","NotReviewed","1 scales","600","60000","Sun Jul 27 16:31:58 PDT 2014","S66400","Approved","","""Christmas tree""","""ornaments""","""star""","""lights""","""right""","""left""","0","-1","3","0","13","0","0","-1","-1","-1","""TRUE""","""null""","""FALSE""","-1","-1","-1","-1","-1","-1","""a star on top and no ornaments""","1","""language, possibly finding common operational definitions""","""n/a""","""23""","""m""","1","0","0","2","1","""3""","-1","Text"
"Describing Objects","Short and fun! A 1-2 minute word game about describing simple objects. Only one HIT per worker.","experiment, psychology, game, language, cognition, linguistics, description","$0.20 ","Thu Jul 17 16:31:58 PDT 2014","152","0","0","152","Reviewable","NotReviewed","1 scales","600","60000","Sun Jul 27 16:31:58 PDT 2014","S64640","Approved","","""friend""","""hat""","""mustache""","""glasses""","""left""","""middle""","0","-1","3","0","13","0","0","-1","-1","-1","""TRUE""","""null""","""FALSE""","-1","-1","-1","-1","-1","-1","""a moustache, pale skin, and no hat.""","1","""Describing images without losing focus.""","""""","""19""","""m""","1","0","1","0","2","""3""","-1","Text"
"Describing Objects","Short and fun! A 1-2 minute word game about describing simple objects. Only one HIT per worker.","experiment, psychology, game, language, cognition, linguistics, description","$0.20 ","Thu Jul 17 16:31:58 PDT 2014","152","0","0","152","Reviewable","NotReviewed","1 scales","600","60000","Sun Jul 27 16:31:58 PDT 2014","S08843","Approved","","""pizza""","""mushrooms""","""olives""","""peppers""","""middle""","""right""","0","-1","3","0","13","0","0","-1","-1","-1","""TRUE""","""null""","""FALSE""","-1","-1","-1","-1","-1","-1","""the black olive toppings without the mushrooms.""","1","""Describing which pizza you chose to a fellow Turker.""","""""","""38""","""m""","1","0","2","0","1","""3""","-1","Text"
"Describing Objects","Short and fun! A 1-2 minute word game about describing simple objects. Only one HIT per worker.","experiment, psychology, game, language, cognition, linguistics, description","$0.20 ","Thu Jul 17 16:31:58 PDT 2014","152","0","0","152","Reviewable","NotReviewed","1 scales","600","60000","Sun Jul 27 16:31:58 PDT 2014","S01069","Approved","","""sundae""","""chocolate""","""cherry""","""whipped cream""","""right""","""left""","0","-1","3","0","13","0","0","-1","-1","-1","""TRUE""","""null""","""FALSE""","-1","-1","-1","-1","-1","-1","""the cherry on top.""","1","""How people describe images.""","""""","""24""","""f""","0","0","0","2","1","""3""","-1","Text"
"Describing Objects","Short and fun! A 1-2 minute word game about describing simple objects. Only one HIT per worker.","experiment, psychology, game, language, cognition, linguistics, description","$0.20 ","Thu Jul 17 16:31:58 PDT 2014","152","0","0","152","Reviewable","NotReviewed","1 scales","600","60000","Sun Jul 27 16:31:58 PDT 2014","S70711","Approved","","""Christmas tree""","""lights""","""ornaments""","""star""","""middle""","""right""","0","-1","3","0","13","0","0","-1","-1","-1","""TRUE""","""null""","""FALSE""","-1","-1","-1","-1","-1","-1","""Only purple ornaments""","1","""Describing for another turker a tree""","""N/A""","""22""","""F""","0","0","1","0","2","""3""","-1","Text"
"Describing Objects","Short and fun! A 1-2 minute word game about describing simple objects. Only one HIT per worker.","experiment, psychology, game, language, cognition, linguistics, description","$0.20 ","Thu Jul 17 16:31:58 PDT 2014","152","0","0","152","Reviewable","NotReviewed","1 scales","600","60000","Sun Jul 27 16:31:58 PDT 2014","S56676","Approved","","""snowman""","""scarf""","""mittens""","""hat""","""middle""","""left""","0","-1","3","0","13","0","0","-1","-1","-1","""FALSE""","""null""","""FALSE""","-1","-1","-1","-1","-1","-1","""the blue gloves but without the red scarf.""","1","""how to describe objects to other people""","""""","""27""","""m""","1","0","2","1","0","""3""","-1","Text"
"Describing Objects","Short and fun! A 1-2 minute word game about describing simple objects. Only one HIT per worker.","experiment, psychology, game, language, cognition, linguistics, description","$0.20 ","Thu Jul 17 16:31:58 PDT 2014","152","0","0","152","Reviewable","NotReviewed","1 scales","600","60000","Sun Jul 27 16:31:58 PDT 2014","S39400","Approved","","""Christmas tree""","""lights""","""star""","""ornaments""","""middle""","""right""","0","-1","3","0","13","0","0","-1","-1","-1","""TRUE""","""null""","""FALSE""","-1","-1","-1","-1","-1","-1","""they yellow ornaments.""","1","""To test to see how I describe an objec.""","""""","""28""","""f""","NA","0","0","2","1","""3""","-1","Text"
"Describing Objects","Short and fun! A 1-2 minute word game about describing simple objects. Only one HIT per worker.","experiment, psychology, game, language, cognition, linguistics, description","$0.20 ","Thu Jul 17 16:31:58 PDT 2014","152","0","0","152","Reviewable","NotReviewed","1 scales","600","60000","Sun Jul 27 16:31:58 PDT 2014","S89231","Approved","","""boat""","""motor""","""sail""","""cabin""","""left""","""right""","0","-1","3","0","13","0","0","-1","-1","-1","""TRUE""","""null""","""FALSE""","-1","-1","-1","-1","-1","-1","""a sail but no outboard engine""","1","""How objects are described""","""No comments.""","""54""","""m""","1","0","0","2","1","""3""","-1","Text"
"Describing Objects","Short and fun! A 1-2 minute word game about describing simple objects. Only one HIT per worker.","experiment, psychology, game, language, cognition, linguistics, description","$0.20 ","Thu Jul 17 16:31:58 PDT 2014","152","0","0","152","Reviewable","NotReviewed","1 scales","600","60000","Sun Jul 27 16:31:58 PDT 2014","S07306","Approved","","""pizza""","""mushrooms""","""olives""","""peppers""","""left""","""right""","0","-1","3","0","13","0","0","-1","-1","-1","""TRUE""","""null""","""FALSE""","-1","-1","-1","-1","-1","-1","""cheese and olives, no mushrooms.""","1","""Describing a pizza to another worker.""","""""","""25""","""f""","1","0","2","0","1","""3""","-1","Text"
"Describing Objects","Short and fun! A 1-2 minute word game about describing simple objects. Only one HIT per worker.","experiment, psychology, game, language, cognition, linguistics, description","$0.20 ","Thu Jul 17 16:31:58 PDT 2014","152","0","0","152","Reviewable","NotReviewed","1 scales","600","60000","Sun Jul 27 16:31:58 PDT 2014","S75543","Approved","","""pizza""","""peppers""","""olives""","""mushrooms""","""left""","""middle""","0","-1","3","0","13","0","0","-1","-1","-1","""TRUE""","""null""","""FALSE""","-1","-1","-1","-1","-1","-1","""cheese and olives, no peppers.""","1","""Describing a pizza to another worker""","""No""","""21""","""f""","1","0","2","0","1","""3""","-1","Text"
"Describing Objects","Short and fun! A 1-2 minute word game about describing simple objects. Only one HIT per worker.","experiment, psychology, game, language, cognition, linguistics, description","$0.20 ","Thu Jul 17 16:31:58 PDT 2014","152","0","0","152","Reviewable","NotReviewed","1 scales","600","60000","Sun Jul 27 16:31:58 PDT 2014","S41669","Approved","","""sundae""","""cherry""","""chocolate""","""whipped cream""","""left""","""right""","0","-1","3","0","13","0","0","-1","-1","-1","""TRUE""","""null""","""FALSE""","-1","-1","-1","-1","-1","-1","""the chocolate syrup topping and no cherry.""","1","""describing a sundae to another turker""","""no""","""33""","""m""","1","0","2","0","1","""3""","-1","Text"
"Describing Objects","Short and fun! A 1-2 minute word game about describing simple objects. Only one HIT per worker.","experiment, psychology, game, language, cognition, linguistics, description","$0.20 ","Thu Jul 17 16:31:58 PDT 2014","152","0","0","152","Reviewable","NotReviewed","1 scales","600","60000","Sun Jul 27 16:31:58 PDT 2014","S84341","Approved","","""sundae""","""chocolate""","""cherry""","""whipped cream""","""left""","""right""","0","-1","3","0","13","0","0","-1","-1","-1","""FALSE""","""null""","""FALSE""","-1","-1","-1","-1","-1","-1","""a single cherry on top and nothing else.""","1","""Describing an object.""","""None""","""34""","""m""","1","0","2","0","1","""3""","-1","Text"
"Describing Objects","Short and fun! A 1-2 minute word game about describing simple objects. Only one HIT per worker.","experiment, psychology, game, language, cognition, linguistics, description","$0.20 ","Thu Jul 17 16:31:58 PDT 2014","152","0","0","152","Reviewable","NotReviewed","1 scales","600","60000","Sun Jul 27 16:31:58 PDT 2014","S13468","Approved","","""snowman""","""scarf""","""hat""","""mittens""","""right""","""left""","0","-1","3","0","13","0","0","-1","-1","-1","""TRUE""","""null""","""FALSE""","-1","-1","-1","-1","-1","-1","""no scarf and a green hat""","1","""Snowmen and a guy who likes to make them.""","""no""","""19""","""f""","1","0","1","2","0","""3""","-1","Text"
"Describing Objects","Short and fun! A 1-2 minute word game about describing simple objects. Only one HIT per worker.","experiment, psychology, game, language, cognition, linguistics, description","$0.20 ","Thu Jul 17 16:31:58 PDT 2014","152","0","0","152","Reviewable","NotReviewed","1 scales","600","60000","Sun Jul 27 16:31:58 PDT 2014","S41859","Approved","","""pizza""","""peppers""","""mushrooms""","""olives""","""middle""","""left""","0","-1","3","0","13","0","0","-1","-1","-1","""TRUE""","""null""","""FALSE""","-1","-1","-1","-1","-1","-1","""cheese and mushrooms""","1","""Getting information to others""","""""","""""","""f""","0","0","1","0","2","""3""","-1","Text"
"Describing Objects","Short and fun! A 1-2 minute word game about describing simple objects. Only one HIT per worker.","experiment, psychology, game, language, cognition, linguistics, description","$0.20 ","Thu Jul 17 16:31:58 PDT 2014","152","0","0","152","Reviewable","NotReviewed","1 scales","600","60000","Sun Jul 27 16:31:58 PDT 2014","S52276","Approved","","""boat""","""cabin""","""sail""","""motor""","""right""","""left""","0","-1","3","0","13","0","0","-1","-1","-1","""TRUE""","""null""","""FALSE""","-1","-1","-1","-1","-1","-1","""only the sail.""","1","""Conveying a picture of a boat.""","""nope""","""19""","""m""","0","0","2","0","1","""3""","-1","Text"
"Describing Objects","Short and fun! A 1-2 minute word game about describing simple objects. Only one HIT per worker.","experiment, psychology, game, language, cognition, linguistics, description","$0.20 ","Thu Jul 17 16:31:58 PDT 2014","152","0","0","152","Reviewable","NotReviewed","1 scales","600","60000","Sun Jul 27 16:31:58 PDT 2014","S48355","Approved","","""sundae""","""chocolate""","""whipped cream""","""cherry""","""middle""","""left""","0","-1","3","0","13","0","0","-1","-1","-1","""TRUE""","""null""","""FALSE""","-1","-1","-1","-1","-1","-1","""caramel and whip cream topping.""","1","""Bob and his Friday sundaes""","""The drawings are cute""","""24""","""Male""","NA","0","1","0","2","""3""","-1","Text"
"Describing Objects","Short and fun! A 1-2 minute word game about describing simple objects. Only one HIT per worker.","experiment, psychology, game, language, cognition, linguistics, description","$0.20 ","Thu Jul 17 16:31:58 PDT 2014","152","0","0","152","Reviewable","NotReviewed","1 scales","600","60000","Sun Jul 27 16:31:58 PDT 2014","S43825","Approved","","""boat""","""motor""","""sail""","""cabin""","""middle""","""right""","0","-1","3","0","13","0","0","-1","-1","-1","""TRUE""","""null""","""FALSE""","-1","-1","-1","-1","-1","-1","""a sail but no motor""","1","""how you describe similar images""","""fun""","""38""","""m""","1","0","2","1","0","""3""","-1","Text"
"Describing Objects","Short and fun! A 1-2 minute word game about describing simple objects. Only one HIT per worker.","experiment, psychology, game, language, cognition, linguistics, description","$0.20 ","Thu Jul 17 16:31:58 PDT 2014","152","0","0","152","Reviewable","NotReviewed","1 scales","600","60000","Sun Jul 27 16:31:58 PDT 2014","S45426","Approved","","""friend""","""hat""","""mustache""","""glasses""","""middle""","""right""","0","-1","3","0","13","0","0","-1","-1","-1","""TRUE""","""null""","""FALSE""","-1","-1","-1","-1","-1","-1","""It's the one with the mustache and no hat.""","1","""describing features""","""""","""44""","""m""","1","0","1","0","2","""3""","-1","Text"
"Describing Objects","Short and fun! A 1-2 minute word game about describing simple objects. Only one HIT per worker.","experiment, psychology, game, language, cognition, linguistics, description","$0.20 ","Thu Jul 17 16:31:58 PDT 2014","152","0","0","152","Reviewable","NotReviewed","1 scales","600","60000","Sun Jul 27 16:31:58 PDT 2014","S10849","Approved","","""pizza""","""mushrooms""","""olives""","""peppers""","""right""","""middle""","0","-1","3","0","13","0","0","-1","-1","-1","""FALSE""","""null""","""FALSE""","-1","-1","-1","-1","-1","-1","""the lightest and darkest toppings""","1","""Trying to get someone to pick one of three pizzas, without being able to communicate the position of the pizza.""","""I think there's a 50% chance it was either Tim or Bob. I picked Tim because Bob is my brother in law's name and I want to assume that it feels more familiar than Tim for that reason.""","""27""","""m""","NA","0","2","0","1","""3""","-1","Text"
"Describing Objects","Short and fun! A 1-2 minute word game about describing simple objects. Only one HIT per worker.","experiment, psychology, game, language, cognition, linguistics, description","$0.20 ","Thu Jul 17 16:31:58 PDT 2014","152","0","0","152","Reviewable","NotReviewed","1 scales","600","60000","Sun Jul 27 16:31:58 PDT 2014","S55325","Approved","","""sundae""","""chocolate""","""cherry""","""whipped cream""","""left""","""middle""","0","-1","3","0","13","0","0","-1","-1","-1","""TRUE""","""null""","""FALSE""","-1","-1","-1","-1","-1","-1","""cherry on top and without caramel""","1","""describing an object to someon else""","""""","""30""","""f""","1","0","1","2","0","""3""","-1","Text"
"Describing Objects","Short and fun! A 1-2 minute word game about describing simple objects. Only one HIT per worker.","experiment, psychology, game, language, cognition, linguistics, description","$0.20 ","Thu Jul 17 16:31:58 PDT 2014","152","0","0","152","Reviewable","NotReviewed","1 scales","600","60000","Sun Jul 27 16:31:58 PDT 2014","S82176","Approved","","""snowman""","""scarf""","""hat""","""mittens""","""right""","""middle""","0","-1","3","0","13","0","0","-1","-1","-1","""TRUE""","""null""","""FALSE""","-1","-1","-1","-1","-1","-1","""I am describing the snowman that is wearing a green hat but does not have a red scarf.""","1","""Describing objects""","""No""","""50""","""m""","1","0","2","1","0","""3""","-1","Text"
"Describing Objects","Short and fun! A 1-2 minute word game about describing simple objects. Only one HIT per worker.","experiment, psychology, game, language, cognition, linguistics, description","$0.20 ","Thu Jul 17 16:31:58 PDT 2014","152","0","0","152","Reviewable","NotReviewed","1 scales","600","60000","Sun Jul 27 16:31:58 PDT 2014","S05142","Approved","","""sundae""","""cherry""","""whipped cream""","""chocolate""","""middle""","""left""","0","-1","3","0","13","0","0","-1","-1","-1","""FALSE""","""null""","""FALSE""","-1","-1","-1","-1","-1","-1","""whipped cream but no cherry.""","1","""Describing the option of sundae to pick.""","""""","""20""","""m""","1","0","0","2","1","""3""","-1","Text"
"Describing Objects","Short and fun! A 1-2 minute word game about describing simple objects. Only one HIT per worker.","experiment, psychology, game, language, cognition, linguistics, description","$0.20 ","Thu Jul 17 16:31:58 PDT 2014","152","0","0","152","Reviewable","NotReviewed","1 scales","600","60000","Sun Jul 27 16:31:58 PDT 2014","S74318","Approved","","""boat""","""motor""","""cabin""","""sail""","""right""","""left""","0","-1","3","0","13","0","0","-1","-1","-1","""TRUE""","""null""","""FALSE""","-1","-1","-1","-1","-1","-1","""a captain's cabin and without a motor.""","1","""How to describe objects""","""""","""29""","""m""","1","0","2","1","0","""3""","-1","Text"
"Describing Objects","Short and fun! A 1-2 minute word game about describing simple objects. Only one HIT per worker.","experiment, psychology, game, language, cognition, linguistics, description","$0.20 ","Thu Jul 17 16:31:58 PDT 2014","152","0","0","152","Reviewable","NotReviewed","1 scales","600","60000","Sun Jul 27 16:31:58 PDT 2014","S24592","Approved","","""Christmas tree""","""lights""","""star""","""ornaments""","""right""","""left""","0","-1","3","0","13","0","0","-1","-1","-1","""TRUE""","""null""","""FALSE""","-1","-1","-1","-1","-1","-1","""bare tree with a star""","1","""no idea""","""no""","""28""","""m""","1","0","1","0","2","""3""","-1","Text"
"Describing Objects","Short and fun! A 1-2 minute word game about describing simple objects. Only one HIT per worker.","experiment, psychology, game, language, cognition, linguistics, description","$0.20 ","Thu Jul 17 16:31:58 PDT 2014","152","0","0","152","Reviewable","NotReviewed","1 scales","600","60000","Sun Jul 27 16:31:58 PDT 2014","S46136","Approved","","""boat""","""sail""","""cabin""","""motor""","""middle""","""right""","0","-1","3","0","13","0","0","-1","-1","-1","""TRUE""","""null""","""FALSE""","-1","-1","-1","-1","-1","-1","""the darkest wood color""","1","""how to describe objects""","""""","""21""","""f""","NA","0","1","2","0","""3""","-1","Text"
"Describing Objects","Short and fun! A 1-2 minute word game about describing simple objects. Only one HIT per worker.","experiment, psychology, game, language, cognition, linguistics, description","$0.20 ","Thu Jul 17 16:31:58 PDT 2014","152","0","0","152","Reviewable","NotReviewed","1 scales","600","60000","Sun Jul 27 16:31:58 PDT 2014","S69972","Approved","","""snowman""","""hat""","""mittens""","""scarf""","""left""","""right""","0","-1","3","0","13","0","0","-1","-1","-1","""TRUE""","""null""","""FALSE""","-1","-1","-1","-1","-1","-1","""mittens and no hat""","1","""Describing things (to another turker)""","""""","""32""","""f""","1","0","1","0","2","""3""","-1","Text"
"Describing Objects","Short and fun! A 1-2 minute word game about describing simple objects. Only one HIT per worker.","experiment, psychology, game, language, cognition, linguistics, description","$0.20 ","Thu Jul 17 16:31:58 PDT 2014","152","0","0","152","Reviewable","NotReviewed","1 scales","600","60000","Sun Jul 27 16:31:58 PDT 2014","S21847","Approved","","""pizza""","""peppers""","""mushrooms""","""olives""","""left""","""right""","0","-1","3","0","13","0","0","-1","-1","-1","""TRUE""","""null""","""FALSE""","-1","-1","-1","-1","-1","-1","""mushroom""","1","""Pizza""","""None""","""23""","""Male""","0","0","2","1","0","""3""","-1","Text"
"Describing Objects","Short and fun! A 1-2 minute word game about describing simple objects. Only one HIT per worker.","experiment, psychology, game, language, cognition, linguistics, description","$0.20 ","Thu Jul 17 16:31:58 PDT 2014","152","0","0","152","Reviewable","NotReviewed","1 scales","600","60000","Sun Jul 27 16:31:58 PDT 2014","S62588","Approved","","""pizza""","""olives""","""mushrooms""","""peppers""","""left""","""right""","0","-1","3","0","13","0","0","-1","-1","-1","""TRUE""","""null""","""FALSE""","-1","-1","-1","-1","-1","-1","""mushrooms and cheese on it, but no olives!""","1","""having the other turker pick the right pizza by making me describe it""","""was the white stuff cheese? I'm not too sure""","""24""","""f""","1","0","1","0","2","""3""","-1","Text"
"Describing Objects","Short and fun! A 1-2 minute word game about describing simple objects. Only one HIT per worker.","experiment, psychology, game, language, cognition, linguistics, description","$0.20 ","Thu Jul 17 16:31:58 PDT 2014","152","0","0","152","Reviewable","NotReviewed","1 scales","600","60000","Sun Jul 27 16:31:58 PDT 2014","S08148","Approved","","""snowman""","""scarf""","""mittens""","""hat""","""middle""","""left""","0","-1","3","0","13","0","0","-1","-1","-1","""TRUE""","""null""","""FALSE""","-1","-1","-1","-1","-1","-1","""the purple gloves and no scarf. ""","1","""Communicating to different turkers when the order of an image is random.""","""""","""31""","""f""","1","0","1","0","2","""3""","-1","Text"
"Describing Objects","Short and fun! A 1-2 minute word game about describing simple objects. Only one HIT per worker.","experiment, psychology, game, language, cognition, linguistics, description","$0.20 ","Thu Jul 17 16:31:58 PDT 2014","152","0","0","152","Reviewable","NotReviewed","1 scales","600","60000","Sun Jul 27 16:31:58 PDT 2014","S26855","Approved","","""boat""","""cabin""","""motor""","""sail""","""middle""","""right""","0","-1","3","0","13","0","0","-1","-1","-1","""TRUE""","""null""","""FALSE""","-1","-1","-1","-1","-1","-1","""no cabin, windows, and an outboard motor.""","1","""How people describe objects with various features. ""","""""","""38""","""m""","1","0","2","0","1","""3""","-1","Text"
"Describing Objects","Short and fun! A 1-2 minute word game about describing simple objects. Only one HIT per worker.","experiment, psychology, game, language, cognition, linguistics, description","$0.20 ","Thu Jul 17 16:31:58 PDT 2014","152","0","0","152","Reviewable","NotReviewed","1 scales","600","60000","Sun Jul 27 16:31:58 PDT 2014","S36506","Approved","","""pizza""","""peppers""","""mushrooms""","""olives""","""left""","""right""","0","-1","3","0","13","0","0","-1","-1","-1","""TRUE""","""null""","""FALSE""","-1","-1","-1","-1","-1","-1","""mushrooms""","1","""Bob likes to eat pizza""","""""","""25""","""f""","0","0","1","0","2","""3""","-1","Text"
"Describing Objects","Short and fun! A 1-2 minute word game about describing simple objects. Only one HIT per worker.","experiment, psychology, game, language, cognition, linguistics, description","$0.20 ","Thu Jul 17 16:31:58 PDT 2014","152","0","0","152","Reviewable","NotReviewed","1 scales","600","60000","Sun Jul 27 16:31:58 PDT 2014","S10269","Approved","","""friend""","""hat""","""mustache""","""glasses""","""middle""","""right""","0","-1","3","0","13","0","0","-1","-1","-1","""TRUE""","""null""","""FALSE""","-1","-1","-1","-1","-1","-1","""the moustache and no hat.""","1","""describing Bob's friend""","""fun""","""22""","""m""","1","0","2","0","1","""3""","-1","Text"
"Describing Objects","Short and fun! A 1-2 minute word game about describing simple objects. Only one HIT per worker.","experiment, psychology, game, language, cognition, linguistics, description","$0.20 ","Thu Jul 17 16:31:58 PDT 2014","152","0","0","152","Reviewable","NotReviewed","1 scales","600","60000","Sun Jul 27 16:31:58 PDT 2014","S60359","Approved","","""sundae""","""chocolate""","""whipped cream""","""cherry""","""right""","""left""","0","-1","3","0","13","0","0","-1","-1","-1","""TRUE""","""null""","""FALSE""","-1","-1","-1","-1","-1","-1","""cream only.""","1","""Explaining how to chose option A.""","""No.""","""24""","""F""","0","0","1","0","2","""3""","-1","Text"
"Describing Objects","Short and fun! A 1-2 minute word game about describing simple objects. Only one HIT per worker.","experiment, psychology, game, language, cognition, linguistics, description","$0.20 ","Thu Jul 17 16:31:58 PDT 2014","152","0","0","152","Reviewable","NotReviewed","1 scales","600","60000","Sun Jul 27 16:31:58 PDT 2014","S44576","Approved","","""snowman""","""mittens""","""scarf""","""hat""","""left""","""middle""","0","-1","3","0","13","0","0","-1","-1","-1","""TRUE""","""null""","""FALSE""","-1","-1","-1","-1","-1","-1","""a red scarf and no gloves.""","1","""Perhaps to see what sort of language we use to describe things.""","""No""","""29""","""f""","1","0","2","0","1","""3""","-1","Text"
"Describing Objects","Short and fun! A 1-2 minute word game about describing simple objects. Only one HIT per worker.","experiment, psychology, game, language, cognition, linguistics, description","$0.20 ","Thu Jul 17 16:31:58 PDT 2014","152","0","0","152","Reviewable","NotReviewed","1 scales","600","60000","Sun Jul 27 16:31:58 PDT 2014","S90037","Approved","","""pizza""","""peppers""","""olives""","""mushrooms""","""left""","""right""","0","-1","3","0","13","0","0","-1","-1","-1","""TRUE""","""null""","""FALSE""","-1","-1","-1","-1","-1","-1","""black olives""","1","""how to describe a pizza so another turker guessed it""","""no""","""25""","""f""","0","0","2","1","0","""3""","-1","Text"
"Describing Objects","Short and fun! A 1-2 minute word game about describing simple objects. Only one HIT per worker.","experiment, psychology, game, language, cognition, linguistics, description","$0.20 ","Thu Jul 17 16:31:58 PDT 2014","152","0","0","152","Reviewable","NotReviewed","1 scales","600","60000","Sun Jul 27 16:31:58 PDT 2014","S61619","Approved","","""sundae""","""whipped cream""","""cherry""","""chocolate""","""middle""","""right""","0","-1","3","0","13","0","0","-1","-1","-1","""TRUE""","""null""","""FALSE""","-1","-1","-1","-1","-1","-1","""a cherry and no whipped crem""","1","""describing objects by visual clues.""","""no""","""28""","""Male""","1","0","2","0","1","""3""","-1","Text"
"Describing Objects","Short and fun! A 1-2 minute word game about describing simple objects. Only one HIT per worker.","experiment, psychology, game, language, cognition, linguistics, description","$0.20 ","Thu Jul 17 16:31:58 PDT 2014","152","0","0","152","Reviewable","NotReviewed","1 scales","600","60000","Sun Jul 27 16:31:58 PDT 2014","S67064","Approved","","""boat""","""cabin""","""sail""","""motor""","""right""","""middle""","0","-1","3","0","13","0","0","-1","-1","-1","""TRUE""","""null""","""FALSE""","-1","-1","-1","-1","-1","-1","""a sail but no cabin.""","1","""describing bob""","""""","""23""","""m""","1","0","2","1","0","""3""","-1","Text"
"Describing Objects","Short and fun! A 1-2 minute word game about describing simple objects. Only one HIT per worker.","experiment, psychology, game, language, cognition, linguistics, description","$0.20 ","Thu Jul 17 16:31:58 PDT 2014","152","0","0","152","Reviewable","NotReviewed","1 scales","600","60000","Sun Jul 27 16:31:58 PDT 2014","S88206","Approved","","""snowman""","""scarf""","""mittens""","""hat""","""middle""","""right""","0","-1","3","0","13","0","0","-1","-1","-1","""TRUE""","""null""","""FALSE""","-1","-1","-1","-1","-1","-1","""the purple gloves. He is wearing nothing else. ""","1","""Conveying messages to others using descriptors. ""","""""","""27""","""M""","1","0","1","0","2","""3""","-1","Text"
"Describing Objects","Short and fun! A 1-2 minute word game about describing simple objects. Only one HIT per worker.","experiment, psychology, game, language, cognition, linguistics, description","$0.20 ","Thu Jul 17 16:31:58 PDT 2014","152","0","0","152","Reviewable","NotReviewed","1 scales","600","60000","Sun Jul 27 16:31:58 PDT 2014","S36302","Approved","","""snowman""","""hat""","""mittens""","""scarf""","""left""","""right""","0","-1","3","0","13","0","0","-1","-1","-1","""FALSE""","""null""","""FALSE""","-1","-1","-1","-1","-1","-1","""no hat and purple gloves""","1","""Snowmen""","""""","""20""","""m""","1","0","0","2","1","""3""","-1","Text"
"Describing Objects","Short and fun! A 1-2 minute word game about describing simple objects. Only one HIT per worker.","experiment, psychology, game, language, cognition, linguistics, description","$0.20 ","Thu Jul 17 16:31:58 PDT 2014","152","0","0","152","Reviewable","NotReviewed","1 scales","600","60000","Sun Jul 27 16:31:58 PDT 2014","S12811","Approved","","""pizza""","""peppers""","""olives""","""mushrooms""","""middle""","""left""","0","-1","3","0","13","0","0","-1","-1","-1","""FALSE""","""null""","""FALSE""","-1","-1","-1","-1","-1","-1","""with olives on it and cheese, nothing else.""","1","""Pizzas""","""no""","""30""","""f""","1","0","0","1","2","""3""","-1","Text"
"Describing Objects","Short and fun! A 1-2 minute word game about describing simple objects. Only one HIT per worker.","experiment, psychology, game, language, cognition, linguistics, description","$0.20 ","Thu Jul 17 16:31:58 PDT 2014","152","0","0","152","Reviewable","NotReviewed","1 scales","600","60000","Sun Jul 27 16:31:58 PDT 2014","S09107","Approved","","""Christmas tree""","""star""","""lights""","""ornaments""","""middle""","""left""","0","-1","3","0","13","0","0","-1","-1","-1","""TRUE""","""null""","""FALSE""","-1","-1","-1","-1","-1","-1","""ONLY lights""","1","""Describing 3 seprate Christmas trees""","""No""","""20""","""f""","0","0","1","0","2","""3""","-1","Text"
"Describing Objects","Short and fun! A 1-2 minute word game about describing simple objects. Only one HIT per worker.","experiment, psychology, game, language, cognition, linguistics, description","$0.20 ","Thu Jul 17 16:31:58 PDT 2014","152","0","0","152","Reviewable","NotReviewed","1 scales","600","60000","Sun Jul 27 16:31:58 PDT 2014","S20598","Approved","","""friend""","""hat""","""glasses""","""mustache""","""left""","""right""","0","-1","3","0","13","0","0","-1","-1","-1","""TRUE""","""null""","""FALSE""","-1","-1","-1","-1","-1","-1","""It's the picture with the yellow faced guy with glasses and no hat.""","1","""Describing a picture of a person to another person""","""""","""29""","""m""","1","0","1","2","0","""3""","-1","Text"
"Describing Objects","Short and fun! A 1-2 minute word game about describing simple objects. Only one HIT per worker.","experiment, psychology, game, language, cognition, linguistics, description","$0.20 ","Thu Jul 17 16:31:58 PDT 2014","152","0","0","152","Reviewable","NotReviewed","1 scales","600","60000","Sun Jul 27 16:31:58 PDT 2014","S96402","Approved","","""sundae""","""cherry""","""chocolate""","""whipped cream""","""right""","""middle""","0","-1","3","0","13","0","0","-1","-1","-1","""FALSE""","""null""","""FALSE""","-1","-1","-1","-1","-1","-1","""chocolate sauce and a cherry on top.""","2","""describing an ice cream sundae""","""""","""23""","""f""","1","0","2","1","0","""3""","-1","Text"
"Describing Objects","Short and fun! A 1-2 minute word game about describing simple objects. Only one HIT per worker.","experiment, psychology, game, language, cognition, linguistics, description","$0.20 ","Thu Jul 17 16:31:58 PDT 2014","152","0","0","152","Reviewable","NotReviewed","1 scales","600","60000","Sun Jul 27 16:31:58 PDT 2014","S75266","Approved","","""sundae""","""cherry""","""chocolate""","""whipped cream""","""right""","""middle""","0","-1","3","0","13","0","0","-1","-1","-1","""TRUE""","""null""","""FALSE""","-1","-1","-1","-1","-1","-1","""strawbery""","2","""Bob adn sundae""","""""","""""","""M""","0","0","2","1","0","""3""","-1","Text"
"Describing Objects","Short and fun! A 1-2 minute word game about describing simple objects. Only one HIT per worker.","experiment, psychology, game, language, cognition, linguistics, description","$0.20 ","Thu Jul 17 16:31:58 PDT 2014","152","0","0","152","Reviewable","NotReviewed","1 scales","600","60000","Sun Jul 27 16:31:58 PDT 2014","S47495","Approved","","""snowman""","""scarf""","""hat""","""mittens""","""right""","""left""","0","-1","3","0","13","0","0","-1","-1","-1","""TRUE""","""null""","""FALSE""","-1","-1","-1","-1","-1","-1","""Its fully dressed with a hat and scarf""","2","""Conveying a message to another person ""","""""","""34""","""male""","1","0","0","2","1","""3""","-1","Text"
"Describing Objects","Short and fun! A 1-2 minute word game about describing simple objects. Only one HIT per worker.","experiment, psychology, game, language, cognition, linguistics, description","$0.20 ","Thu Jul 17 16:31:58 PDT 2014","152","0","0","152","Reviewable","NotReviewed","1 scales","600","60000","Sun Jul 27 16:31:58 PDT 2014","S36841","Approved","","""boat""","""cabin""","""motor""","""sail""","""left""","""middle""","0","-1","3","0","13","0","0","-1","-1","-1","""TRUE""","""null""","""FALSE""","-1","-1","-1","-1","-1","-1","""the hood""","2","""describing boats""","""""","""28""","""f""","0","0","0","2","1","""3""","-1","Text"
"Describing Objects","Short and fun! A 1-2 minute word game about describing simple objects. Only one HIT per worker.","experiment, psychology, game, language, cognition, linguistics, description","$0.20 ","Thu Jul 17 16:31:58 PDT 2014","152","0","0","152","Reviewable","NotReviewed","1 scales","600","60000","Sun Jul 27 16:31:58 PDT 2014","S71816","Approved","","""snowman""","""hat""","""mittens""","""scarf""","""left""","""middle""","0","-1","3","0","13","0","0","-1","-1","-1","""FALSE""","""null""","""FALSE""","-1","-1","-1","-1","-1","-1","""the green hat and the purple gloves.""","2","""describing snowmen accurately.""","""Thank you!""","""29""","""Male""","1","0","0","1","2","""3""","-1","Text"
"Describing Objects","Short and fun! A 1-2 minute word game about describing simple objects. Only one HIT per worker.","experiment, psychology, game, language, cognition, linguistics, description","$0.20 ","Thu Jul 17 16:31:58 PDT 2014","152","0","0","152","Reviewable","NotReviewed","1 scales","600","60000","Sun Jul 27 16:31:58 PDT 2014","S89180","Approved","","""snowman""","""hat""","""mittens""","""scarf""","""middle""","""right""","0","-1","3","0","13","0","0","-1","-1","-1","""TRUE""","""null""","""FALSE""","-1","-1","-1","-1","-1","-1","""the green cap.""","2","""describing a snow man to another turker""","""hi""","""30""","""m""","0","0","0","1","2","""3""","-1","Text"
"Describing Objects","Short and fun! A 1-2 minute word game about describing simple objects. Only one HIT per worker.","experiment, psychology, game, language, cognition, linguistics, description","$0.20 ","Thu Jul 17 16:31:58 PDT 2014","152","0","0","152","Reviewable","NotReviewed","1 scales","600","60000","Sun Jul 27 16:31:58 PDT 2014","S61853","Approved","","""pizza""","""peppers""","""olives""","""mushrooms""","""middle""","""right""","0","-1","3","0","13","0","0","-1","-1","-1","""TRUE""","""null""","""FALSE""","-1","-1","-1","-1","-1","-1","""the green ingredients on it.""","2","""describing a pizza to another turker""","""""","""23""","""m""","0","0","2","0","1","""3""","-1","Text"
"Describing Objects","Short and fun! A 1-2 minute word game about describing simple objects. Only one HIT per worker.","experiment, psychology, game, language, cognition, linguistics, description","$0.20 ","Thu Jul 17 16:31:58 PDT 2014","152","0","0","152","Reviewable","NotReviewed","1 scales","600","60000","Sun Jul 27 16:31:58 PDT 2014","S67692","Approved","","""Christmas tree""","""lights""","""star""","""ornaments""","""left""","""right""","0","-1","3","0","13","0","0","-1","-1","-1","""TRUE""","""null""","""FALSE""","-1","-1","-1","-1","-1","-1","""the lights""","2","""decision making""","""no""","""""","""m""","0","0","1","2","0","""3""","-1","Text"
"Describing Objects","Short and fun! A 1-2 minute word game about describing simple objects. Only one HIT per worker.","experiment, psychology, game, language, cognition, linguistics, description","$0.20 ","Thu Jul 17 16:31:58 PDT 2014","152","0","0","152","Reviewable","NotReviewed","1 scales","600","60000","Sun Jul 27 16:31:58 PDT 2014","S15906","Approved","","""friend""","""mustache""","""glasses""","""hat""","""left""","""right""","0","-1","3","0","13","0","0","-1","-1","-1","""TRUE""","""null""","""FALSE""","-1","-1","-1","-1","-1","-1","""the mustache""","2","""how people describe an object""","""""","""24""","""f""","0","0","1","0","2","""3""","-1","Text"
"Describing Objects","Short and fun! A 1-2 minute word game about describing simple objects. Only one HIT per worker.","experiment, psychology, game, language, cognition, linguistics, description","$0.20 ","Thu Jul 17 16:31:58 PDT 2014","152","0","0","152","Reviewable","NotReviewed","1 scales","600","60000","Sun Jul 27 16:31:58 PDT 2014","S78038","Approved","","""sundae""","""whipped cream""","""chocolate""","""cherry""","""left""","""right""","0","-1","3","0","13","0","0","-1","-1","-1","""TRUE""","""null""","""FALSE""","-1","-1","-1","-1","-1","-1","""toppings""","2","""To see how we describe images with our words to other turkers""","""""","""24""","""f""","0","0","1","0","2","""3""","-1","Text"
"Describing Objects","Short and fun! A 1-2 minute word game about describing simple objects. Only one HIT per worker.","experiment, psychology, game, language, cognition, linguistics, description","$0.20 ","Thu Jul 17 16:31:58 PDT 2014","152","0","0","152","Reviewable","NotReviewed","1 scales","600","60000","Sun Jul 27 16:31:58 PDT 2014","S95788","Approved","","""friend""","""glasses""","""hat""","""mustache""","""left""","""middle""","0","-1","3","0","13","0","0","-1","-1","-1","""TRUE""","""null""","""FALSE""","-1","-1","-1","-1","-1","-1","""The man has red glasses and a brown hat.""","2","""Bob and his friends that he visits, as well as describing one of them.""","""The artwork for Bob and his friends is vastly different, it's a bit odd.""","""30""","""f""","1","0","0","2","1","""3""","-1","Text"
"Describing Objects","Short and fun! A 1-2 minute word game about describing simple objects. Only one HIT per worker.","experiment, psychology, game, language, cognition, linguistics, description","$0.20 ","Thu Jul 17 16:31:58 PDT 2014","152","0","0","152","Reviewable","NotReviewed","1 scales","600","60000","Sun Jul 27 16:31:58 PDT 2014","S12529","Approved","","""pizza""","""mushrooms""","""peppers""","""olives""","""right""","""middle""","0","-1","3","0","13","0","0","-1","-1","-1","""TRUE""","""null""","""FALSE""","-1","-1","-1","-1","-1","-1","""the most toppings""","2","""How people describe objects""","""""","""21""","""m""","0","0","2","1","0","""3""","-1","Text"
"Describing Objects","Short and fun! A 1-2 minute word game about describing simple objects. Only one HIT per worker.","experiment, psychology, game, language, cognition, linguistics, description","$0.20 ","Thu Jul 17 16:31:58 PDT 2014","152","0","0","152","Reviewable","NotReviewed","1 scales","600","60000","Sun Jul 27 16:31:58 PDT 2014","S20194","Approved","","""sundae""","""chocolate""","""cherry""","""whipped cream""","""left""","""middle""","0","-1","3","0","13","0","0","-1","-1","-1","""FALSE""","""null""","""FALSE""","-1","-1","-1","-1","-1","-1","""chocolate topping and a cherry""","2","""Describing ice cream toppings.""","""I did not meet anyone else in the survey, so I dunno about that question above...""","""31""","""m""","1","0","1","0","2","""3""","-1","Text"
"Describing Objects","Short and fun! A 1-2 minute word game about describing simple objects. Only one HIT per worker.","experiment, psychology, game, language, cognition, linguistics, description","$0.20 ","Thu Jul 17 16:31:58 PDT 2014","152","0","0","152","Reviewable","NotReviewed","1 scales","600","60000","Sun Jul 27 16:31:58 PDT 2014","S24074","Approved","","""Christmas tree""","""lights""","""ornaments""","""star""","""right""","""middle""","0","-1","3","0","13","0","0","-1","-1","-1","""TRUE""","""null""","""FALSE""","-1","-1","-1","-1","-1","-1","""the lights""","2","""describing the choice that would help another turker know which tree I was describing""","""No""","""31""","""m""","0","0","0","1","2","""3""","-1","Text"
"Describing Objects","Short and fun! A 1-2 minute word game about describing simple objects. Only one HIT per worker.","experiment, psychology, game, language, cognition, linguistics, description","$0.20 ","Thu Jul 17 16:31:58 PDT 2014","152","0","0","152","Reviewable","NotReviewed","1 scales","600","60000","Sun Jul 27 16:31:58 PDT 2014","S72399","Approved","","""sundae""","""chocolate""","""cherry""","""whipped cream""","""middle""","""left""","0","-1","3","0","13","0","0","-1","-1","-1","""TRUE""","""null""","""FALSE""","-1","-1","-1","-1","-1","-1","""chocolate syrup, a cherry and, and a darker container.""","2","""Discribing objects to another person seeing the same pictures""","""""","""24""","""m""","1","0","0","1","2","""3""","-1","Text"
"Describing Objects","Short and fun! A 1-2 minute word game about describing simple objects. Only one HIT per worker.","experiment, psychology, game, language, cognition, linguistics, description","$0.20 ","Thu Jul 17 16:31:58 PDT 2014","152","0","0","152","Reviewable","NotReviewed","1 scales","600","60000","Sun Jul 27 16:31:58 PDT 2014","S23470","Approved","","""Christmas tree""","""ornaments""","""star""","""lights""","""left""","""middle""","0","-1","3","0","13","0","0","-1","-1","-1","""FALSE""","""null""","""FALSE""","-1","-1","-1","-1","-1","-1","""purple polkadots.""","2","""Joe likes cutting down Christmas trees every year and I need to explain which one to choose.""","""""","""22""","""m""","0","0","2","0","1","""3""","-1","Text"
"Describing Objects","Short and fun! A 1-2 minute word game about describing simple objects. Only one HIT per worker.","experiment, psychology, game, language, cognition, linguistics, description","$0.20 ","Thu Jul 17 16:31:58 PDT 2014","152","0","0","152","Reviewable","NotReviewed","1 scales","600","60000","Sun Jul 27 16:31:58 PDT 2014","S35565","Approved","","""snowman""","""hat""","""mittens""","""scarf""","""right""","""left""","0","-1","3","0","13","0","0","-1","-1","-1","""TRUE""","""null""","""FALSE""","-1","-1","-1","-1","-1","-1","""a snow cap""","2","""item descriptions""","""a simple and fun game!""","""18""","""m""","0","0","2","1","0","""3""","-1","Text"
"Describing Objects","Short and fun! A 1-2 minute word game about describing simple objects. Only one HIT per worker.","experiment, psychology, game, language, cognition, linguistics, description","$0.20 ","Thu Jul 17 16:31:58 PDT 2014","152","0","0","152","Reviewable","NotReviewed","1 scales","600","60000","Sun Jul 27 16:31:58 PDT 2014","S62765","Approved","","""friend""","""hat""","""mustache""","""glasses""","""right""","""left""","0","-1","3","0","13","0","0","-1","-1","-1","""TRUE""","""null""","""FALSE""","-1","-1","-1","-1","-1","-1","""a brown hat and gray mustache.""","2","""It was about describing a face to someone using their characteristics.""","""""","""25""","""f""","1","0","0","1","2","""3""","-1","Text"
"Describing Objects","Short and fun! A 1-2 minute word game about describing simple objects. Only one HIT per worker.","experiment, psychology, game, language, cognition, linguistics, description","$0.20 ","Thu Jul 17 16:31:58 PDT 2014","152","0","0","152","Reviewable","NotReviewed","1 scales","600","60000","Sun Jul 27 16:31:58 PDT 2014","S25247","Approved","","""friend""","""mustache""","""hat""","""glasses""","""middle""","""right""","0","-1","3","0","13","0","0","-1","-1","-1","""TRUE""","""null""","""FALSE""","-1","-1","-1","-1","-1","-1","""a mustache""","2","""words""","""no""","""31""","""m""","0","0","1","0","2","""3""","-1","Text"
"Describing Objects","Short and fun! A 1-2 minute word game about describing simple objects. Only one HIT per worker.","experiment, psychology, game, language, cognition, linguistics, description","$0.20 ","Thu Jul 17 16:31:58 PDT 2014","152","0","0","152","Reviewable","NotReviewed","1 scales","600","60000","Sun Jul 27 16:31:58 PDT 2014","S90901","Approved","","""Christmas tree""","""lights""","""ornaments""","""star""","""right""","""middle""","0","-1","3","0","13","0","0","-1","-1","-1","""TRUE""","""null""","""FALSE""","-1","-1","-1","-1","-1","-1","""lights""","2","""christmas trees""","""no""","""21""","""m""","0","0","0","1","2","""3""","-1","Text"
"Describing Objects","Short and fun! A 1-2 minute word game about describing simple objects. Only one HIT per worker.","experiment, psychology, game, language, cognition, linguistics, description","$0.20 ","Thu Jul 17 16:31:58 PDT 2014","152","0","0","152","Reviewable","NotReviewed","1 scales","600","60000","Sun Jul 27 16:31:58 PDT 2014","S91803","Approved","","""friend""","""mustache""","""hat""","""glasses""","""middle""","""right""","0","-1","3","0","13","0","0","-1","-1","-1","""TRUE""","""null""","""FALSE""","-1","-1","-1","-1","-1","-1","""the mustache and wearing a hat as well.""","2","""bob visits friends and describing picture""","""good survey i liked it thank you""","""25""","""male""","1","0","0","2","1","""3""","-1","Text"
"Describing Objects","Short and fun! A 1-2 minute word game about describing simple objects. Only one HIT per worker.","experiment, psychology, game, language, cognition, linguistics, description","$0.20 ","Thu Jul 17 16:31:58 PDT 2014","152","0","0","152","Reviewable","NotReviewed","1 scales","600","60000","Sun Jul 27 16:31:58 PDT 2014","S45174","Approved","","""pizza""","""peppers""","""olives""","""mushrooms""","""right""","""left""","0","-1","3","0","13","0","0","-1","-1","-1","""TRUE""","""null""","""FALSE""","-1","-1","-1","-1","-1","-1","""with the green""","2","""pictures""","""""","""22""","""male""","0","0","1","2","0","""3""","-1","Text"
"Describing Objects","Short and fun! A 1-2 minute word game about describing simple objects. Only one HIT per worker.","experiment, psychology, game, language, cognition, linguistics, description","$0.20 ","Thu Jul 17 16:31:58 PDT 2014","152","0","0","152","Reviewable","NotReviewed","1 scales","600","60000","Sun Jul 27 16:31:58 PDT 2014","S55366","Approved","","""snowman""","""scarf""","""mittens""","""hat""","""left""","""right""","0","-1","3","0","13","0","0","-1","-1","-1","""TRUE""","""null""","""FALSE""","-1","-1","-1","-1","-1","-1","""a red scarf around his neck and is wearing purple gloves""","2","""describing snowmen bob made""","""it was fun""","""28""","""male""","1","0","0","2","1","""3""","-1","Text"
"Describing Objects","Short and fun! A 1-2 minute word game about describing simple objects. Only one HIT per worker.","experiment, psychology, game, language, cognition, linguistics, description","$0.20 ","Thu Jul 17 16:31:58 PDT 2014","152","0","0","152","Reviewable","NotReviewed","1 scales","600","60000","Sun Jul 27 16:31:58 PDT 2014","S40754","Approved","","""Christmas tree""","""ornaments""","""lights""","""star""","""left""","""right""","0","-1","3","0","13","0","0","-1","-1","-1","""TRUE""","""null""","""FALSE""","-1","-1","-1","-1","-1","-1","""2 color lights""","2","""Picking christmas trees""","""No""","""""","""m""","NA","0","2","1","0","""3""","-1","Text"
"Describing Objects","Short and fun! A 1-2 minute word game about describing simple objects. Only one HIT per worker.","experiment, psychology, game, language, cognition, linguistics, description","$0.20 ","Thu Jul 17 16:31:58 PDT 2014","152","0","0","152","Reviewable","NotReviewed","1 scales","600","60000","Sun Jul 27 16:31:58 PDT 2014","S02358","Approved","","""sundae""","""chocolate""","""whipped cream""","""cherry""","""middle""","""right""","0","-1","3","0","13","0","0","-1","-1","-1","""TRUE""","""null""","""FALSE""","-1","-1","-1","-1","-1","-1","""chocolate syrup""","2","""Describing an object""","""Thank you""","""21""","""m""","0","0","2","0","1","""3""","-1","Text"
"Describing Objects","Short and fun! A 1-2 minute word game about describing simple objects. Only one HIT per worker.","experiment, psychology, game, language, cognition, linguistics, description","$0.20 ","Thu Jul 17 16:31:58 PDT 2014","152","0","0","152","Reviewable","NotReviewed","1 scales","600","60000","Sun Jul 27 16:31:58 PDT 2014","S88223","Approved","","""sundae""","""cherry""","""whipped cream""","""chocolate""","""right""","""left""","0","-1","3","0","13","0","0","-1","-1","-1","""FALSE""","""null""","""FALSE""","-1","-1","-1","-1","-1","-1","""Whipped cream and a cherry in the light pink bowl""","2","""Describing a sundae""","""No""","""25""","""f""","1","0","2","0","1","""3""","-1","Text"
"Describing Objects","Short and fun! A 1-2 minute word game about describing simple objects. Only one HIT per worker.","experiment, psychology, game, language, cognition, linguistics, description","$0.20 ","Thu Jul 17 16:31:58 PDT 2014","152","0","0","152","Reviewable","NotReviewed","1 scales","600","60000","Sun Jul 27 16:31:58 PDT 2014","S81920","Approved","","""snowman""","""scarf""","""mittens""","""hat""","""middle""","""left""","0","-1","3","0","13","0","0","-1","-1","-1","""TRUE""","""null""","""FALSE""","-1","-1","-1","-1","-1","-1","""The snowman that I am choosing is wearing both purple gloves and a red scarf.""","2","""Ability to describe an image to another.""","""""","""25""","""m""","1","0","0","2","1","""3""","-1","Text"
"Describing Objects","Short and fun! A 1-2 minute word game about describing simple objects. Only one HIT per worker.","experiment, psychology, game, language, cognition, linguistics, description","$0.20 ","Thu Jul 17 16:31:58 PDT 2014","152","0","0","152","Reviewable","NotReviewed","1 scales","600","60000","Sun Jul 27 16:31:58 PDT 2014","S05848","Approved","","""boat""","""sail""","""motor""","""cabin""","""left""","""right""","0","-1","3","0","13","0","0","-1","-1","-1","""TRUE""","""null""","""FALSE""","-1","-1","-1","-1","-1","-1","""the mast and sail.""","2","""describing an object""","""no""","""45""","""m""","1","0","2","1","0","""3""","-1","Text"
"Describing Objects","Short and fun! A 1-2 minute word game about describing simple objects. Only one HIT per worker.","experiment, psychology, game, language, cognition, linguistics, description","$0.20 ","Thu Jul 17 16:31:58 PDT 2014","152","0","0","152","Reviewable","NotReviewed","1 scales","600","60000","Sun Jul 27 16:31:58 PDT 2014","S99119","Approved","","""Christmas tree""","""lights""","""star""","""ornaments""","""middle""","""left""","0","-1","3","0","13","0","0","-1","-1","-1","""TRUE""","""null""","""FALSE""","-1","-1","-1","-1","-1","-1","""LIGHTS ON""","2","""DESCRIBING OBJECTS""","""""","""26""","""M""","0","0","1","2","0","""3""","-1","Text"
"Describing Objects","Short and fun! A 1-2 minute word game about describing simple objects. Only one HIT per worker.","experiment, psychology, game, language, cognition, linguistics, description","$0.20 ","Thu Jul 17 16:31:58 PDT 2014","152","0","0","152","Reviewable","NotReviewed","1 scales","600","60000","Sun Jul 27 16:31:58 PDT 2014","S65120","Approved","","""sundae""","""chocolate""","""whipped cream""","""cherry""","""right""","""middle""","0","-1","3","0","13","0","0","-1","-1","-1","""TRUE""","""null""","""FALSE""","-1","-1","-1","-1","-1","-1","""chocolate and cream on top""","2","""describ epicture""","""no""","""32""","""f""","1","0","1","2","0","""3""","-1","Text"
"Describing Objects","Short and fun! A 1-2 minute word game about describing simple objects. Only one HIT per worker.","experiment, psychology, game, language, cognition, linguistics, description","$0.20 ","Thu Jul 17 16:31:58 PDT 2014","152","0","0","152","Reviewable","NotReviewed","1 scales","600","60000","Sun Jul 27 16:31:58 PDT 2014","S80261","Approved","","""boat""","""motor""","""sail""","""cabin""","""right""","""left""","0","-1","3","0","13","0","0","-1","-1","-1","""TRUE""","""null""","""FALSE""","-1","-1","-1","-1","-1","-1","""the motor attached to it.""","2","""describing boat features""","""none""","""25""","""m""","0","0","1","2","0","""3""","-1","Text"
"Describing Objects","Short and fun! A 1-2 minute word game about describing simple objects. Only one HIT per worker.","experiment, psychology, game, language, cognition, linguistics, description","$0.20 ","Thu Jul 17 16:31:58 PDT 2014","152","0","0","152","Reviewable","NotReviewed","1 scales","600","60000","Sun Jul 27 16:31:58 PDT 2014","S15798","Approved","","""sundae""","""chocolate""","""cherry""","""whipped cream""","""right""","""middle""","0","-1","3","0","13","0","0","-1","-1","-1","""TRUE""","""null""","""FALSE""","-1","-1","-1","-1","-1","-1","""syrup and a cherry on top""","2","""making someone pick an item from a description""","""""","""46""","""male""","1","0","2","0","1","""3""","-1","Text"
"Describing Objects","Short and fun! A 1-2 minute word game about describing simple objects. Only one HIT per worker.","experiment, psychology, game, language, cognition, linguistics, description","$0.20 ","Thu Jul 17 16:31:58 PDT 2014","152","0","0","152","Reviewable","NotReviewed","1 scales","600","60000","Sun Jul 27 16:31:58 PDT 2014","S88651","Approved","","""snowman""","""scarf""","""hat""","""mittens""","""middle""","""left""","0","-1","3","0","13","0","0","-1","-1","-1","""TRUE""","""null""","""FALSE""","-1","-1","-1","-1","-1","-1","""a scarf.""","2","""Snowmen""","""""","""26""","""m""","0","0","0","2","1","""3""","-1","Text"
"Describing Objects","Short and fun! A 1-2 minute word game about describing simple objects. Only one HIT per worker.","experiment, psychology, game, language, cognition, linguistics, description","$0.20 ","Thu Jul 17 16:31:58 PDT 2014","152","0","0","152","Reviewable","NotReviewed","1 scales","600","60000","Sun Jul 27 16:31:58 PDT 2014","S71849","Approved","","""snowman""","""hat""","""scarf""","""mittens""","""left""","""middle""","0","-1","3","0","13","0","0","-1","-1","-1","""TRUE""","""null""","""FALSE""","-1","-1","-1","-1","-1","-1","""Green Hat""","2","""Describing a snowman""","""no""","""40""","""female""","0","0","0","1","2","""3""","-1","Text"
"Describing Objects","Short and fun! A 1-2 minute word game about describing simple objects. Only one HIT per worker.","experiment, psychology, game, language, cognition, linguistics, description","$0.20 ","Thu Jul 17 16:31:58 PDT 2014","152","0","0","152","Reviewable","NotReviewed","1 scales","600","60000","Sun Jul 27 16:31:58 PDT 2014","S20144","Approved","","""Christmas tree""","""lights""","""ornaments""","""star""","""right""","""left""","0","-1","3","0","13","0","0","-1","-1","-1","""TRUE""","""null""","""FALSE""","-1","-1","-1","-1","-1","-1","""The tree has yellow lights and purple ornament son it""","2","""who I met, I don't remmber""","""""","""23""","""m""","1","0","2","0","1","""3""","-1","Text"
"Describing Objects","Short and fun! A 1-2 minute word game about describing simple objects. Only one HIT per worker.","experiment, psychology, game, language, cognition, linguistics, description","$0.20 ","Thu Jul 17 16:31:58 PDT 2014","152","0","0","152","Reviewable","NotReviewed","1 scales","600","60000","Sun Jul 27 16:31:58 PDT 2014","S03828","Approved","","""snowman""","""scarf""","""mittens""","""hat""","""middle""","""left""","0","-1","3","0","13","0","0","-1","-1","-1","""TRUE""","""null""","""FALSE""","-1","-1","-1","-1","-1","-1","""the one wearing gloves and gloves ""","2","""descriptions ""","""""","""28""","""m ""","0","0","2","1","0","""3""","-1","Text"
"Describing Objects","Short and fun! A 1-2 minute word game about describing simple objects. Only one HIT per worker.","experiment, psychology, game, language, cognition, linguistics, description","$0.20 ","Thu Jul 17 16:31:58 PDT 2014","152","0","0","152","Reviewable","NotReviewed","1 scales","600","60000","Sun Jul 27 16:31:58 PDT 2014","S23394","Approved","","""Christmas tree""","""lights""","""star""","""ornaments""","""middle""","""left""","0","-1","3","0","13","0","0","-1","-1","-1","""FALSE""","""null""","""FALSE""","-1","-1","-1","-1","-1","-1","""lights""","2","""Describing the christmas tree to a friend""","""""","""""","""m""","0","0","2","1","0","""3""","-1","Text"
"Describing Objects","Short and fun! A 1-2 minute word game about describing simple objects. Only one HIT per worker.","experiment, psychology, game, language, cognition, linguistics, description","$0.20 ","Thu Jul 17 16:31:58 PDT 2014","152","0","0","152","Reviewable","NotReviewed","1 scales","600","60000","Sun Jul 27 16:31:58 PDT 2014","S95373","Approved","","""snowman""","""scarf""","""mittens""","""hat""","""left""","""right""","0","-1","3","0","13","0","0","-1","-1","-1","""TRUE""","""null""","""FALSE""","-1","-1","-1","-1","-1","-1","""the gloves and the scarf""","2","""Describing a snowman""","""""","""28""","""m""","1","0","2","1","0","""3""","-1","Text"
"Describing Objects","Short and fun! A 1-2 minute word game about describing simple objects. Only one HIT per worker.","experiment, psychology, game, language, cognition, linguistics, description","$0.20 ","Thu Jul 17 16:31:58 PDT 2014","152","0","0","152","Reviewable","NotReviewed","1 scales","600","60000","Sun Jul 27 16:31:58 PDT 2014","S98881","Approved","","""sundae""","""chocolate""","""whipped cream""","""cherry""","""left""","""right""","0","-1","3","0","13","0","0","-1","-1","-1","""TRUE""","""null""","""FALSE""","-1","-1","-1","-1","-1","-1","""chocolate toppings""","2","""Bob liking sundaes""","""I liked this task, would do more.""","""25""","""m""","0","0","1","2","0","""3""","-1","Text"
"Describing Objects","Short and fun! A 1-2 minute word game about describing simple objects. Only one HIT per worker.","experiment, psychology, game, language, cognition, linguistics, description","$0.20 ","Thu Jul 17 16:31:58 PDT 2014","152","0","0","152","Reviewable","NotReviewed","1 scales","600","60000","Sun Jul 27 16:31:58 PDT 2014","S06787","Approved","","""Christmas tree""","""lights""","""star""","""ornaments""","""left""","""middle""","0","-1","3","0","13","0","0","-1","-1","-1","""FALSE""","""null""","""FALSE""","-1","-1","-1","-1","-1","-1","""the lights.""","2","""Figuring out how to describe a Christmas tree properly.""","""I don't remember whether the guy was Tim or Bob. But one of his eyes was bigger than the other and I think he was wearing something purple. He really likes to trim Christmas trees, and one of the trees had lights while two of them had stars.""","""27""","""f""","0","0","1","2","0","""3""","-1","Text"
"Describing Objects","Short and fun! A 1-2 minute word game about describing simple objects. Only one HIT per worker.","experiment, psychology, game, language, cognition, linguistics, description","$0.20 ","Thu Jul 17 16:31:58 PDT 2014","152","0","0","152","Reviewable","NotReviewed","1 scales","600","60000","Sun Jul 27 16:31:58 PDT 2014","S91502","Approved","","""friend""","""hat""","""mustache""","""glasses""","""left""","""right""","0","-1","3","0","13","0","0","-1","-1","-1","""FALSE""","""null""","""FALSE""","-1","-1","-1","-1","-1","-1","""My Picture A has a hat and a mustache. ""","2","""Describing face A to another person""","""""","""26""","""m""","1","0","0","2","1","""3""","-1","Text"
"Describing Objects","Short and fun! A 1-2 minute word game about describing simple objects. Only one HIT per worker.","experiment, psychology, game, language, cognition, linguistics, description","$0.20 ","Thu Jul 17 16:31:58 PDT 2014","152","0","0","152","Reviewable","NotReviewed","1 scales","600","60000","Sun Jul 27 16:31:58 PDT 2014","S09760","Approved","","""snowman""","""hat""","""mittens""","""scarf""","""right""","""left""","0","-1","3","0","13","0","0","-1","-1","-1","""TRUE""","""null""","""FALSE""","-1","-1","-1","-1","-1","-1","""the hat""","2","""discribing snowman""","""no""","""21""","""m""","0","0","0","2","1","""3""","-1","Text"
"Describing Objects","Short and fun! A 1-2 minute word game about describing simple objects. Only one HIT per worker.","experiment, psychology, game, language, cognition, linguistics, description","$0.20 ","Thu Jul 17 16:31:58 PDT 2014","152","0","0","152","Reviewable","NotReviewed","1 scales","600","60000","Sun Jul 27 16:31:58 PDT 2014","S21160","Approved","","""Christmas tree""","""ornaments""","""lights""","""star""","""left""","""right""","0","-1","3","0","13","0","0","-1","-1","-1","""TRUE""","""null""","""FALSE""","-1","-1","-1","-1","-1","-1","""I'm looking at the Christmas tree with the string of yellow lights and blue circular ornaments.""","2","""It is about Bob liking to trim Christmas trees and me describing a specific tree to another imaginary turker.""","""Interesting! Thanks for the fun hit!""","""28""","""female""","1","0","1","2","0","""3""","-1","Text"
"Describing Objects","Short and fun! A 1-2 minute word game about describing simple objects. Only one HIT per worker.","experiment, psychology, game, language, cognition, linguistics, description","$0.20 ","Thu Jul 17 16:31:58 PDT 2014","152","0","0","152","Reviewable","NotReviewed","1 scales","600","60000","Sun Jul 27 16:31:58 PDT 2014","S38242","Approved","","""Christmas tree""","""lights""","""ornaments""","""star""","""left""","""middle""","0","-1","3","0","13","0","0","-1","-1","-1","""TRUE""","""null""","""FALSE""","-1","-1","-1","-1","-1","-1","""yellow and purple orbs.""","2","""Describing a christmas tree so that another turker could pick the one I described.""","""""","""18""","""m""","1","0","0","1","2","""3""","-1","Text"
"Describing Objects","Short and fun! A 1-2 minute word game about describing simple objects. Only one HIT per worker.","experiment, psychology, game, language, cognition, linguistics, description","$0.20 ","Thu Jul 17 16:31:58 PDT 2014","152","0","0","152","Reviewable","NotReviewed","1 scales","600","60000","Sun Jul 27 16:31:58 PDT 2014","S41619","Approved","","""Christmas tree""","""star""","""ornaments""","""lights""","""right""","""left""","0","-1","3","0","13","0","0","-1","-1","-1","""TRUE""","""null""","""FALSE""","-1","-1","-1","-1","-1","-1","""A green Christmas tree with round purple ornaments and a yellow star.""","2","""Was shown 3 trees A,B,C and had to describe tree C to another turker.""","""No comment.""","""29""","""Male""","1","0","0","2","1","""3""","-1","Text"
"Describing Objects","Short and fun! A 1-2 minute word game about describing simple objects. Only one HIT per worker.","experiment, psychology, game, language, cognition, linguistics, description","$0.20 ","Thu Jul 17 16:31:58 PDT 2014","152","0","0","152","Reviewable","NotReviewed","1 scales","600","60000","Sun Jul 27 16:31:58 PDT 2014","S96699","Approved","","""boat""","""motor""","""sail""","""cabin""","""left""","""middle""","0","-1","3","0","13","0","0","-1","-1","-1","""TRUE""","""null""","""FALSE""","-1","-1","-1","-1","-1","-1","""the motor attached.""","2","""How language is used to distinguish among objects with shared features""","""Bob should buy a boat.""","""29""","""m""","0","0","0","2","1","""3""","-1","Text"
