"title","description","keywords","reward","creationtime","assignments","numavailable","numpending","numcomplete","hitstatus","reviewstatus","annotation","assignmentduration","autoapprovaldelay","hitlifetime","workerid","assignmentstatus","deadline","Answer.item","Answer.target_property","Answer.target_frequency","Answer.target_position","Answer.distractor_position","Answer.familiarization_cond","Answer.participant_response_type_condition","Answer.participant_feature_count_condition","Answer.linguistic_framing_condition","Answer.target_filler_sequence_condition","Answer.question_type_condition","Answer.manip_check_target","Answer.manip_check_dist","Answer.name_check_correct","Answer.choice","Answer.choice_correct","Answer.money_allocated_to_foil","Answer.money_allocated_to_target","Answer.money_allocated_to_logical","Answer.Likert_value_foil","Answer.Likert_value_target","Answer.Likert_value_logical","Answer.free_response","Answer.features_in_referent_to_describe","Answer.position_to_describe","Answer.about","Answer.comment","Answer.familiarization_present_in_study","Answer.choice_1","Answer.choice_2","Answer.choice_3","Answer.choice_4","Answer.choice_5","Answer.choice_6","Answer.choice_correct_1","Answer.choice_correct_2","Answer.choice_correct_3","Answer.choice_correct_4","Answer.choice_correct_5","Answer.choice_correct_6","Answer.item_1","Answer.item_2","Answer.item_3","Answer.item_4","Answer.item_5","Answer.item_6","Answer.target_prop_1","Answer.target_prop_2","Answer.target_prop_3","Answer.target_prop_4","Answer.target_prop_5","Answer.target_prop_6","Answer.target_position_1","Answer.target_position_2","Answer.target_position_3","Answer.target_position_4","Answer.target_position_5","Answer.target_position_6","Answer.distractor_prop_1","Answer.distractor_prop_2","Answer.distractor_prop_3","Answer.distractor_prop_4","Answer.distractor_prop_5","Answer.distractor_prop_6","Answer.distractor_position_1","Answer.distractor_position_2","Answer.distractor_position_3","Answer.distractor_position_4","Answer.distractor_position_5","Answer.distractor_position_6","Answer.sequence_condition","Answer.overspec","Answer.targetcorrect","Experiment.type"
"Describing Objects","Short and fun! A 1-2 minute word game about describing simple objects. Only one HIT per worker.","experiment, psychology, game, language, cognition, linguistics, description","$0.25 ","Tue Aug 12 13:57:44 PDT 2014","150","0","0","150","Reviewable","NotReviewed","1 scales","600","60000","Tue Aug 19 13:57:44 PDT 2014","S73725","Approved","","""boat""","""motor""","0","""middle""","""left""","-1","3","0","13","0","0","-1","-1","""TRUE""","""null""","""null""","-1","-1","-1","-1","-1","-1","""The one with the sail.""","0","""right""","""perceptions""","""no""","0","""free_response""","""target""","""null""","""null""","""null""","""null""","""null""","TRUE","""null""","""null""","""null""","""null""","""boat""","""pizza""","""null""","""null""","""null""","""null""","""motor""","""peppers""","""null""","""null""","""null""","""null""","""middle""","""middle""","""null""","""null""","""null""","""null""","""sail""","""peppers""","""null""","""null""","""null""","""null""","""left""","""right""","""null""","""null""","""null""","""null""","""kb1b""","0","1","Text"
"Describing Objects","Short and fun! A 1-2 minute word game about describing simple objects. Only one HIT per worker.","experiment, psychology, game, language, cognition, linguistics, description","$0.25 ","Tue Aug 12 13:57:44 PDT 2014","150","0","0","150","Reviewable","NotReviewed","1 scales","600","60000","Tue Aug 19 13:57:44 PDT 2014","S59178","Approved","","""pizza""","""olives""","0","""middle""","""right""","-1","3","0","13","0","0","-1","-1","""TRUE""","""null""","""null""","-1","-1","-1","-1","-1","-1","""Picture A is a pizza with mushrooms.""","0","""left""","""Describing pictures or objects.""","""""","0","""free_response""","""logical""","""null""","""null""","""null""","""null""","""null""","FALSE","""null""","""null""","""null""","""null""","""pizza""","""pizza""","""null""","""null""","""null""","""null""","""olives""","""peppers""","""null""","""null""","""null""","""null""","""middle""","""middle""","""null""","""null""","""null""","""null""","""mushrooms""","""peppers""","""null""","""null""","""null""","""null""","""right""","""left""","""null""","""null""","""null""","""null""","""kb1b""","0","0","Text"
"Describing Objects","Short and fun! A 1-2 minute word game about describing simple objects. Only one HIT per worker.","experiment, psychology, game, language, cognition, linguistics, description","$0.25 ","Tue Aug 12 13:57:44 PDT 2014","150","0","0","150","Reviewable","NotReviewed","1 scales","600","60000","Tue Aug 19 13:57:44 PDT 2014","S46602","Approved","","""sundae""","""cherry""","0","""left""","""middle""","-1","3","0","13","0","0","-1","-1","""TRUE""","""null""","""null""","-1","-1","-1","-1","-1","-1","""the three scoops of ice cream topped with chocolate fudge and no cherry""","0","""right""","""Describing objects and communications""","""""","0","""free_response""","""target""","""null""","""null""","""null""","""null""","""null""","TRUE","""null""","""null""","""null""","""null""","""sundae""","""boat""","""null""","""null""","""null""","""null""","""cherry""","""sail""","""null""","""null""","""null""","""null""","""left""","""left""","""null""","""null""","""null""","""null""","""chocolate""","""sail""","""null""","""null""","""null""","""null""","""middle""","""right""","""null""","""null""","""null""","""null""","""kb1b""","1","1","Text"
"Describing Objects","Short and fun! A 1-2 minute word game about describing simple objects. Only one HIT per worker.","experiment, psychology, game, language, cognition, linguistics, description","$0.25 ","Tue Aug 12 13:57:44 PDT 2014","150","0","0","150","Reviewable","NotReviewed","1 scales","600","60000","Tue Aug 19 13:57:44 PDT 2014","S83713","Approved","","""friend""","""hat""","0","""left""","""right""","-1","3","0","13","0","0","-1","-1","""TRUE""","""null""","""null""","-1","-1","-1","-1","-1","-1","""The face with a mustache but no hat or glasses.""","0","""middle""","""Languae.""","""""","0","""free_response""","""target""","""null""","""null""","""null""","""null""","""null""","TRUE","""null""","""null""","""null""","""null""","""friend""","""sundae""","""null""","""null""","""null""","""null""","""hat""","""cherry""","""null""","""null""","""null""","""null""","""left""","""left""","""null""","""null""","""null""","""null""","""mustache""","""cherry""","""null""","""null""","""null""","""null""","""right""","""right""","""null""","""null""","""null""","""null""","""kb1b""","1","1","Text"
"Describing Objects","Short and fun! A 1-2 minute word game about describing simple objects. Only one HIT per worker.","experiment, psychology, game, language, cognition, linguistics, description","$0.25 ","Tue Aug 12 13:57:44 PDT 2014","150","0","0","150","Reviewable","NotReviewed","1 scales","600","60000","Tue Aug 19 13:57:44 PDT 2014","S90848","Approved","","""Christmas tree""","""ornaments""","0","""right""","""middle""","-1","3","0","13","0","0","-1","-1","""TRUE""","""null""","""null""","-1","-1","-1","-1","-1","-1","""no other decoration besides lights and no star at the top.""","0","""left""","""Understanding how people use language to convey objects.""","""N/A""","0","""free_response""","""target""","""null""","""null""","""null""","""null""","""null""","TRUE","""null""","""null""","""null""","""null""","""Christmas tree""","""Christmas tree""","""null""","""null""","""null""","""null""","""ornaments""","""ornaments""","""null""","""null""","""null""","""null""","""right""","""middle""","""null""","""null""","""null""","""null""","""lights""","""ornaments""","""null""","""null""","""null""","""null""","""middle""","""left""","""null""","""null""","""null""","""null""","""kb1b""","1","1","Text"
"Describing Objects","Short and fun! A 1-2 minute word game about describing simple objects. Only one HIT per worker.","experiment, psychology, game, language, cognition, linguistics, description","$0.25 ","Tue Aug 12 13:57:44 PDT 2014","150","0","0","150","Reviewable","NotReviewed","1 scales","600","60000","Tue Aug 19 13:57:44 PDT 2014","S03977","Approved","","""snowman""","""scarf""","0","""right""","""middle""","-1","3","0","13","0","0","-1","-1","""TRUE""","""null""","""null""","-1","-1","-1","-1","-1","-1","""a hat and nothing else.""","0","""left""","""Vagueness in describing pictures.""","""No other comments. Thank you!""","0","""free_response""","""logical""","""null""","""null""","""null""","""null""","""null""","FALSE","""null""","""null""","""null""","""null""","""snowman""","""snowman""","""null""","""null""","""null""","""null""","""scarf""","""hat""","""null""","""null""","""null""","""null""","""right""","""left""","""null""","""null""","""null""","""null""","""hat""","""hat""","""null""","""null""","""null""","""null""","""middle""","""right""","""null""","""null""","""null""","""null""","""kb1b""","1","0","Text"
"Describing Objects","Short and fun! A 1-2 minute word game about describing simple objects. Only one HIT per worker.","experiment, psychology, game, language, cognition, linguistics, description","$0.25 ","Tue Aug 12 13:57:44 PDT 2014","150","0","0","150","Reviewable","NotReviewed","1 scales","600","60000","Tue Aug 19 13:57:44 PDT 2014","S72942","Approved","","""friend""","""glasses""","0","""right""","""middle""","-1","3","0","13","0","0","-1","-1","""FALSE""","""null""","""null""","-1","-1","-1","-1","-1","-1","""no glasses and a hat""","0","""left""","""identification""","""thank you""","0","""free_response""","""logical""","""null""","""null""","""null""","""null""","""null""","FALSE","""null""","""null""","""null""","""null""","""friend""","""snowman""","""null""","""null""","""null""","""null""","""glasses""","""scarf""","""null""","""null""","""null""","""null""","""right""","""middle""","""null""","""null""","""null""","""null""","""hat""","""scarf""","""null""","""null""","""null""","""null""","""middle""","""right""","""null""","""null""","""null""","""null""","""kb1b""","1","0","Text"
"Describing Objects","Short and fun! A 1-2 minute word game about describing simple objects. Only one HIT per worker.","experiment, psychology, game, language, cognition, linguistics, description","$0.25 ","Tue Aug 12 13:57:44 PDT 2014","150","0","0","150","Reviewable","NotReviewed","1 scales","600","60000","Tue Aug 19 13:57:44 PDT 2014","S40221","Approved","","""boat""","""motor""","0","""middle""","""right""","-1","3","0","13","0","0","-1","-1","""TRUE""","""null""","""null""","-1","-1","-1","-1","-1","-1","""a sail but no motor""","0","""left""","""Describing objects that Bob used""","""No""","0","""free_response""","""target""","""null""","""null""","""null""","""null""","""null""","TRUE","""null""","""null""","""null""","""null""","""boat""","""pizza""","""null""","""null""","""null""","""null""","""motor""","""peppers""","""null""","""null""","""null""","""null""","""middle""","""right""","""null""","""null""","""null""","""null""","""sail""","""peppers""","""null""","""null""","""null""","""null""","""right""","""middle""","""null""","""null""","""null""","""null""","""kb1b""","1","1","Text"
"Describing Objects","Short and fun! A 1-2 minute word game about describing simple objects. Only one HIT per worker.","experiment, psychology, game, language, cognition, linguistics, description","$0.25 ","Tue Aug 12 13:57:44 PDT 2014","150","0","0","150","Reviewable","NotReviewed","1 scales","600","60000","Tue Aug 19 13:57:44 PDT 2014","S23726","Approved","","""boat""","""sail""","0","""right""","""middle""","-1","3","0","13","0","0","-1","-1","""TRUE""","""null""","""null""","-1","-1","-1","-1","-1","-1","""The boat is wood and has a cabin, but has no sails.""","0","""left""","""Describing objects for another person.""","""Interesting little HIT like always, thanks!!""","0","""free_response""","""logical""","""null""","""null""","""null""","""null""","""null""","FALSE","""null""","""null""","""null""","""null""","""boat""","""boat""","""null""","""null""","""null""","""null""","""sail""","""sail""","""null""","""null""","""null""","""null""","""right""","""right""","""null""","""null""","""null""","""null""","""cabin""","""sail""","""null""","""null""","""null""","""null""","""middle""","""middle""","""null""","""null""","""null""","""null""","""kb1b""","1","0","Text"
"Describing Objects","Short and fun! A 1-2 minute word game about describing simple objects. Only one HIT per worker.","experiment, psychology, game, language, cognition, linguistics, description","$0.25 ","Tue Aug 12 13:57:44 PDT 2014","150","0","0","150","Reviewable","NotReviewed","1 scales","600","60000","Tue Aug 19 13:57:44 PDT 2014","S18698","Approved","","""sundae""","""whipped cream""","0","""left""","""right""","-1","3","0","13","0","0","-1","-1","""TRUE""","""null""","""null""","-1","-1","-1","-1","-1","-1","""3 scoops of ice cream with chocolate syrup on all 3 scoops""","0","""middle""","""how people interpret clues""","""""","0","""free_response""","""logical""","""null""","""null""","""null""","""null""","""null""","FALSE","""null""","""null""","""null""","""null""","""sundae""","""sundae""","""null""","""null""","""null""","""null""","""whipped cream""","""whipped cream""","""null""","""null""","""null""","""null""","""left""","""left""","""null""","""null""","""null""","""null""","""chocolate""","""whipped cream""","""null""","""null""","""null""","""null""","""right""","""middle""","""null""","""null""","""null""","""null""","""kb1b""","1","0","Text"
"Describing Objects","Short and fun! A 1-2 minute word game about describing simple objects. Only one HIT per worker.","experiment, psychology, game, language, cognition, linguistics, description","$0.25 ","Tue Aug 12 13:57:44 PDT 2014","150","0","0","150","Reviewable","NotReviewed","1 scales","600","60000","Tue Aug 19 13:57:44 PDT 2014","S52647","Approved","","""friend""","""hat""","0","""right""","""left""","-1","3","0","13","0","0","-1","-1","""TRUE""","""null""","""null""","-1","-1","-1","-1","-1","-1","""glasses on and no hat.""","0","""middle""","""describing objects""","""""","0","""free_response""","""target""","""null""","""null""","""null""","""null""","""null""","TRUE","""null""","""null""","""null""","""null""","""friend""","""snowman""","""null""","""null""","""null""","""null""","""hat""","""hat""","""null""","""null""","""null""","""null""","""right""","""middle""","""null""","""null""","""null""","""null""","""glasses""","""hat""","""null""","""null""","""null""","""null""","""left""","""right""","""null""","""null""","""null""","""null""","""kb1b""","1","1","Text"
"Describing Objects","Short and fun! A 1-2 minute word game about describing simple objects. Only one HIT per worker.","experiment, psychology, game, language, cognition, linguistics, description","$0.25 ","Tue Aug 12 13:57:44 PDT 2014","150","0","0","150","Reviewable","NotReviewed","1 scales","600","60000","Tue Aug 19 13:57:44 PDT 2014","S95452","Approved","","""snowman""","""hat""","0","""middle""","""right""","-1","3","0","13","0","0","-1","-1","""TRUE""","""null""","""null""","-1","-1","-1","-1","-1","-1","""I like the snowmen that is not wearing a hat.""","0","""left""","""Bob likes to make snowmen, we were to describe a certain snow man""","""""","0","""free_response""","""target""","""null""","""null""","""null""","""null""","""null""","TRUE","""null""","""null""","""null""","""null""","""snowman""","""snowman""","""null""","""null""","""null""","""null""","""hat""","""mittens""","""null""","""null""","""null""","""null""","""middle""","""right""","""null""","""null""","""null""","""null""","""scarf""","""mittens""","""null""","""null""","""null""","""null""","""right""","""middle""","""null""","""null""","""null""","""null""","""kb1b""","0","1","Text"
"Describing Objects","Short and fun! A 1-2 minute word game about describing simple objects. Only one HIT per worker.","experiment, psychology, game, language, cognition, linguistics, description","$0.25 ","Tue Aug 12 13:57:44 PDT 2014","150","0","0","150","Reviewable","NotReviewed","1 scales","600","60000","Tue Aug 19 13:57:44 PDT 2014","S64075","Approved","","""pizza""","""mushrooms""","0","""left""","""middle""","-1","3","0","13","0","0","-1","-1","""TRUE""","""null""","""null""","-1","-1","-1","-1","-1","-1","""mushroom and peppers""","0","""right""","""how to communicate""","""""","0","""free_response""","""logical""","""null""","""null""","""null""","""null""","""null""","FALSE","""null""","""null""","""null""","""null""","""pizza""","""pizza""","""null""","""null""","""null""","""null""","""mushrooms""","""peppers""","""null""","""null""","""null""","""null""","""left""","""left""","""null""","""null""","""null""","""null""","""peppers""","""peppers""","""null""","""null""","""null""","""null""","""middle""","""middle""","""null""","""null""","""null""","""null""","""kb1b""","NA","0","Text"
"Describing Objects","Short and fun! A 1-2 minute word game about describing simple objects. Only one HIT per worker.","experiment, psychology, game, language, cognition, linguistics, description","$0.25 ","Tue Aug 12 13:57:44 PDT 2014","150","0","0","150","Reviewable","NotReviewed","1 scales","600","60000","Tue Aug 19 13:57:44 PDT 2014","S49895","Approved","","""sundae""","""cherry""","0","""middle""","""right""","-1","3","0","13","0","0","-1","-1","""FALSE""","""null""","""null""","-1","-1","-1","-1","-1","-1","""two dollops of whipped cream and no cherry""","0","""left""","""Describing objects""","""Ah, shoot. I think it was Tim?""","0","""free_response""","""target""","""null""","""null""","""null""","""null""","""null""","TRUE","""null""","""null""","""null""","""null""","""sundae""","""snowman""","""null""","""null""","""null""","""null""","""cherry""","""scarf""","""null""","""null""","""null""","""null""","""middle""","""right""","""null""","""null""","""null""","""null""","""whipped cream""","""scarf""","""null""","""null""","""null""","""null""","""right""","""left""","""null""","""null""","""null""","""null""","""kb1b""","1","1","Text"
"Describing Objects","Short and fun! A 1-2 minute word game about describing simple objects. Only one HIT per worker.","experiment, psychology, game, language, cognition, linguistics, description","$0.25 ","Tue Aug 12 13:57:44 PDT 2014","150","0","0","150","Reviewable","NotReviewed","1 scales","600","60000","Tue Aug 19 13:57:44 PDT 2014","S43660","Approved","","""sundae""","""whipped cream""","0","""left""","""middle""","-1","3","0","13","0","0","-1","-1","""TRUE""","""null""","""null""","-1","-1","-1","-1","-1","-1","""No cream and no cherry.""","0","""right""","""depicting images with text.""","""no""","0","""free_response""","""target""","""null""","""null""","""null""","""null""","""null""","TRUE","""null""","""null""","""null""","""null""","""sundae""","""boat""","""null""","""null""","""null""","""null""","""whipped cream""","""motor""","""null""","""null""","""null""","""null""","""left""","""left""","""null""","""null""","""null""","""null""","""chocolate""","""motor""","""null""","""null""","""null""","""null""","""middle""","""middle""","""null""","""null""","""null""","""null""","""kb1b""","1","1","Text"
"Describing Objects","Short and fun! A 1-2 minute word game about describing simple objects. Only one HIT per worker.","experiment, psychology, game, language, cognition, linguistics, description","$0.25 ","Tue Aug 12 13:57:44 PDT 2014","150","0","0","150","Reviewable","NotReviewed","1 scales","600","60000","Tue Aug 19 13:57:44 PDT 2014","S82233","Approved","","""Christmas tree""","""lights""","0","""right""","""middle""","-1","3","0","13","0","0","-1","-1","""TRUE""","""null""","""null""","-1","-1","-1","-1","-1","-1","""This is a plain tree with no ornaments. ""","0","""left""","""language""","""no""","0","""free_response""","""logical""","""null""","""null""","""null""","""null""","""null""","FALSE","""null""","""null""","""null""","""null""","""Christmas tree""","""friend""","""null""","""null""","""null""","""null""","""lights""","""glasses""","""null""","""null""","""null""","""null""","""right""","""right""","""null""","""null""","""null""","""null""","""star""","""glasses""","""null""","""null""","""null""","""null""","""middle""","""left""","""null""","""null""","""null""","""null""","""kb1b""","0","0","Text"
"Describing Objects","Short and fun! A 1-2 minute word game about describing simple objects. Only one HIT per worker.","experiment, psychology, game, language, cognition, linguistics, description","$0.25 ","Tue Aug 12 13:57:44 PDT 2014","150","0","0","150","Reviewable","NotReviewed","1 scales","600","60000","Tue Aug 19 13:57:44 PDT 2014","S62493","Approved","","""Christmas tree""","""ornaments""","0","""left""","""right""","-1","3","0","13","0","0","-1","-1","""TRUE""","""null""","""null""","-1","-1","-1","-1","-1","-1","""lights.""","0","""middle""","""Describing a tree, and choosing a pizza from a description""","""Thanks.""","0","""free_response""","""logical""","""null""","""null""","""null""","""null""","""null""","FALSE","""null""","""null""","""null""","""null""","""Christmas tree""","""pizza""","""null""","""null""","""null""","""null""","""ornaments""","""peppers""","""null""","""null""","""null""","""null""","""left""","""right""","""null""","""null""","""null""","""null""","""lights""","""peppers""","""null""","""null""","""null""","""null""","""right""","""left""","""null""","""null""","""null""","""null""","""kb1b""","0","0","Text"
"Describing Objects","Short and fun! A 1-2 minute word game about describing simple objects. Only one HIT per worker.","experiment, psychology, game, language, cognition, linguistics, description","$0.25 ","Tue Aug 12 13:57:44 PDT 2014","150","0","0","150","Reviewable","NotReviewed","1 scales","600","60000","Tue Aug 19 13:57:44 PDT 2014","S21035","Approved","","""boat""","""motor""","0","""left""","""right""","-1","3","0","13","0","0","-1","-1","""TRUE""","""null""","""null""","-1","-1","-1","-1","-1","-1","""no sail and no engine""","0","""middle""","""lanaguage""","""""","0","""free_response""","""target""","""null""","""null""","""null""","""null""","""null""","TRUE","""null""","""null""","""null""","""null""","""boat""","""friend""","""null""","""null""","""null""","""null""","""motor""","""mustache""","""null""","""null""","""null""","""null""","""left""","""middle""","""null""","""null""","""null""","""null""","""cabin""","""mustache""","""null""","""null""","""null""","""null""","""right""","""left""","""null""","""null""","""null""","""null""","""kb1b""","1","1","Text"
"Describing Objects","Short and fun! A 1-2 minute word game about describing simple objects. Only one HIT per worker.","experiment, psychology, game, language, cognition, linguistics, description","$0.25 ","Tue Aug 12 13:57:44 PDT 2014","150","0","0","150","Reviewable","NotReviewed","1 scales","600","60000","Tue Aug 19 13:57:44 PDT 2014","S03284","Approved","","""boat""","""cabin""","0","""left""","""middle""","-1","3","0","13","0","0","-1","-1","""TRUE""","""null""","""null""","-1","-1","-1","-1","-1","-1","""no sail or cabin.""","0","""right""","""describing things""","""""","0","""free_response""","""foil""","""null""","""null""","""null""","""null""","""null""","FALSE","""null""","""null""","""null""","""null""","""boat""","""friend""","""null""","""null""","""null""","""null""","""cabin""","""hat""","""null""","""null""","""null""","""null""","""left""","""left""","""null""","""null""","""null""","""null""","""motor""","""hat""","""null""","""null""","""null""","""null""","""middle""","""middle""","""null""","""null""","""null""","""null""","""kb1b""","1","0","Text"
"Describing Objects","Short and fun! A 1-2 minute word game about describing simple objects. Only one HIT per worker.","experiment, psychology, game, language, cognition, linguistics, description","$0.25 ","Tue Aug 12 13:57:44 PDT 2014","150","0","0","150","Reviewable","NotReviewed","1 scales","600","60000","Tue Aug 19 13:57:44 PDT 2014","S69102","Approved","","""friend""","""mustache""","0","""middle""","""right""","-1","3","0","13","0","0","-1","-1","""TRUE""","""null""","""null""","-1","-1","-1","-1","-1","-1","""out a mustache and wearing a brown hat""","0","""left""","""describing friends that bob meet""","""no""","0","""free_response""","""logical""","""null""","""null""","""null""","""null""","""null""","FALSE","""null""","""null""","""null""","""null""","""friend""","""friend""","""null""","""null""","""null""","""null""","""mustache""","""hat""","""null""","""null""","""null""","""null""","""middle""","""right""","""null""","""null""","""null""","""null""","""hat""","""hat""","""null""","""null""","""null""","""null""","""right""","""left""","""null""","""null""","""null""","""null""","""kb1b""","1","0","Text"
"Describing Objects","Short and fun! A 1-2 minute word game about describing simple objects. Only one HIT per worker.","experiment, psychology, game, language, cognition, linguistics, description","$0.25 ","Tue Aug 12 13:57:44 PDT 2014","150","0","0","150","Reviewable","NotReviewed","1 scales","600","60000","Tue Aug 19 13:57:44 PDT 2014","S75126","Approved","","""boat""","""cabin""","0","""middle""","""left""","-1","3","0","13","0","0","-1","-1","""TRUE""","""null""","""null""","-1","-1","-1","-1","-1","-1","""no riggings""","0","""right""","""words""","""""","0","""free_response""","""logical""","""null""","""null""","""null""","""null""","""null""","FALSE","""null""","""null""","""null""","""null""","""boat""","""pizza""","""null""","""null""","""null""","""null""","""cabin""","""mushrooms""","""null""","""null""","""null""","""null""","""middle""","""left""","""null""","""null""","""null""","""null""","""motor""","""mushrooms""","""null""","""null""","""null""","""null""","""left""","""middle""","""null""","""null""","""null""","""null""","""kb1b""","0","0","Text"
"Describing Objects","Short and fun! A 1-2 minute word game about describing simple objects. Only one HIT per worker.","experiment, psychology, game, language, cognition, linguistics, description","$0.25 ","Tue Aug 12 13:57:44 PDT 2014","150","0","0","150","Reviewable","NotReviewed","1 scales","600","60000","Tue Aug 19 13:57:44 PDT 2014","S00944","Approved","","""pizza""","""olives""","0","""right""","""middle""","-1","3","0","13","0","0","-1","-1","""TRUE""","""null""","""null""","-1","-1","-1","-1","-1","-1","""mushrooms as the only topping""","0","""left""","""Descriptive adjectives""","""None""","0","""free_response""","""logical""","""null""","""null""","""null""","""null""","""null""","FALSE","""null""","""null""","""null""","""null""","""pizza""","""Christmas tree""","""null""","""null""","""null""","""null""","""olives""","""star""","""null""","""null""","""null""","""null""","""right""","""left""","""null""","""null""","""null""","""null""","""mushrooms""","""star""","""null""","""null""","""null""","""null""","""middle""","""middle""","""null""","""null""","""null""","""null""","""kb1b""","0","0","Text"
"Describing Objects","Short and fun! A 1-2 minute word game about describing simple objects. Only one HIT per worker.","experiment, psychology, game, language, cognition, linguistics, description","$0.25 ","Tue Aug 12 13:57:44 PDT 2014","150","0","0","150","Reviewable","NotReviewed","1 scales","600","60000","Tue Aug 19 13:57:44 PDT 2014","S10969","Approved","","""pizza""","""olives""","0","""middle""","""right""","-1","3","0","13","0","0","-1","-1","""TRUE""","""null""","""null""","-1","-1","-1","-1","-1","-1","""Pick the pizza with just mushrooms.""","0","""left""","""Describing Objects""","""""","0","""free_response""","""target""","""null""","""null""","""null""","""null""","""null""","TRUE","""null""","""null""","""null""","""null""","""pizza""","""friend""","""null""","""null""","""null""","""null""","""olives""","""glasses""","""null""","""null""","""null""","""null""","""middle""","""middle""","""null""","""null""","""null""","""null""","""mushrooms""","""glasses""","""null""","""null""","""null""","""null""","""right""","""right""","""null""","""null""","""null""","""null""","""kb1b""","0","1","Text"
"Describing Objects","Short and fun! A 1-2 minute word game about describing simple objects. Only one HIT per worker.","experiment, psychology, game, language, cognition, linguistics, description","$0.25 ","Tue Aug 12 13:57:44 PDT 2014","150","0","0","150","Reviewable","NotReviewed","1 scales","600","60000","Tue Aug 19 13:57:44 PDT 2014","S58571","Approved","","""pizza""","""olives""","0","""right""","""middle""","-1","3","0","13","0","0","-1","-1","""TRUE""","""null""","""null""","-1","-1","-1","-1","-1","-1","""It is a pizza with white toppings in a zig zag line.""","0","""left""","""To see how we communicate""","""n/a""","0","""free_response""","""foil""","""null""","""null""","""null""","""null""","""null""","FALSE","""null""","""null""","""null""","""null""","""pizza""","""snowman""","""null""","""null""","""null""","""null""","""olives""","""hat""","""null""","""null""","""null""","""null""","""right""","""left""","""null""","""null""","""null""","""null""","""mushrooms""","""hat""","""null""","""null""","""null""","""null""","""middle""","""middle""","""null""","""null""","""null""","""null""","""kb1b""","0","0","Text"
"Describing Objects","Short and fun! A 1-2 minute word game about describing simple objects. Only one HIT per worker.","experiment, psychology, game, language, cognition, linguistics, description","$0.25 ","Tue Aug 12 13:57:44 PDT 2014","150","0","0","150","Reviewable","NotReviewed","1 scales","600","60000","Tue Aug 19 13:57:44 PDT 2014","S50267","Approved","","""boat""","""cabin""","0","""left""","""middle""","-1","3","0","13","0","0","-1","-1","""TRUE""","""null""","""null""","-1","-1","-1","-1","-1","-1","""A simple wooden boat and sail, almost like something a child would draw.""","0","""right""","""How a simple story affects visual imagery.""","""fun simple survey""","0","""free_response""","""target""","""null""","""null""","""null""","""null""","""null""","TRUE","""null""","""null""","""null""","""null""","""boat""","""pizza""","""null""","""null""","""null""","""null""","""cabin""","""peppers""","""null""","""null""","""null""","""null""","""left""","""middle""","""null""","""null""","""null""","""null""","""sail""","""peppers""","""null""","""null""","""null""","""null""","""middle""","""right""","""null""","""null""","""null""","""null""","""kb1b""","0","1","Text"
"Describing Objects","Short and fun! A 1-2 minute word game about describing simple objects. Only one HIT per worker.","experiment, psychology, game, language, cognition, linguistics, description","$0.25 ","Tue Aug 12 13:57:44 PDT 2014","150","0","0","150","Reviewable","NotReviewed","1 scales","600","60000","Tue Aug 19 13:57:44 PDT 2014","S15633","Approved","","""friend""","""hat""","0","""middle""","""right""","-1","3","0","13","0","0","-1","-1","""TRUE""","""null""","""null""","-1","-1","-1","-1","-1","-1","""He is more yellow and has glasses. He is not pale yellow.""","0","""left""","""To see how people make decisions based on limited information""","""I have no other comments to provide.""","0","""free_response""","""target""","""null""","""null""","""null""","""null""","""null""","TRUE","""null""","""null""","""null""","""null""","""friend""","""sundae""","""null""","""null""","""null""","""null""","""hat""","""chocolate""","""null""","""null""","""null""","""null""","""middle""","""left""","""null""","""null""","""null""","""null""","""glasses""","""chocolate""","""null""","""null""","""null""","""null""","""right""","""right""","""null""","""null""","""null""","""null""","""kb1b""","1","1","Text"
"Describing Objects","Short and fun! A 1-2 minute word game about describing simple objects. Only one HIT per worker.","experiment, psychology, game, language, cognition, linguistics, description","$0.25 ","Tue Aug 12 13:57:44 PDT 2014","150","0","0","150","Reviewable","NotReviewed","1 scales","600","60000","Tue Aug 19 13:57:44 PDT 2014","S29071","Approved","","""boat""","""cabin""","0","""right""","""middle""","-1","3","0","13","0","0","-1","-1","""TRUE""","""null""","""null""","-1","-1","-1","-1","-1","-1","""no upper deck.""","0","""left""","""Describing boats and sundaes""","""No""","0","""free_response""","""target""","""null""","""null""","""null""","""null""","""null""","TRUE","""null""","""null""","""null""","""null""","""boat""","""sundae""","""null""","""null""","""null""","""null""","""cabin""","""whipped cream""","""null""","""null""","""null""","""null""","""right""","""middle""","""null""","""null""","""null""","""null""","""sail""","""whipped cream""","""null""","""null""","""null""","""null""","""middle""","""left""","""null""","""null""","""null""","""null""","""kb1b""","0","1","Text"
"Describing Objects","Short and fun! A 1-2 minute word game about describing simple objects. Only one HIT per worker.","experiment, psychology, game, language, cognition, linguistics, description","$0.25 ","Tue Aug 12 13:57:44 PDT 2014","150","0","0","150","Reviewable","NotReviewed","1 scales","600","60000","Tue Aug 19 13:57:44 PDT 2014","S76532","Approved","","""boat""","""cabin""","0","""middle""","""right""","-1","3","0","13","0","0","-1","-1","""TRUE""","""null""","""null""","-1","-1","-1","-1","-1","-1","""no cabin""","0","""left""","""helping others figure out what picture you are talking about""","""thx""","0","""free_response""","""target""","""null""","""null""","""null""","""null""","""null""","TRUE","""null""","""null""","""null""","""null""","""boat""","""sundae""","""null""","""null""","""null""","""null""","""cabin""","""whipped cream""","""null""","""null""","""null""","""null""","""middle""","""middle""","""null""","""null""","""null""","""null""","""motor""","""whipped cream""","""null""","""null""","""null""","""null""","""right""","""left""","""null""","""null""","""null""","""null""","""kb1b""","0","1","Text"
"Describing Objects","Short and fun! A 1-2 minute word game about describing simple objects. Only one HIT per worker.","experiment, psychology, game, language, cognition, linguistics, description","$0.25 ","Tue Aug 12 13:57:44 PDT 2014","150","0","0","150","Reviewable","NotReviewed","1 scales","600","60000","Tue Aug 19 13:57:44 PDT 2014","S64026","Approved","","""sundae""","""chocolate""","0","""left""","""right""","-1","3","0","13","0","0","-1","-1","""TRUE""","""null""","""null""","-1","-1","-1","-1","-1","-1","""whipped cream and no chocolate""","0","""middle""","""no idea""","""""","0","""free_response""","""logical""","""null""","""null""","""null""","""null""","""null""","FALSE","""null""","""null""","""null""","""null""","""sundae""","""boat""","""null""","""null""","""null""","""null""","""chocolate""","""motor""","""null""","""null""","""null""","""null""","""left""","""right""","""null""","""null""","""null""","""null""","""whipped cream""","""motor""","""null""","""null""","""null""","""null""","""right""","""left""","""null""","""null""","""null""","""null""","""kb1b""","1","0","Text"
"Describing Objects","Short and fun! A 1-2 minute word game about describing simple objects. Only one HIT per worker.","experiment, psychology, game, language, cognition, linguistics, description","$0.25 ","Tue Aug 12 13:57:44 PDT 2014","150","0","0","150","Reviewable","NotReviewed","1 scales","600","60000","Tue Aug 19 13:57:44 PDT 2014","S92782","Approved","","""Christmas tree""","""ornaments""","0","""left""","""middle""","-1","3","0","13","0","0","-1","-1","""TRUE""","""null""","""null""","-1","-1","-1","-1","-1","-1","""just lights, no christmas orniments.""","0","""right""","""Bob and his hobbies. Also describing things to other workers.""","""""","0","""free_response""","""logical""","""null""","""null""","""null""","""null""","""null""","FALSE","""null""","""null""","""null""","""null""","""Christmas tree""","""snowman""","""null""","""null""","""null""","""null""","""ornaments""","""scarf""","""null""","""null""","""null""","""null""","""left""","""right""","""null""","""null""","""null""","""null""","""lights""","""scarf""","""null""","""null""","""null""","""null""","""middle""","""middle""","""null""","""null""","""null""","""null""","""kb1b""","1","0","Text"
"Describing Objects","Short and fun! A 1-2 minute word game about describing simple objects. Only one HIT per worker.","experiment, psychology, game, language, cognition, linguistics, description","$0.25 ","Tue Aug 12 13:57:44 PDT 2014","150","0","0","150","Reviewable","NotReviewed","1 scales","600","60000","Tue Aug 19 13:57:44 PDT 2014","S57429","Approved","","""Christmas tree""","""lights""","0","""left""","""right""","-1","3","0","13","0","0","-1","-1","""TRUE""","""null""","""null""","-1","-1","-1","-1","-1","-1","""a star but not lights on it. ""","0","""middle""","""Communicating images. ""","""My fello turker give a terrible description. lol""","0","""free_response""","""logical""","""null""","""null""","""null""","""null""","""null""","FALSE","""null""","""null""","""null""","""null""","""Christmas tree""","""sundae""","""null""","""null""","""null""","""null""","""lights""","""cherry""","""null""","""null""","""null""","""null""","""left""","""middle""","""null""","""null""","""null""","""null""","""star""","""cherry""","""null""","""null""","""null""","""null""","""right""","""left""","""null""","""null""","""null""","""null""","""kb1b""","1","0","Text"
"Describing Objects","Short and fun! A 1-2 minute word game about describing simple objects. Only one HIT per worker.","experiment, psychology, game, language, cognition, linguistics, description","$0.25 ","Tue Aug 12 13:57:44 PDT 2014","150","0","0","150","Reviewable","NotReviewed","1 scales","600","60000","Tue Aug 19 13:57:44 PDT 2014","S77401","Approved","","""snowman""","""scarf""","0","""middle""","""right""","-1","3","0","13","0","0","-1","-1","""TRUE""","""null""","""null""","-1","-1","-1","-1","-1","-1","""a scarf""","0","""left""","""Identify objects with a description""","""No comments.""","0","""free_response""","""logical""","""null""","""null""","""null""","""null""","""null""","FALSE","""null""","""null""","""null""","""null""","""snowman""","""boat""","""null""","""null""","""null""","""null""","""scarf""","""sail""","""null""","""null""","""null""","""null""","""middle""","""left""","""null""","""null""","""null""","""null""","""mittens""","""sail""","""null""","""null""","""null""","""null""","""right""","""middle""","""null""","""null""","""null""","""null""","""kb1b""","0","0","Text"
"Describing Objects","Short and fun! A 1-2 minute word game about describing simple objects. Only one HIT per worker.","experiment, psychology, game, language, cognition, linguistics, description","$0.25 ","Tue Aug 12 13:57:44 PDT 2014","150","0","0","150","Reviewable","NotReviewed","1 scales","600","60000","Tue Aug 19 13:57:44 PDT 2014","S41808","Approved","","""pizza""","""mushrooms""","0","""middle""","""left""","-1","3","0","13","0","0","-1","-1","""TRUE""","""null""","""null""","-1","-1","-1","-1","-1","-1","""the least ingredients""","0","""right""","""Communicating objects""","""""","0","""free_response""","""logical""","""null""","""null""","""null""","""null""","""null""","FALSE","""null""","""null""","""null""","""null""","""pizza""","""friend""","""null""","""null""","""null""","""null""","""mushrooms""","""glasses""","""null""","""null""","""null""","""null""","""middle""","""right""","""null""","""null""","""null""","""null""","""olives""","""glasses""","""null""","""null""","""null""","""null""","""left""","""left""","""null""","""null""","""null""","""null""","""kb1b""","0","0","Text"
"Describing Objects","Short and fun! A 1-2 minute word game about describing simple objects. Only one HIT per worker.","experiment, psychology, game, language, cognition, linguistics, description","$0.25 ","Tue Aug 12 13:57:44 PDT 2014","150","0","0","150","Reviewable","NotReviewed","1 scales","600","60000","Tue Aug 19 13:57:44 PDT 2014","S64529","Approved","","""pizza""","""olives""","0","""right""","""middle""","-1","3","0","13","0","0","-1","-1","""TRUE""","""null""","""null""","-1","-1","-1","-1","-1","-1","""no olives.""","0","""left""","""communicating with others""","""""","0","""free_response""","""foil""","""null""","""null""","""null""","""null""","""null""","FALSE","""null""","""null""","""null""","""null""","""pizza""","""boat""","""null""","""null""","""null""","""null""","""olives""","""sail""","""null""","""null""","""null""","""null""","""right""","""middle""","""null""","""null""","""null""","""null""","""peppers""","""sail""","""null""","""null""","""null""","""null""","""middle""","""left""","""null""","""null""","""null""","""null""","""kb1b""","0","0","Text"
"Describing Objects","Short and fun! A 1-2 minute word game about describing simple objects. Only one HIT per worker.","experiment, psychology, game, language, cognition, linguistics, description","$0.25 ","Tue Aug 12 13:57:44 PDT 2014","150","0","0","150","Reviewable","NotReviewed","1 scales","600","60000","Tue Aug 19 13:57:44 PDT 2014","S83482","Approved","","""snowman""","""scarf""","0","""middle""","""right""","-1","3","0","13","0","0","-1","-1","""TRUE""","""null""","""null""","-1","-1","-1","-1","-1","-1","""The snowman that I am looking at doesn't have a scarf.""","0","""left""","""I'm unsure but I'll say it was about ways of communicating.""","""Thank you! Have a wonderful day!""","0","""free_response""","""target""","""null""","""null""","""null""","""null""","""null""","TRUE","""null""","""null""","""null""","""null""","""snowman""","""friend""","""null""","""null""","""null""","""null""","""scarf""","""mustache""","""null""","""null""","""null""","""null""","""middle""","""right""","""null""","""null""","""null""","""null""","""hat""","""mustache""","""null""","""null""","""null""","""null""","""right""","""middle""","""null""","""null""","""null""","""null""","""kb1b""","0","1","Text"
"Describing Objects","Short and fun! A 1-2 minute word game about describing simple objects. Only one HIT per worker.","experiment, psychology, game, language, cognition, linguistics, description","$0.25 ","Tue Aug 12 13:57:44 PDT 2014","150","0","0","150","Reviewable","NotReviewed","1 scales","600","60000","Tue Aug 19 13:57:44 PDT 2014","S02558","Approved","","""sundae""","""chocolate""","0","""middle""","""left""","-1","3","0","13","0","0","-1","-1","""TRUE""","""null""","""null""","-1","-1","-1","-1","-1","-1","""three scoops of ice cream and a cherry""","0","""right""","""how people can see the same thing and describe them differently.""","""""","0","""free_response""","""foil""","""null""","""null""","""null""","""null""","""null""","FALSE","""null""","""null""","""null""","""null""","""sundae""","""snowman""","""null""","""null""","""null""","""null""","""chocolate""","""mittens""","""null""","""null""","""null""","""null""","""middle""","""left""","""null""","""null""","""null""","""null""","""cherry""","""mittens""","""null""","""null""","""null""","""null""","""left""","""right""","""null""","""null""","""null""","""null""","""kb1b""","0","0","Text"
"Describing Objects","Short and fun! A 1-2 minute word game about describing simple objects. Only one HIT per worker.","experiment, psychology, game, language, cognition, linguistics, description","$0.25 ","Tue Aug 12 13:57:44 PDT 2014","150","0","0","150","Reviewable","NotReviewed","1 scales","600","60000","Tue Aug 19 13:57:44 PDT 2014","S56818","Approved","","""friend""","""glasses""","0","""right""","""middle""","-1","3","0","13","0","0","-1","-1","""TRUE""","""null""","""null""","-1","-1","-1","-1","-1","-1","""only a hat.""","0","""left""","""Describing things""","""""","0","""free_response""","""logical""","""null""","""null""","""null""","""null""","""null""","FALSE","""null""","""null""","""null""","""null""","""friend""","""friend""","""null""","""null""","""null""","""null""","""glasses""","""glasses""","""null""","""null""","""null""","""null""","""right""","""left""","""null""","""null""","""null""","""null""","""hat""","""glasses""","""null""","""null""","""null""","""null""","""middle""","""middle""","""null""","""null""","""null""","""null""","""kb1b""","0","0","Text"
"Describing Objects","Short and fun! A 1-2 minute word game about describing simple objects. Only one HIT per worker.","experiment, psychology, game, language, cognition, linguistics, description","$0.25 ","Tue Aug 12 13:57:44 PDT 2014","150","0","0","150","Reviewable","NotReviewed","1 scales","600","60000","Tue Aug 19 13:57:44 PDT 2014","S48276","Approved","","""snowman""","""hat""","0","""middle""","""left""","-1","3","0","13","0","0","-1","-1","""TRUE""","""null""","""null""","-1","-1","-1","-1","-1","-1","""I'm talking about the one without the hat.""","0","""right""","""Communicating through description.""","""No.""","0","""free_response""","""foil""","""null""","""null""","""null""","""null""","""null""","FALSE","""null""","""null""","""null""","""null""","""snowman""","""snowman""","""null""","""null""","""null""","""null""","""hat""","""scarf""","""null""","""null""","""null""","""null""","""middle""","""middle""","""null""","""null""","""null""","""null""","""mittens""","""scarf""","""null""","""null""","""null""","""null""","""left""","""right""","""null""","""null""","""null""","""null""","""kb1b""","0","0","Text"
"Describing Objects","Short and fun! A 1-2 minute word game about describing simple objects. Only one HIT per worker.","experiment, psychology, game, language, cognition, linguistics, description","$0.25 ","Tue Aug 12 13:57:44 PDT 2014","150","0","0","150","Reviewable","NotReviewed","1 scales","600","60000","Tue Aug 19 13:57:44 PDT 2014","S00458","Approved","","""sundae""","""chocolate""","0","""right""","""middle""","-1","3","0","13","0","0","-1","-1","""TRUE""","""null""","""null""","-1","-1","-1","-1","-1","-1","""vanilla and whipped cream""","0","""left""","""describing objects""","""""","0","""free_response""","""logical""","""null""","""null""","""null""","""null""","""null""","FALSE","""null""","""null""","""null""","""null""","""sundae""","""Christmas tree""","""null""","""null""","""null""","""null""","""chocolate""","""lights""","""null""","""null""","""null""","""null""","""right""","""middle""","""null""","""null""","""null""","""null""","""whipped cream""","""lights""","""null""","""null""","""null""","""null""","""middle""","""right""","""null""","""null""","""null""","""null""","""kb1b""","0","0","Text"
"Describing Objects","Short and fun! A 1-2 minute word game about describing simple objects. Only one HIT per worker.","experiment, psychology, game, language, cognition, linguistics, description","$0.25 ","Tue Aug 12 13:57:44 PDT 2014","150","0","0","150","Reviewable","NotReviewed","1 scales","600","60000","Tue Aug 19 13:57:44 PDT 2014","S80347","Approved","","""Christmas tree""","""lights""","0","""left""","""middle""","-1","3","0","13","0","0","-1","-1","""TRUE""","""null""","""null""","-1","-1","-1","-1","-1","-1","""A christmas tree with a star on top.""","0","""right""","""describing a tree and guessing which pizza""","""thanks""","0","""free_response""","""target""","""null""","""null""","""null""","""null""","""null""","TRUE","""null""","""null""","""null""","""null""","""Christmas tree""","""pizza""","""null""","""null""","""null""","""null""","""lights""","""olives""","""null""","""null""","""null""","""null""","""left""","""right""","""null""","""null""","""null""","""null""","""star""","""olives""","""null""","""null""","""null""","""null""","""middle""","""left""","""null""","""null""","""null""","""null""","""kb1b""","0","1","Text"
"Describing Objects","Short and fun! A 1-2 minute word game about describing simple objects. Only one HIT per worker.","experiment, psychology, game, language, cognition, linguistics, description","$0.25 ","Tue Aug 12 13:57:44 PDT 2014","150","0","0","150","Reviewable","NotReviewed","1 scales","600","60000","Tue Aug 19 13:57:44 PDT 2014","S97167","Approved","","""boat""","""cabin""","0","""right""","""left""","-1","3","0","13","0","0","-1","-1","""TRUE""","""null""","""null""","-1","-1","-1","-1","-1","-1","""no sail or cabin""","0","""middle""","""describing things through text""","""""","0","""free_response""","""target""","""null""","""null""","""null""","""null""","""null""","TRUE","""null""","""null""","""null""","""null""","""boat""","""Christmas tree""","""null""","""null""","""null""","""null""","""cabin""","""lights""","""null""","""null""","""null""","""null""","""right""","""middle""","""null""","""null""","""null""","""null""","""motor""","""lights""","""null""","""null""","""null""","""null""","""left""","""left""","""null""","""null""","""null""","""null""","""kb1b""","1","1","Text"
"Describing Objects","Short and fun! A 1-2 minute word game about describing simple objects. Only one HIT per worker.","experiment, psychology, game, language, cognition, linguistics, description","$0.25 ","Tue Aug 12 13:57:44 PDT 2014","150","0","0","150","Reviewable","NotReviewed","1 scales","600","60000","Tue Aug 19 13:57:44 PDT 2014","S97406","Approved","","""sundae""","""chocolate""","0","""right""","""middle""","-1","3","0","13","0","0","-1","-1","""TRUE""","""null""","""null""","-1","-1","-1","-1","-1","-1","""the cherries and chocolate sauce.""","1","""right""","""Describing objects and trying to pick them from simple descriptions.""","""No""","0","""free_response""","""logical""","""null""","""null""","""null""","""null""","""null""","FALSE","""null""","""null""","""null""","""null""","""sundae""","""snowman""","""null""","""null""","""null""","""null""","""chocolate""","""hat""","""null""","""null""","""null""","""null""","""right""","""left""","""null""","""null""","""null""","""null""","""cherry""","""hat""","""null""","""null""","""null""","""null""","""middle""","""right""","""null""","""null""","""null""","""null""","""kb1b""","1","0","Text"
"Describing Objects","Short and fun! A 1-2 minute word game about describing simple objects. Only one HIT per worker.","experiment, psychology, game, language, cognition, linguistics, description","$0.25 ","Tue Aug 12 13:57:44 PDT 2014","150","0","0","150","Reviewable","NotReviewed","1 scales","600","60000","Tue Aug 19 13:57:44 PDT 2014","S26674","Approved","","""pizza""","""peppers""","0","""right""","""middle""","-1","3","0","13","0","0","-1","-1","""TRUE""","""null""","""null""","-1","-1","-1","-1","-1","-1","""Bob ordered a pizza with green pepper and mushrooms.""","1","""right""","""Describing pizza ordered by Bob.""","""Thanks,  now I am hungry.""","0","""free_response""","""target""","""null""","""null""","""null""","""null""","""null""","TRUE","""null""","""null""","""null""","""null""","""pizza""","""pizza""","""null""","""null""","""null""","""null""","""peppers""","""peppers""","""null""","""null""","""null""","""null""","""right""","""middle""","""null""","""null""","""null""","""null""","""mushrooms""","""peppers""","""null""","""null""","""null""","""null""","""middle""","""left""","""null""","""null""","""null""","""null""","""kb1b""","1","1","Text"
"Describing Objects","Short and fun! A 1-2 minute word game about describing simple objects. Only one HIT per worker.","experiment, psychology, game, language, cognition, linguistics, description","$0.25 ","Tue Aug 12 13:57:44 PDT 2014","150","0","0","150","Reviewable","NotReviewed","1 scales","600","60000","Tue Aug 19 13:57:44 PDT 2014","S79706","Approved","","""snowman""","""hat""","0","""right""","""left""","-1","3","0","13","0","0","-1","-1","""TRUE""","""null""","""null""","-1","-1","-1","-1","-1","-1","""a green hat, purple gloves and no scarf. ""","1","""right""","""To see how we would describe something. ""","""no""","0","""free_response""","""target""","""null""","""null""","""null""","""null""","""null""","TRUE","""null""","""null""","""null""","""null""","""snowman""","""snowman""","""null""","""null""","""null""","""null""","""hat""","""hat""","""null""","""null""","""null""","""null""","""right""","""left""","""null""","""null""","""null""","""null""","""mittens""","""hat""","""null""","""null""","""null""","""null""","""left""","""middle""","""null""","""null""","""null""","""null""","""kb1b""","1","1","Text"
"Describing Objects","Short and fun! A 1-2 minute word game about describing simple objects. Only one HIT per worker.","experiment, psychology, game, language, cognition, linguistics, description","$0.25 ","Tue Aug 12 13:57:44 PDT 2014","150","0","0","150","Reviewable","NotReviewed","1 scales","600","60000","Tue Aug 19 13:57:44 PDT 2014","S30785","Approved","","""friend""","""mustache""","0","""right""","""middle""","-1","3","0","13","0","0","-1","-1","""TRUE""","""null""","""null""","-1","-1","-1","-1","-1","-1","""the mustache and glasses.""","1","""right""","""Language""","""Thank you for the opportunity.""","0","""free_response""","""target""","""null""","""null""","""null""","""null""","""null""","TRUE","""null""","""null""","""null""","""null""","""friend""","""Christmas tree""","""null""","""null""","""null""","""null""","""mustache""","""lights""","""null""","""null""","""null""","""null""","""right""","""left""","""null""","""null""","""null""","""null""","""glasses""","""lights""","""null""","""null""","""null""","""null""","""middle""","""middle""","""null""","""null""","""null""","""null""","""kb1b""","1","1","Text"
"Describing Objects","Short and fun! A 1-2 minute word game about describing simple objects. Only one HIT per worker.","experiment, psychology, game, language, cognition, linguistics, description","$0.25 ","Tue Aug 12 13:57:44 PDT 2014","150","0","0","150","Reviewable","NotReviewed","1 scales","600","60000","Tue Aug 19 13:57:44 PDT 2014","S16153","Approved","","""snowman""","""scarf""","0","""middle""","""right""","-1","3","0","13","0","0","-1","-1","""TRUE""","""null""","""null""","-1","-1","-1","-1","-1","-1","""no hat but has a red scarf""","1","""middle""","""describing objects""","""""","0","""free_response""","""logical""","""null""","""null""","""null""","""null""","""null""","FALSE","""null""","""null""","""null""","""null""","""snowman""","""sundae""","""null""","""null""","""null""","""null""","""scarf""","""whipped cream""","""null""","""null""","""null""","""null""","""middle""","""middle""","""null""","""null""","""null""","""null""","""mittens""","""whipped cream""","""null""","""null""","""null""","""null""","""right""","""right""","""null""","""null""","""null""","""null""","""kb1b""","1","0","Text"
"Describing Objects","Short and fun! A 1-2 minute word game about describing simple objects. Only one HIT per worker.","experiment, psychology, game, language, cognition, linguistics, description","$0.25 ","Tue Aug 12 13:57:44 PDT 2014","150","0","0","150","Reviewable","NotReviewed","1 scales","600","60000","Tue Aug 19 13:57:44 PDT 2014","S65751","Approved","","""friend""","""mustache""","0","""left""","""right""","-1","3","0","13","0","0","-1","-1","""TRUE""","""null""","""null""","-1","-1","-1","-1","-1","-1","""both a mustache and glasses""","1","""left""","""describing and guessing based on 3 images""","""none""","0","""free_response""","""logical""","""null""","""null""","""null""","""null""","""null""","FALSE","""null""","""null""","""null""","""null""","""friend""","""snowman""","""null""","""null""","""null""","""null""","""mustache""","""mittens""","""null""","""null""","""null""","""null""","""left""","""left""","""null""","""null""","""null""","""null""","""glasses""","""mittens""","""null""","""null""","""null""","""null""","""right""","""right""","""null""","""null""","""null""","""null""","""kb1b""","1","0","Text"
"Describing Objects","Short and fun! A 1-2 minute word game about describing simple objects. Only one HIT per worker.","experiment, psychology, game, language, cognition, linguistics, description","$0.25 ","Tue Aug 12 13:57:44 PDT 2014","150","0","0","150","Reviewable","NotReviewed","1 scales","600","60000","Tue Aug 19 13:57:44 PDT 2014","S77058","Approved","","""boat""","""motor""","0","""middle""","""left""","-1","3","0","13","0","0","-1","-1","""TRUE""","""null""","""null""","-1","-1","-1","-1","-1","-1","""a sail and a motor.""","1","""middle""","""describing a boat of Bob's and then picking  a snowman that bob built""","""thank you""","0","""free_response""","""logical""","""null""","""null""","""null""","""null""","""null""","FALSE","""null""","""null""","""null""","""null""","""boat""","""snowman""","""null""","""null""","""null""","""null""","""motor""","""scarf""","""null""","""null""","""null""","""null""","""middle""","""right""","""null""","""null""","""null""","""null""","""sail""","""scarf""","""null""","""null""","""null""","""null""","""left""","""middle""","""null""","""null""","""null""","""null""","""kb1b""","1","0","Text"
"Describing Objects","Short and fun! A 1-2 minute word game about describing simple objects. Only one HIT per worker.","experiment, psychology, game, language, cognition, linguistics, description","$0.25 ","Tue Aug 12 13:57:44 PDT 2014","150","0","0","150","Reviewable","NotReviewed","1 scales","600","60000","Tue Aug 19 13:57:44 PDT 2014","S00701","Approved","","""Christmas tree""","""lights""","0","""middle""","""left""","-1","3","0","13","0","0","-1","-1","""TRUE""","""null""","""null""","-1","-1","-1","-1","-1","-1","""a star and lights""","1","""middle""","""identify what is being referred to""","""""","0","""free_response""","""logical""","""null""","""null""","""null""","""null""","""null""","FALSE","""null""","""null""","""null""","""null""","""Christmas tree""","""sundae""","""null""","""null""","""null""","""null""","""lights""","""cherry""","""null""","""null""","""null""","""null""","""middle""","""middle""","""null""","""null""","""null""","""null""","""star""","""cherry""","""null""","""null""","""null""","""null""","""left""","""left""","""null""","""null""","""null""","""null""","""kb1b""","1","0","Text"
"Describing Objects","Short and fun! A 1-2 minute word game about describing simple objects. Only one HIT per worker.","experiment, psychology, game, language, cognition, linguistics, description","$0.25 ","Tue Aug 12 13:57:44 PDT 2014","150","0","0","150","Reviewable","NotReviewed","1 scales","600","60000","Tue Aug 19 13:57:44 PDT 2014","S13015","Approved","","""sundae""","""cherry""","0","""right""","""left""","-1","3","0","13","0","0","-1","-1","""TRUE""","""null""","""null""","-1","-1","-1","-1","-1","-1","""the chocolate syrup and the cherry!""","1","""right""","""Food""","""""","0","""free_response""","""logical""","""null""","""null""","""null""","""null""","""null""","FALSE","""null""","""null""","""null""","""null""","""sundae""","""pizza""","""null""","""null""","""null""","""null""","""cherry""","""peppers""","""null""","""null""","""null""","""null""","""right""","""right""","""null""","""null""","""null""","""null""","""chocolate""","""peppers""","""null""","""null""","""null""","""null""","""left""","""left""","""null""","""null""","""null""","""null""","""kb1b""","1","0","Text"
"Describing Objects","Short and fun! A 1-2 minute word game about describing simple objects. Only one HIT per worker.","experiment, psychology, game, language, cognition, linguistics, description","$0.25 ","Tue Aug 12 13:57:44 PDT 2014","150","0","0","150","Reviewable","NotReviewed","1 scales","600","60000","Tue Aug 19 13:57:44 PDT 2014","S12164","Approved","","""sundae""","""whipped cream""","0","""right""","""left""","-1","3","0","13","0","0","-1","-1","""TRUE""","""null""","""null""","-1","-1","-1","-1","-1","-1","""the cherries and cream.""","1","""right""","""Not sure""","""No""","0","""free_response""","""logical""","""null""","""null""","""null""","""null""","""null""","FALSE","""null""","""null""","""null""","""null""","""sundae""","""Christmas tree""","""null""","""null""","""null""","""null""","""whipped cream""","""star""","""null""","""null""","""null""","""null""","""right""","""left""","""null""","""null""","""null""","""null""","""cherry""","""star""","""null""","""null""","""null""","""null""","""left""","""right""","""null""","""null""","""null""","""null""","""kb1b""","1","0","Text"
"Describing Objects","Short and fun! A 1-2 minute word game about describing simple objects. Only one HIT per worker.","experiment, psychology, game, language, cognition, linguistics, description","$0.25 ","Tue Aug 12 13:57:44 PDT 2014","150","0","0","150","Reviewable","NotReviewed","1 scales","600","60000","Tue Aug 19 13:57:44 PDT 2014","S93400","Approved","","""Christmas tree""","""star""","0","""left""","""middle""","-1","3","0","13","0","0","-1","-1","""TRUE""","""null""","""null""","-1","-1","-1","-1","-1","-1","""star and strings.""","1","""left""","""picture descriptions""","""No""","0","""free_response""","""target""","""null""","""null""","""null""","""null""","""null""","TRUE","""null""","""null""","""null""","""null""","""Christmas tree""","""friend""","""null""","""null""","""null""","""null""","""star""","""glasses""","""null""","""null""","""null""","""null""","""left""","""left""","""null""","""null""","""null""","""null""","""lights""","""glasses""","""null""","""null""","""null""","""null""","""middle""","""middle""","""null""","""null""","""null""","""null""","""kb1b""","1","1","Text"
"Describing Objects","Short and fun! A 1-2 minute word game about describing simple objects. Only one HIT per worker.","experiment, psychology, game, language, cognition, linguistics, description","$0.25 ","Tue Aug 12 13:57:44 PDT 2014","150","0","0","150","Reviewable","NotReviewed","1 scales","600","60000","Tue Aug 19 13:57:44 PDT 2014","S98664","Approved","","""Christmas tree""","""ornaments""","0","""middle""","""right""","-1","3","0","13","0","0","-1","-1","""TRUE""","""null""","""null""","-1","-1","-1","-1","-1","-1","""that has the most decorations.""","1","""middle""","""Descriptions""","""""","0","""free_response""","""target""","""null""","""null""","""null""","""null""","""null""","TRUE","""null""","""null""","""null""","""null""","""Christmas tree""","""friend""","""null""","""null""","""null""","""null""","""ornaments""","""mustache""","""null""","""null""","""null""","""null""","""middle""","""middle""","""null""","""null""","""null""","""null""","""lights""","""mustache""","""null""","""null""","""null""","""null""","""right""","""right""","""null""","""null""","""null""","""null""","""kb1b""","NA","1","Text"
"Describing Objects","Short and fun! A 1-2 minute word game about describing simple objects. Only one HIT per worker.","experiment, psychology, game, language, cognition, linguistics, description","$0.25 ","Tue Aug 12 13:57:44 PDT 2014","150","0","0","150","Reviewable","NotReviewed","1 scales","600","60000","Tue Aug 19 13:57:44 PDT 2014","S66677","Approved","","""friend""","""hat""","0","""right""","""middle""","-1","3","0","13","0","0","-1","-1","""TRUE""","""null""","""null""","-1","-1","-1","-1","-1","-1","""glasses and a hat""","1","""right""","""Describing images to others""","""""","0","""free_response""","""target""","""null""","""null""","""null""","""null""","""null""","TRUE","""null""","""null""","""null""","""null""","""friend""","""boat""","""null""","""null""","""null""","""null""","""hat""","""sail""","""null""","""null""","""null""","""null""","""right""","""middle""","""null""","""null""","""null""","""null""","""glasses""","""sail""","""null""","""null""","""null""","""null""","""middle""","""right""","""null""","""null""","""null""","""null""","""kb1b""","1","1","Text"
"Describing Objects","Short and fun! A 1-2 minute word game about describing simple objects. Only one HIT per worker.","experiment, psychology, game, language, cognition, linguistics, description","$0.25 ","Tue Aug 12 13:57:44 PDT 2014","150","0","0","150","Reviewable","NotReviewed","1 scales","600","60000","Tue Aug 19 13:57:44 PDT 2014","S81423","Approved","","""snowman""","""scarf""","0","""middle""","""right""","-1","3","0","13","0","0","-1","-1","""TRUE""","""null""","""null""","-1","-1","-1","-1","-1","-1","""HAT AND SCARF  BUT HAS NO GLOVES""","1","""middle""","""DESCRIBING OBJECTS""","""FUN HIT""","0","""free_response""","""logical""","""null""","""null""","""null""","""null""","""null""","FALSE","""null""","""null""","""null""","""null""","""snowman""","""friend""","""null""","""null""","""null""","""null""","""scarf""","""hat""","""null""","""null""","""null""","""null""","""middle""","""left""","""null""","""null""","""null""","""null""","""hat""","""hat""","""null""","""null""","""null""","""null""","""right""","""middle""","""null""","""null""","""null""","""null""","""kb1b""","1","0","Text"
"Describing Objects","Short and fun! A 1-2 minute word game about describing simple objects. Only one HIT per worker.","experiment, psychology, game, language, cognition, linguistics, description","$0.25 ","Tue Aug 12 13:57:44 PDT 2014","150","0","0","150","Reviewable","NotReviewed","1 scales","600","60000","Tue Aug 19 13:57:44 PDT 2014","S02385","Approved","","""boat""","""sail""","0","""middle""","""left""","-1","3","0","13","0","0","-1","-1","""TRUE""","""null""","""null""","-1","-1","-1","-1","-1","-1","""a sail, two port holes and no cabin. ""","1","""middle""","""describing objects""","""""","0","""free_response""","""target""","""null""","""null""","""null""","""null""","""null""","TRUE","""null""","""null""","""null""","""null""","""boat""","""snowman""","""null""","""null""","""null""","""null""","""sail""","""mittens""","""null""","""null""","""null""","""null""","""middle""","""left""","""null""","""null""","""null""","""null""","""motor""","""mittens""","""null""","""null""","""null""","""null""","""left""","""right""","""null""","""null""","""null""","""null""","""kb1b""","1","1","Text"
"Describing Objects","Short and fun! A 1-2 minute word game about describing simple objects. Only one HIT per worker.","experiment, psychology, game, language, cognition, linguistics, description","$0.25 ","Tue Aug 12 13:57:44 PDT 2014","150","0","0","150","Reviewable","NotReviewed","1 scales","600","60000","Tue Aug 19 13:57:44 PDT 2014","S49675","Approved","","""Christmas tree""","""lights""","0","""middle""","""left""","-1","3","0","13","0","0","-1","-1","""TRUE""","""null""","""null""","-1","-1","-1","-1","-1","-1","""It is the tree with five strands of lights and a star on top.""","1","""middle""","""communicating a picture""","""no""","0","""free_response""","""target""","""null""","""null""","""null""","""null""","""null""","TRUE","""null""","""null""","""null""","""null""","""Christmas tree""","""snowman""","""null""","""null""","""null""","""null""","""lights""","""mittens""","""null""","""null""","""null""","""null""","""middle""","""middle""","""null""","""null""","""null""","""null""","""star""","""mittens""","""null""","""null""","""null""","""null""","""left""","""right""","""null""","""null""","""null""","""null""","""kb1b""","1","1","Text"
"Describing Objects","Short and fun! A 1-2 minute word game about describing simple objects. Only one HIT per worker.","experiment, psychology, game, language, cognition, linguistics, description","$0.25 ","Tue Aug 12 13:57:44 PDT 2014","150","0","0","150","Reviewable","NotReviewed","1 scales","600","60000","Tue Aug 19 13:57:44 PDT 2014","S87586","Approved","","""Christmas tree""","""star""","0","""right""","""left""","-1","3","0","13","0","0","-1","-1","""TRUE""","""null""","""null""","-1","-1","-1","-1","-1","-1","""the star on top with bulbs instead of lights.""","1","""right""","""To determine how we use language to describe objects clearly.""","""""","0","""free_response""","""target""","""null""","""null""","""null""","""null""","""null""","TRUE","""null""","""null""","""null""","""null""","""Christmas tree""","""boat""","""null""","""null""","""null""","""null""","""star""","""sail""","""null""","""null""","""null""","""null""","""right""","""right""","""null""","""null""","""null""","""null""","""ornaments""","""sail""","""null""","""null""","""null""","""null""","""left""","""left""","""null""","""null""","""null""","""null""","""kb1b""","1","1","Text"
"Describing Objects","Short and fun! A 1-2 minute word game about describing simple objects. Only one HIT per worker.","experiment, psychology, game, language, cognition, linguistics, description","$0.25 ","Tue Aug 12 13:57:44 PDT 2014","150","0","0","150","Reviewable","NotReviewed","1 scales","600","60000","Tue Aug 19 13:57:44 PDT 2014","S15897","Approved","","""snowman""","""scarf""","0","""middle""","""left""","-1","3","0","13","0","0","-1","-1","""TRUE""","""null""","""null""","-1","-1","-1","-1","-1","-1","""Scarf and no hat.""","1","""middle""","""boats and snowmen""","""""","0","""free_response""","""logical""","""null""","""null""","""null""","""null""","""null""","FALSE","""null""","""null""","""null""","""null""","""snowman""","""boat""","""null""","""null""","""null""","""null""","""scarf""","""cabin""","""null""","""null""","""null""","""null""","""middle""","""left""","""null""","""null""","""null""","""null""","""mittens""","""cabin""","""null""","""null""","""null""","""null""","""left""","""right""","""null""","""null""","""null""","""null""","""kb1b""","1","0","Text"
"Describing Objects","Short and fun! A 1-2 minute word game about describing simple objects. Only one HIT per worker.","experiment, psychology, game, language, cognition, linguistics, description","$0.25 ","Tue Aug 12 13:57:44 PDT 2014","150","0","0","150","Reviewable","NotReviewed","1 scales","600","60000","Tue Aug 19 13:57:44 PDT 2014","S21301","Approved","","""sundae""","""chocolate""","0","""right""","""middle""","-1","3","0","13","0","0","-1","-1","""TRUE""","""null""","""null""","-1","-1","-1","-1","-1","-1","""the chocolate and whip cream on top.""","1","""right""","""Describing an object to help someone make a choice.""","""No""","0","""free_response""","""target""","""null""","""null""","""null""","""null""","""null""","TRUE","""null""","""null""","""null""","""null""","""sundae""","""snowman""","""null""","""null""","""null""","""null""","""chocolate""","""mittens""","""null""","""null""","""null""","""null""","""right""","""middle""","""null""","""null""","""null""","""null""","""whipped cream""","""mittens""","""null""","""null""","""null""","""null""","""middle""","""left""","""null""","""null""","""null""","""null""","""kb1b""","1","1","Text"
"Describing Objects","Short and fun! A 1-2 minute word game about describing simple objects. Only one HIT per worker.","experiment, psychology, game, language, cognition, linguistics, description","$0.25 ","Tue Aug 12 13:57:44 PDT 2014","150","0","0","150","Reviewable","NotReviewed","1 scales","600","60000","Tue Aug 19 13:57:44 PDT 2014","S89808","Approved","","""Christmas tree""","""lights""","0","""left""","""right""","-1","3","0","13","0","0","-1","-1","""TRUE""","""null""","""null""","-1","-1","-1","-1","-1","-1","""The tree has lights, but no star. ""","1","""left""","""Communication""","""""","0","""free_response""","""logical""","""null""","""null""","""null""","""null""","""null""","FALSE","""null""","""null""","""null""","""null""","""Christmas tree""","""Christmas tree""","""null""","""null""","""null""","""null""","""lights""","""star""","""null""","""null""","""null""","""null""","""left""","""left""","""null""","""null""","""null""","""null""","""ornaments""","""star""","""null""","""null""","""null""","""null""","""right""","""right""","""null""","""null""","""null""","""null""","""kb1b""","1","0","Text"
"Describing Objects","Short and fun! A 1-2 minute word game about describing simple objects. Only one HIT per worker.","experiment, psychology, game, language, cognition, linguistics, description","$0.25 ","Tue Aug 12 13:57:44 PDT 2014","150","0","0","150","Reviewable","NotReviewed","1 scales","600","60000","Tue Aug 19 13:57:44 PDT 2014","S16947","Approved","","""snowman""","""hat""","0","""middle""","""left""","-1","3","0","13","0","0","-1","-1","""TRUE""","""null""","""null""","-1","-1","-1","-1","-1","-1","""purple gloves and green hat.""","1","""middle""","""Describing objects.""","""thanks!""","0","""free_response""","""target""","""null""","""null""","""null""","""null""","""null""","TRUE","""null""","""null""","""null""","""null""","""snowman""","""pizza""","""null""","""null""","""null""","""null""","""hat""","""olives""","""null""","""null""","""null""","""null""","""middle""","""middle""","""null""","""null""","""null""","""null""","""mittens""","""olives""","""null""","""null""","""null""","""null""","""left""","""left""","""null""","""null""","""null""","""null""","""kb1b""","1","1","Text"
"Describing Objects","Short and fun! A 1-2 minute word game about describing simple objects. Only one HIT per worker.","experiment, psychology, game, language, cognition, linguistics, description","$0.25 ","Tue Aug 12 13:57:44 PDT 2014","150","0","0","150","Reviewable","NotReviewed","1 scales","600","60000","Tue Aug 19 13:57:44 PDT 2014","S08765","Approved","","""boat""","""motor""","0","""left""","""middle""","-1","3","0","13","0","0","-1","-1","""TRUE""","""null""","""null""","-1","-1","-1","-1","-1","-1","""Letter A has a motor. It does not have a sail.""","1","""left""","""communication""","""nope""","0","""free_response""","""target""","""null""","""null""","""null""","""null""","""null""","TRUE","""null""","""null""","""null""","""null""","""boat""","""sundae""","""null""","""null""","""null""","""null""","""motor""","""chocolate""","""null""","""null""","""null""","""null""","""left""","""left""","""null""","""null""","""null""","""null""","""cabin""","""chocolate""","""null""","""null""","""null""","""null""","""middle""","""middle""","""null""","""null""","""null""","""null""","""kb1b""","1","1","Text"
"Describing Objects","Short and fun! A 1-2 minute word game about describing simple objects. Only one HIT per worker.","experiment, psychology, game, language, cognition, linguistics, description","$0.25 ","Tue Aug 12 13:57:44 PDT 2014","150","0","0","150","Reviewable","NotReviewed","1 scales","600","60000","Tue Aug 19 13:57:44 PDT 2014","S72929","Approved","","""friend""","""hat""","0","""middle""","""right""","-1","3","0","13","0","0","-1","-1","""TRUE""","""null""","""null""","-1","-1","-1","-1","-1","-1","""glasses and a hat.""","1","""middle""","""describing objects""","""""","0","""free_response""","""target""","""null""","""null""","""null""","""null""","""null""","TRUE","""null""","""null""","""null""","""null""","""friend""","""boat""","""null""","""null""","""null""","""null""","""hat""","""sail""","""null""","""null""","""null""","""null""","""middle""","""right""","""null""","""null""","""null""","""null""","""glasses""","""sail""","""null""","""null""","""null""","""null""","""right""","""left""","""null""","""null""","""null""","""null""","""kb1b""","1","1","Text"
"Describing Objects","Short and fun! A 1-2 minute word game about describing simple objects. Only one HIT per worker.","experiment, psychology, game, language, cognition, linguistics, description","$0.25 ","Tue Aug 12 13:57:44 PDT 2014","150","0","0","150","Reviewable","NotReviewed","1 scales","600","60000","Tue Aug 19 13:57:44 PDT 2014","S74898","Approved","","""Christmas tree""","""ornaments""","0","""left""","""middle""","-1","3","0","13","0","0","-1","-1","""TRUE""","""null""","""null""","-1","-1","-1","-1","-1","-1","""alot of decorations""","1","""left""","""realying messages""","""""","0","""free_response""","""target""","""null""","""null""","""null""","""null""","""null""","TRUE","""null""","""null""","""null""","""null""","""Christmas tree""","""sundae""","""null""","""null""","""null""","""null""","""ornaments""","""chocolate""","""null""","""null""","""null""","""null""","""left""","""middle""","""null""","""null""","""null""","""null""","""lights""","""chocolate""","""null""","""null""","""null""","""null""","""middle""","""right""","""null""","""null""","""null""","""null""","""kb1b""","NA","1","Text"
"Describing Objects","Short and fun! A 1-2 minute word game about describing simple objects. Only one HIT per worker.","experiment, psychology, game, language, cognition, linguistics, description","$0.25 ","Tue Aug 12 13:57:44 PDT 2014","150","0","0","150","Reviewable","NotReviewed","1 scales","600","60000","Tue Aug 19 13:57:44 PDT 2014","S73215","Approved","","""sundae""","""whipped cream""","0","""middle""","""left""","-1","3","0","13","0","0","-1","-1","""TRUE""","""null""","""null""","-1","-1","-1","-1","-1","-1","""whip""","1","""middle""","""boats and sundaes""","""""","0","""free_response""","""target""","""null""","""null""","""null""","""null""","""null""","TRUE","""null""","""null""","""null""","""null""","""sundae""","""boat""","""null""","""null""","""null""","""null""","""whipped cream""","""motor""","""null""","""null""","""null""","""null""","""middle""","""left""","""null""","""null""","""null""","""null""","""cherry""","""motor""","""null""","""null""","""null""","""null""","""left""","""middle""","""null""","""null""","""null""","""null""","""kb1b""","0","1","Text"
"Describing Objects","Short and fun! A 1-2 minute word game about describing simple objects. Only one HIT per worker.","experiment, psychology, game, language, cognition, linguistics, description","$0.25 ","Tue Aug 12 13:57:44 PDT 2014","150","0","0","150","Reviewable","NotReviewed","1 scales","600","60000","Tue Aug 19 13:57:44 PDT 2014","S55570","Approved","","""friend""","""hat""","0","""middle""","""left""","-1","3","0","13","0","0","-1","-1","""TRUE""","""null""","""null""","-1","-1","-1","-1","-1","-1","""He has a mustache and a hat.""","1","""middle""","""Communication""","""""","0","""free_response""","""logical""","""null""","""null""","""null""","""null""","""null""","FALSE","""null""","""null""","""null""","""null""","""friend""","""Christmas tree""","""null""","""null""","""null""","""null""","""hat""","""ornaments""","""null""","""null""","""null""","""null""","""middle""","""right""","""null""","""null""","""null""","""null""","""mustache""","""ornaments""","""null""","""null""","""null""","""null""","""left""","""middle""","""null""","""null""","""null""","""null""","""kb1b""","1","0","Text"
"Describing Objects","Short and fun! A 1-2 minute word game about describing simple objects. Only one HIT per worker.","experiment, psychology, game, language, cognition, linguistics, description","$0.25 ","Tue Aug 12 13:57:44 PDT 2014","150","0","0","150","Reviewable","NotReviewed","1 scales","600","60000","Tue Aug 19 13:57:44 PDT 2014","S41204","Approved","","""sundae""","""cherry""","0","""right""","""left""","-1","3","0","13","0","0","-1","-1","""TRUE""","""null""","""null""","-1","-1","-1","-1","-1","-1","""plain with just a cherry on top""","1","""right""","""describing objects""","""no""","0","""free_response""","""target""","""null""","""null""","""null""","""null""","""null""","TRUE","""null""","""null""","""null""","""null""","""sundae""","""pizza""","""null""","""null""","""null""","""null""","""cherry""","""mushrooms""","""null""","""null""","""null""","""null""","""right""","""right""","""null""","""null""","""null""","""null""","""whipped cream""","""mushrooms""","""null""","""null""","""null""","""null""","""left""","""middle""","""null""","""null""","""null""","""null""","""kb1b""","NA","1","Text"
"Describing Objects","Short and fun! A 1-2 minute word game about describing simple objects. Only one HIT per worker.","experiment, psychology, game, language, cognition, linguistics, description","$0.25 ","Tue Aug 12 13:57:44 PDT 2014","150","0","0","150","Reviewable","NotReviewed","1 scales","600","60000","Tue Aug 19 13:57:44 PDT 2014","S51176","Approved","","""sundae""","""chocolate""","0","""left""","""right""","-1","3","0","13","0","0","-1","-1","""TRUE""","""null""","""null""","-1","-1","-1","-1","-1","-1","""cherry and chocolate""","1","""left""","""dont know""","""none""","0","""free_response""","""logical""","""null""","""null""","""null""","""null""","""null""","FALSE","""null""","""null""","""null""","""null""","""sundae""","""sundae""","""null""","""null""","""null""","""null""","""chocolate""","""cherry""","""null""","""null""","""null""","""null""","""left""","""middle""","""null""","""null""","""null""","""null""","""cherry""","""cherry""","""null""","""null""","""null""","""null""","""right""","""left""","""null""","""null""","""null""","""null""","""kb1b""","1","0","Text"
"Describing Objects","Short and fun! A 1-2 minute word game about describing simple objects. Only one HIT per worker.","experiment, psychology, game, language, cognition, linguistics, description","$0.25 ","Tue Aug 12 13:57:44 PDT 2014","150","0","0","150","Reviewable","NotReviewed","1 scales","600","60000","Tue Aug 19 13:57:44 PDT 2014","S51890","Approved","","""sundae""","""cherry""","0","""right""","""left""","-1","3","0","13","0","0","-1","-1","""TRUE""","""null""","""null""","-1","-1","-1","-1","-1","-1","""a cherry on top and everything covered in fudge.""","1","""right""","""No idea. The other turker (assuming there is one) didn't even look at the images, he just typed \""olives\""""","""Thanks!""","0","""free_response""","""logical""","""null""","""null""","""null""","""null""","""null""","FALSE","""null""","""null""","""null""","""null""","""sundae""","""pizza""","""null""","""null""","""null""","""null""","""cherry""","""olives""","""null""","""null""","""null""","""null""","""right""","""left""","""null""","""null""","""null""","""null""","""chocolate""","""olives""","""null""","""null""","""null""","""null""","""left""","""middle""","""null""","""null""","""null""","""null""","""kb1b""","1","0","Text"
"Describing Objects","Short and fun! A 1-2 minute word game about describing simple objects. Only one HIT per worker.","experiment, psychology, game, language, cognition, linguistics, description","$0.25 ","Tue Aug 12 13:57:44 PDT 2014","150","0","0","150","Reviewable","NotReviewed","1 scales","600","60000","Tue Aug 19 13:57:44 PDT 2014","S81125","Approved","","""Christmas tree""","""lights""","0","""right""","""left""","-1","3","0","13","0","0","-1","-1","""TRUE""","""null""","""null""","-1","-1","-1","-1","-1","-1","""Ornaments and a star.""","1","""right""","""How we describe images.""","""""","0","""free_response""","""target""","""null""","""null""","""null""","""null""","""null""","TRUE","""null""","""null""","""null""","""null""","""Christmas tree""","""snowman""","""null""","""null""","""null""","""null""","""lights""","""hat""","""null""","""null""","""null""","""null""","""right""","""middle""","""null""","""null""","""null""","""null""","""star""","""hat""","""null""","""null""","""null""","""null""","""left""","""right""","""null""","""null""","""null""","""null""","""kb1b""","1","1","Text"
"Describing Objects","Short and fun! A 1-2 minute word game about describing simple objects. Only one HIT per worker.","experiment, psychology, game, language, cognition, linguistics, description","$0.25 ","Tue Aug 12 13:57:44 PDT 2014","150","0","0","150","Reviewable","NotReviewed","1 scales","600","60000","Tue Aug 19 13:57:44 PDT 2014","S74667","Approved","","""boat""","""cabin""","0","""right""","""middle""","-1","3","0","13","0","0","-1","-1","""TRUE""","""null""","""null""","-1","-1","-1","-1","-1","-1","""A sail and a hatch""","1","""right""","""About describing""","""""","0","""free_response""","""logical""","""null""","""null""","""null""","""null""","""null""","FALSE","""null""","""null""","""null""","""null""","""boat""","""sundae""","""null""","""null""","""null""","""null""","""cabin""","""chocolate""","""null""","""null""","""null""","""null""","""right""","""right""","""null""","""null""","""null""","""null""","""sail""","""chocolate""","""null""","""null""","""null""","""null""","""middle""","""left""","""null""","""null""","""null""","""null""","""kb1b""","1","0","Text"
"Describing Objects","Short and fun! A 1-2 minute word game about describing simple objects. Only one HIT per worker.","experiment, psychology, game, language, cognition, linguistics, description","$0.25 ","Tue Aug 12 13:57:44 PDT 2014","150","0","0","150","Reviewable","NotReviewed","1 scales","600","60000","Tue Aug 19 13:57:44 PDT 2014","S50987","Approved","","""friend""","""hat""","0","""left""","""right""","-1","3","0","13","0","0","-1","-1","""TRUE""","""null""","""null""","-1","-1","-1","-1","-1","-1","""a hat and a mustache.""","1","""left""","""describing a \""friend\"" and choosing the right Xmas tree based on one word description.""","""n/a""","0","""free_response""","""logical""","""null""","""null""","""null""","""null""","""null""","FALSE","""null""","""null""","""null""","""null""","""friend""","""Christmas tree""","""null""","""null""","""null""","""null""","""hat""","""lights""","""null""","""null""","""null""","""null""","""left""","""left""","""null""","""null""","""null""","""null""","""mustache""","""lights""","""null""","""null""","""null""","""null""","""right""","""middle""","""null""","""null""","""null""","""null""","""kb1b""","1","0","Text"
"Describing Objects","Short and fun! A 1-2 minute word game about describing simple objects. Only one HIT per worker.","experiment, psychology, game, language, cognition, linguistics, description","$0.25 ","Tue Aug 12 13:57:44 PDT 2014","150","0","0","150","Reviewable","NotReviewed","1 scales","600","60000","Tue Aug 19 13:57:44 PDT 2014","S79253","Approved","","""Christmas tree""","""star""","0","""middle""","""right""","-1","3","0","13","0","0","-1","-1","""TRUE""","""null""","""null""","-1","-1","-1","-1","-1","-1","""the ball ornaments and star on top. ""","1","""middle""","""describing objects""","""""","0","""free_response""","""foil""","""null""","""null""","""null""","""null""","""null""","FALSE","""null""","""null""","""null""","""null""","""Christmas tree""","""pizza""","""null""","""null""","""null""","""null""","""star""","""olives""","""null""","""null""","""null""","""null""","""middle""","""left""","""null""","""null""","""null""","""null""","""ornaments""","""olives""","""null""","""null""","""null""","""null""","""right""","""right""","""null""","""null""","""null""","""null""","""kb1b""","1","0","Text"
"Describing Objects","Short and fun! A 1-2 minute word game about describing simple objects. Only one HIT per worker.","experiment, psychology, game, language, cognition, linguistics, description","$0.25 ","Tue Aug 12 13:57:44 PDT 2014","150","0","0","150","Reviewable","NotReviewed","1 scales","600","60000","Tue Aug 19 13:57:44 PDT 2014","S39925","Approved","","""pizza""","""mushrooms""","0","""middle""","""right""","-1","3","0","13","0","0","-1","-1","""TRUE""","""null""","""null""","-1","-1","-1","-1","-1","-1","""mushrooms AND bellpeppers.""","1","""middle""","""conveying a particular, detailed message""","""This was short and fun!""","0","""free_response""","""logical""","""null""","""null""","""null""","""null""","""null""","FALSE","""null""","""null""","""null""","""null""","""pizza""","""boat""","""null""","""null""","""null""","""null""","""mushrooms""","""cabin""","""null""","""null""","""null""","""null""","""middle""","""middle""","""null""","""null""","""null""","""null""","""peppers""","""cabin""","""null""","""null""","""null""","""null""","""right""","""left""","""null""","""null""","""null""","""null""","""kb1b""","1","0","Text"
"Describing Objects","Short and fun! A 1-2 minute word game about describing simple objects. Only one HIT per worker.","experiment, psychology, game, language, cognition, linguistics, description","$0.25 ","Tue Aug 12 13:57:44 PDT 2014","150","0","0","150","Reviewable","NotReviewed","1 scales","600","60000","Tue Aug 19 13:57:44 PDT 2014","S18955","Approved","","""snowman""","""scarf""","0","""right""","""middle""","-1","3","0","13","0","0","-1","-1","""TRUE""","""null""","""null""","-1","-1","-1","-1","-1","-1","""the hat and scarf.""","1","""right""","""How well people convey descriptions?""","""Thanks.""","0","""free_response""","""logical""","""null""","""null""","""null""","""null""","""null""","FALSE","""null""","""null""","""null""","""null""","""snowman""","""friend""","""null""","""null""","""null""","""null""","""scarf""","""mustache""","""null""","""null""","""null""","""null""","""right""","""left""","""null""","""null""","""null""","""null""","""hat""","""mustache""","""null""","""null""","""null""","""null""","""middle""","""middle""","""null""","""null""","""null""","""null""","""kb1b""","1","0","Text"
"Describing Objects","Short and fun! A 1-2 minute word game about describing simple objects. Only one HIT per worker.","experiment, psychology, game, language, cognition, linguistics, description","$0.25 ","Tue Aug 12 13:57:44 PDT 2014","150","0","0","150","Reviewable","NotReviewed","1 scales","600","60000","Tue Aug 19 13:57:44 PDT 2014","S86885","Approved","","""Christmas tree""","""star""","0","""middle""","""left""","-1","3","0","13","0","0","-1","-1","""TRUE""","""null""","""null""","-1","-1","-1","-1","-1","-1","""It is the tree with lights and a star.""","1","""middle""","""Distinguishing between Christmas trees and pizzas""","""""","0","""free_response""","""target""","""null""","""null""","""null""","""null""","""null""","TRUE","""null""","""null""","""null""","""null""","""Christmas tree""","""pizza""","""null""","""null""","""null""","""null""","""star""","""peppers""","""null""","""null""","""null""","""null""","""middle""","""right""","""null""","""null""","""null""","""null""","""lights""","""peppers""","""null""","""null""","""null""","""null""","""left""","""left""","""null""","""null""","""null""","""null""","""kb1b""","1","1","Text"
"Describing Objects","Short and fun! A 1-2 minute word game about describing simple objects. Only one HIT per worker.","experiment, psychology, game, language, cognition, linguistics, description","$0.25 ","Tue Aug 12 13:57:44 PDT 2014","150","0","0","150","Reviewable","NotReviewed","1 scales","600","60000","Tue Aug 19 13:57:44 PDT 2014","S28959","Approved","","""pizza""","""peppers""","0","""middle""","""right""","-1","3","0","13","0","0","-1","-1","""TRUE""","""null""","""null""","-1","-1","-1","-1","-1","-1","""olives and green peppers""","1","""middle""","""language and perception""","""""","0","""free_response""","""target""","""null""","""null""","""null""","""null""","""null""","TRUE","""null""","""null""","""null""","""null""","""pizza""","""sundae""","""null""","""null""","""null""","""null""","""peppers""","""chocolate""","""null""","""null""","""null""","""null""","""middle""","""middle""","""null""","""null""","""null""","""null""","""olives""","""chocolate""","""null""","""null""","""null""","""null""","""right""","""left""","""null""","""null""","""null""","""null""","""kb1b""","1","1","Text"
"Describing Objects","Short and fun! A 1-2 minute word game about describing simple objects. Only one HIT per worker.","experiment, psychology, game, language, cognition, linguistics, description","$0.25 ","Tue Aug 12 13:57:44 PDT 2014","150","0","0","150","Reviewable","NotReviewed","1 scales","600","60000","Tue Aug 19 13:57:44 PDT 2014","S71039","Approved","","""sundae""","""cherry""","0","""left""","""right""","-1","3","0","13","0","0","-1","-1","""TRUE""","""null""","""null""","-1","-1","-1","-1","-1","-1","""chocolate and a cherry.""","1","""left""","""Describing a way to communicate an object with limited words.""","""N/A Thanks!""","0","""free_response""","""foil""","""null""","""null""","""null""","""null""","""null""","FALSE","""null""","""null""","""null""","""null""","""sundae""","""friend""","""null""","""null""","""null""","""null""","""cherry""","""mustache""","""null""","""null""","""null""","""null""","""left""","""left""","""null""","""null""","""null""","""null""","""chocolate""","""mustache""","""null""","""null""","""null""","""null""","""right""","""middle""","""null""","""null""","""null""","""null""","""kb1b""","1","0","Text"
"Describing Objects","Short and fun! A 1-2 minute word game about describing simple objects. Only one HIT per worker.","experiment, psychology, game, language, cognition, linguistics, description","$0.25 ","Tue Aug 12 13:57:44 PDT 2014","150","0","0","150","Reviewable","NotReviewed","1 scales","600","60000","Tue Aug 19 13:57:44 PDT 2014","S52675","Approved","","""Christmas tree""","""ornaments""","0","""right""","""left""","-1","3","0","13","0","0","-1","-1","""TRUE""","""null""","""null""","-1","-1","-1","-1","-1","-1","""This tree is pale green with lights and ornaments on it.""","1","""right""","""Communication""","""""","0","""free_response""","""target""","""null""","""null""","""null""","""null""","""null""","TRUE","""null""","""null""","""null""","""null""","""Christmas tree""","""Christmas tree""","""null""","""null""","""null""","""null""","""ornaments""","""star""","""null""","""null""","""null""","""null""","""right""","""middle""","""null""","""null""","""null""","""null""","""lights""","""star""","""null""","""null""","""null""","""null""","""left""","""left""","""null""","""null""","""null""","""null""","""kb1b""","1","1","Text"
"Describing Objects","Short and fun! A 1-2 minute word game about describing simple objects. Only one HIT per worker.","experiment, psychology, game, language, cognition, linguistics, description","$0.25 ","Tue Aug 12 13:57:44 PDT 2014","150","0","0","150","Reviewable","NotReviewed","1 scales","600","60000","Tue Aug 19 13:57:44 PDT 2014","S72731","Approved","","""snowman""","""mittens""","0","""middle""","""right""","-1","3","0","13","0","0","-1","-1","""TRUE""","""null""","""null""","-1","-1","-1","-1","-1","-1","""Snowman B is the one with the green hat and gloves. ""","1","""middle""","""How people describle things. ""","""N/A""","0","""free_response""","""logical""","""null""","""null""","""null""","""null""","""null""","FALSE","""null""","""null""","""null""","""null""","""snowman""","""Christmas tree""","""null""","""null""","""null""","""null""","""mittens""","""star""","""null""","""null""","""null""","""null""","""middle""","""right""","""null""","""null""","""null""","""null""","""hat""","""star""","""null""","""null""","""null""","""null""","""right""","""middle""","""null""","""null""","""null""","""null""","""kb1b""","1","0","Text"
"Describing Objects","Short and fun! A 1-2 minute word game about describing simple objects. Only one HIT per worker.","experiment, psychology, game, language, cognition, linguistics, description","$0.25 ","Tue Aug 12 13:57:44 PDT 2014","150","0","0","150","Reviewable","NotReviewed","1 scales","600","60000","Tue Aug 19 13:57:44 PDT 2014","S66515","Approved","","""boat""","""sail""","0","""right""","""middle""","-1","3","0","13","0","0","-1","-1","""TRUE""","""null""","""null""","-1","-1","-1","-1","-1","-1","""the sail and the cabin. ""","1","""right""","""Describing objects.""","""no""","0","""free_response""","""target""","""null""","""null""","""null""","""null""","""null""","TRUE","""null""","""null""","""null""","""null""","""boat""","""snowman""","""null""","""null""","""null""","""null""","""sail""","""scarf""","""null""","""null""","""null""","""null""","""right""","""middle""","""null""","""null""","""null""","""null""","""cabin""","""scarf""","""null""","""null""","""null""","""null""","""middle""","""left""","""null""","""null""","""null""","""null""","""kb1b""","1","1","Text"
"Describing Objects","Short and fun! A 1-2 minute word game about describing simple objects. Only one HIT per worker.","experiment, psychology, game, language, cognition, linguistics, description","$0.25 ","Tue Aug 12 13:57:44 PDT 2014","150","0","0","150","Reviewable","NotReviewed","1 scales","600","60000","Tue Aug 19 13:57:44 PDT 2014","S08397","Approved","","""Christmas tree""","""ornaments""","0","""right""","""middle""","-1","3","0","13","0","0","-1","-1","""FALSE""","""null""","""null""","-1","-1","-1","-1","-1","-1","""five strands of lights and also circular decorations.""","1","""right""","""Describing trees and pizzas""","""No, thank you.""","0","""free_response""","""target""","""null""","""null""","""null""","""null""","""null""","TRUE","""null""","""null""","""null""","""null""","""Christmas tree""","""pizza""","""null""","""null""","""null""","""null""","""ornaments""","""mushrooms""","""null""","""null""","""null""","""null""","""right""","""left""","""null""","""null""","""null""","""null""","""lights""","""mushrooms""","""null""","""null""","""null""","""null""","""middle""","""right""","""null""","""null""","""null""","""null""","""kb1b""","1","1","Text"
"Describing Objects","Short and fun! A 1-2 minute word game about describing simple objects. Only one HIT per worker.","experiment, psychology, game, language, cognition, linguistics, description","$0.25 ","Tue Aug 12 13:57:44 PDT 2014","150","0","0","150","Reviewable","NotReviewed","1 scales","600","60000","Tue Aug 19 13:57:44 PDT 2014","S93462","Approved","","""friend""","""hat""","0","""middle""","""left""","-1","3","0","13","0","0","-1","-1","""TRUE""","""null""","""null""","-1","-1","-1","-1","-1","-1","""the glasses, no mustache and the brown hat""","1","""middle""","""Description""","""""","0","""free_response""","""logical""","""null""","""null""","""null""","""null""","""null""","FALSE","""null""","""null""","""null""","""null""","""friend""","""boat""","""null""","""null""","""null""","""null""","""hat""","""sail""","""null""","""null""","""null""","""null""","""middle""","""middle""","""null""","""null""","""null""","""null""","""glasses""","""sail""","""null""","""null""","""null""","""null""","""left""","""left""","""null""","""null""","""null""","""null""","""kb1b""","1","0","Text"
"Describing Objects","Short and fun! A 1-2 minute word game about describing simple objects. Only one HIT per worker.","experiment, psychology, game, language, cognition, linguistics, description","$0.25 ","Tue Aug 12 13:57:44 PDT 2014","150","0","0","150","Reviewable","NotReviewed","1 scales","600","60000","Tue Aug 19 13:57:44 PDT 2014","S07886","Approved","","""boat""","""cabin""","0","""left""","""right""","-1","3","0","13","0","0","-1","-1","""TRUE""","""null""","""null""","-1","-1","-1","-1","-1","-1","""A boat with a sail and cabin.""","1","""left""","""Guessing what item is which.""","""None.""","0","""free_response""","""target""","""null""","""null""","""null""","""null""","""null""","TRUE","""null""","""null""","""null""","""null""","""boat""","""sundae""","""null""","""null""","""null""","""null""","""cabin""","""whipped cream""","""null""","""null""","""null""","""null""","""left""","""left""","""null""","""null""","""null""","""null""","""sail""","""whipped cream""","""null""","""null""","""null""","""null""","""right""","""middle""","""null""","""null""","""null""","""null""","""kb1b""","1","1","Text"
"Describing Objects","Short and fun! A 1-2 minute word game about describing simple objects. Only one HIT per worker.","experiment, psychology, game, language, cognition, linguistics, description","$0.25 ","Tue Aug 12 13:57:44 PDT 2014","150","0","0","150","Reviewable","NotReviewed","1 scales","600","60000","Tue Aug 19 13:57:44 PDT 2014","S35203","Approved","","""snowman""","""hat""","0","""right""","""middle""","-1","3","0","13","0","0","-1","-1","""TRUE""","""null""","""null""","-1","-1","-1","-1","-1","-1","""hat and scarf""","1","""right""","""finding biases""","""TY!""","0","""free_response""","""logical""","""null""","""null""","""null""","""null""","""null""","FALSE","""null""","""null""","""null""","""null""","""snowman""","""Christmas tree""","""null""","""null""","""null""","""null""","""hat""","""star""","""null""","""null""","""null""","""null""","""right""","""right""","""null""","""null""","""null""","""null""","""scarf""","""star""","""null""","""null""","""null""","""null""","""middle""","""middle""","""null""","""null""","""null""","""null""","""kb1b""","1","0","Text"
"Describing Objects","Short and fun! A 1-2 minute word game about describing simple objects. Only one HIT per worker.","experiment, psychology, game, language, cognition, linguistics, description","$0.25 ","Tue Aug 12 13:57:44 PDT 2014","150","0","0","150","Reviewable","NotReviewed","1 scales","600","60000","Tue Aug 19 13:57:44 PDT 2014","S59205","Approved","","""snowman""","""scarf""","0","""left""","""right""","-1","3","0","13","0","0","-1","-1","""TRUE""","""null""","""null""","-1","-1","-1","-1","-1","-1","""hat and scarf""","1","""left""","""Describing objects""","""""","0","""free_response""","""logical""","""null""","""null""","""null""","""null""","""null""","FALSE","""null""","""null""","""null""","""null""","""snowman""","""sundae""","""null""","""null""","""null""","""null""","""scarf""","""whipped cream""","""null""","""null""","""null""","""null""","""left""","""middle""","""null""","""null""","""null""","""null""","""hat""","""whipped cream""","""null""","""null""","""null""","""null""","""right""","""left""","""null""","""null""","""null""","""null""","""kb1b""","1","0","Text"
"Describing Objects","Short and fun! A 1-2 minute word game about describing simple objects. Only one HIT per worker.","experiment, psychology, game, language, cognition, linguistics, description","$0.25 ","Tue Aug 12 13:57:44 PDT 2014","150","0","0","150","Reviewable","NotReviewed","1 scales","600","60000","Tue Aug 19 13:57:44 PDT 2014","S08052","Approved","","""Christmas tree""","""ornaments""","0","""middle""","""right""","-1","3","0","13","0","0","-1","-1","""TRUE""","""null""","""null""","-1","-1","-1","-1","-1","-1","""ornaments and a star.""","1","""middle""","""Descriptions of pictures.""","""Thank you!""","0","""free_response""","""logical""","""null""","""null""","""null""","""null""","""null""","FALSE","""null""","""null""","""null""","""null""","""Christmas tree""","""friend""","""null""","""null""","""null""","""null""","""ornaments""","""mustache""","""null""","""null""","""null""","""null""","""middle""","""middle""","""null""","""null""","""null""","""null""","""star""","""mustache""","""null""","""null""","""null""","""null""","""right""","""right""","""null""","""null""","""null""","""null""","""kb1b""","1","0","Text"
"Describing Objects","Short and fun! A 1-2 minute word game about describing simple objects. Only one HIT per worker.","experiment, psychology, game, language, cognition, linguistics, description","$0.25 ","Tue Aug 12 13:57:44 PDT 2014","150","0","0","150","Reviewable","NotReviewed","1 scales","600","60000","Tue Aug 19 13:57:44 PDT 2014","S65282","Approved","","""pizza""","""peppers""","0","""left""","""right""","-1","3","0","13","0","0","-1","-1","""FALSE""","""null""","""null""","-1","-1","-1","-1","-1","-1","""a""","1","""left""","""what people are talking about""","""I enjoyed taking this survey.""","0","""free_response""","""target""","""null""","""null""","""null""","""null""","""null""","TRUE","""null""","""null""","""null""","""null""","""pizza""","""friend""","""null""","""null""","""null""","""null""","""peppers""","""hat""","""null""","""null""","""null""","""null""","""left""","""middle""","""null""","""null""","""null""","""null""","""mushrooms""","""hat""","""null""","""null""","""null""","""null""","""right""","""left""","""null""","""null""","""null""","""null""","""kb1b""","NA","1","Text"
"Describing Objects","Short and fun! A 1-2 minute word game about describing simple objects. Only one HIT per worker.","experiment, psychology, game, language, cognition, linguistics, description","$0.25 ","Tue Aug 12 13:57:44 PDT 2014","150","0","0","150","Reviewable","NotReviewed","1 scales","600","60000","Tue Aug 19 13:57:44 PDT 2014","S73337","Approved","","""snowman""","""hat""","0","""middle""","""left""","-1","3","0","13","0","0","-1","-1","""FALSE""","""null""","""null""","-1","-1","-1","-1","-1","-1","""The snowman has a hat but no scarf.""","1","""middle""","""describing a snowman for another turker and determining which tree was being described to me.""","""""","0","""free_response""","""logical""","""null""","""null""","""null""","""null""","""null""","FALSE","""null""","""null""","""null""","""null""","""snowman""","""Christmas tree""","""null""","""null""","""null""","""null""","""hat""","""star""","""null""","""null""","""null""","""null""","""middle""","""right""","""null""","""null""","""null""","""null""","""mittens""","""star""","""null""","""null""","""null""","""null""","""left""","""middle""","""null""","""null""","""null""","""null""","""kb1b""","1","0","Text"
"Describing Objects","Short and fun! A 1-2 minute word game about describing simple objects. Only one HIT per worker.","experiment, psychology, game, language, cognition, linguistics, description","$0.25 ","Tue Aug 12 13:57:44 PDT 2014","150","0","0","150","Reviewable","NotReviewed","1 scales","600","60000","Tue Aug 19 13:57:44 PDT 2014","S71745","Approved","","""friend""","""hat""","0","""right""","""middle""","-1","3","0","13","0","0","-1","-1","""TRUE""","""null""","""null""","-1","-1","-1","-1","-1","-1","""glasses and a hat.""","1","""right""","""describing one of three objects""","""nope""","0","""free_response""","""logical""","""null""","""null""","""null""","""null""","""null""","FALSE","""null""","""null""","""null""","""null""","""friend""","""snowman""","""null""","""null""","""null""","""null""","""hat""","""mittens""","""null""","""null""","""null""","""null""","""right""","""middle""","""null""","""null""","""null""","""null""","""glasses""","""mittens""","""null""","""null""","""null""","""null""","""middle""","""left""","""null""","""null""","""null""","""null""","""kb1b""","1","0","Text"
"Describing Objects","Short and fun! A 1-2 minute word game about describing simple objects. Only one HIT per worker.","experiment, psychology, game, language, cognition, linguistics, description","$0.25 ","Tue Aug 12 13:57:44 PDT 2014","150","0","0","150","Reviewable","NotReviewed","1 scales","600","60000","Tue Aug 19 13:57:44 PDT 2014","S86464","Approved","","""friend""","""glasses""","0","""middle""","""right""","-1","3","0","13","0","0","-1","-1","""TRUE""","""null""","""null""","-1","-1","-1","-1","-1","-1","""the glasses, but without a hat""","1","""middle""","""descrtiption""","""""","0","""free_response""","""logical""","""null""","""null""","""null""","""null""","""null""","FALSE","""null""","""null""","""null""","""null""","""friend""","""Christmas tree""","""null""","""null""","""null""","""null""","""glasses""","""lights""","""null""","""null""","""null""","""null""","""middle""","""right""","""null""","""null""","""null""","""null""","""mustache""","""lights""","""null""","""null""","""null""","""null""","""right""","""left""","""null""","""null""","""null""","""null""","""kb1b""","1","0","Text"
"Describing Objects","Short and fun! A 1-2 minute word game about describing simple objects. Only one HIT per worker.","experiment, psychology, game, language, cognition, linguistics, description","$0.25 ","Tue Aug 12 13:57:44 PDT 2014","150","0","0","150","Reviewable","NotReviewed","1 scales","600","60000","Tue Aug 19 13:57:44 PDT 2014","S07644","Approved","","""boat""","""cabin""","0","""left""","""right""","-1","3","0","13","0","0","-1","-1","""TRUE""","""null""","""null""","-1","-1","-1","-1","-1","-1","""a cabin but no sail.""","1","""left""","""vague communication""","""no""","0","""free_response""","""target""","""null""","""null""","""null""","""null""","""null""","TRUE","""null""","""null""","""null""","""null""","""boat""","""friend""","""null""","""null""","""null""","""null""","""cabin""","""glasses""","""null""","""null""","""null""","""null""","""left""","""middle""","""null""","""null""","""null""","""null""","""motor""","""glasses""","""null""","""null""","""null""","""null""","""right""","""left""","""null""","""null""","""null""","""null""","""kb1b""","1","1","Text"
"Describing Objects","Short and fun! A 1-2 minute word game about describing simple objects. Only one HIT per worker.","experiment, psychology, game, language, cognition, linguistics, description","$0.25 ","Tue Aug 12 13:57:44 PDT 2014","150","0","0","150","Reviewable","NotReviewed","1 scales","600","60000","Tue Aug 19 13:57:44 PDT 2014","S19442","Approved","","""boat""","""sail""","0","""left""","""middle""","-1","3","0","13","0","0","-1","-1","""FALSE""","""null""","""null""","-1","-1","-1","-1","-1","-1","""a flag and cabin.""","1","""left""","""boats and icecream""","""i was a little confused but it was fun""","0","""free_response""","""target""","""null""","""null""","""null""","""null""","""null""","TRUE","""null""","""null""","""null""","""null""","""boat""","""sundae""","""null""","""null""","""null""","""null""","""sail""","""cherry""","""null""","""null""","""null""","""null""","""left""","""middle""","""null""","""null""","""null""","""null""","""cabin""","""cherry""","""null""","""null""","""null""","""null""","""middle""","""right""","""null""","""null""","""null""","""null""","""kb1b""","1","1","Text"
"Describing Objects","Short and fun! A 1-2 minute word game about describing simple objects. Only one HIT per worker.","experiment, psychology, game, language, cognition, linguistics, description","$0.25 ","Tue Aug 12 13:57:44 PDT 2014","150","0","0","150","Reviewable","NotReviewed","1 scales","600","60000","Tue Aug 19 13:57:44 PDT 2014","S47109","Approved","","""boat""","""motor""","0","""left""","""right""","-1","3","0","13","0","0","-1","-1","""TRUE""","""null""","""null""","-1","-1","-1","-1","-1","-1","""the propeller and without any sails.""","1","""left""","""Composing an accurate description of images that appeared to be very similar to each other.""","""This was a fun HIT. Hope you post more of the same at a future date. :)""","0","""free_response""","""target""","""null""","""null""","""null""","""null""","""null""","TRUE","""null""","""null""","""null""","""null""","""boat""","""sundae""","""null""","""null""","""null""","""null""","""motor""","""cherry""","""null""","""null""","""null""","""null""","""left""","""middle""","""null""","""null""","""null""","""null""","""cabin""","""cherry""","""null""","""null""","""null""","""null""","""right""","""right""","""null""","""null""","""null""","""null""","""kb1b""","1","1","Text"
"Describing Objects","Short and fun! A 1-2 minute word game about describing simple objects. Only one HIT per worker.","experiment, psychology, game, language, cognition, linguistics, description","$0.25 ","Tue Aug 12 13:57:44 PDT 2014","150","0","0","150","Reviewable","NotReviewed","1 scales","600","60000","Tue Aug 19 13:57:44 PDT 2014","S69459","Approved","","""pizza""","""mushrooms""","0","""right""","""middle""","-1","3","0","13","0","0","-1","-1","""TRUE""","""null""","""null""","-1","-1","-1","-1","-1","-1","""The pizza with green peppers and mushrooms""","2","""middle""","""Describing things to another mech. turker""","""Cool graphics!""","0","""free_response""","""logical""","""null""","""null""","""null""","""null""","""null""","FALSE","""null""","""null""","""null""","""null""","""pizza""","""boat""","""null""","""null""","""null""","""null""","""mushrooms""","""cabin""","""null""","""null""","""null""","""null""","""right""","""left""","""null""","""null""","""null""","""null""","""olives""","""cabin""","""null""","""null""","""null""","""null""","""middle""","""right""","""null""","""null""","""null""","""null""","""kb1b""","1","0","Text"
"Describing Objects","Short and fun! A 1-2 minute word game about describing simple objects. Only one HIT per worker.","experiment, psychology, game, language, cognition, linguistics, description","$0.25 ","Tue Aug 12 13:57:44 PDT 2014","150","0","0","150","Reviewable","NotReviewed","1 scales","600","60000","Tue Aug 19 13:57:44 PDT 2014","S81602","Approved","","""boat""","""sail""","0","""middle""","""left""","-1","3","0","13","0","0","-1","-1","""TRUE""","""null""","""null""","-1","-1","-1","-1","-1","-1","""a cabin on deck""","2","""left""","""boats and snowmen""","""""","0","""free_response""","""logical""","""null""","""null""","""null""","""null""","""null""","FALSE","""null""","""null""","""null""","""null""","""boat""","""snowman""","""null""","""null""","""null""","""null""","""sail""","""hat""","""null""","""null""","""null""","""null""","""middle""","""left""","""null""","""null""","""null""","""null""","""motor""","""hat""","""null""","""null""","""null""","""null""","""left""","""right""","""null""","""null""","""null""","""null""","""kb1b""","0","0","Text"
"Describing Objects","Short and fun! A 1-2 minute word game about describing simple objects. Only one HIT per worker.","experiment, psychology, game, language, cognition, linguistics, description","$0.25 ","Tue Aug 12 13:57:44 PDT 2014","150","0","0","150","Reviewable","NotReviewed","1 scales","600","60000","Tue Aug 19 13:57:44 PDT 2014","S38904","Approved","","""snowman""","""hat""","0","""left""","""right""","-1","3","0","13","0","0","-1","-1","""TRUE""","""null""","""null""","-1","-1","-1","-1","-1","-1","""the red scarf.""","2","""right""","""not sure""","""""","0","""free_response""","""logical""","""null""","""null""","""null""","""null""","""null""","FALSE","""null""","""null""","""null""","""null""","""snowman""","""pizza""","""null""","""null""","""null""","""null""","""hat""","""olives""","""null""","""null""","""null""","""null""","""left""","""left""","""null""","""null""","""null""","""null""","""mittens""","""olives""","""null""","""null""","""null""","""null""","""right""","""right""","""null""","""null""","""null""","""null""","""kb1b""","0","0","Text"
"Describing Objects","Short and fun! A 1-2 minute word game about describing simple objects. Only one HIT per worker.","experiment, psychology, game, language, cognition, linguistics, description","$0.25 ","Tue Aug 12 13:57:44 PDT 2014","150","0","0","150","Reviewable","NotReviewed","1 scales","600","60000","Tue Aug 19 13:57:44 PDT 2014","S69756","Approved","","""sundae""","""cherry""","0","""left""","""right""","-1","3","0","13","0","0","-1","-1","""TRUE""","""null""","""null""","-1","-1","-1","-1","-1","-1","""The sundae with whipped cream and cherries""","2","""right""","""language""","""""","0","""free_response""","""target""","""null""","""null""","""null""","""null""","""null""","TRUE","""null""","""null""","""null""","""null""","""sundae""","""snowman""","""null""","""null""","""null""","""null""","""cherry""","""scarf""","""null""","""null""","""null""","""null""","""left""","""left""","""null""","""null""","""null""","""null""","""chocolate""","""scarf""","""null""","""null""","""null""","""null""","""right""","""right""","""null""","""null""","""null""","""null""","""kb1b""","1","1","Text"
"Describing Objects","Short and fun! A 1-2 minute word game about describing simple objects. Only one HIT per worker.","experiment, psychology, game, language, cognition, linguistics, description","$0.25 ","Tue Aug 12 13:57:44 PDT 2014","150","0","0","150","Reviewable","NotReviewed","1 scales","600","60000","Tue Aug 19 13:57:44 PDT 2014","S86781","Approved","","""friend""","""hat""","0","""middle""","""right""","-1","3","0","13","0","0","-1","-1","""FALSE""","""null""","""null""","-1","-1","-1","-1","-1","-1","""Mustache and hat""","2","""right""","""Describing things well enough for others to understand.""","""""","0","""free_response""","""target""","""null""","""null""","""null""","""null""","""null""","TRUE","""null""","""null""","""null""","""null""","""friend""","""sundae""","""null""","""null""","""null""","""null""","""hat""","""whipped cream""","""null""","""null""","""null""","""null""","""middle""","""left""","""null""","""null""","""null""","""null""","""glasses""","""whipped cream""","""null""","""null""","""null""","""null""","""right""","""middle""","""null""","""null""","""null""","""null""","""kb1b""","1","1","Text"
"Describing Objects","Short and fun! A 1-2 minute word game about describing simple objects. Only one HIT per worker.","experiment, psychology, game, language, cognition, linguistics, description","$0.25 ","Tue Aug 12 13:57:44 PDT 2014","150","0","0","150","Reviewable","NotReviewed","1 scales","600","60000","Tue Aug 19 13:57:44 PDT 2014","S32520","Approved","","""friend""","""hat""","0","""left""","""middle""","-1","3","0","13","0","0","-1","-1","""TRUE""","""null""","""null""","-1","-1","-1","-1","-1","-1","""light yellow""","2","""middle""","""Telling a turker which picture to use, and having them do the same to me.""","""""","0","""free_response""","""target""","""null""","""null""","""null""","""null""","""null""","TRUE","""null""","""null""","""null""","""null""","""friend""","""Christmas tree""","""null""","""null""","""null""","""null""","""hat""","""star""","""null""","""null""","""null""","""null""","""left""","""middle""","""null""","""null""","""null""","""null""","""glasses""","""star""","""null""","""null""","""null""","""null""","""middle""","""left""","""null""","""null""","""null""","""null""","""kb1b""","NA","1","Text"
"Describing Objects","Short and fun! A 1-2 minute word game about describing simple objects. Only one HIT per worker.","experiment, psychology, game, language, cognition, linguistics, description","$0.25 ","Tue Aug 12 13:57:44 PDT 2014","150","0","0","150","Reviewable","NotReviewed","1 scales","600","60000","Tue Aug 19 13:57:44 PDT 2014","S99786","Approved","","""pizza""","""olives""","0","""left""","""right""","-1","3","0","13","0","0","-1","-1","""TRUE""","""null""","""null""","-1","-1","-1","-1","-1","-1","""olives and mushrooms""","2","""right""","""food""","""none""","0","""free_response""","""logical""","""null""","""null""","""null""","""null""","""null""","FALSE","""null""","""null""","""null""","""null""","""pizza""","""sundae""","""null""","""null""","""null""","""null""","""olives""","""chocolate""","""null""","""null""","""null""","""null""","""left""","""right""","""null""","""null""","""null""","""null""","""peppers""","""chocolate""","""null""","""null""","""null""","""null""","""right""","""middle""","""null""","""null""","""null""","""null""","""kb1b""","1","0","Text"
"Describing Objects","Short and fun! A 1-2 minute word game about describing simple objects. Only one HIT per worker.","experiment, psychology, game, language, cognition, linguistics, description","$0.25 ","Tue Aug 12 13:57:44 PDT 2014","150","0","0","150","Reviewable","NotReviewed","1 scales","600","60000","Tue Aug 19 13:57:44 PDT 2014","S59452","Approved","","""pizza""","""olives""","0","""right""","""left""","-1","3","0","13","0","0","-1","-1","""TRUE""","""null""","""null""","-1","-1","-1","-1","-1","-1","""the green peppers""","2","""left""","""Pictures""","""none""","0","""free_response""","""logical""","""null""","""null""","""null""","""null""","""null""","FALSE","""null""","""null""","""null""","""null""","""pizza""","""Christmas tree""","""null""","""null""","""null""","""null""","""olives""","""star""","""null""","""null""","""null""","""null""","""right""","""left""","""null""","""null""","""null""","""null""","""mushrooms""","""star""","""null""","""null""","""null""","""null""","""left""","""right""","""null""","""null""","""null""","""null""","""kb1b""","0","0","Text"
"Describing Objects","Short and fun! A 1-2 minute word game about describing simple objects. Only one HIT per worker.","experiment, psychology, game, language, cognition, linguistics, description","$0.25 ","Tue Aug 12 13:57:44 PDT 2014","150","0","0","150","Reviewable","NotReviewed","1 scales","600","60000","Tue Aug 19 13:57:44 PDT 2014","S36897","Approved","","""pizza""","""peppers""","0","""left""","""middle""","-1","3","0","13","0","0","-1","-1","""TRUE""","""null""","""null""","-1","-1","-1","-1","-1","-1","""A pizza with pepperonis, olives, and anchovies.""","2","""middle""","""Another mturk participant's ability to describe Bob's preference of a Christmas tree to me.""","""""","0","""free_response""","""target""","""null""","""null""","""null""","""null""","""null""","TRUE","""null""","""null""","""null""","""null""","""pizza""","""Christmas tree""","""null""","""null""","""null""","""null""","""peppers""","""star""","""null""","""null""","""null""","""null""","""left""","""right""","""null""","""null""","""null""","""null""","""mushrooms""","""star""","""null""","""null""","""null""","""null""","""middle""","""middle""","""null""","""null""","""null""","""null""","""kb1b""","1","1","Text"
"Describing Objects","Short and fun! A 1-2 minute word game about describing simple objects. Only one HIT per worker.","experiment, psychology, game, language, cognition, linguistics, description","$0.25 ","Tue Aug 12 13:57:44 PDT 2014","150","0","0","150","Reviewable","NotReviewed","1 scales","600","60000","Tue Aug 19 13:57:44 PDT 2014","S25926","Approved","","""sundae""","""whipped cream""","0","""right""","""left""","-1","3","0","13","0","0","-1","-1","""TRUE""","""null""","""null""","-1","-1","-1","-1","-1","-1","""no cherry on top.""","2","""left""","""I am just not sure at all!""","""None""","0","""free_response""","""logical""","""null""","""null""","""null""","""null""","""null""","FALSE","""null""","""null""","""null""","""null""","""sundae""","""friend""","""null""","""null""","""null""","""null""","""whipped cream""","""hat""","""null""","""null""","""null""","""null""","""right""","""right""","""null""","""null""","""null""","""null""","""cherry""","""hat""","""null""","""null""","""null""","""null""","""left""","""middle""","""null""","""null""","""null""","""null""","""kb1b""","0","0","Text"
"Describing Objects","Short and fun! A 1-2 minute word game about describing simple objects. Only one HIT per worker.","experiment, psychology, game, language, cognition, linguistics, description","$0.25 ","Tue Aug 12 13:57:44 PDT 2014","150","0","0","150","Reviewable","NotReviewed","1 scales","600","60000","Tue Aug 19 13:57:44 PDT 2014","S08114","Approved","","""boat""","""motor""","0","""left""","""middle""","-1","3","0","13","0","0","-1","-1","""TRUE""","""null""","""null""","-1","-1","-1","-1","-1","-1","""the sail.""","2","""middle""","""pictures""","""No comments""","0","""free_response""","""target""","""null""","""null""","""null""","""null""","""null""","TRUE","""null""","""null""","""null""","""null""","""boat""","""sundae""","""null""","""null""","""null""","""null""","""motor""","""chocolate""","""null""","""null""","""null""","""null""","""left""","""left""","""null""","""null""","""null""","""null""","""cabin""","""chocolate""","""null""","""null""","""null""","""null""","""middle""","""right""","""null""","""null""","""null""","""null""","""kb1b""","0","1","Text"
"Describing Objects","Short and fun! A 1-2 minute word game about describing simple objects. Only one HIT per worker.","experiment, psychology, game, language, cognition, linguistics, description","$0.25 ","Tue Aug 12 13:57:44 PDT 2014","150","0","0","150","Reviewable","NotReviewed","1 scales","600","60000","Tue Aug 19 13:57:44 PDT 2014","S70816","Approved","","""Christmas tree""","""ornaments""","0","""right""","""middle""","-1","3","0","13","0","0","-1","-1","""TRUE""","""null""","""null""","-1","-1","-1","-1","-1","-1","""lights""","2","""middle""","""Explaining objects with just one word""","""No""","0","""free_response""","""logical""","""null""","""null""","""null""","""null""","""null""","FALSE","""null""","""null""","""null""","""null""","""Christmas tree""","""sundae""","""null""","""null""","""null""","""null""","""ornaments""","""whipped cream""","""null""","""null""","""null""","""null""","""right""","""left""","""null""","""null""","""null""","""null""","""star""","""whipped cream""","""null""","""null""","""null""","""null""","""middle""","""middle""","""null""","""null""","""null""","""null""","""kb1b""","0","0","Text"
"Describing Objects","Short and fun! A 1-2 minute word game about describing simple objects. Only one HIT per worker.","experiment, psychology, game, language, cognition, linguistics, description","$0.25 ","Tue Aug 12 13:57:44 PDT 2014","150","0","0","150","Reviewable","NotReviewed","1 scales","600","60000","Tue Aug 19 13:57:44 PDT 2014","S64210","Approved","","""pizza""","""peppers""","0","""left""","""right""","-1","3","0","13","0","0","-1","-1","""TRUE""","""null""","""null""","-1","-1","-1","-1","-1","-1","""The pizza has olives.""","2","""right""","""Describing a pizza and guessing which tree the other turker was talking about""","""""","0","""free_response""","""target""","""null""","""null""","""null""","""null""","""null""","TRUE","""null""","""null""","""null""","""null""","""pizza""","""Christmas tree""","""null""","""null""","""null""","""null""","""peppers""","""ornaments""","""null""","""null""","""null""","""null""","""left""","""middle""","""null""","""null""","""null""","""null""","""mushrooms""","""ornaments""","""null""","""null""","""null""","""null""","""right""","""right""","""null""","""null""","""null""","""null""","""kb1b""","0","1","Text"
"Describing Objects","Short and fun! A 1-2 minute word game about describing simple objects. Only one HIT per worker.","experiment, psychology, game, language, cognition, linguistics, description","$0.25 ","Tue Aug 12 13:57:44 PDT 2014","150","0","0","150","Reviewable","NotReviewed","1 scales","600","60000","Tue Aug 19 13:57:44 PDT 2014","S48544","Approved","","""Christmas tree""","""star""","0","""left""","""right""","-1","3","0","13","0","0","-1","-1","""TRUE""","""null""","""null""","-1","-1","-1","-1","-1","-1","""a gold star on the top and with 5 strings of yellow, blue and red lights.""","2","""right""","""Describing things that Bob did.""","""""","0","""free_response""","""logical""","""null""","""null""","""null""","""null""","""null""","FALSE","""null""","""null""","""null""","""null""","""Christmas tree""","""pizza""","""null""","""null""","""null""","""null""","""star""","""peppers""","""null""","""null""","""null""","""null""","""left""","""middle""","""null""","""null""","""null""","""null""","""ornaments""","""peppers""","""null""","""null""","""null""","""null""","""right""","""right""","""null""","""null""","""null""","""null""","""kb1b""","1","0","Text"
"Describing Objects","Short and fun! A 1-2 minute word game about describing simple objects. Only one HIT per worker.","experiment, psychology, game, language, cognition, linguistics, description","$0.25 ","Tue Aug 12 13:57:44 PDT 2014","150","0","0","150","Reviewable","NotReviewed","1 scales","600","60000","Tue Aug 19 13:57:44 PDT 2014","S31517","Approved","","""snowman""","""scarf""","0","""left""","""right""","-1","3","0","13","0","0","-1","-1","""TRUE""","""null""","""null""","-1","-1","-1","-1","-1","-1","""a hat""","2","""right""","""desribing things""","""no""","0","""free_response""","""logical""","""null""","""null""","""null""","""null""","""null""","FALSE","""null""","""null""","""null""","""null""","""snowman""","""sundae""","""null""","""null""","""null""","""null""","""scarf""","""whipped cream""","""null""","""null""","""null""","""null""","""left""","""right""","""null""","""null""","""null""","""null""","""mittens""","""whipped cream""","""null""","""null""","""null""","""null""","""right""","""middle""","""null""","""null""","""null""","""null""","""kb1b""","0","0","Text"
"Describing Objects","Short and fun! A 1-2 minute word game about describing simple objects. Only one HIT per worker.","experiment, psychology, game, language, cognition, linguistics, description","$0.25 ","Tue Aug 12 13:57:44 PDT 2014","150","0","0","150","Reviewable","NotReviewed","1 scales","600","60000","Tue Aug 19 13:57:44 PDT 2014","S83121","Approved","","""boat""","""sail""","0","""right""","""left""","-1","3","0","13","0","0","-1","-1","""TRUE""","""null""","""null""","-1","-1","-1","-1","-1","-1","""This boat has a sail, an outboard motor, but no cabin.""","2","""left""","""Communicating with another worker by transcribing pictures""","""No""","0","""free_response""","""logical""","""null""","""null""","""null""","""null""","""null""","FALSE","""null""","""null""","""null""","""null""","""boat""","""boat""","""null""","""null""","""null""","""null""","""sail""","""sail""","""null""","""null""","""null""","""null""","""right""","""left""","""null""","""null""","""null""","""null""","""cabin""","""sail""","""null""","""null""","""null""","""null""","""left""","""right""","""null""","""null""","""null""","""null""","""kb1b""","1","0","Text"
"Describing Objects","Short and fun! A 1-2 minute word game about describing simple objects. Only one HIT per worker.","experiment, psychology, game, language, cognition, linguistics, description","$0.25 ","Tue Aug 12 13:57:44 PDT 2014","150","0","0","150","Reviewable","NotReviewed","1 scales","600","60000","Tue Aug 19 13:57:44 PDT 2014","S89523","Approved","","""boat""","""motor""","0","""right""","""left""","-1","3","0","13","0","0","-1","-1","""TRUE""","""null""","""null""","-1","-1","-1","-1","-1","-1","""no sail""","2","""left""","""Bob's boat and his pizza.  Describing the boat, and understanding the description of his pizza.""","""""","0","""free_response""","""target""","""null""","""null""","""null""","""null""","""null""","TRUE","""null""","""null""","""null""","""null""","""boat""","""pizza""","""null""","""null""","""null""","""null""","""motor""","""mushrooms""","""null""","""null""","""null""","""null""","""right""","""right""","""null""","""null""","""null""","""null""","""sail""","""mushrooms""","""null""","""null""","""null""","""null""","""left""","""left""","""null""","""null""","""null""","""null""","""kb1b""","0","1","Text"
"Describing Objects","Short and fun! A 1-2 minute word game about describing simple objects. Only one HIT per worker.","experiment, psychology, game, language, cognition, linguistics, description","$0.25 ","Tue Aug 12 13:57:44 PDT 2014","150","0","0","150","Reviewable","NotReviewed","1 scales","600","60000","Tue Aug 19 13:57:44 PDT 2014","S10080","Approved","","""snowman""","""hat""","0","""middle""","""right""","-1","3","0","13","0","0","-1","-1","""TRUE""","""null""","""null""","-1","-1","-1","-1","-1","-1","""hat""","2","""right""","""describing objects""","""Thanks""","0","""free_response""","""target""","""null""","""null""","""null""","""null""","""null""","TRUE","""null""","""null""","""null""","""null""","""snowman""","""friend""","""null""","""null""","""null""","""null""","""hat""","""hat""","""null""","""null""","""null""","""null""","""middle""","""left""","""null""","""null""","""null""","""null""","""mittens""","""hat""","""null""","""null""","""null""","""null""","""right""","""middle""","""null""","""null""","""null""","""null""","""kb1b""","0","1","Text"
"Describing Objects","Short and fun! A 1-2 minute word game about describing simple objects. Only one HIT per worker.","experiment, psychology, game, language, cognition, linguistics, description","$0.25 ","Tue Aug 12 13:57:44 PDT 2014","150","0","0","150","Reviewable","NotReviewed","1 scales","600","60000","Tue Aug 19 13:57:44 PDT 2014","S42591","Approved","","""Christmas tree""","""lights""","0","""right""","""left""","-1","3","0","13","0","0","-1","-1","""TRUE""","""null""","""null""","-1","-1","-1","-1","-1","-1","""strings of colored lights and a gold star on the top.""","2","""left""","""Describing a picture.""","""no.""","0","""free_response""","""target""","""null""","""null""","""null""","""null""","""null""","TRUE","""null""","""null""","""null""","""null""","""Christmas tree""","""friend""","""null""","""null""","""null""","""null""","""lights""","""glasses""","""null""","""null""","""null""","""null""","""right""","""right""","""null""","""null""","""null""","""null""","""ornaments""","""glasses""","""null""","""null""","""null""","""null""","""left""","""middle""","""null""","""null""","""null""","""null""","""kb1b""","1","1","Text"
"Describing Objects","Short and fun! A 1-2 minute word game about describing simple objects. Only one HIT per worker.","experiment, psychology, game, language, cognition, linguistics, description","$0.25 ","Tue Aug 12 13:57:44 PDT 2014","150","0","0","150","Reviewable","NotReviewed","1 scales","600","60000","Tue Aug 19 13:57:44 PDT 2014","S86277","Approved","","""snowman""","""hat""","0","""middle""","""right""","-1","3","0","13","0","0","-1","-1","""TRUE""","""null""","""null""","-1","-1","-1","-1","-1","-1","""mitten""","2","""right""","""Using one word to communicate which snowman to pick""","""pretty fun survey""","0","""free_response""","""target""","""null""","""null""","""null""","""null""","""null""","TRUE","""null""","""null""","""null""","""null""","""snowman""","""snowman""","""null""","""null""","""null""","""null""","""hat""","""mittens""","""null""","""null""","""null""","""null""","""middle""","""right""","""null""","""null""","""null""","""null""","""scarf""","""mittens""","""null""","""null""","""null""","""null""","""right""","""middle""","""null""","""null""","""null""","""null""","""kb1b""","0","1","Text"
"Describing Objects","Short and fun! A 1-2 minute word game about describing simple objects. Only one HIT per worker.","experiment, psychology, game, language, cognition, linguistics, description","$0.25 ","Tue Aug 12 13:57:44 PDT 2014","150","0","0","150","Reviewable","NotReviewed","1 scales","600","60000","Tue Aug 19 13:57:44 PDT 2014","S27972","Approved","","""sundae""","""whipped cream""","0","""left""","""right""","-1","3","0","13","0","0","-1","-1","""TRUE""","""null""","""null""","-1","-1","-1","-1","-1","-1","""a cherry on top""","2","""right""","""describing objects""","""""","0","""free_response""","""logical""","""null""","""null""","""null""","""null""","""null""","FALSE","""null""","""null""","""null""","""null""","""sundae""","""Christmas tree""","""null""","""null""","""null""","""null""","""whipped cream""","""lights""","""null""","""null""","""null""","""null""","""left""","""middle""","""null""","""null""","""null""","""null""","""chocolate""","""lights""","""null""","""null""","""null""","""null""","""right""","""left""","""null""","""null""","""null""","""null""","""kb1b""","0","0","Text"
"Describing Objects","Short and fun! A 1-2 minute word game about describing simple objects. Only one HIT per worker.","experiment, psychology, game, language, cognition, linguistics, description","$0.25 ","Tue Aug 12 13:57:44 PDT 2014","150","0","0","150","Reviewable","NotReviewed","1 scales","600","60000","Tue Aug 19 13:57:44 PDT 2014","S06483","Approved","","""boat""","""cabin""","0","""middle""","""left""","-1","3","0","13","0","0","-1","-1","""TRUE""","""null""","""null""","-1","-1","-1","-1","-1","-1","""sail on top""","2","""left""","""picking things by others descriptions""","""no""","0","""free_response""","""foil""","""null""","""null""","""null""","""null""","""null""","FALSE","""null""","""null""","""null""","""null""","""boat""","""snowman""","""null""","""null""","""null""","""null""","""cabin""","""scarf""","""null""","""null""","""null""","""null""","""middle""","""right""","""null""","""null""","""null""","""null""","""motor""","""scarf""","""null""","""null""","""null""","""null""","""left""","""left""","""null""","""null""","""null""","""null""","""kb1b""","0","0","Text"
"Describing Objects","Short and fun! A 1-2 minute word game about describing simple objects. Only one HIT per worker.","experiment, psychology, game, language, cognition, linguistics, description","$0.25 ","Tue Aug 12 13:57:44 PDT 2014","150","0","0","150","Reviewable","NotReviewed","1 scales","600","60000","Tue Aug 19 13:57:44 PDT 2014","S75372","Approved","","""sundae""","""whipped cream""","0","""middle""","""left""","-1","3","0","13","0","0","-1","-1","""TRUE""","""null""","""null""","-1","-1","-1","-1","-1","-1","""a cherry.""","2","""left""","""How people interpret descriptions.""","""""","0","""free_response""","""foil""","""null""","""null""","""null""","""null""","""null""","FALSE","""null""","""null""","""null""","""null""","""sundae""","""Christmas tree""","""null""","""null""","""null""","""null""","""whipped cream""","""ornaments""","""null""","""null""","""null""","""null""","""middle""","""right""","""null""","""null""","""null""","""null""","""chocolate""","""ornaments""","""null""","""null""","""null""","""null""","""left""","""left""","""null""","""null""","""null""","""null""","""kb1b""","0","0","Text"
"Describing Objects","Short and fun! A 1-2 minute word game about describing simple objects. Only one HIT per worker.","experiment, psychology, game, language, cognition, linguistics, description","$0.25 ","Tue Aug 12 13:57:44 PDT 2014","150","0","0","150","Reviewable","NotReviewed","1 scales","600","60000","Tue Aug 19 13:57:44 PDT 2014","S48025","Approved","","""friend""","""mustache""","0","""right""","""middle""","-1","3","0","13","0","0","-1","-1","""TRUE""","""null""","""null""","-1","-1","-1","-1","-1","-1","""the hat.""","2","""middle""","""Being able to communicate descriptive details""","""Good luck with your research.""","0","""free_response""","""logical""","""null""","""null""","""null""","""null""","""null""","FALSE","""null""","""null""","""null""","""null""","""friend""","""pizza""","""null""","""null""","""null""","""null""","""mustache""","""mushrooms""","""null""","""null""","""null""","""null""","""right""","""left""","""null""","""null""","""null""","""null""","""glasses""","""mushrooms""","""null""","""null""","""null""","""null""","""middle""","""right""","""null""","""null""","""null""","""null""","""kb1b""","0","0","Text"
"Describing Objects","Short and fun! A 1-2 minute word game about describing simple objects. Only one HIT per worker.","experiment, psychology, game, language, cognition, linguistics, description","$0.25 ","Tue Aug 12 13:57:44 PDT 2014","150","0","0","150","Reviewable","NotReviewed","1 scales","600","60000","Tue Aug 19 13:57:44 PDT 2014","S51219","Approved","","""sundae""","""whipped cream""","0","""right""","""middle""","-1","3","0","13","0","0","-1","-1","""TRUE""","""null""","""null""","-1","-1","-1","-1","-1","-1","""the cherry on top""","2","""middle""","""describing objects""","""""","0","""free_response""","""target""","""null""","""null""","""null""","""null""","""null""","TRUE","""null""","""null""","""null""","""null""","""sundae""","""boat""","""null""","""null""","""null""","""null""","""whipped cream""","""motor""","""null""","""null""","""null""","""null""","""right""","""right""","""null""","""null""","""null""","""null""","""chocolate""","""motor""","""null""","""null""","""null""","""null""","""middle""","""middle""","""null""","""null""","""null""","""null""","""kb1b""","0","1","Text"
"Describing Objects","Short and fun! A 1-2 minute word game about describing simple objects. Only one HIT per worker.","experiment, psychology, game, language, cognition, linguistics, description","$0.25 ","Tue Aug 12 13:57:44 PDT 2014","150","0","0","150","Reviewable","NotReviewed","1 scales","600","60000","Tue Aug 19 13:57:44 PDT 2014","S15281","Approved","","""Christmas tree""","""lights""","0","""right""","""middle""","-1","3","0","13","0","0","-1","-1","""TRUE""","""null""","""null""","-1","-1","-1","-1","-1","-1","""star""","2","""middle""","""conveying thoughts""","""""","0","""free_response""","""logical""","""null""","""null""","""null""","""null""","""null""","FALSE","""null""","""null""","""null""","""null""","""Christmas tree""","""pizza""","""null""","""null""","""null""","""null""","""lights""","""mushrooms""","""null""","""null""","""null""","""null""","""right""","""right""","""null""","""null""","""null""","""null""","""ornaments""","""mushrooms""","""null""","""null""","""null""","""null""","""middle""","""left""","""null""","""null""","""null""","""null""","""kb1b""","0","0","Text"
"Describing Objects","Short and fun! A 1-2 minute word game about describing simple objects. Only one HIT per worker.","experiment, psychology, game, language, cognition, linguistics, description","$0.25 ","Tue Aug 12 13:57:44 PDT 2014","150","0","0","150","Reviewable","NotReviewed","1 scales","600","60000","Tue Aug 19 13:57:44 PDT 2014","S62939","Approved","","""Christmas tree""","""ornaments""","0","""middle""","""right""","-1","3","0","13","0","0","-1","-1","""TRUE""","""null""","""null""","-1","-1","-1","-1","-1","-1","""a star""","2","""right""","""How people communicate""","""No""","0","""free_response""","""logical""","""null""","""null""","""null""","""null""","""null""","FALSE","""null""","""null""","""null""","""null""","""Christmas tree""","""friend""","""null""","""null""","""null""","""null""","""ornaments""","""glasses""","""null""","""null""","""null""","""null""","""middle""","""middle""","""null""","""null""","""null""","""null""","""lights""","""glasses""","""null""","""null""","""null""","""null""","""right""","""right""","""null""","""null""","""null""","""null""","""kb1b""","0","0","Text"
"Describing Objects","Short and fun! A 1-2 minute word game about describing simple objects. Only one HIT per worker.","experiment, psychology, game, language, cognition, linguistics, description","$0.25 ","Tue Aug 12 13:57:44 PDT 2014","150","0","0","150","Reviewable","NotReviewed","1 scales","600","60000","Tue Aug 19 13:57:44 PDT 2014","S02878","Approved","","""friend""","""hat""","0","""right""","""middle""","-1","3","0","13","0","0","-1","-1","""TRUE""","""null""","""null""","-1","-1","-1","-1","-1","-1","""Friend B has a mustache ""","2","""middle""","""how one would describe something.""","""""","0","""free_response""","""target""","""null""","""null""","""null""","""null""","""null""","TRUE","""null""","""null""","""null""","""null""","""friend""","""snowman""","""null""","""null""","""null""","""null""","""hat""","""hat""","""null""","""null""","""null""","""null""","""right""","""middle""","""null""","""null""","""null""","""null""","""glasses""","""hat""","""null""","""null""","""null""","""null""","""middle""","""right""","""null""","""null""","""null""","""null""","""kb1b""","0","1","Text"
"Describing Objects","Short and fun! A 1-2 minute word game about describing simple objects. Only one HIT per worker.","experiment, psychology, game, language, cognition, linguistics, description","$0.25 ","Tue Aug 12 13:57:44 PDT 2014","150","0","0","150","Reviewable","NotReviewed","1 scales","600","60000","Tue Aug 19 13:57:44 PDT 2014","S25874","Approved","","""pizza""","""mushrooms""","0","""middle""","""left""","-1","3","0","13","0","0","-1","-1","""TRUE""","""null""","""null""","-1","-1","-1","-1","-1","-1","""green onions and mushrooms""","2","""left""","""descriptions other people recognize?""","""Thanks!""","0","""free_response""","""target""","""null""","""null""","""null""","""null""","""null""","TRUE","""null""","""null""","""null""","""null""","""pizza""","""boat""","""null""","""null""","""null""","""null""","""mushrooms""","""sail""","""null""","""null""","""null""","""null""","""middle""","""right""","""null""","""null""","""null""","""null""","""olives""","""sail""","""null""","""null""","""null""","""null""","""left""","""left""","""null""","""null""","""null""","""null""","""kb1b""","1","1","Text"
"Describing Objects","Short and fun! A 1-2 minute word game about describing simple objects. Only one HIT per worker.","experiment, psychology, game, language, cognition, linguistics, description","$0.25 ","Tue Aug 12 13:57:44 PDT 2014","150","0","0","150","Reviewable","NotReviewed","1 scales","600","60000","Tue Aug 19 13:57:44 PDT 2014","S88229","Approved","","""friend""","""glasses""","0","""middle""","""right""","-1","3","0","13","0","0","-1","-1","""TRUE""","""null""","""null""","-1","-1","-1","-1","-1","-1","""glasses and hat""","2","""right""","""I'm not sure""","""""","0","""free_response""","""target""","""null""","""null""","""null""","""null""","""null""","TRUE","""null""","""null""","""null""","""null""","""friend""","""friend""","""null""","""null""","""null""","""null""","""glasses""","""mustache""","""null""","""null""","""null""","""null""","""middle""","""middle""","""null""","""null""","""null""","""null""","""mustache""","""mustache""","""null""","""null""","""null""","""null""","""right""","""right""","""null""","""null""","""null""","""null""","""kb1b""","1","1","Text"
"Describing Objects","Short and fun! A 1-2 minute word game about describing simple objects. Only one HIT per worker.","experiment, psychology, game, language, cognition, linguistics, description","$0.25 ","Tue Aug 12 13:57:44 PDT 2014","150","0","0","150","Reviewable","NotReviewed","1 scales","600","60000","Tue Aug 19 13:57:44 PDT 2014","S16789","Approved","","""snowman""","""scarf""","0","""right""","""middle""","-1","3","0","13","0","0","-1","-1","""TRUE""","""null""","""null""","-1","-1","-1","-1","-1","-1","""blue mittens, no hat, and a red scarf.""","2","""middle""","""Describing what object the other turker should pick and choosing the correct object the other turker described to you. ""","""No""","0","""free_response""","""target""","""null""","""null""","""null""","""null""","""null""","TRUE","""null""","""null""","""null""","""null""","""snowman""","""boat""","""null""","""null""","""null""","""null""","""scarf""","""motor""","""null""","""null""","""null""","""null""","""right""","""left""","""null""","""null""","""null""","""null""","""hat""","""motor""","""null""","""null""","""null""","""null""","""middle""","""middle""","""null""","""null""","""null""","""null""","""kb1b""","1","1","Text"
"Describing Objects","Short and fun! A 1-2 minute word game about describing simple objects. Only one HIT per worker.","experiment, psychology, game, language, cognition, linguistics, description","$0.25 ","Tue Aug 12 13:57:44 PDT 2014","150","0","0","150","Reviewable","NotReviewed","1 scales","600","60000","Tue Aug 19 13:57:44 PDT 2014","S93930","Approved","","""friend""","""hat""","0","""middle""","""right""","-1","3","0","13","0","0","-1","-1","""TRUE""","""null""","""null""","-1","-1","-1","-1","-1","-1","""glasses""","2","""right""","""Describing pictures with words""","""I thought this was interesting""","0","""free_response""","""target""","""null""","""null""","""null""","""null""","""null""","TRUE","""null""","""null""","""null""","""null""","""friend""","""boat""","""null""","""null""","""null""","""null""","""hat""","""cabin""","""null""","""null""","""null""","""null""","""middle""","""right""","""null""","""null""","""null""","""null""","""mustache""","""cabin""","""null""","""null""","""null""","""null""","""right""","""middle""","""null""","""null""","""null""","""null""","""kb1b""","0","1","Text"
"Describing Objects","Short and fun! A 1-2 minute word game about describing simple objects. Only one HIT per worker.","experiment, psychology, game, language, cognition, linguistics, description","$0.25 ","Tue Aug 12 13:57:44 PDT 2014","150","0","0","150","Reviewable","NotReviewed","1 scales","600","60000","Tue Aug 19 13:57:44 PDT 2014","S09160","Approved","","""pizza""","""peppers""","0","""right""","""left""","-1","3","0","13","0","0","-1","-1","""TRUE""","""null""","""null""","-1","-1","-1","-1","-1","-1","""I am describing the pizza with olives.""","2","""left""","""describing objects?""","""""","0","""free_response""","""target""","""null""","""null""","""null""","""null""","""null""","TRUE","""null""","""null""","""null""","""null""","""pizza""","""friend""","""null""","""null""","""null""","""null""","""peppers""","""mustache""","""null""","""null""","""null""","""null""","""right""","""right""","""null""","""null""","""null""","""null""","""mushrooms""","""mustache""","""null""","""null""","""null""","""null""","""left""","""left""","""null""","""null""","""null""","""null""","""kb1b""","0","1","Text"
"Describing Objects","Short and fun! A 1-2 minute word game about describing simple objects. Only one HIT per worker.","experiment, psychology, game, language, cognition, linguistics, description","$0.25 ","Tue Aug 12 13:57:44 PDT 2014","150","0","0","150","Reviewable","NotReviewed","1 scales","600","60000","Tue Aug 19 13:57:44 PDT 2014","S36347","Approved","","""pizza""","""olives""","0","""right""","""middle""","-1","3","0","13","0","0","-1","-1","""TRUE""","""null""","""null""","-1","-1","-1","-1","-1","-1","""peppers""","2","""middle""","""Language inferences.""","""""","0","""free_response""","""target""","""null""","""null""","""null""","""null""","""null""","TRUE","""null""","""null""","""null""","""null""","""pizza""","""friend""","""null""","""null""","""null""","""null""","""olives""","""glasses""","""null""","""null""","""null""","""null""","""right""","""middle""","""null""","""null""","""null""","""null""","""mushrooms""","""glasses""","""null""","""null""","""null""","""null""","""middle""","""left""","""null""","""null""","""null""","""null""","""kb1b""","0","1","Text"
"Describing Objects","Short and fun! A 1-2 minute word game about describing simple objects. Only one HIT per worker.","experiment, psychology, game, language, cognition, linguistics, description","$0.25 ","Tue Aug 12 13:57:44 PDT 2014","150","0","0","150","Reviewable","NotReviewed","1 scales","600","60000","Tue Aug 19 13:57:44 PDT 2014","S90354","Approved","","""friend""","""mustache""","0","""middle""","""right""","-1","3","0","13","0","0","-1","-1","""TRUE""","""null""","""null""","-1","-1","-1","-1","-1","-1","""the mustache and glasses""","2","""right""","""Bob's friends and how to describe them""","""Thanks""","0","""free_response""","""target""","""null""","""null""","""null""","""null""","""null""","TRUE","""null""","""null""","""null""","""null""","""friend""","""friend""","""null""","""null""","""null""","""null""","""mustache""","""glasses""","""null""","""null""","""null""","""null""","""middle""","""left""","""null""","""null""","""null""","""null""","""hat""","""glasses""","""null""","""null""","""null""","""null""","""right""","""right""","""null""","""null""","""null""","""null""","""kb1b""","1","1","Text"
"Describing Objects","Short and fun! A 1-2 minute word game about describing simple objects. Only one HIT per worker.","experiment, psychology, game, language, cognition, linguistics, description","$0.25 ","Tue Aug 12 13:57:44 PDT 2014","150","0","0","150","Reviewable","NotReviewed","1 scales","600","60000","Tue Aug 19 13:57:44 PDT 2014","S23159","Approved","","""pizza""","""mushrooms""","0","""left""","""middle""","-1","3","0","13","0","0","-1","-1","""TRUE""","""null""","""null""","-1","-1","-1","-1","-1","-1","""the pizza with the green peppers.""","2","""middle""","""communicating which item to choose""","""""","0","""free_response""","""target""","""null""","""null""","""null""","""null""","""null""","TRUE","""null""","""null""","""null""","""null""","""pizza""","""friend""","""null""","""null""","""null""","""null""","""mushrooms""","""hat""","""null""","""null""","""null""","""null""","""left""","""middle""","""null""","""null""","""null""","""null""","""olives""","""hat""","""null""","""null""","""null""","""null""","""middle""","""right""","""null""","""null""","""null""","""null""","""kb1b""","1","1","Text"
"Describing Objects","Short and fun! A 1-2 minute word game about describing simple objects. Only one HIT per worker.","experiment, psychology, game, language, cognition, linguistics, description","$0.25 ","Tue Aug 12 13:57:44 PDT 2014","150","0","0","150","Reviewable","NotReviewed","1 scales","600","60000","Tue Aug 19 13:57:44 PDT 2014","S08832","Approved","","""Christmas tree""","""lights""","0","""left""","""right""","-1","3","0","13","0","0","-1","-1","""TRUE""","""null""","""null""","-1","-1","-1","-1","-1","-1","""purple ball ornaments""","2","""right""","""Describing objects""","""This was fun!""","0","""free_response""","""logical""","""null""","""null""","""null""","""null""","""null""","FALSE","""null""","""null""","""null""","""null""","""Christmas tree""","""boat""","""null""","""null""","""null""","""null""","""lights""","""motor""","""null""","""null""","""null""","""null""","""left""","""left""","""null""","""null""","""null""","""null""","""star""","""motor""","""null""","""null""","""null""","""null""","""right""","""middle""","""null""","""null""","""null""","""null""","""kb1b""","0","0","Text"
"Describing Objects","Short and fun! A 1-2 minute word game about describing simple objects. Only one HIT per worker.","experiment, psychology, game, language, cognition, linguistics, description","$0.25 ","Tue Aug 12 13:57:44 PDT 2014","150","0","0","150","Reviewable","NotReviewed","1 scales","600","60000","Tue Aug 19 13:57:44 PDT 2014","S06566","Approved","","""sundae""","""cherry""","0","""middle""","""right""","-1","3","0","13","0","0","-1","-1","""TRUE""","""null""","""null""","-1","-1","-1","-1","-1","-1","""chocolate""","2","""right""","""making someone else pick the correct picture by typing a word""","""""","0","""free_response""","""foil""","""null""","""null""","""null""","""null""","""null""","FALSE","""null""","""null""","""null""","""null""","""sundae""","""snowman""","""null""","""null""","""null""","""null""","""cherry""","""mittens""","""null""","""null""","""null""","""null""","""middle""","""left""","""null""","""null""","""null""","""null""","""whipped cream""","""mittens""","""null""","""null""","""null""","""null""","""right""","""middle""","""null""","""null""","""null""","""null""","""kb1b""","0","0","Text"
"Describing Objects","Short and fun! A 1-2 minute word game about describing simple objects. Only one HIT per worker.","experiment, psychology, game, language, cognition, linguistics, description","$0.25 ","Tue Aug 12 13:57:44 PDT 2014","150","0","0","150","Reviewable","NotReviewed","1 scales","600","60000","Tue Aug 19 13:57:44 PDT 2014","S64181","Approved","","""sundae""","""chocolate""","0","""middle""","""right""","-1","3","0","13","0","0","-1","-1","""FALSE""","""null""","""null""","-1","-1","-1","-1","-1","-1","""The picture I am trying to describe has chocolate on all three scoops of ice cream and two dollups of whipped cream on the outer most scoops.""","2","""right""","""Describing a picture and picking a picture that was described""","""Thanks!""","0","""free_response""","""target""","""null""","""null""","""null""","""null""","""null""","TRUE","""null""","""null""","""null""","""null""","""sundae""","""boat""","""null""","""null""","""null""","""null""","""chocolate""","""cabin""","""null""","""null""","""null""","""null""","""middle""","""left""","""null""","""null""","""null""","""null""","""cherry""","""cabin""","""null""","""null""","""null""","""null""","""right""","""middle""","""null""","""null""","""null""","""null""","""kb1b""","1","1","Text"
"Describing Objects","Short and fun! A 1-2 minute word game about describing simple objects. Only one HIT per worker.","experiment, psychology, game, language, cognition, linguistics, description","$0.25 ","Tue Aug 12 13:57:44 PDT 2014","150","0","0","150","Reviewable","NotReviewed","1 scales","600","60000","Tue Aug 19 13:57:44 PDT 2014","S16328","Approved","","""boat""","""sail""","0","""left""","""right""","-1","3","0","13","0","0","-1","-1","""TRUE""","""null""","""null""","-1","-1","-1","-1","-1","-1","""no steering room""","2","""right""","""How people interpret explanations""","""""","0","""free_response""","""target""","""null""","""null""","""null""","""null""","""null""","TRUE","""null""","""null""","""null""","""null""","""boat""","""pizza""","""null""","""null""","""null""","""null""","""sail""","""mushrooms""","""null""","""null""","""null""","""null""","""left""","""middle""","""null""","""null""","""null""","""null""","""cabin""","""mushrooms""","""null""","""null""","""null""","""null""","""right""","""left""","""null""","""null""","""null""","""null""","""kb1b""","NA","1","Text"
"Describing Objects","Short and fun! A 1-2 minute word game about describing simple objects. Only one HIT per worker.","experiment, psychology, game, language, cognition, linguistics, description","$0.25 ","Tue Aug 12 13:57:44 PDT 2014","150","0","0","150","Reviewable","NotReviewed","1 scales","600","60000","Tue Aug 19 13:57:44 PDT 2014","S57169","Approved","","""sundae""","""whipped cream""","0","""left""","""middle""","-1","3","0","13","0","0","-1","-1","""TRUE""","""null""","""null""","-1","-1","-1","-1","-1","-1","""no cherry on top.""","2","""middle""","""Objects""","""None""","0","""free_response""","""logical""","""null""","""null""","""null""","""null""","""null""","FALSE","""null""","""null""","""null""","""null""","""sundae""","""snowman""","""null""","""null""","""null""","""null""","""whipped cream""","""hat""","""null""","""null""","""null""","""null""","""left""","""right""","""null""","""null""","""null""","""null""","""cherry""","""hat""","""null""","""null""","""null""","""null""","""middle""","""middle""","""null""","""null""","""null""","""null""","""kb1b""","0","0","Text"
"Describing Objects","Short and fun! A 1-2 minute word game about describing simple objects. Only one HIT per worker.","experiment, psychology, game, language, cognition, linguistics, description","$0.25 ","Tue Aug 12 13:57:44 PDT 2014","150","0","0","150","Reviewable","NotReviewed","1 scales","600","60000","Tue Aug 19 13:57:44 PDT 2014","S59366","Approved","","""boat""","""motor""","0","""right""","""middle""","-1","3","0","13","0","0","-1","-1","""TRUE""","""null""","""null""","-1","-1","-1","-1","-1","-1","""It is the boat without the sail.""","2","""middle""","""Matching objects with descriptions and images given to us. ""","""""","0","""free_response""","""foil""","""null""","""null""","""null""","""null""","""null""","FALSE","""null""","""null""","""null""","""null""","""boat""","""sundae""","""null""","""null""","""null""","""null""","""motor""","""whipped cream""","""null""","""null""","""null""","""null""","""right""","""right""","""null""","""null""","""null""","""null""","""sail""","""whipped cream""","""null""","""null""","""null""","""null""","""middle""","""middle""","""null""","""null""","""null""","""null""","""kb1b""","0","0","Text"
"Describing Objects","Short and fun! A 1-2 minute word game about describing simple objects. Only one HIT per worker.","experiment, psychology, game, language, cognition, linguistics, description","$0.25 ","Tue Aug 12 13:57:44 PDT 2014","150","0","0","150","Reviewable","NotReviewed","1 scales","600","60000","Tue Aug 19 13:57:44 PDT 2014","S49798","Approved","","""sundae""","""whipped cream""","0","""right""","""left""","-1","3","0","13","0","0","-1","-1","""TRUE""","""null""","""null""","-1","-1","-1","-1","-1","-1","""whipped cream and a cherry on top.""","2","""left""","""How people describes differences succinctly?""","""No.""","0","""free_response""","""logical""","""null""","""null""","""null""","""null""","""null""","FALSE","""null""","""null""","""null""","""null""","""sundae""","""pizza""","""null""","""null""","""null""","""null""","""whipped cream""","""olives""","""null""","""null""","""null""","""null""","""right""","""middle""","""null""","""null""","""null""","""null""","""chocolate""","""olives""","""null""","""null""","""null""","""null""","""left""","""right""","""null""","""null""","""null""","""null""","""kb1b""","1","0","Text"
"Describing Objects","Short and fun! A 1-2 minute word game about describing simple objects. Only one HIT per worker.","experiment, psychology, game, language, cognition, linguistics, description","$0.25 ","Tue Aug 12 13:57:44 PDT 2014","150","0","0","150","Reviewable","NotReviewed","1 scales","600","60000","Tue Aug 19 13:57:44 PDT 2014","S84499","Approved","","""snowman""","""scarf""","0","""right""","""middle""","-1","3","0","13","0","0","-1","-1","""TRUE""","""null""","""null""","-1","-1","-1","-1","-1","-1","""a scarf and gloves""","2","""middle""","""Describing objects""","""""","0","""free_response""","""logical""","""null""","""null""","""null""","""null""","""null""","FALSE","""null""","""null""","""null""","""null""","""snowman""","""pizza""","""null""","""null""","""null""","""null""","""scarf""","""peppers""","""null""","""null""","""null""","""null""","""right""","""right""","""null""","""null""","""null""","""null""","""hat""","""peppers""","""null""","""null""","""null""","""null""","""middle""","""middle""","""null""","""null""","""null""","""null""","""kb1b""","1","0","Text"
"Describing Objects","Short and fun! A 1-2 minute word game about describing simple objects. Only one HIT per worker.","experiment, psychology, game, language, cognition, linguistics, description","$0.25 ","Tue Aug 12 13:57:44 PDT 2014","150","0","0","150","Reviewable","NotReviewed","1 scales","600","60000","Tue Aug 19 13:57:44 PDT 2014","S52283","Approved","","""pizza""","""olives""","0","""middle""","""left""","-1","3","0","13","0","0","-1","-1","""TRUE""","""null""","""null""","-1","-1","-1","-1","-1","-1","""A pizza with Fresh Mozzarella, Green Peppers, and Black Olives ""","2","""left""","""Identifying objects.""","""""","0","""free_response""","""logical""","""null""","""null""","""null""","""null""","""null""","FALSE","""null""","""null""","""null""","""null""","""pizza""","""Christmas tree""","""null""","""null""","""null""","""null""","""olives""","""lights""","""null""","""null""","""null""","""null""","""middle""","""left""","""null""","""null""","""null""","""null""","""mushrooms""","""lights""","""null""","""null""","""null""","""null""","""left""","""middle""","""null""","""null""","""null""","""null""","""kb1b""","1","0","Text"
"Describing Objects","Short and fun! A 1-2 minute word game about describing simple objects. Only one HIT per worker.","experiment, psychology, game, language, cognition, linguistics, description","$0.25 ","Tue Aug 12 13:57:44 PDT 2014","150","0","0","150","Reviewable","NotReviewed","1 scales","600","60000","Tue Aug 19 13:57:44 PDT 2014","S57492","Approved","","""friend""","""glasses""","0","""left""","""middle""","-1","3","0","13","0","0","-1","-1","""TRUE""","""null""","""null""","-1","-1","-1","-1","-1","-1","""a hat on.""","2","""middle""","""Bob visiting friends and eating sundaes.""","""""","0","""free_response""","""logical""","""null""","""null""","""null""","""null""","""null""","FALSE","""null""","""null""","""null""","""null""","""friend""","""sundae""","""null""","""null""","""null""","""null""","""glasses""","""chocolate""","""null""","""null""","""null""","""null""","""left""","""right""","""null""","""null""","""null""","""null""","""mustache""","""chocolate""","""null""","""null""","""null""","""null""","""middle""","""left""","""null""","""null""","""null""","""null""","""kb1b""","0","0","Text"
"Describing Objects","Short and fun! A 1-2 minute word game about describing simple objects. Only one HIT per worker.","experiment, psychology, game, language, cognition, linguistics, description","$0.25 ","Tue Aug 12 13:57:44 PDT 2014","150","0","0","150","Reviewable","NotReviewed","1 scales","600","60000","Tue Aug 19 13:57:44 PDT 2014","S44297","Approved","","""Christmas tree""","""lights""","0","""left""","""middle""","-1","3","0","13","0","0","-1","-1","""TRUE""","""null""","""null""","-1","-1","-1","-1","-1","-1","""lights and bulbs""","2","""middle""","""describing objects""","""""","0","""free_response""","""target""","""null""","""null""","""null""","""null""","""null""","TRUE","""null""","""null""","""null""","""null""","""Christmas tree""","""pizza""","""null""","""null""","""null""","""null""","""lights""","""mushrooms""","""null""","""null""","""null""","""null""","""left""","""right""","""null""","""null""","""null""","""null""","""star""","""mushrooms""","""null""","""null""","""null""","""null""","""middle""","""left""","""null""","""null""","""null""","""null""","""kb1b""","1","1","Text"
"Describing Objects","Short and fun! A 1-2 minute word game about describing simple objects. Only one HIT per worker.","experiment, psychology, game, language, cognition, linguistics, description","$0.25 ","Tue Aug 12 13:57:44 PDT 2014","150","0","0","150","Reviewable","NotReviewed","1 scales","600","60000","Tue Aug 19 13:57:44 PDT 2014","S84155","Approved","","""snowman""","""scarf""","0","""right""","""middle""","-1","3","0","13","0","0","-1","-1","""FALSE""","""null""","""null""","-1","-1","-1","-1","-1","-1","""the scarf and no hat.""","2","""middle""","""describing how objects differ from one another""","""""","0","""free_response""","""logical""","""null""","""null""","""null""","""null""","""null""","FALSE","""null""","""null""","""null""","""null""","""snowman""","""sundae""","""null""","""null""","""null""","""null""","""scarf""","""chocolate""","""null""","""null""","""null""","""null""","""right""","""left""","""null""","""null""","""null""","""null""","""hat""","""chocolate""","""null""","""null""","""null""","""null""","""middle""","""right""","""null""","""null""","""null""","""null""","""kb1b""","1","0","Text"
"Describing Objects","Short and fun! A 1-2 minute word game about describing simple objects. Only one HIT per worker.","experiment, psychology, game, language, cognition, linguistics, description","$0.25 ","Tue Aug 12 13:57:44 PDT 2014","150","0","0","150","Reviewable","NotReviewed","1 scales","600","60000","Tue Aug 19 13:57:44 PDT 2014","S15158","Approved","","""pizza""","""olives""","0","""left""","""right""","-1","3","0","13","0","0","-1","-1","""TRUE""","""null""","""null""","-1","-1","-1","-1","-1","-1","""The pizza has black olives and green peppers.""","2","""right""","""language""","""""","0","""free_response""","""target""","""null""","""null""","""null""","""null""","""null""","TRUE","""null""","""null""","""null""","""null""","""pizza""","""friend""","""null""","""null""","""null""","""null""","""olives""","""glasses""","""null""","""null""","""null""","""null""","""left""","""right""","""null""","""null""","""null""","""null""","""mushrooms""","""glasses""","""null""","""null""","""null""","""null""","""right""","""left""","""null""","""null""","""null""","""null""","""kb1b""","1","1","Text"
"Describing Objects","Short and fun! A 1-2 minute word game about describing simple objects. Only one HIT per worker.","experiment, psychology, game, language, cognition, linguistics, description","$0.25 ","Tue Aug 12 13:57:44 PDT 2014","150","0","0","150","Reviewable","NotReviewed","1 scales","600","60000","Tue Aug 19 13:57:44 PDT 2014","S48427","Approved","","""Christmas tree""","""lights""","0","""right""","""left""","-1","3","0","13","0","0","-1","-1","""TRUE""","""null""","""null""","-1","-1","-1","-1","-1","-1","""lights in a straight line""","2","""left""","""I don't know""","""""","0","""free_response""","""target""","""null""","""null""","""null""","""null""","""null""","TRUE","""null""","""null""","""null""","""null""","""Christmas tree""","""pizza""","""null""","""null""","""null""","""null""","""lights""","""mushrooms""","""null""","""null""","""null""","""null""","""right""","""left""","""null""","""null""","""null""","""null""","""ornaments""","""mushrooms""","""null""","""null""","""null""","""null""","""left""","""right""","""null""","""null""","""null""","""null""","""kb1b""","0","1","Text"
"Describing Objects","Short and fun! A 1-2 minute word game about describing simple objects. Only one HIT per worker.","experiment, psychology, game, language, cognition, linguistics, description","$0.25 ","Tue Aug 12 13:57:44 PDT 2014","150","0","0","150","Reviewable","NotReviewed","1 scales","600","60000","Tue Aug 19 13:57:44 PDT 2014","S30623","Approved","","""boat""","""motor""","0","""left""","""right""","-1","3","0","13","0","0","-1","-1","""TRUE""","""null""","""null""","-1","-1","-1","-1","-1","-1","""no sail.""","2","""right""","""Conveying ideas""","""The illustrations were amusing.""","0","""free_response""","""logical""","""null""","""null""","""null""","""null""","""null""","FALSE","""null""","""null""","""null""","""null""","""boat""","""pizza""","""null""","""null""","""null""","""null""","""motor""","""olives""","""null""","""null""","""null""","""null""","""left""","""left""","""null""","""null""","""null""","""null""","""sail""","""olives""","""null""","""null""","""null""","""null""","""right""","""middle""","""null""","""null""","""null""","""null""","""kb1b""","0","0","Text"
"Describing Objects","Short and fun! A 1-2 minute word game about describing simple objects. Only one HIT per worker.","experiment, psychology, game, language, cognition, linguistics, description","$0.25 ","Tue Aug 12 13:57:44 PDT 2014","150","0","0","150","Reviewable","NotReviewed","1 scales","600","60000","Tue Aug 19 13:57:44 PDT 2014","S93301","Approved","","""pizza""","""mushrooms""","0","""right""","""middle""","-1","3","0","13","0","0","-1","-1","""TRUE""","""null""","""null""","-1","-1","-1","-1","-1","-1","""The pizza Bob ordered in Picture B has cheese, mushrooms, and green peppers as toppings. ""","2","""middle""","""The 3 different pizzas Bob bought, the 3 different boats Bob has rented and how a person describes a specific one to another worker.""","""The other worker did not use a complete sentence, which was asked of me while describing the boat""","0","""free_response""","""target""","""null""","""null""","""null""","""null""","""null""","TRUE","""null""","""null""","""null""","""null""","""pizza""","""boat""","""null""","""null""","""null""","""null""","""mushrooms""","""cabin""","""null""","""null""","""null""","""null""","""right""","""left""","""null""","""null""","""null""","""null""","""olives""","""cabin""","""null""","""null""","""null""","""null""","""middle""","""middle""","""null""","""null""","""null""","""null""","""kb1b""","1","1","Text"
"Describing Objects","Short and fun! A 1-2 minute word game about describing simple objects. Only one HIT per worker.","experiment, psychology, game, language, cognition, linguistics, description","$0.25 ","Tue Aug 12 13:57:44 PDT 2014","150","0","0","150","Reviewable","NotReviewed","1 scales","600","60000","Tue Aug 19 13:57:44 PDT 2014","S01810","Approved","","""Christmas tree""","""ornaments""","0","""middle""","""right""","-1","3","0","13","0","0","-1","-1","""TRUE""","""null""","""null""","-1","-1","-1","-1","-1","-1","""purple and pink bulbs, and red and yellow lights""","2","""right""","""cognitive memory""","""""","0","""free_response""","""target""","""null""","""null""","""null""","""null""","""null""","TRUE","""null""","""null""","""null""","""null""","""Christmas tree""","""Christmas tree""","""null""","""null""","""null""","""null""","""ornaments""","""ornaments""","""null""","""null""","""null""","""null""","""middle""","""right""","""null""","""null""","""null""","""null""","""star""","""ornaments""","""null""","""null""","""null""","""null""","""right""","""middle""","""null""","""null""","""null""","""null""","""kb1b""","1","1","Text"
"Describing Objects","Short and fun! A 1-2 minute word game about describing simple objects. Only one HIT per worker.","experiment, psychology, game, language, cognition, linguistics, description","$0.25 ","Tue Aug 12 13:57:44 PDT 2014","150","0","0","150","Reviewable","NotReviewed","1 scales","600","60000","Tue Aug 19 13:57:44 PDT 2014","S88720","Approved","","""boat""","""motor""","0","""middle""","""left""","-1","3","0","13","0","0","-1","-1","""TRUE""","""null""","""null""","-1","-1","-1","-1","-1","-1","""The boat with the sail.""","2","""left""","""Describing objects""","""No""","0","""free_response""","""foil""","""null""","""null""","""null""","""null""","""null""","FALSE","""null""","""null""","""null""","""null""","""boat""","""Christmas tree""","""null""","""null""","""null""","""null""","""motor""","""star""","""null""","""null""","""null""","""null""","""middle""","""left""","""null""","""null""","""null""","""null""","""cabin""","""star""","""null""","""null""","""null""","""null""","""left""","""right""","""null""","""null""","""null""","""null""","""kb1b""","0","0","Text"
"Describing Objects","Short and fun! A 1-2 minute word game about describing simple objects. Only one HIT per worker.","experiment, psychology, game, language, cognition, linguistics, description","$0.25 ","Tue Aug 12 13:57:44 PDT 2014","150","0","0","150","Reviewable","NotReviewed","1 scales","600","60000","Tue Aug 19 13:57:44 PDT 2014","S99983","Approved","","""boat""","""cabin""","0","""middle""","""right""","-1","3","0","13","0","0","-1","-1","""TRUE""","""null""","""null""","-1","-1","-1","-1","-1","-1","""Boat with a sail""","2","""right""","""Bobs love for sailboats and sundaes and having to describe pictures for other turkers.""","""Thank you""","0","""free_response""","""target""","""null""","""null""","""null""","""null""","""null""","TRUE","""null""","""null""","""null""","""null""","""boat""","""sundae""","""null""","""null""","""null""","""null""","""cabin""","""whipped cream""","""null""","""null""","""null""","""null""","""middle""","""left""","""null""","""null""","""null""","""null""","""motor""","""whipped cream""","""null""","""null""","""null""","""null""","""right""","""middle""","""null""","""null""","""null""","""null""","""kb1b""","0","1","Text"
