"title","description","keywords","reward","creationtime","assignments","numavailable","numpending","numcomplete","hitstatus","reviewstatus","annotation","assignmentduration","autoapprovaldelay","hitlifetime","workerid","assignmentstatus","deadline","Answer.item","Answer.target_property","Answer.target_frequency","Answer.target_position","Answer.distractor_position","Answer.familiarization_cond","Answer.participant_response_type_condition","Answer.participant_feature_count_condition","Answer.linguistic_framing_condition","Answer.target_filler_sequence_condition","Answer.question_type_condition","Answer.manip_check_target","Answer.manip_check_dist","Answer.name_check_correct","Answer.choice","Answer.choice_correct","Answer.money_allocated_to_foil","Answer.money_allocated_to_target","Answer.money_allocated_to_logical","Answer.Likert_value_foil","Answer.Likert_value_target","Answer.Likert_value_logical","Answer.free_response","Answer.features_in_referent_to_describe","Answer.position_to_describe","Answer.about","Answer.comment","Answer.familiarization_present_in_study","Answer.choice_1","Answer.choice_2","Answer.choice_3","Answer.choice_4","Answer.choice_5","Answer.choice_6","Answer.choice_correct_1","Answer.choice_correct_2","Answer.choice_correct_3","Answer.choice_correct_4","Answer.choice_correct_5","Answer.choice_correct_6","Answer.item_1","Answer.item_2","Answer.item_3","Answer.item_4","Answer.item_5","Answer.item_6","Answer.target_prop_1","Answer.target_prop_2","Answer.target_prop_3","Answer.target_prop_4","Answer.target_prop_5","Answer.target_prop_6","Answer.target_position_1","Answer.target_position_2","Answer.target_position_3","Answer.target_position_4","Answer.target_position_5","Answer.target_position_6","Answer.distractor_prop_1","Answer.distractor_prop_2","Answer.distractor_prop_3","Answer.distractor_prop_4","Answer.distractor_prop_5","Answer.distractor_prop_6","Answer.distractor_position_1","Answer.distractor_position_2","Answer.distractor_position_3","Answer.distractor_position_4","Answer.distractor_position_5","Answer.distractor_position_6","Answer.sequence_condition","Answer.overspec","Answer.targetcorrect","Experiment.type"
"Describing Objects","Short and fun! A 1-2 minute word game about describing simple objects. Only one HIT per worker.","experiment, psychology, game, language, cognition, linguistics, description","$0.25 ","Wed Aug 13 09:12:02 PDT 2014","151","0","0","151","Reviewable","NotReviewed","1 scales","600","60000","Wed Aug 20 09:12:02 PDT 2014","S32096","Approved","","""snowman""","""mittens""","0","""right""","""middle""","-1","3","0","13","0","0","-1","-1","""TRUE""","""null""","""null""","-1","-1","-1","-1","-1","-1","""no scarf""","0","""left""","""choices""","""""","0","""free_response""","""foil""","""null""","""null""","""null""","""null""","""null""","FALSE","""null""","""null""","""null""","""null""","""snowman""","""sundae""","""null""","""null""","""null""","""null""","""mittens""","""whipped cream""","""null""","""null""","""null""","""null""","""right""","""right""","""null""","""null""","""null""","""null""","""scarf""","""whipped cream""","""null""","""null""","""null""","""null""","""middle""","""left""","""null""","""null""","""null""","""null""","""kb1b""","0","0","Text"
"Describing Objects","Short and fun! A 1-2 minute word game about describing simple objects. Only one HIT per worker.","experiment, psychology, game, language, cognition, linguistics, description","$0.25 ","Wed Aug 13 09:12:02 PDT 2014","151","0","0","151","Reviewable","NotReviewed","1 scales","600","60000","Wed Aug 20 09:12:02 PDT 2014","S40298","Approved","","""boat""","""motor""","0","""right""","""left""","-1","3","0","13","0","0","-1","-1","""TRUE""","""null""","""null""","-1","-1","-1","-1","-1","-1","""no sail""","0","""middle""","""describing pictures""","""""","0","""free_response""","""target""","""null""","""null""","""null""","""null""","""null""","TRUE","""null""","""null""","""null""","""null""","""boat""","""sundae""","""null""","""null""","""null""","""null""","""motor""","""cherry""","""null""","""null""","""null""","""null""","""right""","""left""","""null""","""null""","""null""","""null""","""sail""","""cherry""","""null""","""null""","""null""","""null""","""left""","""right""","""null""","""null""","""null""","""null""","""kb1b""","0","1","Text"
"Describing Objects","Short and fun! A 1-2 minute word game about describing simple objects. Only one HIT per worker.","experiment, psychology, game, language, cognition, linguistics, description","$0.25 ","Wed Aug 13 09:12:02 PDT 2014","151","0","0","151","Reviewable","NotReviewed","1 scales","600","60000","Wed Aug 20 09:12:02 PDT 2014","S75816","Approved","","""boat""","""sail""","0","""left""","""middle""","-1","3","0","13","0","0","-1","-1","""TRUE""","""null""","""null""","-1","-1","-1","-1","-1","-1","""nothing.""","0","""right""","""Describing objects""","""""","0","""free_response""","""target""","""null""","""null""","""null""","""null""","""null""","TRUE","""null""","""null""","""null""","""null""","""boat""","""sundae""","""null""","""null""","""null""","""null""","""sail""","""cherry""","""null""","""null""","""null""","""null""","""left""","""middle""","""null""","""null""","""null""","""null""","""cabin""","""cherry""","""null""","""null""","""null""","""null""","""middle""","""left""","""null""","""null""","""null""","""null""","""kb1b""","0","1","Text"
"Describing Objects","Short and fun! A 1-2 minute word game about describing simple objects. Only one HIT per worker.","experiment, psychology, game, language, cognition, linguistics, description","$0.25 ","Wed Aug 13 09:12:02 PDT 2014","151","0","0","151","Reviewable","NotReviewed","1 scales","600","60000","Wed Aug 20 09:12:02 PDT 2014","S96698","Approved","","""pizza""","""mushrooms""","0","""left""","""middle""","-1","3","0","13","0","0","-1","-1","""FALSE""","""null""","""null""","-1","-1","-1","-1","-1","-1","""The pizza bob likes only has cheese, and no other toppings.""","0","""right""","""Describing images.""","""""","0","""free_response""","""target""","""null""","""null""","""null""","""null""","""null""","TRUE","""null""","""null""","""null""","""null""","""pizza""","""friend""","""null""","""null""","""null""","""null""","""mushrooms""","""glasses""","""null""","""null""","""null""","""null""","""left""","""left""","""null""","""null""","""null""","""null""","""peppers""","""glasses""","""null""","""null""","""null""","""null""","""middle""","""right""","""null""","""null""","""null""","""null""","""kb1b""","1","1","Text"
"Describing Objects","Short and fun! A 1-2 minute word game about describing simple objects. Only one HIT per worker.","experiment, psychology, game, language, cognition, linguistics, description","$0.25 ","Wed Aug 13 09:12:02 PDT 2014","151","0","0","151","Reviewable","NotReviewed","1 scales","600","60000","Wed Aug 20 09:12:02 PDT 2014","S08052","Approved","","""boat""","""motor""","0","""left""","""right""","-1","3","0","13","0","0","-1","-1","""TRUE""","""null""","""null""","-1","-1","-1","-1","-1","-1","""no sail.""","0","""middle""","""Using words to describe pictures.""","""Thank you!""","0","""free_response""","""target""","""null""","""null""","""null""","""null""","""null""","TRUE","""null""","""null""","""null""","""null""","""boat""","""boat""","""null""","""null""","""null""","""null""","""motor""","""sail""","""null""","""null""","""null""","""null""","""left""","""left""","""null""","""null""","""null""","""null""","""sail""","""sail""","""null""","""null""","""null""","""null""","""right""","""right""","""null""","""null""","""null""","""null""","""kb1b""","0","1","Text"
"Describing Objects","Short and fun! A 1-2 minute word game about describing simple objects. Only one HIT per worker.","experiment, psychology, game, language, cognition, linguistics, description","$0.25 ","Wed Aug 13 09:12:02 PDT 2014","151","0","0","151","Reviewable","NotReviewed","1 scales","600","60000","Wed Aug 20 09:12:02 PDT 2014","S32113","Approved","","""friend""","""glasses""","0","""left""","""middle""","-1","3","0","13","0","0","-1","-1","""FALSE""","""null""","""null""","-1","-1","-1","-1","-1","-1","""a bald head, who doesn't wear hats ""","0","""right""","""Joe visiting friends on Sunday, and renting a motor boat.""","""Very much enjoyed doing this!""","0","""free_response""","""target""","""null""","""null""","""null""","""null""","""null""","TRUE","""null""","""null""","""null""","""null""","""friend""","""boat""","""null""","""null""","""null""","""null""","""glasses""","""motor""","""null""","""null""","""null""","""null""","""left""","""left""","""null""","""null""","""null""","""null""","""hat""","""motor""","""null""","""null""","""null""","""null""","""middle""","""right""","""null""","""null""","""null""","""null""","""kb1b""","0","1","Text"
"Describing Objects","Short and fun! A 1-2 minute word game about describing simple objects. Only one HIT per worker.","experiment, psychology, game, language, cognition, linguistics, description","$0.25 ","Wed Aug 13 09:12:02 PDT 2014","151","0","0","151","Reviewable","NotReviewed","1 scales","600","60000","Wed Aug 20 09:12:02 PDT 2014","S20801","Approved","","""pizza""","""mushrooms""","0","""right""","""left""","-1","3","0","13","0","0","-1","-1","""TRUE""","""null""","""null""","-1","-1","-1","-1","-1","-1","""only cheese""","0","""middle""","""describing objects""","""nope""","0","""free_response""","""target""","""null""","""null""","""null""","""null""","""null""","TRUE","""null""","""null""","""null""","""null""","""pizza""","""sundae""","""null""","""null""","""null""","""null""","""mushrooms""","""whipped cream""","""null""","""null""","""null""","""null""","""right""","""middle""","""null""","""null""","""null""","""null""","""peppers""","""whipped cream""","""null""","""null""","""null""","""null""","""left""","""left""","""null""","""null""","""null""","""null""","""kb1b""","0","1","Text"
"Describing Objects","Short and fun! A 1-2 minute word game about describing simple objects. Only one HIT per worker.","experiment, psychology, game, language, cognition, linguistics, description","$0.25 ","Wed Aug 13 09:12:02 PDT 2014","151","0","0","151","Reviewable","NotReviewed","1 scales","600","60000","Wed Aug 20 09:12:02 PDT 2014","S23412","Approved","","""pizza""","""olives""","0","""left""","""middle""","-1","3","0","13","0","0","-1","-1","""TRUE""","""null""","""null""","-1","-1","-1","-1","-1","-1","""Bob ate cheese pizza with no toppings.""","0","""right""","""Describing a pizza and picking a snowman""","""""","0","""free_response""","""logical""","""null""","""null""","""null""","""null""","""null""","FALSE","""null""","""null""","""null""","""null""","""pizza""","""snowman""","""null""","""null""","""null""","""null""","""olives""","""mittens""","""null""","""null""","""null""","""null""","""left""","""middle""","""null""","""null""","""null""","""null""","""mushrooms""","""mittens""","""null""","""null""","""null""","""null""","""middle""","""left""","""null""","""null""","""null""","""null""","""kb1b""","1","0","Text"
"Describing Objects","Short and fun! A 1-2 minute word game about describing simple objects. Only one HIT per worker.","experiment, psychology, game, language, cognition, linguistics, description","$0.25 ","Wed Aug 13 09:12:02 PDT 2014","151","0","0","151","Reviewable","NotReviewed","1 scales","600","60000","Wed Aug 20 09:12:02 PDT 2014","S16110","Approved","","""friend""","""glasses""","0","""middle""","""left""","-1","3","0","13","0","0","-1","-1","""TRUE""","""null""","""null""","-1","-1","-1","-1","-1","-1","""no accessories on""","0","""right""","""Interpreting meaning""","""""","0","""free_response""","""target""","""null""","""null""","""null""","""null""","""null""","TRUE","""null""","""null""","""null""","""null""","""friend""","""pizza""","""null""","""null""","""null""","""null""","""glasses""","""mushrooms""","""null""","""null""","""null""","""null""","""middle""","""middle""","""null""","""null""","""null""","""null""","""hat""","""mushrooms""","""null""","""null""","""null""","""null""","""left""","""left""","""null""","""null""","""null""","""null""","""kb1b""","0","1","Text"
"Describing Objects","Short and fun! A 1-2 minute word game about describing simple objects. Only one HIT per worker.","experiment, psychology, game, language, cognition, linguistics, description","$0.25 ","Wed Aug 13 09:12:02 PDT 2014","151","0","0","151","Reviewable","NotReviewed","1 scales","600","60000","Wed Aug 20 09:12:02 PDT 2014","S79125","Approved","","""boat""","""sail""","0","""left""","""right""","-1","3","0","13","0","0","-1","-1","""TRUE""","""null""","""null""","-1","-1","-1","-1","-1","-1","""no sail or front hut""","0","""middle""","""describing objects""","""""","0","""free_response""","""target""","""null""","""null""","""null""","""null""","""null""","TRUE","""null""","""null""","""null""","""null""","""boat""","""snowman""","""null""","""null""","""null""","""null""","""sail""","""scarf""","""null""","""null""","""null""","""null""","""left""","""middle""","""null""","""null""","""null""","""null""","""cabin""","""scarf""","""null""","""null""","""null""","""null""","""right""","""left""","""null""","""null""","""null""","""null""","""kb1b""","1","1","Text"
"Describing Objects","Short and fun! A 1-2 minute word game about describing simple objects. Only one HIT per worker.","experiment, psychology, game, language, cognition, linguistics, description","$0.25 ","Wed Aug 13 09:12:02 PDT 2014","151","0","0","151","Reviewable","NotReviewed","1 scales","600","60000","Wed Aug 20 09:12:02 PDT 2014","S75286","Approved","","""pizza""","""mushrooms""","0","""middle""","""left""","-1","3","0","13","0","0","-1","-1","""TRUE""","""null""","""null""","-1","-1","-1","-1","-1","-1","""cheese only, no mushrooms or olives.""","0","""right""","""Using written words to distinguish a particular picture from other similar pictures.""","""""","0","""free_response""","""target""","""null""","""null""","""null""","""null""","""null""","TRUE","""null""","""null""","""null""","""null""","""pizza""","""friend""","""null""","""null""","""null""","""null""","""mushrooms""","""mustache""","""null""","""null""","""null""","""null""","""middle""","""right""","""null""","""null""","""null""","""null""","""olives""","""mustache""","""null""","""null""","""null""","""null""","""left""","""left""","""null""","""null""","""null""","""null""","""kb1b""","1","1","Text"
"Describing Objects","Short and fun! A 1-2 minute word game about describing simple objects. Only one HIT per worker.","experiment, psychology, game, language, cognition, linguistics, description","$0.25 ","Wed Aug 13 09:12:02 PDT 2014","151","0","0","151","Reviewable","NotReviewed","1 scales","600","60000","Wed Aug 20 09:12:02 PDT 2014","S09187","Approved","","""Christmas tree""","""lights""","0","""left""","""right""","-1","3","0","13","0","0","-1","-1","""TRUE""","""null""","""null""","-1","-1","-1","-1","-1","-1","""no decorations.""","0","""middle""","""describing an object for another turker to find""","""no""","0","""free_response""","""target""","""null""","""null""","""null""","""null""","""null""","TRUE","""null""","""null""","""null""","""null""","""Christmas tree""","""sundae""","""null""","""null""","""null""","""null""","""lights""","""chocolate""","""null""","""null""","""null""","""null""","""left""","""left""","""null""","""null""","""null""","""null""","""ornaments""","""chocolate""","""null""","""null""","""null""","""null""","""right""","""middle""","""null""","""null""","""null""","""null""","""kb1b""","0","1","Text"
"Describing Objects","Short and fun! A 1-2 minute word game about describing simple objects. Only one HIT per worker.","experiment, psychology, game, language, cognition, linguistics, description","$0.25 ","Wed Aug 13 09:12:02 PDT 2014","151","0","0","151","Reviewable","NotReviewed","1 scales","600","60000","Wed Aug 20 09:12:02 PDT 2014","S00516","Approved","","""boat""","""cabin""","0","""middle""","""left""","-1","3","0","13","0","0","-1","-1","""TRUE""","""null""","""null""","-1","-1","-1","-1","-1","-1","""Pick the boat without a motor and without a cabin.""","0","""right""","""I'm not sure.""","""No comments, thanks!""","0","""free_response""","""target""","""null""","""null""","""null""","""null""","""null""","TRUE","""null""","""null""","""null""","""null""","""boat""","""sundae""","""null""","""null""","""null""","""null""","""cabin""","""whipped cream""","""null""","""null""","""null""","""null""","""middle""","""right""","""null""","""null""","""null""","""null""","""motor""","""whipped cream""","""null""","""null""","""null""","""null""","""left""","""middle""","""null""","""null""","""null""","""null""","""kb1b""","1","1","Text"
"Describing Objects","Short and fun! A 1-2 minute word game about describing simple objects. Only one HIT per worker.","experiment, psychology, game, language, cognition, linguistics, description","$0.25 ","Wed Aug 13 09:12:02 PDT 2014","151","0","0","151","Reviewable","NotReviewed","1 scales","600","60000","Wed Aug 20 09:12:02 PDT 2014","S64714","Approved","","""snowman""","""hat""","0","""right""","""middle""","-1","3","0","13","0","0","-1","-1","""FALSE""","""null""","""null""","-1","-1","-1","-1","-1","-1","""nothing on it""","0","""left""","""visual communication""","""""","0","""free_response""","""target""","""null""","""null""","""null""","""null""","""null""","TRUE","""null""","""null""","""null""","""null""","""snowman""","""snowman""","""null""","""null""","""null""","""null""","""hat""","""mittens""","""null""","""null""","""null""","""null""","""right""","""right""","""null""","""null""","""null""","""null""","""scarf""","""mittens""","""null""","""null""","""null""","""null""","""middle""","""middle""","""null""","""null""","""null""","""null""","""kb1b""","0","1","Text"
"Describing Objects","Short and fun! A 1-2 minute word game about describing simple objects. Only one HIT per worker.","experiment, psychology, game, language, cognition, linguistics, description","$0.25 ","Wed Aug 13 09:12:02 PDT 2014","151","0","0","151","Reviewable","NotReviewed","1 scales","600","60000","Wed Aug 20 09:12:02 PDT 2014","S15633","Approved","","""friend""","""hat""","0","""middle""","""right""","-1","3","0","13","0","0","-1","-1","""TRUE""","""null""","""null""","-1","-1","-1","-1","-1","-1","""he has no mustache and is not pale.""","0","""left""","""to see how people deal with limited information.""","""i have no other comments to provide.""","0","""free_response""","""target""","""null""","""null""","""null""","""null""","""null""","TRUE","""null""","""null""","""null""","""null""","""friend""","""Christmas tree""","""null""","""null""","""null""","""null""","""hat""","""lights""","""null""","""null""","""null""","""null""","""middle""","""middle""","""null""","""null""","""null""","""null""","""mustache""","""lights""","""null""","""null""","""null""","""null""","""right""","""right""","""null""","""null""","""null""","""null""","""kb1b""","1","1","Text"
"Describing Objects","Short and fun! A 1-2 minute word game about describing simple objects. Only one HIT per worker.","experiment, psychology, game, language, cognition, linguistics, description","$0.25 ","Wed Aug 13 09:12:02 PDT 2014","151","0","0","151","Reviewable","NotReviewed","1 scales","600","60000","Wed Aug 20 09:12:02 PDT 2014","S26030","Approved","","""friend""","""hat""","0","""left""","""right""","-1","3","0","13","0","0","-1","-1","""FALSE""","""null""","""null""","-1","-1","-1","-1","-1","-1","""no glasses or hat.""","0","""middle""","""don't know""","""""","0","""free_response""","""target""","""null""","""null""","""null""","""null""","""null""","TRUE","""null""","""null""","""null""","""null""","""friend""","""boat""","""null""","""null""","""null""","""null""","""hat""","""sail""","""null""","""null""","""null""","""null""","""left""","""middle""","""null""","""null""","""null""","""null""","""glasses""","""sail""","""null""","""null""","""null""","""null""","""right""","""right""","""null""","""null""","""null""","""null""","""kb1b""","1","1","Text"
"Describing Objects","Short and fun! A 1-2 minute word game about describing simple objects. Only one HIT per worker.","experiment, psychology, game, language, cognition, linguistics, description","$0.25 ","Wed Aug 13 09:12:02 PDT 2014","151","0","0","151","Reviewable","NotReviewed","1 scales","600","60000","Wed Aug 20 09:12:02 PDT 2014","S97918","Approved","","""sundae""","""whipped cream""","0","""left""","""middle""","-1","3","0","13","0","0","-1","-1","""TRUE""","""null""","""null""","-1","-1","-1","-1","-1","-1","""My  sundae has no toppings""","0","""right""","""picking the best description""","""thanks""","0","""free_response""","""target""","""null""","""null""","""null""","""null""","""null""","TRUE","""null""","""null""","""null""","""null""","""sundae""","""boat""","""null""","""null""","""null""","""null""","""whipped cream""","""cabin""","""null""","""null""","""null""","""null""","""left""","""middle""","""null""","""null""","""null""","""null""","""cherry""","""cabin""","""null""","""null""","""null""","""null""","""middle""","""left""","""null""","""null""","""null""","""null""","""kb1b""","0","1","Text"
"Describing Objects","Short and fun! A 1-2 minute word game about describing simple objects. Only one HIT per worker.","experiment, psychology, game, language, cognition, linguistics, description","$0.25 ","Wed Aug 13 09:12:02 PDT 2014","151","0","0","151","Reviewable","NotReviewed","1 scales","600","60000","Wed Aug 20 09:12:02 PDT 2014","S00428","Approved","","""Christmas tree""","""star""","0","""middle""","""right""","-1","3","0","13","0","0","-1","-1","""FALSE""","""null""","""null""","-1","-1","-1","-1","-1","-1","""no ornaments on it ""","0","""left""","""how to pick something ""","""I don't remember his name exactly! ""","0","""free_response""","""target""","""null""","""null""","""null""","""null""","""null""","TRUE","""null""","""null""","""null""","""null""","""Christmas tree""","""pizza""","""null""","""null""","""null""","""null""","""star""","""peppers""","""null""","""null""","""null""","""null""","""middle""","""middle""","""null""","""null""","""null""","""null""","""ornaments""","""peppers""","""null""","""null""","""null""","""null""","""right""","""left""","""null""","""null""","""null""","""null""","""kb1b""","0","1","Text"
"Describing Objects","Short and fun! A 1-2 minute word game about describing simple objects. Only one HIT per worker.","experiment, psychology, game, language, cognition, linguistics, description","$0.25 ","Wed Aug 13 09:12:02 PDT 2014","151","0","0","151","Reviewable","NotReviewed","1 scales","600","60000","Wed Aug 20 09:12:02 PDT 2014","S18962","Approved","","""sundae""","""whipped cream""","0","""left""","""right""","-1","3","0","13","0","0","-1","-1","""TRUE""","""null""","""null""","-1","-1","-1","-1","-1","-1","""The sundae I am in describing has no extra toppings.""","0","""middle""","""Describing an image accurately and efficiently. ""","""""","0","""free_response""","""logical""","""null""","""null""","""null""","""null""","""null""","FALSE","""null""","""null""","""null""","""null""","""sundae""","""Christmas tree""","""null""","""null""","""null""","""null""","""whipped cream""","""lights""","""null""","""null""","""null""","""null""","""left""","""middle""","""null""","""null""","""null""","""null""","""chocolate""","""lights""","""null""","""null""","""null""","""null""","""right""","""left""","""null""","""null""","""null""","""null""","""kb1b""","0","0","Text"
"Describing Objects","Short and fun! A 1-2 minute word game about describing simple objects. Only one HIT per worker.","experiment, psychology, game, language, cognition, linguistics, description","$0.25 ","Wed Aug 13 09:12:02 PDT 2014","151","0","0","151","Reviewable","NotReviewed","1 scales","600","60000","Wed Aug 20 09:12:02 PDT 2014","S46442","Approved","","""sundae""","""cherry""","0","""right""","""left""","-1","3","0","13","0","0","-1","-1","""TRUE""","""null""","""null""","-1","-1","-1","-1","-1","-1","""plain ice cream""","0","""middle""","""how to effectively communicate""","""""","0","""free_response""","""target""","""null""","""null""","""null""","""null""","""null""","TRUE","""null""","""null""","""null""","""null""","""sundae""","""Christmas tree""","""null""","""null""","""null""","""null""","""cherry""","""ornaments""","""null""","""null""","""null""","""null""","""right""","""middle""","""null""","""null""","""null""","""null""","""whipped cream""","""ornaments""","""null""","""null""","""null""","""null""","""left""","""right""","""null""","""null""","""null""","""null""","""kb1b""","0","1","Text"
"Describing Objects","Short and fun! A 1-2 minute word game about describing simple objects. Only one HIT per worker.","experiment, psychology, game, language, cognition, linguistics, description","$0.25 ","Wed Aug 13 09:12:02 PDT 2014","151","0","0","151","Reviewable","NotReviewed","1 scales","600","60000","Wed Aug 20 09:12:02 PDT 2014","S87629","Approved","","""pizza""","""olives""","0","""right""","""middle""","-1","3","0","13","0","0","-1","-1","""TRUE""","""null""","""null""","-1","-1","-1","-1","-1","-1","""Pick the pizza with no toppings except the white cheese""","0","""left""","""describing things for other people""","""""","0","""free_response""","""target""","""null""","""null""","""null""","""null""","""null""","TRUE","""null""","""null""","""null""","""null""","""pizza""","""sundae""","""null""","""null""","""null""","""null""","""olives""","""cherry""","""null""","""null""","""null""","""null""","""right""","""right""","""null""","""null""","""null""","""null""","""peppers""","""cherry""","""null""","""null""","""null""","""null""","""middle""","""middle""","""null""","""null""","""null""","""null""","""kb1b""","1","1","Text"
"Describing Objects","Short and fun! A 1-2 minute word game about describing simple objects. Only one HIT per worker.","experiment, psychology, game, language, cognition, linguistics, description","$0.25 ","Wed Aug 13 09:12:02 PDT 2014","151","0","0","151","Reviewable","NotReviewed","1 scales","600","60000","Wed Aug 20 09:12:02 PDT 2014","S13184","Approved","","""sundae""","""whipped cream""","0","""right""","""left""","-1","3","0","13","0","0","-1","-1","""TRUE""","""null""","""null""","-1","-1","-1","-1","-1","-1","""no toppings.""","0","""middle""","""describing objects""","""""","0","""free_response""","""target""","""null""","""null""","""null""","""null""","""null""","TRUE","""null""","""null""","""null""","""null""","""sundae""","""pizza""","""null""","""null""","""null""","""null""","""whipped cream""","""peppers""","""null""","""null""","""null""","""null""","""right""","""right""","""null""","""null""","""null""","""null""","""chocolate""","""peppers""","""null""","""null""","""null""","""null""","""left""","""left""","""null""","""null""","""null""","""null""","""kb1b""","0","1","Text"
"Describing Objects","Short and fun! A 1-2 minute word game about describing simple objects. Only one HIT per worker.","experiment, psychology, game, language, cognition, linguistics, description","$0.25 ","Wed Aug 13 09:12:02 PDT 2014","151","0","0","151","Reviewable","NotReviewed","1 scales","600","60000","Wed Aug 20 09:12:02 PDT 2014","S00010","Approved","","""sundae""","""cherry""","0","""middle""","""right""","-1","3","0","13","0","0","-1","-1","""TRUE""","""null""","""null""","-1","-1","-1","-1","-1","-1","""no toppings""","0","""left""","""communication""","""interesting task""","0","""free_response""","""target""","""null""","""null""","""null""","""null""","""null""","TRUE","""null""","""null""","""null""","""null""","""sundae""","""sundae""","""null""","""null""","""null""","""null""","""cherry""","""chocolate""","""null""","""null""","""null""","""null""","""middle""","""middle""","""null""","""null""","""null""","""null""","""chocolate""","""chocolate""","""null""","""null""","""null""","""null""","""right""","""left""","""null""","""null""","""null""","""null""","""kb1b""","0","1","Text"
"Describing Objects","Short and fun! A 1-2 minute word game about describing simple objects. Only one HIT per worker.","experiment, psychology, game, language, cognition, linguistics, description","$0.25 ","Wed Aug 13 09:12:02 PDT 2014","151","0","0","151","Reviewable","NotReviewed","1 scales","600","60000","Wed Aug 20 09:12:02 PDT 2014","S86280","Approved","","""boat""","""motor""","0","""right""","""left""","-1","3","0","13","0","0","-1","-1","""TRUE""","""null""","""null""","-1","-1","-1","-1","-1","-1","""no sail or motor""","0","""middle""","""Ice cream""","""""","0","""free_response""","""target""","""null""","""null""","""null""","""null""","""null""","TRUE","""null""","""null""","""null""","""null""","""boat""","""sundae""","""null""","""null""","""null""","""null""","""motor""","""whipped cream""","""null""","""null""","""null""","""null""","""right""","""middle""","""null""","""null""","""null""","""null""","""sail""","""whipped cream""","""null""","""null""","""null""","""null""","""left""","""left""","""null""","""null""","""null""","""null""","""kb1b""","1","1","Text"
"Describing Objects","Short and fun! A 1-2 minute word game about describing simple objects. Only one HIT per worker.","experiment, psychology, game, language, cognition, linguistics, description","$0.25 ","Wed Aug 13 09:12:02 PDT 2014","151","0","0","151","Reviewable","NotReviewed","1 scales","600","60000","Wed Aug 20 09:12:02 PDT 2014","S74874","Approved","","""pizza""","""peppers""","0","""middle""","""left""","-1","3","0","13","0","0","-1","-1","""TRUE""","""null""","""null""","-1","-1","-1","-1","-1","-1","""no mushrooms or peppers""","0","""right""","""Descriptions""","""""","0","""free_response""","""target""","""null""","""null""","""null""","""null""","""null""","TRUE","""null""","""null""","""null""","""null""","""pizza""","""boat""","""null""","""null""","""null""","""null""","""peppers""","""cabin""","""null""","""null""","""null""","""null""","""middle""","""right""","""null""","""null""","""null""","""null""","""mushrooms""","""cabin""","""null""","""null""","""null""","""null""","""left""","""left""","""null""","""null""","""null""","""null""","""kb1b""","1","1","Text"
"Describing Objects","Short and fun! A 1-2 minute word game about describing simple objects. Only one HIT per worker.","experiment, psychology, game, language, cognition, linguistics, description","$0.25 ","Wed Aug 13 09:12:02 PDT 2014","151","0","0","151","Reviewable","NotReviewed","1 scales","600","60000","Wed Aug 20 09:12:02 PDT 2014","S89833","Approved","","""friend""","""mustache""","0","""left""","""right""","-1","3","0","13","0","0","-1","-1","""TRUE""","""null""","""null""","-1","-1","-1","-1","-1","-1","""no hat.""","0","""middle""","""Descriptions of objects""","""no""","0","""free_response""","""target""","""null""","""null""","""null""","""null""","""null""","TRUE","""null""","""null""","""null""","""null""","""friend""","""Christmas tree""","""null""","""null""","""null""","""null""","""mustache""","""ornaments""","""null""","""null""","""null""","""null""","""left""","""right""","""null""","""null""","""null""","""null""","""hat""","""ornaments""","""null""","""null""","""null""","""null""","""right""","""left""","""null""","""null""","""null""","""null""","""kb1b""","0","1","Text"
"Describing Objects","Short and fun! A 1-2 minute word game about describing simple objects. Only one HIT per worker.","experiment, psychology, game, language, cognition, linguistics, description","$0.25 ","Wed Aug 13 09:12:02 PDT 2014","151","0","0","151","Reviewable","NotReviewed","1 scales","600","60000","Wed Aug 20 09:12:02 PDT 2014","S60747","Approved","","""boat""","""motor""","0","""right""","""middle""","-1","3","0","13","0","0","-1","-1","""TRUE""","""null""","""null""","-1","-1","-1","-1","-1","-1","""Its the boat with no sail. ""","0","""left""","""Picking out boats. ""","""None, thanks. ""","0","""free_response""","""logical""","""null""","""null""","""null""","""null""","""null""","FALSE","""null""","""null""","""null""","""null""","""boat""","""boat""","""null""","""null""","""null""","""null""","""motor""","""sail""","""null""","""null""","""null""","""null""","""right""","""right""","""null""","""null""","""null""","""null""","""sail""","""sail""","""null""","""null""","""null""","""null""","""middle""","""middle""","""null""","""null""","""null""","""null""","""kb1b""","1","0","Text"
"Describing Objects","Short and fun! A 1-2 minute word game about describing simple objects. Only one HIT per worker.","experiment, psychology, game, language, cognition, linguistics, description","$0.25 ","Wed Aug 13 09:12:02 PDT 2014","151","0","0","151","Reviewable","NotReviewed","1 scales","600","60000","Wed Aug 20 09:12:02 PDT 2014","S67881","Approved","","""sundae""","""whipped cream""","0","""left""","""middle""","-1","3","0","13","0","0","-1","-1","""TRUE""","""null""","""null""","-1","-1","-1","-1","-1","-1","""no toppings.""","0","""right""","""Describing things""","""No""","0","""free_response""","""target""","""null""","""null""","""null""","""null""","""null""","TRUE","""null""","""null""","""null""","""null""","""sundae""","""sundae""","""null""","""null""","""null""","""null""","""whipped cream""","""cherry""","""null""","""null""","""null""","""null""","""left""","""middle""","""null""","""null""","""null""","""null""","""chocolate""","""cherry""","""null""","""null""","""null""","""null""","""middle""","""right""","""null""","""null""","""null""","""null""","""kb1b""","0","1","Text"
"Describing Objects","Short and fun! A 1-2 minute word game about describing simple objects. Only one HIT per worker.","experiment, psychology, game, language, cognition, linguistics, description","$0.25 ","Wed Aug 13 09:12:02 PDT 2014","151","0","0","151","Reviewable","NotReviewed","1 scales","600","60000","Wed Aug 20 09:12:02 PDT 2014","S98992","Rejected","","""friend""","""glasses""","0","""left""","""middle""","-1","3","0","13","0","0","-1","-1","""TRUE""","""null""","""null""","-1","-1","-1","-1","-1","-1","""b""","0","""right""","""uce crean""","""""","0","""free_response""","""logical""","""null""","""null""","""null""","""null""","""null""","FALSE","""null""","""null""","""null""","""null""","""friend""","""sundae""","""null""","""null""","""null""","""null""","""glasses""","""cherry""","""null""","""null""","""null""","""null""","""left""","""middle""","""null""","""null""","""null""","""null""","""hat""","""cherry""","""null""","""null""","""null""","""null""","""middle""","""left""","""null""","""null""","""null""","""null""","""kb1b""","NA","0","Text"
"Describing Objects","Short and fun! A 1-2 minute word game about describing simple objects. Only one HIT per worker.","experiment, psychology, game, language, cognition, linguistics, description","$0.25 ","Wed Aug 13 09:12:02 PDT 2014","151","0","0","151","Reviewable","NotReviewed","1 scales","600","60000","Wed Aug 20 09:12:02 PDT 2014","S56948","Approved","","""pizza""","""olives""","0","""right""","""middle""","-1","3","0","13","0","0","-1","-1","""TRUE""","""null""","""null""","-1","-1","-1","-1","-1","-1","""peppers""","0","""left""","""pizza""","""""","0","""free_response""","""target""","""null""","""null""","""null""","""null""","""null""","TRUE","""null""","""null""","""null""","""null""","""pizza""","""pizza""","""null""","""null""","""null""","""null""","""olives""","""olives""","""null""","""null""","""null""","""null""","""right""","""middle""","""null""","""null""","""null""","""null""","""peppers""","""olives""","""null""","""null""","""null""","""null""","""middle""","""left""","""null""","""null""","""null""","""null""","""kb1b""","0","1","Text"
"Describing Objects","Short and fun! A 1-2 minute word game about describing simple objects. Only one HIT per worker.","experiment, psychology, game, language, cognition, linguistics, description","$0.25 ","Wed Aug 13 09:12:02 PDT 2014","151","0","0","151","Reviewable","NotReviewed","1 scales","600","60000","Wed Aug 20 09:12:02 PDT 2014","S95572","Approved","","""pizza""","""peppers""","0","""middle""","""right""","-1","3","0","13","0","0","-1","-1","""TRUE""","""null""","""null""","-1","-1","-1","-1","-1","-1","""the least amount of stuff on it.""","0","""left""","""The survey was about identifying objects (and giving descriptions for doing so).""","""""","0","""free_response""","""target""","""null""","""null""","""null""","""null""","""null""","TRUE","""null""","""null""","""null""","""null""","""pizza""","""boat""","""null""","""null""","""null""","""null""","""peppers""","""sail""","""null""","""null""","""null""","""null""","""middle""","""right""","""null""","""null""","""null""","""null""","""mushrooms""","""sail""","""null""","""null""","""null""","""null""","""right""","""middle""","""null""","""null""","""null""","""null""","""kb1b""","0","1","Text"
"Describing Objects","Short and fun! A 1-2 minute word game about describing simple objects. Only one HIT per worker.","experiment, psychology, game, language, cognition, linguistics, description","$0.25 ","Wed Aug 13 09:12:02 PDT 2014","151","0","0","151","Reviewable","NotReviewed","1 scales","600","60000","Wed Aug 20 09:12:02 PDT 2014","S31135","Approved","","""boat""","""cabin""","0","""left""","""right""","-1","3","0","13","0","0","-1","-1","""TRUE""","""null""","""null""","-1","-1","-1","-1","-1","-1","""the one without the sail""","0","""middle""","""communication""","""""","0","""free_response""","""target""","""null""","""null""","""null""","""null""","""null""","TRUE","""null""","""null""","""null""","""null""","""boat""","""pizza""","""null""","""null""","""null""","""null""","""cabin""","""mushrooms""","""null""","""null""","""null""","""null""","""left""","""middle""","""null""","""null""","""null""","""null""","""sail""","""mushrooms""","""null""","""null""","""null""","""null""","""right""","""left""","""null""","""null""","""null""","""null""","""kb1b""","0","1","Text"
"Describing Objects","Short and fun! A 1-2 minute word game about describing simple objects. Only one HIT per worker.","experiment, psychology, game, language, cognition, linguistics, description","$0.25 ","Wed Aug 13 09:12:02 PDT 2014","151","0","0","151","Reviewable","NotReviewed","1 scales","600","60000","Wed Aug 20 09:12:02 PDT 2014","S56290","Approved","","""snowman""","""scarf""","0","""left""","""right""","-1","3","0","13","0","0","-1","-1","""TRUE""","""null""","""null""","-1","-1","-1","-1","-1","-1","""NOTHING""","0","""middle""","""DECRIBING CHOICES""","""""","0","""free_response""","""target""","""null""","""null""","""null""","""null""","""null""","TRUE","""null""","""null""","""null""","""null""","""snowman""","""Christmas tree""","""null""","""null""","""null""","""null""","""scarf""","""lights""","""null""","""null""","""null""","""null""","""left""","""left""","""null""","""null""","""null""","""null""","""mittens""","""lights""","""null""","""null""","""null""","""null""","""right""","""right""","""null""","""null""","""null""","""null""","""kb1b""","0","1","Text"
"Describing Objects","Short and fun! A 1-2 minute word game about describing simple objects. Only one HIT per worker.","experiment, psychology, game, language, cognition, linguistics, description","$0.25 ","Wed Aug 13 09:12:02 PDT 2014","151","0","0","151","Reviewable","NotReviewed","1 scales","600","60000","Wed Aug 20 09:12:02 PDT 2014","S26879","Approved","","""sundae""","""chocolate""","0","""middle""","""right""","-1","3","0","13","0","0","-1","-1","""TRUE""","""null""","""null""","-1","-1","-1","-1","-1","-1","""no cherries on it.""","0","""left""","""How people describe things in short form.""","""No issues""","0","""free_response""","""target""","""null""","""null""","""null""","""null""","""null""","TRUE","""null""","""null""","""null""","""null""","""sundae""","""boat""","""null""","""null""","""null""","""null""","""chocolate""","""sail""","""null""","""null""","""null""","""null""","""middle""","""left""","""null""","""null""","""null""","""null""","""cherry""","""sail""","""null""","""null""","""null""","""null""","""right""","""middle""","""null""","""null""","""null""","""null""","""kb1b""","0","1","Text"
"Describing Objects","Short and fun! A 1-2 minute word game about describing simple objects. Only one HIT per worker.","experiment, psychology, game, language, cognition, linguistics, description","$0.25 ","Wed Aug 13 09:12:02 PDT 2014","151","0","0","151","Reviewable","NotReviewed","1 scales","600","60000","Wed Aug 20 09:12:02 PDT 2014","S96993","Approved","","""friend""","""glasses""","0","""left""","""middle""","-1","3","0","13","0","0","-1","-1","""TRUE""","""null""","""null""","-1","-1","-1","-1","-1","-1","""A friend that has no hat.""","0","""right""","""trying to communicate with another person using pictures or few words""","""""","0","""free_response""","""target""","""null""","""null""","""null""","""null""","""null""","TRUE","""null""","""null""","""null""","""null""","""friend""","""pizza""","""null""","""null""","""null""","""null""","""glasses""","""peppers""","""null""","""null""","""null""","""null""","""left""","""middle""","""null""","""null""","""null""","""null""","""hat""","""peppers""","""null""","""null""","""null""","""null""","""middle""","""left""","""null""","""null""","""null""","""null""","""kb1b""","0","1","Text"
"Describing Objects","Short and fun! A 1-2 minute word game about describing simple objects. Only one HIT per worker.","experiment, psychology, game, language, cognition, linguistics, description","$0.25 ","Wed Aug 13 09:12:02 PDT 2014","151","0","0","151","Reviewable","NotReviewed","1 scales","600","60000","Wed Aug 20 09:12:02 PDT 2014","S72801","Approved","","""friend""","""hat""","0","""right""","""left""","-1","3","0","13","0","0","-1","-1","""TRUE""","""null""","""null""","-1","-1","-1","-1","-1","-1","""no moustache""","0","""middle""","""describing things and how important details are?""","""""","0","""free_response""","""target""","""null""","""null""","""null""","""null""","""null""","TRUE","""null""","""null""","""null""","""null""","""friend""","""boat""","""null""","""null""","""null""","""null""","""hat""","""cabin""","""null""","""null""","""null""","""null""","""right""","""left""","""null""","""null""","""null""","""null""","""mustache""","""cabin""","""null""","""null""","""null""","""null""","""left""","""middle""","""null""","""null""","""null""","""null""","""kb1b""","0","1","Text"
"Describing Objects","Short and fun! A 1-2 minute word game about describing simple objects. Only one HIT per worker.","experiment, psychology, game, language, cognition, linguistics, description","$0.25 ","Wed Aug 13 09:12:02 PDT 2014","151","0","0","151","Reviewable","NotReviewed","1 scales","600","60000","Wed Aug 20 09:12:02 PDT 2014","S64154","Approved","","""boat""","""motor""","0","""right""","""left""","-1","3","0","13","0","0","-1","-1","""TRUE""","""null""","""null""","-1","-1","-1","-1","-1","-1","""The boat is the one without an engine or a cab, it is just a hull in the water. ""","0","""middle""","""Learning how people describe objects""","""This was fun""","0","""free_response""","""target""","""null""","""null""","""null""","""null""","""null""","TRUE","""null""","""null""","""null""","""null""","""boat""","""friend""","""null""","""null""","""null""","""null""","""motor""","""glasses""","""null""","""null""","""null""","""null""","""right""","""middle""","""null""","""null""","""null""","""null""","""cabin""","""glasses""","""null""","""null""","""null""","""null""","""left""","""right""","""null""","""null""","""null""","""null""","""kb1b""","1","1","Text"
"Describing Objects","Short and fun! A 1-2 minute word game about describing simple objects. Only one HIT per worker.","experiment, psychology, game, language, cognition, linguistics, description","$0.25 ","Wed Aug 13 09:12:02 PDT 2014","151","0","0","151","Reviewable","NotReviewed","1 scales","600","60000","Wed Aug 20 09:12:02 PDT 2014","S64674","Approved","","""boat""","""cabin""","0","""left""","""right""","-1","3","0","13","0","0","-1","-1","""TRUE""","""null""","""null""","-1","-1","-1","-1","-1","-1","""no sail.""","0","""middle""","""language and communication ""","""fun""","0","""free_response""","""foil""","""null""","""null""","""null""","""null""","""null""","FALSE","""null""","""null""","""null""","""null""","""boat""","""sundae""","""null""","""null""","""null""","""null""","""cabin""","""chocolate""","""null""","""null""","""null""","""null""","""left""","""left""","""null""","""null""","""null""","""null""","""sail""","""chocolate""","""null""","""null""","""null""","""null""","""right""","""middle""","""null""","""null""","""null""","""null""","""kb1b""","0","0","Text"
"Describing Objects","Short and fun! A 1-2 minute word game about describing simple objects. Only one HIT per worker.","experiment, psychology, game, language, cognition, linguistics, description","$0.25 ","Wed Aug 13 09:12:02 PDT 2014","151","0","0","151","Reviewable","NotReviewed","1 scales","600","60000","Wed Aug 20 09:12:02 PDT 2014","S59965","Approved","","""snowman""","""mittens""","0","""middle""","""right""","-1","3","0","13","0","0","-1","-1","""TRUE""","""null""","""null""","-1","-1","-1","-1","-1","-1","""nothing on.""","0","""left""","""Getting other turkers to understand something.""","""No.""","0","""free_response""","""target""","""null""","""null""","""null""","""null""","""null""","TRUE","""null""","""null""","""null""","""null""","""snowman""","""sundae""","""null""","""null""","""null""","""null""","""mittens""","""chocolate""","""null""","""null""","""null""","""null""","""middle""","""middle""","""null""","""null""","""null""","""null""","""scarf""","""chocolate""","""null""","""null""","""null""","""null""","""right""","""left""","""null""","""null""","""null""","""null""","""kb1b""","0","1","Text"
"Describing Objects","Short and fun! A 1-2 minute word game about describing simple objects. Only one HIT per worker.","experiment, psychology, game, language, cognition, linguistics, description","$0.25 ","Wed Aug 13 09:12:02 PDT 2014","151","0","0","151","Reviewable","NotReviewed","1 scales","600","60000","Wed Aug 20 09:12:02 PDT 2014","S81431","Approved","","""sundae""","""whipped cream""","0","""left""","""right""","-1","3","0","13","0","0","-1","-1","""TRUE""","""null""","""null""","-1","-1","-1","-1","-1","-1","""no toppings, just plain ice cream.""","0","""middle""","""Describing objects with slight differences.""","""""","0","""free_response""","""target""","""null""","""null""","""null""","""null""","""null""","TRUE","""null""","""null""","""null""","""null""","""sundae""","""boat""","""null""","""null""","""null""","""null""","""whipped cream""","""motor""","""null""","""null""","""null""","""null""","""left""","""right""","""null""","""null""","""null""","""null""","""chocolate""","""motor""","""null""","""null""","""null""","""null""","""right""","""middle""","""null""","""null""","""null""","""null""","""kb1b""","0","1","Text"
"Describing Objects","Short and fun! A 1-2 minute word game about describing simple objects. Only one HIT per worker.","experiment, psychology, game, language, cognition, linguistics, description","$0.25 ","Wed Aug 13 09:12:02 PDT 2014","151","0","0","151","Reviewable","NotReviewed","1 scales","600","60000","Wed Aug 20 09:12:02 PDT 2014","S03284","Approved","","""pizza""","""peppers""","0","""left""","""middle""","-1","3","0","13","0","0","-1","-1","""TRUE""","""null""","""null""","-1","-1","-1","-1","-1","-1","""no mushrooms or peppers""","0","""right""","""descriptions""","""""","0","""free_response""","""foil""","""null""","""null""","""null""","""null""","""null""","FALSE","""null""","""null""","""null""","""null""","""pizza""","""friend""","""null""","""null""","""null""","""null""","""peppers""","""mustache""","""null""","""null""","""null""","""null""","""left""","""left""","""null""","""null""","""null""","""null""","""mushrooms""","""mustache""","""null""","""null""","""null""","""null""","""middle""","""middle""","""null""","""null""","""null""","""null""","""kb1b""","1","0","Text"
"Describing Objects","Short and fun! A 1-2 minute word game about describing simple objects. Only one HIT per worker.","experiment, psychology, game, language, cognition, linguistics, description","$0.25 ","Wed Aug 13 09:12:02 PDT 2014","151","0","0","151","Reviewable","NotReviewed","1 scales","600","60000","Wed Aug 20 09:12:02 PDT 2014","S70033","Approved","","""snowman""","""hat""","0","""middle""","""left""","-1","3","0","13","0","0","-1","-1","""TRUE""","""null""","""null""","-1","-1","-1","-1","-1","-1","""no gloves.""","0","""right""","""Communication""","""""","0","""free_response""","""target""","""null""","""null""","""null""","""null""","""null""","TRUE","""null""","""null""","""null""","""null""","""snowman""","""sundae""","""null""","""null""","""null""","""null""","""hat""","""cherry""","""null""","""null""","""null""","""null""","""middle""","""middle""","""null""","""null""","""null""","""null""","""mittens""","""cherry""","""null""","""null""","""null""","""null""","""left""","""right""","""null""","""null""","""null""","""null""","""kb1b""","0","1","Text"
"Describing Objects","Short and fun! A 1-2 minute word game about describing simple objects. Only one HIT per worker.","experiment, psychology, game, language, cognition, linguistics, description","$0.25 ","Wed Aug 13 09:12:02 PDT 2014","151","0","0","151","Reviewable","NotReviewed","1 scales","600","60000","Wed Aug 20 09:12:02 PDT 2014","S88905","Approved","","""Christmas tree""","""lights""","0","""middle""","""left""","-1","3","0","13","0","0","-1","-1","""TRUE""","""null""","""null""","-1","-1","-1","-1","-1","-1","""no ornaments.""","0","""right""","""Describing objects""","""""","0","""free_response""","""target""","""null""","""null""","""null""","""null""","""null""","TRUE","""null""","""null""","""null""","""null""","""Christmas tree""","""friend""","""null""","""null""","""null""","""null""","""lights""","""glasses""","""null""","""null""","""null""","""null""","""middle""","""left""","""null""","""null""","""null""","""null""","""star""","""glasses""","""null""","""null""","""null""","""null""","""left""","""right""","""null""","""null""","""null""","""null""","""kb1b""","0","1","Text"
"Describing Objects","Short and fun! A 1-2 minute word game about describing simple objects. Only one HIT per worker.","experiment, psychology, game, language, cognition, linguistics, description","$0.25 ","Wed Aug 13 09:12:02 PDT 2014","151","0","0","151","Reviewable","NotReviewed","1 scales","600","60000","Wed Aug 20 09:12:02 PDT 2014","S65911","Approved","","""pizza""","""mushrooms""","0","""right""","""left""","-1","3","0","13","0","0","-1","-1","""TRUE""","""null""","""null""","-1","-1","-1","-1","-1","-1","""just cheese""","0","""middle""","""describing objects""","""""","0","""free_response""","""target""","""null""","""null""","""null""","""null""","""null""","TRUE","""null""","""null""","""null""","""null""","""pizza""","""Christmas tree""","""null""","""null""","""null""","""null""","""mushrooms""","""ornaments""","""null""","""null""","""null""","""null""","""right""","""left""","""null""","""null""","""null""","""null""","""peppers""","""ornaments""","""null""","""null""","""null""","""null""","""left""","""right""","""null""","""null""","""null""","""null""","""kb1b""","0","1","Text"
"Describing Objects","Short and fun! A 1-2 minute word game about describing simple objects. Only one HIT per worker.","experiment, psychology, game, language, cognition, linguistics, description","$0.25 ","Wed Aug 13 09:12:02 PDT 2014","151","0","0","151","Reviewable","NotReviewed","1 scales","600","60000","Wed Aug 20 09:12:02 PDT 2014","S01034","Approved","","""boat""","""cabin""","0","""left""","""middle""","-1","3","0","13","0","0","-1","-1","""TRUE""","""null""","""null""","-1","-1","-1","-1","-1","-1","""No cabin and no motor""","0","""right""","""perceptions and describing things to others""","""Thanks!""","0","""free_response""","""target""","""null""","""null""","""null""","""null""","""null""","TRUE","""null""","""null""","""null""","""null""","""boat""","""Christmas tree""","""null""","""null""","""null""","""null""","""cabin""","""star""","""null""","""null""","""null""","""null""","""left""","""middle""","""null""","""null""","""null""","""null""","""motor""","""star""","""null""","""null""","""null""","""null""","""middle""","""right""","""null""","""null""","""null""","""null""","""kb1b""","1","1","Text"
"Describing Objects","Short and fun! A 1-2 minute word game about describing simple objects. Only one HIT per worker.","experiment, psychology, game, language, cognition, linguistics, description","$0.25 ","Wed Aug 13 09:12:02 PDT 2014","151","0","0","151","Reviewable","NotReviewed","1 scales","600","60000","Wed Aug 20 09:12:02 PDT 2014","S78630","Approved","","""Christmas tree""","""star""","0","""right""","""middle""","-1","3","0","13","0","0","-1","-1","""TRUE""","""null""","""null""","-1","-1","-1","-1","-1","-1","""no decorations""","0","""left""","""Describing christmas trees""","""no""","0","""free_response""","""target""","""null""","""null""","""null""","""null""","""null""","TRUE","""null""","""null""","""null""","""null""","""Christmas tree""","""Christmas tree""","""null""","""null""","""null""","""null""","""star""","""lights""","""null""","""null""","""null""","""null""","""right""","""right""","""null""","""null""","""null""","""null""","""ornaments""","""lights""","""null""","""null""","""null""","""null""","""middle""","""middle""","""null""","""null""","""null""","""null""","""kb1b""","0","1","Text"
"Describing Objects","Short and fun! A 1-2 minute word game about describing simple objects. Only one HIT per worker.","experiment, psychology, game, language, cognition, linguistics, description","$0.25 ","Wed Aug 13 09:12:02 PDT 2014","151","0","0","151","Reviewable","NotReviewed","1 scales","600","60000","Wed Aug 20 09:12:02 PDT 2014","S68216","Approved","","""boat""","""sail""","0","""right""","""left""","-1","3","0","13","0","0","-1","-1","""TRUE""","""null""","""null""","-1","-1","-1","-1","-1","-1","""a motor and no sail.""","1","""right""","""communication""","""no""","0","""free_response""","""target""","""null""","""null""","""null""","""null""","""null""","TRUE","""null""","""null""","""null""","""null""","""boat""","""pizza""","""null""","""null""","""null""","""null""","""sail""","""peppers""","""null""","""null""","""null""","""null""","""right""","""middle""","""null""","""null""","""null""","""null""","""motor""","""peppers""","""null""","""null""","""null""","""null""","""left""","""left""","""null""","""null""","""null""","""null""","""kb1b""","1","1","Text"
"Describing Objects","Short and fun! A 1-2 minute word game about describing simple objects. Only one HIT per worker.","experiment, psychology, game, language, cognition, linguistics, description","$0.25 ","Wed Aug 13 09:12:02 PDT 2014","151","0","0","151","Reviewable","NotReviewed","1 scales","600","60000","Wed Aug 20 09:12:02 PDT 2014","S98257","Approved","","""boat""","""motor""","0","""right""","""middle""","-1","3","0","13","0","0","-1","-1","""TRUE""","""null""","""null""","-1","-1","-1","-1","-1","-1","""the flag and no motor""","1","""right""","""How people interpret characteristics""","""""","0","""free_response""","""target""","""null""","""null""","""null""","""null""","""null""","TRUE","""null""","""null""","""null""","""null""","""boat""","""pizza""","""null""","""null""","""null""","""null""","""motor""","""peppers""","""null""","""null""","""null""","""null""","""right""","""middle""","""null""","""null""","""null""","""null""","""sail""","""peppers""","""null""","""null""","""null""","""null""","""middle""","""right""","""null""","""null""","""null""","""null""","""kb1b""","1","1","Text"
"Describing Objects","Short and fun! A 1-2 minute word game about describing simple objects. Only one HIT per worker.","experiment, psychology, game, language, cognition, linguistics, description","$0.25 ","Wed Aug 13 09:12:02 PDT 2014","151","0","0","151","Reviewable","NotReviewed","1 scales","600","60000","Wed Aug 20 09:12:02 PDT 2014","S91261","Approved","","""friend""","""mustache""","0","""middle""","""left""","-1","3","0","13","0","0","-1","-1","""TRUE""","""null""","""null""","-1","-1","-1","-1","-1","-1","""a pale face.""","1","""middle""","""What features choose to emphasize to convey a description""","""""","0","""free_response""","""target""","""null""","""null""","""null""","""null""","""null""","TRUE","""null""","""null""","""null""","""null""","""friend""","""sundae""","""null""","""null""","""null""","""null""","""mustache""","""chocolate""","""null""","""null""","""null""","""null""","""middle""","""middle""","""null""","""null""","""null""","""null""","""hat""","""chocolate""","""null""","""null""","""null""","""null""","""left""","""right""","""null""","""null""","""null""","""null""","""kb1b""","NA","1","Text"
"Describing Objects","Short and fun! A 1-2 minute word game about describing simple objects. Only one HIT per worker.","experiment, psychology, game, language, cognition, linguistics, description","$0.25 ","Wed Aug 13 09:12:02 PDT 2014","151","0","0","151","Reviewable","NotReviewed","1 scales","600","60000","Wed Aug 20 09:12:02 PDT 2014","S51955","Approved","","""sundae""","""whipped cream""","0","""right""","""left""","-1","3","0","13","0","0","-1","-1","""TRUE""","""null""","""null""","-1","-1","-1","-1","-1","-1","""cherry""","1","""right""","""communication ""","""thanks!""","0","""free_response""","""target""","""null""","""null""","""null""","""null""","""null""","TRUE","""null""","""null""","""null""","""null""","""sundae""","""boat""","""null""","""null""","""null""","""null""","""whipped cream""","""cabin""","""null""","""null""","""null""","""null""","""right""","""left""","""null""","""null""","""null""","""null""","""cherry""","""cabin""","""null""","""null""","""null""","""null""","""left""","""middle""","""null""","""null""","""null""","""null""","""kb1b""","0","1","Text"
"Describing Objects","Short and fun! A 1-2 minute word game about describing simple objects. Only one HIT per worker.","experiment, psychology, game, language, cognition, linguistics, description","$0.25 ","Wed Aug 13 09:12:02 PDT 2014","151","0","0","151","Reviewable","NotReviewed","1 scales","600","60000","Wed Aug 20 09:12:02 PDT 2014","S57789","Approved","","""friend""","""glasses""","0","""middle""","""right""","-1","3","0","13","0","0","-1","-1","""FALSE""","""null""","""null""","-1","-1","-1","-1","-1","-1","""pale with hat""","1","""middle""","""telling others what to pick or who to pick.""","""""","0","""free_response""","""target""","""null""","""null""","""null""","""null""","""null""","TRUE","""null""","""null""","""null""","""null""","""friend""","""pizza""","""null""","""null""","""null""","""null""","""glasses""","""olives""","""null""","""null""","""null""","""null""","""middle""","""middle""","""null""","""null""","""null""","""null""","""hat""","""olives""","""null""","""null""","""null""","""null""","""right""","""left""","""null""","""null""","""null""","""null""","""kb1b""","1","1","Text"
"Describing Objects","Short and fun! A 1-2 minute word game about describing simple objects. Only one HIT per worker.","experiment, psychology, game, language, cognition, linguistics, description","$0.25 ","Wed Aug 13 09:12:02 PDT 2014","151","0","0","151","Reviewable","NotReviewed","1 scales","600","60000","Wed Aug 20 09:12:02 PDT 2014","S27328","Approved","","""snowman""","""mittens""","0","""middle""","""right""","-1","3","0","13","0","0","-1","-1","""TRUE""","""null""","""null""","-1","-1","-1","-1","-1","-1","""scarf and no gloves""","1","""middle""","""description ambiguity""","""no""","0","""free_response""","""target""","""null""","""null""","""null""","""null""","""null""","TRUE","""null""","""null""","""null""","""null""","""snowman""","""sundae""","""null""","""null""","""null""","""null""","""mittens""","""whipped cream""","""null""","""null""","""null""","""null""","""middle""","""left""","""null""","""null""","""null""","""null""","""scarf""","""whipped cream""","""null""","""null""","""null""","""null""","""right""","""right""","""null""","""null""","""null""","""null""","""kb1b""","1","1","Text"
"Describing Objects","Short and fun! A 1-2 minute word game about describing simple objects. Only one HIT per worker.","experiment, psychology, game, language, cognition, linguistics, description","$0.25 ","Wed Aug 13 09:12:02 PDT 2014","151","0","0","151","Reviewable","NotReviewed","1 scales","600","60000","Wed Aug 20 09:12:02 PDT 2014","S92559","Approved","","""snowman""","""mittens""","0","""left""","""middle""","-1","3","0","13","0","0","-1","-1","""TRUE""","""null""","""null""","-1","-1","-1","-1","-1","-1","""the hat but no gloves.""","1","""left""","""Communication""","""Interesting survey!""","0","""free_response""","""target""","""null""","""null""","""null""","""null""","""null""","TRUE","""null""","""null""","""null""","""null""","""snowman""","""snowman""","""null""","""null""","""null""","""null""","""mittens""","""hat""","""null""","""null""","""null""","""null""","""left""","""left""","""null""","""null""","""null""","""null""","""hat""","""hat""","""null""","""null""","""null""","""null""","""middle""","""middle""","""null""","""null""","""null""","""null""","""kb1b""","1","1","Text"
"Describing Objects","Short and fun! A 1-2 minute word game about describing simple objects. Only one HIT per worker.","experiment, psychology, game, language, cognition, linguistics, description","$0.25 ","Wed Aug 13 09:12:02 PDT 2014","151","0","0","151","Reviewable","NotReviewed","1 scales","600","60000","Wed Aug 20 09:12:02 PDT 2014","S77045","Approved","","""Christmas tree""","""star""","0","""right""","""middle""","-1","3","0","13","0","0","-1","-1","""FALSE""","""null""","""null""","-1","-1","-1","-1","-1","-1","""only Christmas lights.""","1","""right""","""I honestly have no clue.""","""None, thanks!""","0","""free_response""","""target""","""null""","""null""","""null""","""null""","""null""","TRUE","""null""","""null""","""null""","""null""","""Christmas tree""","""sundae""","""null""","""null""","""null""","""null""","""star""","""whipped cream""","""null""","""null""","""null""","""null""","""right""","""right""","""null""","""null""","""null""","""null""","""lights""","""whipped cream""","""null""","""null""","""null""","""null""","""middle""","""left""","""null""","""null""","""null""","""null""","""kb1b""","0","1","Text"
"Describing Objects","Short and fun! A 1-2 minute word game about describing simple objects. Only one HIT per worker.","experiment, psychology, game, language, cognition, linguistics, description","$0.25 ","Wed Aug 13 09:12:02 PDT 2014","151","0","0","151","Reviewable","NotReviewed","1 scales","600","60000","Wed Aug 20 09:12:02 PDT 2014","S84499","Approved","","""pizza""","""peppers""","0","""right""","""middle""","-1","3","0","13","0","0","-1","-1","""TRUE""","""null""","""null""","-1","-1","-1","-1","-1","-1","""cheese and mushrooms""","1","""right""","""Describing objects""","""""","0","""free_response""","""target""","""null""","""null""","""null""","""null""","""null""","TRUE","""null""","""null""","""null""","""null""","""pizza""","""pizza""","""null""","""null""","""null""","""null""","""peppers""","""olives""","""null""","""null""","""null""","""null""","""right""","""left""","""null""","""null""","""null""","""null""","""mushrooms""","""olives""","""null""","""null""","""null""","""null""","""middle""","""right""","""null""","""null""","""null""","""null""","""kb1b""","1","1","Text"
"Describing Objects","Short and fun! A 1-2 minute word game about describing simple objects. Only one HIT per worker.","experiment, psychology, game, language, cognition, linguistics, description","$0.25 ","Wed Aug 13 09:12:02 PDT 2014","151","0","0","151","Reviewable","NotReviewed","1 scales","600","60000","Wed Aug 20 09:12:02 PDT 2014","S61766","Approved","","""sundae""","""cherry""","0","""middle""","""right""","-1","3","0","13","0","0","-1","-1","""FALSE""","""null""","""null""","-1","-1","-1","-1","-1","-1","""Only chocolate ""","1","""middle""","""Visual perception and describing a person's perception""","""""","0","""free_response""","""target""","""null""","""null""","""null""","""null""","""null""","TRUE","""null""","""null""","""null""","""null""","""sundae""","""friend""","""null""","""null""","""null""","""null""","""cherry""","""hat""","""null""","""null""","""null""","""null""","""middle""","""middle""","""null""","""null""","""null""","""null""","""chocolate""","""hat""","""null""","""null""","""null""","""null""","""right""","""right""","""null""","""null""","""null""","""null""","""kb1b""","0","1","Text"
"Describing Objects","Short and fun! A 1-2 minute word game about describing simple objects. Only one HIT per worker.","experiment, psychology, game, language, cognition, linguistics, description","$0.25 ","Wed Aug 13 09:12:02 PDT 2014","151","0","0","151","Reviewable","NotReviewed","1 scales","600","60000","Wed Aug 20 09:12:02 PDT 2014","S40285","Approved","","""boat""","""sail""","0","""right""","""left""","-1","3","0","13","0","0","-1","-1","""TRUE""","""null""","""null""","-1","-1","-1","-1","-1","-1","""It's the boat with the lookout window but no sail.""","1","""right""","""Boats, and pizzas""","""no""","0","""free_response""","""target""","""null""","""null""","""null""","""null""","""null""","TRUE","""null""","""null""","""null""","""null""","""boat""","""pizza""","""null""","""null""","""null""","""null""","""sail""","""olives""","""null""","""null""","""null""","""null""","""right""","""left""","""null""","""null""","""null""","""null""","""cabin""","""olives""","""null""","""null""","""null""","""null""","""left""","""right""","""null""","""null""","""null""","""null""","""kb1b""","1","1","Text"
"Describing Objects","Short and fun! A 1-2 minute word game about describing simple objects. Only one HIT per worker.","experiment, psychology, game, language, cognition, linguistics, description","$0.25 ","Wed Aug 13 09:12:02 PDT 2014","151","0","0","151","Reviewable","NotReviewed","1 scales","600","60000","Wed Aug 20 09:12:02 PDT 2014","S34455","Approved","","""friend""","""mustache""","0","""left""","""middle""","-1","3","0","13","0","0","-1","-1","""TRUE""","""null""","""null""","-1","-1","-1","-1","-1","-1","""Pick the friend with glasses and no mustache.""","1","""left""","""Describing faces in one sentence.""","""""","0","""free_response""","""foil""","""null""","""null""","""null""","""null""","""null""","FALSE","""null""","""null""","""null""","""null""","""friend""","""friend""","""null""","""null""","""null""","""null""","""mustache""","""mustache""","""null""","""null""","""null""","""null""","""left""","""right""","""null""","""null""","""null""","""null""","""glasses""","""mustache""","""null""","""null""","""null""","""null""","""middle""","""left""","""null""","""null""","""null""","""null""","""kb1b""","1","0","Text"
"Describing Objects","Short and fun! A 1-2 minute word game about describing simple objects. Only one HIT per worker.","experiment, psychology, game, language, cognition, linguistics, description","$0.25 ","Wed Aug 13 09:12:02 PDT 2014","151","0","0","151","Reviewable","NotReviewed","1 scales","600","60000","Wed Aug 20 09:12:02 PDT 2014","S11340","Approved","","""snowman""","""hat""","0","""right""","""middle""","-1","3","0","13","0","0","-1","-1","""FALSE""","""null""","""null""","-1","-1","-1","-1","-1","-1","""The arms and purple mittens""","1","""right""","""Describing objects""","""no""","0","""free_response""","""target""","""null""","""null""","""null""","""null""","""null""","TRUE","""null""","""null""","""null""","""null""","""snowman""","""sundae""","""null""","""null""","""null""","""null""","""hat""","""whipped cream""","""null""","""null""","""null""","""null""","""right""","""right""","""null""","""null""","""null""","""null""","""mittens""","""whipped cream""","""null""","""null""","""null""","""null""","""middle""","""left""","""null""","""null""","""null""","""null""","""kb1b""","0","1","Text"
"Describing Objects","Short and fun! A 1-2 minute word game about describing simple objects. Only one HIT per worker.","experiment, psychology, game, language, cognition, linguistics, description","$0.25 ","Wed Aug 13 09:12:02 PDT 2014","151","0","0","151","Reviewable","NotReviewed","1 scales","600","60000","Wed Aug 20 09:12:02 PDT 2014","S04517","Approved","","""boat""","""motor""","0","""right""","""middle""","-1","3","0","13","0","0","-1","-1","""TRUE""","""null""","""null""","-1","-1","-1","-1","-1","-1","""A top portion but without the brown thing on the back of it.""","1","""right""","""describing objects""","""no""","0","""free_response""","""target""","""null""","""null""","""null""","""null""","""null""","TRUE","""null""","""null""","""null""","""null""","""boat""","""sundae""","""null""","""null""","""null""","""null""","""motor""","""cherry""","""null""","""null""","""null""","""null""","""right""","""middle""","""null""","""null""","""null""","""null""","""cabin""","""cherry""","""null""","""null""","""null""","""null""","""middle""","""right""","""null""","""null""","""null""","""null""","""kb1b""","1","1","Text"
"Describing Objects","Short and fun! A 1-2 minute word game about describing simple objects. Only one HIT per worker.","experiment, psychology, game, language, cognition, linguistics, description","$0.25 ","Wed Aug 13 09:12:02 PDT 2014","151","0","0","151","Reviewable","NotReviewed","1 scales","600","60000","Wed Aug 20 09:12:02 PDT 2014","S16789","Approved","","""friend""","""hat""","0","""middle""","""right""","-1","3","0","13","0","0","-1","-1","""TRUE""","""null""","""null""","-1","-1","-1","-1","-1","-1","""glasses and no hat.""","1","""middle""","""Describing objects""","""None""","0","""free_response""","""target""","""null""","""null""","""null""","""null""","""null""","TRUE","""null""","""null""","""null""","""null""","""friend""","""boat""","""null""","""null""","""null""","""null""","""hat""","""sail""","""null""","""null""","""null""","""null""","""middle""","""middle""","""null""","""null""","""null""","""null""","""glasses""","""sail""","""null""","""null""","""null""","""null""","""right""","""right""","""null""","""null""","""null""","""null""","""kb1b""","1","1","Text"
"Describing Objects","Short and fun! A 1-2 minute word game about describing simple objects. Only one HIT per worker.","experiment, psychology, game, language, cognition, linguistics, description","$0.25 ","Wed Aug 13 09:12:02 PDT 2014","151","0","0","151","Reviewable","NotReviewed","1 scales","600","60000","Wed Aug 20 09:12:02 PDT 2014","S73739","Approved","","""Christmas tree""","""lights""","0","""right""","""middle""","-1","3","0","13","0","0","-1","-1","""TRUE""","""null""","""null""","-1","-1","-1","-1","-1","-1","""purple and pink ornaments.""","1","""right""","""Our approaches to language.""","""No.""","0","""free_response""","""logical""","""null""","""null""","""null""","""null""","""null""","FALSE","""null""","""null""","""null""","""null""","""Christmas tree""","""Christmas tree""","""null""","""null""","""null""","""null""","""lights""","""ornaments""","""null""","""null""","""null""","""null""","""right""","""right""","""null""","""null""","""null""","""null""","""ornaments""","""ornaments""","""null""","""null""","""null""","""null""","""middle""","""left""","""null""","""null""","""null""","""null""","""kb1b""","1","0","Text"
"Describing Objects","Short and fun! A 1-2 minute word game about describing simple objects. Only one HIT per worker.","experiment, psychology, game, language, cognition, linguistics, description","$0.25 ","Wed Aug 13 09:12:02 PDT 2014","151","0","0","151","Reviewable","NotReviewed","1 scales","600","60000","Wed Aug 20 09:12:02 PDT 2014","S84180","Approved","","""Christmas tree""","""star""","0","""middle""","""right""","-1","3","0","13","0","0","-1","-1","""TRUE""","""null""","""null""","-1","-1","-1","-1","-1","-1","""ornaments""","1","""middle""","""Bob liking trees and boats""","""No""","0","""free_response""","""target""","""null""","""null""","""null""","""null""","""null""","TRUE","""null""","""null""","""null""","""null""","""Christmas tree""","""boat""","""null""","""null""","""null""","""null""","""star""","""cabin""","""null""","""null""","""null""","""null""","""middle""","""middle""","""null""","""null""","""null""","""null""","""ornaments""","""cabin""","""null""","""null""","""null""","""null""","""right""","""left""","""null""","""null""","""null""","""null""","""kb1b""","0","1","Text"
"Describing Objects","Short and fun! A 1-2 minute word game about describing simple objects. Only one HIT per worker.","experiment, psychology, game, language, cognition, linguistics, description","$0.25 ","Wed Aug 13 09:12:02 PDT 2014","151","0","0","151","Reviewable","NotReviewed","1 scales","600","60000","Wed Aug 20 09:12:02 PDT 2014","S74221","Approved","","""sundae""","""chocolate""","0","""right""","""left""","-1","3","0","13","0","0","-1","-1","""TRUE""","""null""","""null""","-1","-1","-1","-1","-1","-1","""The sundae he ate was in a light purple bowl without fudge.""","1","""right""","""Describing a sundae to another turker and picking the snowman they described""","""No further comments""","0","""free_response""","""target""","""null""","""null""","""null""","""null""","""null""","TRUE","""null""","""null""","""null""","""null""","""sundae""","""snowman""","""null""","""null""","""null""","""null""","""chocolate""","""hat""","""null""","""null""","""null""","""null""","""right""","""right""","""null""","""null""","""null""","""null""","""whipped cream""","""hat""","""null""","""null""","""null""","""null""","""left""","""middle""","""null""","""null""","""null""","""null""","""kb1b""","1","1","Text"
"Describing Objects","Short and fun! A 1-2 minute word game about describing simple objects. Only one HIT per worker.","experiment, psychology, game, language, cognition, linguistics, description","$0.25 ","Wed Aug 13 09:12:02 PDT 2014","151","0","0","151","Reviewable","NotReviewed","1 scales","600","60000","Wed Aug 20 09:12:02 PDT 2014","S24164","Approved","","""friend""","""mustache""","0","""right""","""left""","-1","3","0","13","0","0","-1","-1","""TRUE""","""null""","""null""","-1","-1","-1","-1","-1","-1","""the hat but NO moustache.""","1","""right""","""describing an object""","""""","0","""free_response""","""target""","""null""","""null""","""null""","""null""","""null""","TRUE","""null""","""null""","""null""","""null""","""friend""","""pizza""","""null""","""null""","""null""","""null""","""mustache""","""peppers""","""null""","""null""","""null""","""null""","""right""","""left""","""null""","""null""","""null""","""null""","""hat""","""peppers""","""null""","""null""","""null""","""null""","""left""","""right""","""null""","""null""","""null""","""null""","""kb1b""","1","1","Text"
"Describing Objects","Short and fun! A 1-2 minute word game about describing simple objects. Only one HIT per worker.","experiment, psychology, game, language, cognition, linguistics, description","$0.25 ","Wed Aug 13 09:12:02 PDT 2014","151","0","0","151","Reviewable","NotReviewed","1 scales","600","60000","Wed Aug 20 09:12:02 PDT 2014","S08309","Approved","","""boat""","""motor""","0","""right""","""left""","-1","3","0","13","0","0","-1","-1","""TRUE""","""null""","""null""","-1","-1","-1","-1","-1","-1","""no motor and a sail""","1","""right""","""communication and boats""","""""","0","""free_response""","""target""","""null""","""null""","""null""","""null""","""null""","TRUE","""null""","""null""","""null""","""null""","""boat""","""boat""","""null""","""null""","""null""","""null""","""motor""","""sail""","""null""","""null""","""null""","""null""","""right""","""right""","""null""","""null""","""null""","""null""","""sail""","""sail""","""null""","""null""","""null""","""null""","""left""","""middle""","""null""","""null""","""null""","""null""","""kb1b""","1","1","Text"
"Describing Objects","Short and fun! A 1-2 minute word game about describing simple objects. Only one HIT per worker.","experiment, psychology, game, language, cognition, linguistics, description","$0.25 ","Wed Aug 13 09:12:02 PDT 2014","151","0","0","151","Reviewable","NotReviewed","1 scales","600","60000","Wed Aug 20 09:12:02 PDT 2014","S93099","Approved","","""friend""","""hat""","0","""left""","""right""","-1","3","0","13","0","0","-1","-1","""FALSE""","""null""","""null""","-1","-1","-1","-1","-1","-1","""with glasses and no hat""","1","""left""","""Describing objects and recognizing""","""""","0","""free_response""","""target""","""null""","""null""","""null""","""null""","""null""","TRUE","""null""","""null""","""null""","""null""","""friend""","""snowman""","""null""","""null""","""null""","""null""","""hat""","""hat""","""null""","""null""","""null""","""null""","""left""","""left""","""null""","""null""","""null""","""null""","""glasses""","""hat""","""null""","""null""","""null""","""null""","""right""","""right""","""null""","""null""","""null""","""null""","""kb1b""","1","1","Text"
"Describing Objects","Short and fun! A 1-2 minute word game about describing simple objects. Only one HIT per worker.","experiment, psychology, game, language, cognition, linguistics, description","$0.25 ","Wed Aug 13 09:12:02 PDT 2014","151","0","0","151","Reviewable","NotReviewed","1 scales","600","60000","Wed Aug 20 09:12:02 PDT 2014","S89378","Approved","","""sundae""","""whipped cream""","0","""middle""","""left""","-1","3","0","13","0","0","-1","-1","""TRUE""","""null""","""null""","-1","-1","-1","-1","-1","-1","""a cherry but no whipped cream.""","1","""middle""","""I don't know.""","""No.""","0","""free_response""","""target""","""null""","""null""","""null""","""null""","""null""","TRUE","""null""","""null""","""null""","""null""","""sundae""","""snowman""","""null""","""null""","""null""","""null""","""whipped cream""","""hat""","""null""","""null""","""null""","""null""","""middle""","""right""","""null""","""null""","""null""","""null""","""cherry""","""hat""","""null""","""null""","""null""","""null""","""left""","""middle""","""null""","""null""","""null""","""null""","""kb1b""","1","1","Text"
"Describing Objects","Short and fun! A 1-2 minute word game about describing simple objects. Only one HIT per worker.","experiment, psychology, game, language, cognition, linguistics, description","$0.25 ","Wed Aug 13 09:12:02 PDT 2014","151","0","0","151","Reviewable","NotReviewed","1 scales","600","60000","Wed Aug 20 09:12:02 PDT 2014","S39829","Approved","","""Christmas tree""","""lights""","0","""left""","""middle""","-1","3","0","13","0","0","-1","-1","""TRUE""","""null""","""null""","-1","-1","-1","-1","-1","-1","""lots of light""","1","""left""","""unsure""","""""","0","""free_response""","""target""","""null""","""null""","""null""","""null""","""null""","TRUE","""null""","""null""","""null""","""null""","""Christmas tree""","""boat""","""null""","""null""","""null""","""null""","""lights""","""sail""","""null""","""null""","""null""","""null""","""left""","""middle""","""null""","""null""","""null""","""null""","""ornaments""","""sail""","""null""","""null""","""null""","""null""","""middle""","""right""","""null""","""null""","""null""","""null""","""kb1b""","NA","1","Text"
"Describing Objects","Short and fun! A 1-2 minute word game about describing simple objects. Only one HIT per worker.","experiment, psychology, game, language, cognition, linguistics, description","$0.25 ","Wed Aug 13 09:12:02 PDT 2014","151","0","0","151","Reviewable","NotReviewed","1 scales","600","60000","Wed Aug 20 09:12:02 PDT 2014","S25457","Approved","","""Christmas tree""","""ornaments""","0","""middle""","""left""","-1","3","0","13","0","0","-1","-1","""TRUE""","""null""","""null""","-1","-1","-1","-1","-1","-1","""The tree is the tree with only lights on it.""","1","""middle""","""communicating descriptions accurately""","""""","0","""free_response""","""target""","""null""","""null""","""null""","""null""","""null""","TRUE","""null""","""null""","""null""","""null""","""Christmas tree""","""pizza""","""null""","""null""","""null""","""null""","""ornaments""","""mushrooms""","""null""","""null""","""null""","""null""","""middle""","""left""","""null""","""null""","""null""","""null""","""lights""","""mushrooms""","""null""","""null""","""null""","""null""","""left""","""right""","""null""","""null""","""null""","""null""","""kb1b""","0","1","Text"
"Describing Objects","Short and fun! A 1-2 minute word game about describing simple objects. Only one HIT per worker.","experiment, psychology, game, language, cognition, linguistics, description","$0.25 ","Wed Aug 13 09:12:02 PDT 2014","151","0","0","151","Reviewable","NotReviewed","1 scales","600","60000","Wed Aug 20 09:12:02 PDT 2014","S81379","Approved","","""boat""","""sail""","0","""right""","""left""","-1","3","0","13","0","0","-1","-1","""TRUE""","""null""","""null""","-1","-1","-1","-1","-1","-1","""with the captains quarters but with out the white sail.""","1","""right""","""communication and conveying it through description via text""","""no""","0","""free_response""","""target""","""null""","""null""","""null""","""null""","""null""","TRUE","""null""","""null""","""null""","""null""","""boat""","""friend""","""null""","""null""","""null""","""null""","""sail""","""mustache""","""null""","""null""","""null""","""null""","""right""","""left""","""null""","""null""","""null""","""null""","""cabin""","""mustache""","""null""","""null""","""null""","""null""","""left""","""middle""","""null""","""null""","""null""","""null""","""kb1b""","1","1","Text"
"Describing Objects","Short and fun! A 1-2 minute word game about describing simple objects. Only one HIT per worker.","experiment, psychology, game, language, cognition, linguistics, description","$0.25 ","Wed Aug 13 09:12:02 PDT 2014","151","0","0","151","Reviewable","NotReviewed","1 scales","600","60000","Wed Aug 20 09:12:02 PDT 2014","S59996","Approved","","""Christmas tree""","""lights""","0","""left""","""middle""","-1","3","0","13","0","0","-1","-1","""TRUE""","""null""","""null""","-1","-1","-1","-1","-1","-1","""the lights that are on the tree but not connected by strands.""","1","""left""","""how we describe images to others.""","""I enjoyed this survey.""","0","""free_response""","""target""","""null""","""null""","""null""","""null""","""null""","TRUE","""null""","""null""","""null""","""null""","""Christmas tree""","""Christmas tree""","""null""","""null""","""null""","""null""","""lights""","""star""","""null""","""null""","""null""","""null""","""left""","""left""","""null""","""null""","""null""","""null""","""ornaments""","""star""","""null""","""null""","""null""","""null""","""middle""","""right""","""null""","""null""","""null""","""null""","""kb1b""","1","1","Text"
"Describing Objects","Short and fun! A 1-2 minute word game about describing simple objects. Only one HIT per worker.","experiment, psychology, game, language, cognition, linguistics, description","$0.25 ","Wed Aug 13 09:12:02 PDT 2014","151","0","0","151","Reviewable","NotReviewed","1 scales","600","60000","Wed Aug 20 09:12:02 PDT 2014","S40787","Approved","","""snowman""","""hat""","0","""right""","""left""","-1","3","0","13","0","0","-1","-1","""TRUE""","""null""","""null""","-1","-1","-1","-1","-1","-1","""a red scarf, a carrot nose, and charcoal eyes and mouth""","1","""right""","""it's about how people describe things and what lengths they go to to be accurate""","""""","0","""free_response""","""logical""","""null""","""null""","""null""","""null""","""null""","FALSE","""null""","""null""","""null""","""null""","""snowman""","""Christmas tree""","""null""","""null""","""null""","""null""","""hat""","""lights""","""null""","""null""","""null""","""null""","""right""","""middle""","""null""","""null""","""null""","""null""","""scarf""","""lights""","""null""","""null""","""null""","""null""","""left""","""right""","""null""","""null""","""null""","""null""","""kb1b""","1","0","Text"
"Describing Objects","Short and fun! A 1-2 minute word game about describing simple objects. Only one HIT per worker.","experiment, psychology, game, language, cognition, linguistics, description","$0.25 ","Wed Aug 13 09:12:02 PDT 2014","151","0","0","151","Reviewable","NotReviewed","1 scales","600","60000","Wed Aug 20 09:12:02 PDT 2014","S53686","Approved","","""pizza""","""peppers""","0","""left""","""right""","-1","3","0","13","0","0","-1","-1","""TRUE""","""null""","""null""","-1","-1","-1","-1","-1","-1","""olives""","1","""left""","""describing things so another person could identify which we are looking at""","""""","0","""free_response""","""target""","""null""","""null""","""null""","""null""","""null""","TRUE","""null""","""null""","""null""","""null""","""pizza""","""snowman""","""null""","""null""","""null""","""null""","""peppers""","""scarf""","""null""","""null""","""null""","""null""","""left""","""left""","""null""","""null""","""null""","""null""","""olives""","""scarf""","""null""","""null""","""null""","""null""","""right""","""right""","""null""","""null""","""null""","""null""","""kb1b""","0","1","Text"
"Describing Objects","Short and fun! A 1-2 minute word game about describing simple objects. Only one HIT per worker.","experiment, psychology, game, language, cognition, linguistics, description","$0.25 ","Wed Aug 13 09:12:02 PDT 2014","151","0","0","151","Reviewable","NotReviewed","1 scales","600","60000","Wed Aug 20 09:12:02 PDT 2014","S27089","Approved","","""friend""","""mustache""","0","""left""","""middle""","-1","3","0","13","0","0","-1","-1","""TRUE""","""null""","""null""","-1","-1","-1","-1","-1","-1","""just glasses""","1","""left""","""i had to pick out a face that the other turker had picked""","""none""","0","""free_response""","""target""","""null""","""null""","""null""","""null""","""null""","TRUE","""null""","""null""","""null""","""null""","""friend""","""friend""","""null""","""null""","""null""","""null""","""mustache""","""hat""","""null""","""null""","""null""","""null""","""left""","""middle""","""null""","""null""","""null""","""null""","""glasses""","""hat""","""null""","""null""","""null""","""null""","""middle""","""right""","""null""","""null""","""null""","""null""","""kb1b""","0","1","Text"
"Describing Objects","Short and fun! A 1-2 minute word game about describing simple objects. Only one HIT per worker.","experiment, psychology, game, language, cognition, linguistics, description","$0.25 ","Wed Aug 13 09:12:02 PDT 2014","151","0","0","151","Reviewable","NotReviewed","1 scales","600","60000","Wed Aug 20 09:12:02 PDT 2014","S08106","Approved","","""Christmas tree""","""star""","0","""left""","""middle""","-1","3","0","13","0","0","-1","-1","""TRUE""","""null""","""null""","-1","-1","-1","-1","-1","-1","""lights and no star.""","1","""left""","""Describing objects with as few words as possible.""","""Thank You.""","0","""free_response""","""target""","""null""","""null""","""null""","""null""","""null""","TRUE","""null""","""null""","""null""","""null""","""Christmas tree""","""boat""","""null""","""null""","""null""","""null""","""star""","""motor""","""null""","""null""","""null""","""null""","""left""","""left""","""null""","""null""","""null""","""null""","""lights""","""motor""","""null""","""null""","""null""","""null""","""middle""","""right""","""null""","""null""","""null""","""null""","""kb1b""","1","1","Text"
"Describing Objects","Short and fun! A 1-2 minute word game about describing simple objects. Only one HIT per worker.","experiment, psychology, game, language, cognition, linguistics, description","$0.25 ","Wed Aug 13 09:12:02 PDT 2014","151","0","0","151","Reviewable","NotReviewed","1 scales","600","60000","Wed Aug 20 09:12:02 PDT 2014","S94144","Approved","","""sundae""","""whipped cream""","0","""left""","""middle""","-1","3","0","13","0","0","-1","-1","""TRUE""","""null""","""null""","-1","-1","-1","-1","-1","-1","""There are three scoops of vanilla ice cream with a cherry on top""","1","""left""","""Descriptions""","""no""","0","""free_response""","""target""","""null""","""null""","""null""","""null""","""null""","TRUE","""null""","""null""","""null""","""null""","""sundae""","""Christmas tree""","""null""","""null""","""null""","""null""","""whipped cream""","""ornaments""","""null""","""null""","""null""","""null""","""left""","""left""","""null""","""null""","""null""","""null""","""cherry""","""ornaments""","""null""","""null""","""null""","""null""","""middle""","""right""","""null""","""null""","""null""","""null""","""kb1b""","0","1","Text"
"Describing Objects","Short and fun! A 1-2 minute word game about describing simple objects. Only one HIT per worker.","experiment, psychology, game, language, cognition, linguistics, description","$0.25 ","Wed Aug 13 09:12:02 PDT 2014","151","0","0","151","Reviewable","NotReviewed","1 scales","600","60000","Wed Aug 20 09:12:02 PDT 2014","S73491","Approved","","""Christmas tree""","""star""","0","""left""","""middle""","-1","3","0","13","0","0","-1","-1","""TRUE""","""null""","""null""","-1","-1","-1","-1","-1","-1","""christmas lights and no star on the top.""","1","""left""","""Describing and communicating with others to get find the right picture.""","""""","0","""free_response""","""target""","""null""","""null""","""null""","""null""","""null""","TRUE","""null""","""null""","""null""","""null""","""Christmas tree""","""boat""","""null""","""null""","""null""","""null""","""star""","""sail""","""null""","""null""","""null""","""null""","""left""","""right""","""null""","""null""","""null""","""null""","""lights""","""sail""","""null""","""null""","""null""","""null""","""middle""","""middle""","""null""","""null""","""null""","""null""","""kb1b""","1","1","Text"
"Describing Objects","Short and fun! A 1-2 minute word game about describing simple objects. Only one HIT per worker.","experiment, psychology, game, language, cognition, linguistics, description","$0.25 ","Wed Aug 13 09:12:02 PDT 2014","151","0","0","151","Reviewable","NotReviewed","1 scales","600","60000","Wed Aug 20 09:12:02 PDT 2014","S36993","Approved","","""sundae""","""chocolate""","0","""middle""","""right""","-1","3","0","13","0","0","-1","-1","""TRUE""","""null""","""null""","-1","-1","-1","-1","-1","-1","""a cherry and no frosting""","1","""middle""","""communicating about cherries""","""""","0","""free_response""","""target""","""null""","""null""","""null""","""null""","""null""","TRUE","""null""","""null""","""null""","""null""","""sundae""","""sundae""","""null""","""null""","""null""","""null""","""chocolate""","""cherry""","""null""","""null""","""null""","""null""","""middle""","""left""","""null""","""null""","""null""","""null""","""cherry""","""cherry""","""null""","""null""","""null""","""null""","""right""","""right""","""null""","""null""","""null""","""null""","""kb1b""","1","1","Text"
"Describing Objects","Short and fun! A 1-2 minute word game about describing simple objects. Only one HIT per worker.","experiment, psychology, game, language, cognition, linguistics, description","$0.25 ","Wed Aug 13 09:12:02 PDT 2014","151","0","0","151","Reviewable","NotReviewed","1 scales","600","60000","Wed Aug 20 09:12:02 PDT 2014","S94732","Approved","","""boat""","""sail""","0","""left""","""right""","-1","3","0","13","0","0","-1","-1","""TRUE""","""null""","""null""","-1","-1","-1","-1","-1","-1","""a motor but no sail.""","1","""left""","""instructions and communication""","""no""","0","""free_response""","""target""","""null""","""null""","""null""","""null""","""null""","TRUE","""null""","""null""","""null""","""null""","""boat""","""sundae""","""null""","""null""","""null""","""null""","""sail""","""chocolate""","""null""","""null""","""null""","""null""","""left""","""middle""","""null""","""null""","""null""","""null""","""motor""","""chocolate""","""null""","""null""","""null""","""null""","""right""","""right""","""null""","""null""","""null""","""null""","""kb1b""","1","1","Text"
"Describing Objects","Short and fun! A 1-2 minute word game about describing simple objects. Only one HIT per worker.","experiment, psychology, game, language, cognition, linguistics, description","$0.25 ","Wed Aug 13 09:12:02 PDT 2014","151","0","0","151","Reviewable","NotReviewed","1 scales","600","60000","Wed Aug 20 09:12:02 PDT 2014","S40055","Approved","","""pizza""","""peppers""","0","""right""","""middle""","-1","3","0","13","0","0","-1","-1","""TRUE""","""null""","""null""","-1","-1","-1","-1","-1","-1","""darkest crust""","1","""right""","""communicating""","""""","0","""free_response""","""foil""","""null""","""null""","""null""","""null""","""null""","FALSE","""null""","""null""","""null""","""null""","""pizza""","""sundae""","""null""","""null""","""null""","""null""","""peppers""","""cherry""","""null""","""null""","""null""","""null""","""right""","""right""","""null""","""null""","""null""","""null""","""olives""","""cherry""","""null""","""null""","""null""","""null""","""middle""","""left""","""null""","""null""","""null""","""null""","""kb1b""","NA","0","Text"
"Describing Objects","Short and fun! A 1-2 minute word game about describing simple objects. Only one HIT per worker.","experiment, psychology, game, language, cognition, linguistics, description","$0.25 ","Wed Aug 13 09:12:02 PDT 2014","151","0","0","151","Reviewable","NotReviewed","1 scales","600","60000","Wed Aug 20 09:12:02 PDT 2014","S70406","Approved","","""friend""","""hat""","0","""left""","""middle""","-1","3","0","13","0","0","-1","-1","""TRUE""","""null""","""null""","-1","-1","-1","-1","-1","-1","""brown glasses and no hat.""","1","""left""","""Describing objects to others.""","""""","0","""free_response""","""target""","""null""","""null""","""null""","""null""","""null""","TRUE","""null""","""null""","""null""","""null""","""friend""","""pizza""","""null""","""null""","""null""","""null""","""hat""","""peppers""","""null""","""null""","""null""","""null""","""left""","""middle""","""null""","""null""","""null""","""null""","""glasses""","""peppers""","""null""","""null""","""null""","""null""","""middle""","""left""","""null""","""null""","""null""","""null""","""kb1b""","1","1","Text"
"Describing Objects","Short and fun! A 1-2 minute word game about describing simple objects. Only one HIT per worker.","experiment, psychology, game, language, cognition, linguistics, description","$0.25 ","Wed Aug 13 09:12:02 PDT 2014","151","0","0","151","Reviewable","NotReviewed","1 scales","600","60000","Wed Aug 20 09:12:02 PDT 2014","S03794","Approved","","""Christmas tree""","""star""","0","""middle""","""left""","-1","3","0","13","0","0","-1","-1","""TRUE""","""null""","""null""","-1","-1","-1","-1","-1","-1","""The one with the bulbs but no star""","1","""middle""","""Describing images""","""""","0","""free_response""","""target""","""null""","""null""","""null""","""null""","""null""","TRUE","""null""","""null""","""null""","""null""","""Christmas tree""","""sundae""","""null""","""null""","""null""","""null""","""star""","""whipped cream""","""null""","""null""","""null""","""null""","""middle""","""left""","""null""","""null""","""null""","""null""","""ornaments""","""whipped cream""","""null""","""null""","""null""","""null""","""left""","""middle""","""null""","""null""","""null""","""null""","""kb1b""","1","1","Text"
"Describing Objects","Short and fun! A 1-2 minute word game about describing simple objects. Only one HIT per worker.","experiment, psychology, game, language, cognition, linguistics, description","$0.25 ","Wed Aug 13 09:12:02 PDT 2014","151","0","0","151","Reviewable","NotReviewed","1 scales","600","60000","Wed Aug 20 09:12:02 PDT 2014","S47112","Approved","","""sundae""","""whipped cream""","0","""right""","""left""","-1","3","0","13","0","0","-1","-1","""TRUE""","""null""","""null""","-1","-1","-1","-1","-1","-1","""cherry""","1","""right""","""I think the survey was about if we can describe the picture and pick the same one. ""","""""","0","""free_response""","""logical""","""null""","""null""","""null""","""null""","""null""","FALSE","""null""","""null""","""null""","""null""","""sundae""","""pizza""","""null""","""null""","""null""","""null""","""whipped cream""","""peppers""","""null""","""null""","""null""","""null""","""right""","""left""","""null""","""null""","""null""","""null""","""cherry""","""peppers""","""null""","""null""","""null""","""null""","""left""","""right""","""null""","""null""","""null""","""null""","""kb1b""","0","0","Text"
"Describing Objects","Short and fun! A 1-2 minute word game about describing simple objects. Only one HIT per worker.","experiment, psychology, game, language, cognition, linguistics, description","$0.25 ","Wed Aug 13 09:12:02 PDT 2014","151","0","0","151","Reviewable","NotReviewed","1 scales","600","60000","Wed Aug 20 09:12:02 PDT 2014","S68938","Approved","","""friend""","""glasses""","0","""left""","""middle""","-1","3","0","13","0","0","-1","-1","""FALSE""","""null""","""null""","-1","-1","-1","-1","-1","-1","""The face with no glasses and a mustache.""","1","""left""","""communication""","""no""","0","""free_response""","""target""","""null""","""null""","""null""","""null""","""null""","TRUE","""null""","""null""","""null""","""null""","""friend""","""friend""","""null""","""null""","""null""","""null""","""glasses""","""hat""","""null""","""null""","""null""","""null""","""left""","""middle""","""null""","""null""","""null""","""null""","""mustache""","""hat""","""null""","""null""","""null""","""null""","""middle""","""left""","""null""","""null""","""null""","""null""","""kb1b""","1","1","Text"
"Describing Objects","Short and fun! A 1-2 minute word game about describing simple objects. Only one HIT per worker.","experiment, psychology, game, language, cognition, linguistics, description","$0.25 ","Wed Aug 13 09:12:02 PDT 2014","151","0","0","151","Reviewable","NotReviewed","1 scales","600","60000","Wed Aug 20 09:12:02 PDT 2014","S63401","Approved","","""friend""","""mustache""","0","""right""","""middle""","-1","3","0","13","0","0","-1","-1","""TRUE""","""null""","""null""","-1","-1","-1","-1","-1","-1","""hat""","1","""right""","""not sure""","""ty""","0","""free_response""","""target""","""null""","""null""","""null""","""null""","""null""","TRUE","""null""","""null""","""null""","""null""","""friend""","""pizza""","""null""","""null""","""null""","""null""","""mustache""","""mushrooms""","""null""","""null""","""null""","""null""","""right""","""middle""","""null""","""null""","""null""","""null""","""hat""","""mushrooms""","""null""","""null""","""null""","""null""","""middle""","""left""","""null""","""null""","""null""","""null""","""kb1b""","0","1","Text"
"Describing Objects","Short and fun! A 1-2 minute word game about describing simple objects. Only one HIT per worker.","experiment, psychology, game, language, cognition, linguistics, description","$0.25 ","Wed Aug 13 09:12:02 PDT 2014","151","0","0","151","Reviewable","NotReviewed","1 scales","600","60000","Wed Aug 20 09:12:02 PDT 2014","S31766","Approved","","""snowman""","""mittens""","0","""left""","""right""","-1","3","0","13","0","0","-1","-1","""TRUE""","""null""","""null""","-1","-1","-1","-1","-1","-1","""Picture A is a snowman with a green hat and no gloves.""","1","""left""","""association between pictures with words""","""no""","0","""free_response""","""target""","""null""","""null""","""null""","""null""","""null""","TRUE","""null""","""null""","""null""","""null""","""snowman""","""boat""","""null""","""null""","""null""","""null""","""mittens""","""cabin""","""null""","""null""","""null""","""null""","""left""","""left""","""null""","""null""","""null""","""null""","""hat""","""cabin""","""null""","""null""","""null""","""null""","""right""","""middle""","""null""","""null""","""null""","""null""","""kb1b""","1","1","Text"
"Describing Objects","Short and fun! A 1-2 minute word game about describing simple objects. Only one HIT per worker.","experiment, psychology, game, language, cognition, linguistics, description","$0.25 ","Wed Aug 13 09:12:02 PDT 2014","151","0","0","151","Reviewable","NotReviewed","1 scales","600","60000","Wed Aug 20 09:12:02 PDT 2014","S04781","Approved","","""sundae""","""whipped cream""","0","""middle""","""right""","-1","3","0","13","0","0","-1","-1","""TRUE""","""null""","""null""","-1","-1","-1","-1","-1","-1","""three mounds of ice cream covered with only chocolate sauce.""","1","""middle""","""Describing objects""","""""","0","""free_response""","""target""","""null""","""null""","""null""","""null""","""null""","TRUE","""null""","""null""","""null""","""null""","""sundae""","""boat""","""null""","""null""","""null""","""null""","""whipped cream""","""motor""","""null""","""null""","""null""","""null""","""middle""","""right""","""null""","""null""","""null""","""null""","""chocolate""","""motor""","""null""","""null""","""null""","""null""","""right""","""left""","""null""","""null""","""null""","""null""","""kb1b""","0","1","Text"
"Describing Objects","Short and fun! A 1-2 minute word game about describing simple objects. Only one HIT per worker.","experiment, psychology, game, language, cognition, linguistics, description","$0.25 ","Wed Aug 13 09:12:02 PDT 2014","151","0","0","151","Reviewable","NotReviewed","1 scales","600","60000","Wed Aug 20 09:12:02 PDT 2014","S12908","Approved","","""friend""","""hat""","0","""left""","""middle""","-1","3","0","13","0","0","-1","-1","""TRUE""","""null""","""null""","-1","-1","-1","-1","-1","-1","""The man with just glasses.""","1","""left""","""language""","""""","0","""free_response""","""target""","""null""","""null""","""null""","""null""","""null""","TRUE","""null""","""null""","""null""","""null""","""friend""","""boat""","""null""","""null""","""null""","""null""","""hat""","""motor""","""null""","""null""","""null""","""null""","""left""","""middle""","""null""","""null""","""null""","""null""","""glasses""","""motor""","""null""","""null""","""null""","""null""","""middle""","""left""","""null""","""null""","""null""","""null""","""kb1b""","0","1","Text"
"Describing Objects","Short and fun! A 1-2 minute word game about describing simple objects. Only one HIT per worker.","experiment, psychology, game, language, cognition, linguistics, description","$0.25 ","Wed Aug 13 09:12:02 PDT 2014","151","0","0","151","Reviewable","NotReviewed","1 scales","600","60000","Wed Aug 20 09:12:02 PDT 2014","S56342","Approved","","""pizza""","""olives""","0","""left""","""right""","-1","3","0","13","0","0","-1","-1","""TRUE""","""null""","""null""","-1","-1","-1","-1","-1","-1","""the green topping only.""","1","""left""","""Describing pizzas""","""""","0","""free_response""","""target""","""null""","""null""","""null""","""null""","""null""","TRUE","""null""","""null""","""null""","""null""","""pizza""","""pizza""","""null""","""null""","""null""","""null""","""olives""","""peppers""","""null""","""null""","""null""","""null""","""left""","""left""","""null""","""null""","""null""","""null""","""peppers""","""peppers""","""null""","""null""","""null""","""null""","""right""","""middle""","""null""","""null""","""null""","""null""","""kb1b""","0","1","Text"
"Describing Objects","Short and fun! A 1-2 minute word game about describing simple objects. Only one HIT per worker.","experiment, psychology, game, language, cognition, linguistics, description","$0.25 ","Wed Aug 13 09:12:02 PDT 2014","151","0","0","151","Reviewable","NotReviewed","1 scales","600","60000","Wed Aug 20 09:12:02 PDT 2014","S42267","Approved","","""sundae""","""whipped cream""","0","""left""","""right""","-1","3","0","13","0","0","-1","-1","""TRUE""","""null""","""null""","-1","-1","-1","-1","-1","-1","""that has only one topping.""","1","""left""","""Try to describe a picture to someone,and guess a picture someone is referring to.""","""""","0","""free_response""","""target""","""null""","""null""","""null""","""null""","""null""","TRUE","""null""","""null""","""null""","""null""","""sundae""","""Christmas tree""","""null""","""null""","""null""","""null""","""whipped cream""","""star""","""null""","""null""","""null""","""null""","""left""","""middle""","""null""","""null""","""null""","""null""","""chocolate""","""star""","""null""","""null""","""null""","""null""","""right""","""right""","""null""","""null""","""null""","""null""","""kb1b""","0","1","Text"
"Describing Objects","Short and fun! A 1-2 minute word game about describing simple objects. Only one HIT per worker.","experiment, psychology, game, language, cognition, linguistics, description","$0.25 ","Wed Aug 13 09:12:02 PDT 2014","151","0","0","151","Reviewable","NotReviewed","1 scales","600","60000","Wed Aug 20 09:12:02 PDT 2014","S02486","Approved","","""boat""","""cabin""","0","""left""","""middle""","-1","3","0","13","0","0","-1","-1","""TRUE""","""null""","""null""","-1","-1","-1","-1","-1","-1","""the small brown thing on the right hand side but with nothing on the top of the boat.""","1","""left""","""I'm not sure""","""""","0","""free_response""","""target""","""null""","""null""","""null""","""null""","""null""","TRUE","""null""","""null""","""null""","""null""","""boat""","""snowman""","""null""","""null""","""null""","""null""","""cabin""","""hat""","""null""","""null""","""null""","""null""","""left""","""middle""","""null""","""null""","""null""","""null""","""motor""","""hat""","""null""","""null""","""null""","""null""","""middle""","""left""","""null""","""null""","""null""","""null""","""kb1b""","1","1","Text"
"Describing Objects","Short and fun! A 1-2 minute word game about describing simple objects. Only one HIT per worker.","experiment, psychology, game, language, cognition, linguistics, description","$0.25 ","Wed Aug 13 09:12:02 PDT 2014","151","0","0","151","Reviewable","NotReviewed","1 scales","600","60000","Wed Aug 20 09:12:02 PDT 2014","S93524","Approved","","""boat""","""sail""","0","""right""","""middle""","-1","3","0","13","0","0","-1","-1","""TRUE""","""null""","""null""","-1","-1","-1","-1","-1","-1","""no flag and a cabin""","1","""right""","""describing objects""","""""","0","""free_response""","""target""","""null""","""null""","""null""","""null""","""null""","TRUE","""null""","""null""","""null""","""null""","""boat""","""sundae""","""null""","""null""","""null""","""null""","""sail""","""whipped cream""","""null""","""null""","""null""","""null""","""right""","""left""","""null""","""null""","""null""","""null""","""cabin""","""whipped cream""","""null""","""null""","""null""","""null""","""middle""","""right""","""null""","""null""","""null""","""null""","""kb1b""","1","1","Text"
"Describing Objects","Short and fun! A 1-2 minute word game about describing simple objects. Only one HIT per worker.","experiment, psychology, game, language, cognition, linguistics, description","$0.25 ","Wed Aug 13 09:12:02 PDT 2014","151","0","0","151","Reviewable","NotReviewed","1 scales","600","60000","Wed Aug 20 09:12:02 PDT 2014","S45840","Approved","","""pizza""","""olives""","0","""right""","""middle""","-1","3","0","13","0","0","-1","-1","""TRUE""","""null""","""null""","-1","-1","-1","-1","-1","-1","""just green pepper slices.""","1","""right""","""How to quickly describe an object for another worker?""","""""","0","""free_response""","""foil""","""null""","""null""","""null""","""null""","""null""","FALSE","""null""","""null""","""null""","""null""","""pizza""","""sundae""","""null""","""null""","""null""","""null""","""olives""","""chocolate""","""null""","""null""","""null""","""null""","""right""","""left""","""null""","""null""","""null""","""null""","""peppers""","""chocolate""","""null""","""null""","""null""","""null""","""middle""","""right""","""null""","""null""","""null""","""null""","""kb1b""","0","0","Text"
"Describing Objects","Short and fun! A 1-2 minute word game about describing simple objects. Only one HIT per worker.","experiment, psychology, game, language, cognition, linguistics, description","$0.25 ","Wed Aug 13 09:12:02 PDT 2014","151","0","0","151","Reviewable","NotReviewed","1 scales","600","60000","Wed Aug 20 09:12:02 PDT 2014","S06665","Approved","","""friend""","""hat""","0","""middle""","""right""","-1","3","0","13","0","0","-1","-1","""TRUE""","""null""","""null""","-1","-1","-1","-1","-1","-1","""glasses, no hat""","1","""middle""","""describing simple objects""","""""","0","""free_response""","""target""","""null""","""null""","""null""","""null""","""null""","TRUE","""null""","""null""","""null""","""null""","""friend""","""boat""","""null""","""null""","""null""","""null""","""hat""","""sail""","""null""","""null""","""null""","""null""","""middle""","""middle""","""null""","""null""","""null""","""null""","""glasses""","""sail""","""null""","""null""","""null""","""null""","""right""","""left""","""null""","""null""","""null""","""null""","""kb1b""","1","1","Text"
"Describing Objects","Short and fun! A 1-2 minute word game about describing simple objects. Only one HIT per worker.","experiment, psychology, game, language, cognition, linguistics, description","$0.25 ","Wed Aug 13 09:12:02 PDT 2014","151","0","0","151","Reviewable","NotReviewed","1 scales","600","60000","Wed Aug 20 09:12:02 PDT 2014","S84202","Approved","","""sundae""","""cherry""","0","""middle""","""left""","-1","3","0","13","0","0","-1","-1","""TRUE""","""null""","""null""","-1","-1","-1","-1","-1","-1","""just chocolate syrup on top.""","1","""middle""","""how people can minimally describe things""","""n/a""","0","""free_response""","""target""","""null""","""null""","""null""","""null""","""null""","TRUE","""null""","""null""","""null""","""null""","""sundae""","""Christmas tree""","""null""","""null""","""null""","""null""","""cherry""","""star""","""null""","""null""","""null""","""null""","""middle""","""right""","""null""","""null""","""null""","""null""","""chocolate""","""star""","""null""","""null""","""null""","""null""","""left""","""middle""","""null""","""null""","""null""","""null""","""kb1b""","0","1","Text"
"Describing Objects","Short and fun! A 1-2 minute word game about describing simple objects. Only one HIT per worker.","experiment, psychology, game, language, cognition, linguistics, description","$0.25 ","Wed Aug 13 09:12:02 PDT 2014","151","0","0","151","Reviewable","NotReviewed","1 scales","600","60000","Wed Aug 20 09:12:02 PDT 2014","S38380","Approved","","""Christmas tree""","""ornaments""","0","""left""","""middle""","-1","3","0","13","0","0","-1","-1","""TRUE""","""null""","""null""","-1","-1","-1","-1","-1","-1","""lights, but no bulbs.""","1","""left""","""language""","""""","0","""free_response""","""target""","""null""","""null""","""null""","""null""","""null""","TRUE","""null""","""null""","""null""","""null""","""Christmas tree""","""friend""","""null""","""null""","""null""","""null""","""ornaments""","""mustache""","""null""","""null""","""null""","""null""","""left""","""left""","""null""","""null""","""null""","""null""","""lights""","""mustache""","""null""","""null""","""null""","""null""","""middle""","""right""","""null""","""null""","""null""","""null""","""kb1b""","1","1","Text"
"Describing Objects","Short and fun! A 1-2 minute word game about describing simple objects. Only one HIT per worker.","experiment, psychology, game, language, cognition, linguistics, description","$0.25 ","Wed Aug 13 09:12:02 PDT 2014","151","0","0","151","Reviewable","NotReviewed","1 scales","600","60000","Wed Aug 20 09:12:02 PDT 2014","S85033","Approved","","""snowman""","""hat""","0","""right""","""middle""","-1","3","0","13","0","0","-1","-1","""FALSE""","""null""","""null""","-1","-1","-1","-1","-1","-1","""A snowman with a scarf but no hat.""","1","""right""","""Describing well enough for others. ""","""""","0","""free_response""","""target""","""null""","""null""","""null""","""null""","""null""","TRUE","""null""","""null""","""null""","""null""","""snowman""","""sundae""","""null""","""null""","""null""","""null""","""hat""","""whipped cream""","""null""","""null""","""null""","""null""","""right""","""right""","""null""","""null""","""null""","""null""","""scarf""","""whipped cream""","""null""","""null""","""null""","""null""","""middle""","""left""","""null""","""null""","""null""","""null""","""kb1b""","1","1","Text"
"Describing Objects","Short and fun! A 1-2 minute word game about describing simple objects. Only one HIT per worker.","experiment, psychology, game, language, cognition, linguistics, description","$0.25 ","Wed Aug 13 09:12:02 PDT 2014","151","0","0","151","Reviewable","NotReviewed","1 scales","600","60000","Wed Aug 20 09:12:02 PDT 2014","S37126","Approved","","""sundae""","""chocolate""","0","""right""","""middle""","-1","3","0","13","0","0","-1","-1","""TRUE""","""null""","""null""","-1","-1","-1","-1","-1","-1","""a cherry""","1","""right""","""The survey was about seeing which image a person was referring to. ""","""""","0","""free_response""","""target""","""null""","""null""","""null""","""null""","""null""","TRUE","""null""","""null""","""null""","""null""","""sundae""","""friend""","""null""","""null""","""null""","""null""","""chocolate""","""glasses""","""null""","""null""","""null""","""null""","""right""","""middle""","""null""","""null""","""null""","""null""","""cherry""","""glasses""","""null""","""null""","""null""","""null""","""middle""","""left""","""null""","""null""","""null""","""null""","""kb1b""","0","1","Text"
"Describing Objects","Short and fun! A 1-2 minute word game about describing simple objects. Only one HIT per worker.","experiment, psychology, game, language, cognition, linguistics, description","$0.25 ","Wed Aug 13 09:12:02 PDT 2014","151","0","0","151","Reviewable","NotReviewed","1 scales","600","60000","Wed Aug 20 09:12:02 PDT 2014","S90219","Approved","","""sundae""","""chocolate""","0","""middle""","""left""","-1","3","0","13","0","0","-1","-1","""TRUE""","""null""","""null""","-1","-1","-1","-1","-1","-1","""cream on top but no chocolate""","1","""middle""","""Describing an object to another turker""","""N/A""","0","""free_response""","""target""","""null""","""null""","""null""","""null""","""null""","TRUE","""null""","""null""","""null""","""null""","""sundae""","""boat""","""null""","""null""","""null""","""null""","""chocolate""","""sail""","""null""","""null""","""null""","""null""","""middle""","""left""","""null""","""null""","""null""","""null""","""whipped cream""","""sail""","""null""","""null""","""null""","""null""","""left""","""middle""","""null""","""null""","""null""","""null""","""kb1b""","1","1","Text"
"Describing Objects","Short and fun! A 1-2 minute word game about describing simple objects. Only one HIT per worker.","experiment, psychology, game, language, cognition, linguistics, description","$0.25 ","Wed Aug 13 09:12:02 PDT 2014","151","0","0","151","Reviewable","NotReviewed","1 scales","600","60000","Wed Aug 20 09:12:02 PDT 2014","S91198","Approved","","""boat""","""sail""","0","""middle""","""left""","-1","3","0","13","0","0","-1","-1","""TRUE""","""null""","""null""","-1","-1","-1","-1","-1","-1","""It is a boat without a sail, but it does have a rudder for steering.""","1","""middle""","""not sure""","""no""","0","""free_response""","""target""","""null""","""null""","""null""","""null""","""null""","TRUE","""null""","""null""","""null""","""null""","""boat""","""sundae""","""null""","""null""","""null""","""null""","""sail""","""chocolate""","""null""","""null""","""null""","""null""","""middle""","""left""","""null""","""null""","""null""","""null""","""motor""","""chocolate""","""null""","""null""","""null""","""null""","""left""","""right""","""null""","""null""","""null""","""null""","""kb1b""","1","1","Text"
"Describing Objects","Short and fun! A 1-2 minute word game about describing simple objects. Only one HIT per worker.","experiment, psychology, game, language, cognition, linguistics, description","$0.25 ","Wed Aug 13 09:12:02 PDT 2014","151","0","0","151","Reviewable","NotReviewed","1 scales","600","60000","Wed Aug 20 09:12:02 PDT 2014","S71909","Approved","","""pizza""","""peppers""","0","""right""","""left""","-1","3","0","13","0","0","-1","-1","""TRUE""","""null""","""null""","-1","-1","-1","-1","-1","-1","""small black circles and green popcorn-shaped objects.""","2","""left""","""Describing objects to others who cannot see them.""","""Great HIT.  ""","0","""free_response""","""target""","""null""","""null""","""null""","""null""","""null""","TRUE","""null""","""null""","""null""","""null""","""pizza""","""snowman""","""null""","""null""","""null""","""null""","""peppers""","""scarf""","""null""","""null""","""null""","""null""","""right""","""right""","""null""","""null""","""null""","""null""","""olives""","""scarf""","""null""","""null""","""null""","""null""","""left""","""middle""","""null""","""null""","""null""","""null""","""kb1b""","1","1","Text"
"Describing Objects","Short and fun! A 1-2 minute word game about describing simple objects. Only one HIT per worker.","experiment, psychology, game, language, cognition, linguistics, description","$0.25 ","Wed Aug 13 09:12:02 PDT 2014","151","0","0","151","Reviewable","NotReviewed","1 scales","600","60000","Wed Aug 20 09:12:02 PDT 2014","S69756","Approved","","""sundae""","""chocolate""","0","""left""","""right""","-1","3","0","13","0","0","-1","-1","""TRUE""","""null""","""null""","-1","-1","-1","-1","-1","-1","""Caramel sauce and whipped cream.""","2","""right""","""language""","""""","0","""free_response""","""target""","""null""","""null""","""null""","""null""","""null""","TRUE","""null""","""null""","""null""","""null""","""sundae""","""Christmas tree""","""null""","""null""","""null""","""null""","""chocolate""","""star""","""null""","""null""","""null""","""null""","""left""","""right""","""null""","""null""","""null""","""null""","""whipped cream""","""star""","""null""","""null""","""null""","""null""","""right""","""middle""","""null""","""null""","""null""","""null""","""kb1b""","1","1","Text"
"Describing Objects","Short and fun! A 1-2 minute word game about describing simple objects. Only one HIT per worker.","experiment, psychology, game, language, cognition, linguistics, description","$0.25 ","Wed Aug 13 09:12:02 PDT 2014","151","0","0","151","Reviewable","NotReviewed","1 scales","600","60000","Wed Aug 20 09:12:02 PDT 2014","S50352","Approved","","""friend""","""glasses""","0","""left""","""middle""","-1","3","0","13","0","0","-1","-1","""TRUE""","""null""","""null""","-1","-1","-1","-1","-1","-1","""glasses""","2","""middle""","""playing charades with another turker""","""""","0","""free_response""","""target""","""null""","""null""","""null""","""null""","""null""","TRUE","""null""","""null""","""null""","""null""","""friend""","""sundae""","""null""","""null""","""null""","""null""","""glasses""","""chocolate""","""null""","""null""","""null""","""null""","""left""","""right""","""null""","""null""","""null""","""null""","""hat""","""chocolate""","""null""","""null""","""null""","""null""","""middle""","""middle""","""null""","""null""","""null""","""null""","""kb1b""","0","1","Text"
"Describing Objects","Short and fun! A 1-2 minute word game about describing simple objects. Only one HIT per worker.","experiment, psychology, game, language, cognition, linguistics, description","$0.25 ","Wed Aug 13 09:12:02 PDT 2014","151","0","0","151","Reviewable","NotReviewed","1 scales","600","60000","Wed Aug 20 09:12:02 PDT 2014","S37835","Approved","","""snowman""","""mittens""","0","""left""","""middle""","-1","3","0","13","0","0","-1","-1","""TRUE""","""null""","""null""","-1","-1","-1","-1","-1","-1","""Gloves""","2","""middle""","""Communication""","""Thanks""","0","""free_response""","""target""","""null""","""null""","""null""","""null""","""null""","TRUE","""null""","""null""","""null""","""null""","""snowman""","""Christmas tree""","""null""","""null""","""null""","""null""","""mittens""","""star""","""null""","""null""","""null""","""null""","""left""","""middle""","""null""","""null""","""null""","""null""","""scarf""","""star""","""null""","""null""","""null""","""null""","""middle""","""right""","""null""","""null""","""null""","""null""","""kb1b""","0","1","Text"
"Describing Objects","Short and fun! A 1-2 minute word game about describing simple objects. Only one HIT per worker.","experiment, psychology, game, language, cognition, linguistics, description","$0.25 ","Wed Aug 13 09:12:02 PDT 2014","151","0","0","151","Reviewable","NotReviewed","1 scales","600","60000","Wed Aug 20 09:12:02 PDT 2014","S45129","Approved","","""sundae""","""whipped cream""","0","""middle""","""right""","-1","3","0","13","0","0","-1","-1","""TRUE""","""null""","""null""","-1","-1","-1","-1","-1","-1","""the most toppings.""","2","""right""","""Discriminatory descriptions.""","""""","0","""free_response""","""target""","""null""","""null""","""null""","""null""","""null""","TRUE","""null""","""null""","""null""","""null""","""sundae""","""friend""","""null""","""null""","""null""","""null""","""whipped cream""","""glasses""","""null""","""null""","""null""","""null""","""middle""","""right""","""null""","""null""","""null""","""null""","""chocolate""","""glasses""","""null""","""null""","""null""","""null""","""right""","""middle""","""null""","""null""","""null""","""null""","""kb1b""","0","1","Text"
"Describing Objects","Short and fun! A 1-2 minute word game about describing simple objects. Only one HIT per worker.","experiment, psychology, game, language, cognition, linguistics, description","$0.25 ","Wed Aug 13 09:12:02 PDT 2014","151","0","0","151","Reviewable","NotReviewed","1 scales","600","60000","Wed Aug 20 09:12:02 PDT 2014","S65452","Approved","","""pizza""","""peppers""","0","""left""","""middle""","-1","3","0","13","0","0","-1","-1","""TRUE""","""null""","""null""","-1","-1","-1","-1","-1","-1","""the green peppers""","2","""middle""","""Picking items has hints for other people to guess and guessing pictures from other peoples clues.""","""Not today.""","0","""free_response""","""target""","""null""","""null""","""null""","""null""","""null""","TRUE","""null""","""null""","""null""","""null""","""pizza""","""pizza""","""null""","""null""","""null""","""null""","""peppers""","""olives""","""null""","""null""","""null""","""null""","""left""","""left""","""null""","""null""","""null""","""null""","""olives""","""olives""","""null""","""null""","""null""","""null""","""middle""","""middle""","""null""","""null""","""null""","""null""","""kb1b""","0","1","Text"
"Describing Objects","Short and fun! A 1-2 minute word game about describing simple objects. Only one HIT per worker.","experiment, psychology, game, language, cognition, linguistics, description","$0.25 ","Wed Aug 13 09:12:02 PDT 2014","151","0","0","151","Reviewable","NotReviewed","1 scales","600","60000","Wed Aug 20 09:12:02 PDT 2014","S78094","Approved","","""snowman""","""scarf""","0","""right""","""left""","-1","3","0","13","0","0","-1","-1","""FALSE""","""null""","""null""","-1","-1","-1","-1","-1","-1","""The snowman I'm describing is the only one wearing a scarf. ""","2","""left""","""picture perception ""","""ty""","0","""free_response""","""target""","""null""","""null""","""null""","""null""","""null""","TRUE","""null""","""null""","""null""","""null""","""snowman""","""sundae""","""null""","""null""","""null""","""null""","""scarf""","""whipped cream""","""null""","""null""","""null""","""null""","""right""","""left""","""null""","""null""","""null""","""null""","""mittens""","""whipped cream""","""null""","""null""","""null""","""null""","""left""","""right""","""null""","""null""","""null""","""null""","""kb1b""","0","1","Text"
"Describing Objects","Short and fun! A 1-2 minute word game about describing simple objects. Only one HIT per worker.","experiment, psychology, game, language, cognition, linguistics, description","$0.25 ","Wed Aug 13 09:12:02 PDT 2014","151","0","0","151","Reviewable","NotReviewed","1 scales","600","60000","Wed Aug 20 09:12:02 PDT 2014","S99983","Approved","","""boat""","""sail""","0","""left""","""middle""","-1","3","0","13","0","0","-1","-1","""TRUE""","""null""","""null""","-1","-1","-1","-1","-1","-1","""A sail""","2","""middle""","""Bobs love for sail boats and his friends as well as describing objects for other turkers""","""Thank you for the work""","0","""free_response""","""target""","""null""","""null""","""null""","""null""","""null""","TRUE","""null""","""null""","""null""","""null""","""boat""","""friend""","""null""","""null""","""null""","""null""","""sail""","""mustache""","""null""","""null""","""null""","""null""","""left""","""right""","""null""","""null""","""null""","""null""","""cabin""","""mustache""","""null""","""null""","""null""","""null""","""middle""","""middle""","""null""","""null""","""null""","""null""","""kb1b""","0","1","Text"
"Describing Objects","Short and fun! A 1-2 minute word game about describing simple objects. Only one HIT per worker.","experiment, psychology, game, language, cognition, linguistics, description","$0.25 ","Wed Aug 13 09:12:02 PDT 2014","151","0","0","151","Reviewable","NotReviewed","1 scales","600","60000","Wed Aug 20 09:12:02 PDT 2014","S06566","Approved","","""pizza""","""peppers""","0","""left""","""right""","-1","3","0","13","0","0","-1","-1","""TRUE""","""null""","""null""","-1","-1","-1","-1","-1","-1","""green stuff""","2","""right""","""describing one of three objects and making another person pick that object""","""""","0","""free_response""","""foil""","""null""","""null""","""null""","""null""","""null""","FALSE","""null""","""null""","""null""","""null""","""pizza""","""snowman""","""null""","""null""","""null""","""null""","""peppers""","""mittens""","""null""","""null""","""null""","""null""","""left""","""middle""","""null""","""null""","""null""","""null""","""olives""","""mittens""","""null""","""null""","""null""","""null""","""right""","""right""","""null""","""null""","""null""","""null""","""kb1b""","0","0","Text"
"Describing Objects","Short and fun! A 1-2 minute word game about describing simple objects. Only one HIT per worker.","experiment, psychology, game, language, cognition, linguistics, description","$0.25 ","Wed Aug 13 09:12:02 PDT 2014","151","0","0","151","Reviewable","NotReviewed","1 scales","600","60000","Wed Aug 20 09:12:02 PDT 2014","S62801","Approved","","""Christmas tree""","""lights""","0","""right""","""left""","-1","3","0","13","0","0","-1","-1","""TRUE""","""null""","""null""","-1","-1","-1","-1","-1","-1","""complete trimmings""","2","""left""","""People's differences in description""","""""","0","""free_response""","""target""","""null""","""null""","""null""","""null""","""null""","TRUE","""null""","""null""","""null""","""null""","""Christmas tree""","""Christmas tree""","""null""","""null""","""null""","""null""","""lights""","""star""","""null""","""null""","""null""","""null""","""right""","""right""","""null""","""null""","""null""","""null""","""star""","""star""","""null""","""null""","""null""","""null""","""left""","""middle""","""null""","""null""","""null""","""null""","""kb1b""","0","1","Text"
"Describing Objects","Short and fun! A 1-2 minute word game about describing simple objects. Only one HIT per worker.","experiment, psychology, game, language, cognition, linguistics, description","$0.25 ","Wed Aug 13 09:12:02 PDT 2014","151","0","0","151","Reviewable","NotReviewed","1 scales","600","60000","Wed Aug 20 09:12:02 PDT 2014","S60561","Approved","","""pizza""","""olives""","0","""left""","""right""","-1","3","0","13","0","0","-1","-1","""TRUE""","""null""","""null""","-1","-1","-1","-1","-1","-1","""olives and peppers""","2","""right""","""Communicating with another person you can't see.""","""""","0","""free_response""","""target""","""null""","""null""","""null""","""null""","""null""","TRUE","""null""","""null""","""null""","""null""","""pizza""","""pizza""","""null""","""null""","""null""","""null""","""olives""","""mushrooms""","""null""","""null""","""null""","""null""","""left""","""right""","""null""","""null""","""null""","""null""","""peppers""","""mushrooms""","""null""","""null""","""null""","""null""","""right""","""left""","""null""","""null""","""null""","""null""","""kb1b""","1","1","Text"
"Describing Objects","Short and fun! A 1-2 minute word game about describing simple objects. Only one HIT per worker.","experiment, psychology, game, language, cognition, linguistics, description","$0.25 ","Wed Aug 13 09:12:02 PDT 2014","151","0","0","151","Reviewable","NotReviewed","1 scales","600","60000","Wed Aug 20 09:12:02 PDT 2014","S54222","Approved","","""sundae""","""chocolate""","0","""left""","""right""","-1","3","0","13","0","0","-1","-1","""TRUE""","""null""","""null""","-1","-1","-1","-1","-1","-1","""caramel and a cherry""","2","""right""","""commuicating thru desricptive words""","""nope""","0","""free_response""","""target""","""null""","""null""","""null""","""null""","""null""","TRUE","""null""","""null""","""null""","""null""","""sundae""","""pizza""","""null""","""null""","""null""","""null""","""chocolate""","""mushrooms""","""null""","""null""","""null""","""null""","""left""","""left""","""null""","""null""","""null""","""null""","""cherry""","""mushrooms""","""null""","""null""","""null""","""null""","""right""","""right""","""null""","""null""","""null""","""null""","""kb1b""","1","1","Text"
"Describing Objects","Short and fun! A 1-2 minute word game about describing simple objects. Only one HIT per worker.","experiment, psychology, game, language, cognition, linguistics, description","$0.25 ","Wed Aug 13 09:12:02 PDT 2014","151","0","0","151","Reviewable","NotReviewed","1 scales","600","60000","Wed Aug 20 09:12:02 PDT 2014","S45752","Approved","","""pizza""","""mushrooms""","0","""middle""","""left""","-1","3","0","13","0","0","-1","-1","""TRUE""","""null""","""null""","-1","-1","-1","-1","-1","-1","""The pizza with the most toppings. Three toppings to be exact and it appears to be cheese, olives, and mushrooms.""","2","""left""","""About people and how they describe to communicate.""","""Thank you.""","0","""free_response""","""target""","""null""","""null""","""null""","""null""","""null""","TRUE","""null""","""null""","""null""","""null""","""pizza""","""sundae""","""null""","""null""","""null""","""null""","""mushrooms""","""whipped cream""","""null""","""null""","""null""","""null""","""middle""","""left""","""null""","""null""","""null""","""null""","""olives""","""whipped cream""","""null""","""null""","""null""","""null""","""left""","""right""","""null""","""null""","""null""","""null""","""kb1b""","1","1","Text"
"Describing Objects","Short and fun! A 1-2 minute word game about describing simple objects. Only one HIT per worker.","experiment, psychology, game, language, cognition, linguistics, description","$0.25 ","Wed Aug 13 09:12:02 PDT 2014","151","0","0","151","Reviewable","NotReviewed","1 scales","600","60000","Wed Aug 20 09:12:02 PDT 2014","S92151","Approved","","""snowman""","""scarf""","0","""left""","""right""","-1","3","0","13","0","0","-1","-1","""TRUE""","""null""","""null""","-1","-1","-1","-1","-1","-1","""red scarf""","2","""right""","""picture descriptions""","""none, thank you""","0","""free_response""","""target""","""null""","""null""","""null""","""null""","""null""","TRUE","""null""","""null""","""null""","""null""","""snowman""","""boat""","""null""","""null""","""null""","""null""","""scarf""","""motor""","""null""","""null""","""null""","""null""","""left""","""right""","""null""","""null""","""null""","""null""","""mittens""","""motor""","""null""","""null""","""null""","""null""","""right""","""left""","""null""","""null""","""null""","""null""","""kb1b""","0","1","Text"
"Describing Objects","Short and fun! A 1-2 minute word game about describing simple objects. Only one HIT per worker.","experiment, psychology, game, language, cognition, linguistics, description","$0.25 ","Wed Aug 13 09:12:02 PDT 2014","151","0","0","151","Reviewable","NotReviewed","1 scales","600","60000","Wed Aug 20 09:12:02 PDT 2014","S40570","Approved","","""pizza""","""olives""","0","""middle""","""right""","-1","3","0","13","0","0","-1","-1","""TRUE""","""null""","""null""","-1","-1","-1","-1","-1","-1","""olives""","2","""right""","""Pizza and Snowmen""","""None""","0","""free_response""","""target""","""null""","""null""","""null""","""null""","""null""","TRUE","""null""","""null""","""null""","""null""","""pizza""","""snowman""","""null""","""null""","""null""","""null""","""olives""","""scarf""","""null""","""null""","""null""","""null""","""middle""","""middle""","""null""","""null""","""null""","""null""","""mushrooms""","""scarf""","""null""","""null""","""null""","""null""","""right""","""right""","""null""","""null""","""null""","""null""","""kb1b""","0","1","Text"
"Describing Objects","Short and fun! A 1-2 minute word game about describing simple objects. Only one HIT per worker.","experiment, psychology, game, language, cognition, linguistics, description","$0.25 ","Wed Aug 13 09:12:02 PDT 2014","151","0","0","151","Reviewable","NotReviewed","1 scales","600","60000","Wed Aug 20 09:12:02 PDT 2014","S15810","Approved","","""boat""","""motor""","0","""right""","""left""","-1","3","0","13","0","0","-1","-1","""TRUE""","""null""","""null""","-1","-1","-1","-1","-1","-1","""A motor attached to the back.""","2","""left""","""Communication and comprehension""","""""","0","""free_response""","""target""","""null""","""null""","""null""","""null""","""null""","TRUE","""null""","""null""","""null""","""null""","""boat""","""snowman""","""null""","""null""","""null""","""null""","""motor""","""mittens""","""null""","""null""","""null""","""null""","""right""","""left""","""null""","""null""","""null""","""null""","""cabin""","""mittens""","""null""","""null""","""null""","""null""","""left""","""right""","""null""","""null""","""null""","""null""","""kb1b""","0","1","Text"
"Describing Objects","Short and fun! A 1-2 minute word game about describing simple objects. Only one HIT per worker.","experiment, psychology, game, language, cognition, linguistics, description","$0.25 ","Wed Aug 13 09:12:02 PDT 2014","151","0","0","151","Reviewable","NotReviewed","1 scales","600","60000","Wed Aug 20 09:12:02 PDT 2014","S51640","Approved","","""pizza""","""olives""","0","""middle""","""left""","-1","3","0","13","0","0","-1","-1","""TRUE""","""null""","""null""","-1","-1","-1","-1","-1","-1","""black olives and mushrooms""","2","""left""","""describing food so another turker knows which one i am talking about""","""fun!""","0","""free_response""","""target""","""null""","""null""","""null""","""null""","""null""","TRUE","""null""","""null""","""null""","""null""","""pizza""","""sundae""","""null""","""null""","""null""","""null""","""olives""","""whipped cream""","""null""","""null""","""null""","""null""","""middle""","""middle""","""null""","""null""","""null""","""null""","""mushrooms""","""whipped cream""","""null""","""null""","""null""","""null""","""left""","""left""","""null""","""null""","""null""","""null""","""kb1b""","1","1","Text"
"Describing Objects","Short and fun! A 1-2 minute word game about describing simple objects. Only one HIT per worker.","experiment, psychology, game, language, cognition, linguistics, description","$0.25 ","Wed Aug 13 09:12:02 PDT 2014","151","0","0","151","Reviewable","NotReviewed","1 scales","600","60000","Wed Aug 20 09:12:02 PDT 2014","S83713","Approved","","""boat""","""cabin""","0","""middle""","""right""","-1","3","0","13","0","0","-1","-1","""TRUE""","""null""","""null""","-1","-1","-1","-1","-1","-1","""The boat has a sail and a cabin.""","2","""right""","""Language""","""""","0","""free_response""","""target""","""null""","""null""","""null""","""null""","""null""","TRUE","""null""","""null""","""null""","""null""","""boat""","""boat""","""null""","""null""","""null""","""null""","""cabin""","""motor""","""null""","""null""","""null""","""null""","""middle""","""middle""","""null""","""null""","""null""","""null""","""sail""","""motor""","""null""","""null""","""null""","""null""","""right""","""right""","""null""","""null""","""null""","""null""","""kb1b""","1","1","Text"
"Describing Objects","Short and fun! A 1-2 minute word game about describing simple objects. Only one HIT per worker.","experiment, psychology, game, language, cognition, linguistics, description","$0.25 ","Wed Aug 13 09:12:02 PDT 2014","151","0","0","151","Reviewable","NotReviewed","1 scales","600","60000","Wed Aug 20 09:12:02 PDT 2014","S09752","Approved","","""friend""","""mustache""","0","""left""","""middle""","-1","3","0","13","0","0","-1","-1","""TRUE""","""null""","""null""","-1","-1","-1","-1","-1","-1","""glasses and a moustache""","2","""middle""","""Communication and image recognition""","""It better not actually be about remembering names while concentrating :P""","0","""free_response""","""target""","""null""","""null""","""null""","""null""","""null""","TRUE","""null""","""null""","""null""","""null""","""friend""","""pizza""","""null""","""null""","""null""","""null""","""mustache""","""olives""","""null""","""null""","""null""","""null""","""left""","""right""","""null""","""null""","""null""","""null""","""glasses""","""olives""","""null""","""null""","""null""","""null""","""middle""","""left""","""null""","""null""","""null""","""null""","""kb1b""","1","1","Text"
"Describing Objects","Short and fun! A 1-2 minute word game about describing simple objects. Only one HIT per worker.","experiment, psychology, game, language, cognition, linguistics, description","$0.25 ","Wed Aug 13 09:12:02 PDT 2014","151","0","0","151","Reviewable","NotReviewed","1 scales","600","60000","Wed Aug 20 09:12:02 PDT 2014","S65763","Approved","","""friend""","""hat""","0","""middle""","""left""","-1","3","0","13","0","0","-1","-1","""TRUE""","""null""","""null""","-1","-1","-1","-1","-1","-1","""The one with a hat.""","2","""left""","""describing pictures""","""""","0","""free_response""","""target""","""null""","""null""","""null""","""null""","""null""","TRUE","""null""","""null""","""null""","""null""","""friend""","""boat""","""null""","""null""","""null""","""null""","""hat""","""sail""","""null""","""null""","""null""","""null""","""middle""","""right""","""null""","""null""","""null""","""null""","""mustache""","""sail""","""null""","""null""","""null""","""null""","""left""","""left""","""null""","""null""","""null""","""null""","""kb1b""","0","1","Text"
"Describing Objects","Short and fun! A 1-2 minute word game about describing simple objects. Only one HIT per worker.","experiment, psychology, game, language, cognition, linguistics, description","$0.25 ","Wed Aug 13 09:12:02 PDT 2014","151","0","0","151","Reviewable","NotReviewed","1 scales","600","60000","Wed Aug 20 09:12:02 PDT 2014","S99817","Approved","","""snowman""","""scarf""","0","""right""","""left""","-1","3","0","13","0","0","-1","-1","""TRUE""","""null""","""null""","-1","-1","-1","-1","-1","-1","""the red scarf ""","2","""left""","""describing an object to someone else ""","""""","0","""free_response""","""target""","""null""","""null""","""null""","""null""","""null""","TRUE","""null""","""null""","""null""","""null""","""snowman""","""pizza""","""null""","""null""","""null""","""null""","""scarf""","""mushrooms""","""null""","""null""","""null""","""null""","""right""","""right""","""null""","""null""","""null""","""null""","""mittens""","""mushrooms""","""null""","""null""","""null""","""null""","""left""","""left""","""null""","""null""","""null""","""null""","""kb1b""","0","1","Text"
"Describing Objects","Short and fun! A 1-2 minute word game about describing simple objects. Only one HIT per worker.","experiment, psychology, game, language, cognition, linguistics, description","$0.25 ","Wed Aug 13 09:12:02 PDT 2014","151","0","0","151","Reviewable","NotReviewed","1 scales","600","60000","Wed Aug 20 09:12:02 PDT 2014","S22662","Approved","","""Christmas tree""","""star""","0","""middle""","""right""","-1","3","0","13","0","0","-1","-1","""FALSE""","""null""","""null""","-1","-1","-1","-1","-1","-1","""the star.""","2","""right""","""communication between turkers""","""""","0","""free_response""","""logical""","""null""","""null""","""null""","""null""","""null""","FALSE","""null""","""null""","""null""","""null""","""Christmas tree""","""snowman""","""null""","""null""","""null""","""null""","""star""","""hat""","""null""","""null""","""null""","""null""","""middle""","""left""","""null""","""null""","""null""","""null""","""ornaments""","""hat""","""null""","""null""","""null""","""null""","""right""","""right""","""null""","""null""","""null""","""null""","""kb1b""","0","0","Text"
"Describing Objects","Short and fun! A 1-2 minute word game about describing simple objects. Only one HIT per worker.","experiment, psychology, game, language, cognition, linguistics, description","$0.25 ","Wed Aug 13 09:12:02 PDT 2014","151","0","0","151","Reviewable","NotReviewed","1 scales","600","60000","Wed Aug 20 09:12:02 PDT 2014","S06912","Approved","","""Christmas tree""","""star""","0","""left""","""right""","-1","3","0","13","0","0","-1","-1","""TRUE""","""null""","""null""","-1","-1","-1","-1","-1","-1","""the star on top of the tree.""","2","""right""","""To describe a picture and also to receieve a picture that has been described to me.""","""""","0","""free_response""","""logical""","""null""","""null""","""null""","""null""","""null""","FALSE","""null""","""null""","""null""","""null""","""Christmas tree""","""boat""","""null""","""null""","""null""","""null""","""star""","""cabin""","""null""","""null""","""null""","""null""","""left""","""right""","""null""","""null""","""null""","""null""","""lights""","""cabin""","""null""","""null""","""null""","""null""","""right""","""left""","""null""","""null""","""null""","""null""","""kb1b""","0","0","Text"
"Describing Objects","Short and fun! A 1-2 minute word game about describing simple objects. Only one HIT per worker.","experiment, psychology, game, language, cognition, linguistics, description","$0.25 ","Wed Aug 13 09:12:02 PDT 2014","151","0","0","151","Reviewable","NotReviewed","1 scales","600","60000","Wed Aug 20 09:12:02 PDT 2014","S58873","Approved","","""friend""","""glasses""","0","""middle""","""left""","-1","3","0","13","0","0","-1","-1","""TRUE""","""null""","""null""","-1","-1","-1","-1","-1","-1","""glasses.""","2","""left""","""Picking who Bob hung out with or ate.""","""None""","0","""free_response""","""target""","""null""","""null""","""null""","""null""","""null""","TRUE","""null""","""null""","""null""","""null""","""friend""","""sundae""","""null""","""null""","""null""","""null""","""glasses""","""whipped cream""","""null""","""null""","""null""","""null""","""middle""","""middle""","""null""","""null""","""null""","""null""","""mustache""","""whipped cream""","""null""","""null""","""null""","""null""","""left""","""right""","""null""","""null""","""null""","""null""","""kb1b""","0","1","Text"
"Describing Objects","Short and fun! A 1-2 minute word game about describing simple objects. Only one HIT per worker.","experiment, psychology, game, language, cognition, linguistics, description","$0.25 ","Wed Aug 13 09:12:02 PDT 2014","151","0","0","151","Reviewable","NotReviewed","1 scales","600","60000","Wed Aug 20 09:12:02 PDT 2014","S33509","Approved","","""boat""","""sail""","0","""left""","""right""","-1","3","0","13","0","0","-1","-1","""TRUE""","""null""","""null""","-1","-1","-1","-1","-1","-1","""a white sail""","2","""right""","""describing objects to pick one out of three""","""""","0","""free_response""","""target""","""null""","""null""","""null""","""null""","""null""","TRUE","""null""","""null""","""null""","""null""","""boat""","""snowman""","""null""","""null""","""null""","""null""","""sail""","""scarf""","""null""","""null""","""null""","""null""","""left""","""right""","""null""","""null""","""null""","""null""","""motor""","""scarf""","""null""","""null""","""null""","""null""","""right""","""left""","""null""","""null""","""null""","""null""","""kb1b""","0","1","Text"
"Describing Objects","Short and fun! A 1-2 minute word game about describing simple objects. Only one HIT per worker.","experiment, psychology, game, language, cognition, linguistics, description","$0.25 ","Wed Aug 13 09:12:02 PDT 2014","151","0","0","151","Reviewable","NotReviewed","1 scales","600","60000","Wed Aug 20 09:12:02 PDT 2014","S55416","Approved","","""boat""","""motor""","0","""middle""","""right""","-1","3","0","13","0","0","-1","-1","""TRUE""","""null""","""null""","-1","-1","-1","-1","-1","-1","""Motor boat with roof.""","2","""right""","""About boats and trees""","""""","0","""free_response""","""logical""","""null""","""null""","""null""","""null""","""null""","FALSE","""null""","""null""","""null""","""null""","""boat""","""Christmas tree""","""null""","""null""","""null""","""null""","""motor""","""ornaments""","""null""","""null""","""null""","""null""","""middle""","""right""","""null""","""null""","""null""","""null""","""cabin""","""ornaments""","""null""","""null""","""null""","""null""","""right""","""middle""","""null""","""null""","""null""","""null""","""kb1b""","1","0","Text"
"Describing Objects","Short and fun! A 1-2 minute word game about describing simple objects. Only one HIT per worker.","experiment, psychology, game, language, cognition, linguistics, description","$0.25 ","Wed Aug 13 09:12:02 PDT 2014","151","0","0","151","Reviewable","NotReviewed","1 scales","600","60000","Wed Aug 20 09:12:02 PDT 2014","S09330","Approved","","""snowman""","""mittens""","0","""left""","""right""","-1","3","0","13","0","0","-1","-1","""TRUE""","""null""","""null""","-1","-1","-1","-1","-1","-1","""purple mittens.""","2","""right""","""Describing simple objects.""","""""","0","""free_response""","""target""","""null""","""null""","""null""","""null""","""null""","TRUE","""null""","""null""","""null""","""null""","""snowman""","""friend""","""null""","""null""","""null""","""null""","""mittens""","""glasses""","""null""","""null""","""null""","""null""","""left""","""middle""","""null""","""null""","""null""","""null""","""scarf""","""glasses""","""null""","""null""","""null""","""null""","""right""","""right""","""null""","""null""","""null""","""null""","""kb1b""","0","1","Text"
"Describing Objects","Short and fun! A 1-2 minute word game about describing simple objects. Only one HIT per worker.","experiment, psychology, game, language, cognition, linguistics, description","$0.25 ","Wed Aug 13 09:12:02 PDT 2014","151","0","0","151","Reviewable","NotReviewed","1 scales","600","60000","Wed Aug 20 09:12:02 PDT 2014","S05566","Approved","","""friend""","""hat""","0","""left""","""right""","-1","3","0","13","0","0","-1","-1","""TRUE""","""null""","""null""","-1","-1","-1","-1","-1","-1","""He is wearing a hat.""","2","""right""","""describing images""","""no""","0","""free_response""","""target""","""null""","""null""","""null""","""null""","""null""","TRUE","""null""","""null""","""null""","""null""","""friend""","""boat""","""null""","""null""","""null""","""null""","""hat""","""sail""","""null""","""null""","""null""","""null""","""left""","""left""","""null""","""null""","""null""","""null""","""mustache""","""sail""","""null""","""null""","""null""","""null""","""right""","""middle""","""null""","""null""","""null""","""null""","""kb1b""","0","1","Text"
"Describing Objects","Short and fun! A 1-2 minute word game about describing simple objects. Only one HIT per worker.","experiment, psychology, game, language, cognition, linguistics, description","$0.25 ","Wed Aug 13 09:12:02 PDT 2014","151","0","0","151","Reviewable","NotReviewed","1 scales","600","60000","Wed Aug 20 09:12:02 PDT 2014","S36201","Approved","","""pizza""","""olives""","0","""middle""","""left""","-1","3","0","13","0","0","-1","-1","""TRUE""","""null""","""null""","-1","-1","-1","-1","-1","-1","""olives""","2","""left""","""descriptions""","""no""","0","""free_response""","""target""","""null""","""null""","""null""","""null""","""null""","TRUE","""null""","""null""","""null""","""null""","""pizza""","""Christmas tree""","""null""","""null""","""null""","""null""","""olives""","""lights""","""null""","""null""","""null""","""null""","""middle""","""middle""","""null""","""null""","""null""","""null""","""mushrooms""","""lights""","""null""","""null""","""null""","""null""","""left""","""right""","""null""","""null""","""null""","""null""","""kb1b""","0","1","Text"
"Describing Objects","Short and fun! A 1-2 minute word game about describing simple objects. Only one HIT per worker.","experiment, psychology, game, language, cognition, linguistics, description","$0.25 ","Wed Aug 13 09:12:02 PDT 2014","151","0","0","151","Reviewable","NotReviewed","1 scales","600","60000","Wed Aug 20 09:12:02 PDT 2014","S21219","Approved","","""snowman""","""mittens""","0","""right""","""middle""","-1","3","0","13","0","0","-1","-1","""TRUE""","""null""","""null""","-1","-1","-1","-1","-1","-1","""the mittens on""","2","""middle""","""Snowmen""","""interesting stuff""","0","""free_response""","""target""","""null""","""null""","""null""","""null""","""null""","TRUE","""null""","""null""","""null""","""null""","""snowman""","""snowman""","""null""","""null""","""null""","""null""","""mittens""","""scarf""","""null""","""null""","""null""","""null""","""right""","""middle""","""null""","""null""","""null""","""null""","""hat""","""scarf""","""null""","""null""","""null""","""null""","""middle""","""right""","""null""","""null""","""null""","""null""","""kb1b""","0","1","Text"
"Describing Objects","Short and fun! A 1-2 minute word game about describing simple objects. Only one HIT per worker.","experiment, psychology, game, language, cognition, linguistics, description","$0.25 ","Wed Aug 13 09:12:02 PDT 2014","151","0","0","151","Reviewable","NotReviewed","1 scales","600","60000","Wed Aug 20 09:12:02 PDT 2014","S14182","Approved","","""friend""","""hat""","0","""left""","""middle""","-1","3","0","13","0","0","-1","-1","""TRUE""","""null""","""null""","-1","-1","-1","-1","-1","-1","""Friend with a hat and glasses""","2","""middle""","""conveying info""","""""","0","""free_response""","""target""","""null""","""null""","""null""","""null""","""null""","TRUE","""null""","""null""","""null""","""null""","""friend""","""sundae""","""null""","""null""","""null""","""null""","""hat""","""cherry""","""null""","""null""","""null""","""null""","""left""","""right""","""null""","""null""","""null""","""null""","""glasses""","""cherry""","""null""","""null""","""null""","""null""","""middle""","""left""","""null""","""null""","""null""","""null""","""kb1b""","1","1","Text"
"Describing Objects","Short and fun! A 1-2 minute word game about describing simple objects. Only one HIT per worker.","experiment, psychology, game, language, cognition, linguistics, description","$0.25 ","Wed Aug 13 09:12:02 PDT 2014","151","0","0","151","Reviewable","NotReviewed","1 scales","600","60000","Wed Aug 20 09:12:02 PDT 2014","S35117","Approved","","""Christmas tree""","""ornaments""","0","""right""","""middle""","-1","3","0","13","0","0","-1","-1","""TRUE""","""null""","""null""","-1","-1","-1","-1","-1","-1","""the star on top without ornaments.""","2","""middle""","""Helping describe an image.""","""Great study!""","0","""free_response""","""target""","""null""","""null""","""null""","""null""","""null""","TRUE","""null""","""null""","""null""","""null""","""Christmas tree""","""friend""","""null""","""null""","""null""","""null""","""ornaments""","""glasses""","""null""","""null""","""null""","""null""","""right""","""right""","""null""","""null""","""null""","""null""","""star""","""glasses""","""null""","""null""","""null""","""null""","""middle""","""left""","""null""","""null""","""null""","""null""","""kb1b""","1","1","Text"
"Describing Objects","Short and fun! A 1-2 minute word game about describing simple objects. Only one HIT per worker.","experiment, psychology, game, language, cognition, linguistics, description","$0.25 ","Wed Aug 13 09:12:02 PDT 2014","151","0","0","151","Reviewable","NotReviewed","1 scales","600","60000","Wed Aug 20 09:12:02 PDT 2014","S65880","Approved","","""sundae""","""whipped cream""","0","""left""","""right""","-1","3","0","13","0","0","-1","-1","""TRUE""","""null""","""null""","-1","-1","-1","-1","-1","-1","""the most amount of detail.""","2","""right""","""Describing foods.""","""No.""","0","""free_response""","""target""","""null""","""null""","""null""","""null""","""null""","TRUE","""null""","""null""","""null""","""null""","""sundae""","""pizza""","""null""","""null""","""null""","""null""","""whipped cream""","""mushrooms""","""null""","""null""","""null""","""null""","""left""","""left""","""null""","""null""","""null""","""null""","""chocolate""","""mushrooms""","""null""","""null""","""null""","""null""","""right""","""right""","""null""","""null""","""null""","""null""","""kb1b""","0","1","Text"
"Describing Objects","Short and fun! A 1-2 minute word game about describing simple objects. Only one HIT per worker.","experiment, psychology, game, language, cognition, linguistics, description","$0.25 ","Wed Aug 13 09:12:02 PDT 2014","151","0","0","151","Reviewable","NotReviewed","1 scales","600","60000","Wed Aug 20 09:12:02 PDT 2014","S91343","Approved","","""snowman""","""scarf""","0","""left""","""right""","-1","3","0","13","0","0","-1","-1","""TRUE""","""null""","""null""","-1","-1","-1","-1","-1","-1","""the red scarf.""","2","""right""","""Describing an object and choosing an object""","""""","0","""free_response""","""target""","""null""","""null""","""null""","""null""","""null""","TRUE","""null""","""null""","""null""","""null""","""snowman""","""Christmas tree""","""null""","""null""","""null""","""null""","""scarf""","""lights""","""null""","""null""","""null""","""null""","""left""","""left""","""null""","""null""","""null""","""null""","""mittens""","""lights""","""null""","""null""","""null""","""null""","""right""","""middle""","""null""","""null""","""null""","""null""","""kb1b""","0","1","Text"
"Describing Objects","Short and fun! A 1-2 minute word game about describing simple objects. Only one HIT per worker.","experiment, psychology, game, language, cognition, linguistics, description","$0.25 ","Wed Aug 13 09:12:02 PDT 2014","151","0","0","151","Reviewable","NotReviewed","1 scales","600","60000","Wed Aug 20 09:12:02 PDT 2014","S12622","Approved","","""snowman""","""hat""","0","""left""","""right""","-1","3","0","13","0","0","-1","-1","""TRUE""","""null""","""null""","-1","-1","-1","-1","-1","-1","""the green hat.""","2","""right""","""Describing objects""","""""","0","""free_response""","""target""","""null""","""null""","""null""","""null""","""null""","TRUE","""null""","""null""","""null""","""null""","""snowman""","""Christmas tree""","""null""","""null""","""null""","""null""","""hat""","""lights""","""null""","""null""","""null""","""null""","""left""","""middle""","""null""","""null""","""null""","""null""","""mittens""","""lights""","""null""","""null""","""null""","""null""","""right""","""left""","""null""","""null""","""null""","""null""","""kb1b""","0","1","Text"
"Describing Objects","Short and fun! A 1-2 minute word game about describing simple objects. Only one HIT per worker.","experiment, psychology, game, language, cognition, linguistics, description","$0.25 ","Wed Aug 13 09:12:02 PDT 2014","151","0","0","151","Reviewable","NotReviewed","1 scales","600","60000","Wed Aug 20 09:12:02 PDT 2014","S52306","Approved","","""pizza""","""peppers""","0","""middle""","""right""","-1","3","0","13","0","0","-1","-1","""TRUE""","""null""","""null""","-1","-1","-1","-1","-1","-1","""green peppers""","2","""right""","""conveying messgaes""","""""","0","""free_response""","""target""","""null""","""null""","""null""","""null""","""null""","TRUE","""null""","""null""","""null""","""null""","""pizza""","""pizza""","""null""","""null""","""null""","""null""","""peppers""","""mushrooms""","""null""","""null""","""null""","""null""","""middle""","""left""","""null""","""null""","""null""","""null""","""mushrooms""","""mushrooms""","""null""","""null""","""null""","""null""","""right""","""middle""","""null""","""null""","""null""","""null""","""kb1b""","0","1","Text"
"Describing Objects","Short and fun! A 1-2 minute word game about describing simple objects. Only one HIT per worker.","experiment, psychology, game, language, cognition, linguistics, description","$0.25 ","Wed Aug 13 09:12:02 PDT 2014","151","0","0","151","Reviewable","NotReviewed","1 scales","600","60000","Wed Aug 20 09:12:02 PDT 2014","S59823","Approved","","""Christmas tree""","""lights""","0","""right""","""left""","-1","3","0","13","0","0","-1","-1","""FALSE""","""null""","""null""","-1","-1","-1","-1","-1","-1","""the most decorations""","2","""left""","""Communication? I guess?""","""""","0","""free_response""","""target""","""null""","""null""","""null""","""null""","""null""","TRUE","""null""","""null""","""null""","""null""","""Christmas tree""","""Christmas tree""","""null""","""null""","""null""","""null""","""lights""","""lights""","""null""","""null""","""null""","""null""","""right""","""right""","""null""","""null""","""null""","""null""","""ornaments""","""lights""","""null""","""null""","""null""","""null""","""left""","""middle""","""null""","""null""","""null""","""null""","""kb1b""","0","1","Text"
"Describing Objects","Short and fun! A 1-2 minute word game about describing simple objects. Only one HIT per worker.","experiment, psychology, game, language, cognition, linguistics, description","$0.25 ","Wed Aug 13 09:12:02 PDT 2014","151","0","0","151","Reviewable","NotReviewed","1 scales","600","60000","Wed Aug 20 09:12:02 PDT 2014","S70669","Approved","","""pizza""","""peppers""","0","""middle""","""left""","-1","3","0","13","0","0","-1","-1","""TRUE""","""null""","""null""","-1","-1","-1","-1","-1","-1","""mushrooms and green peppers.""","2","""left""","""Describing images""","""""","0","""free_response""","""target""","""null""","""null""","""null""","""null""","""null""","TRUE","""null""","""null""","""null""","""null""","""pizza""","""sundae""","""null""","""null""","""null""","""null""","""peppers""","""chocolate""","""null""","""null""","""null""","""null""","""middle""","""left""","""null""","""null""","""null""","""null""","""mushrooms""","""chocolate""","""null""","""null""","""null""","""null""","""left""","""middle""","""null""","""null""","""null""","""null""","""kb1b""","1","1","Text"
"Describing Objects","Short and fun! A 1-2 minute word game about describing simple objects. Only one HIT per worker.","experiment, psychology, game, language, cognition, linguistics, description","$0.25 ","Wed Aug 13 09:12:02 PDT 2014","151","0","0","151","Reviewable","NotReviewed","1 scales","600","60000","Wed Aug 20 09:12:02 PDT 2014","S45013","Approved","","""sundae""","""chocolate""","0","""right""","""middle""","-1","3","0","13","0","0","-1","-1","""TRUE""","""null""","""null""","-1","-1","-1","-1","-1","-1","""The sundae with fudge on top""","2","""middle""","""Describing objects.""","""Thank you!""","0","""free_response""","""target""","""null""","""null""","""null""","""null""","""null""","TRUE","""null""","""null""","""null""","""null""","""sundae""","""snowman""","""null""","""null""","""null""","""null""","""chocolate""","""hat""","""null""","""null""","""null""","""null""","""right""","""middle""","""null""","""null""","""null""","""null""","""cherry""","""hat""","""null""","""null""","""null""","""null""","""middle""","""left""","""null""","""null""","""null""","""null""","""kb1b""","0","1","Text"
"Describing Objects","Short and fun! A 1-2 minute word game about describing simple objects. Only one HIT per worker.","experiment, psychology, game, language, cognition, linguistics, description","$0.25 ","Wed Aug 13 09:12:02 PDT 2014","151","0","0","151","Reviewable","NotReviewed","1 scales","600","60000","Wed Aug 20 09:12:02 PDT 2014","S84426","Approved","","""sundae""","""chocolate""","0","""right""","""middle""","-1","3","0","13","0","0","-1","-1","""TRUE""","""null""","""null""","-1","-1","-1","-1","-1","-1","""3 toppings""","2","""middle""","""Sundaes and choice""","""n/a""","0","""free_response""","""logical""","""null""","""null""","""null""","""null""","""null""","FALSE","""null""","""null""","""null""","""null""","""sundae""","""sundae""","""null""","""null""","""null""","""null""","""chocolate""","""cherry""","""null""","""null""","""null""","""null""","""right""","""left""","""null""","""null""","""null""","""null""","""whipped cream""","""cherry""","""null""","""null""","""null""","""null""","""middle""","""right""","""null""","""null""","""null""","""null""","""kb1b""","1","0","Text"
"Describing Objects","Short and fun! A 1-2 minute word game about describing simple objects. Only one HIT per worker.","experiment, psychology, game, language, cognition, linguistics, description","$0.25 ","Wed Aug 13 09:12:02 PDT 2014","151","0","0","151","Reviewable","NotReviewed","1 scales","600","60000","Wed Aug 20 09:12:02 PDT 2014","S05378","Approved","","""friend""","""mustache""","0","""left""","""right""","-1","3","0","13","0","0","-1","-1","""TRUE""","""null""","""null""","-1","-1","-1","-1","-1","-1","""the mustache.""","2","""right""","""Describing something to another person.""","""No""","0","""free_response""","""target""","""null""","""null""","""null""","""null""","""null""","TRUE","""null""","""null""","""null""","""null""","""friend""","""boat""","""null""","""null""","""null""","""null""","""mustache""","""sail""","""null""","""null""","""null""","""null""","""left""","""right""","""null""","""null""","""null""","""null""","""glasses""","""sail""","""null""","""null""","""null""","""null""","""right""","""left""","""null""","""null""","""null""","""null""","""kb1b""","0","1","Text"
"Describing Objects","Short and fun! A 1-2 minute word game about describing simple objects. Only one HIT per worker.","experiment, psychology, game, language, cognition, linguistics, description","$0.25 ","Wed Aug 13 09:12:02 PDT 2014","151","0","0","151","Reviewable","NotReviewed","1 scales","600","60000","Wed Aug 20 09:12:02 PDT 2014","S11629","Approved","","""pizza""","""mushrooms""","0","""left""","""middle""","-1","3","0","13","0","0","-1","-1","""TRUE""","""null""","""null""","-1","-1","-1","-1","-1","-1","""this pizza has mushrooms and peppers""","2","""middle""","""paying attention to detail""","""""","0","""free_response""","""target""","""null""","""null""","""null""","""null""","""null""","TRUE","""null""","""null""","""null""","""null""","""pizza""","""sundae""","""null""","""null""","""null""","""null""","""mushrooms""","""cherry""","""null""","""null""","""null""","""null""","""left""","""right""","""null""","""null""","""null""","""null""","""peppers""","""cherry""","""null""","""null""","""null""","""null""","""middle""","""middle""","""null""","""null""","""null""","""null""","""kb1b""","1","1","Text"
"Describing Objects","Short and fun! A 1-2 minute word game about describing simple objects. Only one HIT per worker.","experiment, psychology, game, language, cognition, linguistics, description","$0.25 ","Wed Aug 13 09:12:02 PDT 2014","151","0","0","151","Reviewable","NotReviewed","1 scales","600","60000","Wed Aug 20 09:12:02 PDT 2014","S24565","Approved","","""snowman""","""mittens""","0","""right""","""left""","-1","3","0","13","0","0","-1","-1","""TRUE""","""null""","""null""","-1","-1","-1","-1","-1","-1","""the green hat and blue gloves. ""","2","""left""","""snowmen""","""""","0","""free_response""","""target""","""null""","""null""","""null""","""null""","""null""","TRUE","""null""","""null""","""null""","""null""","""snowman""","""snowman""","""null""","""null""","""null""","""null""","""mittens""","""scarf""","""null""","""null""","""null""","""null""","""right""","""right""","""null""","""null""","""null""","""null""","""hat""","""scarf""","""null""","""null""","""null""","""null""","""left""","""left""","""null""","""null""","""null""","""null""","""kb1b""","1","1","Text"
"Describing Objects","Short and fun! A 1-2 minute word game about describing simple objects. Only one HIT per worker.","experiment, psychology, game, language, cognition, linguistics, description","$0.25 ","Wed Aug 13 09:12:02 PDT 2014","151","0","0","151","Reviewable","NotReviewed","1 scales","600","60000","Wed Aug 20 09:12:02 PDT 2014","S16212","Approved","","""sundae""","""whipped cream""","0","""right""","""left""","-1","3","0","13","0","0","-1","-1","""TRUE""","""null""","""null""","-1","-1","-1","-1","-1","-1","""the whipped cream on top""","2","""left""","""Ablility to communicate""","""nope""","0","""free_response""","""target""","""null""","""null""","""null""","""null""","""null""","TRUE","""null""","""null""","""null""","""null""","""sundae""","""boat""","""null""","""null""","""null""","""null""","""whipped cream""","""cabin""","""null""","""null""","""null""","""null""","""right""","""middle""","""null""","""null""","""null""","""null""","""chocolate""","""cabin""","""null""","""null""","""null""","""null""","""left""","""right""","""null""","""null""","""null""","""null""","""kb1b""","0","1","Text"
"Describing Objects","Short and fun! A 1-2 minute word game about describing simple objects. Only one HIT per worker.","experiment, psychology, game, language, cognition, linguistics, description","$0.25 ","Wed Aug 13 09:12:02 PDT 2014","151","0","0","151","Reviewable","NotReviewed","1 scales","600","60000","Wed Aug 20 09:12:02 PDT 2014","S57199","Approved","","""pizza""","""mushrooms""","0","""right""","""left""","-1","3","0","13","0","0","-1","-1","""TRUE""","""null""","""null""","-1","-1","-1","-1","-1","-1","""mashrooms and peppers""","2","""left""","""describing and interpreting images""","""""","0","""free_response""","""target""","""null""","""null""","""null""","""null""","""null""","TRUE","""null""","""null""","""null""","""null""","""pizza""","""snowman""","""null""","""null""","""null""","""null""","""mushrooms""","""hat""","""null""","""null""","""null""","""null""","""right""","""left""","""null""","""null""","""null""","""null""","""peppers""","""hat""","""null""","""null""","""null""","""null""","""left""","""middle""","""null""","""null""","""null""","""null""","""kb1b""","1","1","Text"
"Describing Objects","Short and fun! A 1-2 minute word game about describing simple objects. Only one HIT per worker.","experiment, psychology, game, language, cognition, linguistics, description","$0.25 ","Wed Aug 13 09:12:02 PDT 2014","151","0","0","151","Reviewable","NotReviewed","1 scales","600","60000","Wed Aug 20 09:12:02 PDT 2014","S17566","Approved","","""boat""","""motor""","0","""left""","""middle""","-1","3","0","13","0","0","-1","-1","""TRUE""","""null""","""null""","-1","-1","-1","-1","-1","-1","""a motor.""","2","""middle""","""What words people use to describe things""","""""","0","""free_response""","""target""","""null""","""null""","""null""","""null""","""null""","TRUE","""null""","""null""","""null""","""null""","""boat""","""snowman""","""null""","""null""","""null""","""null""","""motor""","""scarf""","""null""","""null""","""null""","""null""","""left""","""right""","""null""","""null""","""null""","""null""","""sail""","""scarf""","""null""","""null""","""null""","""null""","""middle""","""left""","""null""","""null""","""null""","""null""","""kb1b""","0","1","Text"
"Describing Objects","Short and fun! A 1-2 minute word game about describing simple objects. Only one HIT per worker.","experiment, psychology, game, language, cognition, linguistics, description","$0.25 ","Wed Aug 13 09:12:02 PDT 2014","151","0","0","151","Reviewable","NotReviewed","1 scales","600","60000","Wed Aug 20 09:12:02 PDT 2014","S01976","Approved","","""friend""","""mustache""","0","""middle""","""left""","-1","3","0","13","0","0","-1","-1","""TRUE""","""null""","""null""","-1","-1","-1","-1","-1","-1","""the gray mustache""","2","""left""","""perceptions and judgements""","""""","0","""free_response""","""target""","""null""","""null""","""null""","""null""","""null""","TRUE","""null""","""null""","""null""","""null""","""friend""","""sundae""","""null""","""null""","""null""","""null""","""mustache""","""whipped cream""","""null""","""null""","""null""","""null""","""middle""","""middle""","""null""","""null""","""null""","""null""","""hat""","""whipped cream""","""null""","""null""","""null""","""null""","""left""","""left""","""null""","""null""","""null""","""null""","""kb1b""","0","1","Text"
"Describing Objects","Short and fun! A 1-2 minute word game about describing simple objects. Only one HIT per worker.","experiment, psychology, game, language, cognition, linguistics, description","$0.25 ","Wed Aug 13 09:12:02 PDT 2014","151","0","0","151","Reviewable","NotReviewed","1 scales","600","60000","Wed Aug 20 09:12:02 PDT 2014","S97469","Approved","","""friend""","""glasses""","0","""middle""","""right""","-1","3","0","13","0","0","-1","-1","""TRUE""","""null""","""null""","-1","-1","-1","-1","-1","-1","""both the hat and glasses.""","2","""right""","""The survey was about Bob and how he likes to visit friends on Sundays. Also how he likes to buy and trim Christmas trees.  I had to describe his friend to another turker and to pick what tree another turker described to me.""","""I enjoy your HITs as they're always fun and \""interactive.\"" Thank you!""","0","""free_response""","""target""","""null""","""null""","""null""","""null""","""null""","TRUE","""null""","""null""","""null""","""null""","""friend""","""Christmas tree""","""null""","""null""","""null""","""null""","""glasses""","""lights""","""null""","""null""","""null""","""null""","""middle""","""right""","""null""","""null""","""null""","""null""","""hat""","""lights""","""null""","""null""","""null""","""null""","""right""","""left""","""null""","""null""","""null""","""null""","""kb1b""","1","1","Text"
"Describing Objects","Short and fun! A 1-2 minute word game about describing simple objects. Only one HIT per worker.","experiment, psychology, game, language, cognition, linguistics, description","$0.25 ","Wed Aug 13 09:12:02 PDT 2014","151","0","0","151","Reviewable","NotReviewed","1 scales","600","60000","Wed Aug 20 09:12:02 PDT 2014","S07360","Approved","","""boat""","""motor""","0","""left""","""right""","-1","3","0","13","0","0","-1","-1","""TRUE""","""null""","""null""","-1","-1","-1","-1","-1","-1","""Motor""","2","""right""","""Describing objects""","""""","0","""free_response""","""target""","""null""","""null""","""null""","""null""","""null""","TRUE","""null""","""null""","""null""","""null""","""boat""","""sundae""","""null""","""null""","""null""","""null""","""motor""","""cherry""","""null""","""null""","""null""","""null""","""left""","""right""","""null""","""null""","""null""","""null""","""cabin""","""cherry""","""null""","""null""","""null""","""null""","""right""","""left""","""null""","""null""","""null""","""null""","""kb1b""","0","1","Text"
"Describing Objects","Short and fun! A 1-2 minute word game about describing simple objects. Only one HIT per worker.","experiment, psychology, game, language, cognition, linguistics, description","$0.25 ","Wed Aug 13 09:12:02 PDT 2014","151","0","0","151","Reviewable","NotReviewed","1 scales","600","60000","Wed Aug 20 09:12:02 PDT 2014","S75093","Approved","","""pizza""","""peppers""","0","""left""","""middle""","-1","3","0","13","0","0","-1","-1","""TRUE""","""null""","""null""","-1","-1","-1","-1","-1","-1","""He orders a pizza with mushrooms and green peppers.""","2","""middle""","""Describing a picture to someone else.""","""No""","0","""free_response""","""target""","""null""","""null""","""null""","""null""","""null""","TRUE","""null""","""null""","""null""","""null""","""pizza""","""sundae""","""null""","""null""","""null""","""null""","""peppers""","""chocolate""","""null""","""null""","""null""","""null""","""left""","""left""","""null""","""null""","""null""","""null""","""mushrooms""","""chocolate""","""null""","""null""","""null""","""null""","""middle""","""middle""","""null""","""null""","""null""","""null""","""kb1b""","1","1","Text"
