"title","description","keywords","reward","creationtime","assignments","numavailable","numpending","numcomplete","hitstatus","reviewstatus","annotation","assignmentduration","autoapprovaldelay","hitlifetime","workerid","assignmentstatus","deadline","Answer.item","Answer.target_property","Answer.target_frequency","Answer.target_position","Answer.distractor_position","Answer.familiarization_cond","Answer.participant_response_type_condition","Answer.participant_feature_count_condition","Answer.linguistic_framing_condition","Answer.target_filler_sequence_condition","Answer.question_type_condition","Answer.manip_check_target","Answer.manip_check_dist","Answer.name_check_correct","Answer.choice","Answer.choice_correct","Answer.money_allocated_to_foil","Answer.money_allocated_to_target","Answer.money_allocated_to_logical","Answer.Likert_value_foil","Answer.Likert_value_target","Answer.Likert_value_logical","Answer.keyboard","Answer.features_in_referent_to_describe","Answer.target_positive","Answer.target_negative","Answer.foil_positive","Answer.foil_negative","Answer.about","Answer.comment","Answer.familiarization_present_in_study","Answer.choice_1","Answer.choice_2","Answer.choice_3","Answer.choice_4","Answer.choice_5","Answer.choice_6","Answer.choice_correct_1","Answer.choice_correct_2","Answer.choice_correct_3","Answer.choice_correct_4","Answer.choice_correct_5","Answer.choice_correct_6","Answer.item_1","Answer.item_2","Answer.item_3","Answer.item_4","Answer.item_5","Answer.item_6","Answer.target_prop_1","Answer.target_prop_2","Answer.target_prop_3","Answer.target_prop_4","Answer.target_prop_5","Answer.target_prop_6","Answer.target_position_1","Answer.target_position_2","Answer.target_position_3","Answer.target_position_4","Answer.target_position_5","Answer.target_position_6","Answer.distractor_prop_1","Answer.distractor_prop_2","Answer.distractor_prop_3","Answer.distractor_prop_4","Answer.distractor_prop_5","Answer.distractor_prop_6","Answer.distractor_position_1","Answer.distractor_position_2","Answer.distractor_position_3","Answer.distractor_position_4","Answer.distractor_position_5","Answer.distractor_position_6","Answer.checkbox_target_positive","Answer.checkbox_target_negative","Answer.checkbox_distractor_positive","Answer.checkbox_distractor_negative","Answer.sequence_condition","Answer.overspec","Answer.targetcorrect","Experiment.type"
"Object Description","Short and fun! A 1-2 minute word game about describing simple objects. Only one HIT per worker.","experiment, psychology, game, language, cognition, linguistics, description","$0.25 ","Fri Aug 08 09:13:17 PDT 2014","150","0","0","150","Reviewable","NotReviewed","1 scales","600","60000","Fri Aug 15 09:13:17 PDT 2014","S44391","Approved","","""snowman""","""mittens""","0","""left""","""right""","-1","4","0","14","0","0","-1","-1","""TRUE""","""null""","""null""","-1","-1","-1","-1","-1","-1","-1","0","-1","-1","-1","-1","""what Object I would chose to describe to another turker and vice versa!""","""""","0","""keyboard""","""target""","""null""","""null""","""null""","""null""","""null""","TRUE","""null""","""null""","""null""","""null""","""snowman""","""sundae""","""null""","""null""","""null""","""null""","""mittens""","""cherry""","""null""","""null""","""null""","""null""","""left""","""right""","""null""","""null""","""null""","""null""","""scarf""","""chocolate""","""null""","""null""","""null""","""null""","""right""","""middle""","""null""","""null""","""null""","""null""","FALSE","TRUE","FALSE","FALSE","""kb1b""","0","1","Checkbox"
"Object Description","Short and fun! A 1-2 minute word game about describing simple objects. Only one HIT per worker.","experiment, psychology, game, language, cognition, linguistics, description","$0.25 ","Fri Aug 08 09:13:17 PDT 2014","150","0","0","150","Reviewable","NotReviewed","1 scales","600","60000","Fri Aug 15 09:13:17 PDT 2014","S86144","Approved","","""Christmas tree""","""star""","0","""middle""","""right""","-1","4","0","14","0","0","-1","-1","""TRUE""","""null""","""null""","-1","-1","-1","-1","-1","-1","-1","0","-1","-1","-1","-1","""I don't know""","""""","0","""keyboard""","""target""","""null""","""null""","""null""","""null""","""null""","TRUE","""null""","""null""","""null""","""null""","""Christmas tree""","""snowman""","""null""","""null""","""null""","""null""","""star""","""hat""","""null""","""null""","""null""","""null""","""middle""","""left""","""null""","""null""","""null""","""null""","""lights""","""scarf""","""null""","""null""","""null""","""null""","""right""","""middle""","""null""","""null""","""null""","""null""","FALSE","TRUE","FALSE","FALSE","""kb1b""","0","1","Checkbox"
"Object Description","Short and fun! A 1-2 minute word game about describing simple objects. Only one HIT per worker.","experiment, psychology, game, language, cognition, linguistics, description","$0.25 ","Fri Aug 08 09:13:17 PDT 2014","150","0","0","150","Reviewable","NotReviewed","1 scales","600","60000","Fri Aug 15 09:13:17 PDT 2014","S65663","Approved","","""snowman""","""hat""","0","""right""","""left""","-1","4","0","14","0","0","-1","-1","""TRUE""","""null""","""null""","-1","-1","-1","-1","-1","-1","-1","0","-1","-1","-1","-1","""Decorating Snowmen and communicating choices""","""Thanks.""","0","""keyboard""","""target""","""null""","""null""","""null""","""null""","""null""","TRUE","""null""","""null""","""null""","""null""","""snowman""","""snowman""","""null""","""null""","""null""","""null""","""hat""","""hat""","""null""","""null""","""null""","""null""","""right""","""right""","""null""","""null""","""null""","""null""","""scarf""","""mittens""","""null""","""null""","""null""","""null""","""left""","""middle""","""null""","""null""","""null""","""null""","FALSE","TRUE","FALSE","TRUE","""kb1b""","1","1","Checkbox"
"Object Description","Short and fun! A 1-2 minute word game about describing simple objects. Only one HIT per worker.","experiment, psychology, game, language, cognition, linguistics, description","$0.25 ","Fri Aug 08 09:13:17 PDT 2014","150","0","0","150","Reviewable","NotReviewed","1 scales","600","60000","Fri Aug 15 09:13:17 PDT 2014","S51884","Approved","","""pizza""","""mushrooms""","0","""right""","""left""","-1","4","0","14","0","0","-1","-1","""TRUE""","""null""","""null""","-1","-1","-1","-1","-1","-1","-1","0","-1","-1","-1","-1","""comunication by describing pictures with a word""","""no""","0","""keyboard""","""target""","""null""","""null""","""null""","""null""","""null""","TRUE","""null""","""null""","""null""","""null""","""pizza""","""boat""","""null""","""null""","""null""","""null""","""mushrooms""","""sail""","""null""","""null""","""null""","""null""","""right""","""left""","""null""","""null""","""null""","""null""","""peppers""","""motor""","""null""","""null""","""null""","""null""","""left""","""middle""","""null""","""null""","""null""","""null""","FALSE","TRUE","FALSE","TRUE","""kb1b""","1","1","Checkbox"
"Object Description","Short and fun! A 1-2 minute word game about describing simple objects. Only one HIT per worker.","experiment, psychology, game, language, cognition, linguistics, description","$0.25 ","Fri Aug 08 09:13:17 PDT 2014","150","0","0","150","Reviewable","NotReviewed","1 scales","600","60000","Fri Aug 15 09:13:17 PDT 2014","S58246","Approved","","""snowman""","""hat""","0","""middle""","""right""","-1","4","0","14","0","0","-1","-1","""FALSE""","""null""","""null""","-1","-1","-1","-1","-1","-1","-1","0","-1","-1","-1","-1","""figuring out how to identify an object in a picture""","""""","0","""keyboard""","""target""","""null""","""null""","""null""","""null""","""null""","TRUE","""null""","""null""","""null""","""null""","""snowman""","""boat""","""null""","""null""","""null""","""null""","""hat""","""motor""","""null""","""null""","""null""","""null""","""middle""","""left""","""null""","""null""","""null""","""null""","""scarf""","""cabin""","""null""","""null""","""null""","""null""","""right""","""middle""","""null""","""null""","""null""","""null""","FALSE","FALSE","FALSE","TRUE","""kb1b""","0","1","Checkbox"
"Object Description","Short and fun! A 1-2 minute word game about describing simple objects. Only one HIT per worker.","experiment, psychology, game, language, cognition, linguistics, description","$0.25 ","Fri Aug 08 09:13:17 PDT 2014","150","0","0","150","Reviewable","NotReviewed","1 scales","600","60000","Fri Aug 15 09:13:17 PDT 2014","S96334","Approved","","""boat""","""sail""","0","""right""","""left""","-1","4","0","14","0","0","-1","-1","""TRUE""","""null""","""null""","-1","-1","-1","-1","-1","-1","-1","0","-1","-1","-1","-1","""identifying Bob's interests to other Turkers""","""It was a clever HIT that did make me think.""","0","""keyboard""","""target""","""null""","""null""","""null""","""null""","""null""","TRUE","""null""","""null""","""null""","""null""","""boat""","""friend""","""null""","""null""","""null""","""null""","""sail""","""mustache""","""null""","""null""","""null""","""null""","""right""","""left""","""null""","""null""","""null""","""null""","""motor""","""glasses""","""null""","""null""","""null""","""null""","""left""","""right""","""null""","""null""","""null""","""null""","FALSE","TRUE","TRUE","FALSE","""kb1b""","NA","1","Checkbox"
"Object Description","Short and fun! A 1-2 minute word game about describing simple objects. Only one HIT per worker.","experiment, psychology, game, language, cognition, linguistics, description","$0.25 ","Fri Aug 08 09:13:17 PDT 2014","150","0","0","150","Reviewable","NotReviewed","1 scales","600","60000","Fri Aug 15 09:13:17 PDT 2014","S60576","Approved","","""Christmas tree""","""lights""","0","""right""","""middle""","-1","4","0","14","0","0","-1","-1","""TRUE""","""null""","""null""","-1","-1","-1","-1","-1","-1","-1","0","-1","-1","-1","-1","""Descriptions to others""","""This was fun.""","0","""keyboard""","""target""","""null""","""null""","""null""","""null""","""null""","TRUE","""null""","""null""","""null""","""null""","""Christmas tree""","""boat""","""null""","""null""","""null""","""null""","""lights""","""motor""","""null""","""null""","""null""","""null""","""right""","""left""","""null""","""null""","""null""","""null""","""star""","""cabin""","""null""","""null""","""null""","""null""","""middle""","""middle""","""null""","""null""","""null""","""null""","FALSE","TRUE","FALSE","TRUE","""kb1b""","1","1","Checkbox"
"Object Description","Short and fun! A 1-2 minute word game about describing simple objects. Only one HIT per worker.","experiment, psychology, game, language, cognition, linguistics, description","$0.25 ","Fri Aug 08 09:13:17 PDT 2014","150","0","0","150","Reviewable","NotReviewed","1 scales","600","60000","Fri Aug 15 09:13:17 PDT 2014","S51176","Approved","","""pizza""","""olives""","0","""middle""","""right""","-1","4","0","14","0","0","-1","-1","""TRUE""","""null""","""null""","-1","-1","-1","-1","-1","-1","-1","0","-1","-1","-1","-1","""dont know""","""none""","0","""keyboard""","""target""","""null""","""null""","""null""","""null""","""null""","TRUE","""null""","""null""","""null""","""null""","""pizza""","""Christmas tree""","""null""","""null""","""null""","""null""","""olives""","""star""","""null""","""null""","""null""","""null""","""middle""","""middle""","""null""","""null""","""null""","""null""","""mushrooms""","""ornaments""","""null""","""null""","""null""","""null""","""right""","""right""","""null""","""null""","""null""","""null""","FALSE","TRUE","FALSE","TRUE","""kb1b""","1","1","Checkbox"
"Object Description","Short and fun! A 1-2 minute word game about describing simple objects. Only one HIT per worker.","experiment, psychology, game, language, cognition, linguistics, description","$0.25 ","Fri Aug 08 09:13:17 PDT 2014","150","0","0","150","Reviewable","NotReviewed","1 scales","600","60000","Fri Aug 15 09:13:17 PDT 2014","S84109","Approved","","""pizza""","""peppers""","0","""left""","""middle""","-1","4","0","14","0","0","-1","-1","""TRUE""","""null""","""null""","-1","-1","-1","-1","-1","-1","-1","0","-1","-1","-1","-1","""Communicating with others using text""","""""","0","""keyboard""","""target""","""null""","""null""","""null""","""null""","""null""","TRUE","""null""","""null""","""null""","""null""","""pizza""","""snowman""","""null""","""null""","""null""","""null""","""peppers""","""mittens""","""null""","""null""","""null""","""null""","""left""","""right""","""null""","""null""","""null""","""null""","""olives""","""scarf""","""null""","""null""","""null""","""null""","""middle""","""middle""","""null""","""null""","""null""","""null""","FALSE","TRUE","FALSE","TRUE","""kb1b""","1","1","Checkbox"
"Object Description","Short and fun! A 1-2 minute word game about describing simple objects. Only one HIT per worker.","experiment, psychology, game, language, cognition, linguistics, description","$0.25 ","Fri Aug 08 09:13:17 PDT 2014","150","0","0","150","Reviewable","NotReviewed","1 scales","600","60000","Fri Aug 15 09:13:17 PDT 2014","S51449","Approved","","""pizza""","""olives""","0","""middle""","""right""","-1","4","0","14","0","0","-1","-1","""TRUE""","""null""","""null""","-1","-1","-1","-1","-1","-1","-1","0","-1","-1","-1","-1","""helping describing items""","""""","0","""keyboard""","""logical""","""null""","""null""","""null""","""null""","""null""","FALSE","""null""","""null""","""null""","""null""","""pizza""","""Christmas tree""","""null""","""null""","""null""","""null""","""olives""","""star""","""null""","""null""","""null""","""null""","""middle""","""right""","""null""","""null""","""null""","""null""","""mushrooms""","""lights""","""null""","""null""","""null""","""null""","""right""","""left""","""null""","""null""","""null""","""null""","TRUE","FALSE","TRUE","FALSE","""kb1b""","NA","0","Checkbox"
"Object Description","Short and fun! A 1-2 minute word game about describing simple objects. Only one HIT per worker.","experiment, psychology, game, language, cognition, linguistics, description","$0.25 ","Fri Aug 08 09:13:17 PDT 2014","150","0","0","150","Reviewable","NotReviewed","1 scales","600","60000","Fri Aug 15 09:13:17 PDT 2014","S18599","Approved","","""friend""","""hat""","0","""right""","""middle""","-1","4","0","14","0","0","-1","-1","""TRUE""","""null""","""null""","-1","-1","-1","-1","-1","-1","-1","0","-1","-1","-1","-1","""About how people use descriptions""","""No other comments. :)""","0","""keyboard""","""target""","""null""","""null""","""null""","""null""","""null""","TRUE","""null""","""null""","""null""","""null""","""friend""","""snowman""","""null""","""null""","""null""","""null""","""hat""","""mittens""","""null""","""null""","""null""","""null""","""right""","""right""","""null""","""null""","""null""","""null""","""mustache""","""hat""","""null""","""null""","""null""","""null""","""middle""","""left""","""null""","""null""","""null""","""null""","FALSE","TRUE","FALSE","FALSE","""kb1b""","0","1","Checkbox"
"Object Description","Short and fun! A 1-2 minute word game about describing simple objects. Only one HIT per worker.","experiment, psychology, game, language, cognition, linguistics, description","$0.25 ","Fri Aug 08 09:13:17 PDT 2014","150","0","0","150","Reviewable","NotReviewed","1 scales","600","60000","Fri Aug 15 09:13:17 PDT 2014","S01017","Approved","","""Christmas tree""","""star""","0","""right""","""middle""","-1","4","0","14","0","0","-1","-1","""FALSE""","""null""","""null""","-1","-1","-1","-1","-1","-1","-1","0","-1","-1","-1","-1","""communication""","""""","0","""keyboard""","""target""","""null""","""null""","""null""","""null""","""null""","TRUE","""null""","""null""","""null""","""null""","""Christmas tree""","""boat""","""null""","""null""","""null""","""null""","""star""","""motor""","""null""","""null""","""null""","""null""","""right""","""right""","""null""","""null""","""null""","""null""","""lights""","""sail""","""null""","""null""","""null""","""null""","""middle""","""left""","""null""","""null""","""null""","""null""","FALSE","TRUE","FALSE","TRUE","""kb1b""","1","1","Checkbox"
"Object Description","Short and fun! A 1-2 minute word game about describing simple objects. Only one HIT per worker.","experiment, psychology, game, language, cognition, linguistics, description","$0.25 ","Fri Aug 08 09:13:17 PDT 2014","150","0","0","150","Reviewable","NotReviewed","1 scales","600","60000","Fri Aug 15 09:13:17 PDT 2014","S56818","Approved","","""snowman""","""mittens""","0","""left""","""middle""","-1","4","0","14","0","0","-1","-1","""TRUE""","""null""","""null""","-1","-1","-1","-1","-1","-1","-1","0","-1","-1","-1","-1","""Perception""","""Survey is clear and easy to understand""","0","""keyboard""","""target""","""null""","""null""","""null""","""null""","""null""","TRUE","""null""","""null""","""null""","""null""","""snowman""","""friend""","""null""","""null""","""null""","""null""","""mittens""","""hat""","""null""","""null""","""null""","""null""","""left""","""left""","""null""","""null""","""null""","""null""","""hat""","""mustache""","""null""","""null""","""null""","""null""","""middle""","""right""","""null""","""null""","""null""","""null""","FALSE","TRUE","FALSE","TRUE","""kb1b""","1","1","Checkbox"
"Object Description","Short and fun! A 1-2 minute word game about describing simple objects. Only one HIT per worker.","experiment, psychology, game, language, cognition, linguistics, description","$0.25 ","Fri Aug 08 09:13:17 PDT 2014","150","0","0","150","Reviewable","NotReviewed","1 scales","600","60000","Fri Aug 15 09:13:17 PDT 2014","S69756","Approved","","""friend""","""glasses""","0","""left""","""right""","-1","4","0","14","0","0","-1","-1","""TRUE""","""null""","""null""","-1","-1","-1","-1","-1","-1","-1","0","-1","-1","-1","-1","""language""","""""","0","""keyboard""","""target""","""null""","""null""","""null""","""null""","""null""","TRUE","""null""","""null""","""null""","""null""","""friend""","""friend""","""null""","""null""","""null""","""null""","""glasses""","""glasses""","""null""","""null""","""null""","""null""","""left""","""left""","""null""","""null""","""null""","""null""","""mustache""","""hat""","""null""","""null""","""null""","""null""","""right""","""middle""","""null""","""null""","""null""","""null""","FALSE","TRUE","FALSE","TRUE","""kb1b""","1","1","Checkbox"
"Object Description","Short and fun! A 1-2 minute word game about describing simple objects. Only one HIT per worker.","experiment, psychology, game, language, cognition, linguistics, description","$0.25 ","Fri Aug 08 09:13:17 PDT 2014","150","0","0","150","Reviewable","NotReviewed","1 scales","600","60000","Fri Aug 15 09:13:17 PDT 2014","S83713","Approved","","""friend""","""mustache""","0","""left""","""middle""","-1","4","0","14","0","0","-1","-1","""TRUE""","""null""","""null""","-1","-1","-1","-1","-1","-1","-1","0","-1","-1","-1","-1","""Language""","""""","0","""keyboard""","""target""","""null""","""null""","""null""","""null""","""null""","TRUE","""null""","""null""","""null""","""null""","""friend""","""boat""","""null""","""null""","""null""","""null""","""mustache""","""motor""","""null""","""null""","""null""","""null""","""left""","""left""","""null""","""null""","""null""","""null""","""glasses""","""sail""","""null""","""null""","""null""","""null""","""middle""","""right""","""null""","""null""","""null""","""null""","FALSE","TRUE","FALSE","TRUE","""kb1b""","1","1","Checkbox"
"Object Description","Short and fun! A 1-2 minute word game about describing simple objects. Only one HIT per worker.","experiment, psychology, game, language, cognition, linguistics, description","$0.25 ","Fri Aug 08 09:13:17 PDT 2014","150","0","0","150","Reviewable","NotReviewed","1 scales","600","60000","Fri Aug 15 09:13:17 PDT 2014","S60467","Approved","","""friend""","""mustache""","0","""middle""","""right""","-1","4","0","14","0","0","-1","-1","""TRUE""","""null""","""null""","-1","-1","-1","-1","-1","-1","-1","0","-1","-1","-1","-1","""words""","""no""","0","""keyboard""","""target""","""null""","""null""","""null""","""null""","""null""","TRUE","""null""","""null""","""null""","""null""","""friend""","""sundae""","""null""","""null""","""null""","""null""","""mustache""","""cherry""","""null""","""null""","""null""","""null""","""middle""","""right""","""null""","""null""","""null""","""null""","""glasses""","""chocolate""","""null""","""null""","""null""","""null""","""right""","""left""","""null""","""null""","""null""","""null""","FALSE","TRUE","FALSE","FALSE","""kb1b""","0","1","Checkbox"
"Object Description","Short and fun! A 1-2 minute word game about describing simple objects. Only one HIT per worker.","experiment, psychology, game, language, cognition, linguistics, description","$0.25 ","Fri Aug 08 09:13:17 PDT 2014","150","0","0","150","Reviewable","NotReviewed","1 scales","600","60000","Fri Aug 15 09:13:17 PDT 2014","S14745","Approved","","""sundae""","""chocolate""","0","""left""","""middle""","-1","4","0","14","0","0","-1","-1","""FALSE""","""null""","""null""","-1","-1","-1","-1","-1","-1","-1","0","-1","-1","-1","-1","""Identifying how to specify objects by their details.""","""Yeah I have horrible memory sorry""","0","""keyboard""","""target""","""null""","""null""","""null""","""null""","""null""","TRUE","""null""","""null""","""null""","""null""","""sundae""","""snowman""","""null""","""null""","""null""","""null""","""chocolate""","""hat""","""null""","""null""","""null""","""null""","""left""","""left""","""null""","""null""","""null""","""null""","""cherry""","""mittens""","""null""","""null""","""null""","""null""","""middle""","""middle""","""null""","""null""","""null""","""null""","FALSE","TRUE","FALSE","TRUE","""kb1b""","1","1","Checkbox"
"Object Description","Short and fun! A 1-2 minute word game about describing simple objects. Only one HIT per worker.","experiment, psychology, game, language, cognition, linguistics, description","$0.25 ","Fri Aug 08 09:13:17 PDT 2014","150","0","0","150","Reviewable","NotReviewed","1 scales","600","60000","Fri Aug 15 09:13:17 PDT 2014","S62596","Approved","","""pizza""","""mushrooms""","0","""middle""","""right""","-1","4","0","14","0","0","-1","-1","""TRUE""","""null""","""null""","-1","-1","-1","-1","-1","-1","-1","0","-1","-1","-1","-1","""Describing pictures so others can see them.""","""""","0","""keyboard""","""foil""","""null""","""null""","""null""","""null""","""null""","FALSE","""null""","""null""","""null""","""null""","""pizza""","""boat""","""null""","""null""","""null""","""null""","""mushrooms""","""cabin""","""null""","""null""","""null""","""null""","""middle""","""left""","""null""","""null""","""null""","""null""","""peppers""","""motor""","""null""","""null""","""null""","""null""","""right""","""middle""","""null""","""null""","""null""","""null""","FALSE","TRUE","FALSE","TRUE","""kb1b""","1","0","Checkbox"
"Object Description","Short and fun! A 1-2 minute word game about describing simple objects. Only one HIT per worker.","experiment, psychology, game, language, cognition, linguistics, description","$0.25 ","Fri Aug 08 09:13:17 PDT 2014","150","0","0","150","Reviewable","NotReviewed","1 scales","600","60000","Fri Aug 15 09:13:17 PDT 2014","S25199","Approved","","""friend""","""glasses""","0","""middle""","""left""","-1","4","0","14","0","0","-1","-1","""FALSE""","""null""","""null""","-1","-1","-1","-1","-1","-1","-1","0","-1","-1","-1","-1","""Using the best way to describe an object so that others understand what you mean.""","""""","0","""keyboard""","""target""","""null""","""null""","""null""","""null""","""null""","TRUE","""null""","""null""","""null""","""null""","""friend""","""boat""","""null""","""null""","""null""","""null""","""glasses""","""cabin""","""null""","""null""","""null""","""null""","""middle""","""left""","""null""","""null""","""null""","""null""","""mustache""","""motor""","""null""","""null""","""null""","""null""","""left""","""middle""","""null""","""null""","""null""","""null""","FALSE","TRUE","FALSE","TRUE","""kb1b""","1","1","Checkbox"
"Object Description","Short and fun! A 1-2 minute word game about describing simple objects. Only one HIT per worker.","experiment, psychology, game, language, cognition, linguistics, description","$0.25 ","Fri Aug 08 09:13:17 PDT 2014","150","0","0","150","Reviewable","NotReviewed","1 scales","600","60000","Fri Aug 15 09:13:17 PDT 2014","S00464","Approved","","""snowman""","""scarf""","0","""middle""","""left""","-1","4","0","14","0","0","-1","-1","""TRUE""","""null""","""null""","-1","-1","-1","-1","-1","-1","-1","0","-1","-1","-1","-1","""I really have no idea""","""""","0","""keyboard""","""target""","""null""","""null""","""null""","""null""","""null""","TRUE","""null""","""null""","""null""","""null""","""snowman""","""pizza""","""null""","""null""","""null""","""null""","""scarf""","""peppers""","""null""","""null""","""null""","""null""","""middle""","""right""","""null""","""null""","""null""","""null""","""hat""","""mushrooms""","""null""","""null""","""null""","""null""","""left""","""left""","""null""","""null""","""null""","""null""","FALSE","TRUE","FALSE","TRUE","""kb1b""","1","1","Checkbox"
"Object Description","Short and fun! A 1-2 minute word game about describing simple objects. Only one HIT per worker.","experiment, psychology, game, language, cognition, linguistics, description","$0.25 ","Fri Aug 08 09:13:17 PDT 2014","150","0","0","150","Reviewable","NotReviewed","1 scales","600","60000","Fri Aug 15 09:13:17 PDT 2014","S41084","Approved","","""friend""","""mustache""","0","""right""","""middle""","-1","4","0","14","0","0","-1","-1","""TRUE""","""null""","""null""","-1","-1","-1","-1","-1","-1","-1","0","-1","-1","-1","-1","""Picking out what best describes an image and then trying to pick one with option someone else chose. ""","""""","0","""keyboard""","""foil""","""null""","""null""","""null""","""null""","""null""","FALSE","""null""","""null""","""null""","""null""","""friend""","""boat""","""null""","""null""","""null""","""null""","""mustache""","""cabin""","""null""","""null""","""null""","""null""","""right""","""left""","""null""","""null""","""null""","""null""","""glasses""","""motor""","""null""","""null""","""null""","""null""","""middle""","""middle""","""null""","""null""","""null""","""null""","FALSE","TRUE","FALSE","TRUE","""kb1b""","1","0","Checkbox"
"Object Description","Short and fun! A 1-2 minute word game about describing simple objects. Only one HIT per worker.","experiment, psychology, game, language, cognition, linguistics, description","$0.25 ","Fri Aug 08 09:13:17 PDT 2014","150","0","0","150","Reviewable","NotReviewed","1 scales","600","60000","Fri Aug 15 09:13:17 PDT 2014","S46292","Approved","","""Christmas tree""","""lights""","0","""left""","""middle""","-1","4","0","14","0","0","-1","-1","""TRUE""","""null""","""null""","-1","-1","-1","-1","-1","-1","-1","0","-1","-1","-1","-1","""determining how people decide based on previous info given""","""""","0","""keyboard""","""target""","""null""","""null""","""null""","""null""","""null""","TRUE","""null""","""null""","""null""","""null""","""Christmas tree""","""friend""","""null""","""null""","""null""","""null""","""lights""","""glasses""","""null""","""null""","""null""","""null""","""left""","""left""","""null""","""null""","""null""","""null""","""ornaments""","""mustache""","""null""","""null""","""null""","""null""","""middle""","""right""","""null""","""null""","""null""","""null""","FALSE","TRUE","FALSE","TRUE","""kb1b""","1","1","Checkbox"
"Object Description","Short and fun! A 1-2 minute word game about describing simple objects. Only one HIT per worker.","experiment, psychology, game, language, cognition, linguistics, description","$0.25 ","Fri Aug 08 09:13:17 PDT 2014","150","0","0","150","Reviewable","NotReviewed","1 scales","600","60000","Fri Aug 15 09:13:17 PDT 2014","S96253","Approved","","""friend""","""glasses""","0","""left""","""middle""","-1","4","0","14","0","0","-1","-1","""TRUE""","""null""","""null""","-1","-1","-1","-1","-1","-1","-1","0","-1","-1","-1","-1","""Figuring out which choice a turker is referring to (or picking the best description for my choice)""","""""","0","""keyboard""","""target""","""null""","""null""","""null""","""null""","""null""","TRUE","""null""","""null""","""null""","""null""","""friend""","""pizza""","""null""","""null""","""null""","""null""","""glasses""","""mushrooms""","""null""","""null""","""null""","""null""","""left""","""middle""","""null""","""null""","""null""","""null""","""hat""","""peppers""","""null""","""null""","""null""","""null""","""middle""","""left""","""null""","""null""","""null""","""null""","FALSE","TRUE","FALSE","TRUE","""kb1b""","1","1","Checkbox"
"Object Description","Short and fun! A 1-2 minute word game about describing simple objects. Only one HIT per worker.","experiment, psychology, game, language, cognition, linguistics, description","$0.25 ","Fri Aug 08 09:13:17 PDT 2014","150","0","0","150","Reviewable","NotReviewed","1 scales","600","60000","Fri Aug 15 09:13:17 PDT 2014","S40570","Approved","","""friend""","""glasses""","0","""middle""","""left""","-1","4","0","14","0","0","-1","-1","""FALSE""","""null""","""null""","-1","-1","-1","-1","-1","-1","-1","0","-1","-1","-1","-1","""Memory Checking""","""""","0","""keyboard""","""target""","""null""","""null""","""null""","""null""","""null""","TRUE","""null""","""null""","""null""","""null""","""friend""","""friend""","""null""","""null""","""null""","""null""","""glasses""","""glasses""","""null""","""null""","""null""","""null""","""middle""","""left""","""null""","""null""","""null""","""null""","""hat""","""hat""","""null""","""null""","""null""","""null""","""left""","""middle""","""null""","""null""","""null""","""null""","FALSE","TRUE","FALSE","TRUE","""kb1b""","1","1","Checkbox"
"Object Description","Short and fun! A 1-2 minute word game about describing simple objects. Only one HIT per worker.","experiment, psychology, game, language, cognition, linguistics, description","$0.25 ","Fri Aug 08 09:13:17 PDT 2014","150","0","0","150","Reviewable","NotReviewed","1 scales","600","60000","Fri Aug 15 09:13:17 PDT 2014","S42214","Approved","","""boat""","""sail""","0","""middle""","""left""","-1","4","0","14","0","0","-1","-1","""TRUE""","""null""","""null""","-1","-1","-1","-1","-1","-1","-1","0","-1","-1","-1","-1","""communication""","""""","0","""keyboard""","""target""","""null""","""null""","""null""","""null""","""null""","TRUE","""null""","""null""","""null""","""null""","""boat""","""pizza""","""null""","""null""","""null""","""null""","""sail""","""olives""","""null""","""null""","""null""","""null""","""middle""","""middle""","""null""","""null""","""null""","""null""","""cabin""","""mushrooms""","""null""","""null""","""null""","""null""","""left""","""left""","""null""","""null""","""null""","""null""","FALSE","TRUE","FALSE","TRUE","""kb1b""","1","1","Checkbox"
"Object Description","Short and fun! A 1-2 minute word game about describing simple objects. Only one HIT per worker.","experiment, psychology, game, language, cognition, linguistics, description","$0.25 ","Fri Aug 08 09:13:17 PDT 2014","150","0","0","150","Reviewable","NotReviewed","1 scales","600","60000","Fri Aug 15 09:13:17 PDT 2014","S55408","Approved","","""sundae""","""cherry""","0","""left""","""right""","-1","4","0","14","0","0","-1","-1","""TRUE""","""null""","""null""","-1","-1","-1","-1","-1","-1","-1","0","-1","-1","-1","-1","""ice cream and christmas trees""","""""","0","""keyboard""","""target""","""null""","""null""","""null""","""null""","""null""","TRUE","""null""","""null""","""null""","""null""","""sundae""","""Christmas tree""","""null""","""null""","""null""","""null""","""cherry""","""star""","""null""","""null""","""null""","""null""","""left""","""left""","""null""","""null""","""null""","""null""","""chocolate""","""ornaments""","""null""","""null""","""null""","""null""","""right""","""middle""","""null""","""null""","""null""","""null""","FALSE","TRUE","FALSE","TRUE","""kb1b""","1","1","Checkbox"
"Object Description","Short and fun! A 1-2 minute word game about describing simple objects. Only one HIT per worker.","experiment, psychology, game, language, cognition, linguistics, description","$0.25 ","Fri Aug 08 09:13:17 PDT 2014","150","0","0","150","Reviewable","NotReviewed","1 scales","600","60000","Fri Aug 15 09:13:17 PDT 2014","S06929","Approved","","""boat""","""cabin""","0","""right""","""left""","-1","4","0","14","0","0","-1","-1","""TRUE""","""null""","""null""","-1","-1","-1","-1","-1","-1","-1","0","-1","-1","-1","-1","""Descriptions""","""""","0","""keyboard""","""target""","""null""","""null""","""null""","""null""","""null""","TRUE","""null""","""null""","""null""","""null""","""boat""","""pizza""","""null""","""null""","""null""","""null""","""cabin""","""mushrooms""","""null""","""null""","""null""","""null""","""right""","""middle""","""null""","""null""","""null""","""null""","""sail""","""olives""","""null""","""null""","""null""","""null""","""left""","""right""","""null""","""null""","""null""","""null""","FALSE","TRUE","FALSE","TRUE","""kb1b""","1","1","Checkbox"
"Object Description","Short and fun! A 1-2 minute word game about describing simple objects. Only one HIT per worker.","experiment, psychology, game, language, cognition, linguistics, description","$0.25 ","Fri Aug 08 09:13:17 PDT 2014","150","0","0","150","Reviewable","NotReviewed","1 scales","600","60000","Fri Aug 15 09:13:17 PDT 2014","S75126","Approved","","""pizza""","""olives""","0","""right""","""left""","-1","4","0","14","0","0","-1","-1","""TRUE""","""null""","""null""","-1","-1","-1","-1","-1","-1","-1","0","-1","-1","-1","-1","""boats""","""""","0","""keyboard""","""target""","""null""","""null""","""null""","""null""","""null""","TRUE","""null""","""null""","""null""","""null""","""pizza""","""boat""","""null""","""null""","""null""","""null""","""olives""","""cabin""","""null""","""null""","""null""","""null""","""right""","""middle""","""null""","""null""","""null""","""null""","""mushrooms""","""sail""","""null""","""null""","""null""","""null""","""left""","""right""","""null""","""null""","""null""","""null""","FALSE","TRUE","FALSE","TRUE","""kb1b""","1","1","Checkbox"
"Object Description","Short and fun! A 1-2 minute word game about describing simple objects. Only one HIT per worker.","experiment, psychology, game, language, cognition, linguistics, description","$0.25 ","Fri Aug 08 09:13:17 PDT 2014","150","0","0","150","Reviewable","NotReviewed","1 scales","600","60000","Fri Aug 15 09:13:17 PDT 2014","S00531","Approved","","""sundae""","""whipped cream""","0","""middle""","""left""","-1","4","0","14","0","0","-1","-1","""FALSE""","""null""","""null""","-1","-1","-1","-1","-1","-1","-1","0","-1","-1","-1","-1","""Discription of object""","""""","0","""keyboard""","""target""","""null""","""null""","""null""","""null""","""null""","TRUE","""null""","""null""","""null""","""null""","""sundae""","""Christmas tree""","""null""","""null""","""null""","""null""","""whipped cream""","""star""","""null""","""null""","""null""","""null""","""middle""","""middle""","""null""","""null""","""null""","""null""","""cherry""","""lights""","""null""","""null""","""null""","""null""","""left""","""right""","""null""","""null""","""null""","""null""","FALSE","TRUE","FALSE","FALSE","""kb1b""","0","1","Checkbox"
"Object Description","Short and fun! A 1-2 minute word game about describing simple objects. Only one HIT per worker.","experiment, psychology, game, language, cognition, linguistics, description","$0.25 ","Fri Aug 08 09:13:17 PDT 2014","150","0","0","150","Reviewable","NotReviewed","1 scales","600","60000","Fri Aug 15 09:13:17 PDT 2014","S11149","Approved","","""pizza""","""peppers""","0","""right""","""middle""","-1","4","0","14","0","0","-1","-1","""TRUE""","""null""","""null""","-1","-1","-1","-1","-1","-1","-1","0","-1","-1","-1","-1","""Problem solving and reasoning.""","""no additional comments.""","0","""keyboard""","""target""","""null""","""null""","""null""","""null""","""null""","TRUE","""null""","""null""","""null""","""null""","""pizza""","""sundae""","""null""","""null""","""null""","""null""","""peppers""","""whipped cream""","""null""","""null""","""null""","""null""","""right""","""left""","""null""","""null""","""null""","""null""","""mushrooms""","""cherry""","""null""","""null""","""null""","""null""","""middle""","""right""","""null""","""null""","""null""","""null""","FALSE","TRUE","FALSE","FALSE","""kb1b""","0","1","Checkbox"
"Object Description","Short and fun! A 1-2 minute word game about describing simple objects. Only one HIT per worker.","experiment, psychology, game, language, cognition, linguistics, description","$0.25 ","Fri Aug 08 09:13:17 PDT 2014","150","0","0","150","Reviewable","NotReviewed","1 scales","600","60000","Fri Aug 15 09:13:17 PDT 2014","S50739","Approved","","""Christmas tree""","""ornaments""","0","""left""","""right""","-1","4","0","14","0","0","-1","-1","""TRUE""","""null""","""null""","-1","-1","-1","-1","-1","-1","-1","0","-1","-1","-1","-1","""Describing objects to fellow turkers""","""""","0","""keyboard""","""target""","""null""","""null""","""null""","""null""","""null""","TRUE","""null""","""null""","""null""","""null""","""Christmas tree""","""friend""","""null""","""null""","""null""","""null""","""ornaments""","""hat""","""null""","""null""","""null""","""null""","""left""","""left""","""null""","""null""","""null""","""null""","""lights""","""glasses""","""null""","""null""","""null""","""null""","""right""","""right""","""null""","""null""","""null""","""null""","FALSE","TRUE","FALSE","TRUE","""kb1b""","1","1","Checkbox"
"Object Description","Short and fun! A 1-2 minute word game about describing simple objects. Only one HIT per worker.","experiment, psychology, game, language, cognition, linguistics, description","$0.25 ","Fri Aug 08 09:13:17 PDT 2014","150","0","0","150","Reviewable","NotReviewed","1 scales","600","60000","Fri Aug 15 09:13:17 PDT 2014","S39781","Approved","","""friend""","""glasses""","0","""right""","""middle""","-1","4","0","14","0","0","-1","-1","""TRUE""","""null""","""null""","-1","-1","-1","-1","-1","-1","-1","0","-1","-1","-1","-1","""Understanding contextual clues""","""""","0","""keyboard""","""target""","""null""","""null""","""null""","""null""","""null""","TRUE","""null""","""null""","""null""","""null""","""friend""","""sundae""","""null""","""null""","""null""","""null""","""glasses""","""whipped cream""","""null""","""null""","""null""","""null""","""right""","""left""","""null""","""null""","""null""","""null""","""hat""","""cherry""","""null""","""null""","""null""","""null""","""middle""","""right""","""null""","""null""","""null""","""null""","FALSE","TRUE","FALSE","TRUE","""kb1b""","1","1","Checkbox"
"Object Description","Short and fun! A 1-2 minute word game about describing simple objects. Only one HIT per worker.","experiment, psychology, game, language, cognition, linguistics, description","$0.25 ","Fri Aug 08 09:13:17 PDT 2014","150","0","0","150","Reviewable","NotReviewed","1 scales","600","60000","Fri Aug 15 09:13:17 PDT 2014","S68954","Approved","","""snowman""","""mittens""","0","""right""","""middle""","-1","4","0","14","0","0","-1","-1","""TRUE""","""null""","""null""","-1","-1","-1","-1","-1","-1","-1","0","-1","-1","-1","-1","""How people describe things to others.""","""""","0","""keyboard""","""target""","""null""","""null""","""null""","""null""","""null""","TRUE","""null""","""null""","""null""","""null""","""snowman""","""sundae""","""null""","""null""","""null""","""null""","""mittens""","""whipped cream""","""null""","""null""","""null""","""null""","""right""","""middle""","""null""","""null""","""null""","""null""","""scarf""","""chocolate""","""null""","""null""","""null""","""null""","""middle""","""left""","""null""","""null""","""null""","""null""","FALSE","TRUE","FALSE","TRUE","""kb1b""","1","1","Checkbox"
"Object Description","Short and fun! A 1-2 minute word game about describing simple objects. Only one HIT per worker.","experiment, psychology, game, language, cognition, linguistics, description","$0.25 ","Fri Aug 08 09:13:17 PDT 2014","150","0","0","150","Reviewable","NotReviewed","1 scales","600","60000","Fri Aug 15 09:13:17 PDT 2014","S73878","Approved","","""sundae""","""cherry""","0","""right""","""middle""","-1","4","0","14","0","0","-1","-1","""TRUE""","""null""","""null""","-1","-1","-1","-1","-1","-1","-1","0","-1","-1","-1","-1","""I'm not sure.""","""""","0","""keyboard""","""target""","""null""","""null""","""null""","""null""","""null""","TRUE","""null""","""null""","""null""","""null""","""sundae""","""friend""","""null""","""null""","""null""","""null""","""cherry""","""hat""","""null""","""null""","""null""","""null""","""right""","""middle""","""null""","""null""","""null""","""null""","""chocolate""","""mustache""","""null""","""null""","""null""","""null""","""middle""","""left""","""null""","""null""","""null""","""null""","FALSE","TRUE","FALSE","TRUE","""kb1b""","1","1","Checkbox"
"Object Description","Short and fun! A 1-2 minute word game about describing simple objects. Only one HIT per worker.","experiment, psychology, game, language, cognition, linguistics, description","$0.25 ","Fri Aug 08 09:13:17 PDT 2014","150","0","0","150","Reviewable","NotReviewed","1 scales","600","60000","Fri Aug 15 09:13:17 PDT 2014","S40118","Approved","","""snowman""","""hat""","0","""left""","""middle""","-1","4","0","14","0","0","-1","-1","""TRUE""","""null""","""null""","-1","-1","-1","-1","-1","-1","-1","0","-1","-1","-1","-1","""Giving advice ""","""Nope""","0","""keyboard""","""logical""","""null""","""null""","""null""","""null""","""null""","FALSE","""null""","""null""","""null""","""null""","""snowman""","""boat""","""null""","""null""","""null""","""null""","""hat""","""motor""","""null""","""null""","""null""","""null""","""left""","""left""","""null""","""null""","""null""","""null""","""scarf""","""cabin""","""null""","""null""","""null""","""null""","""middle""","""right""","""null""","""null""","""null""","""null""","FALSE","TRUE","FALSE","FALSE","""kb1b""","0","0","Checkbox"
"Object Description","Short and fun! A 1-2 minute word game about describing simple objects. Only one HIT per worker.","experiment, psychology, game, language, cognition, linguistics, description","$0.25 ","Fri Aug 08 09:13:17 PDT 2014","150","0","0","150","Reviewable","NotReviewed","1 scales","600","60000","Fri Aug 15 09:13:17 PDT 2014","S20727","Approved","","""boat""","""sail""","0","""middle""","""left""","-1","4","0","14","0","0","-1","-1","""TRUE""","""null""","""null""","-1","-1","-1","-1","-1","-1","-1","0","-1","-1","-1","-1","""boats and snowmen""","""no""","0","""keyboard""","""target""","""null""","""null""","""null""","""null""","""null""","TRUE","""null""","""null""","""null""","""null""","""boat""","""snowman""","""null""","""null""","""null""","""null""","""sail""","""mittens""","""null""","""null""","""null""","""null""","""middle""","""right""","""null""","""null""","""null""","""null""","""cabin""","""hat""","""null""","""null""","""null""","""null""","""left""","""left""","""null""","""null""","""null""","""null""","FALSE","TRUE","FALSE","TRUE","""kb1b""","1","1","Checkbox"
"Object Description","Short and fun! A 1-2 minute word game about describing simple objects. Only one HIT per worker.","experiment, psychology, game, language, cognition, linguistics, description","$0.25 ","Fri Aug 08 09:13:17 PDT 2014","150","0","0","150","Reviewable","NotReviewed","1 scales","600","60000","Fri Aug 15 09:13:17 PDT 2014","S54469","Approved","","""boat""","""motor""","0","""left""","""middle""","-1","4","0","14","0","0","-1","-1","""TRUE""","""null""","""null""","-1","-1","-1","-1","-1","-1","-1","0","-1","-1","-1","-1","""observations""","""""","0","""keyboard""","""target""","""null""","""null""","""null""","""null""","""null""","TRUE","""null""","""null""","""null""","""null""","""boat""","""friend""","""null""","""null""","""null""","""null""","""motor""","""mustache""","""null""","""null""","""null""","""null""","""left""","""middle""","""null""","""null""","""null""","""null""","""cabin""","""glasses""","""null""","""null""","""null""","""null""","""middle""","""left""","""null""","""null""","""null""","""null""","TRUE","FALSE","FALSE","TRUE","""kb1b""","NA","1","Checkbox"
"Object Description","Short and fun! A 1-2 minute word game about describing simple objects. Only one HIT per worker.","experiment, psychology, game, language, cognition, linguistics, description","$0.25 ","Fri Aug 08 09:13:17 PDT 2014","150","0","0","150","Reviewable","NotReviewed","1 scales","600","60000","Fri Aug 15 09:13:17 PDT 2014","S07360","Approved","","""pizza""","""olives""","0","""middle""","""right""","-1","4","0","14","0","0","-1","-1","""TRUE""","""null""","""null""","-1","-1","-1","-1","-1","-1","-1","0","-1","-1","-1","-1","""Picking which foods someone picked, or vice versa""","""""","0","""keyboard""","""target""","""null""","""null""","""null""","""null""","""null""","TRUE","""null""","""null""","""null""","""null""","""pizza""","""sundae""","""null""","""null""","""null""","""null""","""olives""","""chocolate""","""null""","""null""","""null""","""null""","""middle""","""left""","""null""","""null""","""null""","""null""","""mushrooms""","""cherry""","""null""","""null""","""null""","""null""","""right""","""middle""","""null""","""null""","""null""","""null""","FALSE","TRUE","FALSE","TRUE","""kb1b""","1","1","Checkbox"
"Object Description","Short and fun! A 1-2 minute word game about describing simple objects. Only one HIT per worker.","experiment, psychology, game, language, cognition, linguistics, description","$0.25 ","Fri Aug 08 09:13:17 PDT 2014","150","0","0","150","Reviewable","NotReviewed","1 scales","600","60000","Fri Aug 15 09:13:17 PDT 2014","S75198","Approved","","""boat""","""sail""","0","""middle""","""left""","-1","4","0","14","0","0","-1","-1","""TRUE""","""null""","""null""","-1","-1","-1","-1","-1","-1","-1","0","-1","-1","-1","-1","""describing objects""","""""","0","""keyboard""","""target""","""null""","""null""","""null""","""null""","""null""","TRUE","""null""","""null""","""null""","""null""","""boat""","""Christmas tree""","""null""","""null""","""null""","""null""","""sail""","""star""","""null""","""null""","""null""","""null""","""middle""","""right""","""null""","""null""","""null""","""null""","""cabin""","""lights""","""null""","""null""","""null""","""null""","""left""","""left""","""null""","""null""","""null""","""null""","FALSE","TRUE","FALSE","FALSE","""kb1b""","0","1","Checkbox"
"Object Description","Short and fun! A 1-2 minute word game about describing simple objects. Only one HIT per worker.","experiment, psychology, game, language, cognition, linguistics, description","$0.25 ","Fri Aug 08 09:13:17 PDT 2014","150","0","0","150","Reviewable","NotReviewed","1 scales","600","60000","Fri Aug 15 09:13:17 PDT 2014","S93043","Approved","","""friend""","""glasses""","0","""right""","""middle""","-1","4","0","14","0","0","-1","-1","""TRUE""","""null""","""null""","-1","-1","-1","-1","-1","-1","-1","0","-1","-1","-1","-1","""describing things""","""""","0","""keyboard""","""target""","""null""","""null""","""null""","""null""","""null""","TRUE","""null""","""null""","""null""","""null""","""friend""","""boat""","""null""","""null""","""null""","""null""","""glasses""","""motor""","""null""","""null""","""null""","""null""","""right""","""left""","""null""","""null""","""null""","""null""","""hat""","""sail""","""null""","""null""","""null""","""null""","""middle""","""right""","""null""","""null""","""null""","""null""","FALSE","TRUE","FALSE","FALSE","""kb1b""","0","1","Checkbox"
"Object Description","Short and fun! A 1-2 minute word game about describing simple objects. Only one HIT per worker.","experiment, psychology, game, language, cognition, linguistics, description","$0.25 ","Fri Aug 08 09:13:17 PDT 2014","150","0","0","150","Reviewable","NotReviewed","1 scales","600","60000","Fri Aug 15 09:13:17 PDT 2014","S43937","Approved","","""snowman""","""scarf""","0","""middle""","""left""","-1","4","0","14","0","0","-1","-1","""TRUE""","""null""","""null""","-1","-1","-1","-1","-1","-1","-1","0","-1","-1","-1","-1","""choosing a word to differentiate between three snowmen""","""N/A""","0","""keyboard""","""foil""","""null""","""null""","""null""","""null""","""null""","FALSE","""null""","""null""","""null""","""null""","""snowman""","""snowman""","""null""","""null""","""null""","""null""","""scarf""","""mittens""","""null""","""null""","""null""","""null""","""middle""","""middle""","""null""","""null""","""null""","""null""","""hat""","""hat""","""null""","""null""","""null""","""null""","""left""","""left""","""null""","""null""","""null""","""null""","FALSE","TRUE","FALSE","FALSE","""kb1b""","0","0","Checkbox"
"Object Description","Short and fun! A 1-2 minute word game about describing simple objects. Only one HIT per worker.","experiment, psychology, game, language, cognition, linguistics, description","$0.25 ","Fri Aug 08 09:13:17 PDT 2014","150","0","0","150","Reviewable","NotReviewed","1 scales","600","60000","Fri Aug 15 09:13:17 PDT 2014","S60292","Approved","","""friend""","""mustache""","0","""middle""","""right""","-1","4","0","14","0","0","-1","-1","""TRUE""","""null""","""null""","-1","-1","-1","-1","-1","-1","-1","0","-1","-1","-1","-1","""describing friends and a snowman""","""none""","0","""keyboard""","""target""","""null""","""null""","""null""","""null""","""null""","TRUE","""null""","""null""","""null""","""null""","""friend""","""snowman""","""null""","""null""","""null""","""null""","""mustache""","""scarf""","""null""","""null""","""null""","""null""","""middle""","""right""","""null""","""null""","""null""","""null""","""glasses""","""mittens""","""null""","""null""","""null""","""null""","""right""","""middle""","""null""","""null""","""null""","""null""","FALSE","TRUE","FALSE","TRUE","""kb1b""","1","1","Checkbox"
"Object Description","Short and fun! A 1-2 minute word game about describing simple objects. Only one HIT per worker.","experiment, psychology, game, language, cognition, linguistics, description","$0.25 ","Fri Aug 08 09:13:17 PDT 2014","150","0","0","150","Reviewable","NotReviewed","1 scales","600","60000","Fri Aug 15 09:13:17 PDT 2014","S54905","Approved","","""pizza""","""mushrooms""","0","""middle""","""right""","-1","4","0","14","0","0","-1","-1","""TRUE""","""null""","""null""","-1","-1","-1","-1","-1","-1","-1","0","-1","-1","-1","-1","""Communication""","""This was fun""","0","""keyboard""","""logical""","""null""","""null""","""null""","""null""","""null""","FALSE","""null""","""null""","""null""","""null""","""pizza""","""friend""","""null""","""null""","""null""","""null""","""mushrooms""","""hat""","""null""","""null""","""null""","""null""","""middle""","""middle""","""null""","""null""","""null""","""null""","""peppers""","""glasses""","""null""","""null""","""null""","""null""","""right""","""left""","""null""","""null""","""null""","""null""","FALSE","TRUE","FALSE","TRUE","""kb1b""","1","0","Checkbox"
"Object Description","Short and fun! A 1-2 minute word game about describing simple objects. Only one HIT per worker.","experiment, psychology, game, language, cognition, linguistics, description","$0.25 ","Fri Aug 08 09:13:17 PDT 2014","150","0","0","150","Reviewable","NotReviewed","1 scales","600","60000","Fri Aug 15 09:13:17 PDT 2014","S22079","Approved","","""sundae""","""cherry""","0","""middle""","""right""","-1","4","0","14","0","0","-1","-1","""TRUE""","""null""","""null""","-1","-1","-1","-1","-1","-1","-1","0","-1","-1","-1","-1","""not sure""","""none""","0","""keyboard""","""target""","""null""","""null""","""null""","""null""","""null""","TRUE","""null""","""null""","""null""","""null""","""sundae""","""boat""","""null""","""null""","""null""","""null""","""cherry""","""sail""","""null""","""null""","""null""","""null""","""middle""","""left""","""null""","""null""","""null""","""null""","""chocolate""","""motor""","""null""","""null""","""null""","""null""","""right""","""middle""","""null""","""null""","""null""","""null""","FALSE","TRUE","FALSE","FALSE","""kb1b""","0","1","Checkbox"
"Object Description","Short and fun! A 1-2 minute word game about describing simple objects. Only one HIT per worker.","experiment, psychology, game, language, cognition, linguistics, description","$0.25 ","Fri Aug 08 09:13:17 PDT 2014","150","0","0","150","Reviewable","NotReviewed","1 scales","600","60000","Fri Aug 15 09:13:17 PDT 2014","S65452","Approved","","""Christmas tree""","""lights""","0","""middle""","""left""","-1","4","0","14","0","0","-1","-1","""TRUE""","""null""","""null""","-1","-1","-1","-1","-1","-1","-1","0","-1","-1","-1","-1","""Picking or describing a picture to someone, like a Xmas tree that Bob cut down or the smiley faces.""","""The other turker that only picked mustached really screwed me.  There were two options for mustache.""","0","""keyboard""","""target""","""null""","""null""","""null""","""null""","""null""","TRUE","""null""","""null""","""null""","""null""","""Christmas tree""","""friend""","""null""","""null""","""null""","""null""","""lights""","""mustache""","""null""","""null""","""null""","""null""","""middle""","""middle""","""null""","""null""","""null""","""null""","""star""","""glasses""","""null""","""null""","""null""","""null""","""left""","""right""","""null""","""null""","""null""","""null""","FALSE","TRUE","FALSE","TRUE","""kb1b""","1","1","Checkbox"
"Object Description","Short and fun! A 1-2 minute word game about describing simple objects. Only one HIT per worker.","experiment, psychology, game, language, cognition, linguistics, description","$0.25 ","Fri Aug 08 09:13:17 PDT 2014","150","0","0","150","Reviewable","NotReviewed","1 scales","600","60000","Fri Aug 15 09:13:17 PDT 2014","S77084","Approved","","""boat""","""cabin""","0","""middle""","""left""","-1","4","0","14","0","0","-1","-1","""TRUE""","""null""","""null""","-1","-1","-1","-1","-1","-1","-1","0","-1","-1","-1","-1","""descriptions""","""""","0","""keyboard""","""logical""","""null""","""null""","""null""","""null""","""null""","FALSE","""null""","""null""","""null""","""null""","""boat""","""Christmas tree""","""null""","""null""","""null""","""null""","""cabin""","""ornaments""","""null""","""null""","""null""","""null""","""middle""","""right""","""null""","""null""","""null""","""null""","""sail""","""star""","""null""","""null""","""null""","""null""","""left""","""middle""","""null""","""null""","""null""","""null""","TRUE","FALSE","TRUE","FALSE","""kb1b""","NA","0","Checkbox"
"Object Description","Short and fun! A 1-2 minute word game about describing simple objects. Only one HIT per worker.","experiment, psychology, game, language, cognition, linguistics, description","$0.25 ","Fri Aug 08 09:13:17 PDT 2014","150","0","0","150","Reviewable","NotReviewed","1 scales","600","60000","Fri Aug 15 09:13:17 PDT 2014","S81676","Approved","","""boat""","""sail""","0","""right""","""middle""","-1","4","0","14","0","0","-1","-1","""TRUE""","""null""","""null""","-1","-1","-1","-1","-1","-1","-1","0","-1","-1","-1","-1","""try to communicate with one word""","""""","0","""keyboard""","""target""","""null""","""null""","""null""","""null""","""null""","TRUE","""null""","""null""","""null""","""null""","""boat""","""friend""","""null""","""null""","""null""","""null""","""sail""","""mustache""","""null""","""null""","""null""","""null""","""right""","""middle""","""null""","""null""","""null""","""null""","""cabin""","""hat""","""null""","""null""","""null""","""null""","""middle""","""right""","""null""","""null""","""null""","""null""","FALSE","TRUE","FALSE","FALSE","""kb1b""","0","1","Checkbox"
"Object Description","Short and fun! A 1-2 minute word game about describing simple objects. Only one HIT per worker.","experiment, psychology, game, language, cognition, linguistics, description","$0.25 ","Fri Aug 08 09:13:17 PDT 2014","150","0","0","150","Reviewable","NotReviewed","1 scales","600","60000","Fri Aug 15 09:13:17 PDT 2014","S82559","Approved","","""friend""","""glasses""","0","""middle""","""left""","-1","4","0","14","0","0","-1","-1","""TRUE""","""null""","""null""","-1","-1","-1","-1","-1","-1","-1","0","-1","-1","-1","-1","""No clue""","""Bob is really into Christmas trees I take it""","0","""keyboard""","""target""","""null""","""null""","""null""","""null""","""null""","TRUE","""null""","""null""","""null""","""null""","""friend""","""Christmas tree""","""null""","""null""","""null""","""null""","""glasses""","""ornaments""","""null""","""null""","""null""","""null""","""middle""","""left""","""null""","""null""","""null""","""null""","""hat""","""star""","""null""","""null""","""null""","""null""","""left""","""middle""","""null""","""null""","""null""","""null""","FALSE","TRUE","FALSE","TRUE","""kb1b""","1","1","Checkbox"
"Object Description","Short and fun! A 1-2 minute word game about describing simple objects. Only one HIT per worker.","experiment, psychology, game, language, cognition, linguistics, description","$0.25 ","Fri Aug 08 09:13:17 PDT 2014","150","0","0","150","Reviewable","NotReviewed","1 scales","600","60000","Fri Aug 15 09:13:17 PDT 2014","S96473","Approved","","""boat""","""motor""","0","""middle""","""right""","-1","4","0","14","0","0","-1","-1","""TRUE""","""null""","""null""","-1","-1","-1","-1","-1","-1","-1","0","-1","-1","-1","-1","""communicating a selection""","""""","0","""keyboard""","""target""","""null""","""null""","""null""","""null""","""null""","TRUE","""null""","""null""","""null""","""null""","""boat""","""snowman""","""null""","""null""","""null""","""null""","""motor""","""mittens""","""null""","""null""","""null""","""null""","""middle""","""left""","""null""","""null""","""null""","""null""","""sail""","""scarf""","""null""","""null""","""null""","""null""","""right""","""middle""","""null""","""null""","""null""","""null""","FALSE","TRUE","FALSE","TRUE","""kb1b""","1","1","Checkbox"
"Object Description","Short and fun! A 1-2 minute word game about describing simple objects. Only one HIT per worker.","experiment, psychology, game, language, cognition, linguistics, description","$0.25 ","Fri Aug 08 09:13:17 PDT 2014","150","0","0","150","Reviewable","NotReviewed","1 scales","600","60000","Fri Aug 15 09:13:17 PDT 2014","S15158","Approved","","""pizza""","""olives""","0","""middle""","""right""","-1","4","0","14","0","0","-1","-1","""TRUE""","""null""","""null""","-1","-1","-1","-1","-1","-1","-1","0","-1","-1","-1","-1","""words""","""""","0","""keyboard""","""target""","""null""","""null""","""null""","""null""","""null""","TRUE","""null""","""null""","""null""","""null""","""pizza""","""friend""","""null""","""null""","""null""","""null""","""olives""","""hat""","""null""","""null""","""null""","""null""","""middle""","""right""","""null""","""null""","""null""","""null""","""mushrooms""","""glasses""","""null""","""null""","""null""","""null""","""right""","""middle""","""null""","""null""","""null""","""null""","FALSE","TRUE","FALSE","TRUE","""kb1b""","1","1","Checkbox"
"Object Description","Short and fun! A 1-2 minute word game about describing simple objects. Only one HIT per worker.","experiment, psychology, game, language, cognition, linguistics, description","$0.25 ","Fri Aug 08 09:13:17 PDT 2014","150","0","0","150","Reviewable","NotReviewed","1 scales","600","60000","Fri Aug 15 09:13:17 PDT 2014","S56712","Approved","","""boat""","""motor""","0","""middle""","""left""","-1","4","0","14","0","0","-1","-1","""TRUE""","""null""","""null""","-1","-1","-1","-1","-1","-1","-1","0","-1","-1","-1","-1","""How to describe boats""","""""","0","""keyboard""","""target""","""null""","""null""","""null""","""null""","""null""","TRUE","""null""","""null""","""null""","""null""","""boat""","""boat""","""null""","""null""","""null""","""null""","""motor""","""sail""","""null""","""null""","""null""","""null""","""middle""","""right""","""null""","""null""","""null""","""null""","""cabin""","""cabin""","""null""","""null""","""null""","""null""","""left""","""middle""","""null""","""null""","""null""","""null""","FALSE","TRUE","FALSE","FALSE","""kb1b""","0","1","Checkbox"
"Object Description","Short and fun! A 1-2 minute word game about describing simple objects. Only one HIT per worker.","experiment, psychology, game, language, cognition, linguistics, description","$0.25 ","Fri Aug 08 09:13:17 PDT 2014","150","0","0","150","Reviewable","NotReviewed","1 scales","600","60000","Fri Aug 15 09:13:17 PDT 2014","S55416","Approved","","""pizza""","""olives""","0","""middle""","""left""","-1","4","0","14","0","0","-1","-1","""TRUE""","""null""","""null""","-1","-1","-1","-1","-1","-1","-1","0","-1","-1","-1","-1","""Trees and pizza""","""""","0","""keyboard""","""target""","""null""","""null""","""null""","""null""","""null""","TRUE","""null""","""null""","""null""","""null""","""pizza""","""Christmas tree""","""null""","""null""","""null""","""null""","""olives""","""ornaments""","""null""","""null""","""null""","""null""","""middle""","""middle""","""null""","""null""","""null""","""null""","""mushrooms""","""lights""","""null""","""null""","""null""","""null""","""left""","""right""","""null""","""null""","""null""","""null""","FALSE","TRUE","FALSE","TRUE","""kb1b""","1","1","Checkbox"
"Object Description","Short and fun! A 1-2 minute word game about describing simple objects. Only one HIT per worker.","experiment, psychology, game, language, cognition, linguistics, description","$0.25 ","Fri Aug 08 09:13:17 PDT 2014","150","0","0","150","Reviewable","NotReviewed","1 scales","600","60000","Fri Aug 15 09:13:17 PDT 2014","S44035","Approved","","""boat""","""sail""","0","""middle""","""left""","-1","4","0","14","0","0","-1","-1","""TRUE""","""null""","""null""","-1","-1","-1","-1","-1","-1","-1","0","-1","-1","-1","-1","""Figuring out how to convey pictures to another""","""""","0","""keyboard""","""target""","""null""","""null""","""null""","""null""","""null""","TRUE","""null""","""null""","""null""","""null""","""boat""","""sundae""","""null""","""null""","""null""","""null""","""sail""","""chocolate""","""null""","""null""","""null""","""null""","""middle""","""right""","""null""","""null""","""null""","""null""","""motor""","""whipped cream""","""null""","""null""","""null""","""null""","""left""","""left""","""null""","""null""","""null""","""null""","FALSE","TRUE","FALSE","TRUE","""kb1b""","1","1","Checkbox"
"Object Description","Short and fun! A 1-2 minute word game about describing simple objects. Only one HIT per worker.","experiment, psychology, game, language, cognition, linguistics, description","$0.25 ","Fri Aug 08 09:13:17 PDT 2014","150","0","0","150","Reviewable","NotReviewed","1 scales","600","60000","Fri Aug 15 09:13:17 PDT 2014","S15296","Approved","","""snowman""","""mittens""","0","""middle""","""left""","-1","4","0","14","0","0","-1","-1","""TRUE""","""null""","""null""","-1","-1","-1","-1","-1","-1","-1","0","-1","-1","-1","-1","""Describing things""","""""","0","""keyboard""","""target""","""null""","""null""","""null""","""null""","""null""","TRUE","""null""","""null""","""null""","""null""","""snowman""","""friend""","""null""","""null""","""null""","""null""","""mittens""","""mustache""","""null""","""null""","""null""","""null""","""middle""","""middle""","""null""","""null""","""null""","""null""","""scarf""","""hat""","""null""","""null""","""null""","""null""","""left""","""right""","""null""","""null""","""null""","""null""","FALSE","TRUE","FALSE","TRUE","""kb1b""","1","1","Checkbox"
"Object Description","Short and fun! A 1-2 minute word game about describing simple objects. Only one HIT per worker.","experiment, psychology, game, language, cognition, linguistics, description","$0.25 ","Fri Aug 08 09:13:17 PDT 2014","150","0","0","150","Reviewable","NotReviewed","1 scales","600","60000","Fri Aug 15 09:13:17 PDT 2014","S83371","Approved","","""sundae""","""whipped cream""","0","""right""","""left""","-1","4","0","14","0","0","-1","-1","""TRUE""","""null""","""null""","-1","-1","-1","-1","-1","-1","-1","0","-1","-1","-1","-1","""Describing things""","""""","0","""keyboard""","""target""","""null""","""null""","""null""","""null""","""null""","TRUE","""null""","""null""","""null""","""null""","""sundae""","""friend""","""null""","""null""","""null""","""null""","""whipped cream""","""mustache""","""null""","""null""","""null""","""null""","""right""","""middle""","""null""","""null""","""null""","""null""","""cherry""","""hat""","""null""","""null""","""null""","""null""","""left""","""left""","""null""","""null""","""null""","""null""","FALSE","TRUE","FALSE","TRUE","""kb1b""","1","1","Checkbox"
"Object Description","Short and fun! A 1-2 minute word game about describing simple objects. Only one HIT per worker.","experiment, psychology, game, language, cognition, linguistics, description","$0.25 ","Fri Aug 08 09:13:17 PDT 2014","150","0","0","150","Reviewable","NotReviewed","1 scales","600","60000","Fri Aug 15 09:13:17 PDT 2014","S22947","Approved","","""boat""","""sail""","0","""middle""","""right""","-1","4","0","14","0","0","-1","-1","""TRUE""","""null""","""null""","-1","-1","-1","-1","-1","-1","-1","0","-1","-1","-1","-1","""comunicating with other mturkers""","""""","0","""keyboard""","""target""","""null""","""null""","""null""","""null""","""null""","TRUE","""null""","""null""","""null""","""null""","""boat""","""snowman""","""null""","""null""","""null""","""null""","""sail""","""scarf""","""null""","""null""","""null""","""null""","""middle""","""right""","""null""","""null""","""null""","""null""","""motor""","""mittens""","""null""","""null""","""null""","""null""","""right""","""left""","""null""","""null""","""null""","""null""","FALSE","TRUE","FALSE","TRUE","""kb1b""","1","1","Checkbox"
"Object Description","Short and fun! A 1-2 minute word game about describing simple objects. Only one HIT per worker.","experiment, psychology, game, language, cognition, linguistics, description","$0.25 ","Fri Aug 08 09:13:17 PDT 2014","150","0","0","150","Reviewable","NotReviewed","1 scales","600","60000","Fri Aug 15 09:13:17 PDT 2014","S54222","Approved","","""snowman""","""hat""","0","""middle""","""right""","-1","4","0","14","0","0","-1","-1","""TRUE""","""null""","""null""","-1","-1","-1","-1","-1","-1","-1","0","-1","-1","-1","-1","""Words that desribe pictures""","""""","0","""keyboard""","""target""","""null""","""null""","""null""","""null""","""null""","TRUE","""null""","""null""","""null""","""null""","""snowman""","""boat""","""null""","""null""","""null""","""null""","""hat""","""motor""","""null""","""null""","""null""","""null""","""middle""","""right""","""null""","""null""","""null""","""null""","""scarf""","""sail""","""null""","""null""","""null""","""null""","""right""","""middle""","""null""","""null""","""null""","""null""","FALSE","TRUE","FALSE","TRUE","""kb1b""","1","1","Checkbox"
"Object Description","Short and fun! A 1-2 minute word game about describing simple objects. Only one HIT per worker.","experiment, psychology, game, language, cognition, linguistics, description","$0.25 ","Fri Aug 08 09:13:17 PDT 2014","150","0","0","150","Reviewable","NotReviewed","1 scales","600","60000","Fri Aug 15 09:13:17 PDT 2014","S75169","Approved","","""sundae""","""cherry""","0","""left""","""middle""","-1","4","0","14","0","0","-1","-1","""TRUE""","""null""","""null""","-1","-1","-1","-1","-1","-1","-1","0","-1","-1","-1","-1","""communication""","""""","0","""keyboard""","""target""","""null""","""null""","""null""","""null""","""null""","TRUE","""null""","""null""","""null""","""null""","""sundae""","""sundae""","""null""","""null""","""null""","""null""","""cherry""","""cherry""","""null""","""null""","""null""","""null""","""left""","""middle""","""null""","""null""","""null""","""null""","""whipped cream""","""chocolate""","""null""","""null""","""null""","""null""","""middle""","""left""","""null""","""null""","""null""","""null""","FALSE","TRUE","FALSE","FALSE","""kb1b""","0","1","Checkbox"
"Object Description","Short and fun! A 1-2 minute word game about describing simple objects. Only one HIT per worker.","experiment, psychology, game, language, cognition, linguistics, description","$0.25 ","Fri Aug 08 09:13:17 PDT 2014","150","0","0","150","Reviewable","NotReviewed","1 scales","600","60000","Fri Aug 15 09:13:17 PDT 2014","S23628","Approved","","""Christmas tree""","""lights""","0","""right""","""left""","-1","4","0","14","0","0","-1","-1","""FALSE""","""null""","""null""","-1","-1","-1","-1","-1","-1","-1","0","-1","-1","-1","-1","""Identifying objects by using one or two words""","""None""","0","""keyboard""","""foil""","""null""","""null""","""null""","""null""","""null""","FALSE","""null""","""null""","""null""","""null""","""Christmas tree""","""snowman""","""null""","""null""","""null""","""null""","""lights""","""mittens""","""null""","""null""","""null""","""null""","""right""","""right""","""null""","""null""","""null""","""null""","""ornaments""","""hat""","""null""","""null""","""null""","""null""","""left""","""middle""","""null""","""null""","""null""","""null""","FALSE","TRUE","FALSE","TRUE","""kb1b""","1","0","Checkbox"
"Object Description","Short and fun! A 1-2 minute word game about describing simple objects. Only one HIT per worker.","experiment, psychology, game, language, cognition, linguistics, description","$0.25 ","Fri Aug 08 09:13:17 PDT 2014","150","0","0","150","Reviewable","NotReviewed","1 scales","600","60000","Fri Aug 15 09:13:17 PDT 2014","S75122","Approved","","""boat""","""sail""","0","""middle""","""left""","-1","4","0","14","0","0","-1","-1","""TRUE""","""null""","""null""","-1","-1","-1","-1","-1","-1","-1","0","-1","-1","-1","-1","""Providing descriptions for others to understand. ""","""""","0","""keyboard""","""target""","""null""","""null""","""null""","""null""","""null""","TRUE","""null""","""null""","""null""","""null""","""boat""","""boat""","""null""","""null""","""null""","""null""","""sail""","""motor""","""null""","""null""","""null""","""null""","""middle""","""middle""","""null""","""null""","""null""","""null""","""motor""","""sail""","""null""","""null""","""null""","""null""","""left""","""right""","""null""","""null""","""null""","""null""","FALSE","TRUE","FALSE","TRUE","""kb1b""","1","1","Checkbox"
"Object Description","Short and fun! A 1-2 minute word game about describing simple objects. Only one HIT per worker.","experiment, psychology, game, language, cognition, linguistics, description","$0.25 ","Fri Aug 08 09:13:17 PDT 2014","150","0","0","150","Reviewable","NotReviewed","1 scales","600","60000","Fri Aug 15 09:13:17 PDT 2014","S45103","Approved","","""sundae""","""whipped cream""","0","""right""","""left""","-1","4","0","14","0","0","-1","-1","""TRUE""","""null""","""null""","-1","-1","-1","-1","-1","-1","-1","0","-1","-1","-1","-1","""memory""","""""","0","""keyboard""","""target""","""null""","""null""","""null""","""null""","""null""","TRUE","""null""","""null""","""null""","""null""","""sundae""","""sundae""","""null""","""null""","""null""","""null""","""whipped cream""","""cherry""","""null""","""null""","""null""","""null""","""right""","""right""","""null""","""null""","""null""","""null""","""chocolate""","""whipped cream""","""null""","""null""","""null""","""null""","""left""","""middle""","""null""","""null""","""null""","""null""","FALSE","TRUE","FALSE","TRUE","""kb1b""","1","1","Checkbox"
"Object Description","Short and fun! A 1-2 minute word game about describing simple objects. Only one HIT per worker.","experiment, psychology, game, language, cognition, linguistics, description","$0.25 ","Fri Aug 08 09:13:17 PDT 2014","150","0","0","150","Reviewable","NotReviewed","1 scales","600","60000","Fri Aug 15 09:13:17 PDT 2014","S39137","Approved","","""friend""","""glasses""","0","""right""","""middle""","-1","4","0","14","0","0","-1","-1","""TRUE""","""null""","""null""","-1","-1","-1","-1","-1","-1","-1","0","-1","-1","-1","-1","""Communicating characteristics of an object""","""""","0","""keyboard""","""target""","""null""","""null""","""null""","""null""","""null""","TRUE","""null""","""null""","""null""","""null""","""friend""","""boat""","""null""","""null""","""null""","""null""","""glasses""","""sail""","""null""","""null""","""null""","""null""","""right""","""middle""","""null""","""null""","""null""","""null""","""hat""","""motor""","""null""","""null""","""null""","""null""","""middle""","""left""","""null""","""null""","""null""","""null""","FALSE","TRUE","FALSE","TRUE","""kb1b""","1","1","Checkbox"
"Object Description","Short and fun! A 1-2 minute word game about describing simple objects. Only one HIT per worker.","experiment, psychology, game, language, cognition, linguistics, description","$0.25 ","Fri Aug 08 09:13:17 PDT 2014","150","0","0","150","Reviewable","NotReviewed","1 scales","600","60000","Fri Aug 15 09:13:17 PDT 2014","S33862","Approved","","""snowman""","""scarf""","0","""middle""","""left""","-1","4","0","14","0","0","-1","-1","""TRUE""","""null""","""null""","-1","-1","-1","-1","-1","-1","-1","0","-1","-1","-1","-1","""Stuff that Bob likes to do.""","""""","0","""keyboard""","""target""","""null""","""null""","""null""","""null""","""null""","TRUE","""null""","""null""","""null""","""null""","""snowman""","""sundae""","""null""","""null""","""null""","""null""","""scarf""","""whipped cream""","""null""","""null""","""null""","""null""","""middle""","""right""","""null""","""null""","""null""","""null""","""hat""","""chocolate""","""null""","""null""","""null""","""null""","""left""","""left""","""null""","""null""","""null""","""null""","TRUE","FALSE","TRUE","FALSE","""kb1b""","1","1","Checkbox"
"Object Description","Short and fun! A 1-2 minute word game about describing simple objects. Only one HIT per worker.","experiment, psychology, game, language, cognition, linguistics, description","$0.25 ","Fri Aug 08 09:13:17 PDT 2014","150","0","0","150","Reviewable","NotReviewed","1 scales","600","60000","Fri Aug 15 09:13:17 PDT 2014","S65094","Approved","","""Christmas tree""","""ornaments""","0","""right""","""left""","-1","4","0","14","0","0","-1","-1","""TRUE""","""null""","""null""","-1","-1","-1","-1","-1","-1","-1","1","-1","-1","-1","-1","""language""","""""","0","""keyboard""","""target""","""null""","""null""","""null""","""null""","""null""","TRUE","""null""","""null""","""null""","""null""","""Christmas tree""","""friend""","""null""","""null""","""null""","""null""","""ornaments""","""mustache""","""null""","""null""","""null""","""null""","""right""","""right""","""null""","""null""","""null""","""null""","""star""","""glasses""","""null""","""null""","""null""","""null""","""left""","""middle""","""null""","""null""","""null""","""null""","TRUE","FALSE","FALSE","TRUE","""kb1b""","1","1","Checkbox"
"Object Description","Short and fun! A 1-2 minute word game about describing simple objects. Only one HIT per worker.","experiment, psychology, game, language, cognition, linguistics, description","$0.25 ","Fri Aug 08 09:13:17 PDT 2014","150","0","0","150","Reviewable","NotReviewed","1 scales","600","60000","Fri Aug 15 09:13:17 PDT 2014","S52274","Approved","","""Christmas tree""","""ornaments""","0","""middle""","""left""","-1","4","0","14","0","0","-1","-1","""TRUE""","""null""","""null""","-1","-1","-1","-1","-1","-1","-1","1","-1","-1","-1","-1","""Descriptions""","""Good HIT""","0","""keyboard""","""target""","""null""","""null""","""null""","""null""","""null""","TRUE","""null""","""null""","""null""","""null""","""Christmas tree""","""sundae""","""null""","""null""","""null""","""null""","""ornaments""","""chocolate""","""null""","""null""","""null""","""null""","""middle""","""right""","""null""","""null""","""null""","""null""","""star""","""whipped cream""","""null""","""null""","""null""","""null""","""left""","""middle""","""null""","""null""","""null""","""null""","TRUE","FALSE","FALSE","TRUE","""kb1b""","1","1","Checkbox"
"Object Description","Short and fun! A 1-2 minute word game about describing simple objects. Only one HIT per worker.","experiment, psychology, game, language, cognition, linguistics, description","$0.25 ","Fri Aug 08 09:13:17 PDT 2014","150","0","0","150","Reviewable","NotReviewed","1 scales","600","60000","Fri Aug 15 09:13:17 PDT 2014","S62653","Approved","","""snowman""","""mittens""","0","""left""","""middle""","-1","4","0","14","0","0","-1","-1","""TRUE""","""null""","""null""","-1","-1","-1","-1","-1","-1","-1","1","-1","-1","-1","-1","""Can you pick out one object with the description of one word.""","""Thank you for the study.""","0","""keyboard""","""target""","""null""","""null""","""null""","""null""","""null""","TRUE","""null""","""null""","""null""","""null""","""snowman""","""Christmas tree""","""null""","""null""","""null""","""null""","""mittens""","""star""","""null""","""null""","""null""","""null""","""left""","""middle""","""null""","""null""","""null""","""null""","""hat""","""ornaments""","""null""","""null""","""null""","""null""","""middle""","""right""","""null""","""null""","""null""","""null""","TRUE","FALSE","FALSE","TRUE","""kb1b""","1","1","Checkbox"
"Object Description","Short and fun! A 1-2 minute word game about describing simple objects. Only one HIT per worker.","experiment, psychology, game, language, cognition, linguistics, description","$0.25 ","Fri Aug 08 09:13:17 PDT 2014","150","0","0","150","Reviewable","NotReviewed","1 scales","600","60000","Fri Aug 15 09:13:17 PDT 2014","S13184","Approved","","""Christmas tree""","""lights""","0","""left""","""middle""","-1","4","0","14","0","0","-1","-1","""TRUE""","""null""","""null""","-1","-1","-1","-1","-1","-1","-1","1","-1","-1","-1","-1","""picking the right object by a one or two words given""","""enjoyable ""","0","""keyboard""","""target""","""null""","""null""","""null""","""null""","""null""","TRUE","""null""","""null""","""null""","""null""","""Christmas tree""","""pizza""","""null""","""null""","""null""","""null""","""lights""","""olives""","""null""","""null""","""null""","""null""","""left""","""right""","""null""","""null""","""null""","""null""","""ornaments""","""mushrooms""","""null""","""null""","""null""","""null""","""middle""","""middle""","""null""","""null""","""null""","""null""","TRUE","FALSE","FALSE","TRUE","""kb1b""","1","1","Checkbox"
"Object Description","Short and fun! A 1-2 minute word game about describing simple objects. Only one HIT per worker.","experiment, psychology, game, language, cognition, linguistics, description","$0.25 ","Fri Aug 08 09:13:17 PDT 2014","150","0","0","150","Reviewable","NotReviewed","1 scales","600","60000","Fri Aug 15 09:13:17 PDT 2014","S36055","Approved","","""Christmas tree""","""ornaments""","0","""middle""","""right""","-1","4","0","14","0","0","-1","-1","""TRUE""","""null""","""null""","-1","-1","-1","-1","-1","-1","-1","1","-1","-1","-1","-1","""Using options to help identify a particular object to others and listening to others who tried to identify an object.""","""""","0","""keyboard""","""target""","""null""","""null""","""null""","""null""","""null""","TRUE","""null""","""null""","""null""","""null""","""Christmas tree""","""boat""","""null""","""null""","""null""","""null""","""ornaments""","""cabin""","""null""","""null""","""null""","""null""","""middle""","""left""","""null""","""null""","""null""","""null""","""lights""","""sail""","""null""","""null""","""null""","""null""","""right""","""middle""","""null""","""null""","""null""","""null""","TRUE","FALSE","FALSE","TRUE","""kb1b""","1","1","Checkbox"
"Object Description","Short and fun! A 1-2 minute word game about describing simple objects. Only one HIT per worker.","experiment, psychology, game, language, cognition, linguistics, description","$0.25 ","Fri Aug 08 09:13:17 PDT 2014","150","0","0","150","Reviewable","NotReviewed","1 scales","600","60000","Fri Aug 15 09:13:17 PDT 2014","S79518","Approved","","""boat""","""cabin""","0","""middle""","""right""","-1","4","0","14","0","0","-1","-1","""TRUE""","""null""","""null""","-1","-1","-1","-1","-1","-1","-1","1","-1","-1","-1","-1","""Communicating objects to others""","""""","0","""keyboard""","""target""","""null""","""null""","""null""","""null""","""null""","TRUE","""null""","""null""","""null""","""null""","""boat""","""boat""","""null""","""null""","""null""","""null""","""cabin""","""cabin""","""null""","""null""","""null""","""null""","""middle""","""middle""","""null""","""null""","""null""","""null""","""sail""","""motor""","""null""","""null""","""null""","""null""","""right""","""right""","""null""","""null""","""null""","""null""","TRUE","FALSE","FALSE","TRUE","""kb1b""","1","1","Checkbox"
"Object Description","Short and fun! A 1-2 minute word game about describing simple objects. Only one HIT per worker.","experiment, psychology, game, language, cognition, linguistics, description","$0.25 ","Fri Aug 08 09:13:17 PDT 2014","150","0","0","150","Reviewable","NotReviewed","1 scales","600","60000","Fri Aug 15 09:13:17 PDT 2014","S63510","Approved","","""Christmas tree""","""ornaments""","0","""right""","""left""","-1","4","0","14","0","0","-1","-1","""TRUE""","""null""","""null""","-1","-1","-1","-1","-1","-1","-1","1","-1","-1","-1","-1","""descriptions and reading comprehension""","""no""","0","""keyboard""","""target""","""null""","""null""","""null""","""null""","""null""","TRUE","""null""","""null""","""null""","""null""","""Christmas tree""","""snowman""","""null""","""null""","""null""","""null""","""ornaments""","""mittens""","""null""","""null""","""null""","""null""","""right""","""middle""","""null""","""null""","""null""","""null""","""star""","""hat""","""null""","""null""","""null""","""null""","""left""","""right""","""null""","""null""","""null""","""null""","TRUE","FALSE","FALSE","TRUE","""kb1b""","1","1","Checkbox"
"Object Description","Short and fun! A 1-2 minute word game about describing simple objects. Only one HIT per worker.","experiment, psychology, game, language, cognition, linguistics, description","$0.25 ","Fri Aug 08 09:13:17 PDT 2014","150","0","0","150","Reviewable","NotReviewed","1 scales","600","60000","Fri Aug 15 09:13:17 PDT 2014","S88241","Approved","","""friend""","""hat""","0","""right""","""left""","-1","4","0","14","0","0","-1","-1","""TRUE""","""null""","""null""","-1","-1","-1","-1","-1","-1","-1","1","-1","-1","-1","-1","""Evaluating how people describe objects to others""","""""","0","""keyboard""","""target""","""null""","""null""","""null""","""null""","""null""","TRUE","""null""","""null""","""null""","""null""","""friend""","""boat""","""null""","""null""","""null""","""null""","""hat""","""sail""","""null""","""null""","""null""","""null""","""right""","""middle""","""null""","""null""","""null""","""null""","""glasses""","""cabin""","""null""","""null""","""null""","""null""","""left""","""left""","""null""","""null""","""null""","""null""","TRUE","FALSE","FALSE","TRUE","""kb1b""","1","1","Checkbox"
"Object Description","Short and fun! A 1-2 minute word game about describing simple objects. Only one HIT per worker.","experiment, psychology, game, language, cognition, linguistics, description","$0.25 ","Fri Aug 08 09:13:17 PDT 2014","150","0","0","150","Reviewable","NotReviewed","1 scales","600","60000","Fri Aug 15 09:13:17 PDT 2014","S38375","Approved","","""boat""","""sail""","0","""right""","""left""","-1","4","0","14","0","0","-1","-1","""TRUE""","""null""","""null""","-1","-1","-1","-1","-1","-1","-1","1","-1","-1","-1","-1","""bob and his sailboats and describing them to other people""","""nope!""","0","""keyboard""","""target""","""null""","""null""","""null""","""null""","""null""","TRUE","""null""","""null""","""null""","""null""","""boat""","""boat""","""null""","""null""","""null""","""null""","""sail""","""motor""","""null""","""null""","""null""","""null""","""right""","""middle""","""null""","""null""","""null""","""null""","""motor""","""cabin""","""null""","""null""","""null""","""null""","""left""","""right""","""null""","""null""","""null""","""null""","TRUE","FALSE","FALSE","TRUE","""kb1b""","1","1","Checkbox"
"Object Description","Short and fun! A 1-2 minute word game about describing simple objects. Only one HIT per worker.","experiment, psychology, game, language, cognition, linguistics, description","$0.25 ","Fri Aug 08 09:13:17 PDT 2014","150","0","0","150","Reviewable","NotReviewed","1 scales","600","60000","Fri Aug 15 09:13:17 PDT 2014","S06118","Approved","","""Christmas tree""","""lights""","0","""left""","""middle""","-1","4","0","14","0","0","-1","-1","""TRUE""","""null""","""null""","-1","-1","-1","-1","-1","-1","-1","1","-1","-1","-1","-1","""Describing an object so another person understands which you are describing""","""""","0","""keyboard""","""target""","""null""","""null""","""null""","""null""","""null""","TRUE","""null""","""null""","""null""","""null""","""Christmas tree""","""pizza""","""null""","""null""","""null""","""null""","""lights""","""olives""","""null""","""null""","""null""","""null""","""left""","""right""","""null""","""null""","""null""","""null""","""ornaments""","""mushrooms""","""null""","""null""","""null""","""null""","""middle""","""left""","""null""","""null""","""null""","""null""","TRUE","FALSE","FALSE","TRUE","""kb1b""","1","1","Checkbox"
"Object Description","Short and fun! A 1-2 minute word game about describing simple objects. Only one HIT per worker.","experiment, psychology, game, language, cognition, linguistics, description","$0.25 ","Fri Aug 08 09:13:17 PDT 2014","150","0","0","150","Reviewable","NotReviewed","1 scales","600","60000","Fri Aug 15 09:13:17 PDT 2014","S58571","Approved","","""friend""","""hat""","0","""left""","""right""","-1","4","0","14","0","0","-1","-1","""TRUE""","""null""","""null""","-1","-1","-1","-1","-1","-1","-1","1","-1","-1","-1","-1","""Meeting a friend and Christmas trees""","""fun to do""","0","""keyboard""","""logical""","""null""","""null""","""null""","""null""","""null""","FALSE","""null""","""null""","""null""","""null""","""friend""","""Christmas tree""","""null""","""null""","""null""","""null""","""hat""","""star""","""null""","""null""","""null""","""null""","""left""","""left""","""null""","""null""","""null""","""null""","""mustache""","""lights""","""null""","""null""","""null""","""null""","""right""","""middle""","""null""","""null""","""null""","""null""","TRUE","FALSE","TRUE","FALSE","""kb1b""","NA","0","Checkbox"
"Object Description","Short and fun! A 1-2 minute word game about describing simple objects. Only one HIT per worker.","experiment, psychology, game, language, cognition, linguistics, description","$0.25 ","Fri Aug 08 09:13:17 PDT 2014","150","0","0","150","Reviewable","NotReviewed","1 scales","600","60000","Fri Aug 15 09:13:17 PDT 2014","S19619","Approved","","""friend""","""glasses""","0","""left""","""middle""","-1","4","0","14","0","0","-1","-1","""TRUE""","""null""","""null""","-1","-1","-1","-1","-1","-1","-1","1","-1","-1","-1","-1","""communicating with one word""","""""","0","""keyboard""","""logical""","""null""","""null""","""null""","""null""","""null""","FALSE","""null""","""null""","""null""","""null""","""friend""","""sundae""","""null""","""null""","""null""","""null""","""glasses""","""chocolate""","""null""","""null""","""null""","""null""","""left""","""left""","""null""","""null""","""null""","""null""","""mustache""","""whipped cream""","""null""","""null""","""null""","""null""","""middle""","""middle""","""null""","""null""","""null""","""null""","TRUE","FALSE","FALSE","FALSE","""kb1b""","0","0","Checkbox"
"Object Description","Short and fun! A 1-2 minute word game about describing simple objects. Only one HIT per worker.","experiment, psychology, game, language, cognition, linguistics, description","$0.25 ","Fri Aug 08 09:13:17 PDT 2014","150","0","0","150","Reviewable","NotReviewed","1 scales","600","60000","Fri Aug 15 09:13:17 PDT 2014","S54478","Approved","","""sundae""","""cherry""","0","""middle""","""left""","-1","4","0","14","0","0","-1","-1","""TRUE""","""null""","""null""","-1","-1","-1","-1","-1","-1","-1","1","-1","-1","-1","-1","""Conveying messages""","""""","0","""keyboard""","""target""","""null""","""null""","""null""","""null""","""null""","TRUE","""null""","""null""","""null""","""null""","""sundae""","""sundae""","""null""","""null""","""null""","""null""","""cherry""","""whipped cream""","""null""","""null""","""null""","""null""","""middle""","""right""","""null""","""null""","""null""","""null""","""chocolate""","""cherry""","""null""","""null""","""null""","""null""","""left""","""middle""","""null""","""null""","""null""","""null""","TRUE","FALSE","FALSE","FALSE","""kb1b""","0","1","Checkbox"
"Object Description","Short and fun! A 1-2 minute word game about describing simple objects. Only one HIT per worker.","experiment, psychology, game, language, cognition, linguistics, description","$0.25 ","Fri Aug 08 09:13:17 PDT 2014","150","0","0","150","Reviewable","NotReviewed","1 scales","600","60000","Fri Aug 15 09:13:17 PDT 2014","S13634","Approved","","""snowman""","""mittens""","0","""middle""","""left""","-1","4","0","14","0","0","-1","-1","""TRUE""","""null""","""null""","-1","-1","-1","-1","-1","-1","-1","1","-1","-1","-1","-1","""Snowmen""","""""","0","""keyboard""","""target""","""null""","""null""","""null""","""null""","""null""","TRUE","""null""","""null""","""null""","""null""","""snowman""","""snowman""","""null""","""null""","""null""","""null""","""mittens""","""mittens""","""null""","""null""","""null""","""null""","""middle""","""left""","""null""","""null""","""null""","""null""","""hat""","""scarf""","""null""","""null""","""null""","""null""","""left""","""right""","""null""","""null""","""null""","""null""","TRUE","FALSE","FALSE","TRUE","""kb1b""","1","1","Checkbox"
"Object Description","Short and fun! A 1-2 minute word game about describing simple objects. Only one HIT per worker.","experiment, psychology, game, language, cognition, linguistics, description","$0.25 ","Fri Aug 08 09:13:17 PDT 2014","150","0","0","150","Reviewable","NotReviewed","1 scales","600","60000","Fri Aug 15 09:13:17 PDT 2014","S66117","Approved","","""friend""","""hat""","0","""left""","""right""","-1","4","0","14","0","0","-1","-1","""TRUE""","""null""","""null""","-1","-1","-1","-1","-1","-1","-1","1","-1","-1","-1","-1","""Meeting friends and decorating snowman""","""""","0","""keyboard""","""target""","""null""","""null""","""null""","""null""","""null""","TRUE","""null""","""null""","""null""","""null""","""friend""","""snowman""","""null""","""null""","""null""","""null""","""hat""","""mittens""","""null""","""null""","""null""","""null""","""left""","""right""","""null""","""null""","""null""","""null""","""glasses""","""scarf""","""null""","""null""","""null""","""null""","""right""","""middle""","""null""","""null""","""null""","""null""","TRUE","FALSE","FALSE","TRUE","""kb1b""","1","1","Checkbox"
"Object Description","Short and fun! A 1-2 minute word game about describing simple objects. Only one HIT per worker.","experiment, psychology, game, language, cognition, linguistics, description","$0.25 ","Fri Aug 08 09:13:17 PDT 2014","150","0","0","150","Reviewable","NotReviewed","1 scales","600","60000","Fri Aug 15 09:13:17 PDT 2014","S02239","Approved","","""pizza""","""olives""","0","""left""","""right""","-1","4","0","14","0","0","-1","-1","""TRUE""","""null""","""null""","-1","-1","-1","-1","-1","-1","-1","1","-1","-1","-1","-1","""Communicating with others through less common means.""","""""","0","""keyboard""","""target""","""null""","""null""","""null""","""null""","""null""","TRUE","""null""","""null""","""null""","""null""","""pizza""","""friend""","""null""","""null""","""null""","""null""","""olives""","""mustache""","""null""","""null""","""null""","""null""","""left""","""right""","""null""","""null""","""null""","""null""","""mushrooms""","""hat""","""null""","""null""","""null""","""null""","""right""","""left""","""null""","""null""","""null""","""null""","TRUE","FALSE","FALSE","TRUE","""kb1b""","1","1","Checkbox"
"Object Description","Short and fun! A 1-2 minute word game about describing simple objects. Only one HIT per worker.","experiment, psychology, game, language, cognition, linguistics, description","$0.25 ","Fri Aug 08 09:13:17 PDT 2014","150","0","0","150","Reviewable","NotReviewed","1 scales","600","60000","Fri Aug 15 09:13:17 PDT 2014","S78559","Approved","","""friend""","""hat""","0","""left""","""middle""","-1","4","0","14","0","0","-1","-1","""FALSE""","""null""","""null""","-1","-1","-1","-1","-1","-1","-1","1","-1","-1","-1","-1","""Memory""","""No""","0","""keyboard""","""logical""","""null""","""null""","""null""","""null""","""null""","FALSE","""null""","""null""","""null""","""null""","""friend""","""friend""","""null""","""null""","""null""","""null""","""hat""","""mustache""","""null""","""null""","""null""","""null""","""left""","""right""","""null""","""null""","""null""","""null""","""glasses""","""hat""","""null""","""null""","""null""","""null""","""middle""","""left""","""null""","""null""","""null""","""null""","TRUE","FALSE","FALSE","TRUE","""kb1b""","1","0","Checkbox"
"Object Description","Short and fun! A 1-2 minute word game about describing simple objects. Only one HIT per worker.","experiment, psychology, game, language, cognition, linguistics, description","$0.25 ","Fri Aug 08 09:13:17 PDT 2014","150","0","0","150","Reviewable","NotReviewed","1 scales","600","60000","Fri Aug 15 09:13:17 PDT 2014","S81555","Approved","","""Christmas tree""","""lights""","0","""right""","""left""","-1","4","0","14","0","0","-1","-1","""TRUE""","""null""","""null""","-1","-1","-1","-1","-1","-1","-1","1","-1","-1","-1","-1","""Giving hints to a person about an object that you want them to select""","""""","0","""keyboard""","""target""","""null""","""null""","""null""","""null""","""null""","TRUE","""null""","""null""","""null""","""null""","""Christmas tree""","""sundae""","""null""","""null""","""null""","""null""","""lights""","""cherry""","""null""","""null""","""null""","""null""","""right""","""left""","""null""","""null""","""null""","""null""","""star""","""whipped cream""","""null""","""null""","""null""","""null""","""left""","""right""","""null""","""null""","""null""","""null""","TRUE","FALSE","FALSE","TRUE","""kb1b""","1","1","Checkbox"
"Object Description","Short and fun! A 1-2 minute word game about describing simple objects. Only one HIT per worker.","experiment, psychology, game, language, cognition, linguistics, description","$0.25 ","Fri Aug 08 09:13:17 PDT 2014","150","0","0","150","Reviewable","NotReviewed","1 scales","600","60000","Fri Aug 15 09:13:17 PDT 2014","S50987","Approved","","""boat""","""sail""","0","""left""","""right""","-1","4","0","14","0","0","-1","-1","""TRUE""","""null""","""null""","-1","-1","-1","-1","-1","-1","-1","1","-1","-1","-1","-1","""Bob and his sailboats, also an mTurker who said \""Mustache\"".""","""no.""","0","""keyboard""","""target""","""null""","""null""","""null""","""null""","""null""","TRUE","""null""","""null""","""null""","""null""","""boat""","""friend""","""null""","""null""","""null""","""null""","""sail""","""mustache""","""null""","""null""","""null""","""null""","""left""","""left""","""null""","""null""","""null""","""null""","""cabin""","""glasses""","""null""","""null""","""null""","""null""","""right""","""middle""","""null""","""null""","""null""","""null""","TRUE","FALSE","FALSE","FALSE","""kb1b""","0","1","Checkbox"
"Object Description","Short and fun! A 1-2 minute word game about describing simple objects. Only one HIT per worker.","experiment, psychology, game, language, cognition, linguistics, description","$0.25 ","Fri Aug 08 09:13:17 PDT 2014","150","0","0","150","Reviewable","NotReviewed","1 scales","600","60000","Fri Aug 15 09:13:17 PDT 2014","S30394","Approved","","""friend""","""hat""","0","""right""","""middle""","-1","4","0","14","0","0","-1","-1","""TRUE""","""null""","""null""","-1","-1","-1","-1","-1","-1","-1","1","-1","-1","-1","-1","""Trying to describe to another turker which picture I was thinking of""","""Nope""","0","""keyboard""","""target""","""null""","""null""","""null""","""null""","""null""","TRUE","""null""","""null""","""null""","""null""","""friend""","""Christmas tree""","""null""","""null""","""null""","""null""","""hat""","""ornaments""","""null""","""null""","""null""","""null""","""right""","""middle""","""null""","""null""","""null""","""null""","""mustache""","""star""","""null""","""null""","""null""","""null""","""middle""","""left""","""null""","""null""","""null""","""null""","TRUE","FALSE","FALSE","FALSE","""kb1b""","0","1","Checkbox"
"Object Description","Short and fun! A 1-2 minute word game about describing simple objects. Only one HIT per worker.","experiment, psychology, game, language, cognition, linguistics, description","$0.25 ","Fri Aug 08 09:13:17 PDT 2014","150","0","0","150","Reviewable","NotReviewed","1 scales","600","60000","Fri Aug 15 09:13:17 PDT 2014","S01383","Approved","","""snowman""","""mittens""","0","""middle""","""right""","-1","4","0","14","0","0","-1","-1","""TRUE""","""null""","""null""","-1","-1","-1","-1","-1","-1","-1","1","-1","-1","-1","-1","""Describing objects""","""""","0","""keyboard""","""target""","""null""","""null""","""null""","""null""","""null""","TRUE","""null""","""null""","""null""","""null""","""snowman""","""pizza""","""null""","""null""","""null""","""null""","""mittens""","""peppers""","""null""","""null""","""null""","""null""","""middle""","""middle""","""null""","""null""","""null""","""null""","""hat""","""olives""","""null""","""null""","""null""","""null""","""right""","""left""","""null""","""null""","""null""","""null""","TRUE","FALSE","FALSE","TRUE","""kb1b""","1","1","Checkbox"
"Object Description","Short and fun! A 1-2 minute word game about describing simple objects. Only one HIT per worker.","experiment, psychology, game, language, cognition, linguistics, description","$0.25 ","Fri Aug 08 09:13:17 PDT 2014","150","0","0","150","Reviewable","NotReviewed","1 scales","600","60000","Fri Aug 15 09:13:17 PDT 2014","S86380","Approved","","""pizza""","""peppers""","0","""middle""","""left""","-1","4","0","14","0","0","-1","-1","""TRUE""","""null""","""null""","-1","-1","-1","-1","-1","-1","-1","1","-1","-1","-1","-1","""matching objects by information given""","""""","0","""keyboard""","""target""","""null""","""null""","""null""","""null""","""null""","TRUE","""null""","""null""","""null""","""null""","""pizza""","""boat""","""null""","""null""","""null""","""null""","""peppers""","""sail""","""null""","""null""","""null""","""null""","""middle""","""middle""","""null""","""null""","""null""","""null""","""mushrooms""","""motor""","""null""","""null""","""null""","""null""","""left""","""right""","""null""","""null""","""null""","""null""","TRUE","FALSE","FALSE","TRUE","""kb1b""","1","1","Checkbox"
"Object Description","Short and fun! A 1-2 minute word game about describing simple objects. Only one HIT per worker.","experiment, psychology, game, language, cognition, linguistics, description","$0.25 ","Fri Aug 08 09:13:17 PDT 2014","150","0","0","150","Reviewable","NotReviewed","1 scales","600","60000","Fri Aug 15 09:13:17 PDT 2014","S18485","Approved","","""friend""","""hat""","0","""right""","""left""","-1","4","0","14","0","0","-1","-1","""TRUE""","""null""","""null""","-1","-1","-1","-1","-1","-1","-1","1","-1","-1","-1","-1","""To see how we describe things.""","""no""","0","""keyboard""","""target""","""null""","""null""","""null""","""null""","""null""","TRUE","""null""","""null""","""null""","""null""","""friend""","""sundae""","""null""","""null""","""null""","""null""","""hat""","""chocolate""","""null""","""null""","""null""","""null""","""right""","""left""","""null""","""null""","""null""","""null""","""glasses""","""cherry""","""null""","""null""","""null""","""null""","""left""","""right""","""null""","""null""","""null""","""null""","TRUE","FALSE","FALSE","FALSE","""kb1b""","0","1","Checkbox"
"Object Description","Short and fun! A 1-2 minute word game about describing simple objects. Only one HIT per worker.","experiment, psychology, game, language, cognition, linguistics, description","$0.25 ","Fri Aug 08 09:13:17 PDT 2014","150","0","0","150","Reviewable","NotReviewed","1 scales","600","60000","Fri Aug 15 09:13:17 PDT 2014","S42931","Approved","","""pizza""","""mushrooms""","0","""middle""","""right""","-1","4","0","14","0","0","-1","-1","""TRUE""","""null""","""null""","-1","-1","-1","-1","-1","-1","-1","1","-1","-1","-1","-1","""Object descriptions""","""nope""","0","""keyboard""","""target""","""null""","""null""","""null""","""null""","""null""","TRUE","""null""","""null""","""null""","""null""","""pizza""","""Christmas tree""","""null""","""null""","""null""","""null""","""mushrooms""","""star""","""null""","""null""","""null""","""null""","""middle""","""left""","""null""","""null""","""null""","""null""","""peppers""","""ornaments""","""null""","""null""","""null""","""null""","""right""","""right""","""null""","""null""","""null""","""null""","TRUE","FALSE","FALSE","TRUE","""kb1b""","1","1","Checkbox"
"Object Description","Short and fun! A 1-2 minute word game about describing simple objects. Only one HIT per worker.","experiment, psychology, game, language, cognition, linguistics, description","$0.25 ","Fri Aug 08 09:13:17 PDT 2014","150","0","0","150","Reviewable","NotReviewed","1 scales","600","60000","Fri Aug 15 09:13:17 PDT 2014","S87538","Approved","","""boat""","""motor""","0","""middle""","""left""","-1","4","0","14","0","0","-1","-1","""TRUE""","""null""","""null""","-1","-1","-1","-1","-1","-1","-1","1","-1","-1","-1","-1","""bob,boats friends""","""""","0","""keyboard""","""target""","""null""","""null""","""null""","""null""","""null""","TRUE","""null""","""null""","""null""","""null""","""boat""","""friend""","""null""","""null""","""null""","""null""","""motor""","""glasses""","""null""","""null""","""null""","""null""","""middle""","""left""","""null""","""null""","""null""","""null""","""cabin""","""mustache""","""null""","""null""","""null""","""null""","""left""","""right""","""null""","""null""","""null""","""null""","TRUE","FALSE","TRUE","FALSE","""kb1b""","NA","1","Checkbox"
"Object Description","Short and fun! A 1-2 minute word game about describing simple objects. Only one HIT per worker.","experiment, psychology, game, language, cognition, linguistics, description","$0.25 ","Fri Aug 08 09:13:17 PDT 2014","150","0","0","150","Reviewable","NotReviewed","1 scales","600","60000","Fri Aug 15 09:13:17 PDT 2014","S66817","Approved","","""sundae""","""cherry""","0","""middle""","""left""","-1","4","0","14","0","0","-1","-1","""TRUE""","""null""","""null""","-1","-1","-1","-1","-1","-1","-1","1","-1","-1","-1","-1","""How we communicate with each other""","""""","0","""keyboard""","""target""","""null""","""null""","""null""","""null""","""null""","TRUE","""null""","""null""","""null""","""null""","""sundae""","""snowman""","""null""","""null""","""null""","""null""","""cherry""","""scarf""","""null""","""null""","""null""","""null""","""middle""","""middle""","""null""","""null""","""null""","""null""","""chocolate""","""mittens""","""null""","""null""","""null""","""null""","""left""","""left""","""null""","""null""","""null""","""null""","TRUE","FALSE","TRUE","FALSE","""kb1b""","NA","1","Checkbox"
"Object Description","Short and fun! A 1-2 minute word game about describing simple objects. Only one HIT per worker.","experiment, psychology, game, language, cognition, linguistics, description","$0.25 ","Fri Aug 08 09:13:17 PDT 2014","150","0","0","150","Reviewable","NotReviewed","1 scales","600","60000","Fri Aug 15 09:13:17 PDT 2014","S66299","Approved","","""sundae""","""whipped cream""","0","""middle""","""left""","-1","4","0","14","0","0","-1","-1","""FALSE""","""null""","""null""","-1","-1","-1","-1","-1","-1","-1","1","-1","-1","-1","-1","""Describing objects so someone else can pick out of a group and picking out of a group from someone else's description.""","""n/a""","0","""keyboard""","""target""","""null""","""null""","""null""","""null""","""null""","TRUE","""null""","""null""","""null""","""null""","""sundae""","""snowman""","""null""","""null""","""null""","""null""","""whipped cream""","""scarf""","""null""","""null""","""null""","""null""","""middle""","""left""","""null""","""null""","""null""","""null""","""cherry""","""hat""","""null""","""null""","""null""","""null""","""left""","""middle""","""null""","""null""","""null""","""null""","TRUE","FALSE","FALSE","TRUE","""kb1b""","1","1","Checkbox"
"Object Description","Short and fun! A 1-2 minute word game about describing simple objects. Only one HIT per worker.","experiment, psychology, game, language, cognition, linguistics, description","$0.25 ","Fri Aug 08 09:13:17 PDT 2014","150","0","0","150","Reviewable","NotReviewed","1 scales","600","60000","Fri Aug 15 09:13:17 PDT 2014","S30466","Approved","","""snowman""","""hat""","0","""right""","""left""","-1","4","0","14","0","0","-1","-1","""TRUE""","""null""","""null""","-1","-1","-1","-1","-1","-1","-1","1","-1","-1","-1","-1","""Describing objects""","""Sorry if I forgot name of the dude I was paying attention to survey.  I am bad with names :(""","0","""keyboard""","""target""","""null""","""null""","""null""","""null""","""null""","TRUE","""null""","""null""","""null""","""null""","""snowman""","""boat""","""null""","""null""","""null""","""null""","""hat""","""motor""","""null""","""null""","""null""","""null""","""right""","""left""","""null""","""null""","""null""","""null""","""mittens""","""cabin""","""null""","""null""","""null""","""null""","""left""","""right""","""null""","""null""","""null""","""null""","TRUE","FALSE","FALSE","TRUE","""kb1b""","1","1","Checkbox"
"Object Description","Short and fun! A 1-2 minute word game about describing simple objects. Only one HIT per worker.","experiment, psychology, game, language, cognition, linguistics, description","$0.25 ","Fri Aug 08 09:13:17 PDT 2014","150","0","0","150","Reviewable","NotReviewed","1 scales","600","60000","Fri Aug 15 09:13:17 PDT 2014","S25866","Approved","","""boat""","""motor""","0","""middle""","""right""","-1","4","0","14","0","0","-1","-1","""TRUE""","""null""","""null""","-1","-1","-1","-1","-1","-1","-1","1","-1","-1","-1","-1","""Describing objects""","""No comments""","0","""keyboard""","""target""","""null""","""null""","""null""","""null""","""null""","TRUE","""null""","""null""","""null""","""null""","""boat""","""Christmas tree""","""null""","""null""","""null""","""null""","""motor""","""ornaments""","""null""","""null""","""null""","""null""","""middle""","""middle""","""null""","""null""","""null""","""null""","""cabin""","""lights""","""null""","""null""","""null""","""null""","""right""","""left""","""null""","""null""","""null""","""null""","TRUE","FALSE","FALSE","TRUE","""kb1b""","1","1","Checkbox"
"Object Description","Short and fun! A 1-2 minute word game about describing simple objects. Only one HIT per worker.","experiment, psychology, game, language, cognition, linguistics, description","$0.25 ","Fri Aug 08 09:13:17 PDT 2014","150","0","0","150","Reviewable","NotReviewed","1 scales","600","60000","Fri Aug 15 09:13:17 PDT 2014","S73831","Approved","","""snowman""","""mittens""","0","""left""","""middle""","-1","4","0","14","0","0","-1","-1","""TRUE""","""null""","""null""","-1","-1","-1","-1","-1","-1","-1","1","-1","-1","-1","-1","""object identification""","""n/aa""","0","""keyboard""","""target""","""null""","""null""","""null""","""null""","""null""","TRUE","""null""","""null""","""null""","""null""","""snowman""","""pizza""","""null""","""null""","""null""","""null""","""mittens""","""mushrooms""","""null""","""null""","""null""","""null""","""left""","""left""","""null""","""null""","""null""","""null""","""scarf""","""olives""","""null""","""null""","""null""","""null""","""middle""","""right""","""null""","""null""","""null""","""null""","TRUE","FALSE","FALSE","TRUE","""kb1b""","1","1","Checkbox"
"Object Description","Short and fun! A 1-2 minute word game about describing simple objects. Only one HIT per worker.","experiment, psychology, game, language, cognition, linguistics, description","$0.25 ","Fri Aug 08 09:13:17 PDT 2014","150","0","0","150","Reviewable","NotReviewed","1 scales","600","60000","Fri Aug 15 09:13:17 PDT 2014","S05902","Approved","","""Christmas tree""","""ornaments""","0","""left""","""right""","-1","4","0","14","0","0","-1","-1","""TRUE""","""null""","""null""","-1","-1","-1","-1","-1","-1","-1","1","-1","-1","-1","-1","""power of suggestion""","""""","0","""keyboard""","""target""","""null""","""null""","""null""","""null""","""null""","TRUE","""null""","""null""","""null""","""null""","""Christmas tree""","""pizza""","""null""","""null""","""null""","""null""","""ornaments""","""olives""","""null""","""null""","""null""","""null""","""left""","""middle""","""null""","""null""","""null""","""null""","""lights""","""peppers""","""null""","""null""","""null""","""null""","""right""","""left""","""null""","""null""","""null""","""null""","FALSE","TRUE","FALSE","TRUE","""kb1b""","NA","1","Checkbox"
"Object Description","Short and fun! A 1-2 minute word game about describing simple objects. Only one HIT per worker.","experiment, psychology, game, language, cognition, linguistics, description","$0.25 ","Fri Aug 08 09:13:17 PDT 2014","150","0","0","150","Reviewable","NotReviewed","1 scales","600","60000","Fri Aug 15 09:13:17 PDT 2014","S21609","Approved","","""friend""","""mustache""","0","""left""","""right""","-1","4","0","14","0","0","-1","-1","""TRUE""","""null""","""null""","-1","-1","-1","-1","-1","-1","-1","1","-1","-1","-1","-1","""describing pics""","""""","0","""keyboard""","""target""","""null""","""null""","""null""","""null""","""null""","TRUE","""null""","""null""","""null""","""null""","""friend""","""snowman""","""null""","""null""","""null""","""null""","""mustache""","""hat""","""null""","""null""","""null""","""null""","""left""","""left""","""null""","""null""","""null""","""null""","""hat""","""scarf""","""null""","""null""","""null""","""null""","""right""","""right""","""null""","""null""","""null""","""null""","TRUE","FALSE","FALSE","TRUE","""kb1b""","1","1","Checkbox"
"Object Description","Short and fun! A 1-2 minute word game about describing simple objects. Only one HIT per worker.","experiment, psychology, game, language, cognition, linguistics, description","$0.25 ","Fri Aug 08 09:13:17 PDT 2014","150","0","0","150","Reviewable","NotReviewed","1 scales","600","60000","Fri Aug 15 09:13:17 PDT 2014","S05562","Approved","","""boat""","""sail""","0","""middle""","""right""","-1","4","0","14","0","0","-1","-1","""FALSE""","""null""","""null""","-1","-1","-1","-1","-1","-1","-1","1","-1","-1","-1","-1","""communication of sufficient descriptions""","""""","0","""keyboard""","""target""","""null""","""null""","""null""","""null""","""null""","TRUE","""null""","""null""","""null""","""null""","""boat""","""Christmas tree""","""null""","""null""","""null""","""null""","""sail""","""star""","""null""","""null""","""null""","""null""","""middle""","""right""","""null""","""null""","""null""","""null""","""cabin""","""ornaments""","""null""","""null""","""null""","""null""","""right""","""middle""","""null""","""null""","""null""","""null""","TRUE","FALSE","FALSE","TRUE","""kb1b""","1","1","Checkbox"
"Object Description","Short and fun! A 1-2 minute word game about describing simple objects. Only one HIT per worker.","experiment, psychology, game, language, cognition, linguistics, description","$0.25 ","Fri Aug 08 09:13:17 PDT 2014","150","0","0","150","Reviewable","NotReviewed","1 scales","600","60000","Fri Aug 15 09:13:17 PDT 2014","S94825","Approved","","""snowman""","""hat""","0","""right""","""middle""","-1","4","0","14","0","0","-1","-1","""TRUE""","""null""","""null""","-1","-1","-1","-1","-1","-1","-1","1","-1","-1","-1","-1","""Communication""","""Easy and fun!""","0","""keyboard""","""target""","""null""","""null""","""null""","""null""","""null""","TRUE","""null""","""null""","""null""","""null""","""snowman""","""friend""","""null""","""null""","""null""","""null""","""hat""","""glasses""","""null""","""null""","""null""","""null""","""right""","""middle""","""null""","""null""","""null""","""null""","""scarf""","""mustache""","""null""","""null""","""null""","""null""","""middle""","""left""","""null""","""null""","""null""","""null""","TRUE","FALSE","FALSE","TRUE","""kb1b""","1","1","Checkbox"
"Object Description","Short and fun! A 1-2 minute word game about describing simple objects. Only one HIT per worker.","experiment, psychology, game, language, cognition, linguistics, description","$0.25 ","Fri Aug 08 09:13:17 PDT 2014","150","0","0","150","Reviewable","NotReviewed","1 scales","600","60000","Fri Aug 15 09:13:17 PDT 2014","S36201","Approved","","""pizza""","""olives""","0","""right""","""middle""","-1","4","0","14","0","0","-1","-1","""FALSE""","""null""","""null""","-1","-1","-1","-1","-1","-1","-1","1","-1","-1","-1","-1","""object descriptions""","""no""","0","""keyboard""","""target""","""null""","""null""","""null""","""null""","""null""","TRUE","""null""","""null""","""null""","""null""","""pizza""","""Christmas tree""","""null""","""null""","""null""","""null""","""olives""","""ornaments""","""null""","""null""","""null""","""null""","""right""","""left""","""null""","""null""","""null""","""null""","""peppers""","""lights""","""null""","""null""","""null""","""null""","""middle""","""middle""","""null""","""null""","""null""","""null""","TRUE","FALSE","FALSE","TRUE","""kb1b""","1","1","Checkbox"
"Object Description","Short and fun! A 1-2 minute word game about describing simple objects. Only one HIT per worker.","experiment, psychology, game, language, cognition, linguistics, description","$0.25 ","Fri Aug 08 09:13:17 PDT 2014","150","0","0","150","Reviewable","NotReviewed","1 scales","600","60000","Fri Aug 15 09:13:17 PDT 2014","S67508","Approved","","""sundae""","""chocolate""","0","""right""","""left""","-1","4","0","14","0","0","-1","-1","""TRUE""","""null""","""null""","-1","-1","-1","-1","-1","-1","-1","1","-1","-1","-1","-1","""how people describe objects""","""no""","0","""keyboard""","""target""","""null""","""null""","""null""","""null""","""null""","TRUE","""null""","""null""","""null""","""null""","""sundae""","""boat""","""null""","""null""","""null""","""null""","""chocolate""","""sail""","""null""","""null""","""null""","""null""","""right""","""left""","""null""","""null""","""null""","""null""","""whipped cream""","""cabin""","""null""","""null""","""null""","""null""","""left""","""right""","""null""","""null""","""null""","""null""","TRUE","FALSE","FALSE","TRUE","""kb1b""","1","1","Checkbox"
"Object Description","Short and fun! A 1-2 minute word game about describing simple objects. Only one HIT per worker.","experiment, psychology, game, language, cognition, linguistics, description","$0.25 ","Fri Aug 08 09:13:17 PDT 2014","150","0","0","150","Reviewable","NotReviewed","1 scales","600","60000","Fri Aug 15 09:13:17 PDT 2014","S41930","Approved","","""Christmas tree""","""ornaments""","0","""left""","""right""","-1","4","0","14","0","0","-1","-1","""TRUE""","""null""","""null""","-1","-1","-1","-1","-1","-1","-1","1","-1","-1","-1","-1","""Accuracy of words used to communicate. Inclusion/exclusion of words to form images.""","""""","0","""keyboard""","""target""","""null""","""null""","""null""","""null""","""null""","TRUE","""null""","""null""","""null""","""null""","""Christmas tree""","""boat""","""null""","""null""","""null""","""null""","""ornaments""","""cabin""","""null""","""null""","""null""","""null""","""left""","""left""","""null""","""null""","""null""","""null""","""star""","""sail""","""null""","""null""","""null""","""null""","""right""","""right""","""null""","""null""","""null""","""null""","TRUE","FALSE","FALSE","TRUE","""kb1b""","1","1","Checkbox"
"Object Description","Short and fun! A 1-2 minute word game about describing simple objects. Only one HIT per worker.","experiment, psychology, game, language, cognition, linguistics, description","$0.25 ","Fri Aug 08 09:13:17 PDT 2014","150","0","0","150","Reviewable","NotReviewed","1 scales","600","60000","Fri Aug 15 09:13:17 PDT 2014","S01311","Approved","","""friend""","""mustache""","0","""left""","""middle""","-1","4","0","14","0","0","-1","-1","""TRUE""","""null""","""null""","-1","-1","-1","-1","-1","-1","-1","2","-1","-1","-1","-1","""communicating using clues""","""no""","0","""keyboard""","""target""","""null""","""null""","""null""","""null""","""null""","TRUE","""null""","""null""","""null""","""null""","""friend""","""boat""","""null""","""null""","""null""","""null""","""mustache""","""cabin""","""null""","""null""","""null""","""null""","""left""","""right""","""null""","""null""","""null""","""null""","""hat""","""sail""","""null""","""null""","""null""","""null""","""middle""","""left""","""null""","""null""","""null""","""null""","FALSE","FALSE","TRUE","FALSE","""kb1b""","0","1","Checkbox"
"Object Description","Short and fun! A 1-2 minute word game about describing simple objects. Only one HIT per worker.","experiment, psychology, game, language, cognition, linguistics, description","$0.25 ","Fri Aug 08 09:13:17 PDT 2014","150","0","0","150","Reviewable","NotReviewed","1 scales","600","60000","Fri Aug 15 09:13:17 PDT 2014","S27652","Approved","","""pizza""","""olives""","0","""left""","""middle""","-1","4","0","14","0","0","-1","-1","""TRUE""","""null""","""null""","-1","-1","-1","-1","-1","-1","-1","2","-1","-1","-1","-1","""communication""","""""","0","""keyboard""","""target""","""null""","""null""","""null""","""null""","""null""","TRUE","""null""","""null""","""null""","""null""","""pizza""","""Christmas tree""","""null""","""null""","""null""","""null""","""olives""","""star""","""null""","""null""","""null""","""null""","""left""","""middle""","""null""","""null""","""null""","""null""","""peppers""","""ornaments""","""null""","""null""","""null""","""null""","""middle""","""left""","""null""","""null""","""null""","""null""","FALSE","FALSE","TRUE","FALSE","""kb1b""","0","1","Checkbox"
"Object Description","Short and fun! A 1-2 minute word game about describing simple objects. Only one HIT per worker.","experiment, psychology, game, language, cognition, linguistics, description","$0.25 ","Fri Aug 08 09:13:17 PDT 2014","150","0","0","150","Reviewable","NotReviewed","1 scales","600","60000","Fri Aug 15 09:13:17 PDT 2014","S26780","Approved","","""friend""","""mustache""","0","""middle""","""right""","-1","4","0","14","0","0","-1","-1","""TRUE""","""null""","""null""","-1","-1","-1","-1","-1","-1","-1","2","-1","-1","-1","-1","""communication""","""""","0","""keyboard""","""target""","""null""","""null""","""null""","""null""","""null""","TRUE","""null""","""null""","""null""","""null""","""friend""","""boat""","""null""","""null""","""null""","""null""","""mustache""","""motor""","""null""","""null""","""null""","""null""","""middle""","""middle""","""null""","""null""","""null""","""null""","""hat""","""sail""","""null""","""null""","""null""","""null""","""right""","""left""","""null""","""null""","""null""","""null""","FALSE","FALSE","TRUE","FALSE","""kb1b""","0","1","Checkbox"
"Object Description","Short and fun! A 1-2 minute word game about describing simple objects. Only one HIT per worker.","experiment, psychology, game, language, cognition, linguistics, description","$0.25 ","Fri Aug 08 09:13:17 PDT 2014","150","0","0","150","Reviewable","NotReviewed","1 scales","600","60000","Fri Aug 15 09:13:17 PDT 2014","S88229","Approved","","""sundae""","""chocolate""","0","""right""","""middle""","-1","4","0","14","0","0","-1","-1","""TRUE""","""null""","""null""","-1","-1","-1","-1","-1","-1","-1","2","-1","-1","-1","-1","""I'm not sure.""","""""","0","""keyboard""","""target""","""null""","""null""","""null""","""null""","""null""","TRUE","""null""","""null""","""null""","""null""","""sundae""","""snowman""","""null""","""null""","""null""","""null""","""chocolate""","""mittens""","""null""","""null""","""null""","""null""","""right""","""right""","""null""","""null""","""null""","""null""","""cherry""","""hat""","""null""","""null""","""null""","""null""","""middle""","""left""","""null""","""null""","""null""","""null""","TRUE","FALSE","TRUE","FALSE","""kb1b""","1","1","Checkbox"
"Object Description","Short and fun! A 1-2 minute word game about describing simple objects. Only one HIT per worker.","experiment, psychology, game, language, cognition, linguistics, description","$0.25 ","Fri Aug 08 09:13:17 PDT 2014","150","0","0","150","Reviewable","NotReviewed","1 scales","600","60000","Fri Aug 15 09:13:17 PDT 2014","S44080","Approved","","""boat""","""sail""","0","""right""","""middle""","-1","4","0","14","0","0","-1","-1","""TRUE""","""null""","""null""","-1","-1","-1","-1","-1","-1","-1","2","-1","-1","-1","-1","""Sail boats""","""no comments""","0","""keyboard""","""target""","""null""","""null""","""null""","""null""","""null""","TRUE","""null""","""null""","""null""","""null""","""boat""","""boat""","""null""","""null""","""null""","""null""","""sail""","""cabin""","""null""","""null""","""null""","""null""","""right""","""left""","""null""","""null""","""null""","""null""","""motor""","""sail""","""null""","""null""","""null""","""null""","""middle""","""right""","""null""","""null""","""null""","""null""","TRUE","FALSE","TRUE","FALSE","""kb1b""","1","1","Checkbox"
"Object Description","Short and fun! A 1-2 minute word game about describing simple objects. Only one HIT per worker.","experiment, psychology, game, language, cognition, linguistics, description","$0.25 ","Fri Aug 08 09:13:17 PDT 2014","150","0","0","150","Reviewable","NotReviewed","1 scales","600","60000","Fri Aug 15 09:13:17 PDT 2014","S59987","Approved","","""pizza""","""olives""","0","""right""","""left""","-1","4","0","14","0","0","-1","-1","""TRUE""","""null""","""null""","-1","-1","-1","-1","-1","-1","-1","2","-1","-1","-1","-1","""Describing objects""","""""","0","""keyboard""","""target""","""null""","""null""","""null""","""null""","""null""","TRUE","""null""","""null""","""null""","""null""","""pizza""","""Christmas tree""","""null""","""null""","""null""","""null""","""olives""","""ornaments""","""null""","""null""","""null""","""null""","""right""","""left""","""null""","""null""","""null""","""null""","""peppers""","""star""","""null""","""null""","""null""","""null""","""left""","""right""","""null""","""null""","""null""","""null""","TRUE","FALSE","TRUE","FALSE","""kb1b""","1","1","Checkbox"
"Object Description","Short and fun! A 1-2 minute word game about describing simple objects. Only one HIT per worker.","experiment, psychology, game, language, cognition, linguistics, description","$0.25 ","Fri Aug 08 09:13:17 PDT 2014","150","0","0","150","Reviewable","NotReviewed","1 scales","600","60000","Fri Aug 15 09:13:17 PDT 2014","S86885","Approved","","""snowman""","""mittens""","0","""right""","""middle""","-1","4","0","14","0","0","-1","-1","""FALSE""","""null""","""null""","-1","-1","-1","-1","-1","-1","-1","2","-1","-1","-1","-1","""Snowmen and smiley faces""","""""","0","""keyboard""","""target""","""null""","""null""","""null""","""null""","""null""","TRUE","""null""","""null""","""null""","""null""","""snowman""","""friend""","""null""","""null""","""null""","""null""","""mittens""","""glasses""","""null""","""null""","""null""","""null""","""right""","""left""","""null""","""null""","""null""","""null""","""hat""","""hat""","""null""","""null""","""null""","""null""","""middle""","""middle""","""null""","""null""","""null""","""null""","FALSE","FALSE","TRUE","FALSE","""kb1b""","0","1","Checkbox"
"Object Description","Short and fun! A 1-2 minute word game about describing simple objects. Only one HIT per worker.","experiment, psychology, game, language, cognition, linguistics, description","$0.25 ","Fri Aug 08 09:13:17 PDT 2014","150","0","0","150","Reviewable","NotReviewed","1 scales","600","60000","Fri Aug 15 09:13:17 PDT 2014","S48415","Approved","","""snowman""","""mittens""","0","""right""","""middle""","-1","4","0","14","0","0","-1","-1","""FALSE""","""null""","""null""","-1","-1","-1","-1","-1","-1","-1","2","-1","-1","-1","-1","""Paying attention?""","""No""","0","""keyboard""","""target""","""null""","""null""","""null""","""null""","""null""","TRUE","""null""","""null""","""null""","""null""","""snowman""","""Christmas tree""","""null""","""null""","""null""","""null""","""mittens""","""lights""","""null""","""null""","""null""","""null""","""right""","""left""","""null""","""null""","""null""","""null""","""hat""","""ornaments""","""null""","""null""","""null""","""null""","""middle""","""right""","""null""","""null""","""null""","""null""","TRUE","FALSE","TRUE","FALSE","""kb1b""","1","1","Checkbox"
"Object Description","Short and fun! A 1-2 minute word game about describing simple objects. Only one HIT per worker.","experiment, psychology, game, language, cognition, linguistics, description","$0.25 ","Fri Aug 08 09:13:17 PDT 2014","150","0","0","150","Reviewable","NotReviewed","1 scales","600","60000","Fri Aug 15 09:13:17 PDT 2014","S51843","Approved","","""pizza""","""olives""","0","""middle""","""left""","-1","4","0","14","0","0","-1","-1","""TRUE""","""null""","""null""","-1","-1","-1","-1","-1","-1","-1","2","-1","-1","-1","-1","""It was about object description.""","""No comments,thanks.""","0","""keyboard""","""target""","""null""","""null""","""null""","""null""","""null""","TRUE","""null""","""null""","""null""","""null""","""pizza""","""snowman""","""null""","""null""","""null""","""null""","""olives""","""hat""","""null""","""null""","""null""","""null""","""middle""","""left""","""null""","""null""","""null""","""null""","""peppers""","""mittens""","""null""","""null""","""null""","""null""","""left""","""right""","""null""","""null""","""null""","""null""","FALSE","FALSE","TRUE","FALSE","""kb1b""","0","1","Checkbox"
"Object Description","Short and fun! A 1-2 minute word game about describing simple objects. Only one HIT per worker.","experiment, psychology, game, language, cognition, linguistics, description","$0.25 ","Fri Aug 08 09:13:17 PDT 2014","150","0","0","150","Reviewable","NotReviewed","1 scales","600","60000","Fri Aug 15 09:13:17 PDT 2014","S65763","Approved","","""boat""","""cabin""","0","""middle""","""right""","-1","4","0","14","0","0","-1","-1","""TRUE""","""null""","""null""","-1","-1","-1","-1","-1","-1","-1","2","-1","-1","-1","-1","""picking what the other person wants you to figure out""","""fun!""","0","""keyboard""","""target""","""null""","""null""","""null""","""null""","""null""","TRUE","""null""","""null""","""null""","""null""","""boat""","""Christmas tree""","""null""","""null""","""null""","""null""","""cabin""","""star""","""null""","""null""","""null""","""null""","""middle""","""middle""","""null""","""null""","""null""","""null""","""sail""","""lights""","""null""","""null""","""null""","""null""","""right""","""right""","""null""","""null""","""null""","""null""","FALSE","FALSE","TRUE","FALSE","""kb1b""","0","1","Checkbox"
"Object Description","Short and fun! A 1-2 minute word game about describing simple objects. Only one HIT per worker.","experiment, psychology, game, language, cognition, linguistics, description","$0.25 ","Fri Aug 08 09:13:17 PDT 2014","150","0","0","150","Reviewable","NotReviewed","1 scales","600","60000","Fri Aug 15 09:13:17 PDT 2014","S27089","Approved","","""Christmas tree""","""star""","0","""middle""","""left""","-1","4","0","14","0","0","-1","-1","""TRUE""","""null""","""null""","-1","-1","-1","-1","-1","-1","-1","2","-1","-1","-1","-1","""i do not know""","""none""","0","""keyboard""","""target""","""null""","""null""","""null""","""null""","""null""","TRUE","""null""","""null""","""null""","""null""","""Christmas tree""","""pizza""","""null""","""null""","""null""","""null""","""star""","""peppers""","""null""","""null""","""null""","""null""","""middle""","""middle""","""null""","""null""","""null""","""null""","""ornaments""","""olives""","""null""","""null""","""null""","""null""","""left""","""right""","""null""","""null""","""null""","""null""","FALSE","FALSE","TRUE","FALSE","""kb1b""","0","1","Checkbox"
"Object Description","Short and fun! A 1-2 minute word game about describing simple objects. Only one HIT per worker.","experiment, psychology, game, language, cognition, linguistics, description","$0.25 ","Fri Aug 08 09:13:17 PDT 2014","150","0","0","150","Reviewable","NotReviewed","1 scales","600","60000","Fri Aug 15 09:13:17 PDT 2014","S65911","Approved","","""sundae""","""whipped cream""","0","""middle""","""right""","-1","4","0","14","0","0","-1","-1","""TRUE""","""null""","""null""","-1","-1","-1","-1","-1","-1","-1","2","-1","-1","-1","-1","""describe objects""","""""","0","""keyboard""","""target""","""null""","""null""","""null""","""null""","""null""","TRUE","""null""","""null""","""null""","""null""","""sundae""","""sundae""","""null""","""null""","""null""","""null""","""whipped cream""","""cherry""","""null""","""null""","""null""","""null""","""middle""","""right""","""null""","""null""","""null""","""null""","""chocolate""","""whipped cream""","""null""","""null""","""null""","""null""","""right""","""left""","""null""","""null""","""null""","""null""","FALSE","FALSE","TRUE","FALSE","""kb1b""","0","1","Checkbox"
"Object Description","Short and fun! A 1-2 minute word game about describing simple objects. Only one HIT per worker.","experiment, psychology, game, language, cognition, linguistics, description","$0.25 ","Fri Aug 08 09:13:17 PDT 2014","150","0","0","150","Reviewable","NotReviewed","1 scales","600","60000","Fri Aug 15 09:13:17 PDT 2014","S89523","Approved","","""pizza""","""peppers""","0","""middle""","""left""","-1","4","0","14","0","0","-1","-1","""TRUE""","""null""","""null""","-1","-1","-1","-1","-1","-1","-1","2","-1","-1","-1","-1","""Bob's Pizzas and Christmas Trees.  It was about communication between two parties using just a few words.""","""""","0","""keyboard""","""target""","""null""","""null""","""null""","""null""","""null""","TRUE","""null""","""null""","""null""","""null""","""pizza""","""Christmas tree""","""null""","""null""","""null""","""null""","""peppers""","""ornaments""","""null""","""null""","""null""","""null""","""middle""","""right""","""null""","""null""","""null""","""null""","""olives""","""star""","""null""","""null""","""null""","""null""","""left""","""middle""","""null""","""null""","""null""","""null""","TRUE","FALSE","TRUE","FALSE","""kb1b""","1","1","Checkbox"
"Object Description","Short and fun! A 1-2 minute word game about describing simple objects. Only one HIT per worker.","experiment, psychology, game, language, cognition, linguistics, description","$0.25 ","Fri Aug 08 09:13:17 PDT 2014","150","0","0","150","Reviewable","NotReviewed","1 scales","600","60000","Fri Aug 15 09:13:17 PDT 2014","S86781","Approved","","""sundae""","""cherry""","0","""left""","""middle""","-1","4","0","14","0","0","-1","-1","""TRUE""","""null""","""null""","-1","-1","-1","-1","-1","-1","-1","2","-1","-1","-1","-1","""Recognizing images others have chosen based off of pictures.""","""""","0","""keyboard""","""target""","""null""","""null""","""null""","""null""","""null""","TRUE","""null""","""null""","""null""","""null""","""sundae""","""friend""","""null""","""null""","""null""","""null""","""cherry""","""mustache""","""null""","""null""","""null""","""null""","""left""","""middle""","""null""","""null""","""null""","""null""","""whipped cream""","""glasses""","""null""","""null""","""null""","""null""","""middle""","""right""","""null""","""null""","""null""","""null""","FALSE","FALSE","TRUE","FALSE","""kb1b""","0","1","Checkbox"
"Object Description","Short and fun! A 1-2 minute word game about describing simple objects. Only one HIT per worker.","experiment, psychology, game, language, cognition, linguistics, description","$0.25 ","Fri Aug 08 09:13:17 PDT 2014","150","0","0","150","Reviewable","NotReviewed","1 scales","600","60000","Fri Aug 15 09:13:17 PDT 2014","S51921","Approved","","""pizza""","""mushrooms""","0","""right""","""middle""","-1","4","0","14","0","0","-1","-1","""TRUE""","""null""","""null""","-1","-1","-1","-1","-1","-1","-1","2","-1","-1","-1","-1","""how people describe things?""","""""","0","""keyboard""","""target""","""null""","""null""","""null""","""null""","""null""","TRUE","""null""","""null""","""null""","""null""","""pizza""","""friend""","""null""","""null""","""null""","""null""","""mushrooms""","""mustache""","""null""","""null""","""null""","""null""","""right""","""middle""","""null""","""null""","""null""","""null""","""olives""","""glasses""","""null""","""null""","""null""","""null""","""middle""","""left""","""null""","""null""","""null""","""null""","TRUE","FALSE","TRUE","FALSE","""kb1b""","1","1","Checkbox"
"Object Description","Short and fun! A 1-2 minute word game about describing simple objects. Only one HIT per worker.","experiment, psychology, game, language, cognition, linguistics, description","$0.25 ","Fri Aug 08 09:13:17 PDT 2014","150","0","0","150","Reviewable","NotReviewed","1 scales","600","60000","Fri Aug 15 09:13:17 PDT 2014","S90115","Approved","","""Christmas tree""","""star""","0","""left""","""right""","-1","4","0","14","0","0","-1","-1","""FALSE""","""null""","""null""","-1","-1","-1","-1","-1","-1","-1","2","-1","-1","-1","-1","""This survey was about how the different ways people describe objects and if we can recognize them ""","""""","0","""keyboard""","""target""","""null""","""null""","""null""","""null""","""null""","TRUE","""null""","""null""","""null""","""null""","""Christmas tree""","""snowman""","""null""","""null""","""null""","""null""","""star""","""scarf""","""null""","""null""","""null""","""null""","""left""","""left""","""null""","""null""","""null""","""null""","""ornaments""","""hat""","""null""","""null""","""null""","""null""","""right""","""right""","""null""","""null""","""null""","""null""","FALSE","FALSE","TRUE","FALSE","""kb1b""","0","1","Checkbox"
"Object Description","Short and fun! A 1-2 minute word game about describing simple objects. Only one HIT per worker.","experiment, psychology, game, language, cognition, linguistics, description","$0.25 ","Fri Aug 08 09:13:17 PDT 2014","150","0","0","150","Reviewable","NotReviewed","1 scales","600","60000","Fri Aug 15 09:13:17 PDT 2014","S33669","Approved","","""friend""","""glasses""","0","""right""","""middle""","-1","4","0","14","0","0","-1","-1","""TRUE""","""null""","""null""","-1","-1","-1","-1","-1","-1","-1","2","-1","-1","-1","-1","""describing objects so others will know what you mean""","""N/A""","0","""keyboard""","""target""","""null""","""null""","""null""","""null""","""null""","TRUE","""null""","""null""","""null""","""null""","""friend""","""boat""","""null""","""null""","""null""","""null""","""glasses""","""sail""","""null""","""null""","""null""","""null""","""right""","""right""","""null""","""null""","""null""","""null""","""hat""","""cabin""","""null""","""null""","""null""","""null""","""middle""","""left""","""null""","""null""","""null""","""null""","FALSE","FALSE","TRUE","FALSE","""kb1b""","0","1","Checkbox"
"Object Description","Short and fun! A 1-2 minute word game about describing simple objects. Only one HIT per worker.","experiment, psychology, game, language, cognition, linguistics, description","$0.25 ","Fri Aug 08 09:13:17 PDT 2014","150","0","0","150","Reviewable","NotReviewed","1 scales","600","60000","Fri Aug 15 09:13:17 PDT 2014","S23398","Approved","","""snowman""","""mittens""","0","""left""","""right""","-1","4","0","14","0","0","-1","-1","""FALSE""","""null""","""null""","-1","-1","-1","-1","-1","-1","-1","2","-1","-1","-1","-1","""objects""","""no""","0","""keyboard""","""target""","""null""","""null""","""null""","""null""","""null""","TRUE","""null""","""null""","""null""","""null""","""snowman""","""boat""","""null""","""null""","""null""","""null""","""mittens""","""cabin""","""null""","""null""","""null""","""null""","""left""","""middle""","""null""","""null""","""null""","""null""","""hat""","""sail""","""null""","""null""","""null""","""null""","""right""","""right""","""null""","""null""","""null""","""null""","FALSE","FALSE","TRUE","FALSE","""kb1b""","0","1","Checkbox"
"Object Description","Short and fun! A 1-2 minute word game about describing simple objects. Only one HIT per worker.","experiment, psychology, game, language, cognition, linguistics, description","$0.25 ","Fri Aug 08 09:13:17 PDT 2014","150","0","0","150","Reviewable","NotReviewed","1 scales","600","60000","Fri Aug 15 09:13:17 PDT 2014","S52796","Approved","","""friend""","""hat""","0","""left""","""right""","-1","4","0","14","0","0","-1","-1","""TRUE""","""null""","""null""","-1","-1","-1","-1","-1","-1","-1","2","-1","-1","-1","-1","""Paying Attention""","""""","0","""keyboard""","""target""","""null""","""null""","""null""","""null""","""null""","TRUE","""null""","""null""","""null""","""null""","""friend""","""friend""","""null""","""null""","""null""","""null""","""hat""","""glasses""","""null""","""null""","""null""","""null""","""left""","""left""","""null""","""null""","""null""","""null""","""mustache""","""mustache""","""null""","""null""","""null""","""null""","""right""","""middle""","""null""","""null""","""null""","""null""","FALSE","FALSE","TRUE","FALSE","""kb1b""","0","1","Checkbox"
"Object Description","Short and fun! A 1-2 minute word game about describing simple objects. Only one HIT per worker.","experiment, psychology, game, language, cognition, linguistics, description","$0.25 ","Fri Aug 08 09:13:17 PDT 2014","150","0","0","150","Reviewable","NotReviewed","1 scales","600","60000","Fri Aug 15 09:13:17 PDT 2014","S65297","Approved","","""friend""","""hat""","0","""right""","""left""","-1","4","0","14","0","0","-1","-1","""TRUE""","""null""","""null""","-1","-1","-1","-1","-1","-1","-1","2","-1","-1","-1","-1","""Communicating to someone else how someone might look""","""na""","0","""keyboard""","""target""","""null""","""null""","""null""","""null""","""null""","TRUE","""null""","""null""","""null""","""null""","""friend""","""friend""","""null""","""null""","""null""","""null""","""hat""","""mustache""","""null""","""null""","""null""","""null""","""right""","""left""","""null""","""null""","""null""","""null""","""mustache""","""glasses""","""null""","""null""","""null""","""null""","""left""","""middle""","""null""","""null""","""null""","""null""","FALSE","FALSE","TRUE","FALSE","""kb1b""","0","1","Checkbox"
"Object Description","Short and fun! A 1-2 minute word game about describing simple objects. Only one HIT per worker.","experiment, psychology, game, language, cognition, linguistics, description","$0.25 ","Fri Aug 08 09:13:17 PDT 2014","150","0","0","150","Reviewable","NotReviewed","1 scales","600","60000","Fri Aug 15 09:13:17 PDT 2014","S56458","Approved","","""snowman""","""mittens""","0","""left""","""middle""","-1","4","0","14","0","0","-1","-1","""TRUE""","""null""","""null""","-1","-1","-1","-1","-1","-1","-1","2","-1","-1","-1","-1","""choosing from 3 options""","""""","0","""keyboard""","""target""","""null""","""null""","""null""","""null""","""null""","TRUE","""null""","""null""","""null""","""null""","""snowman""","""boat""","""null""","""null""","""null""","""null""","""mittens""","""motor""","""null""","""null""","""null""","""null""","""left""","""middle""","""null""","""null""","""null""","""null""","""scarf""","""cabin""","""null""","""null""","""null""","""null""","""middle""","""left""","""null""","""null""","""null""","""null""","FALSE","FALSE","TRUE","FALSE","""kb1b""","0","1","Checkbox"
"Object Description","Short and fun! A 1-2 minute word game about describing simple objects. Only one HIT per worker.","experiment, psychology, game, language, cognition, linguistics, description","$0.25 ","Fri Aug 08 09:13:17 PDT 2014","150","0","0","150","Reviewable","NotReviewed","1 scales","600","60000","Fri Aug 15 09:13:17 PDT 2014","S71680","Approved","","""snowman""","""hat""","0","""right""","""left""","-1","4","0","14","0","0","-1","-1","""TRUE""","""null""","""null""","-1","-1","-1","-1","-1","-1","-1","2","-1","-1","-1","-1","""object description""","""thanks!  that was fun""","0","""keyboard""","""target""","""null""","""null""","""null""","""null""","""null""","TRUE","""null""","""null""","""null""","""null""","""snowman""","""sundae""","""null""","""null""","""null""","""null""","""hat""","""chocolate""","""null""","""null""","""null""","""null""","""right""","""right""","""null""","""null""","""null""","""null""","""scarf""","""whipped cream""","""null""","""null""","""null""","""null""","""left""","""middle""","""null""","""null""","""null""","""null""","TRUE","FALSE","TRUE","FALSE","""kb1b""","1","1","Checkbox"
"Object Description","Short and fun! A 1-2 minute word game about describing simple objects. Only one HIT per worker.","experiment, psychology, game, language, cognition, linguistics, description","$0.25 ","Fri Aug 08 09:13:17 PDT 2014","150","0","0","150","Reviewable","NotReviewed","1 scales","600","60000","Fri Aug 15 09:13:17 PDT 2014","S37835","Approved","","""sundae""","""whipped cream""","0","""middle""","""right""","-1","4","0","14","0","0","-1","-1","""TRUE""","""null""","""null""","-1","-1","-1","-1","-1","-1","-1","2","-1","-1","-1","-1","""Communicating with another Turker with limited ability.""","""Thanks""","0","""keyboard""","""target""","""null""","""null""","""null""","""null""","""null""","TRUE","""null""","""null""","""null""","""null""","""sundae""","""pizza""","""null""","""null""","""null""","""null""","""whipped cream""","""olives""","""null""","""null""","""null""","""null""","""middle""","""middle""","""null""","""null""","""null""","""null""","""chocolate""","""peppers""","""null""","""null""","""null""","""null""","""right""","""right""","""null""","""null""","""null""","""null""","TRUE","FALSE","TRUE","FALSE","""kb1b""","1","1","Checkbox"
"Object Description","Short and fun! A 1-2 minute word game about describing simple objects. Only one HIT per worker.","experiment, psychology, game, language, cognition, linguistics, description","$0.25 ","Fri Aug 08 09:13:17 PDT 2014","150","0","0","150","Reviewable","NotReviewed","1 scales","600","60000","Fri Aug 15 09:13:17 PDT 2014","S08106","Approved","","""pizza""","""mushrooms""","0","""middle""","""right""","-1","4","0","14","0","0","-1","-1","""TRUE""","""null""","""null""","-1","-1","-1","-1","-1","-1","-1","2","-1","-1","-1","-1","""Knowing what the other person was talking about or giving a clue so they can find out what picture you are refering to. ""","""""","0","""keyboard""","""target""","""null""","""null""","""null""","""null""","""null""","TRUE","""null""","""null""","""null""","""null""","""pizza""","""Christmas tree""","""null""","""null""","""null""","""null""","""mushrooms""","""star""","""null""","""null""","""null""","""null""","""middle""","""middle""","""null""","""null""","""null""","""null""","""olives""","""ornaments""","""null""","""null""","""null""","""null""","""right""","""right""","""null""","""null""","""null""","""null""","TRUE","FALSE","TRUE","FALSE","""kb1b""","1","1","Checkbox"
"Object Description","Short and fun! A 1-2 minute word game about describing simple objects. Only one HIT per worker.","experiment, psychology, game, language, cognition, linguistics, description","$0.25 ","Fri Aug 08 09:13:17 PDT 2014","150","0","0","150","Reviewable","NotReviewed","1 scales","600","60000","Fri Aug 15 09:13:17 PDT 2014","S74053","Approved","","""pizza""","""olives""","0","""middle""","""left""","-1","4","0","14","0","0","-1","-1","""TRUE""","""null""","""null""","-1","-1","-1","-1","-1","-1","-1","2","-1","-1","-1","-1","""Seeing what others choose based on descriptions. ""","""Nope :)""","0","""keyboard""","""target""","""null""","""null""","""null""","""null""","""null""","TRUE","""null""","""null""","""null""","""null""","""pizza""","""snowman""","""null""","""null""","""null""","""null""","""olives""","""hat""","""null""","""null""","""null""","""null""","""middle""","""right""","""null""","""null""","""null""","""null""","""mushrooms""","""scarf""","""null""","""null""","""null""","""null""","""left""","""middle""","""null""","""null""","""null""","""null""","TRUE","FALSE","TRUE","FALSE","""kb1b""","1","1","Checkbox"
"Object Description","Short and fun! A 1-2 minute word game about describing simple objects. Only one HIT per worker.","experiment, psychology, game, language, cognition, linguistics, description","$0.25 ","Fri Aug 08 09:13:17 PDT 2014","150","0","0","150","Reviewable","NotReviewed","1 scales","600","60000","Fri Aug 15 09:13:17 PDT 2014","S56322","Approved","","""snowman""","""scarf""","0","""right""","""left""","-1","4","0","14","0","0","-1","-1","""TRUE""","""null""","""null""","-1","-1","-1","-1","-1","-1","-1","2","-1","-1","-1","-1","""Describing someone or something and know which picture it related to""","""""","0","""keyboard""","""target""","""null""","""null""","""null""","""null""","""null""","TRUE","""null""","""null""","""null""","""null""","""snowman""","""friend""","""null""","""null""","""null""","""null""","""scarf""","""hat""","""null""","""null""","""null""","""null""","""right""","""left""","""null""","""null""","""null""","""null""","""mittens""","""glasses""","""null""","""null""","""null""","""null""","""left""","""right""","""null""","""null""","""null""","""null""","TRUE","FALSE","TRUE","FALSE","""kb1b""","1","1","Checkbox"
"Object Description","Short and fun! A 1-2 minute word game about describing simple objects. Only one HIT per worker.","experiment, psychology, game, language, cognition, linguistics, description","$0.25 ","Fri Aug 08 09:13:17 PDT 2014","150","0","0","150","Reviewable","NotReviewed","1 scales","600","60000","Fri Aug 15 09:13:17 PDT 2014","S63036","Approved","","""friend""","""hat""","0","""right""","""left""","-1","4","0","14","0","0","-1","-1","""TRUE""","""null""","""null""","-1","-1","-1","-1","-1","-1","-1","2","-1","-1","-1","-1","""apperance and what is more preferable?""","""""","0","""keyboard""","""logical""","""null""","""null""","""null""","""null""","""null""","FALSE","""null""","""null""","""null""","""null""","""friend""","""Christmas tree""","""null""","""null""","""null""","""null""","""hat""","""lights""","""null""","""null""","""null""","""null""","""right""","""right""","""null""","""null""","""null""","""null""","""mustache""","""star""","""null""","""null""","""null""","""null""","""left""","""left""","""null""","""null""","""null""","""null""","TRUE","FALSE","FALSE","TRUE","""kb1b""","1","0","Checkbox"
"Object Description","Short and fun! A 1-2 minute word game about describing simple objects. Only one HIT per worker.","experiment, psychology, game, language, cognition, linguistics, description","$0.25 ","Fri Aug 08 09:13:17 PDT 2014","150","0","0","150","Reviewable","NotReviewed","1 scales","600","60000","Fri Aug 15 09:13:17 PDT 2014","S31462","Approved","","""boat""","""motor""","0","""middle""","""left""","-1","4","0","14","0","0","-1","-1","""TRUE""","""null""","""null""","-1","-1","-1","-1","-1","-1","-1","2","-1","-1","-1","-1","""trying to help another turker pick the right boat. Also, choose the right friend based on the word from another turker.""","""""","0","""keyboard""","""target""","""null""","""null""","""null""","""null""","""null""","TRUE","""null""","""null""","""null""","""null""","""boat""","""friend""","""null""","""null""","""null""","""null""","""motor""","""glasses""","""null""","""null""","""null""","""null""","""middle""","""middle""","""null""","""null""","""null""","""null""","""sail""","""hat""","""null""","""null""","""null""","""null""","""left""","""right""","""null""","""null""","""null""","""null""","TRUE","FALSE","TRUE","FALSE","""kb1b""","1","1","Checkbox"
"Object Description","Short and fun! A 1-2 minute word game about describing simple objects. Only one HIT per worker.","experiment, psychology, game, language, cognition, linguistics, description","$0.25 ","Fri Aug 08 09:13:17 PDT 2014","150","0","0","150","Reviewable","NotReviewed","1 scales","600","60000","Fri Aug 15 09:13:17 PDT 2014","S15893","Approved","","""Christmas tree""","""ornaments""","0","""left""","""middle""","-1","4","0","14","0","0","-1","-1","""TRUE""","""null""","""null""","-1","-1","-1","-1","-1","-1","-1","2","-1","-1","-1","-1","""Evaluating individuals problem-solving skills.""","""""","0","""keyboard""","""target""","""null""","""null""","""null""","""null""","""null""","TRUE","""null""","""null""","""null""","""null""","""Christmas tree""","""boat""","""null""","""null""","""null""","""null""","""ornaments""","""motor""","""null""","""null""","""null""","""null""","""left""","""left""","""null""","""null""","""null""","""null""","""star""","""cabin""","""null""","""null""","""null""","""null""","""middle""","""right""","""null""","""null""","""null""","""null""","TRUE","FALSE","TRUE","FALSE","""kb1b""","1","1","Checkbox"
"Object Description","Short and fun! A 1-2 minute word game about describing simple objects. Only one HIT per worker.","experiment, psychology, game, language, cognition, linguistics, description","$0.25 ","Fri Aug 08 09:13:17 PDT 2014","150","0","0","150","Reviewable","NotReviewed","1 scales","600","60000","Fri Aug 15 09:13:17 PDT 2014","S06719","Approved","","""friend""","""glasses""","0","""middle""","""left""","-1","4","0","14","0","0","-1","-1","""TRUE""","""null""","""null""","-1","-1","-1","-1","-1","-1","-1","2","-1","-1","-1","-1","""Memory and object recognition""","""""","0","""keyboard""","""target""","""null""","""null""","""null""","""null""","""null""","TRUE","""null""","""null""","""null""","""null""","""friend""","""snowman""","""null""","""null""","""null""","""null""","""glasses""","""scarf""","""null""","""null""","""null""","""null""","""middle""","""right""","""null""","""null""","""null""","""null""","""hat""","""mittens""","""null""","""null""","""null""","""null""","""left""","""middle""","""null""","""null""","""null""","""null""","TRUE","FALSE","TRUE","FALSE","""kb1b""","1","1","Checkbox"
"Object Description","Short and fun! A 1-2 minute word game about describing simple objects. Only one HIT per worker.","experiment, psychology, game, language, cognition, linguistics, description","$0.25 ","Fri Aug 08 09:13:17 PDT 2014","150","0","0","150","Reviewable","NotReviewed","1 scales","600","60000","Fri Aug 15 09:13:17 PDT 2014","S64690","Approved","","""friend""","""mustache""","0","""right""","""middle""","-1","4","0","14","0","0","-1","-1","""TRUE""","""null""","""null""","-1","-1","-1","-1","-1","-1","-1","2","-1","-1","-1","-1","""Describing and picking objects based on limited information""","""no""","0","""keyboard""","""target""","""null""","""null""","""null""","""null""","""null""","TRUE","""null""","""null""","""null""","""null""","""friend""","""boat""","""null""","""null""","""null""","""null""","""mustache""","""sail""","""null""","""null""","""null""","""null""","""right""","""right""","""null""","""null""","""null""","""null""","""hat""","""motor""","""null""","""null""","""null""","""null""","""middle""","""left""","""null""","""null""","""null""","""null""","FALSE","FALSE","TRUE","FALSE","""kb1b""","0","1","Checkbox"
"Object Description","Short and fun! A 1-2 minute word game about describing simple objects. Only one HIT per worker.","experiment, psychology, game, language, cognition, linguistics, description","$0.25 ","Fri Aug 08 09:13:17 PDT 2014","150","0","0","150","Reviewable","NotReviewed","1 scales","600","60000","Fri Aug 15 09:13:17 PDT 2014","S75858","Approved","","""Christmas tree""","""lights""","0","""left""","""right""","-1","4","0","14","0","0","-1","-1","""TRUE""","""null""","""null""","-1","-1","-1","-1","-1","-1","-1","2","-1","-1","-1","-1","""object describing""","""""","0","""keyboard""","""logical""","""null""","""null""","""null""","""null""","""null""","FALSE","""null""","""null""","""null""","""null""","""Christmas tree""","""Christmas tree""","""null""","""null""","""null""","""null""","""lights""","""ornaments""","""null""","""null""","""null""","""null""","""left""","""middle""","""null""","""null""","""null""","""null""","""star""","""lights""","""null""","""null""","""null""","""null""","""right""","""left""","""null""","""null""","""null""","""null""","FALSE","FALSE","TRUE","FALSE","""kb1b""","0","0","Checkbox"
"Object Description","Short and fun! A 1-2 minute word game about describing simple objects. Only one HIT per worker.","experiment, psychology, game, language, cognition, linguistics, description","$0.25 ","Fri Aug 08 09:13:17 PDT 2014","150","0","0","150","Reviewable","NotReviewed","1 scales","600","60000","Fri Aug 15 09:13:17 PDT 2014","S16345","Approved","","""Christmas tree""","""lights""","0","""right""","""middle""","-1","4","0","14","0","0","-1","-1","""TRUE""","""null""","""null""","-1","-1","-1","-1","-1","-1","-1","2","-1","-1","-1","-1","""How people describe objects""","""No""","0","""keyboard""","""target""","""null""","""null""","""null""","""null""","""null""","TRUE","""null""","""null""","""null""","""null""","""Christmas tree""","""pizza""","""null""","""null""","""null""","""null""","""lights""","""mushrooms""","""null""","""null""","""null""","""null""","""right""","""middle""","""null""","""null""","""null""","""null""","""ornaments""","""olives""","""null""","""null""","""null""","""null""","""middle""","""right""","""null""","""null""","""null""","""null""","TRUE","FALSE","TRUE","FALSE","""kb1b""","1","1","Checkbox"
"Object Description","Short and fun! A 1-2 minute word game about describing simple objects. Only one HIT per worker.","experiment, psychology, game, language, cognition, linguistics, description","$0.25 ","Fri Aug 08 09:13:17 PDT 2014","150","0","0","150","Reviewable","NotReviewed","1 scales","600","60000","Fri Aug 15 09:13:17 PDT 2014","S22064","Approved","","""Christmas tree""","""ornaments""","0","""left""","""right""","-1","4","0","14","0","0","-1","-1","""TRUE""","""null""","""null""","-1","-1","-1","-1","-1","-1","-1","2","-1","-1","-1","-1","""Communicating about trees and pizza""","""""","0","""keyboard""","""target""","""null""","""null""","""null""","""null""","""null""","TRUE","""null""","""null""","""null""","""null""","""Christmas tree""","""pizza""","""null""","""null""","""null""","""null""","""ornaments""","""peppers""","""null""","""null""","""null""","""null""","""left""","""middle""","""null""","""null""","""null""","""null""","""lights""","""olives""","""null""","""null""","""null""","""null""","""right""","""right""","""null""","""null""","""null""","""null""","FALSE","FALSE","TRUE","FALSE","""kb1b""","0","1","Checkbox"
"Object Description","Short and fun! A 1-2 minute word game about describing simple objects. Only one HIT per worker.","experiment, psychology, game, language, cognition, linguistics, description","$0.25 ","Fri Aug 08 09:13:17 PDT 2014","150","0","0","150","Reviewable","NotReviewed","1 scales","600","60000","Fri Aug 15 09:13:17 PDT 2014","S79586","Approved","","""Christmas tree""","""ornaments""","0","""middle""","""left""","-1","4","0","14","0","0","-1","-1","""TRUE""","""null""","""null""","-1","-1","-1","-1","-1","-1","-1","2","-1","-1","-1","-1","""showing the power of how important descriptions are""","""""","0","""keyboard""","""target""","""null""","""null""","""null""","""null""","""null""","TRUE","""null""","""null""","""null""","""null""","""Christmas tree""","""sundae""","""null""","""null""","""null""","""null""","""ornaments""","""chocolate""","""null""","""null""","""null""","""null""","""middle""","""right""","""null""","""null""","""null""","""null""","""star""","""whipped cream""","""null""","""null""","""null""","""null""","""left""","""middle""","""null""","""null""","""null""","""null""","FALSE","FALSE","TRUE","FALSE","""kb1b""","0","1","Checkbox"
"Object Description","Short and fun! A 1-2 minute word game about describing simple objects. Only one HIT per worker.","experiment, psychology, game, language, cognition, linguistics, description","$0.25 ","Fri Aug 08 09:13:17 PDT 2014","150","0","0","150","Reviewable","NotReviewed","1 scales","600","60000","Fri Aug 15 09:13:17 PDT 2014","S40490","Approved","","""sundae""","""whipped cream""","0","""right""","""left""","-1","4","0","14","0","0","-1","-1","""TRUE""","""null""","""null""","-1","-1","-1","-1","-1","-1","-1","2","-1","-1","-1","-1","""It was about describing objects so others would know which one it is.""","""Fun survey! Thanks!""","0","""keyboard""","""target""","""null""","""null""","""null""","""null""","""null""","TRUE","""null""","""null""","""null""","""null""","""sundae""","""boat""","""null""","""null""","""null""","""null""","""whipped cream""","""sail""","""null""","""null""","""null""","""null""","""right""","""middle""","""null""","""null""","""null""","""null""","""cherry""","""cabin""","""null""","""null""","""null""","""null""","""left""","""left""","""null""","""null""","""null""","""null""","TRUE","FALSE","TRUE","FALSE","""kb1b""","1","1","Checkbox"
"Object Description","Short and fun! A 1-2 minute word game about describing simple objects. Only one HIT per worker.","experiment, psychology, game, language, cognition, linguistics, description","$0.25 ","Fri Aug 08 09:13:17 PDT 2014","150","0","0","150","Reviewable","NotReviewed","1 scales","600","60000","Fri Aug 15 09:13:17 PDT 2014","S31141","Approved","","""snowman""","""hat""","0","""left""","""middle""","-1","4","0","14","0","0","-1","-1","""TRUE""","""null""","""null""","-1","-1","-1","-1","-1","-1","-1","2","-1","-1","-1","-1","""picture description""","""""","0","""keyboard""","""target""","""null""","""null""","""null""","""null""","""null""","TRUE","""null""","""null""","""null""","""null""","""snowman""","""boat""","""null""","""null""","""null""","""null""","""hat""","""sail""","""null""","""null""","""null""","""null""","""left""","""left""","""null""","""null""","""null""","""null""","""scarf""","""motor""","""null""","""null""","""null""","""null""","""middle""","""middle""","""null""","""null""","""null""","""null""","FALSE","FALSE","TRUE","FALSE","""kb1b""","0","1","Checkbox"
"Object Description","Short and fun! A 1-2 minute word game about describing simple objects. Only one HIT per worker.","experiment, psychology, game, language, cognition, linguistics, description","$0.25 ","Fri Aug 08 09:13:17 PDT 2014","150","0","0","150","Reviewable","NotReviewed","1 scales","600","60000","Fri Aug 15 09:13:17 PDT 2014","S27769","Approved","","""pizza""","""peppers""","0","""left""","""middle""","-1","4","0","14","0","0","-1","-1","""TRUE""","""null""","""null""","-1","-1","-1","-1","-1","-1","-1","2","-1","-1","-1","-1","""Communication""","""""","0","""keyboard""","""target""","""null""","""null""","""null""","""null""","""null""","TRUE","""null""","""null""","""null""","""null""","""pizza""","""pizza""","""null""","""null""","""null""","""null""","""peppers""","""mushrooms""","""null""","""null""","""null""","""null""","""left""","""left""","""null""","""null""","""null""","""null""","""mushrooms""","""peppers""","""null""","""null""","""null""","""null""","""middle""","""middle""","""null""","""null""","""null""","""null""","TRUE","FALSE","TRUE","FALSE","""kb1b""","1","1","Checkbox"
"Object Description","Short and fun! A 1-2 minute word game about describing simple objects. Only one HIT per worker.","experiment, psychology, game, language, cognition, linguistics, description","$0.25 ","Fri Aug 08 09:13:17 PDT 2014","150","0","0","150","Reviewable","NotReviewed","1 scales","600","60000","Fri Aug 15 09:13:17 PDT 2014","S13813","Approved","","""Christmas tree""","""star""","0","""right""","""left""","-1","4","0","14","0","0","-1","-1","""TRUE""","""null""","""null""","-1","-1","-1","-1","-1","-1","-1","2","-1","-1","-1","-1","""Communication""","""Thank you!""","0","""keyboard""","""target""","""null""","""null""","""null""","""null""","""null""","TRUE","""null""","""null""","""null""","""null""","""Christmas tree""","""snowman""","""null""","""null""","""null""","""null""","""star""","""mittens""","""null""","""null""","""null""","""null""","""right""","""right""","""null""","""null""","""null""","""null""","""lights""","""hat""","""null""","""null""","""null""","""null""","""left""","""middle""","""null""","""null""","""null""","""null""","TRUE","FALSE","TRUE","FALSE","""kb1b""","1","1","Checkbox"
"Object Description","Short and fun! A 1-2 minute word game about describing simple objects. Only one HIT per worker.","experiment, psychology, game, language, cognition, linguistics, description","$0.25 ","Fri Aug 08 09:13:17 PDT 2014","150","0","0","150","Reviewable","NotReviewed","1 scales","600","60000","Fri Aug 15 09:13:17 PDT 2014","S20181","Approved","","""friend""","""hat""","0","""left""","""right""","-1","4","0","14","0","0","-1","-1","""TRUE""","""null""","""null""","-1","-1","-1","-1","-1","-1","-1","2","-1","-1","-1","-1","""How to describe things to others.""","""""","0","""keyboard""","""target""","""null""","""null""","""null""","""null""","""null""","TRUE","""null""","""null""","""null""","""null""","""friend""","""Christmas tree""","""null""","""null""","""null""","""null""","""hat""","""ornaments""","""null""","""null""","""null""","""null""","""left""","""left""","""null""","""null""","""null""","""null""","""glasses""","""star""","""null""","""null""","""null""","""null""","""right""","""middle""","""null""","""null""","""null""","""null""","TRUE","FALSE","TRUE","FALSE","""kb1b""","1","1","Checkbox"
"Object Description","Short and fun! A 1-2 minute word game about describing simple objects. Only one HIT per worker.","experiment, psychology, game, language, cognition, linguistics, description","$0.25 ","Fri Aug 08 09:13:17 PDT 2014","150","0","0","150","Reviewable","NotReviewed","1 scales","600","60000","Fri Aug 15 09:13:17 PDT 2014","S74015","Approved","","""boat""","""cabin""","0","""left""","""right""","-1","4","0","14","0","0","-1","-1","""TRUE""","""null""","""null""","-1","-1","-1","-1","-1","-1","-1","2","-1","-1","-1","-1","""BOATING""","""""","0","""keyboard""","""target""","""null""","""null""","""null""","""null""","""null""","TRUE","""null""","""null""","""null""","""null""","""boat""","""sundae""","""null""","""null""","""null""","""null""","""cabin""","""chocolate""","""null""","""null""","""null""","""null""","""left""","""right""","""null""","""null""","""null""","""null""","""sail""","""whipped cream""","""null""","""null""","""null""","""null""","""right""","""middle""","""null""","""null""","""null""","""null""","TRUE","FALSE","TRUE","FALSE","""kb1b""","1","1","Checkbox"
"Object Description","Short and fun! A 1-2 minute word game about describing simple objects. Only one HIT per worker.","experiment, psychology, game, language, cognition, linguistics, description","$0.25 ","Fri Aug 08 09:13:17 PDT 2014","150","0","0","150","Reviewable","NotReviewed","1 scales","600","60000","Fri Aug 15 09:13:17 PDT 2014","S47525","Approved","","""friend""","""glasses""","0","""right""","""left""","-1","4","0","14","0","0","-1","-1","""TRUE""","""null""","""null""","-1","-1","-1","-1","-1","-1","-1","2","-1","-1","-1","-1","""Probably language perception.""","""No.""","0","""keyboard""","""target""","""null""","""null""","""null""","""null""","""null""","TRUE","""null""","""null""","""null""","""null""","""friend""","""Christmas tree""","""null""","""null""","""null""","""null""","""glasses""","""ornaments""","""null""","""null""","""null""","""null""","""right""","""middle""","""null""","""null""","""null""","""null""","""mustache""","""lights""","""null""","""null""","""null""","""null""","""left""","""right""","""null""","""null""","""null""","""null""","FALSE","FALSE","TRUE","FALSE","""kb1b""","0","1","Checkbox"
"Object Description","Short and fun! A 1-2 minute word game about describing simple objects. Only one HIT per worker.","experiment, psychology, game, language, cognition, linguistics, description","$0.25 ","Fri Aug 08 09:13:17 PDT 2014","150","0","0","150","Reviewable","NotReviewed","1 scales","600","60000","Fri Aug 15 09:13:17 PDT 2014","S82901","Approved","","""boat""","""motor""","0","""left""","""right""","-1","4","0","14","0","0","-1","-1","""TRUE""","""null""","""null""","-1","-1","-1","-1","-1","-1","-1","2","-1","-1","-1","-1","""describing to another turker which picture is the one Bob had""","""""","0","""keyboard""","""target""","""null""","""null""","""null""","""null""","""null""","TRUE","""null""","""null""","""null""","""null""","""boat""","""sundae""","""null""","""null""","""null""","""null""","""motor""","""whipped cream""","""null""","""null""","""null""","""null""","""left""","""right""","""null""","""null""","""null""","""null""","""cabin""","""chocolate""","""null""","""null""","""null""","""null""","""right""","""middle""","""null""","""null""","""null""","""null""","TRUE","FALSE","TRUE","FALSE","""kb1b""","1","1","Checkbox"
"Object Description","Short and fun! A 1-2 minute word game about describing simple objects. Only one HIT per worker.","experiment, psychology, game, language, cognition, linguistics, description","$0.25 ","Fri Aug 08 09:13:17 PDT 2014","150","0","0","150","Reviewable","NotReviewed","1 scales","600","60000","Fri Aug 15 09:13:17 PDT 2014","S52886","Approved","","""friend""","""glasses""","0","""right""","""middle""","-1","4","0","14","0","0","-1","-1","""TRUE""","""null""","""null""","-1","-1","-1","-1","-1","-1","-1","2","-1","-1","-1","-1","""Comparing what Mturk workers picked in objects.""","""none""","0","""keyboard""","""target""","""null""","""null""","""null""","""null""","""null""","TRUE","""null""","""null""","""null""","""null""","""friend""","""pizza""","""null""","""null""","""null""","""null""","""glasses""","""peppers""","""null""","""null""","""null""","""null""","""right""","""right""","""null""","""null""","""null""","""null""","""mustache""","""mushrooms""","""null""","""null""","""null""","""null""","""middle""","""middle""","""null""","""null""","""null""","""null""","TRUE","FALSE","TRUE","FALSE","""kb1b""","1","1","Checkbox"
"Object Description","Short and fun! A 1-2 minute word game about describing simple objects. Only one HIT per worker.","experiment, psychology, game, language, cognition, linguistics, description","$0.25 ","Fri Aug 08 09:13:17 PDT 2014","150","0","0","150","Reviewable","NotReviewed","1 scales","600","60000","Fri Aug 15 09:13:17 PDT 2014","S40722","Approved","","""sundae""","""cherry""","0","""middle""","""right""","-1","4","0","14","0","0","-1","-1","""TRUE""","""null""","""null""","-1","-1","-1","-1","-1","-1","-1","2","-1","-1","-1","-1","""communication""","""na""","0","""keyboard""","""target""","""null""","""null""","""null""","""null""","""null""","TRUE","""null""","""null""","""null""","""null""","""sundae""","""pizza""","""null""","""null""","""null""","""null""","""cherry""","""olives""","""null""","""null""","""null""","""null""","""middle""","""middle""","""null""","""null""","""null""","""null""","""chocolate""","""peppers""","""null""","""null""","""null""","""null""","""right""","""left""","""null""","""null""","""null""","""null""","TRUE","FALSE","TRUE","FALSE","""kb1b""","1","1","Checkbox"
"Object Description","Short and fun! A 1-2 minute word game about describing simple objects. Only one HIT per worker.","experiment, psychology, game, language, cognition, linguistics, description","$0.25 ","Fri Aug 08 09:13:17 PDT 2014","150","0","0","150","Reviewable","NotReviewed","1 scales","600","60000","Fri Aug 15 09:13:17 PDT 2014","S49802","Approved","","""sundae""","""whipped cream""","0","""middle""","""right""","-1","4","0","14","0","0","-1","-1","""TRUE""","""null""","""null""","-1","-1","-1","-1","-1","-1","-1","2","-1","-1","-1","-1","""unsure""","""""","0","""keyboard""","""target""","""null""","""null""","""null""","""null""","""null""","TRUE","""null""","""null""","""null""","""null""","""sundae""","""sundae""","""null""","""null""","""null""","""null""","""whipped cream""","""chocolate""","""null""","""null""","""null""","""null""","""middle""","""left""","""null""","""null""","""null""","""null""","""cherry""","""cherry""","""null""","""null""","""null""","""null""","""right""","""middle""","""null""","""null""","""null""","""null""","FALSE","FALSE","TRUE","FALSE","""kb1b""","0","1","Checkbox"
"Object Description","Short and fun! A 1-2 minute word game about describing simple objects. Only one HIT per worker.","experiment, psychology, game, language, cognition, linguistics, description","$0.25 ","Fri Aug 08 09:13:17 PDT 2014","150","0","0","150","Reviewable","NotReviewed","1 scales","600","60000","Fri Aug 15 09:13:17 PDT 2014","S18645","Approved","","""snowman""","""scarf""","0","""left""","""right""","-1","4","0","14","0","0","-1","-1","""TRUE""","""null""","""null""","-1","-1","-1","-1","-1","-1","-1","2","-1","-1","-1","-1","""To figure out which snowman bob decorated.""","""No comment.""","0","""keyboard""","""target""","""null""","""null""","""null""","""null""","""null""","TRUE","""null""","""null""","""null""","""null""","""snowman""","""snowman""","""null""","""null""","""null""","""null""","""scarf""","""scarf""","""null""","""null""","""null""","""null""","""left""","""left""","""null""","""null""","""null""","""null""","""mittens""","""hat""","""null""","""null""","""null""","""null""","""right""","""middle""","""null""","""null""","""null""","""null""","TRUE","FALSE","TRUE","FALSE","""kb1b""","1","1","Checkbox"
"Object Description","Short and fun! A 1-2 minute word game about describing simple objects. Only one HIT per worker.","experiment, psychology, game, language, cognition, linguistics, description","$0.25 ","Fri Aug 08 09:13:17 PDT 2014","150","0","0","150","Reviewable","NotReviewed","1 scales","600","60000","Fri Aug 15 09:13:17 PDT 2014","S85522","Approved","","""Christmas tree""","""lights""","0","""middle""","""left""","-1","4","0","14","0","0","-1","-1","""TRUE""","""null""","""null""","-1","-1","-1","-1","-1","-1","-1","2","-1","-1","-1","-1","""Christmas Trees and describing them""","""No""","0","""keyboard""","""target""","""null""","""null""","""null""","""null""","""null""","TRUE","""null""","""null""","""null""","""null""","""Christmas tree""","""Christmas tree""","""null""","""null""","""null""","""null""","""lights""","""ornaments""","""null""","""null""","""null""","""null""","""middle""","""left""","""null""","""null""","""null""","""null""","""star""","""lights""","""null""","""null""","""null""","""null""","""left""","""middle""","""null""","""null""","""null""","""null""","TRUE","FALSE","TRUE","FALSE","""kb1b""","1","1","Checkbox"
"Object Description","Short and fun! A 1-2 minute word game about describing simple objects. Only one HIT per worker.","experiment, psychology, game, language, cognition, linguistics, description","$0.25 ","Fri Aug 08 09:13:17 PDT 2014","150","0","0","150","Reviewable","NotReviewed","1 scales","600","60000","Fri Aug 15 09:13:17 PDT 2014","S48246","Approved","","""Christmas tree""","""ornaments""","0","""right""","""left""","-1","4","0","14","0","0","-1","-1","""TRUE""","""null""","""null""","-1","-1","-1","-1","-1","-1","-1","2","-1","-1","-1","-1","""Describing an object and picking an object""","""There was only 1 tree with a star, but there were two boats with cabins, not a good descriptor""","0","""keyboard""","""target""","""null""","""null""","""null""","""null""","""null""","TRUE","""null""","""null""","""null""","""null""","""Christmas tree""","""boat""","""null""","""null""","""null""","""null""","""ornaments""","""cabin""","""null""","""null""","""null""","""null""","""right""","""left""","""null""","""null""","""null""","""null""","""star""","""sail""","""null""","""null""","""null""","""null""","""left""","""middle""","""null""","""null""","""null""","""null""","FALSE","FALSE","TRUE","FALSE","""kb1b""","0","1","Checkbox"
"Object Description","Short and fun! A 1-2 minute word game about describing simple objects. Only one HIT per worker.","experiment, psychology, game, language, cognition, linguistics, description","$0.25 ","Fri Aug 08 09:13:17 PDT 2014","150","0","0","150","Reviewable","NotReviewed","1 scales","600","60000","Fri Aug 15 09:13:17 PDT 2014","S67679","Approved","","""snowman""","""scarf""","0","""left""","""middle""","-1","4","0","14","0","0","-1","-1","""TRUE""","""null""","""null""","-1","-1","-1","-1","-1","-1","-1","2","-1","-1","-1","-1","""describing obects""","""nope""","0","""keyboard""","""target""","""null""","""null""","""null""","""null""","""null""","TRUE","""null""","""null""","""null""","""null""","""snowman""","""snowman""","""null""","""null""","""null""","""null""","""scarf""","""mittens""","""null""","""null""","""null""","""null""","""left""","""left""","""null""","""null""","""null""","""null""","""mittens""","""scarf""","""null""","""null""","""null""","""null""","""middle""","""middle""","""null""","""null""","""null""","""null""","FALSE","FALSE","TRUE","FALSE","""kb1b""","0","1","Checkbox"
