"title","description","keywords","reward","creationtime","assignments","numavailable","numpending","numcomplete","hitstatus","reviewstatus","annotation","assignmentduration","autoapprovaldelay","hitlifetime","workerid","assignmentstatus","deadline","Answer.item","Answer.target_property","Answer.target_frequency","Answer.target_position","Answer.distractor_position","Answer.familiarization_cond","Answer.participant_response_type_condition","Answer.participant_feature_count_condition","Answer.linguistic_framing_condition","Answer.target_filler_sequence_condition","Answer.question_type_condition","Answer.manip_check_target","Answer.manip_check_dist","Answer.name_check_correct","Answer.choice","Answer.choice_correct","Answer.money_allocated_to_foil","Answer.money_allocated_to_target","Answer.money_allocated_to_logical","Answer.Likert_value_foil","Answer.Likert_value_target","Answer.Likert_value_logical","Answer.keyboard","Answer.features_in_referent_to_describe","Answer.about","Answer.comment","Answer.familiarization_present_in_study","Answer.choice_1","Answer.choice_2","Answer.choice_3","Answer.choice_4","Answer.choice_5","Answer.choice_6","Answer.choice_correct_1","Answer.choice_correct_2","Answer.choice_correct_3","Answer.choice_correct_4","Answer.choice_correct_5","Answer.choice_correct_6","Answer.item_1","Answer.item_2","Answer.item_3","Answer.item_4","Answer.item_5","Answer.item_6","Answer.target_prop_1","Answer.target_prop_2","Answer.target_prop_3","Answer.target_prop_4","Answer.target_prop_5","Answer.target_prop_6","Answer.target_position_1","Answer.target_position_2","Answer.target_position_3","Answer.target_position_4","Answer.target_position_5","Answer.target_position_6","Answer.distractor_prop_1","Answer.distractor_prop_2","Answer.distractor_prop_3","Answer.distractor_prop_4","Answer.distractor_prop_5","Answer.distractor_prop_6","Answer.distractor_position_1","Answer.distractor_position_2","Answer.distractor_position_3","Answer.distractor_position_4","Answer.distractor_position_5","Answer.distractor_position_6","Answer.sequence_condition","Answer.overspec"
"Describing Objects","Short and fun! A 1-2 minute word game about describing simple objects. Only one HIT per worker.","experiment, psychology, game, language, cognition, linguistics, description","$0.25","Fri Aug 08 09:12:36 PDT 2014","152","0","0","152","Reviewable","NotReviewed","1 scales","600","60000","Fri Aug 15 09:12:36 PDT 2014","S13826","Approved","","""Christmas tree""","""ornaments""","0","""left""","""middle""","-1","3","0","13","0","0","-1","-1","""TRUE""","""null""","""null""","-1","-1","-1","-1","-1","-1","""its a bright green tree with nothing on it.""","0","""decribing objects ""","""""","0","""keyboard""","""target""","""null""","""null""","""null""","""null""","""null""","TRUE","""null""","""null""","""null""","""null""","""Christmas tree""","""snowman""","""null""","""null""","""null""","""null""","""ornaments""","""hat""","""null""","""null""","""null""","""null""","""left""","""left""","""null""","""null""","""null""","""null""","""star""","""scarf""","""null""","""null""","""null""","""null""","""middle""","""right""","""null""","""null""","""null""","""null""","""kb1b""","0"
"Describing Objects","Short and fun! A 1-2 minute word game about describing simple objects. Only one HIT per worker.","experiment, psychology, game, language, cognition, linguistics, description","$0.25","Fri Aug 08 09:12:36 PDT 2014","152","0","0","152","Reviewable","NotReviewed","1 scales","600","60000","Fri Aug 15 09:12:36 PDT 2014","S69756","Approved","","""pizza""","""olives""","0","""left""","""right""","-1","3","0","13","0","0","-1","-1","""TRUE""","""null""","""null""","-1","-1","-1","-1","-1","-1","""the cheese pizza.""","0","""language""","""""","0","""keyboard""","""target""","""null""","""null""","""null""","""null""","""null""","TRUE","""null""","""null""","""null""","""null""","""pizza""","""boat""","""null""","""null""","""null""","""null""","""olives""","""sail""","""null""","""null""","""null""","""null""","""left""","""right""","""null""","""null""","""null""","""null""","""peppers""","""motor""","""null""","""null""","""null""","""null""","""right""","""middle""","""null""","""null""","""null""","""null""","""kb1b""","0"
"Describing Objects","Short and fun! A 1-2 minute word game about describing simple objects. Only one HIT per worker.","experiment, psychology, game, language, cognition, linguistics, description","$0.25","Fri Aug 08 09:12:36 PDT 2014","152","0","0","152","Reviewable","NotReviewed","1 scales","600","60000","Fri Aug 15 09:12:36 PDT 2014","S41344","Approved","","""Christmas tree""","""ornaments""","0","""right""","""left""","-1","3","0","13","0","0","-1","-1","""TRUE""","""null""","""null""","-1","-1","-1","-1","-1","-1","""star""","0","""About describing objects""","""I liked the images!""","0","""keyboard""","""target""","""null""","""null""","""null""","""null""","""null""","TRUE","""null""","""null""","""null""","""null""","""Christmas tree""","""boat""","""null""","""null""","""null""","""null""","""ornaments""","""cabin""","""null""","""null""","""null""","""null""","""right""","""right""","""null""","""null""","""null""","""null""","""star""","""sail""","""null""","""null""","""null""","""null""","""left""","""left""","""null""","""null""","""null""","""null""","""kb1b""","0"
"Describing Objects","Short and fun! A 1-2 minute word game about describing simple objects. Only one HIT per worker.","experiment, psychology, game, language, cognition, linguistics, description","$0.25","Fri Aug 08 09:12:36 PDT 2014","152","0","0","152","Reviewable","NotReviewed","1 scales","600","60000","Fri Aug 15 09:12:36 PDT 2014","S36897","Approved","","""sundae""","""cherry""","0","""middle""","""right""","-1","3","0","13","0","0","-1","-1","""TRUE""","""null""","""null""","-1","-1","-1","-1","-1","-1","""the sund•À_ is 3 scoops of ice cream""","0","""Visualization of ice cream""","""""","0","""keyboard""","""target""","""null""","""null""","""null""","""null""","""null""","TRUE","""null""","""null""","""null""","""null""","""sundae""","""sundae""","""null""","""null""","""null""","""null""","""cherry""","""cherry""","""null""","""null""","""null""","""null""","""middle""","""left""","""null""","""null""","""null""","""null""","""chocolate""","""whipped cream""","""null""","""null""","""null""","""null""","""right""","""middle""","""null""","""null""","""null""","""null""","""kb1b""","0"
"Describing Objects","Short and fun! A 1-2 minute word game about describing simple objects. Only one HIT per worker.","experiment, psychology, game, language, cognition, linguistics, description","$0.25","Fri Aug 08 09:12:36 PDT 2014","152","0","0","152","Reviewable","NotReviewed","1 scales","600","60000","Fri Aug 15 09:12:36 PDT 2014","S13634","Approved","","""friend""","""mustache""","0","""right""","""middle""","-1","3","0","13","0","0","-1","-1","""TRUE""","""null""","""null""","-1","-1","-1","-1","-1","-1","""no mustache.""","0","""Trees and Friends""","""""","0","""keyboard""","""target""","""null""","""null""","""null""","""null""","""null""","TRUE","""null""","""null""","""null""","""null""","""friend""","""Christmas tree""","""null""","""null""","""null""","""null""","""mustache""","""ornaments""","""null""","""null""","""null""","""null""","""right""","""right""","""null""","""null""","""null""","""null""","""hat""","""star""","""null""","""null""","""null""","""null""","""middle""","""left""","""null""","""null""","""null""","""null""","""kb1b""","0"
"Describing Objects","Short and fun! A 1-2 minute word game about describing simple objects. Only one HIT per worker.","experiment, psychology, game, language, cognition, linguistics, description","$0.25","Fri Aug 08 09:12:36 PDT 2014","152","0","0","152","Reviewable","NotReviewed","1 scales","600","60000","Fri Aug 15 09:12:36 PDT 2014","S64504","Approved","","""pizza""","""mushrooms""","0","""left""","""right""","-1","3","0","13","0","0","-1","-1","""TRUE""","""null""","""null""","-1","-1","-1","-1","-1","-1","""no toppings""","0","""describing pizza and snowmen""","""none""","0","""keyboard""","""target""","""null""","""null""","""null""","""null""","""null""","TRUE","""null""","""null""","""null""","""null""","""pizza""","""snowman""","""null""","""null""","""null""","""null""","""mushrooms""","""scarf""","""null""","""null""","""null""","""null""","""left""","""middle""","""null""","""null""","""null""","""null""","""peppers""","""mittens""","""null""","""null""","""null""","""null""","""right""","""left""","""null""","""null""","""null""","""null""","""kb1b""","0"
"Describing Objects","Short and fun! A 1-2 minute word game about describing simple objects. Only one HIT per worker.","experiment, psychology, game, language, cognition, linguistics, description","$0.25","Fri Aug 08 09:12:36 PDT 2014","152","0","0","152","Reviewable","NotReviewed","1 scales","600","60000","Fri Aug 15 09:12:36 PDT 2014","S20727","Approved","","""pizza""","""peppers""","0","""right""","""left""","-1","3","0","13","0","0","-1","-1","""TRUE""","""null""","""null""","-1","-1","-1","-1","-1","-1","""mozzarella""","0","""pizza and sundaes""","""no""","0","""keyboard""","""target""","""null""","""null""","""null""","""null""","""null""","TRUE","""null""","""null""","""null""","""null""","""pizza""","""sundae""","""null""","""null""","""null""","""null""","""peppers""","""chocolate""","""null""","""null""","""null""","""null""","""right""","""middle""","""null""","""null""","""null""","""null""","""olives""","""whipped cream""","""null""","""null""","""null""","""null""","""left""","""left""","""null""","""null""","""null""","""null""","""kb1b""","0"
"Describing Objects","Short and fun! A 1-2 minute word game about describing simple objects. Only one HIT per worker.","experiment, psychology, game, language, cognition, linguistics, description","$0.25","Fri Aug 08 09:12:36 PDT 2014","152","0","0","152","Reviewable","NotReviewed","1 scales","600","60000","Fri Aug 15 09:12:36 PDT 2014","S70420","Approved","","""boat""","""sail""","0","""middle""","""right""","-1","3","0","13","0","0","-1","-1","""TRUE""","""null""","""null""","-1","-1","-1","-1","-1","-1","""no sail""","0","""describing objects""","""""","0","""keyboard""","""target""","""null""","""null""","""null""","""null""","""null""","TRUE","""null""","""null""","""null""","""null""","""boat""","""snowman""","""null""","""null""","""null""","""null""","""sail""","""scarf""","""null""","""null""","""null""","""null""","""middle""","""left""","""null""","""null""","""null""","""null""","""motor""","""hat""","""null""","""null""","""null""","""null""","""right""","""middle""","""null""","""null""","""null""","""null""","""kb1b""","0"
"Describing Objects","Short and fun! A 1-2 minute word game about describing simple objects. Only one HIT per worker.","experiment, psychology, game, language, cognition, linguistics, description","$0.25","Fri Aug 08 09:12:36 PDT 2014","152","0","0","152","Reviewable","NotReviewed","1 scales","600","60000","Fri Aug 15 09:12:36 PDT 2014","S82559","Approved","","""pizza""","""peppers""","0","""middle""","""right""","-1","3","0","13","0","0","-1","-1","""TRUE""","""null""","""null""","-1","-1","-1","-1","-1","-1","""just mozzerella""","0","""I'm not sure""","""are you Bob?""","0","""keyboard""","""target""","""null""","""null""","""null""","""null""","""null""","TRUE","""null""","""null""","""null""","""null""","""pizza""","""Christmas tree""","""null""","""null""","""null""","""null""","""peppers""","""lights""","""null""","""null""","""null""","""null""","""middle""","""right""","""null""","""null""","""null""","""null""","""mushrooms""","""ornaments""","""null""","""null""","""null""","""null""","""right""","""left""","""null""","""null""","""null""","""null""","""kb1b""","0"
"Describing Objects","Short and fun! A 1-2 minute word game about describing simple objects. Only one HIT per worker.","experiment, psychology, game, language, cognition, linguistics, description","$0.25","Fri Aug 08 09:12:36 PDT 2014","152","0","0","152","Reviewable","NotReviewed","1 scales","600","60000","Fri Aug 15 09:12:36 PDT 2014","S61766","Approved","","""friend""","""glasses""","0","""left""","""right""","-1","3","0","13","0","0","-1","-1","""TRUE""","""null""","""null""","-1","-1","-1","-1","-1","-1","""The face without glasses""","0","""A person visual perception differences.""","""""","0","""keyboard""","""logical""","""null""","""null""","""null""","""null""","""null""","FALSE","""null""","""null""","""null""","""null""","""friend""","""sundae""","""null""","""null""","""null""","""null""","""glasses""","""whipped cream""","""null""","""null""","""null""","""null""","""left""","""right""","""null""","""null""","""null""","""null""","""mustache""","""chocolate""","""null""","""null""","""null""","""null""","""right""","""middle""","""null""","""null""","""null""","""null""","""kb1b""","0"
"Describing Objects","Short and fun! A 1-2 minute word game about describing simple objects. Only one HIT per worker.","experiment, psychology, game, language, cognition, linguistics, description","$0.25","Fri Aug 08 09:12:36 PDT 2014","152","0","0","152","Reviewable","NotReviewed","1 scales","600","60000","Fri Aug 15 09:12:36 PDT 2014","S44035","Approved","","""pizza""","""peppers""","0","""left""","""middle""","-1","3","0","13","0","0","-1","-1","""TRUE""","""null""","""null""","-1","-1","-1","-1","-1","-1","""just cheese""","0","""Telling another turker how to pick the right pizza""","""""","0","""keyboard""","""target""","""null""","""null""","""null""","""null""","""null""","TRUE","""null""","""null""","""null""","""null""","""pizza""","""sundae""","""null""","""null""","""null""","""null""","""peppers""","""chocolate""","""null""","""null""","""null""","""null""","""left""","""middle""","""null""","""null""","""null""","""null""","""olives""","""whipped cream""","""null""","""null""","""null""","""null""","""middle""","""right""","""null""","""null""","""null""","""null""","""kb1b""","0"
"Describing Objects","Short and fun! A 1-2 minute word game about describing simple objects. Only one HIT per worker.","experiment, psychology, game, language, cognition, linguistics, description","$0.25","Fri Aug 08 09:12:36 PDT 2014","152","0","0","152","Reviewable","NotReviewed","1 scales","600","60000","Fri Aug 15 09:12:36 PDT 2014","S55066","Approved","","""snowman""","""hat""","0","""right""","""left""","-1","3","0","13","0","0","-1","-1","""TRUE""","""null""","""null""","-1","-1","-1","-1","-1","-1","""snowman with no hat""","0","""to study people""","""""","0","""keyboard""","""target""","""null""","""null""","""null""","""null""","""null""","TRUE","""null""","""null""","""null""","""null""","""snowman""","""sundae""","""null""","""null""","""null""","""null""","""hat""","""chocolate""","""null""","""null""","""null""","""null""","""right""","""middle""","""null""","""null""","""null""","""null""","""mittens""","""whipped cream""","""null""","""null""","""null""","""null""","""left""","""left""","""null""","""null""","""null""","""null""","""kb1b""","0"
"Describing Objects","Short and fun! A 1-2 minute word game about describing simple objects. Only one HIT per worker.","experiment, psychology, game, language, cognition, linguistics, description","$0.25","Fri Aug 08 09:12:36 PDT 2014","152","0","0","152","Reviewable","NotReviewed","1 scales","600","60000","Fri Aug 15 09:12:36 PDT 2014","S36201","Approved","","""sundae""","""whipped cream""","0","""left""","""middle""","-1","3","0","13","0","0","-1","-1","""TRUE""","""null""","""null""","-1","-1","-1","-1","-1","-1","""three scoops no toppings""","0","""describing images""","""no""","0","""keyboard""","""target""","""null""","""null""","""null""","""null""","""null""","TRUE","""null""","""null""","""null""","""null""","""sundae""","""boat""","""null""","""null""","""null""","""null""","""whipped cream""","""cabin""","""null""","""null""","""null""","""null""","""left""","""middle""","""null""","""null""","""null""","""null""","""chocolate""","""sail""","""null""","""null""","""null""","""null""","""middle""","""left""","""null""","""null""","""null""","""null""","""kb1b""","0"
"Describing Objects","Short and fun! A 1-2 minute word game about describing simple objects. Only one HIT per worker.","experiment, psychology, game, language, cognition, linguistics, description","$0.25","Fri Aug 08 09:12:36 PDT 2014","152","0","0","152","Reviewable","NotReviewed","1 scales","600","60000","Fri Aug 15 09:12:36 PDT 2014","S56712","Approved","","""friend""","""mustache""","0","""left""","""middle""","-1","3","0","13","0","0","-1","-1","""TRUE""","""null""","""null""","-1","-1","-1","-1","-1","-1","""pick the face with no mustache.""","0","""Creating descriptions""","""""","0","""keyboard""","""target""","""null""","""null""","""null""","""null""","""null""","TRUE","""null""","""null""","""null""","""null""","""friend""","""boat""","""null""","""null""","""null""","""null""","""mustache""","""motor""","""null""","""null""","""null""","""null""","""left""","""left""","""null""","""null""","""null""","""null""","""hat""","""cabin""","""null""","""null""","""null""","""null""","""middle""","""middle""","""null""","""null""","""null""","""null""","""kb1b""","0"
"Describing Objects","Short and fun! A 1-2 minute word game about describing simple objects. Only one HIT per worker.","experiment, psychology, game, language, cognition, linguistics, description","$0.25","Fri Aug 08 09:12:36 PDT 2014","152","0","0","152","Reviewable","NotReviewed","1 scales","600","60000","Fri Aug 15 09:12:36 PDT 2014","S83371","Approved","","""pizza""","""peppers""","0","""left""","""middle""","-1","3","0","13","0","0","-1","-1","""TRUE""","""null""","""null""","-1","-1","-1","-1","-1","-1","""cheese only""","0","""Describing things""","""""","0","""keyboard""","""target""","""null""","""null""","""null""","""null""","""null""","TRUE","""null""","""null""","""null""","""null""","""pizza""","""sundae""","""null""","""null""","""null""","""null""","""peppers""","""whipped cream""","""null""","""null""","""null""","""null""","""left""","""middle""","""null""","""null""","""null""","""null""","""olives""","""chocolate""","""null""","""null""","""null""","""null""","""middle""","""right""","""null""","""null""","""null""","""null""","""kb1b""","0"
"Describing Objects","Short and fun! A 1-2 minute word game about describing simple objects. Only one HIT per worker.","experiment, psychology, game, language, cognition, linguistics, description","$0.25","Fri Aug 08 09:12:36 PDT 2014","152","0","0","152","Reviewable","NotReviewed","1 scales","600","60000","Fri Aug 15 09:12:36 PDT 2014","S05985","Approved","","""boat""","""motor""","0","""left""","""right""","-1","3","0","13","0","0","-1","-1","""TRUE""","""null""","""null""","-1","-1","-1","-1","-1","-1","""no motor""","0","""Describing objects with minimal words.""","""Can we use more than one word for the first question?""","0","""keyboard""","""target""","""null""","""null""","""null""","""null""","""null""","TRUE","""null""","""null""","""null""","""null""","""boat""","""friend""","""null""","""null""","""null""","""null""","""motor""","""mustache""","""null""","""null""","""null""","""null""","""left""","""middle""","""null""","""null""","""null""","""null""","""sail""","""glasses""","""null""","""null""","""null""","""null""","""right""","""left""","""null""","""null""","""null""","""null""","""kb1b""","0"
"Describing Objects","Short and fun! A 1-2 minute word game about describing simple objects. Only one HIT per worker.","experiment, psychology, game, language, cognition, linguistics, description","$0.25","Fri Aug 08 09:12:36 PDT 2014","152","0","0","152","Reviewable","NotReviewed","1 scales","600","60000","Fri Aug 15 09:12:36 PDT 2014","S30466","Approved","","""sundae""","""whipped cream""","0","""right""","""middle""","-1","3","0","13","0","0","-1","-1","""TRUE""","""null""","""null""","-1","-1","-1","-1","-1","-1","""no topping""","0","""Describing objects""","""My partners description was awful on both of these hits.  Said Hat, when two both had HATS!!""","0","""keyboard""","""target""","""null""","""null""","""null""","""null""","""null""","TRUE","""null""","""null""","""null""","""null""","""sundae""","""snowman""","""null""","""null""","""null""","""null""","""whipped cream""","""hat""","""null""","""null""","""null""","""null""","""right""","""middle""","""null""","""null""","""null""","""null""","""cherry""","""scarf""","""null""","""null""","""null""","""null""","""middle""","""left""","""null""","""null""","""null""","""null""","""kb1b""","0"
"Describing Objects","Short and fun! A 1-2 minute word game about describing simple objects. Only one HIT per worker.","experiment, psychology, game, language, cognition, linguistics, description","$0.25","Fri Aug 08 09:12:36 PDT 2014","152","0","0","152","Reviewable","NotReviewed","1 scales","600","60000","Fri Aug 15 09:12:36 PDT 2014","S20181","Approved","","""sundae""","""cherry""","0","""right""","""middle""","-1","3","0","13","0","0","-1","-1","""TRUE""","""null""","""null""","-1","-1","-1","-1","-1","-1","""A bowl of plain vanilla icecream.""","0","""How we see something or describe it.""","""""","0","""keyboard""","""target""","""null""","""null""","""null""","""null""","""null""","TRUE","""null""","""null""","""null""","""null""","""sundae""","""snowman""","""null""","""null""","""null""","""null""","""cherry""","""mittens""","""null""","""null""","""null""","""null""","""right""","""middle""","""null""","""null""","""null""","""null""","""whipped cream""","""hat""","""null""","""null""","""null""","""null""","""middle""","""right""","""null""","""null""","""null""","""null""","""kb1b""","0"
"Describing Objects","Short and fun! A 1-2 minute word game about describing simple objects. Only one HIT per worker.","experiment, psychology, game, language, cognition, linguistics, description","$0.25","Fri Aug 08 09:12:36 PDT 2014","152","0","0","152","Reviewable","NotReviewed","1 scales","600","60000","Fri Aug 15 09:12:36 PDT 2014","S52886","Approved","","""snowman""","""scarf""","0","""right""","""middle""","-1","3","0","13","0","0","-1","-1","""TRUE""","""null""","""null""","-1","-1","-1","-1","-1","-1","""no clothes""","0","""Picking objects compared to other Mturk workers.""","""none""","0","""keyboard""","""target""","""null""","""null""","""null""","""null""","""null""","TRUE","""null""","""null""","""null""","""null""","""snowman""","""friend""","""null""","""null""","""null""","""null""","""scarf""","""hat""","""null""","""null""","""null""","""null""","""right""","""middle""","""null""","""null""","""null""","""null""","""hat""","""glasses""","""null""","""null""","""null""","""null""","""middle""","""right""","""null""","""null""","""null""","""null""","""kb1b""","0"
"Describing Objects","Short and fun! A 1-2 minute word game about describing simple objects. Only one HIT per worker.","experiment, psychology, game, language, cognition, linguistics, description","$0.25","Fri Aug 08 09:12:36 PDT 2014","152","0","0","152","Reviewable","NotReviewed","1 scales","600","60000","Fri Aug 15 09:12:36 PDT 2014","S74015","Approved","","""pizza""","""peppers""","0","""right""","""left""","-1","3","0","13","0","0","-1","-1","""TRUE""","""null""","""null""","-1","-1","-1","-1","-1","-1","""cheese pzza""","0","""WHAT BOB LIKES""","""""","0","""keyboard""","""target""","""null""","""null""","""null""","""null""","""null""","TRUE","""null""","""null""","""null""","""null""","""pizza""","""boat""","""null""","""null""","""null""","""null""","""peppers""","""cabin""","""null""","""null""","""null""","""null""","""right""","""middle""","""null""","""null""","""null""","""null""","""mushrooms""","""sail""","""null""","""null""","""null""","""null""","""left""","""right""","""null""","""null""","""null""","""null""","""kb1b""","0"
"Describing Objects","Short and fun! A 1-2 minute word game about describing simple objects. Only one HIT per worker.","experiment, psychology, game, language, cognition, linguistics, description","$0.25","Fri Aug 08 09:12:36 PDT 2014","152","0","0","152","Reviewable","NotReviewed","1 scales","600","60000","Fri Aug 15 09:12:36 PDT 2014","S54321","Approved","","""Christmas tree""","""star""","0","""right""","""middle""","-1","3","0","13","0","0","-1","-1","""FALSE""","""null""","""null""","-1","-1","-1","-1","-1","-1","""this tree has no decorations at all.""","0","""describing objects to other people""","""""","0","""keyboard""","""target""","""null""","""null""","""null""","""null""","""null""","TRUE","""null""","""null""","""null""","""null""","""Christmas tree""","""pizza""","""null""","""null""","""null""","""null""","""star""","""olives""","""null""","""null""","""null""","""null""","""right""","""right""","""null""","""null""","""null""","""null""","""lights""","""mushrooms""","""null""","""null""","""null""","""null""","""middle""","""left""","""null""","""null""","""null""","""null""","""kb1b""","0"
"Describing Objects","Short and fun! A 1-2 minute word game about describing simple objects. Only one HIT per worker.","experiment, psychology, game, language, cognition, linguistics, description","$0.25","Fri Aug 08 09:12:36 PDT 2014","152","0","0","152","Reviewable","NotReviewed","1 scales","600","60000","Fri Aug 15 09:12:36 PDT 2014","S13008","Approved","","""boat""","""cabin""","0","""left""","""right""","-1","3","0","13","0","0","-1","-1","""TRUE""","""null""","""null""","-1","-1","-1","-1","-1","-1","""the shortest ship""","0","""describing objects for another mTurker""","""no""","0","""keyboard""","""target""","""null""","""null""","""null""","""null""","""null""","TRUE","""null""","""null""","""null""","""null""","""boat""","""sundae""","""null""","""null""","""null""","""null""","""cabin""","""whipped cream""","""null""","""null""","""null""","""null""","""left""","""middle""","""null""","""null""","""null""","""null""","""sail""","""chocolate""","""null""","""null""","""null""","""null""","""right""","""right""","""null""","""null""","""null""","""null""","""kb1b""","0"
"Describing Objects","Short and fun! A 1-2 minute word game about describing simple objects. Only one HIT per worker.","experiment, psychology, game, language, cognition, linguistics, description","$0.25","Fri Aug 08 09:12:36 PDT 2014","152","0","0","152","Reviewable","NotReviewed","1 scales","600","60000","Fri Aug 15 09:12:36 PDT 2014","S73921","Approved","","""Christmas tree""","""lights""","0","""right""","""left""","-1","3","0","13","0","0","-1","-1","""TRUE""","""null""","""null""","-1","-1","-1","-1","-1","-1","""This tree is plain looking.""","0","""Trimming Trees and Defining sentences""","""Good Survey!""","0","""keyboard""","""target""","""null""","""null""","""null""","""null""","""null""","TRUE","""null""","""null""","""null""","""null""","""Christmas tree""","""Christmas tree""","""null""","""null""","""null""","""null""","""lights""","""star""","""null""","""null""","""null""","""null""","""right""","""right""","""null""","""null""","""null""","""null""","""star""","""lights""","""null""","""null""","""null""","""null""","""left""","""middle""","""null""","""null""","""null""","""null""","""kb1b""","0"
"Describing Objects","Short and fun! A 1-2 minute word game about describing simple objects. Only one HIT per worker.","experiment, psychology, game, language, cognition, linguistics, description","$0.25","Fri Aug 08 09:12:36 PDT 2014","152","0","0","152","Reviewable","NotReviewed","1 scales","600","60000","Fri Aug 15 09:12:36 PDT 2014","S06620","Approved","","""boat""","""motor""","0","""right""","""left""","-1","3","0","13","0","0","-1","-1","""TRUE""","""null""","""null""","-1","-1","-1","-1","-1","-1","""It has no sail, and no engine.""","0","""Identifying boats""","""""","0","""keyboard""","""target""","""null""","""null""","""null""","""null""","""null""","TRUE","""null""","""null""","""null""","""null""","""boat""","""boat""","""null""","""null""","""null""","""null""","""motor""","""sail""","""null""","""null""","""null""","""null""","""right""","""left""","""null""","""null""","""null""","""null""","""sail""","""cabin""","""null""","""null""","""null""","""null""","""left""","""middle""","""null""","""null""","""null""","""null""","""kb1b""","1"
"Describing Objects","Short and fun! A 1-2 minute word game about describing simple objects. Only one HIT per worker.","experiment, psychology, game, language, cognition, linguistics, description","$0.25","Fri Aug 08 09:12:36 PDT 2014","152","0","0","152","Reviewable","NotReviewed","1 scales","600","60000","Fri Aug 15 09:12:36 PDT 2014","S41930","Approved","","""pizza""","""mushrooms""","0","""middle""","""right""","-1","3","0","13","0","0","-1","-1","""TRUE""","""null""","""null""","-1","-1","-1","-1","-1","-1","""only cheese""","0","""The words that people use to describe things.""","""The pizza question was clever because when you order cheese pizza you say \""cheese\"" but all three pizzas have cheese on them, so that doesn't help at all in that question. You have to add only.""","0","""keyboard""","""target""","""null""","""null""","""null""","""null""","""null""","TRUE","""null""","""null""","""null""","""null""","""pizza""","""Christmas tree""","""null""","""null""","""null""","""null""","""mushrooms""","""lights""","""null""","""null""","""null""","""null""","""middle""","""left""","""null""","""null""","""null""","""null""","""olives""","""star""","""null""","""null""","""null""","""null""","""right""","""right""","""null""","""null""","""null""","""null""","""kb1b""","0"
"Describing Objects","Short and fun! A 1-2 minute word game about describing simple objects. Only one HIT per worker.","experiment, psychology, game, language, cognition, linguistics, description","$0.25","Fri Aug 08 09:12:36 PDT 2014","152","0","0","152","Reviewable","NotReviewed","1 scales","600","60000","Fri Aug 15 09:12:36 PDT 2014","S97302","Approved","","""friend""","""mustache""","0","""middle""","""right""","-1","3","0","13","0","0","-1","-1","""TRUE""","""null""","""null""","-1","-1","-1","-1","-1","-1","""face with no mustache""","0","""Describing an option something to do with Bob""","""none""","0","""keyboard""","""target""","""null""","""null""","""null""","""null""","""null""","TRUE","""null""","""null""","""null""","""null""","""friend""","""boat""","""null""","""null""","""null""","""null""","""mustache""","""cabin""","""null""","""null""","""null""","""null""","""middle""","""middle""","""null""","""null""","""null""","""null""","""glasses""","""motor""","""null""","""null""","""null""","""null""","""right""","""left""","""null""","""null""","""null""","""null""","""kb1b""","0"
"Describing Objects","Short and fun! A 1-2 minute word game about describing simple objects. Only one HIT per worker.","experiment, psychology, game, language, cognition, linguistics, description","$0.25","Fri Aug 08 09:12:36 PDT 2014","152","0","0","152","Reviewable","NotReviewed","1 scales","600","60000","Fri Aug 15 09:12:36 PDT 2014","S84974","Approved","","""Christmas tree""","""ornaments""","0","""right""","""middle""","-1","3","0","13","0","0","-1","-1","""TRUE""","""null""","""null""","-1","-1","-1","-1","-1","-1","""the tree with no decoration.""","0","""Using descriptive words to get another person to choose an object""","""I have no comments.""","0","""keyboard""","""target""","""null""","""null""","""null""","""null""","""null""","TRUE","""null""","""null""","""null""","""null""","""Christmas tree""","""boat""","""null""","""null""","""null""","""null""","""ornaments""","""sail""","""null""","""null""","""null""","""null""","""right""","""middle""","""null""","""null""","""null""","""null""","""star""","""motor""","""null""","""null""","""null""","""null""","""middle""","""left""","""null""","""null""","""null""","""null""","""kb1b""","0"
"Describing Objects","Short and fun! A 1-2 minute word game about describing simple objects. Only one HIT per worker.","experiment, psychology, game, language, cognition, linguistics, description","$0.25","Fri Aug 08 09:12:36 PDT 2014","152","0","0","152","Reviewable","NotReviewed","1 scales","600","60000","Fri Aug 15 09:12:36 PDT 2014","S73150","Approved","","""friend""","""glasses""","0","""right""","""middle""","-1","3","0","13","0","0","-1","-1","""TRUE""","""null""","""null""","-1","-1","-1","-1","-1","-1","""no glasses""","0","""how I would describe Bob to another Turker""","""""","0","""keyboard""","""target""","""null""","""null""","""null""","""null""","""null""","TRUE","""null""","""null""","""null""","""null""","""friend""","""friend""","""null""","""null""","""null""","""null""","""glasses""","""mustache""","""null""","""null""","""null""","""null""","""right""","""middle""","""null""","""null""","""null""","""null""","""mustache""","""hat""","""null""","""null""","""null""","""null""","""middle""","""left""","""null""","""null""","""null""","""null""","""kb1b""","0"
"Describing Objects","Short and fun! A 1-2 minute word game about describing simple objects. Only one HIT per worker.","experiment, psychology, game, language, cognition, linguistics, description","$0.25","Fri Aug 08 09:12:36 PDT 2014","152","0","0","152","Reviewable","NotReviewed","1 scales","600","60000","Fri Aug 15 09:12:36 PDT 2014","S31290","Approved","","""pizza""","""olives""","0","""left""","""middle""","-1","3","0","13","0","0","-1","-1","""TRUE""","""null""","""null""","-1","-1","-1","-1","-1","-1","""no olives""","0","""Picking an option based on description""","""none""","0","""keyboard""","""target""","""null""","""null""","""null""","""null""","""null""","TRUE","""null""","""null""","""null""","""null""","""pizza""","""sundae""","""null""","""null""","""null""","""null""","""olives""","""cherry""","""null""","""null""","""null""","""null""","""left""","""left""","""null""","""null""","""null""","""null""","""mushrooms""","""whipped cream""","""null""","""null""","""null""","""null""","""middle""","""middle""","""null""","""null""","""null""","""null""","""kb1b""","0"
"Describing Objects","Short and fun! A 1-2 minute word game about describing simple objects. Only one HIT per worker.","experiment, psychology, game, language, cognition, linguistics, description","$0.25","Fri Aug 08 09:12:36 PDT 2014","152","0","0","152","Reviewable","NotReviewed","1 scales","600","60000","Fri Aug 15 09:12:36 PDT 2014","S00458","Approved","","""boat""","""motor""","0","""left""","""middle""","-1","3","0","13","0","0","-1","-1","""TRUE""","""null""","""null""","-1","-1","-1","-1","-1","-1","""the most bland boat""","0","""Describing objects""","""""","0","""keyboard""","""target""","""null""","""null""","""null""","""null""","""null""","TRUE","""null""","""null""","""null""","""null""","""boat""","""snowman""","""null""","""null""","""null""","""null""","""motor""","""mittens""","""null""","""null""","""null""","""null""","""left""","""middle""","""null""","""null""","""null""","""null""","""sail""","""hat""","""null""","""null""","""null""","""null""","""middle""","""left""","""null""","""null""","""null""","""null""","""kb1b""","NA"
"Describing Objects","Short and fun! A 1-2 minute word game about describing simple objects. Only one HIT per worker.","experiment, psychology, game, language, cognition, linguistics, description","$0.25","Fri Aug 08 09:12:36 PDT 2014","152","0","0","152","Reviewable","NotReviewed","1 scales","600","60000","Fri Aug 15 09:12:36 PDT 2014","S88644","Approved","","""friend""","""mustache""","0","""middle""","""left""","-1","3","0","13","0","0","-1","-1","""FALSE""","""null""","""null""","-1","-1","-1","-1","-1","-1","""person with no facial hair""","0","""how we shorten statements when using a virtual keyboard instead of a real one""","""""","0","""keyboard""","""target""","""null""","""null""","""null""","""null""","""null""","TRUE","""null""","""null""","""null""","""null""","""friend""","""snowman""","""null""","""null""","""null""","""null""","""mustache""","""scarf""","""null""","""null""","""null""","""null""","""middle""","""middle""","""null""","""null""","""null""","""null""","""glasses""","""mittens""","""null""","""null""","""null""","""null""","""left""","""right""","""null""","""null""","""null""","""null""","""kb1b""","0"
"Describing Objects","Short and fun! A 1-2 minute word game about describing simple objects. Only one HIT per worker.","experiment, psychology, game, language, cognition, linguistics, description","$0.25","Fri Aug 08 09:12:36 PDT 2014","152","0","0","152","Reviewable","NotReviewed","1 scales","600","60000","Fri Aug 15 09:12:36 PDT 2014","S32129","Approved","","""boat""","""sail""","0","""middle""","""left""","-1","3","0","13","0","0","-1","-1","""TRUE""","""null""","""null""","-1","-1","-1","-1","-1","-1","""the boat has no sail and no outboard motor.""","0","""I'm not sure.""","""Typing by clicking on the virtual keyboard was kind of annoying.""","0","""keyboard""","""target""","""null""","""null""","""null""","""null""","""null""","TRUE","""null""","""null""","""null""","""null""","""boat""","""boat""","""null""","""null""","""null""","""null""","""sail""","""sail""","""null""","""null""","""null""","""null""","""middle""","""left""","""null""","""null""","""null""","""null""","""motor""","""cabin""","""null""","""null""","""null""","""null""","""left""","""middle""","""null""","""null""","""null""","""null""","""kb1b""","1"
"Describing Objects","Short and fun! A 1-2 minute word game about describing simple objects. Only one HIT per worker.","experiment, psychology, game, language, cognition, linguistics, description","$0.25","Fri Aug 08 09:12:36 PDT 2014","152","0","0","152","Reviewable","NotReviewed","1 scales","600","60000","Fri Aug 15 09:12:36 PDT 2014","S05523","Approved","","""snowman""","""mittens""","0","""left""","""right""","-1","3","0","13","0","0","-1","-1","""TRUE""","""null""","""null""","-1","-1","-1","-1","-1","-1","""no clothing items""","0","""describing objects""","""""","0","""keyboard""","""target""","""null""","""null""","""null""","""null""","""null""","TRUE","""null""","""null""","""null""","""null""","""snowman""","""sundae""","""null""","""null""","""null""","""null""","""mittens""","""cherry""","""null""","""null""","""null""","""null""","""left""","""middle""","""null""","""null""","""null""","""null""","""scarf""","""chocolate""","""null""","""null""","""null""","""null""","""right""","""right""","""null""","""null""","""null""","""null""","""kb1b""","0"
"Describing Objects","Short and fun! A 1-2 minute word game about describing simple objects. Only one HIT per worker.","experiment, psychology, game, language, cognition, linguistics, description","$0.25","Fri Aug 08 09:12:36 PDT 2014","152","0","0","152","Reviewable","NotReviewed","1 scales","600","60000","Fri Aug 15 09:12:36 PDT 2014","S29626","Approved","","""snowman""","""scarf""","0","""left""","""right""","-1","3","0","13","0","0","-1","-1","""TRUE""","""null""","""null""","-1","-1","-1","-1","-1","-1","""the least decorated snowman""","0","""describing things that bob did and his friends ""","""""","0","""keyboard""","""target""","""null""","""null""","""null""","""null""","""null""","TRUE","""null""","""null""","""null""","""null""","""snowman""","""friend""","""null""","""null""","""null""","""null""","""scarf""","""glasses""","""null""","""null""","""null""","""null""","""left""","""left""","""null""","""null""","""null""","""null""","""hat""","""mustache""","""null""","""null""","""null""","""null""","""right""","""right""","""null""","""null""","""null""","""null""","""kb1b""","0"
"Describing Objects","Short and fun! A 1-2 minute word game about describing simple objects. Only one HIT per worker.","experiment, psychology, game, language, cognition, linguistics, description","$0.25","Fri Aug 08 09:12:36 PDT 2014","152","0","0","152","Reviewable","NotReviewed","1 scales","600","60000","Fri Aug 15 09:12:36 PDT 2014","S05315","Approved","","""Christmas tree""","""lights""","0","""right""","""left""","-1","3","0","13","0","0","-1","-1","""TRUE""","""null""","""null""","-1","-1","-1","-1","-1","-1","""the star .""","0","""How you describe objects so others know which one you are talkin about.""","""""","0","""keyboard""","""target""","""null""","""null""","""null""","""null""","""null""","TRUE","""null""","""null""","""null""","""null""","""Christmas tree""","""friend""","""null""","""null""","""null""","""null""","""lights""","""mustache""","""null""","""null""","""null""","""null""","""right""","""right""","""null""","""null""","""null""","""null""","""star""","""hat""","""null""","""null""","""null""","""null""","""left""","""left""","""null""","""null""","""null""","""null""","""kb1b""","0"
"Describing Objects","Short and fun! A 1-2 minute word game about describing simple objects. Only one HIT per worker.","experiment, psychology, game, language, cognition, linguistics, description","$0.25","Fri Aug 08 09:12:36 PDT 2014","152","0","0","152","Reviewable","NotReviewed","1 scales","600","60000","Fri Aug 15 09:12:36 PDT 2014","S45005","Approved","","""pizza""","""mushrooms""","0","""left""","""right""","-1","3","0","13","0","0","-1","-1","""TRUE""","""null""","""null""","-1","-1","-1","-1","-1","-1","""just white chunks""","0","""picking/describing items""","""""","0","""keyboard""","""target""","""null""","""null""","""null""","""null""","""null""","TRUE","""null""","""null""","""null""","""null""","""pizza""","""snowman""","""null""","""null""","""null""","""null""","""mushrooms""","""hat""","""null""","""null""","""null""","""null""","""left""","""left""","""null""","""null""","""null""","""null""","""peppers""","""scarf""","""null""","""null""","""null""","""null""","""right""","""middle""","""null""","""null""","""null""","""null""","""kb1b""","0"
"Describing Objects","Short and fun! A 1-2 minute word game about describing simple objects. Only one HIT per worker.","experiment, psychology, game, language, cognition, linguistics, description","$0.25","Fri Aug 08 09:12:36 PDT 2014","152","0","0","152","Reviewable","NotReviewed","1 scales","600","60000","Fri Aug 15 09:12:36 PDT 2014","S36634","Approved","","""snowman""","""hat""","0","""middle""","""right""","-1","3","0","13","0","0","-1","-1","""TRUE""","""null""","""null""","-1","-1","-1","-1","-1","-1","""A simple snowman with no accessories.""","0","""Portraying ideas""","""""","0","""keyboard""","""target""","""null""","""null""","""null""","""null""","""null""","TRUE","""null""","""null""","""null""","""null""","""snowman""","""Christmas tree""","""null""","""null""","""null""","""null""","""hat""","""star""","""null""","""null""","""null""","""null""","""middle""","""right""","""null""","""null""","""null""","""null""","""scarf""","""ornaments""","""null""","""null""","""null""","""null""","""right""","""middle""","""null""","""null""","""null""","""null""","""kb1b""","0"
"Describing Objects","Short and fun! A 1-2 minute word game about describing simple objects. Only one HIT per worker.","experiment, psychology, game, language, cognition, linguistics, description","$0.25","Fri Aug 08 09:12:36 PDT 2014","152","0","0","152","Reviewable","NotReviewed","1 scales","600","60000","Fri Aug 15 09:12:36 PDT 2014","S79365","Approved","","""Christmas tree""","""ornaments""","0","""right""","""middle""","-1","3","0","13","0","0","-1","-1","""TRUE""","""null""","""null""","-1","-1","-1","-1","-1","-1","""no decorations""","0","""describing Christmas trees and sundaes""","""""","0","""keyboard""","""target""","""null""","""null""","""null""","""null""","""null""","TRUE","""null""","""null""","""null""","""null""","""Christmas tree""","""sundae""","""null""","""null""","""null""","""null""","""ornaments""","""whipped cream""","""null""","""null""","""null""","""null""","""right""","""middle""","""null""","""null""","""null""","""null""","""lights""","""cherry""","""null""","""null""","""null""","""null""","""middle""","""left""","""null""","""null""","""null""","""null""","""kb1b""","0"
"Describing Objects","Short and fun! A 1-2 minute word game about describing simple objects. Only one HIT per worker.","experiment, psychology, game, language, cognition, linguistics, description","$0.25","Fri Aug 08 09:12:36 PDT 2014","152","0","0","152","Reviewable","NotReviewed","1 scales","600","60000","Fri Aug 15 09:12:36 PDT 2014","S26822","Approved","","""pizza""","""peppers""","0","""left""","""right""","-1","3","0","13","0","0","-1","-1","""TRUE""","""null""","""null""","-1","-1","-1","-1","-1","-1","""cheese""","0","""describing objects and decision-making""","""n/a""","0","""keyboard""","""target""","""null""","""null""","""null""","""null""","""null""","TRUE","""null""","""null""","""null""","""null""","""pizza""","""boat""","""null""","""null""","""null""","""null""","""peppers""","""sail""","""null""","""null""","""null""","""null""","""left""","""left""","""null""","""null""","""null""","""null""","""mushrooms""","""motor""","""null""","""null""","""null""","""null""","""right""","""middle""","""null""","""null""","""null""","""null""","""kb1b""","0"
"Describing Objects","Short and fun! A 1-2 minute word game about describing simple objects. Only one HIT per worker.","experiment, psychology, game, language, cognition, linguistics, description","$0.25","Fri Aug 08 09:12:36 PDT 2014","152","0","0","152","Reviewable","NotReviewed","1 scales","600","60000","Fri Aug 15 09:12:36 PDT 2014","S98288","Approved","","""sundae""","""whipped cream""","0","""right""","""middle""","-1","3","0","13","0","0","-1","-1","""TRUE""","""null""","""null""","-1","-1","-1","-1","-1","-1","""no toppings""","0","""Sundaes and pizza""","""""","0","""keyboard""","""target""","""null""","""null""","""null""","""null""","""null""","TRUE","""null""","""null""","""null""","""null""","""sundae""","""pizza""","""null""","""null""","""null""","""null""","""whipped cream""","""peppers""","""null""","""null""","""null""","""null""","""right""","""middle""","""null""","""null""","""null""","""null""","""cherry""","""mushrooms""","""null""","""null""","""null""","""null""","""middle""","""left""","""null""","""null""","""null""","""null""","""kb1b""","0"
"Describing Objects","Short and fun! A 1-2 minute word game about describing simple objects. Only one HIT per worker.","experiment, psychology, game, language, cognition, linguistics, description","$0.25","Fri Aug 08 09:12:36 PDT 2014","152","0","0","152","Reviewable","NotReviewed","1 scales","600","60000","Fri Aug 15 09:12:36 PDT 2014","S16945","Approved","","""pizza""","""peppers""","0","""left""","""middle""","-1","3","0","13","0","0","-1","-1","""TRUE""","""null""","""null""","-1","-1","-1","-1","-1","-1","""b""","0","""no idea""","""NA""","0","""keyboard""","""target""","""null""","""null""","""null""","""null""","""null""","TRUE","""null""","""null""","""null""","""null""","""pizza""","""friend""","""null""","""null""","""null""","""null""","""peppers""","""glasses""","""null""","""null""","""null""","""null""","""left""","""right""","""null""","""null""","""null""","""null""","""olives""","""mustache""","""null""","""null""","""null""","""null""","""middle""","""left""","""null""","""null""","""null""","""null""","""kb1b""","NA"
"Describing Objects","Short and fun! A 1-2 minute word game about describing simple objects. Only one HIT per worker.","experiment, psychology, game, language, cognition, linguistics, description","$0.25","Fri Aug 08 09:12:36 PDT 2014","152","0","0","152","Reviewable","NotReviewed","1 scales","600","60000","Fri Aug 15 09:12:36 PDT 2014","S19685","Approved","","""snowman""","""hat""","0","""middle""","""left""","-1","3","0","13","0","0","-1","-1","""TRUE""","""null""","""null""","-1","-1","-1","-1","-1","-1","""nothing on""","0","""Describing objects accurately""","""none, thanks""","0","""keyboard""","""target""","""null""","""null""","""null""","""null""","""null""","TRUE","""null""","""null""","""null""","""null""","""snowman""","""Christmas tree""","""null""","""null""","""null""","""null""","""hat""","""ornaments""","""null""","""null""","""null""","""null""","""middle""","""left""","""null""","""null""","""null""","""null""","""mittens""","""star""","""null""","""null""","""null""","""null""","""left""","""middle""","""null""","""null""","""null""","""null""","""kb1b""","0"
"Describing Objects","Short and fun! A 1-2 minute word game about describing simple objects. Only one HIT per worker.","experiment, psychology, game, language, cognition, linguistics, description","$0.25","Fri Aug 08 09:12:36 PDT 2014","152","0","0","152","Reviewable","NotReviewed","1 scales","600","60000","Fri Aug 15 09:12:36 PDT 2014","S25071","Approved","","""Christmas tree""","""lights""","0","""middle""","""left""","-1","3","0","13","0","0","-1","-1","""TRUE""","""null""","""null""","-1","-1","-1","-1","-1","-1","""no lights.""","0","""choices""","""""","0","""keyboard""","""target""","""null""","""null""","""null""","""null""","""null""","TRUE","""null""","""null""","""null""","""null""","""Christmas tree""","""boat""","""null""","""null""","""null""","""null""","""lights""","""cabin""","""null""","""null""","""null""","""null""","""middle""","""left""","""null""","""null""","""null""","""null""","""star""","""motor""","""null""","""null""","""null""","""null""","""left""","""right""","""null""","""null""","""null""","""null""","""kb1b""","0"
"Describing Objects","Short and fun! A 1-2 minute word game about describing simple objects. Only one HIT per worker.","experiment, psychology, game, language, cognition, linguistics, description","$0.25","Fri Aug 08 09:12:36 PDT 2014","152","0","0","152","Reviewable","NotReviewed","1 scales","600","60000","Fri Aug 15 09:12:36 PDT 2014","S50518","Approved","","""friend""","""glasses""","0","""middle""","""right""","-1","3","0","13","0","0","-1","-1","""FALSE""","""null""","""null""","-1","-1","-1","-1","-1","-1","""I`m talking about the one without glasses.""","0","""Communication""","""No.""","0","""keyboard""","""target""","""null""","""null""","""null""","""null""","""null""","TRUE","""null""","""null""","""null""","""null""","""friend""","""boat""","""null""","""null""","""null""","""null""","""glasses""","""motor""","""null""","""null""","""null""","""null""","""middle""","""right""","""null""","""null""","""null""","""null""","""hat""","""cabin""","""null""","""null""","""null""","""null""","""right""","""left""","""null""","""null""","""null""","""null""","""kb1b""","0"
"Describing Objects","Short and fun! A 1-2 minute word game about describing simple objects. Only one HIT per worker.","experiment, psychology, game, language, cognition, linguistics, description","$0.25","Fri Aug 08 09:12:36 PDT 2014","152","0","0","152","Reviewable","NotReviewed","1 scales","600","60000","Fri Aug 15 09:12:36 PDT 2014","S22729","Approved","","""sundae""","""whipped cream""","0","""right""","""left""","-1","3","0","13","0","0","-1","-1","""TRUE""","""null""","""null""","-1","-1","-1","-1","-1","-1","""plain vanilla""","0","""Describing objects""","""""","0","""keyboard""","""logical""","""null""","""null""","""null""","""null""","""null""","FALSE","""null""","""null""","""null""","""null""","""sundae""","""friend""","""null""","""null""","""null""","""null""","""whipped cream""","""glasses""","""null""","""null""","""null""","""null""","""right""","""left""","""null""","""null""","""null""","""null""","""chocolate""","""mustache""","""null""","""null""","""null""","""null""","""left""","""middle""","""null""","""null""","""null""","""null""","""kb1b""","0"
"Describing Objects","Short and fun! A 1-2 minute word game about describing simple objects. Only one HIT per worker.","experiment, psychology, game, language, cognition, linguistics, description","$0.25","Fri Aug 08 09:12:36 PDT 2014","152","0","0","152","Reviewable","NotReviewed","1 scales","600","60000","Fri Aug 15 09:12:36 PDT 2014","S31469","Approved","","""boat""","""motor""","0","""left""","""right""","-1","3","0","13","0","0","-1","-1","""TRUE""","""null""","""null""","-1","-1","-1","-1","-1","-1","""no motor""","0","""descriptions""","""thanks""","0","""keyboard""","""target""","""null""","""null""","""null""","""null""","""null""","TRUE","""null""","""null""","""null""","""null""","""boat""","""sundae""","""null""","""null""","""null""","""null""","""motor""","""chocolate""","""null""","""null""","""null""","""null""","""left""","""middle""","""null""","""null""","""null""","""null""","""cabin""","""cherry""","""null""","""null""","""null""","""null""","""right""","""right""","""null""","""null""","""null""","""null""","""kb1b""","0"
"Describing Objects","Short and fun! A 1-2 minute word game about describing simple objects. Only one HIT per worker.","experiment, psychology, game, language, cognition, linguistics, description","$0.25","Fri Aug 08 09:12:36 PDT 2014","152","0","0","152","Reviewable","NotReviewed","1 scales","600","60000","Fri Aug 15 09:12:36 PDT 2014","S45103","Approved","","""sundae""","""chocolate""","0","""middle""","""right""","-1","3","0","13","0","0","-1","-1","""TRUE""","""null""","""null""","-1","-1","-1","-1","-1","-1","""no chocolate and no whip cream.""","0","""memory""","""""","0","""keyboard""","""target""","""null""","""null""","""null""","""null""","""null""","TRUE","""null""","""null""","""null""","""null""","""sundae""","""snowman""","""null""","""null""","""null""","""null""","""chocolate""","""mittens""","""null""","""null""","""null""","""null""","""middle""","""middle""","""null""","""null""","""null""","""null""","""cherry""","""hat""","""null""","""null""","""null""","""null""","""right""","""right""","""null""","""null""","""null""","""null""","""kb1b""","1"
"Describing Objects","Short and fun! A 1-2 minute word game about describing simple objects. Only one HIT per worker.","experiment, psychology, game, language, cognition, linguistics, description","$0.25","Fri Aug 08 09:12:36 PDT 2014","152","0","0","152","Reviewable","NotReviewed","1 scales","600","60000","Fri Aug 15 09:12:36 PDT 2014","S37581","Approved","","""Christmas tree""","""star""","0","""left""","""middle""","-1","3","0","13","0","0","-1","-1","""TRUE""","""null""","""null""","-1","-1","-1","-1","-1","-1","""plain tree""","0","""describing things to others""","""""","0","""keyboard""","""target""","""null""","""null""","""null""","""null""","""null""","TRUE","""null""","""null""","""null""","""null""","""Christmas tree""","""pizza""","""null""","""null""","""null""","""null""","""star""","""peppers""","""null""","""null""","""null""","""null""","""left""","""left""","""null""","""null""","""null""","""null""","""ornaments""","""mushrooms""","""null""","""null""","""null""","""null""","""middle""","""right""","""null""","""null""","""null""","""null""","""kb1b""","0"
"Describing Objects","Short and fun! A 1-2 minute word game about describing simple objects. Only one HIT per worker.","experiment, psychology, game, language, cognition, linguistics, description","$0.25","Fri Aug 08 09:12:36 PDT 2014","152","0","0","152","Reviewable","NotReviewed","1 scales","600","60000","Fri Aug 15 09:12:36 PDT 2014","S99180","Approved","","""sundae""","""whipped cream""","0","""middle""","""right""","-1","3","0","13","0","0","-1","-1","""TRUE""","""null""","""null""","-1","-1","-1","-1","-1","-1","""3 scoops no toppings""","0","""Describing an image""","""""","0","""keyboard""","""target""","""null""","""null""","""null""","""null""","""null""","TRUE","""null""","""null""","""null""","""null""","""sundae""","""friend""","""null""","""null""","""null""","""null""","""whipped cream""","""hat""","""null""","""null""","""null""","""null""","""middle""","""left""","""null""","""null""","""null""","""null""","""cherry""","""glasses""","""null""","""null""","""null""","""null""","""right""","""middle""","""null""","""null""","""null""","""null""","""kb1b""","0"
"Describing Objects","Short and fun! A 1-2 minute word game about describing simple objects. Only one HIT per worker.","experiment, psychology, game, language, cognition, linguistics, description","$0.25","Fri Aug 08 09:12:36 PDT 2014","152","0","0","152","Reviewable","NotReviewed","1 scales","600","60000","Fri Aug 15 09:12:36 PDT 2014","S09281","Approved","","""Christmas tree""","""lights""","0","""middle""","""right""","-1","3","0","13","0","0","-1","-1","""TRUE""","""null""","""null""","-1","-1","-1","-1","-1","-1","""Tree A has no lights.""","0","""Communications""","""n/a""","0","""keyboard""","""target""","""null""","""null""","""null""","""null""","""null""","TRUE","""null""","""null""","""null""","""null""","""Christmas tree""","""Christmas tree""","""null""","""null""","""null""","""null""","""lights""","""ornaments""","""null""","""null""","""null""","""null""","""middle""","""right""","""null""","""null""","""null""","""null""","""star""","""star""","""null""","""null""","""null""","""null""","""right""","""left""","""null""","""null""","""null""","""null""","""kb1b""","0"
"Describing Objects","Short and fun! A 1-2 minute word game about describing simple objects. Only one HIT per worker.","experiment, psychology, game, language, cognition, linguistics, description","$0.25","Fri Aug 08 09:12:36 PDT 2014","152","0","0","152","Reviewable","NotReviewed","1 scales","600","60000","Fri Aug 15 09:12:36 PDT 2014","S46692","Approved","","""boat""","""sail""","0","""left""","""right""","-1","3","0","13","0","0","-1","-1","""TRUE""","""null""","""null""","-1","-1","-1","-1","-1","-1","""no sail.""","0","""Choosing among options based on a description.""","""No""","0","""keyboard""","""target""","""null""","""null""","""null""","""null""","""null""","TRUE","""null""","""null""","""null""","""null""","""boat""","""pizza""","""null""","""null""","""null""","""null""","""sail""","""olives""","""null""","""null""","""null""","""null""","""left""","""right""","""null""","""null""","""null""","""null""","""cabin""","""peppers""","""null""","""null""","""null""","""null""","""right""","""middle""","""null""","""null""","""null""","""null""","""kb1b""","0"
"Describing Objects","Short and fun! A 1-2 minute word game about describing simple objects. Only one HIT per worker.","experiment, psychology, game, language, cognition, linguistics, description","$0.25","Fri Aug 08 09:12:36 PDT 2014","152","0","0","152","Reviewable","NotReviewed","1 scales","600","60000","Fri Aug 15 09:12:36 PDT 2014","S12686","Approved","","""sundae""","""whipped cream""","0","""right""","""middle""","-1","3","0","13","0","0","-1","-1","""TRUE""","""null""","""null""","-1","-1","-1","-1","-1","-1","""pick the sund•À_ with no toppings.""","0","""Describing pictures to other turkers""","""no""","0","""keyboard""","""target""","""null""","""null""","""null""","""null""","""null""","TRUE","""null""","""null""","""null""","""null""","""sundae""","""sundae""","""null""","""null""","""null""","""null""","""whipped cream""","""cherry""","""null""","""null""","""null""","""null""","""right""","""middle""","""null""","""null""","""null""","""null""","""chocolate""","""whipped cream""","""null""","""null""","""null""","""null""","""middle""","""right""","""null""","""null""","""null""","""null""","""kb1b""","0"
"Describing Objects","Short and fun! A 1-2 minute word game about describing simple objects. Only one HIT per worker.","experiment, psychology, game, language, cognition, linguistics, description","$0.25","Fri Aug 08 09:12:36 PDT 2014","152","0","0","152","Reviewable","NotReviewed","1 scales","600","60000","Fri Aug 15 09:12:36 PDT 2014","S90145","Approved","","""friend""","""glasses""","0","""left""","""right""","-1","3","0","13","0","0","-1","-1","""FALSE""","""null""","""null""","-1","-1","-1","-1","-1","-1","""Pick the friend without glasses.""","0","""The survey was about communicating visual ideas through words.""","""""","0","""keyboard""","""logical""","""null""","""null""","""null""","""null""","""null""","FALSE","""null""","""null""","""null""","""null""","""friend""","""boat""","""null""","""null""","""null""","""null""","""glasses""","""motor""","""null""","""null""","""null""","""null""","""left""","""left""","""null""","""null""","""null""","""null""","""hat""","""cabin""","""null""","""null""","""null""","""null""","""right""","""middle""","""null""","""null""","""null""","""null""","""kb1b""","0"
"Describing Objects","Short and fun! A 1-2 minute word game about describing simple objects. Only one HIT per worker.","experiment, psychology, game, language, cognition, linguistics, description","$0.25","Fri Aug 08 09:12:36 PDT 2014","152","0","0","152","Reviewable","NotReviewed","1 scales","600","60000","Fri Aug 15 09:12:36 PDT 2014","S16086","Approved","","""friend""","""glasses""","0","""right""","""middle""","-1","3","0","13","0","0","-1","-1","""TRUE""","""null""","""null""","-1","-1","-1","-1","-1","-1","""no hat, no glasses""","0","""Describing (objects)""","""""","0","""keyboard""","""target""","""null""","""null""","""null""","""null""","""null""","TRUE","""null""","""null""","""null""","""null""","""friend""","""sundae""","""null""","""null""","""null""","""null""","""glasses""","""chocolate""","""null""","""null""","""null""","""null""","""right""","""right""","""null""","""null""","""null""","""null""","""hat""","""whipped cream""","""null""","""null""","""null""","""null""","""middle""","""middle""","""null""","""null""","""null""","""null""","""kb1b""","1"
"Describing Objects","Short and fun! A 1-2 minute word game about describing simple objects. Only one HIT per worker.","experiment, psychology, game, language, cognition, linguistics, description","$0.25","Fri Aug 08 09:12:36 PDT 2014","152","0","0","152","Reviewable","NotReviewed","1 scales","600","60000","Fri Aug 15 09:12:36 PDT 2014","S28658","Approved","","""friend""","""mustache""","0","""right""","""middle""","-1","3","0","13","0","0","-1","-1","""TRUE""","""null""","""null""","-1","-1","-1","-1","-1","-1","""a plain face""","0","""Describing the difference in images.""","""The on-screen keyboard instead of a text box seemed unnecessary, it was a bit awkward to use.""","0","""keyboard""","""target""","""null""","""null""","""null""","""null""","""null""","TRUE","""null""","""null""","""null""","""null""","""friend""","""Christmas tree""","""null""","""null""","""null""","""null""","""mustache""","""lights""","""null""","""null""","""null""","""null""","""right""","""left""","""null""","""null""","""null""","""null""","""glasses""","""ornaments""","""null""","""null""","""null""","""null""","""middle""","""middle""","""null""","""null""","""null""","""null""","""kb1b""","0"
"Describing Objects","Short and fun! A 1-2 minute word game about describing simple objects. Only one HIT per worker.","experiment, psychology, game, language, cognition, linguistics, description","$0.25","Fri Aug 08 09:12:36 PDT 2014","152","0","0","152","Reviewable","NotReviewed","1 scales","600","60000","Fri Aug 15 09:12:36 PDT 2014","S65420","Approved","","""friend""","""hat""","0","""middle""","""right""","-1","3","0","13","0","0","-1","-1","""TRUE""","""null""","""null""","-1","-1","-1","-1","-1","-1","""This person d•À_s not wear glasses nor do they wear a hat.""","0","""How well you can describe an object.""","""""","0","""keyboard""","""logical""","""null""","""null""","""null""","""null""","""null""","FALSE","""null""","""null""","""null""","""null""","""friend""","""boat""","""null""","""null""","""null""","""null""","""hat""","""sail""","""null""","""null""","""null""","""null""","""middle""","""right""","""null""","""null""","""null""","""null""","""glasses""","""motor""","""null""","""null""","""null""","""null""","""right""","""left""","""null""","""null""","""null""","""null""","""kb1b""","1"
"Describing Objects","Short and fun! A 1-2 minute word game about describing simple objects. Only one HIT per worker.","experiment, psychology, game, language, cognition, linguistics, description","$0.25","Fri Aug 08 09:12:36 PDT 2014","152","0","0","152","Reviewable","NotReviewed","1 scales","600","60000","Fri Aug 15 09:12:36 PDT 2014","S00311","Approved","","""pizza""","""mushrooms""","0","""middle""","""right""","-1","3","0","13","0","0","-1","-1","""TRUE""","""null""","""null""","-1","-1","-1","-1","-1","-1","""just cheese""","0","""conveying descriptive information to another person accurately""","""""","0","""keyboard""","""target""","""null""","""null""","""null""","""null""","""null""","TRUE","""null""","""null""","""null""","""null""","""pizza""","""Christmas tree""","""null""","""null""","""null""","""null""","""mushrooms""","""ornaments""","""null""","""null""","""null""","""null""","""middle""","""middle""","""null""","""null""","""null""","""null""","""peppers""","""star""","""null""","""null""","""null""","""null""","""right""","""right""","""null""","""null""","""null""","""null""","""kb1b""","0"
"Describing Objects","Short and fun! A 1-2 minute word game about describing simple objects. Only one HIT per worker.","experiment, psychology, game, language, cognition, linguistics, description","$0.25","Fri Aug 08 09:12:36 PDT 2014","152","0","0","152","Reviewable","NotReviewed","1 scales","600","60000","Fri Aug 15 09:12:36 PDT 2014","S78599","Approved","","""sundae""","""chocolate""","0","""right""","""left""","-1","3","0","13","0","0","-1","-1","""TRUE""","""null""","""null""","-1","-1","-1","-1","-1","-1","""fudge topping only.""","1","""Describing objects and picking one someone else had described.""","""None""","0","""keyboard""","""target""","""null""","""null""","""null""","""null""","""null""","TRUE","""null""","""null""","""null""","""null""","""sundae""","""boat""","""null""","""null""","""null""","""null""","""chocolate""","""sail""","""null""","""null""","""null""","""null""","""right""","""left""","""null""","""null""","""null""","""null""","""whipped cream""","""cabin""","""null""","""null""","""null""","""null""","""left""","""middle""","""null""","""null""","""null""","""null""","""kb1b""","0"
"Describing Objects","Short and fun! A 1-2 minute word game about describing simple objects. Only one HIT per worker.","experiment, psychology, game, language, cognition, linguistics, description","$0.25","Fri Aug 08 09:12:36 PDT 2014","152","0","0","152","Reviewable","NotReviewed","1 scales","600","60000","Fri Aug 15 09:12:36 PDT 2014","S43693","Approved","","""friend""","""mustache""","0","""left""","""middle""","-1","3","0","13","0","0","-1","-1","""TRUE""","""null""","""null""","-1","-1","-1","-1","-1","-1","""A mustache who is not wearing a hat.""","1","""Determining how much description is needed to accurately identify a person or object.""","""""","0","""keyboard""","""target""","""null""","""null""","""null""","""null""","""null""","TRUE","""null""","""null""","""null""","""null""","""friend""","""sundae""","""null""","""null""","""null""","""null""","""mustache""","""chocolate""","""null""","""null""","""null""","""null""","""left""","""left""","""null""","""null""","""null""","""null""","""hat""","""whipped cream""","""null""","""null""","""null""","""null""","""middle""","""middle""","""null""","""null""","""null""","""null""","""kb1b""","1"
"Describing Objects","Short and fun! A 1-2 minute word game about describing simple objects. Only one HIT per worker.","experiment, psychology, game, language, cognition, linguistics, description","$0.25","Fri Aug 08 09:12:36 PDT 2014","152","0","0","152","Reviewable","NotReviewed","1 scales","600","60000","Fri Aug 15 09:12:36 PDT 2014","S10653","Approved","","""snowman""","""hat""","0","""middle""","""right""","-1","3","0","13","0","0","-1","-1","""TRUE""","""null""","""null""","-1","-1","-1","-1","-1","-1","""green hat, no gloves""","1","""language used in descriptions of pictures""","""None""","0","""keyboard""","""target""","""null""","""null""","""null""","""null""","""null""","TRUE","""null""","""null""","""null""","""null""","""snowman""","""boat""","""null""","""null""","""null""","""null""","""hat""","""motor""","""null""","""null""","""null""","""null""","""middle""","""left""","""null""","""null""","""null""","""null""","""mittens""","""sail""","""null""","""null""","""null""","""null""","""right""","""middle""","""null""","""null""","""null""","""null""","""kb1b""","1"
"Describing Objects","Short and fun! A 1-2 minute word game about describing simple objects. Only one HIT per worker.","experiment, psychology, game, language, cognition, linguistics, description","$0.25","Fri Aug 08 09:12:36 PDT 2014","152","0","0","152","Reviewable","NotReviewed","1 scales","600","60000","Fri Aug 15 09:12:36 PDT 2014","S88375","Approved","","""friend""","""glasses""","0","""left""","""middle""","-1","3","0","13","0","0","-1","-1","""TRUE""","""null""","""null""","-1","-1","-1","-1","-1","-1","""mustache""","1","""describing images with one word""","""""","0","""keyboard""","""logical""","""null""","""null""","""null""","""null""","""null""","FALSE","""null""","""null""","""null""","""null""","""friend""","""Christmas tree""","""null""","""null""","""null""","""null""","""glasses""","""ornaments""","""null""","""null""","""null""","""null""","""left""","""right""","""null""","""null""","""null""","""null""","""mustache""","""lights""","""null""","""null""","""null""","""null""","""middle""","""left""","""null""","""null""","""null""","""null""","""kb1b""","0"
"Describing Objects","Short and fun! A 1-2 minute word game about describing simple objects. Only one HIT per worker.","experiment, psychology, game, language, cognition, linguistics, description","$0.25","Fri Aug 08 09:12:36 PDT 2014","152","0","0","152","Reviewable","NotReviewed","1 scales","600","60000","Fri Aug 15 09:12:36 PDT 2014","S66117","Approved","","""pizza""","""olives""","0","""left""","""right""","-1","3","0","13","0","0","-1","-1","""TRUE""","""null""","""null""","-1","-1","-1","-1","-1","-1","""green peppers on it""","1","""Pizza and Sundaes""","""""","0","""keyboard""","""target""","""null""","""null""","""null""","""null""","""null""","TRUE","""null""","""null""","""null""","""null""","""pizza""","""sundae""","""null""","""null""","""null""","""null""","""olives""","""cherry""","""null""","""null""","""null""","""null""","""left""","""right""","""null""","""null""","""null""","""null""","""peppers""","""whipped cream""","""null""","""null""","""null""","""null""","""right""","""middle""","""null""","""null""","""null""","""null""","""kb1b""","0"
"Describing Objects","Short and fun! A 1-2 minute word game about describing simple objects. Only one HIT per worker.","experiment, psychology, game, language, cognition, linguistics, description","$0.25","Fri Aug 08 09:12:36 PDT 2014","152","0","0","152","Reviewable","NotReviewed","1 scales","600","60000","Fri Aug 15 09:12:36 PDT 2014","S23948","Approved","","""Christmas tree""","""ornaments""","0","""right""","""middle""","-1","3","0","13","0","0","-1","-1","""FALSE""","""null""","""null""","-1","-1","-1","-1","-1","-1","""ornaments""","1","""describing objects""","""none""","0","""keyboard""","""logical""","""null""","""null""","""null""","""null""","""null""","FALSE","""null""","""null""","""null""","""null""","""Christmas tree""","""snowman""","""null""","""null""","""null""","""null""","""ornaments""","""hat""","""null""","""null""","""null""","""null""","""right""","""right""","""null""","""null""","""null""","""null""","""lights""","""mittens""","""null""","""null""","""null""","""null""","""middle""","""middle""","""null""","""null""","""null""","""null""","""kb1b""","0"
"Describing Objects","Short and fun! A 1-2 minute word game about describing simple objects. Only one HIT per worker.","experiment, psychology, game, language, cognition, linguistics, description","$0.25","Fri Aug 08 09:12:36 PDT 2014","152","0","0","152","Reviewable","NotReviewed","1 scales","600","60000","Fri Aug 15 09:12:36 PDT 2014","S70181","Approved","","""pizza""","""olives""","0","""middle""","""right""","-1","3","0","13","0","0","-1","-1","""TRUE""","""null""","""null""","-1","-1","-1","-1","-1","-1","""Pick the pizza with olives but no peppers.""","1","""Communicating with others""","""thank you""","0","""keyboard""","""target""","""null""","""null""","""null""","""null""","""null""","TRUE","""null""","""null""","""null""","""null""","""pizza""","""friend""","""null""","""null""","""null""","""null""","""olives""","""mustache""","""null""","""null""","""null""","""null""","""middle""","""left""","""null""","""null""","""null""","""null""","""peppers""","""hat""","""null""","""null""","""null""","""null""","""right""","""right""","""null""","""null""","""null""","""null""","""kb1b""","1"
"Describing Objects","Short and fun! A 1-2 minute word game about describing simple objects. Only one HIT per worker.","experiment, psychology, game, language, cognition, linguistics, description","$0.25","Fri Aug 08 09:12:36 PDT 2014","152","0","0","152","Reviewable","NotReviewed","1 scales","600","60000","Fri Aug 15 09:12:36 PDT 2014","S54469","Approved","","""boat""","""motor""","0","""middle""","""left""","-1","3","0","13","0","0","-1","-1","""TRUE""","""null""","""null""","-1","-1","-1","-1","-1","-1","""A boat without a sail.""","1","""descriptions""","""""","0","""keyboard""","""target""","""null""","""null""","""null""","""null""","""null""","TRUE","""null""","""null""","""null""","""null""","""boat""","""snowman""","""null""","""null""","""null""","""null""","""motor""","""mittens""","""null""","""null""","""null""","""null""","""middle""","""left""","""null""","""null""","""null""","""null""","""sail""","""scarf""","""null""","""null""","""null""","""null""","""left""","""right""","""null""","""null""","""null""","""null""","""kb1b""","0"
"Describing Objects","Short and fun! A 1-2 minute word game about describing simple objects. Only one HIT per worker.","experiment, psychology, game, language, cognition, linguistics, description","$0.25","Fri Aug 08 09:12:36 PDT 2014","152","0","0","152","Reviewable","NotReviewed","1 scales","600","60000","Fri Aug 15 09:12:36 PDT 2014","S84147","Approved","","""Christmas tree""","""ornaments""","0","""right""","""middle""","-1","3","0","13","0","0","-1","-1","""TRUE""","""null""","""null""","-1","-1","-1","-1","-1","-1",""" balls only""","1","""Describing an object""","""""","0","""keyboard""","""target""","""null""","""null""","""null""","""null""","""null""","TRUE","""null""","""null""","""null""","""null""","""Christmas tree""","""sundae""","""null""","""null""","""null""","""null""","""ornaments""","""chocolate""","""null""","""null""","""null""","""null""","""right""","""middle""","""null""","""null""","""null""","""null""","""lights""","""cherry""","""null""","""null""","""null""","""null""","""middle""","""right""","""null""","""null""","""null""","""null""","""kb1b""","0"
"Describing Objects","Short and fun! A 1-2 minute word game about describing simple objects. Only one HIT per worker.","experiment, psychology, game, language, cognition, linguistics, description","$0.25","Fri Aug 08 09:12:36 PDT 2014","152","0","0","152","Reviewable","NotReviewed","1 scales","600","60000","Fri Aug 15 09:12:36 PDT 2014","S35190","Approved","","""sundae""","""cherry""","0","""right""","""middle""","-1","3","0","13","0","0","-1","-1","""TRUE""","""null""","""null""","-1","-1","-1","-1","-1","-1","""the round cherry on top of the vanilla ice cream.""","1","""Describing objects.""","""Thanks""","0","""keyboard""","""target""","""null""","""null""","""null""","""null""","""null""","TRUE","""null""","""null""","""null""","""null""","""sundae""","""snowman""","""null""","""null""","""null""","""null""","""cherry""","""mittens""","""null""","""null""","""null""","""null""","""right""","""right""","""null""","""null""","""null""","""null""","""chocolate""","""scarf""","""null""","""null""","""null""","""null""","""middle""","""left""","""null""","""null""","""null""","""null""","""kb1b""","0"
"Describing Objects","Short and fun! A 1-2 minute word game about describing simple objects. Only one HIT per worker.","experiment, psychology, game, language, cognition, linguistics, description","$0.25","Fri Aug 08 09:12:36 PDT 2014","152","0","0","152","Reviewable","NotReviewed","1 scales","600","60000","Fri Aug 15 09:12:36 PDT 2014","S26555","Approved","","""snowman""","""scarf""","0","""left""","""right""","-1","3","0","13","0","0","-1","-1","""TRUE""","""null""","""null""","-1","-1","-1","-1","-1","-1","""only a red scarf.""","1","""Conveying information about how to choose one of three similar items.""","""This was a pretty neat survey. Thanks!""","0","""keyboard""","""target""","""null""","""null""","""null""","""null""","""null""","TRUE","""null""","""null""","""null""","""null""","""snowman""","""friend""","""null""","""null""","""null""","""null""","""scarf""","""mustache""","""null""","""null""","""null""","""null""","""left""","""right""","""null""","""null""","""null""","""null""","""hat""","""glasses""","""null""","""null""","""null""","""null""","""right""","""left""","""null""","""null""","""null""","""null""","""kb1b""","0"
"Describing Objects","Short and fun! A 1-2 minute word game about describing simple objects. Only one HIT per worker.","experiment, psychology, game, language, cognition, linguistics, description","$0.25","Fri Aug 08 09:12:36 PDT 2014","152","0","0","152","Reviewable","NotReviewed","1 scales","600","60000","Fri Aug 15 09:12:36 PDT 2014","S83145","Approved","","""snowman""","""mittens""","0","""left""","""right""","-1","3","0","13","0","0","-1","-1","""TRUE""","""null""","""null""","-1","-1","-1","-1","-1","-1","""gloves and no scarf.""","1","""describing how objects look to those who can't see them.""","""""","0","""keyboard""","""target""","""null""","""null""","""null""","""null""","""null""","TRUE","""null""","""null""","""null""","""null""","""snowman""","""friend""","""null""","""null""","""null""","""null""","""mittens""","""glasses""","""null""","""null""","""null""","""null""","""left""","""right""","""null""","""null""","""null""","""null""","""scarf""","""hat""","""null""","""null""","""null""","""null""","""right""","""left""","""null""","""null""","""null""","""null""","""kb1b""","1"
"Describing Objects","Short and fun! A 1-2 minute word game about describing simple objects. Only one HIT per worker.","experiment, psychology, game, language, cognition, linguistics, description","$0.25","Fri Aug 08 09:12:36 PDT 2014","152","0","0","152","Reviewable","NotReviewed","1 scales","600","60000","Fri Aug 15 09:12:36 PDT 2014","S02239","Approved","","""friend""","""mustache""","0","""left""","""middle""","-1","3","0","13","0","0","-1","-1","""TRUE""","""null""","""null""","-1","-1","-1","-1","-1","-1","""Has mustasche and no hat.""","1","""Communication""","""""","0","""keyboard""","""target""","""null""","""null""","""null""","""null""","""null""","TRUE","""null""","""null""","""null""","""null""","""friend""","""friend""","""null""","""null""","""null""","""null""","""mustache""","""hat""","""null""","""null""","""null""","""null""","""left""","""middle""","""null""","""null""","""null""","""null""","""hat""","""mustache""","""null""","""null""","""null""","""null""","""middle""","""left""","""null""","""null""","""null""","""null""","""kb1b""","1"
"Describing Objects","Short and fun! A 1-2 minute word game about describing simple objects. Only one HIT per worker.","experiment, psychology, game, language, cognition, linguistics, description","$0.25","Fri Aug 08 09:12:36 PDT 2014","152","0","0","152","Reviewable","NotReviewed","1 scales","600","60000","Fri Aug 15 09:12:36 PDT 2014","S16341","Approved","","""Christmas tree""","""star""","0","""right""","""left""","-1","3","0","13","0","0","-1","-1","""TRUE""","""null""","""null""","-1","-1","-1","-1","-1","-1","""pick the tree with the star and no ornaments.""","1","""communicating through a chat system. ""","""I wasn't sure whether I needed to set up a complete sentence in the first task, so I wrote it as a sentence rather than a description. ""","0","""keyboard""","""target""","""null""","""null""","""null""","""null""","""null""","TRUE","""null""","""null""","""null""","""null""","""Christmas tree""","""boat""","""null""","""null""","""null""","""null""","""star""","""sail""","""null""","""null""","""null""","""null""","""right""","""middle""","""null""","""null""","""null""","""null""","""lights""","""cabin""","""null""","""null""","""null""","""null""","""left""","""right""","""null""","""null""","""null""","""null""","""kb1b""","1"
"Describing Objects","Short and fun! A 1-2 minute word game about describing simple objects. Only one HIT per worker.","experiment, psychology, game, language, cognition, linguistics, description","$0.25","Fri Aug 08 09:12:36 PDT 2014","152","0","0","152","Reviewable","NotReviewed","1 scales","600","60000","Fri Aug 15 09:12:36 PDT 2014","S54336","Approved","","""friend""","""hat""","0","""left""","""right""","-1","3","0","13","0","0","-1","-1","""TRUE""","""null""","""null""","-1","-1","-1","-1","-1","-1","""smile hat no stache""","1","""Describing something via a chat system""","""Enter & Accept on the keyboard is confusing. Enter should work too.""","0","""keyboard""","""target""","""null""","""null""","""null""","""null""","""null""","TRUE","""null""","""null""","""null""","""null""","""friend""","""friend""","""null""","""null""","""null""","""null""","""hat""","""mustache""","""null""","""null""","""null""","""null""","""left""","""middle""","""null""","""null""","""null""","""null""","""mustache""","""hat""","""null""","""null""","""null""","""null""","""right""","""right""","""null""","""null""","""null""","""null""","""kb1b""","1"
"Describing Objects","Short and fun! A 1-2 minute word game about describing simple objects. Only one HIT per worker.","experiment, psychology, game, language, cognition, linguistics, description","$0.25","Fri Aug 08 09:12:36 PDT 2014","152","0","0","152","Reviewable","NotReviewed","1 scales","600","60000","Fri Aug 15 09:12:36 PDT 2014","S51108","Approved","","""boat""","""motor""","0","""middle""","""right""","-1","3","0","13","0","0","-1","-1","""TRUE""","""null""","""null""","-1","-1","-1","-1","-1","-1",""" a motor and no top.""","1","""describing objects""","""no""","0","""keyboard""","""target""","""null""","""null""","""null""","""null""","""null""","TRUE","""null""","""null""","""null""","""null""","""boat""","""sundae""","""null""","""null""","""null""","""null""","""motor""","""whipped cream""","""null""","""null""","""null""","""null""","""middle""","""right""","""null""","""null""","""null""","""null""","""cabin""","""chocolate""","""null""","""null""","""null""","""null""","""right""","""middle""","""null""","""null""","""null""","""null""","""kb1b""","1"
"Describing Objects","Short and fun! A 1-2 minute word game about describing simple objects. Only one HIT per worker.","experiment, psychology, game, language, cognition, linguistics, description","$0.25","Fri Aug 08 09:12:36 PDT 2014","152","0","0","152","Reviewable","NotReviewed","1 scales","600","60000","Fri Aug 15 09:12:36 PDT 2014","S33365","Approved","","""boat""","""cabin""","0","""middle""","""right""","-1","3","0","13","0","0","-1","-1","""TRUE""","""null""","""null""","-1","-1","-1","-1","-1","-1","""one more thing than the simplest boat and one less than the most complex""","1","""I don't know, man""","""mittens""","0","""keyboard""","""target""","""null""","""null""","""null""","""null""","""null""","TRUE","""null""","""null""","""null""","""null""","""boat""","""snowman""","""null""","""null""","""null""","""null""","""cabin""","""mittens""","""null""","""null""","""null""","""null""","""middle""","""left""","""null""","""null""","""null""","""null""","""motor""","""scarf""","""null""","""null""","""null""","""null""","""right""","""middle""","""null""","""null""","""null""","""null""","""kb1b""","1"
"Describing Objects","Short and fun! A 1-2 minute word game about describing simple objects. Only one HIT per worker.","experiment, psychology, game, language, cognition, linguistics, description","$0.25","Fri Aug 08 09:12:36 PDT 2014","152","0","0","152","Reviewable","NotReviewed","1 scales","600","60000","Fri Aug 15 09:12:36 PDT 2014","S12347","Approved","","""boat""","""sail""","0","""left""","""right""","-1","3","0","13","0","0","-1","-1","""TRUE""","""null""","""null""","-1","-1","-1","-1","-1","-1","""It has a sail but no rudder.""","1","""This survey wants to see how people interact with a keyboard that is slow to use.""","""""","0","""keyboard""","""target""","""null""","""null""","""null""","""null""","""null""","TRUE","""null""","""null""","""null""","""null""","""boat""","""pizza""","""null""","""null""","""null""","""null""","""sail""","""peppers""","""null""","""null""","""null""","""null""","""left""","""middle""","""null""","""null""","""null""","""null""","""motor""","""olives""","""null""","""null""","""null""","""null""","""right""","""right""","""null""","""null""","""null""","""null""","""kb1b""","1"
"Describing Objects","Short and fun! A 1-2 minute word game about describing simple objects. Only one HIT per worker.","experiment, psychology, game, language, cognition, linguistics, description","$0.25","Fri Aug 08 09:12:36 PDT 2014","152","0","0","152","Reviewable","NotReviewed","1 scales","600","60000","Fri Aug 15 09:12:36 PDT 2014","S54222","Approved","","""friend""","""glasses""","0","""left""","""right""","-1","3","0","13","0","0","-1","-1","""TRUE""","""null""","""null""","-1","-1","-1","-1","-1","-1","""a happy fellow with glasses""","1","""Describing features""","""""","0","""keyboard""","""target""","""null""","""null""","""null""","""null""","""null""","TRUE","""null""","""null""","""null""","""null""","""friend""","""friend""","""null""","""null""","""null""","""null""","""glasses""","""hat""","""null""","""null""","""null""","""null""","""left""","""middle""","""null""","""null""","""null""","""null""","""mustache""","""glasses""","""null""","""null""","""null""","""null""","""right""","""right""","""null""","""null""","""null""","""null""","""kb1b""","0"
"Describing Objects","Short and fun! A 1-2 minute word game about describing simple objects. Only one HIT per worker.","experiment, psychology, game, language, cognition, linguistics, description","$0.25","Fri Aug 08 09:12:36 PDT 2014","152","0","0","152","Reviewable","NotReviewed","1 scales","600","60000","Fri Aug 15 09:12:36 PDT 2014","S18645","Approved","","""Christmas tree""","""ornaments""","0","""right""","""left""","-1","3","0","13","0","0","-1","-1","""TRUE""","""null""","""null""","-1","-1","-1","-1","-1","-1","""The christmas tree has a lot of ornaments on it.""","1","""To describe to other individuals the decsription of a snowman and tree.""","""No comment.""","0","""keyboard""","""target""","""null""","""null""","""null""","""null""","""null""","TRUE","""null""","""null""","""null""","""null""","""Christmas tree""","""snowman""","""null""","""null""","""null""","""null""","""ornaments""","""scarf""","""null""","""null""","""null""","""null""","""right""","""middle""","""null""","""null""","""null""","""null""","""star""","""hat""","""null""","""null""","""null""","""null""","""left""","""right""","""null""","""null""","""null""","""null""","""kb1b""","0"
"Describing Objects","Short and fun! A 1-2 minute word game about describing simple objects. Only one HIT per worker.","experiment, psychology, game, language, cognition, linguistics, description","$0.25","Fri Aug 08 09:12:36 PDT 2014","152","0","0","152","Reviewable","NotReviewed","1 scales","600","60000","Fri Aug 15 09:12:36 PDT 2014","S40722","Approved","","""snowman""","""hat""","0","""middle""","""right""","-1","3","0","13","0","0","-1","-1","""TRUE""","""null""","""null""","-1","-1","-1","-1","-1","-1","""a hat and no scarf""","1","""communication""","""na""","0","""keyboard""","""target""","""null""","""null""","""null""","""null""","""null""","TRUE","""null""","""null""","""null""","""null""","""snowman""","""friend""","""null""","""null""","""null""","""null""","""hat""","""hat""","""null""","""null""","""null""","""null""","""middle""","""middle""","""null""","""null""","""null""","""null""","""scarf""","""mustache""","""null""","""null""","""null""","""null""","""right""","""right""","""null""","""null""","""null""","""null""","""kb1b""","1"
"Describing Objects","Short and fun! A 1-2 minute word game about describing simple objects. Only one HIT per worker.","experiment, psychology, game, language, cognition, linguistics, description","$0.25","Fri Aug 08 09:12:36 PDT 2014","152","0","0","152","Reviewable","NotReviewed","1 scales","600","60000","Fri Aug 15 09:12:36 PDT 2014","S21236","Approved","","""boat""","""motor""","0","""left""","""right""","-1","3","0","13","0","0","-1","-1","""TRUE""","""null""","""null""","-1","-1","-1","-1","-1","-1","""light grey with a motor and no sail""","1","""object recognition and description""","""""","0","""keyboard""","""target""","""null""","""null""","""null""","""null""","""null""","TRUE","""null""","""null""","""null""","""null""","""boat""","""snowman""","""null""","""null""","""null""","""null""","""motor""","""mittens""","""null""","""null""","""null""","""null""","""left""","""left""","""null""","""null""","""null""","""null""","""sail""","""hat""","""null""","""null""","""null""","""null""","""right""","""right""","""null""","""null""","""null""","""null""","""kb1b""","1"
"Describing Objects","Short and fun! A 1-2 minute word game about describing simple objects. Only one HIT per worker.","experiment, psychology, game, language, cognition, linguistics, description","$0.25","Fri Aug 08 09:12:36 PDT 2014","152","0","0","152","Reviewable","NotReviewed","1 scales","600","60000","Fri Aug 15 09:12:36 PDT 2014","S59205","Approved","","""pizza""","""peppers""","0","""left""","""right""","-1","3","0","13","0","0","-1","-1","""TRUE""","""null""","""null""","-1","-1","-1","-1","-1","-1","""cheese with peppers""","1","""Identifying object based on descriptions.""","""""","0","""keyboard""","""target""","""null""","""null""","""null""","""null""","""null""","TRUE","""null""","""null""","""null""","""null""","""pizza""","""friend""","""null""","""null""","""null""","""null""","""peppers""","""mustache""","""null""","""null""","""null""","""null""","""left""","""right""","""null""","""null""","""null""","""null""","""mushrooms""","""glasses""","""null""","""null""","""null""","""null""","""right""","""middle""","""null""","""null""","""null""","""null""","""kb1b""","0"
"Describing Objects","Short and fun! A 1-2 minute word game about describing simple objects. Only one HIT per worker.","experiment, psychology, game, language, cognition, linguistics, description","$0.25","Fri Aug 08 09:12:36 PDT 2014","152","0","0","152","Reviewable","NotReviewed","1 scales","600","60000","Fri Aug 15 09:12:36 PDT 2014","S08832","Approved","","""snowman""","""scarf""","0","""right""","""middle""","-1","3","0","13","0","0","-1","-1","""TRUE""","""null""","""null""","-1","-1","-1","-1","-1","-1","""a scarf and no hat""","1","""Describing objects to someone else""","""this was fun!""","0","""keyboard""","""target""","""null""","""null""","""null""","""null""","""null""","TRUE","""null""","""null""","""null""","""null""","""snowman""","""pizza""","""null""","""null""","""null""","""null""","""scarf""","""mushrooms""","""null""","""null""","""null""","""null""","""right""","""middle""","""null""","""null""","""null""","""null""","""hat""","""peppers""","""null""","""null""","""null""","""null""","""middle""","""left""","""null""","""null""","""null""","""null""","""kb1b""","1"
"Describing Objects","Short and fun! A 1-2 minute word game about describing simple objects. Only one HIT per worker.","experiment, psychology, game, language, cognition, linguistics, description","$0.25","Fri Aug 08 09:12:36 PDT 2014","152","0","0","152","Reviewable","NotReviewed","1 scales","600","60000","Fri Aug 15 09:12:36 PDT 2014","S92544","Approved","","""sundae""","""cherry""","0","""right""","""middle""","-1","3","0","13","0","0","-1","-1","""TRUE""","""null""","""null""","-1","-1","-1","-1","-1","-1","""The picture is a 3 scoop sund•À_ with  1 cherry in the middle and no whipped cream.""","1","""Describing ice cream, or how people communicate with eachother""","""""","0","""keyboard""","""target""","""null""","""null""","""null""","""null""","""null""","TRUE","""null""","""null""","""null""","""null""","""sundae""","""sundae""","""null""","""null""","""null""","""null""","""cherry""","""chocolate""","""null""","""null""","""null""","""null""","""right""","""middle""","""null""","""null""","""null""","""null""","""whipped cream""","""whipped cream""","""null""","""null""","""null""","""null""","""middle""","""right""","""null""","""null""","""null""","""null""","""kb1b""","1"
"Describing Objects","Short and fun! A 1-2 minute word game about describing simple objects. Only one HIT per worker.","experiment, psychology, game, language, cognition, linguistics, description","$0.25","Fri Aug 08 09:12:36 PDT 2014","152","0","0","152","Reviewable","NotReviewed","1 scales","600","60000","Fri Aug 15 09:12:36 PDT 2014","S42790","Approved","","""sundae""","""chocolate""","0","""right""","""left""","-1","3","0","13","0","0","-1","-1","""TRUE""","""null""","""null""","-1","-1","-1","-1","-1","-1","""chocolate and no whipped cream""","1","""Bob's sundaes""","""No.""","0","""keyboard""","""target""","""null""","""null""","""null""","""null""","""null""","TRUE","""null""","""null""","""null""","""null""","""sundae""","""friend""","""null""","""null""","""null""","""null""","""chocolate""","""glasses""","""null""","""null""","""null""","""null""","""right""","""left""","""null""","""null""","""null""","""null""","""whipped cream""","""mustache""","""null""","""null""","""null""","""null""","""left""","""middle""","""null""","""null""","""null""","""null""","""kb1b""","1"
"Describing Objects","Short and fun! A 1-2 minute word game about describing simple objects. Only one HIT per worker.","experiment, psychology, game, language, cognition, linguistics, description","$0.25","Fri Aug 08 09:12:36 PDT 2014","152","0","0","152","Reviewable","NotReviewed","1 scales","600","60000","Fri Aug 15 09:12:36 PDT 2014","S58494","Approved","","""pizza""","""peppers""","0","""left""","""right""","-1","3","0","13","0","0","-1","-1","""TRUE""","""null""","""null""","-1","-1","-1","-1","-1","-1","""it has cheese and bell pepper""","1","""pizza""","""""","0","""keyboard""","""target""","""null""","""null""","""null""","""null""","""null""","TRUE","""null""","""null""","""null""","""null""","""pizza""","""pizza""","""null""","""null""","""null""","""null""","""peppers""","""mushrooms""","""null""","""null""","""null""","""null""","""left""","""left""","""null""","""null""","""null""","""null""","""mushrooms""","""peppers""","""null""","""null""","""null""","""null""","""right""","""right""","""null""","""null""","""null""","""null""","""kb1b""","1"
"Describing Objects","Short and fun! A 1-2 minute word game about describing simple objects. Only one HIT per worker.","experiment, psychology, game, language, cognition, linguistics, description","$0.25","Fri Aug 08 09:12:36 PDT 2014","152","0","0","152","Reviewable","NotReviewed","1 scales","600","60000","Fri Aug 15 09:12:36 PDT 2014","S74400","Approved","","""friend""","""hat""","0","""right""","""middle""","-1","3","0","13","0","0","-1","-1","""FALSE""","""null""","""null""","-1","-1","-1","-1","-1","-1","""A smiley face with a hat and NO facial hair.""","1","""Describing an object for another to find.""","""none, thank you very much for the opportunity!""","0","""keyboard""","""logical""","""null""","""null""","""null""","""null""","""null""","FALSE","""null""","""null""","""null""","""null""","""friend""","""boat""","""null""","""null""","""null""","""null""","""hat""","""cabin""","""null""","""null""","""null""","""null""","""right""","""left""","""null""","""null""","""null""","""null""","""mustache""","""motor""","""null""","""null""","""null""","""null""","""middle""","""middle""","""null""","""null""","""null""","""null""","""kb1b""","1"
"Describing Objects","Short and fun! A 1-2 minute word game about describing simple objects. Only one HIT per worker.","experiment, psychology, game, language, cognition, linguistics, description","$0.25","Fri Aug 08 09:12:36 PDT 2014","152","0","0","152","Reviewable","NotReviewed","1 scales","600","60000","Fri Aug 15 09:12:36 PDT 2014","S00701","Approved","","""friend""","""mustache""","0","""middle""","""right""","-1","3","0","13","0","0","-1","-1","""TRUE""","""null""","""null""","-1","-1","-1","-1","-1","-1","""a mustache.""","1","""identify the correct object""","""""","0","""keyboard""","""target""","""null""","""null""","""null""","""null""","""null""","TRUE","""null""","""null""","""null""","""null""","""friend""","""Christmas tree""","""null""","""null""","""null""","""null""","""mustache""","""star""","""null""","""null""","""null""","""null""","""middle""","""right""","""null""","""null""","""null""","""null""","""glasses""","""ornaments""","""null""","""null""","""null""","""null""","""right""","""middle""","""null""","""null""","""null""","""null""","""kb1b""","0"
"Describing Objects","Short and fun! A 1-2 minute word game about describing simple objects. Only one HIT per worker.","experiment, psychology, game, language, cognition, linguistics, description","$0.25","Fri Aug 08 09:12:36 PDT 2014","152","0","0","152","Reviewable","NotReviewed","1 scales","600","60000","Fri Aug 15 09:12:36 PDT 2014","S89843","Approved","","""boat""","""sail""","0","""right""","""middle""","-1","3","0","13","0","0","-1","-1","""TRUE""","""null""","""null""","-1","-1","-1","-1","-1","-1","""the boat c it has a darker color than the other boats, it also has a sail and d•À_sn`t has a engine in his tail""","1","""About describing an object to other turker""","""Very good survey!""","0","""keyboard""","""target""","""null""","""null""","""null""","""null""","""null""","TRUE","""null""","""null""","""null""","""null""","""boat""","""friend""","""null""","""null""","""null""","""null""","""sail""","""glasses""","""null""","""null""","""null""","""null""","""right""","""middle""","""null""","""null""","""null""","""null""","""motor""","""mustache""","""null""","""null""","""null""","""null""","""middle""","""right""","""null""","""null""","""null""","""null""","""kb1b""","1"
"Describing Objects","Short and fun! A 1-2 minute word game about describing simple objects. Only one HIT per worker.","experiment, psychology, game, language, cognition, linguistics, description","$0.25","Fri Aug 08 09:12:36 PDT 2014","152","0","0","152","Reviewable","NotReviewed","1 scales","600","60000","Fri Aug 15 09:12:36 PDT 2014","S99965","Approved","","""boat""","""sail""","0","""middle""","""right""","-1","3","0","13","0","0","-1","-1","""TRUE""","""null""","""null""","-1","-1","-1","-1","-1","-1","""sail""","1","""Limited information""","""""","0","""keyboard""","""target""","""null""","""null""","""null""","""null""","""null""","TRUE","""null""","""null""","""null""","""null""","""boat""","""boat""","""null""","""null""","""null""","""null""","""sail""","""sail""","""null""","""null""","""null""","""null""","""middle""","""right""","""null""","""null""","""null""","""null""","""cabin""","""cabin""","""null""","""null""","""null""","""null""","""right""","""middle""","""null""","""null""","""null""","""null""","""kb1b""","0"
"Describing Objects","Short and fun! A 1-2 minute word game about describing simple objects. Only one HIT per worker.","experiment, psychology, game, language, cognition, linguistics, description","$0.25","Fri Aug 08 09:12:36 PDT 2014","152","0","0","152","Reviewable","NotReviewed","1 scales","600","60000","Fri Aug 15 09:12:36 PDT 2014","S03426","Approved","","""friend""","""mustache""","0","""right""","""middle""","-1","3","0","13","0","0","-1","-1","""TRUE""","""null""","""null""","-1","-1","-1","-1","-1","-1","""glasses and stache""","1","""describing objects""","""""","0","""keyboard""","""target""","""null""","""null""","""null""","""null""","""null""","TRUE","""null""","""null""","""null""","""null""","""friend""","""sundae""","""null""","""null""","""null""","""null""","""mustache""","""chocolate""","""null""","""null""","""null""","""null""","""right""","""left""","""null""","""null""","""null""","""null""","""glasses""","""whipped cream""","""null""","""null""","""null""","""null""","""middle""","""middle""","""null""","""null""","""null""","""null""","""kb1b""","1"
"Describing Objects","Short and fun! A 1-2 minute word game about describing simple objects. Only one HIT per worker.","experiment, psychology, game, language, cognition, linguistics, description","$0.25","Fri Aug 08 09:12:36 PDT 2014","152","0","0","152","Reviewable","NotReviewed","1 scales","600","60000","Fri Aug 15 09:12:36 PDT 2014","S40620","Approved","","""snowman""","""scarf""","0","""middle""","""right""","-1","3","0","13","0","0","-1","-1","""FALSE""","""null""","""null""","-1","-1","-1","-1","-1","-1","""with the scarf but without a hat""","1","""DESCRIBING A PICTURE AMONG SIMILAR PICTURES""","""THANKS FOR THE HIT""","0","""keyboard""","""target""","""null""","""null""","""null""","""null""","""null""","TRUE","""null""","""null""","""null""","""null""","""snowman""","""Christmas tree""","""null""","""null""","""null""","""null""","""scarf""","""ornaments""","""null""","""null""","""null""","""null""","""middle""","""left""","""null""","""null""","""null""","""null""","""hat""","""star""","""null""","""null""","""null""","""null""","""right""","""middle""","""null""","""null""","""null""","""null""","""kb1b""","1"
"Describing Objects","Short and fun! A 1-2 minute word game about describing simple objects. Only one HIT per worker.","experiment, psychology, game, language, cognition, linguistics, description","$0.25","Fri Aug 08 09:12:36 PDT 2014","152","0","0","152","Reviewable","NotReviewed","1 scales","600","60000","Fri Aug 15 09:12:36 PDT 2014","S34431","Approved","","""sundae""","""chocolate""","0","""right""","""left""","-1","3","0","13","0","0","-1","-1","""TRUE""","""null""","""null""","-1","-1","-1","-1","-1","-1","""Choose the one with fudge, but no cherry.""","1","""descriptions""","""""","0","""keyboard""","""target""","""null""","""null""","""null""","""null""","""null""","TRUE","""null""","""null""","""null""","""null""","""sundae""","""sundae""","""null""","""null""","""null""","""null""","""chocolate""","""chocolate""","""null""","""null""","""null""","""null""","""right""","""right""","""null""","""null""","""null""","""null""","""cherry""","""whipped cream""","""null""","""null""","""null""","""null""","""left""","""left""","""null""","""null""","""null""","""null""","""kb1b""","1"
"Describing Objects","Short and fun! A 1-2 minute word game about describing simple objects. Only one HIT per worker.","experiment, psychology, game, language, cognition, linguistics, description","$0.25","Fri Aug 08 09:12:36 PDT 2014","152","0","0","152","Reviewable","NotReviewed","1 scales","600","60000","Fri Aug 15 09:12:36 PDT 2014","S57165","Approved","","""Christmas tree""","""ornaments""","0","""middle""","""right""","-1","3","0","13","0","0","-1","-1","""TRUE""","""null""","""null""","-1","-1","-1","-1","-1","-1","""it is the tree with balls but no star""","1","""Descriptions and virtual keyboards""","""Cute survey :)""","0","""keyboard""","""target""","""null""","""null""","""null""","""null""","""null""","TRUE","""null""","""null""","""null""","""null""","""Christmas tree""","""sundae""","""null""","""null""","""null""","""null""","""ornaments""","""cherry""","""null""","""null""","""null""","""null""","""middle""","""middle""","""null""","""null""","""null""","""null""","""star""","""whipped cream""","""null""","""null""","""null""","""null""","""right""","""left""","""null""","""null""","""null""","""null""","""kb1b""","1"
"Describing Objects","Short and fun! A 1-2 minute word game about describing simple objects. Only one HIT per worker.","experiment, psychology, game, language, cognition, linguistics, description","$0.25","Fri Aug 08 09:12:36 PDT 2014","152","0","0","152","Reviewable","NotReviewed","1 scales","600","60000","Fri Aug 15 09:12:36 PDT 2014","S68938","Approved","","""snowman""","""hat""","0","""left""","""right""","-1","3","0","13","0","0","-1","-1","""FALSE""","""null""","""null""","-1","-1","-1","-1","-1","-1","""picA has a hat & NO scarf""","1","""communication""","""nope""","0","""keyboard""","""target""","""null""","""null""","""null""","""null""","""null""","TRUE","""null""","""null""","""null""","""null""","""snowman""","""pizza""","""null""","""null""","""null""","""null""","""hat""","""mushrooms""","""null""","""null""","""null""","""null""","""left""","""left""","""null""","""null""","""null""","""null""","""scarf""","""olives""","""null""","""null""","""null""","""null""","""right""","""middle""","""null""","""null""","""null""","""null""","""kb1b""","1"
"Describing Objects","Short and fun! A 1-2 minute word game about describing simple objects. Only one HIT per worker.","experiment, psychology, game, language, cognition, linguistics, description","$0.25","Fri Aug 08 09:12:36 PDT 2014","152","0","0","152","Reviewable","NotReviewed","1 scales","600","60000","Fri Aug 15 09:12:36 PDT 2014","S24001","Approved","","""pizza""","""olives""","0","""left""","""right""","-1","3","0","13","0","0","-1","-1","""TRUE""","""null""","""null""","-1","-1","-1","-1","-1","-1","""only olives""","1","""communicating and picking things based off that""","""""","0","""keyboard""","""logical""","""null""","""null""","""null""","""null""","""null""","FALSE","""null""","""null""","""null""","""null""","""pizza""","""boat""","""null""","""null""","""null""","""null""","""olives""","""cabin""","""null""","""null""","""null""","""null""","""left""","""left""","""null""","""null""","""null""","""null""","""mushrooms""","""motor""","""null""","""null""","""null""","""null""","""right""","""right""","""null""","""null""","""null""","""null""","""kb1b""","0"
"Describing Objects","Short and fun! A 1-2 minute word game about describing simple objects. Only one HIT per worker.","experiment, psychology, game, language, cognition, linguistics, description","$0.25","Fri Aug 08 09:12:36 PDT 2014","152","0","0","152","Reviewable","NotReviewed","1 scales","600","60000","Fri Aug 15 09:12:36 PDT 2014","S52851","Approved","","""pizza""","""mushrooms""","0","""middle""","""right""","-1","3","0","13","0","0","-1","-1","""FALSE""","""null""","""null""","-1","-1","-1","-1","-1","-1","""mushrooms""","1","""describing objects""","""""","0","""keyboard""","""target""","""null""","""null""","""null""","""null""","""null""","TRUE","""null""","""null""","""null""","""null""","""pizza""","""snowman""","""null""","""null""","""null""","""null""","""mushrooms""","""scarf""","""null""","""null""","""null""","""null""","""middle""","""middle""","""null""","""null""","""null""","""null""","""olives""","""hat""","""null""","""null""","""null""","""null""","""right""","""right""","""null""","""null""","""null""","""null""","""kb1b""","0"
"Describing Objects","Short and fun! A 1-2 minute word game about describing simple objects. Only one HIT per worker.","experiment, psychology, game, language, cognition, linguistics, description","$0.25","Fri Aug 08 09:12:36 PDT 2014","152","0","0","152","Reviewable","NotReviewed","1 scales","600","60000","Fri Aug 15 09:12:36 PDT 2014","S80347","Approved","","""pizza""","""olives""","0","""left""","""middle""","-1","3","0","13","0","0","-1","-1","""TRUE""","""null""","""null""","-1","-1","-1","-1","-1","-1","""olives""","1","""describing bob's pizza and choosing a sailboat""","""none thanks""","0","""keyboard""","""target""","""null""","""null""","""null""","""null""","""null""","TRUE","""null""","""null""","""null""","""null""","""pizza""","""boat""","""null""","""null""","""null""","""null""","""olives""","""cabin""","""null""","""null""","""null""","""null""","""left""","""left""","""null""","""null""","""null""","""null""","""mushrooms""","""motor""","""null""","""null""","""null""","""null""","""middle""","""right""","""null""","""null""","""null""","""null""","""kb1b""","0"
"Describing Objects","Short and fun! A 1-2 minute word game about describing simple objects. Only one HIT per worker.","experiment, psychology, game, language, cognition, linguistics, description","$0.25","Fri Aug 08 09:12:36 PDT 2014","152","0","0","152","Reviewable","NotReviewed","1 scales","600","60000","Fri Aug 15 09:12:36 PDT 2014","S03794","Approved","","""sundae""","""chocolate""","0","""right""","""left""","-1","3","0","13","0","0","-1","-1","""TRUE""","""null""","""null""","-1","-1","-1","-1","-1","-1","""Its the one with all toppings, minus the whipped cream.""","1","""Communicating through chat.""","""""","0","""keyboard""","""target""","""null""","""null""","""null""","""null""","""null""","TRUE","""null""","""null""","""null""","""null""","""sundae""","""pizza""","""null""","""null""","""null""","""null""","""chocolate""","""peppers""","""null""","""null""","""null""","""null""","""right""","""left""","""null""","""null""","""null""","""null""","""whipped cream""","""mushrooms""","""null""","""null""","""null""","""null""","""left""","""middle""","""null""","""null""","""null""","""null""","""kb1b""","1"
"Describing Objects","Short and fun! A 1-2 minute word game about describing simple objects. Only one HIT per worker.","experiment, psychology, game, language, cognition, linguistics, description","$0.25","Fri Aug 08 09:12:36 PDT 2014","152","0","0","152","Reviewable","NotReviewed","1 scales","600","60000","Fri Aug 15 09:12:36 PDT 2014","S79803","Approved","","""pizza""","""olives""","0","""middle""","""left""","-1","3","0","13","0","0","-1","-1","""TRUE""","""null""","""null""","-1","-1","-1","-1","-1","-1","""only olives""","1","""how people describe objects and pay attention to details.""","""nope""","0","""keyboard""","""target""","""null""","""null""","""null""","""null""","""null""","TRUE","""null""","""null""","""null""","""null""","""pizza""","""friend""","""null""","""null""","""null""","""null""","""olives""","""mustache""","""null""","""null""","""null""","""null""","""middle""","""right""","""null""","""null""","""null""","""null""","""peppers""","""hat""","""null""","""null""","""null""","""null""","""left""","""middle""","""null""","""null""","""null""","""null""","""kb1b""","0"
"Describing Objects","Short and fun! A 1-2 minute word game about describing simple objects. Only one HIT per worker.","experiment, psychology, game, language, cognition, linguistics, description","$0.25","Fri Aug 08 09:12:36 PDT 2014","152","0","0","152","Reviewable","NotReviewed","1 scales","600","60000","Fri Aug 15 09:12:36 PDT 2014","S89023","Approved","","""Christmas tree""","""star""","0","""right""","""left""","-1","3","0","13","0","0","-1","-1","""TRUE""","""null""","""null""","-1","-1","-1","-1","-1","-1","""one decoration""","1","""Communication. ""","""""","0","""keyboard""","""target""","""null""","""null""","""null""","""null""","""null""","TRUE","""null""","""null""","""null""","""null""","""Christmas tree""","""sundae""","""null""","""null""","""null""","""null""","""star""","""whipped cream""","""null""","""null""","""null""","""null""","""right""","""left""","""null""","""null""","""null""","""null""","""ornaments""","""chocolate""","""null""","""null""","""null""","""null""","""left""","""middle""","""null""","""null""","""null""","""null""","""kb1b""","0"
"Describing Objects","Short and fun! A 1-2 minute word game about describing simple objects. Only one HIT per worker.","experiment, psychology, game, language, cognition, linguistics, description","$0.25","Fri Aug 08 09:12:36 PDT 2014","152","0","0","152","Reviewable","NotReviewed","1 scales","600","60000","Fri Aug 15 09:12:36 PDT 2014","S13511","Approved","","""snowman""","""mittens""","0","""right""","""middle""","-1","3","0","13","0","0","-1","-1","""TRUE""","""null""","""null""","-1","-1","-1","-1","-1","-1","""I'm looking at the one with mittens but no scarf.""","1","""language, communication""","""no""","0","""keyboard""","""target""","""null""","""null""","""null""","""null""","""null""","TRUE","""null""","""null""","""null""","""null""","""snowman""","""Christmas tree""","""null""","""null""","""null""","""null""","""mittens""","""star""","""null""","""null""","""null""","""null""","""right""","""left""","""null""","""null""","""null""","""null""","""scarf""","""lights""","""null""","""null""","""null""","""null""","""middle""","""right""","""null""","""null""","""null""","""null""","""kb1b""","1"
"Describing Objects","Short and fun! A 1-2 minute word game about describing simple objects. Only one HIT per worker.","experiment, psychology, game, language, cognition, linguistics, description","$0.25","Fri Aug 08 09:12:36 PDT 2014","152","0","0","152","Reviewable","NotReviewed","1 scales","600","60000","Fri Aug 15 09:12:36 PDT 2014","S27549","Approved","","""friend""","""hat""","0","""right""","""middle""","-1","3","0","13","0","0","-1","-1","""TRUE""","""null""","""null""","-1","-1","-1","-1","-1","-1","""A smily face with a hat and no glasses.""","1","""To see how people make a decision based on incomplete information.""","""""","0","""keyboard""","""target""","""null""","""null""","""null""","""null""","""null""","TRUE","""null""","""null""","""null""","""null""","""friend""","""friend""","""null""","""null""","""null""","""null""","""hat""","""hat""","""null""","""null""","""null""","""null""","""right""","""right""","""null""","""null""","""null""","""null""","""glasses""","""mustache""","""null""","""null""","""null""","""null""","""middle""","""left""","""null""","""null""","""null""","""null""","""kb1b""","1"
"Describing Objects","Short and fun! A 1-2 minute word game about describing simple objects. Only one HIT per worker.","experiment, psychology, game, language, cognition, linguistics, description","$0.25","Fri Aug 08 09:12:36 PDT 2014","152","0","0","152","Reviewable","NotReviewed","1 scales","600","60000","Fri Aug 15 09:12:36 PDT 2014","S52443","Approved","","""sundae""","""cherry""","0","""left""","""middle""","-1","3","0","13","0","0","-1","-1","""TRUE""","""null""","""null""","-1","-1","-1","-1","-1","-1","""only a cherry""","1","""Communication""","""""","0","""keyboard""","""target""","""null""","""null""","""null""","""null""","""null""","TRUE","""null""","""null""","""null""","""null""","""sundae""","""boat""","""null""","""null""","""null""","""null""","""cherry""","""motor""","""null""","""null""","""null""","""null""","""left""","""left""","""null""","""null""","""null""","""null""","""whipped cream""","""cabin""","""null""","""null""","""null""","""null""","""middle""","""right""","""null""","""null""","""null""","""null""","""kb1b""","0"
"Describing Objects","Short and fun! A 1-2 minute word game about describing simple objects. Only one HIT per worker.","experiment, psychology, game, language, cognition, linguistics, description","$0.25","Fri Aug 08 09:12:36 PDT 2014","152","0","0","152","Reviewable","NotReviewed","1 scales","600","60000","Fri Aug 15 09:12:36 PDT 2014","S44391","Approved","","""boat""","""motor""","0","""right""","""middle""","-1","3","0","13","0","0","-1","-1","""TRUE""","""null""","""null""","-1","-1","-1","-1","-1","-1","""a sail""","2","""what object i would describe using what words for another turker and vice versa.""","""""","0","""keyboard""","""target""","""null""","""null""","""null""","""null""","""null""","TRUE","""null""","""null""","""null""","""null""","""boat""","""sundae""","""null""","""null""","""null""","""null""","""motor""","""cherry""","""null""","""null""","""null""","""null""","""right""","""middle""","""null""","""null""","""null""","""null""","""sail""","""whipped cream""","""null""","""null""","""null""","""null""","""middle""","""right""","""null""","""null""","""null""","""null""","""kb1b""","0"
"Describing Objects","Short and fun! A 1-2 minute word game about describing simple objects. Only one HIT per worker.","experiment, psychology, game, language, cognition, linguistics, description","$0.25","Fri Aug 08 09:12:36 PDT 2014","152","0","0","152","Reviewable","NotReviewed","1 scales","600","60000","Fri Aug 15 09:12:36 PDT 2014","S86144","Approved","","""friend""","""hat""","0","""left""","""right""","-1","3","0","13","0","0","-1","-1","""FALSE""","""null""","""null""","-1","-1","-1","-1","-1","-1","""The one with glasses.""","2","""I don't know and I forgot whether it was Joe or Bob""","""""","0","""keyboard""","""target""","""null""","""null""","""null""","""null""","""null""","TRUE","""null""","""null""","""null""","""null""","""friend""","""sundae""","""null""","""null""","""null""","""null""","""hat""","""cherry""","""null""","""null""","""null""","""null""","""left""","""left""","""null""","""null""","""null""","""null""","""glasses""","""whipped cream""","""null""","""null""","""null""","""null""","""right""","""middle""","""null""","""null""","""null""","""null""","""kb1b""","0"
"Describing Objects","Short and fun! A 1-2 minute word game about describing simple objects. Only one HIT per worker.","experiment, psychology, game, language, cognition, linguistics, description","$0.25","Fri Aug 08 09:12:36 PDT 2014","152","0","0","152","Reviewable","NotReviewed","1 scales","600","60000","Fri Aug 15 09:12:36 PDT 2014","S23421","Approved","","""boat""","""sail""","0","""right""","""left""","-1","3","0","13","0","0","-1","-1","""TRUE""","""null""","""null""","-1","-1","-1","-1","-1","-1","""a cabin in the middle.""","2","""Conveying differences in images through a short message""","""""","0","""keyboard""","""target""","""null""","""null""","""null""","""null""","""null""","TRUE","""null""","""null""","""null""","""null""","""boat""","""snowman""","""null""","""null""","""null""","""null""","""sail""","""mittens""","""null""","""null""","""null""","""null""","""right""","""middle""","""null""","""null""","""null""","""null""","""cabin""","""scarf""","""null""","""null""","""null""","""null""","""left""","""left""","""null""","""null""","""null""","""null""","""kb1b""","0"
"Describing Objects","Short and fun! A 1-2 minute word game about describing simple objects. Only one HIT per worker.","experiment, psychology, game, language, cognition, linguistics, description","$0.25","Fri Aug 08 09:12:36 PDT 2014","152","0","0","152","Reviewable","NotReviewed","1 scales","600","60000","Fri Aug 15 09:12:36 PDT 2014","S95336","Approved","","""Christmas tree""","""star""","0","""left""","""middle""","-1","3","0","13","0","0","-1","-1","""TRUE""","""null""","""null""","-1","-1","-1","-1","-1","-1","""lights""","2","""HOw we perceive outside images""","""""","0","""keyboard""","""target""","""null""","""null""","""null""","""null""","""null""","TRUE","""null""","""null""","""null""","""null""","""Christmas tree""","""pizza""","""null""","""null""","""null""","""null""","""star""","""olives""","""null""","""null""","""null""","""null""","""left""","""right""","""null""","""null""","""null""","""null""","""lights""","""mushrooms""","""null""","""null""","""null""","""null""","""middle""","""left""","""null""","""null""","""null""","""null""","""kb1b""","0"
"Describing Objects","Short and fun! A 1-2 minute word game about describing simple objects. Only one HIT per worker.","experiment, psychology, game, language, cognition, linguistics, description","$0.25","Fri Aug 08 09:12:36 PDT 2014","152","0","0","152","Reviewable","NotReviewed","1 scales","600","60000","Fri Aug 15 09:12:36 PDT 2014","S75858","Approved","","""sundae""","""cherry""","0","""left""","""right""","-1","3","0","13","0","0","-1","-1","""TRUE""","""null""","""null""","-1","-1","-1","-1","-1","-1","""BOB LIKES WHIP CREAM""","2","""describing objects""","""""","0","""keyboard""","""target""","""null""","""null""","""null""","""null""","""null""","TRUE","""null""","""null""","""null""","""null""","""sundae""","""boat""","""null""","""null""","""null""","""null""","""cherry""","""sail""","""null""","""null""","""null""","""null""","""left""","""left""","""null""","""null""","""null""","""null""","""whipped cream""","""motor""","""null""","""null""","""null""","""null""","""right""","""right""","""null""","""null""","""null""","""null""","""kb1b""","0"
"Describing Objects","Short and fun! A 1-2 minute word game about describing simple objects. Only one HIT per worker.","experiment, psychology, game, language, cognition, linguistics, description","$0.25","Fri Aug 08 09:12:36 PDT 2014","152","0","0","152","Reviewable","NotReviewed","1 scales","600","60000","Fri Aug 15 09:12:36 PDT 2014","S96881","Approved","","""friend""","""glasses""","0","""middle""","""left""","-1","3","0","13","0","0","-1","-1","""TRUE""","""null""","""null""","-1","-1","-1","-1","-1","-1","""a hat.""","2","""It's about how we describe things. ""","""""","0","""keyboard""","""target""","""null""","""null""","""null""","""null""","""null""","TRUE","""null""","""null""","""null""","""null""","""friend""","""friend""","""null""","""null""","""null""","""null""","""glasses""","""hat""","""null""","""null""","""null""","""null""","""middle""","""left""","""null""","""null""","""null""","""null""","""hat""","""glasses""","""null""","""null""","""null""","""null""","""left""","""middle""","""null""","""null""","""null""","""null""","""kb1b""","0"
"Describing Objects","Short and fun! A 1-2 minute word game about describing simple objects. Only one HIT per worker.","experiment, psychology, game, language, cognition, linguistics, description","$0.25","Fri Aug 08 09:12:36 PDT 2014","152","0","0","152","Reviewable","NotReviewed","1 scales","600","60000","Fri Aug 15 09:12:36 PDT 2014","S73878","Approved","","""Christmas tree""","""star""","0","""right""","""left""","-1","3","0","13","0","0","-1","-1","""TRUE""","""null""","""null""","-1","-1","-1","-1","-1","-1","""Lights and star""","2","""I'm not sure.""","""""","0","""keyboard""","""target""","""null""","""null""","""null""","""null""","""null""","TRUE","""null""","""null""","""null""","""null""","""Christmas tree""","""pizza""","""null""","""null""","""null""","""null""","""star""","""olives""","""null""","""null""","""null""","""null""","""right""","""middle""","""null""","""null""","""null""","""null""","""lights""","""peppers""","""null""","""null""","""null""","""null""","""left""","""left""","""null""","""null""","""null""","""null""","""kb1b""","1"
"Describing Objects","Short and fun! A 1-2 minute word game about describing simple objects. Only one HIT per worker.","experiment, psychology, game, language, cognition, linguistics, description","$0.25","Fri Aug 08 09:12:36 PDT 2014","152","0","0","152","Reviewable","NotReviewed","1 scales","600","60000","Fri Aug 15 09:12:36 PDT 2014","S19619","Approved","","""friend""","""mustache""","0","""right""","""left""","-1","3","0","13","0","0","-1","-1","""TRUE""","""null""","""null""","-1","-1","-1","-1","-1","-1","""hat""","2",""" judgments about what people are talking about""","""""","0","""keyboard""","""target""","""null""","""null""","""null""","""null""","""null""","TRUE","""null""","""null""","""null""","""null""","""friend""","""friend""","""null""","""null""","""null""","""null""","""mustache""","""mustache""","""null""","""null""","""null""","""null""","""right""","""left""","""null""","""null""","""null""","""null""","""hat""","""glasses""","""null""","""null""","""null""","""null""","""left""","""middle""","""null""","""null""","""null""","""null""","""kb1b""","0"
"Describing Objects","Short and fun! A 1-2 minute word game about describing simple objects. Only one HIT per worker.","experiment, psychology, game, language, cognition, linguistics, description","$0.25","Fri Aug 08 09:12:36 PDT 2014","152","0","0","152","Reviewable","NotReviewed","1 scales","600","60000","Fri Aug 15 09:12:36 PDT 2014","S36492","Approved","","""boat""","""cabin""","0","""left""","""right""","-1","3","0","13","0","0","-1","-1","""TRUE""","""null""","""null""","-1","-1","-1","-1","-1","-1","""The boat with a large mast.""","2","""Describing simple objects""","""None, thanks!""","0","""keyboard""","""target""","""null""","""null""","""null""","""null""","""null""","TRUE","""null""","""null""","""null""","""null""","""boat""","""pizza""","""null""","""null""","""null""","""null""","""cabin""","""olives""","""null""","""null""","""null""","""null""","""left""","""right""","""null""","""null""","""null""","""null""","""sail""","""peppers""","""null""","""null""","""null""","""null""","""right""","""middle""","""null""","""null""","""null""","""null""","""kb1b""","0"
"Describing Objects","Short and fun! A 1-2 minute word game about describing simple objects. Only one HIT per worker.","experiment, psychology, game, language, cognition, linguistics, description","$0.25","Fri Aug 08 09:12:36 PDT 2014","152","0","0","152","Reviewable","NotReviewed","1 scales","600","60000","Fri Aug 15 09:12:36 PDT 2014","S29197","Approved","","""friend""","""hat""","0","""middle""","""left""","-1","3","0","13","0","0","-1","-1","""TRUE""","""null""","""null""","-1","-1","-1","-1","-1","-1","""a man with a mustache""","2","""not sure, describing faces""","""no ""","0","""keyboard""","""target""","""null""","""null""","""null""","""null""","""null""","TRUE","""null""","""null""","""null""","""null""","""friend""","""friend""","""null""","""null""","""null""","""null""","""hat""","""glasses""","""null""","""null""","""null""","""null""","""middle""","""right""","""null""","""null""","""null""","""null""","""mustache""","""mustache""","""null""","""null""","""null""","""null""","""left""","""middle""","""null""","""null""","""null""","""null""","""kb1b""","0"
"Describing Objects","Short and fun! A 1-2 minute word game about describing simple objects. Only one HIT per worker.","experiment, psychology, game, language, cognition, linguistics, description","$0.25","Fri Aug 08 09:12:36 PDT 2014","152","0","0","152","Reviewable","NotReviewed","1 scales","600","60000","Fri Aug 15 09:12:36 PDT 2014","S54871","Approved","","""sundae""","""whipped cream""","0","""middle""","""right""","-1","3","0","13","0","0","-1","-1","""TRUE""","""null""","""null""","-1","-1","-1","-1","-1","-1","""chocolate""","2","""Communication""","""None""","0","""keyboard""","""target""","""null""","""null""","""null""","""null""","""null""","TRUE","""null""","""null""","""null""","""null""","""sundae""","""boat""","""null""","""null""","""null""","""null""","""whipped cream""","""cabin""","""null""","""null""","""null""","""null""","""middle""","""middle""","""null""","""null""","""null""","""null""","""chocolate""","""sail""","""null""","""null""","""null""","""null""","""right""","""right""","""null""","""null""","""null""","""null""","""kb1b""","0"
"Describing Objects","Short and fun! A 1-2 minute word game about describing simple objects. Only one HIT per worker.","experiment, psychology, game, language, cognition, linguistics, description","$0.25","Fri Aug 08 09:12:36 PDT 2014","152","0","0","152","Reviewable","NotReviewed","1 scales","600","60000","Fri Aug 15 09:12:36 PDT 2014","S77457","Approved","","""sundae""","""whipped cream""","0","""left""","""right""","-1","3","0","13","0","0","-1","-1","""TRUE""","""null""","""null""","-1","-1","-1","-1","-1","-1","""a cherry""","2","""no idea""","""no""","0","""keyboard""","""target""","""null""","""null""","""null""","""null""","""null""","TRUE","""null""","""null""","""null""","""null""","""sundae""","""snowman""","""null""","""null""","""null""","""null""","""whipped cream""","""mittens""","""null""","""null""","""null""","""null""","""left""","""right""","""null""","""null""","""null""","""null""","""cherry""","""hat""","""null""","""null""","""null""","""null""","""right""","""middle""","""null""","""null""","""null""","""null""","""kb1b""","0"
"Describing Objects","Short and fun! A 1-2 minute word game about describing simple objects. Only one HIT per worker.","experiment, psychology, game, language, cognition, linguistics, description","$0.25","Fri Aug 08 09:12:36 PDT 2014","152","0","0","152","Reviewable","NotReviewed","1 scales","600","60000","Fri Aug 15 09:12:36 PDT 2014","S60292","Approved","","""pizza""","""peppers""","0","""left""","""right""","-1","3","0","13","0","0","-1","-1","""TRUE""","""null""","""null""","-1","-1","-1","-1","-1","-1","""green peppers and olives.""","2","""describing pizza and christmas trees""","""none""","0","""keyboard""","""target""","""null""","""null""","""null""","""null""","""null""","TRUE","""null""","""null""","""null""","""null""","""pizza""","""Christmas tree""","""null""","""null""","""null""","""null""","""peppers""","""ornaments""","""null""","""null""","""null""","""null""","""left""","""middle""","""null""","""null""","""null""","""null""","""olives""","""lights""","""null""","""null""","""null""","""null""","""right""","""left""","""null""","""null""","""null""","""null""","""kb1b""","1"
"Describing Objects","Short and fun! A 1-2 minute word game about describing simple objects. Only one HIT per worker.","experiment, psychology, game, language, cognition, linguistics, description","$0.25","Fri Aug 08 09:12:36 PDT 2014","152","0","0","152","Reviewable","NotReviewed","1 scales","600","60000","Fri Aug 15 09:12:36 PDT 2014","S37129","Approved","","""pizza""","""peppers""","0","""middle""","""right""","-1","3","0","13","0","0","-1","-1","""TRUE""","""null""","""null""","-1","-1","-1","-1","-1","-1","""cheese, peppers, & mushrooms""","2","""Communicating a description of an object""","""""","0","""keyboard""","""target""","""null""","""null""","""null""","""null""","""null""","TRUE","""null""","""null""","""null""","""null""","""pizza""","""friend""","""null""","""null""","""null""","""null""","""peppers""","""mustache""","""null""","""null""","""null""","""null""","""middle""","""middle""","""null""","""null""","""null""","""null""","""mushrooms""","""glasses""","""null""","""null""","""null""","""null""","""right""","""right""","""null""","""null""","""null""","""null""","""kb1b""","1"
"Describing Objects","Short and fun! A 1-2 minute word game about describing simple objects. Only one HIT per worker.","experiment, psychology, game, language, cognition, linguistics, description","$0.25","Fri Aug 08 09:12:36 PDT 2014","152","0","0","152","Reviewable","NotReviewed","1 scales","600","60000","Fri Aug 15 09:12:36 PDT 2014","S26960","Approved","","""friend""","""mustache""","0","""left""","""right""","-1","3","0","13","0","0","-1","-1","""TRUE""","""null""","""null""","-1","-1","-1","-1","-1","-1","""bright yellow face, moustache, and brown hat""","2","""Describing objects""","""nope""","0","""keyboard""","""target""","""null""","""null""","""null""","""null""","""null""","TRUE","""null""","""null""","""null""","""null""","""friend""","""pizza""","""null""","""null""","""null""","""null""","""mustache""","""olives""","""null""","""null""","""null""","""null""","""left""","""left""","""null""","""null""","""null""","""null""","""hat""","""mushrooms""","""null""","""null""","""null""","""null""","""right""","""middle""","""null""","""null""","""null""","""null""","""kb1b""","1"
"Describing Objects","Short and fun! A 1-2 minute word game about describing simple objects. Only one HIT per worker.","experiment, psychology, game, language, cognition, linguistics, description","$0.25","Fri Aug 08 09:12:36 PDT 2014","152","0","0","152","Reviewable","NotReviewed","1 scales","600","60000","Fri Aug 15 09:12:36 PDT 2014","S96473","Approved","","""boat""","""motor""","0","""left""","""middle""","-1","3","0","13","0","0","-1","-1","""TRUE""","""null""","""null""","-1","-1","-1","-1","-1","-1","""a motor and a canopy""","2","""describing a selection""","""""","0","""keyboard""","""target""","""null""","""null""","""null""","""null""","""null""","TRUE","""null""","""null""","""null""","""null""","""boat""","""Christmas tree""","""null""","""null""","""null""","""null""","""motor""","""star""","""null""","""null""","""null""","""null""","""left""","""middle""","""null""","""null""","""null""","""null""","""cabin""","""lights""","""null""","""null""","""null""","""null""","""middle""","""left""","""null""","""null""","""null""","""null""","""kb1b""","1"
"Describing Objects","Short and fun! A 1-2 minute word game about describing simple objects. Only one HIT per worker.","experiment, psychology, game, language, cognition, linguistics, description","$0.25","Fri Aug 08 09:12:36 PDT 2014","152","0","0","152","Reviewable","NotReviewed","1 scales","600","60000","Fri Aug 15 09:12:36 PDT 2014","S15158","Approved","","""boat""","""sail""","0","""right""","""middle""","-1","3","0","13","0","0","-1","-1","""TRUE""","""null""","""null""","-1","-1","-1","-1","-1","-1","""a cabin""","2","""words""","""""","0","""keyboard""","""target""","""null""","""null""","""null""","""null""","""null""","TRUE","""null""","""null""","""null""","""null""","""boat""","""sundae""","""null""","""null""","""null""","""null""","""sail""","""chocolate""","""null""","""null""","""null""","""null""","""right""","""middle""","""null""","""null""","""null""","""null""","""cabin""","""cherry""","""null""","""null""","""null""","""null""","""middle""","""left""","""null""","""null""","""null""","""null""","""kb1b""","0"
"Describing Objects","Short and fun! A 1-2 minute word game about describing simple objects. Only one HIT per worker.","experiment, psychology, game, language, cognition, linguistics, description","$0.25","Fri Aug 08 09:12:36 PDT 2014","152","0","0","152","Reviewable","NotReviewed","1 scales","600","60000","Fri Aug 15 09:12:36 PDT 2014","S07239","Approved","","""friend""","""hat""","0","""middle""","""right""","-1","3","0","13","0","0","-1","-1","""TRUE""","""null""","""null""","-1","-1","-1","-1","-1","-1","""The picture has a grey mustache and a brown hat.""","2","""Describing pictures to another worker.""","""No comments""","0","""keyboard""","""target""","""null""","""null""","""null""","""null""","""null""","TRUE","""null""","""null""","""null""","""null""","""friend""","""snowman""","""null""","""null""","""null""","""null""","""hat""","""scarf""","""null""","""null""","""null""","""null""","""middle""","""middle""","""null""","""null""","""null""","""null""","""mustache""","""hat""","""null""","""null""","""null""","""null""","""right""","""right""","""null""","""null""","""null""","""null""","""kb1b""","1"
"Describing Objects","Short and fun! A 1-2 minute word game about describing simple objects. Only one HIT per worker.","experiment, psychology, game, language, cognition, linguistics, description","$0.25","Fri Aug 08 09:12:36 PDT 2014","152","0","0","152","Reviewable","NotReviewed","1 scales","600","60000","Fri Aug 15 09:12:36 PDT 2014","S66299","Approved","","""snowman""","""scarf""","0","""middle""","""right""","-1","3","0","13","0","0","-1","-1","""TRUE""","""null""","""null""","-1","-1","-1","-1","-1","-1","""gloves""","2","""Describing an object so someone can pick out of a group and picking out of a group from someone's description.""","""""","0","""keyboard""","""target""","""null""","""null""","""null""","""null""","""null""","TRUE","""null""","""null""","""null""","""null""","""snowman""","""snowman""","""null""","""null""","""null""","""null""","""scarf""","""hat""","""null""","""null""","""null""","""null""","""middle""","""left""","""null""","""null""","""null""","""null""","""mittens""","""mittens""","""null""","""null""","""null""","""null""","""right""","""right""","""null""","""null""","""null""","""null""","""kb1b""","0"
"Describing Objects","Short and fun! A 1-2 minute word game about describing simple objects. Only one HIT per worker.","experiment, psychology, game, language, cognition, linguistics, description","$0.25","Fri Aug 08 09:12:36 PDT 2014","152","0","0","152","Reviewable","NotReviewed","1 scales","600","60000","Fri Aug 15 09:12:36 PDT 2014","S36639","Approved","","""snowman""","""scarf""","0","""left""","""middle""","-1","3","0","13","0","0","-1","-1","""TRUE""","""null""","""null""","-1","-1","-1","-1","-1","-1","""c""","2","""Guessing which one Bob used based on vague word description""","""""","0","""keyboard""","""logical""","""null""","""null""","""null""","""null""","""null""","FALSE","""null""","""null""","""null""","""null""","""snowman""","""boat""","""null""","""null""","""null""","""null""","""scarf""","""sail""","""null""","""null""","""null""","""null""","""left""","""right""","""null""","""null""","""null""","""null""","""mittens""","""motor""","""null""","""null""","""null""","""null""","""middle""","""left""","""null""","""null""","""null""","""null""","""kb1b""","NA"
"Describing Objects","Short and fun! A 1-2 minute word game about describing simple objects. Only one HIT per worker.","experiment, psychology, game, language, cognition, linguistics, description","$0.25","Fri Aug 08 09:12:36 PDT 2014","152","0","0","152","Reviewable","NotReviewed","1 scales","600","60000","Fri Aug 15 09:12:36 PDT 2014","S75566","Approved","","""sundae""","""whipped cream""","0","""middle""","""left""","-1","3","0","13","0","0","-1","-1","""TRUE""","""null""","""null""","-1","-1","-1","-1","-1","-1","""the cherry and whip cream.""","2","""The survey was about looking at three images and describing one with enough  detail for another person to be able to distinguish that one out of the three. In the second question you were given a description and had to choose the image that was best represented by that description.""","""""","0","""keyboard""","""target""","""null""","""null""","""null""","""null""","""null""","TRUE","""null""","""null""","""null""","""null""","""sundae""","""snowman""","""null""","""null""","""null""","""null""","""whipped cream""","""scarf""","""null""","""null""","""null""","""null""","""middle""","""left""","""null""","""null""","""null""","""null""","""cherry""","""hat""","""null""","""null""","""null""","""null""","""left""","""right""","""null""","""null""","""null""","""null""","""kb1b""","1"
"Describing Objects","Short and fun! A 1-2 minute word game about describing simple objects. Only one HIT per worker.","experiment, psychology, game, language, cognition, linguistics, description","$0.25","Fri Aug 08 09:12:36 PDT 2014","152","0","0","152","Reviewable","NotReviewed","1 scales","600","60000","Fri Aug 15 09:12:36 PDT 2014","S75169","Approved","","""Christmas tree""","""star""","0","""left""","""middle""","-1","3","0","13","0","0","-1","-1","""TRUE""","""null""","""null""","-1","-1","-1","-1","-1","-1","""lights.""","2","""communication""","""""","0","""keyboard""","""target""","""null""","""null""","""null""","""null""","""null""","TRUE","""null""","""null""","""null""","""null""","""Christmas tree""","""snowman""","""null""","""null""","""null""","""null""","""star""","""scarf""","""null""","""null""","""null""","""null""","""left""","""middle""","""null""","""null""","""null""","""null""","""lights""","""hat""","""null""","""null""","""null""","""null""","""middle""","""right""","""null""","""null""","""null""","""null""","""kb1b""","0"
"Describing Objects","Short and fun! A 1-2 minute word game about describing simple objects. Only one HIT per worker.","experiment, psychology, game, language, cognition, linguistics, description","$0.25","Fri Aug 08 09:12:36 PDT 2014","152","0","0","152","Reviewable","NotReviewed","1 scales","600","60000","Fri Aug 15 09:12:36 PDT 2014","S75122","Approved","","""friend""","""glasses""","0","""middle""","""right""","-1","3","0","13","0","0","-1","-1","""TRUE""","""null""","""null""","-1","-1","-1","-1","-1","-1","""Mustache & Glasses""","2","""Communicating to others visual descriptions ""","""""","0","""keyboard""","""target""","""null""","""null""","""null""","""null""","""null""","TRUE","""null""","""null""","""null""","""null""","""friend""","""sundae""","""null""","""null""","""null""","""null""","""glasses""","""chocolate""","""null""","""null""","""null""","""null""","""middle""","""left""","""null""","""null""","""null""","""null""","""mustache""","""cherry""","""null""","""null""","""null""","""null""","""right""","""right""","""null""","""null""","""null""","""null""","""kb1b""","1"
"Describing Objects","Short and fun! A 1-2 minute word game about describing simple objects. Only one HIT per worker.","experiment, psychology, game, language, cognition, linguistics, description","$0.25","Fri Aug 08 09:12:36 PDT 2014","152","0","0","152","Reviewable","NotReviewed","1 scales","600","60000","Fri Aug 15 09:12:36 PDT 2014","S05562","Approved","","""snowman""","""scarf""","0","""right""","""middle""","-1","3","0","13","0","0","-1","-1","""FALSE""","""null""","""null""","-1","-1","-1","-1","-1","-1","""a scarf and gloves.""","2","""communication of sufficient descriptions""","""""","0","""keyboard""","""target""","""null""","""null""","""null""","""null""","""null""","TRUE","""null""","""null""","""null""","""null""","""snowman""","""Christmas tree""","""null""","""null""","""null""","""null""","""scarf""","""lights""","""null""","""null""","""null""","""null""","""right""","""middle""","""null""","""null""","""null""","""null""","""mittens""","""star""","""null""","""null""","""null""","""null""","""middle""","""right""","""null""","""null""","""null""","""null""","""kb1b""","1"
"Describing Objects","Short and fun! A 1-2 minute word game about describing simple objects. Only one HIT per worker.","experiment, psychology, game, language, cognition, linguistics, description","$0.25","Fri Aug 08 09:12:36 PDT 2014","152","0","0","152","Reviewable","NotReviewed","1 scales","600","60000","Fri Aug 15 09:12:36 PDT 2014","S67508","Approved","","""sundae""","""whipped cream""","0","""middle""","""left""","-1","3","0","13","0","0","-1","-1","""TRUE""","""null""","""null""","-1","-1","-1","-1","-1","-1",""" whipped cream and a cherry.""","2","""how people describe objects""","""no""","0","""keyboard""","""target""","""null""","""null""","""null""","""null""","""null""","TRUE","""null""","""null""","""null""","""null""","""sundae""","""Christmas tree""","""null""","""null""","""null""","""null""","""whipped cream""","""star""","""null""","""null""","""null""","""null""","""middle""","""right""","""null""","""null""","""null""","""null""","""cherry""","""lights""","""null""","""null""","""null""","""null""","""left""","""left""","""null""","""null""","""null""","""null""","""kb1b""","1"
"Describing Objects","Short and fun! A 1-2 minute word game about describing simple objects. Only one HIT per worker.","experiment, psychology, game, language, cognition, linguistics, description","$0.25","Fri Aug 08 09:12:36 PDT 2014","152","0","0","152","Reviewable","NotReviewed","1 scales","600","60000","Fri Aug 15 09:12:36 PDT 2014","S33773","Approved","","""Christmas tree""","""lights""","0","""right""","""middle""","-1","3","0","13","0","0","-1","-1","""TRUE""","""null""","""null""","-1","-1","-1","-1","-1","-1","""dark green leaves w/ both lights & ornaments""","2","""if we would understand what the turker was talking about""","""In the Who did you meet? line, Hal is on the next line, making it confusing as to which selection bubble belongs to which name (I thought Bob's bubble was Hal's at first).""","0","""keyboard""","""target""","""null""","""null""","""null""","""null""","""null""","TRUE","""null""","""null""","""null""","""null""","""Christmas tree""","""boat""","""null""","""null""","""null""","""null""","""lights""","""motor""","""null""","""null""","""null""","""null""","""right""","""right""","""null""","""null""","""null""","""null""","""ornaments""","""sail""","""null""","""null""","""null""","""null""","""middle""","""middle""","""null""","""null""","""null""","""null""","""kb1b""","1"
"Describing Objects","Short and fun! A 1-2 minute word game about describing simple objects. Only one HIT per worker.","experiment, psychology, game, language, cognition, linguistics, description","$0.25","Fri Aug 08 09:12:36 PDT 2014","152","0","0","152","Reviewable","NotReviewed","1 scales","600","60000","Fri Aug 15 09:12:36 PDT 2014","S85522","Approved","","""friend""","""mustache""","0","""middle""","""right""","-1","3","0","13","0","0","-1","-1","""TRUE""","""null""","""null""","-1","-1","-1","-1","-1","-1","""The friend has glasses.""","2","""Communicating with other people through messages""","""No""","0","""keyboard""","""target""","""null""","""null""","""null""","""null""","""null""","TRUE","""null""","""null""","""null""","""null""","""friend""","""sundae""","""null""","""null""","""null""","""null""","""mustache""","""cherry""","""null""","""null""","""null""","""null""","""middle""","""right""","""null""","""null""","""null""","""null""","""glasses""","""whipped cream""","""null""","""null""","""null""","""null""","""right""","""left""","""null""","""null""","""null""","""null""","""kb1b""","0"
"Describing Objects","Short and fun! A 1-2 minute word game about describing simple objects. Only one HIT per worker.","experiment, psychology, game, language, cognition, linguistics, description","$0.25","Fri Aug 08 09:12:36 PDT 2014","152","0","0","152","Reviewable","NotReviewed","1 scales","600","60000","Fri Aug 15 09:12:36 PDT 2014","S85641","Approved","","""sundae""","""whipped cream""","0","""middle""","""left""","-1","3","0","13","0","0","-1","-1","""FALSE""","""null""","""null""","-1","-1","-1","-1","-1","-1","""3 scoops of icecream, choc topping, 2 whipped cream topping""","2","""How people describe the same things.""","""I forgot the person's name. Sorry. ""","0","""keyboard""","""target""","""null""","""null""","""null""","""null""","""null""","TRUE","""null""","""null""","""null""","""null""","""sundae""","""Christmas tree""","""null""","""null""","""null""","""null""","""whipped cream""","""lights""","""null""","""null""","""null""","""null""","""middle""","""middle""","""null""","""null""","""null""","""null""","""chocolate""","""star""","""null""","""null""","""null""","""null""","""left""","""right""","""null""","""null""","""null""","""null""","""kb1b""","1"
"Describing Objects","Short and fun! A 1-2 minute word game about describing simple objects. Only one HIT per worker.","experiment, psychology, game, language, cognition, linguistics, description","$0.25","Fri Aug 08 09:12:36 PDT 2014","152","0","0","152","Reviewable","NotReviewed","1 scales","600","60000","Fri Aug 15 09:12:36 PDT 2014","S84787","Approved","","""Christmas tree""","""lights""","0","""middle""","""right""","-1","3","0","13","0","0","-1","-1","""TRUE""","""null""","""null""","-1","-1","-1","-1","-1","-1","""star""","2","""describing object""","""""","0","""keyboard""","""target""","""null""","""null""","""null""","""null""","""null""","TRUE","""null""","""null""","""null""","""null""","""Christmas tree""","""sundae""","""null""","""null""","""null""","""null""","""lights""","""cherry""","""null""","""null""","""null""","""null""","""middle""","""middle""","""null""","""null""","""null""","""null""","""star""","""chocolate""","""null""","""null""","""null""","""null""","""right""","""right""","""null""","""null""","""null""","""null""","""kb1b""","0"
"Describing Objects","Short and fun! A 1-2 minute word game about describing simple objects. Only one HIT per worker.","experiment, psychology, game, language, cognition, linguistics, description","$0.25","Fri Aug 08 09:12:36 PDT 2014","152","0","0","152","Reviewable","NotReviewed","1 scales","600","60000","Fri Aug 15 09:12:36 PDT 2014","S43548","Approved","","""boat""","""motor""","0","""middle""","""left""","-1","3","0","13","0","0","-1","-1","""TRUE""","""null""","""null""","-1","-1","-1","-1","-1","-1","""the boat with the sail""","2","""language""","""no""","0","""keyboard""","""target""","""null""","""null""","""null""","""null""","""null""","TRUE","""null""","""null""","""null""","""null""","""boat""","""pizza""","""null""","""null""","""null""","""null""","""motor""","""olives""","""null""","""null""","""null""","""null""","""middle""","""left""","""null""","""null""","""null""","""null""","""sail""","""peppers""","""null""","""null""","""null""","""null""","""left""","""middle""","""null""","""null""","""null""","""null""","""kb1b""","0"
"Describing Objects","Short and fun! A 1-2 minute word game about describing simple objects. Only one HIT per worker.","experiment, psychology, game, language, cognition, linguistics, description","$0.25","Fri Aug 08 09:12:36 PDT 2014","152","0","0","152","Reviewable","NotReviewed","1 scales","600","60000","Fri Aug 15 09:12:36 PDT 2014","S71897","Approved","","""Christmas tree""","""ornaments""","0","""left""","""right""","-1","3","0","13","0","0","-1","-1","""TRUE""","""null""","""null""","-1","-1","-1","-1","-1","-1","""star""","2","""NO IDEA""","""""","0","""keyboard""","""target""","""null""","""null""","""null""","""null""","""null""","TRUE","""null""","""null""","""null""","""null""","""Christmas tree""","""sundae""","""null""","""null""","""null""","""null""","""ornaments""","""whipped cream""","""null""","""null""","""null""","""null""","""left""","""right""","""null""","""null""","""null""","""null""","""star""","""chocolate""","""null""","""null""","""null""","""null""","""right""","""left""","""null""","""null""","""null""","""null""","""kb1b""","0"
"Describing Objects","Short and fun! A 1-2 minute word game about describing simple objects. Only one HIT per worker.","experiment, psychology, game, language, cognition, linguistics, description","$0.25","Fri Aug 08 09:12:36 PDT 2014","152","0","0","152","Reviewable","NotReviewed","1 scales","600","60000","Fri Aug 15 09:12:36 PDT 2014","S07253","Approved","","""sundae""","""chocolate""","0","""middle""","""right""","-1","3","0","13","0","0","-1","-1","""TRUE""","""null""","""null""","-1","-1","-1","-1","-1","-1","""whipped cream""","2","""descriptions""","""no""","0","""keyboard""","""target""","""null""","""null""","""null""","""null""","""null""","TRUE","""null""","""null""","""null""","""null""","""sundae""","""Christmas tree""","""null""","""null""","""null""","""null""","""chocolate""","""star""","""null""","""null""","""null""","""null""","""middle""","""right""","""null""","""null""","""null""","""null""","""whipped cream""","""lights""","""null""","""null""","""null""","""null""","""right""","""middle""","""null""","""null""","""null""","""null""","""kb1b""","0"
"Describing Objects","Short and fun! A 1-2 minute word game about describing simple objects. Only one HIT per worker.","experiment, psychology, game, language, cognition, linguistics, description","$0.25","Fri Aug 08 09:12:36 PDT 2014","152","0","0","152","Reviewable","NotReviewed","1 scales","600","60000","Fri Aug 15 09:12:36 PDT 2014","S22214","Approved","","""boat""","""cabin""","0","""left""","""right""","-1","3","0","13","0","0","-1","-1","""TRUE""","""null""","""null""","-1","-1","-1","-1","-1","-1","""the boat has one giant sail, two portholes, and a wheelhouse.""","2","""Describing images in ways to allow others to identify that image. ""","""""","0","""keyboard""","""target""","""null""","""null""","""null""","""null""","""null""","TRUE","""null""","""null""","""null""","""null""","""boat""","""pizza""","""null""","""null""","""null""","""null""","""cabin""","""mushrooms""","""null""","""null""","""null""","""null""","""left""","""middle""","""null""","""null""","""null""","""null""","""sail""","""peppers""","""null""","""null""","""null""","""null""","""right""","""left""","""null""","""null""","""null""","""null""","""kb1b""","1"
"Describing Objects","Short and fun! A 1-2 minute word game about describing simple objects. Only one HIT per worker.","experiment, psychology, game, language, cognition, linguistics, description","$0.25","Fri Aug 08 09:12:36 PDT 2014","152","0","0","152","Reviewable","NotReviewed","1 scales","600","60000","Fri Aug 15 09:12:36 PDT 2014","S03350","Approved","","""friend""","""mustache""","0","""left""","""right""","-1","3","0","13","0","0","-1","-1","""FALSE""","""null""","""null""","-1","-1","-1","-1","-1","-1","""glasses""","2","""Facial descriptions and perceptions""","""Sorry if I didn't get the memory check right! ""","0","""keyboard""","""target""","""null""","""null""","""null""","""null""","""null""","TRUE","""null""","""null""","""null""","""null""","""friend""","""friend""","""null""","""null""","""null""","""null""","""mustache""","""mustache""","""null""","""null""","""null""","""null""","""left""","""right""","""null""","""null""","""null""","""null""","""glasses""","""hat""","""null""","""null""","""null""","""null""","""right""","""middle""","""null""","""null""","""null""","""null""","""kb1b""","0"
"Describing Objects","Short and fun! A 1-2 minute word game about describing simple objects. Only one HIT per worker.","experiment, psychology, game, language, cognition, linguistics, description","$0.25","Fri Aug 08 09:12:36 PDT 2014","152","0","0","152","Reviewable","NotReviewed","1 scales","600","60000","Fri Aug 15 09:12:36 PDT 2014","S35999","Approved","","""Christmas tree""","""ornaments""","0","""right""","""left""","-1","3","0","13","0","0","-1","-1","""TRUE""","""null""","""null""","-1","-1","-1","-1","-1","-1","""strings of lights.""","2","""What details we use in describing images.""","""""","0","""keyboard""","""target""","""null""","""null""","""null""","""null""","""null""","TRUE","""null""","""null""","""null""","""null""","""Christmas tree""","""snowman""","""null""","""null""","""null""","""null""","""ornaments""","""mittens""","""null""","""null""","""null""","""null""","""right""","""left""","""null""","""null""","""null""","""null""","""lights""","""scarf""","""null""","""null""","""null""","""null""","""left""","""right""","""null""","""null""","""null""","""null""","""kb1b""","0"
"Describing Objects","Short and fun! A 1-2 minute word game about describing simple objects. Only one HIT per worker.","experiment, psychology, game, language, cognition, linguistics, description","$0.25","Fri Aug 08 09:12:36 PDT 2014","152","0","0","152","Reviewable","NotReviewed","1 scales","600","60000","Fri Aug 15 09:12:36 PDT 2014","S67679","Approved","","""sundae""","""chocolate""","0","""left""","""middle""","-1","3","0","13","0","0","-1","-1","""TRUE""","""null""","""null""","-1","-1","-1","-1","-1","-1","""a cherry""","2","""ice cream recognition""","""nope""","0","""keyboard""","""target""","""null""","""null""","""null""","""null""","""null""","TRUE","""null""","""null""","""null""","""null""","""sundae""","""sundae""","""null""","""null""","""null""","""null""","""chocolate""","""whipped cream""","""null""","""null""","""null""","""null""","""left""","""middle""","""null""","""null""","""null""","""null""","""cherry""","""cherry""","""null""","""null""","""null""","""null""","""middle""","""right""","""null""","""null""","""null""","""null""","""kb1b""","0"
"Describing Objects","Short and fun! A 1-2 minute word game about describing simple objects. Only one HIT per worker.","experiment, psychology, game, language, cognition, linguistics, description","$0.25","Fri Aug 08 09:12:36 PDT 2014","152","0","0","152","Reviewable","NotReviewed","1 scales","600","60000","Fri Aug 15 09:12:36 PDT 2014","S45678","Approved","","""snowman""","""hat""","0","""left""","""middle""","-1","3","0","13","0","0","-1","-1","""TRUE""","""null""","""null""","-1","-1","-1","-1","-1","-1","""It's the one with gloves.""","2","""Describing Objects""","""""","0","""keyboard""","""target""","""null""","""null""","""null""","""null""","""null""","TRUE","""null""","""null""","""null""","""null""","""snowman""","""pizza""","""null""","""null""","""null""","""null""","""hat""","""olives""","""null""","""null""","""null""","""null""","""left""","""middle""","""null""","""null""","""null""","""null""","""mittens""","""mushrooms""","""null""","""null""","""null""","""null""","""middle""","""left""","""null""","""null""","""null""","""null""","""kb1b""","0"
"Describing Objects","Short and fun! A 1-2 minute word game about describing simple objects. Only one HIT per worker.","experiment, psychology, game, language, cognition, linguistics, description","$0.25","Fri Aug 08 09:12:36 PDT 2014","152","0","0","152","Reviewable","NotReviewed","1 scales","600","60000","Fri Aug 15 09:12:36 PDT 2014","S97573","Approved","","""Christmas tree""","""ornaments""","0","""middle""","""right""","-1","3","0","13","0","0","-1","-1","""FALSE""","""null""","""null""","-1","-1","-1","-1","-1","-1","""lights.""","2","""Identification of images [of trees] using short descriptions""","""no""","0","""keyboard""","""target""","""null""","""null""","""null""","""null""","""null""","TRUE","""null""","""null""","""null""","""null""","""Christmas tree""","""Christmas tree""","""null""","""null""","""null""","""null""","""ornaments""","""ornaments""","""null""","""null""","""null""","""null""","""middle""","""middle""","""null""","""null""","""null""","""null""","""lights""","""star""","""null""","""null""","""null""","""null""","""right""","""right""","""null""","""null""","""null""","""null""","""kb1b""","0"
"Describing Objects","Short and fun! A 1-2 minute word game about describing simple objects. Only one HIT per worker.","experiment, psychology, game, language, cognition, linguistics, description","$0.25","Fri Aug 08 09:12:36 PDT 2014","152","0","0","152","Reviewable","NotReviewed","1 scales","600","60000","Fri Aug 15 09:12:36 PDT 2014","S22397","Approved","","""snowman""","""scarf""","0","""middle""","""left""","-1","3","0","13","0","0","-1","-1","""TRUE""","""null""","""null""","-1","-1","-1","-1","-1","-1","""the hat and a scarf.""","2","""Something about what's implied with minimal words""","""None, thanks!""","0","""keyboard""","""target""","""null""","""null""","""null""","""null""","""null""","TRUE","""null""","""null""","""null""","""null""","""snowman""","""friend""","""null""","""null""","""null""","""null""","""scarf""","""hat""","""null""","""null""","""null""","""null""","""middle""","""left""","""null""","""null""","""null""","""null""","""hat""","""glasses""","""null""","""null""","""null""","""null""","""left""","""right""","""null""","""null""","""null""","""null""","""kb1b""","1"
"Describing Objects","Short and fun! A 1-2 minute word game about describing simple objects. Only one HIT per worker.","experiment, psychology, game, language, cognition, linguistics, description","$0.25","Fri Aug 08 09:12:36 PDT 2014","152","0","0","152","Reviewable","NotReviewed","1 scales","600","60000","Fri Aug 15 09:12:36 PDT 2014","S77399","Approved","","""friend""","""mustache""","0","""middle""","""left""","-1","3","0","13","0","0","-1","-1","""TRUE""","""null""","""null""","-1","-1","-1","-1","-1","-1","""My guy has glasses and a moustache.""","2","""Describing objects""","""""","0","""keyboard""","""target""","""null""","""null""","""null""","""null""","""null""","TRUE","""null""","""null""","""null""","""null""","""friend""","""pizza""","""null""","""null""","""null""","""null""","""mustache""","""mushrooms""","""null""","""null""","""null""","""null""","""middle""","""middle""","""null""","""null""","""null""","""null""","""glasses""","""olives""","""null""","""null""","""null""","""null""","""left""","""right""","""null""","""null""","""null""","""null""","""kb1b""","1"
"Describing Objects","Short and fun! A 1-2 minute word game about describing simple objects. Only one HIT per worker.","experiment, psychology, game, language, cognition, linguistics, description","$0.25","Fri Aug 08 09:12:36 PDT 2014","152","0","0","152","Reviewable","NotReviewed","1 scales","600","60000","Fri Aug 15 09:12:36 PDT 2014","S04404","Approved","","""snowman""","""scarf""","0","""left""","""middle""","-1","3","0","13","0","0","-1","-1","""TRUE""","""null""","""null""","-1","-1","-1","-1","-1","-1","""the gloves""","2","""snowmen and pizza""","""""","0","""keyboard""","""target""","""null""","""null""","""null""","""null""","""null""","TRUE","""null""","""null""","""null""","""null""","""snowman""","""pizza""","""null""","""null""","""null""","""null""","""scarf""","""olives""","""null""","""null""","""null""","""null""","""left""","""middle""","""null""","""null""","""null""","""null""","""mittens""","""peppers""","""null""","""null""","""null""","""null""","""middle""","""right""","""null""","""null""","""null""","""null""","""kb1b""","0"
"Describing Objects","Short and fun! A 1-2 minute word game about describing simple objects. Only one HIT per worker.","experiment, psychology, game, language, cognition, linguistics, description","$0.25","Fri Aug 08 09:12:36 PDT 2014","152","0","0","152","Reviewable","NotReviewed","1 scales","600","60000","Fri Aug 15 09:12:36 PDT 2014","S90061","Approved","","""sundae""","""chocolate""","0","""left""","""right""","-1","3","0","13","0","0","-1","-1","""TRUE""","""null""","""null""","-1","-1","-1","-1","-1","-1","""it is a sund•À_ with chocolate syrup and a cherry.""","2","""how we make decisions with limited info""","""""","0","""keyboard""","""target""","""null""","""null""","""null""","""null""","""null""","TRUE","""null""","""null""","""null""","""null""","""sundae""","""pizza""","""null""","""null""","""null""","""null""","""chocolate""","""olives""","""null""","""null""","""null""","""null""","""left""","""left""","""null""","""null""","""null""","""null""","""cherry""","""peppers""","""null""","""null""","""null""","""null""","""right""","""middle""","""null""","""null""","""null""","""null""","""kb1b""","1"
"Describing Objects","Short and fun! A 1-2 minute word game about describing simple objects. Only one HIT per worker.","experiment, psychology, game, language, cognition, linguistics, description","$0.25","Fri Aug 08 09:12:36 PDT 2014","152","0","0","152","Reviewable","NotReviewed","1 scales","600","60000","Fri Aug 15 09:12:36 PDT 2014","S71039","Approved","","""pizza""","""olives""","0","""middle""","""right""","-1","3","0","13","0","0","-1","-1","""TRUE""","""null""","""null""","-1","-1","-1","-1","-1","-1","""onions""","2","""Making a sentence to convey to another turker and deciding what I think in the opposite situation.""","""N/A Thanks!""","0","""keyboard""","""logical""","""null""","""null""","""null""","""null""","""null""","FALSE","""null""","""null""","""null""","""null""","""pizza""","""sundae""","""null""","""null""","""null""","""null""","""olives""","""cherry""","""null""","""null""","""null""","""null""","""middle""","""middle""","""null""","""null""","""null""","""null""","""peppers""","""chocolate""","""null""","""null""","""null""","""null""","""right""","""right""","""null""","""null""","""null""","""null""","""kb1b""","0"
"Describing Objects","Short and fun! A 1-2 minute word game about describing simple objects. Only one HIT per worker.","experiment, psychology, game, language, cognition, linguistics, description","$0.25","Fri Aug 08 09:12:36 PDT 2014","152","0","0","152","Reviewable","NotReviewed","1 scales","600","60000","Fri Aug 15 09:12:36 PDT 2014","S57074","Approved","","""friend""","""mustache""","0","""right""","""middle""","-1","3","0","13","0","0","-1","-1","""TRUE""","""null""","""null""","-1","-1","-1","-1","-1","-1","""the brown hat.""","2","""describing objects""","""Great HIT!""","0","""keyboard""","""target""","""null""","""null""","""null""","""null""","""null""","TRUE","""null""","""null""","""null""","""null""","""friend""","""Christmas tree""","""null""","""null""","""null""","""null""","""mustache""","""ornaments""","""null""","""null""","""null""","""null""","""right""","""middle""","""null""","""null""","""null""","""null""","""hat""","""lights""","""null""","""null""","""null""","""null""","""middle""","""right""","""null""","""null""","""null""","""null""","""kb1b""","0"
"Describing Objects","Short and fun! A 1-2 minute word game about describing simple objects. Only one HIT per worker.","experiment, psychology, game, language, cognition, linguistics, description","$0.25","Fri Aug 08 09:12:36 PDT 2014","152","0","0","152","Reviewable","NotReviewed","1 scales","600","60000","Fri Aug 15 09:12:36 PDT 2014","S73739","Approved","","""sundae""","""cherry""","0","""middle""","""left""","-1","3","0","13","0","0","-1","-1","""TRUE""","""null""","""null""","-1","-1","-1","-1","-1","-1","""chocolate on it.""","2","""How we associate words with objects and characteristics.""","""No.""","0","""keyboard""","""target""","""null""","""null""","""null""","""null""","""null""","TRUE","""null""","""null""","""null""","""null""","""sundae""","""friend""","""null""","""null""","""null""","""null""","""cherry""","""glasses""","""null""","""null""","""null""","""null""","""middle""","""middle""","""null""","""null""","""null""","""null""","""chocolate""","""hat""","""null""","""null""","""null""","""null""","""left""","""right""","""null""","""null""","""null""","""null""","""kb1b""","0"
"Describing Objects","Short and fun! A 1-2 minute word game about describing simple objects. Only one HIT per worker.","experiment, psychology, game, language, cognition, linguistics, description","$0.25","Fri Aug 08 09:12:36 PDT 2014","152","0","0","152","Reviewable","NotReviewed","1 scales","600","60000","Fri Aug 15 09:12:36 PDT 2014","S51955","Approved","","""pizza""","""peppers""","0","""right""","""middle""","-1","3","0","13","0","0","-1","-1","""TRUE""","""null""","""null""","-1","-1","-1","-1","-1","-1","""mushrooms and peppers.""","2","""following directions.""","""thanks!""","0","""keyboard""","""target""","""null""","""null""","""null""","""null""","""null""","TRUE","""null""","""null""","""null""","""null""","""pizza""","""friend""","""null""","""null""","""null""","""null""","""peppers""","""hat""","""null""","""null""","""null""","""null""","""right""","""middle""","""null""","""null""","""null""","""null""","""mushrooms""","""glasses""","""null""","""null""","""null""","""null""","""middle""","""left""","""null""","""null""","""null""","""null""","""kb1b""","1"
"Describing Objects","Short and fun! A 1-2 minute word game about describing simple objects. Only one HIT per worker.","experiment, psychology, game, language, cognition, linguistics, description","$0.25","Fri Aug 08 09:12:36 PDT 2014","152","0","0","152","Reviewable","NotReviewed","1 scales","600","60000","Fri Aug 15 09:12:36 PDT 2014","S13600","Approved","","""snowman""","""mittens""","0","""left""","""right""","-1","3","0","13","0","0","-1","-1","""TRUE""","""null""","""null""","-1","-1","-1","-1","-1","-1","""a red scarf.""","2","""Identifying images based on keywords.""","""""","0","""keyboard""","""target""","""null""","""null""","""null""","""null""","""null""","TRUE","""null""","""null""","""null""","""null""","""snowman""","""sundae""","""null""","""null""","""null""","""null""","""mittens""","""whipped cream""","""null""","""null""","""null""","""null""","""left""","""right""","""null""","""null""","""null""","""null""","""scarf""","""cherry""","""null""","""null""","""null""","""null""","""right""","""left""","""null""","""null""","""null""","""null""","""kb1b""","0"
"Describing Objects","Short and fun! A 1-2 minute word game about describing simple objects. Only one HIT per worker.","experiment, psychology, game, language, cognition, linguistics, description","$0.25","Fri Aug 08 09:12:36 PDT 2014","152","0","0","152","Reviewable","NotReviewed","1 scales","600","60000","Fri Aug 15 09:12:36 PDT 2014","S00531","Approved","","""friend""","""hat""","0","""middle""","""right""","-1","3","0","13","0","0","-1","-1","""TRUE""","""null""","""null""","-1","-1","-1","-1","-1","-1","""he wears glasses and a hat.""","2","""Object perception.""","""""","0","""keyboard""","""target""","""null""","""null""","""null""","""null""","""null""","TRUE","""null""","""null""","""null""","""null""","""friend""","""pizza""","""null""","""null""","""null""","""null""","""hat""","""peppers""","""null""","""null""","""null""","""null""","""middle""","""left""","""null""","""null""","""null""","""null""","""glasses""","""olives""","""null""","""null""","""null""","""null""","""right""","""middle""","""null""","""null""","""null""","""null""","""kb1b""","1"
"Describing Objects","Short and fun! A 1-2 minute word game about describing simple objects. Only one HIT per worker.","experiment, psychology, game, language, cognition, linguistics, description","$0.25","Fri Aug 08 09:12:36 PDT 2014","152","0","0","152","Reviewable","NotReviewed","1 scales","600","60000","Fri Aug 15 09:12:36 PDT 2014","S74223","Approved","","""sundae""","""chocolate""","0","""middle""","""left""","-1","3","0","13","0","0","-1","-1","""TRUE""","""null""","""null""","-1","-1","-1","-1","-1","-1","""whipped cream and chocolate""","2","""Sundaes""","""""","0","""keyboard""","""target""","""null""","""null""","""null""","""null""","""null""","TRUE","""null""","""null""","""null""","""null""","""sundae""","""sundae""","""null""","""null""","""null""","""null""","""chocolate""","""cherry""","""null""","""null""","""null""","""null""","""middle""","""left""","""null""","""null""","""null""","""null""","""whipped cream""","""chocolate""","""null""","""null""","""null""","""null""","""left""","""middle""","""null""","""null""","""null""","""null""","""kb1b""","1"
"Describing Objects","Short and fun! A 1-2 minute word game about describing simple objects. Only one HIT per worker.","experiment, psychology, game, language, cognition, linguistics, description","$0.25","Fri Aug 08 09:12:36 PDT 2014","152","0","0","152","Reviewable","NotReviewed","1 scales","600","60000","Fri Aug 15 09:12:36 PDT 2014","S29071","Approved","","""Christmas tree""","""star""","0","""right""","""middle""","-1","3","0","13","0","0","-1","-1","""TRUE""","""null""","""null""","-1","-1","-1","-1","-1","-1","""lights.""","2","""Describing which object was involved in the task.""","""No""","0","""keyboard""","""target""","""null""","""null""","""null""","""null""","""null""","TRUE","""null""","""null""","""null""","""null""","""Christmas tree""","""pizza""","""null""","""null""","""null""","""null""","""star""","""peppers""","""null""","""null""","""null""","""null""","""right""","""right""","""null""","""null""","""null""","""null""","""lights""","""mushrooms""","""null""","""null""","""null""","""null""","""middle""","""middle""","""null""","""null""","""null""","""null""","""kb1b""","0"
