"title","description","keywords","reward","creationtime","assignments","numavailable","numpending","numcomplete","hitstatus","reviewstatus","annotation","assignmentduration","autoapprovaldelay","hitlifetime","workerid","assignmentstatus","deadline","Answer.item","Answer.target_property","Answer.target_frequency","Answer.target_position","Answer.distractor_position","Answer.familiarization_cond","Answer.participant_response_type_condition","Answer.participant_feature_count_condition","Answer.linguistic_framing_condition","Answer.target_filler_sequence_condition","Answer.question_type_condition","Answer.manip_check_target","Answer.manip_check_dist","Answer.name_check_correct","Answer.choice","Answer.choice_correct","Answer.money_allocated_to_foil","Answer.money_allocated_to_target","Answer.money_allocated_to_logical","Answer.Likert_value_foil","Answer.Likert_value_target","Answer.Likert_value_logical","Answer.keyboard","Answer.features_in_referent_to_describe","Answer.position_to_describe","Answer.about","Answer.comment","Answer.familiarization_present_in_study","Answer.choice_1","Answer.choice_2","Answer.choice_3","Answer.choice_4","Answer.choice_5","Answer.choice_6","Answer.choice_correct_1","Answer.choice_correct_2","Answer.choice_correct_3","Answer.choice_correct_4","Answer.choice_correct_5","Answer.choice_correct_6","Answer.item_1","Answer.item_2","Answer.item_3","Answer.item_4","Answer.item_5","Answer.item_6","Answer.target_prop_1","Answer.target_prop_2","Answer.target_prop_3","Answer.target_prop_4","Answer.target_prop_5","Answer.target_prop_6","Answer.target_position_1","Answer.target_position_2","Answer.target_position_3","Answer.target_position_4","Answer.target_position_5","Answer.target_position_6","Answer.distractor_prop_1","Answer.distractor_prop_2","Answer.distractor_prop_3","Answer.distractor_prop_4","Answer.distractor_prop_5","Answer.distractor_prop_6","Answer.distractor_position_1","Answer.distractor_position_2","Answer.distractor_position_3","Answer.distractor_position_4","Answer.distractor_position_5","Answer.distractor_position_6","Answer.sequence_condition","Answer.overspec","Answer.targetcorrect","Experiment.type"
"Describing Objects","Short and fun! A 1-2 minute word game about describing simple objects. Only one HIT per worker.","experiment, psychology, game, language, cognition, linguistics, description","$0.25","Mon Aug 11 20:53:08 PDT 2014","151","0","0","151","Reviewable","NotReviewed","1 scales","600","60000","Mon Aug 18 20:53:08 PDT 2014","S54452","Approved","","""snowman""","""hat""","0","""left""","""right""","-1","3","0","13","0","0","-1","-1","""TRUE""","""null""","""null""","-1","-1","-1","-1","-1","-1","""no hat or scarf.""","0","""middle""","""Conveying meaning""","""n/a""","0","""keyboard""","""target""","""null""","""null""","""null""","""null""","""null""","TRUE","""null""","""null""","""null""","""null""","""snowman""","""sundae""","""null""","""null""","""null""","""null""","""hat""","""cherry""","""null""","""null""","""null""","""null""","""left""","""right""","""null""","""null""","""null""","""null""","""mittens""","""cherry""","""null""","""null""","""null""","""null""","""right""","""left""","""null""","""null""","""null""","""null""","""kb1b""","1","1","Virtual keyboard"
"Describing Objects","Short and fun! A 1-2 minute word game about describing simple objects. Only one HIT per worker.","experiment, psychology, game, language, cognition, linguistics, description","$0.25","Mon Aug 11 20:53:08 PDT 2014","151","0","0","151","Reviewable","NotReviewed","1 scales","600","60000","Mon Aug 18 20:53:08 PDT 2014","S30534","Approved","","""pizza""","""mushrooms""","0","""middle""","""right""","-1","3","0","13","0","0","-1","-1","""TRUE""","""null""","""null""","-1","-1","-1","-1","-1","-1","""most cloudy""","0","""left""","""People being able to help each other find an image out of 3 possible""","""Thanks!""","0","""keyboard""","""logical""","""null""","""null""","""null""","""null""","""null""","FALSE","""null""","""null""","""null""","""null""","""pizza""","""sundae""","""null""","""null""","""null""","""null""","""mushrooms""","""chocolate""","""null""","""null""","""null""","""null""","""middle""","""left""","""null""","""null""","""null""","""null""","""peppers""","""chocolate""","""null""","""null""","""null""","""null""","""right""","""middle""","""null""","""null""","""null""","""null""","""kb1b""","NA","0","Virtual keyboard"
"Describing Objects","Short and fun! A 1-2 minute word game about describing simple objects. Only one HIT per worker.","experiment, psychology, game, language, cognition, linguistics, description","$0.25","Mon Aug 11 20:53:08 PDT 2014","151","0","0","151","Reviewable","NotReviewed","1 scales","600","60000","Mon Aug 18 20:53:08 PDT 2014","S29890","Approved","","""snowman""","""scarf""","0","""left""","""right""","-1","3","0","13","0","0","-1","-1","""FALSE""","""null""","""null""","-1","-1","-1","-1","-1","-1","""without a scarf""","0","""middle""","""Describing an object to another Turker and having them describe an object to me and I selecting the best fitting object""","""The other turker used the word Sail which I took to mean \""No Sail\"" as simply say sail would leave two boats to choose from. ""","0","""keyboard""","""foil""","""null""","""null""","""null""","""null""","""null""","FALSE","""null""","""null""","""null""","""null""","""snowman""","""boat""","""null""","""null""","""null""","""null""","""scarf""","""sail""","""null""","""null""","""null""","""null""","""left""","""middle""","""null""","""null""","""null""","""null""","""mittens""","""sail""","""null""","""null""","""null""","""null""","""right""","""left""","""null""","""null""","""null""","""null""","""kb1b""","0","0","Virtual keyboard"
"Describing Objects","Short and fun! A 1-2 minute word game about describing simple objects. Only one HIT per worker.","experiment, psychology, game, language, cognition, linguistics, description","$0.25","Mon Aug 11 20:53:08 PDT 2014","151","0","0","151","Reviewable","NotReviewed","1 scales","600","60000","Mon Aug 18 20:53:08 PDT 2014","S50694","Approved","","""friend""","""hat""","0","""middle""","""right""","-1","3","0","13","0","0","-1","-1","""TRUE""","""null""","""null""","-1","-1","-1","-1","-1","-1","""glasses no hat""","0","""left""","""describing images""","""no comments""","0","""keyboard""","""target""","""null""","""null""","""null""","""null""","""null""","TRUE","""null""","""null""","""null""","""null""","""friend""","""snowman""","""null""","""null""","""null""","""null""","""hat""","""scarf""","""null""","""null""","""null""","""null""","""middle""","""middle""","""null""","""null""","""null""","""null""","""glasses""","""scarf""","""null""","""null""","""null""","""null""","""right""","""left""","""null""","""null""","""null""","""null""","""kb1b""","1","1","Virtual keyboard"
"Describing Objects","Short and fun! A 1-2 minute word game about describing simple objects. Only one HIT per worker.","experiment, psychology, game, language, cognition, linguistics, description","$0.25","Mon Aug 11 20:53:08 PDT 2014","151","0","0","151","Reviewable","NotReviewed","1 scales","600","60000","Mon Aug 18 20:53:08 PDT 2014","S90115","Approved","","""pizza""","""peppers""","0","""middle""","""right""","-1","3","0","13","0","0","-1","-1","""TRUE""","""null""","""null""","-1","-1","-1","-1","-1","-1","""mushrooms.""","0","""left""","""Describing objects and how closely we pay attention to detail""","""""","0","""keyboard""","""target""","""null""","""null""","""null""","""null""","""null""","TRUE","""null""","""null""","""null""","""null""","""pizza""","""snowman""","""null""","""null""","""null""","""null""","""peppers""","""scarf""","""null""","""null""","""null""","""null""","""middle""","""right""","""null""","""null""","""null""","""null""","""mushrooms""","""scarf""","""null""","""null""","""null""","""null""","""right""","""left""","""null""","""null""","""null""","""null""","""kb1b""","0","1","Virtual keyboard"
"Describing Objects","Short and fun! A 1-2 minute word game about describing simple objects. Only one HIT per worker.","experiment, psychology, game, language, cognition, linguistics, description","$0.25","Mon Aug 11 20:53:08 PDT 2014","151","0","0","151","Reviewable","NotReviewed","1 scales","600","60000","Mon Aug 18 20:53:08 PDT 2014","S36566","Approved","","""pizza""","""mushrooms""","0","""left""","""right""","-1","3","0","13","0","0","-1","-1","""TRUE""","""null""","""null""","-1","-1","-1","-1","-1","-1","""...green peppers and cheese, not mushrooms or olives.""","0","""middle""","""How we communicate distinctions between similar objects""","""""","0","""keyboard""","""target""","""null""","""null""","""null""","""null""","""null""","TRUE","""null""","""null""","""null""","""null""","""pizza""","""friend""","""null""","""null""","""null""","""null""","""mushrooms""","""mustache""","""null""","""null""","""null""","""null""","""left""","""left""","""null""","""null""","""null""","""null""","""peppers""","""mustache""","""null""","""null""","""null""","""null""","""right""","""middle""","""null""","""null""","""null""","""null""","""kb1b""","1","1","Virtual keyboard"
"Describing Objects","Short and fun! A 1-2 minute word game about describing simple objects. Only one HIT per worker.","experiment, psychology, game, language, cognition, linguistics, description","$0.25","Mon Aug 11 20:53:08 PDT 2014","151","0","0","151","Reviewable","NotReviewed","1 scales","600","60000","Mon Aug 18 20:53:08 PDT 2014","S76532","Approved","","""Christmas tree""","""lights""","0","""left""","""right""","-1","3","0","13","0","0","-1","-1","""TRUE""","""null""","""null""","-1","-1","-1","-1","-1","-1","""lightless""","0","""middle""","""helping someone figure out which image you are talking about""","""thx""","0","""keyboard""","""target""","""null""","""null""","""null""","""null""","""null""","TRUE","""null""","""null""","""null""","""null""","""Christmas tree""","""sundae""","""null""","""null""","""null""","""null""","""lights""","""chocolate""","""null""","""null""","""null""","""null""","""left""","""middle""","""null""","""null""","""null""","""null""","""star""","""chocolate""","""null""","""null""","""null""","""null""","""right""","""left""","""null""","""null""","""null""","""null""","""kb1b""","NA","1","Virtual keyboard"
"Describing Objects","Short and fun! A 1-2 minute word game about describing simple objects. Only one HIT per worker.","experiment, psychology, game, language, cognition, linguistics, description","$0.25","Mon Aug 11 20:53:08 PDT 2014","151","0","0","151","Reviewable","NotReviewed","1 scales","600","60000","Mon Aug 18 20:53:08 PDT 2014","S54164","Approved","","""snowman""","""mittens""","0","""middle""","""right""","-1","3","0","13","0","0","-1","-1","""TRUE""","""null""","""null""","-1","-1","-1","-1","-1","-1","""Pick the snowman that is wearing neither a hat nor mittens""","0","""left""","""How different people communicate""","""""","0","""keyboard""","""target""","""null""","""null""","""null""","""null""","""null""","TRUE","""null""","""null""","""null""","""null""","""snowman""","""friend""","""null""","""null""","""null""","""null""","""mittens""","""mustache""","""null""","""null""","""null""","""null""","""middle""","""middle""","""null""","""null""","""null""","""null""","""scarf""","""mustache""","""null""","""null""","""null""","""null""","""right""","""right""","""null""","""null""","""null""","""null""","""kb1b""","1","1","Virtual keyboard"
"Describing Objects","Short and fun! A 1-2 minute word game about describing simple objects. Only one HIT per worker.","experiment, psychology, game, language, cognition, linguistics, description","$0.25","Mon Aug 11 20:53:08 PDT 2014","151","0","0","151","Reviewable","NotReviewed","1 scales","600","60000","Mon Aug 18 20:53:08 PDT 2014","S52796","Approved","","""Christmas tree""","""lights""","0","""left""","""right""","-1","3","0","13","0","0","-1","-1","""TRUE""","""null""","""null""","-1","-1","-1","-1","-1","-1","""Star, no lights.""","0","""middle""","""Describing Objects""","""""","0","""keyboard""","""foil""","""null""","""null""","""null""","""null""","""null""","FALSE","""null""","""null""","""null""","""null""","""Christmas tree""","""boat""","""null""","""null""","""null""","""null""","""lights""","""sail""","""null""","""null""","""null""","""null""","""left""","""left""","""null""","""null""","""null""","""null""","""star""","""sail""","""null""","""null""","""null""","""null""","""right""","""middle""","""null""","""null""","""null""","""null""","""kb1b""","1","0","Virtual keyboard"
"Describing Objects","Short and fun! A 1-2 minute word game about describing simple objects. Only one HIT per worker.","experiment, psychology, game, language, cognition, linguistics, description","$0.25","Mon Aug 11 20:53:08 PDT 2014","151","0","0","151","Reviewable","NotReviewed","1 scales","600","60000","Mon Aug 18 20:53:08 PDT 2014","S60467","Approved","","""boat""","""sail""","0","""left""","""middle""","-1","3","0","13","0","0","-1","-1","""TRUE""","""null""","""null""","-1","-1","-1","-1","-1","-1","""no sail""","0","""right""","""words""","""no""","0","""keyboard""","""target""","""null""","""null""","""null""","""null""","""null""","TRUE","""null""","""null""","""null""","""null""","""boat""","""snowman""","""null""","""null""","""null""","""null""","""sail""","""hat""","""null""","""null""","""null""","""null""","""left""","""left""","""null""","""null""","""null""","""null""","""cabin""","""hat""","""null""","""null""","""null""","""null""","""middle""","""middle""","""null""","""null""","""null""","""null""","""kb1b""","0","1","Virtual keyboard"
"Describing Objects","Short and fun! A 1-2 minute word game about describing simple objects. Only one HIT per worker.","experiment, psychology, game, language, cognition, linguistics, description","$0.25","Mon Aug 11 20:53:08 PDT 2014","151","0","0","151","Reviewable","NotReviewed","1 scales","600","60000","Mon Aug 18 20:53:08 PDT 2014","S44024","Approved","","""pizza""","""olives""","0","""right""","""left""","-1","3","0","13","0","0","-1","-1","""TRUE""","""null""","""null""","-1","-1","-1","-1","-1","-1","""mushrooms only""","0","""middle""","""describing things""","""""","0","""keyboard""","""logical""","""null""","""null""","""null""","""null""","""null""","FALSE","""null""","""null""","""null""","""null""","""pizza""","""boat""","""null""","""null""","""null""","""null""","""olives""","""cabin""","""null""","""null""","""null""","""null""","""right""","""left""","""null""","""null""","""null""","""null""","""mushrooms""","""cabin""","""null""","""null""","""null""","""null""","""left""","""middle""","""null""","""null""","""null""","""null""","""kb1b""","0","0","Virtual keyboard"
"Describing Objects","Short and fun! A 1-2 minute word game about describing simple objects. Only one HIT per worker.","experiment, psychology, game, language, cognition, linguistics, description","$0.25","Mon Aug 11 20:53:08 PDT 2014","151","0","0","151","Reviewable","NotReviewed","1 scales","600","60000","Mon Aug 18 20:53:08 PDT 2014","S93099","Approved","","""snowman""","""hat""","0","""right""","""left""","-1","3","0","13","0","0","-1","-1","""FALSE""","""null""","""null""","-1","-1","-1","-1","-1","-1","""Pick the snowman with no hat and purple gloves.""","0","""middle""","""snowman and conveying messages.""","""""","0","""keyboard""","""target""","""null""","""null""","""null""","""null""","""null""","TRUE","""null""","""null""","""null""","""null""","""snowman""","""friend""","""null""","""null""","""null""","""null""","""hat""","""glasses""","""null""","""null""","""null""","""null""","""right""","""left""","""null""","""null""","""null""","""null""","""mittens""","""glasses""","""null""","""null""","""null""","""null""","""left""","""middle""","""null""","""null""","""null""","""null""","""kb1b""","1","1","Virtual keyboard"
"Describing Objects","Short and fun! A 1-2 minute word game about describing simple objects. Only one HIT per worker.","experiment, psychology, game, language, cognition, linguistics, description","$0.25","Mon Aug 11 20:53:08 PDT 2014","151","0","0","151","Reviewable","NotReviewed","1 scales","600","60000","Mon Aug 18 20:53:08 PDT 2014","S07191","Approved","","""sundae""","""whipped cream""","0","""right""","""middle""","-1","3","0","13","0","0","-1","-1","""TRUE""","""null""","""null""","-1","-1","-1","-1","-1","-1","""the smallest of the 3""","0","""left""","""Describing Ice Cream""","""""","0","""keyboard""","""target""","""null""","""null""","""null""","""null""","""null""","TRUE","""null""","""null""","""null""","""null""","""sundae""","""sundae""","""null""","""null""","""null""","""null""","""whipped cream""","""chocolate""","""null""","""null""","""null""","""null""","""right""","""middle""","""null""","""null""","""null""","""null""","""chocolate""","""chocolate""","""null""","""null""","""null""","""null""","""middle""","""right""","""null""","""null""","""null""","""null""","""kb1b""","NA","1","Virtual keyboard"
"Describing Objects","Short and fun! A 1-2 minute word game about describing simple objects. Only one HIT per worker.","experiment, psychology, game, language, cognition, linguistics, description","$0.25","Mon Aug 11 20:53:08 PDT 2014","151","0","0","151","Reviewable","NotReviewed","1 scales","600","60000","Mon Aug 18 20:53:08 PDT 2014","S61718","Approved","","""boat""","""cabin""","0","""right""","""middle""","-1","3","0","13","0","0","-1","-1","""TRUE""","""null""","""null""","-1","-1","-1","-1","-1","-1","""no cabin""","0","""left""","""descriptions""","""""","0","""keyboard""","""target""","""null""","""null""","""null""","""null""","""null""","TRUE","""null""","""null""","""null""","""null""","""boat""","""Christmas tree""","""null""","""null""","""null""","""null""","""cabin""","""ornaments""","""null""","""null""","""null""","""null""","""right""","""right""","""null""","""null""","""null""","""null""","""sail""","""ornaments""","""null""","""null""","""null""","""null""","""middle""","""left""","""null""","""null""","""null""","""null""","""kb1b""","0","1","Virtual keyboard"
"Describing Objects","Short and fun! A 1-2 minute word game about describing simple objects. Only one HIT per worker.","experiment, psychology, game, language, cognition, linguistics, description","$0.25","Mon Aug 11 20:53:08 PDT 2014","151","0","0","151","Reviewable","NotReviewed","1 scales","600","60000","Mon Aug 18 20:53:08 PDT 2014","S96473","Approved","","""Christmas tree""","""ornaments""","0","""right""","""left""","-1","3","0","13","0","0","-1","-1","""TRUE""","""null""","""null""","-1","-1","-1","-1","-1","-1","""no ornaments  just a star""","0","""middle""","""describing an object""","""""","0","""keyboard""","""target""","""null""","""null""","""null""","""null""","""null""","TRUE","""null""","""null""","""null""","""null""","""Christmas tree""","""Christmas tree""","""null""","""null""","""null""","""null""","""ornaments""","""ornaments""","""null""","""null""","""null""","""null""","""right""","""middle""","""null""","""null""","""null""","""null""","""star""","""ornaments""","""null""","""null""","""null""","""null""","""left""","""left""","""null""","""null""","""null""","""null""","""kb1b""","1","1","Virtual keyboard"
"Describing Objects","Short and fun! A 1-2 minute word game about describing simple objects. Only one HIT per worker.","experiment, psychology, game, language, cognition, linguistics, description","$0.25","Mon Aug 11 20:53:08 PDT 2014","151","0","0","151","Reviewable","NotReviewed","1 scales","600","60000","Mon Aug 18 20:53:08 PDT 2014","S10795","Rejected","","""snowman""","""mittens""","0","""middle""","""right""","-1","3","0","13","0","0","-1","-1","""TRUE""","""null""","""null""","-1","-1","-1","-1","-1","-1","""ddddd""","0","""left""","""n""","""n""","0","""keyboard""","""target""","""null""","""null""","""null""","""null""","""null""","TRUE","""null""","""null""","""null""","""null""","""snowman""","""boat""","""null""","""null""","""null""","""null""","""mittens""","""cabin""","""null""","""null""","""null""","""null""","""middle""","""left""","""null""","""null""","""null""","""null""","""scarf""","""cabin""","""null""","""null""","""null""","""null""","""right""","""right""","""null""","""null""","""null""","""null""","""kb1b""","NA","1","Virtual keyboard"
"Describing Objects","Short and fun! A 1-2 minute word game about describing simple objects. Only one HIT per worker.","experiment, psychology, game, language, cognition, linguistics, description","$0.25","Mon Aug 11 20:53:08 PDT 2014","151","0","0","151","Reviewable","NotReviewed","1 scales","600","60000","Mon Aug 18 20:53:08 PDT 2014","S14943","Approved","","""boat""","""motor""","0","""right""","""left""","-1","3","0","13","0","0","-1","-1","""TRUE""","""null""","""null""","-1","-1","-1","-1","-1","-1","""the bottom that d¥Ë_s not have a motor.""","0","""middle""","""Interpreting language ""","""""","0","""keyboard""","""logical""","""null""","""null""","""null""","""null""","""null""","FALSE","""null""","""null""","""null""","""null""","""boat""","""pizza""","""null""","""null""","""null""","""null""","""motor""","""mushrooms""","""null""","""null""","""null""","""null""","""right""","""left""","""null""","""null""","""null""","""null""","""cabin""","""mushrooms""","""null""","""null""","""null""","""null""","""left""","""right""","""null""","""null""","""null""","""null""","""kb1b""","0","0","Virtual keyboard"
"Describing Objects","Short and fun! A 1-2 minute word game about describing simple objects. Only one HIT per worker.","experiment, psychology, game, language, cognition, linguistics, description","$0.25","Mon Aug 11 20:53:08 PDT 2014","151","0","0","151","Reviewable","NotReviewed","1 scales","600","60000","Mon Aug 18 20:53:08 PDT 2014","S53369","Approved","","""friend""","""hat""","0","""right""","""middle""","-1","3","0","13","0","0","-1","-1","""TRUE""","""null""","""null""","-1","-1","-1","-1","-1","-1","""He's wearing glasses but no hat.""","0","""left""","""Being able to describe something for someone to easily understand""","""""","0","""keyboard""","""logical""","""null""","""null""","""null""","""null""","""null""","FALSE","""null""","""null""","""null""","""null""","""friend""","""Christmas tree""","""null""","""null""","""null""","""null""","""hat""","""lights""","""null""","""null""","""null""","""null""","""right""","""right""","""null""","""null""","""null""","""null""","""glasses""","""lights""","""null""","""null""","""null""","""null""","""middle""","""left""","""null""","""null""","""null""","""null""","""kb1b""","1","0","Virtual keyboard"
"Describing Objects","Short and fun! A 1-2 minute word game about describing simple objects. Only one HIT per worker.","experiment, psychology, game, language, cognition, linguistics, description","$0.25","Mon Aug 11 20:53:08 PDT 2014","151","0","0","151","Reviewable","NotReviewed","1 scales","600","60000","Mon Aug 18 20:53:08 PDT 2014","S66330","Approved","","""friend""","""glasses""","0","""right""","""left""","-1","3","0","13","0","0","-1","-1","""TRUE""","""null""","""null""","-1","-1","-1","-1","-1","-1","""mustache""","0","""middle""","""to help someone else guess which picture you are describing""","""thank you""","0","""keyboard""","""logical""","""null""","""null""","""null""","""null""","""null""","FALSE","""null""","""null""","""null""","""null""","""friend""","""sundae""","""null""","""null""","""null""","""null""","""glasses""","""chocolate""","""null""","""null""","""null""","""null""","""right""","""right""","""null""","""null""","""null""","""null""","""mustache""","""chocolate""","""null""","""null""","""null""","""null""","""left""","""left""","""null""","""null""","""null""","""null""","""kb1b""","0","0","Virtual keyboard"
"Describing Objects","Short and fun! A 1-2 minute word game about describing simple objects. Only one HIT per worker.","experiment, psychology, game, language, cognition, linguistics, description","$0.25","Mon Aug 11 20:53:08 PDT 2014","151","0","0","151","Reviewable","NotReviewed","1 scales","600","60000","Mon Aug 18 20:53:08 PDT 2014","S99983","Approved","","""friend""","""mustache""","0","""right""","""left""","-1","3","0","13","0","0","-1","-1","""TRUE""","""null""","""null""","-1","-1","-1","-1","-1","-1","""a hat""","0","""middle""","""Bob wanting to meet friends and his love for christmas trees aswell as describing objects for other turkers""","""Thank you""","0","""keyboard""","""target""","""null""","""null""","""null""","""null""","""null""","TRUE","""null""","""null""","""null""","""null""","""friend""","""Christmas tree""","""null""","""null""","""null""","""null""","""mustache""","""ornaments""","""null""","""null""","""null""","""null""","""right""","""left""","""null""","""null""","""null""","""null""","""hat""","""ornaments""","""null""","""null""","""null""","""null""","""left""","""middle""","""null""","""null""","""null""","""null""","""kb1b""","0","1","Virtual keyboard"
"Describing Objects","Short and fun! A 1-2 minute word game about describing simple objects. Only one HIT per worker.","experiment, psychology, game, language, cognition, linguistics, description","$0.25","Mon Aug 11 20:53:08 PDT 2014","151","0","0","151","Reviewable","NotReviewed","1 scales","600","60000","Mon Aug 18 20:53:08 PDT 2014","S29635","Approved","","""sundae""","""chocolate""","0","""middle""","""left""","-1","3","0","13","0","0","-1","-1","""TRUE""","""null""","""null""","-1","-1","-1","-1","-1","-1","""only whip cream on top.""","0","""right""","""Communicating about images with other Turkers""","""""","0","""keyboard""","""target""","""null""","""null""","""null""","""null""","""null""","TRUE","""null""","""null""","""null""","""null""","""sundae""","""friend""","""null""","""null""","""null""","""null""","""chocolate""","""hat""","""null""","""null""","""null""","""null""","""middle""","""right""","""null""","""null""","""null""","""null""","""whipped cream""","""hat""","""null""","""null""","""null""","""null""","""left""","""middle""","""null""","""null""","""null""","""null""","""kb1b""","0","1","Virtual keyboard"
"Describing Objects","Short and fun! A 1-2 minute word game about describing simple objects. Only one HIT per worker.","experiment, psychology, game, language, cognition, linguistics, description","$0.25","Mon Aug 11 20:53:08 PDT 2014","151","0","0","151","Reviewable","NotReviewed","1 scales","600","60000","Mon Aug 18 20:53:08 PDT 2014","S77045","Approved","","""sundae""","""chocolate""","0","""left""","""middle""","-1","3","0","13","0","0","-1","-1","""TRUE""","""null""","""null""","-1","-1","-1","-1","-1","-1","""It only has whipped cream.""","0","""right""","""I honestly have no idea. Maybe seeing how people would describe something to others?""","""""","0","""keyboard""","""logical""","""null""","""null""","""null""","""null""","""null""","FALSE","""null""","""null""","""null""","""null""","""sundae""","""Christmas tree""","""null""","""null""","""null""","""null""","""chocolate""","""ornaments""","""null""","""null""","""null""","""null""","""left""","""middle""","""null""","""null""","""null""","""null""","""whipped cream""","""ornaments""","""null""","""null""","""null""","""null""","""middle""","""right""","""null""","""null""","""null""","""null""","""kb1b""","0","0","Virtual keyboard"
"Describing Objects","Short and fun! A 1-2 minute word game about describing simple objects. Only one HIT per worker.","experiment, psychology, game, language, cognition, linguistics, description","$0.25","Mon Aug 11 20:53:08 PDT 2014","151","0","0","151","Reviewable","NotReviewed","1 scales","600","60000","Mon Aug 18 20:53:08 PDT 2014","S07612","Approved","","""boat""","""sail""","0","""left""","""middle""","-1","3","0","13","0","0","-1","-1","""TRUE""","""null""","""null""","-1","-1","-1","-1","-1","-1","""no mast.""","0","""right""","""Trying to use key words to indicate a certain boat, and to pick a sundae based on one word.""","""""","0","""keyboard""","""target""","""null""","""null""","""null""","""null""","""null""","TRUE","""null""","""null""","""null""","""null""","""boat""","""sundae""","""null""","""null""","""null""","""null""","""sail""","""chocolate""","""null""","""null""","""null""","""null""","""left""","""middle""","""null""","""null""","""null""","""null""","""motor""","""chocolate""","""null""","""null""","""null""","""null""","""middle""","""right""","""null""","""null""","""null""","""null""","""kb1b""","0","1","Virtual keyboard"
"Describing Objects","Short and fun! A 1-2 minute word game about describing simple objects. Only one HIT per worker.","experiment, psychology, game, language, cognition, linguistics, description","$0.25","Mon Aug 11 20:53:08 PDT 2014","151","0","0","151","Reviewable","NotReviewed","1 scales","600","60000","Mon Aug 18 20:53:08 PDT 2014","S37531","Approved","","""friend""","""mustache""","0","""left""","""right""","-1","3","0","13","0","0","-1","-1","""FALSE""","""null""","""null""","-1","-1","-1","-1","-1","-1","""a pale average male with hipster glasses""","0","""middle""","""descriptions""","""nope""","0","""keyboard""","""logical""","""null""","""null""","""null""","""null""","""null""","FALSE","""null""","""null""","""null""","""null""","""friend""","""sundae""","""null""","""null""","""null""","""null""","""mustache""","""whipped cream""","""null""","""null""","""null""","""null""","""left""","""left""","""null""","""null""","""null""","""null""","""glasses""","""whipped cream""","""null""","""null""","""null""","""null""","""right""","""right""","""null""","""null""","""null""","""null""","""kb1b""","1","0","Virtual keyboard"
"Describing Objects","Short and fun! A 1-2 minute word game about describing simple objects. Only one HIT per worker.","experiment, psychology, game, language, cognition, linguistics, description","$0.25","Mon Aug 11 20:53:08 PDT 2014","151","0","0","151","Reviewable","NotReviewed","1 scales","600","60000","Mon Aug 18 20:53:08 PDT 2014","S05149","Approved","","""sundae""","""chocolate""","0","""left""","""right""","-1","3","0","13","0","0","-1","-1","""TRUE""","""null""","""null""","-1","-1","-1","-1","-1","-1","""whip cream and hot fudge""","0","""middle""","""Descriptive sentences""","""thanks""","0","""keyboard""","""logical""","""null""","""null""","""null""","""null""","""null""","FALSE","""null""","""null""","""null""","""null""","""sundae""","""snowman""","""null""","""null""","""null""","""null""","""chocolate""","""mittens""","""null""","""null""","""null""","""null""","""left""","""right""","""null""","""null""","""null""","""null""","""cherry""","""mittens""","""null""","""null""","""null""","""null""","""right""","""middle""","""null""","""null""","""null""","""null""","""kb1b""","1","0","Virtual keyboard"
"Describing Objects","Short and fun! A 1-2 minute word game about describing simple objects. Only one HIT per worker.","experiment, psychology, game, language, cognition, linguistics, description","$0.25","Mon Aug 11 20:53:08 PDT 2014","151","0","0","151","Reviewable","NotReviewed","1 scales","600","60000","Mon Aug 18 20:53:08 PDT 2014","S43375","Approved","","""snowman""","""mittens""","0","""middle""","""right""","-1","3","0","13","0","0","-1","-1","""TRUE""","""null""","""null""","-1","-1","-1","-1","-1","-1","""the green hat only.""","0","""left""","""communication""","""""","0","""keyboard""","""logical""","""null""","""null""","""null""","""null""","""null""","FALSE","""null""","""null""","""null""","""null""","""snowman""","""sundae""","""null""","""null""","""null""","""null""","""mittens""","""chocolate""","""null""","""null""","""null""","""null""","""middle""","""middle""","""null""","""null""","""null""","""null""","""hat""","""chocolate""","""null""","""null""","""null""","""null""","""right""","""right""","""null""","""null""","""null""","""null""","""kb1b""","0","0","Virtual keyboard"
"Describing Objects","Short and fun! A 1-2 minute word game about describing simple objects. Only one HIT per worker.","experiment, psychology, game, language, cognition, linguistics, description","$0.25","Mon Aug 11 20:53:08 PDT 2014","151","0","0","151","Reviewable","NotReviewed","1 scales","600","60000","Mon Aug 18 20:53:08 PDT 2014","S70079","Approved","","""friend""","""glasses""","0","""right""","""middle""","-1","3","0","13","0","0","-1","-1","""FALSE""","""null""","""null""","-1","-1","-1","-1","-1","-1","""just a mustache.""","0","""left""","""Describing which out of three similar pictures you're talking about.""","""Very interesting!""","0","""keyboard""","""logical""","""null""","""null""","""null""","""null""","""null""","FALSE","""null""","""null""","""null""","""null""","""friend""","""sundae""","""null""","""null""","""null""","""null""","""glasses""","""cherry""","""null""","""null""","""null""","""null""","""right""","""right""","""null""","""null""","""null""","""null""","""mustache""","""cherry""","""null""","""null""","""null""","""null""","""middle""","""left""","""null""","""null""","""null""","""null""","""kb1b""","0","0","Virtual keyboard"
"Describing Objects","Short and fun! A 1-2 minute word game about describing simple objects. Only one HIT per worker.","experiment, psychology, game, language, cognition, linguistics, description","$0.25","Mon Aug 11 20:53:08 PDT 2014","151","0","0","151","Reviewable","NotReviewed","1 scales","600","60000","Mon Aug 18 20:53:08 PDT 2014","S69852","Approved","","""pizza""","""olives""","0","""right""","""middle""","-1","3","0","13","0","0","-1","-1","""TRUE""","""null""","""null""","-1","-1","-1","-1","-1","-1","""only peppers""","0","""left""","""Picking IMages""","""none""","0","""keyboard""","""target""","""null""","""null""","""null""","""null""","""null""","TRUE","""null""","""null""","""null""","""null""","""pizza""","""boat""","""null""","""null""","""null""","""null""","""olives""","""sail""","""null""","""null""","""null""","""null""","""right""","""right""","""null""","""null""","""null""","""null""","""peppers""","""sail""","""null""","""null""","""null""","""null""","""middle""","""middle""","""null""","""null""","""null""","""null""","""kb1b""","0","1","Virtual keyboard"
"Describing Objects","Short and fun! A 1-2 minute word game about describing simple objects. Only one HIT per worker.","experiment, psychology, game, language, cognition, linguistics, description","$0.25","Mon Aug 11 20:53:08 PDT 2014","151","0","0","151","Reviewable","NotReviewed","1 scales","600","60000","Mon Aug 18 20:53:08 PDT 2014","S78588","Approved","","""friend""","""glasses""","0","""left""","""right""","-1","3","0","13","0","0","-1","-1","""TRUE""","""null""","""null""","-1","-1","-1","-1","-1","-1","""a mustache only.""","0","""middle""","""describing items so another person will know what you are describing""","""""","0","""keyboard""","""logical""","""null""","""null""","""null""","""null""","""null""","FALSE","""null""","""null""","""null""","""null""","""friend""","""pizza""","""null""","""null""","""null""","""null""","""glasses""","""olives""","""null""","""null""","""null""","""null""","""left""","""right""","""null""","""null""","""null""","""null""","""mustache""","""olives""","""null""","""null""","""null""","""null""","""right""","""middle""","""null""","""null""","""null""","""null""","""kb1b""","0","0","Virtual keyboard"
"Describing Objects","Short and fun! A 1-2 minute word game about describing simple objects. Only one HIT per worker.","experiment, psychology, game, language, cognition, linguistics, description","$0.25","Mon Aug 11 20:53:08 PDT 2014","151","0","0","151","Reviewable","NotReviewed","1 scales","600","60000","Mon Aug 18 20:53:08 PDT 2014","S33218","Approved","","""snowman""","""hat""","0","""middle""","""left""","-1","3","0","13","0","0","-1","-1","""TRUE""","""null""","""null""","-1","-1","-1","-1","-1","-1","""the scarf but no hat.""","0","""right""","""I think how people communicate with each other regarding options""","""n/a""","0","""keyboard""","""logical""","""null""","""null""","""null""","""null""","""null""","FALSE","""null""","""null""","""null""","""null""","""snowman""","""Christmas tree""","""null""","""null""","""null""","""null""","""hat""","""lights""","""null""","""null""","""null""","""null""","""middle""","""left""","""null""","""null""","""null""","""null""","""scarf""","""lights""","""null""","""null""","""null""","""null""","""left""","""right""","""null""","""null""","""null""","""null""","""kb1b""","1","0","Virtual keyboard"
"Describing Objects","Short and fun! A 1-2 minute word game about describing simple objects. Only one HIT per worker.","experiment, psychology, game, language, cognition, linguistics, description","$0.25","Mon Aug 11 20:53:08 PDT 2014","151","0","0","151","Reviewable","NotReviewed","1 scales","600","60000","Mon Aug 18 20:53:08 PDT 2014","S10128","Approved","","""friend""","""mustache""","0","""middle""","""right""","-1","3","0","13","0","0","-1","-1","""FALSE""","""null""","""null""","-1","-1","-1","-1","-1","-1","""glasses and no  facial hair""","0","""left""","""Describing Pictures""","""no""","0","""keyboard""","""target""","""null""","""null""","""null""","""null""","""null""","TRUE","""null""","""null""","""null""","""null""","""friend""","""snowman""","""null""","""null""","""null""","""null""","""mustache""","""hat""","""null""","""null""","""null""","""null""","""middle""","""left""","""null""","""null""","""null""","""null""","""glasses""","""hat""","""null""","""null""","""null""","""null""","""right""","""right""","""null""","""null""","""null""","""null""","""kb1b""","1","1","Virtual keyboard"
"Describing Objects","Short and fun! A 1-2 minute word game about describing simple objects. Only one HIT per worker.","experiment, psychology, game, language, cognition, linguistics, description","$0.25","Mon Aug 11 20:53:08 PDT 2014","151","0","0","151","Reviewable","NotReviewed","1 scales","600","60000","Mon Aug 18 20:53:08 PDT 2014","S25692","Approved","","""sundae""","""whipped cream""","0","""right""","""middle""","-1","3","0","13","0","0","-1","-1","""FALSE""","""null""","""null""","-1","-1","-1","-1","-1","-1","""a""","0","""left""","""faces""","""none""","0","""keyboard""","""logical""","""null""","""null""","""null""","""null""","""null""","FALSE","""null""","""null""","""null""","""null""","""sundae""","""friend""","""null""","""null""","""null""","""null""","""whipped cream""","""glasses""","""null""","""null""","""null""","""null""","""right""","""right""","""null""","""null""","""null""","""null""","""cherry""","""glasses""","""null""","""null""","""null""","""null""","""middle""","""middle""","""null""","""null""","""null""","""null""","""kb1b""","NA","0","Virtual keyboard"
"Describing Objects","Short and fun! A 1-2 minute word game about describing simple objects. Only one HIT per worker.","experiment, psychology, game, language, cognition, linguistics, description","$0.25","Mon Aug 11 20:53:08 PDT 2014","151","0","0","151","Reviewable","NotReviewed","1 scales","600","60000","Mon Aug 18 20:53:08 PDT 2014","S58686","Approved","","""boat""","""motor""","0","""middle""","""left""","-1","3","0","13","0","0","-1","-1","""FALSE""","""null""","""null""","-1","-1","-1","-1","-1","-1","""the sailboat d¥Ë_s not have an engine.""","0","""right""","""Description of objects/people.""","""Thanks =)""","0","""keyboard""","""target""","""null""","""null""","""null""","""null""","""null""","TRUE","""null""","""null""","""null""","""null""","""boat""","""friend""","""null""","""null""","""null""","""null""","""motor""","""hat""","""null""","""null""","""null""","""null""","""middle""","""right""","""null""","""null""","""null""","""null""","""sail""","""hat""","""null""","""null""","""null""","""null""","""left""","""middle""","""null""","""null""","""null""","""null""","""kb1b""","0","1","Virtual keyboard"
"Describing Objects","Short and fun! A 1-2 minute word game about describing simple objects. Only one HIT per worker.","experiment, psychology, game, language, cognition, linguistics, description","$0.25","Mon Aug 11 20:53:08 PDT 2014","151","0","0","151","Reviewable","NotReviewed","1 scales","600","60000","Mon Aug 18 20:53:08 PDT 2014","S92213","Approved","","""friend""","""mustache""","0","""left""","""right""","-1","3","0","13","0","0","-1","-1","""FALSE""","""null""","""null""","-1","-1","-1","-1","-1","-1","""average j¥Ë_ with glasses""","0","""middle""","""individual perceptions/ remembering names""","""no ""","0","""keyboard""","""target""","""null""","""null""","""null""","""null""","""null""","TRUE","""null""","""null""","""null""","""null""","""friend""","""sundae""","""null""","""null""","""null""","""null""","""mustache""","""cherry""","""null""","""null""","""null""","""null""","""left""","""left""","""null""","""null""","""null""","""null""","""glasses""","""cherry""","""null""","""null""","""null""","""null""","""right""","""right""","""null""","""null""","""null""","""null""","""kb1b""","0","1","Virtual keyboard"
"Describing Objects","Short and fun! A 1-2 minute word game about describing simple objects. Only one HIT per worker.","experiment, psychology, game, language, cognition, linguistics, description","$0.25","Mon Aug 11 20:53:08 PDT 2014","151","0","0","151","Reviewable","NotReviewed","1 scales","600","60000","Mon Aug 18 20:53:08 PDT 2014","S18655","Approved","","""snowman""","""hat""","0","""right""","""middle""","-1","3","0","13","0","0","-1","-1","""TRUE""","""null""","""null""","-1","-1","-1","-1","-1","-1","""A snowman in a green hat and red scarf.""","0","""left""","""It was about three types of snowmen and three types of christmas trees. I was to describe a scpcific snowman to Bob.""","""""","0","""keyboard""","""target""","""null""","""null""","""null""","""null""","""null""","TRUE","""null""","""null""","""null""","""null""","""snowman""","""Christmas tree""","""null""","""null""","""null""","""null""","""hat""","""lights""","""null""","""null""","""null""","""null""","""right""","""right""","""null""","""null""","""null""","""null""","""mittens""","""lights""","""null""","""null""","""null""","""null""","""middle""","""left""","""null""","""null""","""null""","""null""","""kb1b""","1","1","Virtual keyboard"
"Describing Objects","Short and fun! A 1-2 minute word game about describing simple objects. Only one HIT per worker.","experiment, psychology, game, language, cognition, linguistics, description","$0.25","Mon Aug 11 20:53:08 PDT 2014","151","0","0","151","Reviewable","NotReviewed","1 scales","600","60000","Mon Aug 18 20:53:08 PDT 2014","S07562","Approved","","""pizza""","""mushrooms""","0","""middle""","""left""","-1","3","0","13","0","0","-1","-1","""TRUE""","""null""","""null""","-1","-1","-1","-1","-1","-1","""olives only.""","0","""right""","""word choices""","""""","0","""keyboard""","""logical""","""null""","""null""","""null""","""null""","""null""","FALSE","""null""","""null""","""null""","""null""","""pizza""","""boat""","""null""","""null""","""null""","""null""","""mushrooms""","""cabin""","""null""","""null""","""null""","""null""","""middle""","""middle""","""null""","""null""","""null""","""null""","""olives""","""cabin""","""null""","""null""","""null""","""null""","""left""","""left""","""null""","""null""","""null""","""null""","""kb1b""","0","0","Virtual keyboard"
"Describing Objects","Short and fun! A 1-2 minute word game about describing simple objects. Only one HIT per worker.","experiment, psychology, game, language, cognition, linguistics, description","$0.25","Mon Aug 11 20:53:08 PDT 2014","151","0","0","151","Reviewable","NotReviewed","1 scales","600","60000","Mon Aug 18 20:53:08 PDT 2014","S21035","Approved","","""Christmas tree""","""ornaments""","0","""middle""","""right""","-1","3","0","13","0","0","-1","-1","""TRUE""","""null""","""null""","-1","-1","-1","-1","-1","-1","""only   a star""","0","""left""","""communicating""","""no""","0","""keyboard""","""logical""","""null""","""null""","""null""","""null""","""null""","FALSE","""null""","""null""","""null""","""null""","""Christmas tree""","""pizza""","""null""","""null""","""null""","""null""","""ornaments""","""olives""","""null""","""null""","""null""","""null""","""middle""","""middle""","""null""","""null""","""null""","""null""","""star""","""olives""","""null""","""null""","""null""","""null""","""right""","""left""","""null""","""null""","""null""","""null""","""kb1b""","0","0","Virtual keyboard"
"Describing Objects","Short and fun! A 1-2 minute word game about describing simple objects. Only one HIT per worker.","experiment, psychology, game, language, cognition, linguistics, description","$0.25","Mon Aug 11 20:53:08 PDT 2014","151","0","0","151","Reviewable","NotReviewed","1 scales","600","60000","Mon Aug 18 20:53:08 PDT 2014","S40195","Approved","","""snowman""","""mittens""","0","""left""","""middle""","-1","3","0","13","0","0","-1","-1","""FALSE""","""null""","""null""","-1","-1","-1","-1","-1","-1","""green hat no gloves""","0","""right""","""Communication with other turks thru description""","""""","0","""keyboard""","""foil""","""null""","""null""","""null""","""null""","""null""","FALSE","""null""","""null""","""null""","""null""","""snowman""","""friend""","""null""","""null""","""null""","""null""","""mittens""","""mustache""","""null""","""null""","""null""","""null""","""left""","""left""","""null""","""null""","""null""","""null""","""hat""","""mustache""","""null""","""null""","""null""","""null""","""middle""","""middle""","""null""","""null""","""null""","""null""","""kb1b""","1","0","Virtual keyboard"
"Describing Objects","Short and fun! A 1-2 minute word game about describing simple objects. Only one HIT per worker.","experiment, psychology, game, language, cognition, linguistics, description","$0.25","Mon Aug 11 20:53:08 PDT 2014","151","0","0","151","Reviewable","NotReviewed","1 scales","600","60000","Mon Aug 18 20:53:08 PDT 2014","S50994","Approved","","""boat""","""cabin""","0","""middle""","""left""","-1","3","0","13","0","0","-1","-1","""TRUE""","""null""","""null""","-1","-1","-1","-1","-1","-1","""a grey boat with three windows and sails.""","0","""right""","""Choosing the picture that matches""","""""","0","""keyboard""","""logical""","""null""","""null""","""null""","""null""","""null""","FALSE","""null""","""null""","""null""","""null""","""boat""","""Christmas tree""","""null""","""null""","""null""","""null""","""cabin""","""lights""","""null""","""null""","""null""","""null""","""middle""","""left""","""null""","""null""","""null""","""null""","""sail""","""lights""","""null""","""null""","""null""","""null""","""left""","""middle""","""null""","""null""","""null""","""null""","""kb1b""","1","0","Virtual keyboard"
"Describing Objects","Short and fun! A 1-2 minute word game about describing simple objects. Only one HIT per worker.","experiment, psychology, game, language, cognition, linguistics, description","$0.25","Mon Aug 11 20:53:08 PDT 2014","151","0","0","151","Reviewable","NotReviewed","1 scales","600","60000","Mon Aug 18 20:53:08 PDT 2014","S98055","Approved","","""friend""","""glasses""","0","""left""","""middle""","-1","3","0","13","0","0","-1","-1","""TRUE""","""null""","""null""","-1","-1","-1","-1","-1","-1","""a hat and no glasses.""","0","""right""","""Describing people""","""""","0","""keyboard""","""target""","""null""","""null""","""null""","""null""","""null""","TRUE","""null""","""null""","""null""","""null""","""friend""","""friend""","""null""","""null""","""null""","""null""","""glasses""","""hat""","""null""","""null""","""null""","""null""","""left""","""left""","""null""","""null""","""null""","""null""","""hat""","""hat""","""null""","""null""","""null""","""null""","""middle""","""middle""","""null""","""null""","""null""","""null""","""kb1b""","1","1","Virtual keyboard"
"Describing Objects","Short and fun! A 1-2 minute word game about describing simple objects. Only one HIT per worker.","experiment, psychology, game, language, cognition, linguistics, description","$0.25","Mon Aug 11 20:53:08 PDT 2014","151","0","0","151","Reviewable","NotReviewed","1 scales","600","60000","Mon Aug 18 20:53:08 PDT 2014","S19685","Approved","","""pizza""","""olives""","0","""middle""","""left""","-1","3","0","13","0","0","-1","-1","""TRUE""","""null""","""null""","-1","-1","-1","-1","-1","-1","""only green""","0","""right""","""describing objects succintly ""","""""","0","""keyboard""","""logical""","""null""","""null""","""null""","""null""","""null""","FALSE","""null""","""null""","""null""","""null""","""pizza""","""snowman""","""null""","""null""","""null""","""null""","""olives""","""mittens""","""null""","""null""","""null""","""null""","""middle""","""left""","""null""","""null""","""null""","""null""","""peppers""","""mittens""","""null""","""null""","""null""","""null""","""left""","""right""","""null""","""null""","""null""","""null""","""kb1b""","0","0","Virtual keyboard"
"Describing Objects","Short and fun! A 1-2 minute word game about describing simple objects. Only one HIT per worker.","experiment, psychology, game, language, cognition, linguistics, description","$0.25","Mon Aug 11 20:53:08 PDT 2014","151","0","0","151","Reviewable","NotReviewed","1 scales","600","60000","Mon Aug 18 20:53:08 PDT 2014","S64529","Approved","","""friend""","""hat""","0","""left""","""middle""","-1","3","0","13","0","0","-1","-1","""TRUE""","""null""","""null""","-1","-1","-1","-1","-1","-1","""Guy with no hat.""","0","""right""","""Communicating with others""","""""","0","""keyboard""","""foil""","""null""","""null""","""null""","""null""","""null""","FALSE","""null""","""null""","""null""","""null""","""friend""","""pizza""","""null""","""null""","""null""","""null""","""hat""","""peppers""","""null""","""null""","""null""","""null""","""left""","""right""","""null""","""null""","""null""","""null""","""mustache""","""peppers""","""null""","""null""","""null""","""null""","""middle""","""middle""","""null""","""null""","""null""","""null""","""kb1b""","0","0","Virtual keyboard"
"Describing Objects","Short and fun! A 1-2 minute word game about describing simple objects. Only one HIT per worker.","experiment, psychology, game, language, cognition, linguistics, description","$0.25","Mon Aug 11 20:53:08 PDT 2014","151","0","0","151","Reviewable","NotReviewed","1 scales","600","60000","Mon Aug 18 20:53:08 PDT 2014","S86723","Approved","","""friend""","""glasses""","0","""right""","""middle""","-1","3","0","13","0","0","-1","-1","""TRUE""","""null""","""null""","-1","-1","-1","-1","-1","-1","""hat only""","0","""left""","""describing pictures""","""no""","0","""keyboard""","""logical""","""null""","""null""","""null""","""null""","""null""","FALSE","""null""","""null""","""null""","""null""","""friend""","""snowman""","""null""","""null""","""null""","""null""","""glasses""","""scarf""","""null""","""null""","""null""","""null""","""right""","""middle""","""null""","""null""","""null""","""null""","""hat""","""scarf""","""null""","""null""","""null""","""null""","""middle""","""left""","""null""","""null""","""null""","""null""","""kb1b""","0","0","Virtual keyboard"
"Describing Objects","Short and fun! A 1-2 minute word game about describing simple objects. Only one HIT per worker.","experiment, psychology, game, language, cognition, linguistics, description","$0.25","Mon Aug 11 20:53:08 PDT 2014","151","0","0","151","Reviewable","NotReviewed","1 scales","600","60000","Mon Aug 18 20:53:08 PDT 2014","S22714","Approved","","""pizza""","""olives""","0","""left""","""right""","-1","3","0","13","0","0","-1","-1","""TRUE""","""null""","""null""","-1","-1","-1","-1","-1","-1","""mushrooms""","0","""middle""","""describing pictures to someone who can't see them""","""The snowman could have been A or B""","0","""keyboard""","""target""","""null""","""null""","""null""","""null""","""null""","TRUE","""null""","""null""","""null""","""null""","""pizza""","""snowman""","""null""","""null""","""null""","""null""","""olives""","""mittens""","""null""","""null""","""null""","""null""","""left""","""middle""","""null""","""null""","""null""","""null""","""mushrooms""","""mittens""","""null""","""null""","""null""","""null""","""right""","""left""","""null""","""null""","""null""","""null""","""kb1b""","0","1","Virtual keyboard"
"Describing Objects","Short and fun! A 1-2 minute word game about describing simple objects. Only one HIT per worker.","experiment, psychology, game, language, cognition, linguistics, description","$0.25","Mon Aug 11 20:53:08 PDT 2014","151","0","0","151","Reviewable","NotReviewed","1 scales","600","60000","Mon Aug 18 20:53:08 PDT 2014","S34835","Approved","","""snowman""","""scarf""","0","""left""","""middle""","-1","3","0","13","0","0","-1","-1","""TRUE""","""null""","""null""","-1","-1","-1","-1","-1","-1","""no hat or scarf. He's just wearing gloves""","0","""right""","""Describing objects for other people to look at and differentiate between""","""None.""","0","""keyboard""","""logical""","""null""","""null""","""null""","""null""","""null""","FALSE","""null""","""null""","""null""","""null""","""snowman""","""pizza""","""null""","""null""","""null""","""null""","""scarf""","""peppers""","""null""","""null""","""null""","""null""","""left""","""right""","""null""","""null""","""null""","""null""","""mittens""","""peppers""","""null""","""null""","""null""","""null""","""middle""","""left""","""null""","""null""","""null""","""null""","""kb1b""","1","0","Virtual keyboard"
"Describing Objects","Short and fun! A 1-2 minute word game about describing simple objects. Only one HIT per worker.","experiment, psychology, game, language, cognition, linguistics, description","$0.25","Mon Aug 11 20:53:08 PDT 2014","151","0","0","151","Reviewable","NotReviewed","1 scales","600","60000","Mon Aug 18 20:53:08 PDT 2014","S02620","Approved","","""boat""","""cabin""","0","""middle""","""right""","-1","3","0","13","0","0","-1","-1","""FALSE""","""null""","""null""","-1","-1","-1","-1","-1","-1","""It is a sail boat with no cabin or motor.""","0","""left""","""The ways people use to describe a boat in comparison to 2 other boats""","""""","0","""keyboard""","""logical""","""null""","""null""","""null""","""null""","""null""","FALSE","""null""","""null""","""null""","""null""","""boat""","""boat""","""null""","""null""","""null""","""null""","""cabin""","""motor""","""null""","""null""","""null""","""null""","""middle""","""left""","""null""","""null""","""null""","""null""","""sail""","""motor""","""null""","""null""","""null""","""null""","""right""","""right""","""null""","""null""","""null""","""null""","""kb1b""","1","0","Virtual keyboard"
"Describing Objects","Short and fun! A 1-2 minute word game about describing simple objects. Only one HIT per worker.","experiment, psychology, game, language, cognition, linguistics, description","$0.25","Mon Aug 11 20:53:08 PDT 2014","151","0","0","151","Reviewable","NotReviewed","1 scales","600","60000","Mon Aug 18 20:53:08 PDT 2014","S07287","Approved","","""boat""","""sail""","0","""middle""","""left""","-1","3","0","13","0","0","-1","-1","""TRUE""","""null""","""null""","-1","-1","-1","-1","-1","-1","""no sail""","0","""right""","""Dont know""","""None""","0","""keyboard""","""target""","""null""","""null""","""null""","""null""","""null""","TRUE","""null""","""null""","""null""","""null""","""boat""","""sundae""","""null""","""null""","""null""","""null""","""sail""","""cherry""","""null""","""null""","""null""","""null""","""middle""","""middle""","""null""","""null""","""null""","""null""","""motor""","""cherry""","""null""","""null""","""null""","""null""","""left""","""right""","""null""","""null""","""null""","""null""","""kb1b""","0","1","Virtual keyboard"
"Describing Objects","Short and fun! A 1-2 minute word game about describing simple objects. Only one HIT per worker.","experiment, psychology, game, language, cognition, linguistics, description","$0.25","Mon Aug 11 20:53:08 PDT 2014","151","0","0","151","Reviewable","NotReviewed","1 scales","600","60000","Mon Aug 18 20:53:08 PDT 2014","S75888","Approved","","""friend""","""mustache""","0","""right""","""middle""","-1","3","0","13","0","0","-1","-1","""TRUE""","""null""","""null""","-1","-1","-1","-1","-1","-1","""the glasses and the mustache""","1","""right""","""DON'T KNOW""","""IF HIS NAME WASN'T BOB, IT WAS TIM""","0","""keyboard""","""foil""","""null""","""null""","""null""","""null""","""null""","FALSE","""null""","""null""","""null""","""null""","""friend""","""boat""","""null""","""null""","""null""","""null""","""mustache""","""motor""","""null""","""null""","""null""","""null""","""right""","""right""","""null""","""null""","""null""","""null""","""glasses""","""motor""","""null""","""null""","""null""","""null""","""middle""","""middle""","""null""","""null""","""null""","""null""","""kb1b""","1","0","Virtual keyboard"
"Describing Objects","Short and fun! A 1-2 minute word game about describing simple objects. Only one HIT per worker.","experiment, psychology, game, language, cognition, linguistics, description","$0.25","Mon Aug 11 20:53:08 PDT 2014","151","0","0","151","Reviewable","NotReviewed","1 scales","600","60000","Mon Aug 18 20:53:08 PDT 2014","S57165","Approved","","""snowman""","""scarf""","0","""middle""","""left""","-1","3","0","13","0","0","-1","-1","""TRUE""","""null""","""null""","-1","-1","-1","-1","-1","-1","""scarf  and no gloves.""","1","""middle""","""Describing things minimalistically!""","""Loved it!""","0","""keyboard""","""target""","""null""","""null""","""null""","""null""","""null""","TRUE","""null""","""null""","""null""","""null""","""snowman""","""snowman""","""null""","""null""","""null""","""null""","""scarf""","""mittens""","""null""","""null""","""null""","""null""","""middle""","""middle""","""null""","""null""","""null""","""null""","""hat""","""mittens""","""null""","""null""","""null""","""null""","""left""","""right""","""null""","""null""","""null""","""null""","""kb1b""","1","1","Virtual keyboard"
"Describing Objects","Short and fun! A 1-2 minute word game about describing simple objects. Only one HIT per worker.","experiment, psychology, game, language, cognition, linguistics, description","$0.25","Mon Aug 11 20:53:08 PDT 2014","151","0","0","151","Reviewable","NotReviewed","1 scales","600","60000","Mon Aug 18 20:53:08 PDT 2014","S04658","Approved","","""snowman""","""mittens""","0","""middle""","""left""","-1","3","0","13","0","0","-1","-1","""TRUE""","""null""","""null""","-1","-1","-1","-1","-1","-1","""scarf and gloves""","1","""middle""","""i dont know""","""""","0","""keyboard""","""target""","""null""","""null""","""null""","""null""","""null""","TRUE","""null""","""null""","""null""","""null""","""snowman""","""Christmas tree""","""null""","""null""","""null""","""null""","""mittens""","""star""","""null""","""null""","""null""","""null""","""middle""","""middle""","""null""","""null""","""null""","""null""","""scarf""","""star""","""null""","""null""","""null""","""null""","""left""","""right""","""null""","""null""","""null""","""null""","""kb1b""","1","1","Virtual keyboard"
"Describing Objects","Short and fun! A 1-2 minute word game about describing simple objects. Only one HIT per worker.","experiment, psychology, game, language, cognition, linguistics, description","$0.25","Mon Aug 11 20:53:08 PDT 2014","151","0","0","151","Reviewable","NotReviewed","1 scales","600","60000","Mon Aug 18 20:53:08 PDT 2014","S81849","Approved","","""friend""","""glasses""","0","""right""","""middle""","-1","3","0","13","0","0","-1","-1","""TRUE""","""null""","""null""","-1","-1","-1","-1","-1","-1","""glasses and hat""","1","""right""","""how people describe things""","""n/a""","0","""keyboard""","""target""","""null""","""null""","""null""","""null""","""null""","TRUE","""null""","""null""","""null""","""null""","""friend""","""friend""","""null""","""null""","""null""","""null""","""glasses""","""hat""","""null""","""null""","""null""","""null""","""right""","""right""","""null""","""null""","""null""","""null""","""hat""","""hat""","""null""","""null""","""null""","""null""","""middle""","""middle""","""null""","""null""","""null""","""null""","""kb1b""","1","1","Virtual keyboard"
"Describing Objects","Short and fun! A 1-2 minute word game about describing simple objects. Only one HIT per worker.","experiment, psychology, game, language, cognition, linguistics, description","$0.25","Mon Aug 11 20:53:08 PDT 2014","151","0","0","151","Reviewable","NotReviewed","1 scales","600","60000","Mon Aug 18 20:53:08 PDT 2014","S51176","Approved","","""snowman""","""mittens""","0","""right""","""middle""","-1","3","0","13","0","0","-1","-1","""TRUE""","""null""","""null""","-1","-1","-1","-1","-1","-1","""scarf and no hat""","1","""right""","""dont know""","""none""","0","""keyboard""","""logical""","""null""","""null""","""null""","""null""","""null""","FALSE","""null""","""null""","""null""","""null""","""snowman""","""snowman""","""null""","""null""","""null""","""null""","""mittens""","""scarf""","""null""","""null""","""null""","""null""","""right""","""right""","""null""","""null""","""null""","""null""","""scarf""","""scarf""","""null""","""null""","""null""","""null""","""middle""","""middle""","""null""","""null""","""null""","""null""","""kb1b""","1","0","Virtual keyboard"
"Describing Objects","Short and fun! A 1-2 minute word game about describing simple objects. Only one HIT per worker.","experiment, psychology, game, language, cognition, linguistics, description","$0.25","Mon Aug 11 20:53:08 PDT 2014","151","0","0","151","Reviewable","NotReviewed","1 scales","600","60000","Mon Aug 18 20:53:08 PDT 2014","S35329","Approved","","""sundae""","""whipped cream""","0","""left""","""right""","-1","3","0","13","0","0","-1","-1","""TRUE""","""null""","""null""","-1","-1","-1","-1","-1","-1","""3 scoops of ice cream, sauce, and whipped cream, but no cherry.""","1","""left""","""communication""","""no""","0","""keyboard""","""target""","""null""","""null""","""null""","""null""","""null""","TRUE","""null""","""null""","""null""","""null""","""sundae""","""pizza""","""null""","""null""","""null""","""null""","""whipped cream""","""olives""","""null""","""null""","""null""","""null""","""left""","""left""","""null""","""null""","""null""","""null""","""chocolate""","""olives""","""null""","""null""","""null""","""null""","""right""","""middle""","""null""","""null""","""null""","""null""","""kb1b""","1","1","Virtual keyboard"
"Describing Objects","Short and fun! A 1-2 minute word game about describing simple objects. Only one HIT per worker.","experiment, psychology, game, language, cognition, linguistics, description","$0.25","Mon Aug 11 20:53:08 PDT 2014","151","0","0","151","Reviewable","NotReviewed","1 scales","600","60000","Mon Aug 18 20:53:08 PDT 2014","S00701","Approved","","""pizza""","""peppers""","0","""middle""","""left""","-1","3","0","13","0","0","-1","-1","""TRUE""","""null""","""null""","-1","-1","-1","-1","-1","-1","""olives and peppers.""","1","""middle""","""identify the correct object""","""""","0","""keyboard""","""logical""","""null""","""null""","""null""","""null""","""null""","FALSE","""null""","""null""","""null""","""null""","""pizza""","""Christmas tree""","""null""","""null""","""null""","""null""","""peppers""","""lights""","""null""","""null""","""null""","""null""","""middle""","""middle""","""null""","""null""","""null""","""null""","""olives""","""lights""","""null""","""null""","""null""","""null""","""left""","""left""","""null""","""null""","""null""","""null""","""kb1b""","1","0","Virtual keyboard"
"Describing Objects","Short and fun! A 1-2 minute word game about describing simple objects. Only one HIT per worker.","experiment, psychology, game, language, cognition, linguistics, description","$0.25","Mon Aug 11 20:53:08 PDT 2014","151","0","0","151","Reviewable","NotReviewed","1 scales","600","60000","Mon Aug 18 20:53:08 PDT 2014","S81932","Approved","","""Christmas tree""","""lights""","0","""middle""","""right""","-1","3","0","13","0","0","-1","-1","""TRUE""","""null""","""null""","-1","-1","-1","-1","-1","-1","""B""","1","""middle""","""The Survey is about making your own  judgement base on how you understand how another described to you.""","""""","0","""keyboard""","""logical""","""null""","""null""","""null""","""null""","""null""","FALSE","""null""","""null""","""null""","""null""","""Christmas tree""","""pizza""","""null""","""null""","""null""","""null""","""lights""","""mushrooms""","""null""","""null""","""null""","""null""","""middle""","""middle""","""null""","""null""","""null""","""null""","""star""","""mushrooms""","""null""","""null""","""null""","""null""","""right""","""left""","""null""","""null""","""null""","""null""","""kb1b""","NA","0","Virtual keyboard"
"Describing Objects","Short and fun! A 1-2 minute word game about describing simple objects. Only one HIT per worker.","experiment, psychology, game, language, cognition, linguistics, description","$0.25","Mon Aug 11 20:53:08 PDT 2014","151","0","0","151","Reviewable","NotReviewed","1 scales","600","60000","Mon Aug 18 20:53:08 PDT 2014","S97381","Approved","","""friend""","""glasses""","0","""right""","""left""","-1","3","0","13","0","0","-1","-1","""TRUE""","""null""","""null""","-1","-1","-1","-1","-1","-1","""glasses and a hat.""","1","""right""","""description""","""""","0","""keyboard""","""foil""","""null""","""null""","""null""","""null""","""null""","FALSE","""null""","""null""","""null""","""null""","""friend""","""sundae""","""null""","""null""","""null""","""null""","""glasses""","""cherry""","""null""","""null""","""null""","""null""","""right""","""left""","""null""","""null""","""null""","""null""","""hat""","""cherry""","""null""","""null""","""null""","""null""","""left""","""right""","""null""","""null""","""null""","""null""","""kb1b""","1","0","Virtual keyboard"
"Describing Objects","Short and fun! A 1-2 minute word game about describing simple objects. Only one HIT per worker.","experiment, psychology, game, language, cognition, linguistics, description","$0.25","Mon Aug 11 20:53:08 PDT 2014","151","0","0","151","Reviewable","NotReviewed","1 scales","600","60000","Mon Aug 18 20:53:08 PDT 2014","S55396","Approved","","""friend""","""mustache""","0","""right""","""left""","-1","3","0","13","0","0","-1","-1","""TRUE""","""null""","""null""","-1","-1","-1","-1","-1","-1","""he has a mustache and hat.""","1","""right""","""Communicating with other mTurkers, and our ability to do it well.""","""I don't remember the name of the character! I think it's bob or tim.""","0","""keyboard""","""target""","""null""","""null""","""null""","""null""","""null""","TRUE","""null""","""null""","""null""","""null""","""friend""","""Christmas tree""","""null""","""null""","""null""","""null""","""mustache""","""ornaments""","""null""","""null""","""null""","""null""","""right""","""right""","""null""","""null""","""null""","""null""","""hat""","""ornaments""","""null""","""null""","""null""","""null""","""left""","""left""","""null""","""null""","""null""","""null""","""kb1b""","1","1","Virtual keyboard"
"Describing Objects","Short and fun! A 1-2 minute word game about describing simple objects. Only one HIT per worker.","experiment, psychology, game, language, cognition, linguistics, description","$0.25","Mon Aug 11 20:53:08 PDT 2014","151","0","0","151","Reviewable","NotReviewed","1 scales","600","60000","Mon Aug 18 20:53:08 PDT 2014","S84444","Approved","","""boat""","""motor""","0","""right""","""left""","-1","3","0","13","0","0","-1","-1","""TRUE""","""null""","""null""","-1","-1","-1","-1","-1","-1","""The boat has a sail and a motor.""","1","""right""","""How people communicate with each other.""","""I loved this survey.""","0","""keyboard""","""target""","""null""","""null""","""null""","""null""","""null""","TRUE","""null""","""null""","""null""","""null""","""boat""","""sundae""","""null""","""null""","""null""","""null""","""motor""","""cherry""","""null""","""null""","""null""","""null""","""right""","""left""","""null""","""null""","""null""","""null""","""sail""","""cherry""","""null""","""null""","""null""","""null""","""left""","""right""","""null""","""null""","""null""","""null""","""kb1b""","1","1","Virtual keyboard"
"Describing Objects","Short and fun! A 1-2 minute word game about describing simple objects. Only one HIT per worker.","experiment, psychology, game, language, cognition, linguistics, description","$0.25","Mon Aug 11 20:53:08 PDT 2014","151","0","0","151","Reviewable","NotReviewed","1 scales","600","60000","Mon Aug 18 20:53:08 PDT 2014","S50167","Approved","","""sundae""","""whipped cream""","0","""middle""","""right""","-1","3","0","13","0","0","-1","-1","""FALSE""","""null""","""null""","-1","-1","-1","-1","-1","-1","""whipped cream and cherry""","1","""middle""","""How we describe the three similar objects.""","""We studied this in my psycholinguistics class.""","0","""keyboard""","""logical""","""null""","""null""","""null""","""null""","""null""","FALSE","""null""","""null""","""null""","""null""","""sundae""","""Christmas tree""","""null""","""null""","""null""","""null""","""whipped cream""","""ornaments""","""null""","""null""","""null""","""null""","""middle""","""left""","""null""","""null""","""null""","""null""","""cherry""","""ornaments""","""null""","""null""","""null""","""null""","""right""","""right""","""null""","""null""","""null""","""null""","""kb1b""","1","0","Virtual keyboard"
"Describing Objects","Short and fun! A 1-2 minute word game about describing simple objects. Only one HIT per worker.","experiment, psychology, game, language, cognition, linguistics, description","$0.25","Mon Aug 11 20:53:08 PDT 2014","151","0","0","151","Reviewable","NotReviewed","1 scales","600","60000","Mon Aug 18 20:53:08 PDT 2014","S77936","Approved","","""friend""","""mustache""","0","""middle""","""right""","-1","3","0","13","0","0","-1","-1","""TRUE""","""null""","""null""","-1","-1","-1","-1","-1","-1","""the hat and stache.""","1","""middle""","""Picking out objects based on limited information.""","""""","0","""keyboard""","""target""","""null""","""null""","""null""","""null""","""null""","TRUE","""null""","""null""","""null""","""null""","""friend""","""Christmas tree""","""null""","""null""","""null""","""null""","""mustache""","""star""","""null""","""null""","""null""","""null""","""middle""","""right""","""null""","""null""","""null""","""null""","""hat""","""star""","""null""","""null""","""null""","""null""","""right""","""middle""","""null""","""null""","""null""","""null""","""kb1b""","1","1","Virtual keyboard"
"Describing Objects","Short and fun! A 1-2 minute word game about describing simple objects. Only one HIT per worker.","experiment, psychology, game, language, cognition, linguistics, description","$0.25","Mon Aug 11 20:53:08 PDT 2014","151","0","0","151","Reviewable","NotReviewed","1 scales","600","60000","Mon Aug 18 20:53:08 PDT 2014","S86144","Approved","","""sundae""","""chocolate""","0","""right""","""middle""","-1","3","0","13","0","0","-1","-1","""FALSE""","""null""","""null""","-1","-1","-1","-1","-1","-1","""cherry and chocolate.""","1","""right""","""Describing the ice cream with chocolate/fudge cherries.""","""I think it was Tim, but I thought I remembered Joe from the second one""","0","""keyboard""","""target""","""null""","""null""","""null""","""null""","""null""","TRUE","""null""","""null""","""null""","""null""","""sundae""","""friend""","""null""","""null""","""null""","""null""","""chocolate""","""glasses""","""null""","""null""","""null""","""null""","""right""","""middle""","""null""","""null""","""null""","""null""","""cherry""","""glasses""","""null""","""null""","""null""","""null""","""middle""","""left""","""null""","""null""","""null""","""null""","""kb1b""","1","1","Virtual keyboard"
"Describing Objects","Short and fun! A 1-2 minute word game about describing simple objects. Only one HIT per worker.","experiment, psychology, game, language, cognition, linguistics, description","$0.25","Mon Aug 11 20:53:08 PDT 2014","151","0","0","151","Reviewable","NotReviewed","1 scales","600","60000","Mon Aug 18 20:53:08 PDT 2014","S43746","Approved","","""Christmas tree""","""lights""","0","""left""","""right""","-1","3","0","13","0","0","-1","-1","""TRUE""","""null""","""null""","-1","-1","-1","-1","-1","-1","""the darkest leaves and the multi-colored ornaments.""","1","""left""","""Descriptions about objects.""","""""","0","""keyboard""","""logical""","""null""","""null""","""null""","""null""","""null""","FALSE","""null""","""null""","""null""","""null""","""Christmas tree""","""pizza""","""null""","""null""","""null""","""null""","""lights""","""mushrooms""","""null""","""null""","""null""","""null""","""left""","""left""","""null""","""null""","""null""","""null""","""ornaments""","""mushrooms""","""null""","""null""","""null""","""null""","""right""","""right""","""null""","""null""","""null""","""null""","""kb1b""","1","0","Virtual keyboard"
"Describing Objects","Short and fun! A 1-2 minute word game about describing simple objects. Only one HIT per worker.","experiment, psychology, game, language, cognition, linguistics, description","$0.25","Mon Aug 11 20:53:08 PDT 2014","151","0","0","151","Reviewable","NotReviewed","1 scales","600","60000","Mon Aug 18 20:53:08 PDT 2014","S96688","Approved","","""pizza""","""olives""","0","""right""","""left""","-1","3","0","13","0","0","-1","-1","""TRUE""","""null""","""null""","-1","-1","-1","-1","-1","-1","""darker brown crust""","1","""right""","""Describing objects""","""None""","0","""keyboard""","""target""","""null""","""null""","""null""","""null""","""null""","TRUE","""null""","""null""","""null""","""null""","""pizza""","""Christmas tree""","""null""","""null""","""null""","""null""","""olives""","""star""","""null""","""null""","""null""","""null""","""right""","""right""","""null""","""null""","""null""","""null""","""mushrooms""","""star""","""null""","""null""","""null""","""null""","""left""","""middle""","""null""","""null""","""null""","""null""","""kb1b""","NA","1","Virtual keyboard"
"Describing Objects","Short and fun! A 1-2 minute word game about describing simple objects. Only one HIT per worker.","experiment, psychology, game, language, cognition, linguistics, description","$0.25","Mon Aug 11 20:53:08 PDT 2014","151","0","0","151","Reviewable","NotReviewed","1 scales","600","60000","Mon Aug 18 20:53:08 PDT 2014","S05047","Approved","","""friend""","""hat""","0","""left""","""middle""","-1","3","0","13","0","0","-1","-1","""TRUE""","""null""","""null""","-1","-1","-1","-1","-1","-1","""I picked the person with glasses and a hat.""","1","""left""","""Describing pictures to others""","""nope""","0","""keyboard""","""target""","""null""","""null""","""null""","""null""","""null""","TRUE","""null""","""null""","""null""","""null""","""friend""","""Christmas tree""","""null""","""null""","""null""","""null""","""hat""","""ornaments""","""null""","""null""","""null""","""null""","""left""","""middle""","""null""","""null""","""null""","""null""","""glasses""","""ornaments""","""null""","""null""","""null""","""null""","""middle""","""right""","""null""","""null""","""null""","""null""","""kb1b""","1","1","Virtual keyboard"
"Describing Objects","Short and fun! A 1-2 minute word game about describing simple objects. Only one HIT per worker.","experiment, psychology, game, language, cognition, linguistics, description","$0.25","Mon Aug 11 20:53:08 PDT 2014","151","0","0","151","Reviewable","NotReviewed","1 scales","600","60000","Mon Aug 18 20:53:08 PDT 2014","S71887","Approved","","""snowman""","""hat""","0","""middle""","""right""","-1","3","0","13","0","0","-1","-1","""TRUE""","""null""","""null""","-1","-1","-1","-1","-1","-1","""with both gloves and hat""","1","""middle""","""Describing features accurately""","""""","0","""keyboard""","""target""","""null""","""null""","""null""","""null""","""null""","TRUE","""null""","""null""","""null""","""null""","""snowman""","""friend""","""null""","""null""","""null""","""null""","""hat""","""mustache""","""null""","""null""","""null""","""null""","""middle""","""middle""","""null""","""null""","""null""","""null""","""mittens""","""mustache""","""null""","""null""","""null""","""null""","""right""","""right""","""null""","""null""","""null""","""null""","""kb1b""","1","1","Virtual keyboard"
"Describing Objects","Short and fun! A 1-2 minute word game about describing simple objects. Only one HIT per worker.","experiment, psychology, game, language, cognition, linguistics, description","$0.25","Mon Aug 11 20:53:08 PDT 2014","151","0","0","151","Reviewable","NotReviewed","1 scales","600","60000","Mon Aug 18 20:53:08 PDT 2014","S42628","Approved","","""boat""","""sail""","0","""left""","""right""","-1","3","0","13","0","0","-1","-1","""TRUE""","""null""","""null""","-1","-1","-1","-1","-1","-1","""sailboat with no motor""","1","""left""","""communication""","""""","0","""keyboard""","""logical""","""null""","""null""","""null""","""null""","""null""","FALSE","""null""","""null""","""null""","""null""","""boat""","""sundae""","""null""","""null""","""null""","""null""","""sail""","""whipped cream""","""null""","""null""","""null""","""null""","""left""","""left""","""null""","""null""","""null""","""null""","""cabin""","""whipped cream""","""null""","""null""","""null""","""null""","""right""","""middle""","""null""","""null""","""null""","""null""","""kb1b""","1","0","Virtual keyboard"
"Describing Objects","Short and fun! A 1-2 minute word game about describing simple objects. Only one HIT per worker.","experiment, psychology, game, language, cognition, linguistics, description","$0.25","Mon Aug 11 20:53:08 PDT 2014","151","0","0","151","Reviewable","NotReviewed","1 scales","600","60000","Mon Aug 18 20:53:08 PDT 2014","S53886","Approved","","""sundae""","""whipped cream""","0","""middle""","""left""","-1","3","0","13","0","0","-1","-1","""TRUE""","""null""","""null""","-1","-1","-1","-1","-1","-1","""whipped cream and no cherry""","1","""middle""","""no idea""","""""","0","""keyboard""","""logical""","""null""","""null""","""null""","""null""","""null""","FALSE","""null""","""null""","""null""","""null""","""sundae""","""boat""","""null""","""null""","""null""","""null""","""whipped cream""","""cabin""","""null""","""null""","""null""","""null""","""middle""","""left""","""null""","""null""","""null""","""null""","""chocolate""","""cabin""","""null""","""null""","""null""","""null""","""left""","""right""","""null""","""null""","""null""","""null""","""kb1b""","1","0","Virtual keyboard"
"Describing Objects","Short and fun! A 1-2 minute word game about describing simple objects. Only one HIT per worker.","experiment, psychology, game, language, cognition, linguistics, description","$0.25","Mon Aug 11 20:53:08 PDT 2014","151","0","0","151","Reviewable","NotReviewed","1 scales","600","60000","Mon Aug 18 20:53:08 PDT 2014","S31104","Approved","","""pizza""","""olives""","0","""right""","""left""","-1","3","0","13","0","0","-1","-1","""TRUE""","""null""","""null""","-1","-1","-1","-1","-1","-1","""green and black on it""","1","""right""","""Describing a picture""","""Thank you""","0","""keyboard""","""target""","""null""","""null""","""null""","""null""","""null""","TRUE","""null""","""null""","""null""","""null""","""pizza""","""friend""","""null""","""null""","""null""","""null""","""olives""","""hat""","""null""","""null""","""null""","""null""","""right""","""right""","""null""","""null""","""null""","""null""","""peppers""","""hat""","""null""","""null""","""null""","""null""","""left""","""middle""","""null""","""null""","""null""","""null""","""kb1b""","1","1","Virtual keyboard"
"Describing Objects","Short and fun! A 1-2 minute word game about describing simple objects. Only one HIT per worker.","experiment, psychology, game, language, cognition, linguistics, description","$0.25","Mon Aug 11 20:53:08 PDT 2014","151","0","0","151","Reviewable","NotReviewed","1 scales","600","60000","Mon Aug 18 20:53:08 PDT 2014","S00010","Approved","","""boat""","""sail""","0","""middle""","""left""","-1","3","0","13","0","0","-1","-1","""FALSE""","""null""","""null""","-1","-1","-1","-1","-1","-1","""a sail but no cabin.""","1","""middle""","""communication""","""interesting survey""","0","""keyboard""","""target""","""null""","""null""","""null""","""null""","""null""","TRUE","""null""","""null""","""null""","""null""","""boat""","""friend""","""null""","""null""","""null""","""null""","""sail""","""hat""","""null""","""null""","""null""","""null""","""middle""","""right""","""null""","""null""","""null""","""null""","""motor""","""hat""","""null""","""null""","""null""","""null""","""left""","""middle""","""null""","""null""","""null""","""null""","""kb1b""","1","1","Virtual keyboard"
"Describing Objects","Short and fun! A 1-2 minute word game about describing simple objects. Only one HIT per worker.","experiment, psychology, game, language, cognition, linguistics, description","$0.25","Mon Aug 11 20:53:08 PDT 2014","151","0","0","151","Reviewable","NotReviewed","1 scales","600","60000","Mon Aug 18 20:53:08 PDT 2014","S84499","Approved","","""snowman""","""scarf""","0","""middle""","""right""","-1","3","0","13","0","0","-1","-1","""TRUE""","""null""","""null""","-1","-1","-1","-1","-1","-1","""picture a plus picture c""","1","""middle""","""Descring objects""","""""","0","""keyboard""","""logical""","""null""","""null""","""null""","""null""","""null""","FALSE","""null""","""null""","""null""","""null""","""snowman""","""sundae""","""null""","""null""","""null""","""null""","""scarf""","""whipped cream""","""null""","""null""","""null""","""null""","""middle""","""right""","""null""","""null""","""null""","""null""","""hat""","""whipped cream""","""null""","""null""","""null""","""null""","""right""","""left""","""null""","""null""","""null""","""null""","""kb1b""","1","0","Virtual keyboard"
"Describing Objects","Short and fun! A 1-2 minute word game about describing simple objects. Only one HIT per worker.","experiment, psychology, game, language, cognition, linguistics, description","$0.25","Mon Aug 11 20:53:08 PDT 2014","151","0","0","151","Reviewable","NotReviewed","1 scales","600","60000","Mon Aug 18 20:53:08 PDT 2014","S27089","Approved","","""snowman""","""scarf""","0","""left""","""middle""","-1","3","0","13","0","0","-1","-1","""TRUE""","""null""","""null""","-1","-1","-1","-1","-1","-1","""hat and a scarf""","1","""left""","""I had to pick out a Christmas tree""","""bone""","0","""keyboard""","""logical""","""null""","""null""","""null""","""null""","""null""","FALSE","""null""","""null""","""null""","""null""","""snowman""","""Christmas tree""","""null""","""null""","""null""","""null""","""scarf""","""lights""","""null""","""null""","""null""","""null""","""left""","""left""","""null""","""null""","""null""","""null""","""hat""","""lights""","""null""","""null""","""null""","""null""","""middle""","""middle""","""null""","""null""","""null""","""null""","""kb1b""","1","0","Virtual keyboard"
"Describing Objects","Short and fun! A 1-2 minute word game about describing simple objects. Only one HIT per worker.","experiment, psychology, game, language, cognition, linguistics, description","$0.25","Mon Aug 11 20:53:08 PDT 2014","151","0","0","151","Reviewable","NotReviewed","1 scales","600","60000","Mon Aug 18 20:53:08 PDT 2014","S32520","Approved","","""Christmas tree""","""ornaments""","0","""right""","""middle""","-1","3","0","13","0","0","-1","-1","""TRUE""","""null""","""null""","-1","-1","-1","-1","-1","-1","""purple and pink only""","1","""right""","""Seeing how well we paid attention""","""""","0","""keyboard""","""target""","""null""","""null""","""null""","""null""","""null""","TRUE","""null""","""null""","""null""","""null""","""Christmas tree""","""boat""","""null""","""null""","""null""","""null""","""ornaments""","""sail""","""null""","""null""","""null""","""null""","""right""","""middle""","""null""","""null""","""null""","""null""","""star""","""sail""","""null""","""null""","""null""","""null""","""middle""","""right""","""null""","""null""","""null""","""null""","""kb1b""","1","1","Virtual keyboard"
"Describing Objects","Short and fun! A 1-2 minute word game about describing simple objects. Only one HIT per worker.","experiment, psychology, game, language, cognition, linguistics, description","$0.25","Mon Aug 11 20:53:08 PDT 2014","151","0","0","151","Reviewable","NotReviewed","1 scales","600","60000","Mon Aug 18 20:53:08 PDT 2014","S55831","Approved","","""boat""","""motor""","0","""middle""","""right""","-1","3","0","13","0","0","-1","-1","""TRUE""","""null""","""null""","-1","-1","-1","-1","-1","-1","""pick the boat with the sail that is medium brown and has a motor in the rear.""","1","""middle""","""About choices and effective communication. Sundaes and sailboats and the perception of what ones test means in terms of describing that photo""","""Not at the moment""","0","""keyboard""","""foil""","""null""","""null""","""null""","""null""","""null""","FALSE","""null""","""null""","""null""","""null""","""boat""","""sundae""","""null""","""null""","""null""","""null""","""motor""","""whipped cream""","""null""","""null""","""null""","""null""","""middle""","""middle""","""null""","""null""","""null""","""null""","""sail""","""whipped cream""","""null""","""null""","""null""","""null""","""right""","""left""","""null""","""null""","""null""","""null""","""kb1b""","1","0","Virtual keyboard"
"Describing Objects","Short and fun! A 1-2 minute word game about describing simple objects. Only one HIT per worker.","experiment, psychology, game, language, cognition, linguistics, description","$0.25","Mon Aug 11 20:53:08 PDT 2014","151","0","0","151","Reviewable","NotReviewed","1 scales","600","60000","Mon Aug 18 20:53:08 PDT 2014","S16328","Approved","","""pizza""","""olives""","0","""left""","""right""","-1","3","0","13","0","0","-1","-1","""TRUE""","""null""","""null""","-1","-1","-1","-1","-1","-1","""mushroom and olives""","1","""left""","""How people describe things""","""""","0","""keyboard""","""target""","""null""","""null""","""null""","""null""","""null""","TRUE","""null""","""null""","""null""","""null""","""pizza""","""pizza""","""null""","""null""","""null""","""null""","""olives""","""peppers""","""null""","""null""","""null""","""null""","""left""","""middle""","""null""","""null""","""null""","""null""","""mushrooms""","""peppers""","""null""","""null""","""null""","""null""","""right""","""left""","""null""","""null""","""null""","""null""","""kb1b""","1","1","Virtual keyboard"
"Describing Objects","Short and fun! A 1-2 minute word game about describing simple objects. Only one HIT per worker.","experiment, psychology, game, language, cognition, linguistics, description","$0.25","Mon Aug 11 20:53:08 PDT 2014","151","0","0","151","Reviewable","NotReviewed","1 scales","600","60000","Mon Aug 18 20:53:08 PDT 2014","S89248","Approved","","""boat""","""cabin""","0","""middle""","""left""","-1","3","0","13","0","0","-1","-1","""TRUE""","""null""","""null""","-1","-1","-1","-1","-1","-1","""a sail and a cabin""","1","""middle""","""describing things through mTurk""","""""","0","""keyboard""","""target""","""null""","""null""","""null""","""null""","""null""","TRUE","""null""","""null""","""null""","""null""","""boat""","""snowman""","""null""","""null""","""null""","""null""","""cabin""","""hat""","""null""","""null""","""null""","""null""","""middle""","""right""","""null""","""null""","""null""","""null""","""sail""","""hat""","""null""","""null""","""null""","""null""","""left""","""left""","""null""","""null""","""null""","""null""","""kb1b""","1","1","Virtual keyboard"
"Describing Objects","Short and fun! A 1-2 minute word game about describing simple objects. Only one HIT per worker.","experiment, psychology, game, language, cognition, linguistics, description","$0.25","Mon Aug 11 20:53:08 PDT 2014","151","0","0","151","Reviewable","NotReviewed","1 scales","600","60000","Mon Aug 18 20:53:08 PDT 2014","S89257","Approved","","""snowman""","""mittens""","0","""middle""","""left""","-1","3","0","13","0","0","-1","-1","""TRUE""","""null""","""null""","-1","-1","-1","-1","-1","-1","""gloves but NO hat.""","1","""middle""","""Describing objects.""","""Fun!""","0","""keyboard""","""logical""","""null""","""null""","""null""","""null""","""null""","FALSE","""null""","""null""","""null""","""null""","""snowman""","""Christmas tree""","""null""","""null""","""null""","""null""","""mittens""","""ornaments""","""null""","""null""","""null""","""null""","""middle""","""left""","""null""","""null""","""null""","""null""","""scarf""","""ornaments""","""null""","""null""","""null""","""null""","""left""","""middle""","""null""","""null""","""null""","""null""","""kb1b""","1","0","Virtual keyboard"
"Describing Objects","Short and fun! A 1-2 minute word game about describing simple objects. Only one HIT per worker.","experiment, psychology, game, language, cognition, linguistics, description","$0.25","Mon Aug 11 20:53:08 PDT 2014","151","0","0","151","Reviewable","NotReviewed","1 scales","600","60000","Mon Aug 18 20:53:08 PDT 2014","S68290","Approved","","""Christmas tree""","""lights""","0","""middle""","""left""","-1","3","0","13","0","0","-1","-1","""TRUE""","""null""","""null""","-1","-1","-1","-1","-1","-1","""string lights and ornaments without a star""","1","""middle""","""Describing something to somebody""","""""","0","""keyboard""","""logical""","""null""","""null""","""null""","""null""","""null""","FALSE","""null""","""null""","""null""","""null""","""Christmas tree""","""snowman""","""null""","""null""","""null""","""null""","""lights""","""scarf""","""null""","""null""","""null""","""null""","""middle""","""right""","""null""","""null""","""null""","""null""","""ornaments""","""scarf""","""null""","""null""","""null""","""null""","""left""","""left""","""null""","""null""","""null""","""null""","""kb1b""","1","0","Virtual keyboard"
"Describing Objects","Short and fun! A 1-2 minute word game about describing simple objects. Only one HIT per worker.","experiment, psychology, game, language, cognition, linguistics, description","$0.25","Mon Aug 11 20:53:08 PDT 2014","151","0","0","151","Reviewable","NotReviewed","1 scales","600","60000","Mon Aug 18 20:53:08 PDT 2014","S13577","Approved","","""Christmas tree""","""star""","0","""right""","""middle""","-1","3","0","13","0","0","-1","-1","""TRUE""","""null""","""null""","-1","-1","-1","-1","-1","-1","""most pale color""","1","""right""","""Bob's Christmas tree adventure""","""None""","0","""keyboard""","""target""","""null""","""null""","""null""","""null""","""null""","TRUE","""null""","""null""","""null""","""null""","""Christmas tree""","""Christmas tree""","""null""","""null""","""null""","""null""","""star""","""star""","""null""","""null""","""null""","""null""","""right""","""left""","""null""","""null""","""null""","""null""","""ornaments""","""star""","""null""","""null""","""null""","""null""","""middle""","""right""","""null""","""null""","""null""","""null""","""kb1b""","1","1","Virtual keyboard"
"Describing Objects","Short and fun! A 1-2 minute word game about describing simple objects. Only one HIT per worker.","experiment, psychology, game, language, cognition, linguistics, description","$0.25","Mon Aug 11 20:53:08 PDT 2014","151","0","0","151","Reviewable","NotReviewed","1 scales","600","60000","Mon Aug 18 20:53:08 PDT 2014","S03296","Approved","","""boat""","""sail""","0","""right""","""middle""","-1","3","0","13","0","0","-1","-1","""TRUE""","""null""","""null""","-1","-1","-1","-1","-1","-1","""the best design""","1","""right""","""communication ""","""thanks""","0","""keyboard""","""target""","""null""","""null""","""null""","""null""","""null""","TRUE","""null""","""null""","""null""","""null""","""boat""","""sundae""","""null""","""null""","""null""","""null""","""sail""","""cherry""","""null""","""null""","""null""","""null""","""right""","""right""","""null""","""null""","""null""","""null""","""cabin""","""cherry""","""null""","""null""","""null""","""null""","""middle""","""left""","""null""","""null""","""null""","""null""","""kb1b""","NA","1","Virtual keyboard"
"Describing Objects","Short and fun! A 1-2 minute word game about describing simple objects. Only one HIT per worker.","experiment, psychology, game, language, cognition, linguistics, description","$0.25","Mon Aug 11 20:53:08 PDT 2014","151","0","0","151","Reviewable","NotReviewed","1 scales","600","60000","Mon Aug 18 20:53:08 PDT 2014","S35791","Approved","","""friend""","""mustache""","0","""left""","""right""","-1","3","0","13","0","0","-1","-1","""FALSE""","""null""","""null""","-1","-1","-1","-1","-1","-1","""darker yellow with both glasses and mustache""","1","""left""","""how we describe things.""","""hope it doesnt count for anything but the question asking who I met through me off. I know its Joe or Bob but I think its joe so yeah....""","0","""keyboard""","""target""","""null""","""null""","""null""","""null""","""null""","TRUE","""null""","""null""","""null""","""null""","""friend""","""boat""","""null""","""null""","""null""","""null""","""mustache""","""sail""","""null""","""null""","""null""","""null""","""left""","""right""","""null""","""null""","""null""","""null""","""glasses""","""sail""","""null""","""null""","""null""","""null""","""right""","""middle""","""null""","""null""","""null""","""null""","""kb1b""","1","1","Virtual keyboard"
"Describing Objects","Short and fun! A 1-2 minute word game about describing simple objects. Only one HIT per worker.","experiment, psychology, game, language, cognition, linguistics, description","$0.25","Mon Aug 11 20:53:08 PDT 2014","151","0","0","151","Reviewable","NotReviewed","1 scales","600","60000","Mon Aug 18 20:53:08 PDT 2014","S55042","Approved","","""Christmas tree""","""star""","0","""right""","""left""","-1","3","0","13","0","0","-1","-1","""TRUE""","""null""","""null""","-1","-1","-1","-1","-1","-1","""round bulbs and a star""","1","""right""","""describing objects using specific information""","""""","0","""keyboard""","""logical""","""null""","""null""","""null""","""null""","""null""","FALSE","""null""","""null""","""null""","""null""","""Christmas tree""","""boat""","""null""","""null""","""null""","""null""","""star""","""sail""","""null""","""null""","""null""","""null""","""right""","""right""","""null""","""null""","""null""","""null""","""ornaments""","""sail""","""null""","""null""","""null""","""null""","""left""","""middle""","""null""","""null""","""null""","""null""","""kb1b""","1","0","Virtual keyboard"
"Describing Objects","Short and fun! A 1-2 minute word game about describing simple objects. Only one HIT per worker.","experiment, psychology, game, language, cognition, linguistics, description","$0.25","Mon Aug 11 20:53:08 PDT 2014","151","0","0","151","Reviewable","NotReviewed","1 scales","600","60000","Mon Aug 18 20:53:08 PDT 2014","S57896","Approved","","""friend""","""mustache""","0","""left""","""middle""","-1","3","0","13","0","0","-1","-1","""TRUE""","""null""","""null""","-1","-1","-1","-1","-1","-1","""yellow face with glasses and faial hair""","1","""left""","""describing appearance of others""","""it was very strange... ""","0","""keyboard""","""logical""","""null""","""null""","""null""","""null""","""null""","FALSE","""null""","""null""","""null""","""null""","""friend""","""snowman""","""null""","""null""","""null""","""null""","""mustache""","""mittens""","""null""","""null""","""null""","""null""","""left""","""left""","""null""","""null""","""null""","""null""","""glasses""","""mittens""","""null""","""null""","""null""","""null""","""middle""","""middle""","""null""","""null""","""null""","""null""","""kb1b""","1","0","Virtual keyboard"
"Describing Objects","Short and fun! A 1-2 minute word game about describing simple objects. Only one HIT per worker.","experiment, psychology, game, language, cognition, linguistics, description","$0.25","Mon Aug 11 20:53:08 PDT 2014","151","0","0","151","Reviewable","NotReviewed","1 scales","600","60000","Mon Aug 18 20:53:08 PDT 2014","S74116","Approved","","""pizza""","""mushrooms""","0","""left""","""right""","-1","3","0","13","0","0","-1","-1","""TRUE""","""null""","""null""","-1","-1","-1","-1","-1","-1","""it has olives and mushrooms on topping""","1","""left""","""about communication system and skills ""","""""","0","""keyboard""","""target""","""null""","""null""","""null""","""null""","""null""","TRUE","""null""","""null""","""null""","""null""","""pizza""","""boat""","""null""","""null""","""null""","""null""","""mushrooms""","""cabin""","""null""","""null""","""null""","""null""","""left""","""left""","""null""","""null""","""null""","""null""","""olives""","""cabin""","""null""","""null""","""null""","""null""","""right""","""right""","""null""","""null""","""null""","""null""","""kb1b""","1","1","Virtual keyboard"
"Describing Objects","Short and fun! A 1-2 minute word game about describing simple objects. Only one HIT per worker.","experiment, psychology, game, language, cognition, linguistics, description","$0.25","Mon Aug 11 20:53:08 PDT 2014","151","0","0","151","Reviewable","NotReviewed","1 scales","600","60000","Mon Aug 18 20:53:08 PDT 2014","S64649","Approved","","""friend""","""glasses""","0","""right""","""middle""","-1","3","0","13","0","0","-1","-1","""TRUE""","""null""","""null""","-1","-1","-1","-1","-1","-1","""a hat and glasses""","1","""right""","""describing objects""","""nope""","0","""keyboard""","""logical""","""null""","""null""","""null""","""null""","""null""","FALSE","""null""","""null""","""null""","""null""","""friend""","""snowman""","""null""","""null""","""null""","""null""","""glasses""","""hat""","""null""","""null""","""null""","""null""","""right""","""right""","""null""","""null""","""null""","""null""","""hat""","""hat""","""null""","""null""","""null""","""null""","""middle""","""left""","""null""","""null""","""null""","""null""","""kb1b""","1","0","Virtual keyboard"
"Describing Objects","Short and fun! A 1-2 minute word game about describing simple objects. Only one HIT per worker.","experiment, psychology, game, language, cognition, linguistics, description","$0.25","Mon Aug 11 20:53:08 PDT 2014","151","0","0","151","Reviewable","NotReviewed","1 scales","600","60000","Mon Aug 18 20:53:08 PDT 2014","S19118","Approved","","""snowman""","""hat""","0","""middle""","""right""","-1","3","0","13","0","0","-1","-1","""FALSE""","""null""","""null""","-1","-1","-1","-1","-1","-1","""the hat and scarf""","1","""middle""","""communicating with limited information?""","""""","0","""keyboard""","""target""","""null""","""null""","""null""","""null""","""null""","TRUE","""null""","""null""","""null""","""null""","""snowman""","""snowman""","""null""","""null""","""null""","""null""","""hat""","""hat""","""null""","""null""","""null""","""null""","""middle""","""left""","""null""","""null""","""null""","""null""","""scarf""","""hat""","""null""","""null""","""null""","""null""","""right""","""middle""","""null""","""null""","""null""","""null""","""kb1b""","1","1","Virtual keyboard"
"Describing Objects","Short and fun! A 1-2 minute word game about describing simple objects. Only one HIT per worker.","experiment, psychology, game, language, cognition, linguistics, description","$0.25","Mon Aug 11 20:53:08 PDT 2014","151","0","0","151","Reviewable","NotReviewed","1 scales","600","60000","Mon Aug 18 20:53:08 PDT 2014","S59250","Approved","","""friend""","""mustache""","0","""middle""","""right""","-1","3","0","13","0","0","-1","-1","""TRUE""","""null""","""null""","-1","-1","-1","-1","-1","-1","""the lighter skin color.""","1","""middle""","""I think it was about communication.""","""no comments""","0","""keyboard""","""target""","""null""","""null""","""null""","""null""","""null""","TRUE","""null""","""null""","""null""","""null""","""friend""","""pizza""","""null""","""null""","""null""","""null""","""mustache""","""mushrooms""","""null""","""null""","""null""","""null""","""middle""","""middle""","""null""","""null""","""null""","""null""","""hat""","""mushrooms""","""null""","""null""","""null""","""null""","""right""","""left""","""null""","""null""","""null""","""null""","""kb1b""","1","1","Virtual keyboard"
"Describing Objects","Short and fun! A 1-2 minute word game about describing simple objects. Only one HIT per worker.","experiment, psychology, game, language, cognition, linguistics, description","$0.25","Mon Aug 11 20:53:08 PDT 2014","151","0","0","151","Reviewable","NotReviewed","1 scales","600","60000","Mon Aug 18 20:53:08 PDT 2014","S54719","Approved","","""boat""","""sail""","0","""middle""","""right""","-1","3","0","13","0","0","-1","-1","""FALSE""","""null""","""null""","-1","-1","-1","-1","-1","-1","""a sail but no room""","1","""middle""","""describing things to people""","""""","0","""keyboard""","""target""","""null""","""null""","""null""","""null""","""null""","TRUE","""null""","""null""","""null""","""null""","""boat""","""friend""","""null""","""null""","""null""","""null""","""sail""","""glasses""","""null""","""null""","""null""","""null""","""middle""","""left""","""null""","""null""","""null""","""null""","""motor""","""glasses""","""null""","""null""","""null""","""null""","""right""","""right""","""null""","""null""","""null""","""null""","""kb1b""","1","1","Virtual keyboard"
"Describing Objects","Short and fun! A 1-2 minute word game about describing simple objects. Only one HIT per worker.","experiment, psychology, game, language, cognition, linguistics, description","$0.25","Mon Aug 11 20:53:08 PDT 2014","151","0","0","151","Reviewable","NotReviewed","1 scales","600","60000","Mon Aug 18 20:53:08 PDT 2014","S81125","Approved","","""Christmas tree""","""ornaments""","0","""right""","""middle""","-1","3","0","13","0","0","-1","-1","""TRUE""","""null""","""null""","-1","-1","-1","-1","-1","-1","""star and ornaments""","1","""right""","""How we communicate images.""","""""","0","""keyboard""","""target""","""null""","""null""","""null""","""null""","""null""","TRUE","""null""","""null""","""null""","""null""","""Christmas tree""","""Christmas tree""","""null""","""null""","""null""","""null""","""ornaments""","""star""","""null""","""null""","""null""","""null""","""right""","""right""","""null""","""null""","""null""","""null""","""star""","""star""","""null""","""null""","""null""","""null""","""middle""","""left""","""null""","""null""","""null""","""null""","""kb1b""","1","1","Virtual keyboard"
"Describing Objects","Short and fun! A 1-2 minute word game about describing simple objects. Only one HIT per worker.","experiment, psychology, game, language, cognition, linguistics, description","$0.25","Mon Aug 11 20:53:08 PDT 2014","151","0","0","151","Reviewable","NotReviewed","1 scales","600","60000","Mon Aug 18 20:53:08 PDT 2014","S26693","Approved","","""friend""","""hat""","0","""middle""","""left""","-1","3","0","13","0","0","-1","-1","""TRUE""","""null""","""null""","-1","-1","-1","-1","-1","-1","""hat with mustache""","1","""middle""","""this survey was using people's descriptions to see if they match with other people's""","""""","0","""keyboard""","""logical""","""null""","""null""","""null""","""null""","""null""","FALSE","""null""","""null""","""null""","""null""","""friend""","""sundae""","""null""","""null""","""null""","""null""","""hat""","""chocolate""","""null""","""null""","""null""","""null""","""middle""","""left""","""null""","""null""","""null""","""null""","""mustache""","""chocolate""","""null""","""null""","""null""","""null""","""left""","""middle""","""null""","""null""","""null""","""null""","""kb1b""","1","0","Virtual keyboard"
"Describing Objects","Short and fun! A 1-2 minute word game about describing simple objects. Only one HIT per worker.","experiment, psychology, game, language, cognition, linguistics, description","$0.25","Mon Aug 11 20:53:08 PDT 2014","151","0","0","151","Reviewable","NotReviewed","1 scales","600","60000","Mon Aug 18 20:53:08 PDT 2014","S05968","Approved","","""friend""","""hat""","0","""middle""","""right""","-1","3","0","13","0","0","-1","-1","""TRUE""","""null""","""null""","-1","-1","-1","-1","-1","-1","""he is the only tan face with a hat and stash.""","1","""middle""","""Describing X so another Turking could guess what it was.""","""My guy who wrote down \""motor\"" wasn't very wise at all. Multiple boats had motors.""","0","""keyboard""","""logical""","""null""","""null""","""null""","""null""","""null""","FALSE","""null""","""null""","""null""","""null""","""friend""","""boat""","""null""","""null""","""null""","""null""","""hat""","""motor""","""null""","""null""","""null""","""null""","""middle""","""middle""","""null""","""null""","""null""","""null""","""mustache""","""motor""","""null""","""null""","""null""","""null""","""right""","""right""","""null""","""null""","""null""","""null""","""kb1b""","1","0","Virtual keyboard"
"Describing Objects","Short and fun! A 1-2 minute word game about describing simple objects. Only one HIT per worker.","experiment, psychology, game, language, cognition, linguistics, description","$0.25","Mon Aug 11 20:53:08 PDT 2014","151","0","0","151","Reviewable","NotReviewed","1 scales","600","60000","Mon Aug 18 20:53:08 PDT 2014","S38683","Approved","","""friend""","""mustache""","0","""right""","""middle""","-1","3","0","13","0","0","-1","-1","""TRUE""","""null""","""null""","-1","-1","-1","-1","-1","-1","""he has a mustache, hat, but no glasses.""","1","""right""","""Describing a person to another who was wearing a hat and had a mustache and then picking one of 3 boats. I have no idea the purpose behind this. Perhaps it's to see how we would pick an object based on a limited description after making us do a description first. Maybe we each choose differently or something""","""""","0","""keyboard""","""target""","""null""","""null""","""null""","""null""","""null""","TRUE","""null""","""null""","""null""","""null""","""friend""","""boat""","""null""","""null""","""null""","""null""","""mustache""","""motor""","""null""","""null""","""null""","""null""","""right""","""right""","""null""","""null""","""null""","""null""","""hat""","""motor""","""null""","""null""","""null""","""null""","""middle""","""left""","""null""","""null""","""null""","""null""","""kb1b""","1","1","Virtual keyboard"
"Describing Objects","Short and fun! A 1-2 minute word game about describing simple objects. Only one HIT per worker.","experiment, psychology, game, language, cognition, linguistics, description","$0.25","Mon Aug 11 20:53:08 PDT 2014","151","0","0","151","Reviewable","NotReviewed","1 scales","600","60000","Mon Aug 18 20:53:08 PDT 2014","S69550","Approved","","""friend""","""mustache""","0","""left""","""right""","-1","3","0","13","0","0","-1","-1","""FALSE""","""null""","""null""","-1","-1","-1","-1","-1","-1","""the friend with the hat and mustashe.""","1","""left""","""Memorization""","""""","0","""keyboard""","""logical""","""null""","""null""","""null""","""null""","""null""","FALSE","""null""","""null""","""null""","""null""","""friend""","""friend""","""null""","""null""","""null""","""null""","""mustache""","""glasses""","""null""","""null""","""null""","""null""","""left""","""middle""","""null""","""null""","""null""","""null""","""hat""","""glasses""","""null""","""null""","""null""","""null""","""right""","""left""","""null""","""null""","""null""","""null""","""kb1b""","1","0","Virtual keyboard"
"Describing Objects","Short and fun! A 1-2 minute word game about describing simple objects. Only one HIT per worker.","experiment, psychology, game, language, cognition, linguistics, description","$0.25","Mon Aug 11 20:53:08 PDT 2014","151","0","0","151","Reviewable","NotReviewed","1 scales","600","60000","Mon Aug 18 20:53:08 PDT 2014","S16755","Approved","","""pizza""","""olives""","0","""middle""","""left""","-1","3","0","13","0","0","-1","-1","""TRUE""","""null""","""null""","-1","-1","-1","-1","-1","-1","""peppers and olives.""","1","""middle""","""What are people talking about?""","""""","0","""keyboard""","""logical""","""null""","""null""","""null""","""null""","""null""","FALSE","""null""","""null""","""null""","""null""","""pizza""","""boat""","""null""","""null""","""null""","""null""","""olives""","""motor""","""null""","""null""","""null""","""null""","""middle""","""left""","""null""","""null""","""null""","""null""","""peppers""","""motor""","""null""","""null""","""null""","""null""","""left""","""right""","""null""","""null""","""null""","""null""","""kb1b""","1","0","Virtual keyboard"
"Describing Objects","Short and fun! A 1-2 minute word game about describing simple objects. Only one HIT per worker.","experiment, psychology, game, language, cognition, linguistics, description","$0.25","Mon Aug 11 20:53:08 PDT 2014","151","0","0","151","Reviewable","NotReviewed","1 scales","600","60000","Mon Aug 18 20:53:08 PDT 2014","S21355","Approved","","""snowman""","""mittens""","0","""middle""","""left""","-1","3","0","13","0","0","-1","-1","""TRUE""","""null""","""null""","-1","-1","-1","-1","-1","-1","""gloves and no hat.""","1","""middle""","""snowmen and Bobs friend""","""""","0","""keyboard""","""target""","""null""","""null""","""null""","""null""","""null""","TRUE","""null""","""null""","""null""","""null""","""snowman""","""friend""","""null""","""null""","""null""","""null""","""mittens""","""hat""","""null""","""null""","""null""","""null""","""middle""","""left""","""null""","""null""","""null""","""null""","""scarf""","""hat""","""null""","""null""","""null""","""null""","""left""","""right""","""null""","""null""","""null""","""null""","""kb1b""","1","1","Virtual keyboard"
"Describing Objects","Short and fun! A 1-2 minute word game about describing simple objects. Only one HIT per worker.","experiment, psychology, game, language, cognition, linguistics, description","$0.25","Mon Aug 11 20:53:08 PDT 2014","151","0","0","151","Reviewable","NotReviewed","1 scales","600","60000","Mon Aug 18 20:53:08 PDT 2014","S96667","Approved","","""boat""","""sail""","0","""right""","""left""","-1","3","0","13","0","0","-1","-1","""TRUE""","""null""","""null""","-1","-1","-1","-1","-1","-1","""Boat with a sail and motor but no cabin.""","1","""right""","""Memory and description.""","""Bob looks more like an Emokid than a sailor.""","0","""keyboard""","""logical""","""null""","""null""","""null""","""null""","""null""","FALSE","""null""","""null""","""null""","""null""","""boat""","""friend""","""null""","""null""","""null""","""null""","""sail""","""glasses""","""null""","""null""","""null""","""null""","""right""","""middle""","""null""","""null""","""null""","""null""","""motor""","""glasses""","""null""","""null""","""null""","""null""","""left""","""left""","""null""","""null""","""null""","""null""","""kb1b""","1","0","Virtual keyboard"
"Describing Objects","Short and fun! A 1-2 minute word game about describing simple objects. Only one HIT per worker.","experiment, psychology, game, language, cognition, linguistics, description","$0.25","Mon Aug 11 20:53:08 PDT 2014","151","0","0","151","Reviewable","NotReviewed","1 scales","600","60000","Mon Aug 18 20:53:08 PDT 2014","S20165","Approved","","""pizza""","""peppers""","0","""middle""","""right""","-1","3","0","13","0","0","-1","-1","""TRUE""","""null""","""null""","-1","-1","-1","-1","-1","-1","""It is the pizza with peppers and olives.""","1","""middle""","""Describing objects.""","""Good luck.""","0","""keyboard""","""target""","""null""","""null""","""null""","""null""","""null""","TRUE","""null""","""null""","""null""","""null""","""pizza""","""friend""","""null""","""null""","""null""","""null""","""peppers""","""glasses""","""null""","""null""","""null""","""null""","""middle""","""left""","""null""","""null""","""null""","""null""","""olives""","""glasses""","""null""","""null""","""null""","""null""","""right""","""middle""","""null""","""null""","""null""","""null""","""kb1b""","1","1","Virtual keyboard"
"Describing Objects","Short and fun! A 1-2 minute word game about describing simple objects. Only one HIT per worker.","experiment, psychology, game, language, cognition, linguistics, description","$0.25","Mon Aug 11 20:53:08 PDT 2014","151","0","0","151","Reviewable","NotReviewed","1 scales","600","60000","Mon Aug 18 20:53:08 PDT 2014","S88644","Approved","","""sundae""","""whipped cream""","0","""right""","""middle""","-1","3","0","13","0","0","-1","-1","""FALSE""","""null""","""null""","-1","-1","-1","-1","-1","-1","""whipped topping""","1","""right""","""How we describe objects""","""""","0","""keyboard""","""target""","""null""","""null""","""null""","""null""","""null""","TRUE","""null""","""null""","""null""","""null""","""sundae""","""Christmas tree""","""null""","""null""","""null""","""null""","""whipped cream""","""star""","""null""","""null""","""null""","""null""","""right""","""left""","""null""","""null""","""null""","""null""","""cherry""","""star""","""null""","""null""","""null""","""null""","""middle""","""right""","""null""","""null""","""null""","""null""","""kb1b""","0","1","Virtual keyboard"
"Describing Objects","Short and fun! A 1-2 minute word game about describing simple objects. Only one HIT per worker.","experiment, psychology, game, language, cognition, linguistics, description","$0.25","Mon Aug 11 20:53:08 PDT 2014","151","0","0","151","Reviewable","NotReviewed","1 scales","600","60000","Mon Aug 18 20:53:08 PDT 2014","S74682","Approved","","""friend""","""glasses""","0","""left""","""right""","-1","3","0","13","0","0","-1","-1","""TRUE""","""null""","""null""","-1","-1","-1","-1","-1","-1",""" glasses mustache and no hat""","1","""left""","""Not too sure""","""No sir""","0","""keyboard""","""logical""","""null""","""null""","""null""","""null""","""null""","FALSE","""null""","""null""","""null""","""null""","""friend""","""Christmas tree""","""null""","""null""","""null""","""null""","""glasses""","""star""","""null""","""null""","""null""","""null""","""left""","""left""","""null""","""null""","""null""","""null""","""mustache""","""star""","""null""","""null""","""null""","""null""","""right""","""middle""","""null""","""null""","""null""","""null""","""kb1b""","1","0","Virtual keyboard"
"Describing Objects","Short and fun! A 1-2 minute word game about describing simple objects. Only one HIT per worker.","experiment, psychology, game, language, cognition, linguistics, description","$0.25","Mon Aug 11 20:53:08 PDT 2014","151","0","0","151","Reviewable","NotReviewed","1 scales","600","60000","Mon Aug 18 20:53:08 PDT 2014","S85513","Approved","","""sundae""","""chocolate""","0","""right""","""middle""","-1","3","0","13","0","0","-1","-1","""FALSE""","""null""","""null""","-1","-1","-1","-1","-1","-1","""3 scoops, chocolate and a cherry on top.""","1","""right""","""How participants communicate with limited information. ""","""""","0","""keyboard""","""target""","""null""","""null""","""null""","""null""","""null""","TRUE","""null""","""null""","""null""","""null""","""sundae""","""snowman""","""null""","""null""","""null""","""null""","""chocolate""","""mittens""","""null""","""null""","""null""","""null""","""right""","""middle""","""null""","""null""","""null""","""null""","""cherry""","""mittens""","""null""","""null""","""null""","""null""","""middle""","""left""","""null""","""null""","""null""","""null""","""kb1b""","1","1","Virtual keyboard"
"Describing Objects","Short and fun! A 1-2 minute word game about describing simple objects. Only one HIT per worker.","experiment, psychology, game, language, cognition, linguistics, description","$0.25","Mon Aug 11 20:53:08 PDT 2014","151","0","0","151","Reviewable","NotReviewed","1 scales","600","60000","Mon Aug 18 20:53:08 PDT 2014","S89808","Approved","","""boat""","""motor""","0","""left""","""right""","-1","3","0","13","0","0","-1","-1","""TRUE""","""null""","""null""","-1","-1","-1","-1","-1","-1","""motor but no sail.""","1","""left""","""Communicating  about Bob and his preferences. ""","""""","0","""keyboard""","""target""","""null""","""null""","""null""","""null""","""null""","TRUE","""null""","""null""","""null""","""null""","""boat""","""Christmas tree""","""null""","""null""","""null""","""null""","""motor""","""lights""","""null""","""null""","""null""","""null""","""left""","""left""","""null""","""null""","""null""","""null""","""cabin""","""lights""","""null""","""null""","""null""","""null""","""right""","""right""","""null""","""null""","""null""","""null""","""kb1b""","1","1","Virtual keyboard"
"Describing Objects","Short and fun! A 1-2 minute word game about describing simple objects. Only one HIT per worker.","experiment, psychology, game, language, cognition, linguistics, description","$0.25","Mon Aug 11 20:53:08 PDT 2014","151","0","0","151","Reviewable","NotReviewed","1 scales","600","60000","Mon Aug 18 20:53:08 PDT 2014","S73152","Approved","","""snowman""","""scarf""","0","""left""","""middle""","-1","3","0","13","0","0","-1","-1","""TRUE""","""null""","""null""","-1","-1","-1","-1","-1","-1","""there is a snowman with coal eyes and coal mouth ""","2","""middle""","""explaining things ""","""""","0","""keyboard""","""target""","""null""","""null""","""null""","""null""","""null""","TRUE","""null""","""null""","""null""","""null""","""snowman""","""boat""","""null""","""null""","""null""","""null""","""scarf""","""cabin""","""null""","""null""","""null""","""null""","""left""","""left""","""null""","""null""","""null""","""null""","""mittens""","""cabin""","""null""","""null""","""null""","""null""","""middle""","""middle""","""null""","""null""","""null""","""null""","""kb1b""","1","1","Virtual keyboard"
"Describing Objects","Short and fun! A 1-2 minute word game about describing simple objects. Only one HIT per worker.","experiment, psychology, game, language, cognition, linguistics, description","$0.25","Mon Aug 11 20:53:08 PDT 2014","151","0","0","151","Reviewable","NotReviewed","1 scales","600","60000","Mon Aug 18 20:53:08 PDT 2014","S01855","Approved","","""Christmas tree""","""lights""","0","""right""","""left""","-1","3","0","13","0","0","-1","-1","""TRUE""","""null""","""null""","-1","-1","-1","-1","-1","-1","""The tree is a darker green with lights.""","2","""left""","""About communication and identifying objects. ""","""""","0","""keyboard""","""target""","""null""","""null""","""null""","""null""","""null""","TRUE","""null""","""null""","""null""","""null""","""Christmas tree""","""friend""","""null""","""null""","""null""","""null""","""lights""","""hat""","""null""","""null""","""null""","""null""","""right""","""right""","""null""","""null""","""null""","""null""","""star""","""hat""","""null""","""null""","""null""","""null""","""left""","""left""","""null""","""null""","""null""","""null""","""kb1b""","1","1","Virtual keyboard"
"Describing Objects","Short and fun! A 1-2 minute word game about describing simple objects. Only one HIT per worker.","experiment, psychology, game, language, cognition, linguistics, description","$0.25","Mon Aug 11 20:53:08 PDT 2014","151","0","0","151","Reviewable","NotReviewed","1 scales","600","60000","Mon Aug 18 20:53:08 PDT 2014","S67007","Approved","","""boat""","""motor""","0","""right""","""middle""","-1","3","0","13","0","0","-1","-1","""FALSE""","""null""","""null""","-1","-1","-1","-1","-1","-1","""the sail""","2","""middle""","""elimination""","""i like this, please keep them coming""","0","""keyboard""","""target""","""null""","""null""","""null""","""null""","""null""","TRUE","""null""","""null""","""null""","""null""","""boat""","""snowman""","""null""","""null""","""null""","""null""","""motor""","""hat""","""null""","""null""","""null""","""null""","""right""","""left""","""null""","""null""","""null""","""null""","""cabin""","""hat""","""null""","""null""","""null""","""null""","""middle""","""right""","""null""","""null""","""null""","""null""","""kb1b""","0","1","Virtual keyboard"
"Describing Objects","Short and fun! A 1-2 minute word game about describing simple objects. Only one HIT per worker.","experiment, psychology, game, language, cognition, linguistics, description","$0.25","Mon Aug 11 20:53:08 PDT 2014","151","0","0","151","Reviewable","NotReviewed","1 scales","600","60000","Mon Aug 18 20:53:08 PDT 2014","S30128","Approved","","""friend""","""hat""","0","""middle""","""right""","-1","3","0","13","0","0","-1","-1","""TRUE""","""null""","""null""","-1","-1","-1","-1","-1","-1","""he's wearing glasses and a hat.""","2","""right""","""Identifying things with words""","""""","0","""keyboard""","""target""","""null""","""null""","""null""","""null""","""null""","TRUE","""null""","""null""","""null""","""null""","""friend""","""boat""","""null""","""null""","""null""","""null""","""hat""","""sail""","""null""","""null""","""null""","""null""","""middle""","""middle""","""null""","""null""","""null""","""null""","""mustache""","""sail""","""null""","""null""","""null""","""null""","""right""","""right""","""null""","""null""","""null""","""null""","""kb1b""","1","1","Virtual keyboard"
"Describing Objects","Short and fun! A 1-2 minute word game about describing simple objects. Only one HIT per worker.","experiment, psychology, game, language, cognition, linguistics, description","$0.25","Mon Aug 11 20:53:08 PDT 2014","151","0","0","151","Reviewable","NotReviewed","1 scales","600","60000","Mon Aug 18 20:53:08 PDT 2014","S90348","Approved","","""friend""","""hat""","0","""left""","""right""","-1","3","0","13","0","0","-1","-1","""TRUE""","""null""","""null""","-1","-1","-1","-1","-1","-1","""glasses""","2","""right""","""describing objects""","""""","0","""keyboard""","""logical""","""null""","""null""","""null""","""null""","""null""","FALSE","""null""","""null""","""null""","""null""","""friend""","""snowman""","""null""","""null""","""null""","""null""","""hat""","""hat""","""null""","""null""","""null""","""null""","""left""","""right""","""null""","""null""","""null""","""null""","""mustache""","""hat""","""null""","""null""","""null""","""null""","""right""","""left""","""null""","""null""","""null""","""null""","""kb1b""","0","0","Virtual keyboard"
"Describing Objects","Short and fun! A 1-2 minute word game about describing simple objects. Only one HIT per worker.","experiment, psychology, game, language, cognition, linguistics, description","$0.25","Mon Aug 11 20:53:08 PDT 2014","151","0","0","151","Reviewable","NotReviewed","1 scales","600","60000","Mon Aug 18 20:53:08 PDT 2014","S73519","Approved","","""friend""","""mustache""","0","""left""","""right""","-1","3","0","13","0","0","-1","-1","""TRUE""","""null""","""null""","-1","-1","-1","-1","-1","-1","""the medium yellow face without glasses and with both a mustache and hat.""","2","""right""","""The first exercise asked me to pick and describe a smiley face to another turker, the second exercise asked me to chose a snowman based on the description from another turker. ""","""""","0","""keyboard""","""logical""","""null""","""null""","""null""","""null""","""null""","FALSE","""null""","""null""","""null""","""null""","""friend""","""snowman""","""null""","""null""","""null""","""null""","""mustache""","""scarf""","""null""","""null""","""null""","""null""","""left""","""left""","""null""","""null""","""null""","""null""","""glasses""","""scarf""","""null""","""null""","""null""","""null""","""right""","""middle""","""null""","""null""","""null""","""null""","""kb1b""","1","0","Virtual keyboard"
"Describing Objects","Short and fun! A 1-2 minute word game about describing simple objects. Only one HIT per worker.","experiment, psychology, game, language, cognition, linguistics, description","$0.25","Mon Aug 11 20:53:08 PDT 2014","151","0","0","151","Reviewable","NotReviewed","1 scales","600","60000","Mon Aug 18 20:53:08 PDT 2014","S00527","Approved","","""sundae""","""chocolate""","0","""right""","""middle""","-1","3","0","13","0","0","-1","-1","""TRUE""","""null""","""null""","-1","-1","-1","-1","-1","-1","""Pick the sund¥Ë_ with a cherry on top.""","2","""middle""","""Describing pictures of sundaes to other people.""","""nope""","0","""keyboard""","""target""","""null""","""null""","""null""","""null""","""null""","TRUE","""null""","""null""","""null""","""null""","""sundae""","""sundae""","""null""","""null""","""null""","""null""","""chocolate""","""whipped cream""","""null""","""null""","""null""","""null""","""right""","""middle""","""null""","""null""","""null""","""null""","""whipped cream""","""whipped cream""","""null""","""null""","""null""","""null""","""middle""","""left""","""null""","""null""","""null""","""null""","""kb1b""","0","1","Virtual keyboard"
"Describing Objects","Short and fun! A 1-2 minute word game about describing simple objects. Only one HIT per worker.","experiment, psychology, game, language, cognition, linguistics, description","$0.25","Mon Aug 11 20:53:08 PDT 2014","151","0","0","151","Reviewable","NotReviewed","1 scales","600","60000","Mon Aug 18 20:53:08 PDT 2014","S67299","Approved","","""pizza""","""olives""","0","""middle""","""left""","-1","3","0","13","0","0","-1","-1","""TRUE""","""null""","""null""","-1","-1","-1","-1","-1","-1","""mushrooms""","2","""left""","""descriptive words""","""""","0","""keyboard""","""target""","""null""","""null""","""null""","""null""","""null""","TRUE","""null""","""null""","""null""","""null""","""pizza""","""sundae""","""null""","""null""","""null""","""null""","""olives""","""cherry""","""null""","""null""","""null""","""null""","""middle""","""middle""","""null""","""null""","""null""","""null""","""peppers""","""cherry""","""null""","""null""","""null""","""null""","""left""","""left""","""null""","""null""","""null""","""null""","""kb1b""","0","1","Virtual keyboard"
"Describing Objects","Short and fun! A 1-2 minute word game about describing simple objects. Only one HIT per worker.","experiment, psychology, game, language, cognition, linguistics, description","$0.25","Mon Aug 11 20:53:08 PDT 2014","151","0","0","151","Reviewable","NotReviewed","1 scales","600","60000","Mon Aug 18 20:53:08 PDT 2014","S39467","Approved","","""Christmas tree""","""ornaments""","0","""right""","""left""","-1","3","0","13","0","0","-1","-1","""TRUE""","""null""","""null""","-1","-1","-1","-1","-1","-1","""THE STAR""","2","""left""","""relate to pictures""","""no""","0","""keyboard""","""target""","""null""","""null""","""null""","""null""","""null""","TRUE","""null""","""null""","""null""","""null""","""Christmas tree""","""pizza""","""null""","""null""","""null""","""null""","""ornaments""","""olives""","""null""","""null""","""null""","""null""","""right""","""middle""","""null""","""null""","""null""","""null""","""lights""","""olives""","""null""","""null""","""null""","""null""","""left""","""right""","""null""","""null""","""null""","""null""","""kb1b""","0","1","Virtual keyboard"
"Describing Objects","Short and fun! A 1-2 minute word game about describing simple objects. Only one HIT per worker.","experiment, psychology, game, language, cognition, linguistics, description","$0.25","Mon Aug 11 20:53:08 PDT 2014","151","0","0","151","Reviewable","NotReviewed","1 scales","600","60000","Mon Aug 18 20:53:08 PDT 2014","S14180","Approved","","""sundae""","""whipped cream""","0","""middle""","""left""","-1","3","0","13","0","0","-1","-1","""TRUE""","""null""","""null""","-1","-1","-1","-1","-1","-1","""three scoops of ice cream. the outside two have whipped cream on top, the middle scoop has a cherry.""","2","""left""","""Descriptions.""","""""","0","""keyboard""","""logical""","""null""","""null""","""null""","""null""","""null""","FALSE","""null""","""null""","""null""","""null""","""sundae""","""friend""","""null""","""null""","""null""","""null""","""whipped cream""","""hat""","""null""","""null""","""null""","""null""","""middle""","""right""","""null""","""null""","""null""","""null""","""chocolate""","""hat""","""null""","""null""","""null""","""null""","""left""","""left""","""null""","""null""","""null""","""null""","""kb1b""","NA","0","Virtual keyboard"
"Describing Objects","Short and fun! A 1-2 minute word game about describing simple objects. Only one HIT per worker.","experiment, psychology, game, language, cognition, linguistics, description","$0.25","Mon Aug 11 20:53:08 PDT 2014","151","0","0","151","Reviewable","NotReviewed","1 scales","600","60000","Mon Aug 18 20:53:08 PDT 2014","S75038","Approved","","""sundae""","""chocolate""","0","""right""","""middle""","-1","3","0","13","0","0","-1","-1","""TRUE""","""null""","""null""","-1","-1","-1","-1","-1","-1","""a cherry""","2","""middle""","""describing pictures""","""""","0","""keyboard""","""target""","""null""","""null""","""null""","""null""","""null""","TRUE","""null""","""null""","""null""","""null""","""sundae""","""boat""","""null""","""null""","""null""","""null""","""chocolate""","""motor""","""null""","""null""","""null""","""null""","""right""","""right""","""null""","""null""","""null""","""null""","""whipped cream""","""motor""","""null""","""null""","""null""","""null""","""middle""","""middle""","""null""","""null""","""null""","""null""","""kb1b""","0","1","Virtual keyboard"
"Describing Objects","Short and fun! A 1-2 minute word game about describing simple objects. Only one HIT per worker.","experiment, psychology, game, language, cognition, linguistics, description","$0.25","Mon Aug 11 20:53:08 PDT 2014","151","0","0","151","Reviewable","NotReviewed","1 scales","600","60000","Mon Aug 18 20:53:08 PDT 2014","S56423","Approved","","""friend""","""glasses""","0","""right""","""middle""","-1","3","0","13","0","0","-1","-1","""TRUE""","""null""","""null""","-1","-1","-1","-1","-1","-1","""the hat""","2","""middle""","""describing ""","""""","0","""keyboard""","""logical""","""null""","""null""","""null""","""null""","""null""","FALSE","""null""","""null""","""null""","""null""","""friend""","""sundae""","""null""","""null""","""null""","""null""","""glasses""","""chocolate""","""null""","""null""","""null""","""null""","""right""","""right""","""null""","""null""","""null""","""null""","""mustache""","""chocolate""","""null""","""null""","""null""","""null""","""middle""","""middle""","""null""","""null""","""null""","""null""","""kb1b""","0","0","Virtual keyboard"
"Describing Objects","Short and fun! A 1-2 minute word game about describing simple objects. Only one HIT per worker.","experiment, psychology, game, language, cognition, linguistics, description","$0.25","Mon Aug 11 20:53:08 PDT 2014","151","0","0","151","Reviewable","NotReviewed","1 scales","600","60000","Mon Aug 18 20:53:08 PDT 2014","S54643","Approved","","""Christmas tree""","""star""","0","""middle""","""right""","-1","3","0","13","0","0","-1","-1","""TRUE""","""null""","""null""","-1","-1","-1","-1","-1","-1","""strung lights.""","2","""right""","""picking which item is described""","""""","0","""keyboard""","""target""","""null""","""null""","""null""","""null""","""null""","TRUE","""null""","""null""","""null""","""null""","""Christmas tree""","""pizza""","""null""","""null""","""null""","""null""","""star""","""olives""","""null""","""null""","""null""","""null""","""middle""","""middle""","""null""","""null""","""null""","""null""","""ornaments""","""olives""","""null""","""null""","""null""","""null""","""right""","""left""","""null""","""null""","""null""","""null""","""kb1b""","0","1","Virtual keyboard"
"Describing Objects","Short and fun! A 1-2 minute word game about describing simple objects. Only one HIT per worker.","experiment, psychology, game, language, cognition, linguistics, description","$0.25","Mon Aug 11 20:53:08 PDT 2014","151","0","0","151","Reviewable","NotReviewed","1 scales","600","60000","Mon Aug 18 20:53:08 PDT 2014","S29117","Approved","","""Christmas tree""","""ornaments""","0","""middle""","""right""","-1","3","0","13","0","0","-1","-1","""FALSE""","""null""","""null""","-1","-1","-1","-1","-1","-1","""the star on top.""","2","""right""","""describing objects, but probably really about remembering small details""","""""","0","""keyboard""","""target""","""null""","""null""","""null""","""null""","""null""","TRUE","""null""","""null""","""null""","""null""","""Christmas tree""","""sundae""","""null""","""null""","""null""","""null""","""ornaments""","""whipped cream""","""null""","""null""","""null""","""null""","""middle""","""left""","""null""","""null""","""null""","""null""","""lights""","""whipped cream""","""null""","""null""","""null""","""null""","""right""","""right""","""null""","""null""","""null""","""null""","""kb1b""","0","1","Virtual keyboard"
"Describing Objects","Short and fun! A 1-2 minute word game about describing simple objects. Only one HIT per worker.","experiment, psychology, game, language, cognition, linguistics, description","$0.25","Mon Aug 11 20:53:08 PDT 2014","151","0","0","151","Reviewable","NotReviewed","1 scales","600","60000","Mon Aug 18 20:53:08 PDT 2014","S29833","Approved","","""friend""","""glasses""","0","""left""","""right""","-1","3","0","13","0","0","-1","-1","""TRUE""","""null""","""null""","-1","-1","-1","-1","-1","-1","""a hat""","2","""right""","""a friend""","""good survey""","0","""keyboard""","""target""","""null""","""null""","""null""","""null""","""null""","TRUE","""null""","""null""","""null""","""null""","""friend""","""friend""","""null""","""null""","""null""","""null""","""glasses""","""glasses""","""null""","""null""","""null""","""null""","""left""","""middle""","""null""","""null""","""null""","""null""","""mustache""","""glasses""","""null""","""null""","""null""","""null""","""right""","""left""","""null""","""null""","""null""","""null""","""kb1b""","0","1","Virtual keyboard"
"Describing Objects","Short and fun! A 1-2 minute word game about describing simple objects. Only one HIT per worker.","experiment, psychology, game, language, cognition, linguistics, description","$0.25","Mon Aug 11 20:53:08 PDT 2014","151","0","0","151","Reviewable","NotReviewed","1 scales","600","60000","Mon Aug 18 20:53:08 PDT 2014","S75126","Approved","","""friend""","""glasses""","0","""left""","""right""","-1","3","0","13","0","0","-1","-1","""TRUE""","""null""","""null""","-1","-1","-1","-1","-1","-1","""mustache""","2","""right""","""communication""","""""","0","""keyboard""","""logical""","""null""","""null""","""null""","""null""","""null""","FALSE","""null""","""null""","""null""","""null""","""friend""","""sundae""","""null""","""null""","""null""","""null""","""glasses""","""whipped cream""","""null""","""null""","""null""","""null""","""left""","""right""","""null""","""null""","""null""","""null""","""hat""","""whipped cream""","""null""","""null""","""null""","""null""","""right""","""left""","""null""","""null""","""null""","""null""","""kb1b""","0","0","Virtual keyboard"
"Describing Objects","Short and fun! A 1-2 minute word game about describing simple objects. Only one HIT per worker.","experiment, psychology, game, language, cognition, linguistics, description","$0.25","Mon Aug 11 20:53:08 PDT 2014","151","0","0","151","Reviewable","NotReviewed","1 scales","600","60000","Mon Aug 18 20:53:08 PDT 2014","S26896","Approved","","""snowman""","""scarf""","0","""right""","""middle""","-1","3","0","13","0","0","-1","-1","""TRUE""","""null""","""null""","-1","-1","-1","-1","-1","-1","""the hat""","2","""middle""","""describing a snowman and answering a question about a description. ""","""I didn't like the keyboard that we had to use. ""","0","""keyboard""","""logical""","""null""","""null""","""null""","""null""","""null""","FALSE","""null""","""null""","""null""","""null""","""snowman""","""boat""","""null""","""null""","""null""","""null""","""scarf""","""motor""","""null""","""null""","""null""","""null""","""right""","""right""","""null""","""null""","""null""","""null""","""mittens""","""motor""","""null""","""null""","""null""","""null""","""middle""","""middle""","""null""","""null""","""null""","""null""","""kb1b""","0","0","Virtual keyboard"
"Describing Objects","Short and fun! A 1-2 minute word game about describing simple objects. Only one HIT per worker.","experiment, psychology, game, language, cognition, linguistics, description","$0.25","Mon Aug 11 20:53:08 PDT 2014","151","0","0","151","Reviewable","NotReviewed","1 scales","600","60000","Mon Aug 18 20:53:08 PDT 2014","S96993","Approved","","""boat""","""cabin""","0","""right""","""left""","-1","3","0","13","0","0","-1","-1","""TRUE""","""null""","""null""","-1","-1","-1","-1","-1","-1","""sail""","2","""left""","""communicating with a single word""","""""","0","""keyboard""","""target""","""null""","""null""","""null""","""null""","""null""","TRUE","""null""","""null""","""null""","""null""","""boat""","""sundae""","""null""","""null""","""null""","""null""","""cabin""","""cherry""","""null""","""null""","""null""","""null""","""right""","""right""","""null""","""null""","""null""","""null""","""motor""","""cherry""","""null""","""null""","""null""","""null""","""left""","""middle""","""null""","""null""","""null""","""null""","""kb1b""","0","1","Virtual keyboard"
"Describing Objects","Short and fun! A 1-2 minute word game about describing simple objects. Only one HIT per worker.","experiment, psychology, game, language, cognition, linguistics, description","$0.25","Mon Aug 11 20:53:08 PDT 2014","151","0","0","151","Reviewable","NotReviewed","1 scales","600","60000","Mon Aug 18 20:53:08 PDT 2014","S76210","Approved","","""friend""","""mustache""","0","""right""","""left""","-1","3","0","13","0","0","-1","-1","""TRUE""","""null""","""null""","-1","-1","-1","-1","-1","-1","""he has a hat.""","2","""left""","""To see if we can describe a persons face properly. ""","""It was weird.""","0","""keyboard""","""target""","""null""","""null""","""null""","""null""","""null""","TRUE","""null""","""null""","""null""","""null""","""friend""","""friend""","""null""","""null""","""null""","""null""","""mustache""","""hat""","""null""","""null""","""null""","""null""","""right""","""left""","""null""","""null""","""null""","""null""","""glasses""","""hat""","""null""","""null""","""null""","""null""","""left""","""right""","""null""","""null""","""null""","""null""","""kb1b""","0","1","Virtual keyboard"
"Describing Objects","Short and fun! A 1-2 minute word game about describing simple objects. Only one HIT per worker.","experiment, psychology, game, language, cognition, linguistics, description","$0.25","Mon Aug 11 20:53:08 PDT 2014","151","0","0","151","Reviewable","NotReviewed","1 scales","600","60000","Mon Aug 18 20:53:08 PDT 2014","S02099","Approved","","""pizza""","""mushrooms""","0","""middle""","""right""","-1","3","0","13","0","0","-1","-1","""TRUE""","""null""","""null""","-1","-1","-1","-1","-1","-1","""black olives""","2","""right""","""Describing an object.""","""none""","0","""keyboard""","""target""","""null""","""null""","""null""","""null""","""null""","TRUE","""null""","""null""","""null""","""null""","""pizza""","""boat""","""null""","""null""","""null""","""null""","""mushrooms""","""motor""","""null""","""null""","""null""","""null""","""middle""","""middle""","""null""","""null""","""null""","""null""","""peppers""","""motor""","""null""","""null""","""null""","""null""","""right""","""right""","""null""","""null""","""null""","""null""","""kb1b""","0","1","Virtual keyboard"
"Describing Objects","Short and fun! A 1-2 minute word game about describing simple objects. Only one HIT per worker.","experiment, psychology, game, language, cognition, linguistics, description","$0.25","Mon Aug 11 20:53:08 PDT 2014","151","0","0","151","Reviewable","NotReviewed","1 scales","600","60000","Mon Aug 18 20:53:08 PDT 2014","S83713","Approved","","""boat""","""sail""","0","""left""","""right""","-1","3","0","13","0","0","-1","-1","""TRUE""","""null""","""null""","-1","-1","-1","-1","-1","-1","""a motor""","2","""right""","""Language""","""""","0","""keyboard""","""logical""","""null""","""null""","""null""","""null""","""null""","FALSE","""null""","""null""","""null""","""null""","""boat""","""Christmas tree""","""null""","""null""","""null""","""null""","""sail""","""ornaments""","""null""","""null""","""null""","""null""","""left""","""middle""","""null""","""null""","""null""","""null""","""cabin""","""ornaments""","""null""","""null""","""null""","""null""","""right""","""left""","""null""","""null""","""null""","""null""","""kb1b""","0","0","Virtual keyboard"
"Describing Objects","Short and fun! A 1-2 minute word game about describing simple objects. Only one HIT per worker.","experiment, psychology, game, language, cognition, linguistics, description","$0.25","Mon Aug 11 20:53:08 PDT 2014","151","0","0","151","Reviewable","NotReviewed","1 scales","600","60000","Mon Aug 18 20:53:08 PDT 2014","S71689","Approved","","""sundae""","""chocolate""","0","""middle""","""left""","-1","3","0","13","0","0","-1","-1","""TRUE""","""null""","""null""","-1","-1","-1","-1","-1","-1","""whipped cream""","2","""left""","""What words we use to communicate with other people.""","""""","0","""keyboard""","""target""","""null""","""null""","""null""","""null""","""null""","TRUE","""null""","""null""","""null""","""null""","""sundae""","""boat""","""null""","""null""","""null""","""null""","""chocolate""","""sail""","""null""","""null""","""null""","""null""","""middle""","""left""","""null""","""null""","""null""","""null""","""cherry""","""sail""","""null""","""null""","""null""","""null""","""left""","""right""","""null""","""null""","""null""","""null""","""kb1b""","0","1","Virtual keyboard"
"Describing Objects","Short and fun! A 1-2 minute word game about describing simple objects. Only one HIT per worker.","experiment, psychology, game, language, cognition, linguistics, description","$0.25","Mon Aug 11 20:53:08 PDT 2014","151","0","0","151","Reviewable","NotReviewed","1 scales","600","60000","Mon Aug 18 20:53:08 PDT 2014","S87466","Approved","","""boat""","""cabin""","0","""left""","""middle""","-1","3","0","13","0","0","-1","-1","""TRUE""","""null""","""null""","-1","-1","-1","-1","-1","-1","""a""","2","""middle""","""PICKING A BOAT""","""NO TY""","0","""keyboard""","""target""","""null""","""null""","""null""","""null""","""null""","TRUE","""null""","""null""","""null""","""null""","""boat""","""boat""","""null""","""null""","""null""","""null""","""cabin""","""sail""","""null""","""null""","""null""","""null""","""left""","""left""","""null""","""null""","""null""","""null""","""motor""","""sail""","""null""","""null""","""null""","""null""","""middle""","""middle""","""null""","""null""","""null""","""null""","""kb1b""","NA","1","Virtual keyboard"
"Describing Objects","Short and fun! A 1-2 minute word game about describing simple objects. Only one HIT per worker.","experiment, psychology, game, language, cognition, linguistics, description","$0.25","Mon Aug 11 20:53:08 PDT 2014","151","0","0","151","Reviewable","NotReviewed","1 scales","600","60000","Mon Aug 18 20:53:08 PDT 2014","S03393","Approved","","""sundae""","""cherry""","0","""middle""","""left""","-1","3","0","13","0","0","-1","-1","""TRUE""","""null""","""null""","-1","-1","-1","-1","-1","-1","""whiped cream  no chocalte""","2","""left""","""talking with other turkers , seeing pictures of items and descrbing them ot another turking""","""no comments all good nice survey""","0","""keyboard""","""logical""","""null""","""null""","""null""","""null""","""null""","FALSE","""null""","""null""","""null""","""null""","""sundae""","""boat""","""null""","""null""","""null""","""null""","""cherry""","""cabin""","""null""","""null""","""null""","""null""","""middle""","""middle""","""null""","""null""","""null""","""null""","""chocolate""","""cabin""","""null""","""null""","""null""","""null""","""left""","""right""","""null""","""null""","""null""","""null""","""kb1b""","1","0","Virtual keyboard"
"Describing Objects","Short and fun! A 1-2 minute word game about describing simple objects. Only one HIT per worker.","experiment, psychology, game, language, cognition, linguistics, description","$0.25","Mon Aug 11 20:53:08 PDT 2014","151","0","0","151","Reviewable","NotReviewed","1 scales","600","60000","Mon Aug 18 20:53:08 PDT 2014","S84848","Approved","","""snowman""","""hat""","0","""left""","""right""","-1","3","0","13","0","0","-1","-1","""FALSE""","""null""","""null""","-1","-1","-1","-1","-1","-1","""snowman is wearing hat, scarf and gloves.""","2","""right""","""a snowman and describing the snowman between letter A,B, and C to another turker""","""""","0","""keyboard""","""target""","""null""","""null""","""null""","""null""","""null""","TRUE","""null""","""null""","""null""","""null""","""snowman""","""snowman""","""null""","""null""","""null""","""null""","""hat""","""mittens""","""null""","""null""","""null""","""null""","""left""","""middle""","""null""","""null""","""null""","""null""","""mittens""","""mittens""","""null""","""null""","""null""","""null""","""right""","""right""","""null""","""null""","""null""","""null""","""kb1b""","1","1","Virtual keyboard"
"Describing Objects","Short and fun! A 1-2 minute word game about describing simple objects. Only one HIT per worker.","experiment, psychology, game, language, cognition, linguistics, description","$0.25","Mon Aug 11 20:53:08 PDT 2014","151","0","0","151","Reviewable","NotReviewed","1 scales","600","60000","Mon Aug 18 20:53:08 PDT 2014","S52298","Approved","","""pizza""","""mushrooms""","0","""middle""","""left""","-1","3","0","13","0","0","-1","-1","""TRUE""","""null""","""null""","-1","-1","-1","-1","-1","-1","""olives""","2","""left""","""food""","""""","0","""keyboard""","""logical""","""null""","""null""","""null""","""null""","""null""","FALSE","""null""","""null""","""null""","""null""","""pizza""","""sundae""","""null""","""null""","""null""","""null""","""mushrooms""","""chocolate""","""null""","""null""","""null""","""null""","""middle""","""left""","""null""","""null""","""null""","""null""","""peppers""","""chocolate""","""null""","""null""","""null""","""null""","""left""","""right""","""null""","""null""","""null""","""null""","""kb1b""","0","0","Virtual keyboard"
"Describing Objects","Short and fun! A 1-2 minute word game about describing simple objects. Only one HIT per worker.","experiment, psychology, game, language, cognition, linguistics, description","$0.25","Mon Aug 11 20:53:08 PDT 2014","151","0","0","151","Reviewable","NotReviewed","1 scales","600","60000","Mon Aug 18 20:53:08 PDT 2014","S21192","Approved","","""Christmas tree""","""lights""","0","""middle""","""left""","-1","3","0","13","0","0","-1","-1","""FALSE""","""null""","""null""","-1","-1","-1","-1","-1","-1","""the tree with a star on it.""","2","""left""","""Decisions""","""""","0","""keyboard""","""target""","""null""","""null""","""null""","""null""","""null""","TRUE","""null""","""null""","""null""","""null""","""Christmas tree""","""sundae""","""null""","""null""","""null""","""null""","""lights""","""cherry""","""null""","""null""","""null""","""null""","""middle""","""middle""","""null""","""null""","""null""","""null""","""ornaments""","""cherry""","""null""","""null""","""null""","""null""","""left""","""left""","""null""","""null""","""null""","""null""","""kb1b""","0","1","Virtual keyboard"
"Describing Objects","Short and fun! A 1-2 minute word game about describing simple objects. Only one HIT per worker.","experiment, psychology, game, language, cognition, linguistics, description","$0.25","Mon Aug 11 20:53:08 PDT 2014","151","0","0","151","Reviewable","NotReviewed","1 scales","600","60000","Mon Aug 18 20:53:08 PDT 2014","S98040","Approved","","""boat""","""sail""","0","""middle""","""right""","-1","3","0","13","0","0","-1","-1","""TRUE""","""null""","""null""","-1","-1","-1","-1","-1","-1","""the boat is gray with a brown motor/rudder.""","2","""right""","""Description of objects.""","""n/a""","0","""keyboard""","""target""","""null""","""null""","""null""","""null""","""null""","TRUE","""null""","""null""","""null""","""null""","""boat""","""friend""","""null""","""null""","""null""","""null""","""sail""","""mustache""","""null""","""null""","""null""","""null""","""middle""","""middle""","""null""","""null""","""null""","""null""","""cabin""","""mustache""","""null""","""null""","""null""","""null""","""right""","""left""","""null""","""null""","""null""","""null""","""kb1b""","1","1","Virtual keyboard"
"Describing Objects","Short and fun! A 1-2 minute word game about describing simple objects. Only one HIT per worker.","experiment, psychology, game, language, cognition, linguistics, description","$0.25","Mon Aug 11 20:53:08 PDT 2014","151","0","0","151","Reviewable","NotReviewed","1 scales","600","60000","Mon Aug 18 20:53:08 PDT 2014","S11317","Approved","","""friend""","""mustache""","0","""right""","""middle""","-1","3","0","13","0","0","-1","-1","""TRUE""","""null""","""null""","-1","-1","-1","-1","-1","-1","""this person has brown horn-rimmed glasses, an inviting smile and a grey moustache with curled tips.""","2","""middle""","""communicating""","""\""moustache\"" doesnt cut it for the other guy.""","0","""keyboard""","""logical""","""null""","""null""","""null""","""null""","""null""","FALSE","""null""","""null""","""null""","""null""","""friend""","""friend""","""null""","""null""","""null""","""null""","""mustache""","""mustache""","""null""","""null""","""null""","""null""","""right""","""right""","""null""","""null""","""null""","""null""","""hat""","""mustache""","""null""","""null""","""null""","""null""","""middle""","""left""","""null""","""null""","""null""","""null""","""kb1b""","1","0","Virtual keyboard"
"Describing Objects","Short and fun! A 1-2 minute word game about describing simple objects. Only one HIT per worker.","experiment, psychology, game, language, cognition, linguistics, description","$0.25","Mon Aug 11 20:53:08 PDT 2014","151","0","0","151","Reviewable","NotReviewed","1 scales","600","60000","Mon Aug 18 20:53:08 PDT 2014","S71925","Approved","","""friend""","""mustache""","0","""right""","""middle""","-1","3","0","13","0","0","-1","-1","""TRUE""","""null""","""null""","-1","-1","-1","-1","-1","-1","""Character B has a pale yellow complexion, a mustashe, an is wearing glasses.""","2","""middle""","""Describing objects using an on-screen keyboard.""","""""","0","""keyboard""","""logical""","""null""","""null""","""null""","""null""","""null""","FALSE","""null""","""null""","""null""","""null""","""friend""","""sundae""","""null""","""null""","""null""","""null""","""mustache""","""whipped cream""","""null""","""null""","""null""","""null""","""right""","""right""","""null""","""null""","""null""","""null""","""hat""","""whipped cream""","""null""","""null""","""null""","""null""","""middle""","""middle""","""null""","""null""","""null""","""null""","""kb1b""","1","0","Virtual keyboard"
"Describing Objects","Short and fun! A 1-2 minute word game about describing simple objects. Only one HIT per worker.","experiment, psychology, game, language, cognition, linguistics, description","$0.25","Mon Aug 11 20:53:08 PDT 2014","151","0","0","151","Reviewable","NotReviewed","1 scales","600","60000","Mon Aug 18 20:53:08 PDT 2014","S02637","Approved","","""pizza""","""olives""","0","""right""","""middle""","-1","3","0","13","0","0","-1","-1","""TRUE""","""null""","""null""","-1","-1","-1","-1","-1","-1","""olives without peppers""","2","""middle""","""Descrebing objects""","""""","0","""keyboard""","""logical""","""null""","""null""","""null""","""null""","""null""","FALSE","""null""","""null""","""null""","""null""","""pizza""","""sundae""","""null""","""null""","""null""","""null""","""olives""","""whipped cream""","""null""","""null""","""null""","""null""","""right""","""right""","""null""","""null""","""null""","""null""","""peppers""","""whipped cream""","""null""","""null""","""null""","""null""","""middle""","""left""","""null""","""null""","""null""","""null""","""kb1b""","1","0","Virtual keyboard"
"Describing Objects","Short and fun! A 1-2 minute word game about describing simple objects. Only one HIT per worker.","experiment, psychology, game, language, cognition, linguistics, description","$0.25","Mon Aug 11 20:53:08 PDT 2014","151","0","0","151","Reviewable","NotReviewed","1 scales","600","60000","Mon Aug 18 20:53:08 PDT 2014","S75372","Approved","","""boat""","""sail""","0","""right""","""middle""","-1","3","0","13","0","0","-1","-1","""TRUE""","""null""","""null""","-1","-1","-1","-1","-1","-1","""a sail and an engine.""","2","""middle""","""How people perceive descriptions.""","""""","0","""keyboard""","""foil""","""null""","""null""","""null""","""null""","""null""","FALSE","""null""","""null""","""null""","""null""","""boat""","""snowman""","""null""","""null""","""null""","""null""","""sail""","""hat""","""null""","""null""","""null""","""null""","""right""","""left""","""null""","""null""","""null""","""null""","""cabin""","""hat""","""null""","""null""","""null""","""null""","""middle""","""right""","""null""","""null""","""null""","""null""","""kb1b""","1","0","Virtual keyboard"
"Describing Objects","Short and fun! A 1-2 minute word game about describing simple objects. Only one HIT per worker.","experiment, psychology, game, language, cognition, linguistics, description","$0.25","Mon Aug 11 20:53:08 PDT 2014","151","0","0","151","Reviewable","NotReviewed","1 scales","600","60000","Mon Aug 18 20:53:08 PDT 2014","S25874","Approved","","""boat""","""motor""","0","""left""","""right""","-1","3","0","13","0","0","-1","-1","""TRUE""","""null""","""null""","-1","-1","-1","-1","-1","-1","""Has a sail, two portholes and an outboard motor.""","2","""right""","""Describing things?""","""""","0","""keyboard""","""target""","""null""","""null""","""null""","""null""","""null""","TRUE","""null""","""null""","""null""","""null""","""boat""","""sundae""","""null""","""null""","""null""","""null""","""motor""","""whipped cream""","""null""","""null""","""null""","""null""","""left""","""left""","""null""","""null""","""null""","""null""","""cabin""","""whipped cream""","""null""","""null""","""null""","""null""","""right""","""right""","""null""","""null""","""null""","""null""","""kb1b""","1","1","Virtual keyboard"
"Describing Objects","Short and fun! A 1-2 minute word game about describing simple objects. Only one HIT per worker.","experiment, psychology, game, language, cognition, linguistics, description","$0.25","Mon Aug 11 20:53:08 PDT 2014","151","0","0","151","Reviewable","NotReviewed","1 scales","600","60000","Mon Aug 18 20:53:08 PDT 2014","S27909","Approved","","""Christmas tree""","""lights""","0","""middle""","""right""","-1","3","0","13","0","0","-1","-1","""TRUE""","""null""","""null""","-1","-1","-1","-1","-1","-1","""with the star on top.""","2","""right""","""how we communicate about objects.""","""""","0","""keyboard""","""target""","""null""","""null""","""null""","""null""","""null""","TRUE","""null""","""null""","""null""","""null""","""Christmas tree""","""snowman""","""null""","""null""","""null""","""null""","""lights""","""scarf""","""null""","""null""","""null""","""null""","""middle""","""left""","""null""","""null""","""null""","""null""","""ornaments""","""scarf""","""null""","""null""","""null""","""null""","""right""","""right""","""null""","""null""","""null""","""null""","""kb1b""","0","1","Virtual keyboard"
"Describing Objects","Short and fun! A 1-2 minute word game about describing simple objects. Only one HIT per worker.","experiment, psychology, game, language, cognition, linguistics, description","$0.25","Mon Aug 11 20:53:08 PDT 2014","151","0","0","151","Reviewable","NotReviewed","1 scales","600","60000","Mon Aug 18 20:53:08 PDT 2014","S41930","Approved","","""snowman""","""hat""","0","""right""","""middle""","-1","3","0","13","0","0","-1","-1","""TRUE""","""null""","""null""","-1","-1","-1","-1","-1","-1","""gloves""","2","""middle""","""How specific words are used to indicate the right image by inclusion/exclusion""","""""","0","""keyboard""","""logical""","""null""","""null""","""null""","""null""","""null""","FALSE","""null""","""null""","""null""","""null""","""snowman""","""Christmas tree""","""null""","""null""","""null""","""null""","""hat""","""ornaments""","""null""","""null""","""null""","""null""","""right""","""middle""","""null""","""null""","""null""","""null""","""scarf""","""ornaments""","""null""","""null""","""null""","""null""","""middle""","""right""","""null""","""null""","""null""","""null""","""kb1b""","0","0","Virtual keyboard"
"Describing Objects","Short and fun! A 1-2 minute word game about describing simple objects. Only one HIT per worker.","experiment, psychology, game, language, cognition, linguistics, description","$0.25","Mon Aug 11 20:53:08 PDT 2014","151","0","0","151","Reviewable","NotReviewed","1 scales","600","60000","Mon Aug 18 20:53:08 PDT 2014","S93068","Approved","","""pizza""","""peppers""","0","""middle""","""right""","-1","3","0","13","0","0","-1","-1","""TRUE""","""null""","""null""","-1","-1","-1","-1","-1","-1","""mushrooms""","2","""right""","""describing pictures""","""none""","0","""keyboard""","""logical""","""null""","""null""","""null""","""null""","""null""","FALSE","""null""","""null""","""null""","""null""","""pizza""","""snowman""","""null""","""null""","""null""","""null""","""peppers""","""mittens""","""null""","""null""","""null""","""null""","""middle""","""right""","""null""","""null""","""null""","""null""","""olives""","""mittens""","""null""","""null""","""null""","""null""","""right""","""left""","""null""","""null""","""null""","""null""","""kb1b""","0","0","Virtual keyboard"
"Describing Objects","Short and fun! A 1-2 minute word game about describing simple objects. Only one HIT per worker.","experiment, psychology, game, language, cognition, linguistics, description","$0.25","Mon Aug 11 20:53:08 PDT 2014","151","0","0","151","Reviewable","NotReviewed","1 scales","600","60000","Mon Aug 18 20:53:08 PDT 2014","S60616","Approved","","""pizza""","""mushrooms""","0","""middle""","""right""","-1","3","0","13","0","0","-1","-1","""TRUE""","""null""","""null""","-1","-1","-1","-1","-1","-1","""Pick the pizza with green on it.""","2","""right""","""Communicating effectively based on description.""","""""","0","""keyboard""","""foil""","""null""","""null""","""null""","""null""","""null""","FALSE","""null""","""null""","""null""","""null""","""pizza""","""snowman""","""null""","""null""","""null""","""null""","""mushrooms""","""hat""","""null""","""null""","""null""","""null""","""middle""","""middle""","""null""","""null""","""null""","""null""","""olives""","""hat""","""null""","""null""","""null""","""null""","""right""","""left""","""null""","""null""","""null""","""null""","""kb1b""","0","0","Virtual keyboard"
"Describing Objects","Short and fun! A 1-2 minute word game about describing simple objects. Only one HIT per worker.","experiment, psychology, game, language, cognition, linguistics, description","$0.25","Mon Aug 11 20:53:08 PDT 2014","151","0","0","151","Reviewable","NotReviewed","1 scales","600","60000","Mon Aug 18 20:53:08 PDT 2014","S36811","Approved","","""pizza""","""mushrooms""","0","""middle""","""right""","-1","3","0","13","0","0","-1","-1","""TRUE""","""null""","""null""","-1","-1","-1","-1","-1","-1","""white with green peppers and mushrooms""","2","""right""","""Describing objects to another person, and them describing it to us.""","""Ya, virtual keyboards are so slow.  Why????""","0","""keyboard""","""logical""","""null""","""null""","""null""","""null""","""null""","FALSE","""null""","""null""","""null""","""null""","""pizza""","""Christmas tree""","""null""","""null""","""null""","""null""","""mushrooms""","""star""","""null""","""null""","""null""","""null""","""middle""","""left""","""null""","""null""","""null""","""null""","""olives""","""star""","""null""","""null""","""null""","""null""","""right""","""middle""","""null""","""null""","""null""","""null""","""kb1b""","1","0","Virtual keyboard"
"Describing Objects","Short and fun! A 1-2 minute word game about describing simple objects. Only one HIT per worker.","experiment, psychology, game, language, cognition, linguistics, description","$0.25","Mon Aug 11 20:53:08 PDT 2014","151","0","0","151","Reviewable","NotReviewed","1 scales","600","60000","Mon Aug 18 20:53:08 PDT 2014","S75324","Approved","","""pizza""","""olives""","0","""right""","""left""","-1","3","0","13","0","0","-1","-1","""TRUE""","""null""","""null""","-1","-1","-1","-1","-1","-1","""black olives but no green peppers.""","2","""left""","""Communicating a choice through descriptive term.""","""""","0","""keyboard""","""logical""","""null""","""null""","""null""","""null""","""null""","FALSE","""null""","""null""","""null""","""null""","""pizza""","""friend""","""null""","""null""","""null""","""null""","""olives""","""hat""","""null""","""null""","""null""","""null""","""right""","""right""","""null""","""null""","""null""","""null""","""peppers""","""hat""","""null""","""null""","""null""","""null""","""left""","""left""","""null""","""null""","""null""","""null""","""kb1b""","1","0","Virtual keyboard"
"Describing Objects","Short and fun! A 1-2 minute word game about describing simple objects. Only one HIT per worker.","experiment, psychology, game, language, cognition, linguistics, description","$0.25","Mon Aug 11 20:53:08 PDT 2014","151","0","0","151","Reviewable","NotReviewed","1 scales","600","60000","Mon Aug 18 20:53:08 PDT 2014","S14820","Approved","","""sundae""","""whipped cream""","0","""left""","""middle""","-1","3","0","13","0","0","-1","-1","""TRUE""","""null""","""null""","-1","-1","-1","-1","-1","-1","""a cherry.""","2","""middle""","""Using words to explain an object.""","""""","0","""keyboard""","""logical""","""null""","""null""","""null""","""null""","""null""","FALSE","""null""","""null""","""null""","""null""","""sundae""","""Christmas tree""","""null""","""null""","""null""","""null""","""whipped cream""","""lights""","""null""","""null""","""null""","""null""","""left""","""middle""","""null""","""null""","""null""","""null""","""chocolate""","""lights""","""null""","""null""","""null""","""null""","""middle""","""right""","""null""","""null""","""null""","""null""","""kb1b""","0","0","Virtual keyboard"
"Describing Objects","Short and fun! A 1-2 minute word game about describing simple objects. Only one HIT per worker.","experiment, psychology, game, language, cognition, linguistics, description","$0.25","Mon Aug 11 20:53:08 PDT 2014","151","0","0","151","Reviewable","NotReviewed","1 scales","600","60000","Mon Aug 18 20:53:08 PDT 2014","S10594","Approved","","""friend""","""glasses""","0","""right""","""middle""","-1","3","0","13","0","0","-1","-1","""TRUE""","""null""","""null""","-1","-1","-1","-1","-1","-1","""a hat""","2","""middle""","""how we describe images with words""","""""","0","""keyboard""","""logical""","""null""","""null""","""null""","""null""","""null""","FALSE","""null""","""null""","""null""","""null""","""friend""","""friend""","""null""","""null""","""null""","""null""","""glasses""","""mustache""","""null""","""null""","""null""","""null""","""right""","""left""","""null""","""null""","""null""","""null""","""mustache""","""mustache""","""null""","""null""","""null""","""null""","""middle""","""middle""","""null""","""null""","""null""","""null""","""kb1b""","0","0","Virtual keyboard"
"Describing Objects","Short and fun! A 1-2 minute word game about describing simple objects. Only one HIT per worker.","experiment, psychology, game, language, cognition, linguistics, description","$0.25","Mon Aug 11 20:53:08 PDT 2014","151","0","0","151","Reviewable","NotReviewed","1 scales","600","60000","Mon Aug 18 20:53:08 PDT 2014","S07985","Approved","","""boat""","""sail""","0","""middle""","""left""","-1","3","0","13","0","0","-1","-1","""TRUE""","""null""","""null""","-1","-1","-1","-1","-1","-1","""its the lightest and the most advanced of the 3 boats.""","2","""left""","""communicating pictures to other turkers by describing the image.""","""no additional comments.""","0","""keyboard""","""logical""","""null""","""null""","""null""","""null""","""null""","FALSE","""null""","""null""","""null""","""null""","""boat""","""friend""","""null""","""null""","""null""","""null""","""sail""","""mustache""","""null""","""null""","""null""","""null""","""middle""","""right""","""null""","""null""","""null""","""null""","""motor""","""mustache""","""null""","""null""","""null""","""null""","""left""","""middle""","""null""","""null""","""null""","""null""","""kb1b""","1","0","Virtual keyboard"
"Describing Objects","Short and fun! A 1-2 minute word game about describing simple objects. Only one HIT per worker.","experiment, psychology, game, language, cognition, linguistics, description","$0.25","Mon Aug 11 20:53:08 PDT 2014","151","0","0","151","Reviewable","NotReviewed","1 scales","600","60000","Mon Aug 18 20:53:08 PDT 2014","S73942","Approved","","""pizza""","""mushrooms""","0","""middle""","""left""","-1","3","0","13","0","0","-1","-1","""TRUE""","""null""","""null""","-1","-1","-1","-1","-1","-1","""black olives and mushrooms""","2","""left""","""describing pictures""","""Description from the other turker was not good at all, it equally described two different pictures so I could only guess.""","0","""keyboard""","""logical""","""null""","""null""","""null""","""null""","""null""","FALSE","""null""","""null""","""null""","""null""","""pizza""","""Christmas tree""","""null""","""null""","""null""","""null""","""mushrooms""","""star""","""null""","""null""","""null""","""null""","""middle""","""right""","""null""","""null""","""null""","""null""","""peppers""","""star""","""null""","""null""","""null""","""null""","""left""","""left""","""null""","""null""","""null""","""null""","""kb1b""","1","0","Virtual keyboard"
"Describing Objects","Short and fun! A 1-2 minute word game about describing simple objects. Only one HIT per worker.","experiment, psychology, game, language, cognition, linguistics, description","$0.25","Mon Aug 11 20:53:08 PDT 2014","151","0","0","151","Reviewable","NotReviewed","1 scales","600","60000","Mon Aug 18 20:53:08 PDT 2014","S03251","Approved","","""boat""","""sail""","0","""right""","""middle""","-1","3","0","13","0","0","-1","-1","""TRUE""","""null""","""null""","-1","-1","-1","-1","-1","-1","""an above cabin""","2","""middle""","""Bob renting a bot""","""""","0","""keyboard""","""logical""","""null""","""null""","""null""","""null""","""null""","FALSE","""null""","""null""","""null""","""null""","""boat""","""boat""","""null""","""null""","""null""","""null""","""sail""","""cabin""","""null""","""null""","""null""","""null""","""right""","""left""","""null""","""null""","""null""","""null""","""motor""","""cabin""","""null""","""null""","""null""","""null""","""middle""","""right""","""null""","""null""","""null""","""null""","""kb1b""","0","0","Virtual keyboard"
"Describing Objects","Short and fun! A 1-2 minute word game about describing simple objects. Only one HIT per worker.","experiment, psychology, game, language, cognition, linguistics, description","$0.25","Mon Aug 11 20:53:08 PDT 2014","151","0","0","151","Reviewable","NotReviewed","1 scales","600","60000","Mon Aug 18 20:53:08 PDT 2014","S67181","Approved","","""boat""","""cabin""","0","""middle""","""right""","-1","3","0","13","0","0","-1","-1","""TRUE""","""null""","""null""","-1","-1","-1","-1","-1","-1","""the sail on it.""","2","""right""","""Boats and snowmen""","""""","0","""keyboard""","""logical""","""null""","""null""","""null""","""null""","""null""","FALSE","""null""","""null""","""null""","""null""","""boat""","""snowman""","""null""","""null""","""null""","""null""","""cabin""","""scarf""","""null""","""null""","""null""","""null""","""middle""","""right""","""null""","""null""","""null""","""null""","""motor""","""scarf""","""null""","""null""","""null""","""null""","""right""","""middle""","""null""","""null""","""null""","""null""","""kb1b""","0","0","Virtual keyboard"
"Describing Objects","Short and fun! A 1-2 minute word game about describing simple objects. Only one HIT per worker.","experiment, psychology, game, language, cognition, linguistics, description","$0.25","Mon Aug 11 20:53:08 PDT 2014","151","0","0","151","Reviewable","NotReviewed","1 scales","600","60000","Mon Aug 18 20:53:08 PDT 2014","S80892","Approved","","""Christmas tree""","""star""","0","""right""","""middle""","-1","3","0","13","0","0","-1","-1","""TRUE""","""null""","""null""","-1","-1","-1","-1","-1","-1","""the string lights.""","2","""middle""","""It was about describing things.""","""No.""","0","""keyboard""","""logical""","""null""","""null""","""null""","""null""","""null""","FALSE","""null""","""null""","""null""","""null""","""Christmas tree""","""sundae""","""null""","""null""","""null""","""null""","""star""","""cherry""","""null""","""null""","""null""","""null""","""right""","""middle""","""null""","""null""","""null""","""null""","""ornaments""","""cherry""","""null""","""null""","""null""","""null""","""middle""","""right""","""null""","""null""","""null""","""null""","""kb1b""","0","0","Virtual keyboard"
"Describing Objects","Short and fun! A 1-2 minute word game about describing simple objects. Only one HIT per worker.","experiment, psychology, game, language, cognition, linguistics, description","$0.25","Mon Aug 11 20:53:08 PDT 2014","151","0","0","151","Reviewable","NotReviewed","1 scales","600","60000","Mon Aug 18 20:53:08 PDT 2014","S11763","Approved","","""friend""","""glasses""","0","""left""","""middle""","-1","3","0","13","0","0","-1","-1","""TRUE""","""null""","""null""","-1","-1","-1","-1","-1","-1","""a moustache""","2","""middle""","""Bob's friends""","""Thank you :)""","0","""keyboard""","""logical""","""null""","""null""","""null""","""null""","""null""","FALSE","""null""","""null""","""null""","""null""","""friend""","""snowman""","""null""","""null""","""null""","""null""","""glasses""","""scarf""","""null""","""null""","""null""","""null""","""left""","""right""","""null""","""null""","""null""","""null""","""hat""","""scarf""","""null""","""null""","""null""","""null""","""middle""","""middle""","""null""","""null""","""null""","""null""","""kb1b""","0","0","Virtual keyboard"
"Describing Objects","Short and fun! A 1-2 minute word game about describing simple objects. Only one HIT per worker.","experiment, psychology, game, language, cognition, linguistics, description","$0.25","Mon Aug 11 20:53:08 PDT 2014","151","0","0","151","Reviewable","NotReviewed","1 scales","600","60000","Mon Aug 18 20:53:08 PDT 2014","S54642","Approved","","""snowman""","""mittens""","0","""middle""","""left""","-1","3","0","13","0","0","-1","-1","""TRUE""","""null""","""null""","-1","-1","-1","-1","-1","-1","""The one with the hat""","2","""left""","""Picking objects""","""""","0","""keyboard""","""target""","""null""","""null""","""null""","""null""","""null""","TRUE","""null""","""null""","""null""","""null""","""snowman""","""sundae""","""null""","""null""","""null""","""null""","""mittens""","""whipped cream""","""null""","""null""","""null""","""null""","""middle""","""right""","""null""","""null""","""null""","""null""","""scarf""","""whipped cream""","""null""","""null""","""null""","""null""","""left""","""middle""","""null""","""null""","""null""","""null""","""kb1b""","0","1","Virtual keyboard"
"Describing Objects","Short and fun! A 1-2 minute word game about describing simple objects. Only one HIT per worker.","experiment, psychology, game, language, cognition, linguistics, description","$0.25","Mon Aug 11 20:53:08 PDT 2014","151","0","0","151","Reviewable","NotReviewed","1 scales","600","60000","Mon Aug 18 20:53:08 PDT 2014","S29895","Approved","","""sundae""","""whipped cream""","0","""right""","""middle""","-1","3","0","13","0","0","-1","-1","""TRUE""","""null""","""null""","-1","-1","-1","-1","-1","-1","""three syrup covered scoops""","2","""middle""","""communication""","""""","0","""keyboard""","""logical""","""null""","""null""","""null""","""null""","""null""","FALSE","""null""","""null""","""null""","""null""","""sundae""","""boat""","""null""","""null""","""null""","""null""","""whipped cream""","""sail""","""null""","""null""","""null""","""null""","""right""","""left""","""null""","""null""","""null""","""null""","""cherry""","""sail""","""null""","""null""","""null""","""null""","""middle""","""middle""","""null""","""null""","""null""","""null""","""kb1b""","0","0","Virtual keyboard"
"Describing Objects","Short and fun! A 1-2 minute word game about describing simple objects. Only one HIT per worker.","experiment, psychology, game, language, cognition, linguistics, description","$0.25","Mon Aug 11 20:53:08 PDT 2014","151","0","0","151","Reviewable","NotReviewed","1 scales","600","60000","Mon Aug 18 20:53:08 PDT 2014","S64690","Approved","","""boat""","""cabin""","0","""right""","""left""","-1","3","0","13","0","0","-1","-1","""TRUE""","""null""","""null""","-1","-1","-1","-1","-1","-1","""a sail and motor.""","2","""left""","""Describing objects""","""n/a""","0","""keyboard""","""logical""","""null""","""null""","""null""","""null""","""null""","FALSE","""null""","""null""","""null""","""null""","""boat""","""friend""","""null""","""null""","""null""","""null""","""cabin""","""hat""","""null""","""null""","""null""","""null""","""right""","""right""","""null""","""null""","""null""","""null""","""sail""","""hat""","""null""","""null""","""null""","""null""","""left""","""middle""","""null""","""null""","""null""","""null""","""kb1b""","1","0","Virtual keyboard"
